run,component,index,segment_start,segment_end,ev_start,ev_end,t_start,t_end,dt,current,low,high,covered,nominal,stable,beam2,N,E_raw,E_tight,S,D,A,N_alt,E_alt,charge_uC,s1x_rate
4306,0,0,0,0,1,500,0.000793,2.005008,2.0042150000000003,8.95444056116671,8.2875,11.212499999999999,1,1,1,1,499,80,80,499.0,80.0,499.0,499,80,17.94662408929874,10860.11231329972
4306,0,1,0,0,500,1031,2.005008,4.007693,2.0026849999999996,8.909989871108198,8.2875,11.212499999999999,1,1,1,1,531,80,80,531.0,80.0,531.0,531,80,17.843903065020317,10582.79260093325
4306,0,2,0,0,1031,1570,4.007693,6.010499,2.0028060000000005,9.122095949357,8.2875,11.212499999999999,1,1,1,1,539,80,80,540.0,80.0,539.0,539,80,18.2697884999479,11226.24957185069
4306,0,3,0,0,1570,2103,6.010499,8.011455,2.0009559999999995,9.265226222594995,8.2875,11.212499999999999,1,1,1,1,533,80,80,533.0,80.0,533.0,533,80,18.539310001458794,11150.170218635494
4306,0,4,0,0,2103,2617,8.011455,10.014153,2.0026980000000005,9.205200274961408,8.2875,11.212499999999999,1,1,1,1,514,80,80,514.0,80.0,514.0,514,80,18.435236180264667,11186.409533539252
4306,0,5,0,0,2617,3216,10.014153,12.022676,2.0085230000000003,9.632062987388766,8.2875,11.212499999999999,1,1,1,1,599,80,80,599.0,80.0,599.0,599,80,19.346220047619056,11625.458110263113
4306,0,6,0,0,3216,3726,12.022676,14.026122,2.0034460000000003,9.504741242374243,8.2875,11.212499999999999,1,1,1,1,510,80,80,510.0,80.0,510.0,510,80,19.042235823069717,11235.64099057324
4306,0,7,0,0,3726,4244,14.026122,16.027074,2.000951999999998,9.6032620622214,8.2875,11.212499999999999,1,1,1,1,518,80,80,518.0,80.0,518.0,518,80,19.215666429926017,11458.545732231469
4306,0,8,0,0,4244,4839,16.027074,18.030433,2.0033589999999997,9.858152891539282,8.2875,11.212499999999999,1,1,1,1,595,80,80,595.0,80.0,595.0,595,80,19.74941931864123,12322.803850932361
4306,0,9,0,0,4839,5406,18.030433,20.030587,2.000154000000002,9.903649381381701,8.2875,11.212499999999999,1,1,1,1,567,80,80,567.0,80.0,567.0,567,80,19.80882392476815,11998.07614813658
4306,0,10,0,0,5406,5972,20.030587,22.030834,2.000246999999998,9.852406976461975,8.2875,11.212499999999999,1,1,1,1,566,80,80,566.0,80.0,566.0,566,80,19.707247497447128,11896.530778448872
4306,0,11,0,0,5972,6572,22.030834,24.037241,2.006407000000003,9.800519346942059,8.2875,11.212499999999999,1,1,1,1,600,80,80,600.0,80.0,600.0,600,80,19.663830621339997,11879.444200503669
4306,0,12,0,0,6572,7161,24.037241,26.039912,2.0026709999999994,9.781555466081324,8.2875,11.212499999999999,1,1,1,1,589,80,80,589.0,80.0,589.0,589,80,19.589237466812534,11678.403492136254
4306,0,13,0,0,7161,7736,26.039912,28.04176,2.001847999999999,9.753122035839077,8.2875,11.212499999999999,1,1,1,1,575,80,80,575.0,80.0,575.0,575,80,19.524267841200384,11788.607326830015
4306,0,14,0,0,7736,8319,28.04176,30.041873,2.000112999999999,9.760165848066288,8.2875,11.212499999999999,1,1,1,1,583,80,80,583.0,80.0,583.0,583,80,19.521434594873426,11946.82500438726
4306,0,15,0,0,8319,8890,30.041873,32.044703,2.0028299999999994,9.824391929724953,8.2875,11.212499999999999,1,1,1,1,571,80,80,571.0,80.0,571.0,571,80,19.67658688861104,11877.193770814301
4306,0,16,0,0,8890,9457,32.044703,34.047767,2.003064000000002,9.826491854699494,8.2875,11.212499999999999,1,1,1,1,567,80,80,567.0,80.0,567.0,567,80,19.68309208044178,12079.494214862818
4306,0,17,0,0,9457,10041,34.047767,36.053494,2.0057270000000003,9.750943025797032,8.2875,11.212499999999999,1,1,1,1,584,80,80,584.0,80.0,584.0,584,80,19.557729702302822,11992.16044855556
4306,0,18,0,0,10041,10598,36.053494,38.054074,2.0005799999999994,9.794599735921329,8.2875,11.212499999999999,1,1,1,1,557,80,80,557.0,80.0,557.0,557,80,19.594880339689496,11938.037968988998
4306,0,19,0,0,10598,11191,38.054074,40.05755,2.003475999999999,9.794137129254647,8.2875,11.212499999999999,1,1,1,1,593,80,80,593.0,80.0,593.0,593,80,19.622318679170576,11972.691462238634
4306,0,20,0,0,11191,11791,40.05755,42.059517,2.0019670000000005,9.729027797555808,8.2875,11.212499999999999,1,1,1,1,600,80,80,600.0,80.0,600.0,600,80,19.477192592789436,11929.267565349475
4306,0,21,0,0,11791,12385,42.059517,44.067137,2.007620000000003,9.88450390279575,8.2875,11.212499999999999,1,1,1,1,594,80,80,594.0,80.0,594.0,594,80,19.844327725330857,11906.635717914727
4306,0,22,0,0,12385,12981,44.067137,46.067509,2.0003719999999987,9.934105372374486,8.2875,11.212499999999999,1,1,1,1,596,80,80,596.0,80.0,596.0,596,80,19.87190623194749,12293.21346229602
4306,0,23,0,0,12981,13000,46.067509,46.148227,0.0807179999999974,10.104477989424213,8.2875,11.212499999999999,1,1,1,1,19,3,3,19.0,4.0,19.0,19,4,0.8156132543502963,12648.975445378142
4306,0,24,0,0,13000,13609,46.148227,48.150496,2.0022689999999983,9.900363988446175,8.2875,11.212499999999999,1,1,1,1,609,80,80,611.0,80.0,609.0,609,80,19.823191902782128,12158.70594810189
4306,0,25,0,0,13609,14158,48.150496,50.152777,2.0022810000000035,9.750169644919971,8.2875,11.212499999999999,1,1,1,1,549,80,80,549.0,80.0,549.0,549,80,19.522579426800064,11555.82058662094
4306,0,26,0,0,14158,14723,50.152777,52.15505,2.0022730000000024,9.821607361187526,8.2875,11.212499999999999,1,1,1,1,565,80,80,565.0,80.0,565.0,565,80,19.665539235907033,12114.73160752803
4306,0,27,0,0,14723,15279,52.15505,54.157327,2.0022769999999994,9.820599356156515,8.2875,11.212499999999999,1,1,1,1,556,80,80,556.0,80.0,556.0,556,80,19.663560217047007,11967.375143399244
4306,0,28,0,0,15279,15870,54.157327,56.159604,2.0022769999999994,9.76970387771405,8.2875,11.212499999999999,1,1,1,1,591,79,79,592.0,80.0,591.0,591,79,19.561653371157604,11580.315810449807
4306,0,29,0,0,15870,16423,56.159604,58.16188,2.002275999999995,9.79770639247404,8.2875,11.212499999999999,1,1,1,1,553,80,80,553.0,80.0,553.0,553,80,19.617712364697354,11651.74031951642
4306,0,30,0,0,16423,17032,58.16188,60.162074,2.0001940000000005,9.757121537016472,8.2875,11.212499999999999,1,1,1,1,609,80,80,609.0,79.0,609.0,609,79,19.516135955611162,11565.878109823345
4306,0,31,0,0,17032,17604,60.162074,62.166434,2.0043600000000055,9.855196823368502,8.2875,11.212499999999999,1,1,1,1,572,80,80,572.0,81.0,572.0,572,81,19.75336230488699,11921.511105789346
4306,0,32,0,0,17604,18159,62.166434,64.16799,2.001556000000001,9.794394209715799,8.2875,11.212499999999999,1,1,1,1,555,80,80,555.0,79.0,555.0,555,79,19.60402849682191,11896.744332908993
4306,0,33,0,0,18159,18782,64.16799,66.170988,2.002997999999991,9.744927277528793,8.2875,11.212499999999999,1,1,1,1,623,80,80,623.0,81.0,623.0,623,81,19.519069847035553,12038.95360854085
4306,0,34,0,0,18782,19373,66.170988,68.173266,2.002278000000004,9.74034834207133,8.2875,11.212499999999999,1,1,1,1,591,80,80,591.0,80.0,591.0,591,80,19.502885197665933,11715.655867966363
4306,0,35,0,0,19373,19940,68.173266,70.173362,2.000095999999999,9.792130610428421,8.2875,11.212499999999999,1,1,1,1,567,80,80,567.0,79.0,567.0,567,79,19.585201265395426,11832.432043261928
4306,0,36,0,0,19940,20528,70.173362,72.175219,2.001857000000001,9.778792383717269,8.2875,11.212499999999999,1,1,1,1,588,80,80,588.0,80.0,588.0,588,80,19.57574398489112,11716.121581111931
4306,0,37,0,0,20528,21100,72.175219,74.175309,2.00009,9.755639224327016,8.2875,11.212499999999999,1,1,1,1,572,80,80,572.0,80.0,572.0,572,80,19.512156456184243,11841.46713397897
4306,0,38,0,0,21100,21658,74.175309,76.182372,2.0070630000000023,9.756935943858984,8.2875,11.212499999999999,1,1,1,1,558,80,80,558.0,81.0,558.0,558,81,19.582785126289423,11731.569960683832
4306,0,39,0,0,21658,22230,76.182372,78.184649,2.0022769999999923,9.886430419786116,8.2875,11.212499999999999,1,1,1,1,572,80,80,572.0,80.0,572.0,572,80,19.795372241638006,11959.38424104162
4306,0,40,0,0,22230,22760,78.184649,80.18627,2.001621,9.79767433448821,8.2875,11.212499999999999,1,1,1,1,530,80,80,530.0,79.0,530.0,530,79,19.61123069907262,11739.485147288122
4306,0,41,0,0,22760,23341,80.18627,82.189204,2.0029340000000104,9.759226802173211,8.2875,11.212499999999999,1,1,1,1,581,80,80,581.0,81.0,581.0,581,81,19.5470871757841,11800.688390131616
4306,0,42,0,0,23341,23912,82.189204,84.190115,2.000911000000002,9.811029426049535,8.2875,11.212499999999999,1,1,1,1,571,80,80,571.0,79.0,571.0,571,79,19.630996699906177,11933.564261478883
4306,0,43,0,0,23912,24498,84.190115,86.193757,2.0036419999999993,9.791937436580485,8.2875,11.212499999999999,1,1,1,1,586,80,80,587.0,81.0,586.0,586,81,19.619537109305043,11942.253157001105
4306,0,44,0,0,24498,25078,86.193757,88.194011,2.000253999999998,9.69135370917616,8.2875,11.212499999999999,1,1,1,1,580,80,80,580.0,79.0,580.0,580,79,19.385169022194418,11951.98209827353
4306,0,45,0,0,25078,25646,88.194011,90.197712,2.0037009999999924,9.79623104803115,8.2875,11.212499999999999,1,1,1,1,568,80,80,568.0,80.0,568.0,568,80,19.628717947171026,11798.666567516855
4306,0,46,0,0,25646,26000,90.197712,91.399686,1.201974000000007,9.675431054430915,8.2875,11.212499999999999,1,1,1,1,354,48,48,354.0,49.0,354.0,354,49,11.629616566218601,11800.588032686162
4306,0,47,0,0,26000,26582,91.399686,93.401956,2.0022699999999958,9.829740115345261,8.2875,11.212499999999999,1,1,1,1,582,80,80,582.0,80.0,582.0,582,80,19.68179374075237,11869.028652479461
4306,0,48,0,0,26582,27149,93.401956,95.404231,2.0022749999999974,9.77803991187076,8.2875,11.212499999999999,1,1,1,1,567,80,80,567.0,80.0,567.0,567,80,19.578324864540946,11607.29670000376
4306,0,49,0,0,27149,27721,95.404231,97.406359,2.002127999999999,9.78576973697777,8.2875,11.212499999999999,1,1,1,1,572,80,80,572.0,79.0,572.0,572,79,19.59236359195586,11874.865143487335
4306,0,50,0,0,27721,28302,97.406359,99.408785,2.002426,9.725332556520891,8.2875,11.212499999999999,1,1,1,1,581,80,80,581.0,81.0,581.0,581,81,19.474258769823905,11875.594903382198
4306,0,51,0,0,28302,28870,99.408785,101.411061,2.002276000000009,9.82945103189665,8.2875,11.212499999999999,1,1,1,1,568,80,80,568.0,80.0,568.0,568,80,19.681273894341984,11983.862364628998
4306,0,52,0,0,28870,29441,101.411061,103.41238,2.001318999999995,9.78022419664895,8.2875,11.212499999999999,1,1,1,1,571,80,80,571.0,79.0,571.0,571,79,19.57334850901327,11930.631748361984
4306,0,53,0,0,29441,30027,103.41238,105.415616,2.003236000000001,9.746965213348254,8.2875,11.212499999999999,1,1,1,1,586,80,80,587.0,81.0,586.0,586,81,19.525471606126985,12124.881941019425
4306,0,54,0,0,30027,30602,105.415616,107.417892,2.002275999999995,9.756230199654574,8.2875,11.212499999999999,1,1,1,1,575,80,80,575.0,80.0,575.0,575,80,19.534665579243438,11953.39703417514
4306,0,55,0,0,30602,31235,107.417892,109.418662,2.000770000000003,9.799156158368646,8.2875,11.212499999999999,1,1,1,1,633,80,80,633.0,79.0,633.0,633,79,19.60585766697932,12032.867346071745
4306,0,56,0,0,31235,31829,109.418662,111.419421,2.000759000000002,9.889411280235333,8.2875,11.212499999999999,1,1,1,1,594,80,80,594.0,80.0,594.0,594,80,19.78632862363247,11847.503872280457
4306,0,57,0,0,31829,32429,111.419421,113.420942,2.0015209999999968,9.77077070009235,8.2875,11.212499999999999,1,1,1,1,600,80,80,600.0,80.0,600.0,600,80,19.55640274241955,11659.63284921819
4306,0,58,0,0,32429,33011,113.420942,115.426999,2.0060569999999984,9.784431557634568,8.2875,11.212499999999999,1,1,1,1,582,80,80,582.0,81.0,582.0,582,81,19.62812741721382,11667.165987805938
4306,0,59,0,0,33011,33611,115.426999,117.429278,2.0022790000000015,9.736804831754894,8.2875,11.212499999999999,1,1,1,1,600,80,80,600.0,80.0,600.0,600,80,19.495799841721464,11895.944571161153
4306,0,60,0,0,33611,34190,117.429278,119.431555,2.0022770000000065,10.106821371937205,8.2875,11.212499999999999,1,1,1,1,579,80,80,579.0,80.0,579.0,579,80,20.23665597613831,12257.54478526194
4306,0,61,0,0,34190,34750,119.431555,121.433684,2.0021289999999965,10.107346139589493,8.2875,11.212499999999999,1,1,1,1,560,80,80,560.0,79.0,560.0,560,79,20.236210819110056,12108.61038424599
4306,0,62,0,0,34750,35360,121.433684,123.434249,2.0005649999999946,10.070773795347302,8.2875,11.212499999999999,1,1,1,1,610,80,80,610.0,80.0,610.0,610,80,20.147237577888973,11909.635527963383
4306,0,63,0,0,35360,35924,123.434249,125.434856,2.0006070000000022,10.12613981821151,8.2875,11.212499999999999,1,1,1,1,564,80,80,564.0,80.0,564.0,564,80,20.25842620329263,12084.832253411076
4306,0,64,0,0,35924,36497,125.434856,127.434919,2.0000629999999973,10.149472719295092,8.2875,11.212499999999999,1,1,1,1,573,80,80,573.0,80.0,573.0,573,80,20.29958485537145,12066.119917222624
4306,0,65,0,0,36497,37064,127.434919,129.441667,2.0067480000000018,10.076162949725385,8.2875,11.212499999999999,1,1,1,1,567,80,80,567.0,80.0,567.0,567,80,20.220319847035626,12113.628617046075
4306,0,66,0,0,37064,37662,129.441667,131.445215,2.003547999999995,10.094550575708436,8.2875,11.212499999999999,1,1,1,1,598,80,80,599.0,81.0,598.0,598,81,20.224916616859446,12102.030997011332
4306,0,67,0,0,37662,38231,131.445215,133.447493,2.002278000000018,10.166766892251221,8.2875,11.212499999999999,1,1,1,1,569,80,80,569.0,80.0,569.0,569,80,20.356693679483215,12212.090429001257
4306,0,68,0,0,38231,38815,133.447493,135.447858,2.000364999999988,10.156564226080587,8.2875,11.212499999999999,1,1,1,1,584,80,80,584.0,79.0,584.0,584,79,20.31683559810358,12172.778467929676
4306,0,69,0,0,38815,39000,135.447858,136.086405,0.6385470000000169,10.171492998625814,8.2875,11.212499999999999,1,1,1,1,185,26,26,185.0,26.0,185.0,185,26,6.494976339793766,11887.926808832864
4306,0,70,0,0,39000,39553,136.086405,138.086645,2.000239999999991,10.079046915328838,8.2875,11.212499999999999,1,1,1,1,553,80,80,553.0,80.0,553.0,553,80,20.16051280191732,12225.03299604053
4306,0,71,0,0,39553,40166,138.086645,140.092983,2.0063379999999995,9.966886105068603,8.2875,11.212499999999999,1,1,1,1,613,80,80,613.0,80.0,613.0,613,80,19.996942334271125,12117.100907225007
4306,0,72,0,0,40166,40795,140.092983,142.093319,2.0003360000000043,10.160875962522551,8.2875,11.212499999999999,1,1,1,1,629,80,80,629.0,80.0,629.0,629,80,20.32516597936865,12377.920509354402
4306,0,73,0,0,40795,41399,142.093319,144.094378,2.001058999999998,9.95184977766215,8.2875,11.212499999999999,1,1,1,1,604,80,80,604.0,80.0,604.0,604,80,19.914238564238758,12367.951169855574
4306,0,74,0,0,41399,41969,144.094378,146.095197,2.000819000000007,10.026294677312412,8.2875,11.212499999999999,1,1,1,1,570,80,80,570.0,80.0,570.0,570,80,20.06080088996555,12090.548920217128
4306,0,75,0,0,41969,42565,146.095197,148.099889,2.0046919999999773,10.045549977722573,8.2875,11.212499999999999,1,1,1,1,596,80,80,596.0,80.0,596.0,596,80,20.138233675940455,12301.141521989552
4306,0,76,0,0,42565,43171,148.099889,150.101925,2.002036000000004,10.058830872076967,8.2875,11.212499999999999,1,1,1,1,606,80,80,606.0,80.0,606.0,606,80,20.13814152380951,12221.058961976683
4306,0,77,0,0,43171,43770,150.101925,152.112822,2.010897,10.125618293174778,8.2875,11.212499999999999,1,1,1,1,599,80,80,599.0,80.0,599.0,599,80,20.361575448890335,12235.33577304059
4306,0,78,0,0,43770,44372,152.112822,154.116232,2.0034100000000024,10.059085114313762,8.2875,11.212499999999999,1,1,1,1,602,80,80,602.0,80.0,602.0,602,80,20.152471708867324,11976.080782266223
4306,0,79,0,0,44372,44958,154.116232,156.118078,2.0018460000000005,10.188907339786185,8.2875,11.212499999999999,1,1,1,1,586,80,80,586.0,80.0,586.0,586,80,20.396623402521527,12345.105467653353
4306,0,80,0,0,44958,45528,156.118078,158.121661,2.003582999999992,10.04970404819551,8.2875,11.212499999999999,1,1,1,1,570,80,80,570.0,80.0,570.0,570,80,20.13541618599561,11897.18619093898
4306,0,81,0,0,45528,46094,158.121661,160.122383,2.0007220000000245,10.04421855924233,8.2875,11.212499999999999,1,1,1,1,566,80,80,566.0,80.0,566.0,566,80,20.095689044284654,11952.685080685726
4306,0,82,0,0,46094,46678,160.122383,162.124664,2.002280999999982,10.166856027105261,8.2875,11.212499999999999,1,1,1,1,584,79,79,585.0,80.0,584.0,584,79,20.35690265280823,12368.393846817815
4306,0,83,0,0,46678,47274,162.124664,164.125342,2.0006779999999935,10.020060886240913,8.2875,11.212499999999999,1,1,1,1,596,80,80,596.0,80.0,596.0,596,80,20.04691537376266,12258.84425179868
4306,0,84,0,0,47274,47891,164.125342,166.125594,2.0002520000000175,10.035021063432199,8.2875,11.212499999999999,1,1,1,1,617,80,80,617.0,80.0,617.0,617,80,20.072570952172555,12301.94995430565
4306,0,85,0,0,47891,48484,166.125594,168.125986,2.000392000000005,10.0265187498086,8.2875,11.212499999999999,1,1,1,1,593,80,80,593.0,80.0,593.0,593,80,20.0569678949671,11983.15130234471
4306,0,86,0,0,48484,49122,168.125986,170.126334,2.0003480000000025,10.028349886959191,8.2875,11.212499999999999,1,1,1,1,638,80,80,638.0,80.0,638.0,638,80,20.060189639679038,11957.419409022816
4306,0,87,0,0,49122,49666,170.126334,172.129161,2.0028269999999964,10.057795333648205,8.2875,11.212499999999999,1,1,1,1,544,80,80,544.0,80.0,544.0,544,80,20.144024054704687,12101.893972869371
4306,0,88,0,0,49666,50297,172.129161,174.133036,2.0038749999999936,10.057523349749863,8.2875,11.212499999999999,1,1,1,1,631,80,80,631.0,80.0,631.0,631,80,20.154019602480048,12252.760276963423
4306,0,89,0,0,50297,50865,174.133036,176.141801,2.0087649999999826,9.999945107970884,8.2875,11.212499999999999,1,1,1,1,568,80,80,568.0,80.0,568.0,568,80,20.087539734812935,12181.614076310674
4306,0,90,0,0,50865,51443,176.141801,178.143649,2.001848000000024,10.029463549463653,8.2875,11.212499999999999,1,1,1,1,578,80,80,578.0,80.0,578.0,578,80,20.077461547567054,12274.658215808447
4306,0,91,0,0,51443,52000,178.143649,180.087065,1.943415999999985,10.00972113346531,8.2875,11.212499999999999,1,1,1,1,557,78,78,557.0,78.0,557.0,557,78,19.453052206314396,11989.71295903717
4306,0,92,0,0,52000,52593,180.087065,182.087055,1.9999899999999968,9.992286160763944,8.2875,11.212499999999999,1,1,1,1,593,80,80,594.0,80.0,593.0,593,80,19.984472398666185,12090.060450302271
4306,0,93,0,0,52593,53147,182.087055,184.093957,2.0069019999999966,10.123482782351902,8.2875,11.212499999999999,1,1,1,1,554,80,80,554.0,80.0,554.0,554,80,20.31683784286747,12192.922225400165
4306,0,94,0,0,53147,53721,184.093957,186.096109,2.0021520000000237,10.185089480168111,8.2875,11.212499999999999,1,1,1,1,574,80,80,576.0,80.0,574.0,574,80,20.392097272897672,12264.803071894496
4306,0,95,0,0,53721,54332,186.096109,188.098181,2.0020719999999983,10.054021379271527,8.2875,11.212499999999999,1,1,1,1,611,80,80,611.0,80.0,611.0,611,80,20.128874690840803,12190.370775876203
4306,0,96,0,0,54332,54901,188.098181,190.100601,2.0024200000000008,10.105436815534684,8.2875,11.212499999999999,1,1,1,1,569,80,80,569.0,80.0,569.0,569,80,20.23532878816286,12181.26067458375
4306,0,97,0,0,54901,55491,190.100601,192.105525,2.0049239999999884,10.065042478526188,8.2875,11.212499999999999,1,1,1,1,590,80,80,590.0,80.0,590.0,590,80,20.179645226216508,12062.801382995136
4306,0,98,0,0,55491,56071,192.105525,194.116482,2.0109569999999906,10.065578346668751,8.2875,11.212499999999999,1,1,1,1,580,80,80,580.0,81.0,580.0,580,81,20.241445235281844,12347.355015547382
4306,0,99,0,0,56071,56599,194.116482,196.117416,2.000934000000001,10.166332744927589,8.2875,11.212499999999999,1,1,1,1,528,80,80,528.0,79.0,528.0,528,79,20.34216084463901,12089.854038164172
4306,0,100,0,0,56599,57177,196.117416,198.118382,2.0009660000000054,10.09930961676236,8.2875,11.212499999999999,1,1,1,1,578,80,80,578.0,80.0,578.0,578,80,20.208375166614587,12081.164797402822
4306,0,101,0,0,57177,57768,198.118382,200.122468,2.004086000000001,10.087524674325943,8.2875,11.212499999999999,1,1,1,1,591,80,80,591.0,80.0,591.0,591,80,20.216266974471182,12043.894323896275
4306,0,102,0,0,57768,58360,200.122468,202.1232,2.0007319999999993,10.135883168083815,8.2875,11.212499999999999,1,1,1,1,592,80,80,592.0,80.0,592.0,592,80,20.27918580264668,12052.08893544963
4306,0,103,0,0,58360,58954,202.1232,204.125203,2.002003000000002,10.113174954074774,8.2875,11.212499999999999,1,1,1,1,594,80,80,594.0,80.0,594.0,594,80,20.246606597582513,12429.052304117415
4306,0,104,0,0,58954,59577,204.125203,206.125397,2.0001939999999934,10.159395739301035,8.2875,11.212499999999999,1,1,1,1,623,80,80,623.0,80.0,623.0,623,80,20.320762401375532,12508.786647695215
4306,0,105,0,0,59577,60217,206.125397,208.132421,2.0070240000000013,10.052219639740366,8.2875,11.212499999999999,1,1,1,1,640,80,80,640.0,81.0,640.0,640,81,20.175046070230337,12259.444829757882
4306,0,106,0,0,60217,60835,208.132421,210.134698,2.0022769999999923,10.09828675183036,8.2875,11.212499999999999,1,1,1,1,618,80,80,618.0,80.0,618.0,618,80,20.21956730259444,12561.698506250681
4306,0,107,0,0,60835,61433,210.134698,212.136647,2.0019490000000246,10.134574425680945,8.2875,11.212499999999999,1,1,1,1,598,80,80,598.0,79.0,598.0,598,79,20.288901136917957,12314.499520217396
4306,0,108,0,0,61433,62031,212.136647,214.137791,2.0011439999999823,10.142948041785207,8.2875,11.212499999999999,1,1,1,1,598,80,80,599.0,80.0,598.0,598,80,20.297499616130153,12338.94212510455
4306,0,109,0,0,62031,62619,214.137791,216.141528,2.003737000000001,10.054458651064767,8.2875,11.212499999999999,1,1,1,1,588,80,80,588.0,81.0,588.0,588,81,20.146490814108347,12274.564975343565
4306,0,110,0,0,62619,63204,216.141528,218.142171,2.0006429999999966,9.950962611774369,8.2875,11.212499999999999,1,1,1,1,585,80,80,585.0,79.0,585.0,585,79,19.90832369250802,11947.658827686919
4306,0,111,0,0,63204,63801,218.142171,220.143406,2.0012350000000083,10.157022358012423,8.2875,11.212499999999999,1,1,1,1,597,80,80,597.0,80.0,597.0,597,80,20.326588638637077,12285.413757004999
4306,0,112,0,0,63801,64369,220.143406,222.148359,2.0049530000000004,10.076385238386226,8.2875,11.212499999999999,1,1,1,1,568,80,80,568.0,81.0,568.0,568,81,20.202678812858267,12108.014502085582
4306,0,113,0,0,64369,64961,222.148359,224.148486,2.000126999999992,10.114041177839244,8.2875,11.212499999999999,1,1,1,1,592,80,80,592.0,79.0,592.0,592,79,20.229366838907936,12540.703665317302
4306,0,114,0,0,64961,65000,224.148486,224.263697,0.11521100000001638,10.072420014279272,8.2875,11.212499999999999,1,1,1,1,39,5,5,39.0,5.0,39.0,39,5,1.1604535822652906,12767.878067196629
4306,0,115,0,0,65000,65606,224.263697,226.264937,2.0012399999999957,10.071242562965157,8.2875,11.212499999999999,1,1,1,1,606,80,80,606.0,80.0,606.0,606,80,20.15497346670827,12352.841238432198
4306,0,116,0,0,65606,66192,226.264937,228.272538,2.007600999999994,10.14011095257817,8.2875,11.212499999999999,1,1,1,1,586,80,80,586.0,80.0,586.0,586,80,20.35729688850688,12292.78128472743
4306,0,117,0,0,66192,66782,228.272538,230.282608,2.010070000000013,9.97911426823497,8.2875,11.212499999999999,1,1,1,1,590,80,80,590.0,81.0,590.0,590,81,20.05871821715118,11966.249931594344
4306,0,118,0,0,66782,67338,230.282608,232.284886,2.00227799999999,9.888507191517622,8.2875,11.212499999999999,1,1,1,1,556,80,80,556.0,80.0,556.0,556,80,19.79954040241728,11797.063145077816
4306,0,119,0,0,67338,67906,232.284886,234.286418,2.0015319999999974,9.87192218325628,8.2875,11.212499999999999,1,1,1,1,568,80,80,568.0,79.0,568.0,568,79,19.758968151297267,11929.36210862481
4306,0,120,0,0,67906,68427,234.286418,236.289441,2.003023000000013,9.815556580695237,8.2875,11.212499999999999,1,1,1,1,521,80,80,521.0,81.0,521.0,521,81,19.660785588934232,11995.868245147381
4306,0,121,0,0,68427,69041,236.289441,238.291716,2.0022749999999974,9.979696533507205,8.2875,11.212499999999999,1,1,1,1,614,80,80,614.0,80.0,614.0,614,80,19.98209687662802,12047.296200571865
4306,0,122,0,0,69041,69655,238.291716,240.293426,2.0017100000000028,9.924990463777611,8.2875,11.212499999999999,1,1,1,1,614,80,80,614.0,79.0,614.0,614,79,19.866952661248433,11918.809417947637
4306,0,123,0,0,69655,70196,240.293426,242.29627,2.002843999999982,9.79134034412348,8.2875,11.212499999999999,1,1,1,1,541,80,80,542.0,81.0,541.0,541,81,19.610527260185336,12142.733033626293
4306,0,124,0,0,70196,70804,242.29627,244.298547,2.0022770000000207,9.790311862850162,8.2875,11.212499999999999,1,1,1,1,608,80,80,608.0,80.0,608.0,608,80,19.602916265812382,11709.668542364398
4306,0,125,0,0,70804,71385,244.298547,246.300826,2.0022789999999873,9.820173415623135,8.2875,11.212499999999999,1,1,1,1,581,80,80,581.0,80.0,581.0,581,80,19.6627270064605,11731.631805557641
4306,0,126,0,0,71385,71970,246.300826,248.303103,2.0022769999999923,9.854998038416742,8.2875,11.212499999999999,1,1,1,1,585,80,80,585.0,80.0,585.0,585,80,19.732435907366835,11925.922337418895
4306,0,127,0,0,71970,72499,248.303103,250.305381,2.002278000000018,9.836831133386085,8.2875,11.212499999999999,1,1,1,1,529,80,80,529.0,80.0,529.0,529,80,19.696070568094,11933.407848460494
4306,0,128,0,0,72499,73072,250.305381,252.307658,2.0022769999999923,9.8406348972612,8.2875,11.212499999999999,1,1,1,1,573,80,80,573.0,80.0,573.0,573,80,19.70367692018317,11903.947355935314
4306,0,129,0,0,73072,73663,252.307658,254.308701,2.00104300000001,9.853927451555233,8.2875,11.212499999999999,1,1,1,1,591,80,80,591.0,79.0,591.0,591,79,19.718132549442544,12063.708775873323
4306,0,130,0,0,73663,74234,254.308701,256.308986,2.000284999999991,9.829719621054908,8.2875,11.212499999999999,1,1,1,1,571,80,80,571.0,80.0,571.0,571,80,19.662240712201765,11811.81681610376
4306,0,131,0,0,74234,74858,256.308986,258.310388,2.0014019999999846,9.851777777800967,8.2875,11.212499999999999,1,1,1,1,624,80,80,624.0,80.0,624.0,624,80,19.7173677480464,11879.172699937435
4306,0,132,0,0,74858,75453,258.310388,260.316768,2.0063800000000356,9.741132353385943,8.2875,11.212499999999999,1,1,1,1,595,80,80,595.0,81.0,595.0,595,81,19.544413131186957,11560.621617041432
4306,0,133,0,0,75453,76033,260.316768,262.319045,2.0022769999999923,9.824814625843501,8.2875,11.212499999999999,1,1,1,1,580,80,80,580.0,80.0,580.0,580,80,19.672000354590182,12052.278480949486
4306,0,134,0,0,76033,76625,262.319045,264.31999,2.0009450000000015,9.85174485544274,8.2875,11.212499999999999,1,1,1,1,592,80,80,592.0,79.0,592.0,592,79,19.71279960977381,11845.90281092183
4306,0,135,0,0,76625,77176,264.31999,266.320312,2.000321999999983,9.780575590849805,8.2875,11.212499999999999,1,1,1,1,551,80,80,551.0,80.0,551.0,551,80,19.564300527039904,11865.089720555092
4306,0,136,0,0,77176,77756,266.320312,268.320473,2.0001609999999914,9.874181479281862,8.2875,11.212499999999999,1,1,1,1,580,80,80,580.0,80.0,580.0,580,80,19.749952701781694,11709.057420877669
4306,0,137,0,0,77756,78000,268.320473,269.062048,0.7415750000000116,9.903722578663196,8.2875,11.212499999999999,1,1,1,1,244,30,30,244.0,30.0,244.0,244,30,7.344353071272053,11963.725853757018
4306,0,138,0,0,78000,78572,269.062048,271.064393,2.002344999999991,9.745649003088674,8.2875,11.212499999999999,1,1,1,1,572,80,80,572.0,80.0,572.0,572,80,19.514151553089505,11803.660208405696
4306,0,139,0,0,78572,79188,271.064393,273.069648,2.005254999999977,9.799128477380208,8.2875,11.212499999999999,1,1,1,1,616,80,80,616.0,80.0,616.0,616,80,19.649751374908647,12075.770911929047
4306,0,140,0,0,79188,79722,273.069648,275.072889,2.0032410000000027,9.764886650292285,8.2875,11.212499999999999,1,1,1,1,534,80,80,534.0,80.0,534.0,534,80,19.561421298218193,11790.39366706251
4306,0,141,0,0,79722,80326,275.072889,277.07391,2.001021000000037,9.874029726653164,8.2875,11.212499999999999,1,1,1,1,604,80,80,604.0,80.0,604.0,604,80,19.75814083765772,12097.32431593649
4306,0,142,0,0,80326,80940,277.07391,279.077297,2.003386999999975,9.823170061844245,8.2875,11.212499999999999,1,1,1,1,614,80,80,614.0,80.0,614.0,614,80,19.67961120068776,12056.083023400022
4306,0,143,0,0,80940,81509,279.077297,281.078589,2.001292000000035,9.755986680639984,8.2875,11.212499999999999,1,1,1,1,569,80,80,569.0,80.0,569.0,569,80,19.524578096071764,11883.823050309293
4306,0,144,0,0,81509,82128,281.078589,283.080263,2.00167399999998,9.835316786708015,8.2875,11.212499999999999,1,1,1,1,619,80,80,619.0,80.0,619.0,619,80,19.687097893716782,12051.412967346452
4306,0,145,0,0,82128,82724,283.080263,285.081562,2.0012990000000173,9.834260186874854,8.2875,11.212499999999999,1,1,1,1,596,80,80,596.0,80.0,596.0,596,80,19.681295077732557,12134.118889780982
4306,0,146,0,0,82724,83284,285.081562,287.084382,2.0028199999999856,9.774338739842765,8.2875,11.212499999999999,1,1,1,1,560,80,80,560.0,80.0,560.0,560,80,19.57624111493169,11505.277558642398
4306,0,147,0,0,83284,83859,287.084382,289.089359,2.0049769999999967,9.951642168878516,8.2875,11.212499999999999,1,1,1,1,575,80,80,575.0,80.0,575.0,575,80,19.952813660831453,11786.668874505813
4306,0,148,0,0,83859,84394,289.089359,291.094678,2.005318999999986,9.868813889513008,8.2875,11.212499999999999,1,1,1,1,535,80,80,535.0,80.0,535.0,535,80,19.790120000104253,11613.114920868034
4306,0,149,0,0,84394,84957,291.094678,293.094933,2.0002550000000383,9.820956275766642,8.2875,11.212499999999999,1,1,1,1,563,80,80,563.0,80.0,563.0,563,80,19.644416895383984,11860.987724064955
4306,0,150,0,0,84957,85574,293.094933,295.096343,2.0014099999999644,9.91426671944551,8.2875,11.212499999999999,1,1,1,1,617,80,80,618.0,80.0,617.0,617,80,19.842512554965197,11904.107604139293
4306,0,151,0,0,85574,86150,295.096343,297.09899,2.0026470000000245,9.920072192861507,8.2875,11.212499999999999,1,1,1,1,576,80,80,576.0,80.0,576.0,576,80,19.866402816817754,12263.269562733572
4306,0,152,0,0,86150,86744,297.09899,299.106902,2.007911999999976,9.705200587629976,8.2875,11.212499999999999,1,1,1,1,594,80,80,594.0,80.0,594.0,594,80,19.48718872230893,11888.469215782507
4306,0,153,0,0,86744,87336,299.106902,301.113159,2.006257000000005,9.821181624233647,8.2875,11.212499999999999,1,1,1,1,592,80,80,592.0,81.0,592.0,592,81,19.70381438188997,12267.620748488323
4306,0,154,0,0,87336,87884,301.113159,303.114881,2.0017220000000293,9.800417043488716,8.2875,11.212499999999999,1,1,1,1,548,80,80,548.0,79.0,548.0,548,79,19.617710405126672,11840.305496966937
4306,0,155,0,0,87884,88519,303.114881,305.11601,2.0011289999999917,9.964942479404614,8.2875,11.212499999999999,1,1,1,1,635,80,80,635.0,80.0,635.0,635,80,19.94113537886824,12207.109086920484
4306,0,156,0,0,88519,89104,305.11601,307.119991,2.0039810000000102,9.823746918504526,8.2875,11.212499999999999,1,1,1,1,585,80,80,585.0,81.0,585.0,585,81,19.686602173491792,11743.624315799341
4306,0,157,0,0,89104,89712,307.119991,309.122269,2.00227799999999,9.7951468206337,8.2875,11.212499999999999,1,1,1,1,608,80,80,608.0,80.0,608.0,608,80,19.612606985724597,11890.95620088725
4306,0,158,0,0,89712,90298,309.122269,311.124545,2.002275999999995,9.889661766014811,8.2875,11.212499999999999,1,1,1,1,586,80,80,586.0,80.0,586.0,586,80,19.80183240220913,11870.491380808671
4306,0,159,0,0,90298,90834,311.124545,313.125034,2.000489000000016,9.73169891945365,8.2875,11.212499999999999,1,1,1,1,536,80,80,536.0,79.0,536.0,536,79,19.46815663967891,11869.098005537551
4306,0,160,0,0,90834,91000,313.125034,313.726018,0.6009839999999826,9.788436141207459,8.2875,11.212499999999999,1,1,1,1,166,24,24,166.0,24.0,166.0,166,24,5.882693505887346,12288.180716957879
4306,0,161,0,0,91000,91587,313.726018,315.729599,2.003580999999997,9.869563383637718,8.2875,11.212499999999999,1,1,1,1,587,79,79,588.0,80.0,587.0,587,79,19.774469673752264,12034.951419483434
4306,0,162,0,0,91587,92158,315.729599,317.732058,2.0024589999999876,9.742295167930623,8.2875,11.212499999999999,1,1,1,1,571,80,80,571.0,81.0,571.0,571,81,19.508546639679025,11921.842095144095
4306,0,163,0,0,92158,92716,317.732058,319.733491,2.00143300000002,9.817110839864322,8.2875,11.212499999999999,1,1,1,1,558,80,80,558.0,79.0,558.0,558,79,19.648289599562304,12152.292882149819
4306,0,164,0,0,92716,93300,319.733491,321.733605,2.0001139999999964,9.849715196743338,8.2875,11.212499999999999,1,1,1,1,584,80,80,584.0,80.0,584.0,584,80,19.700553261019195,11817.82638389614
4306,0,165,0,0,93300,93870,321.733605,323.735058,2.0014529999999695,9.69534624795632,8.2875,11.212499999999999,1,1,1,1,570,80,80,570.0,80.0,570.0,570,80,19.404779834010697,11630.550405130849
4306,0,166,0,0,93870,94447,323.735058,325.738556,2.003498000000036,9.818787804046357,8.2875,11.212499999999999,1,1,1,1,577,80,80,577.0,80.0,577.0,577,80,19.671921727831432,11999.013724994767
4306,0,167,0,0,94447,95026,325.738556,327.740153,2.001597000000004,9.876709513047228,8.2875,11.212499999999999,1,1,1,1,579,79,78,580.0,80.0,579.0,579,78,19.769192131186628,11863.027372642922
4306,0,168,0,0,95026,95630,327.740153,329.740386,2.00023299999998,9.817624012093924,8.2875,11.212499999999999,1,1,1,1,604,80,80,604.0,80.0,604.0,604,80,19.63753553058268,11806.624528242577
4306,0,169,0,0,95630,96219,329.740386,331.741381,2.000994999999989,9.872437103001872,8.2875,11.212499999999999,1,1,1,1,589,80,80,589.0,80.0,589.0,589,80,19.754697280920936,12022.518796898608
4306,0,170,0,0,96219,96810,331.741381,333.742844,2.001463000000001,9.894173814220215,8.2875,11.212499999999999,1,1,1,1,591,80,80,591.0,80.0,591.0,591,80,19.802822804730567,11933.770446918074
4306,0,171,0,0,96810,97393,333.742844,335.743122,2.000278000000037,9.850694483903153,8.2875,11.212499999999999,1,1,1,1,583,80,80,583.0,80.0,583.0,583,80,19.704127460873224,12079.820904893995
4306,0,172,0,0,97393,97966,335.743122,337.749784,2.006661999999949,9.850134467172932,8.2875,11.212499999999999,1,1,1,1,573,80,80,573.0,80.0,573.0,573,80,19.765890530165507,11700.525549395263
4306,0,173,0,0,97966,98537,337.749784,339.752803,2.0030189999999948,9.72875260263011,8.2875,11.212499999999999,1,1,1,1,571,79,79,572.0,80.0,571.0,571,79,19.48687630936729,11937.48037337642
4306,0,174,0,0,98537,99142,339.752803,341.759178,2.006375000000048,9.792467017009809,8.2875,11.212499999999999,1,1,1,1,605,80,80,605.0,80.0,605.0,605,80,19.64736101125345,11801.383091395892
4306,0,175,0,0,99142,99743,341.759178,343.761659,2.002480999999989,9.864004327774724,8.2875,11.212499999999999,1,1,1,1,601,80,80,601.0,81.0,601.0,601,81,19.752481250286564,11970.151027650267
4306,0,176,0,0,99743,100351,343.761659,345.763934,2.0022749999999974,9.954769173052016,8.2875,11.212499999999999,1,1,1,1,608,80,80,608.0,80.0,608.0,608,80,19.932185445972664,12142.687692749514
4306,0,177,0,0,100351,100925,345.763934,347.766205,2.0022710000000075,9.79018450469047,8.2875,11.212499999999999,1,1,1,1,574,80,80,575.0,80.0,575.0,574,79,19.602602518390995,11748.659397254374
4306,0,178,0,0,100925,101482,347.766205,349.768488,2.002282999999977,9.7898147377201,8.2875,11.212499999999999,1,1,1,1,557,80,80,556.0,80.0,556.0,557,81,19.601979622486397,11816.012022276705
4306,0,179,0,0,101482,102066,349.768488,351.770765,2.0022769999999923,9.754143808128916,8.2875,11.212499999999999,1,1,1,1,584,80,80,584.0,80.0,584.0,584,80,19.53049780170886,11619.271459443467
4306,0,180,0,0,102066,102636,351.770765,353.773045,2.0022800000000416,9.729098101895016,8.2875,11.212499999999999,1,1,1,1,570,80,80,570.0,80.0,570.0,570,80,19.480378547462806,11734.622530315197
4306,0,181,0,0,102636,103193,353.773045,355.773725,2.0006799999999885,9.864274078458687,8.2875,11.212499999999999,1,1,1,1,557,80,80,557.0,79.0,557.0,557,79,19.735255863290604,11675.030489633591
4306,0,182,0,0,103193,103736,355.773725,357.777597,2.003872000000001,9.833474668128462,8.2875,11.212499999999999,1,1,1,1,543,80,80,543.0,81.0,543.0,543,81,19.705024550171856,11637.46985835422
4306,0,183,0,0,103736,104000,357.777597,358.776723,0.9991259999999897,9.918890295280205,8.2875,11.212499999999999,1,1,1,1,264,40,40,264.0,39.0,264.0,264,39,9.910221185161845,12074.553159461493
4306,0,184,0,0,104000,104545,358.776723,360.780762,2.0040389999999775,9.947423303313444,8.2875,11.212499999999999,1,1,1,1,545,79,79,547.0,80.0,545.0,545,79,19.93502424934877,11687.397301150459
4306,0,185,0,0,104545,105137,360.780762,362.78329,2.0025280000000407,9.768659447489334,8.2875,11.212499999999999,1,1,1,1,592,80,80,592.0,81.0,592.0,592,81,19.562014066062147,11797.587848958676
4306,0,186,0,0,105137,105703,362.78329,364.785566,2.002275999999995,9.844907028468088,8.2875,11.212499999999999,1,1,1,1,566,80,80,566.0,80.0,566.0,566,80,19.71222106533287,11700.185189254658
4306,0,187,0,0,105703,106304,364.785566,366.787207,2.0016410000000064,9.852498384094263,8.2875,11.212499999999999,1,1,1,1,601,80,80,601.0,79.0,601.0,601,79,19.721164718037016,11895.239955616378
4306,0,188,0,0,106304,106893,366.787207,368.788468,2.0012609999999995,9.845429373472745,8.2875,11.212499999999999,1,1,1,1,589,80,80,589.0,80.0,589.0,589,80,19.703273833385538,11822.545884819625
4306,0,189,0,0,106893,107458,368.788468,370.792396,2.0039279999999735,9.810378326729897,8.2875,11.212499999999999,1,1,1,1,565,80,80,565.0,81.0,565.0,565,81,19.65929181952697,11955.519359977163
4306,0,190,0,0,107458,108070,370.792396,372.792556,2.000159999999994,9.823341164070872,8.2875,11.212499999999999,1,1,1,1,612,80,80,612.0,79.0,612.0,612,79,19.64825406272803,11921.046316294733
4306,0,191,0,0,108070,108664,372.792556,374.793091,2.0005350000000135,9.92622791966235,8.2875,11.212499999999999,1,1,1,1,594,80,80,594.0,80.0,594.0,594,80,19.857766371261732,11964.799416156098
4306,0,192,0,0,108664,109232,374.793091,376.795069,2.0019780000000083,9.82573288378215,8.2875,11.212499999999999,1,1,1,1,568,80,80,568.0,80.0,568.0,568,80,19.670901067208433,12034.09827680419
4306,0,193,0,0,109232,109806,376.795069,378.796038,2.0009689999999978,9.849389791579615,8.2875,11.212499999999999,1,1,1,1,574,80,80,574.0,80.0,574.0,574,80,19.708323641867082,11551.903102946635
4306,0,194,0,0,109806,110411,378.796038,380.801736,2.0056979999999953,9.711494119659282,8.2875,11.212499999999999,1,1,1,1,605,80,80,605.0,80.0,605.0,605,80,19.478324332812463,11763.984408420438
4306,0,195,0,0,110411,111007,380.801736,382.802936,2.001199999999983,9.763663881487798,8.2875,11.212499999999999,1,1,1,1,596,80,80,596.0,80.0,596.0,596,80,19.53904415963325,11400.159904057662
4306,0,196,0,0,111007,111589,382.802936,384.808335,2.0053990000000113,9.769653119258004,8.2875,11.212499999999999,1,1,1,1,582,80,80,582.0,81.0,582.0,582,81,19.592052595707173,11762.247812031355
4306,0,197,0,0,111589,112176,384.808335,386.808667,2.0003320000000144,9.79084166557885,8.2875,11.212499999999999,1,1,1,1,587,80,80,587.0,79.0,587.0,587,79,19.584933890590946,12165.980447245669
4306,0,198,0,0,112176,112731,386.808667,388.812889,2.00422199999997,9.828359567401623,8.2875,11.212499999999999,1,1,1,1,555,80,80,555.0,81.0,555.0,555,81,19.698214468896367,11946.281399964852
4306,0,199,0,0,112731,113303,388.812889,390.814213,2.001324000000011,9.788738925165967,8.2875,11.212499999999999,1,1,1,1,572,80,80,572.0,79.0,572.0,572,79,19.590438140668994,11871.640973675361
4306,0,200,0,0,113303,113872,390.814213,392.817443,2.0032300000000305,9.783560806461116,8.2875,11.212499999999999,1,1,1,1,569,80,80,569.0,81.0,569.0,569,81,19.59872251432762,11898.783464704322
4306,0,201,0,0,113872,114496,392.817443,394.81972,2.0022769999999923,9.765592688760144,8.2875,11.212499999999999,1,1,1,1,624,80,80,624.0,80.0,624.0,624,80,19.553421632072514,12008.328517982323
4306,0,202,0,0,114496,115092,394.81972,396.821997,2.0022769999999923,9.796816908663498,8.2875,11.212499999999999,1,1,1,1,596,80,80,596.0,80.0,596.0,596,80,19.61594116942797,12033.30008785003
4306,0,203,0,0,115092,115629,396.821997,398.823374,2.001376999999991,9.776458046022041,8.2875,11.212499999999999,1,1,1,1,537,80,80,537.0,79.0,537.0,537,79,19.566378274773342,11561.539879792816
4306,0,204,0,0,115629,116174,398.823374,400.825108,2.001733999999999,9.857202936345221,8.2875,11.212499999999999,1,1,1,1,545,80,80,545.0,80.0,545.0,545,80,19.731498262582136,12053.050005645111
4306,0,205,0,0,116174,116729,400.825108,402.828828,2.003719999999987,9.783659280265807,8.2875,11.212499999999999,1,1,1,1,555,80,80,555.0,81.0,555.0,555,81,19.603713773054096,11726.688359651125
4306,0,206,0,0,116729,117000,402.828828,403.718198,0.8893699999999853,9.746313362519139,8.2875,11.212499999999999,1,1,1,1,271,36,36,271.0,35.0,271.0,271,35,8.6680787152236,12153.546892744502
4306,0,207,0,0,117000,117624,403.718198,405.724886,2.0066880000000538,9.73587603412608,8.2875,11.212499999999999,1,1,1,1,624,80,80,625.0,80.0,624.0,624,80,19.536865607169148,11926.617391442694
4306,0,208,0,0,117624,118200,405.724886,407.725598,2.0007119999999645,9.800788785609083,8.2875,11.212499999999999,1,1,1,1,576,80,80,576.0,80.0,576.0,576,80,19.608555732833338,11865.275961757825
4306,0,209,0,0,118200,118729,407.725598,409.734514,2.0089159999999993,9.708070620091961,8.2875,11.212499999999999,1,1,1,1,529,80,80,529.0,80.0,529.0,529,80,19.502698397832773,11579.876908740838
4306,0,210,0,0,118729,119314,409.734514,411.73896,2.00444600000003,9.822136225493809,8.2875,11.212499999999999,1,1,1,1,585,79,79,586.0,81.0,585.0,585,80,19.687941668646545,11928.981873295486
4306,0,211,0,0,119314,119879,411.73896,413.739529,2.0005689999999845,9.765849644899784,8.2875,11.212499999999999,1,1,1,1,565,80,80,565.0,79.0,565.0,565,79,19.537256058247294,11656.683673494981
4306,0,212,0,0,119879,120438,413.739529,415.743513,2.0039840000000027,9.736119174414078,8.2875,11.212499999999999,1,1,1,1,559,80,80,559.0,81.0,559.0,559,81,19.51102704761888,11981.632587884917
4306,0,213,0,0,120438,121008,415.743513,417.74579,2.0022769999999923,9.776625246459329,8.2875,11.212499999999999,1,1,1,1,570,80,80,570.0,80.0,570.0,570,80,19.575511868604735,11883.470668643795
4306,0,214,0,0,121008,121569,417.74579,419.747162,2.0013720000000035,9.950583668697766,8.2875,11.212499999999999,1,1,1,1,561,80,80,561.0,79.0,561.0,561,79,19.914819538188567,11885.346652196573
4306,0,215,0,0,121569,122187,419.747162,421.749446,2.0022839999999746,9.787416095607934,8.2875,11.212499999999999,1,1,1,1,618,80,80,618.0,80.0,618.0,618,80,19.59718664957836,12054.733494349606
4306,0,216,0,0,122187,122766,421.749446,423.752406,2.00296000000003,9.829749326420323,8.2875,11.212499999999999,1,1,1,1,579,80,80,579.0,80.0,579.0,579,80,19.6885947108467,11686.20441746198
4306,0,217,0,0,122766,123359,423.752406,425.754898,2.002492000000018,9.884400864073553,8.2875,11.212499999999999,1,1,1,1,593,80,80,593.0,81.0,593.0,593,81,19.79343365510067,11971.084029299385
4306,0,218,0,0,123359,123970,425.754898,427.757179,2.002280999999982,9.894477292952985,8.2875,11.212499999999999,1,1,1,1,611,80,80,612.0,80.0,611.0,611,80,19.81152388861119,12250.528272505317
4306,0,219,0,0,123970,124547,427.757179,429.759453,2.002274,9.835081026783145,8.2875,11.212499999999999,1,1,1,1,577,80,80,577.0,80.0,577.0,577,80,19.692527027821598,12012.341967183313
4306,0,220,0,0,124547,125094,429.759453,431.761729,2.002275999999995,9.718188672739858,8.2875,11.212499999999999,1,1,1,1,547,80,80,547.0,80.0,547.0,547,80,19.45849594289848,11609.7880611864
4306,0,221,0,0,125094,125644,431.761729,433.764007,2.00227799999999,9.83266790614502,8.2875,11.212499999999999,1,1,1,1,550,80,80,550.0,80.0,550.0,550,80,19.687734629779698,12134.179169925517
4306,0,222,0,0,125644,126219,433.764007,435.76598,2.001973000000021,9.779225792973637,8.2875,11.212499999999999,1,1,1,1,575,80,80,575.0,79.0,575.0,575,79,19.577745998437422,11831.827901774775
4306,0,223,0,0,126219,126773,435.76598,437.767406,2.001425999999981,9.859523375109246,8.2875,11.212499999999999,1,1,1,1,554,80,80,554.0,80.0,554.0,554,80,19.733106430550833,11738.130712801885
4306,0,224,0,0,126773,127309,437.767406,439.768474,2.001068000000032,9.694987722445402,8.2875,11.212499999999999,1,1,1,1,536,80,80,536.0,80.0,536.0,536,80,19.400329691779007,11438.391898725897
4306,0,225,0,0,127309,127899,439.768474,441.772012,2.003537999999992,9.827176856890018,8.2875,11.212499999999999,1,1,1,1,590,80,80,590.0,80.0,590.0,590,80,19.689122265499464,11708.78715552193
4306,0,226,0,0,127899,128453,441.772012,443.773165,2.001152999999988,9.811688584298741,8.2875,11.212499999999999,1,1,1,1,554,80,80,554.0,80.0,554.0,554,80,19.634690045534626,11515.861106072418
4306,0,227,0,0,128453,129040,443.773165,445.774895,2.001730000000009,9.783044463975317,8.2875,11.212499999999999,1,1,1,1,587,80,80,587.0,80.0,587.0,587,80,19.58301359487359,12069.060262872561
4306,0,228,0,0,129040,129624,445.774895,447.775001,2.0001059999999597,9.801928915710768,8.2875,11.212499999999999,1,1,1,1,584,80,80,584.0,80.0,584.0,584,80,19.604896835886393,11841.872380764058
4306,0,229,0,0,129624,130000,447.775001,449.054001,1.2790000000000532,9.832047055361162,8.2875,11.212499999999999,1,1,1,1,376,51,51,376.0,51.0,376.0,376,51,12.575188183807768,12085.222830335697
4306,0,230,0,0,130000,130601,449.054001,451.055191,2.0011899999999514,9.934653037429213,8.2875,11.212499999999999,1,1,1,1,601,79,79,603.0,80.0,601.0,601,79,19.881128311972134,11965.880301221065
4306,0,231,0,0,130601,131181,451.055191,453.060949,2.0057580000000144,9.839058417087845,8.2875,11.212499999999999,1,1,1,1,580,80,80,580.0,81.0,580.0,580,81,19.7347701325416,12138.553105608866
4306,0,232,0,0,131181,131742,453.060949,455.063227,2.00227799999999,9.807012018271122,8.2875,11.212499999999999,1,1,1,1,561,80,80,561.0,80.0,561.0,561,80,19.636364409920134,11852.500002497216
4306,0,233,0,0,131742,132316,455.063227,457.064147,2.000920000000008,9.751567830949439,8.2875,11.212499999999999,1,1,1,1,574,80,80,574.0,79.0,574.0,574,79,19.51210710430314,12030.965755752308
4306,0,234,0,0,132316,132877,457.064147,459.06778,2.003633000000036,9.80461781041346,8.2875,11.212499999999999,1,1,1,1,561,80,80,561.0,81.0,561.0,561,81,19.64485579733264,11919.847596840124
4306,0,235,0,0,132877,133427,459.06778,461.070057,2.0022769999999923,9.881122302402547,8.2875,11.212499999999999,1,1,1,1,550,80,80,550.0,80.0,550.0,550,80,19.784743920287838,11864.492275544339
4306,0,236,0,0,133427,134018,461.070057,463.072286,2.002229,9.892283330472015,8.2875,11.212499999999999,1,1,1,1,591,80,80,591.0,79.0,591.0,591,79,19.806616560487782,11840.803424583302
4306,0,237,0,0,134018,134643,463.072286,465.072818,2.0005319999999642,9.90879378820481,8.2875,11.212499999999999,1,1,1,1,625,80,80,625.0,80.0,625.0,625,80,19.822859054704168,12215.75061033787
4306,0,238,0,0,134643,135216,465.072818,467.075396,2.002578000000028,9.896576486920935,8.2875,11.212499999999999,1,1,1,1,573,80,80,573.0,80.0,573.0,573,80,19.818666348025545,12000.531315134622
4306,0,239,0,0,135216,135801,467.075396,469.076374,2.000977999999975,9.78217069910552,8.2875,11.212499999999999,1,1,1,1,585,80,80,585.0,80.0,585.0,585,80,19.57390836115428,11897.182277866272
4306,0,240,0,0,135801,136367,469.076374,471.081442,2.0050679999999943,9.813847977434024,8.2875,11.212499999999999,1,1,1,1,566,80,80,566.0,81.0,566.0,566,81,19.677432536417655,11813.065691537677
4306,0,241,0,0,136367,137005,471.081442,473.083034,2.0015920000000165,9.801665816492019,8.2875,11.212499999999999,1,1,1,1,638,80,80,638.0,79.0,638.0,638,79,19.61893588496423,12183.302091535037
4306,0,242,0,0,137005,137601,473.083034,475.084875,2.001841000000013,9.706985611637725,8.2875,11.212499999999999,1,1,1,1,596,80,80,596.0,80.0,596.0,596,80,19.431841783786695,11548.369725667448
4306,0,243,0,0,137601,138174,475.084875,477.088272,2.0033970000000068,9.75873202939879,8.2875,11.212499999999999,1,1,1,1,573,80,80,573.0,81.0,573.0,573,81,19.55061447150183,11746.548487394122
4306,0,244,0,0,138174,138742,477.088272,479.090072,2.001800000000003,9.784947335040421,8.2875,11.212499999999999,1,1,1,1,568,80,80,568.0,79.0,568.0,568,79,19.58750757528378,12019.182735538
4306,0,245,0,0,138742,139306,479.090072,481.092826,2.0027539999999817,9.798951597531708,8.2875,11.212499999999999,1,1,1,1,564,80,80,564.0,81.0,564.0,564,81,19.62488950776242,11789.765492916362
4306,0,246,0,0,139306,139896,481.092826,483.093772,2.000945999999999,9.757588458408474,8.2875,11.212499999999999,1,1,1,1,590,80,80,590.0,79.0,590.0,590,79,19.524407595498815,11642.493100763344
4306,0,247,0,0,139896,140478,483.093772,485.093843,2.0000709999999913,9.770004866869572,8.2875,11.212499999999999,1,1,1,1,582,80,80,582.0,80.0,582.0,582,80,19.540703404084525,11980.574689598572
4306,0,248,0,0,140478,141057,485.093843,487.094396,2.000553000000025,9.840616412846089,8.2875,11.212499999999999,1,1,1,1,579,80,80,580.0,80.0,580.0,579,80,19.68667468656895,11834.227836003198
4306,0,249,0,0,141057,141659,487.094396,489.094497,2.0001009999999724,9.784083674900943,8.2875,11.212499999999999,1,1,1,1,602,80,80,601.0,80.0,601.0,602,80,19.5691555422527,11846.40175671145
4306,0,250,0,0,141659,142246,489.094497,491.094824,2.000327000000027,9.786073278727667,8.2875,11.212499999999999,1,1,1,1,587,80,80,587.0,80.0,587.0,587,80,19.57534660341753,11891.055812374516
4306,0,251,0,0,142246,142820,491.094824,493.09959,2.004765999999961,9.801679831202298,8.2875,11.212499999999999,1,1,1,1,574,80,80,574.0,80.0,574.0,574,80,19.650074468479943,11893.65741438176
4306,0,252,0,0,142820,143000,493.09959,493.778508,0.6789180000000101,9.777881457021838,8.2875,11.212499999999999,1,1,1,1,180,27,27,180.0,27.0,180.0,180,27,6.63837972303827,12104.55460011353
4306,0,253,0,0,143000,143571,493.778508,495.779694,2.0011860000000183,9.851883218996592,8.2875,11.212499999999999,1,1,1,1,571,80,80,572.0,80.0,571.0,571,80,19.715450771491305,12018.872808424494
4306,0,254,0,0,143571,144136,495.779694,497.78681,2.0071159999999963,9.811816986858181,8.2875,11.212499999999999,1,1,1,1,565,80,80,565.0,81.0,565.0,565,81,19.693454863394436,11845.852456958164
4306,0,255,0,0,144136,144723,497.78681,499.788875,2.002065000000016,9.888445881148945,8.2875,11.212499999999999,1,1,1,1,587,80,80,587.0,79.0,587.0,587,79,19.79731140304284,11882.231595877161
4306,0,256,0,0,144723,145298,499.788875,501.791364,2.0024889999999687,9.796892755556046,8.2875,11.212499999999999,1,1,1,1,575,80,80,575.0,81.0,575.0,575,81,19.618169977180514,11701.936939479001
4306,0,257,0,0,145298,145884,501.791364,503.793642,2.00227799999999,9.774174563406152,8.2875,11.212499999999999,1,1,1,1,586,80,80,586.0,80.0,586.0,586,80,19.5706146964676,11585.304338358668
4306,0,258,0,0,145884,146486,503.793642,505.794666,2.0010240000000294,9.8420424172644,8.2875,11.212499999999999,1,1,1,1,602,80,80,602.0,79.0,602.0,602,79,19.694163085964647,11807.954327384205
4306,0,259,0,0,146486,147058,505.794666,507.798194,2.003528000000017,10.009512543203911,8.2875,11.212499999999999,1,1,1,1,572,80,80,572.0,81.0,572.0,572,81,20.054338646660653,12110.636836620099
4306,0,260,0,0,147058,147639,507.798194,509.798299,2.0001049999999623,9.765830583203721,8.2875,11.212499999999999,1,1,1,1,581,80,80,581.0,79.0,581.0,581,79,19.532686578618268,11688.886333467713
4306,0,261,0,0,147639,148221,509.798299,511.802749,2.00445000000002,9.885641394339096,8.2875,11.212499999999999,1,1,1,1,582,80,80,582.0,81.0,582.0,582,81,19.815273892882942,12149.966324926918
4306,0,262,0,0,148221,148769,511.802749,513.804,2.001250999999968,9.807468668371012,8.2875,11.212499999999999,1,1,1,1,548,80,80,548.0,79.0,548.0,548,79,19.62720648004597,11942.529947518018
4306,0,263,0,0,148769,149290,513.804,515.807302,2.003302000000076,9.815724653205923,8.2875,11.212499999999999,1,1,1,1,521,80,80,521.0,81.0,521.0,521,81,19.66386082921781,11700.682173730725
4306,0,264,0,0,149290,149857,515.807302,517.807295,1.999992999999904,9.818518637348776,8.2875,11.212499999999999,1,1,1,1,567,80,80,567.0,79.0,567.0,567,79,19.63696854506634,11865.041527645917
4306,0,265,0,0,149857,150426,517.807295,519.811856,2.0045610000000806,9.855267465327051,8.2875,11.212499999999999,1,1,1,1,569,80,80,569.0,81.0,569.0,569,81,19.755484805564265,11839.998882547872
4306,0,266,0,0,150426,151004,519.811856,521.81245,2.0005939999999782,9.833699812433295,8.2875,11.212499999999999,1,1,1,1,578,80,80,578.0,79.0,578.0,578,79,19.67324084255506,11915.96095959513
4306,0,267,0,0,151004,151586,521.81245,523.813148,2.000697999999943,9.820334484134333,8.2875,11.212499999999999,1,1,1,1,582,80,80,582.0,80.0,582.0,582,80,19.647523561738126,11737.403646127836
4306,0,268,0,0,151586,152153,523.813148,525.813515,2.0003670000000966,9.836252509006217,8.2875,11.212499999999999,1,1,1,1,567,80,80,567.0,80.0,567.0,567,80,19.676114922684064,11925.811613568334
4306,0,269,0,0,152153,152727,525.813515,527.815476,2.0019609999999375,9.964420064255885,8.2875,11.212499999999999,1,1,1,1,574,80,80,574.0,80.0,574.0,574,80,19.948380356257076,12011.222995852942
4306,0,270,0,0,152727,153313,527.815476,529.82192,2.0064439999999877,9.757965405745129,8.2875,11.212499999999999,1,1,1,1,586,80,80,586.0,80.0,586.0,586,80,19.57881114056454,11899.659297742746
4306,0,271,0,0,153313,153895,529.82192,531.825516,2.003596000000016,9.749928888252718,8.2875,11.212499999999999,1,1,1,1,582,80,80,582.0,81.0,582.0,582,81,19.53491852078787,11777.823473394743
4306,0,272,0,0,153895,154517,531.825516,533.827795,2.002279000000044,9.871433125429446,8.2875,11.212499999999999,1,1,1,1,622,80,80,623.0,80.0,622.0,622,80,19.765363246951893,11815.036765605331
4306,0,273,0,0,154517,155097,533.827795,535.830073,2.002277999999933,9.931492512783294,8.2875,11.212499999999999,1,1,1,1,580,80,80,580.0,80.0,580.0,580,80,19.885608965510073,12267.027855273254
4306,0,274,0,0,155097,155675,535.830073,537.832348,2.002275000000054,9.809056001288635,8.2875,11.212499999999999,1,1,1,1,578,80,80,578.0,80.0,578.0,578,80,19.640427604980687,11995.854715261066
4306,0,275,0,0,155675,156000,537.832348,539.014318,1.1819699999999784,9.839464048365382,8.2875,11.212499999999999,1,1,1,1,325,48,48,325.0,47.0,325.0,325,47,11.629951321246153,11791.331421271483
4306,0,276,0,0,156000,156597,539.014318,541.014347,2.0000290000000405,9.789222093530675,8.2875,11.212499999999999,1,1,1,1,597,80,80,597.0,80.0,597.0,597,80,19.57872807450258,11739.329779717957
4306,0,277,0,0,156597,157185,541.014347,543.014707,2.0003600000000006,9.919109737906858,8.2875,11.212499999999999,1,1,1,1,588,80,80,588.0,80.0,588.0,588,80,19.841790355319063,12010.338139134952
4306,0,278,0,0,157185,157761,543.014707,545.015518,2.000810999999999,9.803333877476032,8.2875,11.212499999999999,1,1,1,1,576,79,79,576.0,80.0,576.0,576,80,19.614618258726296,12076.602937508847
4306,0,279,0,0,157761,158298,545.015518,547.017793,2.0022749999999405,9.866404542461662,8.2875,11.212499999999999,1,1,1,1,537,80,80,537.0,80.0,537.0,537,80,19.755255155257146,11985.866077337385
4306,0,280,0,0,158298,158854,547.017793,549.020071,2.0022780000000466,9.838496424282427,8.2875,11.212499999999999,1,1,1,1,556,80,80,556.0,80.0,556.0,556,80,19.699404943419722,12001.829915725708
4306,0,281,0,0,158854,159449,549.020071,551.02018,2.000108999999952,9.75044288715026,8.2875,11.212499999999999,1,1,1,1,595,80,80,595.0,79.0,595.0,595,79,19.501948572575202,11616.36690800379
4306,0,282,0,0,159449,160057,551.02018,553.024628,2.004448000000025,9.769674758290032,8.2875,11.212499999999999,1,1,1,1,608,80,80,608.0,81.0,608.0,608,81,19.582805029905103,11964.89008445203
4306,0,283,0,0,160057,160625,553.024628,555.024653,2.000024999999937,9.83936049111389,8.2875,11.212499999999999,1,1,1,1,568,80,80,568.0,79.0,568.0,568,79,19.678966966239386,12042.849464382076
4306,0,284,0,0,160625,161207,555.024653,557.02568,2.001027000000022,9.816408094543378,8.2875,11.212499999999999,1,1,1,1,582,80,80,582.0,80.0,582.0,582,80,19.642897640200317,11952.86220525747
4306,0,285,0,0,161207,161791,557.02568,559.027613,2.001933000000008,9.785507129022779,8.2875,11.212499999999999,1,1,1,1,584,80,80,585.0,80.0,584.0,584,80,19.589929643326286,11623.765630518057
4306,0,286,0,0,161791,162374,559.027613,561.033738,2.0061249999999973,9.863211850303228,8.2875,11.212499999999999,1,1,1,1,583,80,80,583.0,81.0,583.0,583,81,19.786835873189375,11902.54844538602
4306,0,287,0,0,162374,162946,561.033738,563.03374,2.000001999999995,9.75480965115057,8.2875,11.212499999999999,1,1,1,1,572,80,80,572.0,79.0,572.0,572,79,19.509638811920013,11974.488025512004
4306,0,288,0,0,162946,163514,563.03374,565.038292,2.0045519999999897,9.907344139297726,8.2875,11.212499999999999,1,1,1,1,568,80,80,568.0,81.0,568.0,568,81,19.85978650911784,12012.659187688882
4306,0,289,0,0,163514,164118,565.038292,567.039969,2.001677000000086,9.7938137287531,8.2875,11.212499999999999,1,1,1,1,604,80,80,605.0,79.0,604.0,604,79,19.60405168312991,11814.0938822792
4306,0,290,0,0,164118,164677,567.039969,569.042548,2.002578999999969,9.875758633281297,8.2875,11.212499999999999,1,1,1,1,559,80,80,559.0,80.0,559.0,559,80,19.776986848077286,12051.958998871143
4306,0,291,0,0,164677,165230,569.042548,571.042874,2.0003259999999727,9.795871206410178,8.2875,11.212499999999999,1,1,1,1,553,80,80,553.0,80.0,553.0,553,80,19.59493586683311,11878.063875588441
4306,0,292,0,0,165230,165843,571.042874,573.046396,2.0035219999999754,9.80327810476102,8.2875,11.212499999999999,1,1,1,1,613,80,80,613.0,80.0,613.0,613,80,19.64108335500714,11849.133675597419
4306,0,293,0,0,165843,166410,573.046396,575.047904,2.001508000000058,9.896558689340015,8.2875,11.212499999999999,1,1,1,1,567,80,80,567.0,80.0,567.0,567,80,19.808041389183927,12067.4011795103
4306,0,294,0,0,166410,167011,575.047904,577.051954,2.0040500000000065,9.891215882814866,8.2875,11.212499999999999,1,1,1,1,601,80,80,601.0,81.0,601.0,601,81,19.822491189955144,11874.45423018384
4306,0,295,0,0,167011,167560,577.051954,579.053885,2.0019310000000132,9.794417154351196,8.2875,11.212499999999999,1,1,1,1,549,80,80,549.0,79.0,549.0,549,79,19.60774732822756,11905.505234695822
4306,0,296,0,0,167560,168133,579.053885,581.056507,2.002621999999974,9.825340394705988,8.2875,11.212499999999999,1,1,1,1,573,80,80,573.0,81.0,573.0,573,81,19.67644283192658,11697.165016663306
4306,0,297,0,0,168133,168740,581.056507,583.058784,2.0022769999999355,9.850574607264042,8.2875,11.212499999999999,1,1,1,1,607,80,80,607.0,80.0,607.0,607,80,19.7235789729084,12264.037393427978
4306,0,298,0,0,168740,169000,583.058784,583.945305,0.8865210000000161,9.962727972331917,8.2875,11.212499999999999,1,1,1,1,260,36,36,260.0,35.0,260.0,260,35,8.832167564759402,12388.877420839213
4306,0,299,0,0,169000,169582,583.945305,585.946721,2.001416000000063,9.814693586437217,8.2875,11.212499999999999,1,1,1,1,582,80,80,582.0,80.0,582.0,582,80,19.643284778993802,11917.562365844607
4306,0,300,0,0,169582,170182,585.946721,587.946976,2.0002549999999246,9.781521895502292,8.2875,11.212499999999999,1,1,1,1,600,80,80,600.0,80.0,600.0,600,80,19.565538079086764,12071.460888737141
4306,0,301,0,0,170182,170800,587.946976,589.948057,2.001080999999999,9.790425059614977,8.2875,11.212499999999999,1,1,1,1,618,80,80,618.0,80.0,618.0,618,80,19.591433568719367,11938.047485334182
4306,0,302,0,0,170800,171406,589.948057,591.950709,2.002652000000012,9.991954223352272,8.2875,11.212499999999999,1,1,1,1,606,80,80,606.0,80.0,606.0,606,80,20.01040710930465,11832.809694345227
4306,0,303,0,0,171406,171994,591.950709,593.951633,2.0009240000000545,9.922200315445245,8.2875,11.212499999999999,1,1,1,1,588,80,80,588.0,80.0,588.0,588,80,19.853568743982578,12062.427158652374
4306,0,304,0,0,171994,172580,593.951633,595.95509,2.003457000000026,9.860488573498916,8.2875,11.212499999999999,1,1,1,1,586,80,80,586.0,80.0,586.0,586,80,19.755064855996352,11851.01551967409
4306,0,305,0,0,172580,173113,595.95509,597.956471,2.001380999999924,9.744107353922494,8.2875,11.212499999999999,1,1,1,1,533,80,80,533.0,80.0,533.0,533,80,19.501671320100286,11381.64097690588
4306,0,306,0,0,173113,173676,597.956471,599.959137,2.00266600000009,9.966078704322292,8.2875,11.212499999999999,1,1,1,1,563,80,80,563.0,80.0,563.0,563,80,19.958726974471574,11770.80951092141
4306,0,307,0,0,173676,174280,599.959137,601.960363,2.001225999999974,9.84606682087013,8.2875,11.212499999999999,1,1,1,1,604,80,80,604.0,80.0,604.0,604,80,19.704204919662516,11971.161677891607
4306,0,308,0,0,174280,174869,601.960363,603.960529,2.000165999999922,9.783042611714931,8.2875,11.212499999999999,1,1,1,1,589,80,80,589.0,80.0,589.0,589,80,19.567709208502492,11824.51856495957
4306,0,309,0,0,174869,175453,603.960529,605.962249,2.001720000000091,9.812086929820513,8.2875,11.212499999999999,1,1,1,1,584,80,80,584.0,80.0,584.0,584,80,19.641050649161116,11884.279519612592
4306,0,310,0,0,175453,176012,605.962249,607.965892,2.003643000000011,9.796249050817986,8.2875,11.212499999999999,1,1,1,1,559,80,80,559.0,80.0,559.0,559,80,19.628185836928424,11952.728105755301
4306,0,311,0,0,176012,176617,607.965892,609.967665,2.0017729999999574,9.813185603512446,8.2875,11.212499999999999,1,1,1,1,605,80,80,605.0,80.0,605.0,605,80,19.643769985099425,12219.667264969865
4306,0,312,0,0,176617,177175,609.967665,611.97027,2.002605000000017,9.933960599261965,8.2875,11.212499999999999,1,1,1,1,558,80,80,558.0,80.0,558.0,558,80,19.893799165884957,12108.728381283276
4306,0,313,0,0,177175,177778,611.97027,613.974971,2.0047009999999545,9.863012941971956,8.2875,11.212499999999999,1,1,1,1,603,80,80,603.0,80.0,603.0,603,80,19.772391907783458,11982.335520359667
4306,0,314,0,0,177778,178356,613.974971,615.978307,2.0033359999999902,9.735721580392697,8.2875,11.212499999999999,1,1,1,1,578,80,80,578.0,80.0,578.0,578,80,19.50392152797758,11830.766281841945
4306,0,315,0,0,178356,178937,615.978307,617.978567,2.0002600000000257,9.792958349195871,8.2875,11.212499999999999,1,1,1,1,581,80,80,581.0,80.0,581.0,581,80,19.588462867563067,11667.483227180317
4306,0,316,0,0,178937,179487,617.978567,619.97975,2.001182999999969,9.84179635056497,8.2875,11.212499999999999,1,1,1,1,550,80,80,550.0,80.0,550.0,550,80,19.695235546212643,11650.108960550015
4306,0,317,0,0,179487,180075,619.97975,621.980396,2.0006460000000743,9.858657270560684,8.2875,11.212499999999999,1,1,1,1,588,80,80,588.0,80.0,588.0,588,80,19.723683233718475,11821.68159684378
4306,0,318,0,0,180075,180647,621.980396,623.984638,2.0042419999999765,9.87687344162528,8.2875,11.212499999999999,1,1,1,1,572,80,80,572.0,80.0,572.0,572,80,19.795644580389308,11660.767512106959
4306,0,319,0,0,180647,181227,623.984638,625.984808,2.0001700000000255,9.819542156151156,8.2875,11.212499999999999,1,1,1,1,580,80,80,581.0,80.0,580.0,580,80,19.640753634469547,11857.992070673841
4306,0,320,0,0,181227,181776,625.984808,627.984872,2.000063999999952,9.65453724090834,8.2875,11.212499999999999,1,1,1,1,549,79,79,549.0,80.0,549.0,549,80,19.309692372199606,11547.130491824539
4306,0,321,0,0,181776,182000,627.984872,628.79887,0.8139979999999696,9.791159943963699,8.2875,11.212499999999999,1,1,1,1,224,33,33,224.0,32.0,224.0,224,32,7.9699846120665825,11457.030606955237
4306,0,322,0,0,182000,182602,628.79887,630.803036,2.0041660000000547,9.768942803757724,8.2875,11.212499999999999,1,1,1,1,602,80,80,602.0,80.0,602.0,602,80,19.578583023236206,11620.793886334448
4306,0,323,0,0,182602,183202,630.803036,632.809182,2.0061459999999443,9.71461414162354,8.2875,11.212499999999999,1,1,1,1,600,80,80,600.0,80.0,600.0,600,80,19.48893430176122,11938.812030630206
4306,0,324,0,0,183202,183791,632.809182,634.812396,2.003214000000071,9.668734020265296,8.2875,11.212499999999999,1,1,1,1,589,80,80,589.0,80.0,589.0,589,80,19.368543351672088,11535.46251174322
4306,0,325,0,0,183791,184377,634.812396,636.817841,2.005445000000009,9.838329940682474,8.2875,11.212499999999999,1,1,1,1,586,80,80,586.0,80.0,586.0,586,80,19.7302295878917,12120.501933486032
4306,0,326,0,0,184377,184938,636.817841,638.819005,2.0011639999999034,9.71369333236703,8.2875,11.212499999999999,1,1,1,1,561,80,80,561.0,80.0,561.0,561,80,19.43869340377205,11770.649482002043
4306,0,327,0,0,184938,185529,638.819005,640.819204,2.000199000000066,9.783457407767335,8.2875,11.212499999999999,1,1,1,1,591,80,80,591.0,80.0,591.0,591,80,19.568861723559166,11514.854271999557
4306,0,328,0,0,185529,186125,640.819204,642.822626,2.0034220000000005,9.713571444164732,8.2875,11.212499999999999,1,1,1,1,596,80,80,596.0,80.0,596.0,596,80,19.4603827298115,11721.9437542365
4306,0,329,0,0,186125,186680,642.822626,644.825104,2.0024779999999964,9.89029656556872,8.2875,11.212499999999999,1,1,1,1,555,80,80,555.0,80.0,555.0,555,80,19.80510128602691,11935.21227199502
4306,0,330,0,0,186680,187241,644.825104,646.830867,2.0057630000000017,9.850359450522875,8.2875,11.212499999999999,1,1,1,1,561,80,80,561.0,80.0,561.0,561,80,19.757486522558793,11778.56007913197
4306,0,331,0,0,187241,187850,646.830867,648.833581,2.002713999999969,9.730621276114663,8.2875,11.212499999999999,1,1,1,1,609,80,80,609.0,81.0,609.0,609,81,19.487651458372056,11768.030782228698
4306,0,332,0,0,187850,188455,648.833581,650.835857,2.0022760000000517,9.808634874897967,8.2875,11.212499999999999,1,1,1,1,605,80,80,605.0,80.0,605.0,605,80,19.63959420277206,11989.356112743388
4306,0,333,0,0,188455,189008,650.835857,652.838135,2.002277999999933,9.733687178485749,8.2875,11.212499999999999,1,1,1,1,553,80,80,553.0,80.0,553.0,553,80,19.489547696363843,11879.469284485369
4306,0,334,0,0,189008,189593,652.838135,654.840412,2.002277000000049,9.760700894308348,8.2875,11.212499999999999,1,1,1,1,585,80,80,585.0,80.0,585.0,585,80,19.543626904553093,11811.552547424468
4306,0,335,0,0,189593,190147,654.840412,656.842688,2.002275999999938,9.875038415723656,8.2875,11.212499999999999,1,1,1,1,554,80,80,554.0,80.0,554.0,554,80,19.772552418880878,11745.633469112514
4306,0,336,0,0,190147,190706,656.842688,658.844965,2.002277000000049,9.738219455977935,8.2875,11.212499999999999,1,1,1,1,559,79,79,559.0,80.0,559.0,559,79,19.498612837657674,11880.474080259333
4306,0,337,0,0,190706,191303,658.844965,660.847242,2.002277000000049,9.810139242488654,8.2875,11.212499999999999,1,1,1,1,597,80,80,597.0,80.0,597.0,597,80,19.64261617203283,12153.163623214672
4306,0,338,0,0,191303,191866,660.847242,662.847529,2.0002869999999575,9.849036167999063,8.2875,11.212499999999999,1,1,1,1,563,80,80,564.0,79.0,563.0,563,79,19.70089900937819,12061.269207868927
4306,0,339,0,0,191866,192432,662.847529,664.85125,2.0037210000000414,9.763477382256756,8.2875,11.212499999999999,1,1,1,1,566,80,80,566.0,80.0,566.0,566,80,19.563284663853665,11973.22381708806
4306,0,340,0,0,192432,193069,664.85125,666.854075,2.002824999999916,9.756938090239176,8.2875,11.212499999999999,1,1,1,1,637,80,80,637.0,81.0,637.0,637,81,19.541439530582466,12331.5816409327
4306,0,341,0,0,193069,193638,666.854075,668.85635,2.002275000000054,9.76279206925385,8.2875,11.212499999999999,1,1,1,1,569,80,80,569.0,80.0,569.0,569,80,19.547794490466003,11689.702962879408
4306,0,342,0,0,193638,194204,668.85635,670.857895,2.0015449999999646,9.819539614307073,8.2875,11.212499999999999,1,1,1,1,566,80,80,566.0,79.0,566.0,566,79,19.6542504173176,11767.909290073627
4306,0,343,0,0,194204,194779,670.857895,672.858605,2.0007100000000264,9.719395591953498,8.2875,11.212499999999999,1,1,1,1,575,80,80,575.0,80.0,575.0,575,80,19.44569195477743,12124.19591045163
4306,0,344,0,0,194779,195000,672.858605,673.518521,0.6599159999999529,9.897279168018278,8.2875,11.212499999999999,1,1,1,1,221,27,27,221.0,27.0,221.0,221,27,6.531372879441733,12090.93278538567
4306,0,345,0,0,195000,195593,673.518521,675.521276,2.002754999999979,9.769655066895478,8.2875,11.212499999999999,1,1,1,1,593,80,80,593.0,80.0,593.0,593,80,19.566225533500074,11898.110352988882
4306,0,346,0,0,195593,196188,675.521276,677.523834,2.002558000000022,9.75790123034275,8.2875,11.212499999999999,1,1,1,1,595,80,80,595.0,80.0,595.0,595,80,19.54076317203271,11767.948793492995
4306,0,347,0,0,196188,196779,677.523834,679.52499,2.0011560000000372,9.8692109802358,8.2875,11.212499999999999,1,1,1,1,591,80,80,591.0,80.0,591.0,591,80,19.749830768365428,12017.054142705292
4306,0,348,0,0,196779,197374,679.52499,681.534981,2.0099910000000136,9.68841373347694,8.2875,11.212499999999999,1,1,1,1,595,80,80,595.0,80.0,595.0,595,80,19.47362440856523,11806.023012043257
4306,0,349,0,0,197374,197952,681.534981,683.535418,2.0004370000000335,9.807787374773966,8.2875,11.212499999999999,1,1,1,1,578,80,80,578.0,80.0,578.0,578,80,19.61986075263121,11823.916474250178
4306,0,350,0,0,197952,198519,683.535418,685.541078,2.0056599999999207,9.777654274352695,8.2875,11.212499999999999,1,1,1,1,567,80,80,567.0,80.0,567.0,567,80,19.610650071897,11915.279758284527
4306,0,351,0,0,198519,199062,685.541078,687.542292,2.0012140000000045,9.811291214254183,8.2875,11.212499999999999,1,1,1,1,543,80,80,543.0,80.0,543.0,543,80,19.634493336042397,11744.371166701785
4306,0,352,0,0,199062,199618,687.542292,689.549968,2.0076760000000604,9.823925250972753,8.2875,11.212499999999999,1,1,1,1,556,80,80,556.0,80.0,556.0,556,80,19.723258952172728,11946.150673713924
4306,0,353,0,0,199618,200226,689.549968,691.55466,2.0046919999999773,9.82901098434878,8.2875,11.212499999999999,1,1,1,1,608,80,80,608.0,80.0,608.0,608,80,19.704139688235955,11920.534426236185
4306,0,354,0,0,200226,200772,691.55466,693.557513,2.002852999999959,9.793430248337376,8.2875,11.212499999999999,1,1,1,1,546,80,80,546.0,80.0,546.0,546,80,19.614801153173175,11615.430588266076
4306,0,355,0,0,200772,201311,693.557513,695.561718,2.00420500000007,9.732311234146078,8.2875,11.212499999999999,1,1,1,1,539,80,80,539.0,81.0,539.0,539,81,19.505546837032853,11868.546381233042
4306,0,356,0,0,201311,201886,695.561718,697.563995,2.0022769999999355,9.77038040247893,8.2875,11.212499999999999,1,1,1,1,575,80,80,575.0,80.0,575.0,575,80,19.563007961133735,11921.9268862404
4306,0,357,0,0,201886,202411,697.563995,699.563979,1.9999840000000404,9.802567249130067,8.2875,11.212499999999999,1,1,1,1,525,80,80,525.0,79.0,525.0,525,79,19.604977657184463,11965.095720765525
4306,0,358,0,0,202411,202977,699.563979,701.565234,2.0012550000000147,9.852435287020917,8.2875,11.212499999999999,1,1,1,1,566,80,80,566.0,80.0,566.0,566,80,19.71723538032711,11848.065338999691
4306,0,359,0,0,202977,203544,701.565234,703.570826,2.0055919999999787,9.818036094618156,8.2875,11.212499999999999,1,1,1,1,567,80,80,567.0,81.0,567.0,567,81,19.690974647077383,11706.269271118079
4306,0,360,0,0,203544,204123,703.570826,705.571002,2.0001760000000104,9.751998115923591,8.2875,11.212499999999999,1,1,1,1,579,80,80,579.0,79.0,579.0,579,79,19.50571258351556,11818.459975522093
4306,0,361,0,0,204123,204716,705.571002,707.575379,2.0043769999999768,9.841338613844776,8.2875,11.212499999999999,1,1,1,1,593,80,80,593.0,81.0,593.0,593,81,19.725752766802543,11925.401259344064
4306,0,362,0,0,204716,205295,707.575379,709.577657,2.0022780000000466,9.847135120807916,8.2875,11.212499999999999,1,1,1,1,579,80,80,579.0,80.0,579.0,579,80,19.716702015421106,11866.983505786633
4306,0,363,0,0,205295,205844,709.577657,711.578274,2.00061699999992,9.731817712510532,8.2875,11.212499999999999,1,1,1,1,549,80,80,549.0,79.0,549.0,549,79,19.469639956549145,11467.962133682217
4306,0,364,0,0,205844,206440,711.578274,713.582213,2.0039390000000594,9.763996017044313,8.2875,11.212499999999999,1,1,1,1,596,80,80,596.0,81.0,596.0,596,81,19.566452414400374,11856.149313925871
4306,0,365,0,0,206440,207013,713.582213,715.584487,2.002273999999943,9.80177514231783,8.2875,11.212499999999999,1,1,1,1,573,80,80,574.0,80.0,573.0,573,80,19.62583952130899,12003.851620707597
4306,0,366,0,0,207013,207621,715.584487,717.586764,2.002277000000049,9.865093869518551,8.2875,11.212499999999999,1,1,1,1,608,80,80,608.0,80.0,608.0,608,80,19.752650557778907,11839.520705676297
4306,0,367,0,0,207621,208000,717.586764,718.953523,1.3667590000000018,9.908408094960583,8.2875,11.212499999999999,1,1,1,1,379,55,55,379.0,54.0,379.0,379,54,13.542405939459968,12009.432533460527
4306,0,368,0,0,208000,208529,718.953523,720.962316,2.0087929999999687,9.833145066565677,8.2875,11.212499999999999,1,1,1,1,529,80,80,529.0,80.0,529.0,529,80,19.752752977701675,11957.926974058737
4306,0,369,0,0,208529,209114,720.962316,722.962603,2.0002869999999575,9.790588787770803,8.2875,11.212499999999999,1,1,1,1,585,80,80,585.0,80.0,585.0,585,80,19.583987474523383,11917.289868904065
4306,0,370,0,0,209114,209711,722.962603,724.969061,2.006458000000066,9.829980170542495,8.2875,11.212499999999999,1,1,1,1,597,80,80,597.0,80.0,597.0,597,80,19.723442353027167,12136.810239735494
4306,0,371,0,0,209711,210295,724.969061,726.972437,2.003376000000003,9.754879416561398,8.2875,11.212499999999999,1,1,1,1,584,80,80,585.0,81.0,585.0,584,81,19.542691306032793,11832.526694938926
4306,0,372,0,0,210295,210886,726.972437,728.974713,2.002275999999938,9.732083457536612,8.2875,11.212499999999999,1,1,1,1,591,80,80,590.0,80.0,590.0,591,80,19.486317137021615,12057.778248353747
4306,0,373,0,0,210886,211448,728.974713,730.976991,2.0022780000000466,9.950227035368142,8.2875,11.212499999999999,1,1,1,1,562,80,80,562.0,80.0,562.0,562,80,19.923120687923074,11893.453356626525
4306,0,374,0,0,211448,211981,730.976991,732.977115,2.000124000000028,9.855762186257914,8.2875,11.212499999999999,1,1,1,1,533,80,80,533.0,79.0,533.0,533,79,19.71274648702729,11881.763330673331
4306,0,375,0,0,211981,212602,732.977115,734.979442,2.002326999999923,9.850125257818698,8.2875,11.212499999999999,1,1,1,1,621,80,80,621.0,80.0,621.0,621,80,19.72317175711123,12193.8124991577
4306,0,376,0,0,212602,213165,734.979442,736.983639,2.00419700000009,9.783040066547873,8.2875,11.212499999999999,1,1,1,1,563,80,80,564.0,80.0,563.0,563,80,19.60713955225583,11670.509435948137
4306,0,377,0,0,213165,213710,736.983639,738.986099,2.002459999999928,9.651748435909532,8.2875,11.212499999999999,1,1,1,1,545,80,80,545.0,81.0,545.0,545,81,19.32724017297096,11779.511201222918
4306,0,378,0,0,213710,214289,738.986099,740.988375,2.0022760000000517,9.757531209466707,8.2875,11.212499999999999,1,1,1,1,579,80,80,579.0,80.0,579.0,579,80,19.5372705599666,11872.988539042262
4306,0,379,0,0,214289,214856,740.988375,742.9887,2.0003249999999753,9.828589249735211,8.2875,11.212499999999999,1,1,1,1,567,80,80,567.0,79.0,567.0,567,79,19.660372790975998,11873.570544786618
4306,0,380,0,0,214856,215478,742.9887,744.989838,2.001137999999969,9.781247681593756,8.2875,11.212499999999999,1,1,1,1,622,80,80,622.0,80.0,622.0,622,80,19.573626423049063,12117.605082708127
4306,0,381,0,0,215478,216058,744.989838,746.990318,2.0004800000000387,9.71898049667603,8.2875,11.212499999999999,1,1,1,1,580,80,80,580.0,80.0,580.0,580,80,19.442626103990733,11713.688714708243
4306,0,382,0,0,216058,216641,746.990318,748.990941,2.0006230000000187,9.767674556881955,8.2875,11.212499999999999,1,1,1,1,583,80,80,584.0,80.0,583.0,583,80,19.541434375012614,12163.211159723633
4306,0,383,0,0,216641,217225,748.990941,750.994578,2.003637000000026,9.815519678412894,8.2875,11.212499999999999,1,1,1,1,584,80,80,584.0,80.0,584.0,584,80,19.66673840189651,12071.547890161584
4306,0,384,0,0,217225,217775,750.994578,752.995829,2.001250999999911,9.662774346077605,8.2875,11.212499999999999,1,1,1,1,550,80,80,550.0,80.0,550.0,550,80,19.337636822860986,11657.708103581728
4306,0,385,0,0,217775,218351,752.995829,754.997895,2.0020660000000134,9.684681530689165,8.2875,11.212499999999999,1,1,1,1,576,80,80,576.0,80.0,576.0,576,80,19.389371613420735,11838.770550021747
4306,0,386,0,0,218351,218911,754.997895,756.998642,2.0007470000000467,9.797443798067238,8.2875,11.212499999999999,1,1,1,1,560,80,80,560.0,80.0,560.0,560,80,19.60220628665229,12251.42409310094
4306,0,387,0,0,218911,219482,756.998642,759.000673,2.002030999999988,9.768903009669991,8.2875,11.212499999999999,1,1,1,1,571,80,80,571.0,80.0,571.0,571,80,19.55764666135292,11826.989691967878
4306,0,388,0,0,219482,220059,759.000673,761.004888,2.0042150000000447,9.77858676151441,8.2875,11.212499999999999,1,1,1,1,577,80,80,577.0,80.0,577.0,577,80,19.598390266229217,11769.196418547648
4306,0,389,0,0,220059,220642,761.004888,763.005054,2.000165999999922,9.79684786371167,8.2875,11.212499999999999,1,1,1,1,583,80,80,583.0,80.0,583.0,583,80,19.595322004168338,11854.516075166224
4306,0,390,0,0,220642,221000,763.005054,764.16474,1.1596860000000788,9.828078373575092,8.2875,11.212499999999999,1,1,1,1,358,46,46,358.0,47.0,358.0,358,47,11.397484896738206,12167.086607925801
4306,0,391,0,0,221000,221578,764.16474,766.164763,2.000022999999942,9.882716519490744,8.2875,11.212499999999999,1,1,1,1,578,80,80,580.0,79.0,578.0,578,79,19.765660341460716,12038.861553092489
4306,0,392,0,0,221578,222176,766.164763,768.167504,2.0027410000000145,9.781948674134151,8.2875,11.212499999999999,1,1,1,1,598,80,80,598.0,80.0,598.0,598,80,19.590709669584612,12276.17550147514
4306,0,393,0,0,222176,222733,768.167504,770.171562,2.0040579999999864,9.83211184450489,8.2875,11.212499999999999,1,1,1,1,557,80,80,557.0,81.0,557.0,557,81,19.70412239887446,11925.802546632964
4306,0,394,0,0,222733,223314,770.171562,772.172057,2.000495000000001,9.792559685491591,8.2875,11.212499999999999,1,1,1,1,581,80,80,581.0,79.0,581.0,581,79,19.589966688027744,11931.047065851197
4306,0,395,0,0,223314,223890,772.172057,774.176116,2.004058999999984,9.843441746177627,8.2875,11.212499999999999,1,1,1,1,576,80,80,577.0,81.0,576.0,576,81,19.72683802240317,11983.18013591426
4306,0,396,0,0,223890,224468,774.176116,776.177186,2.001070000000027,9.902432100357906,8.2875,11.212499999999999,1,1,1,1,578,80,80,578.0,79.0,578.0,578,79,19.815459803063277,11999.080491936653
4306,0,397,0,0,224468,225019,776.177186,778.180433,2.0032469999999876,9.809174900048424,8.2875,11.212499999999999,1,1,1,1,551,80,80,551.0,80.0,551.0,551,80,19.650200190997566,11953.593341210619
4306,0,398,0,0,225019,225585,778.180433,780.181566,2.0011329999999816,9.82407327804502,8.2875,11.212499999999999,1,1,1,1,566,80,80,566.0,80.0,566.0,566,80,19.659277231114174,11887.265863888217
4306,0,399,0,0,225585,226154,780.181566,782.181841,2.000274999999988,9.827892476652812,8.2875,11.212499999999999,1,1,1,1,569,80,80,569.0,80.0,569.0,569,80,19.65848762373662,11944.357650823085
4306,0,400,0,0,226154,226729,782.181841,784.182105,2.0002640000000156,9.798460979309873,8.2875,11.212499999999999,1,1,1,1,575,80,80,575.0,80.0,575.0,575,80,19.599508752318798,11791.44352945402
4306,0,401,0,0,226729,227312,784.182105,786.183273,2.001168000000007,9.79276742332459,8.2875,11.212499999999999,1,1,1,1,583,80,80,584.0,80.0,583.0,583,80,19.59697279899956,11978.004845170379
4306,0,402,0,0,227312,227891,786.183273,788.183503,2.0002299999999877,9.774609116263036,8.2875,11.212499999999999,1,1,1,1,579,80,80,579.0,80.0,579.0,579,80,19.551466392622388,11761.147468041247
4306,0,403,0,0,227891,228457,788.183503,790.183673,2.0001700000000255,9.759476406264229,8.2875,11.212499999999999,1,1,1,1,566,80,80,566.0,80.0,566.0,566,80,19.520611923518118,11818.99538539209
4306,0,404,0,0,228457,229039,790.183673,792.184794,2.001121000000012,9.780548091312006,8.2875,11.212499999999999,1,1,1,1,582,80,80,582.0,80.0,582.0,582,80,19.572060177034473,11673.457027336108
4306,0,405,0,0,229039,229591,792.184794,794.188982,2.004187999999999,9.830238744214663,8.2875,11.212499999999999,1,1,1,1,552,80,80,552.0,80.0,552.0,552,80,19.70164652829044,12088.686290906846
4306,0,406,0,0,229591,230190,794.188982,796.197542,2.0085599999999886,9.794058393709449,8.2875,11.212499999999999,1,1,1,1,599,80,80,599.0,80.0,599.0,599,80,19.671953927268987,11814.43422153191
4306,0,407,0,0,230190,230794,796.197542,798.198412,2.0008699999999635,9.837317095603758,8.2875,11.212499999999999,1,1,1,1,604,80,80,604.0,80.0,604.0,604,80,19.683192657080326,11659.428148755504
4306,0,408,0,0,230794,231367,798.198412,800.198641,2.0002289999999903,9.812329709619556,8.2875,11.212499999999999,1,1,1,1,573,80,80,574.0,80.0,574.0,573,80,19.62690644274244,11916.635545230129
4306,0,409,0,0,231367,231959,800.198641,802.20296,2.0043190000000095,9.818691432225929,8.2875,11.212499999999999,1,1,1,1,592,80,80,591.0,80.0,591.0,592,80,19.679789792748124,11590.969301792724
4306,0,410,0,0,231959,232557,802.20296,804.205069,2.0021090000000186,9.775607972908578,8.2875,11.212499999999999,1,1,1,1,598,80,80,598.0,80.0,598.0,598,80,19.57183270303176,11810.545779475433
4306,0,411,0,0,232557,233171,804.205069,806.212545,2.007475999999997,9.780817047047266,8.2875,11.212499999999999,1,1,1,1,614,80,80,614.0,81.0,614.0,614,81,19.634755482337823,11793.416210206267
4306,0,412,0,0,233171,233762,806.212545,808.213374,2.000829000000067,9.812673531003634,8.2875,11.212499999999999,1,1,1,1,591,80,80,592.0,79.0,591.0,591,79,19.633481768365527,11978.035104448805
4306,0,413,0,0,233762,234000,808.213374,809.057503,0.8441289999999526,9.816851316769007,8.2875,11.212499999999999,1,1,1,1,238,34,34,238.0,34.0,238.0,238,34,8.286688885172225,11815.729586355355
4306,0,414,0,0,234000,234562,809.057503,811.058099,2.000595999999973,9.803273062681008,8.2875,11.212499999999999,1,1,1,1,562,80,80,564.0,80.0,562.0,562,80,19.612388876106706,11651.527844702436
4306,0,415,0,0,234562,235146,811.058099,813.058172,2.000073000000043,9.770099484262232,8.2875,11.212499999999999,1,1,1,1,584,80,80,584.0,80.0,584.0,584,80,19.54091218578742,11532.079079113364
4306,0,416,0,0,235146,235724,813.058172,815.061044,2.002872000000025,9.847236965300286,8.2875,11.212499999999999,1,1,1,1,578,80,80,578.0,80.0,578.0,578,80,19.72275519516552,11830.01210262049
4306,0,417,0,0,235724,236353,815.061044,817.072647,2.0116029999999228,9.810301225520124,8.2875,11.212499999999999,1,1,1,1,629,80,80,629.0,80.0,629.0,629,80,19.73443137615959,11629.531274312525
4306,0,418,0,0,236353,236927,817.072647,819.075441,2.0027939999999944,9.893240629034867,8.2875,11.212499999999999,1,1,1,1,574,80,80,574.0,80.0,574.0,574,80,19.81412297238694,11658.213475774375
4306,0,419,0,0,236927,237514,819.075441,821.078051,2.002610000000004,9.893871856089927,8.2875,11.212499999999999,1,1,1,1,587,80,80,587.0,80.0,587.0,587,80,19.813566717723916,11918.446427412202
4306,0,420,0,0,237514,238126,821.078051,823.081728,2.003677000000039,9.779444790169572,8.2875,11.212499999999999,1,1,1,1,612,80,80,612.0,81.0,612.0,612,81,19.59484859883287,11754.888637240207
4306,0,421,0,0,238126,238718,823.081728,825.084006,2.0022780000000466,9.797124353572999,8.2875,11.212499999999999,1,1,1,1,592,80,80,592.0,80.0,592.0,592,80,19.616566556424004,11778.584192604349
4306,0,422,0,0,238718,239272,825.084006,827.086283,2.0022769999999355,9.862960214492372,8.2875,11.212499999999999,1,1,1,1,554,80,80,554.0,80.0,554.0,554,80,19.7483783893922,11635.752695556484
4306,0,423,0,0,239272,239886,827.086283,829.088559,2.0022760000000517,9.926818606256816,8.2875,11.212499999999999,1,1,1,1,614,80,80,614.0,80.0,614.0,614,80,19.8762306516619,12388.401998525358
4306,0,424,0,0,239886,240507,829.088559,831.090837,2.002277999999933,9.90380705162931,8.2875,11.212499999999999,1,1,1,1,621,80,80,621.0,80.0,621.0,621,80,19.830174975722002,12034.792371489277
4306,0,425,0,0,240507,241129,831.090837,833.093114,2.002277000000049,9.818986104794602,8.2875,11.212499999999999,1,1,1,1,622,80,80,622.0,80.0,622.0,622,80,19.660330040949702,11991.847281869297
4306,0,426,0,0,241129,241650,833.093114,835.095066,2.00195199999996,9.868381886808104,8.2875,11.212499999999999,1,1,1,1,521,80,80,521.0,79.0,521.0,521,79,19.756026855058735,11897.887661642473
4306,0,427,0,0,241650,242242,835.095066,837.097668,2.0026020000000244,9.842867300226844,8.2875,11.212499999999999,1,1,1,1,592,80,80,592.0,81.0,592.0,592,81,19.71134574116877,11794.655153644964
4306,0,428,0,0,242242,242790,837.097668,839.099945,2.002277000000049,9.960744063155817,8.2875,11.212499999999999,1,1,1,1,548,80,80,548.0,80.0,548.0,548,80,19.94416874054332,11929.91778859739
4306,0,429,0,0,242790,243335,839.099945,841.102221,2.002275999999938,9.8416284837411,8.2875,11.212499999999999,1,1,1,1,545,80,80,545.0,80.0,545.0,545,80,19.70565651391007,11902.954437850096
4306,0,430,0,0,243335,243896,841.102221,843.103674,2.0014529999999695,9.848043482634875,8.2875,11.212499999999999,1,1,1,1,561,80,80,561.0,79.0,561.0,561,79,19.71039617244969,11915.343502945292
4306,0,431,0,0,243896,244477,843.103674,845.104078,2.000404000000003,9.808623167654348,8.2875,11.212499999999999,1,1,1,1,581,80,80,581.0,80.0,581.0,581,80,19.621209019069283,11779.620516655617
4306,0,432,0,0,244477,245043,845.104078,847.109052,2.004974000000061,9.899322615872117,8.2875,11.212499999999999,1,1,1,1,566,80,80,566.0,81.0,566.0,566,81,19.847884462436923,12069.98195487785
4306,0,433,0,0,245043,245607,847.109052,849.109539,2.000487000000021,10.071419423114246,8.2875,11.212499999999999,1,1,1,1,564,80,80,564.0,79.0,564.0,564,79,20.147743627487216,12105.552298015305
4306,0,434,0,0,245607,246164,849.109539,851.112601,2.003062,9.848297843060731,8.2875,11.212499999999999,1,1,1,1,557,80,80,557.0,80.0,557.0,557,80,19.726751174117453,11578.772898692103
4306,0,435,0,0,246164,246785,851.112601,853.112625,2.0000239999999394,9.874584231674936,8.2875,11.212499999999999,1,1,1,1,621,80,80,621.0,80.0,621.0,621,80,19.749405453370855,11965.356415723374
4306,0,436,0,0,246785,247000,853.112625,853.793928,0.6813030000000708,9.9024644616683,8.2875,11.212499999999999,1,1,1,1,215,28,28,215.0,28.0,215.0,215,28,6.746578745129227,12411.511471399834
4306,0,437,0,0,247000,247570,853.793928,855.793933,2.0000049999999874,9.797933679334873,8.2875,11.212499999999999,1,1,1,1,570,79,79,570.0,80.0,570.0,570,80,19.595916348338505,11734.970662573418
4306,0,438,0,0,247570,248168,855.793933,857.79402,2.0000870000000077,9.757320684871521,8.2875,11.212499999999999,1,1,1,1,598,80,80,598.0,79.0,598.0,598,79,19.515490256642806,11951.480110615143
4306,0,439,0,0,248168,248767,857.79402,859.796175,2.0021549999999024,9.746711789309337,8.2875,11.212499999999999,1,1,1,1,599,80,80,600.0,80.0,599.0,599,80,19.514427742524276,12016.052703212874
4306,0,440,0,0,248767,249372,859.796175,861.798295,2.0021200000001045,9.816410207971586,8.2875,11.212499999999999,1,1,1,1,605,80,80,605.0,80.0,605.0,605,80,19.653631205585043,11815.475595867763
4306,0,441,0,0,249372,249976,861.798295,863.801708,2.0034129999999095,9.817011805511463,8.2875,11.212499999999999,1,1,1,1,604,80,80,604.0,80.0,604.0,604,80,19.66752907231421,12074.3950448565
4306,0,442,0,0,249976,250540,863.801708,865.805321,2.0036130000000867,9.782975398539081,8.2875,11.212499999999999,1,1,1,1,564,80,80,564.0,81.0,564.0,564,81,19.6012966871931,11637.476897983288
4306,0,443,0,0,250540,251138,865.805321,867.80737,2.0020489999999427,9.946554993078205,8.2875,11.212499999999999,1,1,1,1,598,80,80,598.0,79.0,598.0,598,79,19.91349047733638,11758.453464426033
4306,0,444,0,0,251138,251730,867.80737,869.80818,2.0008100000000013,9.79386039026185,8.2875,11.212499999999999,1,1,1,1,592,80,80,593.0,80.0,592.0,592,80,19.595653807440613,11912.17556889459
4306,0,445,0,0,251730,252278,869.80818,871.809315,2.0011349999999766,9.658428775243152,8.2875,11.212499999999999,1,1,1,1,548,80,80,548.0,80.0,548.0,548,80,19.32781986714508,11505.970361819802
4306,0,446,0,0,252278,252830,871.809315,873.811234,2.0019190000000435,9.818938062106234,8.2875,11.212499999999999,1,1,1,1,552,80,80,552.0,80.0,552.0,552,80,19.65671866635421,11832.646575610444
4306,0,447,0,0,252830,253405,873.811234,875.816308,2.005074000000036,9.851599754213842,8.2875,11.212499999999999,1,1,1,1,575,80,80,575.0,80.0,575.0,575,80,19.75318652558053,11952.17732612341
4306,0,448,0,0,253405,253984,875.816308,877.818981,2.002672999999959,9.832327243383814,8.2875,11.212499999999999,1,1,1,1,579,80,80,579.0,81.0,579.0,579,81,19.690936297489316,11704.357126700406
4306,0,449,0,0,253984,254538,877.818981,879.81983,2.0008490000000165,9.79164220327694,8.2875,11.212499999999999,1,1,1,1,554,80,80,554.0,79.0,554.0,554,79,19.591597510785505,11687.538639847287
4306,0,450,0,0,254538,255089,879.81983,881.823533,2.003702999999973,9.7464542740786,8.2875,11.212499999999999,1,1,1,1,551,80,80,551.0,81.0,551.0,551,81,19.5289996683332,11661.907977380037
4306,0,451,0,0,255089,255674,881.823533,883.823833,2.0003000000000384,9.905388824373876,8.2875,11.212499999999999,1,1,1,1,585,80,80,585.0,79.0,585.0,585,79,19.813749265395018,12102.184672298923
4306,0,452,0,0,255674,256231,883.823833,885.8263,2.0024669999999105,9.863967880177908,8.2875,11.212499999999999,1,1,1,1,557,80,80,557.0,80.0,557.0,557,80,19.752270169115945,11861.369001337382
4306,0,453,0,0,256231,256804,885.8263,887.826286,1.9999860000000353,9.807142436284266,8.2875,11.212499999999999,1,1,1,1,573,80,80,573.0,80.0,573.0,573,80,19.61414757257444,11891.583241082477
4306,0,454,0,0,256804,257364,887.826286,889.826408,2.000122000000033,9.779919438147417,8.2875,11.212499999999999,1,1,1,1,560,80,80,561.0,80.0,560.0,560,80,19.56103202646591,11802.28006091609
4306,0,455,0,0,257364,257935,889.826408,891.827563,2.0011550000000398,9.845055547681623,8.2875,11.212499999999999,1,1,1,1,571,80,80,571.0,80.0,571.0,571,80,19.70148213452194,11775.699533519159
4306,0,456,0,0,257935,258507,891.827563,893.828099,2.0005359999998973,9.79074826369006,8.2875,11.212499999999999,1,1,1,1,572,80,80,572.0,80.0,572.0,572,80,19.586744368449217,11827.83014152268
4306,0,457,0,0,258507,259131,893.828099,895.832944,2.0048450000000457,9.83316103438367,8.2875,11.212499999999999,1,1,1,1,624,80,80,625.0,80.0,624.0,624,80,19.713963733978744,12004.918085936544
4306,0,458,0,0,259131,259705,895.832944,897.832965,2.000020999999947,9.816351998586649,8.2875,11.212499999999999,1,1,1,1,574,80,80,574.0,80.0,574.0,574,80,19.63291014056449,11957.874442318673
4306,0,459,0,0,259705,260000,897.832965,898.850916,1.0179510000000391,9.8811840702357,8.2875,11.212499999999999,1,1,1,1,295,41,41,295.0,41.0,295.0,295,41,10.058561205480146,12288.410738826838
4306,0,460,0,0,260000,260617,898.850916,900.856528,2.005612000000042,9.830460973356534,8.2875,11.212499999999999,1,1,1,1,617,80,80,617.0,80.0,617.0,617,80,19.716090493695447,12008.803297945713
4306,0,461,0,0,260617,261215,900.856528,902.871261,2.0147329999999783,9.907070310902037,8.2875,11.212499999999999,1,1,1,1,598,80,80,598.0,80.0,598.0,598,80,19.96010148869391,11842.760306204473
4306,0,462,0,0,261215,261821,902.871261,904.874747,2.0034859999999526,9.927700225758999,8.2875,11.212499999999999,1,1,1,1,606,80,80,606.0,81.0,606.0,606,81,19.890008414504337,12198.238470346476
4306,0,463,0,0,261821,262403,904.874747,906.877024,2.002277000000049,9.899128269213204,8.2875,11.212499999999999,1,1,1,1,582,80,80,582.0,80.0,582.0,582,80,19.820796853495267,11908.442238511163
4306,0,464,0,0,262403,263007,906.877024,908.87707,2.0000459999999975,9.89844299299571,8.2875,11.212499999999999,1,1,1,1,604,80,80,604.0,79.0,604.0,604,79,19.79734131436817,12123.721154413463
4306,0,465,0,0,263007,263574,908.87707,910.878357,2.0012870000000476,9.858164283839127,8.2875,11.212499999999999,1,1,1,1,567,80,80,567.0,80.0,567.0,567,80,19.729016025112287,12087.721551181527
4306,0,466,0,0,263574,264114,910.878357,912.883276,2.0049189999999726,9.905825537428953,8.2875,11.212499999999999,1,1,1,1,540,80,80,540.0,80.0,540.0,540,80,19.860377830676953,11657.82757308416
4306,0,467,0,0,264114,264734,912.883276,914.884299,2.001023000000032,9.880841609462422,8.2875,11.212499999999999,1,1,1,1,620,80,80,621.0,80.0,620.0,620,80,19.771791319892145,12260.728637301823
4306,0,468,0,0,264734,265289,914.884299,916.886051,2.0017519999998967,9.993757812014637,8.2875,11.212499999999999,1,1,1,1,555,80,80,555.0,80.0,555.0,555,80,20.005024687714467,11881.092163265594
4306,0,469,0,0,265289,265890,916.886051,918.887754,2.0017030000000204,9.798946590694712,8.2875,11.212499999999999,1,1,1,1,601,80,80,602.0,80.0,601.0,601,80,19.614580787432715,12059.231564322856
4306,0,470,0,0,265890,266469,918.887754,920.892963,2.005209000000036,9.899068316862397,8.2875,11.212499999999999,1,1,1,1,579,80,80,579.0,81.0,579.0,579,81,19.84970088058799,11940.899926142147
4306,0,471,0,0,266469,267076,920.892963,922.895243,2.0022800000000416,9.808979944794588,8.2875,11.212499999999999,1,1,1,1,607,80,80,607.0,80.0,607.0,607,80,19.64032436386333,11862.976207123633
4306,0,472,0,0,267076,267649,922.895243,924.897517,2.002273999999943,9.960602578863108,8.2875,11.212499999999999,1,1,1,1,573,80,80,573.0,80.0,573.0,573,80,19.943855567989885,11809.572516049588
4306,0,473,0,0,267649,268204,924.897517,926.898036,2.000519000000054,9.860677292670967,8.2875,11.212499999999999,1,1,1,1,555,80,80,555.0,79.0,555.0,555,79,19.72647227685775,11847.425593058282
4306,0,474,0,0,268204,268787,926.898036,928.902071,2.0040349999999307,9.865603094023227,8.2875,11.212499999999999,1,1,1,1,583,80,80,583.0,81.0,583.0,583,81,19.77101389653035,11921.947470977715
4306,0,475,0,0,268787,269369,928.902071,930.903589,2.0015180000000328,9.860901092482026,8.2875,11.212499999999999,1,1,1,1,582,80,80,582.0,79.0,582.0,582,79,19.736771032823526,11849.506224775201
4306,0,476,0,0,269369,269970,930.903589,932.906625,2.003035999999952,9.862104619758659,8.2875,11.212499999999999,1,1,1,1,601,80,80,601.0,81.0,601.0,601,81,19.754150589142228,11875.473031937805
4306,0,477,0,0,269970,270561,932.906625,934.907635,2.001010000000065,9.760823487587453,8.2875,11.212499999999999,1,1,1,1,591,80,80,591.0,79.0,591.0,591,79,19.53150540689785,11957.461481951228
4306,0,478,0,0,270561,271145,934.907635,936.911178,2.0035429999999224,9.936420532818715,8.2875,11.212499999999999,1,1,1,1,584,80,80,584.0,81.0,584.0,584,81,19.908045803584173,11855.497985319467
4306,0,479,0,0,271145,271698,936.911178,938.913456,2.0022780000000466,9.759238985678074,8.2875,11.212499999999999,1,1,1,1,553,80,80,553.0,80.0,553.0,553,80,19.540709517765208,11743.624012249773
4306,0,480,0,0,271698,272242,938.913456,940.914435,2.0009790000000294,9.790862284915145,8.2875,11.212499999999999,1,1,1,1,544,80,80,544.0,79.0,544.0,544,79,19.591309824007112,12009.621290378183
4306,0,481,0,0,272242,272795,940.914435,942.918009,2.0035739999999578,9.8350647614659,8.2875,11.212499999999999,1,1,1,1,553,80,80,553.0,81.0,553.0,553,81,19.705280044388928,12005.046981045125
4306,0,482,0,0,272795,273000,942.918009,943.611622,0.6936130000000276,9.759714516234755,8.2875,11.212499999999999,1,1,1,1,205,28,28,205.0,27.0,205.0,205,27,6.769464864750262,11739.976038510922
4306,0,483,0,0,273000,273644,943.611622,945.617675,2.0060529999999517,9.83026389165048,8.2875,11.212499999999999,1,1,1,1,644,80,80,644.0,80.0,644.0,644,80,19.720030370635868,12057.009460866977
4306,0,484,0,0,273644,274201,945.617675,947.619102,2.001427000000035,9.856394796531532,8.2875,11.212499999999999,1,1,1,1,557,80,80,558.0,80.0,557.0,557,80,19.726854668437227,11979.952304030863
4306,0,485,0,0,274201,274786,947.619102,949.620725,2.001622999999995,9.858363629537036,8.2875,11.212499999999999,1,1,1,1,585,80,80,585.0,80.0,585.0,585,80,19.73272738324522,11848.884630122684
4306,0,486,0,0,274786,275395,949.620725,951.621879,2.0011540000000423,9.858233972905943,8.2875,11.212499999999999,1,1,1,1,609,80,80,609.0,80.0,609.0,609,80,19.727844347817154,11788.198209632792
4306,0,487,0,0,275395,275988,951.621879,953.63019,2.008310999999935,9.871362792979006,8.2875,11.212499999999999,1,1,1,1,593,80,80,593.0,81.0,593.0,593,81,19.824766482130144,11931.916919242474
4306,0,488,0,0,275988,276542,953.63019,955.632466,2.0022760000000517,9.932855291786376,8.2875,11.212499999999999,1,1,1,1,554,80,80,554.0,80.0,554.0,554,80,19.88831776221741,11783.590274267579
4306,0,489,0,0,276542,277124,955.632466,957.633399,2.000933000000032,9.89476492924486,8.2875,11.212499999999999,1,1,1,1,582,80,80,582.0,79.0,582.0,582,79,19.798761674168418,11792.998566168695
4306,0,490,0,0,277124,277707,957.633399,959.637022,2.0036229999999478,9.881945822788412,8.2875,11.212499999999999,1,1,1,1,583,80,80,583.0,81.0,583.0,583,81,19.799693935292453,11828.572540842573
4306,0,491,0,0,277707,278323,959.637022,961.638825,2.0018029999999953,9.921519213854804,8.2875,11.212499999999999,1,1,1,1,616,80,80,616.0,79.0,616.0,616,79,19.8609269268527,12057.630046513097
4306,0,492,0,0,278323,278880,961.638825,963.641575,2.002749999999992,9.812862282060445,8.2875,11.212499999999999,1,1,1,1,557,80,80,557.0,81.0,557.0,557,81,19.65270993539707,12048.932717513468
4306,0,493,0,0,278880,279476,963.641575,965.643853,2.0022780000000466,9.892410217055971,8.2875,11.212499999999999,1,1,1,1,596,80,80,596.0,80.0,596.0,596,80,19.80735534458654,11821.035840177761
4306,0,494,0,0,279476,280035,965.643853,967.646129,2.002275999999938,9.765233187556689,8.2875,11.212499999999999,1,1,1,1,559,80,80,559.0,80.0,559.0,559,80,19.552692045846925,11599.299996604224
4306,0,495,0,0,280035,280627,967.646129,969.647845,2.0017159999999876,9.815385616188363,8.2875,11.212499999999999,1,1,1,1,592,80,80,592.0,79.0,592.0,592,79,19.647614434094066,11839.341844697323
4306,0,496,0,0,280627,281238,969.647845,971.649213,2.0013680000000704,9.83559379134768,8.2875,11.212499999999999,1,1,1,1,611,80,80,611.0,80.0,611.0,611,80,19.684642675003488,12074.241219005775
4306,0,497,0,0,281238,281790,971.649213,973.652959,2.0037459999999783,9.782598777048367,8.2875,11.212499999999999,1,1,1,1,552,80,80,552.0,81.0,552.0,552,81,19.601843169115455,11601.270819754725
4306,0,498,0,0,281790,282432,973.652959,975.653926,2.000966999999946,9.889392611891127,8.2875,11.212499999999999,1,1,1,1,642,80,80,644.0,79.0,643.0,642,79,19.788348266436515,12175.113332703966
4306,0,499,0,0,282432,282997,975.653926,977.657514,2.003588000000036,9.821163698428837,8.2875,11.212499999999999,1,1,1,1,565,80,80,565.0,81.0,564.0,565,81,19.677565732208677,11729.457353507596
4306,0,500,0,0,282997,283545,977.657514,979.659792,2.0022780000000466,9.946532171191576,8.2875,11.212499999999999,1,1,1,1,548,80,80,548.0,80.0,548.0,548,80,19.915722542669755,11847.006259869731
4306,0,501,0,0,283545,284146,979.659792,981.662066,2.002273999999943,9.914026381055761,8.2875,11.212499999999999,1,1,1,1,601,80,80,601.0,80.0,601.0,601,80,19.850597258100606,11911.956105907922
4306,0,502,0,0,284146,284710,981.662066,983.662195,2.0001290000000154,9.83120069171286,8.2875,11.212499999999999,1,1,1,1,564,80,80,564.0,79.0,564.0,564,79,19.663669608315104,11863.73478910601
4306,0,503,0,0,284710,285288,983.662195,985.664322,2.002126999999973,9.830220331595473,8.2875,11.212499999999999,1,1,1,1,578,80,80,578.0,80.0,578.0,578,80,19.681349541835516,11915.827517435368
4306,0,504,0,0,285288,285883,985.664322,987.66433,2.00000799999998,9.885810967957642,8.2875,11.212499999999999,1,1,1,1,595,80,80,595.0,80.0,595.0,595,80,19.77170102240234,11981.952072191832
4306,0,505,0,0,285883,286000,987.66433,988.103615,0.4392850000000408,9.787861737806587,8.2875,11.212499999999999,1,1,1,1,117,18,18,117.0,18.0,117.0,117,18,4.299660843493257,11605.222122311317
4306,0,506,0,0,286000,286545,988.103615,990.11484,2.0112249999999676,9.723671324254099,8.2875,11.212499999999999,1,1,1,1,545,80,80,547.0,80.0,545.0,545,80,19.556490859122277,11670.00211314019
4306,0,507,0,0,286545,287176,990.11484,992.115474,2.000633999999991,9.754444879943613,8.2875,11.212499999999999,1,1,1,1,631,80,80,631.0,80.0,631.0,631,80,19.51507407794088,11908.724934195914
4306,0,508,0,0,287176,287730,992.115474,994.115467,1.9999930000000177,9.837899761762346,8.2875,11.212499999999999,1,1,1,1,554,80,80,554.0,80.0,554.0,554,80,19.675730658225802,11846.541462895015
4306,0,509,0,0,287730,288295,994.115467,996.118132,2.002664999999979,9.938351443617185,8.2875,11.212499999999999,1,1,1,1,565,80,80,565.0,80.0,565.0,565,80,19.903188593831146,12078.904859275142
4306,0,510,0,0,288295,288806,996.118132,998.120741,2.0026090000000067,9.831386582284445,8.2875,11.212499999999999,1,1,1,1,511,80,80,511.0,80.0,511.0,511,80,19.688423252162465,11509.985224274895
4306,0,511,0,0,288806,289418,998.120741,1000.125127,2.0043860000000677,9.929046994855032,8.2875,11.212499999999999,1,1,1,1,612,80,80,612.0,80.0,612.0,612,80,19.901642789829566,12152.349896676178
4306,0,512,0,0,289418,290015,1000.125127,1002.126668,2.0015409999999747,9.879583461832642,8.2875,11.212499999999999,1,1,1,1,597,80,80,597.0,80.0,597.0,597,80,19.774391361779635,12033.72801256647
4306,0,513,0,0,290015,290560,1002.126668,1004.135655,2.0089870000000474,9.808096075779764,8.2875,11.212499999999999,1,1,1,1,545,80,80,545.0,80.0,545.0,545,80,19.704337510993355,11675.03821577713
4306,0,514,0,0,290560,291111,1004.135655,1006.13718,2.0015249999999014,9.865500608563357,8.2875,11.212499999999999,1,1,1,1,551,80,80,551.0,80.0,551.0,551,80,19.746046105554342,11799.00326001482
4306,0,515,0,0,291111,291663,1006.13718,1008.142178,2.0049980000000005,9.764916600330434,8.2875,11.212499999999999,1,1,1,1,552,80,80,553.0,81.0,552.0,552,81,19.578638253829922,11870.834783875092
4306,0,516,0,0,291663,292226,1008.142178,1010.143729,2.001551000000063,9.728094723071289,8.2875,11.212499999999999,1,1,1,1,563,80,80,562.0,79.0,563.0,563,79,19.47127772105887,11495.085561146967
4306,0,517,0,0,292226,292822,1010.143729,1012.14456,2.0008309999999483,9.904112839916975,8.2875,11.212499999999999,1,1,1,1,596,80,80,596.0,80.0,596.0,596,80,19.816455997603043,11862.571101707546
4306,0,518,0,0,292822,293405,1012.14456,1014.14825,2.003690000000006,9.802628223554375,8.2875,11.212499999999999,1,1,1,1,583,80,80,583.0,80.0,583.0,583,80,19.641428145254395,11958.935763516276
4306,0,519,0,0,293405,293979,1014.14825,1016.149498,2.0012480000000323,9.835963800288996,8.2875,11.212499999999999,1,1,1,1,574,80,80,574.0,80.0,574.0,574,80,19.684202883401667,11932.054398055421
4306,0,520,0,0,293979,294579,1016.149498,1018.15032,2.000821999999971,9.778439728459405,8.2875,11.212499999999999,1,1,1,1,600,80,80,600.0,80.0,600.0,600,80,19.564917334375423,11551.752229833706
4306,0,521,0,0,294579,295143,1018.15032,1020.15584,2.005520000000047,10.01607509091286,8.2875,11.212499999999999,1,1,1,1,564,80,80,564.0,81.0,564.0,564,81,20.0874389163273,11986.417487733575
4306,0,522,0,0,295143,295756,1020.15584,1022.157763,2.0019230000000334,9.868417965901596,8.2875,11.212499999999999,1,1,1,1,613,80,80,613.0,79.0,613.0,613,79,19.75581289955153,12093.37222260776
4306,0,523,0,0,295756,296322,1022.157763,1024.160397,2.0026340000000573,9.93413170769459,8.2875,11.212499999999999,1,1,1,1,566,80,80,566.0,81.0,566.0,566,81,19.89442991830765,12058.618799041316
4306,0,524,0,0,296322,296858,1024.160397,1026.161419,2.001021999999921,9.912558911738989,8.2875,11.212499999999999,1,1,1,1,536,80,80,536.0,79.0,536.0,536,79,19.835248458684873,12060.33716770778
4306,0,525,0,0,296858,297423,1026.161419,1028.164948,2.0035290000000714,9.871218778749224,8.2875,11.212499999999999,1,1,1,1,565,80,80,566.0,81.0,565.0,565,81,19.777273088569927,11984.852727362142
4306,0,526,0,0,297423,297979,1028.164948,1030.167228,2.002279999999928,9.885687330094141,8.2875,11.212499999999999,1,1,1,1,556,80,80,556.0,80.0,556.0,556,80,19.79391402730107,11861.977345826186
4306,0,527,0,0,297979,298566,1030.167228,1032.169502,2.002273999999943,9.844604428122798,8.2875,11.212499999999999,1,1,1,1,587,80,80,587.0,80.0,587.0,587,80,19.71159548671494,11851.025384138571
4306,0,528,0,0,298566,299000,1032.169502,1033.640332,1.470829999999978,10.045361393644654,8.2875,11.212499999999999,1,1,1,1,434,59,59,434.0,58.0,434.0,434,58,14.77501889861378,12201.27411053641
4306,0,529,0,0,299000,299563,1033.640332,1035.644918,2.0045860000000175,9.938055721360978,8.2875,11.212499999999999,1,1,1,1,563,80,80,564.0,80.0,563.0,563,80,19.921687366260812,11933.63617225691
4306,0,530,0,0,299563,300150,1035.644918,1037.650735,2.005816999999979,9.78989108370458,8.2875,11.212499999999999,1,1,1,1,587,80,80,587.0,81.0,587.0,587,81,19.6367299638423,11760.793731432252
4306,0,531,0,0,300150,300734,1037.650735,1039.652211,2.001476000000139,9.965642873741265,8.2875,11.212499999999999,1,1,1,1,584,80,80,584.0,79.0,584.0,584,79,19.945995036365275,11725.346694138912
4306,0,532,0,0,300734,301331,1039.652211,1041.65529,2.0030789999998433,9.896958187471544,8.2875,11.212499999999999,1,1,1,1,597,80,80,597.0,81.0,597.0,597,81,19.824389109200638,12119.841504005533
4306,0,533,0,0,301331,301899,1041.65529,1043.657565,2.002275000000054,10.003635126010867,8.2875,11.212499999999999,1,1,1,1,568,80,80,569.0,80.0,568.0,568,80,20.030028521934582,12016.830854902222
4306,0,534,0,0,301899,302503,1043.657565,1045.659843,2.002277999999933,9.751276813579821,8.2875,11.212499999999999,1,1,1,1,604,80,80,604.0,80.0,604.0,604,80,19.524767035740297,11959.378268152976
4306,0,535,0,0,302503,303115,1045.659843,1047.660916,2.001073000000133,9.794316738409623,8.2875,11.212499999999999,1,1,1,1,612,80,80,612.0,79.0,612.0,612,79,19.5991427786812,11890.620682003313
4306,0,536,0,0,303115,303712,1047.660916,1049.663723,2.002806999999848,9.921896337413761,8.2875,11.212499999999999,1,1,1,1,597,80,80,597.0,80.0,597.0,597,80,19.871643437845705,11959.21524140959
4306,0,537,0,0,303712,304285,1049.663723,1051.666674,2.0029510000001665,9.764607997100377,8.2875,11.212499999999999,1,1,1,1,573,80,80,573.0,81.0,573.0,573,81,19.558031352402395,11839.031509007475
4306,0,538,0,0,304285,304886,1051.666674,1053.668952,2.002277999999933,9.85249527588151,8.2875,11.212499999999999,1,1,1,1,601,80,80,601.0,80.0,601.0,601,80,19.727434536000146,11694.679759754032
4306,0,539,0,0,304886,305462,1053.668952,1055.671229,2.002277000000049,9.866863241979742,8.2875,11.212499999999999,1,1,1,1,576,80,80,576.0,80.0,576.0,576,80,19.756193331562827,12148.668740638484
4306,0,540,0,0,305462,306038,1055.671229,1057.672784,2.001555000000053,9.786381900044951,8.2875,11.212499999999999,1,1,1,1,576,80,80,576.0,79.0,576.0,576,79,19.58798162394487,11825.805436272984
4306,0,541,0,0,306038,306596,1057.672784,1059.675781,2.002996999999823,9.919568759672863,8.2875,11.212499999999999,1,1,1,1,558,80,80,558.0,81.0,558.0,558,81,19.868866466917098,12040.45737462519
4306,0,542,0,0,306596,307214,1059.675781,1061.678059,2.0022780000001603,9.924519107153179,8.2875,11.212499999999999,1,1,1,1,618,80,80,618.0,80.0,618.0,618,80,19.8716462688335,11849.003984460749
4306,0,543,0,0,307214,307784,1061.678059,1063.679373,2.0013139999998657,9.873913820489921,8.2875,11.212499999999999,1,1,1,1,570,80,80,571.0,79.0,570.0,570,79,19.76080196373914,12080.063398348097
4306,0,544,0,0,307784,308365,1063.679373,1065.680948,2.0015750000000025,9.83287849132863,8.2875,11.212499999999999,1,1,1,1,581,80,80,581.0,80.0,581.0,581,80,19.681243766281113,11859.160910782744
4306,0,545,0,0,308365,308968,1065.680948,1067.684336,2.0033880000000863,9.870339691035824,8.2875,11.212499999999999,1,1,1,1,603,80,80,603.0,80.0,603.0,603,80,19.77412009294494,11637.785591207992
4306,0,546,0,0,308968,309568,1067.684336,1069.684721,2.000385000000051,9.951387890966094,8.2875,11.212499999999999,1,1,1,1,600,80,80,600.0,80.0,600.0,600,80,19.906607066270226,12163.658495739259
4306,0,547,0,0,309568,310116,1069.684721,1071.689445,2.0047239999998965,9.85484557206677,8.2875,11.212499999999999,1,1,1,1,548,80,80,548.0,81.0,548.0,548,81,19.756245434615266,11467.413968207688
4306,0,548,0,0,310116,310697,1071.689445,1073.690162,2.0007170000001224,9.876802948730596,8.2875,11.212499999999999,1,1,1,1,581,80,80,581.0,79.0,581.0,581,79,19.76068756517634,12037.68449010956
4306,0,549,0,0,310697,311311,1073.690162,1075.691054,2.0008919999997943,9.856531380357444,8.2875,11.212499999999999,1,1,1,1,614,80,80,614.0,80.0,614.0,614,80,19.72185478670326,11843.217924806755
4306,0,550,0,0,311311,311947,1075.691054,1077.692417,2.001363000000083,9.93474799362456,8.2875,11.212499999999999,1,1,1,1,636,80,80,636.0,80.0,636.0,636,80,19.88303704876489,12107.748569349485
4306,0,551,0,0,311947,312000,1077.692417,1077.878646,0.18622899999991205,9.90716298558894,8.2875,11.212499999999999,1,1,1,1,53,8,8,53.0,8.0,53.0,53,8,1.8450010556425696,11985.243973822842
4306,0,552,0,0,312000,312616,1077.878646,1079.891072,2.012426000000005,9.925042567566344,8.2875,11.212499999999999,1,1,1,1,616,80,80,617.0,80.0,616.0,616,80,19.97341371407674,11933.358046457332
4306,0,553,0,0,312616,313181,1079.891072,1081.895297,2.004225000000133,9.839211008049428,8.2875,11.212499999999999,1,1,1,1,565,80,80,565.0,80.0,565.0,565,80,19.71999268260879,11886.888947098463
4306,0,554,0,0,313181,313769,1081.895297,1083.902904,2.0076070000000072,9.808010916267168,8.2875,11.212499999999999,1,1,1,1,588,80,80,588.0,80.0,588.0,588,80,19.690631371573545,11541.103413167973
4306,0,555,0,0,313769,314389,1083.902904,1085.905609,2.002704999999878,9.848978646555135,8.2875,11.212499999999999,1,1,1,1,620,80,80,620.0,81.0,620.0,620,81,19.72459878034715,11923.872961819865
4306,0,556,0,0,314389,314965,1085.905609,1087.907886,2.002277000000049,9.78047623358047,8.2875,11.212499999999999,1,1,1,1,576,80,80,576.0,80.0,576.0,576,80,19.583222611545352,11702.676502801272
4306,0,557,0,0,314965,315549,1087.907886,1089.910163,2.002277000000049,9.872223399729817,8.2875,11.212499999999999,1,1,1,1,584,80,80,584.0,80.0,584.0,584,80,19.766925852141867,11831.529803318632
4306,0,558,0,0,315549,316136,1089.910163,1091.911037,2.000874000000067,9.871772691892659,8.2875,11.212499999999999,1,1,1,1,587,80,80,587.0,79.0,587.0,587,79,19.752173313117964,12093.715046524263
4306,0,559,0,0,316136,316717,1091.911037,1093.914718,2.003680999999915,9.820768751272908,8.2875,11.212499999999999,1,1,1,1,581,80,80,581.0,81.0,581.0,581,81,19.67768775231889,12058.306686543929
4306,0,560,0,0,316717,317297,1093.914718,1095.915532,2.000813999999991,9.869406978909902,8.2875,11.212499999999999,1,1,1,1,580,80,80,580.0,79.0,580.0,580,79,19.746847655100282,12049.59581450355
4306,0,561,0,0,317297,317859,1095.915532,1097.916005,2.0004730000000563,9.888037109472373,8.2875,11.212499999999999,1,1,1,1,562,80,80,563.0,80.0,562.0,562,80,19.78075126049771,11967.169764350394
4306,0,562,0,0,317859,318482,1097.916005,1099.918198,2.002193000000034,9.920508685462654,8.2875,11.212499999999999,1,1,1,1,623,80,80,623.0,80.0,623.0,623,80,19.862773046472284,11907.942940565468
4306,0,563,0,0,318482,319031,1099.918198,1101.919381,2.0011829999998554,9.880743824752752,8.2875,11.212499999999999,1,1,1,1,549,80,80,549.0,80.0,549.0,549,80,19.77317656944797,12063.864224312192
4306,0,564,0,0,319031,319618,1101.919381,1103.925423,2.0060419999999795,9.851924905871236,8.2875,11.212499999999999,1,1,1,1,587,80,80,587.0,80.0,587.0,587,80,19.763375142023506,11817.299936890775
4306,0,565,0,0,319618,320213,1103.925423,1105.925845,2.0004220000000714,9.952822120729948,8.2875,11.212499999999999,1,1,1,1,595,80,80,596.0,80.0,595.0,595,80,19.90984433239646,12062.454822032121
4306,0,566,0,0,320213,320802,1105.925845,1107.925877,2.000031999999919,9.782903744875263,8.2875,11.212499999999999,1,1,1,1,589,80,80,589.0,80.0,589.0,589,80,19.566120542669523,12106.306299099704
4306,0,567,0,0,320802,321412,1107.925877,1109.93154,2.0056630000001405,9.91609337752666,8.2875,11.212499999999999,1,1,1,1,610,80,80,610.0,80.0,610.0,610,80,19.888341591851713,11884.34946449046
4306,0,568,0,0,321412,321981,1109.93154,1111.935209,2.0036689999999453,9.866902152839893,8.2875,11.212499999999999,1,1,1,1,569,80,80,569.0,81.0,569.0,569,81,19.770005969678095,11965.54919999294
4306,0,569,0,0,321981,322592,1111.935209,1113.937486,2.002277000000049,9.898972148113687,8.2875,11.212499999999999,1,1,1,1,611,80,80,612.0,80.0,611.0,611,80,19.820484255809788,12178.63462447973
4306,0,570,0,0,322592,323218,1113.937486,1115.939635,2.0021489999999176,9.92056636014706,8.2875,11.212499999999999,1,1,1,1,626,80,80,626.0,79.0,626.0,626,79,19.862452017401665,12032.071539131699
4306,0,571,0,0,323218,323654,1115.939635,1117.942041,2.0024060000000645,6.742978362394005,8.2875,11.212499999999999,1,0,0,1,436,80,80,436.0,81.0,436.0,436,81,13.502180330728152,7955.429618169086
4306,0,572,0,0,323654,323734,1117.942041,1119.944318,2.002277000000049,1.0178152406370422,8.2875,11.212499999999999,1,0,0,0,80,80,80,80.0,80.0,80.0,80,80,2.0379480465762754,478.45527866522787
4306,0,573,0,0,323734,323814,1119.944318,1121.946595,2.002276999999822,1.0173989177050913,8.2875,11.212499999999999,1,0,0,0,80,80,80,80.0,80.0,80.0,80,80,2.0371144527453,486.44618102294874
4306,0,574,0,0,323814,323894,1121.946595,1123.948872,2.002277000000049,1.015421383777785,8.2875,11.212499999999999,1,0,0,0,80,80,80,80.0,80.0,80.0,80,80,2.0331548820468015,485.4473182281853
4306,0,575,0,0,323894,323974,1123.948872,1125.951149,2.002277000000049,1.0152652626782686,8.2875,11.212499999999999,1,0,0,0,80,80,80,80.0,80.0,80.0,80,80,2.0328422843595035,482.4507298440607
4306,0,576,0,0,323974,324055,1125.951149,1127.953426,2.002277000000049,1.012038759954922,8.2875,11.212499999999999,1,0,0,0,81,80,80,81.0,80.0,81.0,81,80,2.0263819321662595,480.95243565199837
4306,0,577,0,0,324055,324136,1127.953426,1129.955701,2.002275000000054,1.0115191752542665,8.2875,11.212499999999999,1,0,0,0,81,80,80,81.0,80.0,81.0,81,80,2.025339556632389,485.9472350201514
4306,0,578,0,0,324136,324216,1129.955701,1131.957979,2.002277999999933,1.010789382041116,8.2875,11.212499999999999,1,0,0,0,80,80,80,80.0,80.0,80.0,80,80,2.0238813422947715,474.9590216743289
4306,0,579,0,0,324216,324297,1131.957979,1133.960258,2.002279000000044,1.01219406141592,8.2875,11.212499999999999,1,0,0,0,81,80,80,81.0,80.0,81.0,81,80,2.026694913098254,460.9747193073391
4306,0,580,0,0,324297,324377,1133.960258,1135.962533,2.002274999999827,1.0118834581837675,8.2875,11.212499999999999,1,0,0,0,80,80,80,80.0,80.0,80.0,80,80,2.026068951234265,475.9585970958447
4306,0,581,0,0,324377,324521,1135.962533,1137.964811,2.0022780000001603,1.8371379490787432,8.2875,11.212499999999999,1,0,0,0,144,80,80,144.0,80.0,144.0,144,80,3.6784608984053193,1815.4322226982013
4306,0,582,0,0,324521,324756,1137.964811,1139.967085,2.002273999999943,2.9777116579854104,8.2875,11.212499999999999,1,0,0,1,235,80,80,235.0,80.0,235.0,235,80,5.962194632280443,3616.887598800267
4306,0,583,0,0,324756,324987,1139.967085,1141.969365,2.002279999999928,2.9554821060311927,8.2875,11.212499999999999,1,0,0,1,231,80,80,231.0,80.0,231.0,231,80,5.917702711263701,3738.23840821477
4306,0,584,0,0,324987,325000,1141.969365,1142.044457,0.07509200000004057,2.958538464636271,8.2875,11.212499999999999,1,0,0,1,13,3,3,13.0,3.0,13.0,13,3,0.22216257038598997,3608.9064081373995
4306,0,585,0,0,325000,325264,1142.044457,1144.046727,2.002269999999953,3.74011125849818,8.2875,11.212499999999999,1,0,0,1,264,80,80,264.0,80.0,264.0,264,80,7.488712569553172,4573.309293951472
4306,0,586,0,0,325264,325534,1144.046727,1146.046981,2.000254000000041,4.409175738859467,8.2875,11.212499999999999,1,0,0,1,270,80,80,270.0,79.0,270.0,270,79,8.819471408356549,5378.316953746765
4306,0,587,0,0,325534,325971,1146.046981,1148.051282,2.0043009999999413,6.875331799080892,8.2875,11.212499999999999,1,0,0,1,437,80,80,437.0,81.0,437.0,437,81,13.780234400228437,8423.385509462149
4306,0,588,0,0,325971,326470,1148.051282,1150.053559,2.002277000000049,7.839630764754675,8.2875,11.212499999999999,1,0,0,1,499,80,80,499.0,80.0,499.0,499,80,15.697112368761736,9339.367130521672
4306,0,589,0,0,326470,326966,1150.053559,1152.055837,2.0022780000001603,8.862583918604043,8.2875,11.212499999999999,1,1,0,1,496,80,80,496.0,80.0,496.0,496,80,17.745356803376126,10733.77423114986
4306,0,590,0,0,326966,327482,1152.055837,1154.058115,2.002277999999933,8.829954625102117,8.2875,11.212499999999999,1,1,1,1,516,80,80,516.0,80.0,516.0,516,80,17.68002388683999,10710.800398346642
4306,0,591,0,0,327482,328031,1154.058115,1156.060391,2.002275999999938,9.364418084551001,8.2875,11.212499999999999,1,1,1,1,549,80,80,549.0,80.0,549.0,549,80,18.750149584662722,11365.066554261603
4306,0,592,0,0,328031,328611,1156.060391,1158.061875,2.0014840000001186,9.432759623004177,8.2875,11.212499999999999,1,1,1,1,580,80,80,580.0,79.0,580.0,580,79,18.87951746128965,11384.552661924177
4306,0,593,0,0,328611,329218,1158.061875,1160.064946,2.0030709999998635,9.608859619655787,8.2875,11.212499999999999,1,1,1,1,607,80,80,607.0,81.0,607.0,607,81,19.247228047202952,11732.484769637023
4306,0,594,0,0,329218,329790,1160.064946,1162.065134,2.00018799999998,9.827217625934214,8.2875,11.212499999999999,1,1,1,1,572,80,80,572.0,79.0,572.0,572,79,19.65628276878124,12040.86815839323
4306,0,595,0,0,329790,330348,1162.065134,1164.067722,2.0025880000000598,9.752502660848021,8.2875,11.212499999999999,1,1,1,1,558,80,80,558.0,80.0,558.0,558,80,19.530244798583226,11866.6445619365
4306,0,596,0,0,330348,330928,1164.067722,1166.071615,2.003893000000062,9.767023667497295,8.2875,11.212499999999999,1,1,1,1,580,80,80,580.0,80.0,580.0,580,80,19.572070358131896,11570.977093087946
4306,0,597,0,0,330928,331493,1166.071615,1168.074053,2.0024379999999837,9.703420227314826,8.2875,11.212499999999999,1,1,1,1,565,80,80,565.0,81.0,565.0,565,81,19.430497393143014,11466.022918062974
4306,0,598,0,0,331493,332023,1168.074053,1170.075687,2.0016339999999673,9.778454939274235,8.2875,11.212499999999999,1,1,1,1,530,80,80,530.0,79.0,530.0,530,79,19.57288787391917,11404.68237450022
4306,0,599,0,0,332023,332557,1170.075687,1172.075829,2.0001420000000962,9.708191677961107,8.2875,11.212499999999999,1,1,1,1,534,80,80,534.0,80.0,534.0,534,80,19.417761919141412,11808.161620524375
4306,0,600,0,0,332557,333128,1172.075829,1174.078044,2.0022149999999783,9.729251601012553,8.2875,11.212499999999999,1,1,1,1,571,80,80,571.0,80.0,571.0,571,80,19.4800534943206,11909.310438689281
4306,0,601,0,0,333128,333674,1174.078044,1176.080308,2.0022639999999683,9.71309373777229,8.2875,11.212499999999999,1,1,1,1,546,80,80,546.0,80.0,546.0,546,80,19.44817791976675,11761.186337066627
4306,0,602,0,0,333674,334264,1176.080308,1178.082422,2.0021139999998923,9.685598919108793,8.2875,11.212499999999999,1,1,1,1,590,80,80,590.0,80.0,590.0,590,80,19.391673194331815,11854.469825395196
4306,0,603,0,0,334264,334824,1178.082422,1180.084836,2.0024140000000443,9.758381024849903,8.2875,11.212499999999999,1,1,1,1,560,80,80,560.0,80.0,560.0,560,80,19.540318781493625,11564.541598290607
4306,0,604,0,0,334824,335417,1180.084836,1182.089992,2.0051559999999427,9.756003648207365,8.2875,11.212499999999999,1,1,1,1,593,80,80,594.0,81.0,593.0,593,81,19.562309251225088,11767.662964876885
4306,0,605,0,0,335417,336024,1182.089992,1184.090252,2.0002600000000257,9.744980841351605,8.2875,11.212499999999999,1,1,1,1,607,80,80,607.0,79.0,607.0,607,79,19.492495377722662,11831.961844960004
4306,0,606,0,0,336024,336564,1184.090252,1186.090633,2.0003810000000612,9.687729389030727,8.2875,11.212499999999999,1,1,1,1,540,80,80,540.0,80.0,540.0,540,80,19.379149802958636,11616.78700207575
4306,0,607,0,0,336564,337162,1186.090633,1188.091823,2.0011899999999514,9.746216652337273,8.2875,11.212499999999999,1,1,1,1,598,80,80,598.0,80.0,598.0,598,80,19.504031302491057,12033.83986528045
4306,0,608,0,0,337162,337742,1188.091823,1190.097614,2.0057910000000447,9.669493367231619,8.2875,11.212499999999999,1,1,1,1,580,80,80,580.0,80.0,580.0,580,80,19.394982770552815,11752.969277456861
4306,0,609,0,0,337742,338000,1190.097614,1190.98457,0.8869560000000547,9.704884776008615,8.2875,11.212499999999999,1,1,1,1,258,36,36,258.0,36.0,258.0,258,36,8.607805781390198,11512.408732788741
4306,0,610,0,0,338000,338555,1190.98457,1192.996461,2.0118909999998777,9.730615291420225,8.2875,11.212499999999999,1,1,1,1,555,80,80,555.0,80.0,555.0,555,80,19.57693732926964,11691.48825657127
4306,0,611,0,0,338555,339122,1192.996461,1194.997246,2.0007849999999507,9.692425983039465,8.2875,11.212499999999999,1,1,1,1,567,80,80,567.0,80.0,567.0,567,80,19.39246052047565,11824.858742943687
4306,0,612,0,0,339122,339710,1194.997246,1197.00343,2.0061840000000757,9.807248789493382,8.2875,11.212499999999999,1,1,1,1,588,80,80,588.0,80.0,588.0,588,80,19.67514560550262,11790.04518030206
4306,0,613,0,0,339710,340300,1197.00343,1199.005095,2.0016650000000027,9.752434496999586,8.2875,11.212499999999999,1,1,1,1,590,80,80,590.0,80.0,590.0,590,80,19.521106797436005,11814.164707880673
4306,0,614,0,0,340300,340860,1199.005095,1201.008902,2.0038070000000516,9.77013866031586,8.2875,11.212499999999999,1,1,1,1,560,80,80,560.0,80.0,560.0,560,80,19.5774722385122,11429.244433221069
4306,0,615,0,0,340860,341416,1201.008902,1203.013785,2.0048830000000635,9.74514438934583,8.2875,11.212499999999999,1,1,1,1,556,80,80,556.0,81.0,556.0,556,81,19.537874318744798,11873.510823324477
4306,0,616,0,0,341416,341996,1203.013785,1205.016062,2.002276999999822,9.7417582009014,8.2875,11.212499999999999,1,1,1,1,580,80,80,580.0,80.0,580.0,580,80,19.505698385224605,11630.25895018625
4306,0,617,0,0,341996,342557,1205.016062,1207.017,2.000938000000133,9.677222609124815,8.2875,11.212499999999999,1,1,1,1,561,80,80,561.0,79.0,561.0,561,79,19.363522453058977,11397.654500038725
4306,0,618,0,0,342557,343122,1207.017,1209.020616,2.0036159999999654,9.732567622354972,8.2875,11.212499999999999,1,1,1,1,565,80,80,565.0,81.0,565.0,565,81,19.500328209231157,11550.616485394607
4306,0,619,0,0,343122,343689,1209.020616,1211.022057,2.001440999999886,9.752619481230017,8.2875,11.212499999999999,1,1,1,1,567,80,80,567.0,79.0,567.0,567,79,19.51929248713168,11483.22633542598
4306,0,620,0,0,343689,344271,1211.022057,1213.02517,2.003112999999985,9.645647423339879,8.2875,11.212499999999999,1,1,1,1,582,80,80,582.0,81.0,582.0,582,81,19.321321747109323,11939.91552149089
4306,0,621,0,0,344271,344848,1213.02517,1215.025686,2.0005160000000615,9.686828136258653,8.2875,11.212499999999999,1,1,1,1,577,80,80,577.0,79.0,577.0,577,79,19.378654675836515,11753.467605357457
4306,0,622,0,0,344848,345428,1215.025686,1217.026455,2.000768999999991,9.700834694632531,8.2875,11.212499999999999,1,1,1,1,580,80,80,581.0,80.0,580.0,580,80,19.409129331144868,11710.497313782902
4306,0,623,0,0,345428,345990,1217.026455,1219.032001,2.005546000000095,9.699434565895597,8.2875,11.212499999999999,1,1,1,1,562,80,80,562.0,81.0,562.0,562,81,19.452662195893936,11747.424392159983
4306,0,624,0,0,345990,346565,1219.032001,1221.033386,2.0013850000000275,9.754969546306567,8.2875,11.212499999999999,1,1,1,1,575,80,80,576.0,79.0,575.0,575,79,19.523449725435057,11811.820314432094
4306,0,625,0,0,346565,347127,1221.033386,1223.033733,2.0003469999999197,9.697579642121699,8.2875,11.212499999999999,1,1,1,1,562,80,80,562.0,80.0,562.0,562,80,19.39852434437853,11682.473090919195
4306,0,626,0,0,347127,347686,1223.033733,1225.034673,2.000940000000128,9.759752223529457,8.2875,11.212499999999999,1,1,1,1,559,80,80,559.0,80.0,559.0,559,80,19.528678614149612,11788.459424069933
4306,0,627,0,0,347686,348250,1225.034673,1227.04111,2.006436999999778,9.792949332711277,8.2875,11.212499999999999,1,1,1,1,564,80,80,564.0,81.0,564.0,564,81,19.64893588027553,11657.480399336031
4306,0,628,0,0,348250,348790,1227.04111,1229.043387,2.002277000000049,9.738063334878419,8.2875,11.212499999999999,1,1,1,1,540,80,80,540.0,80.0,540.0,540,80,19.498300239971286,11565.332868528896
4306,0,629,0,0,348790,349371,1229.043387,1231.045663,2.0022760000001654,9.738432385420063,8.2875,11.212499999999999,1,1,1,1,581,80,80,581.0,80.0,581.0,581,80,19.499029442951723,12001.342472265569
4306,0,630,0,0,349371,349901,1231.045663,1233.04794,2.002276999999822,9.730933804668236,8.2875,11.212499999999999,1,1,1,1,530,80,80,530.0,80.0,530.0,530,80,19.484024945608326,11888.964414015703
4306,0,631,0,0,349901,350464,1233.04794,1235.050218,2.0022780000001603,9.6241943020411,8.2875,11.212499999999999,1,1,1,1,563,80,80,566.0,80.0,563.0,563,80,19.270312518703577,11701.671795823619
4306,0,632,0,0,350464,350993,1235.050218,1237.050589,2.000370999999859,9.765026259245715,8.2875,11.212499999999999,1,1,1,1,529,80,80,531.0,79.0,529.0,529,79,19.53367534323297,11570.353699389578
4306,0,633,0,0,350993,351000,1237.050589,1237.073882,0.023292999999966923,9.760254617962325,8.2875,11.212499999999999,1,1,1,1,7,1,1,7.0,1.0,7.0,7,1,0.2273456108159735,12063.710127523249
4306,0,634,0,0,351000,351554,1237.073882,1239.074132,2.000250000000051,9.705489937129503,8.2875,11.212499999999999,1,1,1,1,554,80,80,554.0,80.0,554.0,554,80,19.41340624674376,11291.088613922971
4306,0,635,0,0,351554,352136,1239.074132,1241.075979,2.001846999999998,9.89408239566202,8.2875,11.212499999999999,1,1,1,1,582,80,80,582.0,80.0,582.0,582,80,19.806439161508024,12072.850722357914
4306,0,636,0,0,352136,352703,1241.075979,1243.084352,2.0083730000001196,9.759464910799528,8.2875,11.212499999999999,1,1,1,1,567,80,80,567.0,81.0,567.0,567,81,19.600645821297803,11969.888063620934
4306,0,637,0,0,352703,353259,1243.084352,1245.084495,2.00014299999998,9.739288166112432,8.2875,11.212499999999999,1,1,1,1,556,80,80,556.0,79.0,556.0,556,79,19.479969050433283,11700.163438314277
4306,0,638,0,0,353259,353852,1245.084495,1247.088908,2.004412999999886,9.890550965638521,8.2875,11.212499999999999,1,1,1,1,593,80,80,593.0,81.0,593.0,593,81,19.824748932687726,11894.75422480365
4306,0,639,0,0,353852,354473,1247.088908,1249.091185,2.002277000000049,10.055769772395015,8.2875,11.212499999999999,1,1,1,1,621,80,80,621.0,80.0,621.0,621,80,20.134436532562177,12012.323969160816
4306,0,640,0,0,354473,355077,1249.091185,1251.093461,2.002275999999938,10.087311176715632,8.2875,11.212499999999999,1,1,1,1,604,80,80,604.0,80.0,604.0,604,80,20.197581073669426,12188.629339811672
4306,0,641,0,0,355077,355615,1251.093461,1253.095738,2.002277000000049,9.954551259541653,8.2875,11.212499999999999,1,1,1,1,538,80,80,538.0,80.0,538.0,538,80,19.931769032302327,11985.354673703694
4306,0,642,0,0,355615,356246,1253.095738,1255.097373,2.0016350000000784,10.0399848082509,8.2875,11.212499999999999,1,1,1,1,631,80,80,631.0,79.0,631.0,631,79,20.09638499166431,12009.182493311248
4306,0,643,0,0,356246,356857,1255.097373,1257.099743,2.002369999999928,9.981417744158167,8.2875,11.212499999999999,1,1,1,1,611,80,80,611.0,80.0,611.0,611,80,19.986491448369634,11935.356602426555
4306,0,644,0,0,356857,357456,1257.099743,1259.102568,2.00282500000003,10.01477957841448,8.2875,11.212499999999999,1,1,1,1,599,80,80,599.0,81.0,599.0,599,81,20.057850909137414,12026.013256275332
4306,0,645,0,0,357456,358029,1259.102568,1261.104551,2.001982999999882,10.052742237019748,8.2875,11.212499999999999,1,1,1,1,573,80,80,573.0,79.0,573.0,573,79,20.125419061894718,11879.221751633957
4306,0,646,0,0,358029,358621,1261.104551,1263.106269,2.00171800000021,9.998661301134378,8.2875,11.212499999999999,1,1,1,1,592,80,80,592.0,80.0,592.0,592,80,20.014500302386296,11885.790106297443
4306,0,647,0,0,358621,359212,1263.106269,1265.107076,2.000806999999895,10.043747914196246,8.2875,11.212499999999999,1,1,1,1,591,80,80,591.0,80.0,591.0,591,80,20.09560113295811,11908.195043300651
4306,0,648,0,0,359212,359806,1265.107076,1267.107337,2.0002609999999095,10.098321638600435,8.2875,11.212499999999999,1,1,1,1,594,80,80,594.0,80.0,594.0,594,80,20.199278939147916,12037.429115500972
4306,0,649,0,0,359806,360414,1267.107337,1269.113954,2.0066170000000056,10.029865510735032,8.2875,11.212499999999999,1,1,1,1,608,80,80,608.0,81.0,608.0,608,81,20.126098641554563,11878.200972083827
4306,0,650,0,0,360414,360995,1269.113954,1271.11623,2.0022760000001654,10.009302628362722,8.2875,11.212499999999999,1,1,1,1,581,80,80,581.0,80.0,581.0,581,80,20.041386429509657,11969.878278518057
4306,0,651,0,0,360995,361594,1271.11623,1273.118507,2.002276999999822,10.204605220602126,8.2875,11.212499999999999,1,1,1,1,599,80,80,599.0,80.0,599.0,599,80,20.432446327289654,12532.731485205211
4306,0,652,0,0,361594,362188,1273.118507,1275.120784,2.002277000000049,10.037659724851073,8.2875,11.212499999999999,1,1,1,1,594,80,80,594.0,80.0,594.0,594,80,20.09817520089564,12238.066960764869
4306,0,653,0,0,362188,362796,1275.120784,1277.123062,2.002277999999933,10.117224488081359,8.2875,11.212499999999999,1,1,1,1,608,80,80,608.0,80.0,608.0,608,80,20.257496013546188,12020.308868199523
4306,0,654,0,0,362796,363367,1277.123062,1279.12482,2.001758000000109,9.975769850036203,8.2875,11.212499999999999,1,1,1,1,571,80,80,571.0,79.0,571.0,571,79,19.969077103469317,12063.895835559886
4306,0,655,0,0,363367,363945,1279.12482,1281.124945,2.0001250000000255,9.993031258980595,8.2875,11.212499999999999,1,1,1,1,578,80,80,578.0,80.0,578.0,578,80,19.987311646867965,11914.755327791861
4306,0,656,0,0,363945,364000,1281.124945,1281.322436,0.19749099999989994,9.920844378900517,8.2875,11.212499999999999,1,1,1,1,55,8,8,55.0,8.0,55.0,55,8,1.959277477231808,11362.543103235777
4306,0,657,0,0,364000,364600,1281.322436,1283.33012,2.007684000000154,9.922133974025034,8.2875,11.212499999999999,1,1,1,1,600,80,80,601.0,81.0,600.0,600,81,19.920509625508203,11835.029815448137
4306,0,658,0,0,364600,365145,1283.33012,1285.332398,2.002277999999933,9.871229798466915,8.2875,11.212499999999999,1,1,1,1,545,80,80,545.0,80.0,545.0,545,80,19.764946258414057,11795.065420486462
4306,0,659,0,0,365145,365719,1285.332398,1287.334674,2.002275999999938,10.023509655515298,8.2875,11.212499999999999,1,1,1,1,574,80,80,575.0,80.0,574.0,574,80,20.06983281900648,12145.178786541293
4306,0,660,0,0,365719,366308,1287.334674,1289.336645,2.0019710000001396,10.04431746918886,8.2875,11.212499999999999,1,1,1,1,589,80,80,589.0,79.0,589.0,589,79,20.108432288110635,12125.050762472736
4306,0,661,0,0,366308,366893,1289.336645,1291.339227,2.0025819999998475,9.916225364579503,8.2875,11.212499999999999,1,1,1,1,585,80,80,585.0,81.0,585.0,585,81,19.858054423048088,12065.423538213086
4306,0,662,0,0,366893,367451,1291.339227,1293.341504,2.002277000000049,9.936701413830237,8.2875,11.212499999999999,1,1,1,1,558,80,80,558.0,80.0,558.0,558,80,19.896028696779467,12054.775637935914
4306,0,663,0,0,367451,368014,1293.341504,1295.343781,2.002277000000049,9.97895819143277,8.2875,11.212499999999999,1,1,1,1,563,80,80,563.0,80.0,563.0,563,80,19.980638470668055,11892.959865193185
4306,0,664,0,0,368014,368600,1295.343781,1297.346058,2.002277000000049,9.926813744194176,8.2875,11.212499999999999,1,1,1,1,586,80,80,586.0,80.0,586.0,586,80,19.876230843285157,11741.632151794893
4306,0,665,0,0,368600,369153,1297.346058,1299.348335,2.002276999999822,9.95148087791893,8.2875,11.212499999999999,1,1,1,1,553,80,80,553.0,80.0,553.0,553,80,19.925621277794562,12009.826812175408
4306,0,666,0,0,369153,369752,1299.348335,1301.349544,2.001209000000017,10.04661117027042,8.2875,11.212499999999999,1,1,1,1,599,80,80,599.0,79.0,599.0,599,79,20.105368693446508,12197.626534759633
4306,0,667,0,0,369752,370341,1301.349544,1303.349541,1.9999970000001213,10.033202216781993,8.2875,11.212499999999999,1,1,1,1,589,80,80,589.0,80.0,589.0,589,80,20.066374333959175,12114.018171026522
4306,0,668,0,0,370341,370920,1303.349541,1305.351873,2.002332000000024,10.017614478086111,8.2875,11.212499999999999,1,1,1,1,579,80,80,579.0,80.0,579.0,579,80,20.05859003313526,12084.908996110391
4306,0,669,0,0,370920,371514,1305.351873,1307.352534,2.0006610000000364,10.06285196937455,8.2875,11.212499999999999,1,1,1,1,594,80,80,594.0,80.0,594.0,594,80,20.132355483901847,12035.522259892887
4306,0,670,0,0,371514,372122,1307.352534,1309.353004,2.0004699999999502,10.001133339479784,8.2875,11.212499999999999,1,1,1,1,608,80,80,608.0,80.0,608.0,608,80,20.006967211627853,12062.66527366099
4306,0,671,0,0,372122,372668,1309.353004,1311.36183,2.008825999999999,9.994978904681123,8.2875,11.212499999999999,1,1,1,1,546,80,80,546.0,80.0,546.0,546,80,20.0781734931752,11982.620694873529
4306,0,672,0,0,372668,373265,1311.36183,1313.36332,2.001489999999876,10.036481355828363,8.2875,11.212499999999999,1,1,1,1,597,80,80,597.0,80.0,597.0,597,80,20.087917068874958,11994.064422006348
4306,0,673,0,0,373265,373818,1313.36332,1315.364228,2.0009079999999813,10.088348399361013,8.2875,11.212499999999999,1,1,1,1,553,80,80,553.0,80.0,553.0,553,80,20.185857019068862,12041.533143952758
4306,0,674,0,0,373818,374374,1315.364228,1317.365821,2.0015930000001845,9.999117578798401,8.2875,11.212499999999999,1,1,1,1,556,80,80,556.0,80.0,556.0,556,80,20.014163751900924,11875.541131487675
4306,0,675,0,0,374374,374954,1317.365821,1319.367401,2.0015799999998762,10.096322416284767,8.2875,11.212499999999999,1,1,1,1,580,80,80,580.0,80.0,580.0,580,80,20.20859702198686,12114.929205928067
4306,0,676,0,0,374954,375597,1319.367401,1321.368245,2.0008439999999155,10.01299615342715,8.2875,11.212499999999999,1,1,1,1,643,80,80,643.0,80.0,643.0,643,80,20.034443275606463,12361.783327436344
4306,0,677,0,0,375597,376137,1321.368245,1323.368441,2.0001960000001873,9.953872933705725,8.2875,11.212499999999999,1,1,1,1,540,80,80,541.0,80.0,540.0,540,80,19.90969682650757,11802.843321353403
4306,0,678,0,0,376137,376739,1323.368441,1325.377936,2.0094950000000154,10.00400444181436,8.2875,11.212499999999999,1,1,1,1,602,80,80,602.0,81.0,602.0,602,81,20.102996905803593,12116.97466278832
4306,0,679,0,0,376739,377000,1325.377936,1326.340473,0.9625369999998838,9.952414409820225,8.2875,11.212499999999999,1,1,1,1,261,39,39,261.0,38.0,261.0,261,38,9.579567108783522,11923.697478643819
4306,0,680,0,0,377000,377595,1326.340473,1328.34068,2.000207000000046,9.972052224833746,8.2875,11.212499999999999,1,1,1,1,595,80,80,595.0,80.0,595.0,595,80,19.946168664479046,11591.300300418641
4306,0,681,0,0,377595,378157,1328.34068,1330.342536,2.001856000000089,9.943019058577873,8.2875,11.212499999999999,1,1,1,1,562,80,80,562.0,80.0,562.0,562,80,19.90449236052882,11797.551871862388
4306,0,682,0,0,378157,378765,1330.342536,1332.344115,2.0015789999999924,10.069361054337708,8.2875,11.212499999999999,1,1,1,1,608,80,80,608.0,80.0,608.0,608,80,20.154621629779285,12246.831126825418
4306,0,683,0,0,378765,379333,1332.344115,1334.350512,2.006396999999879,9.991111268630178,8.2875,11.212499999999999,1,1,1,1,568,80,80,568.0,80.0,568.0,568,80,20.046135676044287,11711.0422314235
4306,0,684,0,0,379333,379946,1334.350512,1336.356327,2.005814999999984,10.01140937361495,8.2875,11.212499999999999,1,1,1,1,613,80,80,613.0,80.0,613.0,613,80,20.081035092736784,12205.013922021819
4306,0,685,0,0,379946,380544,1336.356327,1338.358025,2.001698000000033,10.00422510737154,8.2875,11.212499999999999,1,1,1,1,598,80,80,598.0,80.0,598.0,598,80,20.02543738897657,12057.7629592474
4306,0,686,0,0,380544,381092,1338.358025,1340.36054,2.002514999999903,9.973892397623166,8.2875,11.212499999999999,1,1,1,1,548,80,80,548.0,80.0,548.0,548,80,19.97286913462449,11864.580290285541
4306,0,687,0,0,381092,381696,1340.36054,1342.360598,2.000058000000081,10.041810833020508,8.2875,11.212499999999999,1,1,1,1,604,80,80,604.0,80.0,604.0,604,80,20.084204091070205,11910.154605515958
4306,0,688,0,0,381696,382285,1342.360598,1344.361955,2.001357000000098,9.969399955263144,8.2875,11.212499999999999,1,1,1,1,589,80,80,589.0,80.0,589.0,589,80,19.952328386267254,12229.702147092597
4306,0,689,0,0,382285,382911,1344.361955,1346.36316,2.001205000000027,10.00950621087397,8.2875,11.212499999999999,1,1,1,1,626,80,80,626.0,80.0,626.0,626,80,20.03107387673299,12103.207817289918
4306,0,690,0,0,382911,383538,1346.36316,1348.363174,2.0000139999999647,10.042288031898924,8.2875,11.212499999999999,1,1,1,1,627,80,80,627.0,80.0,627.0,627,80,20.08471665583056,12090.415367092644
4306,0,691,0,0,383538,384141,1348.363174,1350.369855,2.006680999999844,9.987024214062163,8.2875,11.212499999999999,1,1,1,1,603,80,80,603.0,80.0,603.0,603,80,20.040771736896204,12213.20179939009
4306,0,692,0,0,384141,384719,1350.369855,1352.37491,2.005055000000084,9.997981957692279,8.2875,11.212499999999999,1,1,1,1,578,80,80,578.0,80.0,578.0,578,80,20.04650371418211,12106.401071291803
4306,0,693,0,0,384719,385286,1352.37491,1354.377764,2.0028540000000703,10.067859303462786,8.2875,11.212499999999999,1,1,1,1,567,80,80,567.0,80.0,567.0,567,80,20.164452277378587,12059.291391184355
4306,0,694,0,0,385286,385878,1354.377764,1356.378684,2.000919999999951,10.138437906559476,8.2875,11.212499999999999,1,1,1,1,592,80,80,592.0,80.0,592.0,592,80,20.28620317599234,12160.406213142252
4306,0,695,0,0,385878,386459,1356.378684,1358.3811,2.0024160000000393,9.991340017578256,8.2875,11.212499999999999,1,1,1,1,581,80,80,582.0,80.0,581.0,581,80,20.006819112639278,11979.528729294776
4306,0,696,0,0,386459,387043,1358.3811,1360.392754,2.0116539999999077,10.04501213991502,8.2875,11.212499999999999,1,1,1,1,584,80,80,584.0,81.0,584.0,584,81,20.20708885130807,12181.021189529176
4306,0,697,0,0,387043,387610,1360.392754,1362.394785,2.002030999999988,9.963505848963296,8.2875,11.212499999999999,1,1,1,1,567,80,80,567.0,79.0,567.0,567,79,19.947247578305905,11776.041429927978
4306,0,698,0,0,387610,388152,1362.394785,1364.395971,2.0011859999999615,9.891195115961422,8.2875,11.212499999999999,1,1,1,1,542,80,80,543.0,80.0,542.0,542,80,19.794121189330326,11820.990152839593
4306,0,699,0,0,388152,388729,1364.395971,1366.396341,2.0003699999999753,10.01636518802854,8.2875,11.212499999999999,1,1,1,1,577,80,80,577.0,80.0,577.0,577,80,20.036436431177208,12393.207256657672
4306,0,700,0,0,388729,389297,1366.396341,1368.396986,2.000645000000077,10.00157735443713,8.2875,11.212499999999999,1,1,1,1,568,80,80,568.0,80.0,568.0,568,80,20.009605726269,11831.184443016673
4306,0,701,0,0,389297,389887,1368.396986,1370.402591,2.0056050000000596,10.040908369039665,8.2875,11.212499999999999,1,1,1,1,590,80,80,590.0,80.0,590.0,590,80,20.138096029488224,12344.903408198157
4306,0,702,0,0,389887,390000,1370.402591,1370.792723,0.39013199999999415,10.043397571298629,8.2875,11.212499999999999,1,1,1,1,113,16,16,113.0,16.0,113.0,113,16,3.9182507812856784,12113.84864609945
4306,0,703,0,0,390000,390599,1370.792723,1372.792817,2.00009399999999,10.103941748373387,8.2875,11.212499999999999,1,1,1,1,599,80,80,599.0,80.0,599.0,599,80,20.208833267270165,12137.429540811643
4306,0,704,0,0,390599,391161,1372.792817,1374.796964,2.0041469999998753,10.032632073927575,8.2875,11.212499999999999,1,1,1,1,562,80,80,562.0,80.0,562.0,562,80,20.106869473063853,11979.161209233402
4306,0,705,0,0,391161,391772,1374.796964,1376.802037,2.0050730000000385,10.035622545206122,8.2875,11.212499999999999,1,1,1,1,611,80,80,611.0,80.0,611.0,611,80,20.122155803584974,12213.021670532458
4306,0,706,0,0,391772,392370,1376.802037,1378.8137,2.0116629999999986,10.036887637838317,8.2875,11.212499999999999,1,1,1,1,598,80,80,598.0,81.0,598.0,598,81,20.190835496196087,12205.821750462188
4306,0,707,0,0,392370,392978,1378.8137,1380.814024,2.0003240000000915,10.057482693429971,8.2875,11.212499999999999,1,1,1,1,608,80,80,608.0,79.0,608.0,608,79,20.118224011253915,12151.031532891117
4306,0,708,0,0,392978,393564,1380.814024,1382.816909,2.0028849999998783,10.083938107828564,8.2875,11.212499999999999,1,1,1,1,586,80,80,586.0,80.0,586.0,586,80,20.19696837709671,11993.19980927585
4306,0,709,0,0,393564,394172,1382.816909,1384.818883,2.0019740000000183,9.93109777652678,8.2875,11.212499999999999,1,1,1,1,608,80,80,608.0,80.0,608.0,608,80,19.881799540064094,11786.366855913106
4306,0,710,0,0,394172,394748,1384.818883,1386.820407,2.0015240000000176,9.99424968527209,8.2875,11.212499999999999,1,1,1,1,576,80,80,576.0,80.0,576.0,576,80,20.003730607064426,12021.339739118686
4306,0,711,0,0,394748,395329,1386.820407,1388.820489,2.0000820000000203,10.09978132409534,8.2875,11.212499999999999,1,1,1,1,581,80,80,581.0,80.0,581.0,581,80,20.200390830259494,11966.00939361474
4306,0,712,0,0,395329,395920,1388.820489,1390.825274,2.0047850000000835,10.02357510458521,8.2875,11.212499999999999,1,1,1,1,591,80,80,592.0,80.0,591.0,591,80,20.095113016046525,12242.21051135108
4306,0,713,0,0,395920,396487,1390.825274,1392.827502,2.002228000000059,10.005947117330509,8.2875,11.212499999999999,1,1,1,1,567,80,80,567.0,80.0,567.0,567,80,20.034187484838185,11897.745911054733
4306,0,714,0,0,396487,397073,1392.827502,1394.829174,2.0016719999998713,10.053597631059821,8.2875,11.212499999999999,1,1,1,1,586,80,80,587.0,80.0,586.0,586,80,20.124004877357947,11932.524409594347
4306,0,715,0,0,397073,397668,1394.829174,1396.834192,2.0050180000000637,10.104647860628443,8.2875,11.212499999999999,1,1,1,1,595,80,80,595.0,81.0,595.0,595,81,20.260000844222304,12297.645208172304
4306,0,716,0,0,397668,398263,1396.834192,1398.83429,2.00009799999998,9.998269083564614,8.2875,11.212499999999999,1,1,1,1,595,80,80,595.0,79.0,595.0,595,79,19.997517997499017,12033.410362892339
4306,0,717,0,0,398263,398844,1398.83429,1400.838746,2.004455999999891,9.857801046839285,8.2875,11.212499999999999,1,1,1,1,581,80,80,581.0,81.0,581.0,581,81,19.759528455142572,11988.78897815732
4306,0,718,0,0,398844,399400,1400.838746,1402.840706,2.0019600000000537,9.764246004009072,8.2875,11.212499999999999,1,1,1,1,556,80,80,557.0,79.0,556.0,556,79,19.547629930186304,11702.032008631228
4306,0,719,0,0,399400,399972,1402.840706,1404.8433,2.0025940000000446,9.80523459395535,8.2875,11.212499999999999,1,1,1,1,572,80,80,572.0,81.0,572.0,572,81,19.635903966447586,11724.79294355195
4306,0,720,0,0,399972,400587,1404.8433,1406.845577,2.002277000000049,9.816123884636797,8.2875,11.212499999999999,1,1,1,1,615,80,80,615.0,80.0,615.0,615,80,19.654599083360154,11920.928023445014
4306,0,721,0,0,400587,401191,1406.845577,1408.84594,2.0003629999998793,9.872005644594928,8.2875,11.212499999999999,1,1,1,1,604,80,80,604.0,79.0,604.0,604,79,19.747594827236753,12014.319401029437
4306,0,722,0,0,401191,401791,1408.84594,1410.847959,2.0020190000000184,9.838339163635165,8.2875,11.212499999999999,1,1,1,1,600,80,80,600.0,80.0,600.0,600,80,19.696541934041306,11715.173532319017
4306,0,723,0,0,401791,402350,1410.847959,1412.850409,2.0024499999999534,9.806082034763447,8.2875,11.212499999999999,1,1,1,1,559,80,80,559.0,80.0,559.0,559,80,19.636188970511284,11718.644660291417
4306,0,724,0,0,402350,402894,1412.850409,1414.850752,2.000343000000157,9.782819004745622,8.2875,11.212499999999999,1,1,1,1,544,80,80,544.0,80.0,544.0,544,80,19.568993516411865,11827.971502886325
4306,0,725,0,0,402894,403000,1414.850752,1415.219455,0.36870299999986855,9.724347070684837,8.2875,11.212499999999999,1,1,1,1,106,15,15,106.0,15.0,106.0,106,15,3.585395938001966,11730.308676635508
4306,0,726,0,0,403000,403555,1415.219455,1417.220869,2.001414000000068,9.812724816079452,8.2875,11.212499999999999,1,1,1,1,555,80,80,555.0,80.0,555.0,555,80,19.639324825049698,11776.673891558268
4306,0,727,0,0,403555,404140,1417.220869,1419.227214,2.0063450000000103,9.826004683532087,8.2875,11.212499999999999,1,1,1,1,585,80,80,585.0,80.0,585.0,585,80,19.714355366781092,11877.31920482264
4306,0,728,0,0,404140,404717,1419.227214,1421.236942,2.0097279999999955,9.802891300639937,8.2875,11.212499999999999,1,1,1,1,577,80,80,577.0,81.0,577.0,577,81,19.701145127852215,11817.519584739852
4306,0,729,0,0,404717,405288,1421.236942,1423.237416,2.00047399999994,9.790524893386321,8.2875,11.212499999999999,1,1,1,1,571,80,80,572.0,79.0,571.0,571,79,19.585690495570816,11776.209038458237
4306,0,730,0,0,405288,405853,1423.237416,1425.241496,2.004080000000158,9.833409840798032,8.2875,11.212499999999999,1,1,1,1,565,80,80,565.0,81.0,565.0,565,81,19.706939993748165,12165.183026624723
4306,0,731,0,0,405853,406416,1425.241496,1427.243773,2.002276999999822,9.88362023999564,8.2875,11.212499999999999,1,1,1,1,563,80,80,563.0,80.0,563.0,563,80,19.78974548327642,12025.808616890741
4306,0,732,0,0,406416,407015,1427.243773,1429.24605,2.002277000000049,9.727707301943807,8.2875,11.212499999999999,1,1,1,1,599,80,80,599.0,80.0,599.0,599,80,19.47756459341508,11874.980334888438
4306,0,733,0,0,407015,407622,1429.24605,1431.248328,2.002277999999933,9.771000102635009,8.2875,11.212499999999999,1,1,1,1,607,80,80,607.0,80.0,607.0,607,80,19.564258543503456,11994.837879655475
4306,0,734,0,0,407622,408220,1431.248328,1433.249611,2.0012830000000577,9.82392403572549,8.2875,11.212499999999999,1,1,1,1,598,80,80,598.0,79.0,598.0,598,79,19.660452165990137,12255.638008217375
4306,0,735,0,0,408220,408805,1433.249611,1435.251621,2.0020099999999275,9.7972131105044,8.2875,11.212499999999999,1,1,1,1,585,80,80,585.0,80.0,585.0,585,80,19.614118619359942,11924.515861559565
4306,0,736,0,0,408805,409375,1435.251621,1437.255159,2.0035380000001624,9.782450309713102,8.2875,11.212499999999999,1,1,1,1,570,80,80,570.0,81.0,570.0,570,81,19.599510928623204,11782.656480684713
4306,0,737,0,0,409375,409952,1437.255159,1439.257435,2.002275999999938,9.854794703042637,8.2875,11.212499999999999,1,1,1,1,577,80,80,577.0,80.0,577.0,577,80,19.732018918828544,12062.772564821607
4306,0,738,0,0,409952,410582,1439.257435,1441.257814,2.0003790000000663,9.735713537061946,8.2875,11.212499999999999,1,1,1,1,630,80,80,630.0,79.0,630.0,630,79,19.475116909554345,11968.731925299759
4306,0,739,0,0,410582,411173,1441.257814,1443.260947,2.0031329999999343,9.757860169448229,8.2875,11.212499999999999,1,1,1,1,591,80,80,591.0,80.0,591.0,591,80,19.546291714807012,11705.163860812421
4306,0,740,0,0,411173,411701,1443.260947,1445.262284,2.0013369999999213,9.690222031503021,8.2875,11.212499999999999,1,1,1,1,528,80,80,528.0,80.0,528.0,528,80,19.39339988986103,11798.112961485711
4306,0,741,0,0,411701,412277,1445.262284,1447.262476,2.0001920000001974,9.769633808807678,8.2875,11.212499999999999,1,1,1,1,576,80,80,576.0,80.0,576.0,576,80,19.541143387308693,11895.857997631054
4306,0,742,0,0,412277,412880,1447.262476,1449.267237,2.0047609999999167,9.771038026628837,8.2875,11.212499999999999,1,1,1,1,603,80,80,603.0,80.0,603.0,603,80,19.588595965302375,11896.181140794833
4306,0,743,0,0,412880,413495,1449.267237,1451.267449,2.0002119999999195,9.919881589769757,8.2875,11.212499999999999,1,1,1,1,615,80,80,615.0,80.0,615.0,615,80,19.84186619443608,12186.708208930344
4306,0,744,0,0,413495,414086,1451.267449,1453.267627,2.0001780000000053,9.848364265716826,8.2875,11.212499999999999,1,1,1,1,591,80,80,591.0,80.0,591.0,591,80,19.69848154027386,11936.437657048491
4306,0,745,0,0,414086,414655,1453.267627,1455.269782,2.00215500000013,9.718452148417985,8.2875,11.212499999999999,1,1,1,1,569,80,80,569.0,80.0,569.0,569,80,19.457847561217932,11695.398208429659
4306,0,746,0,0,414655,415222,1455.269782,1457.27014,2.0003580000000056,9.783476347709767,8.2875,11.212499999999999,1,1,1,1,567,80,80,567.0,80.0,567.0,567,80,19.57045517995175,12055.8420042812
4306,0,747,0,0,415222,415792,1457.27014,1459.270337,2.0001969999998437,9.799668382920322,8.2875,11.212499999999999,1,1,1,1,570,80,80,570.0,80.0,570.0,570,80,19.60126730050979,11916.826192620958
4306,0,748,0,0,415792,416000,1459.270337,1459.926596,0.656259000000091,9.822118925674372,8.2875,11.212499999999999,1,1,1,1,208,26,26,208.0,26.0,208.0,208,26,6.445853944045666,12050.120455489227
4306,0,749,0,0,416000,416626,1459.926596,1461.928695,2.002099000000044,9.775343572637718,8.2875,11.212499999999999,1,1,1,1,626,80,80,627.0,80.0,626.0,626,80,19.5712055914355,12001.404525949752
4306,0,750,0,0,416626,417189,1461.928695,1463.929954,2.001258999999891,9.795715190546385,8.2875,11.212499999999999,1,1,1,1,563,80,80,563.0,80.0,563.0,563,80,19.603763186516517,11809.565878280267
4306,0,751,0,0,417189,417810,1463.929954,1465.934176,2.004222000000027,9.837977692215496,8.2875,11.212499999999999,1,1,1,1,621,80,80,621.0,80.0,621.0,621,80,19.71749132624791,11983.70240422452
4306,0,752,0,0,417810,418359,1465.934176,1467.934925,2.0007490000000416,9.730875814672101,8.2875,11.212499999999999,1,1,1,1,549,80,80,550.0,80.0,549.0,549,80,19.46904005532997,11907.040813215202
4306,0,753,0,0,418359,418919,1467.934925,1469.93721,2.002285000000029,9.841741228745425,8.2875,11.212499999999999,1,1,1,1,560,80,80,560.0,80.0,560.0,560,80,19.705970836199413,11963.331893311719
4306,0,754,0,0,418919,419542,1469.93721,1471.944611,2.0074009999998452,9.836768281394951,8.2875,11.212499999999999,1,1,1,1,623,80,80,623.0,81.0,623.0,623,81,19.746338484839725,11726.60569562425
4306,0,755,0,0,419542,420109,1471.944611,1473.94689,2.002279000000044,9.841353823634313,8.2875,11.212499999999999,1,1,1,1,567,80,80,567.0,80.0,567.0,567,80,19.70513609263253,11951.88083179191
4306,0,756,0,0,420109,420637,1473.94689,1475.947312,2.0004220000000714,9.845832087520257,8.2875,11.212499999999999,1,1,1,1,528,80,80,528.0,79.0,528.0,528,79,19.695819116182975,11866.496169307853
4306,0,757,0,0,420637,421225,1475.947312,1477.950974,2.0036620000000767,9.774992185099068,8.2875,11.212499999999999,1,1,1,1,588,80,80,588.0,80.0,588.0,588,80,19.585780391580556,11555.841254662271
4306,0,758,0,0,421225,421806,1477.950974,1479.953477,2.0025029999999333,9.829711402467515,8.2875,11.212499999999999,1,1,1,1,581,80,80,581.0,80.0,581.0,581,80,19.68402657257502,11689.870127535778
4306,0,759,0,0,421806,422383,1479.953477,1481.955996,2.002518999999893,9.857056353611505,8.2875,11.212499999999999,1,1,1,1,577,80,80,577.0,81.0,577.0,577,81,19.738942632176986,11691.274839340476
4306,0,760,0,0,422383,422947,1481.955996,1483.958272,2.0022760000001654,9.86478645840081,8.2875,11.212499999999999,1,1,1,1,564,80,80,564.0,80.0,564.0,564,80,19.752025170782872,11787.585727441197
4306,0,761,0,0,422947,423572,1483.958272,1485.958429,2.0001569999999447,9.760840980558262,8.2875,11.212499999999999,1,1,1,1,625,80,80,625.0,79.0,625.0,625,79,19.523214413149617,11723.079738240873
4306,0,762,0,0,423572,424163,1485.958429,1487.96056,2.002130999999963,9.891977494509945,8.2875,11.212499999999999,1,1,1,1,591,80,80,591.0,80.0,591.0,591,80,19.80503479306026,12245.951938210064
4306,0,763,0,0,424163,424793,1487.96056,1489.965103,2.0045430000000124,9.849532308721521,8.2875,11.212499999999999,1,1,1,1,630,80,80,630.0,81.0,630.0,630,81,19.743811042721063,11862.055341292182
4306,0,764,0,0,424793,425369,1489.965103,1491.966232,2.0011289999999917,9.805138971698218,8.2875,11.212499999999999,1,1,1,1,576,80,80,576.0,79.0,576.0,576,79,19.621347945296293,11587.45887946259
4306,0,765,0,0,425369,425952,1491.966232,1493.969657,2.0034250000001066,9.839474718497899,8.2875,11.212499999999999,1,1,1,1,583,80,80,583.0,81.0,583.0,583,81,19.712649637907816,11824.750115426701
4306,0,766,0,0,425952,426511,1493.969657,1495.971329,2.0016719999998713,9.788840329006252,8.2875,11.212499999999999,1,1,1,1,559,80,80,560.0,79.0,559.0,559,79,19.594047599041005,11712.20859361649
4306,0,767,0,0,426511,427073,1495.971329,1497.972939,2.001610000000028,9.836926579407184,8.2875,11.212499999999999,1,1,1,1,562,80,80,562.0,80.0,562.0,562,80,19.689690610606704,12019.324443822556
4306,0,768,0,0,427073,427666,1497.972939,1499.975861,2.0029219999998986,9.756214731182677,8.2875,11.212499999999999,1,1,1,1,593,80,80,593.0,80.0,593.0,593,80,19.540937121808383,11823.725536991056
4306,0,769,0,0,427666,428271,1499.975861,1501.976772,2.0009110000000874,9.766192081407095,8.2875,11.212499999999999,1,1,1,1,605,80,80,605.0,80.0,605.0,605,80,19.541281163801614,11742.651222367698
4306,0,770,0,0,428271,428837,1501.976772,1503.979808,2.0030360000000655,9.799575801919243,8.2875,11.212499999999999,1,1,1,1,566,80,80,566.0,80.0,566.0,566,80,19.628903115974026,11797.092014321874
4306,0,771,0,0,428837,429000,1503.979808,1504.558893,0.57908499999985,9.895123281306219,8.2875,11.212499999999999,1,1,1,1,163,24,24,163.0,24.0,163.0,163,24,5.7301174653530325,12117.392092701102
4306,0,772,0,0,429000,429558,1504.558893,1506.558974,2.0000810000001366,9.866493652760283,8.2875,11.212499999999999,1,1,1,1,558,79,79,559.0,80.0,558.0,558,80,19.733786491508,11991.014363917442
4306,0,773,0,0,429558,430119,1506.558974,1508.561251,2.002277000000049,9.732703177128343,8.2875,11.212499999999999,1,1,1,1,561,80,80,561.0,80.0,561.0,561,80,19.487567719392246,11763.10770188112
4306,0,774,0,0,430119,430693,1508.561251,1510.563527,2.002275999999938,9.775381064093445,8.2875,11.212499999999999,1,1,1,1,574,80,80,575.0,80.0,574.0,574,80,19.57301089548855,11907.44932267117
4306,0,775,0,0,430693,431298,1510.563527,1512.565715,2.002187999999933,9.727038297710212,8.2875,11.212499999999999,1,1,1,1,605,80,80,606.0,79.0,606.0,605,79,19.475359355215915,11727.669929097961
4306,0,776,0,0,431298,431902,1512.565715,1514.567901,2.002185999999938,9.814895953921162,8.2875,11.212499999999999,1,1,1,1,604,80,80,603.0,80.0,603.0,604,80,19.651247270396198,11761.644522537232
4306,0,777,0,0,431902,432508,1514.567901,1516.570358,2.0024570000000494,9.884310101126804,8.2875,11.212499999999999,1,1,1,1,606,80,80,606.0,81.0,606.0,606,81,19.792905952172077,12094.641732631164
4306,0,778,0,0,432508,433094,1516.570358,1518.572636,2.0022780000001603,9.773706200340701,8.2875,11.212499999999999,1,1,1,1,586,80,80,586.0,80.0,586.0,586,80,19.569676903407526,11749.117754876253
4306,0,779,0,0,433094,433702,1518.572636,1520.574912,2.002275999999938,9.774444337028514,8.2875,11.212499999999999,1,1,1,1,608,80,80,608.0,80.0,608.0,608,80,19.5711353093684,12100.729369977342
4306,0,780,0,0,433702,434306,1520.574912,1522.577189,2.002277000000049,9.83600330464193,8.2875,11.212499999999999,1,1,1,1,604,80,80,604.0,80.0,604.0,604,80,19.694403188808792,11919.429729252952
4306,0,781,0,0,434306,434894,1522.577189,1524.579466,2.002276999999822,9.88679470235248,8.2875,11.212499999999999,1,1,1,1,588,80,80,588.0,80.0,588.0,588,80,19.796101636240564,12004.333066804513
4306,0,782,0,0,434894,435474,1524.579466,1526.581743,2.002277000000049,9.746910197184368,8.2875,11.212499999999999,1,1,1,1,580,80,80,580.0,80.0,580.0,580,80,19.516014108889067,11910.939395497933
4306,0,783,0,0,435474,436047,1526.581743,1528.58402,2.002277000000049,9.698512656334174,8.2875,11.212499999999999,1,1,1,1,573,80,80,573.0,80.0,573.0,573,80,19.41910882598677,11819.543449782133
4306,0,784,0,0,436047,436642,1528.58402,1530.58462,2.0006000000000768,9.771638863659904,8.2875,11.212499999999999,1,1,1,1,595,80,80,595.0,79.0,595.0,595,79,19.549140710638312,12454.763570928244
4306,0,785,0,0,436642,437232,1530.58462,1532.588575,2.0039549999999053,9.875816683013083,8.2875,11.212499999999999,1,1,1,1,590,80,80,590.0,81.0,590.0,590,81,19.790692221005884,12134.504018304377
4306,0,786,0,0,437232,437872,1532.588575,1534.590851,2.002275999999938,9.811913419625775,8.2875,11.212499999999999,1,1,1,1,640,80,80,641.0,80.0,640.0,640,80,19.646158754194403,11973.873731693704
4306,0,787,0,0,437872,438483,1534.590851,1536.590903,2.000052000000096,9.848972624637732,8.2875,11.212499999999999,1,1,1,1,611,80,80,611.0,79.0,611.0,611,79,19.69845739585253,11819.192700989206
4306,0,788,0,0,438483,439089,1536.590903,1538.595074,2.004171000000042,9.843734228153197,8.2875,11.212499999999999,1,1,1,1,606,80,80,606.0,80.0,606.0,606,80,19.72852667177176,11799.392367217919
4306,0,789,0,0,439089,439718,1538.595074,1540.597681,2.002606999999898,9.815526513238,8.2875,11.212499999999999,1,1,1,1,629,80,80,629.0,81.0,629.0,629,81,19.656642104095226,12025.82433797606
4306,0,790,0,0,439718,440300,1540.597681,1542.597888,2.000207000000046,9.75184994543519,8.2875,11.212499999999999,1,1,1,1,582,80,80,583.0,79.0,582.0,582,79,19.505718523809264,11648.294401529174
4306,0,791,0,0,440300,440920,1542.597888,1544.602234,2.0043459999999413,9.829115038034617,8.2875,11.212499999999999,1,1,1,1,620,80,80,620.0,81.0,620.0,620,81,19.70094741002322,11937.559682809604
4306,0,792,0,0,440920,441470,1544.602234,1546.603623,2.0013890000000174,9.82174784743799,8.2875,11.212499999999999,1,1,1,1,550,80,80,550.0,79.0,550.0,550,79,19.657138102636964,11692.879295329292
4306,0,793,0,0,441470,442000,1546.603623,1548.434293,1.8306700000000546,9.907063387379406,8.2875,11.212499999999999,1,1,1,1,530,74,74,530.0,74.0,530.0,530,74,18.136563731373826,11777.108927332265
4306,0,794,0,0,442000,442549,1548.434293,1550.435039,2.0007459999999355,9.779637174702698,8.2875,11.212499999999999,1,1,1,1,549,80,80,550.0,80.0,549.0,549,80,19.56656995873709,11840.08364879938
4306,0,795,0,0,442549,443104,1550.435039,1552.436144,2.0011050000000523,9.729387048562161,8.2875,11.212499999999999,1,1,1,1,555,79,79,555.0,80.0,555.0,555,80,19.469525069813244,11892.929156640645
4306,0,796,0,0,443104,443719,1552.436144,1554.438422,2.002277999999933,9.873519573449574,8.2875,11.212499999999999,1,1,1,1,615,80,80,615.0,80.0,615.0,615,80,19.76953102448715,12078.74231250646
4306,0,797,0,0,443719,444288,1554.438422,1556.440697,2.002275000000054,9.818995721219618,8.2875,11.212499999999999,1,1,1,1,569,80,80,569.0,80.0,569.0,569,80,19.660329657705006,12061.280293665628
4306,0,798,0,0,444288,444883,1556.440697,1558.442976,2.002279000000044,9.74684861245791,8.2875,11.212499999999999,1,1,1,1,595,80,80,596.0,80.0,595.0,595,80,19.515910292904664,11606.77408093452
4306,0,799,0,0,444883,445506,1558.442976,1560.443583,2.0006069999999454,9.797855582517954,8.2875,11.212499999999999,1,1,1,1,623,80,80,623.0,79.0,623.0,623,79,19.601658463374406,11787.922365562374
4306,0,800,0,0,445506,446083,1560.443583,1562.444407,2.000823999999966,9.745516749568862,8.2875,11.212499999999999,1,1,1,1,577,80,80,577.0,80.0,577.0,577,80,19.499063804938487,11878.106220237465
4306,0,801,0,0,446083,446634,1562.444407,1564.444436,2.0000290000000405,9.722691850550136,8.2875,11.212499999999999,1,1,1,1,551,80,80,551.0,80.0,551.0,551,80,19.44566565916466,11686.83054095692
4306,0,802,0,0,446634,447189,1564.444436,1566.452084,2.0076480000000174,9.772885061039059,8.2875,11.212499999999999,1,1,1,1,555,80,80,555.0,81.0,555.0,555,81,19.62051314702512,11662.901066322282
4306,0,803,0,0,447189,447733,1566.452084,1568.45436,2.002275999999938,9.753628180030036,8.2875,11.212499999999999,1,1,1,1,544,80,80,544.0,80.0,544.0,544,80,19.529455617797794,11906.450459377598
4306,0,804,0,0,447733,448257,1568.45436,1570.454451,2.0000910000001113,9.749070189786817,8.2875,11.212499999999999,1,1,1,1,524,80,80,524.0,79.0,524.0,524,79,19.49902754496179,11678.968606927734
4306,0,805,0,0,448257,448874,1570.454451,1572.458914,2.004462999999987,9.748757654015977,8.2875,11.212499999999999,1,1,1,1,617,80,80,617.0,81.0,617.0,617,81,19.54102401344244,11783.704663044493
4306,0,806,0,0,448874,449481,1572.458914,1574.459353,2.000438999999915,9.715737944703578,8.2875,11.212499999999999,1,1,1,1,607,80,80,607.0,79.0,607.0,607,79,19.435741098364815,11934.38040350194
4306,0,807,0,0,449481,450084,1574.459353,1576.459407,2.000054000000091,9.758520478787942,8.2875,11.212499999999999,1,1,1,1,603,80,80,603.0,80.0,603.0,603,80,19.517567917682754,11910.678411682342
4306,0,808,0,0,450084,450654,1576.459407,1578.460513,2.001105999999936,9.800406879841018,8.2875,11.212499999999999,1,1,1,1,570,80,80,570.0,80.0,570.0,570,80,19.61165300968969,11817.464941887514
4306,0,809,0,0,450654,451243,1578.460513,1580.46148,2.000966999999946,9.78826405626091,8.2875,11.212499999999999,1,1,1,1,589,80,80,589.0,80.0,589.0,589,80,19.585993363863963,11657.363664668448
4306,0,810,0,0,451243,451824,1580.46148,1582.46165,2.0001700000000255,9.839390422158893,8.2875,11.212499999999999,1,1,1,1,581,80,80,581.0,80.0,581.0,581,80,19.680453540689996,11853.992410644943
4306,0,811,0,0,451824,452370,1582.46165,1584.462189,2.000539000000117,9.827350029791603,8.2875,11.212499999999999,1,1,1,1,546,80,80,547.0,80.0,546.0,546,80,19.659997001250304,12018.760943924908
4306,0,812,0,0,452370,452966,1584.462189,1586.473378,2.011188999999831,9.749850448485551,8.2875,11.212499999999999,1,1,1,1,596,80,80,596.0,80.0,596.0,596,80,19.60879197363829,11843.740195477401
4306,0,813,0,0,452966,453537,1586.473378,1588.477128,2.003750000000082,9.72948547616766,8.2875,11.212499999999999,1,1,1,1,571,80,80,571.0,81.0,571.0,571,81,19.49545652287088,11760.44915782859
4306,0,814,0,0,453537,454125,1588.477128,1590.477599,2.0004710000000614,9.861065557395833,8.2875,11.212499999999999,1,1,1,1,588,80,80,588.0,79.0,588.0,588,79,19.726775676670513,11977.179374256995
4306,0,815,0,0,454125,454691,1590.477599,1592.477736,2.000136999999995,9.727543100778083,8.2875,11.212499999999999,1,1,1,1,566,80,80,566.0,80.0,566.0,566,80,19.456418874960946,11643.202440632846
4306,0,816,0,0,454691,455000,1592.477736,1593.497794,1.0200580000000627,9.738793556431249,8.2875,11.212499999999999,1,1,1,1,309,41,41,310.0,41.0,309.0,309,41,9.934134277586054,11312.101860873881
4306,0,817,0,0,455000,455578,1593.497794,1595.500346,2.0025519999999233,9.834522792555706,8.2875,11.212499999999999,1,1,1,1,578,80,80,578.0,80.0,578.0,578,80,19.694143287277257,11811.927979898102
4306,0,818,0,0,455578,456143,1595.500346,1597.500473,2.0001270000000204,9.76390190287823,8.2875,11.212499999999999,1,1,1,1,565,80,80,565.0,80.0,565.0,565,80,19.52904382129782,11709.25646221453
4306,0,819,0,0,456143,456703,1597.500473,1599.500655,2.0001819999999952,9.789060987572693,8.2875,11.212499999999999,1,1,1,1,560,80,80,560.0,80.0,560.0,560,80,19.579903584244676,11828.923567955344
4306,0,820,0,0,456703,457289,1599.500655,1601.504237,2.0035820000000513,9.762113184493371,8.2875,11.212499999999999,1,1,1,1,586,80,80,586.0,80.0,586.0,586,80,19.55919425841421,11863.252914030667
4306,0,821,0,0,457289,457896,1601.504237,1603.50425,2.0000129999998535,9.739960859630958,8.2875,11.212499999999999,1,1,1,1,607,80,80,607.0,80.0,607.0,607,80,19.480048338751658,11960.422257256205
4306,0,822,0,0,457896,458488,1603.50425,1605.504458,2.000208000000157,9.808940405364327,8.2875,11.212499999999999,1,1,1,1,592,80,80,592.0,80.0,592.0,592,80,19.619921070334385,11979.75410557208
4306,0,823,0,0,458488,459057,1605.504458,1607.504672,2.0002139999999144,9.87340397851411,8.2875,11.212499999999999,1,1,1,1,569,80,80,569.0,80.0,569.0,569,80,19.748920865478794,11918.724696457988
4306,0,824,0,0,459057,459633,1607.504672,1609.507537,2.002864999999929,9.84987196603638,8.2875,11.212499999999999,1,1,1,1,576,80,80,576.0,80.0,576.0,576,80,19.727963815254043,12002.805980433455
4306,0,825,0,0,459633,460227,1609.507537,1611.51307,2.005533000000014,9.853129728973176,8.2875,11.212499999999999,1,1,1,1,594,80,80,594.0,80.0,594.0,594,80,19.76077682473624,11885.618436595076
4306,0,826,0,0,460227,460781,1611.51307,1613.515498,2.002428000000009,9.758470248065976,8.2875,11.212499999999999,1,1,1,1,554,80,80,554.0,80.0,554.0,554,80,19.540634061893797,11923.524840843163
4306,0,827,0,0,460781,461360,1613.515498,1615.52245,2.0069519999999557,9.71831794561878,8.2875,11.212499999999999,1,1,1,1,579,80,80,579.0,80.0,579.0,579,80,19.50419763759419,11536.399475423683
4306,0,828,0,0,461360,461955,1615.52245,1617.527397,2.0049470000001293,9.768278380836074,8.2875,11.212499999999999,1,1,1,1,595,80,80,595.0,80.0,595.0,595,80,19.5848804348243,12099.072943074523
4306,0,829,0,0,461955,462536,1617.527397,1619.532671,2.005273999999872,9.79347744908689,8.2875,11.212499999999999,1,1,1,1,581,80,80,581.0,80.0,581.0,581,80,19.63860569823919,11584.950485570293
4306,0,830,0,0,462536,463121,1619.532671,1621.533306,2.000635000000102,9.646836460724685,8.2875,11.212499999999999,1,1,1,1,585,80,80,585.0,80.0,585.0,585,80,19.29979866260328,11606.3149949885
4306,0,831,0,0,463121,463665,1621.533306,1623.534705,2.001398999999992,9.675870717752549,8.2875,11.212499999999999,1,1,1,1,544,80,80,544.0,80.0,544.0,544,80,19.365277978638915,11830.224757781978
4306,0,832,0,0,463665,464251,1623.534705,1625.541582,2.0068770000000313,9.79167501634912,8.2875,11.212499999999999,1,1,1,1,586,80,80,586.0,80.0,586.0,586,80,19.650687381785247,11626.522203403416
4306,0,833,0,0,464251,464849,1625.541582,1627.541901,2.0003189999999904,9.776578941431525,8.2875,11.212499999999999,1,1,1,1,598,80,80,598.0,80.0,598.0,598,80,19.5562766115454,11593.150892432712
4306,0,834,0,0,464849,465453,1627.541901,1629.545497,2.003596000000016,9.814416461529904,8.2875,11.212499999999999,1,1,1,1,604,80,80,604.0,80.0,604.0,604,80,19.66412556465548,11986.448365838127
4306,0,835,0,0,465453,466023,1629.545497,1631.551111,2.005613999999923,9.853311024787804,8.2875,11.212499999999999,1,1,1,1,570,80,80,570.0,81.0,570.0,570,81,19.761938537667447,11877.659410036484
4306,0,836,0,0,466023,466288,1631.551111,1633.553389,2.002277999999933,4.13877812937671,8.2875,11.212499999999999,1,0,0,1,265,80,80,265.0,80.0,265.0,265,80,8.286984395332183,4452.928114877304
4306,0,837,0,0,466288,466368,1633.553389,1635.555666,2.002277000000049,1.015057101212246,8.2875,11.212499999999999,1,0,0,0,80,80,80,80.0,80.0,80.0,80,80,2.0324254874431062,460.9751797578344
4306,0,838,0,0,466368,466448,1635.555666,1637.557943,2.002277000000049,1.0170346351394584,8.2875,11.212499999999999,1,0,0,0,80,80,80,80.0,80.0,80.0,80,80,2.0363850581434235,469.9649449102082
4306,0,839,0,0,466448,466528,1637.557943,1639.56022,2.002277000000049,1.0143805764476734,8.2875,11.212499999999999,1,0,0,0,80,80,80,80.0,80.0,80.0,80,80,2.031070897468453,442.4962180557327
4306,0,840,0,0,466528,466608,1639.56022,1641.562498,2.002277999999933,1.016097496773647,8.2875,11.212499999999999,1,0,0,0,80,80,80,80.0,80.0,80.0,80,80,2.0345096636447124,464.9703987158782
4306,0,841,0,0,466608,466688,1641.562498,1643.564772,2.002273999999943,1.0166195482959202,8.2875,11.212499999999999,1,0,0,0,80,80,80,80.0,80.0,80.0,80,80,2.035550889444494,445.49347392016546
4306,0,842,0,0,466688,466820,1643.564772,1645.56705,2.0022780000001603,1.8090882055411568,8.2875,11.212499999999999,1,0,0,0,132,80,80,132.0,80.0,132.0,132,80,3.622297514015372,1734.5243767347602
4306,0,843,0,0,466820,467065,1645.56705,1647.569327,2.002276999999822,2.9578280635990626,8.2875,11.212499999999999,1,0,0,1,245,80,80,246.0,80.0,245.0,245,80,5.92239110169794,3667.8241821689276
4306,0,844,0,0,467065,467286,1647.569327,1649.571604,2.002277000000049,3.1959127403618,8.2875,11.212499999999999,1,0,0,1,221,80,80,221.0,80.0,221.0,221,80,6.399102574034259,3981.467099706886
4306,0,845,0,0,467286,467583,1649.571604,1651.572198,2.000594000000092,4.3823648107884425,8.2875,11.212499999999999,1,0,0,1,297,80,80,297.0,79.0,297.0,297,79,8.767332746274406,5458.878713021982
4306,0,846,0,0,467583,467936,1651.572198,1653.572638,2.000440000000026,5.912568629503915,8.2875,11.212499999999999,1,0,0,1,353,80,80,353.0,80.0,353.0,353,80,11.827738789204886,7183.919537701612
4306,0,847,0,0,467936,468000,1653.572638,1653.879592,0.30695399999990514,6.740523925663263,8.2875,11.212499999999999,1,0,0,1,64,13,13,64.0,13.0,64.0,64,13,2.069030781078254,8027.261413764803
4306,0,848,0,0,468000,468452,1653.879592,1655.886245,2.0066529999999148,7.263284493604038,8.2875,11.212499999999999,1,0,0,1,452,80,80,453.0,80.0,452.0,452,80,14.574891618944093,8918.83150699237
4306,0,849,0,0,468452,468957,1655.886245,1657.896991,2.010746000000154,8.763622750387164,8.2875,11.212499999999999,1,1,0,1,505,80,80,505.0,80.0,505.0,505,80,17.62141939085086,10868.602996101114
4306,0,850,0,0,468957,469499,1657.896991,1659.900281,2.003289999999879,8.773004601554126,8.2875,11.212499999999999,1,1,1,1,542,80,80,542.0,80.0,542.0,542,80,17.57487238824615,10853.146573886614
4306,0,851,0,0,469499,470037,1659.900281,1661.901607,2.0013260000000628,9.135833039287357,8.2875,11.212499999999999,1,1,1,1,538,80,80,538.0,80.0,538.0,538,80,18.28378019318552,11120.627024282552
4306,0,852,0,0,470037,470592,1661.901607,1663.911514,2.0099069999998846,9.399994332046727,8.2875,11.212499999999999,1,1,1,1,555,80,80,555.0,80.0,555.0,555,80,18.89311440793972,11517.448319748788
4306,0,853,0,0,470592,471142,1663.911514,1665.914532,2.003018000000111,9.418347373186071,8.2875,11.212499999999999,1,1,1,1,550,80,80,550.0,80.0,550.0,550,80,18.8651193187452,11321.915229917426
4306,0,854,0,0,471142,471690,1665.914532,1667.917466,2.0029340000000957,9.6633478671155,8.2875,11.212499999999999,1,1,1,1,548,80,80,548.0,81.0,548.0,548,81,19.35504799687442,11655.401525960859
4306,0,855,0,0,471690,472292,1667.917466,1669.919743,2.002276999999822,9.662344601613867,8.2875,11.212499999999999,1,1,1,1,602,80,80,602.0,80.0,602.0,602,80,19.34669036188461,11553.34651499371
4306,0,856,0,0,472292,472832,1669.919743,1671.921083,2.0013400000000274,9.736076821235695,8.2875,11.212499999999999,1,1,1,1,540,80,80,540.0,79.0,540.0,540,79,19.48519998541269,11431.840666753118
4306,0,857,0,0,472832,473395,1671.921083,1673.924297,2.003214000000071,9.720281900754037,8.2875,11.212499999999999,1,1,1,1,563,80,80,563.0,81.0,563.0,563,81,19.47180478753762,11864.933052584076
4306,0,858,0,0,473395,473972,1673.924297,1675.926575,2.002277999999933,9.755440040821021,8.2875,11.212499999999999,1,1,1,1,577,80,80,577.0,80.0,577.0,577,80,19.53310297405369,11831.523894284806
4306,0,859,0,0,473972,474531,1675.926575,1677.928851,2.002275999999938,9.726723297109505,8.2875,11.212499999999999,1,1,1,1,559,80,80,559.0,80.0,559.0,559,80,19.475584616442575,11664.725542333186
4306,0,860,0,0,474531,475114,1677.928851,1679.931128,2.002277000000049,9.704028935183766,8.2875,11.212499999999999,1,1,1,1,583,80,80,583.0,80.0,583.0,583,80,19.430153944253107,11755.616230920808
4306,0,861,0,0,475114,475694,1679.931128,1681.933405,2.002277000000049,9.662396641979297,8.2875,11.212499999999999,1,1,1,1,580,80,80,580.0,80.0,580.0,580,80,19.34679456111371,11695.185031840962
4306,0,862,0,0,475694,476278,1681.933405,1683.935681,2.002275999999938,9.732291619106597,8.2875,11.212499999999999,1,1,1,1,584,80,80,584.0,80.0,584.0,584,80,19.486733933938012,11766.609598277524
4306,0,863,0,0,476278,476889,1683.935681,1685.936395,2.0007140000000163,9.694638057976901,8.2875,11.212499999999999,1,1,1,1,611,80,80,611.0,79.0,611.0,611,79,19.3961980875265,11680.82994371
4306,0,864,0,0,476889,477459,1685.936395,1687.93714,2.0007450000000517,9.65543065514417,8.2875,11.212499999999999,1,1,1,1,570,80,80,570.0,80.0,570.0,570,80,19.31805460612668,11891.070576210053
4306,0,865,0,0,477459,478012,1687.93714,1689.942512,2.0053720000000794,9.657028768294932,8.2875,11.212499999999999,1,1,1,1,553,80,80,553.0,81.0,553.0,553,81,19.365935095134773,11820.250806333719
4306,0,866,0,0,478012,478606,1689.942512,1691.943127,2.000614999999925,9.650316417719619,8.2875,11.212499999999999,1,1,1,1,594,80,80,594.0,79.0,594.0,594,79,19.30656778003504,11746.387985694839
4306,0,867,0,0,478606,479175,1691.943127,1693.944471,2.0013440000000173,9.648016460832372,8.2875,11.212499999999999,1,1,1,1,569,80,80,569.0,80.0,569.0,569,80,19.308999855787988,11681.649931246102
4306,0,868,0,0,479175,479743,1693.944471,1695.947045,2.0025739999998677,9.625141544947521,8.2875,11.212499999999999,1,1,1,1,568,80,80,568.0,80.0,568.0,568,80,19.275058204229936,11781.836776069977
4306,0,869,0,0,479743,480281,1695.947045,1697.949649,2.0026040000000194,9.696960300941182,8.2875,11.212499999999999,1,1,1,1,538,80,80,538.0,80.0,538.0,538,80,19.419171486506457,11722.237646584033
4306,0,870,0,0,480281,480808,1697.949649,1699.950259,2.0006100000000515,9.693100798691916,8.2875,11.212499999999999,1,1,1,1,527,80,80,527.0,80.0,527.0,527,80,19.39211438887105,11601.461554225662
4306,0,871,0,0,480808,481000,1699.950259,1700.592264,0.6420049999999264,9.599343669913177,8.2875,11.212499999999999,1,1,1,1,192,26,26,192.0,26.0,192.0,192,26,6.162826632802535,11239.78785212082
4306,0,872,0,0,481000,481562,1700.592264,1702.597961,2.0056970000000547,9.819921918394142,8.2875,11.212499999999999,1,1,1,1,562,80,80,563.0,80.0,562.0,562,80,19.695787931957966,11616.909234046501
4306,0,873,0,0,481562,482176,1702.597961,1704.599593,2.0016319999999723,10.01449157218889,8.2875,11.212499999999999,1,1,1,1,614,80,80,614.0,80.0,614.0,614,80,20.04532679462318,11909.282025867058
4306,0,874,0,0,482176,482737,1704.599593,1706.611468,2.0118750000001455,10.077905383797674,8.2875,11.212499999999999,1,1,1,1,561,80,80,561.0,81.0,561.0,561,81,20.27548589402977,12099.161230194837
4306,0,875,0,0,482737,483326,1706.611468,1708.613746,2.002277999999933,10.016994792249452,8.2875,11.212499999999999,1,1,1,1,589,80,80,589.0,80.0,589.0,589,80,20.05680829863377,11819.038115586744
4306,0,876,0,0,483326,483895,1708.613746,1710.616021,2.002275000000054,10.050783745159926,8.2875,11.212499999999999,1,1,1,1,569,80,80,569.0,80.0,569.0,569,80,20.124433023342135,12031.314379892547
4306,0,877,0,0,483895,484499,1710.616021,1712.616439,2.000417999999854,9.929141267848138,8.2875,11.212499999999999,1,1,1,1,604,80,80,604.0,79.0,604.0,604,79,19.862432916743273,11840.52533020685
4306,0,878,0,0,484499,485092,1712.616439,1714.617816,2.0013770000000477,10.030320981511549,8.2875,11.212499999999999,1,1,1,1,593,80,80,593.0,80.0,593.0,593,80,20.074453715016716,11834.352048614246
4306,0,879,0,0,485092,485656,1714.617816,1716.622853,2.0050370000001294,10.074827809212811,8.2875,11.212499999999999,1,1,1,1,564,80,80,564.0,81.0,564.0,564,81,20.200402526101243,11891.052384568695
4306,0,880,0,0,485656,486254,1716.622853,1718.623674,2.00082099999986,10.168041806012406,8.2875,11.212499999999999,1,1,1,1,598,80,80,599.0,79.0,598.0,598,79,20.344431574347254,12106.03047449107
4306,0,881,0,0,486254,486845,1718.623674,1720.625229,2.001555000000053,9.990193427204648,8.2875,11.212499999999999,1,1,1,1,591,80,80,591.0,80.0,591.0,591,80,19.995921605190233,11826.305047825002
4306,0,882,0,0,486845,487454,1720.625229,1722.629684,2.004455000000007,10.014848990924882,8.2875,11.212499999999999,1,1,1,1,609,80,80,609.0,81.0,609.0,609,81,20.074314134104497,12309.081520912125
4306,0,883,0,0,487454,488015,1722.629684,1724.631961,2.002277000000049,10.008517119607944,8.2875,11.212499999999999,1,1,1,1,561,80,80,561.0,80.0,561.0,561,80,20.039823632698244,11942.903004928596
4306,0,884,0,0,488015,488611,1724.631961,1726.631975,2.0000139999999647,9.948717779315407,8.2875,11.212499999999999,1,1,1,1,596,80,80,596.0,79.0,596.0,596,79,19.897574840681045,11862.916959581493
4306,0,885,0,0,488611,489178,1726.631975,1728.633175,2.001199999999926,9.906591566577553,8.2875,11.212499999999999,1,1,1,1,567,80,80,567.0,80.0,567.0,567,80,19.82507104303295,11729.962022786762
4306,0,886,0,0,489178,489734,1728.633175,1730.633153,1.9999780000000555,9.961449554167187,8.2875,11.212499999999999,1,1,1,1,556,80,80,556.0,80.0,556.0,556,80,19.92267995644579,12197.634173975575
4306,0,887,0,0,489734,490317,1730.633153,1732.635481,2.002328000000034,9.960911552511115,8.2875,11.212499999999999,1,1,1,1,583,80,80,583.0,80.0,583.0,583,80,19.94501210711678,11971.565098225461
4306,0,888,0,0,490317,490903,1732.635481,1734.637789,2.0023080000000846,9.902360547762418,8.2875,11.212499999999999,1,1,1,1,586,80,80,586.0,80.0,586.0,586,80,19.827575743671332,12100.535981476864
4306,0,889,0,0,490903,491486,1734.637789,1736.645622,2.0078329999998914,10.02914872725656,8.2875,11.212499999999999,1,1,1,1,583,80,80,583.0,81.0,583.0,583,81,20.136855776490847,12248.528637591538
4306,0,890,0,0,491486,492044,1736.645622,1738.645783,2.0001609999999346,9.83974640614558,8.2875,11.212499999999999,1,1,1,1,558,80,80,558.0,79.0,558.0,558,79,19.68107701146073,11614.065067762425
4306,0,891,0,0,492044,492648,1738.645783,1740.6486,2.00281700000005,10.000615626221471,8.2875,11.212499999999999,1,1,1,1,604,80,80,604.0,80.0,604.0,604,80,20.029402986663627,12108.445254858229
4306,0,892,0,0,492648,493230,1740.6486,1742.652454,2.0038540000000467,9.844949149041463,8.2875,11.212499999999999,1,1,1,1,582,80,80,582.0,81.0,582.0,582,81,19.727840732102777,12015.845465787148
4306,0,893,0,0,493230,493827,1742.652454,1744.654729,2.002275000000054,9.875771817788742,8.2875,11.212499999999999,1,1,1,1,597,80,80,597.0,80.0,597.0,597,80,19.77401101646319,12041.802449713125
4306,0,894,0,0,493827,494000,1744.654729,1745.191591,0.5368619999999282,10.02322145444193,8.2875,11.212499999999999,1,1,1,1,173,22,22,173.0,21.0,173.0,173,21,5.381086716475693,11876.422618849634
4306,0,895,0,0,494000,494616,1745.191591,1747.193359,2.0017680000000837,10.002997058425304,8.2875,11.212499999999999,1,1,1,1,616,80,80,616.0,80.0,616.0,616,80,20.023679415651713,12218.698670374877
4306,0,896,0,0,494616,495220,1747.193359,1749.194929,2.0015699999999015,9.93675977851235,8.2875,11.212499999999999,1,1,1,1,604,80,80,604.0,80.0,604.0,604,80,19.889120269876003,11902.656414715035
4306,0,897,0,0,495220,495785,1749.194929,1751.201172,2.0062430000000404,10.034556099323114,8.2875,11.212499999999999,1,1,1,1,565,80,80,565.0,80.0,565.0,565,80,20.131757932373148,12017.985857146674
4306,0,898,0,0,495785,496402,1751.201172,1753.210071,2.0088989999999285,10.10432523028157,8.2875,11.212499999999999,1,1,1,1,617,80,80,617.0,80.0,617.0,617,80,20.298568850786978,12423.222869841085
4306,0,899,0,0,496402,496976,1753.210071,1755.216746,2.0066750000000866,9.916952983473712,8.2875,11.212499999999999,1,1,1,1,574,80,80,574.0,81.0,574.0,574,81,19.9001016281145,11883.837691703426
4306,0,900,0,0,496976,497571,1755.216746,1757.219022,2.002275999999938,9.960228538239926,8.2875,11.212499999999999,1,1,1,1,595,80,80,595.0,80.0,595.0,595,80,19.943126556630887,12155.167419477011
4306,0,901,0,0,497571,498139,1757.219022,1759.22072,2.001698000000033,10.048836601807428,8.2875,11.212499999999999,1,1,1,1,568,80,80,568.0,79.0,568.0,568,79,20.114736128165532,12003.30919049707
4306,0,902,0,0,498139,498709,1759.22072,1761.223577,2.002856999999949,9.922693933487647,8.2875,11.212499999999999,1,1,1,1,570,80,80,570.0,81.0,570.0,570,81,19.873737003541464,11966.905275813804
4306,0,903,0,0,498709,499340,1761.223577,1763.225853,2.002275999999938,9.98135693759338,8.2875,11.212499999999999,1,1,1,1,631,80,80,631.0,80.0,631.0,631,80,19.98543144357609,12019.821443198014
4306,0,904,0,0,499340,499954,1763.225853,1765.22813,2.002277000000049,9.980675523527456,8.2875,11.212499999999999,1,1,1,1,614,80,80,614.0,80.0,614.0,614,80,19.984077045221056,11973.867751564549
4306,0,905,0,0,499954,500550,1765.22813,1767.230408,2.002277999999933,9.856658503122713,8.2875,11.212499999999999,1,1,1,1,596,80,80,596.0,80.0,596.0,596,80,19.73577047431536,11803.555750001144
4306,0,906,0,0,500550,501102,1767.230408,1769.231152,2.000744000000168,9.923961105890529,8.2875,11.212499999999999,1,1,1,1,552,80,80,552.0,79.0,552.0,552,79,19.855305638844584,12298.924799973378
4306,0,907,0,0,501102,501699,1769.231152,1771.232793,2.001640999999836,9.929542598722012,8.2875,11.212499999999999,1,1,1,1,597,80,80,598.0,80.0,597.0,597,80,19.87537957684617,12036.124359963638
4306,0,908,0,0,501699,502309,1771.232793,1773.234949,2.0021560000000136,9.988865476185305,8.2875,11.212499999999999,1,1,1,1,610,80,80,610.0,80.0,610.0,610,80,19.99926694633905,12240.304951262457
4306,0,909,0,0,502309,502907,1773.234949,1775.238919,2.003969999999981,9.956130632325644,8.2875,11.212499999999999,1,1,1,1,598,80,80,598.0,80.0,598.0,598,80,19.951787103262177,11961.256905043601
4306,0,910,0,0,502907,503447,1775.238919,1777.241792,2.002873000000136,9.870383216338809,8.2875,11.212499999999999,1,1,1,1,540,80,80,540.0,81.0,540.0,540,81,19.76912404365794,11588.353330440035
4306,0,911,0,0,503447,504053,1777.241792,1779.243255,2.001463000000058,9.980543894899794,8.2875,11.212499999999999,1,1,1,1,606,80,80,606.0,79.0,606.0,606,79,19.975689325518033,12075.666649845289
4306,0,912,0,0,504053,504622,1779.243255,1781.246203,2.002947999999833,9.90971429463474,8.2875,11.212499999999999,1,1,1,1,569,80,80,569.0,80.0,569.0,569,80,19.8486424270086,11996.317428111965
4306,0,913,0,0,504622,505197,1781.246203,1783.246206,2.000003000000106,9.965547493951867,8.2875,11.212499999999999,1,1,1,1,575,80,80,575.0,80.0,575.0,575,80,19.9311248845479,11658.482512275614
4306,0,914,0,0,505197,505773,1783.246206,1785.246877,2.000671000000011,9.913847706793078,8.2875,11.212499999999999,1,1,1,1,576,80,80,576.0,80.0,576.0,576,80,19.834347605396033,12084.945500784419
4306,0,915,0,0,505773,506374,1785.246877,1787.252434,2.0055569999999534,9.969393887318137,8.2875,11.212499999999999,1,1,1,1,601,80,80,601.0,80.0,601.0,601,80,19.994187696469453,11761.321169131841
4306,0,916,0,0,506374,506961,1787.252434,1789.253987,2.001553000000058,9.90951147289577,8.2875,11.212499999999999,1,1,1,1,587,80,80,587.0,80.0,587.0,587,80,19.83441241710898,12152.063922363932
4306,0,917,0,0,506961,507000,1789.253987,1789.386447,0.13246000000003733,9.888616908393402,8.2875,11.212499999999999,1,1,1,1,39,6,6,39.0,6.0,39.0,39,6,1.309846195686987,12501.887362219035
4306,0,918,0,0,507000,507568,1789.386447,1791.38686,2.0004129999999805,9.937239379626398,8.2875,11.212499999999999,1,1,1,1,568,80,80,568.0,80.0,568.0,568,80,19.878582839115552,11899.042847652076
4306,0,919,0,0,507568,508143,1791.38686,1793.402948,2.016087999999854,9.954860366523844,8.2875,11.212499999999999,1,1,1,1,575,80,80,575.0,80.0,575.0,575,80,20.069874526623607,11981.619849928053
4306,0,920,0,0,508143,508731,1793.402948,1795.412456,2.009508000000096,9.852996575027918,8.2875,11.212499999999999,1,1,1,1,588,80,80,588.0,81.0,588.0,588,81,19.79967544149258,11685.94501738678
4306,0,921,0,0,508731,509281,1795.412456,1797.414733,2.002277000000049,9.945704397235703,8.2875,11.212499999999999,1,1,1,1,550,80,80,550.0,80.0,550.0,550,80,19.914055163382727,12093.731286929533
4306,0,922,0,0,509281,509839,1797.414733,1799.415979,2.0012460000000374,9.819468143639758,8.2875,11.212499999999999,1,1,1,1,558,80,80,558.0,79.0,558.0,558,79,19.651171344587056,12128.443979400607
4306,0,923,0,0,509839,510395,1799.415979,1801.419286,2.0033069999999498,9.625434847439568,8.2875,11.212499999999999,1,1,1,1,556,80,80,556.0,81.0,556.0,556,81,19.282701007919968,11762.05144793114
4306,0,924,0,0,510395,510973,1801.419286,1803.421564,2.002277999999933,9.74690542497656,8.2875,11.212499999999999,1,1,1,1,578,80,80,578.0,80.0,578.0,578,80,19.516014300512325,11720.150748298081
4306,0,925,0,0,510973,511502,1803.421564,1805.42384,2.002275999999938,9.655167757427238,8.2875,11.212499999999999,1,1,1,1,529,80,80,529.0,80.0,529.0,529,80,19.332310676669294,11569.334097797066
4306,0,926,0,0,511502,512096,1805.42384,1807.426117,2.002277000000049,9.658337493391862,8.2875,11.212499999999999,1,1,1,1,594,80,80,594.0,80.0,594.0,594,80,19.338667021256697,11929.91778859739
4306,0,927,0,0,512096,512658,1807.426117,1809.428394,2.002277000000049,9.734836832155072,8.2875,11.212499999999999,1,1,1,1,562,80,80,563.0,80.0,562.0,562,80,19.491839887778042,11929.418357200035
4306,0,928,0,0,512658,513234,1809.428394,1811.43067,2.002275999999938,9.760809754194511,8.2875,11.212499999999999,1,1,1,1,576,80,80,576.0,80.0,576.0,576,80,19.543835111388034,11819.549352836839
4306,0,929,0,0,513234,513806,1811.43067,1813.431997,2.0013269999999466,9.75988049065034,8.2875,11.212499999999999,1,1,1,1,572,80,80,572.0,79.0,572.0,572,79,19.53271234271233,11758.198435338467
4306,0,930,0,0,513806,514355,1813.431997,1815.434472,2.002475000000004,9.688986826025864,8.2875,11.212499999999999,1,1,1,1,549,80,80,549.0,80.0,549.0,549,80,19.401953894444887,11935.729534700784
4306,0,931,0,0,514355,514914,1815.434472,1817.434875,2.0004030000000057,9.664601562518376,8.2875,11.212499999999999,1,1,1,1,559,80,80,559.0,80.0,559.0,559,80,19.333097959464794,11871.607871013957
4306,0,932,0,0,514914,515493,1817.434875,1819.435548,2.000673000000006,9.78160156427355,8.2875,11.212499999999999,1,1,1,1,579,80,80,579.0,80.0,579.0,579,80,19.569786146399565,11625.088157834853
4306,0,933,0,0,515493,516082,1819.435548,1821.435525,1.9999770000001718,9.721220354156209,8.2875,11.212499999999999,1,1,1,1,589,80,80,589.0,80.0,589.0,589,80,19.442217120245914,11622.633660286096
4306,0,934,0,0,516082,516686,1821.435525,1823.443417,2.007891999999856,9.67452171088377,8.2875,11.212499999999999,1,1,1,1,604,80,80,604.0,80.0,604.0,604,80,19.42539474710793,11692.361939786444
4306,0,935,0,0,516686,517287,1823.443417,1825.446609,2.0031920000001264,9.703689221681703,8.2875,11.212499999999999,1,1,1,1,601,80,80,601.0,81.0,601.0,601,81,19.438352619359648,11635.929057223935
4306,0,936,0,0,517287,517847,1825.446609,1827.448886,2.002276999999822,9.709961536966484,8.2875,11.212499999999999,1,1,1,1,560,80,80,560.0,80.0,560.0,560,80,19.44203265635224,11546.853906828104
4306,0,937,0,0,517847,518402,1827.448886,1829.450053,2.001167000000123,9.820420983324066,8.2875,11.212499999999999,1,1,1,1,555,80,80,555.0,79.0,555.0,555,79,19.652302397935273,11946.529200210942
4306,0,938,0,0,518402,518990,1829.450053,1831.45344,2.003386999999975,9.750770008003132,8.2875,11.212499999999999,1,1,1,1,588,80,80,588.0,81.0,588.0,588,81,19.53456587402252,11638.789709626892
4306,0,939,0,0,518990,519524,1831.45344,1833.453859,2.0004189999999653,9.730886800753387,8.2875,11.212499999999999,1,1,1,1,534,80,80,534.0,79.0,534.0,534,79,19.465850843076623,11669.5552281799
4306,0,940,0,0,519524,520000,1833.453859,1835.187123,1.7332639999999628,9.756592472081515,8.2875,11.212499999999999,1,1,1,1,476,70,70,477.0,70.0,476.0,476,70,16.910750494527747,11497.959918396982
4306,0,941,0,0,520000,520568,1835.187123,1837.193281,2.0061580000001413,9.691963412974216,8.2875,11.212499999999999,1,1,1,1,568,80,80,568.0,80.0,568.0,568,80,19.44360993664668,11739.852992634847
4306,0,942,0,0,520568,521138,1837.193281,1839.212264,2.0189829999999347,9.825822798975528,8.2875,11.212499999999999,1,1,1,1,570,80,80,570.0,81.0,570.0,570,81,19.83816919214223,11853.49257522266
4306,0,943,0,0,521138,521721,1839.212264,1841.214541,2.002277000000049,9.753883606296117,8.2875,11.212499999999999,1,1,1,1,583,80,80,583.0,80.0,583.0,583,80,19.52997680556291,11910.439964100578
4306,0,944,0,0,521721,522262,1841.214541,1843.21682,2.002279000000044,9.836149792181867,8.2875,11.212499999999999,1,1,1,1,541,80,80,541.0,80.0,541.0,541,80,19.694716169738967,11881.461075104657
4306,0,945,0,0,522262,522864,1843.21682,1845.218367,2.001546999999846,9.744981009560373,8.2875,11.212499999999999,1,1,1,1,602,80,80,602.0,79.0,602.0,602,79,19.505037504739448,11609.520036252854
4306,0,946,0,0,522864,523459,1845.218367,1847.221372,2.00300500000003,9.730223841595437,8.2875,11.212499999999999,1,1,1,1,595,80,80,595.0,81.0,595.0,595,81,19.48968700583646,11833.719835946313
4306,0,947,0,0,523459,524060,1847.221372,1849.223363,2.001991000000089,9.691543141481194,8.2875,11.212499999999999,1,1,1,1,601,80,80,601.0,79.0,601.0,601,79,19.402382145359297,11999.554443550911
4306,0,948,0,0,524060,524616,1849.223363,1851.225925,2.002561999999898,9.75085767263059,8.2875,11.212499999999999,1,1,1,1,556,80,80,556.0,81.0,556.0,556,81,19.526697042616433,11692.022519153561
4306,0,949,0,0,524616,525207,1851.225925,1853.226213,2.000287999999955,9.763027261096603,8.2875,11.212499999999999,1,1,1,1,591,80,80,591.0,79.0,591.0,591,79,19.52886627404223,11729.810907229623
4306,0,950,0,0,525207,525782,1853.226213,1855.230478,2.004265000000032,9.737536429883844,8.2875,11.212499999999999,1,1,1,1,575,80,80,575.0,81.0,575.0,575,81,19.516603452640993,11525.422037504835
4306,0,951,0,0,525782,526332,1855.230478,1857.232756,2.0022780000001603,9.738162647768954,8.2875,11.212499999999999,1,1,1,1,550,80,80,550.0,80.0,550.0,550,80,19.498508830052742,11786.57509097044
4306,0,952,0,0,526332,526923,1857.232756,1859.235033,2.002276999999822,9.785472108766095,8.2875,11.212499999999999,1,1,1,1,591,80,80,591.0,80.0,591.0,591,80,19.593225737520697,11886.467257028931
4306,0,953,0,0,526923,527508,1859.235033,1861.23731,2.002277000000049,9.841259381658993,8.2875,11.212499999999999,1,1,1,1,585,80,80,586.0,80.0,585.0,585,80,19.704927310929634,11842.51729406042
4306,0,954,0,0,527508,528125,1861.23731,1863.238136,2.000825999999961,9.793575291645855,8.2875,11.212499999999999,1,1,1,1,617,80,80,617.0,79.0,617.0,617,79,19.595240076483606,11936.570196509076
4306,0,955,0,0,528125,528728,1863.238136,1865.238684,2.0005479999999807,9.786419686578546,8.2875,11.212499999999999,1,1,1,1,603,80,80,603.0,80.0,603.0,603,80,19.578202331143984,11893.241251897096
4306,0,956,0,0,528728,529311,1865.238684,1867.242604,2.0039200000001074,9.767154640944081,8.2875,11.212499999999999,1,1,1,1,583,80,80,583.0,80.0,583.0,583,80,19.572596528083523,11560.840752125214
4306,0,957,0,0,529311,529878,1867.242604,1869.24409,2.001485999999886,9.769844931131063,8.2875,11.212499999999999,1,1,1,1,567,80,80,567.0,80.0,567.0,567,80,19.554207851830142,11882.171546541596
4306,0,958,0,0,529878,530480,1869.24409,1871.244513,2.0004230000001826,9.727846587589752,8.2875,11.212499999999999,1,1,1,1,602,80,80,602.0,80.0,602.0,602,80,19.45980805428917,11916.97955882222
4306,0,959,0,0,530480,531043,1871.244513,1873.245724,2.001211000000012,9.722685750549891,8.2875,11.212499999999999,1,1,1,1,563,80,80,563.0,80.0,563.0,563,80,19.457145673542982,11864.316156567127
4306,0,960,0,0,531043,531606,1873.245724,1875.252313,2.006588999999849,9.739254921348802,8.2875,11.212499999999999,1,1,1,1,563,80,80,563.0,80.0,563.0,563,80,19.54268179337305,11626.695850521335
4306,0,961,0,0,531606,532209,1875.252313,1877.253332,2.001019000000042,9.748230835053505,8.2875,11.212499999999999,1,1,1,1,603,80,80,603.0,80.0,603.0,603,80,19.506395117328793,12004.38376647073
4306,0,962,0,0,532209,532800,1877.253332,1879.257802,2.004470000000083,9.748932212362012,8.2875,11.212499999999999,1,1,1,1,591,80,80,591.0,81.0,591.0,591,81,19.541442151712545,11769.694732272881
4306,0,963,0,0,532800,533000,1879.257802,1879.917704,0.6599019999998745,9.771637926958183,8.2875,11.212499999999999,1,1,1,1,200,27,27,200.0,26.0,200.0,200,26,6.448323411274032,12066.943273397435
4306,0,964,0,0,533000,533576,1879.917704,1881.923118,2.0054139999999734,9.785377002273043,8.2875,11.212499999999999,1,1,1,1,576,80,80,576.0,80.0,576.0,576,80,19.62373203563766,12044.395820514028
4306,0,965,0,0,533576,534138,1881.923118,1883.925775,2.0026569999999992,9.741923241188527,8.2875,11.212499999999999,1,1,1,1,562,80,80,562.0,80.0,562.0,562,80,19.509730772428156,11757.879656875844
4306,0,966,0,0,534138,534697,1883.925775,1885.934411,2.008636000000024,9.662138508925535,8.2875,11.212499999999999,1,1,1,1,559,80,80,559.0,80.0,559.0,559,80,19.407719246013585,11875.222788001267
4306,0,967,0,0,534697,535281,1885.934411,1887.942679,2.0082680000000437,9.744140192506903,8.2875,11.212499999999999,1,1,1,1,584,80,80,584.0,81.0,584.0,584,81,19.56884493612597,11734.98756142083
4306,0,968,0,0,535281,535878,1887.942679,1889.944955,2.002275999999938,9.76356789499681,8.2875,11.212499999999999,1,1,1,1,597,80,80,597.0,80.0,597.0,597,80,19.549357670523023,11916.439092313316
4306,0,969,0,0,535878,536461,1889.944955,1891.947232,2.002277000000049,9.730673602834624,8.2875,11.212499999999999,1,1,1,1,583,80,80,583.0,80.0,583.0,583,80,19.483503949464648,11533.868690495587
4306,0,970,0,0,536461,537048,1891.947232,1893.949508,2.002275999999938,9.77532902370095,8.2875,11.212499999999999,1,1,1,1,587,80,80,587.0,80.0,587.0,587,80,19.57290669625945,11658.732362571754
4306,0,971,0,0,537048,537623,1893.949508,1895.951785,2.002277000000049,9.724584879953472,8.2875,11.212499999999999,1,1,1,1,575,80,80,575.0,80.0,575.0,575,80,19.471312639678217,11479.43066818399
4306,0,972,0,0,537623,538187,1895.951785,1897.954062,2.002277000000049,9.81560348097174,8.2875,11.212499999999999,1,1,1,1,564,80,80,564.0,80.0,564.0,564,80,19.65355709107098,11810.054253232405
4306,0,973,0,0,538187,538755,1897.954062,1899.956339,2.002277000000049,9.685762766540305,8.2875,11.212499999999999,1,1,1,1,568,80,80,568.0,80.0,568.0,568,80,19.39358001490109,11856.501373186336
4306,0,974,0,0,538755,539274,1899.956339,1901.958273,2.001933999999892,9.873725871071944,8.2875,11.212499999999999,1,1,1,1,519,80,80,519.0,79.0,519.0,519,79,19.766547527979128,11772.116363477153
4306,0,975,0,0,539274,539843,1901.958273,1903.958705,2.000432000000046,9.908967011671676,8.2875,11.212499999999999,1,1,1,1,569,80,80,569.0,80.0,569.0,569,80,19.822214697091113,12000.407911890754
4306,0,976,0,0,539843,540425,1903.958705,1905.961009,2.0023040000000947,9.780867329655207,8.2875,11.212499999999999,1,1,1,1,582,80,80,582.0,80.0,582.0,582,80,19.584269777638838,11403.862750111331
4306,0,977,0,0,540425,541008,1905.961009,1907.964874,2.003864999999905,9.782029214632582,8.2875,11.212499999999999,1,1,1,1,583,80,80,583.0,80.0,583.0,583,80,19.60186597217762,11992.324832262222
4306,0,978,0,0,541008,541596,1907.964874,1909.966347,2.0014730000000327,9.741377567064923,8.2875,11.212499999999999,1,1,1,1,588,80,80,588.0,80.0,588.0,588,80,19.497104183286865,11823.292145334768
4306,0,979,0,0,541596,542182,1909.966347,1911.970002,2.0036549999999806,9.742678819373806,8.2875,11.212499999999999,1,1,1,1,586,80,80,586.0,81.0,586.0,586,81,19.52096712983257,11921.213981449017
4306,0,980,0,0,542182,542768,1911.970002,1913.971155,2.001152999999931,9.7919021376896,8.2875,11.212499999999999,1,1,1,1,586,80,80,586.0,79.0,586.0,586,79,19.595094338543277,11765.217352196863
4306,0,981,0,0,542768,543338,1913.971155,1915.974555,2.003400000000056,9.730995735924289,8.2875,11.212499999999999,1,1,1,1,570,80,80,570.0,81.0,570.0,570,81,19.495076857350796,11601.776979135146
4306,0,982,0,0,543338,543944,1915.974555,1917.975466,2.0009110000000874,9.739841679097145,8.2875,11.212499999999999,1,1,1,1,606,80,80,606.0,79.0,606.0,606,79,19.48855635396467,11843.105465459965
4306,0,983,0,0,543944,544516,1917.975466,1919.978717,2.003250999999864,9.882288876110671,8.2875,11.212499999999999,1,1,1,1,572,80,80,572.0,80.0,572.0,572,80,19.79670507335686,12053.407186618972
4306,0,984,0,0,544516,545078,1919.978717,1921.980366,2.001649000000043,9.785306637528041,8.2875,11.212499999999999,1,1,1,1,562,80,80,562.0,80.0,562.0,562,80,19.586749245700048,11696.855942275342
4306,0,985,0,0,545078,545645,1921.980366,1923.980443,2.0000769999999193,9.781854387613446,8.2875,11.212499999999999,1,1,1,1,567,80,80,567.0,80.0,567.0,567,80,19.56446197801415,11767.04696869218
4306,0,986,0,0,545645,546000,1923.980443,1925.276909,1.2964660000000094,9.78808857004568,8.2875,11.212499999999999,1,1,1,1,355,52,52,355.0,52.0,355.0,355,52,12.689924036054435,11594.596387409998
4306,0,987,0,0,546000,546580,1925.276909,1927.280373,2.003464000000122,9.771258440253774,8.2875,11.212499999999999,1,1,1,1,580,80,80,581.0,80.0,580.0,580,80,19.576364519747585,11965.775277219127
4306,0,988,0,0,546580,547156,1927.280373,1929.282391,2.0020179999999073,9.765217808121493,8.2875,11.212499999999999,1,1,1,1,576,80,80,576.0,80.0,576.0,576,80,19.550141825777246,11965.92638028285
4306,0,989,0,0,547156,547755,1929.282391,1931.288207,2.0058160000000953,9.736440812943473,8.2875,11.212499999999999,1,1,1,1,599,80,80,599.0,80.0,599.0,599,80,19.52950876565592,11748.335839378527
4306,0,990,0,0,547755,548337,1931.288207,1933.289742,2.001534999999876,9.736760800023221,8.2875,11.212499999999999,1,1,1,1,582,80,80,582.0,80.0,582.0,582,80,19.48846752787358,11657.552828205075
4306,0,991,0,0,548337,548914,1933.289742,1935.290152,2.0004100000001017,9.712229790537553,8.2875,11.212499999999999,1,1,1,1,577,80,80,577.0,80.0,577.0,577,80,19.42844159528977,11872.566123943987
4306,0,992,0,0,548914,549510,1935.290152,1937.291036,2.000884000000042,9.749708846674356,8.2875,11.212499999999999,1,1,1,1,596,80,80,596.0,80.0,596.0,596,80,19.508036435971007,12034.680671143104
4306,0,993,0,0,549510,550107,1937.291036,1939.291018,1.999981999999818,9.747194471546987,8.2875,11.212499999999999,1,1,1,1,597,80,80,597.0,80.0,597.0,597,80,19.494213493591815,11884.106956963693
4306,0,994,0,0,550107,550687,1939.291018,1941.291639,2.0006210000001374,9.646069291597678,8.2875,11.212499999999999,1,1,1,1,580,80,80,580.0,80.0,580.0,580,80,19.298128792226635,11463.440601692388
4306,0,995,0,0,550687,551279,1941.291639,1943.29207,2.000430999999935,9.781719933957024,8.2875,11.212499999999999,1,1,1,1,592,80,80,592.0,80.0,592.0,592,80,19.567655789203855,11648.98964273237
4306,0,996,0,0,551279,551869,1943.29207,1945.293072,2.0010019999999713,9.755654392662594,8.2875,11.212499999999999,1,1,1,1,590,80,80,590.0,80.0,590.0,590,80,19.521083951025503,11801.087655084972
4306,0,997,0,0,551869,552452,1945.293072,1947.298852,2.005779999999959,9.814744143203562,8.2875,11.212499999999999,1,1,1,1,583,80,80,583.0,80.0,583.0,583,80,19.68621750755483,11903.598600046113
4306,0,998,0,0,552452,553037,1947.298852,1949.303202,2.0043500000001586,9.823221325438851,8.2875,11.212499999999999,1,1,1,1,585,80,80,585.0,80.0,585.0,585,80,19.689173663646216,11691.07191857617
4306,0,999,0,0,553037,553635,1949.303202,1951.304504,2.001301999999896,9.74849349201676,8.2875,11.212499999999999,1,1,1,1,598,80,80,598.0,80.0,598.0,598,80,19.509679522558145,11791.32384817545
4306,0,1000,0,0,553635,554204,1951.304504,1953.306013,2.001508999999942,9.733292630158568,8.2875,11.212499999999999,1,1,1,1,569,80,80,569.0,80.0,569.0,569,80,19.48127279889377,11891.028219208953
4306,0,1001,0,0,554204,554762,1953.306013,1955.306225,2.000212000000147,9.681863681186202,8.2875,11.212499999999999,1,1,1,1,558,80,80,558.0,80.0,558.0,558,80,19.365779917472537,11716.258076643015
4306,0,1002,0,0,554762,555322,1955.306225,1957.310589,2.004363999999896,9.690485318106305,8.2875,11.212499999999999,1,1,1,1,560,80,80,560.0,80.0,560.0,560,80,19.423259914139635,11769.818256564788
4306,0,1003,0,0,555322,555938,1957.310589,1959.314711,2.004122000000052,9.869706485230655,8.2875,11.212499999999999,1,1,1,1,616,80,80,616.0,80.0,616.0,616,80,19.78009590059446,11817.144864434093
4306,0,1004,0,0,555938,556553,1959.314711,1961.314854,2.00014299999998,9.749759439923388,8.2875,11.212499999999999,1,1,1,1,615,80,80,615.0,80.0,615.0,615,80,19.500913095445867,11928.14713747979
4306,0,1005,0,0,556553,557111,1961.314854,1963.321242,2.0063880000000154,9.679500863571677,8.2875,11.212499999999999,1,1,1,1,558,80,80,558.0,80.0,558.0,558,80,19.420834378659492,11613.406778748587
4306,0,1006,0,0,557111,557703,1963.321242,1965.321221,1.9999789999999393,9.783470517469171,8.2875,11.212499999999999,1,1,1,1,592,80,80,593.0,80.0,592.0,592,80,19.566735582055117,11988.62588057211
4306,0,1007,0,0,557703,558260,1965.321221,1967.323065,2.001844000000119,9.66517389857815,8.2875,11.212499999999999,1,1,1,1,557,80,80,557.0,80.0,557.0,557,80,19.348170377827046,11436.455587947232
4306,0,1008,0,0,558260,558795,1967.323065,1969.326356,2.00329099999999,9.78134421400712,8.2875,11.212499999999999,1,1,1,1,535,80,80,535.0,80.0,535.0,535,80,19.594878831823735,11780.614998020814
4306,0,1009,0,0,558795,559000,1969.326356,1970.02963,0.7032739999999649,9.729323141065239,8.2875,11.212499999999999,1,1,1,1,205,28,28,205.0,28.0,205.0,205,28,6.8423800027085235,12448.917491618398
4306,0,1010,0,0,559000,559564,1970.02963,1972.032405,2.0027749999999287,9.679395889313637,8.2875,11.212499999999999,1,1,1,1,564,80,80,564.0,80.0,564.0,564,80,19.385652102220774,11822.096840634042
4306,0,1011,0,0,559564,560123,1972.032405,1974.032742,2.0003370000001723,9.834105157250164,8.2875,11.212499999999999,1,1,1,1,559,80,80,559.0,80.0,559.0,559,80,19.671524407938705,11968.48331056114
4306,0,1012,0,0,560123,560699,1974.032742,1976.033636,2.0008939999997892,9.712009886421827,8.2875,11.212499999999999,1,1,1,1,576,80,80,576.0,80.0,576.0,576,80,19.43270230968119,11823.714799485875
4306,0,1013,0,0,560699,561310,1976.033636,1978.04184,2.0082040000002053,9.793892720788152,8.2875,11.212499999999999,1,1,1,1,611,80,80,611.0,80.0,611.0,611,80,19.66813453745999,12012.225849563856
4306,0,1014,0,0,561310,561860,1978.04184,1980.043123,2.0012829999998303,9.805180198691414,8.2875,11.212499999999999,1,1,1,1,550,80,80,550.0,80.0,550.0,550,80,19.622940443576226,11829.411432567013
4306,0,1015,0,0,561860,562427,1980.043123,1982.049692,2.006569000000127,9.795641179087056,8.2875,11.212499999999999,1,1,1,1,567,80,80,569.0,81.0,567.0,567,81,19.655629925080575,11598.405038649818
4306,0,1016,0,0,562427,562988,1982.049692,1984.050344,2.0006519999999455,9.770139881153199,8.2875,11.212499999999999,1,1,1,1,561,80,80,561.0,79.0,561.0,561,79,19.54664989350931,11604.217025250085
4306,0,1017,0,0,562988,563520,1984.050344,1986.050679,2.00033499999995,9.751446556897019,8.2875,11.212499999999999,1,1,1,1,532,80,80,532.0,80.0,532.0,532,80,19.50615984839169,11893.007921173501
4306,0,1018,0,0,563520,564121,1986.050679,1988.056524,2.0058450000001358,9.798328486020107,8.2875,11.212499999999999,1,1,1,1,601,80,80,601.0,81.0,601.0,601,81,19.653928202042152,12055.767020880658
4306,0,1019,0,0,564121,564673,1988.056524,1990.0588,2.002275999999938,9.797550271296824,8.2875,11.212499999999999,1,1,1,1,552,80,80,552.0,80.0,552.0,552,80,19.617399767012103,11883.976035272228
4306,0,1020,0,0,564673,565237,1990.0588,1992.059206,2.0004059999998844,9.755013930047088,8.2875,11.212499999999999,1,1,1,1,564,80,80,564.0,79.0,564.0,564,79,19.51398839574904,11730.618684407744
4306,0,1021,0,0,565237,565806,1992.059206,1994.060642,2.0014360000000124,9.85739258093583,8.2875,11.212499999999999,1,1,1,1,569,80,80,569.0,80.0,569.0,569,80,19.728940377619438,11874.474127576326
4306,0,1022,0,0,565806,566393,1994.060642,1996.06162,2.000978000000032,9.875956243621577,8.2875,11.212499999999999,1,1,1,1,587,80,80,587.0,80.0,587.0,587,80,19.761571172450203,11780.739218521954
4306,0,1023,0,0,566393,566959,1996.06162,1998.061798,2.0001780000000053,9.72953562087645,8.2875,11.212499999999999,1,1,1,1,566,80,80,566.0,80.0,566.0,566,80,19.460803099093027,11633.964577152603
4306,0,1024,0,0,566959,567592,1998.061798,2000.064107,2.0023089999999684,9.70117085637921,8.2875,11.212499999999999,1,1,1,1,633,80,80,634.0,80.0,633.0,633,80,19.424741716266,11859.807851835243
4306,0,1025,0,0,567592,568176,2000.064107,2002.065324,2.001216999999997,9.807996513864998,8.2875,11.212499999999999,1,1,1,1,584,80,80,584.0,80.0,584.0,584,80,19.627929359488917,12027.681156016582
4306,0,1026,0,0,568176,568738,2002.065324,2004.066226,2.0009019999999964,9.686558671510875,8.2875,11.212499999999999,1,1,1,1,562,80,80,563.0,80.0,562.0,562,80,19.38185461894318,11640.750021740216
4306,0,1027,0,0,568738,569302,2004.066226,2006.068079,2.001852999999983,9.698808555644664,8.2875,11.212499999999999,1,1,1,1,564,80,80,564.0,80.0,564.0,564,80,19.415589003543573,11581.269953388286
4306,0,1028,0,0,569302,569854,2006.068079,2008.079292,2.011212999999998,9.70279730250754,8.2875,11.212499999999999,1,1,1,1,552,80,80,552.0,81.0,552.0,552,81,19.514392071167094,11656.149796167798
4306,0,1029,0,0,569854,570445,2008.079292,2010.08157,2.0022780000001603,9.711726154787334,8.2875,11.212499999999999,1,1,1,1,591,80,80,591.0,80.0,591.0,591,80,19.445575621757598,11677.69910072334
4306,0,1030,0,0,570445,571048,2010.08157,2012.083848,2.002277999999933,9.732750452356479,8.2875,11.212499999999999,1,1,1,1,603,80,80,603.0,80.0,603.0,603,80,19.487672110240965,11694.18032860611
4306,0,1031,0,0,571048,571627,2012.083848,2014.085979,2.002130999999963,9.708521825543668,8.2875,11.212499999999999,1,1,1,1,579,80,80,579.0,79.0,579.0,579,79,19.437732511098147,11770.458576387076
4306,0,1032,0,0,571627,572000,2014.085979,2015.335923,1.2499440000001414,9.90125816559052,8.2875,11.212499999999999,1,1,1,1,373,50,50,376.0,50.0,373.0,373,50,12.376018236533127,12075.74099319513
4306,0,1033,0,0,572000,572572,2015.335923,2017.339824,2.0039009999998143,9.743274264908026,8.2875,11.212499999999999,1,1,1,1,572,79,79,576.0,81.0,572.0,572,80,19.524557042721426,11555.46107317784
4306,0,1034,0,0,572572,573150,2017.339824,2019.3421,2.0022760000001654,9.817481741621773,8.2875,11.212499999999999,1,1,1,1,578,80,80,578.0,80.0,578.0,578,80,19.65730807168802,11863.998769399443
4306,0,1035,0,0,573150,573701,2019.3421,2021.343709,2.0016089999999167,9.881857222638782,8.2875,11.212499999999999,1,1,1,1,551,80,80,551.0,79.0,551.0,551,79,19.779614353548823,11991.352956546958
4306,0,1036,0,0,573701,574306,2021.343709,2023.346655,2.0029460000000654,9.83949296921302,8.2875,11.212499999999999,1,1,1,1,605,80,80,605.0,81.0,605.0,605,81,19.707973084714467,12003.31911094918
4306,0,1037,0,0,574306,574910,2023.346655,2025.34893,2.002275000000054,9.75295643015984,8.2875,11.212499999999999,1,1,1,1,604,80,80,604.0,80.0,604.0,604,80,19.528100836199883,11872.49503689521
4306,0,1038,0,0,574910,575476,2025.34893,2027.350522,2.001591999999846,9.771472074323148,8.2875,11.212499999999999,1,1,1,1,566,80,80,566.0,79.0,566.0,566,79,19.558500332186668,11939.995763373274
4306,0,1039,0,0,575476,576070,2027.350522,2029.352416,2.001893999999993,9.803599343823224,8.2875,11.212499999999999,1,1,1,1,594,80,80,594.0,80.0,594.0,594,80,19.625766704804846,12021.116003145064
4306,0,1040,0,0,576070,576622,2029.352416,2031.353792,2.001376000000164,9.829047267662032,8.2875,11.212499999999999,1,1,1,1,552,80,80,552.0,80.0,552.0,552,80,19.671619304364867,12186.61560846038
4306,0,1041,0,0,576622,577204,2031.353792,2033.35804,2.0042479999999614,9.854541085192672,8.2875,11.212499999999999,1,1,1,1,582,80,80,582.0,81.0,582.0,582,81,19.750944260915276,11686.178556745697
4306,0,1042,0,0,577204,577784,2033.35804,2035.360315,2.002274999999827,9.79276735030335,8.2875,11.212499999999999,1,1,1,1,580,80,80,580.0,80.0,580.0,580,80,19.60781324632626,11988.363236819156
4306,0,1043,0,0,577784,578365,2035.360315,2037.362593,2.0022780000001603,9.824341451661798,8.2875,11.212499999999999,1,1,1,1,581,80,80,581.0,80.0,581.0,581,80,19.67106275315382,12009.321382943865
4306,0,1044,0,0,578365,578918,2037.362593,2039.364869,2.002275999999938,9.7773585990083,8.2875,11.212499999999999,1,1,1,1,553,80,80,553.0,80.0,553.0,553,80,19.57697046618705,11613.284082714232
4306,0,1045,0,0,578918,579537,2039.364869,2041.36715,2.002281000000039,9.831872857112975,8.2875,11.212499999999999,1,1,1,1,619,80,80,619.0,80.0,619.0,619,80,19.68617221621389,11770.076228061665
4306,0,1046,0,0,579537,580107,2041.36715,2043.369425,2.002275000000054,9.858858681780525,8.2875,11.212499999999999,1,1,1,1,570,80,80,570.0,80.0,570.0,570,80,19.74014626706412,11756.127405076408
4306,0,1047,0,0,580107,580683,2043.369425,2045.370652,2.0012269999999717,9.878916696974992,8.2875,11.212499999999999,1,1,1,1,576,80,80,576.0,79.0,576.0,576,79,19.769954824736487,11985.646805684883
4306,0,1048,0,0,580683,581277,2045.370652,2047.373977,2.0033249999999043,9.708207020229658,8.2875,11.212499999999999,1,1,1,1,594,80,80,594.0,81.0,594.0,594,81,19.44869382879915,11714.025432718665
4306,0,1049,0,0,581277,581879,2047.373977,2049.376256,2.002279000000044,9.84832722578059,8.2875,11.212499999999999,1,1,1,1,602,80,80,602.0,80.0,602.0,602,80,19.71909878930819,11895.445140262409
4306,0,1050,0,0,581879,582476,2049.376256,2051.378533,2.002277000000049,9.74841936781303,8.2875,11.212499999999999,1,1,1,1,597,80,80,597.0,80.0,597.0,597,80,19.51903588652567,11646.740186297613
4306,0,1051,0,0,582476,583099,2051.378533,2053.380811,2.002277999999933,9.807012018271395,8.2875,11.212499999999999,1,1,1,1,623,80,80,623.0,80.0,623.0,623,80,19.636364409918315,11920.922069762939
4306,0,1052,0,0,583099,583662,2053.380811,2055.383088,2.002277000000049,9.743423492628493,8.2875,11.212499999999999,1,1,1,1,563,80,80,563.0,80.0,563.0,563,80,19.509032760550326,11875.979197683146
4306,0,1053,0,0,583662,584246,2055.383088,2057.385366,2.002277999999933,9.849893258855762,8.2875,11.212499999999999,1,1,1,1,584,80,80,584.0,80.0,584.0,584,80,19.722224574554275,12043.782132151882
4306,0,1054,0,0,584246,584857,2057.385366,2059.387642,2.0022760000001654,9.86816908391306,8.2875,11.212499999999999,1,1,1,1,611,80,80,611.0,80.0,611.0,611,80,19.758798120663414,12303.49861857105
4306,0,1055,0,0,584857,585000,2059.387642,2059.866042,0.4783999999999651,9.774510080666236,8.2875,11.212499999999999,1,1,1,1,143,20,20,143.0,19.0,143.0,143,19,4.6761256225909165,11732.859531773433
4306,0,1056,0,0,585000,585646,2059.866042,2061.867037,2.0009949999998753,9.829892883735353,8.2875,11.212499999999999,1,1,1,1,646,80,80,646.0,80.0,646.0,646,80,19.669566510889126,11938.060814745408
4306,0,1057,0,0,585646,586206,2061.867037,2063.867021,1.9999840000000404,9.783238137531457,8.2875,11.212499999999999,1,1,1,1,560,79,79,560.0,79.0,560.0,560,79,19.56631974325137,11932.095456763413
4306,0,1058,0,0,586206,586791,2063.867021,2065.869146,2.002124999999978,9.790103791266638,8.2875,11.212499999999999,1,1,1,1,585,80,80,585.0,80.0,585.0,585,80,19.60101155308803,11846.413185990015
4306,0,1059,0,0,586791,587355,2065.869146,2067.869575,2.0004290000001674,9.77964598433714,8.2875,11.212499999999999,1,1,1,1,564,80,80,565.0,80.0,565.0,564,80,19.56348743680428,12066.41175467761
4306,0,1060,0,0,587355,587951,2067.869575,2069.874569,2.004993999999897,9.872513279948471,8.2875,11.212499999999999,1,1,1,1,596,80,80,595.0,81.0,595.0,596,81,19.794329891217785,12225.971748544514
4306,0,1061,0,0,587951,588579,2069.874569,2071.876845,2.0022759999997106,9.938319533000135,8.2875,11.212499999999999,1,1,1,1,628,80,80,628.0,80.0,628.0,628,80,19.89925868125283,12170.64980052876
4306,0,1062,0,0,588579,589143,2071.876845,2073.879123,2.0022780000003877,9.785727518998577,8.2875,11.212499999999999,1,1,1,1,564,80,80,564.0,80.0,564.0,564,80,19.59374692528945,11882.465871370207
4306,0,1063,0,0,589143,589727,2073.879123,2075.880846,2.0017229999998563,9.76678486227333,8.2875,11.212499999999999,1,1,1,1,584,80,80,584.0,79.0,584.0,584,79,19.550397894861817,12003.159278282623
4306,0,1064,0,0,589727,590323,2075.880846,2077.883676,2.0028299999999035,9.785996743440421,8.2875,11.212499999999999,1,1,1,1,596,80,80,596.0,81.0,596.0,596,81,19.599687857662502,11822.271485848096
4306,0,1065,0,0,590323,590889,2077.883676,2079.885953,2.002277000000049,9.873316247426434,8.2875,11.212499999999999,1,1,1,1,566,80,80,566.0,80.0,566.0,566,80,19.769114035949315,11868.487726722835
4306,0,1066,0,0,590889,591482,2079.885953,2081.888229,2.0022760000001654,9.84183664530999,8.2875,11.212499999999999,1,1,1,1,593,80,80,593.0,80.0,593.0,593,80,19.70607331082647,11909.447049256962
4306,0,1067,0,0,591482,592041,2081.888229,2083.888913,2.0006839999996373,9.811131301234681,8.2875,11.212499999999999,1,1,1,1,559,80,80,559.0,79.0,559.0,559,79,19.628973416274675,11919.92338620408
4306,0,1068,0,0,592041,592620,2083.888913,2085.892782,2.0038690000001225,9.891468012906909,8.2875,11.212499999999999,1,1,1,1,579,80,80,579.0,81.0,579.0,579,81,19.82120611555729,11937.906120608952
4306,0,1069,0,0,592620,593210,2085.892782,2087.89506,2.002277999999933,9.812372173344441,8.2875,11.212499999999999,1,1,1,1,590,80,80,590.0,80.0,590.0,590,80,19.647096930497355,11731.138233552378
4306,0,1070,0,0,593210,593800,2087.89506,2089.895849,2.000789000000168,9.832916317814929,8.2875,11.212499999999999,1,1,1,1,590,80,80,590.0,79.0,590.0,590,79,19.673590806607535,11965.77949998625
4306,0,1071,0,0,593800,594399,2089.895849,2091.897749,2.001900000000205,9.775567545518697,8.2875,11.212499999999999,1,1,1,1,599,80,80,599.0,80.0,599.0,599,80,19.56970866937627,11883.210949596663
4306,0,1072,0,0,594399,595007,2091.897749,2093.901889,2.0041400000000067,9.981298359161118,8.2875,11.212499999999999,1,1,1,1,608,80,80,608.0,81.0,608.0,608,81,20.00391929352918,12391.848872833194
4306,0,1073,0,0,595007,595593,2093.901889,2095.903782,2.0018929999996544,9.774039547145984,8.2875,11.212499999999999,1,1,1,1,586,80,80,586.0,79.0,586.0,586,79,19.5665813511514,11837.295999338672
4306,0,1074,0,0,595593,596176,2095.903782,2097.905579,2.0017970000003515,9.837378927004881,8.2875,11.212499999999999,1,1,1,1,583,80,80,583.0,80.0,583.0,583,80,19.69243562394331,11965.24922357052
4306,0,1075,0,0,596176,596756,2097.905579,2099.905662,2.000082999999904,9.898992788600822,8.2875,11.212499999999999,1,1,1,1,580,80,80,580.0,80.0,580.0,580,80,19.798807193601533,11953.003950336633
4306,0,1076,0,0,596756,597379,2099.905662,2101.906322,2.000659999999698,9.793382424709913,8.2875,11.212499999999999,1,1,1,1,623,80,80,623.0,80.0,623.0,623,80,19.59322848181546,11868.58336749052
4306,0,1077,0,0,597379,597953,2101.906322,2103.910715,2.0043930000001637,9.849839181004622,8.2875,11.212499999999999,1,1,1,1,574,80,80,574.0,80.0,574.0,574,80,19.742948705534218,12005.130730349803
4306,0,1078,0,0,597953,598000,2103.910715,2104.06102,0.1503050000001167,9.816038703304061,8.2875,11.212499999999999,1,1,1,1,47,6,6,47.0,6.0,47.0,47,6,1.4753996973013273,11616.38002726885
4306,0,1079,0,0,598000,598576,2104.06102,2106.065723,2.004703000000063,9.871319675610776,8.2875,11.212499999999999,1,1,1,1,576,80,80,576.0,81.0,576.0,576,81,19.78906416765676,11914.483093006418
4306,0,1080,0,0,598576,599153,2106.065723,2108.067999,2.0022759999997106,9.82596432560084,8.2875,11.212499999999999,1,1,1,1,577,80,80,577.0,80.0,577.0,577,80,19.674292546002107,11967.880551933631
4306,0,1081,0,0,599153,599763,2108.067999,2110.070275,2.0022760000001654,9.80265022976036,8.2875,11.212499999999999,1,1,1,1,610,80,80,610.0,80.0,610.0,610,80,19.627611291445646,11744.135174170822
4306,0,1082,0,0,599763,600350,2110.070275,2112.070808,2.000532999999905,9.875401975666746,8.2875,11.212499999999999,1,1,1,1,587,80,80,587.0,79.0,587.0,587,79,19.7560675405839,11943.816972777324
4306,0,1083,0,0,600350,600932,2112.070808,2114.07118,2.0003719999999703,9.75257198118234,8.2875,11.212499999999999,1,1,1,1,582,80,80,582.0,80.0,582.0,582,80,19.50877191913969,11663.830527522054
4306,0,1084,0,0,600932,601496,2114.07118,2116.074365,2.0031850000000304,9.778054436379108,8.2875,11.212499999999999,1,1,1,1,564,80,80,565.0,80.0,564.0,564,80,19.58725197613967,11984.414819399923
4306,0,1085,0,0,601496,602038,2116.074365,2118.079383,2.0050179999998363,9.855195586962484,8.2875,11.212499999999999,1,1,1,1,542,80,80,542.0,81.0,542.0,542,81,19.759844545380474,11810.367787222824
4306,0,1086,0,0,602038,602621,2118.079383,2120.081661,2.0022780000003877,9.810550761424231,8.2875,11.212499999999999,1,1,1,1,583,80,80,583.0,80.0,583.0,583,80,19.643449957486155,11543.851553078806
4306,0,1087,0,0,602621,603207,2120.081661,2122.083232,2.0015709999997853,9.789845195335117,8.2875,11.212499999999999,1,1,1,1,586,80,80,586.0,79.0,586.0,586,79,19.595070237468462,11760.262313953652
4306,0,1088,0,0,603207,603793,2122.083232,2124.083378,2.0001459999998588,9.823304389558611,8.2875,11.212499999999999,1,1,1,1,586,80,80,586.0,80.0,586.0,586,80,19.6480429815565,11647.149758068483
4306,0,1089,0,0,603793,604384,2124.083378,2126.088491,2.005113000000165,9.915590815368237,8.2875,11.212499999999999,1,1,1,1,591,80,80,591.0,81.0,591.0,591,81,19.881880046577862,12254.172208747326
4306,0,1090,0,0,604384,605016,2126.088491,2128.090769,2.002277999999933,9.81414154492195,8.2875,11.212499999999999,1,1,1,1,632,80,80,632.0,80.0,632.0,632,80,19.650639704283094,11966.869735371813
4306,0,1091,0,0,605016,605603,2128.090769,2130.093045,2.0022760000001654,9.87758839495487,8.2875,11.212499999999999,1,1,1,1,587,80,80,587.0,80.0,587.0,587,80,19.77765818109765,12043.794162242373
4306,0,1092,0,0,605603,606174,2130.093045,2132.095322,2.002277000000049,9.802229106779805,8.2875,11.212499999999999,1,1,1,1,571,80,80,571.0,80.0,571.0,571,80,19.62677788923611,11670.71289337061
4306,0,1093,0,0,606174,606784,2132.095322,2134.0976,2.002277999999933,9.78099184801389,8.2875,11.212499999999999,1,1,1,1,610,80,80,610.0,80.0,610.0,610,80,19.584264795455965,11936.404435348539
4306,0,1094,0,0,606784,607363,2134.0976,2136.098244,2.0006439999997383,9.834760909187107,8.2875,11.212499999999999,1,1,1,1,579,80,80,579.0,79.0,579.0,579,79,19.675855404395406,11912.664122154225
4306,0,1095,0,0,607363,607944,2136.098244,2138.099256,2.0010120000001734,9.79460947246387,8.2875,11.212499999999999,1,1,1,1,581,79,79,582.0,80.0,581.0,581,79,19.59913108971523,12121.866335633118
4306,0,1096,0,0,607944,608511,2138.099256,2140.102377,2.003121000000192,9.918810511398696,8.2875,11.212499999999999,1,1,1,1,567,80,80,567.0,80.0,567.0,567,80,19.868577630404616,11972.81641997548
4306,0,1097,0,0,608511,609093,2140.102377,2142.10587,2.0034929999997075,9.898905352935163,8.2875,11.212499999999999,1,1,1,1,582,80,80,582.0,80.0,582.0,582,80,19.832387582264346,11897.72063091984
4306,0,1098,0,0,609093,609661,2142.10587,2144.108379,2.002508999999918,9.839569048531482,8.2875,11.212499999999999,1,1,1,1,568,80,80,568.0,80.0,568.0,568,80,19.70382557580524,11859.622104070928
4306,0,1099,0,0,609661,610266,2144.108379,2146.11126,2.002881000000343,9.809475689665115,8.2875,11.212499999999999,1,1,1,1,605,80,80,605.0,81.0,605.0,605,81,19.647212478794245,11904.851062043084
4306,0,1100,0,0,610266,610865,2146.11126,2148.111657,2.0003969999997935,9.787664842757067,8.2875,11.212499999999999,1,1,1,1,599,80,80,599.0,79.0,599.0,599,79,19.57921538845403,11992.61946503743
4306,0,1101,0,0,610865,611000,2148.111657,2148.556724,0.44506700000010824,9.774869483250779,8.2875,11.212499999999999,1,1,1,1,135,18,18,135.0,18.0,135.0,135,18,4.350471836303768,11816.19846000427
4306,0,1102,0,0,611000,611593,2148.556724,2150.556953,2.000228999999763,9.79888954798774,8.2875,11.212499999999999,1,1,1,1,593,80,79,595.0,80.0,593.0,593,79,19.60002304167938,11831.64527661723
4306,0,1103,0,0,611593,612182,2150.556953,2152.563792,2.0068390000001273,9.867247636972548,8.2875,11.212499999999999,1,1,1,1,589,80,80,589.0,80.0,589.0,589,80,19.80197738053539,12076.205415580653
4306,0,1104,0,0,612182,612762,2152.563792,2154.563754,1.9999619999998686,9.846176976185731,8.2875,11.212499999999999,1,1,1,1,580,80,80,580.0,80.0,580.0,580,80,19.691979797644308,12173.731300895517
4306,0,1105,0,0,612762,613345,2154.563754,2156.565026,2.0012720000004265,9.824497644712123,8.2875,11.212499999999999,1,1,1,1,583,80,80,583.0,80.0,583.0,583,80,19.66149205043257,11980.880160215547
4306,0,1106,0,0,613345,613936,2156.565026,2158.569547,2.0045209999998406,9.86835186533046,8.2875,11.212499999999999,1,1,1,1,591,80,80,591.0,80.0,591.0,591,80,19.781318549441494,12107.131828502635
4306,0,1107,0,0,613936,614525,2158.569547,2160.574132,2.0045850000001337,9.83591900058995,8.2875,11.212499999999999,1,1,1,1,589,80,80,589.0,80.0,589.0,589,80,19.716935689797538,11844.845691252012
4306,0,1108,0,0,614525,615096,2160.574132,2162.576608,2.0024759999996604,9.823753237986079,8.2875,11.212499999999999,1,1,1,1,571,80,80,571.0,80.0,571.0,571,80,19.67183008898428,12115.00162798661
4306,0,1109,0,0,615096,615664,2162.576608,2164.577475,2.0008670000001985,9.808845417505973,8.2875,11.212499999999999,1,1,1,1,568,80,80,568.0,80.0,568.0,568,80,19.62619510399236,11947.320836416227
4306,0,1110,0,0,615664,616211,2164.577475,2166.580422,2.002946999999949,9.858008325649354,8.2875,11.212499999999999,1,1,1,1,547,80,80,547.0,80.0,547.0,547,80,19.745068201835238,11790.127247501106
4306,0,1111,0,0,616211,616845,2166.580422,2168.586819,2.0063970000001063,9.803735182059995,8.2875,11.212499999999999,1,1,1,1,634,80,80,634.0,81.0,634.0,634,81,19.670184858081484,12110.76372223379
4306,0,1112,0,0,616845,617420,2168.586819,2170.588218,2.001398999999765,9.74954014045739,8.2875,11.212499999999999,1,1,1,1,575,80,80,575.0,79.0,575.0,575,79,19.51271988757071,11775.263203390614
4306,0,1113,0,0,617420,617966,2170.588218,2172.591373,2.0031550000003335,9.708754568092797,8.2875,11.212499999999999,1,1,1,1,546,80,80,546.0,81.0,546.0,546,81,19.44814025685264,11572.244783851544
4306,0,1114,0,0,617966,618537,2172.591373,2174.59144,2.0000669999999445,9.708392243748085,8.2875,11.212499999999999,1,1,1,1,571,80,80,571.0,79.0,571.0,571,79,19.41743494977709,11858.102753558085
4306,0,1115,0,0,618537,619126,2174.59144,2176.592748,2.001307999999881,9.65011299053114,8.2875,11.212499999999999,1,1,1,1,589,80,80,589.0,80.0,589.0,589,80,19.31284832885285,11758.310065218047
4306,0,1116,0,0,619126,619689,2176.592748,2178.593193,2.000445000000127,9.547256706258578,8.2875,11.212499999999999,1,1,1,1,563,80,80,563.0,80.0,563.0,563,80,19.098761941753764,11670.403335257164
4306,0,1117,0,0,619689,620239,2178.593193,2180.595806,2.0026129999996556,9.853844994290407,8.2875,11.212499999999999,1,1,1,1,550,80,80,551.0,80.0,550.0,550,80,19.733438085546368,11996.326799039121
4306,0,1118,0,0,620239,620836,2180.595806,2182.601972,2.006166000000121,9.706728281641997,8.2875,11.212499999999999,1,1,1,1,597,80,80,597.0,80.0,597.0,597,80,19.47330824987148,11876.385104721425
4306,0,1119,0,0,620836,621399,2182.601972,2184.602848,2.000876000000062,9.690796119222796,8.2875,11.212499999999999,1,1,1,1,563,80,80,563.0,80.0,563.0,563,80,19.39008137584824,11786.337584137782
4306,0,1120,0,0,621399,621968,2184.602848,2186.604086,2.00123799999983,9.815393307804618,8.2875,11.212499999999999,1,1,1,1,569,80,80,569.0,80.0,569.0,569,80,19.642938072523975,12014.562985512988
4306,0,1121,0,0,621968,622520,2186.604086,2188.606137,2.0020510000003924,9.709006204018166,8.2875,11.212499999999999,1,1,1,1,552,80,80,552.0,80.0,552.0,552,80,19.43792557976485,11642.560554149435
4306,0,1122,0,0,622520,623085,2188.606137,2190.609687,2.0035499999999047,9.629023334576678,8.2875,11.212499999999999,1,1,1,1,565,80,80,565.0,80.0,565.0,565,80,19.292229701990436,12018.167752240346
4306,0,1123,0,0,623085,623648,2190.609687,2192.614026,2.0043390000000727,9.63466596880844,8.2875,11.212499999999999,1,1,1,1,563,80,80,563.0,80.0,563.0,563,80,19.311136753254686,11401.763873276512
4306,0,1124,0,0,623648,624000,2192.614026,2193.819487,1.2054610000000139,9.662865095461168,8.2875,11.212499999999999,1,1,1,1,352,49,49,352.0,49.0,352.0,352,49,11.648207020840346,11908.307278294225
4306,0,1125,0,0,624000,624540,2193.819487,2195.825083,2.0055959999999686,9.773855786000865,8.2875,11.212499999999999,1,1,1,1,540,80,80,541.0,80.0,540.0,540,80,19.60240606898151,11520.26629490703
4306,0,1126,0,0,624540,625110,2195.825083,2197.825732,2.000648999999612,9.746612857712936,8.2875,11.212499999999999,1,1,1,1,570,80,80,570.0,80.0,570.0,570,80,19.49955126716668,11778.677819050003
4306,0,1127,0,0,625110,625710,2197.825732,2199.827721,2.0019890000003215,9.863570785708369,8.2875,11.212499999999999,1,1,1,1,600,80,80,600.0,80.0,600.0,600,80,19.74676021371124,12285.282286763839
4306,0,1128,0,0,625710,626249,2199.827721,2201.828729,2.001007999999729,9.682098117308943,8.2875,11.212499999999999,1,1,1,1,539,80,80,539.0,80.0,539.0,539,80,19.373955789516913,11844.030608574885
4306,0,1129,0,0,626249,626802,2201.828729,2203.830046,2.001317000000199,9.715412443782803,8.2875,11.212499999999999,1,1,1,1,553,80,80,553.0,80.0,553.0,553,80,19.443620085756265,11730.775284474006
4306,0,1130,0,0,626802,627377,2203.830046,2205.833121,2.0030750000000808,9.804330599699865,8.2875,11.212499999999999,1,1,1,1,575,80,80,575.0,80.0,575.0,575,80,19.6388095159964,12032.500031201542
4306,0,1131,0,0,627377,627917,2205.833121,2207.836162,2.0030409999999392,9.732809494850356,8.2875,11.212499999999999,1,1,1,1,540,80,80,540.0,80.0,540.0,540,80,19.495216463372344,11417.14023826806
4306,0,1132,0,0,627917,628474,2207.836162,2209.841067,2.0049049999997806,9.717494316742844,8.2875,11.212499999999999,1,1,1,1,557,80,80,557.0,80.0,557.0,557,80,19.482652943108405,11806.045672988292
4306,0,1133,0,0,628474,629087,2209.841067,2211.841047,1.9999800000000505,9.892771805700514,8.2875,11.212499999999999,1,1,1,1,613,80,80,613.0,80.0,613.0,613,80,19.785345755964954,11862.618626185962
4306,0,1134,0,0,629087,629624,2211.841047,2213.84959,2.008542999999918,9.740549675167012,8.2875,11.212499999999999,1,1,1,1,537,80,80,537.0,80.0,537.0,537,80,19.56431286620864,11948.462143952598
4306,0,1135,0,0,629624,630196,2213.84959,2215.850244,2.000654000000395,9.738151599521455,8.2875,11.212499999999999,1,1,1,1,572,80,80,572.0,80.0,572.0,572,80,19.482671950194344,11827.632364214565
4306,0,1136,0,0,630196,630778,2215.850244,2217.853827,2.0035829999997077,9.833097205118468,8.2875,11.212499999999999,1,1,1,1,582,80,80,582.0,80.0,582.0,582,80,19.701426397521573,12095.331214131651
4306,0,1137,0,0,630778,631317,2217.853827,2219.854803,2.0009760000002643,9.563676932324537,8.2875,11.212499999999999,1,1,1,1,539,80,80,539.0,80.0,539.0,539,80,19.136688013339153,11488.393663890503
4306,0,1138,0,0,631317,631934,2219.854803,2221.855676,2.000872999999956,9.684196597638294,8.2875,11.212499999999999,1,1,1,1,617,80,80,617.0,80.0,617.0,617,80,19.37684749890468,11714.386670218708
4306,0,1139,0,0,631934,632552,2221.855676,2223.863524,2.00784799999974,9.617799635029453,8.2875,11.212499999999999,1,1,1,1,618,80,80,618.0,80.0,618.0,618,80,19.311079761591827,11731.46572848296
4306,0,1140,0,0,632552,633169,2223.863524,2225.876372,2.0128480000003037,9.751187043390855,8.2875,11.212499999999999,1,1,1,1,617,80,80,617.0,80.0,617.0,617,80,19.627657337918208,12103.248730155643
4306,0,1141,0,0,633169,633722,2225.876372,2227.879245,2.0028729999999086,9.695163418069226,8.2875,11.212499999999999,1,1,1,1,553,80,80,553.0,81.0,553.0,553,81,19.418181040637137,11748.623102913201
4306,0,1142,0,0,633722,634270,2227.879245,2229.879233,1.9999880000000303,9.642809650751687,8.2875,11.212499999999999,1,1,1,1,548,80,80,548.0,79.0,548.0,548,79,19.28550358778739,11766.0705964234
4306,0,1143,0,0,634270,634857,2229.879233,2231.883418,2.0041849999997794,9.611839721736333,8.2875,11.212499999999999,1,1,1,1,587,80,80,587.0,80.0,587.0,587,80,19.263904992705648,11808.790106703027
4306,0,1144,0,0,634857,635445,2231.883418,2233.883583,2.0001649999999245,9.638430808149941,8.2875,11.212499999999999,1,1,1,1,588,80,80,588.0,80.0,588.0,588,80,19.278451957383368,11541.547822305096
4306,0,1145,0,0,635445,636026,2233.883583,2235.887455,2.0038720000002286,9.711953134816184,8.2875,11.212499999999999,1,1,1,1,581,80,80,581.0,80.0,581.0,581,80,19.46151095217283,11969.327382186719
4306,0,1146,0,0,636026,636632,2235.887455,2237.89063,2.0031749999998283,9.801301891256166,8.2875,11.212499999999999,1,1,1,1,606,80,80,606.0,81.0,606.0,606,81,19.633722916016268,12043.880339961346
4306,0,1147,0,0,636632,637000,2237.89063,2238.973568,1.0829380000000128,9.728466388022555,8.2875,11.212499999999999,1,1,1,1,368,44,44,368.0,43.0,368.0,368,43,10.535325933313288,11921.27342470192
4306,0,1148,0,0,637000,637574,2238.973568,2240.977978,2.004410000000007,9.717299518467133,8.2875,11.212499999999999,1,1,1,1,574,80,80,575.0,80.0,574.0,574,80,19.47745232781017,11902.255526563884
4306,0,1149,0,0,637574,638148,2240.977978,2242.97877,2.000792000000274,9.76775104362907,8.2875,11.212499999999999,1,1,1,1,574,80,80,574.0,80.0,574.0,574,80,19.543238146088697,11998.248693515723
4306,0,1150,0,0,638148,638709,2242.97877,2244.979129,2.000358999999662,9.63381622342494,8.2875,11.212499999999999,1,1,1,1,561,80,80,561.0,80.0,561.0,561,80,19.27109098686924,11703.899150104535
4306,0,1151,0,0,638709,639270,2244.979129,2246.980253,2.0011240000003454,9.740335405086187,8.2875,11.212499999999999,1,1,1,1,561,80,80,561.0,80.0,561.0,561,80,19.491618947169627,12162.1648633447
4306,0,1152,0,0,639270,639806,2246.980253,2248.986295,2.0060419999999795,9.62140322288938,8.2875,11.212499999999999,1,1,1,1,536,80,80,536.0,80.0,536.0,536,80,19.300938964050147,11612.418882555918
4306,0,1153,0,0,639806,640408,2248.986295,2250.998222,2.0119270000000142,9.658662613695304,8.2875,11.212499999999999,1,1,1,1,602,80,80,602.0,80.0,602.0,602,80,19.43252409638444,11459.163279780945
4306,0,1154,0,0,640408,641018,2250.998222,2252.99882,2.000597999999627,9.68013678019025,8.2875,11.212499999999999,1,1,1,1,610,80,80,610.0,80.0,610.0,610,80,19.366062282169878,11693.5036424131
4306,0,1155,0,0,641018,641546,2252.99882,2254.999864,2.0010440000000926,9.668648907543451,8.2875,11.212499999999999,1,1,1,1,528,80,80,528.0,80.0,528.0,528,80,19.347391884548415,11500.49674070082
4306,0,1156,0,0,641546,642115,2254.999864,2257.005475,2.0056110000000444,9.692943917393153,8.2875,11.212499999999999,1,1,1,1,569,80,80,569.0,80.0,569.0,569,80,19.440274943106488,11816.847833403124
4306,0,1157,0,0,642115,642694,2257.005475,2259.007786,2.0023110000001907,9.67514161638507,8.2875,11.212499999999999,1,1,1,1,579,80,80,579.0,80.0,579.0,579,80,19.372642485046526,11936.70713490448
4306,0,1158,0,0,642694,643301,2259.007786,2261.008729,2.0009430000000066,9.784213156802778,8.2875,11.212499999999999,1,1,1,1,607,80,80,607.0,80.0,607.0,607,80,19.577652826614212,11923.37812721298
4306,0,1159,0,0,643301,643868,2261.008729,2263.009031,2.0003019999999196,9.75092707744943,8.2875,11.212499999999999,1,1,1,1,567,80,80,567.0,80.0,567.0,567,80,19.504798934874998,11693.234321617905
4306,0,1160,0,0,643868,644506,2263.009031,2265.012563,2.0035319999997228,9.72631064123364,8.2875,11.212499999999999,1,1,1,1,638,80,80,638.0,80.0,638.0,638,80,19.486974611649202,11691.353070479154
4306,0,1161,0,0,644506,645070,2265.012563,2267.019778,2.0072150000000875,9.666818542448434,8.2875,11.212499999999999,1,1,1,1,564,80,80,564.0,80.0,564.0,564,80,19.403383180680976,11632.037424988845
4306,0,1162,0,0,645070,645639,2267.019778,2269.023304,2.0035259999999653,9.73934117608004,8.2875,11.212499999999999,1,1,1,1,569,80,80,569.0,80.0,569.0,569,80,19.513023269148107,11832.139937290762
4306,0,1163,0,0,645639,646184,2269.023304,2271.023972,2.0006680000001325,9.668138376011232,8.2875,11.212499999999999,1,1,1,1,545,80,80,545.0,80.0,545.0,545,80,19.34273506845784,11623.117878627769
4306,0,1164,0,0,646184,646745,2271.023972,2273.026451,2.0024790000002213,9.73772475937924,8.2875,11.212499999999999,1,1,1,1,561,80,80,561.0,80.0,561.0,561,80,19.499589338440273,11771.409338124093
4306,0,1165,0,0,646745,647315,2273.026451,2275.031834,2.0053829999997106,9.858476816028052,8.2875,11.212499999999999,1,1,1,1,570,80,80,570.0,80.0,570.0,570,80,19.77002181275384,12130.351159855005
4306,0,1166,0,0,647315,647877,2275.031834,2277.032137,2.000303000000258,9.681692399228092,8.2875,11.212499999999999,1,1,1,1,562,80,80,563.0,80.0,562.0,562,80,19.36631835125445,11578.2458957453
4306,0,1167,0,0,647877,648432,2277.032137,2279.032364,2.0002269999999953,9.622457786073083,8.2875,11.212499999999999,1,1,1,1,555,80,80,555.0,80.0,555.0,555,80,19.24709987006281,11552.688769824652
4306,0,1168,0,0,648432,649025,2279.032364,2281.038302,2.0059379999997873,9.840322479038827,8.2875,11.212499999999999,1,1,1,1,593,80,80,593.0,80.0,593.0,593,80,19.73907679295735,12167.375063437947
4306,0,1169,0,0,649025,649615,2281.038302,2283.04144,2.0031380000000354,9.748577087634255,8.2875,11.212499999999999,1,1,1,1,590,80,80,590.0,80.0,590.0,590,80,19.527745210169087,11950.749274388274
4306,0,1170,0,0,649615,650000,2283.04144,2284.36849,1.327049999999872,9.784185887059648,8.2875,11.212499999999999,1,1,1,1,385,53,53,385.0,54.0,385.0,385,54,12.984103881422925,11981.462642704897
4306,0,1171,0,0,650000,650567,2284.36849,2286.37076,2.002269999999953,9.72581514011004,8.2875,11.212499999999999,1,1,1,1,567,80,80,568.0,80.0,567.0,567,80,19.473707880588336,11808.097808987077
4306,0,1172,0,0,650567,651138,2286.37076,2288.372196,2.0014360000000124,9.546633107508985,8.2875,11.212499999999999,1,1,1,1,571,80,80,572.0,79.0,571.0,571,79,19.10697518015877,11706.095023772858
4306,0,1173,0,0,651138,651711,2288.372196,2290.373441,2.001245000000381,9.667697058902046,8.2875,11.212499999999999,1,1,1,1,573,80,80,573.0,80.0,573.0,573,80,19.347430400644953,11772.171823037916
4306,0,1174,0,0,651711,652267,2290.373441,2292.374919,2.001477999999679,9.755097851606568,8.2875,11.212499999999999,1,1,1,1,556,80,80,556.0,80.0,556.0,556,80,19.524613737834443,11744.820577595043
4306,0,1175,0,0,652267,652878,2292.374919,2294.37825,2.003331000000344,9.703861440037047,8.2875,11.212499999999999,1,1,1,1,611,80,80,611.0,80.0,611.0,611,80,19.440046442534367,11805.83737784517
4306,0,1176,0,0,652878,653483,2294.37825,2296.382144,2.0038939999999457,9.686681401843327,8.2875,11.212499999999999,1,1,1,1,605,80,80,605.0,81.0,605.0,605,81,19.41108274106591,11778.567129798603
4306,0,1177,0,0,653483,654029,2296.382144,2298.38442,2.0022759999997106,9.640856649491857,8.2875,11.212499999999999,1,1,1,1,546,80,80,546.0,80.0,546.0,546,80,19.303655888714275,11572.330687679096
4306,0,1178,0,0,654029,654652,2298.38442,2300.386698,2.002277999999933,9.820126184081177,8.2875,11.212499999999999,1,1,1,1,623,80,80,623.0,80.0,623.0,623,80,19.662622615607688,12095.722971535826
4306,0,1179,0,0,654652,655236,2300.386698,2302.388463,2.0017649999999776,9.870431046956073,8.2875,11.212499999999999,1,1,1,1,584,80,80,584.0,79.0,584.0,584,79,19.7582834047098,12101.32058458424
4306,0,1180,0,0,655236,655871,2302.388463,2304.391251,2.002788000000237,9.784689159253347,8.2875,11.212499999999999,1,1,1,1,635,80,80,635.0,81.0,635.0,635,81,19.596658031885454,12031.228467514858
4306,0,1181,0,0,655871,656445,2304.391251,2306.391265,2.000014000000192,9.783146363551277,8.2875,11.212499999999999,1,1,1,1,574,80,80,574.0,79.0,574.0,574,79,19.566429691152734,11789.917470576574
4306,0,1182,0,0,656445,657042,2306.391265,2308.395806,2.00454099999979,9.808112617314963,8.2875,11.212499999999999,1,1,1,1,597,80,80,597.0,81.0,597.0,597,81,19.66076387402427,11799.209893937053
4306,0,1183,0,0,657042,657587,2308.395806,2310.398083,2.002277000000049,9.808838233326014,8.2875,11.212499999999999,1,1,1,1,545,80,80,545.0,80.0,545.0,545,80,19.640011191309895,11998.3398900349
4306,0,1184,0,0,657587,658182,2310.398083,2312.40036,2.002277000000049,9.68217198125142,8.2875,11.212499999999999,1,1,1,1,595,80,80,596.0,80.0,595.0,595,80,19.38639026810415,11909.940532703225
4306,0,1185,0,0,658182,658741,2312.40036,2314.402636,2.0022759999997106,9.811288934916911,8.2875,11.212499999999999,1,1,1,1,559,80,80,559.0,80.0,559.0,559,80,19.64490836344703,11939.912379713613
4306,0,1186,0,0,658741,659279,2314.402636,2316.404914,2.0022780000003877,9.762881809512493,8.2875,11.212499999999999,1,1,1,1,538,80,80,538.0,80.0,538.0,538,80,19.548003463791247,11903.94141073087
4306,0,1187,0,0,659279,659852,2316.404914,2318.405577,2.000662999999804,9.719879832171673,8.2875,11.212499999999999,1,1,1,1,573,80,80,573.0,79.0,573.0,573,79,19.446203944669833,11729.111799439635
4306,0,1188,0,0,659852,660417,2318.405577,2320.405753,2.0001760000000104,9.934018151093703,8.2875,11.212499999999999,1,1,1,1,565,80,80,565.0,80.0,565.0,565,80,19.86978468938105,11771.96406716203
4306,0,1189,0,0,660417,660975,2320.405753,2322.409098,2.003345000000081,9.788627554227814,8.2875,11.212499999999999,1,1,1,1,558,80,80,558.0,80.0,558.0,558,80,19.609998067626293,11695.439377640421
4306,0,1190,0,0,660975,661483,2322.409098,2324.41402,2.0049220000000787,9.762784850253079,8.2875,11.212499999999999,1,1,1,1,508,80,80,508.0,81.0,508.0,508,81,19.573622127540148,11609.927967272086
4306,0,1191,0,0,661483,662081,2324.41402,2326.416297,2.002277000000049,9.71199111125912,8.2875,11.212499999999999,1,1,1,1,598,80,80,598.0,80.0,598.0,598,80,19.446096426279837,11543.85731844267
4306,0,1192,0,0,662081,662644,2326.416297,2328.417382,2.0010849999998754,9.721879955096298,8.2875,11.212499999999999,1,1,1,1,563,80,80,564.0,79.0,563.0,563,79,19.454308149943245,11717.643178576353
4306,0,1193,0,0,662644,663000,2328.417382,2329.606179,1.188796999999795,9.738655402618395,8.2875,11.212499999999999,1,1,1,1,356,48,48,356.0,48.0,356.0,356,48,11.577284326664085,11792.593689252595
4306,0,1194,0,0,663000,663567,2329.606179,2331.607359,2.001180000000204,9.636086617824395,8.2875,11.212499999999999,1,1,1,1,567,80,80,567.0,80.0,567.0,567,80,19.283543817859027,11542.689813009147
4306,0,1195,0,0,663567,664126,2331.607359,2333.614582,2.0072230000000673,9.75004784065184,8.2875,11.212499999999999,1,1,1,1,559,80,80,559.0,80.0,559.0,559,80,19.570520276858588,11848.21018890238
4306,0,1196,0,0,664126,664735,2333.614582,2335.614663,2.000080999999682,9.704991388769304,8.2875,11.212499999999999,1,1,1,1,609,80,80,609.0,80.0,609.0,609,80,19.410768881836702,11789.022544588819
4306,0,1197,0,0,664735,665298,2335.614663,2337.627119,2.012456000000384,9.770290910794046,8.2875,11.212499999999999,1,1,1,1,563,80,80,563.0,80.0,563.0,563,80,19.662280565175024,11678.267748460346
4306,0,1198,0,0,665298,665868,2337.627119,2339.629628,2.002508999999918,9.8581453069785,8.2875,11.212499999999999,1,1,1,1,570,80,80,570.0,80.0,570.0,570,80,19.741024700531852,11427.16462198219
4306,0,1199,0,0,665868,666477,2339.629628,2341.633602,2.0039739999997437,9.714900316454731,8.2875,11.212499999999999,1,1,1,1,609,80,80,609.0,81.0,609.0,609,81,19.468407646763808,11940.773682694018
4306,0,1200,0,0,666477,667058,2341.633602,2343.633896,2.00029399999994,9.787429678909698,8.2875,11.212499999999999,1,1,1,1,581,80,80,581.0,79.0,581.0,581,79,19.577736862145684,11775.768961962945
4306,0,1201,0,0,667058,667658,2343.633896,2345.636272,2.0023760000003676,9.824130197468682,8.2875,11.212499999999999,1,1,1,1,600,80,80,600.0,80.0,600.0,600,80,19.67160252829126,12110.612592238194
4306,0,1202,0,0,667658,668235,2345.636272,2347.640434,2.0041619999997238,9.771613481058298,8.2875,11.212499999999999,1,1,1,1,577,80,80,577.0,81.0,577.0,577,81,19.583896417421784,11532.999827360854
4306,0,1203,0,0,668235,668811,2347.640434,2349.642711,2.002277000000049,9.776260963893519,8.2875,11.212499999999999,1,1,1,1,576,80,80,576.0,80.0,576.0,576,80,19.57478247400286,11766.603721662597
4306,0,1204,0,0,668811,669385,2349.642711,2351.64499,2.0022789999998167,9.753197530830978,8.2875,11.212499999999999,1,1,1,1,574,80,80,574.0,80.0,574.0,574,80,19.528622598831134,11860.484977369375
4306,0,1205,0,0,669385,669970,2351.64499,2353.647268,2.0022780000003877,9.696322213993813,8.2875,11.212499999999999,1,1,1,1,585,80,80,585.0,80.0,585.0,585,80,19.41473264999513,11566.825385883238
4306,0,1206,0,0,669970,670542,2353.647268,2355.649546,2.002277999999933,9.80414979954307,8.2875,11.212499999999999,1,1,1,1,572,80,80,572.0,80.0,572.0,572,80,19.630633452328766,11638.244040038786
4306,0,1207,0,0,670542,671148,2355.649546,2357.650143,2.0005969999997433,9.781705454400221,8.2875,11.212499999999999,1,1,1,1,606,80,80,606.0,79.0,606.0,606,79,19.569250586955604,12031.908475321661
4306,0,1208,0,0,671148,671757,2357.650143,2359.650863,2.000720000000001,9.666485891899793,8.2875,11.212499999999999,1,1,1,1,609,80,80,609.0,80.0,609.0,609,80,19.339931653641543,11769.762885361262
4306,0,1209,0,0,671757,672332,2359.650863,2361.652447,2.0015840000000935,9.776820318586486,8.2875,11.212499999999999,1,1,1,1,575,80,80,575.0,80.0,575.0,575,80,19.569127120557823,11837.124997001822
4306,0,1210,0,0,672332,672884,2361.652447,2363.655283,2.0028360000001157,9.804853381653347,8.2875,11.212499999999999,1,1,1,1,552,80,80,552.0,80.0,552.0,552,80,19.63751332749962,11615.529179622623
4306,0,1211,0,0,672884,673440,2363.655283,2365.656374,2.0010910000000877,9.743148504644095,8.2875,11.212499999999999,1,1,1,1,556,80,80,556.0,80.0,556.0,556,80,19.496926784308016,11717.608044811042
4306,0,1212,0,0,673440,674042,2365.656374,2367.663208,2.006833999999799,9.83331462727271,8.2875,11.212499999999999,1,1,1,1,602,80,80,602.0,81.0,602.0,602,81,19.73383012670456,11904.322928554328
4306,0,1213,0,0,674042,674622,2367.663208,2369.665484,2.0022760000001654,9.797185988548259,8.2875,11.212499999999999,1,1,1,1,580,80,80,580.0,80.0,580.0,580,80,19.616670372408407,11639.753959992566
4306,0,1214,0,0,674622,675219,2369.665484,2371.665728,2.0002439999998387,9.840960948873175,8.2875,11.212499999999999,1,1,1,1,597,80,80,597.0,79.0,597.0,597,79,19.6843230922168,11987.037581416034
4306,0,1215,0,0,675219,675792,2371.665728,2373.667769,2.0020410000001903,9.971992665520585,8.2875,11.212499999999999,1,1,1,1,573,80,80,573.0,80.0,573.0,573,80,19.964338168072572,11882.374037293812
4306,0,1216,0,0,675792,676000,2373.667769,2374.515831,0.8480620000000272,9.85269123123888,8.2875,11.212499999999999,1,1,1,1,208,34,34,208.0,34.0,208.0,208,34,8.355693030945986,11548.683940560579
4306,0,1217,0,0,676000,676561,2374.515831,2376.516712,2.0008809999999357,9.784562472857877,8.2875,11.212499999999999,1,1,1,1,561,80,80,562.0,80.0,561.0,561,80,19.577745145252266,11841.283914436071
4306,0,1218,0,0,676561,677148,2376.516712,2378.517346,2.000633999999991,9.77673644850648,8.2875,11.212499999999999,1,1,1,1,587,80,80,587.0,80.0,587.0,587,80,19.559671347920812,11864.23903622557
4306,0,1219,0,0,677148,677716,2378.517346,2380.520351,2.00300500000003,9.815070830183995,8.2875,11.212499999999999,1,1,1,1,568,80,80,568.0,80.0,568.0,568,80,19.65963594821369,12126.779513780362
4306,0,1220,0,0,677716,678281,2380.520351,2382.520557,2.0002059999997073,9.813117561594451,8.2875,11.212499999999999,1,1,1,1,565,80,80,565.0,80.0,565.0,565,80,19.6282566254049,11727.792037421863
4306,0,1221,0,0,678281,678869,2382.520557,2384.525765,2.0052080000000387,9.77363133916196,8.2875,11.212499999999999,1,1,1,1,588,80,80,588.0,80.0,588.0,588,80,19.598163750339154,11929.43574930857
4306,0,1222,0,0,678869,679468,2384.525765,2386.526209,2.0004440000002432,9.804524266508821,8.2875,11.212499999999999,1,1,1,1,599,80,80,599.0,80.0,599.0,599,80,19.613401741793496,11765.887972868592
4306,0,1223,0,0,679468,680069,2386.526209,2388.526711,2.0005019999998694,9.833882803992424,8.2875,11.212499999999999,1,1,1,1,601,80,80,601.0,80.0,601.0,601,80,19.6727022171508,12002.987250200984
4306,0,1224,0,0,680069,680617,2388.526711,2390.528979,2.0022680000001856,9.825430372709814,8.2875,11.212499999999999,1,1,1,1,548,80,80,548.0,80.0,548.0,548,80,19.673144821506867,11789.630558945062
4306,0,1225,0,0,680617,681210,2390.528979,2392.529638,2.000658999999814,9.73375281498581,8.2875,11.212499999999999,1,1,1,1,593,80,80,593.0,80.0,593.0,593,80,19.473920173073566,11870.58864104388
4306,0,1226,0,0,681210,681785,2392.529638,2394.530147,2.0005089999999655,9.797649045520332,8.2875,11.212499999999999,1,1,1,1,575,80,80,575.0,80.0,575.0,575,80,19.60028509440599,11784.500844535269
4306,0,1227,0,0,681785,682362,2394.530147,2396.533019,2.002872000000025,9.857069672665988,8.2875,11.212499999999999,1,1,1,1,577,80,80,577.0,80.0,577.0,577,80,19.74244884943255,11938.855803066648
4306,0,1228,0,0,682362,682938,2396.533019,2398.540622,2.0076030000000173,9.776784886888235,8.2875,11.212499999999999,1,1,1,1,576,80,80,576.0,80.0,576.0,576,80,19.62790266927186,11953.060440734444
4306,0,1229,0,0,682938,683537,2398.540622,2400.542095,2.0014729999998053,9.747520797083716,8.2875,11.212499999999999,1,1,1,1,599,80,80,599.0,80.0,599.0,599,80,19.509399692298757,11836.782209903558
4306,0,1230,0,0,683537,684131,2400.542095,2402.544434,2.00233900000012,9.800786673378676,8.2875,11.212499999999999,1,1,1,1,594,80,80,594.0,80.0,594.0,594,80,19.62449738678697,11974.99524306252
4306,0,1231,0,0,684131,684678,2402.544434,2404.545086,2.000652000000173,9.841232678641918,8.2875,11.212499999999999,1,1,1,1,547,80,80,547.0,80.0,547.0,547,80,19.688881840993417,11970.597585186195
4306,0,1232,0,0,684678,685280,2404.545086,2406.547,2.0019139999999425,9.81667191606132,8.2875,11.212499999999999,1,1,1,1,602,80,80,602.0,80.0,602.0,602,80,19.652132942170283,12002.513594490418
4306,0,1233,0,0,685280,685850,2406.547,2408.549595,2.0025949999999284,9.872871527030847,8.2875,11.212499999999999,1,1,1,1,570,80,80,571.0,80.0,571.0,570,80,19.77136315567259,11946.998769097523
4306,0,1234,0,0,685850,686461,2408.549595,2410.551425,2.0018300000001545,9.79537012005307,8.2875,11.212499999999999,1,1,1,1,611,80,80,610.0,80.0,610.0,611,80,19.608665767427738,11930.083973163633
4306,0,1235,0,0,686461,687003,2410.551425,2412.55528,2.0038549999999304,9.673450357800263,8.2875,11.212499999999999,1,1,1,1,542,80,80,542.0,80.0,542.0,542,80,19.384191866727633,11902.557819802743
4306,0,1236,0,0,687003,687587,2412.55528,2414.556075,2.0007949999999255,9.858874783061317,8.2875,11.212499999999999,1,1,1,1,584,80,80,584.0,80.0,584.0,584,80,19.725587371573056,12013.72454449401
4306,0,1237,0,0,687587,688165,2414.556075,2416.559937,2.0038620000000265,9.816883039197124,8.2875,11.212499999999999,1,1,1,1,578,80,80,578.0,80.0,578.0,578,80,19.671678880691616,11720.367969450836
4306,0,1238,0,0,688165,688756,2416.559937,2418.564366,2.004429000000073,9.766178618590807,8.2875,11.212499999999999,1,1,1,1,591,80,80,591.0,80.0,591.0,591,80,19.575611642285367,11695.101198395727
4306,0,1239,0,0,688756,689000,2418.564366,2419.41792,0.8535539999998036,9.855230029267751,8.2875,11.212499999999999,1,1,1,1,244,34,34,244.0,34.0,244.0,244,34,8.41197101239959,11975.809380545756
4306,0,1240,0,0,689000,689552,2419.41792,2421.422852,2.004932000000281,9.77240380239388,8.2875,11.212499999999999,1,1,1,1,552,80,80,553.0,80.0,552.0,552,80,19.59300510034518,11820.849784429936
4306,0,1241,0,0,689552,690133,2421.422852,2423.426619,2.003766999999698,9.82113550142311,8.2875,11.212499999999999,1,1,1,1,581,80,80,581.0,81.0,581.0,581,81,19.679267220275506,11868.645406378879
4306,0,1242,0,0,690133,690689,2423.426619,2425.428895,2.0022760000001654,9.813058308259597,8.2875,11.212499999999999,1,1,1,1,556,80,80,556.0,80.0,556.0,556,80,19.64845113722913,11897.460689734098
4306,0,1243,0,0,690689,691275,2425.428895,2427.431172,2.002277000000049,9.714801291050422,8.2875,11.212499999999999,1,1,1,1,586,80,80,586.0,80.0,586.0,586,80,19.451723184640286,11852.006490610149
4306,0,1244,0,0,691275,691818,2427.431172,2429.433449,2.002277000000049,9.71245947455767,8.2875,11.212499999999999,1,1,1,1,543,80,80,544.0,80.0,544.0,543,80,19.447034219338093,11803.561645066802
4306,0,1245,0,0,691818,692396,2429.433449,2431.434238,2.0007889999997133,9.754641476704258,8.2875,11.212499999999999,1,1,1,1,578,80,80,577.0,79.0,577.0,578,79,19.51697936552955,11920.797245488364
4306,0,1246,0,0,692396,692989,2431.434238,2433.438003,2.003765000000385,9.839761729037136,8.2875,11.212499999999999,1,1,1,1,593,80,80,593.0,81.0,593.0,593,81,19.71657016098834,11984.439293028567
4306,0,1247,0,0,692989,693344,2433.438003,2434.664664,1.2266609999996945,9.766244945493067,8.2875,11.212499999999999,1,1,1,1,355,49,49,355.0,49.0,355.0,355,49,11.979871791081678,11820.706780441875
