run,component,index,segment_start,segment_end,ev_start,ev_end,t_start,t_end,dt,current,low,high,covered,nominal,stable,beam2,N,E_raw,E_tight,S,D,A,N_alt,E_alt,charge_uC,s1x_rate
4258,0,0,0,0,1,1551,0.000871,2.003097,2.002226,19.980527829345778,16.787499999999998,22.7125,1,1,1,1,1550,80,80,1550.0,80.0,1550.0,1550,80,40.00553231363968,23161.72100452197
4258,0,1,0,0,1551,3090,2.003097,4.004862,2.0017650000000002,19.974986736859716,16.787499999999998,22.7125,1,1,1,1,1539,80,80,1539.0,80.0,1539.0,1539,80,39.98522932531,23426.82582620837
4258,0,2,0,0,3090,4594,4.004862,6.006119,2.001257,19.839063482820077,16.787499999999998,22.7125,1,1,1,1,1504,80,80,1505.0,80.0,1504.0,1504,80,39.70306466843806,22851.637745676842
4258,0,3,0,0,4594,6133,6.006119,8.006807,2.0006880000000002,20.073446158508133,16.787499999999998,22.7125,1,1,1,1,1539,79,79,1539.0,79.0,1539.0,1539,79,40.16070284797331,23690.350519421318
4258,0,4,0,0,6133,7640,8.006807,10.009135,2.0023280000000003,19.85967385708372,16.787499999999998,22.7125,1,1,1,1,1507,80,80,1508.0,81.0,1507.0,1507,81,39.765581034906745,23672.944692378067
4258,0,5,0,0,7640,9184,10.009135,12.010346,2.0012109999999996,19.941204074882855,16.787499999999998,22.7125,1,1,1,1,1544,80,80,1544.0,79.0,1544.0,1544,79,39.906556947900384,23847.560302237
4258,0,6,0,0,9184,10720,12.010346,14.010946,2.0006000000000004,19.95619420873748,16.787499999999998,22.7125,1,1,1,1,1536,80,80,1536.0,80.0,1536.0,1536,80,39.92436213400023,23698.890332900126
4258,0,7,0,0,10720,12270,14.010946,16.012231,2.0012849999999993,20.062673091661257,16.787499999999998,22.7125,1,1,1,1,1550,80,80,1550.0,80.0,1550.0,1550,80,40.15112671824528,23430.9456174408
4258,0,8,0,0,12270,13000,16.012231,16.965477,0.953246,19.796572317565268,16.787499999999998,22.7125,1,1,1,1,730,38,38,730.0,38.0,730.0,730,38,18.871003375429837,22830.413135748797
4258,0,9,0,0,13000,14499,16.965477,18.965644,2.000167000000001,20.09857742748022,16.787499999999998,22.7125,1,1,1,1,1499,79,79,1501.0,80.0,1499.0,1499,79,40.20051131739086,23558.532862505966
4258,0,10,0,0,14499,16054,18.965644,20.970153,2.0045089999999988,19.833439727649917,16.787499999999998,22.7125,1,1,1,1,1555,80,80,1555.0,80.0,1555.0,1555,80,39.75630843503177,23864.69704052216
4258,0,11,0,0,16054,17685,20.970153,22.970135,1.9999819999999993,19.883526190351954,16.787499999999998,22.7125,1,1,1,1,1631,80,80,1631.0,80.0,1631.0,1631,80,39.76669447723248,24035.7163214469
4258,0,12,0,0,17685,19265,22.970135,24.971496,2.0013609999999993,20.013863262673706,16.787499999999998,22.7125,1,1,1,1,1580,80,80,1580.0,80.0,1580.0,1580,80,40.054965393247926,23232.19049436859
4258,0,13,0,0,19265,20818,24.971496,26.972077,2.0005810000000004,19.882005274602246,16.787499999999998,22.7125,1,1,1,1,1553,80,80,1553.0,80.0,1553.0,1553,80,39.77556199426908,23470.181912154516
4258,0,14,0,0,20818,22417,26.972077,28.974623,2.0025460000000024,19.97882256448131,16.787499999999998,22.7125,1,1,1,1,1599,80,80,1599.0,80.0,1599.0,1599,80,40.00851121121184,23501.0831211867
4258,0,15,0,0,22417,23961,28.974623,30.975667,2.0010440000000003,19.99487266479866,16.787499999999998,22.7125,1,1,1,1,1544,80,80,1547.0,80.0,1544.0,1544,80,40.01061997665943,23211.883396866833
4258,0,16,0,0,23961,25548,30.975667,32.976676,2.0010089999999963,20.079369569961962,16.787499999999998,22.7125,1,1,1,1,1587,80,80,1587.0,80.0,1587.0,1587,80,40.178999223819915,23531.62829352596
4258,0,17,0,0,25548,26000,32.976676,33.534572,0.5578959999999995,20.43245371460227,16.787499999999998,22.7125,1,1,1,1,452,21,21,452.0,22.0,452.0,452,21,11.399184197561794,24300.227999483795
4258,0,18,0,0,26000,27597,33.534572,35.535027,2.0004550000000023,19.932155897438385,16.787499999999998,22.7125,1,1,1,1,1597,79,79,1601.0,80.0,1597.0,1597,79,39.873380925810125,23918.558527934867
4258,0,19,0,0,27597,29167,35.535027,37.536252,2.001224999999998,19.96850560244731,16.787499999999998,22.7125,1,1,1,1,1570,80,80,1570.0,80.0,1570.0,1570,80,39.96147262425757,23473.62240627618
4258,0,20,0,0,29167,30802,37.536252,39.538921,2.0026690000000045,20.07823364195833,16.787499999999998,22.7125,1,1,1,1,1635,80,80,1635.0,80.0,1635.0,1635,80,40.210056089507134,24104.832101560412
4258,0,21,0,0,30802,32387,39.538921,41.538992,2.0000709999999984,19.984188475709463,16.787499999999998,22.7125,1,1,1,1,1585,80,80,1585.0,80.0,1585.0,1585,80,39.96979582880067,23730.65756165658
4258,0,22,0,0,32387,33929,41.538992,43.53898,1.9999880000000019,19.76134488525175,16.787499999999998,22.7125,1,1,1,1,1542,80,80,1545.0,80.0,1542.0,1542,80,39.52245263436487,23080.138480830865
4258,0,23,0,0,33929,35507,43.53898,45.539716,2.0007359999999963,19.8156917529123,16.787499999999998,22.7125,1,1,1,1,1578,80,80,1578.0,80.0,1578.0,1578,80,39.64596785495462,23171.47289797359
4258,0,24,0,0,35507,37042,45.539716,47.540678,2.0009620000000012,20.303601119992145,16.787499999999998,22.7125,1,1,1,1,1535,80,80,1535.0,80.0,1535.0,1535,80,40.62673430426173,23724.5884729445
4258,0,25,0,0,37042,38527,47.540678,49.545353,2.004674999999999,19.88472698038015,16.787499999999998,22.7125,1,1,1,1,1485,80,80,1485.0,80.0,1485.0,1485,80,39.862415059393584,22982.77775699304
4258,0,26,0,0,38527,39000,49.545353,50.168597,0.6232439999999997,19.79330358058842,16.787499999999998,22.7125,1,1,1,1,473,25,25,473.0,25.0,473.0,473,25,12.336057696780244,23352.009806753063
4258,0,27,0,0,39000,40571,50.168597,52.170388,2.0017910000000043,19.86526232212108,16.787499999999998,22.7125,1,1,1,1,1571,80,80,1573.0,80.0,1571.0,1571,80,39.76610332906114,23682.79205971048
4258,0,28,0,0,40571,42086,52.170388,54.172419,2.0020309999999952,19.9480523812845,16.787499999999998,22.7125,1,1,1,1,1515,80,80,1515.0,80.0,1515.0,1515,80,39.93661925695528,23809.321633880852
4258,0,29,0,0,42086,43658,54.172419,56.172876,2.0004570000000044,19.986619908606443,16.787499999999998,22.7125,1,1,1,1,1572,80,80,1572.0,80.0,1572.0,1572,80,39.98237370251127,23378.657976652285
4258,0,30,0,0,43658,45130,56.172876,58.174035,2.0011590000000012,20.096467642952756,16.787499999999998,22.7125,1,1,1,1,1472,80,80,1472.0,80.0,1472.0,1472,80,40.21622709190365,23021.159238221437
4258,0,31,0,0,45130,46665,58.174035,60.175555,2.0015199999999993,19.90332690908167,16.787499999999998,22.7125,1,1,1,1,1535,80,80,1535.0,80.0,1535.0,1535,80,39.8369068750651,23659.019145449467
4258,0,32,0,0,46665,48131,60.175555,62.176192,2.0006369999999976,19.906349805861318,16.787499999999998,22.7125,1,1,1,1,1466,80,80,1466.0,80.0,1466.0,1466,80,39.825379956548886,23474.023523507793
4258,0,33,0,0,48131,49677,62.176192,64.17869,2.0024980000000028,19.88891272435403,16.787499999999998,22.7125,1,1,1,1,1546,80,80,1546.0,80.0,1546.0,1546,80,39.82750795269362,23544.592803588286
4258,0,34,0,0,49677,51203,64.17869,66.184221,2.0055309999999906,20.012290246449098,16.787499999999998,22.7125,1,1,1,1,1526,80,80,1526.0,80.0,1526.0,1526,80,40.13526847025105,23462.614140594298
4258,0,35,0,0,51203,52000,66.184221,67.244624,1.060403000000008,19.61935839453033,16.787499999999998,22.7125,1,1,1,1,797,42,42,797.0,42.0,797.0,797,42,20.804426499635383,23152.518429313965
4258,0,36,0,0,52000,53646,67.244624,69.245357,2.0007329999999968,20.309027929499777,16.787499999999998,22.7125,1,1,1,1,1646,80,80,1649.0,80.0,1646.0,1646,80,40.632942376471874,23824.268405629377
4258,0,37,0,0,53646,55246,69.245357,71.247515,2.0021580000000085,20.01294643727529,16.787499999999998,22.7125,1,1,1,1,1600,80,80,1600.0,80.0,1600.0,1600,80,40.069080812962284,23549.090531316608
4258,0,38,0,0,55246,56760,71.247515,73.24776,2.0002449999999925,19.95199219204335,16.787499999999998,22.7125,1,1,1,1,1514,80,80,1514.0,80.0,1514.0,1514,80,39.9088726221737,23106.669432994546
4258,0,39,0,0,56760,58353,73.24776,75.248056,2.000296000000006,20.166367484729008,16.787499999999998,22.7125,1,1,1,1,1593,80,80,1593.0,80.0,1593.0,1593,80,40.33870421423353,23949.455480588804
4258,0,40,0,0,58353,59936,75.248056,77.249826,2.0017699999999934,20.145412688847234,16.787499999999998,22.7125,1,1,1,1,1583,80,80,1584.0,80.0,1583.0,1583,80,40.32648275815359,23851.891076397467
4258,0,41,0,0,59936,61485,77.249826,79.252423,2.0025969999999944,20.169848624375724,16.787499999999998,22.7125,1,1,1,1,1549,79,79,1563.0,80.0,1549.0,1549,79,40.39207834562876,23965.880304424772
4258,0,42,0,0,61485,63028,79.252423,81.252832,2.0004090000000048,20.119817567277227,16.787499999999998,22.7125,1,1,1,1,1543,80,80,1543.0,80.0,1543.0,1543,80,40.247864139939566,23821.628476976402
4258,0,43,0,0,63028,64570,81.252832,83.253319,2.000487000000007,20.124978467034655,16.787499999999998,22.7125,1,1,1,1,1542,80,80,1546.0,80.0,1542.0,1542,80,40.259757798582996,23484.281577435813
4258,0,44,0,0,64570,65000,83.253319,83.747264,0.4939449999999965,20.278365600524502,16.787499999999998,22.7125,1,1,1,1,430,20,20,430.0,20.0,430.0,430,20,10.016397296551077,24988.612092439616
4258,0,45,0,0,65000,66555,83.747264,85.749576,2.0023120000000034,20.191218281040843,16.787499999999998,22.7125,1,1,1,1,1555,80,80,1557.0,80.0,1555.0,1555,80,40.429118658747484,23531.297819720363
4258,0,46,0,0,66555,68053,85.749576,87.75124,2.001663999999991,20.487229924067652,16.787499999999998,22.7125,1,1,1,1,1498,80,80,1498.0,80.0,1498.0,1498,80,41.00855059872879,23915.102634608113
4258,0,47,0,0,68053,69546,87.75124,89.751285,2.000045,19.973713494176398,16.787499999999998,22.7125,1,1,1,1,1493,80,80,1493.0,80.0,1493.0,1493,80,39.948325805459945,23688.467009492284
4258,0,48,0,0,69546,71108,89.751285,91.751466,2.0001809999999978,20.331354388743357,16.787499999999998,22.7125,1,1,1,1,1562,79,79,1562.0,79.0,1562.0,1562,79,40.666388752631065,23828.84348966421
4258,0,49,0,0,71108,72561,91.751466,93.753298,2.0018320000000074,19.99701924428276,16.787499999999998,22.7125,1,1,1,1,1453,80,80,1453.0,80.0,1453.0,1453,80,40.030673027821194,22794.12058554356
4258,0,50,0,0,72561,74183,93.753298,95.756627,2.0033289999999937,20.08088827336859,16.787499999999998,22.7125,1,1,1,1,1622,80,80,1622.0,81.0,1622.0,1622,81,40.22862582379912,23314.692694010893
4258,0,51,0,0,74183,75708,95.756627,97.756911,2.0002840000000077,20.051311423582924,16.787499999999998,22.7125,1,1,1,1,1525,80,80,1525.0,79.0,1525.0,1525,79,40.10831741961033,23582.65126352049
4258,0,52,0,0,75708,77258,97.756911,99.758578,2.0016669999999976,20.204430088556954,16.787499999999998,22.7125,1,1,1,1,1550,80,80,1550.0,80.0,1550.0,1550,80,40.44254096207146,23328.056065269626
4258,0,53,0,0,77258,78000,99.758578,100.698129,0.9395509999999945,20.04119115724115,16.787499999999998,22.7125,1,1,1,1,742,38,38,742.0,38.0,742.0,742,38,18.829721192976876,23700.68256007405
4258,0,54,0,0,78000,79560,100.698129,102.698281,2.000152,20.245792752906976,16.787499999999998,22.7125,1,1,1,1,1560,80,80,1564.0,80.0,1561.0,1560,80,40.49466286631241,23974.67792447774
4258,0,55,0,0,79560,81025,102.698281,104.701011,2.0027299999999997,20.11207085729043,16.787499999999998,22.7125,1,1,1,1,1465,80,80,1464.0,80.0,1464.0,1465,80,40.27904766802112,23427.022114813284
4258,0,56,0,0,81025,82561,104.701011,106.701813,2.0008020000000073,20.12251724538915,16.787499999999998,22.7125,1,1,1,1,1536,80,80,1536.0,80.0,1536.0,1536,80,40.26117274960916,23661.51173379466
4258,0,57,0,0,82561,84074,106.701813,108.70443,2.0026170000000008,20.07479562180133,16.787499999999998,22.7125,1,1,1,1,1513,80,80,1513.0,80.0,1513.0,1513,80,40.202126983745075,23461.30088778832
4258,0,58,0,0,84074,85592,108.70443,110.706392,2.001961999999992,20.217616144383012,16.787499999999998,22.7125,1,1,1,1,1518,80,80,1518.0,80.0,1518.0,1518,80,40.47489925164109,23273.169021190308
4258,0,59,0,0,85592,87166,110.706392,112.707066,2.0006740000000036,20.039731943564117,16.787499999999998,22.7125,1,1,1,1,1574,80,80,1574.0,80.0,1574.0,1574,80,40.092970666458314,23874.954140454625
4258,0,60,0,0,87166,88686,112.707066,114.710042,2.002976000000004,19.84649596761066,16.787499999999998,22.7125,1,1,1,1,1520,80,80,1520.0,80.0,1520.0,1520,80,39.75205510722117,23092.638154426168
4258,0,61,0,0,88686,90229,114.710042,116.710855,2.0008129999999937,20.167090975455395,16.787499999999998,22.7125,1,1,1,1,1543,80,80,1543.0,80.0,1543.0,1543,80,40.350577795873505,23486.95255378696
4258,0,62,0,0,90229,91000,116.710855,117.732078,1.0212230000000062,20.05127058776474,16.787499999999998,22.7125,1,1,1,1,771,41,41,771.0,41.0,771.0,771,41,20.47681870344877,22993.998372539452
4258,0,63,0,0,91000,92555,117.732078,119.733887,2.0018089999999944,20.041075033263397,16.787499999999998,22.7125,1,1,1,1,1555,79,79,1558.0,80.0,1555.0,1555,80,40.11840437126193,23893.887978323673
4258,0,64,0,0,92555,94063,119.733887,121.73541,2.001523000000006,19.944632980834676,16.787499999999998,22.7125,1,1,1,1,1508,80,80,1508.0,79.0,1508.0,1508,79,39.91964163769944,23209.825717715892
4258,0,65,0,0,94063,95569,121.73541,123.736829,2.0014189999999985,19.747821240356917,16.787499999999998,22.7125,1,1,1,1,1506,80,80,1506.0,80.0,1506.0,1506,80,39.523664639054005,22763.84904909968
4258,0,66,0,0,95569,96996,123.736829,125.737228,2.0003990000000016,19.769773433638548,16.787499999999998,22.7125,1,1,1,1,1427,80,80,1427.0,80.0,1427.0,1427,80,39.547435006877095,23217.368135057037
4258,0,67,0,0,96996,98558,125.737228,127.738419,2.0011909999999915,19.93140428050055,16.787499999999998,22.7125,1,1,1,1,1562,80,80,1562.0,80.0,1562.0,1562,80,39.88654686349901,23726.3709461017
4258,0,68,0,0,98558,100115,127.738419,129.740357,2.0019379999999956,19.847109923017722,16.787499999999998,22.7125,1,1,1,1,1557,80,80,1557.0,80.0,1557.0,1557,80,39.732683545066266,23166.551611488518
4258,0,69,0,0,100115,101630,129.740357,131.743229,2.002872000000025,19.977786921841613,16.787499999999998,22.7125,1,1,1,1,1515,80,80,1515.0,80.0,1515.0,1515,80,40.01295004772328,23418.870501958896
4258,0,70,0,0,101630,103210,131.743229,133.745569,2.0023399999999754,20.07754622309178,16.787499999999998,22.7125,1,1,1,1,1580,80,80,1580.0,80.0,1580.0,1580,80,40.20207390434507,23935.495470300044
4258,0,71,0,0,103210,104000,133.745569,134.698061,0.9524920000000066,19.788462116958165,16.787499999999998,22.7125,1,1,1,1,790,38,38,790.0,38.0,790.0,790,38,18.848351858705882,23485.761560201918
4258,0,72,0,0,104000,105515,134.698061,136.698456,2.0003949999999975,19.878418828630227,16.787499999999998,22.7125,1,1,1,1,1515,80,80,1518.0,80.0,1515.0,1515,80,39.76468963269781,23562.346436578806
4258,0,73,0,0,105515,107086,136.698456,138.700517,2.0020609999999976,20.141367389520315,16.787499999999998,22.7125,1,1,1,1,1571,80,80,1571.0,80.0,1571.0,1571,80,40.3242461372306,24331.925950308236
4258,0,74,0,0,107086,108661,138.700517,140.700834,2.0003169999999955,20.137194988104902,16.787499999999998,22.7125,1,1,1,1,1575,80,80,1575.0,80.0,1575.0,1575,80,40.280773467020936,23942.705081244676
4258,0,75,0,0,108661,110139,140.700834,142.700943,2.000109000000009,20.106656633342393,16.787499999999998,22.7125,1,1,1,1,1478,80,80,1478.0,80.0,1478.0,1478,80,40.215504892258195,23284.730982161367
4258,0,76,0,0,110139,111669,142.700943,144.701022,2.0000789999999995,20.151186172618416,16.787499999999998,22.7125,1,1,1,1,1530,80,80,1530.0,80.0,1530.0,1530,80,40.30396428894437,24085.548620829482
4258,0,77,0,0,111669,113166,144.701022,146.70247,2.0014480000000106,19.935325231950948,16.787499999999998,22.7125,1,1,1,1,1497,80,80,1497.0,80.0,1497.0,1497,80,39.89951681483808,23051.310850943795
4258,0,78,0,0,113166,114679,146.70247,148.702981,2.000510999999989,20.141459032219984,16.787499999999998,22.7125,1,1,1,1,1513,80,80,1513.0,80.0,1513.0,1513,80,40.29321035000521,23823.91299023113
4258,0,79,0,0,114679,116248,148.702981,150.704093,2.001112000000006,20.26606066087372,16.787499999999998,22.7125,1,1,1,1,1569,80,80,1569.0,80.0,1569.0,1569,80,40.5546571812024,23936.191477538414
4258,0,80,0,0,116248,117000,150.704093,151.57391,0.8698170000000118,19.76782863560175,16.787499999999998,22.7125,1,1,1,1,752,35,35,752.0,35.0,752.0,752,35,17.19439340033341,23792.360921894742
4258,0,81,0,0,117000,118543,151.57391,153.575186,2.00127599999999,19.758069904386407,16.787499999999998,22.7125,1,1,1,1,1543,80,80,1545.0,80.0,1543.0,1543,80,39.541351105970534,23476.022297774136
4258,0,82,0,0,118543,120041,153.575186,155.575222,2.0000359999999944,19.895341904894014,16.787499999999998,22.7125,1,1,1,1,1498,80,80,1498.0,80.0,1498.0,1498,80,39.791400042096484,23175.08284850879
4258,0,83,0,0,120041,121595,155.575222,157.576915,2.0016930000000173,20.15784070309942,16.787499999999998,22.7125,1,1,1,1,1554,79,79,1554.0,80.0,1554.0,1554,80,40.349808630509415,23291.783505262592
4258,0,84,0,0,121595,123122,157.576915,159.57919,2.0022749999999974,20.038641063243958,16.787499999999998,22.7125,1,1,1,1,1527,80,80,1527.0,80.0,1527.0,1527,80,40.122870034906555,23942.765104693444
4258,0,85,0,0,123122,124680,159.57919,161.581468,2.00227799999999,19.87286284204577,16.787499999999998,22.7125,1,1,1,1,1558,80,80,1558.0,80.0,1558.0,1558,80,39.790996065645686,23537.690570440387
4258,0,86,0,0,124680,126142,161.581468,163.582579,2.0011110000000087,19.999468763841833,16.787499999999998,22.7125,1,1,1,1,1462,80,80,1462.0,79.0,1462.0,1462,79,40.021156937480555,22950.251135494134
4258,0,87,0,0,126142,127736,163.582579,165.582621,2.0000419999999792,20.21407364126733,16.787499999999998,22.7125,1,1,1,1,1594,80,80,1594.0,80.0,1594.0,1594,80,40.428996273627035,23596.504473406305
4258,0,88,0,0,127736,129293,165.582621,167.58317,2.0005490000000066,20.277126937460437,16.787499999999998,22.7125,1,1,1,1,1557,80,80,1557.0,80.0,1557.0,1557,80,40.56538601760985,22966.195779258516
4258,0,89,0,0,129293,130000,167.58317,168.52378,0.9406099999999924,19.95425943867912,16.787499999999998,22.7125,1,1,1,1,707,38,38,707.0,38.0,707.0,707,38,18.769175970615834,23703.766704585512
4258,0,90,0,0,130000,131626,168.52378,170.524867,2.0010870000000125,20.058494842053427,16.787499999999998,22.7125,1,1,1,1,1626,80,80,1627.0,80.0,1626.0,1626,80,40.13879326800043,23747.593183104833
4258,0,91,0,0,131626,133060,170.524867,172.527311,2.002443999999997,20.050963728159374,16.787499999999998,22.7125,1,1,1,1,1434,80,80,1434.0,80.0,1434.0,1434,80,40.15093201167019,23565.203321541114
4258,0,92,0,0,133060,134607,172.527311,174.527564,2.000253000000015,19.99218106865078,16.787499999999998,22.7125,1,1,1,1,1547,80,80,1547.0,80.0,1547.0,1547,80,39.98942015911234,23760.994234229194
4258,0,93,0,0,134607,136135,174.527564,176.52755,1.9999859999999785,20.177486988684013,16.787499999999998,22.7125,1,1,1,1,1528,80,80,1540.0,80.0,1528.0,1528,80,40.35469149254959,23829.66680766791
4258,0,94,0,0,136135,137677,176.52755,178.527755,2.0002050000000224,19.798396682626777,16.787499999999998,22.7125,1,1,1,1,1542,80,80,1542.0,80.0,1542.0,1542,80,39.600852036574,23302.6114823228
4258,0,95,0,0,137677,139276,178.527755,180.528014,2.000259,20.049059179867363,16.787499999999998,22.7125,1,1,1,1,1599,79,79,1599.0,80.0,1599.0,1599,80,40.10331106606236,23659.936038283045
4258,0,96,0,0,139276,140804,180.528014,182.528825,2.000810999999999,19.962650765048096,16.787499999999998,22.7125,1,1,1,1,1528,80,80,1528.0,79.0,1528.0,1528,79,39.94149123986654,23782.856051870982
4258,0,97,0,0,140804,142373,182.528825,184.529628,2.0008029999999906,20.115684973604377,16.787499999999998,22.7125,1,1,1,1,1569,80,80,1569.0,80.0,1569.0,1569,80,40.24752284224223,23903.902583112995
4258,0,98,0,0,142373,143000,184.529628,185.365662,0.8360339999999837,20.37765706005363,16.787499999999998,22.7125,1,1,1,1,627,34,34,627.0,34.0,627.0,627,34,17.036414142544345,23424.88463387898
4258,0,99,0,0,143000,144594,185.365662,187.367044,2.0013820000000067,20.10117424916477,16.787499999999998,22.7125,1,1,1,1,1594,80,80,1595.0,80.0,1594.0,1594,80,40.23012832114182,23715.112857015723
4258,0,100,0,0,144594,146175,187.367044,189.36845,2.001406000000003,20.17387578522501,16.787499999999998,22.7125,1,1,1,1,1581,80,80,1582.0,80.0,1582.0,1581,80,40.37611603980395,24062.08435469861
4258,0,101,0,0,146175,147784,189.36845,191.36913,2.000680000000017,20.057901086788604,16.787499999999998,22.7125,1,1,1,1,1609,80,80,1608.0,80.0,1608.0,1609,80,40.129441546316684,23900.873702940797
4258,0,102,0,0,147784,149343,191.36913,193.369251,2.0001209999999787,19.883928965561314,16.787499999999998,22.7125,1,1,1,1,1559,80,80,1559.0,80.0,1559.0,1559,80,39.77026388652712,23654.56889858189
4258,0,103,0,0,149343,150944,193.369251,195.369889,2.0006380000000092,20.128213531580737,16.787499999999998,22.7125,1,1,1,1,1601,79,79,1601.0,80.0,1601.0,1601,80,40.2692688633947,24177.287445304835
4258,0,104,0,0,150944,152458,195.369889,197.370703,2.000813999999991,19.99808652360107,16.787499999999998,22.7125,1,1,1,1,1514,80,80,1514.0,79.0,1514.0,1514,79,40.012451489631985,23092.601311266415
4258,0,105,0,0,152458,153966,197.370703,199.374443,2.003740000000022,19.968383716593756,16.787499999999998,22.7125,1,1,1,1,1508,80,80,1508.0,81.0,1508.0,1508,81,40.011449188288225,23341.850739117595
4258,0,106,0,0,153966,155539,199.374443,201.376718,2.0022749999999974,19.965420194432994,16.787499999999998,22.7125,1,1,1,1,1573,80,80,1573.0,80.0,1573.0,1573,80,39.97626171980846,23489.78037482367
4258,0,107,0,0,155539,156000,201.376718,202.000808,0.6240899999999954,19.79645126834956,16.787499999999998,22.7125,1,1,1,1,461,25,25,461.0,24.0,461.0,461,24,12.354767272064237,22884.519860917666
4258,0,108,0,0,156000,157587,202.000808,204.001513,2.000704999999982,20.105515519908824,16.787499999999998,22.7125,1,1,1,1,1587,79,79,1589.0,80.0,1587.0,1587,79,40.22520542825896,23960.054080936683
4258,0,109,0,0,157587,159159,204.001513,206.00211,2.000596999999999,19.966171903615717,16.787499999999998,22.7125,1,1,1,1,1572,80,80,1572.0,80.0,1572.0,1572,80,39.94426361185742,23809.39289622049
4258,0,110,0,0,159159,160642,206.00211,208.003265,2.0011550000000113,19.932280086940935,16.787499999999998,22.7125,1,1,1,1,1483,80,80,1484.0,80.0,1483.0,1483,80,39.88758195738228,23063.68072438154
4258,0,111,0,0,160642,162197,208.003265,210.003672,2.0004069999999956,19.996021904311714,16.787499999999998,22.7125,1,1,1,1,1555,79,79,1568.0,80.0,1555.0,1555,79,40.000182189538464,23899.63642398777
4258,0,112,0,0,162197,163751,210.003672,212.005841,2.002169000000009,20.079192584486464,16.787499999999998,22.7125,1,1,1,1,1554,80,80,1554.0,80.0,1554.0,1554,80,40.201936937688515,23609.395610460346
4258,0,113,0,0,163751,165311,212.005841,214.00888,2.003039000000001,19.811388141046333,16.787499999999998,22.7125,1,1,1,1,1560,80,80,1560.0,80.0,1560.0,1560,80,39.68298309065358,23007.040801502106
4258,0,114,0,0,165311,166830,214.00888,216.010974,2.0020939999999996,20.092116147183315,16.787499999999998,22.7125,1,1,1,1,1519,80,80,1519.0,80.0,1519.0,1519,80,40.226305185578894,23355.047265513014
4258,0,115,0,0,166830,168456,216.010974,218.01102,2.0000459999999975,20.017518371381954,16.787499999999998,22.7125,1,1,1,1,1626,80,80,1626.0,80.0,1626.0,1626,80,40.035957548609076,23978.448495684628
4258,0,116,0,0,168456,169000,218.01102,218.70274,0.6917200000000037,20.090433379795368,16.787499999999998,22.7125,1,1,1,1,544,28,28,544.0,28.0,544.0,544,28,13.89695457747257,23110.507141617873
4258,0,117,0,0,169000,170518,218.70274,220.705469,2.002728999999988,20.039552905698514,16.787499999999998,22.7125,1,1,1,1,1518,80,80,1518.0,80.0,1518.0,1518,80,40.133793751276244,23284.22866997995
4258,0,118,0,0,170518,172085,220.705469,222.705768,2.0002990000000125,20.054600558743903,16.787499999999998,22.7125,1,1,1,1,1567,80,80,1567.0,80.0,1567.0,1567,80,40.11519744305497,23711.455137456804
4258,0,119,0,0,172085,173611,222.705768,224.706389,2.0006209999999953,19.9521325704018,16.787499999999998,22.7125,1,1,1,1,1526,80,80,1527.0,80.0,1527.0,1526,80,39.91665541512975,23152.311207370167
4258,0,120,0,0,173611,175138,224.706389,226.711405,2.005016000000012,20.08255077156341,16.787499999999998,22.7125,1,1,1,1,1527,80,80,1526.0,80.0,1526.0,1527,80,40.265835617797165,23489.588113012425
4258,0,121,0,0,175138,176660,226.711405,228.713021,2.0016159999999843,19.924401855625494,16.787499999999998,22.7125,1,1,1,1,1522,80,80,1522.0,80.0,1522.0,1522,80,39.881001544649735,23554.96758619054
4258,0,122,0,0,176660,178240,228.713021,230.713246,2.0002250000000004,19.96109780543301,16.787499999999998,22.7125,1,1,1,1,1580,80,80,1581.0,80.0,1581.0,1580,80,39.92668685787248,23672.836805859337
4258,0,123,0,0,178240,179817,230.713246,232.713353,2.000107000000014,19.84733854109845,16.787499999999998,22.7125,1,1,1,1,1577,80,80,1576.0,80.0,1576.0,1577,80,39.69680074742064,23159.26097953743
4258,0,124,0,0,179817,181351,232.713353,234.71401,2.0006569999999897,19.636938253123745,16.787499999999998,22.7125,1,1,1,1,1534,79,79,1534.0,79.0,1534.0,1534,79,39.28677797467935,23157.39279646648
4258,0,125,0,0,181351,182000,234.71401,235.569226,0.8552159999999844,19.972778970510458,16.787499999999998,22.7125,1,1,1,1,649,35,35,649.0,35.0,649.0,649,35,17.081040140044024,23623.271781632204
4258,0,126,0,0,182000,183474,235.569226,237.57054,2.001314000000008,20.116168716540464,16.787499999999998,22.7125,1,1,1,1,1474,80,80,1477.0,80.0,1475.0,1474,80,40.25877007877443,23542.03288439486
4258,0,127,0,0,183474,185055,237.57054,239.570987,2.0004470000000083,20.12204341481489,16.787499999999998,22.7125,1,1,1,1,1581,80,80,1580.0,80.0,1580.0,1581,80,40.25308138303626,23655.213059881018
4258,0,128,0,0,185055,186614,239.570987,241.571191,2.0002039999999965,20.034185290635033,16.787499999999998,22.7125,1,1,1,1,1559,79,79,1559.0,79.0,1559.0,1559,79,40.07245755506938,23211.132464488663
4258,0,129,0,0,186614,188234,241.571191,243.571359,2.000168000000002,20.050379379260598,16.787499999999998,22.7125,1,1,1,1,1620,80,80,1620.0,80.0,1620.0,1620,80,40.104127222257375,23681.510753096714
4258,0,130,0,0,188234,189761,243.571359,245.571624,2.000265000000013,19.91470460345298,16.787499999999998,22.7125,1,1,1,1,1527,80,80,1527.0,80.0,1527.0,1527,80,39.834686603626324,23616.870764623534
4258,0,131,0,0,189761,191321,245.571624,247.573764,2.002139999999997,20.06964434373864,16.787499999999998,22.7125,1,1,1,1,1560,80,80,1560.0,80.0,1560.0,1560,80,40.18223772637248,23619.726892225353
4258,0,132,0,0,191321,192897,247.573764,249.576854,2.003089999999986,19.964085284526053,16.787499999999998,22.7125,1,1,1,1,1576,80,80,1576.0,80.0,1576.0,1576,80,39.989859592580615,23107.79845139276
4258,0,133,0,0,192897,194444,249.576854,251.577964,2.0011100000000113,19.90288748554586,16.787499999999998,22.7125,1,1,1,1,1547,80,80,1547.0,80.0,1547.0,1547,80,39.827867176200925,23716.337432724704
4258,0,134,0,0,194444,195000,251.577964,252.231194,0.6532299999999793,20.353055784635355,16.787499999999998,22.7125,1,1,1,1,556,26,26,556.0,26.0,556.0,556,26,13.295226630197249,24573.274344412395
4258,0,135,0,0,195000,196551,252.231194,254.232848,2.001654000000002,20.041414793729242,16.787499999999998,22.7125,1,1,1,1,1551,79,79,1555.0,80.0,1551.0,1551,79,40.115978087527765,23371.67162756398
4258,0,136,0,0,196551,198193,254.232848,256.233744,2.0008960000000116,20.16204418569891,16.787499999999998,22.7125,1,1,1,1,1642,80,80,1642.0,80.0,1642.0,1642,80,40.34215356298864,24113.697063715317
4258,0,137,0,0,198193,199732,256.233744,258.233945,2.000201000000004,20.058907787123818,16.787499999999998,22.7125,1,1,1,1,1539,80,80,1539.0,80.0,1539.0,1539,80,40.12184741471265,23541.63406577634
4258,0,138,0,0,199732,201197,258.233945,260.234694,2.000748999999985,19.907902280061727,16.787499999999998,22.7125,1,1,1,1,1465,80,80,1465.0,80.0,1465.0,1465,80,39.83071557893072,23631.649947094993
4258,0,139,0,0,201197,202860,260.234694,262.236813,2.0021189999999933,19.641370693029533,16.787499999999998,22.7125,1,1,1,1,1663,80,79,1663.0,80.0,1663.0,1663,79,39.32436145055726,23622.971461736368
4258,0,140,0,0,202860,204362,262.236813,264.238974,2.002161000000001,19.893581263396335,16.787499999999998,22.7125,1,1,1,1,1502,80,80,1502.0,80.0,1502.0,1502,80,39.830152555902714,23750.337760050254
4258,0,141,0,0,204362,205928,264.238974,266.239601,2.0006270000000086,20.260198029511912,16.787499999999998,22.7125,1,1,1,1,1566,80,80,1566.0,80.0,1566.0,1566,80,40.53309920318861,23647.08663833878
4258,0,142,0,0,205928,207525,266.239601,268.239687,2.0000860000000102,20.252602002238007,16.787499999999998,22.7125,1,1,1,1,1597,80,80,1597.0,80.0,1597.0,1597,80,40.506945728247956,24235.95785381216
4258,0,143,0,0,207525,208000,268.239687,268.821383,0.5816960000000222,20.016302392971394,16.787499999999998,22.7125,1,1,1,1,475,23,23,475.0,23.0,475.0,475,23,11.643403036782729,24334.016393441696
4258,0,144,0,0,208000,209543,268.821383,270.824233,2.0028499999999667,20.156295573587588,16.787499999999998,22.7125,1,1,1,1,1543,80,80,1546.0,80.0,1543.0,1543,80,40.37003658955928,23920.41341088988
4258,0,145,0,0,209543,211104,270.824233,272.825639,2.0014060000000313,19.910384870541254,16.787499999999998,22.7125,1,1,1,1,1561,80,80,1561.0,80.0,1561.0,1561,80,39.848763742211304,23948.664089144957
4258,0,146,0,0,211104,212733,272.825639,274.826345,2.0007059999999797,20.01894656256696,16.787499999999998,22.7125,1,1,1,1,1629,80,80,1630.0,80.0,1629.0,1629,80,40.052026501406544,23830.587802505957
4258,0,147,0,0,212733,214352,274.826345,276.828795,2.0024500000000103,20.10174326852846,16.787499999999998,22.7125,1,1,1,1,1619,80,80,1621.0,80.0,1620.0,1619,80,40.252735808065154,24050.038702589205
4258,0,148,0,0,214352,215935,276.828795,278.830296,2.001500999999962,19.937301322264343,16.787499999999998,22.7125,1,1,1,1,1583,80,80,1582.0,80.0,1582.0,1583,80,39.90452853381248,23594.292483491587
4258,0,149,0,0,215935,217494,278.830296,280.831567,2.001271000000031,20.1118067018162,16.787499999999998,22.7125,1,1,1,1,1559,80,80,1559.0,80.0,1559.0,1559,80,40.249175509950874,23602.000928409627
4258,0,150,0,0,217494,219064,280.831567,282.831644,2.000076999999976,19.966884791816025,16.787499999999998,22.7125,1,1,1,1,1570,79,79,1584.0,80.0,1570.0,1570,79,39.93530703376018,23332.601694835026
4258,0,151,0,0,219064,220648,282.831644,284.83211,2.000466000000017,20.132688315361435,16.787499999999998,22.7125,1,1,1,1,1584,80,80,1584.0,80.0,1584.0,1584,80,40.274758463478065,24136.87610786666
4258,0,152,0,0,220648,221000,284.83211,285.278932,0.4468219999999974,20.215172235127987,16.787499999999998,22.7125,1,1,1,1,352,18,18,360.0,18.0,352.0,352,18,9.032583688443992,23501.528572899413
4258,0,153,0,0,221000,222614,285.278932,287.279158,2.000225999999998,20.181392296981183,16.787499999999998,22.7125,1,1,1,1,1614,80,80,1617.0,80.0,1614.0,1614,80,40.36734558862099,23593.333953263307
4258,0,154,0,0,222614,224219,287.279158,289.283528,2.0043699999999944,20.141103516990903,16.787499999999998,22.7125,1,1,1,1,1605,80,80,1605.0,80.0,1605.0,1605,80,40.3702236563513,24225.567135808327
4258,0,155,0,0,224219,225850,289.283528,291.284114,2.0005859999999984,19.951801181439016,16.787499999999998,22.7125,1,1,1,1,1631,80,80,1631.0,80.0,1631.0,1631,80,39.915294118370184,23761.537869404285
4258,0,156,0,0,225850,227482,291.284114,293.285786,2.001671999999985,20.188607101372853,16.787499999999998,22.7125,1,1,1,1,1632,80,80,1632.0,80.0,1632.0,1632,80,40.410969553819086,23355.474823048105
4258,0,157,0,0,227482,229140,293.285786,295.288505,2.0027190000000132,20.33319895834173,16.787499999999998,22.7125,1,1,1,1,1658,80,80,1658.0,80.0,1658.0,1658,80,40.72168388465161,24067.779853289292
4258,0,158,0,0,229140,230613,295.288505,297.288796,2.0002910000000043,19.751608539050682,16.787499999999998,22.7125,1,1,1,1,1473,80,80,1474.0,80.0,1474.0,1473,80,39.508964796185865,23304.109252103768
4258,0,159,0,0,230613,232205,297.288796,299.289046,2.000249999999994,20.040761537609775,16.787499999999998,22.7125,1,1,1,1,1592,80,80,1591.0,80.0,1591.0,1592,80,40.086533265603975,24202.474690663737
4258,0,160,0,0,232205,233711,299.289046,301.289424,2.000378000000012,19.679499035763712,16.787499999999998,22.7125,1,1,1,1,1506,79,79,1506.0,79.0,1506.0,1506,79,39.3664369221633,23299.596376284742
4258,0,161,0,0,233711,234000,301.289424,301.64933,0.3599060000000236,19.61450966628076,16.787499999999998,22.7125,1,1,1,1,289,15,15,291.0,15.0,289.0,289,15,7.059379715952673,23686.74042666541
4258,0,162,0,0,234000,235547,301.64933,303.649427,2.0000969999999825,19.671348658304424,16.787499999999998,22.7125,1,1,1,1,1547,80,80,1550.0,80.0,1547.0,1547,80,39.34460543742807,23165.876454992136
4258,0,163,0,0,235547,237079,303.649427,305.64945,2.0000229999999988,19.590638638936273,16.787499999999998,22.7125,1,1,1,1,1532,80,80,1532.0,80.0,1532.0,1532,80,39.181727862561274,23386.231058342844
4258,0,164,0,0,237079,238594,305.64945,307.649751,2.000300999999979,19.60653934498373,16.787499999999998,22.7125,1,1,1,1,1515,80,80,1515.0,80.0,1515.0,1515,80,39.218980258309784,22981.041353276574
4258,0,165,0,0,238594,240180,307.649751,309.649823,2.0000720000000456,19.799752583919556,16.787499999999998,22.7125,1,1,1,1,1586,79,79,1586.0,80.0,1586.0,1586,80,39.60093075002624,23778.143986815932
4258,0,166,0,0,240180,241707,309.649823,311.650573,2.0007499999999823,19.478700449819765,16.787499999999998,22.7125,1,1,1,1,1527,80,80,1527.0,79.0,1527.0,1527,79,38.97200992497619,22960.88966637531
4258,0,167,0,0,241707,243230,311.650573,313.650891,2.000317999999993,19.74900041127916,16.787499999999998,22.7125,1,1,1,1,1523,80,80,1523.0,80.0,1523.0,1523,80,39.50428100468889,23257.802009480576
4258,0,168,0,0,243230,244778,313.650891,315.650981,2.00009,19.78926085921215,16.787499999999998,22.7125,1,1,1,1,1548,80,80,1548.0,80.0,1548.0,1548,80,39.5803027519014,23940.422680979354
4258,0,169,0,0,244778,246346,315.650981,317.651588,2.0006070000000022,19.780238037393016,16.787499999999998,22.7125,1,1,1,1,1568,80,80,1568.0,80.0,1568.0,1568,80,39.5724826792748,23492.86991398108
4258,0,170,0,0,246346,247000,317.651588,318.509905,0.8583169999999996,19.691776455464087,16.787499999999998,22.7125,1,1,1,1,654,34,34,654.0,35.0,654.0,654,35,16.901786491924213,23322.385552191103
4258,0,171,0,0,247000,248569,318.509905,320.510634,2.0007289999999784,19.722952727557214,16.787499999999998,22.7125,1,1,1,1,1569,80,80,1573.0,79.0,1569.0,1569,79,39.460283487652305,23672.37142061744
4258,0,172,0,0,248569,250074,320.510634,322.510706,2.0000720000000456,19.846015376102052,16.787499999999998,22.7125,1,1,1,1,1505,80,80,1505.0,80.0,1505.0,1505,80,39.69345966531182,23165.666036022176
4258,0,173,0,0,250074,251552,322.510706,324.511954,2.0012479999999755,19.658270650388754,16.787499999999998,22.7125,1,1,1,1,1478,80,80,1478.0,80.0,1478.0,1478,80,39.34107482254876,22817.761716689067
4258,0,174,0,0,251552,253052,324.511954,326.513309,2.0013549999999896,19.761775086292342,16.787499999999998,22.7125,1,1,1,1,1500,80,80,1501.0,80.0,1500.0,1500,80,39.55032737782676,22778.06785902563
4258,0,175,0,0,253052,254566,326.513309,328.513846,2.0005370000000084,19.75279721499177,16.787499999999998,22.7125,1,1,1,1,1514,80,80,1514.0,80.0,1514.0,1514,80,39.51620168208774,23511.18724622429
4258,0,176,0,0,254566,256162,328.513846,330.515374,2.0015280000000075,19.670124155602483,16.787499999999998,22.7125,1,1,1,1,1596,80,80,1598.0,80.0,1596.0,1596,80,39.37030426091496,23833.790983688374
4258,0,177,0,0,256162,257740,330.515374,332.516467,2.001092999999969,19.652905098794466,16.787499999999998,22.7125,1,1,1,1,1578,80,80,1578.0,80.0,1578.0,1578,80,39.32729082286096,23381.72188898803
4258,0,178,0,0,257740,259256,332.516467,334.517907,2.0014400000000023,19.66718005757536,16.787499999999998,22.7125,1,1,1,1,1516,80,80,1516.0,80.0,1516.0,1516,80,39.362680854434075,23706.931009673008
4258,0,179,0,0,259256,260000,334.517907,335.467523,0.9496160000000486,19.52082426005426,16.787499999999998,22.7125,1,1,1,1,744,38,38,744.0,38.0,744.0,744,38,18.53728705053618,23282.04242556872
4258,0,180,0,0,260000,261591,335.467523,337.467573,2.0000499999999874,19.95631530228741,16.787499999999998,22.7125,1,1,1,1,1591,80,80,1593.0,80.0,1591.0,1591,80,39.91362842033959,23761.405964851027
4258,0,181,0,0,261591,263134,337.467573,339.471392,2.0038189999999645,19.93317981160378,16.787499999999998,22.7125,1,1,1,1,1543,80,80,1543.0,80.0,1543.0,1543,80,39.94248443690776,23269.566762267863
4258,0,182,0,0,263134,264729,339.471392,341.471694,2.0003020000000333,19.906838569720126,16.787499999999998,22.7125,1,1,1,1,1595,80,80,1596.0,80.0,1595.0,1595,80,39.81968900468928,23392.967661882667
4258,0,183,0,0,264729,266277,341.471694,343.471772,2.0000779999999736,20.117436918449553,16.787499999999998,22.7125,1,1,1,1,1548,80,80,1548.0,80.0,1548.0,1548,80,40.23644299697844,24122.55922019073
4258,0,184,0,0,266277,267822,343.471772,345.473042,2.0012700000000336,19.855597152200644,16.787499999999998,22.7125,1,1,1,1,1545,80,80,1545.0,80.0,1545.0,1545,80,39.736410912785686,23474.09395034114
4258,0,185,0,0,267822,269388,345.473042,347.47456,2.001517999999976,20.021939515564487,16.787499999999998,22.7125,1,1,1,1,1566,80,80,1566.0,80.0,1566.0,1566,80,40.07427233531325,23287.82454117353
4258,0,186,0,0,269388,270956,347.47456,349.48151,2.0069500000000176,20.192453971744666,16.787499999999998,22.7125,1,1,1,1,1568,80,80,1568.0,80.0,1568.0,1568,80,40.525245498592994,23646.329006701504
4258,0,187,0,0,270956,272558,349.48151,351.48158,2.000069999999994,19.774556860500567,16.787499999999998,22.7125,1,1,1,1,1602,80,80,1602.0,80.0,1602.0,1602,80,39.55049793998114,23852.165174218975
4258,0,188,0,0,272558,273000,351.48158,352.052964,0.5713839999999664,20.05932815349065,16.787499999999998,22.7125,1,1,1,1,442,23,23,442.0,23.0,442.0,442,23,11.461579157653432,23388.824328298982
4258,0,189,0,0,273000,274662,352.052964,354.053362,2.0003980000000183,20.00501826790613,16.787499999999998,22.7125,1,1,1,1,1662,80,80,1664.0,80.0,1662.0,1662,80,40.0179985330833,23223.378547668803
4258,0,190,0,0,274662,276136,354.053362,356.053412,2.0000499999999874,19.96980876509672,16.787499999999998,22.7125,1,1,1,1,1474,80,80,1474.0,80.0,1474.0,1474,80,39.94061602063175,23067.923301917595
4258,0,191,0,0,276136,277636,356.053412,358.054201,2.0007889999999975,19.893811314745726,16.787499999999998,22.7125,1,1,1,1,1500,79,79,1500.0,79.0,1500.0,1500,79,39.80331884661882,23856.588575806873
4258,0,192,0,0,277636,279248,358.054201,360.055118,2.0009170000000154,19.791367794106744,16.787499999999998,22.7125,1,1,1,1,1612,80,80,1612.0,80.0,1612.0,1612,80,39.60088427248138,23608.17565146362
4258,0,193,0,0,279248,280755,360.055118,362.05581,2.000692000000015,19.791905391793996,16.787499999999998,22.7125,1,1,1,1,1507,80,80,1507.0,80.0,1507.0,1507,80,39.597506782119126,23133.49581044941
4258,0,194,0,0,280755,282253,362.05581,364.057238,2.001427999999976,19.835198202608822,16.787499999999998,22.7125,1,1,1,1,1498,80,80,1498.0,80.0,1498.0,1498,80,39.69872106825005,23355.32429845119
4258,0,195,0,0,282253,283891,364.057238,366.058811,2.0015730000000076,19.978914735430884,16.787499999999998,22.7125,1,1,1,1,1638,80,80,1638.0,80.0,1638.0,1638,80,39.98925630374106,23799.781471872284
4258,0,196,0,0,283891,285475,366.058811,368.059002,2.0001910000000294,19.989148202596233,16.787499999999998,22.7125,1,1,1,1,1584,80,80,1584.0,80.0,1584.0,1584,80,39.982114332499805,23746.732187075784
4258,0,197,0,0,285475,286000,368.059002,368.753004,0.6940019999999549,20.34495637849664,16.787499999999998,22.7125,1,1,1,1,525,28,28,525.0,28.0,525.0,525,28,14.119440416588077,24236.241394118595
4258,0,198,0,0,286000,287520,368.753004,370.754862,2.001858000000027,20.304593157890924,16.787499999999998,22.7125,1,1,1,1,1520,80,80,1521.0,80.0,1520.0,1520,80,40.646912249870184,24056.151834945013
4258,0,199,0,0,287520,289077,370.754862,372.755293,2.000430999999992,19.802588466380637,16.787499999999998,22.7125,1,1,1,1,1557,80,80,1557.0,80.0,1557.0,1557,80,39.61371184839027,23472.94158108937
4258,0,200,0,0,289077,290663,372.755293,374.755561,2.0002680000000055,19.791215480095293,16.787499999999998,22.7125,1,1,1,1,1586,80,80,1586.0,80.0,1586.0,1586,80,39.58773500593907,23237.88612325942
4258,0,201,0,0,290663,292210,374.755561,376.757429,2.0018680000000018,20.227457208608904,16.787499999999998,22.7125,1,1,1,1,1547,80,80,1547.0,80.0,1547.0,1547,80,40.49269930728315,23781.787810185266
4258,0,202,0,0,292210,293784,376.757429,378.757485,2.0000559999999723,19.82095709947845,16.787499999999998,22.7125,1,1,1,1,1574,80,80,1574.0,80.0,1574.0,1574,80,39.64302417255385,23708.836152588057
4258,0,203,0,0,293784,295313,378.757485,380.75885,2.001365000000021,20.105612619553664,16.787499999999998,22.7125,1,1,1,1,1529,80,80,1529.0,80.0,1529.0,1529,80,40.23866940033349,23488.46911982547
4258,0,204,0,0,295313,296881,380.75885,382.759038,2.00018799999998,20.178229626117336,16.787499999999998,22.7125,1,1,1,1,1568,80,80,1568.0,80.0,1568.0,1568,80,40.36025275940392,23461.79459130865
4258,0,205,0,0,296881,298472,382.759038,384.760218,2.0011800000000335,19.89319007943455,16.787499999999998,22.7125,1,1,1,1,1591,79,79,1591.0,80.0,1591.0,1591,80,39.80985412316386,23108.36606402184
4258,0,206,0,0,298472,299000,384.760218,385.454637,0.6944189999999821,19.995686546200638,16.787499999999998,22.7125,1,1,1,1,528,28,28,528.0,27.0,528.0,528,27,13.88538465572583,23112.84685470935
4258,0,207,0,0,299000,300555,385.454637,387.455035,2.0003980000000183,20.015123582154388,16.787499999999998,22.7125,1,1,1,1,1555,80,80,1556.0,80.0,1555.0,1555,80,40.03821318349492,23546.814183977174
4258,0,208,0,0,300555,302056,387.455035,389.457471,2.002435999999989,19.968097311366705,16.787499999999998,22.7125,1,1,1,1,1501,80,80,1501.0,80.0,1501.0,1501,80,39.984836907783574,23658.184331484386
4258,0,209,0,0,302056,303648,389.457471,391.459315,2.0018440000000055,19.939435529719443,16.787499999999998,22.7125,1,1,1,1,1592,80,80,1592.0,80.0,1592.0,1592,80,39.91563937855608,23803.053584594938
4258,0,210,0,0,303648,305161,391.459315,393.460278,2.000963000000013,19.768577239010003,16.787499999999998,22.7125,1,1,1,1,1513,80,80,1513.0,80.0,1513.0,1513,80,39.55619161790128,23025.41326351347
4258,0,211,0,0,305161,306691,393.460278,395.460599,2.0003209999999854,19.882845602228574,16.787499999999998,22.7125,1,1,1,1,1530,80,80,1530.0,80.0,1530.0,1530,80,39.77207359789554,23706.195155677688
4258,0,212,0,0,306691,308215,395.460599,397.461561,2.0009620000000155,19.923769231238445,16.787499999999998,22.7125,1,1,1,1,1524,80,80,1524.0,80.0,1524.0,1524,80,39.866705128477406,23167.856261138215
4258,0,213,0,0,308215,309789,397.461561,399.464082,2.0025210000000015,19.7323762778595,16.787499999999998,22.7125,1,1,1,1,1574,80,80,1574.0,80.0,1574.0,1574,80,39.514497876315545,23542.824270007637
4258,0,214,0,0,309789,311317,399.464082,401.465357,2.001274999999964,19.823162709026033,16.787499999999998,22.7125,1,1,1,1,1528,80,80,1529.0,80.0,1529.0,1528,80,39.67159995050497,23151.74076526256
4258,0,215,0,0,311317,312000,401.465357,402.382952,0.9175950000000057,20.208521429168698,16.787499999999998,22.7125,1,1,1,1,683,37,37,682.0,37.0,682.0,683,37,18.54323822079823,23949.5638053824
4258,0,216,0,0,312000,313600,402.382952,404.383473,2.000520999999992,19.800247793447177,16.787499999999998,22.7125,1,1,1,1,1600,80,80,1601.0,80.0,1600.0,1600,80,39.61081151599501,23610.849373738234
4258,0,217,0,0,313600,315155,404.383473,406.384168,2.0006950000000074,19.942131175635,16.787499999999998,22.7125,1,1,1,1,1555,79,79,1555.0,79.0,1555.0,1555,79,39.89812213243749,23686.269021514934
4258,0,218,0,0,315155,316685,406.384168,408.384898,2.0007300000000328,20.008136358664732,16.787499999999998,22.7125,1,1,1,1,1530,80,80,1530.0,80.0,1530.0,1530,80,40.03087865687212,23373.968501496573
4258,0,219,0,0,316685,318215,408.384898,410.385113,2.0002149999999688,20.023657365398705,16.787499999999998,22.7125,1,1,1,1,1530,80,80,1530.0,80.0,1530.0,1530,80,40.05161981713081,23326.492402067142
4258,0,220,0,0,318215,319712,410.385113,412.386106,2.000992999999994,19.739903531300957,16.787499999999998,22.7125,1,1,1,1,1497,80,80,1497.0,80.0,1497.0,1497,80,39.499408786809,23126.517683969978
4258,0,221,0,0,319712,321275,412.386106,414.386987,2.0008809999999926,20.121105401585837,16.787499999999998,22.7125,1,1,1,1,1563,80,80,1563.0,80.0,1563.0,1563,80,40.25993749703048,23815.50926816746
4258,0,222,0,0,321275,322746,414.386987,416.387733,2.000746000000049,19.92548286699599,16.787499999999998,22.7125,1,1,1,1,1471,80,80,1471.0,80.0,1471.0,1471,80,39.86583014421194,23458.250072722298
4258,0,223,0,0,322746,324240,416.387733,418.389976,2.0022429999999645,19.75528140496293,16.787499999999998,22.7125,1,1,1,1,1494,80,80,1494.0,80.0,1494.0,1494,80,39.55487390611597,23298.870316939967
4258,0,224,0,0,324240,325000,418.389976,419.339254,0.9492779999999925,19.969079007078985,16.787499999999998,22.7125,1,1,1,1,760,38,38,760.0,38.0,760.0,760,38,18.956207381681452,23764.376715777864
4258,0,225,0,0,325000,326515,419.339254,421.339315,2.0000610000000165,19.712544134653914,16.787499999999998,22.7125,1,1,1,1,1515,80,80,1517.0,80.0,1515.0,1515,80,39.42629073450007,23107.795212245837
4258,0,226,0,0,326515,328004,421.339315,423.339943,2.000628000000006,20.074719508377527,16.787499999999998,22.7125,1,1,1,1,1489,80,80,1489.0,80.0,1489.0,1489,80,40.16204594060582,23288.187509122065
4258,0,227,0,0,328004,329566,423.339943,425.341318,2.001374999999996,19.836603484682314,16.787499999999998,22.7125,1,1,1,1,1562,80,80,1562.0,80.0,1562.0,1562,80,39.70048229915665,24136.90587720947
4258,0,228,0,0,329566,331128,425.341318,427.345761,2.0044429999999807,19.904888858277218,16.787499999999998,22.7125,1,1,1,1,1562,80,80,1562.0,80.0,1562.0,1562,80,39.89821513775132,23336.158723396202
4258,0,229,0,0,331128,332673,427.345761,429.345862,2.000101000000029,20.027548874437485,16.787499999999998,22.7125,1,1,1,1,1545,80,80,1545.0,80.0,1545.0,1545,80,40.05712053131174,23661.805078843172
4258,0,230,0,0,332673,334267,429.345862,431.345838,1.9999760000000038,19.883064264375594,16.787499999999998,22.7125,1,1,1,1,1594,80,80,1594.0,80.0,1594.0,1594,80,39.76565133520853,23553.7826453917
4258,0,231,0,0,334267,335772,431.345838,433.348219,2.002380999999957,20.035352802506758,16.787499999999998,22.7125,1,1,1,1,1505,80,80,1505.0,80.0,1505.0,1505,80,40.11840978003602,23474.553544006365
4258,0,232,0,0,335772,337317,433.348219,435.354514,2.006295000000023,19.998458234233002,16.787499999999998,22.7125,1,1,1,1,1545,80,80,1545.0,80.0,1545.0,1545,80,40.1228067630509,23941.14524534002
4258,0,233,0,0,337317,338000,435.354514,436.228744,0.8742300000000114,19.95744960011114,16.787499999999998,22.7125,1,1,1,1,683,35,35,683.0,35.0,683.0,683,35,17.447401163904942,23581.894924676264
4258,0,234,0,0,338000,339523,436.228744,438.230402,2.0016580000000204,19.998116209052302,16.787499999999998,22.7125,1,1,1,1,1523,80,80,1526.0,80.0,1523.0,1523,80,40.02938929477932,23664.382227133465
4258,0,235,0,0,339523,341048,438.230402,440.231428,2.0010259999999676,19.783218241135977,16.787499999999998,22.7125,1,1,1,1,1525,80,80,1525.0,80.0,1525.0,1525,80,39.58673406418711,23601.39248565524
4258,0,236,0,0,341048,342549,440.231428,442.233151,2.001723000000027,20.0807086281599,16.787499999999998,22.7125,1,1,1,1,1501,80,80,1501.0,80.0,1501.0,1501,80,40.196016317286194,23493.760125651435
4258,0,237,0,0,342549,344065,442.233151,444.236122,2.0029710000000023,19.933318287162983,16.787499999999998,22.7125,1,1,1,1,1516,80,80,1517.0,80.0,1516.0,1516,80,39.92585846295697,23297.89098294481
4258,0,238,0,0,344065,345626,444.236122,446.237072,2.000949999999989,20.00392665677208,16.787499999999998,22.7125,1,1,1,1,1561,80,80,1561.0,80.0,1561.0,1561,80,40.026857043867494,23582.29840825621
4258,0,239,0,0,345626,347126,446.237072,448.238822,2.0017500000000155,19.594984129951058,16.787499999999998,22.7125,1,1,1,1,1500,80,80,1500.0,80.0,1500.0,1500,80,39.22425948212913,22941.426252029298
4258,0,240,0,0,347126,348631,448.238822,450.23956,2.0007379999999557,19.771872522376135,16.787499999999998,22.7125,1,1,1,1,1505,80,80,1505.0,80.0,1505.0,1505,80,39.55833668667219,23094.47813756775
4258,0,241,0,0,348631,350211,450.23956,452.240662,2.001102000000003,19.712855345911414,16.787499999999998,22.7125,1,1,1,1,1580,80,80,1582.0,80.0,1580.0,1580,80,39.44743425841443,23393.610120823392
4258,0,242,0,0,350211,351000,452.240662,453.170258,0.9295960000000036,19.99157870269119,16.787499999999998,22.7125,1,1,1,1,789,37,37,789.0,37.0,789.0,789,37,18.584091595706923,24156.730450647283
4258,0,243,0,0,351000,352547,453.170258,455.170662,2.000404000000003,19.89156088542426,16.787499999999998,22.7125,1,1,1,1,1547,80,80,1549.0,80.0,1547.0,1547,80,39.791157961446515,23716.20932571617
4258,0,244,0,0,352547,354124,455.170662,457.171063,2.0004010000000108,19.998269050764705,16.787499999999998,22.7125,1,1,1,1,1577,80,80,1577.0,80.0,1577.0,1577,80,40.00455740741927,23809.22625013672
4258,0,245,0,0,354124,355765,457.171063,459.171345,2.00028199999997,19.85405785605453,16.787499999999998,22.7125,1,1,1,1,1641,80,80,1642.0,80.0,1641.0,1641,80,39.71371455642475,23722.155176120523
4258,0,246,0,0,355765,357293,459.171345,461.172097,2.000752000000034,19.830481788654364,16.787499999999998,22.7125,1,1,1,1,1528,79,79,1528.0,80.0,1528.0,1528,80,39.67587609961447,23493.66638144018
4258,0,247,0,0,357293,358760,461.172097,463.173536,2.001439000000005,19.839515523858225,16.787499999999998,22.7125,1,1,1,1,1467,80,80,1467.0,79.0,1467.0,1467,79,39.70758011055477,23133.855191189883
4258,0,248,0,0,358760,360282,463.173536,465.174622,2.0010859999999866,19.978783548979425,16.787499999999998,22.7125,1,1,1,1,1522,80,80,1523.0,80.0,1522.0,1522,80,39.979264056892134,23201.40163891023
4258,0,249,0,0,360282,361854,465.174622,467.176076,2.001454000000024,19.988004612383563,16.787499999999998,22.7125,1,1,1,1,1572,79,79,1573.0,80.0,1572.0,1572,79,40.005071783474705,24166.431004659324
4258,0,250,0,0,361854,363360,467.176076,469.176906,2.000829999999951,20.053443287848577,16.787499999999998,22.7125,1,1,1,1,1506,80,80,1506.0,80.0,1506.0,1506,80,40.12353093362435,23275.34073359613
4258,0,251,0,0,363360,364000,469.176906,470.008785,0.8318790000000149,20.247380176899686,16.787499999999998,22.7125,1,1,1,1,640,34,34,640.0,34.0,640.0,640,34,16.843370374179358,23743.837745633253
4258,0,252,0,0,364000,365554,470.008785,472.008915,2.000130000000013,19.914837611724746,16.787499999999998,22.7125,1,1,1,1,1554,79,79,1556.0,79.0,1554.0,1554,79,39.83226415233912,23081.499702519188
4258,0,253,0,0,365554,367097,472.008915,474.011179,2.002264000000025,19.96703800777541,16.787499999999998,22.7125,1,1,1,1,1543,80,80,1543.0,80.0,1543.0,1543,80,39.979281389600146,23450.454085974383
4258,0,254,0,0,367097,368632,474.011179,476.01318,2.00200099999995,19.94798409875037,16.787499999999998,22.7125,1,1,1,1,1535,80,80,1535.0,80.0,1535.0,1535,80,39.93588411368182,23593.89430874469
4258,0,255,0,0,368632,370172,476.01318,478.013189,2.000009000000034,20.039089596473264,16.787499999999998,22.7125,1,1,1,1,1540,80,80,1540.0,80.0,1540.0,1540,80,40.078359544753766,23539.894070476283
4258,0,256,0,0,370172,371744,478.013189,480.013278,2.0000890000000027,20.156400303445825,16.787499999999998,22.7125,1,1,1,1,1572,80,80,1574.0,80.0,1573.0,1572,80,40.314594526518704,23746.443283273864
4258,0,257,0,0,371744,373351,480.013278,482.013933,2.0006549999999947,20.228980122326654,16.787499999999998,22.7125,1,1,1,1,1607,80,80,1606.0,80.0,1606.0,1607,80,40.47121022663305,24292.544191777255
4258,0,258,0,0,373351,374827,482.013933,484.013967,2.000033999999971,19.94766873197841,16.787499999999998,22.7125,1,1,1,1,1476,80,80,1476.0,80.0,1476.0,1476,80,39.89601568469334,23079.107655170195
4258,0,259,0,0,374827,376442,484.013967,486.014397,2.0004299999999944,20.2013350900527,16.787499999999998,22.7125,1,1,1,1,1615,80,80,1615.0,80.0,1615.0,1615,80,40.41135675419355,23627.919997200668
4258,0,260,0,0,376442,377000,486.014397,486.726166,0.7117690000000039,20.05314148099893,16.787499999999998,22.7125,1,1,1,1,558,28,28,558.0,29.0,558.0,558,29,14.273204458788314,23337.62779778258
4258,0,261,0,0,377000,378638,486.726166,488.726602,2.000436000000036,20.108610060841116,16.787499999999998,22.7125,1,1,1,1,1638,80,80,1641.0,79.0,1638.0,1638,79,40.22598747566917,23731.326570807138
4258,0,262,0,0,378638,380209,488.726602,490.72803,2.001427999999976,20.02736067558551,16.787499999999998,22.7125,1,1,1,1,1571,80,80,1571.0,80.0,1571.0,1571,80,40.083320422214456,23686.088133073274
4258,0,263,0,0,380209,381739,490.72803,492.729788,2.0017579999999953,19.855019718692635,16.787499999999998,22.7125,1,1,1,1,1530,80,80,1531.0,80.0,1531.0,1530,80,39.74494456205139,23151.64969991383
4258,0,264,0,0,381739,383320,492.729788,494.729919,2.0001310000000103,19.95488973022533,16.787499999999998,22.7125,1,1,1,1,1581,80,80,1580.0,80.0,1580.0,1581,80,39.91239355100515,23513.4598683785
4258,0,265,0,0,383320,384900,494.729919,496.730295,2.000376000000017,20.136294165380704,16.787499999999998,22.7125,1,1,1,1,1580,80,80,1580.0,80.0,1580.0,1580,80,40.28015957736716,23773.030670233795
4258,0,266,0,0,384900,386449,496.730295,498.73139,2.001094999999964,19.878718032855797,16.787499999999998,22.7125,1,1,1,1,1549,80,80,1549.0,80.0,1549.0,1549,80,39.779203261956354,23446.662952034185
4258,0,267,0,0,386449,388025,498.73139,500.732197,2.000807000000009,20.137674389667414,16.787499999999998,22.7125,1,1,1,1,1576,79,79,1590.0,80.0,1576.0,1576,79,40.291599882568335,24027.804780770854
4258,0,268,0,0,388025,389604,500.732197,502.733261,2.001064000000042,20.101786660999522,16.787499999999998,22.7125,1,1,1,1,1579,80,80,1579.0,80.0,1579.0,1579,80,40.2249616230074,23855.8087097659
4258,0,269,0,0,389604,390000,502.733261,503.234809,0.501547999999957,20.321443832923027,16.787499999999998,22.7125,1,1,1,1,396,20,20,396.0,20.0,396.0,396,20,10.192179511514041,23814.27101693362
4258,0,270,0,0,390000,391544,503.234809,505.235553,2.0007439999999974,20.09695074561785,16.787499999999998,22.7125,1,1,1,1,1544,80,80,1545.0,80.0,1544.0,1544,80,40.20885362259105,23689.187622204572
4258,0,271,0,0,391544,393048,505.235553,507.237886,2.0023330000000215,20.125959891117006,16.787499999999998,22.7125,1,1,1,1,1504,80,80,1504.0,80.0,1504.0,1504,80,40.29887364665956,23902.617596573342
4258,0,272,0,0,393048,394579,507.237886,509.238895,2.0010090000000105,20.031045507229944,16.787499999999998,22.7125,1,1,1,1,1531,80,80,1531.0,80.0,1531.0,1531,80,40.08230233937684,23527.630310508226
4258,0,273,0,0,394579,396062,509.238895,511.240481,2.0015859999999748,19.856136789267737,16.787499999999998,22.7125,1,1,1,1,1483,80,80,1483.0,80.0,1483.0,1483,80,39.743765411481945,23135.653426832814
4258,0,274,0,0,396062,397601,511.240481,513.242923,2.0024420000000305,19.819370978273845,16.787499999999998,22.7125,1,1,1,1,1539,80,80,1539.0,80.0,1539.0,1539,80,39.687140860476575,23024.387223200123
4258,0,275,0,0,397601,399059,513.242923,515.243295,2.0003719999999703,19.810355292046637,16.787499999999998,22.7125,1,1,1,1,1458,80,80,1458.0,80.0,1458.0,1458,80,39.62808003626196,22825.254502662843
4258,0,276,0,0,399059,400584,515.243295,517.243345,2.0000499999999874,19.886451465888637,16.787499999999998,22.7125,1,1,1,1,1525,80,80,1525.0,80.0,1525.0,1525,80,39.77389725435023,23625.909352266342
4258,0,277,0,0,400584,402114,517.243345,519.244279,2.0009340000000293,19.916754811003653,16.787499999999998,22.7125,1,1,1,1,1530,80,80,1530.0,80.0,1530.0,1530,80,39.8521118710014,23100.711967510833
4258,0,278,0,0,402114,403000,519.244279,520.411405,1.1671259999999393,19.969215020857757,16.787499999999998,22.7125,1,1,1,1,886,46,46,886.0,46.0,886.0,886,46,23.306590050431623,23805.484583499507
4258,0,279,0,0,403000,404523,520.411405,522.411677,2.000272000000109,19.9614667664122,16.787499999999998,22.7125,1,1,1,1,1523,80,80,1523.0,80.0,1523.0,1523,80,39.92836305178753,23188.84631689964
4258,0,280,0,0,404523,405982,522.411677,524.412667,2.0009900000000016,19.823927939768996,16.787499999999998,22.7125,1,1,1,1,1459,80,79,1459.0,80.0,1459.0,1459,79,39.66748156819813,22543.341046182122
4258,0,281,0,0,405982,407535,524.412667,526.413961,2.001293999999916,19.920652010547627,16.787499999999998,22.7125,1,1,1,1,1553,80,80,1553.0,80.0,1553.0,1553,80,39.867081344795224,23272.442729554954
4258,0,282,0,0,407535,409049,526.413961,528.414198,2.0002370000000838,20.019740604522053,16.787499999999998,22.7125,1,1,1,1,1514,80,80,1514.0,80.0,1514.0,1514,80,40.044225887568246,23379.72950205303
4258,0,283,0,0,409049,410554,528.414198,530.415368,2.001169999999888,20.071625382157656,16.787499999999998,22.7125,1,1,1,1,1505,80,80,1505.0,80.0,1505.0,1505,80,40.166734566009836,24139.878171271157
4258,0,284,0,0,410554,412120,530.415368,532.415593,2.0002250000000004,19.986936307375117,16.787499999999998,22.7125,1,1,1,1,1566,80,80,1567.0,80.0,1567.0,1566,80,39.978369675420254,23957.304803209634
4258,0,285,0,0,412120,413697,532.415593,534.415707,2.0001140000000532,19.991577456535424,16.787499999999998,22.7125,1,1,1,1,1577,80,80,1576.0,80.0,1576.0,1577,80,39.985433952901076,23331.170123302352
4258,0,286,0,0,413697,415290,534.415707,536.416896,2.001188999999954,20.081590022969795,16.787499999999998,22.7125,1,1,1,1,1593,80,80,1593.0,80.0,1593.0,1593,80,40.18705705647517,24370.511730776616
4258,0,287,0,0,415290,416000,536.416896,537.291551,0.8746550000000752,20.17836531133701,16.787499999999998,22.7125,1,1,1,1,710,35,35,710.0,35.0,710.0,710,35,17.64910811138907,23667.61751776211
4258,0,288,0,0,416000,417535,537.291551,539.292126,2.000575000000026,19.98743155575319,16.787499999999998,22.7125,1,1,1,1,1535,80,80,1539.0,80.0,1535.0,1535,80,39.98635588465186,23206.828036939078
4258,0,289,0,0,417535,419076,539.292126,541.293004,2.0008779999999433,19.927253532136337,16.787499999999998,22.7125,1,1,1,1,1541,80,80,1542.0,80.0,1542.0,1541,80,39.87200319287331,23908.504166671508
4258,0,290,0,0,419076,420642,541.293004,543.294498,2.0014939999999797,19.950906169080227,16.787499999999998,22.7125,1,1,1,1,1566,80,80,1565.0,80.0,1565.0,1566,80,39.9316189919773,23213.659396431103
4258,0,291,0,0,420642,422186,543.294498,545.297681,2.0031830000000355,20.004104570888614,16.787499999999998,22.7125,1,1,1,1,1544,80,80,1544.0,80.0,1544.0,1544,80,40.07188220662647,24194.993667577623
4258,0,292,0,0,422186,423683,545.297681,547.300143,2.002462000000037,20.087938602742728,16.787499999999998,22.7125,1,1,1,1,1497,80,80,1498.0,80.0,1497.0,1497,80,40.225333710326595,23226.90767664962
4258,0,293,0,0,423683,425196,547.300143,549.300224,2.000080999999909,20.080834582770063,16.787499999999998,22.7125,1,1,1,1,1513,80,80,1513.0,80.0,1513.0,1513,80,40.16329571313872,23373.553371089532
4258,0,294,0,0,425196,426712,549.300224,551.301142,2.0009180000000697,20.073191750510464,16.787499999999998,22.7125,1,1,1,1,1516,80,80,1516.0,80.0,1516.0,1516,80,40.16481069104884,23238.833375479844
4258,0,295,0,0,426712,428291,551.301142,553.301628,2.0004860000000235,19.801215904514134,16.787499999999998,22.7125,1,1,1,1,1579,79,79,1579.0,79.0,1579.0,1579,79,39.61205519995747,23521.784206437558
4258,0,296,0,0,428291,429000,553.301628,554.216297,0.9146690000000035,19.805937986341167,16.787499999999998,22.7125,1,1,1,1,709,37,37,709.0,37.0,709.0,709,37,18.11587749202954,22830.116687020025
4258,0,297,0,0,429000,430575,554.216297,556.216633,2.0003359999999475,20.09746857182625,16.787499999999998,22.7125,1,1,1,1,1575,80,80,1577.0,80.0,1575.0,1575,80,40.20168989309241,23549.04376064883
4258,0,298,0,0,430575,432129,556.216633,558.223322,2.0066890000000512,20.007135373577302,16.787499999999998,22.7125,1,1,1,1,1554,80,80,1554.0,80.0,1554.0,1554,80,40.14809847566903,24025.646226195873
4258,0,299,0,0,432129,433704,558.223322,560.225297,2.001974999999902,19.81609025550218,16.787499999999998,22.7125,1,1,1,1,1575,80,80,1575.0,80.0,1575.0,1575,80,39.671317289257786,23535.258931805995
4258,0,300,0,0,433704,435300,560.225297,562.226031,2.0007340000000795,19.982421053223227,16.787499999999998,22.7125,1,1,1,1,1596,80,80,1596.0,80.0,1596.0,1596,80,39.97950920350195,23549.85720240578
4258,0,301,0,0,435300,436817,562.226031,564.229397,2.0033659999999145,19.91689094235834,16.787499999999998,22.7125,1,1,1,1,1517,80,80,1517.0,80.0,1517.0,1517,80,39.90082213962705,23551.363055977796
4258,0,302,0,0,436817,438338,564.229397,566.230081,2.000684000000092,19.881929039015276,16.787499999999998,22.7125,1,1,1,1,1521,80,80,1522.0,80.0,1521.0,1521,80,39.777457317495646,23644.413610544107
4258,0,303,0,0,438338,439852,566.230081,568.234027,2.003945999999928,19.952207530658175,16.787499999999998,22.7125,1,1,1,1,1514,80,80,1514.0,80.0,1514.0,1514,80,39.983146472230146,23830.482458111004
4258,0,304,0,0,439852,441444,568.234027,570.234775,2.000748000000044,19.941816303371688,16.787499999999998,22.7125,1,1,1,1,1592,80,80,1592.0,80.0,1592.0,1592,80,39.898549085339255,23492.713725066307
4258,0,305,0,0,441444,442000,570.234775,570.954307,0.7195319999999583,20.119798045753807,16.787499999999998,22.7125,1,1,1,1,556,29,29,556.0,29.0,556.0,556,29,14.476838527456493,23809.92089302629
4258,0,306,0,0,442000,443628,570.954307,572.955709,2.0014019999999846,20.30672873630803,16.787499999999998,22.7125,1,1,1,1,1628,80,80,1630.0,80.0,1628.0,1628,80,40.641927506303546,23766.339795803324
4258,0,307,0,0,443628,445113,572.955709,574.957148,2.001439000000005,19.869815698499952,16.787499999999998,22.7125,1,1,1,1,1485,80,80,1485.0,80.0,1485.0,1485,80,39.768224061790534,22791.60144276188
4258,0,308,0,0,445113,446659,574.957148,576.957143,1.9999950000000126,20.26039194539466,16.787499999999998,22.7125,1,1,1,1,1546,80,80,1546.0,80.0,1546.0,1546,80,40.520682588829004,23864.059660149
4258,0,309,0,0,446659,448154,576.957143,578.959806,2.002662999999984,19.764446235284368,16.787499999999998,22.7125,1,1,1,1,1495,80,80,1495.0,80.0,1495.0,1495,80,39.581525190893444,23198.111714252656
4258,0,310,0,0,448154,449751,578.959806,580.959908,2.0001020000000835,19.766897878516847,16.787499999999998,22.7125,1,1,1,1,1597,80,80,1597.0,80.0,1597.0,1597,80,39.535811980618746,23897.28123865583
4258,0,311,0,0,449751,451237,580.959908,582.960208,2.0002999999999247,19.7088573475474,16.787499999999998,22.7125,1,1,1,1,1486,79,79,1486.0,79.0,1486.0,1486,79,39.423627352298354,22938.059291107198
4258,0,312,0,0,451237,452877,582.960208,584.960478,2.0002700000000004,19.954766590515696,16.787499999999998,22.7125,1,1,1,1,1640,80,80,1640.0,80.0,1640.0,1640,80,39.91492096801085,23683.8026866373
4258,0,313,0,0,452877,454346,584.960478,586.961848,2.0013700000000654,19.977277294239002,16.787499999999998,22.7125,1,1,1,1,1469,80,80,1469.0,80.0,1469.0,1469,80,39.981923458371966,23248.574726311715
4258,0,314,0,0,454346,455000,586.961848,587.85544,0.8935920000000124,19.949773470667083,16.787499999999998,22.7125,1,1,1,1,654,36,36,654.0,36.0,654.0,654,36,17.826957975201367,23561.088281900138
4258,0,315,0,0,455000,456575,587.85544,589.856084,2.0006439999999657,19.799875576669837,16.787499999999998,22.7125,1,1,1,1,1575,80,80,1576.0,80.0,1575.0,1575,80,39.61250227321034,23755.850616102023
4258,0,316,0,0,456575,458117,589.856084,591.859189,2.003105000000005,19.88481654217859,16.787499999999998,22.7125,1,1,1,1,1542,80,80,1542.0,80.0,1542.0,1542,80,39.83137543972043,23501.513899670703
4258,0,317,0,0,458117,459634,591.859189,593.862784,2.0035950000000184,20.04480780354968,16.787499999999998,22.7125,1,1,1,1,1517,80,80,1517.0,80.0,1517.0,1517,80,40.16167669115384,23453.34261664636
4258,0,318,0,0,459634,461209,593.862784,595.863352,2.00056799999993,19.807651929759793,16.787499999999998,22.7125,1,1,1,1,1575,79,79,1589.0,80.0,1575.0,1575,79,39.62655460581482,23639.28644265111
4258,0,319,0,0,461209,462722,595.863352,597.863718,2.0003659999999854,19.902978213151147,16.787499999999998,22.7125,1,1,1,1,1513,80,80,1513.0,80.0,1513.0,1513,80,39.81324091632814,23493.20074426397
4258,0,320,0,0,462722,464331,597.863718,599.864051,2.0003330000000688,20.086663509828877,16.787499999999998,22.7125,1,1,1,1,1609,80,80,1609.0,80.0,1609.0,1609,80,40.180015878608174,24213.968374264852
4258,0,321,0,0,464331,465911,599.864051,601.864283,2.0002319999999827,20.019685981925903,16.787499999999998,22.7125,1,1,1,1,1580,80,80,1580.0,80.0,1580.0,1580,80,40.044016530999215,23342.792236100813
4258,0,322,0,0,465911,467430,601.864283,603.86647,2.002187000000049,19.91903451434514,16.787499999999998,22.7125,1,1,1,1,1519,80,80,1519.0,80.0,1519.0,1519,80,39.88163195717425,23682.103619691286
4258,0,323,0,0,467430,468000,603.86647,604.67457,0.8080999999999676,19.792321291779295,16.787499999999998,22.7125,1,1,1,1,570,32,32,570.0,32.0,570.0,570,32,15.994174835886952,22536.814750650574
4258,0,324,0,0,468000,469551,604.67457,606.674762,2.00019199999997,19.877760021377725,16.787499999999998,22.7125,1,1,1,1,1551,80,80,1555.0,80.0,1553.0,1551,80,39.759336572678876,22747.816209644214
4258,0,325,0,0,469551,471135,606.674762,608.675505,2.000743000000057,20.135552172168453,16.787499999999998,22.7125,1,1,1,1,1584,80,80,1582.0,80.0,1582.0,1584,80,40.28606505960124,24121.538848317166
4258,0,326,0,0,471135,472811,608.675505,610.676447,2.000942000000009,20.011504681222114,16.787499999999998,22.7125,1,1,1,1,1676,80,80,1676.0,80.0,1676.0,1676,80,40.041860199853545,23651.85997395216
4258,0,327,0,0,472811,474318,610.676447,612.677534,2.001086999999984,19.88561808055691,16.787499999999998,22.7125,1,1,1,1,1507,80,80,1507.0,80.0,1507.0,1507,80,39.79285182796775,22933.035894991255
4258,0,328,0,0,474318,475885,612.677534,614.678766,2.001231999999959,19.822334906322467,16.787499999999998,22.7125,1,1,1,1,1567,80,80,1567.0,80.0,1567.0,1567,80,39.66909092924834,23456.550764729407
4258,0,329,0,0,475885,477475,614.678766,616.682613,2.0038469999999506,19.920840054766792,16.787499999999998,22.7125,1,1,1,1,1590,80,80,1590.0,80.0,1590.0,1590,80,39.91831558122249,23506.285659534464
4258,0,330,0,0,477475,479032,616.682613,618.68383,2.001216999999997,19.970250835668597,16.787499999999998,22.7125,1,1,1,1,1557,80,80,1557.0,80.0,1557.0,1557,80,39.96480546660496,23359.285874545374
4258,0,331,0,0,479032,480539,618.68383,620.68393,2.0001000000000886,19.70627653362478,16.787499999999998,22.7125,1,1,1,1,1507,80,80,1507.0,80.0,1507.0,1507,80,39.41452369490435,22903.854807258624
4258,0,332,0,0,480539,481000,620.68393,621.264875,0.5809449999999288,19.970006175413594,16.787499999999998,22.7125,1,1,1,1,461,23,23,461.0,23.0,461.0,461,23,11.60147523757405,23403.248156024525
4258,0,333,0,0,481000,482516,621.264875,623.267916,2.003041000000053,19.913744929046803,16.787499999999998,22.7125,1,1,1,1,1516,80,80,1517.0,80.0,1516.0,1516,80,39.88804755642377,23308.060094625504
4258,0,334,0,0,482516,484073,623.267916,625.268527,2.0006109999999353,20.037231945897503,16.787499999999998,22.7125,1,1,1,1,1557,80,80,1557.0,80.0,1557.0,1557,80,40.08670664051351,23195.41380108452
4258,0,335,0,0,484073,485571,625.268527,627.268761,2.0002340000000913,19.975386664587933,16.787499999999998,22.7125,1,1,1,1,1498,80,80,1498.0,80.0,1498.0,1498,80,39.955447569656826,23705.726430006605
4258,0,336,0,0,485571,487123,627.268761,629.271568,2.0028069999999616,20.062816208245067,16.787499999999998,22.7125,1,1,1,1,1552,80,80,1552.0,80.0,1552.0,1552,80,40.181948741585074,23690.250733096553
4258,0,337,0,0,487123,488606,629.271568,631.275261,2.0036929999999984,20.015182812441275,16.787499999999998,22.7125,1,1,1,1,1483,80,80,1483.0,80.0,1483.0,1483,80,40.10428169500847,23661.808470658947
4258,0,338,0,0,488606,490209,631.275261,633.275979,2.000718000000006,19.911436789607706,16.787499999999998,22.7125,1,1,1,1,1603,80,80,1604.0,80.0,1603.0,1603,80,39.83716999083117,23728.481475150347
4258,0,339,0,0,490209,491732,633.275979,635.277239,2.001260000000002,19.989298850716423,16.787499999999998,22.7125,1,1,1,1,1523,80,80,1523.0,80.0,1523.0,1523,80,40.0037842179845,23493.698969649096
4258,0,340,0,0,491732,493318,635.277239,637.277678,2.0004390000000285,19.99159013714936,16.787499999999998,22.7125,1,1,1,1,1586,80,80,1588.0,80.0,1586.0,1586,80,39.99195658236931,23517.83783459497
4258,0,341,0,0,493318,494000,637.277678,638.123029,0.8453509999999369,19.842339862690626,16.787499999999998,22.7125,1,1,1,1,682,33,33,682.0,33.0,682.0,682,33,16.77374184526343,23515.675737062455
4258,0,342,0,0,494000,495565,638.123029,640.124683,2.0016540000000305,19.89019047622495,16.787499999999998,22.7125,1,1,1,1,1565,79,79,1566.0,80.0,1565.0,1565,79,39.813279327498094,23034.450509428352
4258,0,343,0,0,495565,497120,640.124683,642.127111,2.002428000000009,20.072145132907657,16.787499999999998,22.7125,1,1,1,1,1555,80,80,1555.0,80.0,1555.0,1555,80,40.19302543419872,23649.28976222855
4258,0,344,0,0,497120,498725,642.127111,644.128047,2.0009360000000243,19.74780300599852,16.787499999999998,22.7125,1,1,1,1,1605,80,80,1605.0,80.0,1605.0,1605,80,39.51408995561178,24022.757349560114
4258,0,345,0,0,498725,500247,644.128047,646.128901,2.000854000000004,19.669238543988193,16.787499999999998,22.7125,1,1,1,1,1522,80,80,1522.0,80.0,1522.0,1522,80,39.355274617693794,23577.93222294076
4258,0,346,0,0,500247,501815,646.128901,648.129316,2.0004149999999754,19.518652973443853,16.787499999999998,22.7125,1,1,1,1,1568,79,79,1569.0,80.0,1568.0,1568,79,39.04540618787178,22573.81593319414
4258,0,347,0,0,501815,503406,648.129316,650.129542,2.000225999999998,19.620394941531888,16.787499999999998,22.7125,1,1,1,1,1591,80,80,1591.0,80.0,1591.0,1591,80,39.24522409232122,23494.345138999317
4258,0,348,0,0,503406,504952,650.129542,652.132244,2.0027019999999993,19.499391914833474,16.787499999999998,22.7125,1,1,1,1,1546,80,80,1546.0,80.0,1546.0,1546,80,39.05147118662171,23388.402268535217
4258,0,349,0,0,504952,506439,652.132244,654.13469,2.0024459999999635,19.457993964035666,16.787499999999998,22.7125,1,1,1,1,1487,80,80,1487.0,80.0,1487.0,1487,80,38.963582181306265,23109.23740265697
4258,0,350,0,0,506439,507000,654.13469,654.872123,0.73743300000001,19.686914583602356,16.787499999999998,22.7125,1,1,1,1,561,30,30,561.0,30.0,561.0,561,30,14.517780482130547,22804.78362102018
4258,0,351,0,0,507000,508533,654.872123,656.873321,2.001198000000045,19.43038491111854,16.787499999999998,22.7125,1,1,1,1,1533,80,80,1533.0,80.0,1533.0,1533,80,38.88404742336206,23220.590866070703
4258,0,352,0,0,508533,510038,656.873321,658.875557,2.0022359999999253,19.571435380113943,16.787499999999998,22.7125,1,1,1,1,1505,80,80,1505.0,80.0,1505.0,1505,80,39.18663248973644,23189.074614581765
4258,0,353,0,0,510038,511528,658.875557,660.876189,2.000631999999996,19.519629559276666,16.787499999999998,22.7125,1,1,1,1,1490,80,80,1490.0,80.0,1490.0,1490,80,39.05159552443547,22538.877714642218
4258,0,354,0,0,511528,513048,660.876189,662.87639,2.000201000000061,19.602300555383152,16.787499999999998,22.7125,1,1,1,1,1520,79,79,1520.0,79.0,1520.0,1520,79,39.20854117317867,22609.72772236321
4258,0,355,0,0,513048,514568,662.87639,664.876414,2.0000239999999394,19.729576943941495,16.787499999999998,22.7125,1,1,1,1,1520,80,80,1521.0,80.0,1520.0,1520,80,39.45962739772767,23338.21994136141
4258,0,356,0,0,514568,516079,664.876414,666.876566,2.000152000000071,19.531509224554263,16.787499999999998,22.7125,1,1,1,1,1511,80,80,1511.0,80.0,1511.0,1511,80,39.0659872385113,23008.251372894843
4258,0,357,0,0,516079,517620,666.876566,668.876718,2.0001519999999573,19.647005292118376,16.787499999999998,22.7125,1,1,1,1,1541,80,80,1541.0,80.0,1541.0,1541,80,39.29699692904069,23462.716833521154
4258,0,358,0,0,517620,519175,668.876718,670.87894,2.0022219999999606,19.637716011005956,16.787499999999998,22.7125,1,1,1,1,1555,80,80,1555.0,80.0,1555.0,1555,80,39.319067026986886,23178.248965399896
4258,0,359,0,0,519175,520000,670.87894,671.917058,1.038118000000054,19.555018497823777,16.787499999999998,22.7125,1,1,1,1,825,42,42,825.0,42.0,825.0,825,42,20.300416692924045,23253.61856744488
4258,0,360,0,0,520000,521568,671.917058,673.917493,2.0004350000000386,19.60424915098903,16.787499999999998,22.7125,1,1,1,1,1568,80,80,1569.0,80.0,1568.0,1568,80,39.21702615035974,23069.982278853902
4258,0,361,0,0,521568,523052,673.917493,675.919119,2.0016259999999875,19.755533531586966,16.787499999999998,22.7125,1,1,1,1,1484,80,80,1484.0,80.0,1484.0,1484,80,39.54318956069619,22999.301567825503
4258,0,362,0,0,523052,524624,675.919119,677.920564,2.0014449999999897,19.875223216506992,16.787499999999998,22.7125,1,1,1,1,1572,80,80,1572.0,80.0,1572.0,1572,80,39.77916613056186,23681.390195583812
4258,0,363,0,0,524624,526078,677.920564,679.920811,2.000246999999945,20.042979221242508,16.787499999999998,22.7125,1,1,1,1,1454,79,79,1454.0,80.0,1454.0,1454,80,40.090909058351826,23080.649539782473
4258,0,364,0,0,526078,527600,679.920811,681.923088,2.002277000000049,20.14514786903183,16.787499999999998,22.7125,1,1,1,1,1522,80,80,1522.0,80.0,1522.0,1522,80,40.33616623976195,23420.33594752317
4258,0,365,0,0,527600,529170,681.923088,683.924181,2.001092999999969,19.986941574639623,16.787499999999998,22.7125,1,1,1,1,1570,80,80,1570.0,79.0,1570.0,1570,79,39.99572887641989,23366.230355111296
4258,0,366,0,0,529170,530695,683.924181,685.925198,2.001017000000047,20.08022737583875,16.787499999999998,22.7125,1,1,1,1,1525,80,80,1526.0,80.0,1525.0,1525,80,40.18087634291987,23277.66330820723
4258,0,367,0,0,530695,532265,685.925198,687.926552,2.001353999999992,19.855448660777416,16.787499999999998,22.7125,1,1,1,1,1570,80,80,1570.0,80.0,1570.0,1570,80,39.73778159904214,23414.148621383418
4258,0,368,0,0,532265,533000,687.926552,688.820335,0.8937829999999849,19.856249185449656,16.787499999999998,22.7125,1,1,1,1,735,36,36,735.0,36.0,735.0,735,36,17.747177965718947,23888.348737893157
4258,0,369,0,0,533000,534532,688.820335,690.820333,1.999998000000005,20.032634199665516,16.787499999999998,22.7125,1,1,1,1,1532,80,80,1535.0,80.0,1532.0,1532,80,40.06522833406234,23846.523846523785
4258,0,370,0,0,534532,536081,690.820333,692.82219,2.0018569999999727,19.97230780259839,16.787499999999998,22.7125,1,1,1,1,1549,80,80,1549.0,80.0,1549.0,1549,80,39.98170418078553,23650.540473170982
4258,0,371,0,0,536081,537609,692.82219,694.822319,2.0001290000000154,20.025447820478508,16.787499999999998,22.7125,1,1,1,1,1528,80,80,1528.0,80.0,1528.0,1528,80,40.05347892372629,23444.487830534752
4258,0,372,0,0,537609,539150,694.822319,696.823066,2.0007470000000467,19.90287021321508,16.787499999999998,22.7125,1,1,1,1,1541,80,80,1541.0,80.0,1541.0,1541,80,39.82060787048067,23999.536173238736
4258,0,373,0,0,539150,540669,696.823066,698.823234,2.000167999999917,19.880653092349565,16.787499999999998,22.7125,1,1,1,1,1519,80,80,1519.0,80.0,1519.0,1519,80,39.76464613441749,23221.549389852218
4258,0,374,0,0,540669,542283,698.823234,700.827349,2.00411500000007,20.01657184200893,16.787499999999998,22.7125,1,1,1,1,1614,80,80,1614.0,80.0,1614.0,1614,80,40.1155118771494,23538.56939347211
4258,0,375,0,0,542283,543836,700.827349,702.830214,2.002864999999929,20.010475804861738,16.787499999999998,22.7125,1,1,1,1,1553,80,80,1553.0,80.0,1553.0,1553,80,40.07828162290389,23451.905145879362
4258,0,376,0,0,543836,545350,702.830214,704.835565,2.0053510000000188,20.18860498146381,16.787499999999998,22.7125,1,1,1,1,1514,80,80,1514.0,80.0,1514.0,1514,80,40.485239188183186,24083.065757565408
4258,0,377,0,0,545350,546000,704.835565,705.647995,0.812430000000063,20.030428099971147,16.787499999999998,22.7125,1,1,1,1,650,32,32,650.0,32.0,650.0,650,32,16.273320701260673,23715.273931290703
4258,0,378,0,0,546000,547510,705.647995,707.64811,2.000114999999937,20.030223248357448,16.787499999999998,22.7125,1,1,1,1,1510,79,79,1513.0,80.0,1511.0,1510,79,40.06274997238688,23093.17214260253
4258,0,379,0,0,547510,548982,707.64811,709.65155,2.0034400000000687,20.054353347710673,16.787499999999998,22.7125,1,1,1,1,1472,80,80,1471.0,80.0,1471.0,1472,80,40.177693670939334,23328.874336141034
4258,0,380,0,0,548982,550568,709.65155,711.653638,2.002087999999958,19.93619608466512,16.787499999999998,22.7125,1,1,1,1,1586,80,80,1586.0,80.0,1586.0,1586,80,39.91401894675437,24023.919028534714
4258,0,381,0,0,550568,552085,711.653638,713.657733,2.0040950000000066,19.9555737388975,16.787499999999998,22.7125,1,1,1,1,1517,80,80,1517.0,80.0,1517.0,1517,80,39.99286555225626,23280.832495465456
4258,0,382,0,0,552085,553670,713.657733,715.659149,2.0014159999999492,20.11556978563677,16.787499999999998,22.7125,1,1,1,1,1585,80,80,1585.0,80.0,1585.0,1585,80,40.25962321808947,23619.777197744595
4258,0,383,0,0,553670,555200,715.659149,717.659712,2.0005630000000565,19.994685935681392,16.787499999999998,22.7125,1,1,1,1,1530,80,80,1530.0,80.0,1530.0,1530,80,40.00062887954482,23282.94585074236
4258,0,384,0,0,555200,556696,717.659712,719.659869,2.0001569999999447,19.89956785803018,16.787499999999998,22.7125,1,1,1,1,1496,80,80,1496.0,80.0,1496.0,1496,80,39.80225994821376,23006.693974523638
4258,0,385,0,0,556696,558242,719.659869,721.66231,2.00244100000009,20.017170012998974,16.787499999999998,22.7125,1,1,1,1,1546,80,80,1546.0,80.0,1546.0,1546,80,40.083201938001366,23581.219122060465
4258,0,386,0,0,558242,559000,721.66231,722.578329,0.9160190000000057,19.891693300031385,16.787499999999998,22.7125,1,1,1,1,758,37,37,758.0,37.0,758.0,758,37,18.221169005000775,23901.250956584812
4258,0,387,0,0,559000,560562,722.578329,724.579858,2.0015289999998913,19.917710902669935,16.787499999999998,22.7125,1,1,1,1,1562,80,80,1563.0,80.0,1562.0,1562,80,39.865875985307866,23416.098392779993
4258,0,388,0,0,560562,562047,724.579858,726.581074,2.0012159999999994,20.176658101096173,16.787499999999998,22.7125,1,1,1,1,1485,80,80,1485.0,80.0,1485.0,1485,80,40.377851018443835,23946.94026032173
4258,0,389,0,0,562047,563600,726.581074,728.581176,2.0001020000000835,20.16543960352968,16.787499999999998,22.7125,1,1,1,1,1553,80,80,1556.0,80.0,1553.0,1553,80,40.3329360819007,23799.78621090225
4258,0,390,0,0,563600,565170,728.581176,730.582199,2.0010229999999183,20.138437404179488,16.787499999999998,22.7125,1,1,1,1,1570,80,80,1570.0,80.0,1570.0,1570,80,40.29747642982147,24100.17276163341
4258,0,391,0,0,565170,566723,730.582199,732.582195,1.99999600000001,19.932309982573393,16.787499999999998,22.7125,1,1,1,1,1553,80,80,1553.0,80.0,1553.0,1553,80,39.86454023590704,23706.547413094708
4258,0,392,0,0,566723,568226,732.582195,734.58251,2.0003150000000005,20.00766359370296,16.787499999999998,22.7125,1,1,1,1,1503,79,79,1504.0,79.0,1503.0,1503,79,40.02162960143869,23176.84964618072
4258,0,393,0,0,568226,569774,734.58251,736.583068,2.000558000000069,20.022548863706394,16.787499999999998,22.7125,1,1,1,1,1548,80,80,1548.0,80.0,1548.0,1548,80,40.05627030968026,23623.90892940788
4258,0,394,0,0,569774,571348,736.583068,738.583435,2.000366999999983,19.436189368024706,16.787499999999998,22.7125,1,1,1,1,1574,80,80,1574.0,80.0,1574.0,1574,80,38.87951181754761,22646.344395803564
4258,0,395,0,0,571348,572000,738.583435,739.399992,0.8165569999999889,19.64316938190182,16.787499999999998,22.7125,1,1,1,1,652,33,33,652.0,33.0,652.0,652,33,16.0397674609776,23934.642652013597
4258,0,396,0,0,572000,573575,739.399992,741.40031,2.000317999999993,20.159844746298415,16.787499999999998,22.7125,1,1,1,1,1575,80,80,1578.0,80.0,1575.0,1575,80,40.326100323225546,23597.74795807475
4258,0,397,0,0,573575,575091,741.40031,743.400621,2.0003110000000106,19.660617460293043,16.787499999999998,22.7125,1,1,1,1,1516,80,80,1516.0,80.0,1516.0,1516,80,39.32734937261557,22866.444267916217
4258,0,398,0,0,575091,576558,743.400621,745.401827,2.0012060000000247,19.85440363257951,16.787499999999998,22.7125,1,1,1,1,1467,80,80,1467.0,80.0,1467.0,1467,80,39.73275167593965,23033.111034046186
4258,0,399,0,0,576558,578135,745.401827,747.402683,2.000855999999999,19.499811535284145,16.787499999999998,22.7125,1,1,1,1,1577,80,80,1577.0,80.0,1577.0,1577,80,39.01631490924228,22772.253475512494
4258,0,400,0,0,578135,579655,747.402683,749.403148,2.000464999999963,19.697038399133156,16.787499999999998,22.7125,1,1,1,1,1520,80,80,1520.0,80.0,1520.0,1520,80,39.40323592112145,23145.118759888755
4258,0,401,0,0,579655,581155,749.403148,751.406031,2.002882999999997,19.60081190026162,16.787499999999998,22.7125,1,1,1,1,1500,80,80,1500.0,80.0,1500.0,1500,80,39.25813294123145,22920.95943697164
4258,0,402,0,0,581155,582683,751.406031,753.406645,2.0006140000000414,19.855794921474484,16.787499999999998,22.7125,1,1,1,1,1528,80,80,1528.0,80.0,1528.0,1528,80,39.72378130103243,23227.36919765584
4258,0,403,0,0,582683,584257,753.406645,755.406636,1.9999910000000227,19.787730153934163,16.787499999999998,22.7125,1,1,1,1,1574,79,79,1576.0,80.0,1575.0,1574,80,39.57528221829671,23472.105624475043
4258,0,404,0,0,584257,585000,755.406636,756.398644,0.9920079999999416,19.81547717353452,16.787499999999998,22.7125,1,1,1,1,743,40,40,742.0,39.0,742.0,743,39,19.65711187996203,23849.606051565504
4258,0,405,0,0,585000,586582,756.398644,758.400128,2.001484000000005,20.00192053578349,16.787499999999998,22.7125,1,1,1,1,1582,80,80,1586.0,80.0,1582.0,1582,80,40.03352392164197,23549.526251521314
4258,0,406,0,0,586582,588134,758.400128,760.400281,2.0001529999999548,19.901118044151218,16.787499999999998,22.7125,1,1,1,1,1552,80,80,1552.0,80.0,1552.0,1552,80,39.80528095936279,23282.21891025389
4258,0,407,0,0,588134,589629,760.400281,762.40238,2.002099000000044,19.69204863004622,16.787499999999998,22.7125,1,1,1,1,1495,80,80,1495.0,80.0,1495.0,1495,80,39.425430870167474,22855.013663160014
4258,0,408,0,0,589629,591199,762.40238,764.40247,2.00009,19.944510724067534,16.787499999999998,22.7125,1,1,1,1,1570,80,80,1572.0,80.0,1570.0,1570,80,39.890816454100786,23355.948982295795
4258,0,409,0,0,591199,592714,764.40247,766.404418,2.0019479999999703,19.763473226509785,16.787499999999998,22.7125,1,1,1,1,1515,80,80,1515.0,80.0,1515.0,1515,80,39.565445698865005,23017.580876226897
4258,0,410,0,0,592714,594209,766.404418,768.404753,2.0003350000000637,19.812749722501508,16.787499999999998,22.7125,1,1,1,1,1495,80,80,1495.0,80.0,1495.0,1495,80,39.63213671616177,23331.591958346235
4258,0,411,0,0,594209,595697,768.404753,770.40717,2.002416999999923,19.670374692863803,16.787499999999998,22.7125,1,1,1,1,1488,80,80,1488.0,80.0,1488.0,1488,80,39.38829268135851,23124.05458004091
4258,0,412,0,0,595697,597150,770.40717,772.407609,2.0004390000000285,19.67499817238041,16.787499999999998,22.7125,1,1,1,1,1453,80,80,1453.0,80.0,1453.0,1453,80,39.358633668958646,22768.002423467726
4258,0,413,0,0,597150,598000,772.407609,773.590815,1.183206000000041,19.683613238615496,16.787499999999998,22.7125,1,1,1,1,850,47,47,850.0,47.0,850.0,850,47,23.28976928560951,22545.524617014344
4258,0,414,0,0,598000,599593,773.590815,775.591291,2.000475999999935,19.944710039494726,16.787499999999998,22.7125,1,1,1,1,1593,80,80,1593.0,80.0,1593.0,1593,80,39.898913760967844,23814.332188939807
4258,0,415,0,0,599593,601124,775.591291,777.593936,2.0026450000000295,19.5434392114061,16.787499999999998,22.7125,1,1,1,1,1531,80,80,1532.0,80.0,1531.0,1531,80,39.13857081952665,23375.086448171947
4258,0,416,0,0,601124,602650,777.593936,779.59391,1.9999740000000656,19.485715030768667,16.787499999999998,22.7125,1,1,1,1,1526,80,80,1526.0,80.0,1526.0,1526,80,38.97092343294753,23477.805211466977
4258,0,417,0,0,602650,604214,779.59391,781.594703,2.0007929999999305,20.114326343409843,16.787499999999998,22.7125,1,1,1,1,1564,80,80,1564.0,80.0,1564.0,1564,80,40.24460334760806,23554.16077525343
4258,0,418,0,0,604214,605739,781.594703,783.595424,2.0007209999999986,20.051973405871244,16.787499999999998,22.7125,1,1,1,1,1525,80,80,1525.0,80.0,1525.0,1525,80,40.118404284568896,23268.111845679647
4258,0,419,0,0,605739,607282,783.595424,785.595409,1.9999850000000379,19.989780662908622,16.787499999999998,22.7125,1,1,1,1,1543,80,80,1543.0,80.0,1543.0,1543,80,39.97926147910766,23746.6781000853
4258,0,420,0,0,607282,608851,785.595409,787.595444,2.0000350000000253,20.033100726613867,16.787499999999998,22.7125,1,1,1,1,1569,80,80,1569.0,80.0,1569.0,1569,80,40.0669026117539,23737.584592269333
4258,0,421,0,0,608851,610494,787.595444,789.595513,2.0000689999999395,20.03693125848654,16.787499999999998,22.7125,1,1,1,1,1643,79,79,1643.0,80.0,1643.0,1643,80,40.075245065228955,23894.175650940764
4258,0,422,0,0,610494,611000,789.595513,790.231301,0.6357880000000478,20.096541868856054,16.787499999999998,22.7125,1,1,1,1,506,26,26,506.0,25.0,506.0,506,25,12.777140161717398,23946.661465769812
4258,0,423,0,0,611000,612545,790.231301,792.232833,2.0015319999999974,19.930540091150057,16.787499999999998,22.7125,1,1,1,1,1545,80,80,1545.0,80.0,1545.0,1545,80,39.8916137697197,23205.724415098066
4258,0,424,0,0,612545,614106,792.232833,794.234598,2.0017649999999776,20.227811446499764,16.787499999999998,22.7125,1,1,1,1,1561,80,80,1561.0,80.0,1561.0,1561,80,40.49132498020299,23767.525159047407
4258,0,425,0,0,614106,615646,794.234598,796.234569,1.9999709999999595,20.02810882317696,16.787499999999998,22.7125,1,1,1,1,1540,80,80,1540.0,80.0,1540.0,1540,80,40.05563683119726,23438.83986317849
4258,0,426,0,0,615646,617239,796.234569,798.235852,2.0012830000000577,20.120174050213464,16.787499999999998,22.7125,1,1,1,1,1593,80,80,1593.0,80.0,1593.0,1593,80,40.26616228373496,23939.642719194948
4258,0,427,0,0,617239,618757,798.235852,800.235873,2.000020999999947,19.985881563217543,16.787499999999998,22.7125,1,1,1,1,1518,80,80,1518.0,80.0,1518.0,1518,80,39.97218282994618,23001.258486786497
4258,0,428,0,0,618757,620369,800.235873,802.236606,2.000733000000082,19.751453807975178,16.787499999999998,22.7125,1,1,1,1,1612,80,80,1613.0,80.0,1612.0,1612,80,39.51738543159263,24073.676997379473
4258,0,429,0,0,620369,621897,802.236606,804.236776,2.000169999999912,19.905795380010012,16.787499999999998,22.7125,1,1,1,1,1528,79,79,1528.0,79.0,1528.0,1528,79,39.814974745233485,23406.51044661307
4258,0,430,0,0,621897,623257,804.236776,806.239436,2.0026599999999917,16.610495918931587,16.787499999999998,22.7125,1,0,0,1,1360,80,80,1360.0,81.0,1360.0,1360,81,33.265175757007455,19883.554872020297
4258,0,431,0,0,623257,623340,806.239436,808.241715,2.002279000000044,0.9899208067994548,16.787499999999998,22.7125,1,0,0,0,83,80,80,83.0,80.0,83.0,83,80,1.9820976431183226,496.93374399870254
4258,0,432,0,0,623340,623426,808.241715,810.24399,2.002275000000054,0.9926805437620366,16.787499999999998,22.7125,1,0,0,0,86,80,80,86.0,80.0,86.0,86,80,1.9876194357602799,498.4330324256024
4258,0,433,0,0,623426,623512,810.24399,812.246267,2.0022769999999355,0.9921593399498341,16.787499999999998,22.7125,1,0,0,0,86,80,80,86.0,80.0,86.0,86,80,1.986577826715802,486.9456124202752
4258,0,434,0,0,623512,623595,812.246267,814.248543,2.0022760000000517,0.9934607495756836,16.787499999999998,22.7125,1,0,0,0,83,80,80,83.0,80.0,83.0,83,80,1.9891826158182084,457.47938845592535
4258,0,435,0,0,623595,623680,814.248543,816.250819,2.002275999999938,0.9903903664184538,16.787499999999998,22.7125,1,0,0,0,85,80,80,85.0,80.0,85.0,85,80,1.9830348613104434,474.95949609346036
4258,0,436,0,0,623680,623766,816.250819,818.253097,2.0022780000000466,0.9931997469469979,16.787499999999998,22.7125,1,0,0,0,86,80,80,86.0,80.0,86.0,86,80,1.9886620029174082,485.4470757806745
4258,0,437,0,0,623766,623851,818.253097,820.255372,2.0022749999999405,0.9977805047737912,16.787499999999998,22.7125,1,0,0,0,85,80,80,85.0,80.0,85.0,85,80,1.9978309601956425,517.4114444819172
4258,0,438,0,0,623851,623940,820.255372,822.257649,2.002277000000049,0.9987164261294923,16.787499999999998,22.7125,1,0,0,0,89,80,80,89.0,80.0,89.0,89,80,1.9997069295604888,503.42684853293287
4258,0,439,0,0,623940,624000,822.257649,823.709312,1.4516629999999395,1.0002870053105646,16.787499999999998,22.7125,1,0,0,0,60,58,58,60.0,58.0,60.0,60,58,1.4520796349897864,494.60515284885673
4258,0,440,0,0,624000,624141,823.709312,825.711575,2.0022630000000845,1.5907374181646896,16.787499999999998,22.7125,1,0,0,0,141,80,80,141.0,80.0,141.0,141,80,3.1850746751060797,1520.7792382918085
4258,0,441,0,0,624141,624412,825.711575,827.713854,2.0022789999999304,2.7346764318608754,16.787499999999998,22.7125,1,0,0,1,271,80,80,271.0,80.0,271.0,271,80,5.475585191310529,3403.122142318946
4258,0,442,0,0,624412,624659,827.713854,829.71613,2.0022760000000517,2.7298925259960876,16.787499999999998,22.7125,1,0,0,1,247,80,80,247.0,80.0,247.0,247,80,5.465998287381808,3379.6539538004877
4258,0,443,0,0,624659,625021,829.71613,831.718406,2.002275999999938,3.7431710082896235,16.787499999999998,22.7125,1,0,0,1,362,80,80,362.0,80.0,362.0,362,80,7.4948614737932076,4680.673393678139
4258,0,444,0,0,625021,625433,831.718406,833.719803,2.001396999999997,4.70378792101745,16.787499999999998,22.7125,1,0,0,1,412,80,80,412.0,79.0,412.0,412,79,9.414147033759946,5835.423956366486
4258,0,445,0,0,625433,626036,833.719803,835.720168,2.000364999999988,7.0451699840490685,16.787499999999998,22.7125,1,0,0,1,603,80,80,603.0,80.0,603.0,603,80,14.092911455141802,8595.931242548286
4258,0,446,0,0,626036,626811,835.720168,837.724602,2.0044340000000602,9.358181437645971,16.787499999999998,22.7125,1,0,0,1,775,80,80,775.0,80.0,775.0,775,80,18.75785705178714,11254.0497716559
4258,0,447,0,0,626811,627714,837.724602,839.726678,2.002075999999988,11.279571255073769,16.787499999999998,22.7125,1,0,0,1,903,80,80,903.0,80.0,903.0,903,80,22.5825589000724,13463.52486119416
4258,0,448,0,0,627714,628928,839.726678,841.727179,2.0005009999999857,14.969102242545429,16.787499999999998,22.7125,1,0,0,1,1214,80,80,1215.0,80.0,1214.0,1214,80,29.945704005314838,17754.552484602733
4258,0,449,0,0,628928,630172,841.727179,843.727355,2.0001760000000104,16.719291631585058,16.787499999999998,22.7125,1,0,0,1,1244,80,80,1244.0,80.0,1244.0,1244,80,33.4415258584977,19499.784019006227
4258,0,450,0,0,630172,631598,843.727355,845.727772,2.0004169999999704,18.180681916285867,16.787499999999998,22.7125,1,1,0,1,1426,80,80,1426.0,80.0,1426.0,1426,80,36.36894517692963,21111.098335997256
4258,0,451,0,0,631598,633015,845.727772,847.728118,2.000346000000036,19.30277900487316,16.787499999999998,22.7125,1,1,1,1,1417,80,80,1417.0,80.0,1417.0,1417,80,38.61223677128328,23256.976543057634
4258,0,452,0,0,633015,634518,847.728118,849.730756,2.002638000000047,19.362439023681713,16.787499999999998,22.7125,1,1,1,1,1503,80,80,1503.0,80.0,1503.0,1503,80,38.775956161509384,22860.34720203997
4258,0,453,0,0,634518,635991,849.730756,851.734519,2.0037629999999353,19.43477452398965,16.787499999999998,22.7125,1,1,1,1,1473,80,80,1473.0,80.0,1473.0,1473,80,38.94268210451264,22469.723215770253
4258,0,454,0,0,635991,637000,851.734519,853.090359,1.3558400000000574,19.80859664050487,16.787499999999998,22.7125,1,1,1,1,1009,54,54,1009.0,54.0,1009.0,1009,54,26.857287669063226,23402.46636771201
4258,0,455,0,0,637000,638560,853.090359,855.090407,2.0000479999999925,19.708972033749102,16.787499999999998,22.7125,1,1,1,1,1560,79,79,1564.0,80.0,1560.0,1560,79,39.418890098157135,23219.942721374773
4258,0,456,0,0,638560,640073,855.090407,857.095044,2.0046370000000024,20.120305715514487,16.787499999999998,22.7125,1,1,1,1,1513,80,80,1513.0,80.0,1513.0,1513,80,40.33390928863082,23517.474734827276
4258,0,457,0,0,640073,641592,857.095044,859.09514,2.000095999999985,19.81306254723983,16.787499999999998,22.7125,1,1,1,1,1519,80,80,1519.0,80.0,1519.0,1519,80,39.62802714848294,23473.87325408398
4258,0,458,0,0,641592,643079,859.09514,861.096951,2.001810999999975,19.976093705553534,16.787499999999998,22.7125,1,1,1,1,1487,80,80,1487.0,80.0,1487.0,1487,80,39.98836411680895,22992.180580484655
4258,0,459,0,0,643079,644642,861.096951,863.097463,2.000511999999958,19.66475542186218,16.787499999999998,22.7125,1,1,1,1,1563,80,80,1563.0,80.0,1563.0,1563,80,39.33957919849854,22870.14524281832
4258,0,460,0,0,644642,646114,863.097463,865.098087,2.000624000000016,19.673040272141407,16.787499999999998,22.7125,1,1,1,1,1472,80,80,1472.0,80.0,1472.0,1472,80,39.35835652141395,23233.25122561742
4258,0,461,0,0,646114,647617,865.098087,867.101416,2.003329000000008,19.928906174112207,16.787499999999998,22.7125,1,1,1,1,1503,80,80,1503.0,80.0,1503.0,1503,80,39.92415567687931,23055.623913995063
4258,0,462,0,0,647617,649061,867.101416,869.104159,2.0027430000000095,19.61423923848878,16.787499999999998,22.7125,1,1,1,1,1444,80,80,1444.0,80.0,1444.0,1444,80,39.28228033521009,23446.842655298147
4258,0,463,0,0,649061,650000,869.104159,870.26228,1.158121000000051,19.8714326454708,16.787499999999998,22.7125,1,1,1,1,939,47,47,939.0,47.0,939.0,939,47,23.013523446807085,23643.470759962725
4258,0,464,0,0,650000,651437,870.26228,872.264506,2.0022259999999505,19.560082999196823,16.787499999999998,22.7125,1,1,1,1,1437,79,79,1438.0,80.0,1437.0,1437,80,39.163706743147486,23021.37720716899
4258,0,465,0,0,651437,653025,872.264506,874.266767,2.002260999999976,19.635984180038918,16.787499999999998,22.7125,1,1,1,1,1588,80,80,1589.0,80.0,1589.0,1588,79,39.31636532030825,23335.61908262737
4258,0,466,0,0,653025,654542,874.266767,876.269058,2.002291000000014,19.696267411404808,16.787499999999998,22.7125,1,1,1,1,1517,80,80,1516.0,80.0,1516.0,1517,81,39.4376589714484,23314.792904727474
4258,0,467,0,0,654542,656030,876.269058,878.271335,2.002277000000049,19.759997116523994,16.787499999999998,22.7125,1,1,1,1,1488,80,80,1488.0,80.0,1488.0,1488,80,39.564987746482075,22623.74286874338
4258,0,468,0,0,656030,657554,878.271335,880.271892,2.000556999999958,19.713902421897906,16.787499999999998,22.7125,1,1,1,1,1524,80,80,1524.0,79.0,1524.0,1524,79,39.438785487443965,23568.936051310207
4258,0,469,0,0,657554,659124,880.271892,882.271878,1.9999860000000353,19.71520387357275,16.787499999999998,22.7125,1,1,1,1,1570,80,80,1570.0,80.0,1570.0,1570,80,39.430131734290626,23287.16301014066
4258,0,470,0,0,659124,660525,882.271878,884.274369,2.0024909999999636,19.451577007331416,16.787499999999998,22.7125,1,1,1,1,1401,80,80,1401.0,80.0,1401.0,1401,80,38.95160789298825,22329.68837313167
4258,0,471,0,0,660525,662059,884.274369,886.276706,2.0023370000000114,19.667614294697163,16.787499999999998,22.7125,1,1,1,1,1534,80,80,1534.0,80.0,1534.0,1534,80,39.38119180400099,23377.683177207302
4258,0,472,0,0,662059,663000,886.276706,887.506413,1.2297069999999621,19.632967748840244,16.787499999999998,22.7125,1,1,1,1,941,49,49,941.0,49.0,941.0,941,49,24.142797871521907,23117.702021701818
4258,0,473,0,0,663000,664423,887.506413,889.506888,2.0004750000000513,19.493956906345012,16.787499999999998,22.7125,1,1,1,1,1423,79,79,1426.0,80.0,1423.0,1423,79,38.99717344222154,22900.56111673419
4258,0,474,0,0,664423,665973,889.506888,891.508727,2.001839000000018,19.83907702260064,16.787499999999998,22.7125,1,1,1,1,1550,80,80,1550.0,80.0,1550.0,1550,80,39.71463810784553,23104.755177613974
4258,0,475,0,0,665973,667521,891.508727,893.513027,2.004299999999944,19.769879239161206,16.787499999999998,22.7125,1,1,1,1,1548,80,80,1548.0,80.0,1548.0,1548,80,39.624768959049106,23255.001746246224
4258,0,476,0,0,667521,669002,893.513027,895.513712,2.0006850000000895,19.487868476578676,16.787499999999998,22.7125,1,1,1,1,1481,80,80,1481.0,80.0,1481.0,1481,80,38.989086143064924,22700.22517287727
4258,0,477,0,0,669002,670545,895.513712,897.514109,2.000396999999907,19.70968198485297,16.787499999999998,22.7125,1,1,1,1,1543,80,80,1543.0,80.0,1543.0,1543,80,39.42718871345278,22787.97658664861
4258,0,478,0,0,670545,672051,897.514109,899.514542,2.0004330000000436,19.55619102405102,16.787499999999998,22.7125,1,1,1,1,1506,80,80,1507.0,80.0,1507.0,1506,80,39.120849878814624,23272.461512082125
4258,0,479,0,0,672051,673542,899.514542,901.514511,1.9999689999999646,19.8096715904435,16.787499999999998,22.7125,1,1,1,1,1491,79,79,1490.0,80.0,1490.0,1491,79,39.618729081066704,23200.359605574296
4258,0,480,0,0,673542,675103,901.514511,903.515033,2.0005220000000463,19.925296525740116,16.787499999999998,22.7125,1,1,1,1,1561,80,80,1561.0,80.0,1561.0,1561,80,39.86099405626737,23221.939073901172
4258,0,481,0,0,675103,676000,903.515033,904.681346,1.1663129999999455,19.387188176528408,16.787499999999998,22.7125,1,1,1,1,897,47,47,897.0,47.0,897.0,897,47,22.61152960373147,22615.712934693544
4258,0,482,0,0,676000,677500,904.681346,906.681418,2.0000720000000456,19.82543676921907,16.787499999999998,22.7125,1,1,1,1,1500,80,80,1505.0,80.0,1500.0,1500,80,39.65230096988671,23602.650304588497
4258,0,483,0,0,677500,679030,906.681418,908.681888,2.0004699999999502,19.532601894926955,16.787499999999998,22.7125,1,1,1,1,1530,80,80,1530.0,80.0,1530.0,1530,80,39.074384112744156,23262.033422146375
4258,0,484,0,0,679030,680508,908.681888,910.683094,2.0012060000000247,19.57021530240436,16.787499999999998,22.7125,1,1,1,1,1478,79,79,1478.0,79.0,1478.0,1478,79,39.164032284465065,22909.18576098584
4258,0,485,0,0,680508,682120,910.683094,912.684687,2.001593000000071,19.82072053429318,16.787499999999998,22.7125,1,1,1,1,1612,80,80,1612.0,80.0,1612.0,1612,80,39.67301547639727,23363.39105902066
4258,0,486,0,0,682120,683621,912.684687,914.6857,2.0010129999999435,19.71471299255566,16.787499999999998,22.7125,1,1,1,1,1501,80,80,1501.0,80.0,1501.0,1501,80,39.44939698937014,23091.804001274006
4258,0,487,0,0,683621,685155,914.6857,916.688224,2.002523999999994,19.91722361957001,16.787499999999998,22.7125,1,1,1,1,1534,80,80,1534.0,80.0,1534.0,1534,80,39.884718311554025,23399.46986902536
4258,0,488,0,0,685155,686658,916.688224,918.688919,2.0006950000000643,19.69672307160164,16.787499999999998,22.7125,1,1,1,1,1503,80,80,1503.0,80.0,1503.0,1503,80,39.40713536573821,23084.478143844273
4258,0,489,0,0,686658,688156,918.688919,920.691017,2.0020979999999327,19.589321502068003,16.787499999999998,22.7125,1,1,1,1,1498,80,80,1498.0,80.0,1498.0,1498,80,39.21974140064776,22783.600003596996
4258,0,490,0,0,688156,689000,920.691017,921.836578,1.1455610000000434,19.538264940165533,16.787499999999998,22.7125,1,1,1,1,844,46,46,844.0,46.0,844.0,844,46,22.382274323121237,22190.87416558266
4258,0,491,0,0,689000,690549,921.836578,923.83788,2.0013020000000097,19.546324752714057,16.787499999999998,22.7125,1,1,1,1,1549,80,80,1551.0,80.0,1549.0,1549,80,39.11809882025773,23332.31066575648
4258,0,492,0,0,690549,692036,923.83788,925.841349,2.0034689999999955,19.752307273913924,16.787499999999998,22.7125,1,1,1,1,1487,80,80,1487.0,80.0,1487.0,1487,80,39.573135301761795,22804.944823204205
4258,0,493,0,0,692036,693551,925.841349,927.84178,2.000430999999935,19.69278614149451,16.787499999999998,22.7125,1,1,1,1,1515,80,80,1515.0,80.0,1515.0,1515,80,39.39405987381542,23017.539720191045
4258,0,494,0,0,693551,695205,927.84178,929.845375,2.0035950000000184,20.25127215329853,16.787499999999998,22.7125,1,1,1,1,1654,80,80,1654.0,80.0,1654.0,1654,80,40.575347629986936,24223.957436507655
4258,0,495,0,0,695205,696898,929.845375,931.846171,2.0007960000000367,20.24022322016707,16.787499999999998,22.7125,1,1,1,1,1693,80,80,1693.0,80.0,1693.0,1693,80,40.49655765801799,23972.95876241212
4258,0,496,0,0,696898,698459,931.846171,933.846779,2.000607999999943,20.014553176751786,16.787499999999998,22.7125,1,1,1,1,1561,80,80,1561.0,80.0,1561.0,1561,80,40.04127520183465,23646.3115212982
4258,0,497,0,0,698459,700004,933.846779,935.847089,2.000310000000013,20.238687015703746,16.787499999999998,22.7125,1,1,1,1,1545,80,80,1545.0,80.0,1545.0,1545,80,40.483648024383,24065.26988316795
4258,0,498,0,0,700004,701496,935.847089,937.84716,2.000071000000048,20.150432443799062,16.787499999999998,22.7125,1,1,1,1,1492,80,80,1492.0,80.0,1492.0,1492,80,40.302295568300906,23274.673749081347
4258,0,499,0,0,701496,702000,937.84716,938.515611,0.6684510000000046,20.008853522833277,16.787499999999998,22.7125,1,1,1,1,504,27,27,504.0,27.0,504.0,504,27,13.374938146193017,22941.09815079923
4258,0,500,0,0,702000,703581,938.515611,940.516346,2.0007349999999633,20.13250709008844,16.787499999999998,22.7125,1,1,1,1,1581,79,79,1582.0,79.0,1581.0,1581,79,40.27981157288741,23674.299694862573
4258,0,501,0,0,703581,705131,940.516346,942.519379,2.0030329999999594,20.062759033855123,16.787499999999998,22.7125,1,1,1,1,1550,80,80,1551.0,81.0,1551.0,1550,80,40.18636841585976,23503.856401767196
4258,0,502,0,0,705131,706700,942.519379,944.520101,2.000721999999996,19.990664362037805,16.787499999999998,22.7125,1,1,1,1,1569,80,80,1568.0,79.0,1568.0,1569,80,39.99576198374416,23767.41996139398
4258,0,503,0,0,706700,708264,944.520101,946.523938,2.0038370000000896,19.933158477358813,16.787499999999998,22.7125,1,1,1,1,1564,80,80,1564.0,81.0,1564.0,1564,81,39.94280048379733,23202.985073136148
4258,0,504,0,0,708264,709762,946.523938,948.525113,2.0011749999999893,19.954472476554233,16.787499999999998,22.7125,1,1,1,1,1498,80,80,1498.0,79.0,1498.0,1498,79,39.932391458267375,23166.389746024335
4258,0,505,0,0,709762,711355,948.525113,950.525611,2.0004979999999932,20.099554751452555,16.787499999999998,22.7125,1,1,1,1,1593,80,80,1593.0,80.0,1593.0,1593,80,40.209119081169774,23475.154686483143
4258,0,506,0,0,711355,712958,950.525611,952.52639,2.000778999999966,19.936979392885046,16.787499999999998,22.7125,1,1,1,1,1603,80,80,1603.0,80.0,1603.0,1603,80,39.88948969271587,22950.560756585703
4258,0,507,0,0,712958,714619,952.52639,954.527707,2.001316999999972,19.789689233778628,16.787499999999998,22.7125,1,1,1,1,1661,80,80,1661.0,80.0,1661.0,1661,80,39.6054414882783,23537.500555884282
4258,0,508,0,0,714619,715000,954.527707,955.014523,0.48681600000008984,19.65663149940619,16.787499999999998,22.7125,1,1,1,1,381,20,20,381.0,20.0,381.0,381,20,9.56916272001763,23721.488200876447
4258,0,509,0,0,715000,716534,955.014523,957.017221,2.0026979999998957,19.89381353323876,16.787499999999998,22.7125,1,1,1,1,1534,80,80,1538.0,80.0,1534.0,1534,80,39.84130057538641,23227.166552322127
4258,0,510,0,0,716534,718047,957.017221,959.017765,2.0005440000001045,19.99294685208029,16.787499999999998,22.7125,1,1,1,1,1513,80,80,1513.0,80.0,1513.0,1513,80,39.996769867251714,23445.12292656275
4258,0,511,0,0,718047,719538,959.017765,961.018257,2.0004919999998947,19.831002827239054,16.787499999999998,22.7125,1,1,1,1,1491,80,80,1491.0,80.0,1491.0,1491,80,39.67176250786724,22921.86122214056
4258,0,512,0,0,719538,721165,961.018257,963.019714,2.001457000000073,19.884736613067396,16.787499999999998,22.7125,1,1,1,1,1627,80,80,1627.0,80.0,1627.0,1627,80,39.79844528738249,23498.38142912802
4258,0,513,0,0,721165,722771,963.019714,965.019965,2.0002509999999347,19.975635268309016,16.787499999999998,22.7125,1,1,1,1,1606,79,79,1606.0,80.0,1606.0,1606,80,39.95628442107045,23790.01435319945
4258,0,514,0,0,722771,724369,965.019965,967.020644,2.000678999999991,19.955257527310373,16.787499999999998,22.7125,1,1,1,1,1598,80,80,1598.0,79.0,1598.0,1598,79,39.92406467448018,23511.51783969353
4258,0,515,0,0,724369,725941,967.020644,969.020719,2.000075000000038,19.95867313592979,16.787499999999998,22.7125,1,1,1,1,1572,80,80,1572.0,80.0,1572.0,1572,80,39.91884317234508,23574.11597065065
4258,0,516,0,0,725941,727437,969.020719,971.021861,2.001141999999959,19.97911501264714,16.787499999999998,22.7125,1,1,1,1,1496,80,80,1496.0,80.0,1496.0,1496,80,39.98104617463832,22747.01145645883
4258,0,517,0,0,727437,728000,971.021861,971.771278,0.7494170000001077,19.80493730641672,16.787499999999998,22.7125,1,1,1,1,563,30,30,563.0,30.0,563.0,563,30,14.842156701364729,22933.82722836222
4258,0,518,0,0,728000,729550,971.771278,973.774179,2.0029009999999516,19.929586192693847,16.787499999999998,22.7125,1,1,1,1,1550,80,80,1551.0,80.0,1550.0,1550,80,39.91698811493188,23194.85586157335
4258,0,519,0,0,729550,731080,973.774179,975.776093,2.0019139999999425,20.174374474363216,16.787499999999998,22.7125,1,1,1,1,1530,80,80,1531.0,80.0,1530.0,1530,80,40.3873627014691,23494.016226471944
4258,0,520,0,0,731080,732637,975.776093,977.777929,2.0018360000000257,20.173331272846777,16.787499999999998,22.7125,1,1,1,1,1557,80,80,1557.0,80.0,1557.0,1557,80,40.38370078190928,23238.167362361055
4258,0,521,0,0,732637,734228,977.777929,979.780552,2.0026229999999714,20.0261907772417,16.787499999999998,22.7125,1,1,1,1,1591,80,80,1591.0,80.0,1591.0,1591,80,40.104910252892296,23246.012854142125
4258,0,522,0,0,734228,735736,979.780552,981.781571,2.001019000000042,20.116554509454296,16.787499999999998,22.7125,1,1,1,1,1508,80,80,1508.0,80.0,1508.0,1508,80,40.25360778795584,23412.571294924743
4258,0,523,0,0,735736,737379,981.781571,983.782806,2.001235000000065,20.189172821345366,16.787499999999998,22.7125,1,1,1,1,1643,80,80,1643.0,80.0,1643.0,1643,80,40.40327927112594,24275.01018121231
4258,0,524,0,0,737379,738906,983.782806,985.786089,2.0032829999998967,20.140329117140887,16.787499999999998,22.7125,1,1,1,1,1527,80,80,1527.0,80.0,1527.0,1527,80,40.346778934770555,23786.45453488222
4258,0,525,0,0,738906,740439,985.786089,987.789108,2.0030190000001085,19.903037116799663,16.787499999999998,22.7125,1,1,1,1,1533,80,80,1535.0,80.0,1533.0,1533,80,39.86616150265763,23495.034245804683
4258,0,526,0,0,740439,741000,987.789108,988.576182,0.7870739999999614,20.064531985497236,16.787499999999998,22.7125,1,1,1,1,561,32,32,561.0,32.0,561.0,561,32,15.79227144795368,23085.50403138827
4258,0,527,0,0,741000,742549,988.576182,990.578702,2.002520000000004,20.60192707152514,16.787499999999998,22.7125,1,1,1,1,1549,80,80,1556.0,80.0,1549.0,1549,80,41.25577099926886,23993.268481712992
4258,0,528,0,0,742549,744106,990.578702,992.581899,2.003197,20.3390561797366,16.787499999999998,22.7125,1,1,1,1,1557,80,80,1557.0,80.0,1557.0,1557,80,40.7431363220785,23831.904700336512
4258,0,529,0,0,744106,745748,992.581899,994.582596,2.0006969999999455,20.429177284014663,16.787499999999998,22.7125,1,1,1,1,1642,80,80,1643.0,80.0,1642.0,1642,80,40.87259370459651,24009.132817213856
4258,0,530,0,0,745748,747331,994.582596,996.583409,2.0008129999999937,20.434930415905306,16.787499999999998,22.7125,1,1,1,1,1583,79,79,1583.0,80.0,1583.0,1583,79,40.886474430237286,23676.375553337642
4258,0,531,0,0,747331,748863,996.583409,998.584033,2.000624000000016,20.234759357768553,16.787499999999998,22.7125,1,1,1,1,1532,80,80,1532.0,80.0,1532.0,1532,80,40.48214520537658,23655.619446732428
4258,0,532,0,0,748863,750472,998.584033,1000.584561,2.000528000000031,20.36713380877795,16.787499999999998,22.7125,1,1,1,1,1609,79,79,1609.0,79.0,1609.0,1609,79,40.74502146420855,24099.637695647973
4258,0,533,0,0,750472,752009,1000.584561,1002.586349,2.001788000000033,20.206499739133893,16.787499999999998,22.7125,1,1,1,1,1537,80,80,1538.0,80.0,1537.0,1537,80,40.449128699801804,23846.181513726333
4258,0,534,0,0,752009,753555,1002.586349,1004.586637,2.000287999999955,20.335225818969445,16.787499999999998,22.7125,1,1,1,1,1546,80,80,1546.0,80.0,1546.0,1546,80,40.676308182974026,23840.566958358533
4258,0,535,0,0,753555,754000,1004.586637,1005.17399,0.5873530000000073,20.397849259883536,16.787499999999998,22.7125,1,1,1,1,445,24,24,445.0,24.0,445.0,445,24,11.980737956338999,24363.54287796235
4258,0,536,0,0,754000,755591,1005.17399,1007.176949,2.0029590000000326,20.51057580768738,16.787499999999998,22.7125,1,1,1,1,1591,80,80,1592.0,80.0,1591.0,1591,80,41.08184240919218,24386.919552521646
4258,0,537,0,0,755591,757113,1007.176949,1009.177026,2.0000769999999193,20.28650362122127,16.787499999999998,22.7125,1,1,1,1,1522,80,80,1522.0,80.0,1522.0,1522,80,40.574569303218595,23870.08100188239
4258,0,538,0,0,757113,758730,1009.177026,1011.177989,2.0009630000000698,20.344417508649823,16.787499999999998,22.7125,1,1,1,1,1617,80,80,1617.0,80.0,1617.0,1617,80,40.70842669136255,24183.35571422276
4258,0,539,0,0,758730,760335,1011.177989,1013.178434,2.0004450000000134,20.084664138940425,16.787499999999998,22.7125,1,1,1,1,1605,80,80,1605.0,80.0,1605.0,1605,80,40.17826595342194,23536.76307021672
4258,0,540,0,0,760335,761922,1013.178434,1015.179558,2.0011240000000043,19.937688789661866,16.787499999999998,22.7125,1,1,1,1,1587,80,80,1591.0,80.0,1587.0,1587,80,39.89778754152212,23556.761100261603
4258,0,541,0,0,761922,763514,1015.179558,1017.180274,2.0007160000000113,20.22628596284599,16.787499999999998,22.7125,1,1,1,1,1592,80,80,1592.0,80.0,1592.0,1592,80,40.46705394644232,23545.07086463033
4258,0,542,0,0,763514,765082,1017.180274,1019.181545,2.0012709999999743,20.21354469398316,16.787499999999998,22.7125,1,1,1,1,1568,79,79,1568.0,80.0,1568.0,1568,80,40.45278080327262,23837.85104566079
4258,0,543,0,0,765082,766577,1019.181545,1021.181676,2.0001310000000103,19.825170186842918,16.787499999999998,22.7125,1,1,1,1,1495,80,80,1495.0,79.0,1495.0,1495,79,39.65293747097894,22960.49608750615
4258,0,544,0,0,766577,767000,1021.181676,1021.738387,0.5567109999999502,19.87266536617806,16.787499999999998,22.7125,1,1,1,1,423,23,23,423.0,23.0,423.0,423,23,11.06333140866991,23182.58486001023
4258,0,545,0,0,767000,768544,1021.738387,1023.742211,2.0038240000000087,19.930894543720058,16.787499999999998,22.7125,1,1,1,1,1544,80,80,1545.0,80.0,1544.0,1544,80,39.9380048281746,23267.512516069175
4258,0,546,0,0,768544,770093,1023.742211,1025.743201,2.0009900000000016,19.59480305295142,16.787499999999998,22.7125,1,1,1,1,1549,80,80,1549.0,80.0,1549.0,1549,80,39.209004960925085,23478.3782027896
4258,0,547,0,0,770093,771664,1025.743201,1027.743848,2.000647000000072,19.55547383719203,16.787499999999998,22.7125,1,1,1,1,1571,80,80,1571.0,80.0,1571.0,1571,80,39.12360006595918,23514.89293213561
4258,0,548,0,0,771664,773146,1027.743848,1029.745049,2.0012010000000373,19.66591327402284,16.787499999999998,22.7125,1,1,1,1,1482,80,80,1482.0,80.0,1482.0,1482,80,39.35544530988773,22518.47765416825
4258,0,549,0,0,773146,774664,1029.745049,1031.745546,2.0004969999999958,19.643545898996273,16.787499999999998,22.7125,1,1,1,1,1518,79,79,1518.0,79.0,1518.0,1518,79,39.29685464030263,23180.739586212876
4258,0,550,0,0,774664,776214,1031.745546,1033.746648,2.001101999999946,19.819861093466237,16.787499999999998,22.7125,1,1,1,1,1550,80,80,1550.0,80.0,1550.0,1550,80,39.66156367385702,23740.419029115597
4258,0,551,0,0,776214,777734,1033.746648,1035.747389,2.000741000000062,19.603102930274122,16.787499999999998,22.7125,1,1,1,1,1520,80,80,1520.0,80.0,1520.0,1520,80,39.22073175982223,23489.797030199585
4258,0,552,0,0,777734,779287,1035.747389,1037.747393,2.00000399999999,19.886539749479734,16.787499999999998,22.7125,1,1,1,1,1553,80,80,1553.0,80.0,1553.0,1553,80,39.77315904511852,23205.45358909294
4258,0,553,0,0,779287,780000,1037.747393,1038.705938,0.9585449999999582,19.72384825910151,16.787499999999998,22.7125,1,1,1,1,713,39,39,713.0,39.0,713.0,713,39,18.90619612951923,23359.362366921716
4258,0,554,0,0,780000,781527,1038.705938,1040.706017,2.0000789999999142,19.628856070053732,16.787499999999998,22.7125,1,1,1,1,1527,79,79,1531.0,80.0,1527.0,1527,80,39.25926281973443,23185.584169426304
4258,0,555,0,0,781527,783047,1040.706017,1042.708294,2.002277000000049,19.77727451820385,16.787499999999998,22.7125,1,1,1,1,1520,80,80,1520.0,80.0,1520.0,1520,80,39.59958189048484,23083.219754309153
4258,0,556,0,0,783047,784590,1042.708294,1044.708396,2.00010199999997,19.83113342713768,16.787499999999998,22.7125,1,1,1,1,1543,80,80,1543.0,79.0,1543.0,1543,79,39.66428962988357,22504.85225253546
4258,0,557,0,0,784590,786160,1044.708396,1046.710914,2.002518000000009,19.79703190871389,16.787499999999998,22.7125,1,1,1,1,1570,80,80,1570.0,80.0,1570.0,1570,80,39.6439127437734,23093.92474874123
4258,0,558,0,0,786160,787777,1046.710914,1048.714868,2.0039540000000216,19.837787644228317,16.787499999999998,22.7125,1,1,1,1,1617,80,80,1617.0,80.0,1617.0,1617,80,39.75401390080151,23812.921853495383
4258,0,559,0,0,787777,789290,1048.714868,1050.715685,2.00081699999987,19.949207342685305,16.787499999999998,22.7125,1,1,1,1,1513,80,80,1513.0,80.0,1513.0,1513,80,39.9147131877653,23185.028915689447
4258,0,560,0,0,789290,790859,1050.715685,1052.717763,2.0020780000002105,19.71432048059972,16.787499999999998,22.7125,1,1,1,1,1569,80,80,1569.0,80.0,1569.0,1569,80,39.469607319162606,23546.535149976695
4258,0,561,0,0,790859,792356,1052.717763,1054.71954,2.0017769999999473,19.823705169946184,16.787499999999998,22.7125,1,1,1,1,1497,80,80,1497.0,80.0,1497.0,1497,80,39.6826370639792,23148.93217376422
4258,0,562,0,0,792356,793000,1054.71954,1055.570702,0.8511619999999311,20.095518506756903,16.787499999999998,22.7125,1,1,1,1,644,34,34,644.0,34.0,644.0,644,34,17.104541723245347,23373.928817312815
4258,0,563,0,0,793000,794592,1055.570702,1057.572287,2.0015849999999773,20.058601568833147,16.787499999999998,22.7125,1,1,1,1,1592,80,80,1595.0,80.0,1592.0,1592,80,40.148996021151106,23834.11146666294
4258,0,564,0,0,794592,796177,1057.572287,1059.57678,2.0044930000001386,20.034354218838377,16.787499999999998,22.7125,1,1,1,1,1585,80,80,1585.0,80.0,1585.0,1585,80,40.15872279118412,23560.571176849575
4258,0,565,0,0,796177,797759,1059.57678,1061.577628,2.0008479999999054,19.761422108990867,16.787499999999998,22.7125,1,1,1,1,1582,80,80,1582.0,80.0,1582.0,1582,80,39.539601903929,23258.138549256215
4258,0,566,0,0,797759,799339,1061.577628,1063.582029,2.004400999999916,19.923236829153627,16.787499999999998,22.7125,1,1,1,1,1580,80,80,1580.0,81.0,1580.0,1580,81,39.93415582359012,23582.10757228817
4258,0,567,0,0,799339,800926,1063.582029,1065.584306,2.002277000000049,19.864546212833716,16.787499999999998,22.7125,1,1,1,1,1587,80,80,1587.0,80.0,1587.0,1587,80,39.77432399739337,23340.426923946514
4258,0,568,0,0,800926,802454,1065.584306,1067.584459,2.0001529999999548,19.98837822297282,16.787499999999998,22.7125,1,1,1,1,1528,80,80,1528.0,79.0,1528.0,1528,79,39.9798146678113,23292.718107065335
4258,0,569,0,0,802454,803977,1067.584459,1069.585368,2.0009090000000924,20.122024262333003,16.787499999999998,22.7125,1,1,1,1,1523,80,80,1523.0,80.0,1523.0,1523,80,40.262339444721874,23450.841592495126
4258,0,570,0,0,803977,805512,1069.585368,1071.585966,2.000598000000082,19.61818853913981,16.787499999999998,22.7125,1,1,1,1,1535,80,80,1535.0,80.0,1535.0,1535,80,39.248108755025896,23181.06886040979
4258,0,571,0,0,805512,806000,1071.585966,1072.219416,0.6334499999998116,19.563845591602377,16.787499999999998,22.7125,1,1,1,1,488,26,26,488.0,26.0,488.0,488,26,12.392717989998346,23439.89265136067
4258,0,572,0,0,806000,807490,1072.219416,1074.219507,2.0000910000001113,19.539236386698107,16.787499999999998,22.7125,1,1,1,1,1490,80,80,1490.0,80.0,1490.0,1490,80,39.08025084390829,23046.95136371167
4258,0,573,0,0,807490,808929,1074.219507,1076.221403,2.001895999999988,19.751749799042038,16.787499999999998,22.7125,1,1,1,1,1439,79,79,1439.0,80.0,1439.0,1439,80,39.54094891570276,22918.273476744183
4258,0,574,0,0,808929,810537,1076.221403,1078.222367,2.0009640000000672,19.780648742622684,16.787499999999998,22.7125,1,1,1,1,1608,80,80,1608.0,79.0,1608.0,1608,79,39.58036603063374,22785.017621505667
4258,0,575,0,0,810537,812005,1078.222367,1080.223525,2.001158000000032,19.536887035914283,16.787499999999998,22.7125,1,1,1,1,1468,80,80,1468.0,80.0,1468.0,1468,80,39.09639778701603,22773.8139617158
4258,0,576,0,0,812005,813545,1080.223525,1082.224685,2.0011599999997998,19.6237715541698,16.787499999999998,22.7125,1,1,1,1,1540,80,80,1540.0,80.0,1540.0,1540,80,39.270306683338276,23103.599912053323
4258,0,577,0,0,813545,815086,1082.224685,1084.225064,2.0003790000000663,19.510405986411293,16.787499999999998,22.7125,1,1,1,1,1541,80,80,1541.0,80.0,1541.0,1541,80,39.02820641669314,22765.185997252767
4258,0,578,0,0,815086,816577,1084.225064,1086.22515,2.0000860000000102,19.42060693505414,16.787499999999998,22.7125,1,1,1,1,1491,80,79,1491.0,80.0,1491.0,1491,79,38.84288404230392,23297.498207576955
4258,0,579,0,0,816577,818114,1086.22515,1088.22583,2.000680000000102,19.43427233698452,16.787499999999998,22.7125,1,1,1,1,1537,80,80,1537.0,80.0,1537.0,1537,80,38.88175997916187,23108.14323130018
4258,0,580,0,0,818114,819000,1088.22583,1089.352488,1.1266579999999067,19.661521387914988,16.787499999999998,22.7125,1,1,1,1,886,45,45,886.0,45.0,886.0,886,45,22.15181036386275,23127.692698229774
4258,0,581,0,0,819000,820531,1089.352488,1091.352619,2.0001310000000103,19.714465757249492,16.787499999999998,22.7125,1,1,1,1,1531,80,80,1533.0,80.0,1531.0,1531,80,39.431514109513955,23361.969790978572
4258,0,582,0,0,820531,822114,1091.352619,1093.355127,2.0025080000000344,19.73692605456885,16.787499999999998,22.7125,1,1,1,1,1583,80,80,1583.0,80.0,1583.0,1583,80,39.52335231968391,23466.572917560974
4258,0,583,0,0,822114,823561,1093.355127,1095.355545,2.000417999999854,19.761149106146462,16.787499999999998,22.7125,1,1,1,1,1447,80,80,1447.0,80.0,1447.0,1447,80,39.530558372614905,22971.19901940662
4258,0,584,0,0,823561,825066,1095.355545,1097.355511,1.9999660000000858,19.53909102012638,16.787499999999998,22.7125,1,1,1,1,1505,80,80,1505.0,80.0,1505.0,1505,80,39.07751771116091,22990.390836643237
4258,0,585,0,0,825066,826582,1097.355511,1099.357362,2.001850999999988,19.51603210781419,16.787499999999998,22.7125,1,1,1,1,1516,80,80,1516.0,80.0,1516.0,1516,80,39.06818839105836,23074.644416592582
4258,0,586,0,0,826582,828151,1099.357362,1101.359289,2.0019270000000233,19.76248139543972,16.787499999999998,22.7125,1,1,1,1,1569,80,80,1569.0,80.0,1569.0,1569,80,39.56304509252732,22849.984040376832
4258,0,587,0,0,828151,829574,1101.359289,1103.359307,2.0000179999999546,19.56687782651513,16.787499999999998,22.7125,1,1,1,1,1423,80,80,1423.0,80.0,1423.0,1423,80,39.13410785682936,22474.79772682097
4258,0,588,0,0,829574,831142,1103.359307,1105.359275,1.9999680000000808,19.461702506964247,16.787499999999998,22.7125,1,1,1,1,1568,80,80,1568.0,80.0,1568.0,1568,80,38.92278223944959,22819.865117840964
4258,0,589,0,0,831142,832000,1105.359275,1106.555901,1.1966259999999238,19.68967318828628,16.787499999999998,22.7125,1,1,1,1,858,47,47,858.0,48.0,858.0,858,48,23.56117486860603,22853.42287398213
4258,0,590,0,0,832000,833553,1106.555901,1108.557158,2.0012570000001233,19.932679751798013,16.787499999999998,22.7125,1,1,1,1,1553,80,80,1554.0,79.0,1553.0,1553,79,39.89041488204748,23908.97321033583
4258,0,591,0,0,833553,835088,1108.557158,1110.558563,2.001404999999977,19.830165578088724,16.787499999999998,22.7125,1,1,1,1,1535,80,80,1535.0,80.0,1535.0,1535,80,39.6881925388152,23201.201156188046
4258,0,592,0,1,835088,836552,1110.558563,1112.558738,2.0001749999998992,19.3939938588793,16.787499999999998,22.7125,1,1,1,1,1464,80,80,1464.0,80.0,1464.0,1464,80,38.88760256593014,22823.58506809912
4258,0,593,1,1,836552,838138,1112.558738,1114.560141,2.001402999999982,19.6899272324684,16.787499999999998,22.7125,1,1,1,1,1586,80,80,1586.0,80.0,1586.0,1586,80,39.40747943284441,23541.485647818266
4258,0,594,1,1,838138,839650,1114.560141,1116.563883,2.003742000000102,19.642413446753356,16.787499999999998,22.7125,1,1,1,1,1512,80,80,1512.0,80.0,1512.0,1512,80,39.35832880462476,22854.738783734465
4258,0,595,1,1,839650,841184,1116.563883,1118.566036,2.0021529999999075,19.42563198576569,16.787499999999998,22.7125,1,1,1,1,1534,80,80,1534.0,80.0,1534.0,1534,80,38.89308735719533,23192.033775641594
4258,0,596,1,1,841184,842735,1118.566036,1120.566032,1.99999600000001,19.444552416457032,16.787499999999998,22.7125,1,1,1,1,1551,80,80,1551.0,80.0,1551.0,1551,80,38.889027054705366,22792.045584091054
4258,0,597,1,1,842735,844268,1120.566032,1122.568348,2.0023160000000644,19.53506616684904,16.787499999999998,22.7125,1,1,1,1,1533,80,80,1533.0,80.0,1533.0,1533,80,39.11537554694223,23234.09491808411
4258,0,598,1,1,844268,845000,1122.568348,1123.535907,0.9675589999999374,20.09488460569917,16.787499999999998,22.7125,1,1,1,1,732,39,39,732.0,39.0,732.0,732,39,19.442986454203492,23535.515663645805
4258,0,599,1,1,845000,846557,1123.535907,1125.536446,2.000539000000117,19.881585291995748,16.787499999999998,22.7125,1,1,1,1,1557,80,80,1558.0,80.0,1557.0,1557,80,39.77388675846669,23522.660642955347
4258,0,600,1,1,846557,848079,1125.536446,1127.542128,2.005681999999979,19.63882157097843,16.787499999999998,22.7125,1,1,1,1,1522,80,80,1523.0,80.0,1522.0,1522,80,39.389230926120945,23057.493660510732
4258,0,601,1,1,848079,849603,1127.542128,1129.543052,2.000923999999941,19.563364520007248,16.787499999999998,22.7125,1,1,1,1,1524,80,80,1524.0,80.0,1524.0,1524,80,39.1448055888286,22999.874058185796
4258,0,602,1,1,849603,851080,1129.543052,1131.544622,2.0015699999999015,19.68408364246083,16.787499999999998,22.7125,1,1,1,1,1477,80,80,1477.0,80.0,1477.0,1477,80,39.3990712962368,22990.45249479272
4258,0,603,1,1,851080,852593,1131.544622,1133.546141,2.001519000000144,19.686454485685847,16.787499999999998,22.7125,1,1,1,1,1513,80,80,1513.0,80.0,1513.0,1513,80,39.40281269573825,23225.360338820996
4258,0,604,1,1,852593,854069,1133.546141,1135.546543,2.0004019999998945,19.43673817123972,16.787499999999998,22.7125,1,1,1,1,1476,80,80,1476.0,80.0,1476.0,1476,80,38.881289911223575,22929.89109189174
4258,0,605,1,1,854069,855654,1135.546543,1137.547787,2.0012440000000424,19.735108721736967,16.787499999999998,22.7125,1,1,1,1,1585,80,80,1585.0,80.0,1585.0,1585,80,39.49476791872439,24158.473429526322
4258,0,606,1,1,855654,857193,1137.547787,1139.548505,2.000718000000006,19.786494668732715,16.787499999999998,22.7125,1,1,1,1,1539,80,80,1539.0,80.0,1539.0,1539,80,39.58719604063663,23525.554325996894
4258,0,607,1,1,857193,858000,1139.548505,1140.610655,1.0621499999999742,19.774681157987406,16.787499999999998,22.7125,1,1,1,1,807,42,42,807.0,42.0,807.0,807,42,21.00367759195433,23789.483594596444
4258,0,608,1,1,858000,859479,1140.610655,1142.61077,2.0001150000000507,19.982815325150707,16.787499999999998,22.7125,1,1,1,1,1479,80,80,1482.0,80.0,1479.0,1479,80,39.96792867406475,23602.64284803564
4258,0,609,1,1,859479,861046,1142.61077,1144.610946,2.0001760000000104,20.06165666778404,16.787499999999998,22.7125,1,1,1,1,1567,80,80,1567.0,80.0,1567.0,1567,80,40.12684418714343,23515.430642103373
4258,0,610,1,1,861046,862589,1144.610946,1146.615125,2.004179000000022,19.807402948419337,16.787499999999998,22.7125,1,1,1,1,1543,80,80,1543.0,80.0,1543.0,1543,80,39.6975810337608,23623.638407547172
4258,0,611,1,1,862589,864140,1146.615125,1148.616201,2.001076000000012,20.05412589350248,16.787499999999998,22.7125,1,1,1,1,1551,80,80,1552.0,80.0,1552.0,1551,80,40.12983002646797,23270.98021264546
4258,0,612,1,1,864140,865673,1148.616201,1150.616639,2.000438000000031,19.936594888219954,16.787499999999998,22.7125,1,1,1,1,1533,80,80,1532.0,80.0,1532.0,1533,80,39.88192200500271,23834.780183139523
4258,0,613,1,1,865673,867205,1150.616639,1152.618675,2.002035999999862,20.10898327009962,16.787499999999998,22.7125,1,1,1,1,1532,80,80,1533.0,80.0,1532.0,1532,80,40.25890843013258,23743.329290783622
4258,0,614,1,1,867205,868726,1152.618675,1154.618679,2.00000399999999,19.888050635277384,16.787499999999998,22.7125,1,1,1,1,1521,80,80,1521.0,80.0,1521.0,1521,80,39.77618082275876,23489.95302009408
4258,0,615,1,1,868726,870266,1154.618679,1156.619517,2.000838000000158,19.98837078709108,16.787499999999998,22.7125,1,1,1,1,1540,80,80,1540.0,80.0,1540.0,1540,80,39.99349182890364,23290.24138885623
4258,0,616,1,1,870266,871000,1156.619517,1157.57819,0.9586729999998624,19.943187596452123,16.787499999999998,22.7125,1,1,1,1,734,38,38,734.0,38.0,734.0,734,38,19.11899548265137,24020.703618442683
4258,0,617,1,1,871000,872523,1157.57819,1159.579178,2.0009880000000067,20.197733944522515,16.787499999999998,22.7125,1,1,1,1,1523,80,80,1525.0,80.0,1523.0,1523,80,40.41542325018236,23629.82686552835
4258,0,618,1,1,872523,874058,1159.579178,1161.579827,2.0006490000000667,19.69482782127538,16.787499999999998,22.7125,1,1,1,1,1535,80,80,1536.0,80.0,1535.0,1535,80,39.40243758580982,23290.442251488614
4258,0,619,1,1,874058,875587,1161.579827,1163.580596,2.000768999999991,19.91510049480284,16.787499999999998,22.7125,1,1,1,1,1529,80,80,1529.0,80.0,1529.0,1529,80,39.84551570188705,23525.954270583064
4258,0,620,1,1,875587,877142,1163.580596,1165.583519,2.00292300000001,20.060208700670024,16.787499999999998,22.7125,1,1,1,1,1555,80,80,1555.0,80.0,1555.0,1555,80,40.1790533913736,23355.366132397387
4258,0,621,1,1,877142,878729,1165.583519,1167.584372,2.0008530000000064,20.09899101191614,16.787499999999998,22.7125,1,1,1,1,1587,80,80,1588.0,80.0,1587.0,1587,80,40.21512646316478,23907.30353504223
4258,0,622,1,1,878729,880274,1167.584372,1169.585552,2.0011799999999766,19.912143156783948,16.787499999999998,22.7125,1,1,1,1,1545,80,80,1545.0,80.0,1545.0,1545,80,39.84778264249326,23601.575070708557
4258,0,623,1,1,880274,881787,1169.585552,1171.586027,2.0004750000000513,19.937323525080856,16.787499999999998,22.7125,1,1,1,1,1513,80,80,1513.0,80.0,1513.0,1513,80,39.88411727883795,23107.511965907503
4258,0,624,1,1,881787,883375,1171.586027,1173.588726,2.002698999999893,20.292504993646254,16.787499999999998,22.7125,1,1,1,1,1588,80,80,1588.0,80.0,1588.0,1588,80,40.63977945826991,24057.035031226646
4258,0,625,1,1,883375,884000,1173.588726,1174.388621,0.7998950000001059,20.00093278432487,16.787499999999998,22.7125,1,1,1,1,625,32,32,625.0,32.0,625.0,625,32,15.99864612951933,23810.62514454707
4258,0,626,1,1,884000,885469,1174.388621,1176.38994,2.0013189999999668,20.00329348185131,16.787499999999998,22.7125,1,1,1,1,1469,80,80,1470.0,80.0,1469.0,1469,80,40.03297130780629,23143.237035175687
4258,0,627,1,1,885469,887051,1176.38994,1178.390254,2.0003139999998893,20.246825283338367,16.787499999999998,22.7125,1,1,1,1,1582,80,80,1582.0,80.0,1582.0,1582,80,40.500008069811884,23697.279527115556
4258,0,628,1,1,887051,888598,1178.390254,1180.390226,1.9999720000000707,20.182628524705276,16.787499999999998,22.7125,1,1,1,1,1547,80,80,1547.0,80.0,1547.0,1547,80,40.364691935814335,24147.338062732026
4258,0,629,1,1,888598,890140,1180.390226,1182.391587,2.001361000000088,19.75973797673673,16.787499999999998,22.7125,1,1,1,1,1542,79,79,1542.0,79.0,1542.0,1542,79,39.54636895686053,23373.59426909885
4258,0,630,1,1,890140,891704,1182.391587,1184.39432,2.0027330000000347,19.8015868535087,16.787499999999998,22.7125,1,1,1,1,1564,80,80,1564.0,80.0,1564.0,1564,80,39.657291443887516,23362.575041205786
4258,0,631,1,1,891704,893245,1184.39432,1186.394835,2.0005149999999503,19.6328494638956,16.787499999999998,22.7125,1,1,1,1,1541,80,80,1544.0,80.0,1541.0,1541,80,39.27580984526503,23470.45635748853
4258,0,632,1,1,893245,894760,1186.394835,1188.39629,2.0014549999998508,19.891316071050454,16.787499999999998,22.7125,1,1,1,1,1515,80,80,1515.0,80.0,1515.0,1515,80,39.81157400698066,23583.343117883498
4258,0,633,1,1,894760,896323,1188.39629,1190.396348,2.000058000000081,19.74206094183448,16.787499999999998,22.7125,1,1,1,1,1563,80,80,1564.0,80.0,1564.0,1563,80,39.48526692320593,23108.829843933592
4258,0,634,1,1,896323,897000,1190.396348,1191.266173,0.8698249999999916,19.935838416606043,16.787499999999998,22.7125,1,1,1,1,677,35,35,676.0,35.0,676.0,677,35,17.340690650722536,23188.572413991544
4258,0,635,1,1,897000,898544,1191.266173,1193.266574,2.0004010000000108,19.963838109008584,16.787499999999998,22.7125,1,1,1,1,1544,80,80,1544.0,80.0,1544.0,1544,80,39.935681717099214,23614.76523956934
4258,0,636,1,1,898544,898976,1193.266574,1195.281771,2.0151969999999437,6.077863787511437,16.787499999999998,22.7125,1,0,0,1,432,80,80,432.0,81.0,432.0,432,81,12.248092871002882,6501.101381155473
4258,0,637,1,1,898976,899059,1195.281771,1197.284048,2.002277000000049,0.9877359087968138,16.787499999999998,22.7125,1,0,0,0,83,80,80,83.0,80.0,83.0,83,80,1.9777208922569116,480.95243565199837
4258,0,638,1,1,899059,899149,1197.284048,1199.286323,2.002275000000054,0.987320380657894,16.787499999999998,22.7125,1,0,0,0,90,80,80,90.0,80.0,90.0,90,80,1.9768869151812396,500.4307600104745
4258,0,639,1,1,899149,899236,1199.286323,1201.2886,2.002277000000049,0.986330818901163,16.787499999999998,22.7125,1,0,0,0,87,80,80,87.0,80.0,87.0,87,80,1.9749075130785059,495.4359461752673
4258,0,640,1,1,899236,899319,1201.2886,1203.290877,2.002276999999822,0.9879440702629266,16.787499999999998,22.7125,1,0,0,0,83,80,80,83.0,80.0,83.0,83,80,1.978137689173309,471.463239102324
4258,0,641,1,1,899319,899403,1203.290877,1205.293152,2.002275000000054,0.987632623168815,16.787499999999998,22.7125,1,0,0,0,84,80,80,84.0,80.0,84.0,84,80,1.9775121105558355,467.46825486008396
4258,0,642,1,1,899403,899488,1205.293152,1207.29543,2.002277999999933,0.9857059379128821,16.787499999999998,22.7125,1,0,0,0,85,80,80,85.0,80.0,85.0,85,80,1.9736573139525717,503.42659710591323
4258,0,643,1,1,899488,899572,1207.29543,1209.297707,2.002277000000049,0.9872675454982637,16.787499999999998,22.7125,1,0,0,0,84,80,80,84.0,80.0,84.0,84,80,1.9767830991986557,482.4507298440607
4258,0,644,1,1,899572,899656,1209.297707,1211.299983,2.0022760000001654,0.9857067310937062,16.787499999999998,22.7125,1,0,0,0,84,80,80,84.0,80.0,84.0,84,80,1.9736569307060563,468.96631633197546
4258,0,645,1,1,899656,899738,1211.299983,1213.302259,2.002275999999938,0.9857067310937963,16.787499999999998,22.7125,1,0,0,0,82,80,80,82.0,80.0,82.0,82,80,1.9736569307060563,479.9538125613201
4258,0,646,1,1,899738,899823,1213.302259,1215.304537,2.002277999999933,0.9854977765508222,16.787499999999998,22.7125,1,0,0,0,85,80,80,85.0,80.0,85.0,85,80,1.9732405170361744,469.465279047181
4258,0,647,1,1,899823,899905,1215.304537,1217.306815,2.002277999999933,0.9864865430206073,16.787499999999998,22.7125,1,0,0,0,82,80,80,82.0,80.0,82.0,82,80,1.9752203023854236,464.9703987158782
4258,0,648,1,1,899905,900047,1217.306815,1219.307775,2.0009600000000773,1.5634761356019873,16.787499999999998,22.7125,1,0,0,0,142,80,80,142.0,79.0,142.0,142,79,3.1284532082936494,1516.7719494641985
4258,0,649,1,1,900047,900316,1219.307775,1221.310461,2.0026860000000397,2.7669903794560278,16.787499999999998,22.7125,1,0,0,1,269,80,80,269.0,80.0,269.0,269,80,5.541412895072426,3554.72600297793
4258,0,650,1,1,900316,900591,1221.310461,1223.312853,2.0023919999998725,2.7586262268486283,16.787499999999998,22.7125,1,0,0,1,275,80,80,275.0,80.0,275.0,275,80,5.523851087629737,3529.2789823373496
4258,0,651,1,1,900591,900943,1223.312853,1225.31481,2.001957000000175,3.493642995961173,16.787499999999998,22.7125,1,0,0,1,352,80,80,352.0,80.0,352.0,352,80,6.994123051266797,4227.363524790622
4258,0,652,1,1,900943,901336,1225.31481,1227.318194,2.003383999999869,4.270580948734498,16.787499999999998,22.7125,1,0,0,1,393,80,80,393.0,81.0,393.0,393,81,8.555613543398067,5287.054304117779
4258,0,653,1,1,901336,901974,1227.318194,1229.320471,2.002277000000049,7.164979453376269,16.787499999999998,22.7125,1,0,0,1,638,80,80,638.0,80.0,638.0,638,80,14.346273564970033,8934.82769866485
4258,0,654,1,1,901974,902698,1229.320471,1231.322702,2.002230999999938,8.917795390291687,16.787499999999998,22.7125,1,0,0,1,724,80,80,724.0,79.0,724.0,724,79,17.855486382097297,10689.07633534825
4258,0,655,1,1,902698,902914,1231.322702,1231.856551,0.5338490000001457,10.894192433978501,16.787499999999998,22.7125,1,0,0,1,216,22,22,216.0,22.0,216.0,216,22,5.8158537366871315,12870.680660632735
