run,component,index,segment_start,segment_end,ev_start,ev_end,t_start,t_end,dt,current,low,high,covered,nominal,stable,beam2,N,E_raw,E_tight,S,D,A,N_alt,E_alt,charge_uC,s1x_rate
4485,0,0,0,0,1,2034,0.000596,2.001078,2.0004820000000003,39.184465390251276,33.7875,45.7125,1,1,1,1,2033,80,80,2033.0,80.0,2033.0,2033,80,78.38781769282066,44705.72592005326
4485,0,1,0,0,2034,4068,2.001078,4.001119,2.000041,39.4087511181534,33.7875,45.7125,1,1,1,1,2034,80,80,2035.0,80.0,2034.0,2034,80,78.81911799510264,45002.077457412124
4485,0,2,0,0,4068,6116,4.001119,6.001384,2.0002649999999997,39.45806696789606,33.7875,45.7125,1,1,1,1,2048,79,79,2048.0,80.0,2048.0,2048,80,78.92659032353862,46160.38374915325
4485,0,3,0,0,6116,8257,6.001384,8.002069,2.0006850000000007,39.529769364662585,33.7875,45.7125,1,1,1,1,2141,80,80,2142.0,79.0,2141.0,2141,79,79.08661662134,46045.72933770182
4485,0,4,0,0,8257,10398,8.002069,10.00205,1.999981,39.45176403105182,33.7875,45.7125,1,1,1,1,2141,80,80,2142.0,80.0,2141.0,2141,80,78.90277847858704,46269.43955967582
4485,0,5,0,0,10398,12468,10.00205,12.002133,2.000083,39.49373209675964,33.7875,45.7125,1,1,1,1,2070,80,80,2071.0,80.0,2070.0,2070,80,78.99074217328331,45742.601682030196
4485,0,6,0,0,12468,13000,12.002133,12.518159,0.5160260000000001,39.48163716312586,33.7875,45.7125,1,1,1,1,532,21,21,532.0,21.0,532.0,532,21,20.373551298739187,46210.84984089948
4485,0,7,0,0,13000,15011,12.518159,14.518285,2.000126,39.48710446173641,33.7875,45.7125,1,1,1,1,2011,80,80,2012.0,80.0,2011.0,2011,80,78.97918429863495,45695.62117586593
4485,0,8,0,0,15011,17080,14.518285,16.518637,2.0003519999999977,39.480529145324155,33.7875,45.7125,1,1,1,1,2069,80,80,2070.0,80.0,2070.0,2069,80,78.97495543690741,45826.93445953517
4485,0,9,0,0,17080,19111,16.518637,18.51904,2.000403000000002,39.728044664426776,33.7875,45.7125,1,1,1,1,2031,80,80,2030.0,80.0,2030.0,2031,80,79.47209973085342,46511.1280077064
4485,0,10,0,0,19111,21210,18.51904,20.519645,2.000605,39.90441909739518,33.7875,45.7125,1,1,1,1,2099,80,80,2101.0,80.0,2099.0,2099,80,79.83298036834424,46128.04626600453
4485,0,11,0,0,21210,23169,20.519645,22.519615,1.9999700000000011,39.44854133893594,33.7875,45.7125,1,1,1,1,1959,79,79,1960.0,79.0,1959.0,1959,79,78.8958992216318,46037.19055785834
4485,0,12,0,0,23169,25239,22.519615,24.521277,2.0016619999999996,40.180533932642504,33.7875,45.7125,1,1,1,1,2070,80,80,2071.0,80.0,2071.0,2070,80,80.42784791268105,46618.26022575241
4485,0,13,0,0,25239,26000,24.521277,25.252386,0.731109,39.969982914898914,33.7875,45.7125,1,1,1,1,761,29,29,762.0,30.0,760.0,761,29,29.222414238928877,46377.48953986341
4485,0,14,0,0,26000,28053,25.252386,27.252964,2.0005779999999973,39.968550315488,33.7875,45.7125,1,1,1,1,2053,80,80,2060.0,80.0,2053.0,2053,80,79.96020245305817,45325.90081466462
4485,0,15,0,0,28053,30105,27.252964,29.253148,2.000184000000001,39.45465600972149,33.7875,45.7125,1,1,1,1,2052,80,80,2053.0,80.0,2052.0,2052,80,78.9165716761488,46003.26769937164
4485,0,16,0,0,30105,32172,29.253148,31.253114,1.9999660000000006,39.84177022840168,33.7875,45.7125,1,1,1,1,2067,79,79,2067.0,79.0,2067.0,2067,79,79.68218583661564,46553.29140595389
4485,0,17,0,0,32172,34265,31.253114,33.254923,2.001808999999998,39.892505680784325,33.7875,45.7125,1,1,1,1,2093,80,80,2094.0,80.0,2093.0,2093,80,79.85717690434512,47003.48534750323
4485,0,18,0,0,34265,36220,33.254923,35.257687,2.002763999999999,39.60667250825912,33.7875,45.7125,1,1,1,1,1955,80,80,1955.0,80.0,1955.0,1955,80,79.32281785933105,45183.55632515865
4485,0,19,0,0,36220,38343,35.257687,37.257947,2.0002600000000044,40.1317776662358,33.7875,45.7125,1,1,1,1,2123,80,80,2126.0,80.0,2123.0,2123,80,80.27398959466495,47092.37799086109
4485,0,20,0,0,38343,39000,37.257947,37.819894,0.5619469999999964,39.97203899922944,33.7875,45.7125,1,1,1,1,657,23,23,660.0,23.0,657.0,657,23,22.462167399499776,47552.52719562552
4485,0,21,0,0,39000,41042,37.819894,39.821719,2.0018250000000037,40.06739578877624,33.7875,45.7125,1,1,1,1,2042,80,80,2045.0,80.0,2042.0,2042,80,80.20791457486712,46259.28839933552
4485,0,22,0,0,41042,43147,39.821719,41.824076,2.0023569999999964,40.081519505120326,33.7875,45.7125,1,1,1,1,2105,80,80,2107.0,80.0,2105.0,2105,80,80.25751115171397,47518.49944840014
4485,0,23,0,0,43147,45212,41.824076,43.826349,2.0022730000000024,39.8725331544413,33.7875,45.7125,1,1,1,1,2065,79,79,2067.0,80.0,2065.0,2065,79,79.83569657674275,45910.322918003636
4485,0,24,0,0,45212,47229,43.826349,45.827103,2.0007540000000006,39.732149593024275,33.7875,45.7125,1,1,1,1,2017,80,80,2018.0,80.0,2018.0,2017,80,79.49425722684168,45785.73877648125
4485,0,25,0,0,47229,49266,45.827103,47.829324,2.0022209999999987,39.69375921860804,33.7875,45.7125,1,1,1,1,2037,80,80,2037.0,80.0,2036.0,2037,80,79.47567827644048,46612.23711068861
4485,0,26,0,0,49266,51329,47.829324,49.829314,1.9999899999999968,39.25517083092351,33.7875,45.7125,1,1,1,1,2063,80,80,2063.0,80.0,2063.0,2063,80,78.50994911013868,45552.22776113888
4485,0,27,0,0,51329,52000,49.829314,50.487228,0.6579140000000052,39.52437089625625,33.7875,45.7125,1,1,1,1,671,26,26,671.0,26.0,671.0,671,26,26.00363695383976,45150.277999859805
4485,0,28,0,0,52000,54107,50.487228,52.489786,2.0025580000000005,39.682428635065726,33.7875,45.7125,1,1,1,1,2107,80,80,2107.0,80.0,2107.0,2107,80,79.46636492257994,46357.7084908402
4485,0,29,0,0,54107,56120,52.489786,54.490126,2.0003399999999942,39.361893726581755,33.7875,45.7125,1,1,1,1,2013,79,79,2020.0,80.0,2013.0,2013,79,78.73717049703055,45714.72849615579
4485,0,30,0,0,56120,58200,54.490126,56.490113,1.9999870000000044,39.543394267292406,33.7875,45.7125,1,1,1,1,2080,80,80,2081.0,80.0,2080.0,2080,80,79.08627447045956,45808.2977539353
4485,0,31,0,0,58200,60236,56.490113,58.492855,2.002741999999998,39.75507391900875,33.7875,45.7125,1,1,1,1,2036,80,80,2036.0,80.0,2036.0,2036,80,79.61915625070333,45813.68943178907
4485,0,32,0,0,60236,62234,58.492855,60.494478,2.001623000000002,39.61966612020777,33.7875,45.7125,1,1,1,1,1998,80,80,2000.0,80.0,1998.0,1998,80,79.30363495852862,45956.70613297304
4485,0,33,0,0,62234,64312,60.494478,62.495013,2.0005349999999993,39.79950179753926,33.7875,45.7125,1,1,1,1,2078,80,80,2079.0,80.0,2078.0,2078,80,79.62029632854001,46465.570459901995
4485,0,34,0,0,64312,65000,62.495013,63.146424,0.6514110000000031,39.54640191840275,33.7875,45.7125,1,1,1,1,688,26,26,688.0,26.0,688.0,688,26,25.760961220068566,45909.57168362195
4485,0,35,0,0,65000,67051,63.146424,65.147185,2.00076099999999,39.074347563414605,33.7875,45.7125,1,1,1,1,2051,80,80,2053.0,80.0,2051.0,2051,80,78.17843070532444,45241.28569079488
4485,0,36,0,0,67051,69131,65.147185,67.148293,2.001108000000002,39.63158362606385,33.7875,45.7125,1,1,1,1,2080,80,80,2081.0,80.0,2080.0,2080,80,79.30707904678547,46350.821644808726
4485,0,37,0,0,69131,71196,67.148293,69.150625,2.0023320000000098,39.46785401290743,33.7875,45.7125,1,1,1,1,2065,80,80,2065.0,80.0,2065.0,2065,80,79.02774706137325,45414.04722094016
4485,0,38,0,0,71196,73111,69.150625,71.151108,2.0004829999999885,39.76511216966467,33.7875,45.7125,1,1,1,1,1915,79,79,1916.0,80.0,1915.0,1915,79,79.54943088850678,44541.243289745784
4485,0,39,0,0,73111,75193,71.151108,73.152552,2.0014440000000064,39.92421501664324,33.7875,45.7125,1,1,1,1,2082,79,79,2084.0,79.0,2082.0,2082,79,79.90608059977058,46419.485131734735
4485,0,40,0,0,75193,77209,73.152552,75.155003,2.0024509999999935,39.813119379031384,33.7875,45.7125,1,1,1,1,2016,80,80,2017.0,81.0,2017.0,2016,80,79.72382071366064,46181.40468855433
4485,0,41,0,0,77209,78000,75.155003,75.930093,0.7750900000000058,40.455310032377525,33.7875,45.7125,1,1,1,1,791,31,31,790.0,30.0,790.0,791,31,31.356506252995587,46882.2975396402
4485,0,42,0,0,78000,80198,75.930093,77.930334,2.0002410000000026,39.52427990002484,33.7875,45.7125,1,1,1,1,2198,79,79,2202.0,80.0,2198.0,2198,79,79.05808515150557,46300.92073905088
4485,0,43,0,0,80198,82169,77.930334,79.932982,2.0026479999999935,39.485590707579235,33.7875,45.7125,1,1,1,1,1971,80,80,1971.0,80.0,1971.0,1971,80,79.07573925935185,45317.99896936471
4485,0,44,0,0,82169,84200,79.932982,81.932945,1.9999630000000082,39.4192940145196,33.7875,45.7125,1,1,1,1,2031,80,80,2032.0,80.0,2031.0,2031,80,78.837129515161,45988.350784489325
4485,0,45,0,0,84200,86265,81.932945,83.933371,2.0004259999999903,39.472825142991006,33.7875,45.7125,1,1,1,1,2065,80,80,2065.0,80.0,2065.0,2065,80,78.96246570949234,46024.19684607201
4485,0,46,0,0,86265,88321,83.933371,85.93488,2.001509000000013,39.62956469355308,33.7875,45.7125,1,1,1,1,2056,80,80,2057.0,80.0,2056.0,2056,80,79.31893040022942,44968.07158998507
4485,0,47,0,0,88321,90420,85.93488,87.935002,2.0001219999999904,39.59241784979904,33.7875,45.7125,1,1,1,1,2099,80,80,2099.0,80.0,2099.0,2099,80,79.18966597457529,46446.16678382641
4485,0,48,0,0,90420,91000,87.935002,88.499435,0.5644330000000082,39.65080387337545,33.7875,45.7125,1,1,1,1,580,23,23,580.0,23.0,580.0,580,23,22.380222182661328,45546.59277540404
4485,0,49,0,0,91000,93059,88.499435,90.503222,2.0037869999999884,39.67604379208439,33.7875,45.7125,1,1,1,1,2059,80,80,2063.0,80.0,2059.0,2059,80,79.50234076200877,46007.38501647158
4485,0,50,0,0,93059,95135,90.503222,92.503394,2.0001720000000063,39.44686891698584,33.7875,45.7125,1,1,1,1,2076,80,80,2076.0,80.0,2076.0,2076,80,78.90052269542548,46033.54111546392
4485,0,51,0,0,95135,97197,92.503394,94.504693,2.001299000000003,39.825253059511134,33.7875,45.7125,1,1,1,1,2062,80,80,2062.0,80.0,2062.0,2062,80,79.7022391227465,46486.30714351022
4485,0,52,0,0,97197,99340,94.504693,96.508624,2.0039309999999944,39.86902874987532,33.7875,45.7125,1,1,1,1,2143,80,80,2144.0,80.0,2143.0,2143,80,79.89478265176604,46701.20877415453
4485,0,53,0,0,99340,101392,96.508624,98.508975,2.000351000000009,40.176269138174426,33.7875,45.7125,1,1,1,1,2052,80,80,2054.0,80.0,2052.0,2052,80,80.36664014681674,46423.85261386605
4485,0,54,0,0,101392,103464,98.508975,100.509414,2.000439,39.56862047716652,33.7875,45.7125,1,1,1,1,2072,80,80,2072.0,80.0,2072.0,2072,80,79.15461157872232,45720.464358073405
4485,0,55,0,0,103464,104000,100.509414,101.071019,0.5616050000000001,39.533531552789746,33.7875,45.7125,1,1,1,1,536,22,22,536.0,22.0,536.0,536,22,22.20222898770453,45955.78743066745
4485,0,56,0,0,104000,106104,101.071019,103.071274,2.0002549999999957,39.77160250533211,33.7875,45.7125,1,1,1,1,2104,80,80,2107.0,80.0,2104.0,2104,80,79.55334676930306,46793.03388817936
4485,0,57,0,0,106104,108150,103.071274,105.071976,2.000702000000004,39.671773393326085,33.7875,45.7125,1,1,1,1,2046,80,80,2047.0,80.0,2046.0,2046,80,79.37139637157406,45858.90352486268
4485,0,58,0,0,108150,110081,105.071976,107.075815,2.0038389999999993,39.52759972850537,33.7875,45.7125,1,1,1,1,1931,80,80,1931.0,80.0,1931.0,1931,80,79.20694591236861,46271.681507346664
4485,0,59,0,0,110081,112099,107.075815,109.078044,2.002229,39.37812512138821,33.7875,45.7125,1,1,1,1,2018,80,80,2019.0,80.0,2019.0,2018,80,78.84402408367168,45273.043193361
4485,0,60,0,0,112099,114180,109.078044,111.07836,2.000315999999998,39.57192733351198,33.7875,45.7125,1,1,1,1,2081,80,80,2080.0,80.0,2080.0,2081,80,79.1563593960609,46223.19673491593
4485,0,61,0,0,114180,116242,111.07836,113.079935,2.0015750000000025,39.542471662584106,33.7875,45.7125,1,1,1,1,2062,80,80,2064.0,80.0,2062.0,2062,80,79.14722271803657,45638.060027728105
4485,0,62,0,0,116242,117000,113.079935,113.845072,0.7651369999999957,39.62185794172066,33.7875,45.7125,1,1,1,1,758,30,30,758.0,30.0,758.0,758,30,30.316149519953797,45487.27874877335
4485,0,63,0,0,117000,119099,113.845072,115.845194,2.0001220000000046,39.81064982263331,33.7875,45.7125,1,1,1,1,2099,80,80,2103.0,80.0,2099.0,2099,80,79.62615654454476,46293.67608575866
4485,0,64,0,0,119099,121158,115.845194,117.84545,2.000255999999993,39.900564853571545,33.7875,45.7125,1,1,1,1,2059,80,80,2059.0,80.0,2059.0,2059,80,79.81134425174514,45853.13079925785
4485,0,65,0,0,121158,123252,117.84545,119.845429,1.9999789999999962,39.49129521403381,33.7875,45.7125,1,1,1,1,2094,80,80,2094.0,80.0,2094.0,2094,80,78.98176111086832,46129.48435958586
4485,0,66,0,0,123252,125259,119.845429,121.848974,2.0035450000000026,39.348641490080794,33.7875,45.7125,1,1,1,1,2007,80,80,2007.0,80.0,2007.0,2007,80,78.83677391424408,45167.44071133909
4485,0,67,0,0,125259,127402,121.848974,123.850242,2.001267999999996,39.80665441459086,33.7875,45.7125,1,1,1,1,2143,80,80,2143.0,80.0,2143.0,2143,80,79.66378366697882,46005.33261911957
4485,0,68,0,0,127402,129479,123.850242,125.853437,2.003195000000005,39.94389389151716,33.7875,45.7125,1,1,1,1,2077,80,80,2077.0,80.0,2077.0,2077,80,80.01540852401831,45999.01657102766
4485,0,69,0,0,129479,130000,125.853437,126.340959,0.48752199999999846,39.640418296940844,33.7875,45.7125,1,1,1,1,521,20,20,521.0,20.0,521.0,521,20,19.325576008961434,46879.9356746979
4485,0,70,0,0,130000,131966,126.340959,128.341262,2.0003030000000024,39.481283210840985,33.7875,45.7125,1,1,1,1,1966,80,80,1969.0,80.0,1966.0,1966,80,78.97452925049492,45693.57742302036
4485,0,71,0,0,131966,134074,128.341262,130.341479,2.000216999999992,39.63341984600063,33.7875,45.7125,1,1,1,1,2108,79,79,2108.0,79.0,2108.0,2108,79,79.27544014410796,46867.41488548511
4485,0,72,0,0,134074,136165,130.341479,132.341733,2.0002540000000124,39.61586422683928,33.7875,45.7125,1,1,1,1,2091,80,80,2094.0,80.0,2091.0,2091,80,79.24179088319306,46393.108075274155
4485,0,73,0,0,136165,138284,132.341733,134.342044,2.000310999999982,39.92989447174448,33.7875,45.7125,1,1,1,1,2119,80,80,2122.0,80.0,2119.0,2119,80,79.87220714066916,46712.736169526055
4485,0,74,0,0,138284,140366,134.342044,136.342548,2.0005040000000065,39.735007454166016,33.7875,45.7125,1,1,1,1,2082,80,80,2082.0,80.0,2082.0,2082,80,79.49004135208907,46612.253712064405
4485,0,75,0,0,140366,142429,136.342548,138.342749,2.000201000000004,39.64363328067786,33.7875,45.7125,1,1,1,1,2063,80,80,2064.0,80.0,2063.0,2063,80,79.29523493164561,46290.84776979904
4485,0,76,0,0,142429,143000,138.342749,138.846635,0.5038859999999943,39.64036694969708,33.7875,45.7125,1,1,1,1,571,20,20,571.0,20.0,571.0,571,20,19.974225940814904,47731.03440063878
4485,0,77,0,0,143000,145154,138.846635,140.84703,2.0003949999999975,39.333626128220786,33.7875,45.7125,1,1,1,1,2154,80,80,2157.0,80.0,2154.0,2154,80,78.68278903876217,46117.891716386075
4485,0,78,0,0,145154,147155,140.84703,142.848787,2.001756999999998,39.75450107056989,33.7875,45.7125,1,1,1,1,2001,80,80,2002.0,80.0,2001.0,2001,80,79.5788507995203,46218.39713811422
4485,0,79,0,0,147155,149214,142.848787,144.849825,2.0010380000000225,39.93920220332143,33.7875,45.7125,1,1,1,1,2059,80,80,2059.0,80.0,2059.0,2059,80,79.91986129853103,46167.539047233964
4485,0,80,0,0,149214,151286,144.849825,146.849916,2.0000909999999976,39.69972369013284,33.7875,45.7125,1,1,1,1,2072,80,80,2072.0,80.0,2072.0,2072,80,79.40306005512139,46965.863053231136
4485,0,81,0,0,151286,153301,146.849916,148.850226,2.0003099999999847,39.35461536701395,33.7875,45.7125,1,1,1,1,2015,80,80,2015.0,80.0,2015.0,2015,80,78.72143066479111,45829.89636606361
4485,0,82,0,0,153301,155296,148.850226,150.85025,2.0000239999999962,39.6311303520376,33.7875,45.7125,1,1,1,1,1995,80,80,1997.0,80.0,1996.0,1995,80,79.26321185120378,45376.45548253429
4485,0,83,0,0,155296,156000,150.85025,151.518329,0.6680790000000059,39.31068674978887,33.7875,45.7125,1,1,1,1,704,27,27,704.0,27.0,703.0,704,27,26.262644293112317,45190.76336780491
4485,0,84,0,0,156000,157990,151.518329,153.519128,2.0007990000000007,39.02475916383543,33.7875,45.7125,1,1,1,1,1990,79,79,1990.0,80.0,1990.0,1990,80,78.08069911024268,45347.38372020376
4485,0,85,0,0,157990,160014,153.519128,155.519599,2.0004710000000046,39.58887762003937,33.7875,45.7125,1,1,1,1,2024,80,80,2024.0,79.0,2024.0,2024,79,79.19640160143808,45421.80316535445
4485,0,86,0,0,160014,162058,155.519599,157.520319,2.000720000000001,39.4200759436512,33.7875,45.7125,1,1,1,1,2044,80,80,2047.0,80.0,2044.0,2044,80,78.86853434198201,45545.10376264542
4485,0,87,0,0,162058,164100,157.520319,159.521543,2.0012240000000077,39.68235454364766,33.7875,45.7125,1,1,1,1,2042,80,80,2045.0,80.0,2042.0,2042,80,79.41328028925727,46186.23402477666
4485,0,88,0,0,164100,166167,159.521543,161.521926,2.0003829999999994,39.43725886928207,33.7875,45.7125,1,1,1,1,2067,80,80,2067.0,80.0,2067.0,2067,80,78.88962220871144,46923.01424277252
4485,0,89,0,0,166167,168196,161.521926,163.523224,2.0012979999999914,39.42087761046015,33.7875,45.7125,1,1,1,1,2029,80,80,2030.0,80.0,2029.0,2029,80,78.8929235200585,46003.143959570436
4485,0,90,0,0,168196,169000,163.523224,164.307614,0.7843900000000019,40.04435033033447,33.7875,45.7125,1,1,1,1,804,32,32,804.0,32.0,804.0,804,32,31.41038795561144,46854.24342482682
4485,0,91,0,0,169000,171093,164.307614,166.308105,2.000491000000011,39.695209653007154,33.7875,45.7125,1,1,1,1,2093,79,79,2097.0,79.0,2093.0,2093,79,79.40990965395395,46429.601532823435
4485,0,92,0,0,171093,173187,166.308105,168.308733,2.0006279999999776,39.52255682827442,33.7875,45.7125,1,1,1,1,2094,80,80,2096.0,80.0,2094.0,2094,80,79.06993382223573,46365.94109449685
4485,0,93,0,0,173187,175233,168.308733,170.309438,2.0007050000000106,39.521511852181824,33.7875,45.7125,1,1,1,1,2046,80,80,2046.0,80.0,2046.0,2046,80,79.07088637022025,46650.055855310755
4485,0,94,0,0,175233,177277,170.309438,172.309483,2.000045,39.69375536164117,33.7875,45.7125,1,1,1,1,2044,80,80,2045.0,80.0,2044.0,2044,80,79.38929694227318,47732.926009164796
4485,0,95,0,0,177277,179338,172.309483,174.309975,2.0004920000000084,39.31662303560543,33.7875,45.7125,1,1,1,1,2061,80,80,2061.0,80.0,2061.0,2061,80,78.6525898497448,45992.18592226293
4485,0,96,0,0,179338,181394,174.309975,176.310365,2.0003899999999817,39.19829137590374,33.7875,45.7125,1,1,1,1,2056,80,80,2056.0,80.0,2056.0,2056,80,78.4118700854433,45540.61957918248
4485,0,97,0,0,181394,182000,176.310365,176.911539,0.6011740000000145,39.43996278991976,33.7875,45.7125,1,1,1,1,606,24,24,606.0,24.0,606.0,606,24,23.71028019026744,45261.438452094306
4485,0,98,0,0,182000,184060,176.911539,178.911508,1.999968999999993,39.48560436775561,33.7875,45.7125,1,1,1,1,2060,80,80,2064.0,80.0,2060.0,2060,80,78.96998468177571,46186.715894096524
4485,0,99,0,0,184060,186119,178.911508,180.912317,2.000809000000004,39.54139259385836,33.7875,45.7125,1,1,1,1,2059,80,80,2059.0,80.0,2059.0,2059,80,79.11477417432525,45776.98321029135
4485,0,100,0,0,186119,188157,180.912317,182.914311,2.0019939999999963,39.63713421888438,33.7875,45.7125,1,1,1,1,2038,80,80,2040.0,80.0,2038.0,2038,80,79.3533048834015,45951.686168889704
4485,0,101,0,0,188157,190183,182.914311,184.914863,2.000551999999999,39.18591362021554,33.7875,45.7125,1,1,1,1,2026,80,80,2026.0,80.0,2026.0,2026,80,78.39345786474951,45472.44960390934
4485,0,102,0,0,190183,192234,184.914863,186.916126,2.0012629999999945,39.51830368153469,33.7875,45.7125,1,1,1,1,2051,80,80,2052.0,80.0,2051.0,2051,80,79.08651898061908,45976.96554625766
4485,0,103,0,0,192234,194322,186.916126,188.91684,2.0007140000000163,39.672526136365306,33.7875,45.7125,1,1,1,1,2088,80,80,2088.0,80.0,2088.0,2088,80,79.37337845639286,45589.22464680072
4485,0,104,0,0,194322,195000,188.91684,189.538433,0.6215929999999901,39.87025049832611,33.7875,45.7125,1,1,1,1,678,25,25,678.0,25.0,678.0,678,25,24.783068618005927,47677.49958574256
4485,0,105,0,0,195000,197159,189.538433,191.538708,2.0002750000000162,39.70807070842357,33.7875,45.7125,1,1,1,1,2159,80,80,2166.0,80.0,2160.0,2159,80,79.42706113629265,46296.63421279536
4485,0,106,0,0,197159,199179,191.538708,193.539635,2.00092699999999,39.52574071076146,33.7875,45.7125,1,1,1,1,2020,79,79,2020.0,80.0,2019.0,2020,80,79.08812178316111,46589.40581040711
4485,0,107,0,0,199179,201229,193.539635,195.540747,2.001112000000006,39.3190287402662,33.7875,45.7125,1,1,1,1,2050,80,80,2050.0,79.0,2050.0,2050,79,78.68178024049212,45591.651042020494
4485,0,108,0,0,201229,203236,195.540747,197.54189,2.001142999999985,39.402619569895364,33.7875,45.7125,1,1,1,1,2007,80,80,2007.0,80.0,2007.0,2007,80,78.85027633395839,46698.31191474108
4485,0,109,0,0,203236,205274,197.54189,199.542438,2.000548000000009,39.43662625833022,33.7875,45.7125,1,1,1,1,2038,80,80,2039.0,80.0,2038.0,2038,80,78.89486378785023,46241.8297386514
4485,0,110,0,0,205274,207313,199.542438,201.542629,2.000191000000001,39.34965209306411,33.7875,45.7125,1,1,1,1,2039,80,80,2039.0,80.0,2039.0,2039,80,78.70681996967778,45632.64208268108
4485,0,111,0,0,207313,208000,201.542629,202.224517,0.6818879999999865,39.23775778007417,33.7875,45.7125,1,1,1,1,687,27,27,687.0,28.0,687.0,687,28,26.75575617713912,46258.32981369466
4485,0,112,0,0,208000,210016,202.224517,204.225823,2.0013059999999996,39.49002013022373,33.7875,45.7125,1,1,1,1,2016,80,80,2017.0,79.0,2016.0,2016,79,79.03161422673747,45172.0026822485
4485,0,113,0,0,210016,212054,204.225823,206.226053,2.000230000000016,39.88545292335634,33.7875,45.7125,1,1,1,1,2038,80,80,2043.0,80.0,2038.0,2038,80,79.78007950088613,45545.262294835724
4485,0,114,0,0,212054,214149,206.226053,208.226619,2.000565999999992,39.37121914504463,33.7875,45.7125,1,1,1,1,2095,80,80,2096.0,80.0,2095.0,2095,80,78.76472240012481,45366.66123487071
4485,0,115,0,0,214149,216159,208.226619,210.226813,2.0001939999999934,39.708576983568825,33.7875,45.7125,1,1,1,1,2010,80,80,2011.0,80.0,2010.0,2010,80,79.42485743107136,46015.03654145563
4485,0,116,0,0,216159,218201,210.226813,212.227499,2.0006860000000017,39.44980421543478,33.7875,45.7125,1,1,1,1,2042,80,80,2045.0,80.0,2042.0,2042,80,78.92667099656137,45577.36696313161
4485,0,117,0,0,218201,220255,212.227499,214.229186,2.001687000000004,39.54766178241202,33.7875,45.7125,1,1,1,1,2054,80,80,2055.0,80.0,2054.0,2054,80,79.16204047025167,45462.65225282465
4485,0,118,0,0,220255,221000,214.229186,215.005056,0.7758699999999976,39.31693069971275,33.7875,45.7125,1,1,1,1,745,31,31,745.0,31.0,745.0,745,31,30.504827021986785,44731.72052019038
4485,0,119,0,0,221000,223096,215.005056,217.005174,2.0001180000000147,39.71200611125986,33.7875,45.7125,1,1,1,1,2096,79,79,2103.0,80.0,2096.0,2096,79,79.4286982392423,45760.80011279301
4485,0,120,0,0,223096,225065,217.005174,219.005779,2.000604999999979,38.801126710176106,33.7875,45.7125,1,1,1,1,1969,80,80,1969.0,80.0,1969.0,1969,80,77.62572810201164,44476.54584488239
4485,0,121,0,0,225065,227107,219.005779,221.006698,2.0009190000000103,38.88797082532679,33.7875,45.7125,1,1,1,1,2042,80,80,2044.0,80.0,2042.0,2042,80,77.81167969584203,45379.148281364476
4485,0,122,0,0,227107,229154,221.006698,223.007696,2.00099800000001,39.094112717237074,33.7875,45.7125,1,1,1,1,2047,80,80,2047.0,80.0,2047.0,2047,80,78.22724135896715,45115.987122425686
4485,0,123,0,0,229154,231024,223.007696,225.007755,2.000058999999993,39.17223758878391,33.7875,45.7125,1,1,1,1,1870,75,75,1994.0,80.0,1870.0,1870,75,78.34678633958538,44316.19267231632
4485,0,124,0,0,231024,233058,225.007755,227.007823,2.000067999999999,39.03936897551133,33.7875,45.7125,1,1,1,1,2034,80,80,2034.0,80.0,2034.0,2034,80,78.08139262811346,44735.47899371424
4485,0,125,0,0,233058,234000,227.007823,227.923555,0.9157319999999913,39.07864007424532,33.7875,45.7125,1,1,1,1,942,36,36,942.0,36.0,942.0,942,36,35.78556123246926,45523.14432606963
4485,0,126,0,0,234000,236033,227.923555,229.923664,2.000109000000009,38.81914102301184,33.7875,45.7125,1,1,1,1,2033,80,80,2034.0,80.0,2033.0,2033,80,77.64251333239554,45446.02319173585
4485,0,127,0,0,236033,238051,229.923664,231.925634,2.00197,38.91829894589361,33.7875,45.7125,1,1,1,1,2018,80,80,2018.0,80.0,2018.0,2018,80,77.91326694070995,45383.29745200977
4485,0,128,0,0,238051,240084,231.925634,233.925905,2.000270999999998,38.658276358570646,33.7875,45.7125,1,1,1,1,2033,80,80,2036.0,80.0,2033.0,2033,80,77.32702911003435,44721.94017710605
4485,0,129,0,0,240084,242094,233.925905,235.926338,2.000432999999987,38.86372293672385,33.7875,45.7125,1,1,1,1,2010,80,80,2010.0,80.0,2010.0,2010,80,77.74427386547904,45259.701274674335
4485,0,130,0,0,242094,244089,235.926338,237.927095,2.0007570000000214,39.12744263990109,33.7875,45.7125,1,1,1,1,1995,80,80,1998.0,80.0,1995.0,1995,80,78.28450475388127,45979.59672263999
4485,0,131,0,0,244089,246127,237.927095,239.928326,2.00123099999999,39.232821241404096,33.7875,45.7125,1,1,1,1,2038,80,80,2038.0,80.0,2038.0,2038,80,78.51393808575631,46294.00603928306
4485,0,132,0,0,246127,247000,239.928326,240.770378,0.8420519999999954,38.98970259793409,33.7875,45.7125,1,1,1,1,873,34,34,875.0,34.0,873.0,873,34,32.83135705199493,46777.39617030803
4485,0,133,0,0,247000,249129,240.770378,242.770396,2.0000180000000114,39.477972983227815,33.7875,45.7125,1,1,1,1,2129,79,79,2131.0,79.0,2129.0,2129,79,78.95665656996971,45748.58826270537
4485,0,134,0,0,249129,251193,242.770396,244.771331,2.0009349999999984,39.94421653750585,33.7875,45.7125,1,1,1,1,2064,80,80,2065.0,80.0,2064.0,2064,80,79.92578091747419,46090.45271335654
4485,0,135,0,0,251193,253273,244.771331,246.772889,2.0015579999999886,39.72319052892018,33.7875,45.7125,1,1,1,1,2080,79,79,2084.0,80.0,2080.0,2080,79,79.50826978868463,46023.647578536584
4485,0,136,0,0,253273,255273,246.772889,248.77315,2.0002609999999947,40.11711961736967,33.7875,45.7125,1,1,1,1,2000,80,80,2000.0,80.0,2000.0,2000,80,80.24470980295882,46277.46079136685
4485,0,137,0,0,255273,257303,248.77315,250.773793,2.000643000000025,40.25142211855425,33.7875,45.7125,1,1,1,1,2030,80,80,2031.0,80.0,2030.0,2030,80,80.52872590153129,46198.147295643874
4485,0,138,0,0,257303,259340,250.773793,252.77529,2.0014970000000005,40.38426404154089,33.7875,45.7125,1,1,1,1,2037,80,80,2038.0,80.0,2037.0,2037,80,80.82898332635159,46691.5513737967
4485,0,139,0,0,259340,260000,252.77529,253.447079,0.6717889999999898,40.17512498842123,33.7875,45.7125,1,1,1,1,660,27,27,660.0,27.0,660.0,660,27,26.98920704084594,47770.95189114512
4485,0,140,0,0,260000,262038,253.447079,255.447104,2.0000249999999937,40.287297074359266,33.7875,45.7125,1,1,1,1,2038,80,80,2041.0,80.0,2038.0,2038,80,80.57560133114566,47064.91168860404
4485,0,141,0,0,262038,264190,255.447104,257.448089,2.000984999999986,40.147405240524826,33.7875,45.7125,1,1,1,1,2152,80,80,2153.0,80.0,2152.0,2152,80,80.33435567521155,47981.36917568132
4485,0,142,0,0,264190,266233,257.448089,259.449019,2.0009300000000394,40.21797209665771,33.7875,45.7125,1,1,1,1,2043,80,80,2043.0,80.0,2043.0,2043,80,80.47334690736716,47569.38023818831
4485,0,143,0,0,266233,268315,259.449019,261.450847,2.001827999999989,40.34805267552011,33.7875,45.7125,1,1,1,1,2082,80,80,2082.0,80.0,2082.0,2082,80,80.76986159133048,47002.04013531658
4485,0,144,0,0,268315,270500,261.450847,263.452288,2.001441,40.16303138026897,33.7875,45.7125,1,1,1,1,2185,80,80,2185.0,80.0,2185.0,2185,80,80.38393768875721,46559.45391345536
4485,0,145,0,0,270500,272585,263.452288,265.452563,2.000274999999988,40.49091607333421,33.7875,45.7125,1,1,1,1,2085,80,80,2088.0,80.0,2086.0,2085,80,80.99296714858792,46435.61510292363
4485,0,146,0,0,272585,273000,265.452563,265.86709,0.41452700000002096,40.42649533245219,33.7875,45.7125,1,1,1,1,415,16,16,415.0,16.0,414.0,415,16,16.757873830676544,44933.14066393518
4485,0,147,0,0,273000,275086,265.86709,267.870864,2.0037739999999644,40.4100409482612,33.7875,45.7125,1,1,1,1,2086,80,80,2086.0,80.0,2086.0,2086,80,80.97258939105996,46724.33118705087
4485,0,148,0,0,275086,277124,267.870864,269.871005,2.000141000000042,40.455481706346504,33.7875,45.7125,1,1,1,1,2038,80,80,2040.0,80.0,2038.0,2038,80,80.91666763561443,47250.668827846646
4485,0,149,0,0,277124,279269,269.871005,271.872312,2.001306999999997,40.63533933387916,33.7875,45.7125,1,1,1,1,2145,80,80,2145.0,80.0,2145.0,2145,80,81.32378905626683,46408.67193289192
4485,0,150,0,0,279269,281388,271.872312,273.872618,2.0003059999999664,40.13450559830382,33.7875,45.7125,1,1,1,1,2119,80,80,2119.0,80.0,2119.0,2119,80,80.28129235531924,46887.32623908621
4485,0,151,0,0,281388,283433,273.872618,275.873123,2.0005050000000324,40.17308692465372,33.7875,45.7125,1,1,1,1,2045,80,80,2045.0,80.0,2045.0,2045,80,80.36646125820516,47404.03048230245
4485,0,152,0,0,283433,285512,275.873123,277.873658,2.0005349999999567,40.079462335833945,33.7875,45.7125,1,1,1,1,2079,80,80,2081.0,80.0,2079.0,2079,80,80.18036718401527,46710.00507364381
4485,0,153,0,0,285512,286000,277.873658,278.351408,0.47775000000001455,39.74436286806104,33.7875,45.7125,1,1,1,1,488,19,19,488.0,19.0,488.0,488,19,18.98786936021679,47600.20931449358
4485,0,154,0,0,286000,288108,278.351408,280.353464,2.002055999999982,39.64044067543865,33.7875,45.7125,1,1,1,1,2108,80,80,2109.0,80.0,2108.0,2108,80,79.362382096906,46495.70241791481
4485,0,155,0,0,288108,290265,280.353464,282.354453,2.000989000000004,40.069683237325215,33.7875,45.7125,1,1,1,1,2157,80,80,2159.0,80.0,2157.0,2157,80,80.17899539137215,47551.48579027661
4485,0,156,0,0,290265,292332,282.354453,284.355122,2.0006690000000162,40.17350737654725,33.7875,45.7125,1,1,1,1,2067,80,80,2068.0,80.0,2067.0,2067,80,80.37389082953086,46932.80097807245
4485,0,157,0,0,292332,294324,284.355122,286.355139,2.000017000000014,39.83638282780935,33.7875,45.7125,1,1,1,1,1992,80,80,1992.0,80.0,1992.0,1992,80,79.67344287412743,45578.1125860427
4485,0,158,0,0,294324,296341,286.355139,288.356706,2.001566999999966,39.22095745459794,33.7875,45.7125,1,1,1,1,2017,80,80,2017.0,80.0,2017.0,2017,80,78.50337414952628,45479.366916022074
4485,0,159,0,0,296341,298333,288.356706,290.358509,2.001803000000052,39.18049183844574,33.7875,45.7125,1,1,1,1,1992,80,80,1993.0,80.0,1992.0,1992,80,78.43162610367835,45047.38977811386
4485,0,160,0,0,298333,299000,290.358509,291.009483,0.6509739999999624,39.36665500347634,33.7875,45.7125,1,1,1,1,667,26,26,668.0,26.0,667.0,667,26,25.626668874230745,45656.201322943336
4485,0,161,0,0,299000,301110,291.009483,293.010488,2.0010050000000206,39.63902940246904,33.7875,45.7125,1,1,1,1,2110,80,80,2113.0,80.0,2110.0,2110,80,79.31789602948811,47073.84539268969
4485,0,162,0,0,301110,303206,293.010488,295.010897,2.0004089999999906,39.341425979366875,33.7875,45.7125,1,1,1,1,2096,80,80,2097.0,80.0,2096.0,2096,80,78.69894260195906,46243.54319541676
4485,0,163,0,0,303206,305266,295.010897,297.011283,2.000385999999992,39.3780783602504,33.7875,45.7125,1,1,1,1,2060,80,80,2061.0,80.0,2060.0,2060,80,78.77135665874812,45436.730710972966
4485,0,164,0,0,305266,307372,297.011283,299.015692,2.0044090000000097,39.290122870937125,33.7875,45.7125,1,1,1,1,2106,80,80,2108.0,80.0,2106.0,2106,80,78.75347589361263,45866.38754864878
4485,0,165,0,0,307372,309385,299.015692,301.015703,2.0000109999999722,39.6996368270006,33.7875,45.7125,1,1,1,1,2013,80,80,2014.0,80.0,2013.0,2013,80,79.39971035000599,45824.74796388683
4485,0,166,0,0,309385,311459,301.015703,303.016527,2.000824000000023,39.52406803437056,33.7875,45.7125,1,1,1,1,2074,80,80,2075.0,80.0,2074.0,2074,80,79.0807039008032,45692.174823972004
4485,0,167,0,0,311459,312000,303.016527,303.520592,0.5040650000000255,39.71338640174963,33.7875,45.7125,1,1,1,1,541,20,20,541.0,20.0,541.0,541,20,20.018128116598746,44865.245553646564
4485,0,168,0,0,312000,314110,303.520592,305.520774,2.0001819999999952,39.55799940398618,33.7875,45.7125,1,1,1,1,2110,80,80,2112.0,80.0,2110.0,2110,80,79.1231983638645,46601.25928540514
4485,0,169,0,0,314110,316110,305.520774,307.522391,2.00161700000001,39.412387125386125,33.7875,45.7125,1,1,1,1,2000,80,80,2000.0,80.0,2000.0,2000,80,78.8885040807545,45122.018847761356
4485,0,170,0,0,316110,318180,307.522391,309.522386,1.9999949999999558,39.05339506002805,33.7875,45.7125,1,1,1,1,2070,80,80,2071.0,80.0,2070.0,2070,80,78.10659485307951,45077.61269403273
4485,0,171,0,0,318180,320228,309.522386,311.5238,2.001414000000011,39.52481204551515,33.7875,45.7125,1,1,1,1,2048,79,79,2051.0,80.0,2048.0,2048,80,79.10551217526336,46171.85649745604
4485,0,172,0,0,320228,322256,311.5238,313.526079,2.0022789999999873,39.64093892819931,33.7875,45.7125,1,1,1,1,2028,80,80,2028.0,80.0,2028.0,2028,80,79.37221955621499,45117.58850789554
4485,0,173,0,0,322256,324369,313.526079,315.526657,2.0005780000000186,40.33100678261557,33.7875,45.7125,1,1,1,1,2113,80,80,2115.0,79.0,2113.0,2113,79,80.68532488715209,47390.804057626905
4485,0,174,0,0,324369,325000,315.526657,316.129048,0.6023910000000114,40.096856216334615,33.7875,45.7125,1,1,1,1,631,24,24,631.0,25.0,631.0,631,25,24.153985313014346,47437.62772020076
4485,0,175,0,0,325000,327091,316.129048,318.131314,2.0022659999999632,40.50236377453774,33.7875,45.7125,1,1,1,1,2091,80,80,2096.0,80.0,2091.0,2091,80,81.09650590538695,46603.198576014234
4485,0,176,0,0,327091,329137,318.131314,320.133592,2.0022780000000466,39.7439985046353,33.7875,45.7125,1,1,1,1,2046,80,80,2048.0,80.0,2047.0,2046,80,79.57853383786642,46112.47788768485
4485,0,177,0,0,329137,331178,320.133592,322.135158,2.0015659999999684,39.79679992018849,33.7875,45.7125,1,1,1,1,2041,80,80,2043.0,79.0,2040.0,2041,79,79.65592162905159,45679.2331604361
4485,0,178,0,0,331178,333210,322.135158,324.137165,2.002006999999992,39.75533792815273,33.7875,45.7125,1,1,1,1,2032,80,80,2033.0,80.0,2032.0,2032,80,79.59046481952646,46145.69279727812
4485,0,179,0,0,333210,335307,324.137165,326.139412,2.002247000000011,39.71244945009064,33.7875,45.7125,1,1,1,1,2097,80,80,2097.0,80.0,2097.0,2097,80,79.51413277409665,46438.3265401319
4485,0,180,0,0,335307,337371,326.139412,328.140123,2.000711000000024,39.62883721298426,33.7875,45.7125,1,1,1,1,2064,80,80,2064.0,80.0,2064.0,2064,80,79.2858505292279,46586.93834341836
4485,0,181,0,0,337371,338000,328.140123,328.772687,0.6325640000000021,39.888088481693515,33.7875,45.7125,1,1,1,1,629,26,26,629.0,26.0,629.0,629,26,25.231768802334045,44820.76121941796
4485,0,182,0,0,338000,340099,328.772687,330.772868,2.0001809999999978,40.21477948811022,33.7875,45.7125,1,1,1,1,2099,80,80,2102.0,80.0,2099.0,2099,80,80.43683785130816,46984.24792556279
4485,0,183,0,0,340099,342147,330.772868,332.772963,2.0000949999999875,39.88443323272689,33.7875,45.7125,1,1,1,1,2048,79,79,2048.0,80.0,2048.0,2048,80,79.77265548661126,46156.307575390456
4485,0,184,0,0,342147,344158,332.772963,334.773566,2.0006030000000123,39.55513200604734,33.7875,45.7125,1,1,1,1,2011,80,80,2011.0,79.0,2011.0,2011,79,79.13411575669488,45881.166828201014
4485,0,185,0,0,344158,346172,334.773566,336.774056,2.0004899999999566,39.822685929704676,33.7875,45.7125,1,1,1,1,2014,80,80,2015.0,80.0,2014.0,2014,80,79.6648849755129,45859.76435773335
4485,0,186,0,0,346172,348216,336.774056,338.775713,2.001657000000023,39.93534366171142,33.7875,45.7125,1,1,1,1,2044,80,80,2045.0,80.0,2044.0,2044,80,79.93686018787048,46051.84604555074
4485,0,187,0,0,348216,350221,338.775713,340.777203,2.0014899999999898,39.73671583566793,33.7875,45.7125,1,1,1,1,2005,80,80,2006.0,80.0,2005.0,2005,80,79.53263937793054,46375.94991731184
4485,0,188,0,0,350221,351000,340.777203,341.544643,0.7674400000000219,39.638900054125344,33.7875,45.7125,1,1,1,1,779,31,31,779.0,31.0,779.0,779,31,30.420477457539164,46242.051495881096
4485,0,189,0,0,351000,353137,341.544643,343.545576,2.000932999999975,40.064966866396944,33.7875,45.7125,1,1,1,1,2137,80,80,2143.0,80.0,2137.0,2137,80,80.16731434687972,47150.50428974942
4485,0,190,0,0,353137,355115,343.545576,345.546853,2.001277000000016,39.59883557679639,33.7875,45.7125,1,1,1,1,1978,79,79,1980.0,80.0,1978.0,1978,79,79.24823886662489,46052.59541782535
4485,0,191,0,0,355115,357219,345.546853,347.546966,2.000112999999999,40.28068797394183,33.7875,45.7125,1,1,1,1,2104,80,80,2104.0,80.0,2104.0,2104,80,80.56592766562426,47309.32702302322
4485,0,192,0,0,357219,359202,347.546966,349.548555,2.001589000000024,39.79290897744516,33.7875,45.7125,1,1,1,1,1983,80,80,1985.0,80.0,1984.0,1983,80,79.64904888725687,45291.01628755899
4485,0,193,0,0,359202,361171,349.548555,351.549773,2.0012179999999944,39.38787273663406,33.7875,45.7125,1,1,1,1,1969,80,80,1969.0,80.0,1968.0,1969,80,78.82371990226056,45600.22946025883
4485,0,194,0,0,361171,363274,351.549773,353.55023,2.000456999999983,39.531440152462956,33.7875,45.7125,1,1,1,1,2103,80,80,2103.0,80.0,2103.0,2103,80,79.08094617307506,45811.53206492355
4485,0,195,0,0,363274,364000,353.55023,354.240734,0.6905039999999758,39.55123837698652,33.7875,45.7125,1,1,1,1,726,27,27,728.0,27.0,726.0,726,27,27.31028830426112,45455.20373524426
4485,0,196,0,0,364000,365988,354.240734,356.242094,2.001360000000034,39.57746895287131,33.7875,45.7125,1,1,1,1,1988,80,80,1991.0,80.0,1988.0,1988,80,79.20876326351936,45621.97705560142
4485,0,197,0,0,365988,368033,356.242094,358.242448,2.0003540000000157,39.25712625191245,33.7875,45.7125,1,1,1,1,2045,80,80,2046.0,80.0,2045.0,2045,80,78.52814952651897,45655.91890235392
4485,0,198,0,0,368033,370096,358.242448,360.24365,2.001201999999978,39.51653453055001,33.7875,45.7125,1,1,1,1,2063,80,80,2064.0,80.0,2063.0,2063,80,79.08056793560536,47558.41739114845
4485,0,199,0,0,370096,372166,360.24365,362.244108,2.0004579999999805,39.14977400893166,33.7875,45.7125,1,1,1,1,2070,80,80,2070.0,80.0,2070.0,2070,80,78.31747861435906,45963.47436437101
4485,0,200,0,0,372166,374122,362.244108,364.245163,2.001055000000008,39.44818869143729,33.7875,45.7125,1,1,1,1,1956,80,80,1956.0,80.0,1956.0,1956,80,78.93799522194422,44998.263416047856
4485,0,201,0,0,374122,376156,364.245163,366.245785,2.000622000000021,39.407518350466134,33.7875,45.7125,1,1,1,1,2034,79,79,2035.0,80.0,2034.0,2034,79,78.83954817734775,45994.19580510412
4485,0,202,0,0,376156,377000,366.245785,367.050226,0.8044409999999971,39.93297547706761,33.7875,45.7125,1,1,1,1,844,32,32,845.0,32.0,844.0,844,32,32.12372272574794,47169.40086345691
4485,0,203,0,0,377000,379013,367.050226,369.052074,2.0018479999999954,39.745103099603206,33.7875,45.7125,1,1,1,1,2013,80,80,2023.0,80.0,2013.0,2013,80,79.56365514973368,45202.233136581905
4485,0,204,0,0,379013,381006,369.052074,371.052297,2.0002230000000054,39.72081912788564,33.7875,45.7125,1,1,1,1,1993,80,80,1993.0,80.0,1993.0,1993,80,79.45049599843696,46451.82062200052
4485,0,205,0,0,381006,383003,371.052297,373.054866,2.002568999999994,39.27000804410583,33.7875,45.7125,1,1,1,1,1997,80,80,1998.0,80.0,1997.0,1997,80,78.64090073887746,45316.291223923006
4485,0,206,0,0,383003,385030,373.054866,375.054978,2.0001120000000014,39.7289518989187,33.7875,45.7125,1,1,1,1,2027,80,80,2027.0,80.0,2027.0,2027,80,79.4623534404509,46162.4149047653
4485,0,207,0,0,385030,387121,375.054978,377.057626,2.002648000000022,39.39620192068534,33.7875,45.7125,1,1,1,1,2091,79,79,2093.0,80.0,2091.0,2091,79,78.89672498405707,45644.566593829266
4485,0,208,0,0,387121,389248,377.057626,379.0579,2.0002739999999903,39.28228655045852,33.7875,45.7125,1,1,1,1,2127,80,80,2129.0,80.0,2128.0,2127,80,78.57533644743125,45744.732971583115
4485,0,209,0,0,389248,390000,379.0579,379.775983,0.7180829999999787,39.325228735699575,33.7875,45.7125,1,1,1,1,752,28,28,751.0,28.0,751.0,752,28,28.2387782262158,45445.99997493461
4485,0,210,0,0,390000,392105,379.775983,381.776009,2.000025999999991,39.826618224266475,33.7875,45.7125,1,1,1,1,2105,79,79,2107.0,80.0,2105.0,2105,79,79.65427194060612,46626.89385038015
4485,0,211,0,0,392105,394213,381.776009,383.776143,2.0001340000000027,39.51382889033415,33.7875,45.7125,1,1,1,1,2108,80,80,2109.0,80.0,2108.0,2108,80,79.03295263373911,46230.40256302821
4485,0,212,0,0,394213,396297,383.776143,385.776461,2.000317999999993,39.65862002714949,33.7875,45.7125,1,1,1,1,2084,80,80,2086.0,80.0,2084.0,2084,80,79.32985149546766,45557.7563167458
4485,0,213,0,0,396297,398350,385.776461,387.777322,2.000861000000043,39.337893805029104,33.7875,45.7125,1,1,1,1,2053,80,80,2055.0,80.0,2053.0,2053,80,78.70965753662676,45344.97898654531
4485,0,214,0,0,398350,400435,387.777322,389.777393,2.0000709999999913,39.52131922766796,33.7875,45.7125,1,1,1,1,2085,80,80,2085.0,80.0,2085.0,2085,80,79.04544446900036,46068.864555308486
4485,0,215,0,0,400435,402456,389.777393,391.777747,2.000353999999959,39.45470511811185,33.7875,45.7125,1,1,1,1,2021,80,80,2022.0,80.0,2021.0,2021,80,78.92337720183423,46157.83006407961
4485,0,216,0,0,402456,403000,391.777747,392.271792,0.49404500000002827,39.50848473296314,33.7875,45.7125,1,1,1,1,544,20,20,544.0,20.0,544.0,544,20,19.518969339897012,47629.26454067677
4485,0,217,0,0,403000,405046,392.271792,394.272556,2.0007640000000038,39.45087771698879,33.7875,45.7125,1,1,1,1,2046,80,80,2050.0,80.0,2046.0,2046,80,78.93189590455404,45034.79670765759
4485,0,218,0,0,405046,407150,394.272556,396.273663,2.0011069999999904,39.769747149704315,33.7875,45.7125,1,1,1,1,2104,80,80,2105.0,80.0,2104.0,2104,80,79.58351940950342,47343.29548594875
4485,0,219,0,0,407150,409182,396.273663,398.274601,2.000938000000019,39.86677320244655,33.7875,45.7125,1,1,1,1,2032,80,80,2032.0,80.0,2032.0,2032,80,79.77094143815702,46067.894157639625
4485,0,220,0,0,409182,411212,398.274601,400.274719,2.0001179999999863,39.700857451536294,33.7875,45.7125,1,1,1,1,2030,79,79,2032.0,80.0,2030.0,2030,80,79.40639960425142,46662.2469274316
4485,0,221,0,0,411212,413295,400.274719,402.276193,2.0014739999999733,39.78232524686252,33.7875,45.7125,1,1,1,1,2083,80,80,2083.0,79.0,2083.0,2083,79,79.6232896411384,46782.52128181593
4485,0,222,0,0,413295,415263,402.276193,404.278317,2.0021240000000375,39.74542743202768,33.7875,45.7125,1,1,1,1,1968,80,80,1968.0,80.0,1968.0,1968,80,79.57527415192271,45699.46716586899
4485,0,223,0,0,415263,416000,404.278317,404.993042,0.7147249999999872,40.14050385635809,33.7875,45.7125,1,1,1,1,737,29,29,737.0,29.0,737.0,737,29,28.68942161873565,46763.440484103114
4485,0,224,0,0,416000,418013,404.993042,406.993753,2.000711000000024,40.112722709664546,33.7875,45.7125,1,1,1,1,2013,80,80,2019.0,80.0,2013.0,2013,80,80.25396556517626,45475.333518933476
4485,0,225,0,0,418013,420022,406.993753,408.993763,2.0000099999999748,39.69356095649498,33.7875,45.7125,1,1,1,1,2009,80,80,2009.0,80.0,2009.0,2009,80,79.38751884859812,46210.768946155855
4485,0,226,0,0,420022,422067,408.993763,410.993976,2.000212999999974,39.73008112038433,33.7875,45.7125,1,1,1,1,2045,80,80,2045.0,80.0,2045.0,2045,80,79.46862474804584,46087.09172473192
4485,0,227,0,0,422067,424182,410.993976,412.993964,1.9999880000000303,39.90828248043306,33.7875,45.7125,1,1,1,1,2115,80,80,2116.0,80.0,2116.0,2115,80,79.81608606147711,47518.78511270996
4485,0,228,0,0,424182,426296,412.993964,414.994226,2.0002620000000206,40.15361670324074,33.7875,45.7125,1,1,1,1,2114,80,80,2114.0,80.0,2113.0,2114,80,80.31775365405701,46735.87760003391
4485,0,229,0,0,426296,428382,414.994226,416.995163,2.000936999999965,39.88324879937614,33.7875,45.7125,1,1,1,1,2086,80,80,2088.0,80.0,2086.0,2086,80,79.80386820287458,46364.27833560058
4485,0,230,0,0,428382,429000,416.995163,417.63,0.6348370000000045,39.97426975340727,33.7875,45.7125,1,1,1,1,618,25,25,618.0,25.0,618.0,618,25,25.377145487444068,44538.991898707536
4485,0,231,0,0,429000,431134,417.63,419.630168,2.0001680000000306,40.147055330585964,33.7875,45.7125,1,1,1,1,2134,80,80,2140.0,80.0,2134.0,2134,80,80.30085536646948,46530.09147231562
4485,0,232,0,0,431134,433286,419.630168,421.633046,2.002877999999953,39.79858544885669,33.7875,45.7125,1,1,1,1,2152,80,80,2153.0,80.0,2152.0,2152,80,79.71171122663509,46084.18485799044
4485,0,233,0,0,433286,435462,421.633046,423.633298,2.000252000000046,39.90475961245839,33.7875,45.7125,1,1,1,1,2176,80,80,2176.0,80.0,2176.0,2176,80,79.81957522434095,47439.522620148775
4485,0,234,0,0,435462,437430,423.633298,425.63423,2.0009319999999775,39.83793827933266,33.7875,45.7125,1,1,1,1,1968,80,80,1968.0,80.0,1968.0,1968,80,79.71300551714012,45930.09657499657
4485,0,235,0,0,437430,439495,425.63423,427.634875,2.00064500000002,39.67524194167358,33.7875,45.7125,1,1,1,1,2065,80,80,2070.0,80.0,2065.0,2065,80,79.37607441440196,45983.17042753666
4485,0,236,0,0,439495,441537,427.634875,429.637473,2.0025979999999777,39.71348344279714,33.7875,45.7125,1,1,1,1,2042,80,80,2042.0,80.0,2042.0,2042,80,79.53014251557761,46359.27929619476
4485,0,237,0,0,441537,442000,429.637473,430.084124,0.4466509999999744,40.261752661584495,33.7875,45.7125,1,1,1,1,463,18,18,463.0,18.0,463.0,463,18,17.982952088048478,45818.771255412335
4485,0,238,0,0,442000,444077,430.084124,432.085892,2.001768000000027,40.105749567918046,33.7875,45.7125,1,1,1,1,2077,79,79,2084.0,80.0,2077.0,2077,80,80.28240610107241,46524.87201313976
4485,0,239,0,0,444077,446078,432.085892,434.08663,2.0007380000000126,40.0604160591883,33.7875,45.7125,1,1,1,1,2001,80,80,2002.0,79.0,2001.0,2001,79,80.15039670543047,46046.5088382384
4485,0,240,0,0,446078,448097,434.08663,436.08768,2.001049999999964,40.0230605695589,33.7875,45.7125,1,1,1,1,2019,80,80,2021.0,80.0,2019.0,2019,80,80.08814535271449,46808.42557657314
4485,0,241,0,0,448097,450188,436.08768,438.090794,2.003114000000039,40.023737362380615,33.7875,45.7125,1,1,1,1,2091,80,80,2091.0,80.0,2091.0,2091,80,80.17210864290973,45403.80627363107
4485,0,242,0,0,450188,452178,438.090794,440.091532,2.0007379999999557,39.91802825434798,33.7875,45.7125,1,1,1,1,1990,80,80,1990.0,80.0,1990.0,1990,80,79.86551601354586,45143.84192233166
4485,0,243,0,0,452178,454291,440.091532,442.092103,2.0005710000000363,40.06759842436487,33.7875,45.7125,1,1,1,1,2113,80,80,2117.0,80.0,2113.0,2113,80,80.15807544743075,47456.951040477084
4485,0,244,0,0,454291,455000,442.092103,442.763872,0.6717689999999834,39.76775117549158,33.7875,45.7125,1,1,1,1,709,27,27,709.0,27.0,709.0,709,27,26.714742439409747,47081.6605112781
4485,0,245,0,0,455000,457080,442.763872,444.764092,2.000220000000013,39.6885281131108,33.7875,45.7125,1,1,1,1,2080,80,80,2081.0,80.0,2080.0,2080,80,79.38578770240565,45554.98895121507
4485,0,246,0,0,457080,459081,444.764092,446.764978,2.00088599999998,39.74427873591145,33.7875,45.7125,1,1,1,1,2001,80,80,2004.0,80.0,2001.0,2001,80,79.52377090278242,45769.22423366494
4485,0,247,0,0,459081,461130,446.764978,448.765828,2.000850000000014,39.63958555865266,33.7875,45.7125,1,1,1,1,2049,80,80,2050.0,80.0,2049.0,2049,80,79.3128647650301,46539.220831146435
4485,0,248,0,0,461130,463250,448.765828,450.766476,2.0006480000000124,40.01939756180846,33.7875,45.7125,1,1,1,1,2120,80,80,2120.0,80.0,2120.0,2120,80,80.06472769323591,46593.90357524133
4485,0,249,0,0,463250,465374,450.766476,452.767115,2.0006389999999783,39.634006473381696,33.7875,45.7125,1,1,1,1,2124,80,80,2125.0,80.0,2124.0,2124,80,79.29333907689943,45463.97426022435
4485,0,250,0,0,465374,467450,452.767115,454.767482,2.000366999999983,39.79214978753944,33.7875,45.7125,1,1,1,1,2076,80,80,2078.0,80.0,2076.0,2076,80,79.5989032940488,46158.52990976195
4485,0,251,0,0,467450,468000,454.767482,455.30285,0.5353680000000054,40.37787108047092,33.7875,45.7125,1,1,1,1,550,21,21,550.0,21.0,550.0,550,21,21.617020084609976,47571.016571778186
4485,0,252,0,0,468000,470082,455.30285,457.303576,2.000726000000043,39.991231599829526,33.7875,45.7125,1,1,1,1,2082,80,80,2086.0,80.0,2082.0,2082,80,80.01149683380208,45701.910206594024
4485,0,253,0,0,470082,472149,457.303576,459.304729,2.001152999999988,39.660949173700836,33.7875,45.7125,1,1,1,1,2067,80,80,2067.0,80.0,2067.0,2067,80,79.3676274217978,46037.959116569575
4485,0,254,0,0,472149,474196,459.304729,461.305964,2.0012350000000083,39.704630622589974,33.7875,45.7125,1,1,1,1,2047,80,80,2047.0,80.0,2047.0,2047,80,79.45829646399943,46779.1138971683
4485,0,255,0,0,474196,476275,461.305964,463.306314,2.000349999999969,39.64324705456485,33.7875,45.7125,1,1,1,1,2079,80,80,2079.0,80.0,2079.0,2079,80,79.30036924559681,46226.910290699845
4485,0,256,0,0,476275,478269,463.306314,465.306535,2.0002210000000105,39.64428068132024,33.7875,45.7125,1,1,1,1,1994,80,80,1994.0,80.0,1994.0,1994,80,79.29732274867274,45751.94441014244
4485,0,257,0,0,478269,480347,465.306535,467.307599,2.0010639999999853,39.938060896586116,33.7875,45.7125,1,1,1,1,2078,80,80,2079.0,80.0,2078.0,2078,80,79.91861588996471,45579.75157216394
4485,0,258,0,0,480347,481000,467.307599,467.934835,0.627236000000039,39.87825260197988,33.7875,45.7125,1,1,1,1,653,25,25,653.0,25.0,653.0,653,25,25.01307564905801,46051.24705852057
4485,0,259,0,0,481000,483154,467.934835,469.936779,2.0019439999999804,39.867343295552494,33.7875,45.7125,1,1,1,1,2154,80,80,2156.0,80.0,2154.0,2154,80,79.8121887064699,47221.101089741234
4485,0,260,0,0,483154,485295,469.936779,471.937586,2.000807000000009,39.80140830268853,33.7875,45.7125,1,1,1,1,2141,80,80,2141.0,80.0,2141.0,2141,80,79.63493634187762,46378.28636145295
4485,0,261,0,0,485295,487379,471.937586,473.937776,2.000189999999975,39.76460568068528,33.7875,45.7125,1,1,1,1,2084,79,79,2086.0,80.0,2084.0,2084,79,79.53676663644728,45665.66176213317
4485,0,262,0,0,487379,489434,473.937776,475.938283,2.0005070000000273,39.89188450913114,33.7875,45.7125,1,1,1,1,2055,80,80,2057.0,80.0,2055.0,2055,80,79.80399420371032,46735.152638805426
4485,0,263,0,0,489434,491523,475.938283,477.938672,2.000388999999984,40.041639606161,33.7875,45.7125,1,1,1,1,2089,80,80,2089.0,80.0,2089.0,2089,80,80.09885541012773,46843.8888636164
4485,0,264,0,0,491523,493584,477.938672,479.939891,2.001218999999992,39.63512350824772,33.7875,45.7125,1,1,1,1,2061,79,79,2061.0,79.0,2061.0,2061,79,79.3185622320525,45654.67347651625
4485,0,265,0,0,493584,494000,479.939891,480.355629,0.415738000000033,40.318318406354116,33.7875,45.7125,1,1,1,1,416,17,17,418.0,17.0,416.0,416,17,16.761857057623274,48191.409012403026
4485,0,266,0,0,494000,496023,480.355629,482.355809,2.0001800000000003,39.84872845345137,33.7875,45.7125,1,1,1,1,2023,80,80,2026.0,80.0,2023.0,2023,80,79.7046296780245,45701.386875181226
4485,0,267,0,0,496023,498080,482.355809,484.357805,2.001995999999963,39.748372733057636,33.7875,45.7125,1,1,1,1,2057,80,80,2058.0,80.0,2057.0,2057,80,79.57608321808948,46113.478748210146
4485,0,268,0,0,498080,500189,484.357805,486.357823,2.0000180000000114,39.71788954858017,33.7875,45.7125,1,1,1,1,2109,80,80,2110.0,80.0,2109.0,2109,80,79.43649401917355,47036.57667080969
4485,0,269,0,0,500189,502210,486.357823,488.358471,2.0006480000000124,39.501747212375385,33.7875,45.7125,1,1,1,1,2021,80,80,2021.0,80.0,2021.0,2021,80,79.02909155694579,45542.244312842355
4485,0,270,0,0,502210,504253,488.358471,490.361068,2.00259699999998,39.31504173273161,33.7875,45.7125,1,1,1,1,2043,80,80,2044.0,80.0,2043.0,2043,80,78.73218462884324,45659.21151384972
4485,0,271,0,0,504253,506232,490.361068,492.361052,1.9999839999999836,39.76560782872875,33.7875,45.7125,1,1,1,1,1979,80,80,1979.0,80.0,1979.0,1979,80,79.53057940773215,46354.37083496706
4485,0,272,0,0,506232,507000,492.361052,493.08624,0.7251880000000028,39.10016058389909,33.7875,45.7125,1,1,1,1,768,29,29,768.0,29.0,768.0,768,29,28.354967253515497,47579.386310859896
4485,0,273,0,0,507000,509142,493.08624,495.088439,2.0021990000000187,39.48139191642299,33.7875,45.7125,1,1,1,1,2142,80,80,2144.0,80.0,2142.0,2142,80,79.04960341367041,45781.16361060971
4485,0,274,0,0,509142,511218,495.088439,497.090456,2.0020170000000235,38.98338554030234,33.7875,45.7125,1,1,1,1,2076,80,80,2077.0,80.0,2076.0,2076,80,78.04540056924088,45919.19049638386
4485,0,275,0,0,511218,513226,497.090456,499.093659,2.003202999999985,39.363025048021086,33.7875,45.7125,1,1,1,1,2008,80,80,2009.0,80.0,2009.0,2008,80,78.8521298652704,46261.412348124824
4485,0,276,0,0,513226,514744,499.093659,501.094397,2.0007380000000126,39.22723387123893,33.7875,45.7125,1,1,1,1,1518,60,60,2032.0,80.0,1517.0,1518,60,78.48341744107529,45066.87032484985
4485,0,277,0,0,514744,516864,501.094397,503.095114,2.0007170000000087,39.58825205068311,33.7875,45.7125,1,1,1,1,2120,80,80,2121.0,80.0,2120.0,2120,80,79.20488887808824,45793.08317967988
4485,0,278,0,0,516864,518895,503.095114,505.095328,2.0002139999999713,39.68302043478841,33.7875,45.7125,1,1,1,1,2031,80,80,2033.0,80.0,2032.0,2031,80,79.37453303594884,45244.15887500103
4485,0,279,0,0,518895,520000,505.095328,506.205425,1.1100969999999961,39.37912373163795,33.7875,45.7125,1,1,1,1,1105,44,44,1108.0,44.0,1104.0,1105,44,43.71464711711815,46056.33561751827
4485,0,280,0,0,520000,522082,506.205425,508.207655,2.0022299999999973,39.590279104610644,33.7875,45.7125,1,1,1,1,2082,80,80,2084.0,80.0,2082.0,2082,80,79.26884453162347,45802.43029022646
4485,0,281,0,0,522082,524104,508.207655,510.207821,2.0001660000000356,39.579725473282046,33.7875,45.7125,1,1,1,1,2022,80,80,2024.0,80.0,2023.0,2022,80,79.166021180994,46180.66700463779
4485,0,282,0,0,524104,526133,510.207821,512.207877,2.000056000000029,39.42716023582417,33.7875,45.7125,1,1,1,1,2029,80,80,2031.0,80.0,2028.0,2029,80,78.85652839262184,45252.23293747709
4485,0,283,0,0,526133,528239,512.207877,514.210216,2.0023389999998926,39.790877376090116,33.7875,45.7125,1,1,1,1,2106,80,80,2107.0,80.0,2106.0,2106,80,79.67482561435827,46329.317862761985
4485,0,284,0,0,528239,530339,514.210216,516.210882,2.000666000000024,39.424051366491035,33.7875,45.7125,1,1,1,1,2100,80,80,2100.0,80.0,2100.0,2100,80,78.87435915119204,46700.448750565505
4485,0,285,0,0,530339,532427,516.210882,518.21143,2.0005479999999807,39.64090497388603,33.7875,45.7125,1,1,1,1,2088,80,80,2088.0,80.0,2088.0,2088,80,79.30353316369656,45697.47889078437
4485,0,286,0,0,532427,533000,518.21143,518.814976,0.6035460000000512,39.72215932054896,33.7875,45.7125,1,1,1,1,573,23,23,577.0,24.0,573.0,573,23,23.974150369282142,45138.23304271371
4485,0,287,0,0,533000,535084,518.814976,520.815824,2.000848000000019,39.96479710962418,33.7875,45.7125,1,1,1,1,2084,80,80,2086.0,80.0,2084.0,2084,80,79.96348436719927,45957.01422596775
4485,0,288,0,0,535084,537205,520.815824,522.817144,2.0013199999999642,39.98535435092643,33.7875,45.7125,1,1,1,1,2121,80,80,2121.0,80.0,2121.0,2121,80,80.02348936959606,47004.47704515104
4485,0,289,0,0,537205,539230,522.817144,524.817438,2.0002940000000535,40.20767396010019,33.7875,45.7125,1,1,1,1,2025,80,80,2025.0,80.0,2025.0,2025,80,80.42716897634818,47576.006327068644
4485,0,290,0,0,539230,541325,524.817438,526.818612,2.001173999999992,39.98773689865947,33.7875,45.7125,1,1,1,1,2095,79,79,2095.0,80.0,2095.0,2095,80,80.02241940043677,46501.70350004567
4485,0,291,0,0,541325,543436,526.818612,528.818934,2.000321999999983,40.23737882889854,33.7875,45.7125,1,1,1,1,2111,80,80,2111.0,79.0,2111.0,2111,79,80.48771409377878,47271.889225835046
4485,0,292,0,1,543436,545497,528.818934,530.819809,2.000874999999951,39.672211499604096,33.7875,45.7125,1,1,1,1,2061,80,80,2061.0,80.0,2061.0,2061,80,80.28088039230715,46099.084067904485
4485,0,293,1,1,545497,546000,530.819809,531.277839,0.45803000000000793,40.04430697128717,33.7875,45.7125,1,1,1,1,503,19,19,504.0,19.0,503.0,503,19,18.34149392206018,45824.50931161635
4485,0,294,1,1,546000,548085,531.277839,533.278541,2.0007020000000466,40.54689604709307,33.7875,45.7125,1,1,1,1,2085,80,80,2089.0,80.0,2085.0,2085,80,81.12225601521277,47122.4600165331
4485,0,295,1,1,548085,550288,533.278541,535.28023,2.001688999999942,40.31945163348535,33.7875,45.7125,1,1,1,1,2203,80,80,2203.0,80.0,2203.0,2203,80,80.70700282077814,48544.00458812673
4485,0,296,1,1,550288,552315,535.28023,537.280511,2.0002810000000864,40.00862890533011,33.7875,45.7125,1,1,1,1,2027,79,79,2027.0,80.0,2027.0,2027,80,80.02850023538485,45609.091922582906
4485,0,297,1,1,552315,554461,537.280511,539.281603,2.0010919999999714,40.231759008607604,33.7875,45.7125,1,1,1,1,2146,80,80,2146.0,79.0,2146.0,2146,79,80.50745109805212,47182.73822492986
4485,0,298,1,1,554461,556657,539.281603,541.283272,2.0016689999999926,40.15171113650656,33.7875,45.7125,1,1,1,1,2196,80,80,2198.0,80.0,2196.0,2196,80,80.37043547890062,47264.557726577346
4485,0,299,1,1,556657,558758,541.283272,543.284275,2.001002999999969,40.33685372478169,33.7875,45.7125,1,1,1,1,2101,80,80,2105.0,80.0,2101.0,2101,80,80.71416531384966,46425.717502673135
4485,0,300,1,1,558758,559000,543.284275,543.508519,0.22424399999999878,39.84043174386698,33.7875,45.7125,1,1,1,1,242,9,9,242.0,9.0,242.0,242,9,8.933977775970561,46355.75533793571
4485,0,301,1,1,559000,561040,543.508519,545.50873,2.0002110000000357,40.06128296618746,33.7875,45.7125,1,1,1,1,2040,80,80,2044.0,80.0,2040.0,2040,80,80.13101886308141,46231.622563818695
4485,0,302,1,1,561040,563124,545.50873,547.514991,2.006260999999995,40.29832842001784,33.7875,45.7125,1,1,1,1,2084,80,80,2084.0,80.0,2084.0,2084,80,80.84896467427461,47356.74969507967
4485,0,303,1,1,563124,565124,547.514991,549.515492,2.0005009999999857,39.76282889448194,33.7875,45.7125,1,1,1,1,2000,80,80,2000.0,80.0,2000.0,2000,80,79.54557896624101,45428.6201306576
4485,0,304,1,1,565124,567232,549.515492,551.516009,2.000517000000059,40.12091720611871,33.7875,45.7125,1,1,1,1,2108,80,80,2109.0,80.0,2108.0,2108,80,80.26257692643412,47153.81073992234
4485,0,305,1,1,567232,569224,551.516009,553.517459,2.001449999999977,39.82569897166373,33.7875,45.7125,1,1,1,1,1992,79,79,1994.0,80.0,1992.0,1992,79,79.70914520683436,45971.17090109723
4485,0,306,1,1,569224,571301,553.517459,555.517683,2.000224000000003,39.79789815984076,33.7875,45.7125,1,1,1,1,2077,80,80,2078.0,80.0,2077.0,2077,80,79.60471104886892,46975.238773257326
4485,0,307,1,1,571301,572000,555.517683,556.163143,0.6454599999999573,40.1969198729911,33.7875,45.7125,1,1,1,1,699,26,26,699.0,26.0,699.0,699,26,25.945503901217307,47837.201375766184
4485,0,308,1,1,572000,574062,556.163143,558.16409,2.0009469999999965,40.053231394549215,33.7875,45.7125,1,1,1,1,2062,80,80,2064.0,80.0,2062.0,2062,80,80.14439319922894,47053.220300187946
4485,0,309,1,1,574062,576082,558.16409,560.164471,2.0003810000000612,39.81901136585053,33.7875,45.7125,1,1,1,1,2020,80,79,2021.0,80.0,2020.0,2020,79,79.65319377503329,45861.26342931531
4485,0,310,1,1,576082,578136,560.164471,562.165865,2.001394000000005,40.280800158396616,33.7875,45.7125,1,1,1,1,2054,80,80,2054.0,80.0,2054.0,2054,80,80.61775175221555,46561.54660201828
4485,0,311,1,1,578136,580192,562.165865,564.166329,2.0004639999999654,39.89747783203331,33.7875,45.7125,1,1,1,1,2056,80,80,2056.0,80.0,2056.0,2056,80,79.8134680937801,47136.06443305235
4485,0,312,1,1,580192,582344,564.166329,566.166854,2.000524999999925,40.40665726596299,33.7875,45.7125,1,1,1,1,2152,80,80,2152.0,80.0,2152.0,2152,80,80.83452802698594,46964.171904876726
4485,0,313,1,1,582344,584457,566.166854,568.167189,2.0003350000000637,40.15439824296116,33.7875,45.7125,1,1,1,1,2113,80,80,2113.0,80.0,2113.0,2113,80,80.32224820933698,47307.57598102167
4485,0,314,1,1,584457,585000,568.167189,568.716392,0.5492030000000341,40.36009187548474,33.7875,45.7125,1,1,1,1,543,22,22,543.0,22.0,543.0,543,22,22.16588353829502,46793.262236365066
4485,0,315,1,1,585000,587116,568.716392,570.716517,2.000124999999912,39.62736750517297,33.7875,45.7125,1,1,1,1,2116,78,78,2119.0,79.0,2116.0,2116,78,79.25968843128067,46303.6060246255
4485,0,316,1,1,587116,589254,570.716517,572.71669,2.000173000000018,39.93821035194185,33.7875,45.7125,1,1,1,1,2138,80,80,2140.0,80.0,2138.0,2138,80,79.883330014276,46646.965037523834
4485,0,317,1,1,589254,591298,572.71669,574.717236,2.0005459999999857,39.57469178977104,33.7875,45.7125,1,1,1,1,2044,80,80,2045.0,80.0,2044.0,2044,80,79.17099136125762,46279.36573315518
4485,0,318,1,1,591298,593426,574.717236,576.717354,2.000118000000043,39.44495924328793,33.7875,45.7125,1,1,1,1,2128,80,80,2129.0,80.0,2128.0,2128,80,78.89457299176865,46271.26999506929
4485,0,319,1,1,593426,595434,576.717354,578.718686,2.0013320000000476,39.81580056512111,33.7875,45.7125,1,1,1,1,2008,80,80,2022.0,80.0,2008.0,2008,80,79.68463577659713,45453.228150050985
4485,0,320,1,1,595434,597491,578.718686,580.719162,2.000475999999935,39.71894510738333,33.7875,45.7125,1,1,1,1,2057,80,80,2061.0,80.0,2057.0,2057,80,79.45679643263429,46600.9089836634
4485,0,321,1,1,597491,598000,580.719162,581.208862,0.4896999999999707,39.5549716894953,33.7875,45.7125,1,1,1,1,509,20,20,509.0,20.0,509.0,509,20,19.37006963634485,47228.915662653424
4485,0,322,1,1,598000,600097,581.208862,583.209234,2.000372000000084,39.71073843055481,33.7875,45.7125,1,1,1,1,2097,80,80,2098.0,80.0,2097.0,2097,80,79.43624925581025,46272.893241855076
4485,0,323,1,1,600097,602156,583.209234,585.209786,2.0005519999999706,39.677077423391125,33.7875,45.7125,1,1,1,1,2059,79,79,2059.0,79.0,2059.0,2059,79,79.37605659351902,46029.7957763664
4485,0,324,1,1,602156,604378,585.209786,587.212292,2.0025060000000394,39.62080467503618,33.7875,45.7125,1,1,1,1,2222,80,80,2224.0,81.0,2222.0,2222,81,79.34089908659007,46793.86728429186
4485,0,325,1,1,604378,606544,587.212292,589.213123,2.0008309999999483,39.39623523067925,33.7875,45.7125,1,1,1,1,2166,80,80,2166.0,79.0,2166.0,2166,79,78.82520873283283,46923.50328438655
4485,0,326,1,1,606544,608594,589.213123,591.214207,2.0010839999999916,39.61221744895663,33.7875,45.7125,1,1,1,1,2050,80,80,2052.0,80.0,2050.0,2050,80,79.26737454162867,47078.983191110616
4485,0,327,1,1,608594,610692,591.214207,593.215065,2.000857999999994,39.93616413779924,33.7875,45.7125,1,1,1,1,2098,80,80,2098.0,80.0,2098.0,2098,80,79.90659350442729,46527.03989988309
4485,0,328,1,1,610692,611000,593.215065,593.482432,0.26736700000003566,40.09503174243408,33.7875,45.7125,1,1,1,1,308,11,11,308.0,11.0,308.0,308,11,10.720088351881714,46434.3019145906
4485,0,329,1,1,611000,613028,593.482432,595.483312,2.0008799999999383,39.8081913000701,33.7875,45.7125,1,1,1,1,2028,80,80,2030.0,80.0,2028.0,2028,80,79.65141380848218,46227.65982967637
4485,0,330,1,1,613028,615094,595.483312,597.484133,2.0008210000000872,39.674789346580134,33.7875,45.7125,1,1,1,1,2066,80,80,2067.0,80.0,2066.0,2066,80,79.38215169521573,45777.70825076107
4485,0,331,1,1,615094,617184,597.484133,599.484256,2.000122999999917,39.74446757296186,33.7875,45.7125,1,1,1,1,2090,80,80,2091.0,80.0,2090.0,2090,80,79.49382371543106,46029.66917534763
4485,0,332,1,1,617184,619228,599.484256,601.484338,2.0000820000000203,39.30901408836717,33.7875,45.7125,1,1,1,1,2044,80,80,2046.0,80.0,2044.0,2044,80,78.62125151589134,45622.129492690336
4485,0,333,1,1,619228,621320,601.484338,603.485642,2.0013040000000046,39.850145560465954,33.7875,45.7125,1,1,1,1,2092,80,80,2092.0,80.0,2092.0,2092,80,79.75225571074407,46805.48282519786
4485,0,334,1,1,621320,623371,603.485642,605.487006,2.001363999999967,39.00666349675875,33.7875,45.7125,1,1,1,1,2051,80,80,2052.0,80.0,2051.0,2051,80,78.06653208252465,46539.26022452764
4485,0,335,1,1,623371,624000,605.487006,606.080169,0.5931630000000041,38.74914730408306,33.7875,45.7125,1,1,1,1,629,23,23,629.0,23.0,629.0,629,23,22.98456046233332,45658.61323110142
4485,0,336,1,1,624000,626049,606.080169,608.083811,2.0036420000000135,38.727159287035164,33.7875,45.7125,1,1,1,1,2049,80,80,2052.0,80.0,2050.0,2049,80,77.59536288819436,46025.18813241057
4485,0,337,1,1,626049,628045,608.083811,610.087268,2.003457000000026,39.18762302568255,33.7875,45.7125,1,1,1,1,1996,80,80,1995.0,80.0,1995.0,1996,80,78.51071766416499,45129.99280743177
4485,0,338,1,1,628045,629959,610.087268,612.08756,2.0002920000000586,38.84217404560999,33.7875,45.7125,1,1,1,1,1914,78,78,1972.0,80.0,1914.0,1914,78,77.69569000604315,45034.42497395248
4485,0,339,1,1,629959,632054,612.08756,614.087706,2.0001459999999724,39.60127022501925,33.7875,45.7125,1,1,1,1,2095,80,80,2095.0,80.0,2095.0,2095,80,79.2083222354886,46207.12687973842
4485,0,340,1,1,632054,634078,614.087706,616.088596,2.0008900000000267,39.318630994452334,33.7875,45.7125,1,1,1,1,2024,79,79,2026.0,80.0,2024.0,2024,79,78.67225557049096,45273.35335775519
4485,0,341,1,1,634078,636179,616.088596,618.088601,2.0000049999999874,39.54533247953661,33.7875,45.7125,1,1,1,1,2101,80,80,2102.0,80.0,2101.0,2101,80,79.09086268573446,47072.8823177945
4485,0,342,1,1,636179,637000,618.088601,618.898332,0.8097309999999425,39.09555379536438,33.7875,45.7125,1,1,1,1,821,32,32,821.0,33.0,821.0,821,33,31.656881870272628,46531.50243723246
4485,0,343,1,1,637000,639080,618.898332,620.898995,2.0006630000000314,39.54843076308722,33.7875,45.7125,1,1,1,1,2080,80,80,2083.0,79.0,2080.0,2080,79,79.12308213577126,46476.59300941665
4485,0,344,1,1,639080,641098,620.898995,622.899117,2.000122000000033,39.5489694216903,33.7875,45.7125,1,1,1,1,2018,80,80,2018.0,80.0,2018.0,2018,80,79.10276381765289,45183.2438221261
4485,0,345,1,1,641098,643188,622.899117,624.900685,2.0015679999999065,39.325419967548356,33.7875,45.7125,1,1,1,1,2090,80,80,2090.0,80.0,2090.0,2090,80,78.71250219360081,45884.526531201685
4485,0,346,1,1,643188,645362,624.900685,626.901649,2.0009640000000672,40.03102143799586,33.7875,45.7125,1,1,1,1,2174,80,80,2177.0,80.0,2174.0,2174,80,80.10063278066082,46847.91930289443
4485,0,347,1,1,645362,647441,626.901649,628.902796,2.0011469999999463,39.66658690757472,33.7875,45.7125,1,1,1,1,2079,80,80,2079.0,80.0,2079.0,2079,80,79.37867139033187,46948.07527882885
4485,0,348,1,1,647441,649613,628.902796,630.905465,2.0026690000000826,39.994866315888856,33.7875,45.7125,1,1,1,1,2172,80,80,2175.0,80.0,2172.0,2172,80,80.09647892997964,46496.94982046267
4485,0,349,1,1,649613,650000,630.905465,631.314932,0.4094669999999496,40.1933548598754,33.7875,45.7125,1,1,1,1,387,17,17,387.0,17.0,387.0,387,17,16.45785243440696,45112.30453248314
4485,0,350,1,1,650000,652024,631.314932,633.315749,2.0008169999999836,39.85089307142895,33.7875,45.7125,1,1,1,1,2024,80,80,2030.0,80.0,2024.0,2024,80,79.73434432249633,46280.594377197296
4485,0,351,1,1,652024,654088,633.315749,635.316995,2.0012460000000374,39.97636029979465,33.7875,45.7125,1,1,1,1,2064,78,78,2065.0,80.0,2064.0,2064,79,80.00253114452426,46579.980672040445
4485,0,352,1,1,654088,656092,635.316995,637.317026,2.0000310000000354,39.709140526295506,33.7875,45.7125,1,1,1,1,2004,80,80,2005.0,79.0,2004.0,2004,79,79.41951203594726,46213.78368635204
4485,0,353,1,1,656092,658141,637.317026,639.317421,2.000394999999912,39.85201910874313,33.7875,45.7125,1,1,1,1,2049,79,79,2050.0,80.0,2049.0,2049,79,79.71977976502967,46413.83326793162
4485,0,354,1,1,658141,660232,639.317421,641.317417,1.99999600000001,39.956367952956604,33.7875,45.7125,1,1,1,1,2091,80,80,2093.0,80.0,2091.0,2091,80,79.9125760804418,46176.092352184474
4485,0,355,1,1,660232,662290,641.317417,643.318244,2.000827000000072,39.810750969539875,33.7875,45.7125,1,1,1,1,2058,80,80,2059.0,80.0,2058.0,2058,80,79.65442543013341,46707.68637168362
4485,0,356,1,1,662290,663000,643.318244,644.01158,0.6933359999999311,39.60042072192917,33.7875,45.7125,1,1,1,1,710,28,28,712.0,28.0,710.0,710,28,27.45639730165567,45790.20849920263
4485,0,357,1,1,663000,665074,644.01158,646.011833,2.0002530000000434,39.84504115210063,33.7875,45.7125,1,1,1,1,2074,80,80,2075.0,80.0,2074.0,2074,80,79.70016309961284,45674.722147647335
4485,0,358,1,1,665074,667175,646.011833,648.012125,2.000291999999945,39.84906048814409,33.7875,45.7125,1,1,1,1,2101,80,80,2102.0,80.0,2101.0,2101,80,79.70975690194973,46201.75454383787
4485,0,359,1,1,667175,669212,648.012125,650.012313,2.00018799999998,40.112533773810654,33.7875,45.7125,1,1,1,1,2037,80,80,2037.0,80.0,2037.0,2037,80,80.23260870396916,47503.534667741704
4485,0,360,1,1,669212,671294,650.012313,652.012455,2.0001420000000962,40.090373398949914,33.7875,45.7125,1,1,1,1,2082,80,80,2083.0,80.0,2082.0,2082,80,80.18643963092472,46678.68581330501
4485,0,361,1,1,671294,673316,652.012455,654.012748,2.0002929999999424,40.14059949110975,33.7875,45.7125,1,1,1,1,2022,79,79,2024.0,79.0,2022.0,2022,79,80.29296017786692,46249.22448861375
4485,0,362,1,1,673316,675464,654.012748,656.01273,1.9999820000000454,39.941068383754384,33.7875,45.7125,1,1,1,1,2148,80,80,2149.0,80.0,2148.0,2148,80,79.88141782828097,46013.41412072604
4485,0,363,1,1,675464,676000,656.01273,656.519523,0.506793000000016,40.31669261821395,33.7875,45.7125,1,1,1,1,536,21,21,536.0,21.0,536.0,536,21,20.432217602061428,48542.50157361925
4485,0,364,1,1,676000,678120,656.519523,658.519746,2.0002230000000054,40.316980643789506,33.7875,45.7125,1,1,1,1,2120,80,80,2123.0,80.0,2120.0,2120,80,80.64295197426327,47657.186223735924
4485,0,365,1,1,678120,678958,658.519746,660.520652,2.0009059999999863,15.626070610290812,33.7875,45.7125,1,0,0,1,838,79,79,838.0,80.0,838.0,838,80,31.266298440554237,17931.377086180084
4485,0,366,1,1,678958,679038,660.520652,662.522928,2.002275999999938,0.9637456854604024,33.7875,45.7125,1,0,0,0,80,80,80,80.0,80.0,80.0,80,80,1.92968485610254,726.1736144268048
4485,0,367,1,1,679038,679118,662.522928,664.525205,2.002277000000049,0.9624442906750996,33.7875,45.7125,1,0,0,0,80,80,80,80.0,80.0,80.0,80,80,1.9270800669983146,701.2016818851565
4485,0,368,1,1,679118,679199,664.525205,666.527483,2.002277999999933,0.9626000267242186,33.7875,45.7125,1,0,0,0,81,80,80,81.0,80.0,81.0,81,80,1.9273928563088703,712.188816937532
4485,0,369,1,1,679199,679279,666.527483,668.529758,2.002275000000054,0.96379811150185,33.7875,45.7125,1,0,0,0,80,80,80,80.0,80.0,80.0,80,80,1.9297888637083815,694.2103357430734
4485,0,370,1,1,679279,679359,668.529758,670.532036,2.002277999999933,0.9640571562586389,33.7875,45.7125,1,0,0,0,80,80,80,80.0,80.0,80.0,80,80,1.9303104347200133,679.7257923225674
4485,0,371,1,1,679359,679439,670.532036,672.534314,2.0022780000000466,0.9633806318319,33.7875,45.7125,1,0,0,0,80,80,80,80.0,80.0,80.0,80,80,1.928955844741722,681.2240857662963
4485,0,372,1,1,679439,679587,672.534314,674.53659,2.0022760000000517,1.7227027696248074,33.7875,45.7125,1,0,0,0,148,80,80,148.0,80.0,148.0,148,80,3.4493264107550203,2193.503792683869
4485,0,373,1,1,679587,679752,674.53659,676.538866,2.002275999999938,1.9836332976008106,33.7875,45.7125,1,0,0,0,165,80,80,165.0,80.0,165.0,165,80,3.9717813445859065,2754.864963671427
4485,0,374,1,1,679752,679945,676.538866,678.541143,2.002277000000049,2.395323742039879,33.7875,45.7125,1,0,0,1,193,80,80,193.0,80.0,193.0,193,80,4.796101636238745,3216.837630357759
4485,0,375,1,1,679945,680171,678.541143,680.54342,2.0022769999999355,3.544843397781939,33.7875,45.7125,1,0,0,1,226,80,80,226.0,80.0,226.0,226,80,7.097758403979242,4483.895085445365
4485,0,376,1,1,680171,680570,680.54342,682.544411,2.000990999999999,6.222082241619083,33.7875,45.7125,1,0,0,1,399,80,80,399.0,79.0,399.0,399,79,12.450330566738558,7795.637261736813
4485,0,377,1,1,680570,681007,682.544411,684.547974,2.0035629999999855,7.897390232301108,33.7875,45.7125,1,0,0,1,437,80,80,437.0,81.0,437.0,437,81,15.822918866000691,9428.20365518835
4485,0,378,1,1,681007,681579,684.547974,686.548835,2.0008610000001,10.969883247224644,33.7875,45.7125,1,0,0,1,572,80,80,572.0,79.0,572.0,572,79,21.949211563925928,13156.336197266419
4485,0,379,1,1,681579,682290,686.548835,688.55152,2.0026849999999286,13.176066352085652,33.7875,45.7125,1,0,0,1,711,80,80,711.0,80.0,711.0,711,80,26.38751044232413,16571.752422373556
4485,0,380,1,1,682290,683077,688.55152,690.552392,2.000872000000072,14.624945999734072,33.7875,45.7125,1,0,0,1,787,80,80,787.0,80.0,787.0,787,80,29.26264495238138,17587.331923280813
4485,0,381,1,1,683077,683997,690.552392,692.55691,2.004517999999962,16.988262496057466,33.7875,45.7125,1,0,0,1,920,80,80,920.0,80.0,920.0,920,80,34.05327796206984,19976.373372551785
4485,0,382,1,1,683997,685008,692.55691,694.55879,2.0018800000000283,18.942726155846085,33.7875,45.7125,1,0,0,1,1011,80,80,1011.0,80.0,1011.0,1011,80,37.921064636866504,22702.659500069614
4485,0,383,1,1,685008,686123,694.55879,696.559239,2.0004490000000033,20.265525710463695,33.7875,45.7125,1,0,0,1,1115,80,80,1116.0,80.0,1115.0,1115,80,40.540150641973014,24442.012768133514
4485,0,384,1,1,686123,687346,696.559239,698.560195,2.0009559999999738,23.23666603628995,33.7875,45.7125,1,0,0,1,1223,80,80,1228.0,80.0,1223.0,1223,80,46.49554632530999,27555.32855295205
4485,0,385,1,1,687346,688662,698.560195,700.560769,2.0005740000000287,24.974912828651767,33.7875,45.7125,1,0,0,1,1316,80,80,1316.0,80.0,1316.0,1316,80,49.964161257266824,30043.377550642534
4485,0,386,1,1,688662,689000,700.560769,701.019064,0.4582949999999073,26.878556986094647,33.7875,45.7125,1,0,0,1,338,19,19,338.0,19.0,338.0,338,19,12.318308273941511,32878.38619230637
4485,0,387,1,1,689000,690495,701.019064,703.019537,2.0004730000000563,27.306289267286907,33.7875,45.7125,1,0,0,1,1495,80,80,1498.0,80.0,1495.0,1495,80,54.625494409399835,33087.67476491717
4485,0,388,1,1,690495,691944,703.019537,705.021253,2.0017159999999876,28.388644300198003,33.7875,45.7125,1,0,0,1,1449,79,79,1449.0,80.0,1449.0,1449,80,56.82600351401561,33320.41108728731
4485,0,389,1,1,691944,693557,705.021253,707.023529,2.0022760000000517,30.833942210816545,33.7875,45.7125,1,0,0,1,1613,80,80,1614.0,80.0,1613.0,1613,80,61.73806247410539,36467.000553369326
4485,0,390,1,1,693557,695268,707.023529,709.025807,2.002277999999933,32.76986431085925,33.7875,45.7125,1,0,0,1,1711,80,80,1711.0,80.0,1711.0,1711,80,65.61437837261474,38749.364473865564
4485,0,391,1,1,695268,697075,709.025807,711.027919,2.002112000000011,34.96692425423512,33.7875,45.7125,1,1,0,1,1807,80,80,1807.0,79.0,1807.0,1807,79,70.00769865249458,40765.95115557948
4485,0,392,1,1,697075,699008,711.027919,713.030003,2.002083999999968,37.202031173629166,33.7875,45.7125,1,1,1,1,1933,80,80,1934.0,80.0,1934.0,1933,80,74.48159138022311,43425.2508885748
4485,0,393,1,1,699008,700349,713.030003,715.032639,2.0026360000000523,26.432331490210775,33.7875,45.7125,1,0,0,1,1341,80,80,1341.0,81.0,1340.0,1341,81,52.934338606231904,30602.66568662423
4485,0,394,1,1,700349,700430,715.032639,717.034914,2.0022749999999405,0.9635899498279464,33.7875,45.7125,1,0,0,0,81,80,80,81.0,80.0,81.0,81,80,1.9293720667919843,687.2182891960599
4485,0,395,1,1,700430,700510,717.034914,719.037191,2.002277000000049,0.962756532874133,33.7875,45.7125,1,0,0,0,80,80,80,80.0,80.0,80.0,80,80,1.9277052623729105,697.2062307063237
4485,0,396,1,1,700510,700590,719.037191,721.039467,2.002275999999938,0.9634334431054253,33.7875,45.7125,1,0,0,0,80,80,80,80.0,80.0,80.0,80,80,1.929059660727944,672.2349965739197
4485,0,397,1,1,700590,700670,721.039467,723.041745,2.0022780000000466,0.965410205111985,33.7875,45.7125,1,0,0,0,80,80,80,80.0,80.0,80.0,80,80,1.9330196146729577,701.700762831119
4485,0,398,1,1,700670,700751,723.041745,725.044021,2.0022760000000517,0.9642660893853204,33.7875,45.7125,1,0,0,0,81,80,80,81.0,80.0,81.0,81,80,1.9307268483898952,701.7014637342523
4485,0,399,1,1,700751,700831,725.044021,727.046298,2.0022769999999355,0.9652024300999393,33.7875,45.7125,1,0,0,0,80,80,80,80.0,80.0,80.0,80,80,1.9326026261333027,695.2085051169468
4485,0,400,1,1,700831,700911,727.046298,729.048576,2.0022780000000466,0.9642132772801401,33.7875,45.7125,1,0,0,0,80,80,80,80.0,80.0,80.0,80,80,1.9306230324073113,667.7394447723887
4485,0,401,1,1,700911,700991,729.048576,731.050853,2.0022769999999355,0.9647861071678948,33.7875,45.7125,1,0,0,0,80,80,80,80.0,80.0,80.0,80,80,1.9317690323005081,693.2107795275302
4485,0,402,1,1,700991,701071,731.050853,733.053132,2.002279000000044,0.9656700202310606,33.7875,45.7125,1,0,0,0,80,80,80,80.0,80.0,80.0,80,80,1.933540802438074,663.7436640947494
4485,0,403,1,1,701071,701151,733.053132,735.055405,2.0022729999999456,0.9631223566849536,33.7875,45.7125,1,0,0,0,80,80,80,80.0,80.0,80.0,80,80,1.928433890487213,718.6832165244396
4485,0,404,1,1,701151,701231,735.055405,737.057681,2.0022760000000517,0.9588538885657166,33.7875,45.7125,1,0,0,0,80,80,80,80.0,80.0,80.0,80,80,1.9198901285817556,691.7128307985334
4485,0,405,1,1,701231,701312,737.057681,739.059958,2.002277000000049,0.9524525403060272,33.7875,45.7125,1,0,0,0,81,80,80,81.0,80.0,81.0,81,80,1.9070738150476245,639.7716200106022
4485,0,406,1,1,701312,701393,739.059958,741.062237,2.0022789999999304,0.9508905709061596,33.7875,45.7125,1,0,0,0,81,80,80,81.0,80.0,81.0,81,80,1.9039482214247982,691.7117944102936
4485,0,407,1,1,701393,701473,741.062237,743.064511,2.0022740000000567,0.9503720624760404,33.7875,45.7125,1,0,0,0,80,80,80,80.0,80.0,80.0,80,80,1.9029052710211545,689.7157931431766
4485,0,408,1,1,701473,701553,743.064511,745.066789,2.002277999999933,0.9492776995523766,33.7875,45.7125,1,0,0,0,80,80,80,80.0,80.0,80.0,80,80,1.9007178537030995,672.7337562516519
4485,0,409,1,1,701553,701648,745.066789,747.068428,2.0016390000000683,1.0649818957161328,33.7875,45.7125,1,0,0,0,95,80,80,95.0,79.0,95.0,95,79,2.131709296758345,931.7364419857608
4485,0,410,1,1,701648,701801,747.068428,749.07036,2.0019320000000107,1.9106557626133314,33.7875,45.7125,1,0,0,0,153,80,80,153.0,80.0,153.0,153,80,3.825002912159107,2528.557413538508
4485,0,411,1,1,701801,701971,749.07036,751.073619,2.0032589999999573,1.9819737342772659,33.7875,45.7125,1,0,0,0,170,80,80,170.0,81.0,170.0,170,81,3.9704067209531786,2672.14573851914
4485,0,412,1,1,701971,702000,751.073619,751.499113,0.42549399999995785,2.016542719189346,33.7875,45.7125,1,0,0,1,29,17,17,29.0,17.0,29.0,29,17,0.8580268277582945,2702.7408142068134
4485,0,413,1,1,702000,702228,751.499113,753.50138,2.0022670000000744,3.5192561567088188,33.7875,45.7125,1,0,0,1,228,80,80,228.0,80.0,228.0,228,80,7.046490467124386,4511.386343579385
4485,0,414,1,1,702228,702569,753.50138,755.503656,2.002275999999938,5.122397530616251,33.7875,45.7125,1,0,0,1,341,80,80,341.0,80.0,341.0,341,80,10.256453638012317,6561.033543827328
4485,0,415,1,1,702569,703005,755.503656,757.505933,2.002277000000049,6.895670556709867,33.7875,45.7125,1,0,0,1,436,80,80,437.0,80.0,437.0,436,80,13.807042555275984,8584.226857722273
4485,0,416,1,1,703005,703616,757.505933,759.50699,2.001056999999946,11.083802719953326,33.7875,45.7125,1,0,0,1,611,80,80,610.0,79.0,610.0,611,79,22.17932101938277,13334.452741726356
4485,0,417,1,1,703616,704318,759.50699,761.510403,2.003413000000023,12.604533736472304,33.7875,45.7125,1,0,0,1,702,80,80,702.0,80.0,702.0,702,80,25.25208674658643,15278.926511907253
4485,0,418,1,1,704318,705127,761.510403,763.511808,2.001404999999977,14.433675274608758,33.7875,45.7125,1,0,0,1,809,80,80,809.0,80.0,809.0,809,80,28.88762986297661,17675.58290301084
4485,0,419,1,1,705127,705995,763.511808,765.51227,2.0004619999999704,16.55972839754087,33.7875,45.7125,1,0,0,1,868,80,80,868.0,80.0,868.0,868,80,33.127107389602315,19685.45266043573
4485,0,420,1,1,705995,706997,765.51227,767.513051,2.0007810000000745,17.828530105445182,33.7875,45.7125,1,0,0,1,1002,80,80,1003.0,80.0,1002.0,1002,80,35.670984292904905,20826.36730356718
4485,0,421,1,1,706997,708079,767.513051,769.514243,2.0011919999999463,19.68807793472721,33.7875,45.7125,1,0,0,1,1082,80,80,1083.0,80.0,1082.0,1082,80,39.39962405835104,23894.259021623755
4485,0,422,1,1,708079,709260,769.514243,771.519834,2.0055909999999812,22.455579176926275,33.7875,45.7125,1,0,0,1,1181,80,80,1181.0,80.0,1181.0,1181,80,45.036707497030875,26439.58813137898
4485,0,423,1,1,709260,710549,771.519834,773.522957,2.0031230000000733,24.479423769748262,33.7875,45.7125,1,0,0,1,1289,80,80,1289.0,80.0,1289.0,1289,80,49.03529677992992,28631.292237170608
4485,0,424,1,1,710549,711952,773.522957,775.522942,1.9999849999999242,26.515097915803878,33.7875,45.7125,1,0,0,1,1403,80,80,1406.0,80.0,1404.0,1403,80,53.02979810513716,31136.233521752594
4485,0,425,1,1,711952,713477,775.522942,777.523957,2.001015000000052,28.189917154867498,33.7875,45.7125,1,0,0,1,1525,80,80,1525.0,80.0,1524.0,1525,80,56.40844707564975,33130.186430385715
4485,0,426,1,1,713477,715000,777.523957,779.360215,1.8362580000000435,29.259236094378966,33.7875,45.7125,1,0,0,1,1523,74,74,1523.0,74.0,1523.0,1523,74,53.727506352191995,34694.471038382675
4485,0,427,1,1,715000,716653,779.360215,781.364313,2.004097999999999,31.694749872952663,33.7875,45.7125,1,0,0,1,1653,80,80,1653.0,80.0,1653.0,1653,80,63.51938483088452,37485.192839871124
4485,0,428,1,1,716653,718322,781.364313,783.365157,2.0008439999999155,33.713060371842204,33.7875,45.7125,1,0,0,1,1669,80,80,1669.0,80.0,1669.0,1669,80,67.45457456663644,38312.83198490399
4485,0,429,1,1,718322,720206,783.365157,785.365314,2.0001570000000584,34.85968347540676,33.7875,45.7125,1,1,0,1,1884,80,80,1885.0,80.0,1884.0,1884,80,69.72483992112029,41197.26601461665
4485,0,430,1,1,720206,722154,785.365314,787.367161,2.001846999999998,37.34226739267018,33.7875,45.7125,1,1,1,1,1948,80,80,1948.0,80.0,1948.0,1948,80,74.75350595321288,42539.2150349153
4485,0,431,1,1,722154,723402,787.367161,789.367163,2.000001999999995,24.44073848923969,33.7875,45.7125,1,0,0,1,1248,79,79,1248.0,80.0,1248.0,1248,80,48.88152585995704,27528.4724715276
4485,0,432,1,1,723402,723482,789.367163,791.369439,2.0022760000000517,0.9596344944531596,33.7875,45.7125,1,0,0,0,80,80,80,80.0,80.0,80.0,80,80,1.9214531170146074,677.728744688527
4485,0,433,1,1,723482,723562,791.369439,793.371717,2.002277999999933,0.9567715085865377,33.7875,45.7125,1,0,0,0,80,80,80,80.0,80.0,80.0,80,80,1.915722542667936,651.258216890983
4485,0,434,1,1,723562,723642,793.371717,795.373994,2.002277000000049,0.9553147604638343,33.7875,45.7125,1,0,0,0,80,80,80,80.0,80.0,80.0,80,80,1.9128047726371733,627.7852664741038
4485,0,435,1,1,723642,723722,795.373994,797.376271,2.0022769999999355,0.9572402540245846,33.7875,45.7125,1,0,0,0,80,80,80,80.0,80.0,80.0,80,80,1.9166601441065723,657.251718918033
4485,0,436,1,1,723722,723802,797.376271,799.378547,2.0022760000000517,0.9554712630534642,33.7875,45.7125,1,0,0,0,80,80,80,80.0,80.0,80.0,80,80,1.9131171787012136,641.270234473153
4485,0,437,1,1,723802,723882,799.378547,801.380824,2.0022769999999355,0.9536494687356988,33.7875,45.7125,1,0,0,0,80,80,80,80.0,80.0,80.0,80,80,1.909470397313271,644.2665025868257
4485,0,438,1,1,723882,723962,801.380824,803.3831,2.0022760000000517,0.9559916669784263,33.7875,45.7125,1,0,0,0,80,80,80,80.0,80.0,80.0,80,80,1.9141591709922068,650.2600041153
4485,0,439,1,1,723962,724042,803.3831,805.385378,2.002277999999933,0.9602061710605284,33.7875,45.7125,1,0,0,0,80,80,80,80.0,80.0,80.0,80,80,1.9225996917775774,630.2821086782366
4485,0,440,1,1,724042,724182,805.385378,807.386333,2.00095500000009,1.6408626402721787,33.7875,45.7125,1,0,0,0,140,80,80,140.0,79.0,140.0,140,79,3.283292304364295,1963.562398954411
4485,0,441,1,1,724182,724355,807.386333,809.388653,2.0023199999999406,1.9693351648318551,33.7875,45.7125,1,0,0,0,173,80,80,173.0,80.0,173.0,173,80,3.943239187246945,2647.428982380517
4485,0,442,1,1,724355,724566,809.388653,811.389702,2.00104900000008,2.533730405646075,33.7875,45.7125,1,0,0,1,211,80,80,211.0,80.0,211.0,211,80,5.070118694486155,3305.7661256669553
4485,0,443,1,1,724566,724804,811.389702,813.394486,2.0047839999999724,3.5152342488504957,33.7875,45.7125,1,0,0,1,238,80,80,238.0,81.0,238.0,238,81,7.047285378346714,4463.822536492771
4485,0,444,1,1,724804,725181,813.394486,815.396762,2.002275999999938,6.250737320718727,33.7875,45.7125,1,0,0,1,377,80,80,377.0,80.0,377.0,377,80,12.515701319578511,7892.518314158732
4485,0,445,1,1,725181,725618,815.396762,817.399038,2.0022760000000517,8.094424346073438,33.7875,45.7125,1,0,0,1,437,80,80,437.0,80.0,437.0,437,80,16.207271601957473,9893.740922829564
4485,0,446,1,1,725618,726290,817.399038,819.399001,1.9999629999999797,10.921684387151684,33.7875,45.7125,1,0,0,1,672,80,80,672.0,79.0,672.0,672,79,21.842964671981463,13282.745730796154
4485,0,447,1,1,726290,727024,819.399001,821.402891,2.0038899999999558,13.609517490461135,33.7875,45.7125,1,0,0,1,734,80,80,734.0,80.0,734.0,734,80,27.271976003958116,16199.991017471377
4485,0,448,1,1,727024,727866,821.402891,823.405868,2.002977000000101,15.177859704510961,33.7875,45.7125,1,0,0,1,842,80,80,843.0,81.0,842.0,842,81,30.400903897363605,17610.287087669116
4485,0,449,1,1,727866,728000,823.405868,823.715196,0.30932799999993676,16.909486695457485,33.7875,45.7125,1,0,0,1,134,13,13,134.0,12.0,134.0,134,12,5.230577700531285,20227.719443442817
4485,0,450,1,1,728000,728931,823.715196,825.715927,2.0007309999999734,17.026200822161773,33.7875,45.7125,1,0,0,1,931,80,80,932.0,80.0,931.0,931,80,34.06484779712264,19965.70253572346
4485,0,451,1,1,728931,729989,825.715927,827.715937,2.0000100000000884,19.415450405814745,33.7875,45.7125,1,0,0,1,1058,80,80,1058.0,80.0,1058.0,1058,80,38.831094966135424,23099.384503076464
4485,0,452,1,1,729989,731167,827.715937,829.718407,2.002469999999903,20.85756602474756,33.7875,45.7125,1,0,0,1,1178,80,80,1178.0,80.0,1178.0,1178,80,41.76665023757596,25604.877975701253
4485,0,453,1,1,731167,732391,829.718407,831.719041,2.000633999999991,23.74578955491022,33.7875,45.7125,1,0,0,1,1224,80,80,1224.0,80.0,1224.0,1224,80,47.50663394039657,28143.07864406996
4485,0,454,1,1,732391,733775,831.719041,833.720793,2.0017520000000104,25.04179278037557,33.7875,45.7125,1,0,0,1,1384,80,80,1384.0,80.0,1384.0,1384,80,50.127458781702444,29641.0344538183
4485,0,455,1,1,733775,735198,833.720793,835.723231,2.0024380000000974,26.529215719942535,33.7875,45.7125,1,0,0,1,1423,80,80,1424.0,80.0,1423.0,1423,80,53.12310966781297,31845.180724695045
4485,0,456,1,1,735198,736757,835.723231,837.72337,2.00013899999999,28.818370970305335,33.7875,45.7125,1,0,0,1,1559,80,80,1559.0,80.0,1559.0,1559,80,57.640747694174934,33551.66815906311
4485,0,457,1,1,736757,738307,837.72337,839.723729,2.000359000000003,30.548994948737903,33.7875,45.7125,1,0,0,1,1550,79,79,1550.0,79.0,1550.0,1550,79,61.10895698666354,35707.590487507434
4485,0,458,1,1,738307,740018,839.723729,841.724054,2.0003249999999753,31.897525710892836,33.7875,45.7125,1,0,0,1,1711,80,80,1712.0,80.0,1711.0,1711,80,63.80541811764124,38242.28562858583
4485,0,459,1,1,740018,741000,841.724054,842.795931,1.0718769999999722,34.2207547215009,33.7875,45.7125,1,1,0,1,982,43,43,984.0,43.0,982.0,982,43,36.6804399086177,41047.62020269223
4485,0,460,1,1,741000,742829,842.795931,844.7965,2.0005690000000413,34.75493697769703,33.7875,45.7125,1,1,1,1,1829,80,80,1832.0,80.0,1829.0,1829,80,69.5296495145376,40597.94988325737
4485,0,461,1,1,742829,744719,844.7965,846.797034,2.000534000000016,37.315710458876005,33.7875,45.7125,1,1,1,1,1890,80,80,1891.0,80.0,1890.0,1890,80,74.65134750713696,42411.67608248564
4485,0,462,1,1,744719,746693,846.797034,848.79708,2.0000459999999975,38.54767465147723,33.7875,45.7125,1,1,1,1,1974,80,80,1974.0,80.0,1974.0,1974,80,77.0971224959867,44742.97091166909
4485,0,463,1,1,746693,748652,848.79708,850.798992,2.0019119999999475,38.99255099287838,33.7875,45.7125,1,1,1,1,1959,80,80,1959.0,80.0,1959.0,1959,80,78.05965574325455,45148.837711149325
4485,0,464,1,1,748652,750619,850.798992,852.800213,2.001220999999987,39.09529692573892,33.7875,45.7125,1,1,1,1,1967,80,80,1969.0,80.0,1967.0,1967,80,78.2383292090235,45409.77733093976
4485,0,465,1,1,750619,752659,852.800213,854.801178,2.0009650000000647,38.73934591459986,33.7875,45.7125,1,1,1,1,2040,80,80,2041.0,80.0,2040.0,2040,80,77.51607529800822,46140.73709435048
4485,0,466,1,1,752659,754000,854.801178,856.07139,1.2702119999999013,38.943574613875896,33.7875,45.7125,1,1,1,1,1341,51,51,1342.0,51.0,1341.0,1341,51,49.46659579743573,46521.36808659074
4485,0,467,1,1,754000,756080,856.07139,858.071457,2.000067000000058,38.87402976194204,33.7875,45.7125,1,1,1,1,2080,80,80,2083.0,80.0,2080.0,2080,80,77.75066408388011,45299.98245058658
4485,0,468,1,1,756080,758100,858.071457,860.072563,2.001105999999936,39.44656335243672,33.7875,45.7125,1,1,1,1,2020,79,79,2022.0,80.0,2020.0,2020,80,78.93675460393933,46013.05478070774
4485,0,469,1,1,758100,760099,860.072563,862.072793,2.0002300000001014,39.492354438943686,33.7875,45.7125,1,1,1,1,1999,80,80,2002.0,79.0,1999.0,1999,79,78.99379211941414,45934.71750748431
4485,0,470,1,1,760099,762146,862.072793,864.073726,2.000932999999918,39.62342021687952,33.7875,45.7125,1,1,1,1,2047,80,80,2047.0,80.0,2047.0,2047,80,79.28380908481995,45444.800000801486
4485,0,471,1,1,762146,764242,864.073726,866.074409,2.000682999999981,39.90422495459946,33.7875,45.7125,1,1,1,1,2096,80,80,2096.0,80.0,2096.0,2096,80,79.8357044948425,46553.60194493625
4485,0,472,1,1,764242,766292,866.074409,868.074925,2.0005160000000615,39.921395024481754,33.7875,45.7125,1,1,1,1,2050,80,80,2050.0,80.0,2050.0,2050,80,79.86338948879711,45723.70328455118
4485,0,473,1,1,766292,767000,868.074925,868.752919,0.6779940000000124,40.01897952667644,33.7875,45.7125,1,1,1,1,708,27,27,708.0,27.0,708.0,708,27,27.13262800520897,46438.46405720319
4485,0,474,1,1,767000,768969,868.752919,870.756039,2.003119999999967,39.78662192263035,33.7875,45.7125,1,1,1,1,1969,80,80,1969.0,80.0,1969.0,1969,80,79.69737810565857,45119.61340309192
4485,0,475,1,1,768969,771033,870.756039,872.757709,2.00166999999999,39.940082933220474,33.7875,45.7125,1,1,1,1,2064,80,80,2066.0,80.0,2065.0,2064,80,79.94686580493726,46634.56014228143
4485,0,476,1,1,771033,773075,872.757709,874.75797,2.000261000000023,39.88280612942537,33.7875,45.7125,1,1,1,1,2042,80,80,2042.0,80.0,2041.0,2042,80,79.77602167125224,46643.912969356956
4485,0,477,1,1,773075,775117,874.75797,876.758259,2.0002889999999525,40.33399311295705,33.7875,45.7125,1,1,1,1,2042,79,79,2043.0,80.0,2042.0,2042,79,80.67964274992119,46539.77500251324
4485,0,478,1,1,775117,777235,876.758259,878.758573,2.000314000000003,40.04902007950652,33.7875,45.7125,1,1,1,1,2118,80,80,2118.0,80.0,2118.0,2118,80,80.11061555131892,46263.73659335477
4485,0,479,1,1,777235,779389,878.758573,880.759311,2.0007380000000694,40.0277616503958,33.7875,45.7125,1,1,1,1,2154,80,80,2154.0,80.0,2154.0,2154,80,80.0850637888907,46791.234034639594
4485,0,480,1,1,779389,780000,880.759311,881.330606,0.5712949999999637,39.877412429220584,33.7875,45.7125,1,1,1,1,611,23,23,611.0,23.0,611.0,611,23,22.781766333751875,45694.43107326628
4485,0,481,1,1,780000,782060,881.330606,883.333614,2.0030080000000225,39.997181516897484,33.7875,45.7125,1,1,1,1,2060,80,80,2065.0,80.0,2060.0,2060,80,80.11467455579987,45888.48372048388
4485,0,482,1,1,782060,784054,883.333614,885.336212,2.0025980000000345,39.75266355751752,33.7875,45.7125,1,1,1,1,1994,80,80,1994.0,80.0,1994.0,1994,80,79.60860453495843,45875.40784520828
4485,0,483,1,1,784054,786096,885.336212,887.338386,2.002173999999968,39.59138106916399,33.7875,45.7125,1,1,1,1,2042,80,80,2044.0,80.0,2042.0,2042,80,79.26883380077197,45760.758055993865
4485,0,484,1,1,786096,788090,887.338386,889.338977,2.000590999999986,39.75406943027253,33.7875,45.7125,1,1,1,1,1994,80,80,1994.0,80.0,1994.0,1994,80,79.53163351557669,46627.221656000984
4485,0,485,1,1,788090,790175,889.338977,891.339347,2.0003699999999753,39.818135386644066,33.7875,45.7125,1,1,1,1,2085,80,80,2086.0,80.0,2085.0,2085,80,79.65100348338092,45923.004244215386
4485,0,486,1,1,790175,792290,891.339347,893.339997,2.000650000000064,39.64056036013447,33.7875,45.7125,1,1,1,1,2115,80,80,2115.0,80.0,2115.0,2115,80,79.30688708450543,47146.67732986628
4485,0,487,1,1,792290,793000,893.339997,894.064921,0.7249239999999872,39.468357187860235,33.7875,45.7125,1,1,1,1,710,29,29,710.0,29.0,710.0,710,29,28.611559366050642,44028.0636314987
4485,0,488,1,1,793000,795081,894.064921,896.065032,2.000110999999947,39.806335300283095,33.7875,45.7125,1,1,1,1,2081,80,80,2087.0,80.0,2081.0,2081,80,79.61708910378366,46231.43415540559
4485,0,489,1,1,795081,797266,896.065032,898.065237,2.000205000000051,40.06541382206982,33.7875,45.7125,1,1,1,1,2185,79,79,2185.0,79.0,2185.0,2185,79,80.13904105397523,46905.69216655174
4485,0,490,1,1,797266,799321,898.065237,900.067262,2.0020250000000033,39.88666091477965,33.7875,45.7125,1,1,1,1,2055,80,80,2055.0,80.0,2055.0,2055,80,79.85409231791346,46600.317178856334
4485,0,491,1,1,799321,801418,900.067262,902.068903,2.0016409999999496,39.853619673621886,33.7875,45.7125,1,1,1,1,2097,80,80,2098.0,80.0,2097.0,2097,80,79.77263913712522,46197.594873407535
4485,0,492,1,1,801418,803464,902.068903,904.070275,2.0013720000000603,39.947355055141614,33.7875,45.7125,1,1,1,1,2046,80,80,2046.0,80.0,2046.0,2046,80,79.94951788142134,46778.90966796636
4485,0,493,1,1,803464,805579,904.070275,906.071766,2.0014909999999873,40.22023681736039,33.7875,45.7125,1,1,1,1,2115,80,80,2115.0,80.0,2115.0,2115,80,80.50044200781485,46964.9876017432
4485,0,494,1,1,805579,806000,906.071766,906.478457,0.40669100000002345,39.62064278774177,33.7875,45.7125,1,1,1,1,421,17,17,421.0,17.0,421.0,421,17,16.113358835991676,44439.144215138665
4485,0,495,1,1,806000,808050,906.478457,908.486417,2.007959999999912,40.095584647606735,33.7875,45.7125,1,1,1,1,2050,80,80,2053.0,80.0,2050.0,2050,80,80.51033014900531,46805.7132612224
4485,0,496,1,1,808050,810172,908.486417,910.486533,2.000116000000048,40.10730247938323,33.7875,45.7125,1,1,1,1,2122,80,80,2124.0,80.0,2123.0,2122,80,80.2192574058572,46331.31278385742
4485,0,497,1,1,810172,812295,910.486533,912.489483,2.0029499999999416,39.74950873948486,33.7875,45.7125,1,1,1,1,2123,80,80,2122.0,80.0,2122.0,2123,80,79.61627852974925,46710.10259866833
4485,0,498,1,1,812295,814405,912.489483,914.489587,2.0001040000000785,39.694934470053916,33.7875,45.7125,1,1,1,1,2110,80,80,2111.0,80.0,2110.0,2110,80,79.39399721329755,46779.06748848876
4485,0,499,1,1,814405,816481,914.489587,916.490563,2.0009759999999233,39.94689097836903,33.7875,45.7125,1,1,1,1,2076,80,80,2076.0,80.0,2076.0,2076,80,79.93277012233011,46469.32297039223
4485,0,500,1,1,816481,818642,916.490563,918.491672,2.001109000000042,40.0839024461355,33.7875,45.7125,1,1,1,1,2161,80,80,2167.0,80.0,2161.0,2161,80,80.21225794008569,47711.54394887934
4485,0,501,1,1,818642,819000,918.491672,918.828357,0.3366849999999886,40.18152144612442,33.7875,45.7125,1,1,1,1,358,13,13,358.0,13.0,358.0,358,13,13.528515548088762,46741.01905341947
4485,0,502,1,1,819000,821119,918.828357,920.829938,2.0015809999999874,39.6892626837485,33.7875,45.7125,1,1,1,1,2119,80,80,2120.0,80.0,2119.0,2119,80,79.44127409179782,46043.10292713639
4485,0,503,1,1,821119,823138,920.829938,922.832457,2.0025190000000066,39.435931800623045,33.7875,45.7125,1,1,1,1,2019,80,80,2019.0,80.0,2019.0,2019,80,78.97120271345193,45636.021431007495
4485,0,504,1,1,823138,825167,922.832457,924.832542,2.0000850000000128,39.89968783703972,33.7875,45.7125,1,1,1,1,2029,80,80,2030.0,80.0,2029.0,2029,80,79.80276714754655,46213.535924722906
4485,0,505,1,1,825167,827318,924.832542,926.832988,2.000446000000011,39.74266495651786,33.7875,45.7125,1,1,1,1,2151,80,79,2151.0,80.0,2151.0,2151,79,79.50305514160573,46452.641061043134
4485,0,506,1,1,827318,829353,926.832988,928.833685,2.0006969999999455,39.50531553721542,33.7875,45.7125,1,1,1,1,2035,80,80,2038.0,80.0,2035.0,2035,80,79.03816627935885,46889.159128045154
4485,0,507,1,1,829353,831341,928.833685,930.833906,2.0002210000000105,39.2691528092031,33.7875,45.7125,1,1,1,1,1988,80,80,1988.0,80.0,1988.0,1988,80,78.54698410117635,45739.44579123983
4485,0,508,1,1,831341,832000,930.833906,931.507156,0.6732500000000528,39.634570905211945,33.7875,45.7125,1,1,1,1,659,27,27,659.0,27.0,659.0,659,27,26.683974861934985,44649.090233936346
4485,0,509,1,1,832000,834122,931.507156,933.508394,2.001237999999944,39.5717995586272,33.7875,45.7125,1,1,1,1,2122,80,80,2125.0,80.0,2122.0,2122,80,79.19258900510613,46311.33328469807
4485,0,510,1,1,834122,836241,933.508394,935.509014,2.0006200000000263,39.68953745314205,33.7875,45.7125,1,1,1,1,2119,80,80,2119.0,80.0,2119.0,2119,80,79.40368241950637,45920.76456298487
4485,0,511,1,1,836241,838249,935.509014,937.510257,2.001243000000045,39.484280248750224,33.7875,45.7125,1,1,1,1,2008,79,79,2008.0,79.0,2008.0,2008,79,79.01763945785206,45432.76353746045
4485,0,512,1,1,838249,840260,937.510257,939.543237,2.0329799999999523,39.58244491955958,33.7875,45.7125,1,1,1,1,2011,78,78,2101.0,82.0,2011.0,2011,78,80.47031887256526,46089.484402208676
4485,0,513,1,1,840260,842331,939.543237,941.543849,2.0006120000000465,39.58266344052864,33.7875,45.7125,1,1,1,1,2071,80,80,2073.0,80.0,2071.0,2071,80,79.189551471085,45450.592118810586
4485,0,514,1,1,842331,844337,941.543849,943.544811,2.0009619999999586,39.358986901751415,33.7875,45.7125,1,1,1,1,2006,79,79,2006.0,80.0,2006.0,2006,79,78.75583714889945,45633.05050270914
4485,0,515,1,1,844337,845000,943.544811,944.1512,0.6063890000000356,39.83306857871858,33.7875,45.7125,1,1,1,1,663,24,24,663.0,24.0,663.0,663,24,24.154334622380702,45896.28110008322
4485,0,516,1,1,845000,847003,944.1512,946.152117,2.0009169999999585,39.142139104099144,33.7875,45.7125,1,1,1,1,2003,80,80,2007.0,80.0,2003.0,2003,80,78.3201715497562,45452.16018455632
4485,0,517,1,1,847003,849161,946.152117,948.15285,2.0007329999999683,39.06338192567751,33.7875,45.7125,1,1,1,1,2158,80,80,2159.0,80.0,2158.0,2158,80,78.15539731030367,46333.51876537322
4485,0,518,1,1,849161,851140,948.15285,950.154196,2.0013460000000123,39.077091515138534,33.7875,45.7125,1,1,1,1,1979,80,80,1979.0,80.0,1979.0,1979,80,78.20678079545542,44010.8806773039
4485,0,519,1,1,851140,853131,950.154196,952.156445,2.002249000000006,39.08234844554153,33.7875,45.7125,1,1,1,1,1991,80,80,1992.0,80.0,1991.0,1991,80,78.25259309273679,44328.65243034194
4485,0,520,1,1,853131,855198,952.156445,954.15642,1.9999750000000631,39.23165398976554,33.7875,45.7125,1,1,1,1,2067,80,80,2067.0,80.0,2067.0,2067,80,78.46232718818283,45956.57445717927
4485,0,521,1,1,855198,857213,954.15642,956.156825,2.0004050000000007,39.28316450872328,33.7875,45.7125,1,1,1,1,2015,79,79,2016.0,80.0,2015.0,2015,80,78.58223869906942,45724.74074000013
4485,0,522,1,1,857213,858000,956.156825,956.9049,0.7480749999999716,39.27383746795973,33.7875,45.7125,1,1,1,1,787,30,30,788.0,29.0,787.0,787,29,29.379775963840075,46614.310062495504
4485,0,523,1,1,858000,860063,956.9049,958.906998,2.0020980000000463,39.091891335903334,33.7875,45.7125,1,1,1,1,2063,80,80,2066.0,80.0,2063.0,2063,80,78.26579745983327,44938.85913676449
4485,0,524,1,1,860063,862065,958.906998,960.90974,2.002742000000012,39.692848091720116,33.7875,45.7125,1,1,1,1,2002,80,80,2002.0,80.0,2002.0,2002,80,79.49453397290927,45336.843187989
4485,0,525,1,1,862065,864176,960.90974,962.909966,2.000225999999998,39.47138716546875,33.7875,45.7125,1,1,1,1,2111,80,80,2111.0,80.0,2111.0,2111,80,78.95169486443774,46447.251460585
4485,0,526,1,1,864176,866213,962.909966,964.9104,2.0004339999999274,39.426986603260396,33.7875,45.7125,1,1,1,1,2037,80,80,2040.0,80.0,2037.0,2037,80,78.87108451870154,45384.6515306195
4485,0,527,1,1,866213,868248,964.9104,966.911951,2.001551000000063,39.71026191231922,33.7875,45.7125,1,1,1,1,2035,80,80,2035.0,80.0,2035.0,2035,80,79.48211444086337,46806.70140306045
4485,0,528,1,1,868248,870381,966.911951,968.913548,2.001596999999947,40.07969464886094,33.7875,45.7125,1,1,1,1,2133,80,80,2133.0,80.0,2133.0,2133,80,80.22339657007251,47376.17012815393
4485,0,529,1,1,870381,871000,968.913548,969.53459,0.6210419999999885,40.27054620495223,33.7875,45.7125,1,1,1,1,619,25,25,619.0,25.0,619.0,619,25,25.00970055621292,48719.732320842326
4485,0,530,1,1,871000,873062,969.53459,971.535302,2.0007120000000214,39.64511887743122,33.7875,45.7125,1,1,1,1,2062,80,80,2065.0,80.0,2062.0,2062,80,79.31846507950104,45562.27982838061
4485,0,531,1,1,873062,875099,971.535302,973.535348,2.0000459999999975,39.47502645982442,33.7875,45.7125,1,1,1,1,2037,80,80,2037.0,80.0,2037.0,2037,80,78.95186877086235,46380.433250035305
4485,0,532,1,1,875099,877114,973.535348,975.53552,2.0001720000000205,39.480053517522755,33.7875,45.7125,1,1,1,1,2015,80,80,2015.0,80.0,2015.0,2015,80,78.96689760425215,45491.087766451616
4485,0,533,1,1,877114,879163,975.53552,977.536348,2.000827999999956,39.614032357657,33.7875,45.7125,1,1,1,1,2049,80,80,2050.0,80.0,2049.0,2049,80,79.26086513410701,45851.5174717677
4485,0,534,1,1,879163,881137,977.536348,979.538901,2.0025530000000344,39.519299106354126,33.7875,45.7125,1,1,1,1,1974,80,80,1975.0,80.0,1974.0,1974,80,79.13949098332523,45577.320550316734
4485,0,535,1,1,881137,883125,979.538901,981.540385,2.001484000000005,39.97209797515812,33.7875,45.7125,1,1,1,1,1988,80,80,1988.0,80.0,1988.0,1988,80,80.00351454371412,44842.22706751579
4485,0,536,1,1,883125,884000,981.540385,982.380891,0.8405060000000049,39.93891244537884,33.7875,45.7125,1,1,1,1,875,33,33,875.0,33.0,875.0,875,33,33.568895543816325,46500.56037672518
4485,0,537,1,1,884000,885975,982.380891,984.381306,2.0004149999999754,39.57023885684855,33.7875,45.7125,1,1,1,1,1975,80,80,1978.0,80.0,1975.0,1975,80,79.15689936282433,45625.532701964905
4485,0,538,1,1,885975,887975,984.381306,986.382387,2.001080999999999,39.50537382033811,33.7875,45.7125,1,1,1,1,2000,79,79,2000.0,80.0,2000.0,2000,79,79.05345294977451,47013.58915506171
4485,0,539,1,1,887975,890053,986.382387,988.384186,2.0017990000000054,39.609745024191206,33.7875,45.7125,1,1,1,1,2078,80,80,2080.0,80.0,2078.0,2078,80,79.29074797967769,45803.2999317113
4485,0,540,1,1,890053,892071,988.384186,990.387219,2.0030329999999594,39.46456470446507,33.7875,45.7125,1,1,1,1,2018,80,80,2019.0,80.0,2018.0,2018,80,79.04882543367421,44463.071751689466
4485,0,541,1,1,892071,894035,990.387219,992.388743,2.0015240000000176,39.69309462650819,33.7875,45.7125,1,1,1,1,1964,80,80,1965.0,80.0,1964.0,1964,80,79.44668152922532,45295.4848405511
4485,0,542,1,1,894035,896107,992.388743,994.389192,2.0004490000000033,39.85844917896159,33.7875,45.7125,1,1,1,1,2072,80,80,2073.0,80.0,2072.0,2072,80,79.73479480160313,45139.36621228527
4485,0,543,1,1,896107,897000,994.389192,995.314416,0.9252240000000711,39.28277582835373,33.7875,45.7125,1,1,1,1,893,37,37,893.0,37.0,893.0,893,37,36.345366983012354,44757.81000060182
4485,0,544,1,1,897000,899003,995.314416,997.314628,2.0002119999999195,39.702074265760345,33.7875,45.7125,1,1,1,1,2003,80,80,2005.0,80.0,2003.0,2003,80,79.41256537126173,45191.70967877587
4485,0,545,1,1,899003,901150,997.314628,999.316599,2.001971000000026,39.61458203785175,33.7875,45.7125,1,1,1,1,2147,80,80,2148.0,80.0,2147.0,2147,80,79.30724441690109,46922.258114627424
4485,0,546,1,1,901150,903258,999.316599,1001.317095,2.0004959999999983,39.24794662510655,33.7875,45.7125,1,1,1,1,2108,80,80,2108.0,80.0,2108.0,2108,80,78.51536023173685,45940.10685350037
4485,0,547,1,1,903258,905292,1001.317095,1003.318315,2.0012199999999893,39.48749143505967,33.7875,45.7125,1,1,1,1,2034,80,80,2035.0,80.0,2034.0,2034,80,79.0231576096703,46314.74800371798
4485,0,548,1,1,905292,907298,1003.318315,1005.320048,2.0017330000000584,39.19872092845606,33.7875,45.7125,1,1,1,1,2006,80,80,2007.0,80.0,2006.0,2006,80,78.46537324028031,45641.451682116116
4485,0,549,1,1,907298,909360,1005.320048,1007.320969,2.0009209999999484,39.540127382417786,33.7875,45.7125,1,1,1,1,2062,80,80,2062.0,80.0,2062.0,2062,80,79.11667122215295,46055.291538247824
4485,0,550,1,1,909360,910000,1007.320969,1007.941497,0.6205280000000357,39.16373394453293,33.7875,45.7125,1,1,1,1,640,25,25,640.0,25.0,640.0,640,25,24.302193497132976,45551.53030966914
4485,0,551,1,1,910000,911998,1007.941497,1009.94191,2.0004129999999805,39.086841535182096,33.7875,45.7125,1,1,1,1,1998,79,79,2000.0,79.0,1998.0,1998,79,78.189825935915,45805.04125898047
4485,0,552,1,1,911998,913994,1009.94191,1011.941963,2.00005299999998,39.43602368909463,33.7875,45.7125,1,1,1,1,1996,80,80,1997.0,80.0,1996.0,1996,80,78.87413748744439,43847.83803229259
4485,0,553,1,1,913994,916137,1011.941963,1013.942479,2.0005160000000615,39.899987606051475,33.7875,45.7125,1,1,1,1,2143,80,80,2143.0,80.0,2143.0,2143,80,79.82056360571005,46323.54852447926
4485,0,554,1,1,916137,918226,1013.942479,1015.942469,1.9999899999999116,40.20687924686023,33.7875,45.7125,1,1,1,1,2089,80,80,2091.0,80.0,2089.0,2089,80,80.41335642492777,46857.2342861735
4485,0,555,1,1,918226,920274,1015.942469,1017.942892,2.000423000000069,40.00981331767773,33.7875,45.7125,1,1,1,1,2048,80,80,2048.0,80.0,2048.0,2048,80,80.03655078638985,46520.16098594987
4485,0,556,1,1,920274,922369,1017.942892,1019.945377,2.0024849999999788,39.550814865421664,33.7875,45.7125,1,1,1,1,2095,80,80,2096.0,80.0,2095.0,2095,80,79.19991350578493,45779.1194440912
4485,0,557,1,1,922369,923000,1019.945377,1020.609269,0.6638920000000326,39.6368186091023,33.7875,45.7125,1,1,1,1,631,27,27,632.0,27.0,631.0,631,27,26.31456678003451,44675.941267553375
4485,0,558,1,1,923000,925067,1020.609269,1022.609849,2.0005800000000136,39.57647044366068,33.7875,45.7125,1,1,1,1,2067,80,80,2068.0,80.0,2067.0,2067,80,79.17589524017967,46246.08863429574
4485,0,559,1,1,925067,927177,1022.609849,1024.609824,1.9999749999998357,39.741090387942776,33.7875,45.7125,1,1,1,1,2110,80,80,2110.0,80.0,2110.0,2110,80,79.48118724861706,45778.07222590658
4485,0,560,1,1,927177,929125,1024.609824,1026.610568,2.000744000000168,39.79072917186655,33.7875,45.7125,1,1,1,1,1948,79,79,1949.0,79.0,1948.0,1948,79,79.61106264624686,46028.377443587124
4485,0,561,1,1,929125,931231,1026.610568,1028.610655,2.000086999999894,39.884123120931854,33.7875,45.7125,1,1,1,1,2106,80,80,2109.0,80.0,2106.0,2106,80,79.77171616056876,46791.96454954457
4485,0,562,1,1,931231,933222,1028.610655,1030.611493,2.000838000000158,39.77376623312473,33.7875,45.7125,1,1,1,1,1991,80,80,1991.0,80.0,1991.0,1991,80,79.5808628823579,45489.939715255714
4485,0,563,1,1,933222,935225,1030.611493,1032.612892,2.001398999999992,39.91224876559808,33.7875,45.7125,1,1,1,1,2003,80,80,2003.0,80.0,2003.0,2003,80,79.88033476722194,45788.97061505495
4485,0,564,1,1,935225,936000,1032.612892,1033.402214,0.7893219999998564,39.44458115439474,33.7875,45.7125,1,1,1,1,775,32,32,775.0,32.0,775.0,775,32,31.13447568594711,46357.50682231923
4485,0,565,1,1,936000,937987,1033.402214,1035.402734,2.0005200000000514,40.03778004277085,33.7875,45.7125,1,1,1,1,1987,80,80,1988.0,80.0,1987.0,1987,80,80.09637973116332,46623.87779177294
4485,0,566,1,1,937987,940091,1035.402734,1037.402882,2.000148000000081,40.15177880337787,33.7875,45.7125,1,1,1,1,2104,80,80,2105.0,80.0,2104.0,2104,80,80.30950007001957,46459.56199241068
4485,0,567,1,1,940091,942239,1037.402882,1039.40318,2.0002979999999297,39.86258959898182,33.7875,45.7125,1,1,1,1,2148,80,80,2150.0,80.0,2148.0,2148,80,79.73705824965873,47654.399494476995
4485,0,568,1,1,942239,944299,1039.40318,1041.403509,2.000328999999965,40.27193132809748,33.7875,45.7125,1,1,1,1,2060,79,79,2060.0,79.0,2060.0,2060,79,80.55711212159804,46279.886958596115
4485,0,569,1,1,944299,946370,1041.403509,1043.404366,2.0008569999999963,40.195945570666794,33.7875,45.7125,1,1,1,1,2071,80,80,2073.0,80.0,2071.0,2071,80,80.42633906668925,47340.214717993425
4485,0,570,1,1,946370,948469,1043.404366,1045.406908,2.0025419999999485,39.87537210311038,33.7875,45.7125,1,1,1,1,2099,80,80,2099.0,80.0,2099.0,2099,80,79.8521074021046,46994.769647778885
4485,0,571,1,1,948469,949000,1045.406908,1045.903483,0.4965750000001208,40.276771454947486,33.7875,45.7125,1,1,1,1,531,20,20,531.0,20.0,531.0,531,20,20.000437785245595,48073.30211950701
4485,0,572,1,1,949000,951003,1045.903483,1047.905994,2.002510999999913,39.70859213375628,33.7875,45.7125,1,1,1,1,2003,80,80,2006.0,80.0,2003.0,2003,80,79.5168925423568,45885.390891737414
4485,0,573,1,1,951003,953063,1047.905994,1049.906598,2.0006040000000667,39.71532236089202,33.7875,45.7125,1,1,1,1,2060,80,80,2061.0,80.0,2060.0,2060,80,79.45463277649105,45981.61355270555
4485,0,574,1,1,953063,955142,1049.906598,1051.908526,2.001927999999907,40.22149248062534,33.7875,45.7125,1,1,1,1,2079,80,80,2079.0,80.0,2079.0,2079,80,80.52053199875081,47247.4534548717
4485,0,575,1,1,955142,957247,1051.908526,1053.909821,2.0012950000000274,39.814138106594505,33.7875,45.7125,1,1,1,1,2105,80,80,2106.0,80.0,2105.0,2105,80,79.67983552203805,46375.971558415295
4485,0,576,1,1,957247,959240,1053.909821,1055.910163,2.000342000000046,39.49567558916596,33.7875,45.7125,1,1,1,1,1993,80,80,1993.0,80.0,1993.0,1993,80,79.00485869938711,45637.69595399082
4485,0,577,1,1,959240,961289,1055.910163,1057.910302,2.00013899999999,39.41792605906771,33.7875,45.7125,1,1,1,1,2049,80,80,2050.0,80.0,2049.0,2049,80,78.84133120985643,45346.348428784426
4485,0,578,1,1,961289,962000,1057.910302,1058.64676,0.7364580000000842,39.09361298070944,33.7875,45.7125,1,1,1,1,711,29,29,721.0,29.0,711.0,711,29,28.790804028547427,44932.63702749677
4485,0,579,1,1,962000,964118,1058.64676,1060.647057,2.0002969999998186,39.43556020896555,33.7875,45.7125,1,1,1,1,2118,79,79,2125.0,80.0,2118.0,2118,79,78.88283277930896,46359.615597088035
4485,0,580,1,1,964118,966140,1060.647057,1062.647504,2.000447000000122,39.251559777846055,33.7875,45.7125,1,1,1,1,2022,80,80,2024.0,80.0,2022.0,2022,80,78.52066500291403,46176.179623851254
4485,0,581,1,1,966140,968125,1062.647504,1064.64879,2.0012859999999364,39.29610204235758,33.7875,45.7125,1,1,1,1,1985,80,80,1986.0,80.0,1985.0,1985,80,78.64273887193849,44808.188334902086
4485,0,582,1,1,968125,970171,1064.64879,1066.649542,2.0007520000001477,39.537513957685334,33.7875,45.7125,1,1,1,1,2046,80,80,2047.0,80.0,2046.0,2046,80,79.10476012587606,46105.164458160325
4485,0,583,1,1,970171,972269,1066.649542,1068.649904,2.0003619999999955,39.46975842855415,33.7875,45.7125,1,1,1,1,2098,80,80,2099.0,80.0,2098.0,2098,80,78.95380490965908,45840.70283278737
4485,0,584,1,1,972269,974357,1068.649904,1070.650216,2.0003119999998944,39.51882067239648,33.7875,45.7125,1,1,1,1,2088,80,80,2089.0,80.0,2088.0,2088,80,79.04997121683846,46597.23083199267
4485,0,585,1,1,974357,975000,1070.650216,1071.304428,0.6542119999999159,39.40896346139256,33.7875,45.7125,1,1,1,1,643,26,26,643.0,26.0,643.0,643,26,25.78181680400303,44270.05313262937
4485,0,586,1,1,975000,977055,1071.304428,1073.304691,2.000263000000132,39.261039301963166,33.7875,45.7125,1,1,1,1,2055,80,80,2060.0,80.0,2055.0,2055,80,78.53240425726835,45841.97178070782
4485,0,587,1,1,977055,979075,1073.304691,1075.306301,2.001610000000028,39.6728648853943,33.7875,45.7125,1,1,1,1,2020,80,80,2022.0,80.0,2020.0,2020,80,79.40960308325157,45457.4067875354
4485,0,588,1,1,979075,981173,1075.306301,1077.307543,2.00124199999982,39.745104891824674,33.7875,45.7125,1,1,1,1,2098,80,80,2098.0,80.0,2098.0,2098,80,79.53957320391783,45881.00789410189
4485,0,589,1,1,981173,981551,1077.307543,1079.321877,2.01433400000019,7.18934921944109,33.7875,45.7125,1,0,0,1,378,80,80,378.0,81.0,378.0,378,81,14.481750570594158,8023.992048984169
4485,0,590,1,1,981551,981631,1079.321877,1081.324155,2.002277999999933,0.9501103450006166,33.7875,45.7125,1,0,0,0,80,80,80,80.0,80.0,80.0,80,80,1.9023850413650507,627.784952938624
4485,0,591,1,1,981631,981713,1081.324155,1083.32643,2.002275000000054,0.9499553601843551,33.7875,45.7125,1,0,0,0,82,80,80,82.0,80.0,82.0,82,80,1.9020718688116176,622.2921426876759
4485,0,592,1,1,981713,981794,1083.32643,1085.328707,2.002276999999822,0.9570320925586056,33.7875,45.7125,1,0,0,0,81,80,80,81.0,80.0,81.0,81,80,1.916243347193813,592.8250686593841
4485,0,593,1,1,981794,981874,1085.328707,1087.330983,2.0022760000001654,0.9598426560231006,33.7875,45.7125,1,0,0,0,80,80,80,80.0,80.0,80.0,80,80,1.9218699139310047,621.29296860168
4485,0,594,1,1,981874,981954,1087.330983,1089.333259,2.002275999999938,0.9565120709034315,33.7875,45.7125,1,0,0,0,80,80,80,80.0,80.0,80.0,80,80,1.9152011632832,593.324796381736
4485,0,595,1,1,981954,982034,1089.333259,1091.335537,2.002277999999933,0.9579163960778679,33.7875,45.7125,1,0,0,0,80,80,80,80.0,80.0,80.0,80,80,1.9180149257081212,642.7678873763
4485,0,596,1,1,982034,982115,1091.335537,1093.337815,2.0022780000001603,0.9569276296079958,33.7875,45.7125,1,0,0,0,81,80,80,81.0,80.0,81.0,81,80,1.916035140355234,622.2912103114054
4485,0,597,1,1,982115,982224,1093.337815,1095.340091,2.002275999999938,1.2519974194968206,33.7875,45.7125,1,0,0,0,109,80,80,109.0,80.0,109.0,109,80,2.5068443851196207,1256.5700233135083
4485,0,598,1,1,982224,982390,1095.340091,1097.342367,2.002275999999938,1.9411162969314206,33.7875,45.7125,1,0,0,0,166,80,80,166.0,80.0,166.0,166,80,3.8866505745536415,2595.0468366999157
4485,0,599,1,1,982390,982566,1097.342367,1099.344645,2.002277999999933,2.002782352938201,33.7875,45.7125,1,0,0,1,176,80,80,176.0,80.0,176.0,176,80,4.010127044079127,2678.4492463085444
4485,0,600,1,1,982566,982807,1099.344645,1101.345701,2.0010560000000623,3.2718965911474496,33.7875,45.7125,1,0,0,1,241,80,80,241.0,79.0,241.0,241,79,6.547248305098037,4250.255864903199
4485,0,601,1,1,982807,983097,1101.345701,1103.345747,2.0000460000001112,4.555385722845856,33.7875,45.7125,1,0,0,1,290,80,80,290.0,80.0,290.0,290,80,9.110980993435078,5767.867339050881
4485,0,602,1,1,983097,983516,1103.345747,1105.34617,2.000422999999955,7.146387772965542,33.7875,45.7125,1,0,0,1,419,80,80,419.0,80.0,419.0,419,80,14.295798467959685,8807.137290463264
4485,0,603,1,1,983516,984112,1105.34617,1107.348433,2.0022630000000845,10.058232616983213,33.7875,45.7125,1,0,0,1,596,80,80,596.0,80.0,596.0,596,80,20.139227014376957,12319.060982497784
4485,0,604,1,1,984112,984753,1107.348433,1109.352932,2.004498999999896,11.739990477801946,33.7875,45.7125,1,0,0,1,641,80,80,641.0,80.0,641.0,641,80,23.53279917276086,13594.918231439084
4485,0,605,1,1,984753,985579,1109.352932,1111.35393,2.0009979999999814,14.559934515673584,33.7875,45.7125,1,0,0,1,826,80,80,826.0,80.0,826.0,826,80,29.134399845992448,17731.152155074782
4485,0,606,1,1,985579,986472,1111.35393,1113.359256,2.005325999999968,16.30049064274654,33.7875,45.7125,1,0,0,1,893,80,80,893.0,80.0,893.0,893,80,32.68779769865796,19778.828978430753
4485,0,607,1,1,986472,987467,1113.359256,1115.360999,2.001743000000033,17.490915122039993,33.7875,45.7125,1,0,0,1,995,80,80,995.0,80.0,995.0,995,80,35.01231690913846,20955.73707513867
4485,0,608,1,1,987467,988000,1115.360999,1116.338975,0.9779759999998987,19.559410175240693,33.7875,45.7125,1,0,0,1,533,39,39,533.0,40.0,533.0,533,40,19.12863372553693,23725.53109688009
4485,0,609,1,1,988000,989089,1116.338975,1118.338979,2.0000040000002173,20.25691516794304,33.7875,45.7125,1,0,0,1,1089,80,80,1091.0,79.0,1089.0,1089,79,40.513911363552324,23532.452935091573
4485,0,610,1,1,989089,990361,1118.338979,1120.340063,2.0010839999999916,22.582737413589825,33.7875,45.7125,1,0,0,1,1272,80,80,1272.0,80.0,1272.0,1272,80,45.1899545145352,26589.58844306397
4485,0,611,1,1,990361,991712,1120.340063,1122.342748,2.0026849999999286,24.516942091259818,33.7875,45.7125,1,0,0,1,1351,80,80,1351.0,80.0,1351.0,1351,80,49.09971217203565,28574.638547750666
4485,0,612,1,1,991712,993142,1122.342748,1124.344636,2.001888000000008,26.414861808818525,33.7875,45.7125,1,0,0,1,1430,80,80,1432.0,80.0,1430.0,1430,80,52.87959487672924,30538.671494109436
4485,0,613,1,1,993142,994633,1124.344636,1126.344978,2.000342000000046,28.889590928090676,33.7875,45.7125,1,0,0,1,1491,80,80,1492.0,80.0,1491.0,1491,80,57.78906209627894,34093.1700679176
4485,0,614,1,1,994633,996242,1126.344978,1128.346087,2.001108999999815,30.216132486569816,33.7875,45.7125,1,0,0,1,1609,80,80,1610.0,80.0,1609.0,1609,80,60.4657746640587,35230.46470732305
4485,0,615,1,1,996242,997976,1128.346087,1130.347163,2.001076000000012,31.720663717326477,33.7875,45.7125,1,0,0,1,1734,80,80,1735.0,80.0,1734.0,1734,80,63.47545886881562,37695.219971655024
4485,0,616,1,1,997976,999750,1130.347163,1132.350391,2.0032280000000355,34.555092740730565,33.7875,45.7125,1,1,0,1,1774,80,80,1774.0,80.0,1774.0,1774,80,69.22172932083049,39512.72645949368
4485,0,617,1,1,999750,1001000,1132.350391,1133.710627,1.3602359999999862,34.871688869902414,33.7875,45.7125,1,1,1,1,1250,55,55,1250.0,55.0,1250.0,1250,55,47.433726581642986,39688.70107834269
4485,0,618,1,1,1001000,1002945,1133.710627,1135.710997,2.0003699999999753,37.416735319304514,33.7875,45.7125,1,1,1,1,1945,79,79,1947.0,80.0,1945.0,1945,80,74.84731483067299,43356.47905137603
4485,0,619,1,1,1002945,1004925,1135.710997,1137.711387,2.000390000000152,38.33199161622191,33.7875,45.7125,1,1,1,1,1980,80,80,1980.0,79.0,1980.0,1980,79,76.67893270918285,44432.33569453618
4485,0,620,1,1,1004925,1006950,1137.711387,1139.712651,2.001263999999992,38.934407963701325,33.7875,45.7125,1,1,1,1,2025,80,80,2026.0,80.0,2025.0,2025,80,77.91802901907067,45211.42637852895
4485,0,621,1,1,1006950,1009008,1139.712651,1141.712932,2.000280999999859,38.77352057914014,33.7875,45.7125,1,1,1,1,2058,80,80,2058.0,80.0,2058.0,2058,80,77.55793651755812,45250.14235500231
4485,0,622,1,1,1009008,1011089,1141.712932,1143.713221,2.000289000000066,39.29960053829298,33.7875,45.7125,1,1,1,1,2081,80,80,2081.0,80.0,2081.0,2081,80,78.61055866114475,45627.906767470595
4485,0,623,1,1,1011089,1013230,1143.713221,1145.718107,2.004885999999942,40.08275852084096,33.7875,45.7125,1,1,1,1,2141,80,80,2142.0,80.0,2141.0,2141,80,80.36136139980954,46892.441764770025
4485,0,624,1,1,1013230,1014000,1145.718107,1146.44378,0.7256730000001426,39.26268963837138,33.7875,45.7125,1,1,1,1,770,29,29,770.0,29.0,770.0,770,29,28.491873777951696,45422.662824706895
4485,0,625,1,1,1014000,1016112,1146.44378,1148.446189,2.0024089999999433,39.18451165193392,33.7875,45.7125,1,1,1,1,2112,80,80,2118.0,80.0,2112.0,2112,80,78.46341879243846,45826.80161745308
4485,0,626,1,1,1016112,1018194,1148.446189,1150.447031,2.0008419999999205,39.643388722387684,33.7875,45.7125,1,1,1,1,2082,80,80,2083.0,80.0,2082.0,2082,80,79.32015717807371,47076.68071741984
4485,0,627,1,1,1018194,1020252,1150.447031,1152.448496,2.001465000000053,39.60611898231247,33.7875,45.7125,1,1,1,1,2058,80,80,2059.0,80.0,2058.0,2058,80,79.27026092893357,46281.598728929835
4485,0,628,1,1,1020252,1022266,1152.448496,1154.449101,2.0006049999999505,39.58233251274972,33.7875,45.7125,1,1,1,1,2014,80,80,2014.0,80.0,2014.0,2014,80,79.18861233667121,45928.60659650569
4485,0,629,1,1,1022266,1024359,1154.449101,1156.449354,2.000253000000157,39.41803462867162,33.7875,45.7125,1,1,1,1,2093,80,80,2094.0,80.0,2093.0,2093,80,78.84604202010814,46298.64322162883
4485,0,630,1,1,1024359,1026457,1156.449354,1158.449467,2.0001129999998284,39.51648190703238,33.7875,45.7125,1,1,1,1,2098,80,80,2098.0,80.0,2098.0,2098,80,79.03742917651107,45693.91829362033
4485,0,631,1,1,1026457,1027000,1158.449467,1158.955824,0.50635699999998,39.572356999550884,33.7875,45.7125,1,1,1,1,543,20,20,544.0,20.0,543.0,543,20,20.037739973224234,45525.192700013846
4485,0,632,1,1,1027000,1029059,1158.955824,1160.956678,2.0008540000001176,39.16450893692609,33.7875,45.7125,1,1,1,1,2059,80,80,2061.0,80.0,2059.0,2059,80,78.3624643644871,45591.532415655834
4485,0,633,1,1,1029059,1031208,1160.956678,1162.956872,2.000193999999965,39.7954186172405,33.7875,45.7125,1,1,1,1,2149,80,80,2151.0,80.0,2149.0,2149,80,79.59855754569435,47116.92965782402
4485,0,634,1,1,1031208,1033311,1162.956872,1164.958998,2.0021260000000893,39.40361305872289,33.7875,45.7125,1,1,1,1,2103,80,80,2104.0,80.0,2103.0,2103,80,78.89099819881085,46247.33907855743
4485,0,635,1,1,1033311,1035439,1164.958998,1166.959862,2.000863999999865,40.023274126886534,33.7875,45.7125,1,1,1,1,2128,80,80,2128.0,80.0,2128.0,2128,80,80.08112836260989,47127.64085915203
4485,0,636,1,1,1035439,1037587,1166.959862,1168.959905,2.000043000000005,39.74068350783548,33.7875,45.7125,1,1,1,1,2148,80,80,2152.0,80.0,2148.0,2148,80,79.48307586506417,46684.49628332979
4485,0,637,1,1,1037587,1039549,1168.959905,1170.960118,2.0002130000000307,39.531446445029275,33.7875,45.7125,1,1,1,1,1962,80,80,1963.0,80.0,1963.0,1962,80,79.07131308815588,45987.602320352176
4485,0,638,1,1,1039549,1040000,1170.960118,1171.404396,0.4442779999999402,39.953465364750684,33.7875,45.7125,1,1,1,1,451,18,18,450.0,18.0,450.0,451,18,17.7504456853203,47017.85818789769
4485,0,639,1,1,1040000,1042091,1171.404396,1173.404726,2.0003300000000763,39.74740681645875,33.7875,45.7125,1,1,1,1,2091,80,80,2094.0,80.0,2091.0,2091,80,79.50793027717009,45995.410757223304
4485,0,640,1,1,1042091,1044066,1173.404726,1175.405552,2.000825999999961,39.466326176488586,33.7875,45.7125,1,1,1,1,1975,79,79,1975.0,79.0,1975.0,1975,79,78.96525153840048,44970.92700714693
4485,0,641,1,1,1044066,1046101,1175.405552,1177.407297,2.001745000000028,39.13607410747572,33.7875,45.7125,1,1,1,1,2035,80,80,2035.0,80.0,2035.0,2035,80,78.34044066427305,44790.420358236806
4485,0,642,1,1,1046101,1048192,1177.407297,1179.410698,2.00340099999994,39.787309609519426,33.7875,45.7125,1,1,1,1,2091,80,80,2094.0,81.0,2091.0,2091,81,79.70993585902033,46276.80629090371
4485,0,643,1,1,1048192,1050231,1179.410698,1181.411262,2.0005640000001677,40.01544468471227,33.7875,45.7125,1,1,1,1,2039,80,80,2040.0,79.0,2039.0,2039,79,80.05345808023412,46452.90028211655
4485,0,644,1,1,1050231,1052377,1181.411262,1183.412032,2.000769999999875,39.61522724712991,33.7875,45.7125,1,1,1,1,2146,80,80,2146.0,80.0,2146.0,2146,80,79.26095821923809,47054.38406213902
4485,0,645,1,1,1052377,1053000,1183.412032,1184.046168,0.6341360000001259,39.98998462912369,33.7875,45.7125,1,1,1,1,623,25,25,625.0,26.0,623.0,623,25,25.359088892779255,45504.43437999777
4485,0,646,1,1,1053000,1055123,1184.046168,1186.047439,2.0012709999998606,39.954047431941774,33.7875,45.7125,1,1,1,1,2123,80,79,2124.0,80.0,2123.0,2123,79,79.95887645816401,46731.30225741867
4485,0,647,1,1,1055123,1057228,1186.047439,1188.048006,2.0005670000000464,39.886110372162044,33.7875,45.7125,1,1,1,1,2105,80,80,2105.0,80.0,2105.0,2105,80,79.79483616890502,47087.65065103934
4485,0,648,1,1,1057228,1059279,1188.048006,1190.049362,2.001355999999987,39.814960946944,33.7875,45.7125,1,1,1,1,2051,80,80,2052.0,80.0,2051.0,2051,80,79.6839109809298,45458.17935439801
4485,0,649,1,1,1059279,1061289,1190.049362,1192.050016,2.0006539999999404,39.810166544958506,33.7875,45.7125,1,1,1,1,2010,79,79,2011.0,79.0,2010.0,2010,79,79.6463689388329,45338.67425352045
4485,0,650,1,1,1061289,1063360,1192.050016,1194.050641,2.0006250000001273,39.818032501758466,33.7875,45.7125,1,1,1,1,2071,80,80,2074.0,80.0,2071.0,2071,80,79.66095127383596,46713.4020618527
4485,0,651,1,1,1063360,1065459,1194.050641,1196.050859,2.0002179999999044,39.43231753342908,33.7875,45.7125,1,1,1,1,2099,80,80,2099.0,80.0,2099.0,2099,80,78.87323131207813,45986.48747286766
4485,0,652,1,1,1065459,1066000,1196.050859,1196.600034,0.5491750000001048,39.61001944626192,33.7875,45.7125,1,1,1,1,541,22,22,541.0,22.0,541.0,541,22,21.752832429403497,44852.73364591487
4485,0,653,1,1,1066000,1068044,1196.600034,1198.600387,2.0003529999999046,39.591670461693994,33.7875,45.7125,1,1,1,1,2044,80,80,2047.0,80.0,2044.0,2044,80,79.19731678305834,45515.966431926936
4485,0,654,1,1,1068044,1070152,1198.600387,1200.60078,2.000393000000031,39.624792801205516,33.7875,45.7125,1,1,1,1,2108,80,80,2110.0,80.0,2108.0,2108,80,79.26515814597951,46403.381735488256
4485,0,655,1,1,1070152,1072156,1200.60078,1202.60138,2.0006000000000768,40.211709718301066,33.7875,45.7125,1,1,1,1,2004,80,80,2005.0,80.0,2004.0,2004,80,80.44754646243382,46253.12406277939
4485,0,656,1,1,1072156,1074266,1202.60138,1204.601463,2.000082999999904,39.76906713279372,33.7875,45.7125,1,1,1,1,2110,80,80,2110.0,80.0,2110.0,2110,80,79.54143509815913,47662.522005339066
4485,0,657,1,1,1074266,1076279,1204.601463,1206.601569,2.0001059999999597,39.93532194695397,33.7875,45.7125,1,1,1,1,2013,80,80,2013.0,80.0,2013.0,2013,80,79.87487703803345,45527.58703788791
4485,0,658,1,1,1076279,1078318,1206.601569,1208.602382,2.0008130000001074,40.137612116679506,33.7875,45.7125,1,1,1,1,2039,80,80,2039.0,80.0,2039.0,2039,80,80.30785611201281,45945.823022938705
4485,0,659,1,1,1078318,1079000,1208.602382,1209.276917,0.674534999999878,40.27542606799117,33.7875,45.7125,1,1,1,1,682,27,27,682.0,27.0,682.0,682,27,27.167184522768366,46850.052258230804
4485,0,660,1,1,1079000,1081062,1209.276917,1211.277518,2.000601000000188,39.89158167624314,33.7875,45.7125,1,1,1,1,2062,80,80,2066.0,80.0,2062.0,2062,80,79.80713819307857,45677.273979164966
4485,0,661,1,1,1081062,1083152,1211.277518,1213.278129,2.0006109999999353,39.66408995765582,33.7875,45.7125,1,1,1,1,2090,80,80,2092.0,80.0,2090.0,2090,80,79.35241467427113,45612.065513986956
4485,0,662,1,1,1083152,1085227,1213.278129,1215.28009,2.0019609999999375,39.400234709391434,33.7875,45.7125,1,1,1,1,2075,80,80,2075.0,80.0,2075.0,2075,80,78.8777332790487,45051.826683937805
4485,0,663,1,1,1085227,1087311,1215.28009,1217.28148,2.0013900000001286,39.74993741806208,33.7875,45.7125,1,1,1,1,2084,80,80,2084.0,80.0,2084.0,2084,80,79.55512724914297,46280.83481979727
4485,0,664,1,1,1087311,1089440,1217.28148,1219.283051,2.0015709999997853,39.172152493091346,33.7875,45.7125,1,1,1,1,2129,80,80,2131.0,80.0,2129.0,2129,80,78.40584443774424,45443.803892047676
4485,0,665,1,1,1089440,1091544,1219.283051,1221.283023,1.9999720000000707,39.57760673357009,33.7875,45.7125,1,1,1,1,2104,79,79,2106.0,79.0,2104.0,2104,79,79.15410529415385,46967.657547204
4485,0,666,1,1,1091544,1092000,1221.283023,1221.732976,0.44995300000005045,39.1543941993156,33.7875,45.7125,1,1,1,1,456,18,18,456.0,18.0,456.0,456,18,17.61763713316759,45709.21851837346
4485,0,667,1,1,1092000,1093942,1221.732976,1223.733006,2.0000299999999243,39.095436032251754,33.7875,45.7125,1,1,1,1,1942,79,79,1946.0,80.0,1942.0,1942,79,78.19204492757854,44716.32925506287
4485,0,668,1,1,1093942,1096043,1223.733006,1225.737647,2.0046409999999923,39.11292371627354,33.7875,45.7125,1,1,1,1,2101,80,80,2105.0,80.0,2101.0,2101,80,78.40737051151518,45327.317958677064
4485,0,669,1,1,1096043,1098112,1225.737647,1227.738531,2.000884000000042,39.68401357222095,33.7875,45.7125,1,1,1,1,2069,80,80,2070.0,80.0,2069.0,2069,80,79.40310781243898,45980.176761870294
4485,0,670,1,1,1098112,1100135,1227.738531,1229.738541,2.0000099999999748,39.84235671142211,33.7875,45.7125,1,1,1,1,2023,80,80,2024.0,80.0,2023.0,2023,80,79.68511184641102,45056.27471862698
4485,0,671,1,1,1100135,1102200,1229.738541,1231.741764,2.003223000000162,39.58146439702525,33.7875,45.7125,1,1,1,1,2065,80,80,2065.0,80.0,2065.0,2065,80,79.29049985380698,45684.87881778145
4485,0,672,1,1,1102200,1104232,1231.741764,1233.742773,2.00100899999984,39.52824261924267,33.7875,45.7125,1,1,1,1,2032,80,80,2035.0,80.0,2032.0,2032,80,79.0963692352816,46466.057873806385
4485,0,673,1,1,1104232,1105000,1233.742773,1234.501933,0.7591600000000653,39.98088771802264,33.7875,45.7125,1,1,1,1,768,31,31,768.0,31.0,768.0,768,31,30.351890720019583,45534.53817376709
4485,0,674,1,1,1105000,1107043,1234.501933,1236.501964,2.0000310000000354,39.631096513512354,33.7875,45.7125,1,1,1,1,2043,80,80,2047.0,80.0,2043.0,2043,80,79.26342159101478,45558.79383869469
4485,0,675,1,1,1107043,1109186,1236.501964,1238.5028,2.0008359999999357,39.74198623487544,33.7875,45.7125,1,1,1,1,2143,79,79,2144.0,79.0,2143.0,2143,79,79.51719677024084,46480.571121272806
4485,0,676,1,1,1109186,1111195,1238.5028,1240.504189,2.0013890000000174,39.61427981613614,33.7875,45.7125,1,1,1,1,2009,80,80,2010.0,80.0,2010.0,2009,80,79.28358386693435,45359.497828757536
4485,0,677,1,1,1111195,1113216,1240.504189,1242.504643,2.0004539999999906,39.592181424769876,33.7875,45.7125,1,1,1,1,2021,80,80,2022.0,80.0,2020.0,2021,80,79.20233769990591,46028.55151880545
4485,0,678,1,2,1113216,1115255,1242.504643,1244.505977,2.0013340000000426,34.40185436595654,33.7875,45.7125,1,1,1,1,2039,80,80,2039.0,80.0,2039.0,2039,80,78.63222394774493,40010.78975934882
4485,0,679,2,2,1115255,1116789,1244.505977,1246.511996,2.006018999999924,29.397984457814502,33.7875,45.7125,1,0,0,1,1534,80,80,1537.0,81.0,1534.0,1534,81,58.972915384081716,33546.54168280687
4485,0,680,2,2,1116789,1116869,1246.511996,1248.514271,2.002275000000054,0.957917544212839,33.7875,45.7125,1,0,0,0,80,80,80,80.0,80.0,80.0,80,80,1.918014350841986,632.7802125082547
4485,0,681,2,2,1116869,1116950,1248.514271,1250.516547,2.002275999999938,0.9553671822685154,33.7875,45.7125,1,0,0,0,81,80,80,81.0,80.0,81.0,81,80,1.912908780243015,628.7844433035401
4485,0,682,2,2,1116950,1117031,1250.516547,1252.518825,2.0022780000001603,0.9612990182112559,33.7875,45.7125,1,0,0,0,81,80,80,81.0,80.0,81.0,81,80,1.9247878755850252,633.2786955656999
4485,0,683,2,2,1117031,1117111,1252.518825,1254.521101,2.002275999999938,0.9614559081905698,33.7875,45.7125,1,0,0,0,80,80,80,80.0,80.0,80.0,80,80,1.9251000900258077,659.7492054042704
4485,0,684,2,2,1117111,1117191,1254.521101,1256.523379,2.002277999999933,0.9619755426380385,33.7875,45.7125,1,0,0,0,80,80,80,80.0,80.0,80.0,80,80,1.9261424655633164,609.3060004654902
4485,0,685,2,2,1117191,1117271,1256.523379,1258.525655,2.002275999999938,0.962288554470509,33.7875,45.7125,1,0,0,0,80,80,80,80.0,80.0,80.0,80,80,1.9267672776913969,635.7764863585437
4485,0,686,2,2,1117271,1117351,1258.525655,1260.527933,2.0022780000001603,0.9612469778707411,33.7875,45.7125,1,0,0,0,80,80,80,80.0,80.0,80.0,80,80,1.9246836763559259,609.306000465421
4485,0,687,2,2,1117351,1117506,1260.527933,1262.53021,2.002276999999822,1.8517621138892317,33.7875,45.7125,1,0,0,0,155,80,80,155.0,80.0,155.0,155,80,3.7077406901080394,2510.6416344993463
4485,0,688,2,2,1117506,1117671,1262.53021,1264.532486,2.0022760000001654,1.9735895018488432,33.7875,45.7125,1,0,0,0,165,80,80,165.0,80.0,165.0,165,80,3.951670893402479,2563.0832113053225
4485,0,689,2,2,1117671,1117844,1264.532486,1266.534765,2.002279000000044,2.2556973769776816,33.7875,45.7125,1,0,0,1,173,80,80,173.0,80.0,173.0,173,80,4.516535488277441,2951.6366100827454
4485,0,690,2,2,1117844,1118000,1266.534765,1267.821003,1.286237999999912,3.5839515708880576,33.7875,45.7125,1,0,0,1,156,52,52,156.0,51.0,156.0,156,51,4.6098147006341605,4615.786502964775
4485,0,691,2,2,1118000,1118283,1267.821003,1269.821521,2.0005180000000564,4.477893711097112,33.7875,45.7125,1,0,0,1,283,80,80,283.0,80.0,283.0,283,80,8.95810697113484,5448.588815496632
4485,0,692,2,2,1118283,1118709,1269.821521,1271.823084,2.001563000000033,7.072719744490912,33.7875,45.7125,1,0,0,1,426,80,80,426.0,80.0,426.0,426,80,14.156494149945502,8701.200012190331
4485,0,693,2,2,1118709,1119290,1271.823084,1273.824797,2.0017129999998815,10.07567518613135,33.7875,45.7125,1,0,0,1,581,80,80,581.0,80.0,581.0,581,80,20.168610003856884,12073.65891114332
4485,0,694,2,2,1119290,1119938,1273.824797,1275.824788,1.999990999999909,11.689017039933251,33.7875,45.7125,1,0,0,1,648,80,80,648.0,80.0,648.0,648,80,23.377928878711828,13959.062815783305
4485,0,695,2,2,1119938,1120752,1275.824788,1277.825051,2.000263000000132,14.400288484445355,33.7875,45.7125,1,0,0,1,814,80,80,814.0,80.0,814.0,814,80,28.804364244766475,17057.756904965874
4485,0,696,2,2,1120752,1121619,1277.825051,1279.831671,2.0066199999998844,16.386999740456773,33.7875,45.7125,1,0,0,1,867,80,80,867.0,80.0,867.0,867,80,32.8824814191903,19195.96136787345
4485,0,697,2,2,1121619,1122595,1279.831671,1281.833943,2.0022720000001755,17.635648835504437,33.7875,45.7125,1,0,0,1,976,80,80,976.0,80.0,976.0,976,80,35.31136586516368,21125.501430373242
4485,0,698,2,2,1122595,1123661,1281.833943,1283.840375,2.0064319999999043,20.096816405867006,33.7875,45.7125,1,0,0,1,1066,80,80,1066.0,80.0,1066.0,1066,80,40.32289553485316,23987.855058134188
4485,0,699,2,2,1123661,1124895,1283.840375,1285.840524,2.000148999999965,22.35955511608266,33.7875,45.7125,1,0,0,1,1234,80,80,1234.0,80.0,1234.0,1234,80,44.72244180587586,26851.499563283007
4485,0,700,2,2,1124895,1126210,1285.840524,1287.841868,2.0013440000000173,23.847758385556112,33.7875,45.7125,1,0,0,1,1315,80,80,1315.0,80.0,1315.0,1315,80,47.72756815838511,28685.223529787734
4485,0,701,2,2,1126210,1127577,1287.841868,1289.842816,2.0009480000001076,25.801448521860237,33.7875,45.7125,1,0,0,1,1367,80,80,1367.0,80.0,1367.0,1367,80,51.62735681691993,30452.565483958966
4485,0,702,2,2,1127577,1128978,1289.842816,1291.843068,2.0002519999998185,27.109299838726045,33.7875,45.7125,1,0,0,1,1401,80,80,1401.0,80.0,1401.0,1401,80,54.22543122100615,32224.939657606064
4485,0,703,2,2,1128978,1130473,1291.843068,1293.8441,2.001032000000123,28.256957278543123,33.7875,45.7125,1,0,0,1,1495,80,80,1495.0,80.0,1495.0,1495,80,56.54307573699771,33141.39903809431
4485,0,704,2,2,1130473,1131000,1293.8441,1294.442735,0.5986350000000584,31.896553016450486,33.7875,45.7125,1,0,0,1,527,24,24,527.0,24.0,527.0,527,24,19.094393015002424,36741.92120406901
4485,0,705,2,2,1131000,1132616,1294.442735,1296.442906,2.0001709999999093,31.843495702938153,33.7875,45.7125,1,0,0,1,1616,79,79,1617.0,79.0,1616.0,1616,79,63.69243664363603,36829.35109048343
4485,0,706,2,2,1132616,1134404,1296.442906,1298.443128,2.0002219999998943,33.78073550341247,33.7875,45.7125,1,0,0,1,1788,80,80,1790.0,80.0,1788.0,1788,80,67.56897033010318,38991.67192441845
4485,0,707,2,2,1134404,1136236,1298.443128,1300.443606,2.0004780000001574,35.06111497734595,33.7875,45.7125,1,1,0,1,1832,80,80,1836.0,80.0,1832.0,1832,80,70.13898916765902,40501.32018447272
4485,0,708,2,2,1136236,1138234,1300.443606,1302.443759,2.0001529999999548,37.0769427827328,33.7875,45.7125,1,1,1,1,1998,80,80,2000.0,80.0,1998.0,1998,80,74.15955833771295,43374.681836840464
4485,0,709,2,2,1138234,1140259,1302.443759,1304.445055,2.001295999999911,38.80325932998985,33.7875,45.7125,1,1,1,1,2025,80,80,2025.0,80.0,2025.0,2025,80,77.65680768407037,44442.70112966995
4485,0,710,2,2,1140259,1142384,1304.445055,1306.445017,1.999962000000096,39.30917295107903,33.7875,45.7125,1,1,1,1,2125,80,80,2125.0,80.0,2125.0,2125,80,78.61685215358739,46640.386167334946
4485,0,711,2,2,1142384,1144000,1306.445017,1307.974326,1.529309000000012,39.3105612592287,33.7875,45.7125,1,1,1,1,1616,61,61,1616.0,61.0,1616.0,1616,61,60.117995128792245,45977.6278044525
4485,0,712,2,2,1144000,1146053,1307.974326,1309.977125,2.002798999999868,40.104660615155375,33.7875,45.7125,1,1,1,1,2053,80,80,2055.0,80.0,2053.0,2053,80,80.32157417536655,46445.99882464797
4485,0,713,2,2,1146053,1148079,1309.977125,1311.977594,2.0004690000000664,40.19943342307665,33.7875,45.7125,1,1,1,1,2026,80,80,2028.0,80.0,2026.0,2026,80,80.41772038042836,46592.57404138575
4485,0,714,2,2,1148079,1150161,1311.977594,1313.977589,1.9999950000001263,40.52776573563561,33.7875,45.7125,1,1,1,1,2082,80,80,2082.0,80.0,2082.0,2082,80,81.0553288324445,47155.11788779174
4485,0,715,2,2,1150161,1152250,1313.977589,1315.977837,2.0002479999998286,40.15400058883194,33.7875,45.7125,1,1,1,1,2089,80,80,2089.0,80.0,2089.0,2089,80,80.31795936980052,47397.12275678222
4485,0,716,2,2,1152250,1154340,1315.977837,1317.97889,2.0010530000001836,40.03893494656338,33.7875,45.7125,1,1,1,1,2090,80,80,2091.0,80.0,2090.0,2090,80,80.12003089163045,46054.7521729767
4485,0,717,2,2,1154340,1156385,1317.97889,1319.979165,2.000274999999874,39.81038028366483,33.7875,45.7125,1,1,1,1,2045,80,80,2046.0,80.0,2045.0,2045,80,79.63170842190448,45921.68576820976
4485,0,718,2,2,1156385,1157000,1319.979165,1320.525267,0.546102000000019,40.38058926027504,33.7875,45.7125,1,1,1,1,615,22,22,615.0,22.0,615.0,615,22,22.05192055621592,47835.386063407735
4485,0,719,2,2,1157000,1158998,1320.525267,1322.525339,2.0000720000000456,39.71109162650028,33.7875,45.7125,1,1,1,1,1998,80,80,2003.0,80.0,1998.0,1998,80,79.42504245159944,45856.34917142878
4485,0,720,2,2,1158998,1161042,1322.525339,1324.525703,2.0003639999999905,39.531966867765384,33.7875,45.7125,1,1,1,1,2044,79,79,2045.0,80.0,2044.0,2044,80,79.07832337146829,46059.11724066242
4485,0,721,2,2,1161042,1163076,1324.525703,1326.526347,2.0006439999999657,39.78390648926962,33.7875,45.7125,1,1,1,1,2034,80,80,2034.0,79.0,2034.0,2034,79,79.59343381431972,45977.695182152136
4485,0,722,2,2,1163076,1165126,1326.526347,1328.527244,2.0008970000001227,39.409054724428316,33.7875,45.7125,1,1,1,1,2050,80,80,2051.0,80.0,2050.0,2050,80,78.85345937094826,46002.367937977
4485,0,723,2,2,1165126,1167225,1328.527244,1330.527473,2.0002289999999903,39.88474345690356,33.7875,45.7125,1,1,1,1,2099,80,80,2099.0,80.0,2099.0,2099,80,79.77862052006094,46392.18809446341
4485,0,724,2,2,1167225,1169377,1330.527473,1332.527577,2.000103999999965,40.01314236838456,33.7875,45.7125,1,1,1,1,2152,80,80,2153.0,80.0,2152.0,2152,80,80.03044610357756,45503.63381104263
4485,0,725,2,2,1169377,1170000,1332.527577,1333.162645,0.6350680000000466,39.26723564550097,33.7875,45.7125,1,1,1,1,623,26,26,623.0,26.0,623.0,623,26,24.937364806915866,44910.15135386747
4485,0,726,2,2,1170000,1171978,1333.162645,1335.162799,2.0001539999998386,39.979691346305756,33.7875,45.7125,1,1,1,1,1978,79,79,1983.0,80.0,1978.0,1978,80,79.96553956506978,45049.03122459934
4485,0,727,2,2,1171978,1174063,1335.162799,1337.163088,2.000289000000066,39.86891495882371,33.7875,45.7125,1,1,1,1,2085,80,80,2086.0,79.0,2085.0,2085,79,79.74935203407222,47715.10516730175
4485,0,728,2,2,1174063,1176130,1337.163088,1339.167353,2.004265000000032,40.3908303624727,33.7875,45.7125,1,1,1,1,2067,80,80,2069.0,81.0,2067.0,2067,81,80.95392761644325,46473.395484129345
4485,0,729,2,2,1176130,1178110,1339.167353,1341.167327,1.9999739999998383,39.99353607654323,33.7875,45.7125,1,1,1,1,1980,80,80,1980.0,79.0,1980.0,1980,79,79.98603232113965,45813.09557024612
4485,0,730,2,2,1178110,1180210,1341.167327,1343.167911,2.000584000000117,40.0928606650315,33.7875,45.7125,1,1,1,1,2100,80,80,2100.0,80.0,2100.0,2100,80,80.20913556069718,45547.20021753381
4485,0,731,2,2,1180210,1182324,1343.167911,1345.167939,2.0000279999999293,39.62604998115974,33.7875,45.7125,1,1,1,1,2114,80,80,2116.0,80.0,2114.0,2114,80,79.25320949171874,46899.34340919393
4485,0,732,2,2,1182324,1183000,1345.167939,1345.824315,0.6563760000001366,39.597166765210666,33.7875,45.7125,1,1,1,1,676,26,26,676.0,26.0,676.0,676,26,25.990629932690354,44763.97674502707
4485,0,733,2,2,1183000,1185056,1345.824315,1347.826284,2.0019689999999173,39.841240037384274,33.7875,45.7125,1,1,1,1,2056,79,79,2059.0,80.0,2056.0,2056,79,79.76092747639632,46156.558867796564
4485,0,734,2,2,1185056,1187175,1347.826284,1349.82658,2.000295999999935,39.84184459403899,33.7875,45.7125,1,1,1,1,2119,80,80,2120.0,80.0,2119.0,2119,80,79.69548237407434,46033.68701432338
4485,0,735,2,2,1187175,1189243,1349.82658,1351.82692,2.000340000000051,39.87920705454547,33.7875,45.7125,1,1,1,1,2068,80,80,2069.0,80.0,2068.0,2068,80,79.77197303948924,45632.24251877065
4485,0,736,2,2,1189243,1191211,1351.82692,1353.827328,2.0004080000001068,39.407025586555264,33.7875,45.7125,1,1,1,1,1968,80,80,1968.0,80.0,1968.0,1968,80,78.83012923955539,45318.255075962086
4485,0,737,2,2,1191211,1193276,1353.827328,1355.830218,2.0028899999999794,39.728895523711685,33.7875,45.7125,1,1,1,1,2065,80,80,2066.0,80.0,2065.0,2065,80,79.57260755548486,44974.51183040553
4485,0,738,2,2,1193276,1195331,1355.830218,1357.831496,2.0012779999999566,39.579551338468,33.7875,45.7125,1,1,1,1,2055,80,80,2056.0,80.0,2055.0,2055,80,79.20968534354324,45995.60880597398
4485,0,739,2,2,1195331,1196000,1357.831496,1358.499247,0.6677509999999529,39.67647810099422,33.7875,45.7125,1,1,1,1,669,27,27,669.0,27.0,669.0,669,27,26.49400792841334,45528.947167435384
4485,0,740,2,2,1196000,1198029,1358.499247,1360.499243,1.99999600000001,39.610686319632315,33.7875,45.7125,1,1,1,1,2029,80,80,2032.0,80.0,2029.0,2029,80,79.22121419652103,45576.591153182075
4485,0,741,2,2,1198029,1200107,1360.499243,1362.499712,2.0004690000000664,39.585843851458804,33.7875,45.7125,1,1,1,1,2078,80,80,2078.0,80.0,2078.0,2078,80,79.19025346369017,46181.670398290065
4485,0,742,2,2,1200107,1202131,1362.499712,1364.50084,2.0011279999998806,39.48851697241823,33.7875,45.7125,1,1,1,1,2024,80,80,2024.0,80.0,2024.0,2024,80,79.02157699197414,45512.33104529317
4485,0,743,2,2,1202131,1204201,1364.50084,1366.501794,2.0009540000000925,39.98159327963908,33.7875,45.7125,1,1,1,1,2070,80,80,2071.0,80.0,2070.0,2070,80,80.00132899927121,45723.6897999633
4485,0,744,2,2,1204201,1206251,1366.501794,1368.50339,2.001596000000063,39.49020896829051,33.7875,45.7125,1,1,1,1,2050,80,80,2051.0,80.0,2051.0,2050,80,79.04344431009667,45177.94799749657
4485,0,745,2,2,1206251,1208251,1368.50339,1370.503443,2.00005299999998,39.7706506451752,33.7875,45.7125,1,1,1,1,2000,80,80,2001.0,80.0,1999.0,2000,80,79.54340913483611,45453.79547442038
4485,0,746,2,2,1208251,1209000,1370.503443,1371.231,0.7275569999999334,39.66822072560761,33.7875,45.7125,1,1,1,1,749,29,29,750.0,29.0,749.0,749,29,28.860891666459793,45920.80070702785
4485,0,747,2,2,1209000,1211059,1371.231,1373.231087,2.000086999999894,39.245253339609334,33.7875,45.7125,1,1,1,1,2059,79,79,2062.0,80.0,2059.0,2059,80,78.49392101625563,46412.481057076475
4485,0,748,2,2,1211059,1213160,1373.231087,1375.233364,2.002277000000049,39.68458815978435,33.7875,45.7125,1,1,1,1,2101,80,80,2103.0,80.0,2101.0,2101,80,79.45953812680818,46277.313278830916
4485,0,749,2,2,1213160,1215229,1375.233364,1377.234445,2.001081000000113,39.56457908153646,33.7875,45.7125,1,1,1,1,2069,80,80,2072.0,79.0,2069.0,2069,79,79.17192747306399,45602.851658675914
4485,0,750,2,2,1215229,1217258,1377.234445,1379.235349,2.0009039999999914,39.35163384174753,33.7875,45.7125,1,1,1,1,2029,79,79,2029.0,80.0,2029.0,2029,79,78.73884156048734,45010.65518385709
4485,0,751,2,2,1217258,1219313,1379.235349,1381.235904,2.0005549999998493,39.56498303069533,33.7875,45.7125,1,1,1,1,2055,80,80,2056.0,80.0,2055.0,2055,80,79.15192462696723,45791.2929162192
4485,0,752,2,2,1219313,1221389,1381.235904,1383.237145,2.0012410000001637,39.595274947615444,33.7875,45.7125,1,1,1,1,2076,80,80,2076.0,80.0,2076.0,2076,80,79.23968763144512,45882.03020025699
4485,0,753,2,2,1221389,1222000,1383.237145,1383.812939,0.5757939999998598,39.60279456146067,33.7875,45.7125,1,1,1,1,611,22,22,614.0,23.0,611.0,611,22,22.80305149171909,47232.169838530135
4485,0,754,2,2,1222000,1224027,1383.812939,1385.816549,2.0036099999999806,39.40494153858305,33.7875,45.7125,1,1,1,1,2027,80,80,2030.0,80.0,2027.0,2027,80,78.9521349161223,45716.4817504409
4485,0,755,2,2,1224027,1226162,1385.816549,1387.816642,2.0000930000001063,39.74594649031219,33.7875,45.7125,1,1,1,1,2135,80,80,2136.0,80.0,2135.0,2135,80,79.49558935365349,46355.34447647938
4485,0,756,2,2,1226162,1228335,1387.816642,1389.817276,2.000633999999991,39.83920831211351,33.7875,45.7125,1,1,1,1,2173,80,80,2173.0,80.0,2173.0,2173,80,79.7036746822996,47290.508908676165
4485,0,757,2,2,1228335,1230323,1389.817276,1391.81827,2.0009939999999915,39.540462382381186,33.7875,45.7125,1,1,1,1,1988,80,80,1989.0,80.0,1988.0,1988,80,79.12022798437101,44373.946148764255
4485,0,758,2,2,1230323,1232420,1391.81827,1393.818447,2.0001770000001216,39.62207047619674,33.7875,45.7125,1,1,1,1,2097,80,80,2097.0,80.0,2097.0,2097,80,79.25115405887482,45718.45391682558
4485,0,759,2,2,1232420,1234463,1393.818447,1395.819071,2.000623999999789,39.76367727630135,33.7875,45.7125,1,1,1,1,2043,80,80,2043.0,80.0,2043.0,2043,80,79.55216708721127,46349.039099805756
4485,0,760,2,2,1234463,1235000,1395.819071,1396.313185,0.49411400000008143,39.61349599039109,33.7875,45.7125,1,1,1,1,537,20,20,537.0,20.0,537.0,537,20,19.573582957797043,46369.86606328949
4485,0,761,2,2,1235000,1237085,1396.313185,1398.319241,2.006055999999944,39.893744670387896,33.7875,45.7125,1,1,1,1,2085,80,80,2086.0,80.0,2085.0,2085,80,80.02908585849946,47046.04457702209
4485,0,762,2,2,1237085,1239019,1398.319241,1400.321786,2.0025450000000546,39.87489638591811,33.7875,45.7125,1,1,1,1,1934,80,80,1935.0,80.0,1934.0,1934,80,79.85127438313793,45293.86355862042
4485,0,763,2,2,1239019,1241189,1400.321786,1402.322608,2.000821999999971,40.503906799588854,33.7875,45.7125,1,1,1,1,2170,80,80,2170.0,80.0,2170.0,2170,80,81.04110781056806,47636.92122537706
4485,0,764,2,2,1241189,1243317,1402.322608,1404.324325,2.001717000000099,39.75747795629271,33.7875,45.7125,1,1,1,1,2128,80,80,2129.0,80.0,2128.0,2128,80,79.58321950223763,46582.009344975035
4485,0,765,2,2,1243317,1245393,1404.324325,1406.325145,2.000819999999976,40.15418948523953,33.7875,45.7125,1,1,1,1,2076,80,80,2076.0,80.0,2076.0,2076,80,80.34130540585465,46853.29015103864
4485,0,766,2,2,1245393,1247449,1406.325145,1408.32915,2.0040050000000065,39.7891544155839,33.7875,45.7125,1,1,1,1,2056,80,80,2056.0,80.0,2056.0,2056,80,79.73766439460451,45063.75982095839
4485,0,767,2,2,1247449,1248000,1408.32915,1408.841609,0.5124590000000353,39.99159246874736,33.7875,45.7125,1,1,1,1,551,20,20,551.0,20.0,551.0,551,20,20.494051484944066,46975.46535429828
4485,0,768,2,2,1248000,1249986,1408.841609,1410.841914,2.0003050000000258,40.094519163768034,33.7875,45.7125,1,1,1,1,1986,80,80,1989.0,80.0,1986.0,1986,80,80.20126715588412,45794.51633625813
4485,0,769,2,2,1249986,1252069,1410.841914,1412.845415,2.0035009999999147,39.96221444303565,33.7875,45.7125,1,1,1,1,2083,80,80,2083.0,80.0,2083.0,2083,80,80.06433659883623,46657.825476505364
4485,0,770,2,2,1252069,1254219,1412.845415,1414.845617,2.0002019999999447,40.26832903704074,33.7875,45.7125,1,1,1,1,2150,80,80,2152.0,80.0,2151.0,2150,80,80.5447922765452,46478.30569112648
4485,0,771,2,2,1254219,1256197,1414.845617,1416.848388,2.002771000000166,40.35084059520145,33.7875,45.7125,1,1,1,1,1978,75,75,2114.0,80.0,1977.0,1978,75,80.81349336970015,47399.32823073238
4485,0,772,2,2,1256197,1258292,1416.848388,1418.84949,2.001101999999946,40.41458821386981,33.7875,45.7125,1,1,1,1,2095,80,80,2095.0,80.0,2095.0,2095,80,80.87371330394672,46987.6098269866
4485,0,773,2,2,1258292,1260407,1418.84949,1420.850413,2.0009229999998297,39.910189210369055,33.7875,45.7125,1,1,1,1,2115,80,80,2115.0,80.0,2115.0,2115,80,79.85721552537143,46380.09558589106
4485,0,774,2,2,1260407,1261000,1420.850413,1421.417577,0.567164000000048,40.082140783990695,33.7875,45.7125,1,1,1,1,593,23,23,594.0,23.0,593.0,593,23,22.73314729561389,47577.06765591208
4485,0,775,2,2,1261000,1263142,1421.417577,1423.42027,2.0026930000001357,39.92024720098925,33.7875,45.7125,1,1,1,1,2142,80,80,2145.0,80.0,2142.0,2142,80,79.9479996276932,46299.15818350277
4485,0,776,2,2,1263142,1265274,1423.42027,1425.420663,2.000393000000031,40.336333716978125,33.7875,45.7125,1,1,1,1,2132,80,80,2132.0,80.0,2132.0,2132,80,80.68851961311157,46385.38527179338
4485,0,777,2,2,1265274,1267312,1425.420663,1427.421006,2.00034299999993,39.6330190660739,33.7875,45.7125,1,1,1,1,2038,80,80,2039.0,80.0,2038.0,2038,80,79.27963225768326,45982.613981703755
4485,0,778,2,2,1267312,1269337,1427.421006,1429.421552,2.0005459999999857,39.82438917412003,33.7875,45.7125,1,1,1,1,2025,80,80,2025.0,80.0,2025.0,2025,80,79.67052246473031,46114.9106293985
4485,0,779,2,2,1269337,1271445,1429.421552,1431.422256,2.0007040000000416,39.85761202199497,33.7875,45.7125,1,1,1,1,2108,79,79,2108.0,80.0,2108.0,2108,80,79.74328380285442,46321.694763442305
4485,0,780,2,2,1271445,1273511,1431.422256,1433.422221,1.9999649999999747,39.91389718211439,33.7875,45.7125,1,1,1,1,2066,80,80,2066.0,79.0,2066.0,2066,79,79.82639737782301,46022.805399095065
4485,0,781,2,2,1273511,1274000,1433.422221,1433.850157,0.42793600000004517,39.94202506218166,33.7875,45.7125,1,1,1,1,489,17,17,490.0,18.0,489.0,489,17,17.092630437015032,48850.76273087049
4485,0,782,2,2,1274000,1276088,1433.850157,1435.850542,2.0003849999998238,39.68761427695601,33.7875,45.7125,1,1,1,1,2088,79,79,2093.0,79.0,2088.0,2088,79,79.39050828540348,45952.154210318564
4485,0,783,2,2,1276088,1278132,1435.850542,1437.85338,2.0028380000001107,39.980426214399316,33.7875,45.7125,1,1,1,1,2044,80,80,2044.0,80.0,2044.0,2044,80,80.0743168784029,45955.78873578138
4485,0,784,2,2,1278132,1280147,1437.85338,1439.854789,2.001408999999967,39.60519135676713,33.7875,45.7125,1,1,1,1,2015,80,80,2016.0,80.0,2015.0,2015,80,79.26618642815447,45801.233031330186
4485,0,785,2,2,1280147,1282265,1439.854789,1441.854878,2.0000890000001164,39.799216934792,33.7875,45.7125,1,1,1,1,2118,80,80,2118.0,80.0,2118.0,2118,80,79.60197599989624,47149.90182936585
4485,0,786,2,2,1282265,1284376,1441.854878,1443.856304,2.0014259999998103,39.735585502324376,33.7875,45.7125,1,1,1,1,2111,80,80,2112.0,80.0,2111.0,2111,80,79.52783394957078,45531.536014825746
4485,0,787,2,2,1284376,1286449,1443.856304,1445.856727,2.0004230000001826,39.53106701599023,33.7875,45.7125,1,1,1,1,2073,80,80,2075.0,80.0,2073.0,2073,80,79.0788556733387,45698.33480218516
4485,0,788,2,2,1286449,1287000,1445.856727,1446.403561,0.5468339999999898,39.53677134317458,33.7875,45.7125,1,1,1,1,551,22,22,551.0,22.0,551.0,551,22,21.620050820674805,45845.722833621294
4485,0,789,2,2,1287000,1289120,1446.403561,1448.404401,2.0008399999999256,39.60280751897833,33.7875,45.7125,1,1,1,1,2120,80,80,2121.0,80.0,2120.0,2120,80,79.23888139626797,46783.85078267302
4485,0,790,2,2,1289120,1291243,1448.404401,1450.404421,2.0000199999999495,39.70591933030441,33.7875,45.7125,1,1,1,1,2123,80,80,2123.0,80.0,2123.0,2123,80,79.4126327789927,46847.03152968588
4485,0,791,2,2,1291243,1293247,1450.404421,1452.406319,2.001897999999983,39.63231133010855,33.7875,45.7125,1,1,1,1,2004,80,80,2005.0,80.0,2004.0,2004,80,79.33984478712227,45633.19409880063
4485,0,792,2,2,1293247,1295305,1452.406319,1454.407209,2.0008900000000267,39.74914692762647,33.7875,45.7125,1,1,1,1,2058,80,80,2062.0,80.0,2058.0,2058,80,79.5336705960217,45951.55155955539
4485,0,793,2,2,1295305,1297426,1454.407209,1456.40731,2.000101000000086,39.491555001207644,33.7875,45.7125,1,1,1,1,2121,80,80,2122.0,80.0,2121.0,2121,80,78.98709864947159,46569.64823276224
4485,0,794,2,2,1297426,1299434,1456.40731,1458.407839,2.000528999999915,39.41632090969186,33.7875,45.7125,1,1,1,1,2008,80,80,2008.0,80.0,2008.0,2008,80,78.85349305313866,46141.29562730854
4485,0,795,2,2,1299434,1300000,1458.407839,1458.917179,0.5093400000000656,39.540568644323024,33.7875,45.7125,1,1,1,1,566,20,20,567.0,20.0,566.0,566,20,20.139593233303458,48511.79958376883
4485,0,796,2,2,1300000,1302089,1458.917179,1460.917352,2.0001729999999043,39.5215015811644,33.7875,45.7125,1,1,1,1,2089,80,80,2092.0,80.0,2089.0,2089,80,79.04984038209659,46127.01001363603
4485,0,797,2,2,1302089,1304123,1460.917352,1462.917885,2.0005330000001322,40.07736669796491,33.7875,45.7125,1,1,1,1,2034,80,80,2034.0,80.0,2034.0,2034,80,80.17609463238477,46769.03605188908
4485,0,798,2,2,1304123,1306136,1462.917885,1464.918046,2.0001609999999346,39.50069099144848,33.7875,45.7125,1,1,1,1,2013,80,80,2014.0,80.0,2013.0,2013,80,79.00774159414141,44938.38246021343
4485,0,799,2,2,1306136,1308163,1464.918046,1466.918656,2.0006100000000515,39.660359659386955,33.7875,45.7125,1,1,1,1,2027,80,80,2027.0,80.0,2027.0,2027,80,79.34491213817091,45039.263024776286
4485,0,800,2,2,1308163,1310245,1466.918656,1468.918641,1.9999849999999242,40.03051656809636,33.7875,45.7125,1,1,1,1,2082,80,80,2084.0,80.0,2082.0,2082,80,80.06043267843779,45910.3443275842
4485,0,801,2,2,1310245,1312243,1468.918641,1470.920836,2.002195000000029,39.75568233083681,33.7875,45.7125,1,1,1,1,1998,80,80,1999.0,80.0,1998.0,1998,80,79.59862838438858,45503.559843071576
4485,0,802,2,2,1312243,1313000,1470.920836,1471.659547,0.7387109999999666,39.390373885003385,33.7875,45.7125,1,1,1,1,757,29,29,757.0,29.0,757.0,757,29,29.098102482959803,45063.63110878477
4485,0,803,2,2,1313000,1315009,1471.659547,1473.659773,2.0002260000001115,39.59583908135177,33.7875,45.7125,1,1,1,1,2009,80,80,2010.0,80.0,2009.0,2009,80,79.20062682234129,45640.84258478537
4485,0,804,2,2,1315009,1317090,1473.659773,1475.660391,2.000617999999804,39.89358808926597,33.7875,45.7125,1,1,1,1,2081,80,80,2081.0,80.0,2081.0,2081,80,79.81183041596523,46314.688761177335
4485,0,805,2,2,1317090,1319249,1475.660391,1477.660771,2.0003800000001775,40.02655660996631,33.7875,45.7125,1,1,1,1,2159,80,80,2159.0,80.0,2159.0,2159,80,80.06832331145415,47138.54367669724
4485,0,806,2,2,1319249,1321321,1477.660771,1479.661031,2.0002600000000257,40.09864661847321,33.7875,45.7125,1,1,1,1,2072,80,80,2075.0,80.0,2072.0,2072,80,80.20771888506715,46679.431673881794
4485,0,807,2,2,1321321,1323339,1479.661031,1481.661253,2.0002219999998943,39.8631071456143,33.7875,45.7125,1,1,1,1,2018,80,80,2019.0,80.0,2018.0,2018,80,79.73506390101102,45597.93862881461
4485,0,808,2,2,1323339,1325350,1481.661253,1483.661551,2.0002979999999297,39.66078576132453,33.7875,45.7125,1,1,1,1,2011,80,80,2011.0,80.0,2011.0,2011,80,79.33339043680462,46241.11007460051
4485,0,809,2,2,1325350,1326000,1483.661551,1484.300035,0.6384840000000622,39.85050000533695,33.7875,45.7125,1,1,1,1,650,25,25,650.0,25.0,650.0,650,25,25.44390664540697,46792.08876024628
4485,0,810,2,2,1326000,1328080,1484.300035,1486.302055,2.0020200000001296,40.50377779378275,33.7875,45.7125,1,1,1,1,2080,80,80,2082.0,80.0,2080.0,2080,80,81.08937321871781,46902.12884985861
4485,0,811,2,2,1328080,1330150,1486.302055,1488.302269,2.0002139999999144,39.80002364952913,33.7875,45.7125,1,1,1,1,2070,80,80,2070.0,80.0,2070.0,2070,80,79.60856450411666,46111.56606243329
4485,0,812,2,2,1330150,1332177,1488.302269,1490.304905,2.0026359999999386,40.04927026674953,33.7875,45.7125,1,1,1,1,2027,80,80,2027.0,80.0,2027.0,2027,80,80.20411040991894,46440.29169554669
4485,0,813,2,2,1332177,1334136,1490.304905,1492.307992,2.0030870000000505,39.81208745017814,33.7875,45.7125,1,1,1,1,1959,75,75,2089.0,80.0,1959.0,1959,75,79.74707481431687,46435.82630210154
4485,0,814,2,2,1334136,1336080,1492.307992,1494.309141,2.0011489999999412,39.74314198459341,33.7875,45.7125,1,1,1,1,1944,80,80,1945.0,80.0,1944.0,1944,80,79.53194883932156,45797.689227540126
4485,0,815,2,2,1336080,1338170,1494.309141,1496.309705,2.0005639999999403,40.077165322635395,33.7875,45.7125,1,1,1,1,2090,80,80,2091.0,80.0,2090.0,2090,80,80.17693416651309,47202.188982708285
4485,0,816,2,2,1338170,1339000,1496.309705,1497.095845,0.7861400000001595,39.883928450307174,33.7875,45.7125,1,1,1,1,830,31,31,830.0,31.0,830.0,830,31,31.354351511930872,46794.46409035609
4485,0,817,2,2,1339000,1341079,1497.095845,1499.096111,2.0002660000000105,40.17525943999932,33.7875,45.7125,1,1,1,1,2079,79,79,2087.0,80.0,2079.0,2079,79,80.36120549900807,46585.3041545472
4485,0,818,2,2,1341079,1343169,1499.096111,1501.096562,2.0004509999998845,39.83116756577685,33.7875,45.7125,1,1,1,1,2090,80,80,2090.0,80.0,2090.0,2090,80,79.68029898811801,46491.5161631079
4485,0,819,2,2,1343169,1345231,1501.096562,1503.097274,2.0007120000000214,40.35930663971694,33.7875,45.7125,1,1,1,1,2062,80,80,2062.0,80.0,2062.0,2062,80,80.7473491057608,46771.34939961324
4485,0,820,2,2,1345231,1347356,1503.097274,1505.099257,2.0019830000001093,39.828783530898754,33.7875,45.7125,1,1,1,1,2125,80,80,2125.0,80.0,2125.0,2125,80,79.73654753954179,46545.35028518969
4485,0,821,2,2,1347356,1349414,1505.099257,1507.100749,2.001491999999871,39.78842473251586,33.7875,45.7125,1,1,1,1,2058,80,80,2058.0,80.0,2058.0,2058,80,79.63621379472897,46332.43600274494
4485,0,822,2,2,1349414,1351537,1507.100749,1509.103223,2.00247400000012,39.87531473197509,33.7875,45.7125,1,1,1,1,2123,80,80,2123.0,80.0,2123.0,2123,80,79.84928099260287,46212.83472344432
4485,0,823,2,2,1351537,1352000,1509.103223,1509.518086,0.41486299999996845,40.349703761258404,33.7875,45.7125,1,1,1,1,463,17,17,463.0,17.0,463.0,463,17,16.73959915150772,49004.12907393898
4485,0,824,2,2,1352000,1354182,1509.518086,1511.518139,2.00005299999998,39.82910486356574,33.7875,45.7125,1,1,1,1,2182,80,80,2187.0,80.0,2182.0,2182,80,79.6603206696891,46876.257779169326
4485,0,825,2,2,1354182,1356216,1511.518139,1513.518204,2.0000649999999496,40.016680052616394,33.7875,45.7125,1,1,1,1,2034,80,80,2034.0,80.0,2034.0,2034,80,80.03596118943096,46677.48298180427
4485,0,826,2,2,1356216,1358296,1513.518204,1515.581563,2.0633589999999913,39.70600347640488,33.7875,45.7125,1,1,1,1,2080,78,78,2174.0,82.0,2080.0,2080,78,81.92773962706997,47169.687873026654
4485,0,827,2,2,1358296,1360404,1515.581563,1517.582049,2.000486000000137,39.44560351452959,33.7875,45.7125,1,1,1,1,2108,80,80,2110.0,80.0,2108.0,2108,80,78.91037759237224,46283.253169476644
4485,0,828,2,2,1360404,1362457,1517.582049,1519.582903,2.00085399999989,39.338655687032016,33.7875,45.7125,1,1,1,1,2053,80,80,2053.0,80.0,2053.0,2053,80,78.71090658601315,45402.61308421553
4485,0,829,2,2,1362457,1364528,1519.582903,1521.584106,2.0012030000000323,39.11256904433002,33.7875,45.7125,1,1,1,1,2071,80,80,2071.0,80.0,2071.0,2071,80,78.27219050921849,45297.75340132837
4485,0,830,2,2,1364528,1365000,1521.584106,1522.050802,0.46669599999995626,39.06606001414049,33.7875,45.7125,1,1,1,1,472,19,19,472.0,19.0,472.0,472,19,18.23197394435556,48228.397072188556
4485,0,831,2,2,1365000,1367089,1522.050802,1524.051931,2.0011289999999917,39.815342111161264,33.7875,45.7125,1,1,1,1,2089,79,79,2091.0,79.0,2089.0,2089,79,79.67563574356609,46199.420427169054
4485,0,832,2,2,1367089,1369119,1524.051931,1526.052325,2.000394000000142,39.606229278883234,33.7875,45.7125,1,1,1,1,2030,80,80,2030.0,80.0,2030.0,2030,80,79.22806341210526,46007.43653499934
4485,0,833,2,2,1369119,1371198,1526.052325,1528.054387,2.002061999999796,39.36166840736168,33.7875,45.7125,1,1,1,1,2079,79,79,2081.0,80.0,2079.0,2079,79,78.80450057497364,46839.20877575697
4485,0,834,2,2,1371198,1373258,1528.054387,1530.054444,2.000057000000197,39.73071642017571,33.7875,45.7125,1,1,1,1,2060,79,79,2063.0,80.0,2060.0,2060,79,79.46369749119185,45425.20538164215
4485,0,835,2,2,1373258,1375380,1530.054444,1532.054817,2.000372999999854,39.50491148098468,33.7875,45.7125,1,1,1,1,2122,80,80,2123.0,80.0,2122.0,2122,80,79.02455829394603,46888.25534038244
4485,0,836,2,2,1375380,1377502,1532.054817,1534.055846,2.001029000000017,39.59767911095651,33.7875,45.7125,1,1,1,1,2122,80,80,2122.0,80.0,2122.0,2122,80,79.23610423372156,45950.858283412796
4485,0,837,2,2,1377502,1378000,1534.055846,1534.530333,0.4744869999999537,39.95201917504778,33.7875,45.7125,1,1,1,1,498,19,19,500.0,19.0,498.0,498,19,18.95671372230572,44542.84311267129
4485,0,838,2,2,1378000,1380096,1534.530333,1536.530475,2.0001420000000962,39.5743112584929,33.7875,45.7125,1,1,1,1,2096,80,80,2096.0,80.0,2096.0,2096,80,79.15424206919124,47428.13260258293
4485,0,839,2,2,1380096,1382117,1536.530475,1538.531004,2.000528999999915,39.606955075888955,33.7875,45.7125,1,1,1,1,2021,79,79,2023.0,80.0,2021.0,2021,79,79.23486223100917,44559.71395566062
4485,0,840,2,2,1382117,1384128,1538.531004,1540.532981,2.0019770000001245,39.639186764068825,33.7875,45.7125,1,1,1,1,2011,80,80,2011.0,80.0,2011.0,2011,80,79.3567402003755,45857.669693505115
4485,0,841,2,2,1384128,1386112,1540.532981,1542.533223,2.0002419999998438,39.685332754223,33.7875,45.7125,1,1,1,1,1984,80,80,1985.0,80.0,1984.0,1984,80,79.38026935896778,45976.936790651926
4485,0,842,2,2,1386112,1388182,1542.533223,1544.533254,2.0000310000000354,40.25242688497557,33.7875,45.7125,1,1,1,1,2070,80,80,2073.0,80.0,2070.0,2070,80,80.50610159518692,46895.27312326576
4485,0,843,2,2,1388182,1390364,1544.533254,1546.533925,2.000671000000011,39.95029543429566,33.7875,45.7125,1,1,1,1,2182,80,80,2183.0,80.0,2182.0,2182,80,79.9273975168253,46373.44171030593
4485,0,844,2,2,1390364,1391000,1546.533925,1547.15139,0.6174650000000383,39.87935052400057,33.7875,45.7125,1,1,1,1,636,24,24,636.0,24.0,636.0,636,24,24.62410317130707,45008.2190893383
4485,0,845,2,2,1391000,1393089,1547.15139,1549.152511,2.001121000000012,39.62283992999976,33.7875,45.7125,1,1,1,1,2089,80,80,2093.0,80.0,2089.0,2089,80,79.2900970635601,47012.14969009842
4485,0,846,2,2,1393089,1395190,1549.152511,1551.152741,2.0002300000001014,39.62232803006552,33.7875,45.7125,1,1,1,1,2101,80,80,2101.0,80.0,2101.0,2101,80,79.25376919558039,45674.247461539606
4485,0,847,2,2,1395190,1397277,1551.152741,1553.153662,2.0009209999998347,39.461076570564266,33.7875,45.7125,1,1,1,1,2087,79,79,2096.0,80.0,2087.0,2087,79,78.95849679264211,46339.16081644785
4485,0,848,2,2,1397277,1399421,1553.153662,1555.153754,2.000091999999995,39.96050261025295,33.7875,45.7125,1,1,1,1,2144,80,80,2146.0,80.0,2144.0,2144,80,79.92468158674455,47205.32855488659
4485,0,849,2,2,1399421,1401530,1555.153754,1557.154688,2.000934000000143,39.631888783313094,33.7875,45.7125,1,1,1,1,2109,80,80,2109.0,80.0,2109.0,2109,80,79.3007937507573,45683.66572810171
4485,0,850,2,2,1401530,1403506,1557.154688,1559.15486,2.0001720000000205,39.935625466812766,33.7875,45.7125,1,1,1,1,1976,80,80,1976.0,80.0,1976.0,1976,80,79.87811986120505,44511.172039204175
4485,0,851,2,2,1403506,1404000,1559.15486,1559.619141,0.46428099999980077,39.39462382091465,33.7875,45.7125,1,1,1,1,494,19,19,495.0,19.0,494.0,494,19,18.290175342190196,46553.70346839366
4485,0,852,2,2,1404000,1405973,1559.619141,1561.61913,1.9999890000001415,39.60420759968376,33.7875,45.7125,1,1,1,1,1973,79,79,1976.0,79.0,1973.0,1973,79,79.20797955308808,45203.74862061421
4485,0,853,2,2,1405973,1408035,1561.61913,1563.620781,2.001651000000038,39.42202813739317,33.7875,45.7125,1,1,1,1,2062,80,80,2063.0,80.0,2062.0,2062,80,78.90914204324508,45080.28622372146
4485,0,854,2,2,1408035,1410024,1563.620781,1565.621509,2.000727999999981,39.68152022756492,33.7875,45.7125,1,1,1,1,1989,79,79,1992.0,80.0,1989.0,1989,79,79.39192860185722,45129.07301742209
4485,0,855,2,2,1410024,1412128,1565.621509,1567.621576,2.0000669999999445,39.569380021946245,33.7875,45.7125,1,1,1,1,2104,80,80,2105.0,80.0,2104.0,2104,80,79.14141119235137,46322.94818123721
4485,0,856,2,2,1412128,1414223,1567.621576,1569.621688,2.0001119999999446,39.502331266761814,33.7875,45.7125,1,1,1,1,2095,80,80,2096.0,80.0,2095.0,2095,80,79.00908679462009,46336.90513331382
4485,0,857,2,2,1414223,1416298,1569.621688,1571.621659,1.9999709999999595,40.24206244441704,33.7875,45.7125,1,1,1,1,2075,80,80,2077.0,80.0,2075.0,2075,80,80.48295786901872,46251.67064922535
4485,0,858,2,2,1416298,1417000,1571.621659,1572.28975,0.668091000000004,39.453004583964955,33.7875,45.7125,1,1,1,1,702,27,27,702.0,27.0,702.0,702,27,26.358197285502683,46010.19920938886
4485,0,859,2,2,1417000,1419051,1572.28975,1574.291327,2.0015769999999975,39.58506830852468,33.7875,45.7125,1,1,1,1,2051,80,80,2055.0,80.0,2052.0,2051,80,79.23256226977537,46686.687546869354
4485,0,860,2,2,1419051,1421125,1574.291327,1576.293015,2.0016880000000583,39.59423195411059,33.7875,45.7125,1,1,1,1,2074,79,79,2076.0,80.0,2073.0,2074,79,79.25529897175875,46182.52195147161
4485,0,861,2,2,1421125,1423097,1576.293015,1578.293255,2.000240000000076,39.7505931339907,33.7875,45.7125,1,1,1,1,1972,80,80,1972.0,80.0,1972.0,1972,80,79.51072641033534,44838.11942566721
4485,0,862,2,2,1423097,1425193,1578.293255,1580.293661,2.0004059999998844,39.43659927990352,33.7875,45.7125,1,1,1,1,2096,80,80,2097.0,80.0,2096.0,2096,80,78.8892098191136,46339.093164090365
4485,0,863,2,2,1425193,1427207,1580.293661,1582.293817,2.000156000000061,39.31397461053144,33.7875,45.7125,1,1,1,1,2014,79,79,2015.0,80.0,2014.0,2014,80,78.63408220110432,45234.971672208194
4485,0,864,2,2,1427207,1429242,1582.293817,1584.294139,2.0003220000000965,38.96077910980996,33.7875,45.7125,1,1,1,1,2035,80,80,2035.0,79.0,2035.0,2035,79,77.93410359049449,46018.59100684568
4485,0,865,2,2,1429242,1430000,1584.294139,1585.045904,0.7517649999999776,38.98747504380487,33.7875,45.7125,1,1,1,1,758,30,30,758.0,30.0,758.0,758,30,29.309419176308438,45524.86481812936
4485,0,866,2,2,1430000,1432006,1585.045904,1587.046022,2.0001179999999295,39.27684370623522,33.7875,45.7125,1,1,1,1,2006,79,79,2010.0,80.0,2006.0,2006,79,78.55832208002539,45292.82772316593
4485,0,867,2,2,1432006,1434064,1587.046022,1589.047336,2.001314000000093,38.89433890896718,33.7875,45.7125,1,1,1,1,2058,80,80,2058.0,80.0,2058.0,2058,80,77.83978497926728,46190.652741146914
4485,0,868,2,2,1434064,1436149,1589.047336,1591.047948,2.000611999999819,39.24062993460834,33.7875,45.7125,1,1,1,1,2085,80,80,2085.0,80.0,2085.0,2085,80,78.50527513473207,46071.40215094598
4485,0,869,2,2,1436149,1438171,1591.047948,1593.049674,2.0017260000001897,39.06918909963973,33.7875,45.7125,1,1,1,1,2022,80,80,2024.0,80.0,2022.0,2022,80,78.2058116196713,44268.29646015069
4485,0,870,2,2,1438171,1440215,1593.049674,1595.052786,2.0031119999998737,39.146014037546095,33.7875,45.7125,1,1,1,1,2044,80,80,2044.0,80.0,2044.0,2044,80,78.41385047077347,45063.38137857778
4485,0,871,2,2,1440215,1442249,1595.052786,1597.053866,2.0010800000000017,39.16291923836586,33.7875,45.7125,1,1,1,1,2034,80,80,2034.0,80.0,2034.0,2034,80,78.36813442951097,45806.264617106724
4485,0,872,2,2,1442249,1443000,1597.053866,1597.730086,0.6762200000000576,38.87455756508123,33.7875,45.7125,1,1,1,1,751,27,27,751.0,27.0,751.0,751,27,26.28775331666111,46891.54417201103
4485,0,873,2,2,1443000,1444998,1597.730086,1599.730214,2.000127999999904,39.042423416402634,33.7875,45.7125,1,1,1,1,1998,80,80,1999.0,80.0,1998.0,1998,80,78.08984426299867,45888.56313196175
4485,0,874,2,2,1444998,1447034,1599.730214,1601.730295,2.0000810000001366,39.23026221944361,33.7875,45.7125,1,1,1,1,2036,80,80,2038.0,80.0,2036.0,2036,80,78.46370209013548,45772.146228074635
4485,0,875,2,2,1447034,1449112,1601.730295,1603.733309,2.0030139999998937,39.459995220257156,33.7875,45.7125,1,1,1,1,2078,79,79,2080.0,80.0,2078.0,2078,79,79.03892286610062,45735.57648623767
4485,0,876,2,2,1449112,1451207,1603.733309,1605.733367,2.000058000000081,39.03372822100474,33.7875,45.7125,1,1,1,1,2095,80,80,2097.0,80.0,2095.0,2095,80,78.06972039824905,46186.16060134069
4485,0,877,2,2,1451207,1453221,1605.733367,1607.733561,2.000193999999965,39.23305782811054,33.7875,45.7125,1,1,1,1,2014,80,80,2014.0,80.0,2014.0,2014,80,78.47372686943709,44949.13993342724
4485,0,878,2,2,1453221,1455258,1607.733561,1609.733725,2.0001640000000407,39.02708536803727,33.7875,45.7125,1,1,1,1,2037,80,80,2041.0,80.0,2037.0,2037,80,78.06057117807359,44973.812147403
4485,0,879,2,2,1455258,1456000,1609.733725,1610.41911,0.6853849999999966,39.71734986578629,33.7875,45.7125,1,1,1,1,742,27,27,742.0,27.0,742.0,742,27,27.221675837761723,46193.01560436858
4485,0,880,2,2,1456000,1458057,1610.41911,1612.419506,2.0003959999999097,39.743028465235945,33.7875,45.7125,1,1,1,1,2057,80,80,2064.0,80.0,2057.0,2057,80,79.5017951697373,47219.15060818171
4485,0,881,2,2,1458057,1460200,1612.419506,1614.419555,2.00004899999999,39.74775443421058,33.7875,45.7125,1,1,1,1,2143,80,80,2143.0,80.0,2143.0,2143,80,79.49745650839031,46507.36056966628
4485,0,882,2,2,1460200,1462314,1614.419555,1616.421372,2.0018170000000737,40.05537490305884,33.7875,45.7125,1,1,1,1,2114,80,80,2116.0,80.0,2114.0,2114,80,80.18353042232047,46280.454207350915
4485,0,883,2,2,1462314,1464325,1616.421372,1618.422744,2.0013719999999466,40.22917693841938,33.7875,45.7125,1,1,1,1,2011,80,80,2011.0,80.0,2011.0,2011,80,80.51354830759374,46732.94120233644
4485,0,884,2,2,1464325,1466334,1618.422744,1620.422985,2.00024099999996,39.91430271575977,33.7875,45.7125,1,1,1,1,2009,80,80,2009.0,80.0,2009.0,2009,80,79.8382247784757,46614.38296685342
4485,0,885,2,2,1466334,1468367,1620.422985,1622.423053,2.0000680000000557,40.17437258607515,33.7875,45.7125,1,1,1,1,2033,80,80,2036.0,80.0,2033.0,2033,80,80.35147702948598,46593.41582386069
4485,0,886,2,2,1468367,1469000,1622.423053,1623.109525,0.6864720000000943,39.73111262139887,33.7875,45.7125,1,1,1,1,633,27,27,633.0,27.0,633.0,633,27,27.274296343442984,44752.00736518864
4485,0,887,2,2,1469000,1471066,1623.109525,1625.110356,2.0008309999998346,40.067155796311454,33.7875,45.7125,1,1,1,1,2066,80,80,2069.0,80.0,2066.0,2066,80,80.16760739908204,46958.9885402654
4485,0,888,2,2,1471066,1473145,1625.110356,1627.110508,2.000152000000071,39.81917232204143,33.7875,45.7125,1,1,1,1,2079,80,80,2079.0,80.0,2079.0,2079,80,79.64439715827757,46795.94350829171
4485,0,889,2,2,1473145,1475237,1627.110508,1629.11129,2.000782000000072,39.89851024298122,33.7875,45.7125,1,1,1,1,2092,80,80,2092.0,80.0,2092.0,2092,80,79.82822112097347,46286.90182138617
4485,0,890,2,2,1475237,1477366,1629.11129,1631.111337,2.000046999999995,39.79306749045393,33.7875,45.7125,1,1,1,1,2129,80,80,2130.0,80.0,2129.0,2129,80,79.58800525507831,46573.40552497028
4485,0,891,2,2,1477366,1479451,1631.111337,1633.111598,2.0002609999999095,40.32200066407719,33.7875,45.7125,1,1,1,1,2085,80,80,2085.0,80.0,2085.0,2085,80,80.65452537032252,47474.304603251425
4485,0,892,2,2,1479451,1481587,1633.111598,1635.113864,2.0022659999999632,40.32095006025851,33.7875,45.7125,1,1,1,1,2136,80,80,2136.0,80.0,2136.0,2136,80,80.7332673933488,47482.20266438213
4485,0,893,2,2,1481587,1482000,1635.113864,1635.517385,0.40352100000018254,39.74705143101603,33.7875,45.7125,1,1,1,1,413,16,16,414.0,16.0,413.0,413,16,16.0387699405037,47236.698957405875
4485,0,894,2,2,1482000,1484088,1635.517385,1637.517537,2.0001519999998436,40.08418292001304,33.7875,45.7125,1,1,1,1,2088,80,80,2090.0,80.0,2088.0,2088,80,80.17445863582543,46491.96661054123
4485,0,895,2,2,1484088,1486133,1637.517537,1639.517949,2.0004120000000967,40.18468630118666,33.7875,45.7125,1,1,1,1,2045,80,80,2048.0,80.0,2045.0,2045,80,80.38592869313288,46323.95726480121
4485,0,896,2,2,1486133,1488267,1639.517949,1641.520889,2.002939999999853,40.5922730212646,33.7875,45.7125,1,1,1,1,2134,80,80,2134.0,80.0,2134.0,2134,80,81.30388732520805,47328.42721200183
4485,0,897,2,2,1488267,1490333,1641.520889,1643.524858,2.0039690000000974,40.173911373398546,33.7875,45.7125,1,1,1,1,2066,80,80,2067.0,80.0,2066.0,2066,80,80.50727300104336,46529.16287626978
4485,0,898,2,2,1490333,1492342,1643.524858,1645.525517,2.0006590000000415,40.142353583239974,33.7875,45.7125,1,1,1,1,2009,80,80,2011.0,80.0,2009.0,2009,80,80.31116097749327,46130.30006612725
4485,0,899,2,2,1492342,1494368,1645.525517,1647.526053,2.000536000000011,40.10371431272277,33.7875,45.7125,1,1,1,1,2026,80,80,2026.0,80.0,2026.0,2026,80,80.22892421631695,46818.95252072419
4485,0,900,2,2,1494368,1495000,1647.526053,1648.152208,0.6261549999999261,40.54185456940114,33.7875,45.7125,1,1,1,1,632,25,25,633.0,25.0,632.0,632,25,25.385484947903024,47141.68217135291
4485,0,901,2,2,1495000,1497002,1648.152208,1650.152366,2.000158000000056,40.290778191489345,33.7875,45.7125,1,1,1,1,2002,80,80,2004.0,80.0,2002.0,2002,80,80.5879223259326,46447.83062137962
4485,0,902,2,2,1497002,1499076,1650.152366,1652.155023,2.0026569999999992,39.710862240957105,33.7875,45.7125,1,1,1,1,2074,80,80,2074.0,80.0,2074.0,2074,80,79.52723624288774,46118.73126551378
4485,0,903,2,2,1499076,1501151,1652.155023,1654.155779,2.0007559999999103,39.74742156634502,33.7875,45.7125,1,1,1,1,2075,80,80,2076.0,80.0,2075.0,2075,80,79.52489218339178,46121.0662369645
4485,0,904,2,2,1501151,1503243,1654.155779,1656.156143,2.0003639999999905,39.82216100460503,33.7875,45.7125,1,1,1,1,2092,80,80,2092.0,80.0,2092.0,2092,80,79.65881727581291,46099.6098710037
4485,0,905,2,2,1503243,1505241,1656.156143,1658.15656,2.0004169999999704,39.77631468585134,33.7875,45.7125,1,1,1,1,1998,80,80,1998.0,80.0,1998.0,1998,80,79.56921609492565,45690.9734320401
4485,0,906,2,2,1505241,1507285,1658.15656,1660.157353,2.000793000000158,40.25123108849576,33.7875,45.7125,1,1,1,1,2044,79,79,2046.0,80.0,2044.0,2044,80,80.53438140325306,46611.51853289802
4485,0,907,2,2,1507285,1508000,1660.157353,1660.844441,0.6870879999999033,40.0515945164527,33.7875,45.7125,1,1,1,1,715,28,28,715.0,27.0,715.0,715,27,27.518969973119965,46749.4702279832
4485,0,908,2,2,1508000,1510090,1660.844441,1662.844418,1.9999769999999444,39.303825845358105,33.7875,45.7125,1,1,1,1,2090,80,80,2094.0,80.0,2090.0,2090,80,78.60674770271726,46463.03432489603
4485,0,909,2,2,1510090,1512187,1662.844418,1664.845637,2.001218999999992,39.51120195601222,33.7875,45.7125,1,1,1,1,2097,80,80,2099.0,80.0,2097.0,2097,80,79.07056806721084,46886.92242078472
4485,0,910,2,2,1512187,1514201,1664.845637,1666.846457,2.0008200000002034,39.425927064179156,33.7875,45.7125,1,1,1,1,2014,80,80,2014.0,80.0,2014.0,2014,80,78.8841833885599,45314.920882433595
4485,0,911,2,2,1514201,1516300,1666.846457,1668.847533,2.001076000000012,39.57764328938762,33.7875,45.7125,1,1,1,1,2099,80,80,2100.0,80.0,2099.0,2099,80,79.19787212295341,47123.1477465121
4485,0,912,2,2,1516300,1518413,1668.847533,1670.848076,2.0005429999998796,39.41807774478618,33.7875,45.7125,1,1,1,1,2113,80,80,2114.0,80.0,2114.0,2113,80,78.8575595057846,46292.931469108924
4485,0,913,2,2,1518413,1520404,1670.848076,1672.848051,1.9999749999999494,39.42494597557477,33.7875,45.7125,1,1,1,1,1991,80,80,1990.0,80.0,1990.0,1991,80,78.84890632749739,45278.06597582584
4485,0,914,2,2,1520404,1521000,1672.848051,1673.422444,0.5743930000001001,39.67189249110819,33.7875,45.7125,1,1,1,1,596,22,22,596.0,23.0,596.0,596,23,22.78725734364707,46616.16697974267
4485,0,915,2,2,1521000,1523137,1673.422444,1675.423013,2.0005690000000413,39.501372383209386,33.7875,45.7125,1,1,1,1,2137,80,80,2140.0,79.0,2137.0,2137,79,79.02522104730451,45375.090786670255
4485,0,916,2,2,1523137,1525092,1675.423013,1677.424406,2.0013930000000073,39.43963260530987,33.7875,45.7125,1,1,1,1,1955,80,80,1956.0,80.0,1955.0,1955,80,78.93420461883943,45945.9986119666
4485,0,917,2,2,1525092,1527183,1677.424406,1679.424558,2.0001519999998436,39.66679253060623,33.7875,45.7125,1,1,1,1,2091,80,80,2091.0,80.0,2091.0,2091,80,79.33961441367137,45904.51125714805
4485,0,918,2,2,1527183,1529182,1679.424558,1681.425595,2.0010369999999966,39.42562986692115,33.7875,45.7125,1,1,1,1,1999,80,80,2000.0,80.0,1999.0,1999,80,78.89214411201101,45705.30180101625
4485,0,919,2,2,1529182,1531286,1681.425595,1683.425747,2.000152000000071,39.72774444717762,33.7875,45.7125,1,1,1,1,2104,80,80,2104.0,80.0,2104.0,2104,80,79.46152751151385,46785.44430623107
4485,0,920,2,2,1531286,1533471,1683.425747,1685.425805,2.000058000000081,40.02635338923557,33.7875,45.7125,1,1,1,1,2185,80,80,2186.0,80.0,2185.0,2185,80,80.05502830696787,46922.13925795962
4485,0,921,2,2,1533471,1534000,1685.425805,1685.93528,0.5094749999998385,39.42583541013371,33.7875,45.7125,1,1,1,1,529,20,20,529.0,20.0,529.0,529,20,20.086477495569852,45397.71333236632
4485,0,922,2,2,1534000,1535964,1685.93528,1687.935251,1.999971000000187,39.8681901898794,33.7875,45.7125,1,1,1,1,1964,72,72,2158.0,80.0,1964.0,1964,72,79.73522420225345,47162.183851661444
4485,0,923,2,2,1535964,1537960,1687.935251,1689.935267,2.0000159999999596,39.26888608982069,33.7875,45.7125,1,1,1,1,1996,80,80,1997.0,80.0,1996.0,1996,80,78.53840048181883,45319.637442901374
4485,0,924,2,2,1537960,1539958,1689.935267,1691.937135,2.0018679999998312,39.71613193552641,33.7875,45.7125,1,1,1,1,1998,80,80,1998.0,80.0,1998.0,1998,80,79.5064536054997,45894.13487802779
4485,0,925,2,2,1539958,1541919,1691.937135,1693.937598,2.0004630000000816,39.285156369751974,33.7875,45.7125,1,1,1,1,1961,80,80,1962.0,80.0,1962.0,1961,80,78.58850176690612,45564.951713676426
4485,0,926,2,2,1541919,1543977,1693.937598,1695.938204,2.0006060000000616,39.71403283717072,33.7875,45.7125,1,1,1,1,2058,80,80,2059.0,80.0,2057.0,2058,80,79.45213237824646,45821.61605033534
4485,0,927,2,2,1543977,1546024,1695.938204,1697.938651,2.0004469999998946,39.849477617632424,33.7875,45.7125,1,1,1,1,2047,80,80,2048.0,80.0,2047.0,2047,80,79.71676795175881,46117.69269568494
4485,0,928,2,2,1546024,1547000,1697.938651,1698.918727,0.9800760000000537,40.012097324262676,33.7875,45.7125,1,1,1,1,976,39,39,976.0,39.0,976.0,976,39,39.21489629717689,46524.96337018507
4485,0,929,2,2,1547000,1549077,1698.918727,1700.921157,2.002430000000004,39.82971821725915,33.7875,45.7125,1,1,1,1,2077,80,80,2081.0,80.0,2077.0,2077,80,79.75622264978301,46835.095359138555
4485,0,930,2,2,1549077,1551175,1700.921157,1702.921921,2.0007640000001174,39.620397205618474,33.7875,45.7125,1,1,1,1,2098,80,80,2099.0,80.0,2098.0,2098,80,79.27106439470663,46397.27624047342
4485,0,931,2,2,1551175,1553297,1702.921921,1704.924644,2.0027229999998326,39.68536649777417,33.7875,45.7125,1,1,1,1,2122,80,80,2123.0,80.0,2122.0,2122,80,79.47879624851339,46772.81880719792
4485,0,932,2,2,1553297,1555412,1704.924644,1706.924697,2.00005299999998,39.80566065832889,33.7875,45.7125,1,1,1,1,2115,80,80,2117.0,80.0,2115.0,2115,80,79.61343101667444,45733.28806786666
4485,0,933,2,2,1555412,1557465,1706.924697,1708.924793,2.000095999999985,39.618718106887,33.7875,45.7125,1,1,1,1,2053,80,80,2055.0,80.0,2054.0,2053,80,79.24123961071018,46684.25915556088
4485,0,934,2,2,1557465,1559455,1708.924793,1710.925172,2.0003790000000663,39.451818294363356,33.7875,45.7125,1,1,1,1,1990,80,80,1989.0,80.0,1989.0,1990,80,78.91858882786619,46451.69740334053
4485,0,935,2,2,1559455,1560000,1710.925172,1711.429264,0.5040920000001279,39.2902078610186,33.7875,45.7125,1,1,1,1,545,20,20,545.0,20.0,545.0,545,20,19.80587946108426,45519.46866840612
4485,0,936,2,2,1560000,1562034,1711.429264,1713.430221,2.0009569999999712,39.14172498921967,33.7875,45.7125,1,1,1,1,2034,80,80,2036.0,80.0,2034.0,2034,80,78.32090860925382,46402.79626198931
4485,0,937,2,2,1562034,1564040,1713.430221,1715.430191,1.9999699999998484,39.59374514250398,33.7875,45.7125,1,1,1,1,2006,80,80,2009.0,80.0,2006.0,2006,80,79.1863024726481,45729.185937792536
4485,0,938,2,2,1564040,1566053,1715.430191,1717.430261,2.0000700000000506,39.45241351428082,33.7875,45.7125,1,1,1,1,2013,80,80,2016.0,80.0,2013.0,2013,80,78.90758869751153,45824.396146133724
4485,0,939,2,2,1566053,1568148,1717.430261,1719.432204,2.001942999999983,39.57417082220151,33.7875,45.7125,1,1,1,1,2095,80,80,2098.0,80.0,2095.0,2095,80,79.22523425830877,47013.326553253915
4485,0,940,2,2,1568148,1570176,1719.432204,1721.433072,2.0008680000000822,39.980960040562806,33.7875,45.7125,1,1,1,1,2028,80,80,2029.0,80.0,2028.0,2028,80,79.99662355444161,46263.921458085286
4485,0,941,2,2,1570176,1572243,1721.433072,1723.433546,2.00047399999994,39.549336387667005,33.7875,45.7125,1,1,1,1,2067,79,79,2068.0,80.0,2067.0,2067,79,79.11741916077881,46919.87998844414
4485,0,942,2,2,1572243,1573000,1723.433546,1724.214147,0.7806009999999333,39.5328545190843,33.7875,45.7125,1,1,1,1,757,31,31,757.0,31.0,757.0,757,31,30.85938577044726,45698.122344197676
4485,0,943,2,2,1573000,1575066,1724.214147,1726.214895,2.000748000000158,39.73841362636095,33.7875,45.7125,1,1,1,1,2066,80,80,2069.0,80.0,2066.0,2066,80,79.50655158612062,46620.064096024405
4485,0,944,2,2,1575066,1577033,1726.214895,1728.215697,2.0008020000000215,39.90233171046664,33.7875,45.7125,1,1,1,1,1967,80,80,1967.0,80.0,1967.0,1967,80,79.83666509096656,46274.94374755673
4485,0,945,2,2,1577033,1579062,1728.215697,1730.215928,2.000230999999985,39.97039773650468,33.7875,45.7125,1,1,1,1,2029,80,80,2030.0,80.0,2029.0,2029,80,79.9500286348848,45843.70505206683
4485,0,946,2,2,1579062,1581148,1730.215928,1732.215899,1.9999709999999595,39.45883758343647,33.7875,45.7125,1,1,1,1,2086,80,80,2087.0,80.0,2086.0,2086,80,78.91653086058068,47489.68860048567
4485,0,947,2,2,1581148,1583238,1732.215899,1734.216559,2.0006599999999253,39.61911355019376,33.7875,45.7125,1,1,1,1,2090,79,79,2092.0,80.0,2091.0,2090,79,79.26437571532733,46075.7949876558
4485,0,948,2,2,1583238,1585350,1734.216559,1736.21689,2.00033099999996,39.97861896155943,33.7875,45.7125,1,1,1,1,2112,80,80,2113.0,79.0,2111.0,2112,80,79.97047084599035,47201.68812061698
4485,0,949,2,2,1585350,1586000,1736.21689,1736.854463,0.6375729999999749,39.74128430793247,33.7875,45.7125,1,1,1,1,650,26,26,650.0,26.0,650.0,650,26,25.337969860062003,46352.33926154521
4485,0,950,2,2,1586000,1588059,1736.854463,1738.854861,2.000398000000132,39.61688085058622,33.7875,45.7125,1,1,1,1,2059,80,80,2062.0,80.0,2059.0,2059,80,79.24952921975637,45826.38055026747
4485,0,951,2,2,1588059,1590127,1738.854861,1740.858151,2.003289999999879,39.68500733195248,33.7875,45.7125,1,1,1,1,2068,80,80,2068.0,80.0,2068.0,2068,80,79.50057833802566,46410.654473394075
4485,0,952,2,2,1590127,1592233,1740.858151,1742.858984,2.000833000000057,40.07935424951662,33.7875,45.7125,1,1,1,1,2106,80,80,2106.0,80.0,2106.0,2106,80,80.19209460112324,45956.85896823842
4485,0,953,2,2,1592233,1594300,1742.858984,1744.861895,2.00291100000004,39.77769558912914,33.7875,45.7125,1,1,1,1,2067,80,80,2070.0,80.0,2067.0,2067,80,79.67118405012297,46493.32895969823
4485,0,954,2,2,1594300,1596285,1744.861895,1746.863016,2.001121000000012,39.545411202095494,33.7875,45.7125,1,1,1,1,1985,80,80,1986.0,80.0,1985.0,1985,80,79.13515281015134,46274.56310737804
4485,0,955,2,2,1596285,1598239,1746.863016,1748.863616,2.0006000000000768,39.90300791392106,33.7875,45.7125,1,1,1,1,1954,80,80,1956.0,80.0,1954.0,1954,80,79.82995763259532,45692.79216234954
4485,0,956,2,2,1598239,1599000,1748.863616,1749.601746,0.7381299999999555,39.69523234891691,33.7875,45.7125,1,1,1,1,761,29,29,761.0,29.0,761.0,761,29,29.30024185370712,45841.51843171533
4485,0,957,2,2,1599000,1601166,1749.601746,1751.601722,1.9999760000000606,39.81661596048234,33.7875,45.7125,1,1,1,1,2166,80,80,2167.0,80.0,2166.0,2166,80,79.63227632218332,47113.065356782856
4485,0,958,2,2,1601166,1603148,1751.601722,1753.602236,2.000513999999839,40.361615459432635,33.7875,45.7125,1,1,1,1,1982,80,80,1982.0,80.0,1982.0,1982,80,80.7439767892065,46660.50824938366
4485,0,959,2,2,1603148,1605196,1753.602236,1755.604243,2.0020070000000487,39.68496986375045,33.7875,45.7125,1,1,1,1,2048,80,80,2048.0,80.0,2048.0,2048,80,79.44958746201883,46775.06122605851
4485,0,960,2,2,1605196,1607222,1755.604243,1757.605001,2.0007579999999052,39.605308123286186,33.7875,45.7125,1,1,1,1,2026,80,80,2026.0,80.0,2026.0,2026,80,79.24063707012829,46603.33733515219
4485,0,961,2,2,1607222,1609365,1757.605001,1759.605618,2.0006170000001475,40.08944206966936,33.7875,45.7125,1,1,1,1,2143,80,80,2143.0,80.0,2143.0,2143,80,80.20361932510423,47220.9323423689
4485,0,962,2,2,1609365,1611487,1759.605618,1761.606082,2.0004639999999654,39.72116154245573,33.7875,45.7125,1,1,1,1,2122,80,80,2123.0,80.0,2122.0,2122,80,79.46075370386825,46714.16231434388
4485,0,963,2,2,1611487,1612000,1761.606082,1762.127611,0.5215289999998731,39.659056566402214,33.7875,45.7125,1,1,1,1,513,21,21,513.0,21.0,513.0,513,21,20.683348112012027,44664.82209044112
4485,0,964,2,2,1612000,1614132,1762.127611,1764.128222,2.0006110000001627,39.90737293385807,33.7875,45.7125,1,1,1,1,2132,80,80,2138.0,80.0,2133.0,2132,80,79.83912927258643,47247.06602132664
4485,0,965,2,2,1614132,1616207,1764.128222,1766.128822,2.0005999999998494,39.833475788255356,33.7875,45.7125,1,1,1,1,2075,80,80,2076.0,80.0,2074.0,2075,80,79.69085166198056,46159.15225432718
4485,0,966,2,2,1616207,1618302,1766.128822,1768.129381,2.0005590000000666,39.96611549765258,33.7875,45.7125,1,1,1,1,2095,79,79,2096.0,79.0,2095.0,2095,79,79.95457205387356,46605.47377007971
4485,0,967,2,2,1618302,1620465,1768.129381,1770.129899,2.0005180000000564,39.78249369799481,33.7875,45.7125,1,1,1,1,2163,80,80,2163.0,80.0,2163.0,2163,80,79.5855947277305,47129.29351297881
4485,0,968,2,2,1620465,1622512,1770.129899,1772.130098,2.000199000000066,40.141330828745126,33.7875,45.7125,1,1,1,1,2047,80,80,2047.0,80.0,2047.0,2047,80,80.29064978232782,46055.41748595863
4485,0,969,2,2,1622512,1624652,1772.130098,1774.135017,2.0049189999999726,39.93496979492112,33.7875,45.7125,1,1,1,1,2140,80,80,2140.0,80.0,2140.0,2140,80,80.06637970625889,47508.65246925253
4485,0,970,2,2,1624652,1625000,1774.135017,1774.47954,0.34452299999998104,40.364472904355736,33.7875,45.7125,1,1,1,1,348,14,14,348.0,14.0,348.0,348,14,13.906489298424276,46324.918800779276
4485,0,971,2,2,1625000,1627031,1774.47954,1776.484538,2.004997999999887,39.42643901204127,33.7875,45.7125,1,1,1,1,2031,80,80,2032.0,80.0,2031.0,2031,80,79.04993136625853,46793.064132734944
4485,0,972,2,2,1627031,1629152,1776.484538,1778.485452,2.000913999999966,39.981503426676475,33.7875,45.7125,1,1,1,1,2121,80,80,2122.0,80.0,2121.0,2121,80,79.99954994748259,46399.29552194726
4485,0,973,2,2,1629152,1631248,1778.485452,1780.49047,2.0050180000000637,39.90515191892116,33.7875,45.7125,1,1,1,1,2096,80,80,2096.0,80.0,2096.0,2096,80,80.01054789017508,46321.27990870758
4485,0,974,2,2,1631248,1633318,1780.49047,1782.492413,2.001942999999983,39.160693178439516,33.7875,45.7125,1,1,1,1,2070,80,80,2071.0,80.0,2071.0,2070,80,78.39747558372619,45429.365371541935
4485,0,975,2,2,1633318,1635307,1782.492413,1784.493079,2.0006660000001375,39.358011046776376,33.7875,45.7125,1,1,1,1,1989,80,80,1988.0,80.0,1988.0,1989,80,78.74223452891601,45812.244522570836
4485,0,976,2,2,1635307,1637283,1784.493079,1786.493094,2.0000149999998484,39.478031912314954,33.7875,45.7125,1,1,1,1,1976,80,80,1978.0,80.0,1976.0,1976,80,78.9566559951054,45099.661752540276
4485,0,977,2,2,1637283,1638000,1786.493094,1787.131513,0.6384190000001126,39.45384627170896,33.7875,45.7125,1,1,1,1,717,26,26,718.0,26.0,717.0,717,26,25.188085082940233,45916.55323540626
4485,0,978,2,2,1638000,1640014,1787.131513,1789.132684,2.0011709999998857,39.53630514911529,33.7875,45.7125,1,1,1,1,2014,80,80,2019.0,80.0,2014.0,2014,80,79.1189073115529,45489.36597622352
4485,0,979,2,2,1640014,1641897,1789.132684,1791.132887,2.000203000000056,38.90010359931478,33.7875,45.7125,1,1,1,1,1883,80,80,1884.0,80.0,1883.0,1883,80,77.80810391966224,44892.44341699192
4485,0,980,2,2,1641897,1643852,1791.132887,1793.133567,2.000680000000102,39.392423525046055,33.7875,45.7125,1,1,1,1,1955,79,79,1955.0,80.0,1955.0,1955,80,78.8116338980908,46122.81824179543
4485,0,981,2,2,1643852,1645832,1793.133567,1795.134688,2.001121000000012,39.637992424835105,33.7875,45.7125,1,1,1,1,1980,80,80,1980.0,79.0,1980.0,1980,79,79.32041903917707,44798.890222030284
4485,0,982,2,2,1645832,1647917,1795.134688,1797.136523,2.001834999999801,39.56958084086304,33.7875,45.7125,1,1,1,1,2085,80,80,2086.0,80.0,2085.0,2085,80,79.21177186255954,45525.23060092818
4485,0,983,2,2,1647917,1650044,1797.136523,1799.13955,2.003027000000202,39.655234831826924,33.7875,45.7125,1,1,1,1,2127,80,80,2128.0,80.0,2127.0,2127,80,79.43050605949975,47179.59368495306
4485,0,984,2,2,1650044,1651000,1799.13955,1800.06098,0.921429999999873,39.5046865764021,33.7875,45.7125,1,1,1,1,956,37,37,957.0,37.0,956.0,956,37,36.40080335208768,45945.975277564045
4485,0,985,2,2,1651000,1653159,1800.06098,1802.061969,2.000989000000118,39.95423548097432,33.7875,45.7125,1,1,1,1,2159,80,80,2160.0,80.0,2159.0,2159,80,79.94798570084095,47715.40473235704
4485,0,986,2,2,1653159,1655233,1802.061969,1804.068995,2.007025999999996,39.70198367896534,33.7875,45.7125,1,1,1,1,2074,80,80,2076.0,80.0,2074.0,2074,80,79.6829134952568,47459.27556494046
4485,0,987,2,2,1655233,1657349,1804.068995,1806.069666,2.000671000000011,39.87399509787045,33.7875,45.7125,1,1,1,1,2116,80,80,2117.0,80.0,2116.0,2116,80,79.77474564644945,46645.85031721831
4485,0,988,2,2,1657349,1659420,1806.069666,1808.070803,2.0011369999999715,40.115211119286585,33.7875,45.7125,1,1,1,1,2071,80,80,2072.0,80.0,2071.0,2071,80,80.27603323361109,46632.98914567135
4485,0,989,2,2,1659420,1661489,1808.070803,1810.071406,2.0006029999999555,40.10607561833742,33.7875,45.7125,1,1,1,1,2069,80,80,2069.0,80.0,2069.0,2069,80,80.23633520027215,46072.60910835485
4485,0,990,2,2,1661489,1663620,1810.071406,1812.071693,2.000287000000071,40.217815686919415,33.7875,45.7125,1,1,1,1,2131,80,80,2132.0,80.0,2131.0,2131,80,80.44717388694698,46830.279854839166
4485,0,991,2,2,1663620,1664000,1812.071693,1812.4216,0.3499069999998028,39.8821282275839,33.7875,45.7125,1,1,1,1,380,14,14,380.0,14.0,380.0,380,14,13.9550358417182,46180.84233813301
4485,0,992,2,3,1664000,1666113,1812.4216,1814.422327,2.000727000000097,35.27364211232197,33.7875,45.7125,1,1,1,1,2113,80,80,2116.0,80.0,2113.0,2113,80,80.36514920841,41023.414390557155
4485,0,993,3,3,1666113,1668229,1814.422327,1816.423512,2.0011850000000777,39.7070237194752,33.7875,45.7125,1,1,1,1,2116,80,80,2117.0,80.0,2116.0,2116,80,79.46110026205861,46455.97483490851
4485,0,994,3,3,1668229,1670262,1816.423512,1818.423556,2.000043999999889,40.12098255230708,33.7875,45.7125,1,1,1,1,2033,80,80,2033.0,80.0,2033.0,2033,80,80.24373042784282,46385.97950845339
4485,0,995,3,3,1670262,1672360,1818.423556,1820.425677,2.0021209999999883,39.922541821329006,33.7875,45.7125,1,1,1,1,2098,80,80,2101.0,80.0,2099.0,2098,80,79.92975935385766,46587.09438640349
4485,0,996,3,3,1672360,1674508,1820.425677,1822.427162,2.0014850000000024,39.88414713958803,33.7875,45.7125,1,1,1,1,2148,80,80,2149.0,80.0,2147.0,2148,80,79.82752223767602,47725.563768901535
4485,0,997,3,3,1674508,1676517,1822.427162,1824.428395,2.0012329999999565,40.16203116160864,33.7875,45.7125,1,1,1,1,2009,80,80,2009.0,80.0,2009.0,2009,80,80.37358210764069,45866.22347322975
4485,0,998,3,3,1676517,1677000,1824.428395,1824.921771,0.4933760000001257,39.65704654617343,33.7875,45.7125,1,1,1,1,483,20,20,483.0,20.0,483.0,483,20,19.565834996770718,45223.11583861865
4485,0,999,3,3,1677000,1679054,1824.921771,1826.921987,2.0002159999999094,39.47543849822072,33.7875,45.7125,1,1,1,1,2054,79,79,2059.0,80.0,2054.0,2054,80,78.95940369115124,46743.45170721774
4485,0,1000,3,3,1679054,1681093,1826.921987,1828.923469,2.0014820000001237,39.65060876021707,33.7875,45.7125,1,1,1,1,2039,80,80,2042.0,79.0,2039.0,2039,79,79.35997972261976,45920.972559330694
4485,0,1001,3,3,1681093,1683140,1828.923469,1830.924147,2.00067799999988,39.68526748425957,33.7875,45.7125,1,1,1,1,2047,80,80,2047.0,80.0,2047.0,2047,80,79.3974415798657,46439.25709184865
4485,0,1002,3,3,1683140,1685183,1830.924147,1832.926312,2.0021650000001046,40.00093059807512,33.7875,45.7125,1,1,1,1,2043,80,80,2043.0,80.0,2043.0,2043,80,80.08846321090095,46487.67708954813
4485,0,1003,3,3,1685183,1687270,1832.926312,1834.926547,2.000234999999975,39.79392961938671,33.7875,45.7125,1,1,1,1,2087,79,79,2091.0,80.0,2087.0,2087,79,79.5972108122296,46678.51527445583
4485,0,1004,3,3,1687270,1689352,1834.926547,1836.929239,2.0026920000000246,39.38883688147037,33.7875,45.7125,1,1,1,1,2082,80,80,2082.0,80.0,2082.0,2082,80,78.88370851182844,46533.3660892433
4485,0,1005,3,3,1689352,1690000,1836.929239,1837.57426,0.6450210000000425,39.27604605807688,33.7875,45.7125,1,1,1,1,648,26,26,648.0,26.0,648.0,648,26,25.33387450443115,45356.662806324246
4485,0,1006,3,3,1690000,1692003,1837.57426,1839.575261,2.00100099999986,39.589378015993155,33.7875,45.7125,1,1,1,1,2003,80,80,2005.0,80.0,2003.0,2003,80,79.2183849993744,45771.09156867308
4485,0,1007,3,3,1692003,1694033,1839.575261,1841.577432,2.0021710000000894,39.43156363499454,33.7875,45.7125,1,1,1,1,2030,80,80,2030.0,80.0,2030.0,2030,80,78.94873319464386,45408.70884654504
4485,0,1008,3,3,1694033,1696069,1841.577432,1843.578045,2.0006129999999303,39.689675653488294,33.7875,45.7125,1,1,1,1,2036,80,80,2037.0,80.0,2036.0,2036,80,79.4036810781472,45758.47502740569
4485,0,1009,3,3,1696069,1698154,1843.578045,1845.582315,2.0042700000001332,39.35787218961634,33.7875,45.7125,1,1,1,1,2085,80,80,2086.0,80.0,2085.0,2085,80,78.88380249348847,45981.82879551851
4485,0,1010,3,3,1698154,1700261,1845.582315,1847.582974,2.000658999999814,39.28210770217931,33.7875,45.7125,1,1,1,1,2107,80,80,2108.0,80.0,2107.0,2107,80,78.5901023133265,46113.80550109168
4485,0,1011,3,3,1700261,1702293,1847.582974,1849.584354,2.001380000000154,39.141041957903404,33.7875,45.7125,1,1,1,1,2032,80,80,2035.0,80.0,2032.0,2032,80,78.33609855371469,45870.34945886985
4485,0,1012,3,3,1702293,1703000,1849.584354,1850.296634,0.7122799999999643,38.9348407644513,33.7875,45.7125,1,1,1,1,707,28,28,707.0,28.0,707.0,707,28,27.732508379704086,45740.43915314432
4485,0,1013,3,3,1703000,1705011,1850.296634,1852.296828,2.000193999999965,39.20977155921373,33.7875,45.7125,1,1,1,1,2011,79,79,2017.0,80.0,2011.0,2011,79,78.42714981410973,44594.17436508737
4485,0,1014,3,3,1705011,1707111,1852.296828,1854.297382,2.0005539999999655,39.176082621592556,33.7875,45.7125,1,1,1,1,2100,80,80,2100.0,80.0,2100.0,2100,80,78.37386879295809,45303.450944089265
4485,0,1015,3,3,1707111,1709111,1854.297382,1856.300313,2.0029309999999896,39.135435916705326,33.7875,45.7125,1,1,1,1,2000,80,80,2000.0,80.0,2000.0,2000,80,78.38557779608527,45052.97486533508
4485,0,1016,3,3,1709111,1711157,1856.300313,1858.300514,2.000201000000061,39.323304944342475,33.7875,45.7125,1,1,1,1,2046,80,80,2048.0,80.0,2046.0,2046,80,78.65451387298526,46584.81822576689
4485,0,1017,3,3,1711157,1713245,1858.300514,1860.300883,2.0003690000000915,39.392527774726716,33.7875,45.7125,1,1,1,1,2088,80,80,2089.0,80.0,2088.0,2088,80,78.79959139220591,47034.82207532495
4485,0,1018,3,3,1713245,1715293,1860.300883,1862.301187,2.0003039999999146,39.40302184081733,33.7875,45.7125,1,1,1,1,2048,80,80,2049.0,80.0,2048.0,2048,80,78.8180222002702,45691.554883659635
4485,0,1019,3,3,1715293,1716000,1862.301187,1862.997667,0.696480000000065,39.01035332921679,33.7875,45.7125,1,1,1,1,707,28,28,707.0,28.0,707.0,707,28,27.169930886739166,44734.95290603763
4485,0,1020,3,3,1716000,1718023,1862.997667,1864.997951,2.000283999999965,38.992302119670484,33.7875,45.7125,1,1,1,1,2023,80,79,2025.0,80.0,2023.0,2023,79,77.99567805313563,45802.99597457241
4485,0,1021,3,3,1718023,1720108,1864.997951,1866.999943,2.001991999999973,39.743403133676225,33.7875,45.7125,1,1,1,1,2085,80,80,2086.0,80.0,2085.0,2085,80,79.56597512638837,45386.29524993168
4485,0,1022,3,3,1720108,1722220,1866.999943,1869.001176,2.0012329999999565,39.33613624121727,33.7875,45.7125,1,1,1,1,2112,80,80,2113.0,80.0,2112.0,2112,80,78.72077393841755,46385.40339880565
4485,0,1023,3,3,1722220,1724307,1869.001176,1871.003072,2.001895999999988,39.48640177410265,33.7875,45.7125,1,1,1,1,2087,80,80,2087.0,80.0,2087.0,2087,80,79.04766976596147,46166.234409779805
4485,0,1024,3,3,1724307,1726277,1871.003072,1873.003869,2.0007969999999204,39.350967888177976,33.7875,45.7125,1,1,1,1,1970,80,80,1970.0,80.0,1970.0,1970,80,78.73329849775473,44821.63857702884
4485,0,1025,3,3,1726277,1728372,1873.003869,1875.004145,2.0002760000002127,39.436336860428334,33.7875,45.7125,1,1,1,1,2095,80,80,2095.0,80.0,2095.0,2095,80,78.88355814984243,46309.10934290576
4485,0,1026,3,3,1728372,1729000,1875.004145,1875.62675,0.622604999999794,39.78299474744094,33.7875,45.7125,1,1,1,1,628,24,24,628.0,24.0,628.0,628,24,24.76909144471574,46753.55964055803
4485,0,1027,3,3,1729000,1731152,1875.62675,1877.626911,2.000161000000162,40.093328498254074,33.7875,45.7125,1,1,1,1,2152,79,79,2155.0,80.0,2152.0,2152,79,80.19311202240351,47293.192897967885
4485,0,1028,3,3,1731152,1733231,1877.626911,1879.626949,2.000037999999904,39.88770049995269,33.7875,45.7125,1,1,1,1,2079,80,80,2080.0,80.0,2079.0,2079,80,79.77691673251684,45591.633758960765
4485,0,1029,3,3,1733231,1735328,1879.626949,1881.627488,2.000539000000117,39.86911310568184,33.7875,45.7125,1,1,1,1,2097,80,80,2098.0,80.0,2097.0,2097,80,79.75971566332737,46111.073065806064
4485,0,1030,3,3,1735328,1737416,1881.627488,1883.629163,2.0016749999999774,39.99131087852554,33.7875,45.7125,1,1,1,1,2088,80,80,2095.0,80.0,2088.0,2088,80,80.0496072027745,46975.15830492016
4485,0,1031,3,3,1737416,1739499,1883.629163,1885.629709,2.0005459999999857,40.04283532137903,33.7875,45.7125,1,1,1,1,2083,80,80,2085.0,80.0,2084.0,2083,80,80.10753403084527,46246.87460323365
4485,0,1032,3,3,1739499,1741599,1885.629709,1887.630267,2.0005579999999554,39.57867444896476,33.7875,45.7125,1,1,1,1,2100,80,80,2099.0,80.0,2099.0,2100,80,79.17943379827193,46098.63847986514
4485,0,1033,3,3,1741599,1742000,1887.630267,1887.990772,0.3605050000001029,39.8136606306136,33.7875,45.7125,1,1,1,1,401,14,14,402.0,14.0,401.0,401,14,14.353023725649109,46925.84014090005
4485,0,1034,3,3,1742000,1744012,1887.990772,1889.992869,2.0020969999998215,39.53366910960719,33.7875,45.7125,1,1,1,1,2012,79,79,2015.0,80.0,2012.0,2012,79,79.15024032333167,45832.94415805437
4485,0,1035,3,3,1744012,1746029,1889.992869,1891.993204,2.0003350000001774,39.31349501797531,33.7875,45.7125,1,1,1,1,2017,80,80,2023.0,80.0,2017.0,2017,80,78.6401600567915,46210.75969774653
4485,0,1036,3,3,1746029,1748126,1891.993204,1893.993326,2.0001219999999194,39.86165223404704,33.7875,45.7125,1,1,1,1,2097,80,80,2097.0,80.0,2097.0,2097,80,79.72816758966655,46306.675292809006
4485,0,1037,3,3,1748126,1750195,1893.993326,1895.995129,2.0018029999998816,39.54059234070032,33.7875,45.7125,1,1,1,1,2069,80,80,2071.0,80.0,2069.0,2069,80,79.15247636938875,45699.30207917833
4485,0,1038,3,3,1750195,1752225,1895.995129,1897.99537,2.0002410000001873,39.91690738261604,33.7875,45.7125,1,1,1,1,2030,80,80,2030.0,80.0,2030.0,2030,80,79.84343473991612,46789.86182164611
4485,0,1039,3,3,1752225,1754330,1897.99537,1899.999342,2.003971999999976,40.06933885591686,33.7875,45.7125,1,1,1,1,2105,79,79,2125.0,80.0,2105.0,2105,79,80.29783312576183,47869.43130942006
4485,0,1040,3,3,1754330,1755000,1899.999342,1900.645681,0.6463389999998981,40.100275767543714,33.7875,45.7125,1,1,1,1,670,26,26,671.0,26.0,670.0,670,26,25.918372139320127,46322.44070063035
4485,0,1041,3,3,1755000,1757020,1900.645681,1902.64813,2.0024490000000696,39.91634613484422,33.7875,45.7125,1,1,1,1,2020,80,80,2029.0,80.0,2020.0,2020,80,79.93044740137702,46094.55721468901
4485,0,1042,3,3,1757020,1759081,1902.64813,1904.649552,2.0014220000000478,40.195845837384844,33.7875,45.7125,1,1,1,1,2061,80,80,2061.0,80.0,2061.0,2061,80,80.44885016755143,47025.56482340943
4485,0,1043,3,3,1759081,1761233,1904.649552,1906.649526,1.9999739999998383,40.36553215975711,33.7875,45.7125,1,1,1,1,2152,80,80,2153.0,80.0,2152.0,2152,80,80.73001481566462,47034.111443452566
4485,0,1044,3,3,1761233,1763337,1906.649526,1908.649652,2.0001260000001366,40.37347146108368,33.7875,45.7125,1,1,1,1,2104,80,80,2104.0,80.0,2104.0,2104,80,80.7520299795724,47297.520256220625
4485,0,1045,3,3,1763337,1765386,1908.649652,1910.652098,2.0024459999999635,40.1944858966927,33.7875,45.7125,1,1,1,1,2049,80,80,2050.0,80.0,2049.0,2049,80,80.48728750589362,46951.07883059105
4485,0,1046,3,3,1765386,1767439,1910.652098,1912.652399,2.000301000000036,40.28645296359121,33.7875,45.7125,1,1,1,1,2053,80,80,2054.0,80.0,2053.0,2053,80,80.58503214952361,46848.949233139574
4485,0,1047,3,3,1767439,1768000,1912.652399,1913.130015,0.4776159999998981,41.38297278694078,33.7875,45.7125,1,1,1,1,561,19,19,561.0,19.0,561.0,561,19,19.765169930600678,51003.31647182087
4485,0,1048,3,3,1768000,1770146,1913.130015,1915.130134,2.0001190000000406,40.149024014231124,33.7875,45.7125,1,1,1,1,2146,80,80,2152.0,80.0,2146.0,2146,80,80.30282576232275,47574.66930717526
4485,0,1049,3,3,1770146,1772194,1915.130134,1917.13191,2.0017760000000635,40.26195843977677,33.7875,45.7125,1,1,1,1,2048,80,80,2048.0,80.0,2048.0,2048,80,80.59542211773805,46540.17232697217
4485,0,1050,3,3,1772194,1774324,1917.13191,1919.133334,2.0014240000000427,40.213767439970134,33.7875,45.7125,1,1,1,1,2130,80,80,2130.0,80.0,2130.0,2130,80,80.484799284779,48089.26044656102
4485,0,1051,3,3,1774324,1776361,1919.133334,1921.133909,2.000574999999799,40.57352097419111,33.7875,45.7125,1,1,1,1,2037,80,80,2039.0,80.0,2037.0,2037,80,81.17037172293931,47018.98204266746
4485,0,1052,3,3,1776361,1778429,1921.133909,1923.133993,2.0000840000000153,39.997755046668686,33.7875,45.7125,1,1,1,1,2068,80,80,2068.0,80.0,2068.0,2068,80,79.99886990476807,46414.05060987403
4485,0,1053,3,3,1778429,1780521,1923.133993,1925.134081,2.000088000000005,39.74641005302894,33.7875,45.7125,1,1,1,1,2092,80,80,2092.0,80.0,2092.0,2092,80,79.49631779013725,47192.42353336441
4485,0,1054,3,3,1780521,1781000,1925.134081,1925.60151,0.4674290000000383,40.65314583179437,33.7875,45.7125,1,1,1,1,479,18,18,479.0,18.0,479.0,479,18,19.002459303010255,45942.806287154286
4485,0,1055,3,3,1781000,1783120,1925.60151,1927.60288,2.0013699999999517,39.40358681905366,33.7875,45.7125,1,1,1,1,2120,80,80,2121.0,80.0,2120.0,2120,80,78.86115655204048,46600.57860365762
4485,0,1056,3,3,1783120,1785129,1927.60288,1929.603465,2.000585000000001,38.81979430962258,33.7875,45.7125,1,1,1,1,2009,80,80,2011.0,80.0,2009.0,2009,80,77.66229819892033,45969.55390548262
4485,0,1057,3,3,1785129,1787153,1929.603465,1931.604269,2.0008040000000165,39.096166146043814,33.7875,45.7125,1,1,1,1,2024,80,80,2025.0,80.0,2024.0,2024,80,78.2237656096695,45956.02567767719
4485,0,1058,3,3,1787153,1789176,1931.604269,1933.607681,2.0034120000000257,38.95673844274905,33.7875,45.7125,1,1,1,1,2023,80,80,2023.0,80.0,2023.0,2023,80,78.04639727706672,45201.88558319449
4485,0,1059,3,3,1789176,1791276,1933.607681,1935.608174,2.000493000000006,39.24050469954477,33.7875,45.7125,1,1,1,1,2100,80,80,2100.0,80.0,2100.0,2100,80,78.50035496790952,46824.45777115927
4485,0,1060,3,3,1791276,1793317,1935.608174,1937.608172,1.999998000000005,39.208124876667036,33.7875,45.7125,1,1,1,1,2041,80,80,2041.0,80.0,2041.0,2041,80,78.41617133708496,45953.04595304584
4485,0,1061,3,3,1793317,1794000,1937.608172,1938.316407,0.7082350000000588,38.83170694385814,33.7875,45.7125,1,1,1,1,683,28,28,683.0,28.0,683.0,683,28,27.50197396738804,45146.032037384975
4485,0,1062,3,3,1794000,1796116,1938.316407,1940.316836,2.00042899999994,39.146900943848955,33.7875,45.7125,1,1,1,1,2116,80,80,2119.0,80.0,2116.0,2116,80,78.31059590820223,46330.562094432134
4485,0,1063,3,3,1796116,1798152,1940.316836,1942.317008,2.0001720000000205,39.295532551898376,33.7875,45.7125,1,1,1,1,2036,80,80,2037.0,80.0,2036.0,2036,80,78.59782393540081,46343.01450075246
4485,0,1064,3,3,1798152,1800177,1942.317008,1944.319694,2.0026860000000397,39.21470672108288,33.7875,45.7125,1,1,1,1,2025,80,80,2026.0,80.0,2025.0,2025,80,78.53474414441735,45263.21150694527
4485,0,1065,3,3,1800177,1802243,1944.319694,1946.320938,2.0012440000000424,38.903450679080564,33.7875,45.7125,1,1,1,1,2066,80,80,2067.0,80.0,2066.0,2066,80,77.85529725080414,45245.85707689721
4485,0,1066,3,3,1802243,1804271,1946.320938,1948.321545,2.0006069999999454,39.60666835567998,33.7875,45.7125,1,1,1,1,2028,80,80,2030.0,80.0,2029.0,2028,80,79.23737795905618,46598.85724682686
4485,0,1067,3,3,1804271,1806370,1948.321545,1950.323839,2.0022939999998925,39.12747770013745,33.7875,45.7125,1,1,1,1,2099,80,80,2099.0,80.0,2098.0,2099,80,78.34471383411437,45644.64559150899
4485,0,1068,3,3,1806370,1807000,1950.323839,1950.915566,0.5917269999999917,39.01247255791292,33.7875,45.7125,1,1,1,1,630,24,24,630.0,24.0,630.0,630,24,23.08473334927112,45287.776288728375
4485,0,1069,3,3,1807000,1809028,1950.915566,1952.915678,2.000112000000172,39.23372069677881,33.7875,45.7125,1,1,1,1,2028,80,80,2030.0,80.0,2028.0,2028,80,78.47183557027893,45831.433439723434
4485,0,1070,3,3,1809028,1811071,1952.915678,1954.916053,2.000374999999849,39.605509760660475,33.7875,45.7125,1,1,1,1,2043,79,79,2046.0,79.0,2043.0,2043,79,79.22587158747774,46313.816159473594
4485,0,1071,3,3,1811071,1813083,1954.916053,1956.916506,2.000453000000107,39.28180982163109,33.7875,45.7125,1,1,1,1,2012,80,80,2012.0,80.0,2012.0,2012,80,78.58141430311662,45731.64178313368
4485,0,1072,3,3,1813083,1815054,1956.916506,1958.916995,2.000489000000016,39.7292618790693,33.7875,45.7125,1,1,1,1,1971,80,80,1971.0,80.0,1971.0,1971,80,79.47795136719651,44545.10872091738
4485,0,1073,3,3,1815054,1817023,1958.916995,1960.917491,2.0004959999998846,39.345765442003426,33.7875,45.7125,1,1,1,1,1969,80,80,1970.0,80.0,1969.0,1969,80,78.71104638365796,45003.839047918715
4485,0,1074,3,3,1817023,1819036,1960.917491,1962.917672,2.0001810000001115,39.41204917594314,33.7875,45.7125,1,1,1,1,2013,80,80,2014.0,80.0,2013.0,2013,80,78.83123193279607,46654.2777878576
4485,0,1075,3,3,1819036,1820000,1962.917672,1963.810371,0.8926989999999932,39.67882058502909,33.7875,45.7125,1,1,1,1,964,36,36,965.0,36.0,964.0,964,36,35.42124345742923,45956.13975147313
4485,0,1076,3,3,1820000,1822045,1963.810371,1965.811583,2.001211999999896,39.649059513117265,33.7875,45.7125,1,1,1,1,2045,80,80,2049.0,80.0,2045.0,2045,80,79.34617368635372,46573.77629156973
4485,0,1077,3,3,1822045,1824105,1965.811583,1967.812265,2.000682000000097,39.47717359681606,33.7875,45.7125,1,1,1,1,2060,80,80,2062.0,80.0,2060.0,2060,80,78.98127062602725,46526.63441766132
4485,0,1078,3,3,1824105,1826154,1967.812265,1969.812386,2.0001210000000356,39.46797909978851,33.7875,45.7125,1,1,1,1,2049,80,80,2049.0,80.0,2049.0,2049,80,78.94073382504575,46319.69765829085
4485,0,1079,3,3,1826154,1828179,1969.812386,1971.813449,2.001062999999931,39.74937205511231,33.7875,45.7125,1,1,1,1,2025,80,80,2025.0,80.0,2025.0,2025,80,79.54099769271852,46976.531973257835
4485,0,1080,3,3,1828179,1830313,1971.813449,1973.813621,2.0001720000000205,40.34556207847234,33.7875,45.7125,1,1,1,1,2134,79,79,2135.0,79.0,2134.0,2134,79,80.69806359361974,47256.93590351181
4485,0,1081,3,3,1830313,1832290,1973.813621,1975.813834,2.0002130000000307,39.69580322466254,33.7875,45.7125,1,1,1,1,1977,76,76,2082.0,80.0,1977.0,1977,76,79.40006165541126,46100.09034037804
4485,0,1082,3,3,1832290,1833000,1975.813834,1976.468927,0.6550929999998516,39.04112385695424,33.7875,45.7125,1,1,1,1,710,27,27,710.0,27.0,710.0,710,27,25.575566950821667,45874.402565752964
4485,0,1083,3,3,1833000,1834985,1976.468927,1978.469308,2.0003810000000612,39.5804405793455,33.7875,45.7125,1,1,1,1,1985,79,79,1988.0,80.0,1985.0,1985,80,79.17596130655147,45397.351804479855
4485,0,1084,3,3,1834985,1837078,1978.469308,1980.470203,2.0008950000001278,39.76638948938285,33.7875,45.7125,1,1,1,1,2093,80,80,2093.0,79.0,2093.0,2093,79,79.56836989735893,47617.69108323721
4485,0,1085,3,3,1837078,1839245,1980.470203,1982.472286,2.002082999999857,39.85001598729341,33.7875,45.7125,1,1,1,1,2167,80,80,2167.0,80.0,2167.0,2167,80,79.78303955787851,46539.02960067423
4485,0,1086,3,3,1839245,1841385,1982.472286,1984.475223,2.0029369999999744,39.68931450896721,33.7875,45.7125,1,1,1,1,2140,80,80,2140.0,80.0,2140.0,2140,80,79.49519653464085,46596.572932649
4485,0,1087,3,3,1841385,1843406,1984.475223,1986.475506,2.0002830000000813,39.69801513874414,33.7875,45.7125,1,1,1,1,2021,80,80,2022.0,80.0,2021.0,2021,80,79.4072648157744,46608.40491070324
4485,0,1088,3,3,1843406,1845538,1986.475506,1988.475556,2.000050000000101,40.33858161308607,33.7875,45.7125,1,1,1,1,2132,80,80,2133.0,80.0,2133.0,2132,80,80.67918015526084,46496.83757905817
4485,0,1089,3,3,1845538,1846000,1988.475556,1988.928293,0.45273699999984274,39.94359012667894,33.7875,45.7125,1,1,1,1,462,18,18,461.0,18.0,461.0,462,18,18.08394116317504,47670.06010113487
4485,0,1090,3,3,1846000,1848153,1988.928293,1990.928998,2.0007050000001527,39.66494363070779,33.7875,45.7125,1,1,1,1,2153,80,80,2154.0,80.0,2153.0,2153,80,79.35785104667593,46876.97586600365
4485,0,1091,3,3,1848153,1850273,1990.928998,1992.929377,2.000378999999839,39.97448678021006,33.7875,45.7125,1,1,1,1,2120,80,80,2121.0,80.0,2120.0,2120,80,79.96412389090983,46132.75784239258
4485,0,1092,3,3,1850273,1852298,1992.929377,1994.932403,2.003026000000091,39.96899262292286,33.7875,45.7125,1,1,1,1,2025,80,80,2025.0,80.0,2025.0,2025,80,80.0589314175304,45857.11818019129
4485,0,1093,3,3,1852298,1854379,1994.932403,1996.932476,2.0000729999999294,39.87830552588638,33.7875,45.7125,1,1,1,1,2081,80,80,2081.0,80.0,2081.0,2081,80,79.75952216806763,47337.77217131742
4485,0,1094,3,3,1854379,1856536,1996.932476,1998.932636,2.000160000000051,40.37992550050932,33.7875,45.7125,1,1,1,1,2157,80,80,2158.0,80.0,2157.0,2157,80,80.76631178910611,47688.68490520637
4485,0,1095,3,3,1856536,1858626,1998.932636,2000.932975,2.00033899999994,40.26454243217523,33.7875,45.7125,1,1,1,1,2090,80,80,2090.0,80.0,2090.0,2090,80,80.54273454422946,45953.21093074862
4485,0,1096,3,3,1858626,1859000,2000.932975,2001.33557,0.40259500000001935,40.175531968094134,33.7875,45.7125,1,1,1,1,374,16,16,374.0,16.0,374.0,374,16,16.174468292694655,45442.69054508655
4485,0,1097,3,3,1859000,1861020,2001.33557,2003.335761,2.000191000000086,40.178738279507904,33.7875,45.7125,1,1,1,1,2020,80,80,2024.0,80.0,2020.0,2020,80,80.36515069802408,47080.50381188394
4485,0,1098,3,3,1861020,1863156,2003.335761,2005.336006,2.00024499999995,40.08316163488474,33.7875,45.7125,1,1,1,1,2136,80,80,2137.0,80.0,2136.0,2136,80,80.17614364436304,45972.368384874004
4485,0,1099,3,3,1863156,1865189,2005.336006,2007.336677,2.000671000000011,39.75962271644399,33.7875,45.7125,1,1,1,1,2033,80,80,2033.0,80.0,2033.0,2033,80,79.54592413973296,45972.576200684416
4485,0,1100,3,3,1865189,1867250,2007.336677,2009.337344,2.0006670000000213,40.158964316493076,33.7875,45.7125,1,1,1,1,2061,80,80,2061.0,80.0,2061.0,2061,80,80.34471466219111,47149.27571654803
4485,0,1101,3,3,1867250,1869308,2009.337344,2011.337501,2.0001569999999447,39.91675237025315,33.7875,45.7125,1,1,1,1,2058,80,80,2058.0,80.0,2058.0,2058,80,79.83977167062403,47073.80470633185
4485,0,1102,3,3,1869308,1871434,2011.337501,2013.337707,2.0002059999999346,39.95240146167961,33.7875,45.7125,1,1,1,1,2126,80,80,2126.0,80.0,2126.0,2126,80,79.91303311806405,46925.16670783063
4485,0,1103,3,3,1871434,1872000,2013.337707,2013.896052,0.5583450000001449,39.510177657738915,33.7875,45.7125,1,1,1,1,566,22,22,566.0,22.0,566.0,566,22,22.060310144312098,45960.830669197974
4485,0,1104,3,3,1872000,1874025,2013.896052,2015.896563,2.0005109999999604,39.61876871068044,33.7875,45.7125,1,1,1,1,2025,80,80,2028.0,80.0,2025.0,2025,80,79.25778261217056,46025.24055104012
4485,0,1105,3,3,1874025,1876052,2015.896563,2017.896905,2.000342000000046,40.43226650016226,33.7875,45.7125,1,1,1,1,2027,80,80,2029.0,80.0,2027.0,2027,80,80.87836083547154,45828.16338406027
4485,0,1106,3,3,1876052,1878122,2017.896905,2019.897781,2.0008759999998347,40.172495671448544,33.7875,45.7125,1,1,1,1,2070,80,80,2072.0,80.0,2071.0,2070,80,80.38018244909472,46488.637976570106
4485,0,1107,3,3,1878122,1880198,2019.897781,2021.898966,2.0011850000000777,40.009855649272744,33.7875,45.7125,1,1,1,1,2076,80,80,2075.0,80.0,2075.0,2076,80,80.0671229774889,45711.415986026506
4485,0,1108,3,3,1880198,1882263,2021.898966,2023.899113,2.00014699999997,40.02254913835635,33.7875,45.7125,1,1,1,1,2065,80,80,2067.0,80.0,2065.0,2065,80,80.05098159144109,47025.54362254445
4485,0,1109,3,3,1882263,1884273,2023.899113,2025.899373,2.0002600000000257,39.821825253994994,33.7875,45.7125,1,1,1,1,2010,79,79,2011.0,80.0,2010.0,2010,79,79.65400418255012,46087.00868886986
4485,0,1110,3,3,1884273,1885000,2025.899373,2026.634124,0.7347509999999602,39.62787463464977,33.7875,45.7125,1,1,1,1,727,29,29,727.0,29.0,727.0,727,29,29.116620515676914,46342.230224935854
4485,0,1111,3,3,1885000,1887058,2026.634124,2028.635847,2.0017230000000836,39.840230553588576,33.7875,45.7125,1,1,1,1,2058,80,80,2060.0,80.0,2058.0,2058,80,79.74910582441953,47019.9922766517
4485,0,1112,3,3,1887058,1889114,2028.635847,2030.637758,2.0019110000000637,40.06412127088651,33.7875,45.7125,1,1,1,1,2056,80,80,2056.0,80.0,2056.0,2056,80,80.20480507751927,46882.70357673094
4485,0,1113,3,3,1889114,1891204,2030.637758,2032.637827,2.0000689999999395,40.24135038816743,33.7875,45.7125,1,1,1,1,2090,80,80,2094.0,80.0,2090.0,2090,80,80.48547742950905,46745.887266890706
4485,0,1114,3,3,1891204,1893305,2032.637827,2034.637875,2.000047999999879,40.2609951965741,33.7875,45.7125,1,1,1,1,2101,80,80,2101.0,80.0,2101.0,2101,80,80.52392292091099,46552.882730817284
4485,0,1115,3,3,1893305,1895342,2034.637875,2036.63855,2.000675000000001,40.20854284618399,33.7875,45.7125,1,1,1,1,2037,80,80,2037.0,80.0,2037.0,2037,80,80.44422645878512,46527.796868556834
4485,0,1116,3,3,1895342,1897410,2036.63855,2038.639643,2.0010930000000826,40.06104974494043,33.7875,45.7125,1,1,1,1,2068,80,80,2068.0,80.0,2068.0,2068,80,80.1658862172626,47309.64527885315
4485,0,1117,3,3,1897410,1898000,2038.639643,2039.187725,0.5480820000000222,39.72151877409726,33.7875,45.7125,1,1,1,1,590,21,21,590.0,21.0,590.0,590,21,21.770649452751968,45786.94428935631
4485,0,1118,3,3,1898000,1900001,2039.187725,2041.188408,2.000682999999981,40.33390003987637,33.7875,45.7125,1,1,1,1,2001,79,79,2004.0,80.0,2001.0,2001,79,80.69534813347855,46412.65007999812
4485,0,1119,3,3,1900001,1902115,2041.188408,2043.189001,2.0005929999999807,40.505708642726994,33.7875,45.7125,1,1,1,1,2114,80,80,2115.0,80.0,2114.0,2114,80,81.03543717067805,47341.96310793895
4485,0,1120,3,3,1902115,1904173,2043.189001,2045.189066,2.0000649999999496,40.257893428144705,33.7875,45.7125,1,1,1,1,2058,80,80,2058.0,80.0,2058.0,2058,80,80.5184036193532,46821.47830195637
4485,0,1121,3,3,1904173,1906250,2045.189066,2047.189208,2.0001420000000962,40.63373379920903,33.7875,45.7125,1,1,1,1,2077,80,80,2077.0,80.0,2077.0,2077,80,81.27323758862622,47045.65975815491
4485,0,1122,3,3,1906250,1908374,2047.189208,2049.189248,2.0000400000001264,40.24130591473569,33.7875,45.7125,1,1,1,1,2124,80,80,2125.0,80.0,2124.0,2124,80,80.48422148171812,47688.5462290724
4485,0,1123,3,3,1908374,1910483,2049.189248,2051.189847,2.0005989999999656,40.606109886209396,33.7875,45.7125,1,1,1,1,2109,79,79,2110.0,80.0,2109.0,2109,79,81.23654283223732,48394.00599520527
4485,0,1124,3,3,1910483,1911000,2051.189847,2051.676959,0.48711199999979726,40.35065447647054,33.7875,45.7125,1,1,1,1,517,19,19,517.0,19.0,517.0,517,19,19.65528800334141,47592.750743175384
4485,0,1125,3,3,1911000,1913048,2051.676959,2053.677781,2.000821999999971,40.48500240924327,33.7875,45.7125,1,1,1,1,2048,79,79,2056.0,80.0,2048.0,2048,79,81.0032834904705,45855.65332648348
4485,0,1126,3,3,1913048,1915127,2053.677781,2055.678139,2.000358000000233,40.46788693292745,33.7875,45.7125,1,1,1,1,2079,80,80,2083.0,80.0,2079.0,2079,80,80.95026136939123,47428.01038613536
4485,0,1127,3,3,1915127,1917197,2055.678139,2057.679391,2.0012520000000222,40.53039031951699,33.7875,45.7125,1,1,1,1,2070,80,80,2070.0,80.0,2070.0,2070,80,81.11152468771616,47190.958460003516
4485,0,1128,3,3,1917197,1919366,2057.679391,2059.679442,2.000050999999985,40.59269697901675,33.7875,45.7125,1,1,1,1,2169,80,80,2169.0,80.0,2169.0,2169,80,81.18746418558294,47491.78895938189
4485,0,1129,3,3,1919366,1921456,2059.679442,2061.679539,2.000097000000096,40.15545468942344,33.7875,45.7125,1,1,1,1,2090,80,80,2092.0,80.0,2090.0,2090,80,80.31480445795751,46548.24241024086
4485,0,1130,3,3,1921456,1923516,2061.679539,2063.680323,2.0007839999998396,40.31036493984354,33.7875,45.7125,1,1,1,1,2060,80,80,2061.0,80.0,2060.0,2060,80,80.65233320579864,46826.144151496366
4485,0,1131,3,3,1923516,1924000,2063.680323,2064.139942,0.45961899999974776,40.33069818121985,33.7875,45.7125,1,1,1,1,484,18,18,486.0,18.0,484.0,484,18,18.536755167340743,47641.6336139542
4485,0,1132,3,3,1924000,1926100,2064.139942,2066.14272,2.002778000000035,40.24248334807387,33.7875,45.7125,1,1,1,1,2100,79,79,2107.0,80.0,2101.0,2100,79,80.59676031488925,48552.56049347372
4485,0,1133,3,3,1926100,1928171,2066.14272,2068.144426,2.001706000000013,40.131451800654105,33.7875,45.7125,1,1,1,1,2071,79,79,2075.0,80.0,2070.0,2071,79,80.33136785807437,46936.46319689275
4485,0,1134,3,3,1928171,1930262,2068.144426,2070.145458,2.001032000000123,39.838664768618514,33.7875,45.7125,1,1,1,1,2091,80,80,2092.0,80.0,2091.0,2091,80,79.71844303928083,46528.99104062018
4485,0,1135,3,3,1930262,1932330,2070.145458,2072.146031,2.0005730000002586,39.232745113247525,33.7875,45.7125,1,1,1,1,2068,80,80,2077.0,80.0,2068.0,2068,80,78.48797058945638,45835.368167014225
4485,0,1136,3,3,1932330,1934360,2072.146031,2074.146318,2.000286999999844,39.82363446928826,33.7875,45.7125,1,1,1,1,2030,80,80,2030.0,80.0,2030.0,2030,80,79.65869832166936,46763.78939622529
4485,0,1137,3,3,1934360,1936472,2074.146318,2076.148115,2.001796999999897,39.22063733784786,33.7875,45.7125,1,1,1,1,2112,80,80,2114.0,80.0,2112.0,2112,80,78.51175416099431,46540.18364499737
4485,0,1138,3,3,1936472,1937000,2076.148115,2076.638846,0.4907309999998688,39.24252519879126,33.7875,45.7125,1,1,1,1,528,20,20,528.0,20.0,528.0,528,20,19.257523633321398,46557.075057426795
4485,0,1139,3,3,1937000,1939012,2076.638846,2078.638955,2.000109000000066,39.18720473971823,33.7875,45.7125,1,1,1,1,2012,80,80,2017.0,80.0,2012.0,2012,80,78.37868088475079,45687.010057950334
4485,0,1140,3,3,1939012,1939807,2078.638955,2080.660515,2.021560000000136,14.904178678549869,33.7875,45.7125,1,0,0,1,795,80,80,796.0,81.0,795.0,795,81,30.129691449415986,17091.25625754253
4485,0,1141,3,3,1939807,1939888,2080.660515,2082.662792,2.002277000000049,0.9444383238641672,33.7875,45.7125,1,0,0,0,81,80,80,81.0,80.0,81.0,81,80,1.8910271337954327,685.7193085671794
4485,0,1142,3,3,1939888,1939968,2082.662792,2084.665069,2.002277000000049,0.9432413954345388,33.7875,45.7125,1,0,0,0,80,80,80,80.0,80.0,80.0,80,80,1.8886305515334243,682.7227201830548
4485,0,1143,3,3,1939968,1940048,2084.665069,2086.667345,2.0022759999997106,0.9441264574894228,33.7875,45.7125,1,0,0,0,80,80,80,80.0,80.0,80.0,80,80,1.890401746801217,661.2475003447034
4485,0,1144,3,3,1940048,1940128,2086.667345,2088.669622,2.002277000000049,0.9435015972670666,33.7875,45.7125,1,0,0,0,80,80,80,80.0,80.0,80.0,80,80,1.889151547671645,690.7136225407204
4485,0,1145,3,3,1940128,1940208,2088.669622,2090.671899,2.002277000000049,0.9435536376335721,33.7875,45.7125,1,0,0,0,80,80,80,80.0,80.0,80.0,80,80,1.8892557468934683,651.2585421497465
4485,0,1146,3,3,1940208,1940289,2090.671899,2092.674176,2.002277000000049,0.9436577183665833,33.7875,45.7125,1,0,0,0,81,80,80,81.0,80.0,81.0,81,80,1.889464145351667,679.2267004015761
4485,0,1147,3,3,1940289,1940369,2092.674176,2094.676451,2.002274999999827,0.9433982674551009,33.7875,45.7125,1,0,0,0,80,80,80,80.0,80.0,80.0,80,80,1.8889427659742068,676.2307874793008
4485,0,1148,3,3,1940369,1940449,2094.676451,2096.678729,2.0022780000003877,0.9430328586904048,33.7875,45.7125,1,0,0,0,80,80,80,80.0,80.0,80.0,80,80,1.8882139462366467,650.7587857429127
4485,0,1149,3,3,1940449,1940529,2096.678729,2098.681005,2.0022759999997106,0.9427734072845216,33.7875,45.7125,1,0,0,0,80,80,80,80.0,80.0,80.0,80,80,1.8876925668446347,661.2475003447034
4485,0,1150,3,3,1940529,1940633,2098.681005,2100.683285,2.0022800000001553,1.213953850243237,33.7875,45.7125,1,0,0,0,104,80,80,104.0,80.0,104.0,104,80,2.4306755152647384,1224.6039514952004
4485,0,1151,3,3,1940633,1940796,2100.683285,2102.685558,2.0022730000000593,1.9150986829590408,33.7875,45.7125,1,0,0,0,163,80,80,163.0,80.0,163.0,163,80,3.834550385217881,2649.488855915174
4485,0,1152,3,3,1940796,1940977,2102.685558,2104.687836,2.002277999999933,2.0312484191999105,33.7875,45.7125,1,0,0,1,181,80,80,181.0,80.0,181.0,181,80,4.0671240223018685,2712.909995515199
4485,0,1153,3,3,1940977,1941176,2104.687836,2106.690114,2.002277999999933,2.7503938847768077,33.7875,45.7125,1,0,0,1,199,80,80,199.0,80.0,199.0,199,80,5.507053166817059,3695.2910634788213
4485,0,1154,3,3,1941176,1941436,2106.690114,2108.692389,2.002274999999827,3.6236359407822403,33.7875,45.7125,1,0,0,1,260,80,80,260.0,80.0,260.0,260,80,7.255515653334442,4764.580289920628
4485,0,1155,3,3,1941436,1941805,2108.692389,2110.694666,2.002277000000049,6.8404557278474405,33.7875,45.7125,1,0,0,1,369,80,80,369.0,80.0,369.0,369,80,13.696487173394416,8507.31442252974
4485,0,1156,3,3,1941805,1942299,2110.694666,2112.696943,2.002277000000049,8.67399396093872,33.7875,45.7125,1,0,0,1,494,80,80,494.0,80.0,494.0,494,80,17.367738606131752,10531.010444608555
4485,0,1157,3,3,1942299,1942889,2112.696943,2114.699219,2.0022760000001654,10.936974664999768,33.7875,45.7125,1,0,0,1,590,80,80,590.0,80.0,590.0,590,80,21.898841884336434,13340.31871729861
4485,0,1158,3,3,1942889,1943680,2114.699219,2116.699428,2.0002089999998134,13.9680820855015,33.7875,45.7125,1,0,0,1,791,80,80,791.0,79.0,791.0,791,79,27.939083500154084,16755.249076473072
4485,0,1159,3,3,1943680,1944524,2116.699428,2118.700069,2.000641000000087,15.266138712336767,33.7875,45.7125,1,0,0,1,844,80,80,844.0,80.0,844.0,844,80,30.54206301958766,18285.63945255466
4485,0,1160,3,3,1944524,1945514,2118.700069,2120.701263,2.0011939999999413,17.252761254287762,33.7875,45.7125,1,0,0,1,990,80,80,990.0,80.0,990.0,990,80,34.52612230551313,20844.5558001879
4485,0,1161,3,3,1945514,1946563,2120.701263,2122.702192,2.0009290000002693,19.357461956417882,33.7875,45.7125,1,0,0,1,1049,80,80,1049.0,80.0,1049.0,1049,80,38.732906994991936,23473.596514415894
4485,0,1162,3,3,1946563,1947696,2122.702192,2124.704998,2.002805999999964,20.740264763439836,33.7875,45.7125,1,0,0,1,1133,80,80,1133.0,80.0,1133.0,1133,80,41.53872670981218,24421.736303965972
4485,0,1163,3,3,1947696,1948915,2124.704998,2126.707248,2.0022500000000036,22.939241688517694,33.7875,45.7125,1,0,0,1,1219,80,80,1219.0,80.0,1219.0,1219,80,45.9300966708397,26684.979398177
4485,0,1164,3,3,1948915,1950000,2126.707248,2128.264654,1.5574059999999008,25.177462839189506,33.7875,45.7125,1,0,0,1,1085,62,62,1085.0,63.0,1085.0,1085,63,39.21153169052559,29630.680760189018
4485,0,1165,3,3,1950000,1951439,2128.264654,2130.266921,2.002266999999847,26.893459631905653,33.7875,45.7125,1,0,0,1,1439,80,80,1440.0,80.0,1439.0,1439,80,53.84788673679577,31904.33643465376
4485,0,1166,3,3,1951439,1952921,2130.266921,2132.267351,2.0004300000000512,29.010632088383893,33.7875,45.7125,1,0,0,1,1482,80,80,1482.0,79.0,1482.0,1482,79,58.03373874856334,34547.57227196064
4485,0,1167,3,3,1952921,1954550,2132.267351,2134.271475,2.004124000000047,30.069786453359455,33.7875,45.7125,1,0,0,1,1629,80,80,1630.0,81.0,1629.0,1629,81,60.26358070605784,35744.794234288056
4485,0,1168,3,3,1954550,1956252,2134.271475,2136.272942,2.001467000000048,31.870792712744194,33.7875,45.7125,1,0,0,1,1702,80,80,1703.0,79.0,1702.0,1702,79,63.78833987840335,38163.50706756503
4485,0,1169,3,3,1956252,1958036,2136.272942,2138.273764,2.000821999999971,34.379457187933184,33.7875,45.7125,1,1,0,1,1784,80,80,1784.0,80.0,1784.0,1784,80,68.78717428966775,40142.00163732764
4485,0,1170,3,3,1958036,1959915,2138.273764,2140.275009,2.001244999999926,35.58461577242122,33.7875,45.7125,1,1,1,1,1879,80,80,1879.0,80.0,1879.0,1879,80,71.2135343914706,42308.662857372845
4485,0,1171,3,3,1959915,1961937,2140.275009,2142.276483,2.001474000000144,37.89963443216955,33.7875,45.7125,1,1,1,1,2022,80,80,2022.0,80.0,2022.0,2022,80,75.85513292549876,43222.14527892632
4485,0,1172,3,3,1961937,1963000,2142.276483,2143.404204,1.1277209999998377,38.38010881783814,33.7875,45.7125,1,1,1,1,1063,45,45,1063.0,45.0,1063.0,1063,45,43.28205469615932,44392.18565585567
4485,0,1173,3,3,1963000,1964973,2143.404204,2145.404445,2.0002410000001873,38.96604769841762,33.7875,45.7125,1,1,1,1,1973,80,80,1977.0,80.0,1973.0,1973,80,77.94148621433123,44718.11146756397
4485,0,1174,3,3,1964973,1966982,2145.404445,2147.404528,2.000082999999904,38.84855724600983,33.7875,45.7125,1,1,1,1,2009,80,80,2013.0,80.0,2009.0,2009,80,77.70033892226638,44983.133199974356
4485,0,1175,3,3,1966982,1969021,2147.404528,2149.409491,2.0049629999998615,39.39656517994299,33.7875,45.7125,1,1,1,1,2039,80,80,2039.0,80.0,2039.0,2039,80,78.98865551286144,46183.39590306973
4485,0,1176,3,3,1969021,1971121,2149.409491,2151.414061,2.004570000000058,39.291608911730805,33.7875,45.7125,1,1,1,1,2100,80,80,2101.0,80.0,2100.0,2100,80,78.76278047618689,46679.836573428365
4485,0,1177,3,3,1971121,1973134,2151.414061,2153.414569,2.0005080000000817,39.5504384135033,33.7875,45.7125,1,1,1,1,2013,80,80,2014.0,80.0,2013.0,2013,80,79.12096844972984,46291.24202452388
4485,0,1178,3,3,1973134,1975206,2153.414569,2155.414881,2.0003120000001218,39.28190858410074,33.7875,45.7125,1,1,1,1,2072,80,80,2072.0,80.0,2072.0,2072,80,78.57607312368054,45398.9177688253
4485,0,1179,3,3,1975206,1976000,2155.414881,2156.153927,0.7390459999996892,39.30662155987086,33.7875,45.7125,1,1,1,1,794,30,30,794.0,30.0,794.0,794,30,29.049401437325287,45718.399125378135
4485,0,1180,3,3,1976000,1978028,2156.153927,2158.154095,2.0001680000000306,39.132761037714836,33.7875,45.7125,1,1,1,1,2028,80,80,2028.0,80.0,2028.0,2028,80,78.27209637928172,45368.689030120775
4485,0,1181,3,3,1978028,1980099,2158.154095,2160.154071,1.9999760000000606,39.94905476971261,33.7875,45.7125,1,1,1,1,2071,80,80,2071.0,80.0,2071.0,2071,80,79.89715076211723,46307.555690666886
4485,0,1182,3,3,1980099,1982185,2160.154071,2162.15421,2.0001390000002175,39.88501873939586,33.7875,45.7125,1,1,1,1,2086,80,80,2086.0,80.0,2086.0,2086,80,79.7755814964039,46727.75242120164
4485,0,1183,3,3,1982185,1984339,2162.15421,2164.155455,2.001244999999926,39.767278294031584,33.7875,45.7125,1,1,1,1,2154,79,79,2155.0,80.0,2154.0,2154,80,79.58406684953661,46343.151388262515
4485,0,1184,3,3,1984339,1986324,2164.155455,2166.155982,2.0005270000001474,40.061912642616754,33.7875,45.7125,1,1,1,1,1985,80,80,1985.0,79.0,1985.0,1985,79,80.14493791319546,46424.26720558791
4485,0,1185,3,3,1986324,1988460,2166.155982,2168.15614,2.0001579999998285,40.40637810359393,33.7875,45.7125,1,1,1,1,2136,80,80,2137.0,80.0,2136.0,2136,80,80.81914041492564,46261.84531422414
4485,0,1186,3,3,1988460,1989000,2168.15614,2168.713588,0.5574480000000221,40.02355377056067,33.7875,45.7125,1,1,1,1,540,23,23,540.0,23.0,540.0,540,23,22.31105000228854,44429.25618174075
4485,0,1187,3,3,1989000,1991091,2168.713588,2170.714251,2.000662999999804,39.758947618413025,33.7875,45.7125,1,1,1,1,2091,80,80,2094.0,80.0,2091.0,2091,80,79.54425541909586,46398.618857853166
4485,0,1188,3,3,1991091,1993101,2170.714251,2172.714474,2.0002230000000054,39.72003772079559,33.7875,45.7125,1,1,1,1,2010,79,79,2012.0,79.0,2010.0,2010,79,79.44893301000411,46381.328481874145
4485,0,1189,3,3,1993101,1995072,2172.714474,2174.714691,2.000217000000248,39.50037186636327,33.7875,45.7125,1,1,1,1,1971,80,80,1973.0,80.0,1971.0,1971,80,79.00931531343667,46722.430616272344
4485,0,1190,3,3,1995072,1997177,2174.714691,2176.71618,2.001488999999765,40.0598773214639,33.7875,45.7125,1,1,1,1,2105,80,80,2107.0,80.0,2106.0,2105,80,80.17940380025539,47076.45158180288
4485,0,1191,3,3,1997177,1999293,2176.71618,2178.716616,2.0004360000002634,39.68593020129448,33.7875,45.7125,1,1,1,1,2116,80,80,2116.0,80.0,2115.0,2116,80,79.38916346816404,45956.98137805353
4485,0,1192,3,3,1999293,2001286,2178.716616,2180.717362,2.000745999999708,39.54492317775443,33.7875,45.7125,1,1,1,1,1993,80,80,1994.0,80.0,1993.0,1993,80,79.11934686818859,46490.159170636136
4485,0,1193,3,3,2001286,2002000,2180.717362,2181.381862,0.6645000000003165,40.14845928227017,33.7875,45.7125,1,1,1,1,714,27,27,714.0,27.0,714.0,714,27,26.67865119308408,47805.86907446933
4485,0,1194,3,3,2002000,2004122,2181.381862,2183.381998,2.0001359999996566,40.2555334429471,33.7875,45.7125,1,1,1,1,2122,80,80,2123.0,80.0,2122.0,2122,80,80.51654163842613,46329.84957023718
4485,0,1195,3,3,2004122,2006161,2183.381998,2185.382365,2.0003670000000966,39.97842382757,33.7875,45.7125,1,1,1,1,2039,80,80,2039.0,80.0,2039.0,2039,80,79.97151973668952,46876.39818093154
4485,0,1196,3,3,2006161,2008167,2185.382365,2187.382405,2.000039999999899,39.86968679715905,33.7875,45.7125,1,1,1,1,2006,80,80,2006.0,80.0,2006.0,2006,80,79.7409683817823,46783.56432871579
4485,0,1197,3,3,2008167,2010249,2187.382405,2189.384053,2.0016480000003867,39.643327993380716,33.7875,45.7125,1,1,1,1,2082,79,79,2082.0,79.0,2082.0,2082,79,79.35198819130892,46125.49259409355
4485,0,1198,3,3,2010249,2012354,2189.384053,2191.384177,2.000123999999687,39.436506069067086,33.7875,45.7125,1,1,1,1,2105,80,80,2106.0,80.0,2105.0,2105,80,78.87790226488141,46027.64628593747
4485,0,1199,3,3,2012354,2014409,2191.384177,2193.38585,2.00167300000021,39.815401129829766,33.7875,45.7125,1,1,1,1,2055,80,80,2055.0,80.0,2055.0,2055,80,79.69741342576162,46557.55460556756
4485,0,1200,3,3,2014409,2015000,2193.38585,2193.932324,0.5464739999997619,39.80103513210541,33.7875,45.7125,1,1,1,1,591,22,22,592.0,22.0,591.0,591,22,21.75023087277077,45261.07371990393
4485,0,1201,3,3,2015000,2017003,2193.932324,2195.932858,2.0005340000002434,39.872076986845336,33.7875,45.7125,1,1,1,1,2003,80,80,2005.0,80.0,2003.0,2003,80,79.7654456628079,45346.89237972909
4485,0,1202,3,3,2017003,2019042,2195.932858,2197.933663,2.000804999999673,39.38695389886872,33.7875,45.7125,1,1,1,1,2039,80,80,2040.0,80.0,2039.0,2039,80,78.8056142956193,45251.78615607958
4485,0,1203,3,3,2019042,2021170,2197.933663,2199.935841,2.0021780000001854,39.528694698900736,33.7875,45.7125,1,1,1,1,2128,80,80,2128.0,80.0,2128.0,2128,80,79.14348289486952,46332.543859732454
4485,0,1204,3,3,2021170,2023269,2199.935841,2201.936791,2.0009500000001026,39.60485899811121,33.7875,45.7125,1,1,1,1,2099,79,79,2099.0,80.0,2099.0,2099,79,79.24734261227422,46641.845123563915
4485,0,1205,3,3,2023269,2025322,2201.936791,2203.939513,2.0027219999997214,39.556979131359775,33.7875,45.7125,1,1,1,1,2053,80,80,2053.0,80.0,2053.0,2053,80,79.22163235989865,45595.94392033078
4485,0,1206,3,3,2025322,2027296,2203.939513,2205.939484,1.999971000000187,39.69433125546232,33.7875,45.7125,1,1,1,1,1974,80,80,1976.0,80.0,1974.0,1974,80,79.38751137533109,45017.15274871065
4485,0,1207,3,3,2027296,2028000,2205.939484,2206.694115,0.7546309999997902,39.84839098271303,33.7875,45.7125,1,1,1,1,704,30,30,704.0,30.0,704.0,704,30,30.07083113567205,45705.782031230614
4485,0,1208,3,3,2028000,2030087,2206.694115,2208.69544,2.001325000000179,40.07308879212377,33.7875,45.7125,1,1,1,1,2087,80,80,2089.0,80.0,2087.0,2087,80,80.19927442690823,46290.332654612175
4485,0,1209,3,3,2030087,2032162,2208.69544,2210.696139,2.000699000000168,39.54537892450043,33.7875,45.7125,1,1,1,1,2075,80,80,2075.0,80.0,2075.0,2075,80,79.11840006888087,46341.803539659
4485,0,1210,3,3,2032162,2034211,2210.696139,2212.697998,2.0018589999999676,39.310778475577635,33.7875,45.7125,1,1,1,1,2049,80,80,2050.0,80.0,2049.0,2049,80,78.6946356883418,45290.90210649275
4485,0,1211,3,3,2034211,2036208,2212.697998,2214.698223,2.000224999999773,39.67118634941242,33.7875,45.7125,1,1,1,1,1997,80,80,1997.0,80.0,1997.0,1997,80,79.35129871574463,44963.44161282366
4485,0,1212,3,3,2036208,2038253,2214.698223,2216.698502,2.0002790000003188,39.77774333995458,33.7875,45.7125,1,1,1,1,2045,80,80,2045.0,80.0,2045.0,2045,80,79.56658467031957,45334.6758127169
4485,0,1213,3,3,2038253,2040294,2216.698502,2218.698775,2.000272999999652,39.7125380823119,33.7875,45.7125,1,1,1,1,2041,80,80,2041.0,80.0,2041.0,2041,80,79.43591768750048,45349.309819217575
4485,0,1214,3,3,2040294,2041000,2218.698775,2219.418301,0.7195260000003145,39.50061010388526,33.7875,45.7125,1,1,1,1,706,28,28,707.0,29.0,706.0,706,29,28.421715985619812,45763.460945102204
4485,0,1215,3,3,2041000,2043009,2219.418301,2221.420571,2.002269999999953,39.454863125997385,33.7875,45.7125,1,1,1,1,2009,80,80,2011.0,80.0,2009.0,2009,80,78.99928879129584,45004.41998331999
4485,0,1216,3,3,2043009,2045020,2221.420571,2223.421042,2.000470999999834,39.51439271255655,33.7875,45.7125,1,1,1,1,2011,80,80,2011.0,79.0,2011.0,2011,79,79.04739670407434,44885.429481360865
4485,0,1217,3,3,2045020,2047053,2223.421042,2225.423,2.0019579999998314,39.72044476522838,33.7875,45.7125,1,1,1,1,2033,80,80,2033.0,80.0,2033.0,2033,80,79.51866216129565,45715.24477536877
4485,0,1218,3,3,2047053,2049160,2225.423,2227.424558,2.0015580000003865,39.94704448886774,33.7875,45.7125,1,1,1,1,2107,80,80,2108.0,80.0,2108.0,2107,80,79.95632647306775,45608.97061188453
4485,0,1219,3,3,2049160,2051190,2227.424558,2229.42524,2.0006819999998697,39.896901262642636,33.7875,45.7125,1,1,1,1,2030,80,80,2030.0,80.0,2029.0,2030,80,79.82101221193443,46323.703617069594
4485,0,1220,3,3,2051190,2053240,2229.42524,2231.427328,2.0020880000001853,40.0770425430945,33.7875,45.7125,1,1,1,1,2050,80,80,2051.0,80.0,2050.0,2050,80,80.2377659510239,46106.364954982724
4485,0,1221,3,3,2053240,2054000,2231.427328,2232.159326,0.7319979999997486,39.790711587497135,33.7875,45.7125,1,1,1,1,760,30,30,760.0,30.0,760.0,760,30,29.126721300621284,46184.55241682575
4485,0,1222,3,3,2054000,2056094,2232.159326,2234.160018,2.000692000000072,39.59483788474629,33.7875,45.7125,1,1,1,1,2094,79,79,2101.0,80.0,2094.0,2094,79,79.2170753973187,45972.09365559351
4485,0,1223,3,3,2056094,2058224,2234.160018,2236.16009,2.000071999999818,39.89640328392949,33.7875,45.7125,1,1,1,1,2130,80,80,2130.0,79.0,2130.0,2130,80,79.79567910889455,46444.82798619672
4485,0,1224,3,3,2058224,2060321,2236.16009,2238.161113,2.0010230000002593,40.01099635811269,33.7875,45.7125,1,1,1,1,2097,80,80,2099.0,80.0,2097.0,2097,80,80.06292396550998,46806.05870096839
4485,0,1225,3,3,2060321,2062422,2238.161113,2240.162636,2.0015229999999065,40.12354620075161,33.7875,45.7125,1,1,1,1,2101,80,80,2102.0,80.0,2101.0,2101,80,80.30820056235825,46844.82766373626
4485,0,1226,3,3,2062422,2064535,2240.162636,2242.162856,2.0002199999998993,39.892319387851515,33.7875,45.7125,1,1,1,1,2113,80,80,2117.0,80.0,2113.0,2113,80,79.79341508596553,46557.87863335267
4485,0,1227,3,3,2064535,2066642,2242.162856,2244.163308,2.000452000000223,39.86109825997679,33.7875,45.7125,1,1,1,1,2107,80,80,2109.0,80.0,2107.0,2107,80,79.74021373638243,46490.493148543246
4485,0,1228,3,3,2066642,2067000,2244.163308,2244.502116,0.3388079999999718,40.11915979111643,33.7875,45.7125,1,1,1,1,358,14,14,358.0,14.0,358.0,358,14,13.59269229050551,48526.00883096435
4485,0,1229,3,3,2067000,2068185,2244.502116,2246.524117,2.0220009999998183,22.171516417201513,33.7875,45.7125,1,0,0,1,1185,80,80,1188.0,81.0,1185.0,1185,81,44.83082836709218,26274.962277469087
4485,0,1230,3,3,2068185,2068267,2246.524117,2248.526393,2.0022760000001654,0.9540661724560238,33.7875,45.7125,1,0,0,0,82,80,80,82.0,80.0,82.0,82,80,1.9103037995228078,683.2224928031335
4485,0,1231,3,3,2068267,2068347,2248.526393,2250.52867,2.002277000000049,0.9541698724007114,33.7875,45.7125,1,0,0,0,80,80,80,80.0,80.0,80.0,80,80,1.9105123896006262,669.7375038518483
4485,0,1232,3,3,2068347,2068427,2250.52867,2252.530947,2.002277000000049,0.9506831678448374,33.7875,45.7125,1,0,0,0,80,80,80,80.0,80.0,80.0,80,80,1.9035310412582476,647.7625223682678
4485,0,1233,3,3,2068427,2068508,2252.530947,2254.533223,2.0022759999997106,0.9503713045889667,33.7875,45.7125,1,0,0,0,81,80,80,81.0,80.0,81.0,81,80,1.902905654264032,675.7310181014983
4485,0,1234,3,3,2068508,2068588,2254.533223,2256.535501,2.002277999999933,0.9523480796427619,33.7875,45.7125,1,0,0,0,80,80,80,80.0,80.0,80.0,80,80,1.9068656082090456,674.2320496954195
4485,0,1235,3,3,2068588,2068668,2256.535501,2258.537777,2.0022760000001654,0.9497468198788401,33.7875,45.7125,1,0,0,0,80,80,80,80.0,80.0,80.0,80,80,1.90165526351484,655.7537522299082
4485,0,1236,3,3,2068668,2068748,2258.537777,2260.540054,2.002277000000049,0.9487056339176251,33.7875,45.7125,1,0,0,0,80,80,80,80.0,80.0,80.0,80,80,1.8995714705670252,649.7602479576842
4485,0,1237,3,3,2068748,2068828,2260.540054,2262.542331,2.002277000000049,0.9531811054371054,33.7875,45.7125,1,0,0,0,80,80,80,80.0,80.0,80.0,80,80,1.908532604255015,643.767071189435
4485,0,1238,3,3,2068828,2068908,2262.542331,2264.544608,2.002277000000049,0.9555749622963622,33.7875,45.7125,1,0,0,0,80,80,80,80.0,80.0,80.0,80,80,1.913325768779032,647.2630909709137
4485,0,1239,3,3,2068908,2068988,2264.544608,2266.546884,2.0022759999997106,0.955367182268602,33.7875,45.7125,1,0,0,0,80,80,80,80.0,80.0,80.0,80,80,1.912908780243015,666.7412484593498
4485,0,1240,3,3,2068988,2069068,2266.546884,2268.54916,2.0022760000001654,0.9531294453910923,33.7875,45.7125,1,0,0,0,80,80,80,80.0,80.0,80.0,80,80,1.90842821339902,621.29296860168
4485,0,1241,3,3,2069068,2069148,2268.54916,2270.551437,2.002277000000049,0.9594779897842811,33.7875,45.7125,1,0,0,0,80,80,80,80.0,80.0,80.0,80,80,1.9211407109542051,658.2505817127039
4485,0,1242,3,3,2069148,2069228,2270.551437,2272.553716,2.0022789999998167,0.9604659887787027,33.7875,45.7125,1,0,0,0,80,80,80,80.0,80.0,80.0,80,80,1.9231208795390557,673.7322820646491
4485,0,1243,3,3,2069228,2069308,2272.553716,2274.555994,2.002277999999933,0.9555225404141775,33.7875,45.7125,1,0,0,0,80,80,80,80.0,80.0,80.0,80,80,1.9132217611768283,654.7542349264407
4485,0,1244,3,3,2069308,2069388,2274.555994,2276.558269,2.0022750000002816,0.9589583525824884,33.7875,45.7125,1,0,0,0,80,80,80,80.0,80.0,80.0,80,80,1.9200983354239725,630.2830530270929
4485,0,1245,3,3,2069388,2069468,2276.558269,2278.560545,2.0022759999997106,0.9544304552036703,33.7875,45.7125,1,0,0,0,80,80,80,80.0,80.0,80.0,80,80,1.9110331941192271,663.7446585786336
4485,0,1246,3,3,2069468,2069549,2278.560545,2280.562821,2.0022760000001654,0.9542743340260085,33.7875,45.7125,1,0,0,0,81,80,80,81.0,80.0,81.0,81,80,1.910720596439205,651.7582990556208
4485,0,1247,3,3,2069549,2069629,2280.562821,2282.565098,2.002277000000049,0.953857630201678,33.7875,45.7125,1,0,0,0,80,80,80,80.0,80.0,80.0,80,80,1.9098871942260303,627.2858350767497
4485,0,1248,3,3,2069629,2069709,2282.565098,2284.567376,2.002277999999933,0.9547939756469674,33.7875,45.7125,1,0,0,0,80,80,80,80.0,80.0,80.0,80,80,1.9117629719694378,632.7792644178493
4485,0,1249,3,3,2069709,2069789,2284.567376,2286.569651,2.002274999999827,0.9481339455374023,33.7875,45.7125,1,0,0,0,80,80,80,80.0,80.0,80.0,80,80,1.8984248958004173,640.271690951598
4485,0,1250,3,3,2069789,2069870,2286.569651,2288.571929,2.0022780000003877,0.9459991580997598,33.7875,45.7125,1,0,0,0,81,80,80,81.0,80.0,81.0,81,80,1.8941533022880321,648.2616300033005
4485,0,1251,3,3,2069870,2069950,2288.571929,2290.574205,2.0022759999997106,0.9468845982917214,33.7875,45.7125,1,0,0,0,80,80,80,80.0,80.0,80.0,80,80,1.8959243059216533,657.2520471704152
4485,0,1252,3,3,2069950,2070031,2290.574205,2292.576482,2.002277000000049,0.9487576742841307,33.7875,45.7125,1,0,0,0,81,80,80,81.0,80.0,81.0,81,80,1.8996756697888486,635.7761688317694
4485,0,1253,3,3,2070031,2070111,2292.576482,2294.57876,2.002277999999933,0.9491736188713465,33.7875,45.7125,1,0,0,0,80,80,80,80.0,80.0,80.0,80,80,1.900509455241263,612.3025873530254
4485,0,1254,3,3,2070111,2070191,2294.57876,2296.581035,2.0022750000002816,0.950215562276703,33.7875,45.7125,1,0,0,0,80,80,80,80.0,80.0,80.0,80,80,1.9025928649643902,643.7677142249785
4485,0,1255,3,3,2070191,2070271,2296.581035,2298.583313,2.002277999999933,0.9495899415954665,33.7875,45.7125,1,0,0,0,80,80,80,80.0,80.0,80.0,80,80,1.9013430490740575,629.2832463823916
4485,0,1256,3,3,2070271,2070351,2298.583313,2300.58559,2.002277000000049,0.9495382797817145,33.7875,45.7125,1,0,0,0,80,80,80,80.0,80.0,80.0,80,80,1.9012386582326144,593.3245000566709
4485,0,1257,3,3,2070351,2070431,2300.58559,2302.587865,2.002274999999827,0.9497471985104939,33.7875,45.7125,1,0,0,0,80,80,80,80.0,80.0,80.0,80,80,1.9016550718952203,630.7824849234541
4485,0,1258,3,3,2070431,2070512,2302.587865,2304.590142,2.002277000000049,0.9497984816142423,33.7875,45.7125,1,0,0,0,81,80,80,81.0,80.0,81.0,81,80,1.901759654370835,592.8250686593168
4485,0,1259,3,3,2070512,2070592,2304.590142,2306.592419,2.002277000000049,0.9495903201482201,33.7875,45.7125,1,0,0,0,80,80,80,80.0,80.0,80.0,80,80,1.9013428574544378,656.2528561232875
4485,0,1260,3,3,2070592,2070672,2306.592419,2308.594696,2.002277000000049,0.9491739972161752,33.7875,45.7125,1,0,0,0,80,80,80,80.0,80.0,80.0,80,80,1.9005092636216432,649.2608165603301
4485,0,1261,3,3,2070672,2070752,2308.594696,2310.596972,2.0022759999997106,0.949694779486516,33.7875,45.7125,1,0,0,0,80,80,80,80.0,80.0,80.0,80,80,1.9015510642930167,631.2816015375416
4485,0,1262,3,3,2070752,2070832,2310.596972,2312.599253,2.002281000000039,0.9499530877771066,33.7875,45.7125,1,0,0,0,80,80,80,80.0,80.0,80.0,80,80,1.9020730185438879,618.2948347409658
4485,0,1263,3,3,2070832,2070912,2312.599253,2314.601526,2.0022730000000593,0.9500601985974007,33.7875,45.7125,1,0,0,0,80,80,80,80.0,80.0,80.0,80,80,1.9022798840305768,632.7808445701273
4485,0,1264,3,3,2070912,2070992,2314.601526,2316.603803,2.002277000000049,0.950214804546287,33.7875,45.7125,1,0,0,0,80,80,80,80.0,80.0,80.0,80,80,1.9025932482036296,600.3165396196283
4485,0,1265,3,3,2070992,2071072,2316.603803,2318.606079,2.0022760000001654,0.9473529618240154,33.7875,45.7125,1,0,0,0,80,80,80,80.0,80.0,80.0,80,80,1.8968620989908231,598.3191128495278
4485,0,1266,3,3,2071072,2071152,2318.606079,2320.608356,2.002277000000049,0.9463638174248737,33.7875,45.7125,1,0,0,0,80,80,80,80.0,80.0,80.0,80,80,1.8948825052648317,607.3085791825857
4485,0,1267,3,3,2071152,2071233,2320.608356,2322.610633,2.0022769999995944,0.9461556559590226,33.7875,45.7125,1,0,0,0,81,80,80,81.0,80.0,81.0,81,80,1.8944657083484344,646.2642281763523
4485,0,1268,3,3,2071233,2071313,2322.610633,2324.61291,2.002277000000049,0.946207696325357,33.7875,45.7125,1,0,0,0,80,80,80,80.0,80.0,80.0,80,80,1.8945699075702578,632.2801490502907
4485,0,1269,3,3,2071313,2071393,2324.61291,2326.615186,2.0022760000001654,0.9472488810390232,33.7875,45.7125,1,0,0,0,80,80,80,80.0,80.0,80.0,80,80,1.8966537005326245,650.759435762049
4485,0,1270,3,3,2071393,2071473,2326.615186,2328.617464,2.002277999999933,0.9455828353758109,33.7875,45.7125,1,0,0,0,80,80,80,80.0,80.0,80.0,80,80,1.8933197084552376,612.3025873530254
4485,0,1271,3,3,2071473,2071553,2328.617464,2330.619741,2.002277000000049,0.9450107678957285,33.7875,45.7125,1,0,0,0,80,80,80,80.0,80.0,80.0,80,80,1.8921733253082493,609.8057361693562
4485,0,1272,3,3,2071553,2071633,2330.619741,2332.622019,2.002277999999933,0.9458950774189011,33.7875,45.7125,1,0,0,0,80,80,80,80.0,80.0,80.0,80,80,1.8939449038298335,632.7792644178493
4485,0,1273,3,3,2071633,2071713,2332.622019,2334.624296,2.002277000000049,0.9461556559588513,33.7875,45.7125,1,0,0,0,80,80,80,80.0,80.0,80.0,80,80,1.8944657083484344,615.7989129376055
4485,0,1274,3,3,2071713,2071793,2334.624296,2336.626571,2.002274999999827,0.9438145908029956,33.7875,45.7125,1,0,0,0,80,80,80,80.0,80.0,80.0,80,80,1.8897763598070014,597.8199797730599
4485,0,1275,3,3,2071793,2071873,2336.626571,2338.628848,2.002277000000049,0.9430852743350218,33.7875,45.7125,1,0,0,0,80,80,80,80.0,80.0,80.0,80,80,1.8883179538388504,613.301755950835
4485,0,1276,3,3,2071873,2071953,2338.628848,2340.631125,2.002277000000049,0.9439179201991111,33.7875,45.7125,1,0,0,0,80,80,80,80.0,80.0,80.0,80,80,1.8899851415044395,590.8273430699004
4485,0,1277,3,3,2071953,2072033,2340.631125,2342.633402,2.002277000000049,0.9436056780000778,33.7875,45.7125,1,0,0,0,80,80,80,80.0,80.0,80.0,80,80,1.8893599461298436,598.3188140302119
4485,0,1278,3,3,2072033,2072113,2342.633402,2344.635677,2.0022750000002816,0.9443349949876929,33.7875,45.7125,1,0,0,0,80,80,80,80.0,80.0,80.0,80,80,1.8908183520834427,575.3455444431149
4485,0,1279,3,3,2072113,2072193,2344.635677,2346.637956,2.0022789999998167,0.9449579750504145,33.7875,45.7125,1,0,0,0,80,80,80,80.0,80.0,80.0,80,80,1.8920695093256654,580.8381349452831
4485,0,1280,3,3,2072193,2072273,2346.637956,2348.640232,2.0022760000001654,0.9446468614142138,33.7875,45.7125,1,0,0,0,80,80,80,80.0,80.0,80.0,80,80,1.8914437390922103,596.3213862623841
4485,0,1281,3,3,2072273,2072354,2348.640232,2350.642509,2.0022769999995944,0.9444903642308435,33.7875,45.7125,1,0,0,0,81,80,80,81.0,80.0,81.0,81,80,1.891131333017256,619.2949327192248
4485,0,1282,3,3,2072354,2072434,2350.642509,2352.644787,2.0022780000003877,0.9449583512894598,33.7875,45.7125,1,0,0,0,80,80,80,80.0,80.0,80.0,80,80,1.8920693177060457,625.2877971988693
4485,0,1283,3,3,2072434,2072514,2352.644787,2354.647061,2.002273999999943,0.9453241393617676,33.7875,45.7125,1,0,0,0,80,80,80,80.0,80.0,80.0,80,80,1.8927979458094342,608.308353402199
4485,0,1284,3,3,2072514,2072594,2354.647061,2356.649338,2.002277000000049,0.9453750504612676,33.7875,45.7125,1,0,0,0,80,80,80,80.0,80.0,80.0,80,80,1.8929027199192205,596.8205198381496
4485,0,1285,3,3,2072594,2072675,2356.649338,2358.651615,2.002277000000049,0.9442301623981447,33.7875,45.7125,1,0,0,0,81,80,80,81.0,80.0,81.0,81,80,1.8906103368790355,583.3358721095889
4485,0,1286,3,3,2072675,2072755,2358.651615,2360.653892,2.0022769999995944,0.9445944449638549,33.7875,45.7125,1,0,0,0,80,80,80,80.0,80.0,80.0,80,80,1.8913397314754548,584.3347349044298
4485,0,1287,3,3,2072755,2072835,2360.653892,2362.656169,2.002277000000049,0.9448546467962118,33.7875,45.7125,1,0,0,0,80,80,80,80.0,80.0,80.0,80,80,1.8918607276282273,593.3245000566709
4485,0,1288,3,3,2072835,2072916,2362.656169,2364.658447,2.002277999999933,0.9445940689060258,33.7875,45.7125,1,0,0,0,81,80,80,81.0,80.0,81.0,81,80,1.8913399230950745,623.7895037552437
4485,0,1289,3,3,2072916,2072997,2364.658447,2366.660725,2.0022780000003877,0.9447501899273999,33.7875,45.7125,1,0,0,0,81,80,80,81.0,80.0,81.0,81,80,1.8916525207896484,604.81112013405
4485,0,1290,3,3,2072997,2073077,2366.660725,2368.663003,2.002277999999933,0.9446461092465409,33.7875,45.7125,1,0,0,0,80,80,80,80.0,80.0,80.0,80,80,1.8914441223314498,607.3082758738001
4485,0,1291,3,3,2073077,2073157,2368.663003,2370.66528,2.002277000000049,0.9451148486287397,33.7875,45.7125,1,0,0,0,80,80,80,80.0,80.0,80.0,80,80,1.892381723766448,574.346106957215
4485,0,1292,3,3,2073157,2073238,2370.66528,2372.667559,2.0022789999998167,0.9450620556794634,33.7875,45.7125,1,0,0,0,81,80,80,81.0,80.0,81.0,81,80,1.892277907783864,598.3182163924756
4485,0,1293,3,3,2073238,2073318,2372.667559,2374.669835,2.0022760000001654,0.9447509421992062,33.7875,45.7125,1,0,0,0,80,80,80,80.0,80.0,80.0,80,80,1.891652137535857,582.3373001523785
4485,0,1294,3,3,2073318,2073398,2374.669835,2376.672112,2.002277000000049,0.9455311715607844,33.7875,45.7125,1,0,0,0,80,80,80,80.0,80.0,80.0,80,80,1.8932153175992426,589.3290488778381
4485,0,1295,3,3,2073398,2073478,2376.672112,2378.674388,2.0022759999997106,0.9445948210218887,33.7875,45.7125,1,0,0,0,80,80,80,80.0,80.0,80.0,80,80,1.891339539855835,567.3543507489298
4485,0,1296,3,3,2073478,2073558,2378.674388,2380.676665,2.002277000000049,0.9450628082622341,33.7875,45.7125,1,0,0,0,80,80,80,80.0,80.0,80.0,80,80,1.8922775245446246,586.8318918910676
4485,0,1297,3,3,2073558,2073638,2380.676665,2382.678944,2.0022789999998167,0.9448018541068413,33.7875,45.7125,1,0,0,0,80,80,80,80.0,80.0,80.0,80,80,1.8917569116456434,571.8483787724412
4485,0,1298,3,3,2073638,2073718,2382.678944,2384.68122,2.0022760000001654,0.9456356288716414,33.7875,45.7125,1,0,0,0,80,80,80,80.0,80.0,80.0,80,80,1.8934235244378215,596.3213862623841
4485,0,1299,3,3,2073718,2073798,2384.68122,2386.683496,2.0022760000001654,0.9456876692641376,33.7875,45.7125,1,0,0,0,80,80,80,80.0,80.0,80.0,80,80,1.8935277236596448,581.8378685055925
4485,0,1300,3,3,2073798,2073879,2386.683496,2388.685774,2.002277999999933,0.9455307950352959,33.7875,45.7125,1,0,0,0,81,80,80,81.0,80.0,81.0,81,80,1.8932155092188623,575.344682406758
4485,0,1301,3,3,2073879,2073959,2388.685774,2390.68805,2.0022760000001654,0.9456876692641376,33.7875,45.7125,1,0,0,0,80,80,80,80.0,80.0,80.0,80,80,1.8935277236596448,577.8424153313052
4485,0,1302,3,3,2073959,2074039,2390.68805,2392.690327,2.0022769999995944,0.9449587275293941,33.7875,45.7125,1,0,0,0,80,80,80,80.0,80.0,80.0,80,80,1.892069126086426,568.8523615864492
4485,0,1303,3,3,2074039,2074119,2392.690327,2394.692603,2.0022760000001654,0.9446468614142138,33.7875,45.7125,1,0,0,0,80,80,80,80.0,80.0,80.0,80,80,1.8914437390922103,575.8446887441615
4485,0,1304,3,3,2074119,2074199,2394.692603,2396.69488,2.002277000000049,0.9443862834976615,33.7875,45.7125,1,0,0,0,80,80,80,80.0,80.0,80.0,80,80,1.8909229345590575,566.8546359969035
4485,0,1305,3,3,2074199,2074279,2396.69488,2398.697157,2.002277000000049,0.9442822027646504,33.7875,45.7125,1,0,0,0,80,80,80,80.0,80.0,80.0,80,80,1.8907145361008588,590.8273430699004
4485,0,1306,3,3,2074279,2074359,2398.697157,2400.699434,2.002277000000049,0.9430852743350218,33.7875,45.7125,1,0,0,0,80,80,80,80.0,80.0,80.0,80,80,1.8883179538388504,596.3210884407955
4485,0,1307,3,3,2074359,2074439,2400.699434,2402.70171,2.0022759999997106,0.9445948210218887,33.7875,45.7125,1,0,0,0,80,80,80,80.0,80.0,80.0,80,80,1.891339539855835,583.8355950928687
4485,0,1308,3,3,2074439,2074519,2402.70171,2404.703987,2.002277000000049,0.9447505660632005,33.7875,45.7125,1,0,0,0,80,80,80,80.0,80.0,80.0,80,80,1.8916523291700287,589.8284802751922
4485,0,1309,3,3,2074519,2074599,2404.703987,2406.706264,2.002277000000049,0.9440740412986282,33.7875,45.7125,1,0,0,0,80,80,80,80.0,80.0,80.0,80,80,1.8902977391844615,564.8569104074872
4485,0,1310,3,3,2074599,2074679,2406.706264,2408.708539,2.0022750000002816,0.9424615399221674,33.7875,45.7125,1,0,0,0,80,80,80,80.0,80.0,80.0,80,80,1.887067179850419,587.3319099523466
4485,0,1311,3,3,2074679,2074759,2408.708539,2410.710818,2.0022789999998167,0.9496416033576157,33.7875,45.7125,1,0,0,0,80,80,80,80.0,80.0,80.0,80,80,1.9014474399300525,557.364882716196
4485,0,1312,3,3,2074759,2074839,2410.710818,2412.713093,2.002274999999827,0.9588542717456889,33.7875,45.7125,1,0,0,0,80,80,80,80.0,80.0,80.0,80,80,1.9198899369657738,571.3500892735009
4485,0,1313,3,3,2074839,2074920,2412.713093,2414.715371,2.002277999999933,0.9580204767588979,33.7875,45.7125,1,0,0,0,81,80,80,81.0,80.0,81.0,81,80,1.9182233241590438,569.3515086316876
4485,0,1314,3,3,2074920,2075000,2414.715371,2416.717658,2.0022870000002513,0.9587976335055524,33.7875,45.7125,1,0,0,0,80,80,80,80.0,80.0,80.0,80,80,1.919788037193939,559.3603714152164
4485,0,1315,3,3,2075000,2075080,2416.717658,2418.719924,2.0022659999999632,0.9598464927775057,33.7875,45.7125,1,0,0,0,80,80,80,80.0,80.0,80.0,80,80,1.9218679977057036,556.8690673467064
4485,0,1316,3,3,2075080,2075161,2418.719924,2420.722201,2.002277000000049,0.958124940255136,33.7875,45.7125,1,0,0,0,81,80,80,81.0,80.0,81.0,81,80,1.9184315309976228,556.8660080498216
4485,0,1317,3,3,2075161,2075241,2420.722201,2422.724477,2.0022760000001654,0.9576569595382607,33.7875,45.7125,1,0,0,0,80,80,80,80.0,80.0,80.0,80,80,1.917493546323385,561.8606026341558
4485,0,1318,3,3,2075241,2075321,2422.724477,2424.726755,2.002277999999933,0.9566674279055077,33.7875,45.7125,1,0,0,0,80,80,80,80.0,80.0,80.0,80,80,1.9155141442170134,557.3651610815468
4485,0,1319,3,3,2075321,2075402,2424.726755,2426.729031,2.0022759999997106,0.9537539301012197,33.7875,45.7125,1,0,0,0,81,80,80,81.0,80.0,81.0,81,80,1.9096786041482119,557.3657178132092
4485,0,1320,3,3,2075402,2075482,2426.729031,2428.731307,2.0022760000001654,0.9499029410563287,33.7875,45.7125,1,0,0,0,80,80,80,80.0,80.0,80.0,80,80,1.901967861209414,513.9151645427079
4485,0,1321,3,3,2075482,2075563,2428.731307,2430.733583,2.0022760000001654,0.9495386583088555,33.7875,45.7125,1,0,0,0,81,80,80,81.0,80.0,81.0,81,80,1.9012384665984428,563.3588975745137
4485,0,1322,3,3,2075563,2075643,2430.733583,2432.73586,2.0022769999995944,0.9491739972163473,33.7875,45.7125,1,0,0,0,80,80,80,80.0,80.0,80.0,80,80,1.9005092636216432,547.376811500218
4485,0,1323,3,3,2075643,2075723,2432.73586,2434.738138,2.0022780000003877,0.9507348290866242,33.7875,45.7125,1,0,0,0,80,80,80,80.0,80.0,80.0,80,80,1.9036354321142426,549.3742627146615
4485,0,1324,3,3,2075723,2075803,2434.738138,2436.740414,2.0022759999997106,0.9518284355788603,33.7875,45.7125,1,0,0,0,80,80,80,80.0,80.0,80.0,80,80,1.905823232678813,568.8526456892879
4485,0,1325,3,3,2075803,2075883,2436.740414,2438.74269,2.0022760000001654,0.95630390933336,33.7875,45.7125,1,0,0,0,80,80,80,80.0,80.0,80.0,80,80,1.9147843663668027,574.8458254505897
4485,0,1326,3,3,2075883,2075963,2438.74269,2440.744967,2.002277000000049,0.954638235699262,33.7875,45.7125,1,0,0,0,80,80,80,80.0,80.0,80.0,80,80,1.9114501826552441,521.4063788376804
4485,0,1327,3,3,2075963,2076043,2440.744967,2442.747244,2.002277000000049,0.9545341549662506,33.7875,45.7125,1,0,0,0,80,80,80,80.0,80.0,80.0,80,80,1.9112417841970455,540.3847719371363
4485,0,1328,3,3,2076043,2076123,2442.747244,2444.749521,2.002277000000049,0.953493347636139,33.7875,45.7125,1,0,0,0,80,80,80,80.0,80.0,80.0,80,80,1.909157799629611,546.3779487053855
4485,0,1329,3,3,2076123,2076203,2444.749521,2446.751798,2.0022769999995944,0.9550545586314798,33.7875,45.7125,1,0,0,0,80,80,80,80.0,80.0,80.0,80,80,1.9122837764880387,525.4018300166326
4485,0,1330,3,3,2076203,2076283,2446.751798,2448.754074,2.0022760000001654,0.9542222936335123,33.7875,45.7125,1,0,0,0,80,80,80,80.0,80.0,80.0,80,80,1.9106163972028298,545.8787899370066
4485,0,1331,3,3,2076283,2076363,2448.754074,2450.756352,2.002277999999933,0.9512552324919469,33.7875,45.7125,1,0,0,0,80,80,80,80.0,80.0,80.0,80,80,1.9046774244052358,529.8964479458075
4485,0,1332,3,3,2076363,2076443,2450.756352,2452.758628,2.0022760000001654,0.9509437489062527,33.7875,45.7125,1,0,0,0,80,80,80,80.0,80.0,80.0,80,80,1.9040518457914004,511.91743795556425
4485,0,1333,3,3,2076443,2076523,2452.758628,2454.760905,2.002277000000049,0.9526607017720496,33.7875,45.7125,1,0,0,0,80,80,80,80.0,80.0,80.0,80,80,1.9074906119640218,548.875105692156
4485,0,1334,3,3,2076523,2076604,2454.760905,2456.763181,2.0022759999997106,0.9536498493162274,33.7875,45.7125,1,0,0,0,81,80,80,81.0,80.0,81.0,81,80,1.9094702056900132,530.8958405335496
4485,0,1335,3,3,2076604,2076719,2456.763181,2458.765458,2.002277000000049,1.283845594213593,33.7875,45.7125,1,0,0,0,115,80,80,115.0,80.0,115.0,115,80,2.570614504846162,1190.6444512921746
4485,0,1336,3,3,2076719,2076901,2458.765458,2460.767734,2.0022760000001654,1.9437703569485274,33.7875,45.7125,1,0,0,0,182,80,80,182.0,80.0,182.0,182,80,3.891964735230431,2541.108218846742
4485,0,1337,3,3,2076901,2077097,2460.767734,2462.770011,2.002277000000049,2.00538527581353,33.7875,45.7125,1,0,0,1,196,80,80,196.0,80.0,196.0,196,80,4.015336813899921,2568.575676592137
4485,0,1338,3,3,2077097,2077331,2462.770011,2464.772287,2.0022759999997106,3.295779754000197,33.7875,45.7125,1,0,0,1,234,80,80,234.0,80.0,234.0,234,80,6.599060702719726,4136.792330328684
4485,0,1339,3,3,2077331,2077619,2464.772287,2466.774565,2.0022780000003877,4.5715456010985225,33.7875,45.7125,1,0,0,1,288,80,80,288.0,80.0,288.0,288,80,9.153505183072411,5537.193137015865
4485,0,1340,3,3,2077619,2078059,2466.774565,2468.776841,2.0022759999997106,7.031395248554909,33.7875,45.7125,1,0,0,1,440,80,80,440.0,80.0,440.0,440,80,14.07879395269265,8516.807872642166
4485,0,1341,3,3,2078059,2078628,2468.776841,2470.779118,2.002277000000049,10.035786271656871,33.7875,45.7125,1,0,0,1,569,80,80,569.0,80.0,569.0,569,80,20.094424028648064,12178.135193082377
4485,0,1342,3,3,2078628,2079291,2470.779118,2472.781395,2.002277000000049,11.924747495076598,33.7875,45.7125,1,0,0,1,663,80,80,663.0,80.0,663.0,663,80,23.876647640194278,13872.206492907484
4485,0,1343,3,3,2079291,2080000,2472.781395,2474.54771,1.7663149999998495,14.95241536945569,33.7875,45.7125,1,0,0,1,709,71,71,709.0,70.0,709.0,709,70,26.41067555329937,17886.39059284595
4485,0,1344,3,3,2080000,2080840,2474.54771,2476.551127,2.003417000000354,16.03654258309276,33.7875,45.7125,1,0,0,1,840,79,79,841.0,80.0,840.0,840,79,32.12788203220407,19056.94121592921
4485,0,1345,3,3,2080840,2081745,2476.551127,2478.551694,2.0005670000000464,17.057842163275964,33.7875,45.7125,1,0,0,1,905,80,80,905.0,80.0,905.0,905,80,34.1253561230551,20090.3043987025
4485,0,1346,3,3,2081745,2082891,2478.551694,2480.552938,2.0012439999995877,20.325551094594367,33.7875,45.7125,1,0,0,1,1146,80,80,1146.0,80.0,1146.0,1146,80,40.67638717473892,23750.227358587854
4485,0,1347,3,3,2082891,2084037,2480.552938,2482.553077,2.0001390000002175,21.402662542094916,33.7875,45.7125,1,0,0,1,1146,80,80,1146.0,80.0,1146.0,1146,80,42.80830005428288,25693.71428685427
4485,0,1348,3,3,2084037,2085241,2482.553077,2484.556832,2.003755000000183,22.60801221734955,33.7875,45.7125,1,0,0,1,1204,80,80,1204.0,80.0,1204.0,1204,80,45.3009175205807,26299.123395821938
4485,0,1349,3,3,2085241,2086673,2484.556832,2486.557748,2.000915999999961,25.945170593373373,33.7875,45.7125,1,0,0,1,1432,80,80,1432.0,80.0,1432.0,1432,80,51.91410696301318,30421.566922350157
4485,0,1350,3,3,2086673,2088070,2486.557748,2488.558001,2.0002529999997023,27.628705930827415,33.7875,45.7125,1,0,0,1,1397,80,80,1397.0,80.0,1397.0,1397,80,55.26440192424343,32173.43006110206
4485,0,1351,3,3,2088070,2089588,2488.558001,2490.558232,2.000230999999985,29.46327537082378,33.7875,45.7125,1,0,0,1,1518,80,80,1519.0,80.0,1518.0,1518,80,58.93335675825074,34749.48643431709
4485,0,1352,3,3,2089588,2091294,2490.558232,2492.558327,2.0000950000003286,31.64349926289311,33.7875,45.7125,1,0,0,1,1706,80,80,1706.0,80.0,1706.0,1706,80,63.29000465822173,37681.21014251204
4485,0,1353,3,3,2091294,2093000,2492.558327,2494.557721,1.9993939999999384,32.816126758639776,33.7875,45.7125,1,0,0,1,1706,80,80,1706.0,80.0,1706.0,1706,80,65.61236694446416,38678.21950050985
4485,0,1354,3,3,2093000,2094885,2494.557721,2496.557931,2.000209999999697,34.900909031211135,33.7875,45.7125,1,1,0,1,1885,79,79,1888.0,79.0,1885.0,1885,79,69.8091472533124,41461.146579615415
4485,0,1355,3,3,2094885,2096808,2496.557931,2498.559557,2.001626000000215,36.83074172805066,33.7875,45.7125,1,1,1,1,1923,80,80,1924.0,80.0,1923.0,1923,80,73.72137024215772,42861.653475719635
4485,0,1356,3,3,2096808,2098807,2498.559557,2500.562985,2.0034279999999853,38.03781995746221,33.7875,45.7125,1,1,1,1,1999,80,80,2000.0,81.0,1999.0,1999,81,76.20603356174252,44507.21463411745
4485,0,1357,3,3,2098807,2100841,2500.562985,2502.564447,2.001462000000174,38.858001418548504,33.7875,45.7125,1,1,1,1,2034,80,80,2037.0,79.0,2034.0,2034,79,77.77281323517673,44948.64254229767
4485,0,1358,3,3,2100841,2102919,2502.564447,2504.565121,2.00067399999989,38.870314244062286,33.7875,45.7125,1,1,1,1,2078,80,80,2078.0,80.0,2078.0,2078,80,77.76682707991858,45673.6079941085
4485,0,1359,3,3,2102919,2104885,2504.565121,2506.566406,2.0012849999998252,39.655378099526565,33.7875,45.7125,1,1,1,1,1966,80,80,1966.0,80.0,1966.0,1966,80,79.36171335990366,45932.48837622229
4485,0,1360,3,3,2104885,2106000,2506.566406,2507.712715,1.1463090000002012,39.533408127332955,33.7875,45.7125,1,1,1,1,1115,46,46,1118.0,46.0,1115.0,1115,46,45.31750153703615,44592.68835889017
4485,0,1361,3,3,2106000,2108077,2507.712715,2509.712961,2.000246000000061,39.49667636717805,33.7875,45.7125,1,1,1,1,2077,79,79,2081.0,80.0,2077.0,2077,79,79.003068916747,46213.81570066741
4485,0,1362,3,3,2108077,2110154,2509.712961,2511.713171,2.000209999999697,39.35063457860285,33.7875,45.7125,1,1,1,1,2077,80,80,2079.0,80.0,2077.0,2077,80,78.70953279045352,45408.732083138144
4485,0,1363,3,3,2110154,2112290,2511.713171,2513.715303,2.002132000000074,39.554111275907125,33.7875,45.7125,1,1,1,1,2136,80,80,2140.0,80.0,2137.0,2136,80,79.19255191706179,44697.35262210318
4485,0,1364,3,3,2112290,2114334,2513.715303,2515.716168,2.000864999999976,39.55601855813121,33.7875,45.7125,1,1,1,1,2044,80,80,2046.0,80.0,2043.0,2044,80,79.14625307230745,45760.20870973359
4485,0,1365,3,3,2114334,2116432,2515.716168,2517.716439,2.0002709999998842,39.855415386205486,33.7875,45.7125,1,1,1,1,2098,80,80,2098.0,80.0,2098.0,2098,80,79.72163158997137,46673.175784683874
4485,0,1366,3,3,2116432,2118471,2517.716439,2519.717295,2.0008560000001125,39.83657994190705,33.7875,45.7125,1,1,1,1,2039,80,80,2040.0,80.0,2039.0,2039,80,79.70725999625574,45821.38844574265
4485,0,1367,3,3,2118471,2119000,2519.717295,2520.236981,0.5196860000000925,39.78458647621418,33.7875,45.7125,1,1,1,1,529,21,21,529.0,21.0,529.0,529,21,20.6754926074791,45581.37028897408
4485,0,1368,3,3,2119000,2121036,2520.236981,2522.237631,2.0006499999999505,39.602852494322,33.7875,45.7125,1,1,1,1,2036,79,79,2038.0,80.0,2036.0,2036,80,79.23144684276485,45877.58978332156
4485,0,1369,3,3,2121036,2123066,2522.237631,2524.238033,2.000402000000122,39.940067246960254,33.7875,45.7125,1,1,1,1,2030,80,80,2031.0,79.0,2030.0,2030,79,79.89619040096295,46024.249125922885
4485,0,1370,3,3,2123066,2125230,2524.238033,2526.239033,2.000999999999749,40.263802609484905,33.7875,45.7125,1,1,1,1,2164,80,80,2168.0,80.0,2164.0,2164,80,80.56786902157182,46286.356821595014
4485,0,1371,3,3,2125230,2127389,2526.239033,2528.239337,2.000304000000142,40.327076445469444,33.7875,45.7125,1,1,1,1,2159,80,80,2160.0,80.0,2159.0,2159,80,80.66641232218535,46741.39530790988
4485,0,1372,3,3,2127389,2129469,2528.239337,2530.239445,2.000108000000182,40.52387186575563,33.7875,45.7125,1,1,1,1,2080,80,80,2082.0,80.0,2080.0,2080,80,81.05212030968687,46243.00287784039
4485,0,1373,3,3,2129469,2131567,2530.239445,2532.239764,2.000318999999763,40.413715867122335,33.7875,45.7125,1,1,1,1,2098,80,80,2100.0,80.0,2098.0,2098,80,80.84032370959176,46638.56114950218
4485,0,1374,3,3,2131567,2132000,2532.239764,2532.646801,0.4070369999999457,39.80036973305092,33.7875,45.7125,1,1,1,1,433,16,16,433.0,16.0,433.0,433,16,16.200223095031106,46165.336320782895
4485,0,1375,3,3,2132000,2134112,2532.646801,2534.649145,2.0023439999999937,40.054510246324455,33.7875,45.7125,1,1,1,1,2112,80,80,2113.0,80.0,2112.0,2112,80,80.20290826466226,46244.80109311901
4485,0,1376,3,3,2134112,2136164,2534.649145,2536.64952,2.0003750000000764,40.39852560076842,33.7875,45.7125,1,1,1,1,2052,80,80,2053.0,80.0,2052.0,2052,80,80.81220064863737,46918.20283696627
4485,0,1377,3,3,2136164,2138306,2536.64952,2538.649606,2.0000860000000102,40.135721186704195,33.7875,45.7125,1,1,1,1,2142,80,80,2142.0,80.0,2142.0,2142,80,80.27489404543303,47445.45984522641
4485,0,1378,3,3,2138306,2140275,2538.649606,2540.65098,2.0013739999999416,39.88457839155144,33.7875,45.7125,1,1,1,1,1969,80,80,1970.0,80.0,1969.0,1969,80,79.82395819381054,44621.84479262877
4485,0,1379,3,3,2140275,2142298,2540.65098,2542.651585,2.000605000000178,39.73874034160895,33.7875,45.7125,1,1,1,1,2023,80,80,2024.0,80.0,2023.0,2023,80,79.50152262112533,45445.252811020626
4485,0,1380,3,3,2142298,2144405,2542.651585,2544.652625,2.0010400000001027,40.42411401109249,33.7875,45.7125,1,1,1,1,2107,80,80,2107.0,80.0,2107.0,2107,80,80.89026910076791,46517.3109982785
4485,0,1381,3,3,2144405,2145000,2544.652625,2545.197819,0.5451939999998103,39.801717129242405,33.7875,45.7125,1,1,1,1,595,22,22,596.0,22.0,595.0,595,22,21.699657368546468,48373.606459368915
4485,0,1382,3,3,2145000,2146964,2545.197819,2547.198741,2.0009220000001733,39.8501138093154,33.7875,45.7125,1,1,1,1,1964,80,80,1965.0,80.0,1964.0,1964,80,79.73696942356764,45799.88625243366
4485,0,1383,3,3,2146964,2149001,2547.198741,2549.199122,2.000380999999834,39.59893241978868,33.7875,45.7125,1,1,1,1,2037,80,80,2038.0,80.0,2037.0,2037,80,79.21295203281625,46295.68067283567
4485,0,1384,3,3,2149001,2151139,2549.199122,2551.199156,2.0000340000001415,40.03938719151735,33.7875,45.7125,1,1,1,1,2138,80,80,2139.0,80.0,2138.0,2138,80,80.08013572220807,46649.706954978465
4485,0,1385,3,3,2151139,2153178,2551.199156,2553.199601,2.0004449999996723,39.85561156558081,33.7875,45.7125,1,1,1,1,2039,80,80,2039.0,80.0,2039.0,2039,80,79.72895887830236,45987.26783291471
4485,0,1386,3,3,2153178,2155253,2553.199601,2555.200113,2.0005120000000716,39.46874051467025,33.7875,45.7125,1,1,1,1,2075,79,79,2077.0,80.0,2075.0,2075,80,78.95768902449345,46128.19118305549
4485,0,1387,3,3,2155253,2157298,2555.200113,2557.200501,2.00038799999993,40.00342582762799,33.7875,45.7125,1,1,1,1,2045,80,80,2045.0,79.0,2045.0,2045,79,80.0223729844729,46285.52060900348
4485,0,1388,3,3,2157298,2158000,2557.200501,2557.95468,0.7541790000000219,39.726120638966876,33.7875,45.7125,1,1,1,1,702,31,31,702.0,31.0,702.0,702,31,29.960605937376386,45123.23997353282
4485,0,1389,3,3,2158000,2160128,2557.95468,2559.955087,2.0004069999999956,39.566854286290685,33.7875,45.7125,1,1,1,1,2128,79,79,2134.0,79.0,2128.0,2128,79,79.14981228228135,46175.103366465024
4485,0,1390,3,3,2160128,2162235,2559.955087,2561.957797,2.0027100000002065,39.72365614280686,33.7875,45.7125,1,1,1,1,2107,80,80,2108.0,81.0,2107.0,2107,81,79.55496339376259,46119.508066565046
4485,0,1391,3,3,2162235,2164230,2561.957797,2563.957815,2.000018000000182,39.82979851326231,33.7875,45.7125,1,1,1,1,1995,80,80,1995.0,79.0,1995.0,1995,79,79.66031396290055,46498.58151276215
4485,0,1392,3,3,2164230,2166306,2563.957815,2565.958621,2.0008060000000114,40.310392519087685,33.7875,45.7125,1,1,1,1,2076,80,80,2078.0,80.0,2076.0,2076,80,80.6532752145431,45793.045402702446
4485,0,1393,3,3,2166306,2168379,2565.958621,2567.961339,2.0027179999997315,39.65788977733421,33.7875,45.7125,1,1,1,1,2073,80,80,2073.0,80.0,2073.0,2073,80,79.42356969906541,45201.57106492883
4485,0,1394,3,3,2168379,2170373,2567.961339,2569.962951,2.001612000000023,40.10360253928297,33.7875,45.7125,1,1,1,1,1994,80,80,1994.0,80.0,1994.0,1994,80,80.27185208586161,45943.46956353127
4485,0,1395,3,3,2170373,2171000,2569.962951,2570.579813,0.6168619999998555,39.899227557173646,33.7875,45.7125,1,1,1,1,627,25,25,627.0,25.0,627.0,627,25,24.612317309365608,45042.489243958145
4485,0,1396,3,3,2171000,2173015,2570.579813,2572.580214,2.000401000000238,40.00665707720293,33.7875,45.7125,1,1,1,1,2015,80,80,2030.0,80.0,2015.0,2015,80,80.02935682389943,45289.91937116069
4485,0,1397,3,3,2173015,2175111,2572.580214,2574.580749,2.000535000000127,39.60454509152114,33.7875,45.7125,1,1,1,1,2096,80,80,2097.0,80.0,2096.0,2096,80,79.23027861467563,46167.15028729521
4485,0,1398,3,3,2175111,2177202,2574.580749,2576.580882,2.0001330000000053,39.73609072632379,33.7875,45.7125,1,1,1,1,2091,79,79,2092.0,80.0,2091.0,2091,79,79.47746635272051,46116.43325718828
4485,0,1399,3,3,2177202,2179303,2576.580882,2578.581417,2.0005349999996724,39.93034102958186,33.7875,45.7125,1,1,1,1,2101,80,80,2101.0,80.0,2101.0,2101,80,79.88204479160777,46968.9358096786
4485,0,1400,3,3,2179303,2181381,2578.581417,2580.581399,1.9999820000002728,40.15447032520716,33.7875,45.7125,1,1,1,1,2078,80,80,2079.0,80.0,2078.0,2078,80,80.30821786995512,46244.91620423953
4485,0,1401,3,3,2181381,2183448,2580.581399,2582.581942,2.0005429999996522,40.208214374097395,33.7875,45.7125,1,1,1,1,2067,80,80,2068.0,80.0,2068.0,2067,80,80.43826180858014,45848.05225382106
4485,0,1402,3,3,2183448,2184000,2582.581942,2583.116811,0.5348690000000715,40.191717505092996,33.7875,45.7125,1,1,1,1,552,21,21,551.0,21.0,551.0,552,21,21.497303750235005,47908.92723264308
4485,0,1403,3,3,2184000,2186118,2583.116811,2585.11787,2.0010590000001685,40.36129762595567,33.7875,45.7125,1,1,1,1,2118,80,80,2124.0,80.0,2118.0,2118,80,80.76533786610526,47355.925037688554
4485,0,1404,3,3,2186118,2188196,2585.11787,2587.11809,2.0002199999998993,39.889402130339924,33.7875,45.7125,1,1,1,1,2078,79,79,2079.0,80.0,2078.0,2078,79,79.78757992915052,46395.896451392684
4485,0,1405,3,3,2188196,2190303,2587.11809,2589.119116,2.0010259999999107,40.0631137065507,33.7875,45.7125,1,1,1,1,2107,80,80,2107.0,80.0,2107.0,2107,80,80.16733216776629,46269.76361126948
4485,0,1406,3,3,2190303,2192421,2589.119116,2591.120943,2.0018270000000484,39.89907162356846,33.7875,45.7125,1,1,1,1,2118,80,80,2119.0,80.0,2118.0,2118,80,79.8710388509935,45411.01703593657
4485,0,1407,3,3,2192421,2194518,2591.120943,2593.124115,2.003172000000177,39.91199567301476,33.7875,45.7125,1,1,1,1,2097,80,80,2100.0,80.0,2097.0,2097,80,79.95059219631366,46577.62788217475
4485,0,1408,3,3,2194518,2196665,2593.124115,2595.124407,2.0002919999997175,39.90089203713299,33.7875,45.7125,1,1,1,1,2147,80,80,2149.0,80.0,2147.0,2147,80,79.8134351347253,47117.62082736586
4485,0,1409,3,3,2196665,2197000,2595.124407,2595.463655,0.33924800000022515,40.14201120412053,33.7875,45.7125,1,1,1,1,335,13,13,337.0,13.0,335.0,335,13,13.618097016980755,45995.849643887785
4485,0,1410,3,3,2197000,2199083,2595.463655,2597.463672,2.0000169999998434,39.69602765946873,33.7875,45.7125,1,1,1,1,2083,80,80,2087.0,80.0,2083.0,2083,80,79.39273015140498,46700.10304912774
4485,0,1411,3,3,2199083,2201089,2597.463672,2599.464758,2.001086000000214,39.73584748159871,33.7875,45.7125,1,1,1,1,2006,80,80,2006.0,80.0,2006.0,2006,80,79.51484809357498,45980.03284216179
4485,0,1412,3,3,2201089,2203108,2599.464758,2601.46476,2.0000019999997676,39.93207446190745,33.7875,45.7125,1,1,1,1,2019,80,80,2036.0,80.0,2019.0,2019,80,79.86422878794838,46863.45313655231
4485,0,1413,3,3,2203108,2205141,2601.46476,2603.466183,2.001423000000159,40.35060787587855,33.7875,45.7125,1,1,1,1,2033,80,80,2036.0,80.0,2033.0,2033,80,80.75863466676674,46391.49245311592
4485,0,1414,3,3,2205141,2207217,2603.466183,2605.468339,2.0021560000000136,39.845707621546524,33.7875,45.7125,1,1,1,1,2076,80,80,2076.0,80.0,2076.0,2076,80,79.77732258872129,46776.075390728474
4485,0,1415,3,3,2207217,2209275,2605.468339,2607.46965,2.001310999999987,39.729683509485945,33.7875,45.7125,1,1,1,1,2058,80,80,2058.0,80.0,2058.0,2058,80,79.5114526340476,46880.26998302643
4485,0,1416,3,3,2209275,2210000,2607.46965,2608.203351,0.7337010000001101,40.07046060401375,33.7875,45.7125,1,1,1,1,725,29,29,725.0,29.0,725.0,725,29,29.39973701562849,46667.51169753737
4485,0,1417,3,3,2210000,2212071,2608.203351,2610.203593,2.000242000000071,39.844061073360194,33.7875,45.7125,1,1,1,1,2071,80,80,2076.0,80.0,2071.0,2071,80,79.69776440950227,45763.46262102123
4485,0,1418,3,3,2212071,2214172,2610.203593,2612.203944,2.0003509999996822,40.2303911391967,33.7875,45.7125,1,1,1,1,2101,80,80,2101.0,80.0,2101.0,2101,80,80.47490314567403,45692.4809695971
4485,0,1419,3,3,2214172,2216246,2612.203944,2614.204363,2.0004189999999653,39.90639268674615,33.7875,45.7125,1,1,1,1,2074,80,80,2074.0,80.0,2074.0,2074,80,79.82950615203299,46381.28312118691
4485,0,1420,3,3,2216246,2218387,2614.204363,2616.20501,2.000647000000299,40.10436446008765,33.7875,45.7125,1,1,1,1,2141,80,80,2142.0,80.0,2141.0,2141,80,80.23467644398625,46643.41085658092
4485,0,1421,3,3,2218387,2220557,2616.20501,2618.205641,2.000630999999885,39.890257200129476,33.7875,45.7125,1,1,1,1,2170,80,80,2171.0,80.0,2170.0,2170,80,79.80568515254708,46312.88828374915
4485,0,1422,3,3,2220557,2222600,2618.205641,2620.207322,2.0016810000001897,40.293740246829834,33.7875,45.7125,1,1,1,1,2043,80,80,2043.0,80.0,2043.0,2043,80,80.65521427102794,45766.033648713914
4485,0,1423,3,3,2222600,2223000,2620.207322,2620.584141,0.3768189999996139,40.25542246555558,33.7875,45.7125,1,1,1,1,400,15,15,400.0,15.0,400.0,400,15,15.169008038035827,46459.97149830008
4485,0,1424,3,3,2223000,2225106,2620.584141,2622.584819,2.0006780000003346,40.213899364840934,33.7875,45.7125,1,1,1,1,2106,80,80,2112.0,80.0,2106.0,2106,80,80.45506375347031,46528.226931062585
4485,0,1425,3,3,2225106,2227175,2622.584819,2624.586042,2.0012229999997544,39.471968398102334,33.7875,45.7125,1,1,1,1,2069,80,80,2071.0,80.0,2069.0,2069,80,78.99221101355215,45540.651891374015
4485,0,1426,3,4,2227175,2229331,2624.586042,2626.588787,2.002745000000232,32.55017717088791,33.7875,45.7125,1,0,0,1,2156,80,80,2156.0,80.0,2156.0,2156,80,79.5983169797837,37826.32382036435
4485,0,1427,4,4,2229331,2231426,2626.588787,2628.588863,2.000075999999808,40.01875331905426,33.7875,45.7125,1,1,0,1,2095,80,80,2097.0,80.0,2095.0,2095,80,80.04054806334898,45777.76044510748
4485,0,1428,4,4,2231426,2233498,2628.588863,2630.590334,2.0014710000000377,39.641558709581695,33.7875,45.7125,1,1,1,1,2072,80,80,2073.0,80.0,2072.0,2072,80,79.34143015202426,45489.04280901311
4485,0,1429,4,4,2233498,2235503,2630.590334,2632.591786,2.001451999999972,39.863976864082005,33.7875,45.7125,1,1,1,1,2005,80,80,2006.0,80.0,2005.0,2005,80,79.78583622256701,46616.156670258046
4485,0,1430,4,4,2235503,2236000,2632.591786,2633.089834,0.4980479999999261,39.30378275604836,33.7875,45.7125,1,1,1,1,497,20,20,497.0,20.0,497.0,497,20,19.57517039407685,45417.309175026014
4485,0,1431,4,4,2236000,2238054,2633.089834,2635.090955,2.0011210000002393,39.91917274136257,33.7875,45.7125,1,1,1,1,2054,79,79,2058.0,80.0,2054.0,2054,80,79.88309487537481,46392.996725329904
4485,0,1432,4,4,2238054,2240161,2635.090955,2637.091023,2.0000679999998283,39.75092131706874,33.7875,45.7125,1,1,1,1,2107,80,80,2108.0,79.0,2107.0,2107,79,79.50454569677822,46351.9240345868
4485,0,1433,4,4,2240161,2242265,2637.091023,2639.092037,2.001013999999941,39.48685026934245,33.7875,45.7125,1,1,1,1,2104,80,80,2105.0,80.0,2104.0,2104,80,79.01374020485673,45798.78001853196
4485,0,1434,4,4,2242265,2244263,2639.092037,2641.092929,2.0008920000000217,39.45867736966555,33.7875,45.7125,1,1,1,1,1998,80,80,2000.0,80.0,1998.0,1998,80,78.95255187954172,45083.89258390709
4485,0,1435,4,4,2244263,2246334,2641.092929,2643.092901,1.9999720000000707,39.85853178770454,33.7875,45.7125,1,1,1,1,2071,80,80,2071.0,80.0,2071.0,2071,80,79.7159475365188,46545.151632121204
4485,0,1436,4,4,2246334,2248361,2643.092901,2645.093752,2.000851000000239,39.75502156191139,33.7875,45.7125,1,1,1,1,2027,80,80,2028.0,80.0,2027.0,2027,80,79.54387464717729,45444.16350842174
4485,0,1437,4,4,2248361,2249000,2645.093752,2645.728058,0.6343059999999241,39.20871454108334,33.7875,45.7125,1,1,1,1,639,25,25,639.0,26.0,639.0,639,26,24.870322885690257,45391.341087745415
4485,0,1438,4,4,2249000,2251047,2645.728058,2647.72835,2.0002919999997175,39.30605338602465,33.7875,45.7125,1,1,1,1,2047,80,80,2050.0,79.0,2047.0,2047,79,78.62358413962647,45751.82023425226
4485,0,1439,4,4,2251047,2253026,2647.72835,2649.72906,2.000710000000254,39.59500419290841,33.7875,45.7125,1,1,1,1,1979,80,80,1979.0,80.0,1979.0,1979,80,79.2181208388065,45925.69637778006
4485,0,1440,4,4,2253026,2255103,2649.72906,2651.730349,2.001288999999815,39.62275793667101,33.7875,45.7125,1,1,1,1,2077,80,80,2079.0,80.0,2077.0,2077,80,79.29658960831875,46949.24121404189
4485,0,1441,4,4,2255103,2257177,2651.730349,2653.733138,2.0027890000001207,39.80273874919781,33.7875,45.7125,1,1,1,1,2074,80,80,2075.0,80.0,2074.0,2074,80,79.71648733677284,46606.50722567099
4485,0,1442,4,4,2257177,2259273,2653.733138,2655.734592,2.0014539999997396,39.67838908809964,33.7875,45.7125,1,1,1,1,2096,79,79,2098.0,80.0,2096.0,2096,79,79.414470553922,45940.101546181904
4485,0,1443,4,4,2259273,2261325,2655.734592,2657.734998,2.000406000000112,39.97832529993063,33.7875,45.7125,1,1,1,1,2052,80,80,2052.0,80.0,2052.0,2052,80,79.97288179994212,46842.490974329594
4485,0,1444,4,4,2261325,2262000,2657.734998,2658.356615,0.6216170000002421,39.632030503815294,33.7875,45.7125,1,1,1,1,675,25,25,675.0,25.0,675.0,675,25,24.635943905697786,47514.78804471
4485,0,1445,4,4,2262000,2264075,2658.356615,2660.35763,2.001014999999825,39.66533751783085,33.7875,45.7125,1,1,1,1,2075,80,80,2079.0,80.0,2075.0,2075,80,79.3709353532322,46190.55829167103
4485,0,1446,4,4,2264075,2266151,2660.35763,2662.359474,2.001843999999892,39.96759871820612,33.7875,45.7125,1,1,1,1,2076,80,80,2076.0,80.0,2076.0,2076,80,80.00889768844354,46821.33073306664
4485,0,1447,4,4,2266151,2268219,2662.359474,2664.359505,2.0000310000000354,39.647038748433346,33.7875,45.7125,1,1,1,1,2068,80,80,2069.0,80.0,2068.0,2068,80,79.29530655506824,45944.78785578742
4485,0,1448,4,4,2268219,2270271,2664.359505,2666.363285,2.003780000000006,39.95620889938864,33.7875,45.7125,1,1,1,1,2052,79,79,2054.0,80.0,2052.0,2052,79,80.06345226841222,45211.051113395544
4485,0,1449,4,4,2270271,2272346,2666.363285,2668.364205,2.000919999999951,39.81510653062593,33.7875,45.7125,1,1,1,1,2075,80,80,2076.0,80.0,2075.0,2075,80,79.6668429592537,45882.39409871572
4485,0,1450,4,4,2272346,2274258,2668.364205,2670.364328,2.000123000000258,39.70534316864438,33.7875,45.7125,1,1,1,1,1912,80,80,1912.0,80.0,1912.0,1912,80,79.41557009451208,45287.71480553362
4485,0,1451,4,4,2274258,2275000,2670.364328,2671.087877,0.7235489999998208,39.76967070870501,33.7875,45.7125,1,1,1,1,742,29,29,742.0,29.0,742.0,742,29,28.775305471601314,46624.347487189334
4485,0,1452,4,4,2275000,2277080,2671.087877,2673.087892,2.000015000000076,39.4552124523217,33.7875,45.7125,1,1,1,1,2080,80,80,2082.0,80.0,2080.0,2080,80,78.91101673283265,46365.152261356285
4485,0,1453,4,4,2277080,2279167,2673.087892,2675.090153,2.0022610000000896,39.92704950705233,33.7875,45.7125,1,1,1,1,2087,80,80,2089.0,80.0,2087.0,2087,80,79.9443740730494,46516.413194881105
4485,0,1454,4,4,2279167,2281273,2675.090153,2677.090836,2.0006829999997535,39.709282670459515,33.7875,45.7125,1,1,1,1,2106,80,80,2108.0,80.0,2106.0,2106,80,79.44568678097858,46169.233206865545
4485,0,1455,4,4,2281273,2283474,2677.090836,2679.090993,2.0001569999999447,39.64538678071492,33.7875,45.7125,1,1,1,1,2201,79,79,2202.0,80.0,2201.0,2201,80,79.29699788715516,46054.38473079991
4485,0,1456,4,4,2283474,2285501,2679.090993,2681.09248,2.0014869999999974,39.49193266277821,33.7875,45.7125,1,1,1,1,2027,80,80,2030.0,79.0,2028.0,2027,79,79.04258982941974,45998.30026375396
4485,0,1457,4,4,2285501,2287515,2681.09248,2683.09288,2.0004000000003543,39.52464355518322,33.7875,45.7125,1,1,1,1,2014,80,80,2015.0,80.0,2013.0,2014,80,79.0650969677954,45280.94381122973
4485,0,1458,4,4,2287515,2288000,2683.09288,2683.541298,0.4484179999999469,39.30310590101518,33.7875,45.7125,1,1,1,1,485,18,18,486.0,18.0,485.0,485,18,17.624220141922706,44645.84383321448
4485,0,1459,4,4,2288000,2290040,2683.541298,2685.541318,2.0000199999999495,39.810742706369915,33.7875,45.7125,1,1,1,1,2040,80,80,2040.0,80.0,2040.0,2040,80,79.62228162759857,46491.03508965028
4485,0,1460,4,4,2290040,2292100,2685.541318,2687.542552,2.0012339999998403,39.6371188339127,33.7875,45.7125,1,1,1,1,2060,80,80,2060.0,80.0,2060.0,2060,80,79.32314987246355,45660.32757788809
4485,0,1461,4,4,2292100,2294083,2687.542552,2689.542741,2.0001890000003186,39.157566025082055,33.7875,45.7125,1,1,1,1,1983,80,80,1983.0,80.0,1983.0,1983,80,78.3225328301487,45151.23320845461
4485,0,1462,4,4,2294083,2296195,2689.542741,2691.543475,2.0007339999997384,39.97617743654026,33.7875,45.7125,1,1,1,1,2112,80,80,2112.0,80.0,2112.0,2112,80,79.9816973873094,46764.33748814797
4485,0,1463,4,4,2296195,2298214,2691.543475,2693.550557,2.007082000000082,39.44415775691849,33.7875,45.7125,1,1,1,1,2019,80,80,2019.0,80.0,2019.0,2019,80,79.16765903907071,45140.158698048355
4485,0,1464,4,4,2298214,2300224,2693.550557,2695.551454,2.0008969999998953,39.93486870409435,33.7875,45.7125,1,1,1,1,2010,80,80,2013.0,80.0,2010.0,2010,80,79.90555898541061,45938.89640496478
4485,0,1465,4,4,2300224,2301000,2695.551454,2696.280603,0.7291490000002341,40.08048237023424,33.7875,45.7125,1,1,1,1,776,29,29,777.0,29.0,776.0,776,29,29.224643639783608,45865.79697700917
4485,0,1466,4,4,2301000,2303086,2696.280603,2698.281371,2.00076799999988,40.03560123545287,33.7875,45.7125,1,1,1,1,2086,80,80,2089.0,80.0,2086.0,2086,80,80.10194981265522,46720.559305229595
4485,0,1467,4,4,2303086,2305117,2698.281371,2700.281612,2.0002410000001873,39.68264364515697,33.7875,45.7125,1,1,1,1,2031,80,80,2031.0,80.0,2031.0,2031,80,79.374850807435,45984.45887270153
4485,0,1468,4,4,2305117,2307211,2700.281612,2702.282823,2.0012109999997847,39.7714392349042,33.7875,45.7125,1,1,1,1,2094,80,80,2094.0,80.0,2094.0,2094,80,79.59104168271006,47031.022715750674
4485,0,1469,4,4,2307211,2309277,2702.282823,2704.283574,2.0007510000000366,40.35352397827455,33.7875,45.7125,1,1,1,1,2066,80,80,2066.0,80.0,2066.0,2066,80,80.7373534530634,46471.54993299931
4485,0,1470,4,4,2309277,2311354,2704.283574,2706.283815,2.0002409999997326,39.79964528055247,33.7875,45.7125,1,1,1,1,2077,80,80,2078.0,80.0,2077.0,2077,80,79.60888227561372,46074.44802901866
4485,0,1471,4,4,2311354,2313424,2706.283815,2708.284472,2.0006570000000465,40.22254849660037,33.7875,45.7125,1,1,1,1,2070,80,80,2070.0,80.0,2070.0,2070,80,80.47152320756868,46536.71268988029
4485,0,1472,4,4,2313424,2314000,2708.284472,2708.841952,0.5574800000003961,40.598822830546446,33.7875,45.7125,1,1,1,1,576,22,22,576.0,22.0,576.0,576,22,22.633031751582166,49519.26526508643
4485,0,1473,4,4,2314000,2316169,2708.841952,2710.843253,2.001300999999785,40.330147053402555,33.7875,45.7125,1,1,1,1,2169,80,80,2174.0,80.0,2169.0,2169,80,80.7127636281075,47262.75557750192
4485,0,1474,4,4,2316169,2318199,2710.843253,2712.843407,2.0001539999998386,39.74510484554007,33.7875,45.7125,1,1,1,1,2030,80,80,2030.0,80.0,2030.0,2030,80,79.49633043722133,45884.96685755567
4485,0,1475,4,4,2318199,2320300,2712.843407,2714.847394,2.003987000000052,40.138922939010214,33.7875,45.7125,1,1,1,1,2101,80,80,2101.0,80.0,2101.0,2101,80,80.43787976377644,47855.100856441444
4485,0,1476,4,4,2320300,2322413,2714.847394,2716.848436,2.001042000000325,39.834613272761665,33.7875,45.7125,1,1,1,1,2113,80,80,2115.0,80.0,2113.0,2113,80,79.71073421256733,47385.811991944494
4485,0,1477,4,4,2322413,2324493,2716.848436,2718.848638,2.0002019999997174,39.8766836916934,33.7875,45.7125,1,1,1,1,2080,80,80,2080.0,80.0,2080.0,2080,80,79.76142247348616,46162.83755341363
4485,0,1478,4,4,2324493,2326483,2718.848638,2720.851017,2.002379000000019,39.523445077199604,33.7875,45.7125,1,1,1,1,1990,80,80,1990.0,80.0,1990.0,1990,80,79.14091643024585,45610.246611655006
4485,0,1479,4,4,2326483,2327000,2720.851017,2721.374759,0.5237419999998565,38.9419926321406,33.7875,45.7125,1,1,1,1,517,21,21,517.0,21.0,517.0,517,21,20.395557105133776,46249.87111976247
4485,0,1480,4,4,2327000,2329092,2721.374759,2723.377406,2.002647000000252,39.61782046881941,33.7875,45.7125,1,1,1,1,2092,80,80,2095.0,80.0,2092.0,2092,80,79.34050930842932,46134.94040636637
4485,0,1481,4,4,2329092,2331126,2723.377406,2725.377802,2.0003959999999097,39.946333006185355,33.7875,45.7125,1,1,1,1,2034,80,80,2037.0,80.0,2034.0,2034,80,79.9084847602353,45674.456457623455
4485,0,1482,4,4,2331126,2333206,2725.377802,2727.380051,2.00224900000012,39.21052566068289,33.7875,45.7125,1,1,1,1,2080,80,80,2081.0,80.0,2080.0,2080,80,78.50923579357914,46021.748543759786
4485,0,1483,4,4,2333206,2335290,2727.380051,2729.381502,2.0014510000000882,38.943751538485316,33.7875,45.7125,1,1,1,1,2084,80,80,2091.0,80.0,2084.0,2084,80,77.94401046045823,44885.43561645828
4485,0,1484,4,4,2335290,2337358,2729.381502,2731.382164,2.0006619999999202,39.957192915525624,33.7875,45.7125,1,1,1,1,2068,80,80,2069.0,80.0,2068.0,2068,80,79.94083749275887,46606.07338970986
4485,0,1485,4,4,2337358,2339400,2731.382164,2733.38299,2.000825999999961,39.22520454475948,33.7875,45.7125,1,1,1,1,2042,80,80,2043.0,80.0,2042.0,2042,80,78.48280910847825,45742.1085091866
4485,0,1486,4,4,2339400,2340000,2733.38299,2733.981069,0.5980789999998706,39.032068377518854,33.7875,45.7125,1,1,1,1,600,24,24,605.0,24.0,600.0,600,24,23.344260423153173,45845.11410700916
4485,0,1487,4,4,2340000,2342076,2733.981069,2735.98126,2.000191000000086,39.147316513536566,33.7875,45.7125,1,1,1,1,2076,80,80,2082.0,80.0,2076.0,2076,80,78.30211016452813,46819.02878274923
4485,0,1488,4,4,2342076,2344097,2735.98126,2737.981687,2.000426999999945,38.77461133877761,33.7875,45.7125,1,1,1,1,2021,79,79,2021.0,79.0,2021.0,2021,79,77.56577943659795,44921.40927912014
4485,0,1489,4,4,2344097,2346079,2737.981687,2739.981928,2.0002410000001873,39.20510402290053,33.7875,45.7125,1,1,1,1,1982,80,80,1983.0,80.0,1982.0,1982,80,78.41965647587494,44964.581767892756
4485,0,1490,4,4,2346079,2348206,2739.981928,2741.982178,2.000250000000051,39.56395414884803,33.7875,45.7125,1,1,1,1,2127,80,80,2127.0,80.0,2127.0,2127,80,79.1377992862399,45964.25446819031
4485,0,1491,4,4,2348206,2350177,2741.982178,2743.9833,2.0011219999996683,39.25103754826908,33.7875,45.7125,1,1,1,1,1971,80,80,1972.0,80.0,1971.0,1971,80,78.54611476065475,44995.75738011722
4485,0,1492,4,4,2350177,2352250,2743.9833,2745.984495,2.00119500000028,39.28382173775245,33.7875,45.7125,1,1,1,1,2073,80,80,2074.0,80.0,2073.0,2073,80,78.61458764248528,44938.64915712233
4485,0,1493,4,4,2352250,2353000,2745.984495,2746.71779,0.7332949999999983,38.71035983769495,33.7875,45.7125,1,1,1,1,750,29,29,750.0,29.0,750.0,750,29,28.386113317188574,45191.90775881477
4485,0,1494,4,4,2353000,2355038,2746.71779,2748.718754,2.00096399999984,39.10685502833752,33.7875,45.7125,1,1,1,1,2038,79,78,2040.0,80.0,2038.0,2038,78,78.25140906492015,45437.59907724841
4485,0,1495,4,4,2355038,2356952,2748.718754,2750.719818,2.001064000000042,38.956765711071235,33.7875,45.7125,1,1,1,1,1914,80,80,1915.0,80.0,1914.0,1914,80,77.95498142085853,44693.22320525386
4485,0,1496,4,4,2356952,2359072,2750.719818,2752.720649,2.0008309999998346,39.5298673172612,33.7875,45.7125,1,1,1,1,2120,80,80,2122.0,80.0,2120.0,2120,80,79.0925839542615,45598.05400856322
4485,0,1497,4,4,2359072,2361206,2752.720649,2754.722399,2.0017500000003565,39.6893636193716,33.7875,45.7125,1,1,1,1,2134,80,80,2136.0,80.0,2135.0,2134,80,79.4481836250925,47251.65480203979
4485,0,1498,4,4,2361206,2363211,2754.722399,2756.723109,2.000709999999799,39.50787246968276,33.7875,45.7125,1,1,1,1,2005,80,80,2005.0,80.0,2004.0,2005,80,79.0437955288071,45916.199749093685
4485,0,1499,4,4,2363211,2365392,2756.723109,2758.723284,2.0001750000001266,39.467960632060525,33.7875,45.7125,1,1,1,1,2181,80,80,2185.0,80.0,2181.0,2181,80,78.94282815723273,45840.98891346717
4485,0,1500,4,4,2365392,2366000,2758.723284,2759.351754,0.6284699999996519,39.90809682226982,33.7875,45.7125,1,1,1,1,608,25,25,609.0,25.0,608.0,608,25,25.08104160988296,44967.9380082035
4485,0,1501,4,4,2366000,2368041,2759.351754,2761.35206,2.0003060000003643,40.132578207451544,33.7875,45.7125,1,1,1,1,2041,80,80,2044.0,80.0,2041.0,2041,80,80.27743698384438,46216.42888637197
4485,0,1502,4,4,2368041,2370157,2761.35206,2763.352714,2.0006539999999404,39.64006482738447,33.7875,45.7125,1,1,1,1,2116,80,80,2117.0,80.0,2116.0,2116,80,79.30605425716203,46410.3238241109
4485,0,1503,4,4,2370157,2372239,2763.352714,2765.353848,2.001134000000093,39.62706180012755,33.7875,45.7125,1,1,1,1,2082,80,80,2083.0,80.0,2082.0,2082,80,79.29906068833952,45969.43533016567
4485,0,1504,4,4,2372239,2374242,2765.353848,2767.355481,2.001632999999856,39.53992587700128,33.7875,45.7125,1,1,1,1,2003,80,80,2004.0,80.0,2003.0,2003,80,79.14442045295436,45313.501526007276
4485,0,1505,4,4,2374242,2376281,2767.355481,2769.35545,1.9999689999999646,39.70140431576051,33.7875,45.7125,1,1,1,1,2039,80,80,2042.0,80.0,2039.0,2039,80,79.40157788798388,46653.72313270938
4485,0,1506,4,4,2376281,2378359,2769.35545,2771.356334,2.000884000000042,39.982256240990104,33.7875,45.7125,1,1,1,1,2078,80,80,2080.0,80.0,2078.0,2078,80,79.99985679649399,46491.950557852455
4485,0,1507,4,4,2378359,2379000,2771.356334,2771.990718,0.6343839999999545,39.460315563750115,33.7875,45.7125,1,1,1,1,641,25,25,642.0,25.0,641.0,641,25,25.032992828593706,47728.189866078224
4485,0,1508,4,4,2379000,2380982,2771.990718,2773.991111,2.0003929999998036,39.81137695642945,33.7875,45.7125,1,1,1,1,1982,80,80,1984.0,80.0,1982.0,1982,80,79.6383997840021,45621.03546653531
4485,0,1509,4,4,2380982,2383067,2773.991111,2775.991138,2.0000270000000455,39.69853928348349,33.7875,45.7125,1,1,1,1,2085,80,80,2090.0,80.0,2085.0,2085,80,79.39815042752889,45761.38222133897
4485,0,1510,4,4,2383067,2385113,2775.991138,2777.991204,2.0000660000000607,39.72621437482231,33.7875,45.7125,1,1,1,1,2046,80,80,2048.0,80.0,2047.0,2046,80,79.45505067979684,46488.46588062453
4485,0,1511,4,4,2385113,2387187,2777.991204,2779.992186,2.000982000000022,39.56970360323696,33.7875,45.7125,1,1,1,1,2074,80,80,2074.0,80.0,2073.0,2074,80,79.17826465542021,46264.2842364394
4485,0,1512,4,4,2387187,2389348,2779.992186,2781.992999,2.0008130000001074,39.86336702754687,33.7875,45.7125,1,1,1,1,2161,80,80,2165.0,80.0,2161.0,2161,80,79.75914297248528,46710.51217679762
4485,0,1513,4,4,2389348,2391362,2781.992999,2783.997261,2.004261999999926,39.74383760125626,33.7875,45.7125,1,1,1,1,2014,80,80,2017.0,80.0,2014.0,2014,80,79.65706343836791,45116.85597990848
4485,0,1514,4,4,2391362,2392000,2783.997261,2784.588655,0.5913940000000366,39.66122482733817,33.7875,45.7125,1,1,1,1,638,24,24,638.0,24.0,638.0,638,24,23.455410395545186,46547.648437417854
4485,0,1515,4,4,2392000,2394150,2784.588655,2786.588941,2.00028599999996,39.55975537313394,33.7875,45.7125,1,1,1,1,2150,80,80,2152.0,80.0,2150.0,2150,80,79.13082483630569,46398.36503380109
4485,0,1516,4,4,2394150,2396185,2786.588941,2788.58982,2.000879000000168,39.92236328466534,33.7875,45.7125,1,1,1,1,2035,79,79,2035.0,79.0,2035.0,2035,79,79.87981832666264,45980.29166181077
4485,0,1517,4,4,2396185,2398191,2788.58982,2790.589873,2.0000529999997525,39.56470632673246,33.7875,45.7125,1,1,1,1,2006,80,80,2009.0,80.0,2006.0,2006,80,79.13150958289043,44481.32124499251
4485,0,1518,4,4,2398191,2400252,2790.589873,2792.59085,2.000977000000148,40.334146759041616,33.7875,45.7125,1,1,1,1,2061,80,80,2061.0,80.0,2061.0,2061,80,80.70769997946627,46853.112254660125
4485,0,1519,4,4,2400252,2402288,2792.59085,2794.591773,2.000923000000057,39.720373715498326,33.7875,45.7125,1,1,1,1,2036,80,80,2036.0,80.0,2036.0,2036,80,79.47740933594469,47231.202799906496
4485,0,1520,4,4,2402288,2404346,2794.591773,2796.591771,1.9999979999997777,39.572822542609146,33.7875,45.7125,1,1,1,1,2058,80,80,2059.0,80.0,2058.0,2058,80,79.14556593955786,45956.045956051064
4485,0,1521,4,4,2404346,2405000,2796.591771,2797.231678,0.6399070000002212,39.6681895489998,33.7875,45.7125,1,1,1,1,654,26,26,654.0,26.0,654.0,654,26,25.383952169737313,45569.121762990435
4485,0,1522,4,4,2405000,2407124,2797.231678,2799.232162,2.0004839999996875,39.79493824410294,33.7875,45.7125,1,1,1,1,2124,79,79,2130.0,80.0,2124.0,2124,79,79.6091372383089,45992.86972553361
4485,0,1523,4,4,2407124,2409126,2799.232162,2801.233338,2.001176000000214,39.843049449782676,33.7875,45.7125,1,1,1,1,2002,80,80,2002.0,80.0,2002.0,2002,80,79.73295432572195,45270.88072213054
4485,0,1524,4,4,2409126,2411183,2801.233338,2803.236017,2.002679000000171,39.72203078307831,33.7875,45.7125,1,1,1,1,2057,80,80,2059.0,80.0,2057.0,2057,80,79.55047688663763,46229.07615248978
4485,0,1525,4,4,2411183,2413227,2803.236017,2805.236364,2.0003469999996923,39.74477866524652,33.7875,45.7125,1,1,1,1,2044,80,80,2044.0,80.0,2044.0,2044,80,79.50334876867419,46276.471032283014
4485,0,1526,4,4,2413227,2415385,2805.236364,2807.236591,2.0002269999999953,40.087219270822295,33.7875,45.7125,1,1,1,1,2158,79,79,2161.0,79.0,2158.0,2158,79,80.183538340425,47133.15038743114
4485,0,1527,4,4,2415385,2417465,2807.236591,2809.238119,2.001528000000235,39.508984146839715,33.7875,45.7125,1,1,1,1,2080,80,80,2082.0,80.0,2080.0,2080,80,79.0783380214707,46041.3244281315
4485,0,1528,4,4,2417465,2418000,2809.238119,2809.734811,0.4966919999997117,39.84985411384392,33.7875,45.7125,1,1,1,1,535,20,20,536.0,20.0,535.0,535,20,19.79310373950284,46757.34660516674
4485,0,1529,4,4,2418000,2419982,2809.734811,2811.736888,2.0020770000000994,39.71263045593288,33.7875,45.7125,1,1,1,1,1982,80,80,1985.0,80.0,1982.0,1982,80,79.50774404533149,45578.16707349192
4485,0,1530,4,4,2419982,2422038,2811.736888,2813.737953,2.001064999999926,39.624099632144805,33.7875,45.7125,1,1,1,1,2056,80,80,2056.0,80.0,2056.0,2056,80,79.29039893038862,45333.359985809235
4485,0,1531,4,4,2422038,2422252,2813.737953,2815.746383,2.008430000000317,3.7358685464404724,33.7875,45.7125,1,0,0,1,214,80,80,214.0,81.0,214.0,214,81,7.503230464732042,3995.160398917928
4485,0,1532,4,4,2422252,2422332,2815.746383,2817.74866,2.002277000000049,0.9684809731897476,33.7875,45.7125,1,0,0,0,80,80,80,80.0,80.0,80.0,80,80,1.939167177552008,614.8000501428972
4485,0,1533,4,4,2422332,2422412,2817.74866,2819.750936,2.0022759999997106,0.9490182543840655,33.7875,45.7125,1,0,0,0,80,80,80,80.0,80.0,80.0,80,80,1.9001964743220014,628.2850116568254
4485,0,1534,4,4,2422412,2422492,2819.750936,2821.753214,2.002277999999933,0.945374674013751,33.7875,45.7125,1,0,0,0,80,80,80,80.0,80.0,80.0,80,80,1.8929029115388403,625.7872283469338
4485,0,1535,4,4,2422492,2422573,2821.753214,2823.75549,2.0022760000001654,0.9455835884791451,33.7875,45.7125,1,0,0,0,81,80,80,81.0,80.0,81.0,81,80,1.8933193252014462,653.7560256427645
4485,0,1536,4,4,2422573,2422653,2823.75549,2825.757768,2.002277999999933,0.9444379478844807,33.7875,45.7125,1,0,0,0,80,80,80,80.0,80.0,80.0,80,80,1.8910273254150525,636.275282453307
4485,0,1537,4,4,2422653,2422733,2825.757768,2827.760045,2.002277000000049,0.9466760596239071,33.7875,45.7125,1,0,0,0,80,80,80,80.0,80.0,80.0,80,80,1.8955077006394276,643.2676397920809
4485,0,1538,4,4,2422733,2422814,2827.760045,2829.76232,2.002274999999827,0.9593226355120705,33.7875,45.7125,1,0,0,0,81,80,80,81.0,80.0,81.0,81,80,1.9208277300203918,622.7915745839647
4485,0,1539,4,4,2422814,2422929,2829.76232,2831.764596,2.0022760000001654,1.2403924119700502,33.7875,45.7125,1,0,0,0,115,80,80,115.0,80.0,115.0,115,80,2.4836079570668517,1168.1706218322583
4485,0,1540,4,4,2422929,2423098,2831.764596,2833.765967,2.0013709999998355,1.9072848907391637,33.7875,45.7125,1,0,0,0,169,80,80,169.0,79.0,169.0,169,79,3.817184669067501,2617.2059053520966
4485,0,1541,4,4,2423098,2423264,2833.765967,2835.767099,2.001132000000325,2.0248558982175573,33.7875,45.7125,1,0,0,1,166,80,80,166.0,80.0,166.0,166,80,4.0520039333059685,2670.9882206666684
4485,0,1542,4,4,2423264,2423477,2835.767099,2837.771427,2.004327999999987,2.7074867937227163,33.7875,45.7125,1,0,0,1,213,80,80,213.0,81.0,213.0,213,81,5.426691590284463,3671.0558351727104
4485,0,1543,4,4,2423477,2423722,2837.771427,2839.773704,2.002277000000049,3.6112469054428753,33.7875,45.7125,1,0,0,1,245,80,80,245.0,80.0,245.0,245,80,7.230716620091698,4656.198917532275
4485,0,1544,4,4,2423722,2424136,2839.773704,2841.775227,2.0015229999999065,6.724576057100043,33.7875,45.7125,1,0,0,1,414,80,80,414.0,79.0,414.0,414,79,13.459393643541262,8307.17408693319
4485,0,1545,4,4,2424136,2424682,2841.775227,2843.775229,2.0000019999997676,8.634200164279509,33.7875,45.7125,1,0,0,1,546,80,80,546.0,80.0,546.0,546,80,17.268417596962536,10584.489415511815
4485,0,1546,4,4,2424682,2425302,2843.775229,2845.776762,2.0015330000001086,11.26815878764222,33.7875,45.7125,1,0,0,1,620,80,80,621.0,80.0,621.0,620,80,22.55359166271228,13610.067882966967
4485,0,1547,4,4,2425302,2426042,2845.776762,2847.777908,2.0011460000000625,13.554758261267256,33.7875,45.7125,1,0,0,1,740,80,80,739.0,80.0,739.0,740,80,27.125050275499234,16268.678047478286
4485,0,1548,4,4,2426042,2426867,2847.777908,2849.780661,2.002752999999757,15.12828827791645,33.7875,45.7125,1,0,0,1,825,80,80,825.0,80.0,825.0,825,80,30.298224733458483,18243.387976452632
4485,0,1549,4,4,2426867,2427811,2849.780661,2851.783034,2.0023730000002615,17.002925120048292,33.7875,45.7125,1,0,0,1,944,80,80,944.0,80.0,944.0,944,80,34.04619818141509,20276.94140901555
4485,0,1550,4,4,2427811,2428936,2851.783034,2853.783216,2.000181999999768,19.617905022703123,33.7875,45.7125,1,0,0,1,1125,80,80,1126.0,80.0,1125.0,1125,80,39.23938050412107,22968.409874704066
4485,0,1551,4,4,2428936,2430110,2853.783216,2855.785845,2.00262900000007,21.077994483544597,33.7875,45.7125,1,0,0,1,1174,80,80,1174.0,80.0,1174.0,1174,80,42.21140301458945,24898.770566090003
4485,0,1552,4,4,2430110,2431000,2855.785845,2857.226992,1.4411470000000008,23.47000199767866,33.7875,45.7125,1,0,0,1,890,58,58,890.0,58.0,890.0,890,58,33.823722968954826,27651.585854878078
4485,0,1553,4,4,2431000,2432240,2857.226992,2859.229858,2.0028660000002674,24.36824122383765,33.7875,45.7125,1,0,0,1,1240,80,80,1242.0,80.0,1240.0,1240,80,48.806321827025386,28856.64842280626
4485,0,1554,4,4,2432240,2433702,2859.229858,2861.23035,2.0004919999996673,26.43899485003462,33.7875,45.7125,1,0,0,1,1462,80,80,1463.0,80.0,1462.0,1462,80,52.89099768552114,31452.262743370364
4485,0,1555,4,4,2433702,2435308,2861.23035,2863.231358,2.0010080000001835,29.004494671642316,33.7875,45.7125,1,0,0,1,1606,80,80,1607.0,80.0,1606.0,1606,80,58.03822587391187,34427.14871704345
4485,0,1556,4,4,2435308,2436891,2863.231358,2865.231805,2.0004469999998946,30.194138451414364,33.7875,45.7125,1,0,0,1,1583,80,80,1585.0,80.0,1584.0,1583,80,60.40177368270815,35498.06618221015
4485,0,1557,4,4,2436891,2438652,2865.231805,2867.232928,2.001123000000007,32.03901047058159,33.7875,45.7125,1,0,0,1,1761,80,80,1760.0,80.0,1760.0,1761,80,64.1140007499198,37903.21734346152
4485,0,1558,4,4,2438652,2440422,2867.232928,2869.234869,2.001940999999988,33.56004066611257,33.7875,45.7125,1,0,0,1,1770,80,80,1773.0,80.0,1770.0,1770,80,67.1852213711536,39222.93414241502
4485,0,1559,4,4,2440422,2442312,2869.234869,2871.23733,2.0024610000000393,34.89446601586564,33.7875,45.7125,1,1,0,1,1890,80,80,1890.0,80.0,1890.0,1890,80,69.87480731260439,41583.33171032962
4485,0,1560,4,4,2442312,2444000,2871.23733,2872.904863,1.667533000000276,37.12003562048305,33.7875,45.7125,1,1,1,1,1688,66,66,1688.0,66.0,1688.0,1688,66,61.898884358335636,43825.219650818246
4485,0,1561,4,4,2444000,2445988,2872.904863,2874.904845,1.999981999999818,38.06822668708729,33.7875,45.7125,1,1,1,1,1988,80,80,1990.0,80.0,1988.0,1988,80,76.13576814609405,43799.89419905178
4485,0,1562,4,4,2445988,2448052,2874.904845,2876.905731,2.0008859999998094,38.65801409307084,33.7875,45.7125,1,1,1,1,2064,80,80,2064.0,80.0,2064.0,2064,80,77.35027918661945,45954.64209355693
4485,0,1563,4,4,2448052,2450079,2876.905731,2878.906863,2.001132000000325,38.580855834736866,33.7875,45.7125,1,1,1,1,2027,80,80,2027.0,80.0,2027.0,2027,80,77.20538519829279,45067.991516794165
4485,0,1564,4,4,2450079,2452091,2878.906863,2880.909315,2.002451999999721,38.73861197532163,33.7875,45.7125,1,1,1,1,2012,80,80,2012.0,80.0,2012.0,2012,80,77.57221102718904,45396.3440821616
4485,0,1565,4,4,2452091,2454168,2880.909315,2882.909377,2.000062000000071,39.06397157486667,33.7875,45.7125,1,1,1,1,2077,80,80,2078.0,80.0,2077.0,2077,80,78.13036511596874,45475.59025670043
4485,0,1566,4,4,2454168,2456184,2882.909377,2884.910575,2.001197999999931,38.81327284196245,33.7875,45.7125,1,1,1,1,2016,80,80,2016.0,80.0,2016.0,2016,80,77.67304398478882,44274.479586729074
4485,0,1567,4,4,2456184,2457000,2884.910575,2885.700957,0.790382000000136,39.196691913054906,33.7875,45.7125,1,1,1,1,816,32,32,817.0,32.0,816.0,816,32,30.980359747627517,46512.951964991196
4485,0,1568,4,4,2457000,2459057,2885.700957,2887.702655,2.001698000000033,38.81268326281472,33.7875,45.7125,1,1,1,1,2057,79,79,2061.0,79.0,2058.0,2057,79,77.6912704618153,44744.012333528095
4485,0,1569,4,4,2459057,2461109,2887.702655,2889.705269,2.002613999999994,39.2549773304373,33.7875,45.7125,1,1,1,1,2052,80,80,2053.0,80.0,2051.0,2052,80,78.6125671716145,45763.68686127245
4485,0,1570,4,4,2461109,2463138,2889.705269,2891.705331,2.000062000000071,38.590140270097486,33.7875,45.7125,1,1,1,1,2029,80,80,2030.0,80.0,2029.0,2029,80,77.18267312888929,46123.07018482264
4485,0,1571,4,4,2463138,2465060,2891.705331,2893.705895,2.0005639999999403,39.0548944699534,33.7875,45.7125,1,1,1,1,1922,80,80,1923.0,80.0,1922.0,1922,80,78.13181590038585,44502.95016805394
4485,0,1572,4,4,2465060,2467105,2893.705895,2895.706048,2.0001529999999548,38.82558467068854,33.7875,45.7125,1,1,1,1,2045,80,80,2045.0,80.0,2045.0,2045,80,77.65710965583276,45376.52869555582
4485,0,1573,4,4,2467105,2469124,2895.706048,2897.707319,2.001271000000088,39.14066415986801,33.7875,45.7125,1,1,1,1,2019,80,80,2019.0,80.0,2019.0,2019,80,78.33107610388834,45058.36540878074
4485,0,1574,4,4,2469124,2470000,2897.707319,2898.574295,0.866975999999795,39.12475296432112,33.7875,45.7125,1,1,1,1,876,35,35,877.0,35.0,876.0,876,35,33.92022182598885,44687.51153435523
4485,0,1575,4,4,2470000,2472011,2898.574295,2900.575993,2.001698000000033,39.29409178153479,33.7875,45.7125,1,1,1,1,2011,80,80,2012.0,80.0,2011.0,2011,80,78.65490493091056,44857.41605376961
4485,0,1576,4,4,2472011,2474114,2900.575993,2902.578019,2.0020260000001144,39.91433003333531,33.7875,45.7125,1,1,1,1,2103,80,80,2103.0,80.0,2103.0,2103,80,79.90952649932296,45384.025981677965
4485,0,1577,4,4,2474114,2476157,2902.578019,2904.578273,2.000254000000041,39.63045026646129,33.7875,45.7125,1,1,1,1,2043,80,80,2043.0,80.0,2043.0,2043,80,79.27096666728903,46173.13601172557
4485,0,1578,4,4,2476157,2478342,2904.578273,2906.578805,2.000532000000021,39.83800048418088,33.7875,45.7125,1,1,1,1,2185,80,80,2186.0,80.0,2185.0,2185,80,79.69719478461775,47668.820093854534
4485,0,1579,4,4,2478342,2480375,2906.578805,2908.579537,2.000731999999971,39.43411073056123,33.7875,45.7125,1,1,1,1,2033,80,80,2033.0,80.0,2033.0,2033,80,78.89708723017247,45377.39187457457
4485,0,1580,4,4,2480375,2482434,2908.579537,2910.583373,2.0038359999998647,39.983177556893814,33.7875,45.7125,1,1,1,1,2059,80,80,2061.0,80.0,2059.0,2059,80,80.11973058289732,46320.65697991566
4485,0,1581,4,4,2482434,2483000,2910.583373,2911.120017,0.5366440000002513,39.83806165535667,33.7875,45.7125,1,1,1,1,566,21,21,566.0,21.0,566.0,566,21,21.378856758979964,45769.634990773215
4485,0,1582,4,4,2483000,2484999,2911.120017,2913.120783,2.0007659999996577,39.71904876271348,33.7875,45.7125,1,1,1,1,1999,80,80,1999.0,80.0,1999.0,1999,80,79.46852231676166,45087.23159030863
4485,0,1583,4,4,2484999,2487070,2913.120783,2915.121885,2.0011020000001736,39.50095179216846,33.7875,45.7125,1,1,1,1,2071,80,80,2071.0,80.0,2071.0,2071,80,79.04543363321864,45421.472768500615
4485,0,1584,4,4,2487070,2489144,2915.121885,2917.122198,2.0003130000000056,39.53744975532137,33.7875,45.7125,1,1,1,1,2074,80,80,2076.0,80.0,2074.0,2074,80,79.08727473241743,45747.84046296742
4485,0,1585,4,4,2489144,2491200,2917.122198,2919.122477,2.000278999999864,39.93896915572483,33.7875,45.7125,1,1,1,1,2056,80,80,2057.0,80.0,2056.0,2056,80,79.88908128383628,46681.4879324366
4485,0,1586,4,4,2491200,2493226,2919.122477,2921.123153,2.0006760000001123,39.56176843507282,33.7875,45.7125,1,1,1,1,2026,80,80,2026.0,80.0,2026.0,2026,80,79.1502806256176,47459.95853401284
4485,0,1587,4,4,2493226,2495261,2921.123153,2923.127383,2.004230000000007,39.999270406796896,33.7875,45.7125,1,1,1,1,2035,80,80,2037.0,80.0,2035.0,2035,80,80.16773772741726,46967.66339192592
4485,0,1588,4,4,2495261,2496000,2923.127383,2923.801999,0.6746159999997872,39.609227984407404,33.7875,45.7125,1,1,1,1,739,27,27,739.0,27.0,739.0,739,27,26.721018945914693,47465.52112610745
4485,0,1589,4,4,2496000,2498018,2923.801999,2925.804243,2.002244000000246,39.9474227509683,33.7875,45.7125,1,1,1,1,2018,80,80,2021.0,80.0,2018.0,2018,80,79.98448751859542,45612.322973617986
4485,0,1590,4,4,2498018,2500100,2925.804243,2927.804256,2.0000129999998535,39.92180073060722,33.7875,45.7125,1,1,1,1,2082,80,80,2082.0,80.0,2082.0,2082,80,79.84412044461351,45778.7024384375
4485,0,1591,4,4,2500100,2502152,2927.804256,2929.804621,2.000365000000329,40.01987524298146,33.7875,45.7125,1,1,1,1,2052,80,80,2052.0,80.0,2052.0,2052,80,80.054357740446,45948.11446910183
4485,0,1592,4,4,2502152,2504211,2929.804621,2931.807179,2.0025579999996808,39.9361418559834,33.7875,45.7125,1,1,1,1,2059,80,80,2059.0,80.0,2059.0,2059,80,79.97444036282832,46927.97911471976
4485,0,1593,4,4,2504211,2506324,2931.807179,2933.808921,2.001741999999922,39.60394424444375,33.7875,45.7125,1,1,1,1,2113,80,80,2114.0,80.0,2113.0,2113,80,79.27687855975819,46871.175206397056
4485,0,1594,4,4,2506324,2508259,2933.808921,2935.809566,2.000645000000077,39.514774780172004,33.7875,45.7125,1,1,1,1,1935,80,80,1937.0,80.0,1935.0,1935,80,79.05503659008536,45358.87176385441
4485,0,1595,4,4,2508259,2509000,2935.809566,2936.545964,0.7363980000000083,39.8199815727998,33.7875,45.7125,1,1,1,1,741,29,29,741.0,29.0,741.0,741,29,29.32335479024914,46339.07207787041
4485,0,1596,4,4,2509000,2511098,2936.545964,2938.545936,1.9999720000000707,39.82565647072404,33.7875,45.7125,1,1,1,1,2098,80,80,2100.0,80.0,2098.0,2098,80,79.65019782306626,45580.1381219321
4485,0,1597,4,4,2511098,2513214,2938.545936,2940.546565,2.0006290000001172,39.83920323344415,33.7875,45.7125,1,1,1,1,2116,80,80,2116.0,80.0,2116.0,2116,80,79.70346532572876,46868.759775048
4485,0,1598,4,4,2513214,2515205,2940.546565,2942.546774,2.0002089999998134,39.90847853508151,33.7875,45.7125,1,1,1,1,1991,80,80,1993.0,80.0,1991.0,1991,80,79.8252979421668,46776.1118963112
4485,0,1599,4,4,2515205,2517237,2942.546774,2944.549056,2.002281999999923,40.13063048786611,33.7875,45.7125,1,1,1,1,2032,80,80,2033.0,80.0,2032.0,2032,80,80.35283907450503,45667.89293416388
4485,0,1600,4,4,2517237,2519209,2944.549056,2946.549163,2.0001070000002983,39.40318508229622,33.7875,45.7125,1,1,1,1,1972,80,80,1972.0,80.0,1972.0,1972,80,78.81058630540792,45411.070507721066
4485,0,1601,4,4,2519209,2521328,2946.549163,2948.549478,2.000314999999773,39.878140328934784,33.7875,45.7125,1,1,1,1,2119,79,79,2120.0,80.0,2119.0,2119,79,79.76884227206756,46515.173860122304
4485,0,1602,4,4,2521328,2522000,2948.549478,2949.193049,0.6435710000000654,39.26696062224152,33.7875,45.7125,1,1,1,1,672,25,25,672.0,25.0,672.0,672,25,25.27107711462304,46271.50695105431
4485,0,1603,4,4,2522000,2524131,2949.193049,2951.193433,2.00038399999994,39.5614208882368,33.7875,45.7125,1,1,1,1,2131,80,80,2133.0,80.0,2131.0,2131,80,79.13803336209094,46290.61220245852
4485,0,1604,4,4,2524131,2526244,2951.193433,2953.193415,1.9999820000002728,39.77731782173809,33.7875,45.7125,1,1,1,1,2113,80,80,2113.0,80.0,2113.0,2113,80,79.55391965176386,46361.41725274895
4485,0,1605,4,4,2526244,2528379,2953.193415,2955.195682,2.002266999999847,40.044490210809656,33.7875,45.7125,1,1,1,1,2135,80,80,2137.0,80.0,2135.0,2135,80,80.17976128091686,46696.56943854498
4485,0,1606,4,4,2528379,2530442,2955.195682,2957.195658,1.9999760000000606,39.65104139882465,33.7875,45.7125,1,1,1,1,2063,80,80,2063.0,80.0,2063.0,2063,80,79.30113117265864,46236.05483265659
4485,0,1607,4,4,2530442,2532479,2957.195658,2959.196383,2.000724999999875,39.71787971338078,33.7875,45.7125,1,1,1,1,2037,80,80,2037.0,80.0,2037.0,2037,80,79.46455488954962,45479.01385747951
4485,0,1608,4,4,2532479,2534496,2959.196383,2961.197316,2.0009329999998045,39.79339406568807,33.7875,45.7125,1,1,1,1,2017,80,80,2018.0,80.0,2017.0,2017,80,79.62391536803625,45273.879735108
4485,0,1609,4,4,2534496,2535000,2961.197316,2961.727145,0.5298290000000634,39.59832963425294,33.7875,45.7125,1,1,1,1,504,21,21,504.0,21.0,504.0,504,21,20.980343391784118,44820.121208912984
4485,0,1610,4,4,2535000,2537097,2961.727145,2963.72728,2.0001350000002276,39.63529733103409,33.7875,45.7125,1,1,1,1,2097,80,80,2099.0,80.0,2097.0,2097,80,79.27594542721636,46324.87307106243
4485,0,1611,4,4,2537097,2539075,2963.72728,2965.729362,2.002081999999973,39.527406143280295,33.7875,45.7125,1,1,1,1,1978,80,80,1978.0,80.0,1978.0,1978,80,79.13710834615631,45829.29170733329
4485,0,1612,4,4,2539075,2541187,2965.729362,2967.729634,2.000271999999768,39.45912768222006,33.7875,45.7125,1,1,1,1,2112,80,80,2113.0,80.0,2112.0,2112,80,78.92898824716394,46698.64898374363
4485,0,1613,4,4,2541187,2543279,2967.729634,2969.731044,2.0014100000003054,39.30638262273119,33.7875,45.7125,1,1,1,1,2092,80,80,2092.0,80.0,2092.0,2092,80,78.66818724496989,46055.53085074319
4485,0,1614,4,4,2543279,2545262,2969.731044,2971.733433,2.0023889999997664,39.392010189389254,33.7875,45.7125,1,1,1,1,1983,80,80,1984.0,80.0,1983.0,1983,80,78.87812789110467,44784.005505429
4485,0,1615,4,4,2545262,2547222,2971.733433,2973.734455,2.001021999999921,39.40030405315389,33.7875,45.7125,1,1,1,1,1960,80,80,1962.0,80.0,1961.0,1960,80,78.84087521705078,44324.85000165091
4485,0,1616,4,4,2547222,2548000,2973.734455,2974.525838,0.7913830000002235,39.42675332349244,33.7875,45.7125,1,1,1,1,778,31,31,777.0,31.0,777.0,778,31,31.20166232541669,44117.702806340465
4485,0,1617,4,4,2548000,2549990,2974.525838,2976.528988,2.003150000000005,39.66664834083557,33.7875,45.7125,1,1,1,1,1990,79,79,1997.0,80.0,1990.0,1990,79,79.45824662395171,46124.35414222588
4485,0,1618,4,4,2549990,2552058,2976.528988,2978.529465,2.0004770000000462,40.100620288972735,33.7875,45.7125,1,1,1,1,2068,80,80,2069.0,80.0,2068.0,2068,80,80.22036857382045,46783.84205366912
4485,0,1619,4,4,2552058,2554131,2978.529465,2980.529514,2.0000489999997626,39.96969335432331,33.7875,45.7125,1,1,1,1,2073,80,80,2074.0,80.0,2073.0,2073,80,79.94134522361855,46855.352043880484
4485,0,1620,4,4,2554131,2556218,2980.529514,2982.529697,2.0001830000001064,39.44404829049212,33.7875,45.7125,1,1,1,1,2087,80,80,2087.0,80.0,2087.0,2087,80,78.89531484182226,46226.77025051962
4485,0,1621,4,4,2556218,2558373,2982.529697,2984.532495,2.0027979999999843,39.84059236014748,33.7875,45.7125,1,1,1,1,2155,80,80,2155.0,80.0,2155.0,2155,80,79.79265869771189,46057.06616443631
4485,0,1622,4,4,2558373,2560415,2984.532495,2986.53465,2.00215500000013,40.0151811855127,33.7875,45.7125,1,1,1,1,2042,80,80,2044.0,80.0,2042.0,2042,80,80.11659508648154,46002.432379108526
4485,0,1623,4,4,2560415,2561000,2986.53465,2987.076385,0.5417349999997896,40.16137986062472,33.7875,45.7125,1,1,1,1,585,22,22,585.0,22.0,585.0,585,22,21.756825118791312,47820.42880746133
4485,0,1624,4,4,2561000,2563099,2987.076385,2989.0778,2.001415000000179,40.19416355587229,33.7875,45.7125,1,1,1,1,2099,80,80,2101.0,80.0,2099.0,2099,80,80.44520185318834,46437.14571939936
4485,0,1625,4,4,2563099,2565181,2989.0778,2991.078266,2.0004659999999603,39.98463257373396,33.7875,45.7125,1,1,1,1,2082,80,80,2082.0,80.0,2082.0,2082,80,79.98789798624057,46643.63203373706
4485,0,1626,4,4,2565181,2567238,2991.078266,2993.078508,2.000242000000071,40.20861006494325,33.7875,45.7125,1,1,1,1,2057,80,80,2057.0,80.0,2057.0,2057,80,80.42695061353152,46699.84931823083
4485,0,1627,4,4,2567238,2569309,2993.078508,2995.078586,2.0000780000000304,40.129108271122554,33.7875,45.7125,1,1,1,1,2071,80,80,2072.0,80.0,2071.0,2071,80,80.26134661269316,46757.17647011695
4485,0,1628,4,4,2569309,2571424,2995.078586,2997.078623,2.000036999999793,39.83504861183194,33.7875,45.7125,1,1,1,1,2115,80,80,2117.0,80.0,2115.0,2115,80,79.6715711204597,46796.13427152082
4485,0,1629,4,4,2571424,2573524,2997.078623,2999.078688,2.000065000000177,40.01110557503487,33.7875,45.7125,1,1,1,1,2100,79,79,2100.0,79.0,2100.0,2100,79,80.02481187194644,45997.505081080795
4485,0,1630,4,4,2573524,2574000,2999.078688,2999.505349,0.4266609999999673,39.78142412965987,33.7875,45.7125,1,1,1,1,476,17,17,476.0,18.0,476.0,476,18,16.973182200585143,46362.334499758625
4485,0,1631,4,4,2574000,2576063,2999.505349,3001.50532,1.999971000000187,40.31854578745242,33.7875,45.7125,1,1,1,1,2063,80,80,2065.0,79.0,2063.0,2063,79,80.63592233708187,46165.66940220202
4485,0,1632,4,4,2576063,2578130,3001.50532,3003.506608,2.0012879999999313,40.071847613226915,33.7875,45.7125,1,1,1,1,2067,80,80,2067.0,80.0,2067.0,2067,80,80.19530776617466,45823.98935085962
4485,0,1633,4,4,2578130,2580108,3003.506608,3005.507024,2.000415999999859,39.90827535381517,33.7875,45.7125,1,1,1,1,1978,80,80,1978.0,80.0,1978.0,1978,80,79.83315255017078,46241.38179259039
4485,0,1634,4,4,2580108,2582184,3005.507024,3007.507867,2.0008429999998043,40.12430622934212,33.7875,45.7125,1,1,1,1,2076,80,80,2076.0,80.0,2076.0,2076,80,80.28243724882486,46841.75619976638
4485,0,1635,4,4,2582184,2584327,3007.507867,3009.508291,2.0004240000002937,40.29112378847181,33.7875,45.7125,1,1,1,1,2143,80,80,2144.0,80.0,2143.0,2143,80,80.59933101343631,47966.33113779174
4485,0,1636,4,4,2584327,2586404,3009.508291,3011.508391,2.0000999999997475,39.94054667903764,33.7875,45.7125,1,1,1,1,2077,80,80,2079.0,80.0,2077.0,2077,80,79.88508741273836,46977.151142448805
4485,0,1637,4,4,2586404,2587000,3011.508391,3012.068107,0.5597160000002077,39.67487114455775,33.7875,45.7125,1,1,1,1,596,22,22,597.0,22.0,596.0,596,22,22.20666017755866,46779.08081954113
4485,0,1638,4,4,2587000,2589097,3012.068107,3014.068779,2.0006720000001224,40.146468888357916,33.7875,45.7125,1,1,1,1,2097,79,79,2099.0,80.0,2097.0,2097,79,80.31991620380722,47257.12160713711
4485,0,1639,4,4,2589097,2591149,3014.068779,3016.069193,2.000413999999637,40.25965423459624,33.7875,45.7125,1,1,1,1,2052,80,80,2053.0,80.0,2052.0,2052,80,80.53597596603504,46413.892324297296
4485,0,1640,4,4,2591149,2593235,3016.069193,3018.07114,2.0019470000002,40.00084143224237,33.7875,45.7125,1,1,1,1,2086,80,80,2087.0,80.0,2086.0,2086,80,80.07956450276833,46806.433936558074
4485,0,1641,4,4,2593235,2595295,3018.07114,3020.071428,2.0002880000001824,39.87081011068649,33.7875,45.7125,1,1,1,1,2060,80,80,2061.0,80.0,2060.0,2060,80,79.7531030146929,46091.3628437463
4485,0,1642,4,4,2595295,2597299,3020.071428,3022.07197,2.0005419999997684,39.546383937459844,33.7875,45.7125,1,1,1,1,2004,80,80,2008.0,80.0,2004.0,2004,80,79.11420201500005,46146.99416458674
4485,0,1643,4,4,2597299,2599322,3022.07197,3024.074537,2.002566999999999,39.514081046623446,33.7875,45.7125,1,1,1,1,2023,80,80,2023.0,80.0,2023.0,2023,80,79.12959473929368,45713.82630393891
4485,0,1644,4,4,2599322,2600000,3024.074537,3024.705566,0.631029000000126,39.72457823081781,33.7875,45.7125,1,1,1,1,678,25,25,678.0,25.0,678.0,678,25,25.067360876419116,46657.12669305868
4485,0,1645,4,4,2600000,2602052,3024.705566,3026.709851,2.0042849999999817,39.411958758998985,33.7875,45.7125,1,1,1,1,2052,80,80,2053.0,80.0,2052.0,2052,80,78.99279776128242,46168.58380918924
4485,0,1646,4,4,2602052,2604200,3026.709851,3028.709913,2.000062000000071,39.43178345080624,33.7875,45.7125,1,1,1,1,2148,80,80,2153.0,80.0,2148.0,2148,80,78.8660116721876,46119.070308818795
4485,0,1647,4,4,2604200,2606246,3028.709913,3030.711188,2.001275000000078,40.188370990130764,33.7875,45.7125,1,1,1,1,2046,80,80,2047.0,80.0,2046.0,2046,80,80.42798215328366,46452.386603538434
4485,0,1648,4,4,2606246,2608338,3030.711188,3032.711377,2.000188999999864,39.92585853554688,33.7875,45.7125,1,1,1,1,2092,80,80,2093.0,80.0,2092.0,2092,80,79.85926305834437,46605.595771202796
4485,0,1649,4,4,2608338,2610418,3032.711377,3034.712481,2.001103999999941,39.55897152607658,33.7875,45.7125,1,1,1,1,2080,80,80,2080.0,80.0,2080.0,2080,80,79.16161615672172,46443.862987632194
4485,0,1650,4,4,2610418,2612490,3034.712481,3036.715548,2.003067000000101,39.94851493510004,33.7875,45.7125,1,1,1,1,2072,80,80,2072.0,80.0,2072.0,2072,80,80.01955196550989,46514.17051950599
4485,0,1651,4,4,2612490,2613000,3036.715548,3037.185376,0.4698279999997794,40.116089620063654,33.7875,45.7125,1,1,1,1,510,19,19,510.0,19.0,510.0,510,19,18.847662154003046,48170.819959667424
4485,0,1652,4,4,2613000,2615097,3037.185376,3039.18685,2.001474000000144,40.189704491527614,33.7875,45.7125,1,1,1,1,2097,80,80,2100.0,80.0,2097.0,2097,80,80.43864860747999,46800.50802558178
4485,0,1653,4,4,2615097,2617178,3039.18685,3041.187114,2.000263999999788,39.93525608063941,33.7875,45.7125,1,1,1,1,2081,80,80,2082.0,80.0,2081.0,2081,80,79.8810550688795,46164.906232382215
4485,0,1654,4,4,2617178,2619209,3041.187114,3043.18855,2.0014360000000124,40.27886558278473,33.7875,45.7125,1,1,1,1,2031,80,80,2032.0,80.0,2032.0,2031,80,80.61557161655219,46376.701528302394
4485,0,1655,4,4,2619209,2621264,3043.18855,3045.189233,2.0006830000002083,39.91255804715789,33.7875,45.7125,1,1,1,1,2055,80,80,2054.0,80.0,2054.0,2055,80,79.85237637147657,46327.17926827506
4485,0,1656,4,4,2621264,2623296,3045.189233,3047.189516,2.000282999999854,39.77084009503639,33.7875,45.7125,1,1,1,1,2032,80,80,2033.0,80.0,2032.0,2032,80,79.55293533780787,46355.44070514361
4485,0,1657,4,4,2623296,2625376,3047.189516,3049.189591,2.0000749999999243,40.11630005288936,33.7875,45.7125,1,1,1,1,2080,80,80,2081.0,80.0,2080.0,2080,80,80.23560882828315,46342.762146421264
4485,0,1658,4,4,2625376,2626000,3049.189591,3049.789341,0.5997500000003129,39.90251751676442,33.7875,45.7125,1,1,1,1,624,24,24,624.0,24.0,624.0,624,24,23.93153488068492,46859.52480197639
4485,0,1659,4,4,2626000,2628040,3049.789341,3051.789793,2.0004519999997683,39.85594156356738,33.7875,45.7125,1,1,1,1,2040,79,79,2043.0,80.0,2040.0,2040,80,79.72989801270887,45666.179443451074
4485,0,1660,4,4,2628040,2630126,3051.789793,3053.790276,2.0004830000002585,40.18665254750589,33.7875,45.7125,1,1,1,1,2086,80,80,2087.0,79.0,2086.0,2086,79,80.39271524820651,46106.86519205016
4485,0,1661,4,4,2630126,2632091,3053.790276,3055.790883,2.0006069999999454,40.039745211112994,33.7875,45.7125,1,1,1,1,1965,80,80,1965.0,80.0,1965.0,1965,80,80.10379454756912,45183.78672073149
4485,0,1662,4,4,2632091,2634149,3055.790883,3057.791725,2.0008419999999205,39.91539049598049,33.7875,45.7125,1,1,1,1,2058,80,80,2060.0,80.0,2058.0,2058,80,79.86438975075725,45303.92704671514
4485,0,1663,4,4,2634149,2636145,3057.791725,3059.796054,2.0043289999998706,39.2342377004295,33.7875,45.7125,1,1,1,1,1996,80,80,1996.0,80.0,1996.0,1996,80,78.63832041586284,45121.334870675346
4485,0,1664,4,4,2636145,2638203,3059.796054,3061.801176,2.0051220000000285,39.67875258843519,33.7875,45.7125,1,1,1,1,2058,80,80,2058.0,81.0,2058.0,2058,81,79.56073974762694,46384.210038091784
4485,0,1665,4,4,2638203,2639000,3061.801176,3062.637115,0.8359390000000531,39.756812726940694,33.7875,45.7125,1,1,1,1,797,34,34,797.0,33.0,797.0,797,33,33.234270274144365,45159.99373159717
4485,0,1666,4,4,2639000,2640988,3062.637115,3064.637609,2.0004939999998896,39.65139754307099,33.7875,45.7125,1,1,1,1,1988,80,80,1992.0,80.0,1988.0,1988,80,79.32238287651853,45861.67216697729
4485,0,1667,4,4,2640988,2643007,3064.637609,3066.637966,2.0003569999998945,39.57445396158502,33.7875,45.7125,1,1,1,1,2019,80,80,2019.0,80.0,2019.0,2019,80,79.16303600322863,45739.83543937648
4485,0,1668,4,4,2643007,2645075,3066.637966,3068.639454,2.001488000000336,38.80923869247904,33.7875,45.7125,1,1,1,1,2068,80,80,2068.0,80.0,2068.0,2068,80,77.67622553215188,45478.164245793494
4485,0,1669,4,4,2645075,2647107,3068.639454,3070.640191,2.0007369999998446,39.30058261719878,33.7875,45.7125,1,1,1,1,2032,80,80,2032.0,80.0,2032.0,2032,80,78.63012976378377,45219.83649025686
4485,0,1670,4,4,2647107,2649188,3070.640191,3072.640824,2.000633000000107,38.96938777296076,33.7875,45.7125,1,1,1,1,2081,80,80,2083.0,80.0,2081.0,2081,80,77.96344316838076,45756.51806203092
4485,0,1671,4,4,2649188,2651201,3072.640824,3074.643718,2.002893999999742,39.340715022462476,33.7875,45.7125,1,1,1,1,2013,80,80,2014.0,80.0,2013.0,2013,80,78.79528207419207,45820.19817324922
4485,0,1672,4,4,2651201,2652000,3074.643718,3075.419738,0.7760200000002442,39.66868495907178,33.7875,45.7125,1,1,1,1,799,31,31,799.0,31.0,799.0,799,31,30.783692901954055,46940.800494817835
4485,0,1673,4,4,2652000,2654087,3075.419738,3077.41984,2.00010199999997,39.93300497025342,33.7875,45.7125,1,1,1,1,2087,80,80,2089.0,80.0,2087.0,2087,80,79.8700831070164,46811.11263325641
4485,0,1674,4,4,2654087,2656211,3077.41984,3079.421212,2.001372000000174,39.41463724437368,33.7875,45.7125,1,1,1,1,2124,79,79,2128.0,80.0,2124.0,2124,80,78.88335137105605,46790.40178437185
4485,0,1675,4,4,2656211,2658243,3079.421212,3081.42191,2.0006979999998293,39.432902688352,33.7875,45.7125,1,1,1,1,2032,80,80,2035.0,79.0,2032.0,2032,79,78.89332954277052,45667.06219529774
4485,0,1676,4,4,2658243,2660320,3081.42191,3083.421924,2.000014000000192,39.407196575690854,33.7875,45.7125,1,1,1,1,2077,80,80,2077.0,80.0,2077.0,2077,80,78.81494485214353,45749.679752237345
4485,0,1677,4,4,2660320,2662399,3083.421924,3085.42401,2.002085999999963,40.38326507030818,33.7875,45.7125,1,1,1,1,2079,80,80,2080.0,80.0,2079.0,2079,80,80.85076963155007,47190.280537400366
4485,0,1678,4,4,2662399,2664481,3085.42401,3087.424362,2.000352000000021,40.38070415205507,33.7875,45.7125,1,1,1,1,2082,80,80,2082.0,80.0,2082.0,2082,80,80.77562231197953,46874.25013197629
4485,0,1679,4,4,2664481,2665000,3087.424362,3087.932813,0.5084509999996953,40.34139479859285,33.7875,45.7125,1,1,1,1,519,21,21,521.0,21.0,519.0,519,21,20.51162252672657,46832.438130742725
4485,0,1680,4,4,2665000,2667088,3087.932813,3089.933165,2.000352000000021,40.263552737777026,33.7875,45.7125,1,1,1,1,2088,79,79,2089.0,80.0,2088.0,2088,80,80.54127824612078,46014.901377357106
4485,0,1681,4,4,2667088,2669130,3089.933165,3091.933731,2.0005660000001626,40.55104572093276,33.7875,45.7125,1,1,1,1,2042,80,80,2042.0,79.0,2042.0,2042,79,81.12504333375546,46824.74859614349
4485,0,1682,4,4,2669130,2671147,3091.933731,3093.934361,2.000630000000001,40.503765153197314,33.7875,45.7125,1,1,1,1,2017,80,80,2019.0,80.0,2017.0,2017,80,81.03304767844384,46632.810664640616
4485,0,1683,4,4,2671147,2673277,3093.934361,3095.934356,1.9999950000001263,40.112582870024,33.7875,45.7125,1,1,1,1,2130,80,80,2132.0,80.0,2130.0,2130,80,80.22496517714171,47091.61772904135
4485,0,1684,4,4,2673277,2675369,3095.934356,3097.935106,2.000749999999698,40.33484730139381,33.7875,45.7125,1,1,1,1,2092,80,80,2092.0,80.0,2092.0,2092,80,80.69994573824806,46795.45170561746
4485,0,1685,4,4,2675369,2677375,3097.935106,3099.935306,2.00019999999995,40.02378587816008,33.7875,45.7125,1,1,1,1,2006,80,80,2006.0,80.0,2006.0,2006,80,80.05557651349227,45834.91650835032
4485,0,1686,4,4,2677375,2678000,3099.935306,3100.550161,0.6148550000002615,39.99816649909472,33.7875,45.7125,1,1,1,1,625,25,25,627.0,25.0,625.0,625,25,24.593072662813938,47123.30549477141
4485,0,1687,4,4,2678000,2680163,3100.550161,3102.55215,2.001988999999867,40.14053547197614,33.7875,45.7125,1,1,1,1,2163,80,80,2164.0,80.0,2163.0,2163,80,80.36091046899674,47599.162632764885
4485,0,1688,4,4,2680163,2682218,3102.55215,3104.55515,2.0030000000001564,40.138527074447204,33.7875,45.7125,1,1,1,1,2055,80,80,2056.0,80.0,2055.0,2055,80,80.39746973013098,46675.986020964905
4485,0,1689,4,4,2682218,2684354,3104.55515,3106.555191,2.000040999999783,40.148498379096935,33.7875,45.7125,1,1,1,1,2136,80,80,2138.0,80.0,2136.0,2136,80,80.29864284662472,46473.04730253534
4485,0,1690,4,4,2684354,2686482,3106.555191,3108.555499,2.000308000000132,40.17660775978487,33.7875,45.7125,1,1,1,1,2128,80,80,2128.0,80.0,2128.0,2128,80,80.36558991477068,46481.34187334844
4485,0,1691,4,4,2686482,2688595,3108.555499,3110.556617,2.001118000000133,40.24613094265347,33.7875,45.7125,1,1,1,1,2113,79,79,2114.0,80.0,2113.0,2113,80,80.5372570597101,46691.89922832826
4485,0,1692,4,4,2688595,2690743,3110.556617,3112.556773,2.000155999999606,40.324836682336134,33.7875,45.7125,1,1,1,1,2148,80,80,2151.0,79.0,2148.0,2148,79,80.6559640391788,47362.80570116464
4485,0,1693,4,4,2690743,2691000,3112.556773,3112.814179,0.25740600000017366,40.48752863193989,33.7875,45.7125,1,1,1,1,257,11,11,257.0,11.0,257.0,257,11,10.42173279504641,46735.50733079992
4485,0,1694,4,4,2691000,2693086,3112.814179,3114.814769,2.000590000000102,40.17696122823723,33.7875,45.7125,1,1,1,1,2086,80,80,2092.0,80.0,2086.0,2086,80,80.37762686359929,46363.3228197658
4485,0,1695,4,4,2693086,2695151,3114.814769,3116.815757,2.0009879999997793,40.13838862737395,33.7875,45.7125,1,1,1,1,2065,80,80,2065.0,80.0,2065.0,2065,80,80.31643398270535,47155.70508169485
4485,0,1696,4,4,2695151,2697247,3116.815757,3118.81599,2.0002330000002075,40.08668284960476,33.7875,45.7125,1,1,1,1,2096,79,79,2099.0,80.0,2097.0,2096,79,80.18270589632448,47100.512790255045
4485,0,1697,4,4,2697247,2699304,3118.81599,3120.816027,2.000036999999793,40.12544649048716,33.7875,45.7125,1,1,1,1,2057,80,80,2056.0,79.0,2056.0,2057,80,80.25237762248435,45766.653316918375
4485,0,1698,4,4,2699304,2701417,3120.816027,3122.816844,2.0008170000000973,40.36938502905415,33.7875,45.7125,1,1,1,1,2113,80,80,2113.0,80.0,2113.0,2113,80,80.7717518456775,47214.212993989655
4485,0,1699,4,4,2701417,2703491,3122.816844,3124.820087,2.0032430000001114,39.84057532678864,33.7875,45.7125,1,1,1,1,2074,80,80,2075.0,80.0,2074.0,2074,80,79.81035363936098,46580.46976826816
4485,0,1700,4,4,2703491,2704000,3124.820087,3125.323416,0.5033290000001216,40.30363340740913,33.7875,45.7125,1,1,1,1,509,20,20,509.0,21.0,509.0,509,21,20.285987499315524,45822.911058163605
4485,0,1701,4,4,2704000,2706070,3125.323416,3127.323762,2.0003459999998086,40.06723926966289,33.7875,45.7125,1,1,1,1,2070,80,80,2074.0,79.0,2070.0,2070,79,80.14834180410253,46588.44019984989
4485,0,1702,4,4,2706070,2708149,3127.323762,3129.327656,2.0038939999999457,39.98566573033085,33.7875,45.7125,1,1,1,1,2079,79,79,2081.0,80.0,2079.0,2079,79,80.12703564301773,46385.188038889544
4485,0,1703,4,4,2708149,2710220,3129.327656,3131.328323,2.0006670000002487,39.783243000812334,33.7875,45.7125,1,1,1,1,2071,80,80,2071.0,80.0,2071.0,2071,80,79.59302142472006,46250.075599781725
4485,0,1704,4,4,2710220,2712342,3131.328323,3133.328556,2.000232999999753,40.127055347426555,33.7875,45.7125,1,1,1,1,2122,80,80,2123.0,80.0,2122.0,2122,80,80.26346029873821,46862.04057227912
4485,0,1705,4,4,2712342,2714396,3133.328556,3135.328868,2.0003120000001218,39.708902512799845,33.7875,45.7125,1,1,1,1,2054,80,80,2054.0,80.0,2054.0,2054,80,79.43019420318888,46620.227244547015
4485,0,1706,4,4,2714396,2716509,3135.328868,3137.329048,2.0001800000000003,39.666604592436734,33.7875,45.7125,1,1,1,1,2113,80,80,2113.0,80.0,2113.0,2113,80,79.34034917369718,46464.81816636502
4485,0,1707,4,4,2716509,2717000,3137.329048,3137.813754,0.48470599999973274,39.65054566287335,33.7875,45.7125,1,1,1,1,491,20,20,491.0,20.0,491.0,491,20,19.218857386062155,45555.45010792558
4485,0,1708,4,4,2717000,2719041,3137.813754,3139.814542,2.0007880000002842,39.21980055747863,33.7875,45.7125,1,1,1,1,2041,79,79,2044.0,79.0,2041.0,2041,79,78.47050631781167,46618.63225888337
4485,0,1709,4,4,2719041,2721055,3139.814542,3141.815027,2.000485000000026,39.82445176680948,33.7875,45.7125,1,1,1,1,2014,80,80,2014.0,80.0,2014.0,2014,80,79.66821839273325,46044.33424894403
4485,0,1710,4,4,2721055,2723076,3141.815027,3143.815936,2.000908999999865,39.64227599241,33.7875,45.7125,1,1,1,1,2021,80,80,2021.0,80.0,2021.0,2021,80,79.32058681368653,46419.40238162068
4485,0,1711,4,4,2723076,2725142,3143.815936,3145.815906,1.9999699999998484,39.11786012572499,33.7875,45.7125,1,1,1,1,2066,80,80,2066.0,80.0,2066.0,2066,80,78.23454671564105,46807.702115535285
4485,0,1712,4,4,2725142,2727142,3145.815906,3147.81597,2.000064000000293,39.59668631313859,33.7875,45.7125,1,1,1,1,2000,80,80,2001.0,80.0,2000.0,2000,80,79.19590681421687,45525.04319861097
4485,0,1713,4,4,2727142,2729168,3147.81597,3149.816183,2.0002129999998033,39.76373388731103,33.7875,45.7125,1,1,1,1,2026,80,80,2027.0,80.0,2026.0,2026,80,79.5359374499385,45703.63256313652
4485,0,1714,4,4,2729168,2730000,3149.816183,3150.578081,0.7618980000002011,39.65504701812705,33.7875,45.7125,1,1,1,1,832,31,31,832.0,31.0,832.0,832,31,30.213101013025152,46882.91608586789
4485,0,1715,4,4,2730000,2732040,3150.578081,3152.579401,2.0013199999998506,39.40310864455677,33.7875,45.7125,1,1,1,1,2040,79,79,2044.0,80.0,2040.0,2040,80,78.85822939251375,45429.51651910079
4485,0,1716,4,4,2732040,2734188,3152.579401,3154.580133,2.000731999999971,39.56269761587,33.7875,45.7125,1,1,1,1,2148,80,80,2149.0,79.0,2148.0,2148,79,79.15435512638942,46902.833562916654
4485,0,1717,4,4,2734188,2736286,3154.580133,3156.580191,2.000058000000081,39.62540638379262,33.7875,45.7125,1,1,1,1,2098,80,80,2098.0,80.0,2098.0,2098,80,79.25311104116554,46046.16466122296
4485,0,1718,4,4,2736286,2738417,3156.580191,3158.583636,2.0034449999998287,39.647417199619454,33.7875,45.7125,1,1,1,1,2131,79,79,2132.0,80.0,2131.0,2131,79,79.43141975149047,46542.82997537141
4485,0,1719,4,4,2738417,2740421,3158.583636,3160.583861,2.0002250000002277,39.6887940382269,33.7875,45.7125,1,1,1,1,2004,80,80,2006.0,80.0,2004.0,2004,80,79.386518055122,45029.934132404975
4485,0,1720,4,4,2740421,2742471,3160.583861,3162.58581,2.001948999999968,39.714740946863095,33.7875,45.7125,1,1,1,1,2050,80,80,2050.0,80.0,2050.0,2050,80,79.50688592382357,46038.135836627946
4485,0,1721,4,4,2742471,2743000,3162.58581,3163.084708,0.4988979999998264,39.938493006277035,33.7875,45.7125,1,1,1,1,529,20,20,529.0,20.0,529.0,529,20,19.925234283844475,47320.29392783337
4485,0,1722,4,4,2743000,2745096,3163.084708,3165.084787,2.0000789999999142,40.13534000996379,33.7875,45.7125,1,1,1,1,2096,80,80,2098.0,80.0,2096.0,2096,80,80.27385071179015,46463.16470499615
4485,0,1723,4,4,2745096,2747159,3165.084787,3167.085657,2.0008700000003046,39.92493753546289,33.7875,45.7125,1,1,1,1,2063,80,80,2064.0,80.0,2063.0,2063,80,79.88460976659553,46127.93434855135
4485,0,1724,4,4,2747159,2749245,3167.085657,3169.086272,2.000614999999925,40.00135650613312,33.7875,45.7125,1,1,1,1,2086,80,80,2087.0,80.0,2086.0,2086,80,80.0273138465127,46831.099436924895
4485,0,1725,4,4,2749245,2751349,3169.086272,3171.088209,2.001936999999998,40.27502729986131,33.7875,45.7125,1,1,1,1,2104,80,80,2104.0,80.0,2104.0,2104,80,80.6280673276051,46526.43914368938
4485,0,1726,4,4,2751349,2753475,3171.088209,3173.090904,2.0026950000001307,39.63321277787261,33.7875,45.7125,1,1,1,1,2126,80,80,2127.0,80.0,2126.0,2126,80,79.37323706418101,46314.09176134856
4485,0,1727,4,4,2753475,2755581,3173.090904,3175.090993,2.0000889999996616,39.89455498672473,33.7875,45.7125,1,1,1,1,2106,80,80,2106.0,80.0,2106.0,2106,80,79.79266058883513,46304.4394524522
4485,0,1728,4,4,2755581,2756000,3175.090993,3175.483487,0.39249400000016976,39.935010477321015,33.7875,45.7125,1,1,1,1,419,16,16,421.0,16.0,419.0,419,16,15.67425200229627,46301.344733912214
4485,0,1729,4,4,2756000,2758163,3175.483487,3177.483768,2.0002810000000864,40.280602780111245,33.7875,45.7125,1,1,1,1,2163,80,80,2168.0,80.0,2163.0,2163,80,80.5725244096102,47684.80028555782
4485,0,1730,4,4,2758163,2760273,3177.483768,3179.484001,2.000232999999753,40.29583843505651,33.7875,45.7125,1,1,1,1,2110,79,79,2110.0,79.0,2110.0,2110,79,80.60106580045249,46712.55798700029
4485,0,1731,4,4,2760273,2762326,3179.484001,3181.484332,2.0003310000001875,40.297415841183955,33.7875,45.7125,1,1,1,1,2053,80,80,2054.0,80.0,2054.0,2053,80,80.60817012701591,45994.887846057165
4485,0,1732,4,4,2762326,2764427,3181.484332,3183.484298,1.9999659999998585,40.12295662782932,33.7875,45.7125,1,1,1,1,2101,80,80,2102.0,80.0,2100.0,2101,80,80.244549075127,46990.79884358367
4485,0,1733,4,4,2764427,2766522,3183.484298,3185.485115,2.0008170000000973,40.166539892959435,33.7875,45.7125,1,1,1,1,2095,80,80,2097.0,80.0,2095.0,2095,80,80.3658958490123,46676.432677249075
4485,0,1734,4,4,2766522,2768600,3185.485115,3187.48667,2.0015549999998257,40.3740931295183,33.7875,45.7125,1,1,1,1,2078,80,80,2078.0,80.0,2078.0,2078,80,80.81096797384089,46565.79509431823
4485,0,1735,4,4,2768600,2769000,3187.48667,3187.864644,0.37797400000044945,40.49358409123546,33.7875,45.7125,1,1,1,1,400,15,15,400.0,15.0,400.0,400,15,15.305521953312564,46280.961124255104
4485,0,1736,4,4,2769000,2771144,3187.864644,3189.864788,2.0001439999996364,39.96025013176955,33.7875,45.7125,1,1,1,1,2144,80,80,2145.0,80.0,2144.0,2144,80,79.92625453954679,46614.143781656196
4485,0,1737,4,4,2771144,2773200,3189.864788,3191.868397,2.003609000000324,39.83198048780643,33.7875,45.7125,1,1,1,1,2056,79,79,2057.0,80.0,2056.0,2056,79,79.80771459320385,46185.15888079212
4485,0,1738,4,4,2773200,2775193,3191.868397,3193.869081,2.0006839999996373,39.49864410913183,33.7875,45.7125,1,1,1,1,1993,80,80,1993.0,80.0,1993.0,1993,80,79.02430529081903,46232.18859151009
4485,0,1739,4,4,2775193,2777227,3193.869081,3195.870444,2.0013630000003104,39.271741390918116,33.7875,45.7125,1,1,1,1,2034,80,80,2035.0,80.0,2034.0,2034,80,78.59701016536565,45814.27756982905
4485,0,1740,4,4,2777227,2779306,3195.870444,3197.872393,2.001948999999968,39.729314636851804,33.7875,45.7125,1,1,1,1,2079,80,80,2079.0,80.0,2079.0,2079,80,79.53606170792773,46774.917842563176
4485,0,1741,4,5,2779306,2781426,3197.872393,3199.872666,2.0002730000001065,33.348261150018566,33.7875,45.7125,1,0,0,1,2120,80,80,2120.0,80.0,2120.0,2120,80,78.57043889196939,38755.15807790584
4485,0,1742,5,5,2781426,2782000,3199.872666,3200.424319,0.5516529999999875,39.127903799948655,33.7875,45.7125,1,1,0,1,574,22,22,574.0,22.0,574.0,574,22,21.585025514956214,46065.18953037611
4485,0,1743,5,5,2782000,2784051,3200.424319,3202.424806,2.0004869999997936,39.727374190630194,33.7875,45.7125,1,1,1,1,2051,80,80,2052.0,80.0,2051.0,2051,80,79.47409561248787,46258.236119509675
4485,0,1744,5,5,2784051,2786092,3202.424806,3204.429116,2.004309999999805,39.878214063264586,33.7875,45.7125,1,1,1,1,2041,80,80,2041.0,80.0,2041.0,2041,80,79.92830322912778,46092.67029551766
4485,0,1745,5,5,2786092,2788136,3204.429116,3206.430048,2.0009320000003754,39.988019430390295,33.7875,45.7125,1,1,1,1,2044,80,80,2044.0,80.0,2044.0,2044,80,80.01330769489869,46577.79474763886
4485,0,1746,5,5,2788136,2790182,3206.430048,3208.431794,2.001745999999912,39.74149671713136,33.7875,45.7125,1,1,1,1,2046,80,80,2046.0,80.0,2046.0,2046,80,79.55238208752417,45783.53097745869
4485,0,1747,5,5,2790182,2792199,3208.431794,3210.43222,2.0004260000000613,39.21587247576249,33.7875,45.7125,1,1,1,1,2017,80,80,2017.0,80.0,2017.0,2017,80,78.44845091320167,45245.862631258155
4485,0,1748,5,5,2792199,2794199,3210.43222,3212.433175,2.0009549999999763,39.18956854010352,33.7875,45.7125,1,1,1,1,2000,80,80,2000.0,80.0,2000.0,2000,80,78.41656311816769,45321.85881241761
4485,0,1749,5,5,2794199,2795000,3212.433175,3213.212967,0.7797919999998157,39.19257256685518,33.7875,45.7125,1,1,1,1,801,31,31,801.0,31.0,801.0,801,31,30.56205454704468,46661.16092497563
4485,0,1750,5,5,2795000,2797106,3213.212967,3215.214565,2.0015980000002855,39.29838795500805,33.7875,45.7125,1,1,1,1,2106,80,80,2109.0,80.0,2106.0,2106,80,78.6595747339743,46321.48913017837
4485,0,1751,5,5,2797106,2799049,3215.214565,3217.215558,2.000992999999653,39.2484003280956,33.7875,45.7125,1,1,1,1,1943,80,80,1944.0,80.0,1943.0,1943,80,78.535774317701,45918.201612907156
4485,0,1752,5,5,2799049,2801090,3217.215558,3219.215951,2.0003930000002583,39.76204831460225,33.7875,45.7125,1,1,1,1,2041,80,80,2043.0,80.0,2041.0,2041,80,79.53972311419784,45729.01424869423
4485,0,1753,5,5,2801090,2803167,3219.215951,3221.216343,2.00039199999992,39.807490057052,33.7875,45.7125,1,1,1,1,2077,80,80,2079.0,80.0,2077.0,2077,80,79.63058465020731,46085.467248421155
4485,0,1754,5,5,2803167,2805286,3221.216343,3223.217824,2.001480999999785,39.69071549381711,33.7875,45.7125,1,1,1,1,2119,80,80,2119.0,80.0,2119.0,2119,80,79.44021293727565,46293.21987069073
4485,0,1755,5,5,2805286,2807362,3223.217824,3225.218386,2.0005620000001727,39.89959541999802,33.7875,45.7125,1,1,1,1,2076,80,80,2077.0,80.0,2076.0,2076,80,79.82161441263452,46540.422141374256
4485,0,1756,5,5,2807362,2808000,3225.218386,3225.892465,0.6740789999998924,40.081956036738504,33.7875,45.7125,1,1,1,1,638,27,27,638.0,27.0,638.0,638,27,27.01840484328568,43534.95658521432
4485,0,1757,5,5,2808000,2809985,3225.892465,3227.893049,2.00058399999989,39.551495350980815,33.7875,45.7125,1,1,1,1,1985,80,80,1986.0,80.0,1985.0,1985,80,79.12608877524326,45504.712623916326
4485,0,1758,5,5,2809985,2812005,3227.893049,3229.893165,2.000116000000162,40.04108770985532,33.7875,45.7125,1,1,1,1,2020,80,80,2020.0,80.0,2020.0,2020,80,80.08682018589752,46530.80121352585
4485,0,1759,5,5,2812005,2814117,3229.893165,3231.894542,2.0013770000000477,39.93220930507933,33.7875,45.7125,1,1,1,1,2112,79,79,2113.0,79.0,2112.0,2112,79,79.91940526237886,46735.32273029907
4485,0,1760,5,5,2814117,2816171,3231.894542,3233.89585,2.001307999999881,39.799927157529844,33.7875,45.7125,1,1,1,1,2054,80,80,2055.0,80.0,2054.0,2054,80,79.6519126197818,46347.18893843702
4485,0,1761,5,5,2816171,2818280,3233.89585,3235.896026,2.0001760000000104,39.72909338151401,33.7875,45.7125,1,1,1,1,2109,80,80,2109.0,80.0,2109.0,2109,80,79.46517908346141,46460.41148378918
4485,0,1762,5,5,2818280,2820385,3235.896026,3237.896997,2.000970999999936,39.94506356801287,33.7875,45.7125,1,1,1,1,2105,80,80,2107.0,80.0,2105.0,2105,80,79.92891379274079,46228.55603604598
4485,0,1763,5,5,2820385,2821000,3237.896997,3238.506261,0.6092640000001666,39.5958979402171,33.7875,45.7125,1,1,1,1,615,25,25,617.0,25.0,615.0,615,25,24.124355162653956,44847.55376978211
4485,0,1764,5,5,2821000,2823077,3238.506261,3240.507172,2.0009110000000874,40.31427597040511,33.7875,45.7125,1,1,1,1,2077,80,80,2080.0,80.0,2077.0,2077,80,80.6652782462188,47598.818738062735
4485,0,1765,5,5,2823077,2825140,3240.507172,3242.508196,2.001024000000143,39.9541127938195,33.7875,45.7125,1,1,1,1,2063,79,79,2066.0,80.0,2063.0,2063,79,79.94913859914232,46459.71262713159
4485,0,1766,5,5,2825140,2827159,3242.508196,3244.508552,2.000355999999556,39.63838849960565,33.7875,45.7125,1,1,1,1,2019,79,79,2019.0,79.0,2019.0,2019,79,79.29088826550287,45746.85705945358
4485,0,1767,5,5,2827159,2829272,3244.508552,3246.508576,2.000024000000394,39.88855145803739,33.7875,45.7125,1,1,1,1,2113,80,80,2113.0,80.0,2113.0,2113,80,79.77806024132587,45752.95096457941
4485,0,1768,5,5,2829272,2831434,3246.508576,3248.509326,2.000749999999698,39.64213009837443,33.7875,45.7125,1,1,1,1,2162,79,79,2165.0,80.0,2162.0,2162,79,79.31399179430446,46914.40709734558
4485,0,1769,5,5,2831434,2833460,3248.509326,3250.511999,2.002672999999959,40.13714110431909,33.7875,45.7125,1,1,1,1,2026,80,80,2028.0,80.0,2026.0,2026,80,80.38156878680456,46892.82773573216
4485,0,1770,5,5,2833460,2834000,3250.511999,3251.01518,0.5031810000000405,39.81926540688654,33.7875,45.7125,1,1,1,1,540,20,20,540.0,20.0,540.0,540,20,20.03629778670438,46086.79580508432
4485,0,1771,5,5,2834000,2836022,3251.01518,3253.018123,2.0029429999999593,39.64008641897262,33.7875,45.7125,1,1,1,1,2022,79,79,2028.0,80.0,2022.0,2022,79,79.39683361227799,45474.58414942505
4485,0,1772,5,5,2836022,2838170,3253.018123,3255.018275,2.000152000000071,40.05219618771998,33.7875,45.7125,1,1,1,1,2148,80,80,2149.0,80.0,2148.0,2148,80,80.11048030926031,46414.97246209123
4485,0,1773,5,5,2838170,2840247,3255.018275,3257.019831,2.001556000000164,39.915484332117266,33.7875,45.7125,1,1,1,1,2077,80,80,2077.0,80.0,2077.0,2077,80,79.8930771578598,46511.813808852894
4485,0,1774,5,5,2840247,2842330,3257.019831,3259.020355,2.0005240000000413,39.46204625366504,33.7875,45.7125,1,1,1,1,2083,80,80,2084.0,80.0,2083.0,2083,80,78.94477061956422,46296.37035096709
4485,0,1775,5,5,2842330,2844400,3259.020355,3261.0228,2.0024450000000797,39.654788477009006,33.7875,45.7125,1,1,1,1,2070,80,80,2070.0,80.0,2070.0,2070,80,79.40653291184572,45768.54795012914
4485,0,1776,5,5,2844400,2846369,3261.0228,3263.022881,2.000080999999682,39.674862322974356,33.7875,45.7125,1,1,1,1,1969,80,80,1970.0,80.0,1969.0,1969,80,79.35293830977753,46409.62041038076
4485,0,1777,5,5,2846369,2847000,3263.022881,3263.64889,0.6260090000000673,39.30555302200128,33.7875,45.7125,1,1,1,1,631,25,25,631.0,25.0,631.0,631,25,24.60562994175416,45325.226953601225
4485,0,1778,5,5,2847000,2849054,3263.64889,3265.65047,2.0015800000001036,39.34548816052704,33.7875,45.7125,1,1,1,1,2054,80,80,2055.0,80.0,2054.0,2054,80,78.7531421923486,45317.19941246181
4485,0,1779,5,5,2849054,2851144,3265.65047,3267.651668,2.001197999999931,39.537440503482586,33.7875,45.7125,1,1,1,1,2090,80,80,2091.0,80.0,2090.0,2090,80,79.12224686068657,45994.94902553529
4485,0,1780,5,5,2851144,2853158,3267.651668,3269.653089,2.0014209999999366,39.664202309330804,33.7875,45.7125,1,1,1,1,2014,80,80,2016.0,80.0,2014.0,2014,80,79.38476745014486,45342.28430700131
4485,0,1781,5,5,2853158,2855210,3269.653089,3271.653214,2.0001250000000255,39.564539296891546,33.7875,45.7125,1,1,1,1,2052,80,80,2056.0,80.0,2052.0,2052,80,79.13402416119061,45394.16286482037
4485,0,1782,5,5,2855210,2857193,3271.653214,3273.653259,2.0000450000002274,39.593622155636226,33.7875,45.7125,1,1,1,1,1983,80,80,1984.0,80.0,1983.0,1983,80,79.18902602427988,45837.96864570026
4485,0,1783,5,5,2857193,2859265,3273.653259,3275.657482,2.004222999999911,39.49219658124992,33.7875,45.7125,1,1,1,1,2072,80,80,2072.0,80.0,2072.0,2072,80,79.1511687086604,45151.66226512919
4485,0,1784,5,5,2859265,2860000,3275.657482,3276.399624,0.742142000000058,39.34843409273169,33.7875,45.7125,1,1,1,1,735,30,30,738.0,30.0,735.0,735,30,29.202125574447564,45561.36157231009
4485,0,1785,5,5,2860000,2862117,3276.399624,3278.400931,2.001306999999997,39.8347267625992,33.7875,45.7125,1,1,1,1,2117,80,80,2120.0,80.0,2117.0,2117,80,79.72151751308411,46791.921479313336
4485,0,1786,5,5,2862117,2864142,3278.400931,3280.40383,2.0028990000000704,39.86663403195407,33.7875,45.7125,1,1,1,1,2025,80,80,2028.0,80.0,2025.0,2025,80,79.84884143597446,45619.873992646055
4485,0,1787,5,5,2864142,2866200,3280.40383,3282.405094,2.001263999999992,39.82511314264426,33.7875,45.7125,1,1,1,1,2058,80,80,2060.0,80.0,2058.0,2058,80,79.70056522829691,46185.81056772139
4485,0,1788,5,5,2866200,2868116,3282.405094,3284.408664,2.003569999999854,39.82380693091026,33.7875,45.7125,1,1,1,1,1916,75,75,2036.0,80.0,1916.0,1916,75,79.78978485256084,46893.794576684035
4485,0,1789,5,5,2868116,2870233,3284.408664,3286.410996,2.002332000000024,39.77941112909877,33.7875,45.7125,1,1,1,1,2117,80,80,2117.0,80.0,2117.0,2117,80,79.65158784495725,46887.8287916284
4485,0,1790,5,5,2870233,2872270,3286.410996,3288.411405,2.000408999999763,40.10463345455247,33.7875,45.7125,1,1,1,1,2037,80,80,2037.0,80.0,2037.0,2037,80,80.22566970417392,45847.62416086453
4485,0,1791,5,5,2872270,2873000,3288.411405,3289.111979,0.7005739999999605,39.78448557816717,33.7875,45.7125,1,1,1,1,730,28,28,734.0,28.0,730.0,730,28,27.871976199443452,46834.45289148876
4485,0,1792,5,5,2873000,2874943,3289.111979,3291.113308,2.001329000000169,39.68783208447723,33.7875,45.7125,1,1,1,1,1943,80,80,1946.0,80.0,1943.0,1943,80,79.42840929780505,44862.688743326275
4485,0,1793,5,5,2874943,2877002,3291.113308,3293.113468,2.000160000000051,39.99249166245613,33.7875,45.7125,1,1,1,1,2059,79,79,2059.0,79.0,2059.0,2059,79,79.9913821235823,46652.767778576526
4485,0,1794,5,5,2877002,2879055,3293.113468,3295.11368,2.0002119999999195,40.25958524357817,33.7875,45.7125,1,1,1,1,2053,80,80,2053.0,80.0,2053.0,2053,80,80.52770551922731,47045.51317560528
4485,0,1795,5,5,2879055,2881161,3295.11368,3297.114537,2.0008569999999963,39.702825623215524,33.7875,45.7125,1,1,1,1,2106,80,80,2106.0,80.0,2106.0,2106,80,79.43967656798486,45794.87689525047
4485,0,1796,5,5,2881161,2883277,3297.114537,3299.115187,2.0006499999999505,39.95800434099404,33.7875,45.7125,1,1,1,1,2116,80,80,2116.0,80.0,2116.0,2116,80,79.94198138480715,48005.89808312417
4485,0,1797,5,5,2883277,2885381,3299.115187,3301.11575,2.0005630000000565,39.99796404696565,33.7875,45.7125,1,1,1,1,2104,79,79,2108.0,80.0,2104.0,2104,79,80.01844694769534,47258.196817594515
4485,0,1798,5,5,2885381,2886000,3301.11575,3301.719096,0.603345999999874,39.58794804728465,33.7875,45.7125,1,1,1,1,619,24,24,619.0,24.0,619.0,619,24,23.88523010253266,46094.612378313286
4485,0,1799,5,5,2886000,2888045,3301.719096,3303.719107,2.000011000000086,39.83816893992846,33.7875,45.7125,1,1,1,1,2045,80,80,2048.0,80.0,2045.0,2045,80,79.67677609971724,45895.747573386376
4485,0,1800,5,5,2888045,2890073,3303.719107,3305.719319,2.0002119999999195,39.85976308372471,33.7875,45.7125,1,1,1,1,2028,80,80,2029.0,80.0,2029.0,2028,80,79.72797643722151,45977.62637160646
4485,0,1801,5,5,2890073,2892214,3305.719319,3307.719884,2.000565000000279,40.18433611067408,33.7875,45.7125,1,1,1,1,2141,80,80,2141.0,80.0,2140.0,2141,80,80.3913763712626,46442.38002763572
4485,0,1802,5,5,2892214,2894248,3307.719884,3309.720713,2.000829000000067,39.2245210823058,33.7875,45.7125,1,1,1,1,2034,80,80,2037.0,80.0,2034.0,2034,80,78.48155929258792,45687.062712504136
4485,0,1803,5,5,2894248,2896344,3309.720713,3311.72221,2.0014969999997447,39.19249170885326,33.7875,45.7125,1,1,1,1,2096,80,80,2096.0,80.0,2096.0,2096,80,78.44365457778622,45942.61195495758
4485,0,1804,5,5,2896344,2898450,3311.72221,3313.72328,2.0010700000002544,39.4963211577661,33.7875,45.7125,1,1,1,1,2106,80,80,2106.0,80.0,2106.0,2106,80,79.03490337918629,46476.63500026894
4485,0,1805,5,5,2898450,2899000,3313.72328,3314.224627,0.5013469999998961,39.130380843626696,33.7875,45.7125,1,1,1,1,550,20,20,550.0,20.0,550.0,550,20,19.617899044809747,45672.95705370681
4485,0,1806,5,5,2899000,2901116,3314.224627,3316.224969,2.0003419999998187,39.360135569681404,33.7875,45.7125,1,1,1,1,2116,80,80,2119.0,80.0,2116.0,2116,80,78.73373230571451,45722.18150696645
4485,0,1807,5,5,2901116,2903086,3316.224969,3318.225201,2.0002320000003238,39.05801103626524,33.7875,45.7125,1,1,1,1,1970,80,80,1970.0,80.0,1970.0,1970,80,78.12508353110752,44762.807514321095
4485,0,1808,5,5,2903086,2905128,3318.225201,3320.228217,2.0030159999996613,39.13830913827663,33.7875,45.7125,1,1,1,1,2042,80,80,2042.0,80.0,2042.0,2042,80,78.39465941689559,45622.20171981425
4485,0,1809,5,5,2905128,2907148,3320.228217,3322.229023,2.0008060000000114,39.0004067411576,33.7875,45.7125,1,1,1,1,2020,80,80,2020.0,80.0,2020.0,2020,80,78.03224781014433,45409.69989094369
4485,0,1810,5,5,2907148,2909196,3322.229023,3324.229444,2.0004210000001876,39.34067024347921,33.7875,45.7125,1,1,1,1,2048,80,80,2048.0,80.0,2048.0,2048,80,78.69790290914534,45587.40385148499
4485,0,1811,5,5,2909196,2911187,3324.229444,3326.231633,2.0021889999998166,39.233188564012636,33.7875,45.7125,1,1,1,1,1991,80,80,1991.0,80.0,1991.0,1991,80,78.55225857777987,45386.32466765541
4485,0,1812,5,5,2911187,2912000,3326.231633,3327.000008,0.7683750000001055,39.56635310105908,33.7875,45.7125,1,1,1,1,813,30,30,813.0,30.0,813.0,813,30,30.401796564023243,46646.494224818714
4485,0,1813,5,5,2912000,2914125,3327.000008,3329.000301,2.000293000000056,39.59733220053246,33.7875,45.7125,1,1,1,1,2125,80,80,2129.0,80.0,2125.0,2125,80,79.20626641940908,47191.5864325863
4485,0,1814,5,5,2914125,2916224,3329.000301,3331.000663,2.000361999999768,39.95039457606472,33.7875,45.7125,1,1,1,1,2099,80,80,2101.0,80.0,2099.0,2099,80,79.91525119495054,47513.899984108386
4485,0,1815,5,5,2916224,2918368,3331.000663,3333.000703,2.0000400000003538,39.77314814232347,33.7875,45.7125,1,1,1,1,2144,80,80,2146.0,80.0,2144.0,2144,80,79.54788721058867,46491.070178588205
4485,0,1816,5,5,2918368,2920472,3333.000703,3335.001411,2.0007080000000315,39.88956264239092,33.7875,45.7125,1,1,1,1,2104,80,80,2106.0,80.0,2104.0,2104,80,79.80736709512712,46382.58056647874
4485,0,1817,5,5,2920472,2922608,3335.001411,3337.002038,2.000626999999895,39.77617000883081,33.7875,45.7125,1,1,1,1,2136,80,80,2136.0,80.0,2136.0,2136,80,79.57727967624669,46457.43559394374
4485,0,1818,5,5,2922608,2924654,3337.002038,3339.002479,2.000441000000137,39.62181517671551,33.7875,45.7125,1,1,1,1,2046,80,79,2047.0,80.0,2046.0,2046,79,79.26110357392463,45672.9291191261
4485,0,1819,5,5,2924654,2925000,3339.002479,3339.352302,0.3498229999995601,39.822852481331644,33.7875,45.7125,1,1,1,1,346,14,14,346.0,14.0,346.0,346,14,13.9309497235663,46520.6690241078
4485,0,1820,5,5,2925000,2927050,3339.352302,3341.352468,2.000166000000263,39.85270479577911,33.7875,45.7125,1,1,1,1,2050,80,80,2053.0,80.0,2050.0,2050,80,79.71202514055767,45487.224560355506
4485,0,1821,5,5,2927050,2929102,3341.352468,3343.352513,2.0000449999997727,39.63592609075049,33.7875,45.7125,1,1,1,1,2052,80,80,2052.0,80.0,2052.0,2052,80,79.27363579816301,46095.46285209107
4485,0,1822,5,5,2929102,2931263,3343.352513,3345.352541,2.000028000000384,40.00845579762661,33.7875,45.7125,1,1,1,1,2161,80,80,2161.0,80.0,2161.0,2161,80,80.01803183203447,47414.8361922842
4485,0,1823,5,5,2931263,2933366,3345.352541,3347.352905,2.0003639999999905,39.83101632739497,33.7875,45.7125,1,1,1,1,2103,80,80,2104.0,80.0,2103.0,2103,80,79.67653114473796,46530.53144327755
4485,0,1824,5,5,2933366,2935375,3347.352905,3349.353155,2.000249999999596,39.84181875932559,33.7875,45.7125,1,1,1,1,2009,79,79,2009.0,80.0,2009.0,2009,80,79.69359797332436,45483.81452319378
4485,0,1825,5,5,2935375,2937458,3349.353155,3351.353845,2.0006900000003043,39.510557089016395,33.7875,45.7125,1,1,1,1,2083,80,80,2083.0,79.0,2083.0,2083,79,79.04837646243686,46229.550804965256
4485,0,1826,5,5,2937458,2938000,3351.353845,3351.908578,0.554732999999942,39.44780698326109,33.7875,45.7125,1,1,1,1,542,23,23,543.0,23.0,542.0,542,23,21.883000311237993,47217.309949115595
4485,0,1827,5,5,2938000,2940049,3351.908578,3353.908801,2.0002230000000054,39.39981709529218,33.7875,45.7125,1,1,1,1,2049,80,80,2050.0,80.0,2049.0,2049,80,78.80842034980014,45584.41733746675
4485,0,1828,5,5,2940049,2942111,3353.908801,3355.91056,2.0017589999997654,39.66138928884823,33.7875,45.7125,1,1,1,1,2062,79,79,2063.0,79.0,2062.0,2062,79,79.39254296144645,45228.72133958714
4485,0,1829,5,5,2942111,2944144,3355.91056,3357.91109,2.0005300000002535,39.81376813178808,33.7875,45.7125,1,1,1,1,2033,80,80,2033.0,80.0,2033.0,2033,80,79.64863756069099,46937.06167864921
4485,0,1830,5,5,2944144,2946232,3357.91109,3359.911117,2.0000270000000455,39.98555218488518,33.7875,45.7125,1,1,1,1,2088,80,80,2089.0,80.0,2088.0,2088,80,79.9721839796839,47164.86327434472
4485,0,1831,5,5,2946232,2948273,3359.911117,3361.911298,2.000180999999884,39.503006871128335,33.7875,45.7125,1,1,1,1,2041,79,79,2044.0,80.0,2041.0,2041,79,79.0131637864979,45660.86769147657
4485,0,1832,5,5,2948273,2950320,3361.911298,3363.912225,2.000927000000047,39.687539219287714,33.7875,45.7125,1,1,1,1,2047,80,80,2051.0,80.0,2047.0,2047,80,79.41186878742883,45882.2335847324
4485,0,1833,5,5,2950320,2951000,3363.912225,3364.589918,0.6776930000000903,39.797271223743024,33.7875,45.7125,1,1,1,1,680,27,27,680.0,27.0,680.0,680,27,26.970332127442816,45353.8696725448
4485,0,1834,5,5,2951000,2953112,3364.589918,3366.590285,2.0003670000000966,39.935657891645235,33.7875,45.7125,1,1,1,1,2112,80,80,2113.0,80.0,2112.0,2112,80,79.88597216973722,46661.43762619334
4485,0,1835,5,5,2953112,2955067,3366.590285,3368.590642,2.0003569999998945,39.5594519504787,33.7875,45.7125,1,1,1,1,1955,80,80,1956.0,80.0,1955.0,1955,80,79.13302662530623,45064.45599460734
4485,0,1836,5,5,2955067,2957172,3368.590642,3370.590963,2.0003209999999854,39.56729695946662,33.7875,45.7125,1,1,1,1,2105,80,80,2106.0,80.0,2105.0,2105,80,79.14729502126283,45893.63407173182
4485,0,1837,5,5,2957172,2959274,3370.590963,3372.592439,2.0014759999999114,39.81732286844965,33.7875,45.7125,1,1,1,1,2102,79,79,2113.0,80.0,2102.0,2102,79,79.69341610545234,46962.84142303188
4485,0,1838,5,5,2959274,2961395,3372.592439,3374.594304,2.00186500000018,39.75621844513557,33.7875,45.7125,1,1,1,1,2121,80,80,2122.0,80.0,2121.0,2121,80,79.58658223767998,46517.12278300067
4485,0,1839,5,5,2961395,2963493,3374.594304,3376.595619,2.001314999999977,40.0460578739245,33.7875,45.7125,1,1,1,1,2098,80,80,2099.0,80.0,2098.0,2098,80,80.14477631395857,46242.59549346358
4485,0,1840,5,5,2963493,2964000,3376.595619,3377.104505,0.5088859999996203,40.155757187862015,33.7875,45.7125,1,1,1,1,507,20,20,507.0,20.0,507.0,507,20,20.43470265228825,46615.5484725807
4485,0,1841,5,5,2964000,2966026,3377.104505,3379.105486,2.000981000000138,39.75651297935453,33.7875,45.7125,1,1,1,1,2026,80,80,2028.0,80.0,2026.0,2026,80,79.55202709794685,45836.51718831597
4485,0,1842,5,5,2966026,2968031,3379.105486,3381.105537,2.000050999999985,39.80783630108115,33.7875,45.7125,1,1,1,1,2005,80,80,2007.0,80.0,2005.0,2005,80,79.61770280181372,45542.83865761457
4485,0,1843,5,5,2968031,2970031,3381.105537,3383.105698,2.0001609999999346,39.29840447255398,33.7875,45.7125,1,1,1,1,2000,80,80,2000.0,80.0,2000.0,2000,80,78.60313598823268,45633.8264769701
4485,0,1844,5,5,2970031,2972113,3383.105698,3385.105932,2.0002340000000913,39.54025397815397,33.7875,45.7125,1,1,1,1,2082,80,80,2082.0,80.0,2082.0,2082,80,79.08976037574757,46454.56481591442
4485,0,1845,5,5,2972113,2974188,3385.105932,3387.107715,2.0017830000001595,39.01295772754093,33.7875,45.7125,1,1,1,1,2075,80,80,2076.0,80.0,2075.0,2075,80,78.0954755587154,45771.19497967197
4485,0,1846,5,5,2974188,2976239,3387.107715,3389.109955,2.0022399999998015,39.395864094966306,33.7875,45.7125,1,1,1,1,2051,80,80,2052.0,80.0,2051.0,2051,80,78.87997492549766,46126.837941510086
4485,0,1847,5,5,2976239,2977000,3389.109955,3389.817149,0.7071940000000723,39.232628794962466,33.7875,45.7125,1,1,1,1,761,28,28,761.0,28.0,761.0,761,28,27.745079688029364,45517.9201180959
4485,0,1848,5,5,2977000,2978976,3389.817149,3391.817807,2.0006579999999303,39.668214660243635,33.7875,45.7125,1,1,1,1,1976,80,80,1980.0,80.0,1976.0,1976,80,79.36253100572503,46068.843350539275
4485,0,1849,5,5,2978976,2980928,3391.817807,3393.81791,2.0001030000003084,39.31735566138737,33.7875,45.7125,1,1,1,1,1952,80,80,1953.0,80.0,1952.0,1952,80,78.63876101041387,45211.67159890568
4485,0,1850,5,5,2980928,2982983,3393.81791,3395.818947,2.0010369999999966,39.70343726694357,33.7875,45.7125,1,1,1,1,2055,80,80,2058.0,80.0,2055.0,2055,80,79.44804699833912,46021.13803992637
4485,0,1851,5,5,2982983,2985085,3395.818947,3397.819264,2.0003169999999955,40.01937241155059,33.7875,45.7125,1,1,1,1,2102,80,80,2102.0,80.0,2102.0,2102,80,80.0514309641585,45844.73360972296
4485,0,1852,5,5,2985085,2987226,3397.819264,3399.819354,2.00009,39.94303769459477,33.7875,45.7125,1,1,1,1,2141,80,80,2143.0,80.0,2141.0,2141,80,79.88967026257887,47020.38408271627
4485,0,1853,5,5,2987226,2989340,3399.819354,3401.820026,2.0006719999996676,40.02188846959254,33.7875,45.7125,1,1,1,1,2114,80,80,2114.0,80.0,2114.0,2114,80,80.07067164822365,46122.003006997315
4485,0,1854,5,5,2989340,2990000,3401.820026,3402.433375,0.6133490000001984,39.639763250336536,33.7875,45.7125,1,1,1,1,660,24,24,660.0,24.0,660.0,660,24,24.313009149831487,47733.01986306414
4485,0,1855,5,5,2990000,2992070,3402.433375,3404.434761,2.0013859999999113,39.92021217396968,33.7875,45.7125,1,1,1,1,2070,80,80,2078.0,80.0,2070.0,2070,80,79.89575376201537,46031.100447392
4485,0,1856,5,5,2992070,2994169,3404.434761,3406.435669,2.0009079999999813,40.33417707239767,33.7875,45.7125,1,1,1,1,2099,80,80,2103.0,80.0,2099.0,2099,80,80.7049775775813,46272.49228850145
4485,0,1857,5,5,2994169,2996262,3406.435669,3408.436024,2.000355000000127,40.14654976343821,33.7875,45.7125,1,1,1,1,2093,80,80,2094.0,80.0,2093.0,2093,80,80.30735155205184,47367.5922523722
4485,0,1858,5,5,2996262,2998365,3408.436024,3410.439026,2.003001999999924,39.986896448571834,33.7875,45.7125,1,1,1,1,2103,80,80,2103.0,80.0,2103.0,2103,80,80.09383356028411,47330.45698406871
4485,0,1859,5,5,2998365,3000458,3410.439026,3412.439896,2.00086999999985,40.50970973037056,33.7875,45.7125,1,1,1,1,2093,80,80,2094.0,80.0,2093.0,2093,80,81.05466290819459,46501.27194670667
4485,0,1860,5,5,3000458,3002614,3412.439896,3414.440799,2.0009030000001076,40.23236445167632,33.7875,45.7125,1,1,1,1,2156,80,80,2156.0,80.0,2156.0,2156,80,80.50105872846325,47143.71461284976
4485,0,1861,5,5,3002614,3003000,3414.440799,3414.807818,0.3670190000002549,40.19013081457365,33.7875,45.7125,1,1,1,1,386,15,15,386.0,15.0,386.0,386,15,14.750541621440789,47463.48281693292
4485,0,1862,5,5,3003000,3005147,3414.807818,3416.808054,2.000235999999859,40.08636254674444,33.7875,45.7125,1,1,1,1,2147,80,80,2148.0,80.0,2147.0,2147,80,80.18218547504512,48062.828586230215
4485,0,1863,5,5,3005147,3007211,3416.808054,3418.809022,2.0009679999998298,39.85248279314237,33.7875,45.7125,1,1,1,1,2064,80,80,2068.0,80.0,2064.0,2064,80,79.7435427896271,47179.665042123626
4485,0,1864,5,5,3007211,3009320,3418.809022,3420.809407,2.0003850000002785,40.07536916419266,33.7875,45.7125,1,1,1,1,2109,79,79,2109.0,80.0,2109.0,2109,80,80.16616734552372,47017.4491410338
4485,0,1865,5,5,3009320,3011373,3420.809407,3422.810578,2.0011709999998857,39.898133519506814,33.7875,45.7125,1,1,1,1,2053,80,80,2053.0,79.0,2053.0,2053,79,79.84298775336356,46848.07045475142
4485,0,1866,5,5,3011373,3013385,3422.810578,3424.812337,2.0017589999997654,39.9166612864522,33.7875,45.7125,1,1,1,1,2012,80,80,2013.0,80.0,2012.0,2012,80,79.90353598009096,46246.825916611764
4485,0,1867,5,5,3013385,3015492,3424.812337,3426.812825,2.000488000000132,39.719385131065316,33.7875,45.7125,1,1,1,1,2107,80,80,2108.0,80.0,2107.0,2107,80,79.45815332207712,46295.70384825797
4485,0,1868,5,5,3015492,3016000,3426.812825,3427.309022,0.49619699999993827,39.91944605904846,33.7875,45.7125,1,1,1,1,508,20,20,508.0,20.0,508.0,508,20,19.80790937616257,46475.49259669621
4485,0,1869,5,5,3016000,3018072,3427.309022,3429.309227,2.0002050000002782,40.13897093808244,33.7875,45.7125,1,1,1,1,2072,80,80,2082.0,80.0,2072.0,2072,80,80.2861703652161,46764.70661756519
4485,0,1870,5,5,3018072,3020018,3429.309227,3431.309752,2.000524999999925,39.738446717288056,33.7875,45.7125,1,1,1,1,1946,80,80,1946.0,80.0,1946.0,1946,80,79.49775611910445,45815.97330700863
4485,0,1871,5,5,3020018,3022117,3431.309752,3433.309896,2.000144000000091,39.76212956263926,33.7875,45.7125,1,1,1,1,2099,80,80,2101.0,80.0,2099.0,2099,80,79.52998487194418,46230.67139165769
4485,0,1872,5,5,3022117,3024231,3433.309896,3435.30986,1.9999639999996361,39.85040647039548,33.7875,45.7125,1,1,1,1,2114,80,80,2116.0,80.0,2114.0,2114,80,79.69937832614232,46289.83321700633
4485,0,1873,5,5,3024231,3026331,3435.30986,3437.310558,2.000698000000284,39.892885949120924,33.7875,45.7125,1,1,1,1,2100,80,80,2104.0,80.0,2100.0,2100,80,79.81361713264778,46140.397001439946
4485,0,1874,5,5,3026331,3028359,3437.310558,3439.311079,2.000520999999935,40.051875443361915,33.7875,45.7125,1,1,1,1,2028,80,80,2028.0,80.0,2028.0,2028,80,80.1246179138252,45403.17247357211
4485,0,1875,5,5,3028359,3029000,3439.311079,3439.902432,0.5913529999997991,40.31732870195499,33.7875,45.7125,1,1,1,1,641,23,23,641.0,23.0,641.0,641,23,23.841773279884364,47792.09710614405
4485,0,1876,5,5,3029000,3031023,3439.902432,3441.90241,1.999978000000283,39.79594466077277,33.7875,45.7125,1,1,1,1,2023,80,80,2023.0,80.0,2023.0,2023,80,79.59101381077198,45484.50032949719
4485,0,1877,5,5,3031023,3033134,3441.90241,3443.902609,2.000199000000066,39.68399381840828,33.7875,45.7125,1,1,1,1,2111,80,80,2111.0,80.0,2111.0,2111,80,79.37588475158555,46598.86341308886
4485,0,1878,5,5,3033134,3035228,3443.902609,3445.903149,2.000540000000001,40.1895756698364,33.7875,45.7125,1,1,1,1,2094,80,80,2094.0,80.0,2094.0,2094,80,80.4008537105401,47953.55254081396
4485,0,1879,5,5,3035228,3037282,3445.903149,3447.90414,2.0009909999998854,39.813700593581764,33.7875,45.7125,1,1,1,1,2054,80,80,2055.0,80.0,2054.0,2054,80,79.66685656445043,46363.02712006467
4485,0,1880,5,5,3037282,3039289,3447.90414,3449.904445,2.0003050000000258,39.8874547735977,33.7875,45.7125,1,1,1,1,2007,80,80,2007.0,80.0,2007.0,2007,80,79.78707522089826,45843.508864897514
4485,0,1881,5,5,3039289,3041427,3449.904445,3451.909842,2.0053969999999026,40.33789847184782,33.7875,45.7125,1,1,1,1,2138,80,80,2138.0,80.0,2138.0,2138,80,80.8935005817475,47324.794043276524
4485,0,1882,5,5,3041427,3042000,3451.909842,3452.428289,0.5184469999999237,40.56234941367539,33.7875,45.7125,1,1,1,1,573,21,21,573.0,21.0,573.0,573,21,21.0294283664698,48238.29629644627
4485,0,1883,5,5,3042000,3044117,3452.428289,3454.429714,2.0014249999999265,40.48707567271409,33.7875,45.7125,1,1,1,1,2117,80,80,2117.0,80.0,2117.0,2117,80,81.03184542825329,47235.8444608234
4485,0,1884,5,5,3044117,3046204,3454.429714,3456.429785,2.0000709999999344,40.0819432767501,33.7875,45.7125,1,1,1,1,2087,80,80,2087.0,80.0,2087.0,2087,80,80.1667323714646,47638.30884003774
4485,0,1885,5,5,3046204,3048353,3456.429785,3458.430537,2.000752000000375,39.88733553511467,33.7875,45.7125,1,1,1,1,2149,79,79,2150.0,80.0,2149.0,2149,79,79.80466634656477,46817.396658847494
4485,0,1886,5,5,3048353,3050430,3458.430537,3460.432109,2.001571999999669,40.04302294899942,33.7875,45.7125,1,1,1,1,2077,80,80,2079.0,80.0,2078.0,2077,80,80.14899353006331,45748.042038964944
4485,0,1887,5,5,3050430,3052499,3460.432109,3462.432173,2.000064000000293,39.76115953285476,33.7875,45.7125,1,1,1,1,2069,80,80,2070.0,80.0,2068.0,2069,80,79.52486377993773,45337.04921441849
4485,0,1888,5,5,3052499,3054506,3462.432173,3464.432599,2.0004260000000613,39.81311944158982,33.7875,45.7125,1,1,1,1,2007,79,79,2007.0,79.0,2007.0,2007,79,79.64319927206088,45857.23240949537
4485,0,1889,5,5,3054506,3055000,3464.432599,3464.917324,0.48472499999979846,39.21670303269209,33.7875,45.7125,1,1,1,1,494,20,20,495.0,20.0,494.0,494,20,19.00931637751637,45205.01315180589
4485,0,1890,5,5,3055000,3057092,3464.917324,3466.917564,2.000239999999849,39.49377285312701,33.7875,45.7125,1,1,1,1,2092,80,80,2095.0,80.0,2092.0,2092,80,78.99702421172697,45567.531896175904
4485,0,1891,5,5,3057092,3059037,3466.917564,3468.918845,2.00128100000029,39.12745297280478,33.7875,45.7125,1,1,1,1,1945,80,80,1948.0,80.0,1945.0,1945,80,78.30502821288246,44963.700749663316
4485,0,1892,5,5,3059037,3061204,3468.918845,3470.920712,2.0018669999999474,39.329568717926904,33.7875,45.7125,1,1,1,1,2167,80,80,2167.0,80.0,2167.0,2167,80,78.73256574064726,46274.3029382084
4485,0,1893,5,5,3061204,3063214,3470.920712,3472.922507,2.001795000000129,39.13869301910536,33.7875,45.7125,1,1,1,1,2010,80,80,2012.0,80.0,2010.0,2010,80,78.3476399921783,45165.96354771301
4485,0,1894,5,5,3063214,3065272,3472.922507,3474.925623,2.0031159999998636,39.004133629413104,33.7875,45.7125,1,1,1,1,2058,80,80,2058.0,80.0,2058.0,2058,80,78.12980413921468,45620.42338037649
4485,0,1895,5,5,3065272,3065453,3474.925623,3476.948244,2.022621000000072,2.792609254968032,33.7875,45.7125,1,0,0,1,181,80,80,181.0,81.0,181.0,181,81,5.648390123897116,2869.0496143369387
4485,0,1896,5,5,3065453,3065534,3476.948244,3478.950518,2.002273999999943,0.9642148207070942,33.7875,45.7125,1,0,0,0,81,80,80,81.0,80.0,81.0,81,80,1.9306222659215564,679.2277180845572
4485,0,1897,5,5,3065534,3065614,3478.950518,3480.952795,2.002277000000049,0.9639014209372558,33.7875,45.7125,1,0,0,0,80,80,80,80.0,80.0,80.0,80,80,1.9299976454058196,717.6829179978419
4485,0,1898,5,5,3065614,3065695,3480.952795,3482.955073,2.002277999999933,0.965774487495634,33.7875,45.7125,1,0,0,0,81,80,80,81.0,80.0,81.0,81,80,1.933749009273015,670.7360316599618
4485,0,1899,5,5,3065695,3065776,3482.955073,3484.957349,2.0022759999997106,0.9653068972353761,33.7875,45.7125,1,0,0,0,81,80,80,81.0,80.0,81.0,81,80,1.9328108329646057,658.7503421107732
4485,0,1900,5,5,3065776,3065857,3484.957349,3486.959626,2.002277000000049,0.965254470466401,33.7875,45.7125,1,0,0,0,81,80,80,81.0,80.0,81.0,81,80,1.932706825362402,671.7352294412647
4485,0,1901,5,5,3065857,3065937,3486.959626,3488.961904,2.002277999999933,0.9641612369396688,33.7875,45.7125,1,0,0,0,80,80,80,80.0,80.0,80.0,80,80,1.930518833178212,654.2548037785182
4485,0,1902,5,5,3065937,3066017,3488.961904,3490.964181,2.002277000000049,0.9634850980052113,33.7875,45.7125,1,0,0,0,80,80,80,80.0,80.0,80.0,80,80,1.929164051573025,676.7295434148056
4485,0,1903,5,5,3066017,3066097,3490.964181,3492.966457,2.0022760000001654,0.9646824125252461,33.7875,45.7125,1,0,0,0,80,80,80,80.0,80.0,80.0,80,80,1.9315604422154138,660.7480686977673
4485,0,1904,5,5,3066097,3066188,3492.966457,3494.968734,2.002277000000049,1.0304610496978992,33.7875,45.7125,1,0,0,0,91,80,80,91.0,80.0,91.0,91,80,2.06326845921285,846.5362185151996
4485,0,1905,5,5,3066188,3066352,3494.968734,3496.971009,2.002274999999827,1.947153859229053,33.7875,45.7125,1,0,0,0,164,80,80,164.0,80.0,164.0,164,80,3.8987374934804393,2652.9822327105217
4485,0,1906,5,5,3066352,3066531,3496.971009,3498.973287,2.002277999999933,2.033694315204116,33.7875,45.7125,1,0,0,1,179,80,80,179.0,80.0,179.0,179,80,4.072021386062261,2732.8872414321004
4485,0,1907,5,5,3066531,3066766,3498.973287,3500.975564,2.002277000000049,3.087096333998622,33.7875,45.7125,1,0,0,1,235,80,80,235.0,80.0,235.0,235,80,6.181221986349556,4068.368162846499
4485,0,1908,5,5,3066766,3067056,3500.975564,3502.977841,2.002277000000049,4.016849521987405,33.7875,45.7125,1,0,0,1,290,80,80,290.0,80.0,290.0,290,80,8.042845410338487,5043.258250481703
4485,0,1909,5,5,3067056,3067487,3502.977841,3504.980117,2.0022760000001654,7.120904723646799,33.7875,45.7125,1,0,0,1,431,80,80,432.0,80.0,431.0,431,80,14.258016626452445,9020.734404247221
4485,0,1910,5,5,3067487,3068000,3504.980117,3506.781887,1.8017700000000332,9.163095201762374,33.7875,45.7125,1,0,0,1,513,72,72,513.0,71.0,513.0,513,71,16.509790041673114,11085.765663763761
4485,0,1911,5,5,3068000,3068622,3506.781887,3508.782813,2.0009259999997084,11.045823728493898,33.7875,45.7125,1,0,0,1,622,79,79,624.0,80.0,622.0,622,79,22.10187588975532,13390.800059574369
4485,0,1912,5,5,3068622,3069407,3508.782813,3510.786719,2.00390600000037,14.031634621977924,33.7875,45.7125,1,0,0,1,785,80,80,786.0,81.0,785.0,785,81,28.118076808794285,17234.84035678002
4485,0,1913,5,5,3069407,3070262,3510.786719,3512.788996,2.002277000000049,15.459068986303409,33.7875,45.7125,1,0,0,1,855,80,80,855.0,80.0,855.0,855,80,30.953338272694964,18417.032208829794
4485,0,1914,5,5,3070262,3071234,3512.788996,3514.791273,2.0022769999995944,17.119937283333,33.7875,45.7125,1,0,0,1,972,80,80,972.0,80.0,972.0,972,80,34.27885666384827,20368.810109694245
4485,0,1915,5,5,3071234,3072353,3514.791273,3516.79355,2.002277000000049,20.02852540769281,33.7875,45.7125,1,0,0,1,1119,80,80,1119.0,80.0,1119.0,1119,80,40.102655767739634,23890.300892433377
4485,0,1916,5,5,3072353,3073477,3516.79355,3518.793645,2.0000950000003286,21.369839090449457,33.7875,45.7125,1,0,0,1,1124,80,80,1124.0,79.0,1124.0,1124,79,42.74170831561787,25319.797309623635
4485,0,1917,5,5,3073477,3074825,3518.793645,3520.793799,2.0001539999998386,23.216055606712743,33.7875,45.7125,1,0,0,1,1348,80,80,1349.0,80.0,1348.0,1348,80,46.43568648598739,27602.87457865967
4485,0,1918,5,5,3074825,3076153,3520.793799,3522.793871,2.000071999999818,25.594011011562962,33.7875,45.7125,1,0,0,1,1328,80,80,1328.0,80.0,1328.0,1328,80,51.18986479191517,30286.909671254587
4485,0,1919,5,5,3076153,3077707,3522.793871,3524.794501,2.000630000000001,27.140984744749645,33.7875,45.7125,1,0,0,1,1554,80,80,1554.0,80.0,1554.0,1554,80,54.29906830989057,32418.288239204634
4485,0,1920,5,5,3077707,3079280,3524.794501,3526.794664,2.000163000000157,29.477294368090323,33.7875,45.7125,1,0,0,1,1573,80,80,1573.0,80.0,1573.0,1573,80,58.95939353517315,33805.744831793556
4485,0,1921,5,5,3079280,3080960,3526.794664,3528.795198,2.0005339999997886,30.71061770938033,33.7875,45.7125,1,0,0,1,1680,80,80,1680.0,80.0,1680.0,1680,80,61.43763488861441,36238.82423393337
4485,0,1922,5,5,3080960,3081000,3528.795198,3528.842414,0.04721600000038961,30.725774605905144,33.7875,45.7125,1,0,0,1,40,2,2,40.0,2.0,40.0,40,2,1.4507481738110073,37190.782785189556
4485,0,1923,5,5,3081000,3082724,3528.842414,3530.842583,2.0001689999999144,31.92052407608996,33.7875,45.7125,1,0,0,1,1724,80,80,1726.0,80.0,1724.0,1724,80,63.84644272075093,36844.38664932971
4485,0,1924,5,5,3082724,3084475,3530.842583,3532.843291,2.0007080000000315,33.99610865210159,33.7875,45.7125,1,1,0,1,1751,80,80,1752.0,80.0,1751.0,1751,80,68.01628654912929,39726.93666442017
4485,0,1925,5,5,3084475,3086361,3532.843291,3534.844173,2.0008819999998195,36.10972018972551,33.7875,45.7125,1,1,1,1,1886,80,80,1886.0,80.0,1886.0,1886,80,72.25128915265668,41954.99784595372
4485,0,1926,5,5,3086361,3088334,3534.844173,3536.844592,2.0004189999999653,37.57021440743667,33.7875,45.7125,1,1,1,1,1973,80,80,1973.0,80.0,1973.0,1973,80,75.15617073471367,44167.74685703422
4485,0,1927,5,5,3088334,3090389,3536.844592,3538.845834,2.001242000000275,39.46795075674784,33.7875,45.7125,1,1,1,1,2055,80,80,2056.0,80.0,2055.0,2055,80,78.98492070834618,46275.263061632366
4485,0,1928,5,5,3090389,3092448,3538.845834,3540.845901,2.0000669999999445,39.59454329276223,33.7875,45.7125,1,1,1,1,2059,79,79,2060.0,80.0,2059.0,2059,80,79.19173941992631,45674.96988851
4485,0,1929,5,5,3092448,3094000,3540.845901,3542.349736,1.503834999999981,39.51978374365689,33.7875,45.7125,1,1,1,1,1552,61,61,1553.0,60.0,1552.0,1552,60,59.43123398613534,46723.21099056804
4485,0,1930,5,5,3094000,3096072,3542.349736,3544.349885,2.000148999999965,40.18218273305553,33.7875,45.7125,1,1,1,1,2072,79,79,2074.0,80.0,2072.0,2072,80,80.3703526113386,47009.49779241529
4485,0,1931,5,5,3096072,3098126,3544.349885,3546.350803,2.0009179999997286,39.91398583676347,33.7875,45.7125,1,1,1,1,2054,80,80,2056.0,79.0,2054.0,2054,79,79.86461271251028,46256.26837282315
4485,0,1932,5,5,3098126,3100262,3546.350803,3548.351845,2.001042000000325,40.01759598399154,33.7875,45.7125,1,1,1,1,2136,80,80,2138.0,80.0,2136.0,2136,80,80.07689030301117,47739.62765398451
4485,0,1933,5,5,3100262,3102297,3548.351845,3550.352541,2.0006960000000618,39.85073962959319,33.7875,45.7125,1,1,1,1,2035,80,80,2041.0,80.0,2035.0,2035,80,79.72921537396905,45302.73464834098
4485,0,1934,5,5,3102297,3104413,3550.352541,3552.353735,2.0011939999999413,40.14083720007186,33.7875,45.7125,1,1,1,1,2116,80,80,2118.0,80.0,2116.0,2116,80,80.32960255975195,46192.423123396686
4485,0,1935,5,5,3104413,3106476,3552.353735,3554.354172,2.0004369999996925,40.30414569812549,33.7875,45.7125,1,1,1,1,2063,79,79,2063.0,80.0,2063.0,2063,79,80.62590430790442,47132.201613954596
4485,0,1936,5,5,3106476,3107000,3554.354172,3554.867844,0.5136720000000423,39.55539687523019,33.7875,45.7125,1,1,1,1,524,21,21,524.0,21.0,524.0,524,21,20.318499823697493,46192.9013066666
4485,0,1937,5,5,3107000,3108995,3554.867844,3556.868273,2.0004290000001674,39.8098305387151,33.7875,45.7125,1,1,1,1,1995,80,80,2001.0,80.0,1995.0,1995,80,79.63673949474469,45996.13382928976
4485,0,1938,5,5,3108995,3111137,3556.868273,3558.868469,2.00019599999996,39.97479250701324,33.7875,45.7125,1,1,1,1,2142,80,80,2144.0,80.0,2142.0,2142,80,79.9574200733623,45916.500182982985
4485,0,1939,5,5,3111137,3113189,3558.868469,3560.868668,2.000199000000066,39.89851868554203,33.7875,45.7125,1,1,1,1,2052,79,79,2054.0,80.0,2052.0,2052,80,79.80497717630351,46061.41688901802
4485,0,1940,5,5,3113189,3115259,3560.868668,3562.869246,2.0005780000001323,39.8593289889201,33.7875,45.7125,1,1,1,1,2070,80,80,2071.0,79.0,2070.0,2070,79,79.7416966699966,46227.64021197568
4485,0,1941,5,5,3115259,3117324,3562.869246,3564.870153,2.0009069999996427,39.96023939296162,33.7875,45.7125,1,1,1,1,2065,80,80,2067.0,80.0,2065.0,2065,80,79.95672272304364,47084.14733919009
4485,0,1942,5,5,3117324,3119507,3564.870153,3566.870118,1.9999649999999747,39.753792265033994,33.7875,45.7125,1,1,1,1,2183,80,80,2184.0,80.0,2183.0,2183,80,79.50619314733194,45786.801269022784
4485,0,1943,5,5,3119507,3120000,3566.870118,3567.374267,0.504149000000325,39.341385138373084,33.7875,45.7125,1,1,1,1,493,20,20,493.0,20.0,493.0,493,20,19.83391997613944,45764.248267843686
4485,0,1944,5,5,3120000,3121944,3567.374267,3569.375063,2.0007959999998093,39.4513434754391,33.7875,45.7125,1,1,1,1,1944,79,79,1945.0,80.0,1944.0,1944,79,78.93409022028209,45829.25995454246
4485,0,1945,5,5,3121944,3123917,3569.375063,3571.376689,2.001626000000215,39.41850970763141,33.7875,45.7125,1,1,1,1,1973,80,80,1974.0,80.0,1973.0,1973,80,78.90111391205573,46073.54221017817
4485,0,1946,5,5,3123917,3125882,3571.376689,3573.377956,2.0012669999996433,39.711965009144265,33.7875,45.7125,1,1,1,1,1965,80,80,1965.0,80.0,1965.0,1965,80,79.47424507794494,46209.7261384995
4485,0,1947,5,5,3125882,3128041,3573.377956,3575.380788,2.002832000000126,39.8559432720184,33.7875,45.7125,1,1,1,1,2159,80,80,2159.0,80.0,2159.0,2159,80,79.8247585753852,46570.05679956888
4485,0,1948,5,5,3128041,3130132,3575.380788,3577.385776,2.0049880000001394,39.40662624758582,33.7875,45.7125,1,1,1,1,2091,80,80,2092.0,80.0,2091.0,2091,80,79.00981274689548,46799.28258921923
4485,0,1949,5,5,3130132,3132229,3577.385776,3579.386373,2.0005969999997433,39.03586774154082,33.7875,45.7125,1,1,1,1,2097,80,80,2097.0,80.0,2097.0,2097,80,78.09503989611403,45946.28503392327
4485,0,1950,5,5,3132229,3133000,3579.386373,3580.184874,0.7985010000002148,38.63123744054266,33.7875,45.7125,1,1,1,1,771,32,32,771.0,32.0,771.0,771,32,30.84708172752289,45277.3384128389
4485,0,1951,5,5,3133000,3135062,3580.184874,3582.185566,2.000692000000072,39.64639866303523,33.7875,45.7125,1,1,1,1,2062,80,80,2064.0,80.0,2062.0,2062,80,79.3202326339524,45966.095730875466
4485,0,1952,5,5,3135062,3137115,3582.185566,3584.185861,2.0002949999998236,39.53066722101371,33.7875,45.7125,1,1,1,1,2053,80,80,2053.0,80.0,2053.0,2053,80,79.07299598885584,46146.19343647219
4485,0,1953,5,5,3137115,3139108,3584.185861,3586.186481,2.0006200000002536,39.404328379151956,33.7875,45.7125,1,1,1,1,1993,80,80,1994.0,80.0,1993.0,1993,80,78.83308744190435,45734.82220511061
4485,0,1954,5,5,3139108,3141175,3586.186481,3588.186587,2.0001059999999597,39.25431188022908,33.7875,45.7125,1,1,1,1,2067,80,80,2067.0,80.0,2067.0,2067,80,78.5127847175172,46804.519360474835
4485,0,1955,5,5,3141175,3143153,3588.186587,3590.188252,2.0016649999997753,39.40769855802789,33.7875,45.7125,1,1,1,1,1978,80,80,1981.0,80.0,1978.0,1978,80,78.88101093414298,46202.036804365554
4485,0,1956,5,5,3143153,3145182,3590.188252,3592.188507,2.0002549999999246,39.55692736521246,33.7875,45.7125,1,1,1,1,2029,80,80,2029.0,80.0,2029.0,2029,80,79.12394174690417,46468.57525665653
4485,0,1957,5,5,3145182,3146000,3592.188507,3592.999929,0.8114220000002206,39.293396813172336,33.7875,45.7125,1,1,1,1,818,32,32,818.0,32.0,818.0,818,32,31.883526628953405,46323.6145926408
4485,0,1958,5,5,3146000,3148119,3592.999929,3595.000368,2.000438999999915,39.80650720028433,33.7875,45.7125,1,1,1,1,2119,79,79,2122.0,80.0,2119.0,2119,79,79.63048945722403,46028.89665718571
4485,0,1959,5,5,3148119,3150183,3595.000368,3597.007063,2.006695000000036,40.12338791264514,33.7875,45.7125,1,1,1,1,2064,80,80,2064.0,80.0,2064.0,2064,80,80.51540190736705,47614.61009271378
4485,0,1960,5,5,3150183,3152251,3597.007063,3599.008487,2.0014240000000427,39.704960178594774,33.7875,45.7125,1,1,1,1,2068,80,80,2068.0,80.0,2068.0,2068,80,79.46646022048662,47528.6595943678
4485,0,1961,5,5,3152251,3154351,3599.008487,3601.00859,2.0001029999998536,39.98898930191893,33.7875,45.7125,1,1,1,1,2100,80,80,2100.0,80.0,2100.0,2100,80,79.98209746973589,46864.086499548706
4485,0,1962,5,5,3154351,3156386,3601.00859,3603.008813,2.0002230000000054,40.28296338846923,33.7875,45.7125,1,1,1,1,2035,80,80,2036.0,80.0,2035.0,2035,80,80.57490987777419,46373.82931803091
4485,0,1963,5,5,3156386,3158450,3603.008813,3605.009141,2.0003280000000814,39.729266581794036,33.7875,45.7125,1,1,1,1,2064,80,80,2067.0,80.0,2064.0,2064,80,79.4715643630334,45650.0133978009
4485,0,1964,5,5,3158450,3159000,3605.009141,3605.568781,0.5596399999999448,39.8308605361617,33.7875,45.7125,1,1,1,1,550,22,22,550.0,22.0,550.0,550,22,22.29094279045239,45920.59180902461
4485,0,1965,5,5,3159000,3161075,3605.568781,3607.571233,2.0024520000001758,40.149146908728945,33.7875,45.7125,1,1,1,1,2075,79,79,2078.0,80.0,2075.0,2075,79,80.39673952569137,46051.0414232111
4485,0,1966,5,5,3161075,3163117,3607.571233,3609.57153,2.000297000000046,40.46729196084718,33.7875,45.7125,1,1,1,1,2042,80,80,2042.0,80.0,2042.0,2042,80,80.9466027074086,47614.92918301523
4485,0,1967,5,5,3163117,3165122,3609.57153,3611.571577,2.000046999999995,39.96770129423902,33.7875,45.7125,1,1,1,1,2005,80,80,2007.0,80.0,2006.0,2005,80,79.93728107043717,46560.4058304631
4485,0,1968,5,5,3165122,3167192,3611.571577,3613.572662,2.0010849999998754,40.207737959396155,33.7875,45.7125,1,1,1,1,2070,80,80,2069.0,80.0,2069.0,2070,80,80.45910131446726,47717.613194844766
4485,0,1969,5,5,3167192,3169264,3613.572662,3615.573307,2.000645000000077,40.01799896531236,33.7875,45.7125,1,1,1,1,2072,79,79,2075.0,80.0,2072.0,2072,79,80.061809539955,46361.54840063901
4485,0,1970,5,5,3169264,3171269,3615.573307,3617.573594,2.000286999999844,40.052944066226594,33.7875,45.7125,1,1,1,1,2005,80,80,2005.0,80.0,2005.0,2005,80,80.11738332739333,46112.88280132161
4485,0,1971,5,5,3171269,3172000,3617.573594,3618.20849,0.6348960000000261,40.44504417099446,33.7875,45.7125,1,1,1,1,731,25,25,732.0,25.0,731.0,731,25,25.678396763993078,48962.34973916787
4485,0,1972,5,5,3172000,3174042,3618.20849,3620.209918,2.0014280000000326,39.966859415841064,33.7875,45.7125,1,1,1,1,2042,79,79,2046.0,80.0,2042.0,2042,79,79.99079150693433,46250.97680256222
4485,0,1973,5,5,3174042,3176178,3620.209918,3622.211519,2.001600999999937,39.902097354032776,33.7875,45.7125,1,1,1,1,2136,80,80,2137.0,80.0,2136.0,2136,80,79.86807796593348,46859.98857914387
4485,0,1974,5,5,3176178,3176782,3622.211519,3624.215703,2.0041839999998956,11.363000218423291,33.7875,45.7125,1,0,0,1,604,80,80,605.0,81.0,604.0,604,81,22.773543229763163,12489.871189472276
4485,0,1975,5,5,3176782,3176862,3624.215703,3626.217981,2.002277999999933,0.958801081866623,33.7875,45.7125,1,0,0,0,80,80,80,80.0,80.0,80.0,80,80,1.9197863126028096,625.7872283469338
4485,0,1976,5,5,3176862,3176943,3626.217981,3628.220258,2.002277000000049,0.9578126980561024,33.7875,45.7125,1,0,0,0,81,80,80,81.0,80.0,81.0,81,80,1.9178063356230268,618.7955013217301
4485,0,1977,5,5,3176943,3177023,3628.220258,3630.222536,2.0022780000003877,0.9627561477455884,33.7875,45.7125,1,0,0,0,80,80,80,80.0,80.0,80.0,80,80,1.9277054539998062,653.2559414825248
4485,0,1978,5,5,3177023,3177104,3630.222536,3632.224813,2.0022769999995944,0.9605708374810732,33.7875,45.7125,1,0,0,0,81,80,80,81.0,80.0,81.0,81,80,1.923328894758015,627.2858350768921
4485,0,1979,5,5,3177104,3177184,3632.224813,3634.227088,2.0022750000002816,0.9535981894783463,33.7875,45.7125,1,0,0,0,80,80,80,80.0,80.0,80.0,80,80,1.9093658148340182,637.2750995741446
4485,0,1980,5,5,3177184,3177264,3634.227088,3636.229365,2.002277000000049,0.9569800521920131,33.7875,45.7125,1,0,0,0,80,80,80,80.0,80.0,80.0,80,80,1.9161391479574377,650.7591107523924
4485,0,1981,5,5,3177264,3177344,3636.229365,3638.231642,2.002277000000049,0.9568239310924964,33.7875,45.7125,1,0,0,0,80,80,80,80.0,80.0,80.0,80,80,1.9158265502774157,610.3051675667103
4485,0,1982,5,5,3177344,3177425,3638.231642,3640.233919,2.0022769999995944,0.9582290209883213,33.7875,45.7125,1,0,0,0,81,80,80,81.0,80.0,81.0,81,80,1.9186399294558214,643.267639792227
4485,0,1983,5,5,3177425,3177506,3640.233919,3642.236195,2.0022760000001654,0.9571885960057952,33.7875,45.7125,1,0,0,0,81,80,80,81.0,80.0,81.0,81,80,1.9165557532542152,627.2861483631109
4485,0,1984,5,5,3177506,3177586,3642.236195,3644.238472,2.002277000000049,0.9574484154905634,33.7875,45.7125,1,0,0,0,80,80,80,80.0,80.0,80.0,80,80,1.9170769410266075,658.750013110058
4485,0,1985,5,5,3177586,3177666,3644.238472,3646.240748,2.0022760000001654,0.9592181713131465,33.7875,45.7125,1,0,0,0,80,80,80,80.0,80.0,80.0,80,80,1.9206195231818128,639.2725078859729
4485,0,1986,5,5,3177666,3177746,3646.240748,3648.243025,2.002277000000049,0.9630687750731665,33.7875,45.7125,1,0,0,0,80,80,80,80.0,80.0,80.0,80,80,1.9283304577402305,640.2710514079563
4485,0,1987,5,5,3177746,3177826,3648.243025,3650.245302,2.0022769999995944,0.9631728558063529,33.7875,45.7125,1,0,0,0,80,80,80,80.0,80.0,80.0,80,80,1.9285388561984291,640.7704828054559
4485,0,1988,5,5,3177826,3177906,3650.245302,3652.24758,2.0022780000003877,0.9614551392327136,33.7875,45.7125,1,0,0,0,80,80,80,80.0,80.0,80.0,80,80,1.925100473279599,691.7121398725511
4485,0,1989,5,5,3177906,3177987,3652.24758,3654.249857,2.0022769999995944,0.9623922503087691,33.7875,45.7125,1,0,0,0,81,80,80,81.0,80.0,81.0,81,80,1.9269758677692153,623.2903838980585
4485,0,1990,5,5,3177987,3178067,3654.249857,3656.252132,2.0022750000002816,0.9628093435505126,33.7875,45.7125,1,0,0,0,80,80,80,80.0,80.0,80.0,80,80,1.9278090783627704,654.2557840455561
4485,0,1991,5,5,3178067,3178177,3656.252132,3658.254409,2.002277000000049,1.321106496631592,33.7875,45.7125,1,0,0,0,110,80,80,110.0,80.0,110.0,110,80,2.6452211527503096,1336.478419319572
4485,0,1992,5,5,3178177,3178350,3658.254409,3660.256687,2.002277999999933,1.9280003836181343,33.7875,45.7125,1,0,0,0,173,80,80,173.0,80.0,173.0,173,80,3.8603927521035075,2611.525472486925
4485,0,1993,5,5,3178350,3178528,3660.256687,3662.258963,2.0022760000001654,2.0282319139698406,33.7875,45.7125,1,0,0,1,178,80,80,178.0,80.0,178.0,178,80,4.061080083774868,2764.354164960047
4485,0,1994,5,5,3178528,3178726,3662.258963,3664.26124,2.0022769999995944,3.02870704278,33.7875,45.7125,1,0,0,1,198,80,80,198.0,80.0,198.0,198,80,6.064310451489291,3851.6149363956947
4485,0,1995,5,5,3178726,3179008,3664.26124,3666.263516,2.0022760000001654,3.9610120912782634,33.7875,45.7125,1,0,0,1,282,80,80,282.0,80.0,282.0,282,80,7.931039446077193,5208.572644330321
4485,0,1996,5,5,3179008,3179409,3666.263516,3668.265792,2.0022760000001654,7.116637411462112,33.7875,45.7125,1,0,0,1,401,80,80,401.0,80.0,401.0,401,80,14.249472289680853,8754.537336510328
4485,0,1997,5,5,3179409,3179947,3668.265792,3670.268069,2.002277000000049,9.3530687034701,33.7875,45.7125,1,0,0,1,538,80,80,538.0,80.0,538.0,538,80,18.72743434437143,11218.228047367797
4485,0,1998,5,5,3179947,3180583,3670.268069,3672.270345,2.0022759999997106,11.386343454206894,33.7875,45.7125,1,0,0,1,636,80,80,636.0,80.0,636.0,636,80,22.79860222611751,13826.765141271235
4485,0,1999,5,5,3180583,3181376,3672.270345,3674.270737,2.00039199999992,13.977187578039468,33.7875,45.7125,1,0,0,1,793,80,80,793.0,79.0,793.0,793,79,27.959854213608196,16800.207159397432
4485,0,2000,5,5,3181376,3182217,3674.270737,3676.273937,2.0032000000001062,15.679970128443872,33.7875,45.7125,1,0,0,1,841,80,80,841.0,80.0,841.0,841,80,31.410116161307087,19138.378594248188
4485,0,2001,5,5,3182217,3183185,3676.273937,3678.276623,2.002686000000267,17.20336974928117,33.7875,45.7125,1,0,0,1,968,80,80,968.0,80.0,968.0,968,80,34.45294774971262,20680.22645586701
4485,0,2002,5,5,3183185,3184285,3678.276623,3680.277432,2.0008089999996628,20.377424089852152,33.7875,45.7125,1,0,0,1,1100,80,80,1100.0,80.0,1100.0,1100,80,40.77133351578959,24412.625093153936
4485,0,2003,5,5,3184285,3185000,3680.277432,3681.52267,1.245237999999972,20.9336818653025,33.7875,45.7125,1,0,0,1,715,50,50,715.0,50.0,715.0,715,50,26.067416138583212,25135.757180555607
4485,0,2004,5,5,3185000,3186233,3681.52267,3683.526919,2.0042490000000726,22.782005688671855,33.7875,45.7125,1,0,0,1,1233,80,80,1234.0,80.0,1233.0,1233,80,45.66081211951678,27345.90362774187
4485,0,2005,5,5,3186233,3187522,3683.526919,3685.527831,2.000911999999971,24.526727512161028,33.7875,45.7125,1,0,0,1,1289,80,80,1289.0,80.0,1289.0,1289,80,49.07582339980581,29140.711835403476
4485,0,2006,5,5,3187522,3188869,3685.527831,3687.530911,2.0030799999999545,26.45970345399311,33.7875,45.7125,1,0,0,1,1347,80,80,1347.0,80.0,1347.0,1347,80,53.00090279462165,31520.45849392008
4485,0,2007,5,5,3188869,3190437,3687.530911,3689.531082,2.0001710000001367,28.664232258520276,33.7875,45.7125,1,0,0,1,1568,80,80,1568.0,80.0,1568.0,1568,80,57.33336610076367,34439.05546075575
4485,0,2008,5,5,3190437,3191374,3689.531082,3691.54226,2.0111780000002,18.482849004821034,33.7875,45.7125,1,0,0,1,937,80,80,937.0,81.0,937.0,937,81,37.172299295823905,21737.509061851142
4485,0,2009,5,5,3191374,3191454,3691.54226,3693.544538,2.002277999999933,0.9604663727631033,33.7875,45.7125,1,0,0,0,80,80,80,80.0,80.0,80.0,80,80,1.923120687919436,637.7735758970746
4485,0,2010,5,5,3191454,3191534,3693.544538,3695.546813,2.002274999999827,0.9619766968548986,33.7875,45.7125,1,0,0,0,80,80,80,80.0,80.0,80.0,80,80,1.9261418906971812,605.3114582163313
4485,0,2011,5,5,3191534,3191616,3695.546813,3697.549092,2.0022790000002715,0.9616108756980658,33.7875,45.7125,1,0,0,0,82,80,80,82.0,80.0,82.0,82,80,1.9254132625792408,600.3159399863041
4485,0,2012,5,5,3191616,3191696,3697.549092,3699.551368,2.0022759999997106,0.9608314234807029,33.7875,45.7125,1,0,0,0,80,80,80,80.0,80.0,80.0,80,80,1.9238496992766159,598.3191128496636
4485,0,2013,5,5,3191696,3191776,3699.551368,3701.553644,2.0022760000001654,0.9612997870129939,33.7875,45.7125,1,0,0,0,80,80,80,80.0,80.0,80.0,80,80,1.9247874923457857,613.8014938998912
4485,0,2014,5,5,3191776,3191856,3701.553644,3703.55592,2.0022759999997106,0.9615599889756498,33.7875,45.7125,1,0,0,0,80,80,80,80.0,80.0,80.0,80,80,1.9253084884840064,664.2440902254195
4485,0,2015,5,5,3191856,3191936,3703.55592,3705.558198,2.0022780000003877,0.9597898483362338,33.7875,45.7125,1,0,0,0,80,80,80,80.0,80.0,80.0,80,80,1.9217660979484208,601.3151020985931
4485,0,2016,5,5,3191936,3192016,3705.558198,3707.560474,2.0022759999997106,0.9621324332931079,33.7875,45.7125,1,0,0,0,80,80,80,80.0,80.0,80.0,80,80,1.9264546800113749,595.3225229689475
4485,0,2017,5,5,3192016,3192096,3707.560474,3709.56275,2.0022760000001654,0.9629650795728719,33.7875,45.7125,1,0,0,0,80,80,80,80.0,80.0,80.0,80,80,1.9281218676624121,583.3361634459503
4485,0,2018,5,5,3192096,3192177,3709.56275,3711.565028,2.002277999999933,0.9620796233190687,33.7875,45.7125,1,0,0,0,81,80,80,81.0,80.0,81.0,81,80,1.926350864014239,620.7929168677085
4485,0,2019,5,5,3192177,3192257,3711.565028,3713.567306,2.002277999999933,0.9621316636595835,33.7875,45.7125,1,0,0,0,80,80,80,80.0,80.0,80.0,80,80,1.9264550632506143,606.3094135779551
4485,0,2020,5,5,3192257,3192338,3713.567306,3715.569582,2.0022760000001654,0.9647344529177422,33.7875,45.7125,1,0,0,0,81,80,80,81.0,80.0,81.0,81,80,1.931664641451789,602.813997670601
4485,0,2021,5,5,3192338,3192418,3715.569582,3717.571858,2.0022759999997106,0.9658793415528343,33.7875,45.7125,1,0,0,0,80,80,80,80.0,80.0,80.0,80,80,1.9339570244919742,606.8094508450262
4485,0,2022,5,5,3192418,3192498,3717.571858,3719.574135,2.002277000000049,0.965774874131457,33.7875,45.7125,1,0,0,0,80,80,80,80.0,80.0,80.0,80,80,1.9337488176533952,609.8057361693562
4485,0,2023,5,5,3192498,3192578,3719.574135,3721.576411,2.0022760000001654,0.9651507760577118,33.7875,45.7125,1,0,0,0,80,80,80,80.0,80.0,80.0,80,80,1.9324982352845836,606.3100191981024
4485,0,2024,5,5,3192578,3192658,3721.576411,3723.57869,2.0022789999998167,0.9649934961423307,33.7875,45.7125,1,0,0,0,80,80,80,80.0,80.0,80.0,80,80,1.9321862124634208,611.3034197532472
4485,0,2025,5,5,3192658,3192738,3723.57869,3725.580965,2.0022750000002816,0.9636940306647885,33.7875,45.7125,1,0,0,0,80,80,80,80.0,80.0,80.0,80,80,1.929580465250183,611.3046409708096
4485,0,2026,5,5,3192738,3192818,3725.580965,3727.583242,2.002277000000049,0.9673881254931301,33.7875,45.7125,1,0,0,0,80,80,80,80.0,80.0,80.0,80,80,1.9369789937481983,620.2937955137922
4485,0,2027,5,5,3192818,3192898,3727.583242,3729.585517,2.002274999999827,0.967336859959042,33.7875,45.7125,1,0,0,0,80,80,80,80.0,80.0,80.0,80,80,1.9368744112725835,587.3319099524799
4485,0,2028,5,5,3192898,3192978,3729.585517,3731.587795,2.002277999999933,0.9675958994136595,33.7875,45.7125,1,0,0,0,80,80,80,80.0,80.0,80.0,80,80,1.9373959822842153,613.3014496488705
4485,0,2029,5,5,3192978,3193058,3731.587795,3733.590074,2.0022790000002715,0.9661904233762171,33.7875,45.7125,1,0,0,0,80,80,80,80.0,80.0,80.0,80,80,1.9345827947254293,564.8563461934359
4485,0,2030,5,5,3193058,3193139,3733.590074,3735.592351,2.0022769999995944,0.9651503897335656,33.7875,45.7125,1,0,0,0,81,80,80,81.0,80.0,81.0,81,80,1.9324984269042034,581.8375779176588
4485,0,2031,5,5,3193139,3193219,3735.592351,3737.594626,2.0022750000002816,0.9634858689908414,33.7875,45.7125,1,0,0,0,80,80,80,80.0,80.0,80.0,80,80,1.9291636683337856,586.3330461599105
4485,0,2032,5,5,3193219,3193299,3737.594626,3739.596903,2.002277000000049,0.9634330576387057,33.7875,45.7125,1,0,0,0,80,80,80,80.0,80.0,80.0,80,80,1.9290598523512017,598.818245427566
4485,0,2033,5,5,3193299,3193379,3739.596903,3741.599178,2.002274999999827,0.964006273175885,33.7875,45.7125,1,0,0,0,80,80,80,80.0,80.0,80.0,80,80,1.9302056606247788,614.301232348257
4485,0,2034,5,5,3193379,3193459,3741.599178,3743.601456,2.002277999999933,0.9668152943059343,33.7875,45.7125,1,0,0,0,80,80,80,80.0,80.0,80.0,80,80,1.9358329938550014,612.3025873530254
4485,0,2035,5,5,3193459,3193539,3743.601456,3745.603732,2.0022760000001654,0.966607907047605,33.7875,45.7125,1,0,0,0,80,80,80,80.0,80.0,80.0,80,80,1.9354158136848127,589.8287748541671
4485,0,2036,5,5,3193539,3193619,3745.603732,3747.60601,2.002277999999933,0.9641612369396688,33.7875,45.7125,1,0,0,0,80,80,80,80.0,80.0,80.0,80,80,1.930518833178212,608.3071381696452
4485,0,2037,5,5,3193619,3193699,3747.60601,3749.608286,2.0022760000001654,0.9645262913477576,33.7875,45.7125,1,0,0,0,80,80,80,80.0,80.0,80.0,80,80,1.9312478445353918,589.3293432073813
4485,0,2038,5,5,3193699,3193779,3749.608286,3751.610562,2.0022759999997106,0.963693645067994,33.7875,45.7125,1,0,0,0,80,80,80,80.0,80.0,80.0,80,80,1.9295806568698026,582.3373001525107
4485,0,2039,5,5,3193779,3193859,3751.610562,3753.61284,2.002277999999933,0.9669193749869642,33.7875,45.7125,1,0,0,0,80,80,80,80.0,80.0,80.0,80,80,1.9360413923132,569.8509397796101
4485,0,2040,5,5,3193859,3193939,3753.61284,3755.615116,2.0022760000001654,0.9659834223376509,33.7875,45.7125,1,0,0,0,80,80,80,80.0,80.0,80.0,80,80,1.9341654229501728,617.2975154273926
4485,0,2041,5,5,3193939,3194019,3755.615116,3757.617394,2.002277999999933,0.9632765511509137,33.7875,45.7125,1,0,0,0,80,80,80,80.0,80.0,80.0,80,80,1.9287474462907994,567.85321518792
4485,0,2042,5,5,3194019,3194099,3757.617394,3759.619671,2.002277000000049,0.9639014209372558,33.7875,45.7125,1,0,0,0,80,80,80,80.0,80.0,80.0,80,80,1.9299976454058196,589.3290488778381
4485,0,2043,5,5,3194099,3194179,3759.619671,3761.621947,2.0022760000001654,0.9615079485829786,33.7875,45.7125,1,0,0,0,80,80,80,80.0,80.0,80.0,80,80,1.925204289262183,583.8355950927362
4485,0,2044,5,5,3194179,3194260,3761.621947,3763.624223,2.0022759999997106,0.9667119878327736,33.7875,45.7125,1,0,0,0,81,80,80,81.0,80.0,81.0,81,80,1.9356242121430114,606.8094508450262
4485,0,2045,5,5,3194260,3194340,3763.624223,3765.626499,2.0022760000001654,0.963277321927849,33.7875,45.7125,1,0,0,0,80,80,80,80.0,80.0,80.0,80,80,1.928747063037008,576.3441203909474
4485,0,2046,5,5,3194340,3194420,3765.626499,3767.628776,2.002277000000049,0.9625483714081107,33.7875,45.7125,1,0,0,0,80,80,80,80.0,80.0,80.0,80,80,1.9272884654637892,562.8591848180708
4485,0,2047,5,5,3194420,3194500,3767.628776,3769.631061,2.002285000000029,0.9611922471001485,33.7875,45.7125,1,0,0,0,80,80,80,80.0,80.0,80.0,80,80,1.9245808184787165,586.3301178403589
4485,0,2048,5,5,3194500,3194580,3769.631061,3771.633331,2.002269999999953,0.9609898501368679,33.7875,45.7125,1,0,0,0,80,80,80,80.0,80.0,80.0,80,80,1.9241611472389195,594.8248737682869
4485,0,2049,5,5,3194580,3194660,3771.633331,3773.635606,2.002274999999827,0.9596869184414781,33.7875,45.7125,1,0,0,0,80,80,80,80.0,80.0,80.0,80,80,1.921557124616811,580.3398634054266
4485,0,2050,5,5,3194660,3194740,3773.635606,3775.637883,2.002277000000049,0.9589055457527197,33.7875,45.7125,1,0,0,0,80,80,80,80.0,80.0,80.0,80,80,1.9199945194268366,582.8364407122348
4485,0,2051,5,5,3194740,3194820,3775.637883,3777.640161,2.002277999999933,0.9583847591425029,33.7875,45.7125,1,0,0,0,80,80,80,80.0,80.0,80.0,80,80,1.918952718770015,597.8190840632719
4485,0,2052,5,5,3194820,3194901,3777.640161,3779.642438,2.002277000000049,0.9589055457527197,33.7875,45.7125,1,0,0,0,81,80,80,81.0,80.0,81.0,81,80,1.9199945194268366,583.3358721095889
4485,0,2053,5,5,3194901,3194981,3779.642438,3781.644714,2.0022760000001654,0.9590620501356578,33.7875,45.7125,1,0,0,0,80,80,80,80.0,80.0,80.0,80,80,1.9203069255017908,582.8367317991643
4485,0,2054,5,5,3194981,3195061,3781.644714,3783.64699,2.0022760000001654,0.9589059289581692,33.7875,45.7125,1,0,0,0,80,80,80,80.0,80.0,80.0,80,80,1.919994327807217,586.8321849734517
4485,0,2055,5,5,3195061,3195141,3783.64699,3785.649267,2.0022769999995944,0.9593739090514444,33.7875,45.7125,1,0,0,0,80,80,80,80.0,80.0,80.0,80,80,1.9209323124960065,564.8569104076155
4485,0,2056,5,5,3195141,3195221,3785.649267,3787.651543,2.0022760000001654,0.960467140733055,33.7875,45.7125,1,0,0,0,80,80,80,80.0,80.0,80.0,80,80,1.9231203046801966,579.8401419184488
4485,0,2057,5,5,3195221,3195302,3787.651543,3789.653822,2.0022790000002715,0.9614027144399683,33.7875,45.7125,1,0,0,0,81,80,80,81.0,80.0,81.0,81,80,1.9249964656628435,576.3432568587313
4485,0,2058,5,5,3195302,3195382,3789.653822,3791.656098,2.0022759999997106,0.960883463873199,33.7875,45.7125,1,0,0,0,80,80,80,80.0,80.0,80.0,80,80,1.9239538985129911,564.8571925149996
4485,0,2059,5,5,3195382,3195462,3791.656098,3793.658374,2.0022760000001654,0.9591661309206503,33.7875,45.7125,1,0,0,0,80,80,80,80.0,80.0,80.0,80,80,1.9205153239599895,564.8571925148714
4485,0,2060,5,5,3195462,3195542,3793.658374,3795.660651,2.002277000000049,0.9573443347575523,33.7875,45.7125,1,0,0,0,80,80,80,80.0,80.0,80.0,80,80,1.9168685425684089,562.3597534207167
4485,0,2061,5,5,3195542,3195622,3795.660651,3797.662928,2.002277000000049,0.9571882136580355,33.7875,45.7125,1,0,0,0,80,80,80,80.0,80.0,80.0,80,80,1.916555944873835,587.3313232884217
4485,0,2062,5,5,3195622,3195703,3797.662928,3799.665204,2.0022759999997106,0.9572406363984651,33.7875,45.7125,1,0,0,0,81,80,80,81.0,80.0,81.0,81,80,1.9166599524905905,549.3748114646328
4485,0,2063,5,5,3195703,3195783,3799.665204,3801.667481,2.002277000000049,0.9561994466944294,33.7875,45.7125,1,0,0,0,80,80,80,80.0,80.0,80.0,80,80,1.9145761595282238,560.3620278313003
4485,0,2064,5,5,3195783,3195863,3801.667481,3803.669757,2.0022760000001654,0.9566681920808332,33.7875,45.7125,1,0,0,0,80,80,80,80.0,80.0,80.0,80,80,1.915513760963222,565.8560558084432
4485,0,2065,5,5,3195863,3195989,3803.669757,3805.672036,2.0022789999998167,1.4500612678247955,33.7875,45.7125,1,0,0,0,126,80,80,126.0,80.0,126.0,126,80,2.9034272252756637,1561.7204195820293
4485,0,2066,5,5,3195989,3196163,3805.672036,3807.674312,2.0022760000001654,1.9701027955515986,33.7875,45.7125,1,0,0,0,174,80,80,174.0,80.0,174.0,174,80,3.9446895450673765,2607.033196222483
4485,0,2067,5,5,3196163,3196336,3807.674312,3809.676588,2.0022759999997106,2.173840932174625,33.7875,45.7125,1,0,0,1,173,80,80,173.0,80.0,173.0,173,80,4.3526295263145585,2796.817222001767
4485,0,2068,5,5,3196336,3196587,3809.676588,3811.678864,2.0022760000001654,3.6680246815247246,33.7875,45.7125,1,0,0,1,251,80,80,251.0,80.0,251.0,251,80,7.344397787222988,4587.279675728641
4485,0,2069,5,5,3196587,3196961,3811.678864,3813.681143,2.0022789999998167,5.416574040878917,33.7875,45.7125,1,0,0,1,374,80,80,374.0,80.0,374.0,374,80,10.845492453998304,6703.860950447579
4485,0,2070,5,5,3196961,3197357,3813.681143,3815.681857,2.0007140000002437,6.986789505142398,33.7875,45.7125,1,0,0,1,396,80,80,396.0,79.0,396.0,396,79,13.978567578000366,8597.930538796601
4485,0,2071,5,5,3197357,3197955,3815.681857,3817.682512,2.000654999999824,10.89172339223529,33.7875,45.7125,1,0,0,1,598,80,80,598.0,80.0,598.0,598,80,21.790580863293144,12946.260099818448
4485,0,2072,5,5,3197955,3198000,3817.682512,3817.824384,0.14187200000014855,10.706878109183458,33.7875,45.7125,1,0,0,1,45,6,6,45.0,6.0,45.0,45,6,1.5190062111068983,13166.798240653858
4485,0,2073,5,5,3198000,3198712,3817.824384,3819.824858,2.00047399999994,12.81174280243083,33.7875,45.7125,1,0,0,1,712,80,80,713.0,80.0,712.0,712,80,25.629558370943414,15204.896439544284
4485,0,2074,5,5,3198712,3199520,3819.824858,3821.828384,2.0035259999999653,14.409912835081814,33.7875,45.7125,1,0,0,1,808,80,80,808.0,80.0,808.0,808,80,28.870635022816714,17167.234166165348
4485,0,2075,5,5,3199520,3200529,3821.828384,3823.830134,2.0017499999999018,16.987335635867737,33.7875,45.7125,1,0,0,1,1009,80,80,1009.0,80.0,1009.0,1009,80,34.004399109093356,20349.194454853005
4485,0,2076,5,5,3200529,3201549,3823.830134,3825.831693,2.0015590000002703,18.72432629038416,33.7875,45.7125,1,0,0,1,1020,80,80,1020.0,80.0,1020.0,1020,80,37.477843805463635,22007.345274355666
4485,0,2077,5,5,3201549,3202628,3825.831693,3827.832955,2.0012619999997696,20.299440756854732,33.7875,45.7125,1,0,0,1,1079,80,80,1079.0,80.0,1079.0,1079,80,40.62449940794613,23851.449735219823
4485,0,2078,5,5,3202628,3203794,3827.832955,3829.834582,2.0016270000000986,23.15647699459563,33.7875,45.7125,1,0,0,1,1166,79,79,1167.0,80.0,1166.0,1166,79,46.35062957726768,26964.56432691872
4485,0,2079,5,5,3203794,3205131,3829.834582,3831.835478,2.0008960000000116,24.56998919292937,33.7875,45.7125,1,0,0,1,1337,80,80,1337.0,80.0,1337.0,1337,80,49.16199309617514,28963.52434109502
4485,0,2080,5,5,3205131,3206502,3831.835478,3833.839386,2.0039080000001377,25.963396252074283,33.7875,45.7125,1,0,0,1,1371,80,80,1373.0,80.0,1371.0,1371,80,52.02825745670998,29951.973843108502
4485,0,2081,5,5,3206502,3207993,3833.839386,3835.840835,2.001448999999866,28.80400722413075,33.7875,45.7125,1,0,0,1,1491,80,80,1491.0,80.0,1491.0,1491,80,57.64975145472272,33224.92853927552
4485,0,2082,5,5,3207993,3209406,3835.840835,3837.858633,2.017797999999857,25.19243906194903,33.7875,45.7125,1,0,0,1,1413,80,80,1415.0,81.0,1413.0,1413,81,50.83325315431284,29196.678755754627
4485,0,2083,5,5,3209406,3209486,3837.858633,3839.860909,2.0022760000001654,0.9620803929004368,33.7875,45.7125,1,0,0,0,80,80,80,80.0,80.0,80.0,80,80,1.9263504807749996,578.3418469780911
4485,0,2084,5,5,3209486,3209566,3839.860909,3841.863187,2.002277999999933,0.9649938823879091,33.7875,45.7125,1,0,0,0,80,80,80,80.0,80.0,80.0,80,80,1.932186020843801,536.3890528688004
4485,0,2085,5,5,3209566,3209647,3841.863187,3843.865463,2.0022760000001654,0.9653589376276965,33.7875,45.7125,1,0,0,0,81,80,80,81.0,80.0,81.0,81,80,1.932915032200981,543.8810633498629
4485,0,2086,5,5,3209647,3209727,3843.865463,3845.86774,2.002277000000049,0.9630687750731665,33.7875,45.7125,1,0,0,0,80,80,80,80.0,80.0,80.0,80,80,1.9283304577402305,545.3790859106773
4485,0,2087,5,5,3209727,3209808,3845.86774,3847.870016,2.0022759999997106,0.9634854834980091,33.7875,45.7125,1,0,0,0,81,80,80,81.0,80.0,81.0,81,80,1.9291638599534053,558.8640127535673
4485,0,2088,5,5,3209808,3209889,3847.870016,3849.872292,2.0022760000001654,0.958281444248215,33.7875,45.7125,1,0,0,0,81,80,80,81.0,80.0,81.0,81,80,1.918743937058025,544.8799266434347
4485,0,2089,5,5,3209889,3209969,3849.872292,3851.874569,2.002277000000049,0.9595300301507868,33.7875,45.7125,1,0,0,0,80,80,80,80.0,80.0,80.0,80,80,1.9212449101760285,557.8648708445298
4485,0,2090,5,5,3209969,3210049,3851.874569,3853.876846,2.002277000000049,0.9588014650197085,33.7875,45.7125,1,0,0,0,80,80,80,80.0,80.0,80.0,80,80,1.919786120968638,538.886477745074
4485,0,2091,5,5,3210049,3210129,3853.876846,3855.879124,2.002277999999933,0.9621837040000986,33.7875,45.7125,1,0,0,0,80,80,80,80.0,80.0,80.0,80,80,1.9265592624724377,529.3970167978849
4485,0,2092,5,5,3210129,3210209,3855.879124,3857.8814,2.0022760000001654,0.9623926352554139,33.7875,45.7125,1,0,0,0,80,80,80,80.0,80.0,80.0,80,80,1.9269756761495955,536.8890202948601
4485,0,2093,5,5,3210209,3210290,3857.8814,3859.883677,2.0022769999995944,0.959165747585422,33.7875,45.7125,1,0,0,0,81,80,80,81.0,80.0,81.0,81,80,1.9205155155796092,537.887614950488
4485,0,2094,5,5,3210290,3210370,3859.883677,3861.885956,2.0022790000002715,0.9608823112947238,33.7875,45.7125,1,0,0,0,80,80,80,80.0,80.0,80.0,80,80,1.9239544733718503,537.3876467764253
4485,0,2095,5,5,3210370,3210450,3861.885956,3863.888231,2.002274999999827,0.9594267163490442,33.7875,45.7125,1,0,0,0,80,80,80,80.0,80.0,80.0,80,80,1.9210361284785904,517.9108763781646
4485,0,2096,5,5,3210450,3210530,3863.888231,3865.890507,2.0022760000001654,0.9595304136681235,33.7875,45.7125,1,0,0,0,80,80,80,80.0,80.0,80.0,80,80,1.9212447185564088,520.9072075977107
4485,0,2097,5,5,3210530,3210611,3865.890507,3867.892787,2.0022800000001553,0.9590605170040954,33.7875,45.7125,1,0,0,0,81,80,80,81.0,80.0,81.0,81,80,1.9203076919802697,530.8947799508148
4485,0,2098,5,5,3210611,3210692,3867.892787,3869.895064,2.0022769999995944,0.959165747585422,33.7875,45.7125,1,0,0,0,81,80,80,82.0,80.0,81.0,81,80,1.9205155155796092,544.3802231160927
4485,0,2099,5,5,3210692,3210772,3869.895064,3871.897342,2.0022780000003877,0.9601020903793237,33.7875,45.7125,1,0,0,0,80,80,80,80.0,80.0,80.0,80,80,1.9223912933230167,536.3890528686786
4485,0,2100,5,5,3210772,3210852,3871.897342,3873.899619,2.0022769999995944,0.9603626760150508,33.7875,45.7125,1,0,0,0,80,80,80,80.0,80.0,80.0,80,80,1.9229120978416177,530.3961439901748
4485,0,2101,5,5,3210852,3210933,3873.899619,3875.901897,2.0022780000003877,0.9602582114008688,33.7875,45.7125,1,0,0,0,81,80,80,81.0,80.0,81.0,81,80,1.9227038910030387,510.4186331767128
4485,0,2102,5,5,3210933,3211000,3875.901897,3877.578813,1.676915999999892,0.9628098655636277,33.7875,45.7125,1,0,0,0,67,67,67,67.0,67.0,67.0,67,67,1.614551268517971,499.7268795813589
4485,0,2103,5,5,3211000,3211081,3877.578813,3879.581081,2.002267999999731,0.9645293794616417,33.7875,45.7125,1,0,0,0,81,80,80,81.0,80.0,81.0,81,80,1.9312463115493301,516.9138197284974
4485,0,2104,5,5,3211081,3211090,3879.581081,3879.80633,0.2252490000000762,0.9650824673386873,33.7875,45.7125,1,0,0,0,9,9,9,9.0,9.0,9.0,9,9,0.21738386068318505,577.1390771988157
