Notes: 
	1. 2uA beam current cut was applied for "NofTriggers", "CPU_LT", "Ave_BeamCurr", "Beam_Time", "Charge_*"
    2. "NofTriggers" and "CPU_LT" are calculated from HW scaler so that the EDTM counts can be subtracted
    3. "Ave_BeamCurr", "Beam_Time" and "Charge_*" are calculated from Hel scaler
    4. "Ave_BeamCurr" is in uA, ""Charge_*"" is in uC, "Beam_Time" is in second
    5. BCM4A is used for beam current and charge calculation
	6. NofSegments and Max_Segment are based on the raw data files at: /mss/hallc/c-nps/raw/ 
    7. The gain and offset for BCM4A are the updated values from Christine (gain=9597, offset=177.3)
	   Plesse see her ELOG for details: https://hallcweb.jlab.org/elogs/NPS-RG1a-Analysis/185

RunNo	Target_AMU	Which_Trigger	PS_factor	NofTriggers		CPU_LT	NofSegments	Max_Segment	Ave_BeamCurr	Beam_Time	Charge_tot	Charge_Hel_pos	Charge_Hel_neg
1572	1.01			5			1			 1783416		0.8764		7			6		17.2208			 523.3059	9011.7634	4182.7675		4184.3919
1574	1.01			5			1			 8981389		0.6710		33			32		26.5357			1856.7564	49270.3170	22897.2569		22905.1734
1575	1.01			5			1			 4819071		0.9116		20			19		18.7847			1304.3573	24501.9699	12062.1019		12064.2542
1576	1.01			5			1			 4008655		0.9888		12			11		18.9014			1684.4976	31839.3134	15882.4359		15882.4267
1577	1.01			5			1			 2113529		0.9963		7			6		18.5383			1668.9361	30939.2471	15430.7409		15432.6764
1578	1.01			5			1			 4593814		0.9943		15			14		18.7248			3560.6390	66672.1687	33296.3046		33297.3427
1579	26.98			5			1			 1831028		0.9962		6			5		18.4127			1607.9765	29607.2162	14764.6758		14765.0755
1580	2.01			5			1			 8862028		0.3720		20			19		18.7394			1001.4503	18766.5296	8433.2897		8432.9521
1582	2.01			5			1			 8600477		0.9531		27			26		9.5225			  10.6224	 101.1523	  24.7008		  24.0870
1583	2.01			5			1			 5216659		0.7082		18			17		13.9509			 960.6520	13401.9250	6217.9685		6214.2653
1584	2.01			6			1			13398264		0.8341		55			54		14.0987			3003.7244	42348.7411	20119.0699		20121.1809
1589	1.01			6			1			 6734902		0.9544		25			24		26.9646			2755.7046	74306.4463	36246.0166		36233.0102
1590	1.01			6			1			 4950678		0.9836		19			18		25.3623			2234.4619	56671.0178	28224.8297		28207.5418
1591	1.01			6			1			 6416847		0.9381		24			23		27.3936			2514.6363	68884.9885	33369.7934		33362.8091
1595	26.98			6			1			 4134585		0.6505		9			8		28.5165			 176.1831	5024.1328	1347.4149		1349.0352
1596	26.98			6			1			 6316313		0.6604		8			7		14.2496			  45.8387	 653.1824	 144.1071		 146.0352
1597	26.98			6			1			11950786		0.6769		17			16		13.8102			 164.1737	2267.2709	 667.7636		 665.7101
1598	26.98			6			1			14892571		0.7307		30			29		13.4454			 272.3937	3662.4452	1130.9928		1131.5228
1599	26.98			6			1			13636441		0.6595		18			17		12.8382			  60.9266	 782.1851	 263.6659		 264.0398
1600	26.98			6			1			13452787		0.5539		17			16		14.1354			 315.1878	4455.3194	1186.2090		1184.0783
1613	26.98			6			1			 5271209		1.0178		22			21		13.6344			3169.3028	43211.4517	21441.4378		21431.6204
1616	26.98			6			1			 3145936		0.9907		9			8		13.8494			1490.5213	20642.7851	10319.2750		10323.5101
1618	26.98			6			1			 2338389		0.9983		8			7		27.0444			2719.0342	73534.7570	36711.5597		36709.7798
1619	26.98			6			1			 1980540		0.9958		8			7		27.1743			1788.1882	48592.8509	24245.8688		24236.9426
1620	26.98			6			1			 2947088		1.0672		10			9		27.5410			3419.3687	94172.7726	47039.2911		47023.2802
1622	26.98			6			1			 1077714		0.9981		4			3		26.3245			1527.5976	40213.2547	20056.3568		20049.3843
1623	26.98			6			1			 4818104		0.9908		20			19		13.5636			3004.2818	40748.7712	20347.9832		20345.0602
1624	26.98			6			1			 5752910		1.0309		24			23		13.7817			3520.3480	48516.5106	24233.9792		24226.2415
1625	26.98			6			1			 5424463		0.9422		20			19		13.6994			2519.6425	34517.6253	17222.9585		17217.4569
1626	26.98			6			1			 5247750		0.7140		13			12		13.6397			  38.9376	 531.0954	 225.4737		 226.4199
1627	26.98			6			1			 5267054		0.6950		13			12		13.8637			 234.9109	3256.7319	1144.8417		1148.0509
1628	26.98			6			1			 5591351		0.6947		15			14		13.6143			 610.0443	8305.3237	3211.5407		3212.7642
1630	26.98			6			1			 3241814		1.0670		11			10		27.8176			3782.3895	105217.0751	52620.7238		52596.3513
1631	26.98			6			1			 2964986		0.9975		11			10		27.4910			3492.8443	96021.7969	47958.8950		47948.8082
1632	26.98			6			1			 2387108		0.9950		9			8		27.5539			1994.7138	54962.1551	27467.4508		27473.2924
1633	26.98			6			1			 1950939		0.9972		6			5		27.5732			2149.0431	59256.0544	29575.7165		29566.1069
1634	26.98			6			1			 1925113		0.9967		7			6		27.9337			2105.9106	58825.9721	29361.6819		29352.3774
1636	26.98			6			1			   16516		1.0003		1			0		4.7450			 584.1313	2771.6983	1376.4974		1376.7179
1637	26.98			6			1			 1356061		0.9984		5			4		27.2467			1777.6982	48436.4916	24158.8295		24167.1995
1638	2.01			6			1			 4359052		1.0219		19			18		13.0158			2770.6907	36062.8413	17914.9591		17918.5980
1639	2.01			6			1			 6470644		0.9502		25			24		13.9766			3324.3417	46462.9119	22790.4097		22799.1949
1641	2.01			6			1			 5678825		0.6444		12			11		14.2636			 220.3305	3142.7161	 933.5282		 934.4581
1642	2.01			3			17			31916672		0.9465		7			6		13.9768			1714.6399	23965.1274	11500.3633		11498.2786
1643	2.01			6			1			 5655524		0.8309		18			17		14.0291			1640.3844	23013.1589	11242.9905		11241.8480
1644	2.01			6			1			 5506104		0.6791		13			12		13.8825			 579.2259	8041.1183	2774.9534		2769.4288
1646	1.01			6			1			 2858380		0.9978		10			9		27.7574			3334.9298	92568.9606	46232.9506		46221.2930
1647	1.01			6			1			 2511695		0.9963		9			8		27.4205			2947.3820	80818.8264	40360.7954		40344.6115
1648	1.01			6			1			-2147483648		0.0007		11			10		28.1419			3537.8399	99561.6377	49734.2135		49715.5039
1649	1.01			6			1			-2147483648		-0.0002		4			3		28.5030			1189.8460	33914.1805	16901.9640		16899.2292
1652	1.01			6			1			 1389122		0.9966		5			4		27.6933			1632.6046	45212.2456	22550.8211		22546.6974
1659	26.98			6			1			  250371		0.9982		1			0		25.3028			 378.8211	9585.2466	4740.7085		4738.3754
1661	26.98			6			1			 1257654		0.9988		3			2		27.4750			1694.3768	46552.9539	23190.8866		23247.9571
1662	2.01			6			1			 1951253		0.9963		6			5		13.9539			1178.0394	16438.2548	8186.4972		8194.6997
1663	2.01			6			1			 2329331		0.9932		7			6		14.1291			1223.8105	17291.3869	8614.5913		8619.7393
1664	2.01			6			1			 1318888		0.9934		4			3		13.7742			 647.7305	8921.9508	4432.4312		4433.7563
1665	2.01			6			1			 2242906		0.9927		7			6		13.9785			1080.7799	15107.6422	7552.9537		7554.6884
1671	2.01			6			1			 5161110		0.9951		14			13		14.0173			3143.4224	44062.2199	22003.5215		22003.3339
1672	2.01			6			1			 5817067		1.0311		16			15		14.1352			3550.1525	50181.9711	25062.5772		25063.0550
1673	2.01			6			1			 5378373		0.7865		10			9		14.2797			 318.8077	4552.4930	1693.5792		1690.5916
1674	2.01			6			1			 6354656		0.8139		13			12		14.0783			3548.7650	49960.4627	20520.1586		20521.0277
1675	2.01			6			1			 5577118		0.8044		11			10		13.8990			1971.1001	27396.3497	11392.0156		11394.0005
1676	1.01			6			1			 1602756		0.9981		4			3		27.0186			2010.0037	54307.4112	27152.9333		27154.4779
1677	1.01			6			1			 3422662		1.0713		8			7		27.5592			4150.6562	114388.6604	57120.6157		57156.3376
1678	1.01			6			1			 2279726		0.9984		6			5		26.5587			2930.6013	77832.9244	38844.0690		38876.8600
1683	26.98			3			9			15319488		0.9979		3			2		27.9984			1143.1948	32007.6480	15947.5714		15945.5078
1687	2.01			6			1			 3975312		0.9956		11			10		13.9391			2552.9647	35586.1319	17792.5230		17793.6088
1688	2.01			6			1			 3541341		0.9965		10			9		13.9524			 959.8735	13392.5000	6628.6051		6627.8227
1690	2.01			6			1			 2599041		0.9974		5			4		13.8309			2511.7603	34739.9401	17340.2396		17342.2620
1691	2.01			6			1			 2620920		0.9980		5			4		13.8697			2521.7738	34976.3595	17459.9101		17459.7372
1693	2.01			6			1			 2714567		1.0576		8			7		13.2001			2781.1773	36711.6833	18325.6828		18328.2826
1694	2.01			6			1			 2963240		1.0541		8			7		13.5637			2932.6432	39777.4848	19886.6770		19889.4194
1695	2.01			6			1			 1779460		0.9911		5			4		13.9427			1725.8709	24063.3271	12001.6032		12004.2950
1696	2.01			6			1			 3797648		0.9949		11			10		13.7550			3774.4398	51917.5504	25924.3569		25937.5395
1697	1.01			6			1			 1214175		0.9975		3			2		26.0846			2209.0212	57621.4149	28803.4199		28809.6531
1698	1.01			6			1			  378741		0.9975		1			0		23.3657			 783.8930	18316.1943	9159.1713		9157.0230
1699	1.01			6			1			 1198660		0.9985		3			2		25.2651			2240.2453	56600.0199	28237.8477		28249.0662
1700	1.01			6			1			 1650800		0.9991		4			3		27.6645			2618.7271	72445.8988	36159.1732		36286.7256
1701	1.01			6			1			 1694300		0.9990		4			3		28.2598			2663.0439	75257.1851	37559.2280		37586.6505
1723	2.01			6			1			 3708489		0.9962		10			9		13.4681			2838.1792	38224.8949	19088.8546		19079.2183
1724	2.01			6			1			 1541647		1.0016		4			3		9.4283			2602.0166	24532.5563	12250.9882		12243.9366
1725	2.01			6			1			  363222		0.9997		1			0		4.7415			2258.7504	10709.9341	5347.3287		5342.9571
1726	2.01			6			1			   99820		0.9997		2			1		4.7200			 621.6815	2934.3403	1457.9299		1457.2762
1727	1.01			6			1			 1588755		0.9987		4			3		27.3673			2146.0648	58732.0173	29312.5235		29305.0646
1728	1.01			6			1			  370604		1.0017		1			0		18.9231			1061.5304	20087.4187	10006.5954		10003.7986
1729	1.01			6			1			  204752		0.9994		1			0		19.3264			 558.4545	10792.9408	5359.8755		5357.5397
1730	1.01			6			1			  364100		0.9995		1			0		18.6878			1041.6725	19466.5180	9698.9548		9692.7261
1731	1.01			6			1			  259390		0.9999		1			0		9.4609			2392.6126	22636.2601	11303.4142		11294.2199
1732	1.01			6			1			   63546		0.9999		2			1		9.4897			 581.9997	5522.9929	2743.5110		2741.6419
1734	26.98			6			1			  845335		0.9989		2			1		27.7144			1304.3232	36148.5321	18022.8286		18012.0056
1735	2.01			6			1			 3345792		0.9966		9			8		14.0844			2332.7345	32855.0692	16405.1231		16391.6828
1736	2.01			6			1			 6042925		0.9943		11			10		14.0623			2340.2785	32909.7866	16430.6262		16423.1990
1737	2.01			6			1			 5947180		0.9929		11			10		13.9726			2334.8996	32624.5043	16288.0987		16279.9611
1738	2.01			6			1			 6221143		0.9942		11			10		14.0447			2440.9546	34282.5036	17118.2395		17108.4404
1741	2.01			6			5			 1736182		0.9821		5			4		14.0805			 682.3713	9608.1053	4719.1192		4719.4525
1742	1.01			6			5			  896856		0.9995		3			2		27.2974			 725.1655	19795.1637	9848.1611		9850.7219
1743	1.01			6			1			 3339597		0.9976		6			5		27.8953			2640.0072	73643.7199	36766.2248		36764.2500
1744	1.01			6			1			 2223662		0.9979		4			3		27.8512			1769.5110	49283.0750	24587.1571		24580.2193
1746	1.01			6			1			 1312765		0.9978		3			2		27.1122			1071.6458	29054.6876	14474.9762		14465.6431
1749	1.01			6			1			 1382898		0.9993		2			1		18.7597			2536.3886	47581.9929	23759.9434		23746.3027
1750	1.01			6			1			  115870		0.9993		1			0		17.8364			 228.1112	4068.6825	1995.7942		1996.0694
1751	1.01			6			1			  386564		0.9998		1			0		9.5030			2652.6263	25207.8395	12586.3739		12583.3934
1753	2.01			6			1			 2453942		0.9986		6			5		18.5553			2537.8433	47090.3891	23549.5001		23537.9494
1756	2.01			6			1			 2644765		0.9987		6			5		18.7569			2726.4417	51139.5172	25539.9790		25524.9589
1757	2.01			6			1			 2481104		0.9987		6			5		18.4423			2640.4131	48695.2731	24315.5021		24303.9555
1758	2.01			6			1			 1195539		0.9996		3			2		13.0076			2510.3392	32653.5194	16303.9614		16297.2696
1759	2.01			6			1			  272070		0.9999		1			0		6.6225			2293.1212	15186.2215	7582.7652		7577.1066
1760	1.01			6			1			  815477		0.9992		2			1		27.2337			2688.5855	73220.1679	36613.3785		36597.0749
1761	1.01			6			1			   81945		0.9993		1			0		25.3560			 297.4274	7541.5601	3713.8838		3712.6934
1762	1.01			6			1			 1024124		0.9997		2			1		27.7988			3284.0155	91291.7822	45601.4328		45576.1790
1763	1.01			6			1			  912677		0.9997		2			1		27.6437			2956.8182	81737.2718	40821.7227		40803.6486
1764	1.01			6			1			  744491		0.9996		2			1		27.9090			2400.3258	66990.7485	33445.0639		33429.9379
1765	1.01			6			1			  299586		0.9980		1			0		18.3347			2214.3322	40599.0328	20269.0346		20254.8602
1766	1.01			6			1			   94858		0.9996		1			0		9.3706			2355.7387	22074.6659	11021.5121		11016.3988
1767	26.98			6			1			  253999		0.9998		1			0		26.8554			1044.0743	28039.0728	13967.0609		13957.3394
1768	2.01			6			1			 2041434		0.9985		5			4		18.1917			2227.2210	40516.9466	20223.8772		20219.4618
1769	2.01			6			1			 2187456		0.9987		5			4		18.0889			2421.6042	43804.1676	21868.6243		21862.7754
1770	2.01			6			1			  647213		0.9991		2			1		17.8757			 732.6077	13095.8699	6512.7761		6512.3078
1801	2.01			6			1			 2839142		1.0028		8			7		16.3892			  99.8642	1636.6946	 813.9532		 812.4476
1802	2.01			6			1			 2536341		1.0011		7			6		18.4381			 133.2537	2456.9498	1191.3800		1190.1997
1803	2.01			6			1			 1608308		0.9988		5			4		18.6298			2023.2303	37692.4313	18820.1752		18795.8429
1806	2.01			6			5			  949864		0.9982		3			2		18.8188			1194.5809	22480.6323	11212.8261		11194.4445
1807	1.01			6			1			  469002		0.9996		1			0		26.7407			1936.3226	51778.6961	25836.1011		25826.1580
1809	1.01			6			1			  492446		0.9995		2			1		27.3435			1977.1207	54061.4563	26976.5787		26974.0482
1810	1.01			6			1			  205413		0.9997		1			0		25.2458			 915.8273	23120.7629	11505.5672		11502.7190
1811	1.01			6			1			  464042		0.9997		1			0		26.5425			1943.5281	51586.1172	25737.2215		25734.5112
1814	1.01			6			1			  365722		0.9984		6			5		26.5916			1514.9109	40283.8703	20094.3405		20095.9108
1815	26.98			6			1			  256805		0.9999		1			0		24.5696			1462.3403	35929.1088	17938.1506		17953.7301
1816	26.98			6			1			   22186		1.0000		1			0		7.5730			1162.8494	8806.2914	4386.5585		4390.3114
1817	2.01			6			1			 1878523		0.9986		6			5		18.3100			2421.8422	44343.9052	22128.8364		22150.4281
1818	2.01			6			1			 1294925		0.9991		4			3		18.6040			1659.2953	30869.4544	15386.4947		15405.9432
1819	2.01			6			1			 2224349		0.9980		7			6		18.6448			2879.5198	53687.9723	26803.3789		26806.7529
1820	2.01			6			1			 1604748		0.9990		5			4		18.7216			2079.1854	38925.6797	19423.2038		19427.6056
1821	2.01			6			1			 1720699		0.9986		5			4		18.7167			2242.0400	41963.6901	20936.6164		20950.3550
1822	2.01			6			1			 1532945		0.9988		5			4		18.4774			2036.7297	37633.5343	18774.7830		18785.0771
1824	2.01			6			1			  995812		0.9996		3			2		12.8965			2759.7981	35591.6589	17763.3172		17776.0227
1825	2.01			6			1			  370103		0.9999		1			0		6.6341			3721.7351	24690.3490	12338.8171		12351.5319
1826	1.01			6			1			  696648		0.9998		2			1		26.8472			2937.5365	78864.6574	39409.6054		39439.1341
1827	1.01			6			1			  770258		0.9997		2			1		27.9757			3115.8506	87168.0436	43515.2239		43538.3383
1828	1.01			6			1			  539698		0.9993		2			1		27.7328			2224.4813	61691.0077	30781.1856		30795.0356
1829	1.01			6			1			  602857		0.9995		2			1		26.3527			2654.5873	69955.4127	34911.7062		34929.0655
1830	1.01			6			1			  289284		0.9999		1			0		18.8422			2465.3121	46451.9288	23180.4696		23197.4362
1831	1.01			6			1			   94549		1.0001		1			0		9.3395			2538.3833	23707.2990	11830.3690		11839.3113
1832	26.98			6			1			  211168		0.9999		1			0		26.3105			1138.7965	29962.2621	14915.8354		14929.6465
1833	26.98			6			1			   21886		1.0001		1			0		7.4435			1217.5173	9062.6003	4513.3677		4520.0680
1834	2.01			6			1			 1822971		0.9991		5			4		18.3061			2433.7492	44552.4382	22258.7553		22270.9684
1835	2.01			6			1			  660737		0.9990		2			1		18.2620			 888.4256	16224.4662	8071.3026		8079.1338
1836	2.01			6			1			  820840		0.9989		3			2		17.6289			1153.5122	20335.1859	10127.5492		10132.6138
1837	2.01			6			1			 1816754		0.9991		5			4		18.2638			2460.5756	44939.5478	22416.9184		22447.1897
1838	2.01			6			1			 1803461		0.9990		5			4		18.1893			2464.4998	44827.5370	22399.4794		22421.6661
1839	2.01			6			1			 1839720		0.9990		6			5		18.5339			2470.0479	45779.6607	22840.9691		22863.9291
1840	2.01			6			1			 1848534		0.9991		6			5		18.2598			2560.6767	46757.4884	23333.4105		23351.1107
1845	2.01			3			2			 2847019		0.8695		16			15		18.9628			 697.7636	13231.5546	6121.8023		6124.6377
1847	2.01			3			9			 5922686		0.9980		9			8		18.6856			1494.7824	27930.9037	13922.2946		13935.1296
1848	1.01			6			1			  616555		0.9998		2			1		27.3247			2635.1691	72005.2230	35990.8487		36013.2778
1849	1.01			6			1			  449748		0.9997		1			0		26.4970			2010.6122	53275.2015	26569.1837		26588.3110
1851	1.01			6			1			  581381		0.9997		2			1		26.7745			2560.7447	68562.5610	34214.6610		34234.3042
1852	1.01			6			1			  662564		1.0002		2			1		27.3930			2839.9042	77793.6240	38873.7585		38901.4836
1856	1.01			3			5			 2729833		0.9977		8			7		27.4409			1163.8980	31938.4370	15910.0967		15917.6223
1857	26.98			6			1			  219216		0.9999		1			0		27.0219			1196.5432	32332.8618	16109.5277		16113.0383
1858	26.98			6			1			   25654		1.0000		1			0		7.3057			1303.2748	9521.3157	4757.7874		4763.5283
1859	2.01			6			1			  976607		0.9958		3			2		17.7934			1086.0905	19325.2574	9621.3568		9631.0261
1861	2.01			6			1			  104619		0.9972		1			0		17.6835			 146.2780	2586.7091	1255.2969		1256.6889
1862	2.01			6			1			 1772422		0.9988		5			4		17.8601			2487.6395	44429.4900	22166.7897		22188.0098
1863	2.01			6			1			-2147483648		0.0004		5			4		18.0760			2221.2673	40151.5388	20065.4130		20086.1258
1864	2.01			6			1			 1459067		0.9992		4			3		17.9112			2067.2423	37026.8391	18473.9623		18488.7736
1865	2.01			6			1			 1861438		0.9991		6			5		18.6907			2443.9654	45679.3185	22783.2492		22816.7767
1866	2.01			6			1			 1818082		0.9992		5			4		18.1846			2508.5118	45616.3988	22762.4041		22778.6338
1867	2.01			6			1			 1974845		0.9990		6			5		18.2780			2732.4956	49944.4873	24929.1644		24940.9941
1874	2.01			6			1			  381078		0.9996		1			0		13.0678			1114.0332	14557.9648	7252.8907		7254.9116
1875	2.01			6			1			  823833		0.9997		2			1		13.1088			2305.8738	30227.2578	15085.4894		15088.5128
1876	2.01			6			1			  245779		0.9999		1			0		6.5721			2619.6747	17216.7095	8593.7838		8596.4488
1877	1.01			6			1			  632158		0.9998		2			1		27.1107			2725.5604	73891.8164	36886.7198		36894.5268
1878	1.01			6			1			  618795		1.0013		2			1		27.1950			2672.6177	72681.7664	36278.3547		36288.7998
1879	1.01			6			1			-2147483648		0.0001		2			1		27.0345			2674.6816	72308.6555	36096.4359		36101.3122
1880	1.01			6			1			    9522		1.0000		1			0		4.7566			 266.3383	1266.8659	 624.0747		 624.1436
1881	1.01			6			1			  366803		0.9991		1			0		15.8816			1049.7241	16671.2705	8296.4039		8299.8138
1882	1.01			6			1			  770850		0.9996		2			1		17.8568			1872.9269	33444.4492	16673.0851		16693.3619
1883	1.01			6			1			  274796		0.9997		1			0		25.6529			1256.9286	32243.8985	16054.7534		16074.1166
1885	1.01			6			1			  559052		0.9997		2			1		27.7013			2339.8387	64816.4938	32341.4899		32363.4307
1886	1.01			6			1			  282743		0.9999		1			0		18.7426			2466.5632	46229.8691	23068.8519		23086.1276
1887	1.01			6			1			   81900		0.9995		1			0		9.4157			2209.1897	20801.0346	10381.1467		10382.9175
1888	26.98			6			1			  240833		0.9998		1			0		27.0903			1279.6616	34666.4253	17287.9635		17290.5545
1889	26.98			6			1			   40767		1.0001		1			0		7.5441			2268.2219	17111.6720	8539.3597		8541.4408
1890	2.01			6			1			 1887606		0.9991		6			5		18.7350			2496.1637	46765.6024	23340.8550		23349.6014
1891	2.01			6			1			 2000343		0.9974		6			5		18.6592			2693.0840	50250.8428	25048.5799		25050.1187
1892	2.01			6			1			 2386992		0.9353		6			5		18.7557			3085.0304	57861.9837	27615.3032		27616.9071
1895	2.01			3			17			 5338155		1.0000		5			4		18.6104			1355.1008	25218.9148	12568.0638		12574.5691
1896	1.01			6			1			  785415		0.9995		2			1		27.8185			3419.0948	95114.1612	47492.6272		47503.8279
1897	1.01			6			1			  653458		0.9997		2			1		27.2072			2935.2679	79860.3258	39875.1494		39870.0802
1898	1.01			6			1			  861211		0.9997		2			1		28.3347			3662.6997	103781.4103	51835.7409		51832.7226
1899	1.01			6			1			  883217		0.9997		2			1		27.8035			3864.7960	107454.9398	53668.1813		53672.4443
1901	1.01			3			9			 3204071		0.9999		5			4		26.5728			1422.1166	37789.6055	18894.1615		18895.4439
1902	26.98			6			1			  195982		0.9998		1			0		26.0763			1158.1466	30200.2249	15100.7959		15099.4290
1903	26.98			6			1			   23896		1.0002		1			0		7.5753			1394.2753	10562.0337	5265.1961		5265.7305
1904	2.01			6			1			 2030814		0.9987		6			5		18.5748			2836.6223	52689.7482	26309.0930		26306.4288
1905	2.01			6			1			 1903499		0.9992		6			5		18.5826			2697.1442	50119.9876	25022.6625		25023.4276
1906	2.01			6			1			 1884656		0.9992		6			5		18.4818			2715.6828	50190.7526	25058.2441		25055.5256
1907	2.01			6			1			 1861675		0.9993		5			4		18.7433			2643.3559	49545.2712	24736.8467		24732.5592
1908	2.01			6			1			  867992		1.0009		3			2		18.7165			1236.1575	23136.5156	11531.4593		11529.9434
1910	2.01			6			1			 1889745		0.9990		6			5		18.8757			2654.1138	50098.2112	25039.3674		25037.5115
1911	2.01			6			1			  939188		0.9991		3			2		18.3457			1381.7251	25348.7243	12636.5113		12636.0323
1913	2.01			6			1			  842610		0.9996		2			1		13.1353			2486.6924	32663.4094	16331.4537		16331.9558
1914	2.01			6			1			  190727		1.0000		1			0		6.5519			2153.9809	14112.6114	7041.8729		7044.2314
1916	1.01			6			1			  763035		0.9997		2			1		13.7946			2973.7668	41022.0531	20482.8786		20483.2418
1917	1.01			6			1			  516626		0.9998		2			1		27.0031			2347.4843	63389.2632	31644.0809		31638.5519
1918	1.01			6			1			  532238		1.0009		2			1		27.4286			2371.1986	65038.7188	32465.7486		32458.0673
1919	1.01			6			1			  553278		0.9998		2			1		27.7026			2440.8532	67618.1003	33809.7923		33808.3080
1920	1.01			6			1			  558846		1.0002		2			1		27.9146			2460.5080	68684.2171	34290.9038		34281.6364
1921	1.01			6			1			  243041		0.9999		1			0		18.6977			2251.4089	42096.2298	21012.8122		21006.3960
1922	1.01			6			1			   90498		1.0000		1			0		9.4023			2566.6643	24132.4481	12048.9592		12047.1874
1924	26.98			6			1			  247507		0.9999		1			0		27.5181			1367.6179	37634.2876	18762.9432		18759.3008
1925	26.98			6			1			   19450		0.9999		1			0		7.5156			1163.0182	8740.8231	4354.9591		4354.8671
1926	2.01			6			1			 1677902		0.9603		5			4		18.5837			2282.1597	42411.0428	20530.2381		20531.2408
1927	2.01			6			1			 1630723		0.9871		5			4		18.2426			2351.5774	42898.8062	21191.8158		21183.9349
1928	2.01			6			1			 1674017		0.9989		5			4		18.5191			2396.1306	44374.2549	22190.4178		22183.8370
1929	2.01			6			1			 1617080		0.9991		5			4		18.6176			2320.0483	43193.8016	21559.6951		21559.1380
1930	2.01			6			1			 1668103		0.9994		5			4		18.8500			2379.0804	44845.5630	22387.6608		22382.9074
1931	2.01			6			1			 1706324		0.9991		5			4		18.8547			2436.9962	45948.7556	22937.9036		22935.4321
1933	2.01			3			9			 4722614		0.9981		7			6		18.7526			1189.4725	22305.6678	11114.7917		11114.9500
1934	1.01			6			1			  482688		0.9997		1			0		27.7557			2203.0664	61147.7176	30519.4843		30514.3943
1935	1.01			6			1			  502012		0.9998		2			1		27.0029			2376.8813	64182.6750	32037.8696		32034.3172
1936	1.01			6			1			  514527		1.0016		2			1		27.4266			2376.1034	65168.3491	32550.8825		32549.2249
1937	1.01			6			1			  531219		0.9998		2			1		27.6572			2415.3795	66802.5966	33403.1481		33399.4484
1938	1.01			6			1			  262193		4.2463		2			1		27.5206			1202.3617	33089.6977	16487.3386		16486.0960
1942	1.01			3			5			 3507387		0.9963		9			8		27.4179			1507.6378	41336.2219	20606.3727		20612.6295
1943	26.98			6			1			  347888		1.0036		1			0		26.8100			1124.8588	30157.4866	15005.5652		15008.1801
1944	26.98			6			1			   28966		1.0000		1			0		7.4909			1383.0441	10360.2494	5156.5702		5157.4716
1945	2.01			6			1			 2309078		0.9995		7			6		18.0566			  58.5924	1057.9780	 506.0114		 506.6233
1946	2.01			6			1			 2006181		0.9991		6			5		19.1930			  32.5438	 624.6146	 273.6484		 273.7693
1947	2.01			6			1			 2280552		0.9979		7			6		-nan			   0.0000	   0.0000	   0.0000		   0.0000
1948	2.01			6			1			 2124729		0.9982		6			5		18.6931			 457.8459	8558.5738	4239.1992		4241.5684
1949	2.01			6			1			 2016785		0.9988		6			5		18.7508			2317.2742	43450.6391	21674.1957		21685.6582
1950	2.01			6			1			 2199631		1.0010		6			5		18.6005			1436.2235	26714.4901	13306.3895		13315.7304
1952	2.01			6			1			 1189819		1.0006		3			2		13.1536			2803.0292	36870.0168	18390.5171		18406.0095
1953	2.01			6			1			  352539		0.9999		1			0		6.5971			2389.7026	15765.1626	7852.4086		7859.0227
1954	1.01			6			1			  616832		0.9997		2			1		27.0395			2236.7265	60479.8655	30174.2849		30192.1131
1955	1.01			6			1			  828445		0.9998		2			1		27.6835			2933.4750	81208.8597	40533.2633		40561.8970
1956	1.01			6			1			  712902		0.9997		2			1		26.9288			2617.9829	70499.2336	35235.4174		35263.8162
1957	1.01			6			1			 1191362		0.9997		3			2		27.7192			4224.2663	117093.1678	58460.4964		58516.3623
1990	2.01			6			1			 1355456		0.9994		4			3		14.0423			2671.7058	37516.9781	18730.3368		18727.4335
1991	2.01			6			1			-2147483648		0.0003		4			3		14.0249			2734.1210	38345.7614	19148.0763		19142.0572
1992	2.01			6			1			 1460564		1.0009		4			3		13.7629			2989.5664	41145.0294	20578.2492		20566.7801
1993	2.01			6			1			 1335280		0.9995		4			3		13.8663			2714.4998	37640.1924	18796.5262		18787.4291
1994	2.01			6			1			  309858		0.9999		1			0		9.2053			1421.4408	13084.8529	6525.8225		6521.7069
1995	2.01			6			1			   79304		0.9999		1			0		4.7068			1262.9167	5944.3204	2963.2489		2961.7926
1997	2.01			6			1			  142901		inf		1			0		-nan			   0.0000	   0.0000	   0.0000		   0.0000
2004	2.01			6			3			  316331		0.9985		2			1		13.6852			 657.8451	9002.7632	4474.8305		4472.4558
2005	26.98			6			1			  209843		0.9998		1			0		25.2206			1032.8431	26048.9694	12971.8058		12963.7535
2006	26.98			6			1			   73808		0.9999		1			0		13.9693			1211.5295	16924.1663	8433.8832		8434.9113
2007	1.01			6			1			  958166		0.9996		3			2		26.9884			3395.5843	91641.5511	45765.0709		45764.5723
2011	1.01			6			1			  322028		0.9930		1			0		9.2693			1389.1334	12876.2681	6401.6488		6399.0573
2013	1.01			6			1			  791636		0.9993		4			3		25.7849			2985.7758	76987.8765	38494.6536		38483.8074
2014	1.01			6			1			  207139		0.9999		1			0		17.9895			1574.4504	28323.6286	14125.6898		14121.4534
2015	1.01			6			1			   58644		1.0000		1			0		9.2253			1379.0861	12722.5469	6343.6992		6340.7069
2016	1.01			3			2			 1778674		0.9984		4			3		26.0393			 804.0553	20937.0688	10413.6792		10406.0145
2017	1.01			6			1			  223684		0.9980		4			3		28.3624			 732.8445	20785.2202	10334.9853		10339.5004
2018	2.01			6			1			 1270333		0.9989		7			6		13.7097			2595.6221	35585.1989	17763.7020		17764.4805
2019	2.01			6			1			 1293282		0.9981		7			6		14.0498			2581.8198	36274.1064	18111.0833		18106.4293
2023	2.01			6			5			17699483		0.9835		21			20		13.8100			2353.7091	32504.6534	16141.3129		16138.0952
2024	2.01			6			5			14269185		0.9867		17			16		13.8718			1904.6926	26421.5176	13158.1070		13150.6397
2028	2.01			6			5			 7999848		0.9497		9			8		13.8833			1055.7796	14657.7273	7161.7282		7155.9764
2029	2.01			6			5			18776297		0.9829		22			21		13.8549			2528.0999	35026.4740	17487.2179		17482.5988
2031	2.01			6			5			17299056		0.9790		20			19		13.9741			1818.5635	25412.7239	12568.9975		12560.7535
2033	2.01			6			5			24614241		0.9570		28			27		13.9917			2570.0486	35959.2793	17696.1151		17690.6939
2035	2.01			6			5			19602115		0.9824		23			22		14.0115			2657.5990	37236.8988	18537.3347		18527.9625
2036	2.01			6			2			 4082403		0.9861		10			9		9.3633			1224.4529	11464.8656	5677.8959		5675.6162
2038	2.01			6			1			  994596		0.9965		4			3		4.6826			1173.3365	5494.3214	2738.0918		2736.3511
2043	2.01			6			9			 1336763		0.9997		2			1		7.0095			 693.1628	4858.7412	2415.6536		2414.7367
2044	26.98			6			1			 1225539		0.9968		5			4		13.8549			1336.5289	18517.4417	9232.9292		9229.4135
2045	26.98			6			1			  309385		0.9997		1			0		7.0947			1251.5496	8879.3858	4425.8390		4425.6524
2046	1.01			6			1			 2145771		0.8044		6			5		17.4818			1050.0960	18357.5842	7870.2632		7867.8658
2047	1.01			6			1			 2318001		0.9254		7			6		13.5097			2190.1103	29587.7933	13890.0115		13885.2827
2048	1.01			6			1			 2810850		0.8514		7			6		13.6926			1399.9589	19169.0584	8727.1334		8718.3719
2051	1.01			6			1			  715426		0.9963		2			1		9.3048			1449.9248	13491.2144	6708.4970		6706.3640
2052	1.01			6			1			  178905		0.9997		1			0		4.6893			1182.7408	5546.2165	2764.2309		2763.0724
2061	1.01			6			17			 2792229		0.9993		3			2		27.8579			 682.3712	19009.4537	9449.7647		9447.1786
2062	2.01			6			1			15143268		0.3668		23			22		13.6094			1192.8895	16234.4516	6773.2206		6774.6375
2065	2.01			6			1			 4995861		0.1546		2			1		13.8085			 228.3817	3153.6162	 816.8903		 815.7834
2068	2.01			6			129			17110661		1.0050		1			0		13.7182			2358.2417	32350.7198	16155.7081		16153.7763
2069	2.01			6			33			12250000		0.9961		3			2		13.9733			1607.5691	22463.0777	11049.8128		11046.9895
2070	2.01			6			17			 4294319		1.0003		2			1		9.4397			1261.3937	11907.1176	5935.9591		5933.4739
2071	2.01			6			9			  838328		1.0014		1			0		4.7140			 981.0502	4624.6539	2303.4774		2302.9226
2072	2.01			6			1			-2147483648		0.0002		3			2		4.7167			1076.9901	5079.7944	2392.7834		2390.3443
2082	2.01			6			1			-2147483648		0.0003		3			2		4.7132			1615.9929	7616.4324	3771.2462		3766.0831
2085	2.01			6			5			 1678654		0.8757		3			2		6.9785			 603.7181	4213.0228	1763.4803		1761.8007
2086	2.01			6			9			 2266703		0.8130		3			2		6.9973			 939.9140	6576.8777	2697.0925		2692.4553
2087	2.01			6			17			 1772218		0.9947		2			1		6.9757			 912.2078	6363.2871	3154.4606		3152.6538
2088	26.98			6			1			 1333256		0.9994		3			2		13.7531			1463.3214	20125.2090	10037.8667		10028.6606
2089	26.98			6			1			  433553		0.9998		1			0		7.0389			1776.7502	12506.4145	6242.2384		6236.9315
2090	1.01			6			1			 2304532		0.9989		4			3		13.7306			2231.9916	30646.6933	15302.3138		15289.4328
2091	1.01			6			1			 2732487		0.9989		5			4		13.9475			2588.8236	36107.5792	18032.7270		18018.7828
2092	1.01			6			1			  655226		0.9995		1			0		9.3461			1327.6998	12408.8088	6188.3765		6182.9213
2093	1.01			6			1			  219497		0.9998		1			0		4.7167			1445.8657	6819.7435	3411.2784		3408.4650
2095	1.01			6			1			  859647		0.9027		11			10		13.8795			 799.2519	11093.2017	5333.7042		5328.7055
2096	2.01			6			1			 4717427		0.9961		8			7		7.0209			2419.8122	16989.2423	8480.6340		8480.4660
2097	2.01			6			1			 4813387		0.9955		9			8		7.0267			2469.8458	17354.7734	8663.5014		8663.8210
2098	2.01			6			1			 4866191		0.9962		9			8		6.8184			2644.3372	18030.0197	9002.3812		8999.5762
2099	2.01			6			1			 4820773		0.9961		8			7		6.8464			2623.2275	17959.6555	8965.9564		8967.0049
2100	2.01			6			1			 1063427		0.9989		2			1		4.5355			1301.6510	5903.5972	2943.8169		2944.4925
2102	2.01			6			1			 2920007		0.9881		8			7		4.5381			1226.5836	5566.3247	2773.5621		2774.5939
2104	2.01			6			5			 1200974		0.9992		4			3		6.8819			 644.9898	4438.7423	2205.7825		2206.0347
2105	26.98			6			1			 2861250		0.9573		6			5		27.3919			 749.9622	20542.9240	10159.9567		10159.6699
2106	26.98			6			1			 3314881		0.7524		5			4		26.6348			 754.0894	20085.0314	7786.7437		7799.2620
2107	26.98			6			1			 1204939		0.9990		2			1		14.1050			1309.3637	18468.5909	9203.6003		9207.4858
2108	1.01			6			1			 2329858		0.9988		4			3		13.5983			2335.3729	31757.0849	15844.9803		15855.0890
2110	1.01			6			1			 2797849		0.9967		5			4		13.8934			2719.0649	37777.0016	18860.7886		18861.0743
2111	1.01			6			1			  665808		0.9995		1			0		9.2330			1389.1693	12826.1578	6395.4819		6393.5214
2117	1.01			3			9			10864449		0.9994		2			1		13.8973			1145.9003	15924.9548	7938.0908		7931.7552
2122	1.01			6			9			  738166		0.9963		2			1		14.2670			 678.4130	9678.9001	4780.3375		4780.9642
2123	2.01			6			1			  930095		0.7579		1			0		7.0628			 313.8684	2216.7904	 852.8224		 853.4548
2127	2.01			6			1			 2212458		0.9741		4			3		4.7513			2382.9869	11322.3564	5568.0073		5562.6024
2128	2.01			6			1			 2193905		0.9997		4			3		4.7860			2422.1786	11592.5196	5790.3677		5783.4764
2129	2.01			6			1			-2147483648		0.0005		4			3		4.7881			2263.2822	10836.8833	5355.3359		5348.3908
2130	2.01			6			1			 2266026		0.9784		4			3		4.7922			2445.2163	11717.9219	5784.8389		5779.0786
2131	1.01			6			1			  756515		0.9990		2			1		14.1685			 692.8920	9817.2558	4911.4147		4905.8411
2158	2.01			6			1			 3709340		0.9951		7			6		6.9559			1868.9010	12999.8091	6488.1608		6482.7899
2159	2.01			6			1			 1098968		0.9958		2			1		6.9195			 556.4246	3850.1649	1925.9047		1924.2603
2160	2.01			6			1			 3287950		0.9963		6			5		7.0338			1634.7679	11498.6119	5735.6555		5734.6187
2161	2.01			6			1			 4724534		0.9951		9			8		7.0452			2361.2185	16635.1389	8305.9989		8301.5131
2162	2.01			6			1			 5305176		0.9967		10			9		6.9984			2686.3858	18800.3970	9389.7928		9382.1963
2163	2.01			6			1			 2795001		0.9956		5			4		7.1335			1373.5378	9798.0643	4886.2213		4884.1697
2164	2.01			6			1			 1498536		0.9991		3			2		4.7378			1653.0693	7831.8626	3907.1526		3906.0600
2170	2.01			6			2			 2919682		0.9974		5			4		4.6735			1218.2613	5693.4890	2846.6757		2846.8133
2172	2.01			6			5			 1911785		0.9980		6			5		6.9018			 986.5981	6809.2795	3390.1281		3391.3123
2173	26.98			6			1			 4437467		0.9599		9			8		25.9570			1226.9891	31849.0118	15811.1219		15811.2714
2174	26.98			6			1			 1113590		0.9987		2			1		14.1819			1166.6714	16545.6717	8243.6183		8244.7201
2175	1.01			6			1			 2573284		0.9983		4			3		14.1067			2360.0680	33292.8530	16618.7803		16616.3744
2176	1.01			6			1			-2147483648		0.0006		4			3		14.1882			2346.4685	33292.0925	16621.3863		16614.8994
2178	1.01			6			9			  664251		1.0003		2			1		14.0917			 613.6298	8647.0728	4295.6259		4293.4926
2179	1.01			6			1			  610074		0.9995		1			0		9.4308			1203.9512	11354.1668	5659.5576		5656.4824
2180	1.01			6			1			  192599		1.0029		1			0		4.7951			1233.1459	5913.0392	2948.0721		2947.3827
2181	1.01			6			1			  414853		0.9993		1			0		4.7751			 544.1106	2598.1585	1289.7983		1289.6297
2182	1.01			6			1			 4484302		0.9956		8			7		18.5405			2376.0353	44052.8745	21985.0219		21990.0298
2183	1.01			6			1			 5017300		0.9970		9			8		18.7290			2655.5686	49736.0349	24829.2842		24830.6572
2188	2.01			6			1			 1861341		0.9633		6			5		13.0389			 572.5276	7465.1060	3675.2248		3676.8515
2189	2.01			6			1			 4570732		0.9941		12			11		9.3479			2434.2911	22755.4265	11357.6916		11360.3397
2190	2.01			6			1			 4775299		0.9957		13			12		9.2289			2605.5012	24045.9772	12008.5955		12007.2348
2191	2.01			6			1			 4460944		0.9955		12			11		9.4080			2391.1923	22496.2318	11229.5367		11228.4269
2192	2.01			6			1			 4680940		0.9953		12			11		9.1099			2626.4412	23926.5382	11945.1635		11944.2692
2193	2.01			6			1			 1218379		0.9977		3			2		6.5403			1220.2575	7980.9063	3978.7908		3977.4058
2194	2.01			6			1			  479023		0.9995		1			0		3.7755			1294.7496	4888.3261	2436.7409		2436.3684
2197	2.01			6			2			 1800776		0.9971		6			5		9.3241			1244.3778	11602.6467	5783.0808		5782.5688
2200	2.01			6			9			 1789896		0.9953		3			2		13.8194			 529.7333	7320.6183	3633.1847		3633.3771
2201	2.01			6			17			 2074514		1.0118		2			1		13.7210			 618.7721	8490.1965	4217.6445		4216.9608
2202	26.98			6			1			 2242109		0.9912		7			6		24.6957			1188.6608	29354.8183	14624.1765		14617.1444
2203	26.98			6			1			  704440		0.9995		2			1		13.5427			1195.3590	16188.3536	8066.2296		8066.4209
2204	1.01			6			1			  616940		0.9952		2			1		22.7958			 377.9411	8615.4591	4251.9119		4250.6127
2205	1.01			6			1			 3739184		0.9970		9			8		21.8511			2614.4988	57129.7254	28517.4852		28518.5336
2206	1.01			6			1			 3595327		0.9974		9			8		22.4374			2445.1830	54863.5125	27385.4351		27383.6443
2207	1.01			6			1			 1182825		0.9993		3			2		15.1575			1604.0847	24313.9677	12156.1531		12157.8146
2208	1.01			6			1			  305515		0.9998		1			0		7.4986			1501.8187	11261.5422	5628.3504		5629.0492
2209	1.01			6			1			 1393154		0.9971		4			3		21.3628			1015.2856	21689.3132	10801.2630		10797.2213
2211	1.01			6			5			 1193075		1.0001		4			3		22.4168			 816.8765	18311.7319	9155.8679		9155.8640
2212	1.01			6			1			  621919		0.9991		2			1		7.4267			1365.5540	10141.5206	5058.4578		5060.5389
2213	2.01			6			1			 5269647		0.9968		14			13		9.1870			2971.2624	27297.0434	13627.8223		13632.7761
2214	2.01			6			1			 4151483		0.9970		11			10		9.1197			2393.0516	21823.8347	10892.0267		10895.9399
2246	2.01			6			1			 4716443		0.9954		13			12		9.3870			2453.0656	23027.0366	11479.7506		11507.7747
2247	2.01			6			1			 4985033		0.9964		13			12		9.3594			2649.7831	24800.2666	12367.2435		12395.3662
2248	2.01			6			1			 5120913		0.9960		14			13		9.1383			2824.0717	25807.2263	12869.6060		12901.3166
2249	2.01			6			1			 1272288		0.9976		3			2		6.5053			1259.5671	8193.8288	4091.0161		4102.8127
2250	2.01			6			1			  493957		0.9996		1			0		3.7497			1323.2676	4961.8080	2470.4626		2476.8646
2253	2.01			6			2			 2123226		0.9985		7			6		9.1975			1475.9395	13574.9655	6760.2617		6776.1600
2255	2.01			6			9			 2770916		1.0000		4			3		9.1882			1521.1361	13976.4817	6965.3725		6973.3354
2256	26.98			6			1			 3497097		0.9930		10			9		25.9977			1713.1853	44538.7968	22202.3978		22222.7180
2257	26.98			6			1			  662009		0.9995		2			1		13.8047			1080.0355	14909.5537	7422.4764		7430.3114
2258	1.01			6			1			 5331882		0.9946		14			13		26.7534			2617.2071	70019.2046	34994.7520		35024.4526
2260	1.01			6			1			 6227988		0.9956		17			16		25.3859			3330.1631	84539.1486	42221.0211		42207.7001
2261	1.01			6			1			 1409654		0.9982		3			2		18.5799			1351.0426	25102.2356	12520.3422		12509.0204
2262	1.01			6			1			  369483		0.9995		1			0		9.3480			1221.6116	11419.5957	5691.5931		5689.7661
2264	1.01			6			1			 1155145		0.9966		3			2		23.0032			 745.2266	17142.6242	8517.3916		8514.6249
2265	2.01			6			1			 8079610		0.9839		26			25		13.5851			2474.9547	33622.5300	16785.7083		16779.6176
2271	2.01			6			1			 6156152		0.9931		18			17		11.1085			2584.7304	28712.4609	14336.6510		14331.3888
2273	2.01			6			1			 6893693		0.9945		19			18		11.1045			2937.5364	32619.8868	16287.9808		16287.3952
2274	2.01			6			1			 1732013		0.9932		5			4		11.1870			 752.7702	8421.2633	4188.5094		4188.9835
2275	2.01			6			1			 4488411		0.9942		13			12		11.1018			1902.1217	21116.9558	10557.4639		10559.4919
2276	2.01			6			1			 1770753		0.9979		4			3		7.4484			1478.7137	11014.0255	5492.1982		5493.1241
2277	2.01			6			1			  606062		0.9997		1			0		3.7715			1787.7785	6742.5897	3363.5010		3363.8475
2281	2.01			6			1			  347080		0.9998		1			0		3.7266			 999.0477	3723.0192	1854.2708		1854.2077
2283	2.01			6			5			 1782495		0.9977		5			4		10.9943			 756.9988	8322.7064	4139.0680		4139.0007
2284	2.01			6			1			  786406		0.9989		3			2		3.7447			1473.0642	5516.1360	2749.8779		2750.6858
2285	26.98			6			1			 3654797		0.9951		10			9		26.3041			1830.2342	48142.7095	24008.1742		24022.4275
2286	26.98			6			1			 1016585		0.9991		2			1		13.6111			1782.7376	24264.9955	12104.1000		12106.9553
2287	26.98			6			1			  889162		1.0005		4			3		13.5060			1625.7358	21957.1174	10948.4335		10953.3290
2288	26.98			6			1			 2305584		0.9893		16			15		27.0054			1434.6678	38743.8353	19310.5344		19320.9475
2289	1.01			6			1			 5008681		0.9969		12			11		22.1504			3535.3673	78309.7203	39105.2270		39110.8545
2290	1.01			6			1			 1135148		0.9988		3			2		18.2652			1142.4163	20866.4139	10394.7845		10395.0800
2291	1.01			6			1			  264186		0.9997		1			0		9.1585			 923.3037	8456.0783	4210.5191		4208.7654
2293	1.01			6			1			 4136086		0.9975		10			9		22.9196			2801.4740	64208.6779	32055.0686		32060.3458
2295	1.01			6			3			 1016408		0.9955		5			4		22.0995			 721.2075	15938.3286	7922.7324		7921.6885
2296	2.01			6			1			 5597904		0.9971		13			12		11.1652			3646.1610	40710.2955	20330.3410		20334.6341
2300	2.01			6			1			 5227050		0.9973		12			11		11.1311			3424.3415	38116.7641	19055.3140		19061.4502
2301	2.01			6			1			 4939346		0.9962		11			10		11.1852			3214.9378	35959.5934	17954.7807		17959.1603
2303	2.01			6			1			 4826656		0.9967		11			10		11.0786			3202.8603	35483.1656	17715.0395		17723.2532
2304	2.01			6			1			  861166		0.9991		2			1		7.4990			1193.7359	8951.8390	4461.1391		4461.0728
2305	2.01			6			1			  240969		0.9999		1			0		3.7785			1183.5195	4471.9114	2227.8990		2229.0630
2306	2.01			3			3			 8175646		0.9962		6			5		11.2108			1246.2727	13971.7166	6962.3720		6963.8889
2308	2.01			6			1			  714143		0.9994		2			1		3.8135			1282.6730	4891.4131	2437.5586		2438.7217
2310	2.01			6			5			  968334		0.9980		3			2		11.0815			 637.8601	7068.4371	3512.9792		3512.0322
2311	26.98			6			1			  735212		0.9981		2			1		25.0411			 666.7086	16695.1426	8290.6622		8292.4370
2312	26.98			6			1			  191516		0.9992		1			0		13.9735			 587.2896	8206.5150	4073.2012		4074.9733
2313	1.01			6			1			 2717419		0.9990		6			5		22.3836			3107.4949	69557.0606	34729.7320		34734.9700
2314	1.01			6			1			 3277351		0.9995		7			6		22.5576			3728.1276	84097.7274	41997.3961		42008.5270
2315	1.01			6			1			  514777		0.9995		1			0		17.9518			 895.3609	16073.2972	7999.6831		8001.4571
2316	1.01			6			1			  234643		0.9998		1			0		9.3739			1337.0366	12533.2424	6246.8727		6247.9784
2317	1.01			3			2			 4546451		0.9973		4			3		22.2993			1001.7203	22337.6934	11119.8235		11122.4935
2318	1.01			6			1			  627050		0.9995		2			1		9.3168			1154.1214	10752.6826	5357.7205		5357.8741
2319	1.01			6			5			  538363		0.9999		2			1		22.7118			 603.3157	13702.3859	6803.3260		6804.1060
2320	2.01			6			1			 4072227		0.9963		9			8		10.9249			2716.6641	29679.3659	14838.9801		14840.3858
2321	2.01			6			1			 4499247		0.9985		10			9		11.0466			2969.7750	32805.8155	16377.3823		16383.3799
2322	1.01			6			1			 2871505		0.9990		6			5		22.5316			3287.2631	74067.4210	37028.5090		37038.9120
2323	1.01			6			1			 2735723		1.0004		6			5		23.0733			3051.8449	70416.0494	35156.7459		35165.0993
2324	1.01			6			1			 2871058		0.9986		6			5		22.8323			3244.3339	74075.5192	36986.2627		36996.1095
2325	1.01			6			1			 1985898		0.9995		4			3		27.4231			3367.5755	92349.3336	46132.7661		46160.0853
2338	2.01			6			1			  740290		0.9961		5			4		11.9496			1092.9925	13060.8722	6524.5934		6533.3146
2339	2.01			6			1			 5220904		0.9938		15			14		16.3510			3239.1266	52963.0448	26451.0888		26456.9397
2340	2.01			6			1			 5402987		0.9971		16			15		16.2144			3426.4397	55557.6328	27740.7345		27749.5590
2341	2.01			6			1			 3947909		0.9966		11			10		13.8376			3332.3601	46111.8603	23021.3107		23024.1476
2342	2.01			6			1			 3506703		0.9955		9			8		13.5712			3062.6048	41563.2677	20751.7626		20757.5106
2343	2.01			6			1			  570700		0.9996		2			1		9.0626			1050.6718	9521.8074	4742.5639		4743.2130
2344	2.01			6			1			  163958		0.9999		1			0		4.5224			1116.3008	5048.3059	2514.5376		2516.1888
2346	2.01			3			3			 4581183		0.9989		4			3		13.6688			1207.2677	16501.9575	8221.6807		8224.2882
2347	2.01			6			1			  368621		0.9997		2			1		4.4779			1138.7295	5099.0943	2539.5719		2541.5645
2349	2.01			6			3			  673912		0.9984		3			2		13.6463			 580.4100	7920.4739	3931.9227		3932.7700
2350	26.98			6			1			  423624		0.9995		1			0		24.6496			 786.1938	19379.3406	9635.1267		9637.5406
2351	26.98			6			1			   96265		0.9999		1			0		13.4994			 633.0145	8545.3046	4244.1715		4245.3383
2353	1.01			6			1			 2353841		0.9994		5			4		27.2643			3366.0861	91774.0186	45833.1641		45834.7638
2354	1.01			6			1			 2056450		0.9990		5			4		25.9372			3170.1467	82224.7503	41049.8684		41056.1354
2356	1.01			6			1			  743428		0.9997		2			1		17.9515			2339.9748	42006.0718	20960.2798		20972.5362
2357	1.01			6			1			  107371		1.0000		1			0		9.1279			1133.0457	10342.3554	5150.8229		5155.0209
2358	1.01			3			2			 3473588		0.9986		3			2		27.2889			1182.7072	32274.8049	16081.0886		16092.8137
2359	1.01			6			1			  469169		0.9997		2			1		9.0113			1501.5823	13531.2643	6745.1343		6748.5102
2361	1.01			6			2			  686758		0.9997		5			4		26.8460			1004.4943	26966.6031	13427.0697		13430.2213
2363	2.01			6			1			-2147483648		0.0010		11			10		13.4309			3558.0670	47787.9914	23865.6590		23872.0562
2364	2.01			6			1			 3278780		0.9997		9			8		13.3271			2948.1919	39290.8937	19615.4597		19622.7445
2365	2.01			6			1			  517727		0.9996		2			1		8.8308			1004.7987	8873.1383	4431.8737		4434.7611
2366	2.01			6			1			  196847		0.9999		1			0		4.5205			1351.2786	6108.3903	3043.8361		3046.2707
2367	2.01			6			1			  906660		0.9950		6			5		13.4708			1153.3770	15536.9335	7736.8422		7744.3814
2372	2.01			6			3			  639704		0.9994		3			2		13.4608			 569.9903	7672.5112	3808.2296		3810.0906
2373	26.98			6			1			  382946		0.9988		1			0		27.4815			 620.5990	17055.0133	8525.7440		8529.2693
2374	26.98			6			1			  102332		0.9998		1			0		13.5406			 675.3687	9144.8746	4545.3455		4546.5701
2375	1.01			6			1			 2492471		0.9992		6			5		26.8880			3688.3440	99172.1074	49520.3585		49540.0254
2376	1.01			6			1			 2338410		0.9993		5			4		25.9677			3603.1285	93564.9897	46718.4506		46735.5032
2377	1.01			6			1			  418481		0.9996		1			0		18.3183			1287.9844	23593.7014	11793.8954		11799.8060
2378	1.01			6			1			  106773		0.9999		1			0		9.0804			1153.2084	10471.5857	5215.8232		5218.2856
2379	1.01			3			2			 2747766		0.9973		3			2		25.7825			 989.2377	25505.0674	12693.6107		12699.1928
2380	1.01			6			1			  343631		0.9997		1			0		9.1366			1089.5418	9954.7222	4958.1645		4960.0525
2382	1.01			6			3			  396720		0.9994		2			1		26.8006			 581.8986	15595.2464	7742.8085		7743.8671
2383	1.01			6			1			 2417509		0.9982		6			5		28.2090			2738.2829	77244.1615	38562.4986		38568.6952
2384	2.01			6			1			 3877412		0.9977		10			9		13.4872			3111.4543	41964.7000	20976.4781		20988.2219
2385	2.01			6			1			 4641687		0.9987		12			11		13.7482			3648.9689	50166.9312	25049.8035		25061.2505
2386	2.01			6			1			 4817558		0.9981		12			11		13.7662			3802.7234	52349.1171	26143.3746		26149.4141
2387	2.01			6			1			 4350753		0.9971		11			10		13.4221			3547.4469	47614.3153	23780.7114		23778.2715
2388	2.01			6			1			  855337		0.9984		2			1		9.1473			1394.8178	12758.8811	6361.0230		6360.9774
2389	2.01			6			1			  327747		0.9999		1			0		4.4712			2036.6280	9106.1614	4543.8625		4543.9999
2391	2.01			6			1			  930540		0.9954		6			5		13.5796			1197.3557	16259.6705	8102.0994		8103.5485
2392	2.01			6			3			  805461		0.9977		4			3		13.4846			 722.0197	9736.1657	4839.6029		4840.8556
2393	26.98			6			1			  112617		0.9999		1			0		13.6461			 641.0715	8748.1051	4345.8066		4347.0792
2394	26.98			6			1			  382282		0.9994		1			0		24.9637			 623.1365	15555.8045	7722.2030		7724.5132
2395	1.01			6			1			  160714		0.9976		1			0		26.6832			 314.2069	8384.0591	4138.0401		4137.9402
2396	1.01			6			1			 3414128		0.9986		8			7		30.5339			3478.8738	106223.5117	53040.7797		53056.0599
2397	1.01			6			1			  175038		0.9975		1			0		27.8586			 303.2462	8448.0018	4160.1906		4162.0250
2398	1.01			6			1			 3116126		0.9989		7			6		30.9265			3134.5246	96939.8168	48394.9449		48412.9917
2399	1.01			6			1			  376393		0.9996		1			0		18.0180			1050.6038	18929.7969	9427.6785		9431.1345
2400	1.01			6			1			  125380		1.0000		1			0		9.0946			1210.2781	11006.9440	5484.8304		5486.3700
2401	1.01			3			2			 3726423		0.9965		4			3		30.4789			1135.8198	34618.4829	17243.8863		17244.5343
2402	1.01			6			3			  539866		0.9997		3			2		31.5944			 596.5464	18847.5030	9375.3338		9376.0886
2403	1.01			6			1			  719546		0.9971		4			3		30.6066			1152.9036	35286.4203	17578.1238		17581.7942
2404	2.01			6			1			 6330692		0.9938		19			18		17.6319			3347.9197	59030.2805	29486.9548		29488.7863
2405	2.01			6			1			 5328378		0.9936		16			15		17.8212			2769.8102	49361.4478	24642.2837		24644.1350
2406	2.01			6			1			  624976		0.9993		2			1		8.9907			1057.6063	9508.6572	4735.6052		4736.8917
2408	2.01			6			1			  901387		0.9953		6			5		13.6876			1158.7560	15860.5969	7900.8655		7906.2244
2409	2.01			6			3			  625274		0.9981		3			2		13.2660			 577.0607	7655.2825	3799.2745		3801.4035
2411	2.01			3			2			 3947791		0.9950		6			5		18.2881			 778.6497	14240.0013	7082.6507		7084.1409
2412	2.01			3			2			 1354134		0.9995		2			1		8.9718			 544.0771	4881.3537	2422.3261		2422.7552
2413	26.98			6			1			  471570		0.9990		1			0		24.6844			 783.1152	19330.7541	9650.3206		9652.9770
2414	26.98			6			1			  104156		0.9999		1			0		13.6300			 601.0457	8192.2651	4067.9126		4070.2721
2415	1.01			6			1			 2976440		0.9988		7			6		30.9906			2996.7034	92869.6136	46357.8235		46374.9426
2416	1.01			6			1			  564113		0.9995		2			1		17.9545			1573.7405	28255.7832	14088.5244		14095.3778
2417	1.01			6			1			 3860291		0.9986		9			8		32.0560			3745.3811	120061.9884	59745.0121		60188.4080
2418	1.01			6			1			  105931		0.9999		1			0		9.0072			1058.8245	9537.0017	4730.4127		4769.9587
2419	1.01			3			2			 4543625		0.9982		5			4		31.8298			1324.2833	42151.6595	20932.5892		21092.0290
2420	1.01			6			3			  413874		1.0002		1			0		29.9345			 688.9684	20623.9115	10272.7127		10351.1988
2421	1.01			6			2			  750194		0.9994		3			2		31.3787			1181.8281	37084.2434	18475.3869		18478.7996
2422	1.01			6			3			  699310		0.9985		4			3		31.2951			 789.2724	24700.3746	12283.4455		12289.4539
2423	2.01			6			1			 3834427		0.9983		10			9		13.4656			3147.2116	42379.2454	21189.8652		21189.3802
2424	2.01			6			1			  925967		0.9983		3			2		13.4755			 759.2658	10231.4800	5088.3074		5088.7902
2425	2.01			6			1			 4312478		0.9982		11			10		13.6788			3467.1360	47426.1750	23686.0124		23683.8589
2426	2.01			6			1			 4032503		0.9980		10			9		13.4803			3309.7281	44615.9949	22281.0329		22280.2878
2427	2.01			6			1			  745149		0.9987		2			1		9.1506			1235.1095	11301.9877	5632.7866		5631.6599
2428	2.01			6			1			  163877		1.0018		1			0		4.4809			1038.2904	4652.4770	2317.2245		2316.9634
2429	2.01			3			3			 4365479		0.9987		4			3		13.6152			1157.6741	15761.9331	7853.7136		7853.5833
2431	2.01			6			1			  341886		0.9996		2			1		4.4372			1046.9844	4645.7200	2314.0322		2314.2371
2432	2.01			6			3			  730323		0.9985		4			3		13.7033			 645.3625	8843.5641	4394.4152		4393.8694
2433	26.98			6			1			  454730		0.9995		1			0		26.7896			 677.6018	18152.6814	9020.1172		9023.5363
2434	26.98			6			1			  107196		0.9999		1			0		13.6950			 620.8023	8501.8967	4223.7944		4222.9755
2435	1.01			6			1			 3495224		0.9982		8			7		31.6311			3428.9761	108462.3508	54159.2257		54172.8278
2436	1.01			6			1			-2147483648		0.0008		8			7		32.1668			3420.9246	110040.2339	55010.3169		55026.5343
2437	1.01			6			1			  391484		0.9998		1			0		18.0510			1101.2465	19878.5949	9903.3605		9902.7213
2438	1.01			6			1			  115862		0.9999		1			0		9.0547			1154.6630	10455.0973	5210.3974		5209.1969
2439	1.01			3			2			 4338805		0.9985		4			3		32.0465			1258.5866	40333.2475	20120.8021		20129.6527
2441	1.01			6			1			  751330		0.9976		5			4		31.2470			1204.8993	37649.5166	18756.2677		18762.1176
2442	1.01			6			1			  520742		0.9887		7			6		32.6036			 566.4384	18467.9061	9166.7864		9172.8279
2443	2.01			6			1			 3841084		0.9984		10			9		13.5886			3130.8367	42543.5617	21243.5852		21245.2890
2444	2.01			6			1			 4085479		0.9996		11			10		13.6480			3314.3942	45234.8778	22586.1652		22593.3074
2445	2.01			6			1			 4602886		0.9984		12			11		13.7087			3715.3054	50931.8208	25432.3146		25444.1515
2446	2.01			6			1			 4899420		0.9983		12			11		13.7178			3962.1578	54351.9459	27139.6579		27156.6525
2447	2.01			6			1			  777905		0.9995		2			1		9.1506			1298.7414	11884.2553	5922.0617		5926.0118
2449	2.01			6			1			  224623		0.9998		1			0		4.7642			1360.7167	6482.7446	3231.5127		3232.3711
2450	2.01			3			3			 5970037		0.9981		5			4		14.0740			1531.7577	21557.9833	10748.1836		10753.8839
2452	2.01			6			1			  598821		0.9995		2			1		4.7303			1798.3071	8506.4692	4242.6813		4244.7027
2454	2.01			6			3			  920137		0.9996		5			4		13.9072			 796.6804	11079.6076	5510.1907		5515.0458
2455	2.01			6			1			  257854		0.9998		1			0		4.7441			1478.9500	7016.3055	3497.8328		3499.2940
2456	26.98			6			1			  419850		0.9994		1			0		27.4530			 606.5596	16651.8905	8264.1561		8273.9126
2457	26.98			6			1			   92243		0.9998		1			0		13.7178			 532.1351	7299.7107	3618.9034		3622.3530
2458	1.01			6			1			 1513037		0.9986		4			3		32.1485			1490.9932	47933.2109	23953.4220		23979.7889
2463	1.01			6			1			 3427535		0.9982		8			7		32.1393			3364.8325	108143.2275	54022.3119		54063.7026
2464	1.01			6			1			 3257566		0.9981		8			7		32.2966			3172.1069	102448.2463	51199.8761		51248.3702
2465	1.01			6			1			  423705		0.9997		1			0		18.8113			1137.8151	21403.8219	10660.5281		10669.3437
2466	1.01			6			1			  116863		0.9999		1			0		9.4105			1113.6271	10479.7716	5218.3114		5223.3151
2467	1.01			3			2			 3992160		0.9983		4			3		32.6202			1142.0776	37254.8173	18548.3810		18570.4011
2468	1.01			6			3			  586563		0.9995		3			2		31.6083			 664.2724	20996.5418	10470.3882		10482.7399
2469	1.01			6			1			  377044		0.9996		1			0		9.4070			1167.5172	10982.8374	5470.1047		5474.9082
2470	2.01			6			1			 4068871		0.9984		11			10		13.8585			3206.5112	44437.3708	22190.8247		22191.8836
2471	2.01			6			1			 4179030		0.9981		11			10		13.9908			3261.2814	45627.9703	22787.5543		22783.5016
2472	2.01			6			1			 5529428		0.9988		14			13		14.0087			4320.4766	60524.3676	30233.5182		30235.0447
2473	2.01			6			1			 4976116		0.9990		13			12		14.0500			3877.9552	54485.3948	27215.8126		27214.6074
2474	2.01			6			1			-2147483648		0.0013		13			12		13.9839			4122.3718	57646.9323	28796.1579		28794.8242
2475	2.01			6			1			  975251		0.9994		3			2		9.4245			1542.6503	14538.7271	7251.7541		7250.1574
2476	2.01			6			1			  236168		0.9999		1			0		4.7520			1354.3564	6435.8628	3218.4289		3217.4339
2477	2.01			3			3			 6050851		0.9989		5			4		13.9613			1561.7638	21804.1893	10873.1959		10875.3215
2478	2.01			6			1			  445891		0.9997		2			1		4.7434			1335.2766	6333.7617	3158.0104		3157.1217
2479	2.01			6			3			  691086		0.9993		4			3		14.0312			 590.2538	8281.9742	4112.5045		4113.0694
2480	26.98			6			1			  641213		0.9991		2			1		28.0970			 902.1938	25348.9720	12666.8816		12671.8105
2481	26.98			6			1			  116388		0.9998		1			0		14.2480			 643.5349	9169.1020	4554.5579		4555.7041
2482	1.01			6			1			 4006224		0.9989		9			8		31.3246			4039.9976	126551.2981	63192.6116		63225.5232
2483	1.01			6			1			  558715		1.0022		2			1		30.2699			 585.8898	17734.8186	8798.8681		8802.2125
2484	1.01			6			1			 2663366		0.9996		6			5		33.0472			2514.0927	83083.6491	41464.8611		41483.8158
2485	1.01			6			1			  992211		0.9996		2			1		18.8532			2652.7252	50012.2517	24963.1077		24975.8484
2487	1.01			6			1			  355314		0.9998		1			0		19.0582			 929.8662	17721.6085	8821.3996		8825.5139
2488	1.01			6			1			  339734		0.9998		1			0		9.4662			3161.1120	29923.6821	14938.8877		14946.6949
2489	1.01			3			1			 3183187		0.9975		4			3		16.1772			1826.4442	29546.7074	14734.2443		14745.6191
2490	1.01			3			2			 6195369		0.9987		6			5		32.7770			1768.4608	57964.8608	28898.2581		28930.7184
2494	1.01			6			1			 1198987		0.9982		7			6		33.1605			1814.5023	60169.8728	29997.7345		30033.7700
2495	1.01			6			1			  706836		0.9989		3			2		16.0760			1745.6935	28063.7372	13991.9138		14007.8439
2498	1.01			6			1			  233736		0.9978		4			3		19.1948			 697.1881	13382.3640	6649.2262		6658.3718
2524	2.01			6			1			 4863068		0.9967		14			13		14.2444			3139.3245	44717.9446	22315.3826		22344.4561
2526	2.01			6			1			 4867588		0.9951		14			13		14.2838			3162.1931	45168.1243	22542.0265		22566.4852
2527	2.01			6			1			-2147483648		0.0006		15			14		14.3815			3462.6309	49797.7470	24856.6773		24882.6871
2528	2.01			6			1			 3891857		0.9967		11			10		14.4541			2510.7086	36290.0548	18104.2298		18127.1864
2529	2.01			6			1			 4789657		0.9976		13			12		14.2745			3149.3379	44955.3397	22432.5601		22465.5554
2530	2.01			6			1			  972680		0.9990		3			2		9.5613			1246.1358	11914.7266	5934.3292		5942.2532
2531	2.01			6			1			  274301		0.9998		1			0		4.8552			1220.8315	5927.3696	2952.2102		2955.8309
2534	2.01			6			1			  289771		0.9996		2			1		4.8441			1168.2947	5659.3786	2819.8286		2820.3179
2536	2.01			6			5			  924635		1.0002		3			2		14.4330			 644.3128	9299.3838	4619.7899		4621.3093
2537	26.98			6			1			  637373		1.0013		2			1		31.4336			 601.6542	18912.1728	9366.5118		9368.0363
2538	26.98			6			1			  138973		0.9994		1			0		14.1881			 617.8922	8766.7032	4354.6420		4354.0660
2539	1.01			6			1			 4509677		0.9944		11			10		33.5662			3538.3083	118767.6229	59318.8242		59309.7394
2540	1.01			6			1			 2341033		0.9965		6			5		32.9722			1892.6819	62405.9783	31139.3501		31131.0706
2541	1.01			6			1			 2366274		0.9964		6			5		33.5128			1878.0339	62938.2617	31401.6257		31400.3268
2547	1.01			6			1			  668828		0.9993		2			1		22.8241			1026.0767	23419.2997	11663.4422		11663.0425
2548	1.01			6			1			  233106		1.0015		1			0		11.5054			1277.9020	14702.7235	7330.0319		7327.4998
2550	1.01			6			1			  391488		0.9994		2			1		11.3998			1294.8504	14760.9829	7358.2674		7355.9892
2551	1.01			6			3			  738177		0.9989		4			3		32.9823			 643.5686	21226.3812	10613.0253		10613.3559
2552	2.01			6			1			 4744095		0.9974		13			12		14.1694			3198.6957	45323.6474	22633.1412		22632.9821
2553	2.01			6			1			-2147483648		0.0012		14			13		14.3326			3481.3391	49896.5570	24916.5967		24920.6117
2554	2.01			6			1			 5605282		0.9957		15			14		14.4302			3719.3281	53670.5453	26804.9278		26809.9109
2555	2.01			6			1			-2147483648		0.0011		13			12		14.2476			3161.3814	45042.0318	22487.5355		22495.8719
2556	2.01			6			1			-2147483648		0.0013		15			14		14.3959			3628.1241	52230.0321	26082.0040		26090.9940
2557	2.01			6			1			 1110015		1.0007		3			2		9.6136			1465.2832	14086.7001	7023.4615		7025.0009
2558	2.01			6			1			  330461		0.9998		1			0		4.8464			1533.9216	7433.9750	3706.8248		3707.9251
2560	2.01			6			1			  573017		0.9988		4			3		8.8864			1253.3076	11137.3674	5557.1712		5560.8159
2561	2.01			6			5			 1071949		0.9998		3			2		14.4212			 758.7233	10941.6897	5439.4301		5443.7374
2562	26.98			6			1			  834063		0.9980		3			2		31.9093			 778.0060	24825.6394	12337.9477		12348.6141
2563	26.98			6			1			  153202		0.9998		1			0		14.2754			 690.7603	9860.8969	4928.6016		4932.2953
2564	1.01			6			1			 4814097		0.9979		12			11		34.1873			3736.6821	127747.0347	63779.9170		63831.3562
2565	1.01			6			1			 2696909		0.9991		7			6		32.5487			2245.4191	73085.5817	36462.8414		36483.8926
2566	1.01			6			1			 1630710		0.9979		4			3		32.8067			1346.2178	44164.9388	22073.6265		22091.3123
2567	1.01			6			1			  771157		0.9994		2			1		22.4129			1262.7797	28302.5739	14101.3132		14110.7910
2568	1.01			6			1			  197311		0.9998		1			0		11.2229			1155.0335	12962.8096	6457.1631		6460.3297
2571	1.01			3			1			 1570214		0.9984		5			4		11.4262			1275.4658	14573.6737	7261.0715		7267.2556
2572	1.01			6			5			  676139		0.9994		2			1		32.8786			 603.8528	19853.8391	9854.2860		9861.3572
2573	2.01			6			1			 2917455		0.9967		8			7		14.3743			1949.2438	28018.9294	13975.7673		13986.4339
2576	2.01			6			1			 4252434		0.9962		12			11		14.0476			2896.1950	40684.7171	20322.5755		20306.2456
2577	2.01			6			1			 4014690		0.9968		11			10		14.2934			2683.7472	38359.8576	19154.8663		19148.4993
2580	2.01			6			1			 3847501		0.9966		11			10		13.8907			2554.1132	35478.3393	17706.0091		17715.7412
2581	2.01			6			1			 5013724		0.9959		14			13		14.1585			3412.6336	48317.9427	24144.4209		24118.8627
2582	2.01			6			1			-2147483648		0.0010		11			10		13.9005			2795.2821	38855.9080	19430.4006		19425.5075
2583	2.01			6			1			  897435		1.0025		2			1		9.4589			1216.7049	11508.7056	5735.9038		5735.2138
2584	2.01			6			1			  275030		0.9998		1			0		4.7577			1317.8206	6269.7457	3125.3613		3125.5508
2588	2.01			6			1			  321997		0.9998		2			1		4.7433			1223.2676	5802.2934	2891.1783		2892.0119
2591	2.01			6			5			  936289		0.9996		3			2		14.1474			 684.2653	9680.5869	4811.1986		4812.4377
2592	26.98			6			1			  654942		0.9976		2			1		28.4180			 718.8727	20428.9096	10211.9586		10216.9510
2593	26.98			6			1			  204234		1.0057		1			0		16.9158			 673.5753	11394.0486	5662.0964		5664.4188
2594	1.01			6			1			 3865420		0.9977		10			9		30.9937			3432.4562	106384.3779	53185.5982		53198.7797
2595	1.01			6			1			 1900011		1.0090		2			1		32.8623			 366.6420	12048.7064	5956.1708		5956.9082
2598	1.01			6			1			 4059883		0.9974		10			9		33.0948			3339.7637	110528.8705	55190.8314		55203.0159
2599	1.01			6			1			  703160		0.9994		2			1		22.0017			1186.1905	26098.2068	13000.5234		13007.4922
2600	1.01			6			1			  239106		0.9999		1			0		11.2000			1400.7021	15687.8144	7841.6874		7846.1270
2606	1.01			6			5			  851791		0.9996		3			2		33.4455			 728.9538	24380.2261	12130.2603		12143.6593
2607	2.01			6			1			 5470664		0.9966		15			14		14.0509			3723.6596	52320.8769	26117.0842		26148.5074
2608	2.01			6			1			-2147483648		0.0013		15			14		14.0681			3700.2165	52055.1276	25989.2398		26009.2660
2610	2.01			6			1			 1158069		1.0032		4			3		14.1514			 795.2258	11253.5425	5597.0155		5598.6357
2611	2.01			6			1			 5813989		0.9974		16			15		14.1393			3970.7844	56144.2388	28042.1471		28046.1581
2612	2.01			6			1			 3442110		0.9972		10			9		14.3040			2324.6160	33251.2105	16596.0473		16599.6601
2613	2.01			6			1			-2147483648		0.0012		14			13		14.1957			3526.7409	50064.5586	25001.2648		25006.8262
2614	2.01			6			1			 1018427		0.9990		3			2		9.5015			1368.4300	13002.1959	6480.8158		6483.6874
2615	2.01			6			1			  273631		0.9996		1			0		4.7929			1302.6996	6243.6522	3111.1820		3113.0740
2616	2.01			6			1			   99399		0.9994		1			0		6.6217			 256.4939	1698.4142	 836.0890		 836.4659
2621	2.01			6			1			  325306		0.9997		2			1		4.7699			1300.3989	6202.7513	3096.1178		3097.7822
2622	2.01			6			5			  990551		0.9998		3			2		14.2744			 717.9257	10247.9732	5094.3289		5096.5829
2623	26.98			6			1			  746787		0.9978		2			1		27.0658			 871.7476	23594.5189	11796.5453		11797.9736
2624	26.98			6			1			  186509		0.9998		1			0		16.9258			 605.5447	10249.3541	5092.3873		5095.5078
2625	1.01			6			1			 3565309		0.9982		9			8		27.5231			3788.5785	104273.5813	52123.9295		52149.4481
2626	1.01			6			1			 4816938		0.9981		12			11		31.9418			4126.1270	131796.0985	65812.4962		65848.3345
2628	1.01			6			1			  661624		1.0014		2			1		22.2430			1097.1521	24403.9511	12155.3932		12160.1014
2629	1.01			6			1			  215918		0.9999		1			0		11.3486			1236.1567	14028.6716	6968.7361		6971.8480
2632	1.01			6			1			  352504		0.9997		2			1		11.2764			1223.8428	13800.4816	6876.6539		6879.2472
2633	1.01			6			5			  785362		0.9998		3			2		34.0004			 676.6538	23006.5026	11436.3352		11437.4413
2634	2.01			6			1			 4766047		0.9968		13			12		13.9880			3303.4993	46209.2141	23100.6671		23108.5470
2635	2.01			6			1			 5094905		0.9972		14			13		14.0025			3545.9875	49652.5838	24794.2940		24800.7927
2636	2.01			6			1			 4550980		0.9975		12			11		13.9239			3193.2493	44462.6147	22200.9838		22205.6337
2637	2.01			6			1			 4429098		0.9969		12			11		14.0398			3079.0753	43229.6094	21582.0915		21590.0973
2639	2.01			6			1			 4796474		0.9971		13			12		13.9870			3340.7342	46726.6856	23328.1406		23342.7094
2640	2.01			6			1			  891593		0.9993		2			1		9.4363			1211.0891	11428.1637	5693.0059		5696.4996
2641	2.01			6			1			  225233		0.9999		1			0		4.7530			1083.7556	5151.1294	2565.3574		2566.6797
2644	2.01			6			1			  191652		0.9997		1			0		4.7764			 741.2680	3540.6031	1769.4110		1771.1921
2645	2.01			6			1			  338790		0.9996		2			1		4.7847			1423.5716	6811.3763	3395.5286		3397.1777
2646	2.01			6			5			 1144443		1.0001		3			2		14.1176			 832.5058	11752.9641	5848.3400		5848.9382
2647	26.98			6			1			  606860		0.9991		2			1		27.7244			 749.4887	20779.1141	10334.5807		10329.7763
2648	26.98			6			1			  255641		0.9997		1			0		16.9620			 818.2299	13878.8208	6904.5529		6903.8509
2649	1.01			6			1			 1077378		0.9986		3			2		27.5733			1181.6584	32582.2423	16236.8339		16233.1439
2650	1.01			6			1			 4683539		0.9977		12			11		33.5014			3729.1761	124932.7074	62406.0929		62389.4293
2651	1.01			6			1			 3525536		0.9982		9			8		33.2324			2864.9721	95209.8246	47552.2558		47529.1468
2652	1.01			6			1			  752603		0.9995		2			1		22.0557			1264.5403	27890.3590	13902.5504		13896.1813
2653	1.01			6			1			  210280		0.9999		1			0		11.3719			1214.2698	13808.5527	6881.7430		6881.0204
2657	1.01			6			1			  376923		0.9998		2			1		11.3635			1247.7943	14179.3697	7068.8790		7065.5982
2658	1.01			6			5			  970244		1.0003		3			2		33.6332			 857.8099	28850.8868	14361.9198		14356.2395
2659	2.01			6			1			 5222288		0.9971		14			13		14.1622			3590.9427	50855.6043	25407.1074		25390.6322
2660	2.01			6			1			  772753		0.9971		3			2		14.0499			 538.0216	7559.1446	3753.6462		3750.4316
2661	2.01			6			1			 3838307		0.9972		11			10		14.0705			2664.0243	37484.0641	18718.3389		18710.4110
2662	2.01			6			1			 5111919		0.9973		14			13		14.1265			3534.9259	49936.0552	24942.7218		24936.1895
2663	2.01			6			1			 4516723		0.9973		12			11		14.0725			3122.1744	43936.8203	21952.4710		21945.9162
2664	2.01			6			1			 5934779		0.9972		16			15		13.9768			4057.3178	56708.4265	28347.0644		28344.9038
2665	2.01			6			1			 1107325		0.9990		3			2		9.3818			1484.8697	13930.7049	6946.5418		6945.8808
2666	2.01			6			1			  290686		0.9999		1			0		4.7442			1369.6809	6498.0880	3239.9153		3239.7288
2670	2.01			6			1			  336166		0.9996		2			1		4.7371			1390.0123	6584.6722	3283.1323		3282.8964
2672	2.01			6			5			  881038		1.0001		3			2		14.2341			 622.4592	8860.1382	4403.5843		4401.8096
2673	26.98			6			1			  756884		0.9981		2			1		29.6053			 768.1620	22741.6532	11306.4693		11301.3174
2674	26.98			6			1			   90894		0.9997		1			0		16.1384			 303.0767	4891.1649	2411.4842		2410.6094
2675	26.98			6			1			  202671		0.9997		1			0		16.5421			 645.2264	10673.3972	5302.5373		5304.9284
2677	1.01			6			1			 4421436		0.9977		11			10		32.9430			3521.6311	116013.0615	57943.6554		57936.2577
2679	1.01			6			1			 4384732		0.9980		11			10		31.4755			3727.7206	117331.7417	58639.7252		58665.3868
2680	1.01			6			1			  785362		0.9992		2			1		21.9171			1300.4329	28501.6604	14205.1182		14207.0554
2681	1.01			6			1			  187727		0.9999		1			0		11.2645			1067.4840	12024.6886	5989.6480		5990.8817
2684	1.01			6			1			  318522		0.9998		2			1		11.2326			1243.0243	13962.4317	6958.1610		6959.7575
2685	1.01			6			5			  804475		0.9996		3			2		31.5612			 753.3450	23776.5007	11819.2067		11821.3770
2686	2.01			6			1			 4261751		0.9844		56			55		13.6939			3232.4923	44265.4300	22131.4042		22134.0258
2687	2.01			6			1			 3803422		0.9879		50			49		13.7382			2879.2804	39556.0376	19752.0431		19747.5113
2688	2.01			6			1			 3910333		0.9874		51			50		13.8293			2954.9907	40865.5161	20405.3373		20404.0294
2689	2.01			6			1			 4357535		0.9889		57			56		13.9637			3264.8672	45589.5003	22768.0836		22766.8117
2690	2.01			6			1			 4310725		0.9901		56			55		13.9474			3233.7777	45102.8531	22520.8328		22525.8857
2691	2.01			6			1			 4708288		0.9871		61			60		14.0453			3509.6557	49294.3082	24617.4567		24620.5065
2692	2.01			6			1			  967971		0.9913		13			12		9.4206			1486.1555	14000.4503	6981.1323		6981.8171
2693	2.01			6			1			  237335		0.9997		4			3		4.7210			1323.0982	6246.4034	3113.6916		3114.2127
2696	2.01			6			1			  354807		0.9997		2			1		4.7179			1731.3842	8168.4210	4075.1118		4074.3964
2697	2.01			6			5			 1036262		1.0004		3			2		14.0038			 778.7846	10905.9656	5424.3842		5423.9489
2698	26.98			6			1			  816022		0.9979		2			1		31.7382			 772.9998	24533.6277	12265.4027		12268.2250
2699	26.98			6			1			  239964		0.9997		1			0		16.5273			 803.1756	13274.3094	6624.3308		6624.4317
2700	1.01			6			1			 3783291		0.9983		9			8		32.0463			3212.1950	102938.8154	51403.9742		51399.8733
2701	1.01			6			1			 3990664		0.9982		10			9		32.5319			3330.5305	108348.3680	54103.4403		54106.1057
2702	1.01			6			1			  431240		0.9995		1			0		22.4913			 723.5754	16274.1362	8094.7551		8092.1591
2705	1.01			6			1			  731543		0.9993		2			1		22.3064			1201.7191	26806.0539	13359.2587		13355.8221
2706	1.01			6			1			  211788		0.9998		1			0		11.3524			1218.3293	13830.9577	6893.7091		6892.8071
2710	1.01			6			1			  298196		0.9998		2			1		11.3143			1363.4235	15426.1158	7690.9941		7689.8693
2711	1.01			6			5			  626520		1.0008		2			1		33.2729			 545.8024	18160.4287	9011.2028		9012.7964
2713	2.01			6			1			 5035870		0.9971		14			13		14.1139			3436.1132	48496.8672	24223.8788		24216.4690
2714	2.01			6			1			 5564583		0.9971		15			14		14.1925			3812.1942	54104.4962	27029.9291		27019.8054
2715	2.01			6			1			 4971481		0.9965		13			12		14.1057			3395.3828	47894.0992	23921.3271		23915.3298
2716	2.01			6			1			 1583205		0.9986		5			4		14.0686			1088.5603	15314.5383	7630.4137		7627.7379
2717	2.01			6			1			 2646028		0.9979		7			6		14.0176			1832.2305	25683.4060	12815.3036		12812.2591
2718	2.01			6			1			 2455135		0.9963		7			6		13.9221			1712.8464	23846.4214	11899.3207		11893.9492
2719	2.01			6			1			 2858828		0.9916		8			7		13.9998			1994.8138	27927.0328	13938.3947		13932.4828
2720	2.01			6			1			 4700730		0.9964		13			12		13.9453			3303.2643	46065.0094	23008.6861		23000.2994
2721	2.01			6			1			 4996562		0.9970		13			12		13.9592			3505.5973	48935.2236	24445.1194		24434.4806
2722	2.01			6			1			 1122078		0.9993		3			2		9.3713			1552.8335	14552.0768	7260.0835		7254.6675
2723	2.01			6			1			  237500		0.9998		1			0		4.7268			1172.4903	5542.1642	2762.5415		2760.8112
2726	2.01			6			1			  158131		0.9999		1			0		4.7185			1169.6148	5518.8533	2750.7738		2749.5690
2727	2.01			6			5			  919316		0.9986		3			2		13.9905			 686.7012	9607.3148	4776.0788		4774.5391
2728	26.98			6			1			  692514		0.9972		2			1		33.8459			 608.4202	20592.5591	10230.6414		10228.9095
2729	26.98			6			1			  187956		0.9996		1			0		16.6987			 632.5743	10563.1960	5250.1166		5247.4804
2730	1.01			6			1			 4034555		0.9980		10			9		32.1243			3421.0229	109897.9987	54883.3418		54880.2599
2731	1.01			6			1			 4588178		0.9980		11			10		32.8800			3794.5320	124764.4014	62320.5212		62312.2216
2767	2.01			6			1			 4542637		1.0016		11			10		19.6537			1052.0916	20677.5440	10328.9335		10272.3072
2768	2.01			6			1			 3319878		1.0015		8			7		19.4517			 798.4732	15531.6241	7725.2238		7728.1269
2769	2.01			6			1			 4317785		1.0003		11			10		19.5106			2375.5619	46348.7499	23133.3888		23134.5674
2770	2.01			6			1			 4482980		0.9986		11			10		19.6254			  13.3964	 262.9101	  91.6267		  92.8238
2771	2.01			6			1			  696142		1.0010		2			1		13.0596			1193.7686	15590.1462	7755.5064		7758.6360
2772	2.01			6			1			  170906		0.9998		1			0		6.5773			 293.9090	1933.1399	 953.5490		 953.6154
2779	2.01			6			1			  199867		1.0005		1			0		6.6186			1170.2235	7745.2555	3859.5817		3858.3294
2781	2.01			6			5			  626512		1.0030		2			1		19.5183			 588.5624	11487.7529	5698.1246		5697.7338
2784	26.98			6			1			  316058		1.0028		1			0		32.5422			 708.4535	23054.6536	11449.8478		11447.9679
2785	26.98			6			1			   77713		1.0021		1			0		16.5622			 717.2626	11879.4257	5894.1292		5891.2346
2787	1.01			6			1			 1202676		1.0005		3			2		-nan			   0.0000	   0.0000	   0.0000		   0.0000
2788	1.01			6			1			 2278171		1.0029		5			4		31.3997			1671.8790	52496.5413	26139.1875		26132.8780
2790	1.01			6			5			  265923		1.0010		1			0		31.2504			 616.7764	19274.5389	9634.6291		9634.2857
2791	1.01			6			1			  321819		0.9997		1			0		21.7574			1287.0369	28002.5929	13958.1269		13954.5506
2792	1.01			4			1			 3344034		0.9984		4			3		21.9651			2329.2512	51162.2116	25540.1100		25531.7093
2793	1.01			6			1			   97433		1.0000		1			0		11.1324			1371.5802	15268.9718	7612.2666		7609.8957
2794	1.01			6			1			  308603		0.9998		1			0		11.1447			1400.3651	15606.6210	7783.6379		7778.6858
2795	2.01			6			1			 2419431		0.9978		6			5		18.9030			2040.7886	38576.9860	19292.3442		19284.6418
2796	2.01			6			1			 1959201		0.9973		5			4		18.6957			1676.7847	31348.7135	15641.8338		15627.8324
2797	2.01			6			1			 4251025		0.9986		11			10		19.1921			3542.5687	67989.2690	33997.9426		33980.7888
2798	2.01			6			1			 4408480		0.9977		11			10		19.3825			3640.8897	70569.5525	35254.2235		35239.0229
2799	2.01			6			1			 4334471		1.0001		11			10		19.5123			3572.9361	69716.0534	34806.5996		34797.5466
2800	2.01			6			1			  630075		0.9995		2			1		12.8583			1113.6427	14319.5463	7123.3260		7121.1667
2801	2.01			6			1			  214461		0.9998		1			0		6.5505			1457.6958	9548.6582	4767.7252		4764.7061
2803	2.01			4			1			  341340		0.9963		1			0		13.1444			 171.9206	2259.7964	1104.3214		1103.4036
2805	2.01			6			1			  183639		0.9999		1			0		6.5538			1266.8066	8302.4498	4139.0662		4136.6364
2807	2.01			6			5			  607112		1.0002		2			1		19.8515			 580.2405	11518.6173	5719.7103		5718.2977
2808	26.98			6			1			  262972		0.9994		1			0		32.2300			 610.9575	19691.1673	9778.1745		9780.1689
2809	26.98			6			1			   63877		0.9999		1			0		16.8558			 600.1998	10116.8749	5025.4502		5023.6700
2810	1.01			6			1			 1675577		0.9994		4			3		27.9793			3774.3708	105604.3478	52739.8819		52734.2187
2811	1.01			6			1			 1658804		0.9992		4			3		31.8593			3164.8678	100830.6052	50354.5899		50346.9635
2812	1.01			6			1			  254792		0.9998		1			0		21.9130			1042.5518	22845.4327	11378.0446		11377.1210
2817	1.01			6			1			   82023		1.0000		1			0		11.2106			1171.5768	13134.1149	6545.2740		6543.4363
2820	1.01			6			1			  294677		0.9997		1			0		11.2154			1257.9430	14108.2739	7031.9724		7030.6507
2822	1.01			6			5			  290363		0.9987		1			0		31.4284			 671.7486	21112.0121	10487.8531		10488.7977
2823	2.01			6			1			 4449225		0.9973		11			10		19.4328			3681.6779	71545.2716	35735.1609		35730.3558
2824	2.01			6			1			 8618871		0.9982		21			20		19.4929			7184.7373	140051.5727	69984.1700		69987.2482
2829	2.01			6			1			 4744406		0.9973		12			11		19.6255			3713.1726	72872.7940	36383.6349		36409.9397
2830	2.01			6			1			 4383698		0.9982		11			10		19.3570			3541.7256	68557.1083	34219.7666		34257.6117
2831	2.01			6			1			  788623		0.9995		2			1		13.2614			1310.2091	17375.1992	8655.6324		8666.9777
2832	2.01			6			1			  186134		1.0015		1			0		6.6662			1188.8910	7925.3369	3941.7119		3945.2300
2836	2.01			6			1			  302506		0.9999		2			1		6.6488			1430.6752	9512.2864	4741.1297		4746.2884
2837	2.01			6			5			  651718		1.0008		2			1		18.9543			 626.6203	11877.1340	5893.7183		5901.8417
2838	26.98			6			1			  186806		0.9997		1			0		26.8871			 540.2202	14524.9497	7246.7719		7255.2533
2839	26.98			6			1			   77235		1.0040		1			0		17.0906			 677.2965	11575.4078	5751.1192		5756.6581
2840	1.01			6			1			 1731801		0.9994		4			3		31.3199			3287.5997	102967.4074	51428.3263		51492.2108
2841	1.01			6			1			-2147483648		0.0004		4			3		32.6555			3424.0702	111814.7018	55778.1037		55847.7169
2842	1.01			6			1			  284394		0.9996		1			0		22.2975			1116.9083	24904.2110	12399.3916		12415.1347
2843	1.01			6			1			   88291		0.9999		1			0		11.3120			1215.4869	13749.6055	6852.7350		6861.0529
2846	1.01			6			1			  327741		0.9994		1			0		11.4024			1201.8874	13704.3414	6824.3320		6834.5405
2847	1.01			6			5			  275129		1.0000		1			0		31.7260			 618.3319	19617.1869	9730.8214		9747.3077
2848	2.01			6			1			 4415135		0.9978		11			10		19.6233			3525.9601	69190.8481	34530.8878		34577.4289
2849	2.01			6			1			 4444298		0.9973		11			10		19.7446			3557.6582	70244.5932	35054.0775		35111.5024
2850	2.01			6			1			 4536803		0.9975		11			10		19.8206			3631.9472	71987.4349	35922.2536		35986.4909
2851	2.01			6			1			  177329		0.9973		1			0		20.1931			 138.4295	2795.3222	1356.0769		1358.7781
2852	2.01			6			1			 4750962		0.9979		12			11		19.5957			3860.3967	75647.0016	37763.6459		37801.6330
2853	2.01			6			1			  710548		0.9993		2			1		13.3280			1202.9023	16032.2295	7985.1894		7993.9796
2976	1.01			6			1			-2147483648		0.0014		12			11		18.4159			3534.0040	65081.7213	32488.5967		32487.4858
2977	1.01			6			1			 1239906		0.9987		3			2		13.9926			1237.6875	17318.5238	8642.1183		8642.6612
2978	1.01			6			1			-2147483648		0.0001		1			0		9.4142			1306.6929	12301.4428	6123.6263		6122.9918
2981	1.01			6			1			 1077092		0.9983		3			2		9.4723			1314.9456	12455.5402	6209.7906		6208.5799
2982	1.01			6			5			 1179144		0.9991		4			3		18.5452			 770.5980	14290.8935	7108.3930		7108.8809
2983	26.98			6			1			 2962387		0.9901		7			6		22.3306			1345.0631	30036.0039	14951.6826		14949.9312
2984	26.98			6			1			  545878		0.9995		1			0		11.0210			 917.9923	10117.2130	5035.6744		5036.1385
2985	2.01			6			1			 1385639		0.9940		3			2		7.2615			 744.6509	5407.2720	2689.5790		2688.9016
2986	2.01			6			1			 6653817		0.9934		14			13		7.1706			3558.7424	25518.1509	12745.6923		12744.4062
2987	2.01			6			1			 6410307		0.9930		14			13		6.9552			3431.1719	23864.3674	11930.8157		11933.5517
2988	2.01			6			1			 1509083		0.9965		3			2		5.9604			1017.4166	6064.1890	3020.2293		3020.4788
2989	2.01			6			1			  676393		0.9996		2			1		3.3835			1235.0067	4178.6934	2082.9969		2082.5750
2992	2.01			6			1			  933102		0.9986		3			2		3.2601			1166.1640	3801.8609	1894.6818		1894.1320
2994	2.01			6			9			  968080		1.0009		2			1		6.3498			 548.9482	3485.7075	1730.5098		1730.5326
2995	2.01			6			5			 1831706		0.9998		5			4		6.3134			1040.3866	6568.3551	3272.1071		3271.1373
2997	1.01			6			1			 5444732		0.9966		11			10		15.1285			3351.0978	50697.0141	25317.5480		25318.5962
3002	2.01			6			1			 5933105		0.9944		13			12		7.4643			3147.2433	23492.0925	11731.9093		11730.6368
3003	2.01			6			1			 6827257		0.9919		15			14		7.5205			3626.7396	27275.0667	13635.0732		13632.1469
3004	2.01			6			1			 6761771		0.9929		14			13		7.5667			3593.4459	27190.4284	13580.9299		13578.8316
3005	2.01			6			1			 5440876		0.9977		12			11		7.5889			2895.7551	21975.6521	10989.7988		10985.8533
3006	2.01			6			1			 1390430		0.9979		3			2		5.6779			1230.6425	6987.4917	3482.9348		3481.5270
3007	2.01			6			1			  656641		0.9993		2			1		3.8207			1209.6346	4621.6442	2303.6035		2302.9877
3011	2.01			6			1			  935007		0.9990		3			2		3.8397			1164.4385	4471.0692	2228.7830		2226.9639
3012	2.01			6			1			 1067014		0.9649		14			13		7.6368			 601.1467	4590.8318	2281.1673		2279.4884
3013	1.01			6			1			 9528474		0.9864		20			19		28.1680			3856.9461	108642.4007	54284.1491		54220.6103
3014	1.01			6			1			 8660968		0.9885		18			17		28.5015			3488.3081	99421.8640	49692.3973		49616.5986
3015	1.01			6			1			 1287028		0.9982		3			2		18.8994			1090.6227	20612.0785	10277.4874		10256.7577
3016	1.01			6			1			  364062		0.9997		1			0		9.5419			1118.0268	10668.0494	5320.9684		5308.8918
3020	1.01			6			1			  865387		0.9993		3			2		9.5909			1073.8772	10299.4040	5137.2342		5124.0425
3023	1.01			6			1			  200164		0.9947		3			2		11.4890			 479.3950	5507.7688	2734.6532		2727.8576
3025	26.98			6			1			  774200		0.9975		2			1		18.5044			 728.1418	13473.8400	6745.1468		6728.6932
3026	26.98			6			1			  227607		0.9997		1			0		9.6090			 796.9505	7657.9293	3814.9306		3805.1323
3027	2.01			6			1			 1750959		0.9574		5			4		14.3140			 430.8837	6167.6683	3058.9216		3051.5939
3028	2.01			6			1			 5380828		0.9917		11			10		9.6311			2565.9182	24712.5635	12354.6491		12320.1145
3029	2.01			6			1			 6572823		0.9926		14			13		9.6069			3145.7523	30220.9648	15112.0458		15070.5224
3030	2.01			6			1			 6434753		0.9930		14			13		9.6060			3084.9274	29633.7550	14819.4662		14776.0859
3031	2.01			6			1			 7530455		0.9933		16			15		9.6034			3605.8220	34628.1983	17310.3372		17263.1502
3033	2.01			6			1			 1659436		0.9979		3			2		7.1960			1344.8164	9677.3037	4831.3803		4817.7000
3034	2.01			6			1			  924297		0.9995		2			1		4.8200			1592.1764	7674.2636	3832.8886		3821.8766
3061	2.01			6			1			 1034947		0.9983		3			2		4.8015			1142.7202	5486.7870	2733.7982		2734.3666
3062	2.01			6			1			 1102927		0.9608		14			13		9.5178			 589.2050	5607.9233	2784.7600		2785.2018
3063	1.01			6			1			 7689625		0.9922		15			14		32.2177			3462.4970	111553.5211	55729.1118		55743.0704
3064	1.01			6			1			 7685433		0.9947		15			14		32.9662			3388.4445	111704.0043	55786.7273		55780.6311
3065	1.01			6			1			 1282578		0.9984		3			2		22.3330			1199.2825	26783.6075	13343.6499		13347.4967
3066	1.01			6			1			  383387		0.9998		1			0		11.4483			1309.7352	14994.2389	7473.7951		7474.6453
3069	1.01			6			1			 1240089		0.9992		3			2		11.5289			1344.8499	15504.6491	7730.5147		7728.8473
3070	1.01			6			5			 1309766		0.9981		4			3		34.7369			 608.5553	21139.3218	10502.1359		10497.2584
3071	26.98			6			1			 2030181		0.9951		4			3		30.6552			1033.8234	31692.0715	15778.5660		15776.7437
3072	26.98			6			1			  899000		0.9994		2			1		17.1644			1595.7619	27390.2907	13660.6706		13658.9961
3077	2.01			6			1			 8145646		0.9952		17			16		12.3820			3524.5057	43640.3702	21796.7615		21794.4768
3078	2.01			6			1			 7330085		0.9946		15			14		12.3178			3188.4676	39274.8009	19612.8592		19612.2715
3079	2.01			6			1			 8079789		0.9950		16			15		12.4178			3470.8186	43100.0723	21524.6282		21526.0281
3080	2.01			6			1			 6813941		0.9946		14			13		12.4069			2937.9394	36450.7418	18200.0932		18200.3820
3081	2.01			6			1			 2433945		0.9974		5			4		9.6212			1704.3880	16398.2102	8179.5749		8180.2452
3095	2.01			6			1			  505657		0.9986		1			0		6.5976			 676.3494	4462.3032	2216.8479		2218.8019
3096	2.01			6			1			 1021539		0.9993		2			1		6.6553			1298.4027	8641.2721	4306.8843		4308.0907
3101	2.01			6			1			 1141727		0.9980		4			3		6.6431			1154.5604	7669.8655	3821.5804		3821.4821
3103	2.01			6			5			  941322		0.9974		3			2		11.9431			 436.6349	5214.7907	2582.2870		2582.4573
3106	1.01			6			1			 7106303		0.9939		16			15		22.2707			3108.0678	69218.8950	34556.3020		34572.4650
3107	1.01			6			1			  872726		0.9929		2			1		22.7566			 352.9789	8032.6155	3987.9306		3990.6586
3108	1.01			6			1			 7034029		0.9964		16			15		21.8101			3206.8155	69941.0232	34914.0373		34936.0850
3109	1.01			6			1			 1280408		0.9990		3			2		14.9626			1137.0368	17012.9949	8474.8394		8477.8938
3110	1.01			6			1			  390203		0.9997		1			0		7.5430			1227.1245	9256.2219	4612.7611		4613.5878
3111	2.01			6			1			 1330854		0.9959		3			2		7.5569			 706.2547	5337.0783	2659.5811		2659.8966
3112	2.01			6			1			 2712545		0.9929		7			6		9.3802			1012.1732	9494.3820	4728.2905		4728.4119
3113	2.01			6			1			 8476863		0.9934		21			20		9.3501			3146.7013	29422.0870	14703.9493		14702.1859
3119	1.01			6			1			 6257589		0.9955		13			12		31.6320			3579.5815	113229.1598	56578.4328		56516.7522
3120	1.01			6			1			 6960405		0.9970		14			13		32.8032			4029.4104	132177.4221	66055.5136		65984.7461
3121	1.01			6			1			 1501457		0.9987		3			2		22.1844			1884.1916	41799.6401	20868.8692		20840.4726
3122	1.01			6			1			  134425		0.9997		1			0		11.1806			 652.9735	7300.6465	3630.7904		3624.4930
3123	1.01			6			1			  361672		0.9998		1			0		11.1849			1748.2314	19553.8725	9761.4253		9746.5011
3126	1.01			4			1			 4060512		0.9903		5			4		22.1264			1189.5741	26320.9915	13115.8092		13115.9076
3127	1.01			6			1			  630082		0.9994		2			1		11.1917			 890.4214	9965.2901	4960.2871		4960.1470
3128	1.01			6			1			  417877		0.9992		1			0		11.2300			 583.1159	6548.4146	3252.6813		3251.8108
3130	1.01			6			5			 1001954		0.9997		3			2		33.1447			 663.4606	21990.1706	10928.5725		10927.2838
3136	26.98			6			1			 1642848		0.9972		4			3		33.3323			1092.5177	36416.0874	18140.7995		18142.4073
3137	26.98			6			1			  366266		0.9997		1			0		16.7035			1020.4951	17045.8034	8489.5831		8489.2387
3138	2.01			6			1			 7227029		0.9952		16			15		13.9607			3511.0095	49016.0452	24472.4548		24464.6336
3139	2.01			6			1			 6196973		0.9922		13			12		13.9402			3023.9689	42154.6415	21051.9867		21046.5751
3140	2.01			6			1			 8011856		0.9943		17			16		14.0076			3896.0547	54574.4410	27259.3268		27260.1877
3141	2.01			6			1			 8889483		0.9940		19			18		14.0045			4316.9251	60456.4858	30232.9899		30223.4959
3142	2.01			6			1			 1379250		0.9988		3			2		9.3546			1452.1571	13584.2957	6773.7112		6772.7597
3143	2.01			6			1			  312857		0.9998		1			0		4.7573			1279.3908	6086.3999	3034.2262		3033.7433
3146	2.01			6			1			  937220		0.9990		3			2		4.7565			1334.0589	6345.3873	3163.1261		3163.5066
3149	2.01			6			5			 1363687		0.9981		4			3		14.1395			 740.6589	10472.5728	5207.0394		5208.3345
3150	1.01			6			1			 5175005		0.9985		9			8		32.9097			4314.3873	141985.1527	70913.2289		70936.9580
3151	1.01			6			1			 8575567		0.9984		15			14		33.2536			7141.7392	237488.6130	118650.8397		118699.1925
3152	1.01			6			1			  539721		0.9995		1			0		22.4703			1004.3245	22567.5069	11236.6333		11241.1284
3153	1.01			6			1			  181591		0.9998		1			0		11.4439			1254.8981	14360.8878	7155.9689		7159.9212
3156	1.01			6			1			  891711		0.9993		2			1		11.4706			1290.8925	14807.3162	7378.7039		7383.5089
3157	1.01			6			3			  502098		0.9984		3			2		29.6348			 575.9478	17068.0884	8463.6349		8467.9145
3158	26.98			6			1			  919116		0.9989		2			1		31.7614			 916.3682	29105.1769	14477.9211		14487.4730
3159	26.98			6			1			  277377		0.9997		1			0		17.2841			1082.6054	18711.8598	9319.7627		9324.3245
3160	2.01			6			1			  912320		0.9903		3			2		19.1002			 327.2647	6250.8107	3085.0663		3086.9193
3161	2.01			6			1			  673025		0.9914		2			1		19.3336			 236.6839	4575.9414	2247.7139		2247.7544
3162	2.01			6			1			 8009378		0.9929		17			16		17.2978			3569.0930	61737.3371	30825.4718		30841.9318
3163	2.01			6			1			 7731118		0.9962		16			15		17.1142			3497.3886	59854.9002	29864.3192		29892.1062
3164	2.01			6			1			 8147432		0.9948		17			16		17.0541			3749.3024	63940.8865	31924.1498		31947.1566
3165	2.01			6			1			 6911684		0.9951		15			14		16.8590			3242.5057	54665.2531	27289.7795		27307.5889
3166	2.01			6			1			 1209323		0.9990		3			2		11.3971			1253.9850	14291.8366	7129.1104		7132.6049
3167	2.01			6			1			  285634		0.9998		1			0		5.6832			1218.0245	6922.2829	3448.3832		3450.7527
3168	2.01			3			3			10310180		0.9949		6			5		17.2011			1213.6943	20876.9209	10401.0907		10406.4794
3171	2.01			6			1			 1100949		0.9993		3			2		5.7153			1355.4731	7746.9810	3861.0290		3863.1529
3173	2.01			6			5			 1774768		0.9985		5			4		17.1363			 959.5009	16442.3170	8185.3659		8189.9426
3174	1.01			6			1			 5633188		0.9969		11			10		33.1168			3429.2440	113565.4806	56700.4378		56727.4342
3176	1.01			6			1			 1164178		0.9969		3			2		32.9016			 727.4317	23933.6916	11895.8560		11900.4360
3177	1.01			6			1			  865357		0.9993		2			1		22.5403			1155.6769	26049.3080	12979.6344		12979.6753
3178	1.01			6			1			  222614		0.9999		1			0		11.3021			1150.5010	13003.0473	6480.0175		6478.3687
3179	1.01			3			3			 7673535		0.9960		4			3		34.4359			1156.3535	39820.0630	19839.7101		19844.6168
3180	1.01			4			1			 8354575		0.9899		10			9		22.6834			2393.7957	54299.5072	27101.9837		27105.9412
3181	1.01			6			1			 1085338		0.9995		3			2		11.4051			1522.9278	17369.0696	8661.4932		8662.5928
3182	1.01			6			3			  752625		0.9962		4			3		33.4771			 524.7264	17566.3045	8711.8568		8715.3813
3183	26.98			6			1			 1367043		0.9972		3			2		32.0932			 977.3963	31367.7976	15681.9671		15685.8306
3184	26.98			6			1			  310075		0.9997		1			0		17.1379			 863.5363	14799.2132	7364.1000		7364.9067
3185	2.01			6			1			 6636925		0.9951		14			13		14.2868			3215.4078	45938.0209	22940.1702		22940.1915
3186	2.01			6			1			 7521955		0.9948		16			15		14.2959			3647.9153	52150.1609	26047.2804		26045.0957
3187	2.01			6			1			 6807144		0.9926		14			13		14.3075			3281.3993	46948.7506	23434.1851		23430.2467
3189	2.01			6			1			 7224390		0.9948		15			14		14.2802			3472.5100	49587.9834	24767.4948		24763.4713
3190	2.01			6			1			 1162225		0.9990		3			2		9.5233			1223.7073	11653.6955	5826.8604		5826.8351
3191	2.01			6			1			  303070		0.9998		1			0		4.8364			1238.1524	5988.2600	2984.2228		2984.8176
3194	2.01			6			1			  911151		0.9994		3			2		4.8447			1276.8532	6186.0244	3083.4103		3083.7018
3195	2.01			6			5			 1154730		0.9988		3			2		14.4500			 621.1060	8974.9796	4458.1957		4458.9206
3196	1.01			6			1			 4097032		0.9978		7			6		33.1325			3505.6633	116151.4859	57988.5416		58025.1137
3198	1.01			6			1			 4157913		0.9981		8			7		33.0233			3587.2600	118463.0641	59206.0647		59240.6759
3199	1.01			6			1			  599037		0.9995		1			0		21.7447			1194.4115	25972.1676	12970.9550		12975.6325
3200	1.01			6			1			  175234		0.9999		1			0		11.4760			1242.6183	14260.2410	7104.6968		7109.8720
3201	1.01			3			3			 8230580		0.9974		4			3		33.9885			1252.4032	42567.3661	21229.2216		21249.5829
3202	1.01			4			1			 8454128		0.9888		9			8		22.8808			2395.0816	54801.2855	27346.4077		27364.9278
3203	1.01			6			1			  817683		0.9996		2			1		11.4094			1196.6105	13652.5984	6801.7189		6805.0035
3204	1.01			6			3			  643015		0.9993		3			2		34.4400			 620.5649	21372.2691	10616.4074		10620.8946
3205	26.98			6			1			  947633		0.9987		2			1		33.8297			 901.7204	30504.9007	15179.7233		15189.6255
3206	26.98			6			1			  234683		0.9997		1			0		17.0734			 972.5251	16604.3108	8268.1728		8268.5330
3207	2.01			6			1			 7601042		0.9942		16			15		16.8368			3603.8366	60677.2282	30297.3919		30310.7359
3208	2.01			6			1			 7693983		0.9940		16			15		17.0536			3608.1327	61531.6358	30718.2657		30744.4358
3209	2.01			6			1			 7608459		0.9948		16			15		16.6992			3680.5273	61461.6821	30686.2177		30707.2787
3210	2.01			6			1			 7824079		0.9929		16			15		17.1065			3668.2470	62750.7512	31332.8581		31348.6378
3211	2.01			6			1			 3260572		0.9941		7			6		16.9048			1555.2346	26290.8802	13108.6210		13114.7015
3212	2.01			6			1			 4391258		0.9951		9			8		16.8862			2098.1611	35429.9751	17678.6928		17681.4174
3213	2.01			6			1			 1285362		0.9990		3			2		11.5148			1342.2452	15455.6979	7705.4162		7704.0856
3214	2.01			6			1			  253368		0.9997		1			0		5.7727			1078.4106	6225.3354	3101.3301		3101.5496
3215	2.01			3			3			10474477		0.9944		6			5		16.7328			1269.1740	21236.8456	10607.0559		10606.6531
3217	2.01			4			1			10220456		0.9780		13			12		11.4761			2374.5802	27251.0334	13605.2879		13599.2503
3218	2.01			6			1			  998836		0.9989		3			2		5.7713			1217.5166	7026.7012	3503.1686		3500.8987
3219	2.01			6			5			 1083646		0.9982		3			2		17.1818			 593.3680	10195.1178	5063.5518		5062.9575
3220	1.01			6			1			 5753977		0.9965		11			10		33.5861			3498.2544	117492.7154	58674.6553		58677.3770
3221	1.01			6			1			 6008992		0.9957		12			11		33.2465			3744.4978	124491.2632	62163.5613		62190.5114
3222	1.01			6			1			 1175271		0.9993		2			1		22.7364			1572.3860	35750.4650	17824.3830		17833.5019
3223	1.01			6			1			  232497		0.9998		1			0		11.5760			1185.0743	13718.4745	6835.0773		6837.4670
3226	1.01			6			1			  938456		0.9993		3			2		11.3215			1328.2737	15038.0645	7493.7952		7497.9214
3227	1.01			6			3			  898632		0.9941		4			3		33.9561			 625.0302	21223.5806	10538.8827		10546.4932
3229	26.98			6			1			 1541929		0.9974		3			2		31.6220			1159.3640	36661.3897	18255.1034		18267.0326
3230	26.98			6			1			  318767		0.9994		1			0		17.4169			 895.0218	15588.5331	7756.9801		7762.2782
3231	2.01			6			1			 7446138		0.9945		16			15		14.2809			3707.8943	52952.1513	26434.2329		26460.2946
3232	2.01			6			1			 6982084		0.9941		15			14		14.3615			3449.3709	49538.3111	24727.2554		24753.1442
3233	2.01			6			1			 7409433		0.9948		16			15		14.6796			3537.7433	51932.7091	25924.7376		25923.9010
3234	2.01			6			1			 7158344		0.9947		15			14		14.6784			3422.8722	50242.1401	25077.2570		25079.5622
3235	2.01			6			1			 7014702		0.9944		15			14		14.3705			3506.8808	50395.5163	25164.3375		25171.9986
3236	2.01			6			1			 1103963		0.9984		2			1		9.6552			1202.3950	11609.4061	5800.7102		5803.7060
3237	2.01			6			1			  287830		0.9998		1			0		4.8612			1238.2203	6019.2367	2999.3528		3000.1248
3243	1.01			6			1			 4129818		0.9981		7			6		33.1987			3643.3142	120953.2364	60393.4324		60422.0814
3244	1.01			6			1			 4064032		0.9983		7			6		33.1565			3616.4200	119907.8947	59935.4047		59972.4900
3246	1.01			6			1			  717976		0.9995		2			1		22.4188			1403.9253	31474.2739	15705.4063		15713.5265
3248	1.01			6			1			  155201		0.9998		1			0		11.5237			1134.0258	13068.2284	6509.3310		6512.9565
3252	1.01			6			1			  765213		0.9991		2			1		11.4732			1127.9028	12940.6027	6446.4994		6447.8411
3255	1.01			6			3			 1235283		0.9994		6			5		33.5862			1271.7788	42714.1819	21288.5448		21287.3054
3256	26.98			6			1			  871746		0.9979		2			1		32.4622			 893.3642	29000.5626	14430.0864		14429.7394
3257	26.98			6			1			  222364		0.9998		1			0		16.3063			1007.0307	16420.9759	8178.1941		8173.5040
3258	2.01			6			1			 7038369		0.9947		15			14		16.9572			3378.6340	57292.3188	28616.9264		28605.1667
3260	2.01			6			1			 8080994		0.9938		17			16		16.9148			3869.3380	65448.9852	32741.9036		32707.0817
3261	2.01			6			1			 7383816		0.9949		15			14		17.0651			3517.0979	60019.7184	29996.9282		29955.3186
3262	2.01			6			1			 7431793		0.9940		15			14		16.8149			3627.3477	60993.6400	30483.8192		30441.8361
3263	2.01			6			1			 7587034		0.9952		15			14		16.8356			3703.0913	62343.6146	31144.8546		31129.3364
3264	2.01			6			1			 1241377		0.9989		3			2		11.3943			1349.1128	15372.1288	7664.0142		7663.1509
3265	2.01			6			1			  276701		0.9998		1			0		5.7544			1210.3450	6964.8040	3470.9452		3470.9626
3268	2.01			6			1			 1056733		0.9991		3			2		5.8371			1272.8277	7429.6382	3702.8395		3703.4708
3269	2.01			6			5			 1362990		0.9990		4			3		16.9401			 777.7019	13174.3331	6552.9231		6551.9904
3270	1.01			6			1			 6256329		0.9969		12			11		32.6744			4008.5359	130976.6667	65430.3826		65432.8659
3271	1.01			6			1			 6760314		0.9966		13			12		32.9159			4343.5476	142971.5625	71412.8228		71418.2531
3272	1.01			6			1			  952806		1.0010		2			1		22.6584			1289.1458	29209.9607	14539.7524		14538.0081
3273	1.01			6			1			  258555		0.9998		1			0		11.3443			1381.9084	15676.7756	7829.6185		7827.8515
3277	1.01			6			1			  826728		0.9995		2			1		11.4353			1150.8055	13159.8479	6559.0506		6554.1890
3278	1.01			6			3			  860268		0.9957		4			3		33.6716			 603.2443	20312.1726	10086.6453		10087.8480
3279	26.98			6			1			 1062868		0.9984		2			1		30.4885			 842.2145	25677.8905	12771.5419		12769.5891
3280	26.98			6			1			  320337		0.9996		1			0		17.1385			 910.1437	15598.4839	7800.4496		7798.0343
3281	2.01			6			1			 6613847		0.9952		14			13		14.0772			3347.4776	47123.1731	23550.6326		23540.6886
3282	2.01			6			1			 6643975		0.9951		14			13		14.0600			3387.9073	47633.9467	23790.0394		23787.1869
3283	2.01			6			1			 6627473		0.9961		14			13		14.1729			3353.2968	47525.7968	23738.3938		23729.9447
3284	2.01			6			1			 7110627		0.9976		15			14		14.1113			3617.2633	51044.2133	25484.8181		25477.0322
3285	2.01			6			1			 6982041		0.9947		14			13		14.1506			3567.7409	50485.5530	25214.0747		25213.8074
3286	2.01			6			1			  896223		0.9990		2			1		9.3910			1022.0174	9597.7425	4779.1840		4780.1068
3287	2.01			6			1			  283035		0.9998		1			0		4.8101			1239.4723	5961.9843	2975.5812		2975.8630
3292	2.01			6			1			  312751		0.9995		1			0		4.8302			 438.9691	2120.2985	1051.7388		1053.6336
3293	2.01			6			1			  491225		0.9994		2			1		4.8173			 689.6104	3322.0664	1650.8269		1652.0677
3294	2.01			6			5			 1117901		0.9990		3			2		14.3230			 627.9057	8993.4899	4466.1215		4469.2870
3295	1.01			6			1			 3765089		0.9987		7			6		31.8771			3495.4125	111423.6853	55641.4749		55642.7420
3296	1.01			6			1			 4508268		0.9986		8			7		33.1576			3980.3894	131980.1039	65920.3715		65922.6956
3297	1.01			6			1			  688094		0.9994		2			1		22.2672			1383.6860	30810.7485	15360.8015		15357.6350
3298	1.01			6			1			  188130		0.9998		1			0		11.3880			1404.6940	15996.6119	7974.9311		7975.7164
3303	1.01			6			1			 1010582		0.9995		3			2		11.3898			1514.0981	17245.2344	8598.7669		8600.5713
3304	1.01			6			3			  492074		0.9985		3			2		33.8736			 508.8942	17238.0903	8546.2885		8552.0799
3305	26.98			6			1			  850453		0.9986		2			1		30.9524			 929.4263	28768.0000	14311.4367		14316.5211
3306	26.98			6			1			  197537		0.9999		1			0		16.6789			 858.8245	14324.2404	7127.6056		7128.3614
3307	2.01			6			1			 8088326		0.9955		16			15		16.7318			3980.8630	66606.9555	33261.1322		33275.3301
3308	2.01			6			1			 9344865		0.9942		19			18		16.7171			4645.8456	77665.2225	38782.3078		38814.4442
3309	2.01			6			1			 6713785		0.9951		14			13		16.8412			3317.0983	55863.9095	27908.1395		27936.2791
3310	2.01			6			1			 6857254		0.9969		14			13		16.8472			3387.6613	57072.4828	28509.9563		28522.0590
3311	2.01			6			1			 6747023		0.9957		14			13		16.9200			3321.0765	56192.5998	28077.1737		28075.7390
3312	2.01			6			1			 1131732		0.9987		2			1		11.4121			1251.8874	14286.7241	7119.2438		7120.7037
3313	2.01			6			1			  195822		0.9998		1			0		5.7279			 883.6892	5061.6632	2519.0432		2519.2119
3317	2.01			6			1			  816892		0.9993		3			2		5.8078			 992.0782	5761.8341	2869.5086		2869.0112
3318	2.01			6			5			  912018		0.9990		3			2		17.2332			 520.1594	8964.0234	4448.2063		4447.2908
3319	1.01			6			1			 2407379		0.9990		4			3		21.7479			3333.6751	72500.4408	36211.9998		36210.2140
3320	1.01			6			1			 2084303		0.9991		4			3		21.8549			2982.3915	65179.7845	32541.6783		32546.5802
3321	1.01			6			1			  172824		0.9998		1			0		11.0723			 897.1869	9933.9222	4958.9534		4960.6563
3327	1.01			6			3			  509438		0.9990		3			2		22.5386			 855.8474	19289.5948	9593.2799		9603.5800
3328	26.98			6			1			 1578529		0.9970		3			2		33.6236			1115.0476	37491.8924	18667.7162		18683.3863
3329	26.98			6			1			  280521		0.9997		1			0		17.3686			 817.6880	14202.0767	7063.2960		7068.9902
3330	1.01			6			1			  737342		0.9995		2			1		11.3986			1070.3252	12200.1695	6076.6482		6076.9803
3331	2.01			6			1			 6426788		0.9956		13			12		14.3234			3284.5546	47046.0146	23490.9027		23496.0001
3332	2.01			6			1			 5454772		0.9956		11			10		14.2965			2808.7114	40154.6218	20044.5970		20052.5944
3333	2.01			6			1			 7911220		0.9940		16			15		14.3890			4053.6972	58328.6139	29133.7278		29137.3276
3334	2.01			6			1			 7572862		0.9939		15			14		14.2165			3960.5313	56304.8513	28120.4940		28125.5484
3335	2.01			6			1			 7383380		0.9969		15			14		14.2848			3846.7971	54950.7109	27442.5945		27448.5019
3336	2.01			6			1			 6947401		0.9944		14			13		14.2404			3639.2207	51824.1002	25884.2854		25880.5989
3337	2.01			6			1			  823035		0.9989		2			1		9.4383			 964.0335	9098.8787	4530.8192		4530.3498
3339	2.01			6			1			  305879		0.9998		1			0		4.8529			1369.8160	6647.5763	3313.9665		3314.2142
3350	2.01			6			1			  940046		0.9990		3			2		4.8651			1294.8502	6299.6011	3157.3648		3123.1172
3351	2.01			6			5			  535419		0.9991		2			1		14.5847			 399.8623	5831.8876	2887.7845		2885.8734
3352	2.01			6			5			 2093412		0.9996		6			5		14.2183			1666.1522	23689.9313	11826.3137		11829.9639
3389	2.01			6			1			 1130173		0.9998		3			2		14.0658			4220.7811	59368.5887	29680.1825		29688.4061
3390	2.01			6			1			 1126384		0.9998		3			2		14.2432			4163.4365	59300.6795	29623.0269		29641.9297
3394	2.01			6			1			 1095560		0.9998		3			2		14.3143			4122.0673	59004.5124	29465.8519		29479.8377
3395	2.01			6			1			 1058259		0.9998		3			2		14.4413			3939.1675	56886.5657	28398.4686		28403.8971
3396	2.01			6			1			  174410		0.9998		1			0		9.6059			1413.5912	13578.8661	6769.1870		6770.5770
3397	2.01			6			1			   44209		1.0000		1			0		4.8556			1316.6028	6392.8988	3186.0424		3187.2077
3401	2.01			6			1			  137872		0.9999		1			0		4.8640			1378.4426	6704.7638	3341.7909		3343.7743
3402	2.01			6			1			  219670		0.9977		4			3		14.2822			 945.3260	13501.3676	6720.1181		6722.7919
3403	1.01			6			1			  528387		0.9999		2			1		27.9820			3855.3563	107880.5766	53945.0573		53935.5193
3404	1.01			6			1			  508985		0.9999		2			1		27.9909			3779.2064	105783.3019	52829.2168		52834.8708
3405	1.01			6			1			  107964		0.9999		1			0		19.2300			1680.4029	32314.0847	16116.6547		16121.6200
3406	1.01			6			1			   28398		0.9999		1			0		9.6099			1486.7303	14287.3209	7122.5446		7126.5276
3410	1.01			6			1			  113439		0.9999		1			0		9.6091			1624.9908	15614.7529	7785.6843		7790.0545
3412	1.01			6			1			   63392		0.9999		2			1		28.5870			 543.7046	15542.8757	7711.4627		7713.8768
3413	26.98			6			1			  128906		1.0000		1			0		28.7420			 948.6415	27265.8526	13571.9232		13576.0904
3414	26.98			6			1			   31692		1.0000		1			0		14.1268			 983.5872	13894.9598	6915.1651		6923.1587
3416	26.98			6			1			   11794		1.0007		1			0		13.9330			 368.9086	5139.9987	2540.1167		2540.2566
3418	26.98			6			1			  177807		0.9999		1			0		22.5386			1019.9197	22987.5988	11455.3282		11441.6299
3419	26.98			6			1			   59649		1.0000		1			0		11.5308			1276.8196	14722.7615	7342.4064		7334.1088
3420	1.01			6			1			  753729		0.9997		2			1		27.1309			3230.5639	87648.1280	43795.9413		43761.2971
3421	1.01			6			1			  799662		0.9997		2			1		28.2074			3142.6078	88644.9204	44273.1952		44233.0959
3422	1.01			6			1			  148563		0.9999		1			0		19.1754			1213.6266	23271.8142	11604.3686		11592.2351
3423	1.01			6			1			   44750		1.0000		1			0		9.5784			1311.7653	12564.6095	6265.2667		6261.6470
3428	1.01			6			1			  106030		1.0000		1			0		9.5716			1314.6744	12583.5222	6272.0182		6271.9927
3429	1.01			6			1			  156702		0.9989		3			2		28.6416			 670.3615	19200.2278	9544.3025		9539.7749
3430	2.01			6			1			 1522604		0.9996		5			4		14.3602			3563.5450	51173.2461	25559.0823		25557.3636
3431	2.01			6			1			 1367750		1.0006		4			3		14.3716			3210.3695	46138.0520	23028.3909		23026.6217
3432	2.01			6			1			  228207		0.9998		1			0		14.4287			 536.6681	7743.4082	3842.2172		3842.2425
3433	2.01			6			1			 1702296		0.9994		6			5		19.0773			2696.5675	51443.2461	25722.9150		25719.7412
3434	2.01			6			1			 1842801		0.9991		6			5		19.0058			2954.8543	56159.3374	28080.2739		28079.0636
3435	2.01			6			1			 2033765		0.9989		7			6		19.0690			3252.4169	62020.2320	30970.4769		30970.8824
3436	2.01			6			1			  699878		0.9994		3			2		19.2537			1110.3453	21378.3055	10650.9999		10650.6950
3437	2.01			6			1			  311518		0.9998		1			0		9.6614			1455.5395	14062.5271	7011.3000		7012.1641
3438	2.01			6			1			  103171		0.9999		1			0		4.8447			1698.1632	8227.1682	4103.0428		4104.4203
3443	2.01			6			1			  200997		0.9999		1			0		4.8415			2107.6331	10204.0768	5091.4372		5093.3664
3446	2.01			6			2			  400410		0.9980		3			2		14.5376			 998.2689	14512.4659	7226.1889		7228.8921
3447	1.01			6			1			  335578		0.9999		1			0		27.9873			2844.7400	79616.4894	39749.4256		39749.5497
3448	1.01			6			1			    9458		0.9979		1			0		29.1587			  54.8076	1598.1190	 716.3274		 717.1786
3449	1.01			6			1			  479304		0.9999		1			0		28.7164			3871.7636	111183.1809	55541.8469		55527.0647
3450	1.01			6			1			   67888		1.0000		1			0		19.3039			1183.8902	22853.7423	11370.4764		11369.8239
3451	1.01			6			1			   19916		1.0000		1			0		9.6725			1167.5507	11293.1691	5626.8005		5628.0007
3457	1.01			6			1			   90549		1.0000		1			0		9.6138			1337.8481	12861.7673	6414.5795		6409.0074
3458	1.01			6			1			   62625		1.0002		2			1		28.4950			 621.7490	17716.7099	8803.9224		8797.1240
3459	26.98			6			1			  113028		0.9999		1			0		28.3440			 927.5322	26289.9777	13090.5354		13084.0688
3460	26.98			6			1			   29273		1.0000		1			0		14.2295			 970.6308	13811.6260	6878.3207		6876.2443
3461	2.01			6			1			  815731		0.9998		2			1		14.1237			3442.4038	48619.6010	24283.7232		24278.5813
3465	2.01			6			1			  763901		0.9998		2			1		14.1860			3268.5202	46367.2586	23188.5159		23178.7427
3466	2.01			6			1			  556781		0.9998		2			1		14.3252			2350.9677	33678.0663	16812.5611		16806.9511
3467	2.01			6			1			  599802		0.9998		2			1		14.1428			2445.9945	34593.3030	17279.6199		17255.9914
3468	2.01			6			1			  852881		0.9998		2			1		14.1988			3488.9188	49538.6045	24754.9369		24727.5805
3469	2.01			6			1			  776375		0.9999		2			1		14.2465			3196.3294	45536.3738	22751.9971		22725.8966
3470	2.01			6			1			  175113		0.9999		1			0		9.4193			1600.1607	15072.4337	7520.1480		7513.7203
3471	2.01			6			1			   52951		0.9998		1			0		5.1100			1404.1198	7175.1206	3580.0353		3576.2555
3476	2.01			6			1			  112784		0.9986		1			0		4.7446			1161.1915	5509.3564	2745.4524		2745.2213
3477	2.01			6			1			  126805		1.0000		2			1		14.1560			 603.7571	8546.7769	4245.0306		4244.5028
3478	1.01			6			1			  826143		0.9998		2			1		27.6053			3511.2807	96930.1253	48422.0379		48396.5534
3479	1.01			6			1			-2147483648		-0.0002		2			1		28.0533			3420.6517	95960.7005	47933.6956		47913.4529
3480	1.01			6			1			  119327		0.9998		1			0		18.6715			1058.3502	19760.9966	9844.2529		9840.8948
3482	1.01			6			1			   35996		0.9999		1			0		9.4488			1116.4352	10548.9694	5256.5429		5253.6684
3485	1.01			6			1			  107384		1.0000		1			0		9.4479			1351.1767	12765.8156	6363.7578		6364.7067
3486	1.01			6			1			  161657		0.9998		3			2		27.0009			 780.3747	21070.8328	10478.6145		10481.1933
3487	26.98			6			1			  228531		0.9998		1			0		26.0967			1059.5680	27651.1823	13801.7690		13801.6813
3488	26.98			6			1			   52121		0.9999		1			0		13.9702			 807.8819	11286.2376	5630.5302		5630.5994
3490	2.01			6			1			 2206083		0.9992		7			6		18.3855			3719.4998	68384.9311	34185.2438		34179.1699
3491	2.01			6			1			 1873823		0.9992		6			5		18.4345			3145.5173	57985.9097	28996.6764		28989.2333
3492	2.01			6			1			 2085265		0.9993		7			6		18.8030			3438.1409	64647.2817	32289.7839		32282.8255
3493	2.01			6			1			 2211292		0.9992		7			6		19.2978			3535.7385	68231.9710	34081.1686		34076.3465
3494	2.01			6			1			 2113549		0.9994		7			6		19.2766			3399.2709	65526.3024	32725.2552		32721.9500
3495	2.01			6			1			  309859		0.9999		1			0		9.8000			1454.8296	14257.2921	7108.3122		7109.2128
3497	2.01			6			1			   79706		0.9997		1			0		4.8099			1376.8869	6622.6761	3301.1095		3301.3987
3498	2.01			6			1			  569241		3.0578		4			3		13.9571			1460.6821	20386.9181	10165.9548		10165.6921
3499	2.01			6			1			  486050		2.3133		3			2		9.3863			2429.1139	22800.4258	11382.8698		11379.3192
3500	2.01			6			1			  163674		0.9999		1			0		4.7362			1732.5006	8205.4455	4093.3797		4092.5864
3502	2.01			6			2			  335711		0.9990		3			2		14.1463			 872.1874	12338.2667	6128.9254		6127.8506
3503	1.01			6			1			  407046		0.9999		1			0		27.4082			3744.9390	102641.8916	51275.3590		51254.9869
3504	1.01			6			1			  383741		1.0005		1			0		27.9395			3424.3389	95674.3952	47843.9714		47830.4238
3505	1.01			6			1			   45601		0.9999		1			0		18.0172			 908.5540	16369.5953	8149.3904		8143.4625
3506	1.01			6			1			   18868		1.0001		1			0		9.4430			1193.7692	11272.7694	5619.0939		5616.1866
3509	1.01			6			1			   84805		1.0000		1			0		9.5880			1237.4767	11864.9131	5915.1527		5910.7162
3511	1.01			6			3			   62616		0.9969		1			0		28.7153			 601.2824	17266.0137	8577.0113		8573.4209
3512	26.98			6			1			  106294		1.0000		1			0		27.6564			 941.9098	26049.8261	12973.0622		12964.1964
3513	26.98			6			1			   30558		0.9999		1			0		14.2003			1073.3368	15241.7516	7595.6465		7588.7940
3514	2.01			6			1			  358960		0.9998		1			0		13.9963			1576.9200	22071.0171	11040.0596		11030.9575
3515	2.01			6			1			  812177		0.9998		2			1		14.2353			3489.5284	49674.4908	24822.6885		24795.1816
3516	2.01			6			1			  841999		0.9997		2			1		14.2610			3618.6212	51605.0452	25787.6222		25759.7429
3517	2.01			6			1			  101149		0.9998		1			0		13.8959			 459.5714	6386.1703	3194.5828		3191.5875
3518	2.01			6			1			  704776		0.9998		2			1		14.2435			3034.4226	43220.7546	21595.9108		21569.7141
3519	2.01			6			1			  850731		0.9998		2			1		14.2113			3665.2705	52088.2070	26017.8336		25986.4551
3520	2.01			6			1			  129808		0.9999		1			0		9.5828			1201.8910	11517.4571	5739.5263		5738.6834
3521	2.01			6			1			   37082		0.9999		1			0		5.0449			1196.8815	6038.1642	3008.9996		3008.7656
3524	2.01			6			1			  126638		0.9999		1			0		5.0431			1240.6566	6256.7494	3118.4352		3118.4054
3525	2.01			6			1			   71103		0.9986		2			1		14.2501			 349.0848	4974.4955	2458.2868		2458.7189
3526	1.01			6			1			  790506		0.9998		2			1		28.2651			3371.6329	95299.4565	47596.1085		47588.2352
3527	1.01			6			1			  765071		0.9995		2			1		28.1007			3312.1600	93074.1314	46481.8398		46477.9821
3528	1.01			6			1			  136372		1.0000		1			0		19.1653			1207.4019	23140.1948	11531.6644		11533.9809
3529	1.01			6			1			   38208		0.9995		1			0		9.5989			1207.0636	11586.4959	5773.3358		5775.0708
3532	1.01			6			1			   93629		0.9999		1			0		9.5616			1161.3939	11104.7447	5532.0131		5534.7321
3533	1.01			6			1			  132129		0.9982		2			1		28.8157			 603.8870	17401.4317	8642.1812		8644.4095
3534	26.98			6			1			  177469		0.9999		1			0		27.3558			 794.1091	21723.4789	10801.7816		10805.1789
3535	26.98			6			1			   54971		1.0000		1			0		14.4449			 874.8597	12637.2924	6287.6901		6291.1627
3536	2.01			6			1			 1752080		0.9994		6			5		18.4828			2969.1171	54877.6248	27396.5409		27404.9468
3537	2.01			6			1			 2124316		0.9999		7			6		19.3307			3422.4433	66158.3894	33070.7652		33087.6242
3539	2.01			6			1			  571718		0.9996		2			1		19.1418			 938.2558	17959.8703	8938.5900		8943.5500
3540	2.01			6			1			 2163781		0.9991		7			6		19.3809			3498.7964	67809.6829	33852.5218		33877.8933
3541	2.01			6			1			 2104606		0.9991		7			6		19.3264			3433.1343	66350.1631	33130.0055		33141.8742
3542	2.01			6			1			  249026		0.9999		1			0		9.9515			1175.8394	11701.3275	5830.6061		5831.1344
3543	2.01			6			1			   81244		1.0000		1			0		5.1080			1312.3746	6703.6112	3341.6285		3341.7188
3547	2.01			6			1			  123378		1.0000		1			0		5.1054			1264.4722	6455.6342	3216.7439		3218.2674
3548	2.01			6			1			  299449		0.9975		5			4		14.8560			 756.2881	11235.3887	5587.3967		5587.8670
3549	2.01			6			1			  729512		0.9998		2			1		14.6840			3166.8634	46502.2122	23215.5009		23227.0271
3551	2.01			6			1			 1241649		1.0016		3			2		19.0698			3279.6016	62541.2489	31240.8135		31266.2420
3552	2.01			6			1			 1395169		0.9994		4			3		19.2301			3665.7101	70491.9474	35199.0337		35214.6338
3553	2.01			6			1			  251690		0.9999		1			0		14.4168			1141.7053	16459.7457	8199.0880		8203.5363
3554	2.01			6			1			  116209		0.9999		1			0		9.5889			1172.1190	11239.2892	5608.6016		5612.1252
3557	2.01			6			1			  142963		0.9999		1			0		9.6439			1209.4991	11664.2355	5830.4289		5833.8066
3558	2.01			6			1			  175113		0.9976		3			2		18.9278			 533.2513	10093.2934	5005.0937		5009.3137
3559	1.01			6			1			  357735		0.9999		1			0		28.1903			3255.2923	91767.5244	45822.2966		45831.0899
3560	1.01			6			1			  385616		0.9997		1			0		28.6284			3463.7823	99162.4029	49574.0669		49588.3360
3561	1.01			6			1			   65168		0.9999		1			0		19.7409			1190.6561	23504.6272	11711.4594		11715.5013
3562	1.01			6			1			   19742		0.9999		1			0		10.0162			1186.2030	11881.2213	5909.4949		5913.2670
3565	1.01			6			1			   86936		0.9999		1			0		10.0390			1231.0146	12358.2111	6156.7734		6161.4970
3566	1.01			6			1			   69976		0.9999		2			1		29.5756			 601.3160	17784.2565	8832.8691		8835.2557
3567	26.98			6			1			  120141		0.9999		1			0		27.9326			1101.0763	30755.9707	15317.0776		15319.5030
3568	26.98			6			1			   26896		0.9999		1			0		14.9788			 914.7445	13701.8182	6819.5809		6822.8254
3569	26.98			6			1			   60096		1.0000		1			0		14.6834			 945.3599	13881.0953	6909.5416		6913.1163
3570	26.98			6			1			  195283		0.9998		1			0		28.8834			 832.9452	24058.2745	11967.1075		11973.7040
3571	2.01			6			1			 2132281		0.9994		7			6		19.4872			3445.8870	67150.7475	33525.4177		33547.8234
3572	2.01			6			1			 2178140		0.9993		7			6		19.6180			3517.5713	69007.7079	34450.9043		34478.4661
3573	2.01			6			1			 2118575		0.9994		7			6		19.6832			3438.0723	67672.4309	33784.0674		33808.0565
3574	2.01			6			1			 2128704		1.0006		7			6		19.6736			3448.7129	67848.5519	33854.8825		33879.8443
3575	2.01			6			1			  417186		0.9996		2			1		14.4678			1080.6433	15634.5177	7783.6707		7791.2183
3576	2.01			6			1			  223987		0.9999		1			0		9.6537			1161.3261	11211.1354	5583.5831		5588.8885
3579	2.01			6			1			  181058		0.9998		1			0		9.6943			1275.2294	12362.5142	6161.1455		6162.5905
3580	2.01			6			1			  473259		0.9945		7			6		19.0719			 822.9993	15696.1228	7808.7828		7810.6262
3581	1.01			6			1			  706524		0.9998		2			1		28.4161			3418.2821	97134.1891	48508.9063		48508.2005
3582	1.01			6			1			   96002		0.9996		1			0		28.4037			 445.7011	12659.5776	6245.9888		6245.1248
3583	1.01			6			1			  638450		0.9999		2			1		28.5433			3095.5511	88357.2467	44119.6199		44121.8265
3584	1.01			6			1			  129885		0.9999		1			0		19.2987			1308.7884	25257.9328	12589.0515		12592.2864
3585	1.01			6			1			   25875		1.0000		1			0		9.6452			 958.0800	9240.8621	4600.0027		4602.7291
3586	1.01			6			1			  344309		0.9999		1			0		28.4805			3450.8945	98283.1969	49086.2670		49081.3525
3590	1.01			6			1			   59691		1.0000		1			0		19.2510			1258.2473	24222.5579	12071.3941		12075.3233
3591	1.01			6			1			   16011		1.0000		1			0		9.6335			1113.8299	10730.0455	5344.5110		5347.5559
3593	1.01			6			1			   48903		1.0000		1			0		28.6492			 555.0374	15901.3879	7893.5567		7893.3025
3594	26.98			6			1			   91189		0.9999		1			0		28.4165			 874.4199	24847.9445	12363.6184		12367.4702
3595	26.98			6			1			   20860		1.0000		1			0		14.3875			 802.7356	11549.3917	5744.3313		5746.6689
3596	2.01			6			1			 1279675		0.9996		3			2		19.3059			3473.0515	67050.3948	33481.9193		33492.6719
3597	2.01			6			1			 1294044		0.9996		3			2		19.3193			3541.5220	68419.6372	34165.0113		34176.3400
3598	2.01			6			1			 1276070		1.0008		3			2		19.2361			3520.0523	67712.1432	33794.6538		33806.8827
3599	2.01			6			1			 1316881		1.0000		3			2		19.3374			3611.7111	69840.9608	34858.7408		34869.8473
3600	2.01			6			1			  258325		0.9998		1			0		14.4663			1220.9534	17662.6874	8813.6503		8816.0100
3601	2.01			6			1			  114423		0.9999		1			0		9.6693			1197.8400	11582.2861	5761.6698		5765.8926
3603	2.01			6			1			  156640		0.9990		3			2		19.4220			 491.6412	9548.6766	4736.2789		4737.0820
3604	1.01			6			1			  371771		0.9998		1			0		27.7619			1847.4857	51289.6855	25586.6987		25587.4603
3605	1.01			6			1			  682824		0.9999		2			1		28.2548			3352.7545	94731.5253	47310.2775		47306.9979
3606	1.01			6			1			  747854		1.0004		2			1		28.9300			3580.8657	103594.3081	51710.6123		51720.2738
3607	1.01			6			1			  109489		0.9997		1			0		19.0214			1143.6672	21754.1257	10836.9988		10841.0006
3608	1.01			6			1			   28651		0.9999		1			0		9.6406			1063.4242	10251.9985	5104.4064		5108.4909
3610	1.01			6			1			   99626		0.9991		2			1		28.5646			 536.3697	15321.1838	7603.0244		7603.1441
3611	26.98			6			1			  209872		0.9998		1			0		28.2962			 996.5436	28198.4005	14037.9797		14042.3340
3612	26.98			6			1			   51246		0.9999		1			0		14.3413			 944.9877	13552.3243	6745.5432		6749.0972
3613	2.01			6			1			 1158622		0.9997		3			2		14.2907			3113.2430	44490.4146	22210.3225		22222.3474
3614	2.01			6			1			 1248161		0.9997		4			3		14.3770			3348.4582	48140.8066	24033.7421		24049.2072
3615	2.01			6			1			  946395		1.0004		3			2		14.4444			2518.8364	36382.9629	18167.9408		18182.0604
3616	2.01			6			1			 1482251		0.9997		4			3		14.1687			4047.6096	57349.2785	28640.2776		28651.1442
3617	2.01			6			1			  218180		0.9999		1			0		9.5989			1181.7932	11343.9299	5651.3933		5653.5694
3618	2.01			6			1			  115064		1.0000		1			0		6.7130			1219.7496	8188.2147	4079.5874		4081.3912
3620	2.01			6			1			  191794		0.9980		3			2		14.0855			 567.1145	7988.0703	3964.8624		3966.7707
3621	1.01			6			1			  301307		0.9999		1			0		28.1763			3195.9222	90049.3851	44969.0064		44965.5963
3622	1.01			6			1			  317810		0.9999		1			0		28.3586			3342.9103	94800.3967	47345.2259		47341.4954
3623	1.01			6			1			   50355		1.0000		1			0		18.8912			1135.2437	21446.1212	10683.6294		10685.6210
3624	1.01			6			1			   15895		1.0000		1			0		9.6798			1166.8064	11294.4221	5626.6615		5628.8746
3626	1.01			6			1			   40534		0.9999		1			0		27.9288			 499.4219	13948.2778	6917.5490		6916.2133
3627	26.98			6			1			   73464		0.9999		1			0		27.9128			 756.6600	21120.5006	10502.2135		10501.1912
3628	26.98			6			1			   26272		1.0000		1			0		14.4731			1062.6460	15379.7697	7661.0187		7661.5029
3629	2.01			6			1			 1171366		0.9995		3			2		19.0820			3350.5553	63935.3262	31927.8018		31929.0807
3630	2.01			6			1			 1196286		0.9996		3			2		19.1523			3423.5252	65568.3150	32743.7667		32746.5525
3631	2.01			6			1			 1156252		0.9997		3			2		19.2192			3319.7029	63802.0577	31857.2333		31867.0421
3632	2.01			6			1			 1044561		0.9998		3			2		19.0865			3034.6911	57921.7235	28954.1129		28967.6106
3633	2.01			6			1			  267422		0.9997		1			0		14.4239			1341.5346	19350.1638	9641.2511		9649.7025
3634	2.01			6			1			  113928		1.0000		1			0		9.6491			1251.5724	12076.5857	6007.5105		6013.8154
3637	2.01			6			1			  203815		0.9991		3			2		19.2603			 658.4724	12682.3868	6282.5635		6287.8115
3640	1.01			6			1			  126728		0.9999		1			0		19.2976			1332.4349	25712.7824	12850.3984		12862.3839
3641	1.01			6			1			   34438		1.0000		1			0		9.6601			1304.1875	12598.5293	6274.7094		6284.0883
3643	1.01			6			1			  118874		1.0000		2			1		28.1378			 674.9961	18992.8909	9434.5759		9442.1975
3646	26.98			6			1			  187531		0.9999		1			0		28.7534			 890.0151	25590.9550	12734.9355		12741.5947
3647	26.98			6			1			   44745		0.9999		1			0		14.4983			 829.7989	12030.6949	5984.3688		5989.6764
3648	2.01			6			1			 1289307		0.9996		4			3		14.4794			3476.4679	50337.0899	25130.5579		25148.5946
3649	2.01			6			1			 1336055		0.9996		4			3		14.4991			3601.3605	52216.3277	26058.9380		26073.7429
3650	2.01			6			1			 1304691		0.9995		4			3		14.5503			3529.6163	51356.9722	25658.5283		25664.8955
3651	2.01			6			1			-2147483648		-0.0003		4			3		14.4988			3454.6453	50088.2691	25023.8436		25029.7695
3652	2.01			6			1			  215365		0.9999		1			0		9.6725			1182.4349	11437.1446	5690.5402		5691.5531
3653	2.01			6			1			  108609		0.9999		1			0		6.7939			1185.9876	8057.4902	4014.3045		4016.4623
3655	2.01			6			1			  199150		0.9949		3			2		14.4137			 595.4633	8582.8574	4263.1067		4263.4044
3658	1.01			6			1			  330842		0.9999		1			0		28.6093			3546.6296	101466.6730	50675.3934		50675.3332
3659	1.01			6			1			  325971		1.0013		1			0		28.8268			3440.2944	99172.7906	49498.7714		49511.3174
3660	1.01			6			1			   51761		0.9998		1			0		19.3904			1178.1730	22845.2571	11381.7852		11386.1687
3661	1.01			6			1			   15338		1.0037		1			0		9.7033			1125.5798	10921.8186	5447.9589		5450.9936
3664	26.98			6			1			   83225		1.0001		1			0		27.9352			 889.3384	24843.8650	12362.1317		12363.9596
3666	26.98			6			1			   19645		1.0001		1			0		14.4658			 826.4497	11955.2537	5947.2825		5949.9342
3728	1.01			6			1			 7791690		0.9909		21			20		28.5927			3487.2589	99710.1813	49767.4114		49823.0487
3729	1.01			6			1			 7034394		0.9917		19			18		28.7053			3221.4630	92473.0347	46148.2023		46203.6610
3731	1.01			6			1			 7934951		0.9878		24			23		28.4664			3406.1026	96959.3766	48386.6338		48454.5355
3732	1.01			6			1			  852211		0.9994		2			1		14.4569			1087.1043	15716.1623	7823.9603		7834.3784
3733	1.01			6			1			  577252		0.9998		1			0		7.8271			2188.6875	17131.0877	8558.1282		8572.9596
3737	1.01			6			2			 1127692		0.9978		2			1		28.3015			 488.6642	13829.9449	6850.3070		6860.3350
3738	26.98			6			1			 2796758		0.9865		13			12		28.3363			1049.5876	29741.4599	14800.2792		14820.8086
3739	26.98			6			1			 1185643		0.9948		4			3		19.1575			 793.1278	15194.3560	7551.9903		7563.0153
3740	2.01			6			1			 7449758		0.9760		29			28		14.4710			2025.9010	29316.7970	14618.8270		14640.3231
3741	2.01			6			1			 7244397		0.9922		21			20		9.8999			3207.1859	31750.7321	15842.3925		15868.0430
3742	2.01			6			1			 7658251		0.9954		22			21		9.8753			3413.8488	33712.7263	16840.7482		16871.9782
3743	2.01			6			1			 7728239		0.9944		23			22		9.9437			3393.6084	33744.9191	16828.4440		16858.0685
3744	2.01			6			1			 8300178		0.9945		24			23		9.9788			3663.3056	36555.3987	18254.9335		18260.8247
3745	2.01			6			1			 7544513		0.9948		22			21		9.9170			3352.9958	33251.6836	16620.2796		16631.4040
3746	2.01			6			1			 8150737		0.9947		24			23		10.0027			3573.5166	35744.6367	17836.9909		17850.9808
3747	2.01			6			1			 1866637		0.9967		5			4		7.5191			1260.6144	9478.6324	4723.4285		4726.0420
3748	2.01			6			1			 1736585		0.9994		4			3		4.9712			2335.7767	11611.5558	5794.1714		5797.1848
3753	2.01			6			5			 1718737		0.9964		5			4		9.9851			 753.7334	7526.0693	3733.3413		3734.9167
3755	1.01			6			1			 8298651		0.9913		25			24		29.3499			3513.9828	103135.0510	51511.1450		51534.7794
3756	1.01			6			1			 7359010		0.9944		22			21		28.6994			3194.9093	91692.0974	45747.5416		45772.2236
3757	1.01			6			1			  336945		0.9876		1			0		21.0673			 220.1271	4637.4776	2318.9015		2318.5761
3758	1.01			6			1			 3247307		0.9961		9			8		24.7823			1740.1782	43125.6260	21507.0001		21518.3148
3759	1.01			6			1			 3830766		0.9908		11			10		28.6648			1690.0433	48444.7461	24190.3099		24196.2474
3760	1.01			6			1			  615399		0.9992		2			1		14.7593			 803.3102	11856.3126	5896.5154		5900.2374
3762	1.01			6			1			  654505		0.9998		2			1		7.9571			2564.6653	20407.3360	10183.4653		10191.8312
3767	1.01			6			5			 1899283		0.9979		5			4		29.4432			 799.1322	23528.9872	11672.7431		11683.8212
3769	26.98			6			1			 2184599		0.9863		10			9		28.3285			 828.8175	23479.1210	11675.6221		11686.8140
3770	26.98			6			1			 1519354		0.9978		4			3		19.3653			1035.9204	20060.9082	9986.5652		9997.5439
3771	2.01			6			1			 6689404		0.9915		19			18		9.8018			3069.3316	30085.0766	15033.0245		15052.0522
3772	2.01			6			1			 7412289		0.9915		21			20		9.8490			3382.5571	33314.9620	16647.0052		16667.9568
3773	2.01			6			1			 8488947		0.9947		24			23		9.8640			3853.3892	38009.7450	18963.2867		18988.6716
3774	2.01			6			1			 8567594		0.9934		24			23		9.8378			3917.5671	38540.4350	19239.5893		19261.7697
3775	2.01			6			1			 8394059		0.9942		24			23		9.9184			3799.4011	37683.9950	18812.7130		18832.2182
3776	2.01			6			1			 8497548		0.9927		24			23		9.8491			3893.8863	38351.4553	19174.2427		19168.6835
3777	2.01			6			1			 8133935		0.9927		23			22		9.8500			3725.9242	36700.2436	18333.7226		18326.9133
3778	2.01			6			1			 1688124		0.9982		4			3		6.9332			1330.3368	9223.4774	4598.6199		4597.5685
3779	2.01			6			1			 1755340		0.9994		4			3		4.9495			2445.0795	12101.9819	6041.9795		6040.3176
3782	2.01			6			5			 1643915		0.9967		5			4		9.8802			 743.5125	7346.0630	3644.7217		3642.5177
3784	1.01			6			1			10046016		0.9837		18			17		33.6932			2869.5018	96682.6210	48322.9013		48265.7706
3785	1.01			6			1			10663524		0.9854		19			18		30.7614			3453.0908	106221.9313	53069.4686		53015.3465
3786	1.01			6			1			 1356631		0.9988		2			1		19.5767			1230.2359	24083.9217	12009.2369		11994.9468
3787	1.01			6			1			  657585		0.9996		1			0		9.8722			2309.2888	22797.6985	11384.5988		11374.0484
3790	1.01			6			5			 2505276		0.9979		7			6		33.4217			 851.6862	28464.7609	14169.3378		14157.4795
3791	26.98			6			1			 2462149		0.9946		5			4		29.8040			 886.9364	26434.2312	13105.9072		13093.0383
3793	2.01			6			1			 1374423		0.9986		3			2		18.7723			1303.6120	24471.7720	12243.3976		12150.0412
3794	2.01			6			1			 4101726		0.7706		8			7		15.1935			 693.6021	10538.2379	5240.1516		5236.6955
3796	2.01			6			1			11415907		0.9907		21			20		11.6411			3466.9950	40359.5955	20156.7767		20155.4257
3797	2.01			6			1			11538120		0.9918		21			20		11.7339			3433.8073	40292.0398	20111.8478		20111.5879
3798	2.01			6			1			12117688		0.9908		23			22		11.7623			3611.2767	42477.0476	21215.4621		21214.1933
3799	2.01			6			1			11382947		0.9917		21			20		11.6865			3421.7989	39989.0081	19987.9967		19987.5807
3800	2.01			6			1			 2381226		0.9961		5			4		9.5589			1074.2829	10269.0020	5114.9234		5115.1814
3801	2.01			6			1			 1262466		0.9995		2			1		4.9922			2307.9019	11521.4833	5746.4098		5746.8712
3806	2.01			6			5			 2622895		0.9936		7			6		11.6830			 936.8346	10945.0177	5448.8401		5447.9162
3808	1.01			6			1			 7352337		0.9960		12			11		33.1952			3479.2072	115492.8091	57676.4502		57695.2297
3810	1.01			6			1			 6970299		0.9942		12			11		33.6746			3234.4861	108919.9674	54344.2891		54355.2297
3812	1.01			6			1			  861435		0.9992		2			1		19.6869			1264.3697	24891.4623	12444.7607		12446.7015
3813	1.01			6			1			  430165		0.9998		1			0		9.7329			2365.9191	23027.3457	11494.5494		11494.4048
3816	1.01			6			3			 1606500		0.9954		7			6		33.3083			 912.6805	30399.8090	15194.5053		15196.2212
3817	26.98			6			1			 1442119		0.9975		3			2		26.7652			1030.3387	27577.2251	13779.3268		13783.9432
3818	26.98			6			1			  829348		0.9993		2			1		19.5177			1292.6849	25230.2832	12575.3506		12575.5188
3819	2.01			6			1			10111804		0.9897		18			17		14.4714			3064.7038	44350.5596	22173.4781		22177.0814
3820	2.01			6			1			10003366		0.9907		18			17		14.6290			3018.1819	44153.0595	22041.9334		22052.4659
3823	2.01			6			1			10341574		0.9918		19			18		14.3957			3198.0528	46038.3021	22984.0185		22996.7488
3824	2.01			6			1			10372652		0.9915		19			18		14.3222			3229.6831	46256.2078	23095.0313		23102.1038
3825	2.01			6			1			 9982794		0.9925		18			17		14.2088			3139.2236	44604.6534	22269.7342		22277.0637
3826	2.01			6			1			 1616835		0.9980		3			2		9.6947			1195.7642	11592.5831	5775.6253		5777.5860
3827	2.01			6			1			  795179		0.9995		2			1		4.9003			2413.9911	11829.2639	5903.1594		5905.8437
3832	2.01			6			5			 2547621		0.9963		7			6		14.4782			 946.5522	13704.3388	6807.4818		6812.9515
3834	1.01			6			1			 7510102		0.9928		13			12		36.1567			2862.8044	103509.6776	51657.3112		51699.8775
3835	1.01			6			1			 8889557		0.9934		16			15		38.7686			3108.7095	120520.3781	60230.0580		60290.3201
3836	1.01			6			1			  717692		0.9989		1			0		19.3920			1166.1297	22613.6463	11261.9531		11273.3826
3837	1.01			6			1			  374685		0.9998		1			0		9.6915			2344.8439	22725.0041	11336.9707		11349.1562
3841	1.01			6			5			 1690793		0.9972		5			4		36.3559			 825.9761	30029.0877	14931.5187		14943.5166
3842	26.98			6			1			 1418254		0.9971		3			2		29.4070			 912.8498	26844.1711	13355.8438		13368.6574
3843	26.98			6			1			  805610		0.9994		2			1		19.4032			1366.1286	26507.2845	13206.9997		13221.3652
3844	2.01			6			1			 6331680		0.9959		11			10		11.6714			3253.9050	37977.5619	18953.3474		18977.0318
3848	2.01			6			1			 5214285		0.9978		9			8		11.5672			2753.9149	31855.2138	15898.9496		15929.7778
3849	2.01			6			1			 7157348		0.9965		12			11		11.6144			3769.0916	43775.8021	21844.6002		21885.1068
3850	2.01			6			1			 6434143		0.9959		11			10		11.5599			3383.8774	39117.2626	19509.2224		19542.4864
3851	2.01			6			1			 7324481		0.9969		13			12		11.3818			3931.7769	44750.5867	22346.2785		22383.8263
3852	2.01			6			1			 6932384		0.9970		12			11		11.5068			3687.7664	42434.5062	21179.4823		21207.9102
3853	2.01			6			1			 1493983		0.9991		3			2		7.6227			1968.4599	15004.9593	7486.7253		7487.8574
3854	2.01			6			1			  668071		0.9996		1			0		4.8362			2277.9375	11016.6209	5497.1703		5500.0130
3857	2.01			6			5			 1205670		0.9981		4			3		11.3109			 833.2161	9424.4020	4691.7140		4694.0282
3858	1.01			6			1			 3945838		0.9970		7			6		34.3870			2999.9167	103158.0912	51479.5044		51527.0869
3859	1.01			6			1			 4121085		0.9976		7			6		34.9481			3061.1139	106980.2629	53359.8754		53401.3493
3860	1.01			6			1			  411961		0.9994		1			0		19.1567			1216.1979	23298.2983	11606.6909		11614.6346
3861	1.01			6			1			  230849		0.9999		1			0		9.5612			2354.2499	22509.4397	11230.3780		11241.2182
3865	1.01			6			3			  759872		0.9981		4			3		35.1393			 751.0447	26391.1750	13120.1841		13117.5565
3866	26.98			6			1			  551945		0.9991		1			0		24.7011			 888.5269	21947.5983	10971.7322		10975.8661
3867	26.98			6			1			  343372		0.9995		1			0		18.7898			1150.9071	21625.3465	10774.3088		10776.7734
3868	2.01			6			1			 3736081		0.9969		6			5		13.8495			2300.3258	31858.4488	15897.6519		15906.1000
3869	2.01			6			1			 5771883		0.9966		10			9		14.1724			3446.3278	48842.6975	24385.6514		24399.3065
3870	2.01			6			1			 6300544		0.9969		11			10		14.2086			3789.9662	53850.2762	26890.0253		26904.8521
3871	2.01			6			1			 5577396		0.9974		9			8		14.2793			3302.0699	47151.3000	23528.0137		23540.4166
3872	2.01			6			1			 1419671		0.9964		3			2		14.3054			 831.7276	11898.2239	5915.6004		5919.2533
3873	2.01			6			1			 5774773		0.9970		10			9		14.1086			3353.6021	47314.7222	23609.8629		23646.8603
3875	2.01			6			1			 4947641		0.9961		8			7		13.9613			2942.0010	41074.2292	20496.4688		20520.1639
3876	2.01			6			1			  811831		0.9990		2			1		9.2239			1237.3076	11412.7500	5686.4000		5688.9117
3877	2.01			6			1			  374572		0.9997		1			0		4.6864			2274.3119	10658.3602	5320.0844		5319.8355
3881	2.01			6			5			 1195582		0.9998		4			3		14.1481			 942.1130	13329.0725	6636.3474		6635.7154
3882	2.01			6			1			 4124204		0.9972		7			6		13.9125			2450.0214	34085.8719	17023.9018		17019.3203
3900	1.01			6			1			 3697930		0.9967		11			10		30.6309			2912.0287	89198.0172	44590.7546		44607.2626
3901	1.01			6			1			 3303401		0.9975		9			8		31.4192			2510.1703	78867.4666	39335.5669		39353.9128
3902	1.01			6			1			  289462		1.0020		1			0		9.4775			2012.7438	19075.8121	9535.5006		9540.3115
3903	1.01			6			1			  573702		0.9991		2			1		18.6523			1109.2977	20690.9879	10305.3794		10308.8575
3906	1.01			6			5			 1204588		0.9999		4			3		30.8529			1004.2914	30985.3140	15426.3150		15428.3038
3909	26.98			6			1			  887221		0.9987		3			2		28.2051			 793.3317	22376.0226	11130.3860		11132.5116
3910	26.98			6			1			  532539		0.9974		2			1		27.7093			 489.4089	13561.1949	6721.7551		6725.5851
3911	26.98			6			1			  613330		0.9995		2			1		18.8192			1176.5842	22142.3461	11033.1107		11034.2074
3912	2.01			6			1			 5770180		0.9946		18			17		13.9499			3486.0448	48630.0264	24308.2932		24317.7352
3913	2.01			6			1			 5856647		0.9945		18			17		14.1703			3472.0729	49200.3364	24564.3362		24577.4483
3914	2.01			6			1			  796956		0.9952		3			2		13.8426			 490.0516	6783.5702	3362.5622		3364.4325
3915	2.01			6			1			 5117461		0.9930		16			15		14.0818			3061.2830	43108.2948	21518.5457		21533.2687
3916	2.01			6			1			 5065843		0.9964		16			15		14.0048			3065.3762	42929.8714	21431.6191		21441.6295
3917	2.01			6			1			 5971326		0.9934		19			18		14.2430			3534.9946	50348.8101	25137.9609		25152.6189
3918	2.01			6			1			 5917629		0.9944		18			17		14.1616			3532.8971	50031.6105	24981.5675		24991.7951
3919	2.01			6			1			 2044223		0.9993		5			4		9.4596			2314.6695	21895.7701	10926.9925		10931.4347
3920	2.01			6			1			  618057		0.9998		2			1		4.7158			2478.8430	11689.6610	5833.6826		5836.9783
3922	2.01			6			5			 1619226		0.9990		5			4		14.1981			 986.4627	14005.9089	6972.6790		6976.3079
3923	1.01			6			1			 4611875		0.9978		13			12		32.7178			3494.1098	114319.7529	57085.2539		57100.0582
3924	1.01			6			1			 2347344		0.9972		7			6		32.3349			1815.6191	58707.8345	29284.4447		29292.7609
3925	1.01			6			1			  940930		0.9982		3			2		31.3587			 762.2083	23901.8654	11881.4116		11887.1982
3926	1.01			6			1			  560332		0.9996		2			1		18.7485			1139.2697	21359.5965	10640.0814		10643.8143
3927	1.01			6			1			  344767		0.9998		1			0		9.5492			2513.5177	24002.1371	11989.3256		11996.3107
3929	1.01			6			5			 1261459		0.9987		4			3		36.8306			 831.3555	30619.3019	15229.1810		15233.6943
3930	26.98			6			1			 1111641		0.9972		4			3		27.1873			1078.5801	29323.7163	14602.5369		14606.2898
3931	26.98			6			1			  589971		0.9990		2			1		18.6818			1187.6120	22186.7652	11055.2116		11055.8886
3932	2.01			6			1			 5996778		0.9949		18			17		14.2547			3595.0081	51245.7949	25595.6927		25610.8778
3933	2.01			6			1			       0		-nan		1			0		-nan			   0.0000	   0.0000	   0.0000		   0.0000
3935	2.01			6			1			 6019358		0.9963		19			18		14.0513			3666.1173	51513.6681	25716.7842		25740.4302
3936	2.01			6			1			 6063965		0.9947		19			18		14.1807			3662.2945	51933.8484	25959.2782		25974.5702
3937	2.01			6			1			 6258920		0.9960		19			18		14.1351			3807.9634	53825.9505	26880.0275		26888.7450
3938	2.01			6			1			 6328353		0.9953		19			18		14.0983			3865.3040	54494.3565	27221.8297		27214.3524
3939	2.01			6			1			 6795747		0.9947		21			20		14.1617			4133.6038	58539.0347	29243.3979		29237.9958
3940	2.01			6			1			 2267283		0.9992		6			5		9.6423			2551.6774	24604.1218	12284.0840		12281.5008
3941	2.01			6			1			  633473		0.9998		2			1		4.7767			2570.9939	12280.9218	6131.3446		6130.5811
3943	2.01			6			5			 5995608		0.9996		16			15		14.3841			3708.8425	53348.3922	26647.6456		26642.6413
3944	1.01			6			1			 2887833		0.9994		6			5		32.5766			3956.6421	128893.9629	64429.7116		64406.5334
3945	1.01			6			1			 2455093		0.9994		5			4		32.4914			3374.4405	109640.3665	54763.3249		54740.3375
3946	1.01			6			1			  296339		0.9998		1			0		18.9372			1202.8687	22778.9863	11354.5716		11348.8109
3947	1.01			6			1			  165358		0.9999		1			0		9.5788			2312.5376	22151.2825	11057.0806		11054.9447
3949	1.01			6			5			  400363		1.0007		2			1		29.2287			 709.1976	20728.8976	10289.0237		10285.1579
3950	1.01			6			5			  789373		1.0000		3			2		38.7031			 914.8121	35406.0324	17627.1959		17623.0120
3951	26.98			6			1			  663932		0.9993		2			1		26.8392			1246.1026	33444.4554	16667.0175		16662.7786
3952	26.98			6			1			  293973		0.9998		1			0		19.0605			1207.5710	23016.8877	11471.5617		11467.5838
3953	2.01			6			1			 3544240		0.9988		8			7		14.2219			3382.3895	48103.9095	24023.8185		24022.7041
3954	2.01			6			1			 3940412		0.9985		9			8		14.2305			3754.8842	53433.8958	26689.6280		26686.3089
3955	2.01			6			1			 3508922		0.9989		8			7		14.1647			3369.3315	47725.6658	23865.9345		23859.7312
3956	2.01			6			1			 4015705		0.9989		10			9		14.2922			3809.4845	54445.8853	27197.0732		27190.7880
3957	2.01			6			1			  852033		0.9964		2			1		14.1634			 792.2125	11220.4030	5567.9496		5567.1393
3958	2.01			6			1			 2285357		0.9980		6			5		14.2389			2166.5981	30849.9937	15396.4107		15396.5903
3959	2.01			6			1			 5185773		0.9988		12			11		14.2179			4946.6236	70330.3989	35139.7600		35133.2455
3960	2.01			6			1			 1315033		0.9996		3			2		9.5332			2729.6195	26021.9699	12993.3377		12990.3392
3961	2.01			6			1			  261193		0.9999		1			0		4.6981			2141.5647	10061.2887	5021.4336		5020.5059
3963	2.01			6			5			 1038290		1.0005		3			2		14.1191			1156.8611	16333.8649	8140.2982		8137.9744
3964	1.01			6			1			 2331294		0.9993		5			4		31.3659			3286.7884	103093.0076	51486.4176		51472.9808
3965	1.01			6			1			 2827221		0.9991		6			5		31.1261			4019.1285	125099.7872	62518.7004		62504.5799
3966	1.01			6			1			  304847		0.9998		1			0		18.7705			1228.6130	23061.6293	11533.5829		11528.0463
3967	1.01			6			1			  188441		0.9999		1			0		9.6290			2579.6539	24839.3927	12401.7182		12399.0955
3969	1.01			6			5			  734289		0.9997		2			1		37.8804			 858.1143	32505.7127	16178.9643		16174.6309
3970	26.98			6			1			  599169		0.9996		2			1		27.7640			1064.5407	29555.8775	14723.4889		14717.8772
3971	26.98			6			1			  310463		0.9998		1			0		18.6108			1313.4229	24443.9056	12185.6285		12182.6383
3972	2.01			6			1			 3966452		0.9988		9			8		14.1843			3786.6159	53710.5855	26828.8945		26824.5690
3973	2.01			6			1			 3608018		1.0002		9			8		14.0126			3500.3593	49049.1773	24510.3564		24504.4730
3976	2.01			6			1			 3702971		0.9983		9			8		14.2306			3526.1302	50179.0674	25092.0760		25086.9914
3977	2.01			6			1			 3573135		0.9983		9			8		14.2778			3386.2459	48348.0415	24148.8868		24140.9086
3978	2.01			6			1			 3594683		0.9987		9			8		14.3352			3398.3568	48716.1304	24332.1573		24324.7555
3979	2.01			6			1			 3692907		0.9983		9			8		14.4013			3471.6649	49996.3736	24973.1343		24964.5144
3981	2.01			6			1			 1159698		1.0005		3			2		9.4634			2428.4910	22981.7303	11480.8545		11477.4867
3982	2.01			6			1			  305142		0.9999		1			0		4.7708			2445.7910	11668.3965	5834.7727		5833.6238
3985	2.01			6			5			  733419		0.9984		2			1		14.2525			 807.3364	11506.5430	5725.6503		5723.3808
3986	2.01			6			1			 3703248		0.9980		9			8		14.3588			3481.7459	49993.5224	24972.1342		24963.8061
3987	2.01			6			1			 3587395		1.0005		9			8		14.4136			3361.9528	48457.8775	24190.9724		24183.5008
3988	2.01			6			1			 1059622		0.9996		3			2		9.7410			2131.4153	20762.1547	10363.4128		10359.2019
3990	1.01			6			1			  626002		0.9978		2			1		28.0853			 392.4200	11021.2237	5455.0251		5451.0368
3991	1.01			6			1			 7604123		0.9937		20			19		35.8883			3180.5977	114146.3368	57008.4965		56980.6891
3992	1.01			6			1			 7972867		0.9961		21			20		35.7596			3399.4085	121561.5947	60733.2033		60683.7465
3993	1.01			6			1			 1092209		1.0006		3			2		19.0871			1450.9048	27693.6082	13819.8742		13808.0286
3996	1.01			6			1			  472999		0.9998		1			0		9.5089			2219.0329	21100.5712	10557.0576		10543.5136
3998	1.01			6			5			 2080237		0.9973		6			5		37.0788			 866.6052	32132.6729	16002.2628		15976.4962
4000	26.98			6			1			 1993159		0.9947		6			5		28.5603			1039.3040	29682.8210	14794.8926		14769.5134
4001	26.98			6			1			 1154184		0.9985		3			2		19.0969			1319.5459	25199.2425	12571.8736		12549.9436
4002	2.01			6			1			 6383058		0.9941		16			15		11.3301			3209.8938	36368.2822	18189.8298		18178.4523
4003	2.01			6			1			 6679289		0.9957		17			16		11.4088			3321.0392	37888.9744	18933.4366		18927.2926
4009	2.01			6			1			 6715373		0.9941		17			16		11.5082			3321.3607	38222.7906	19091.1975		19086.2260
4010	2.01			6			1			 4714517		0.9936		12			11		11.3633			2352.9719	26737.4393	13356.6399		13353.5475
4011	2.01			6			1			 6974722		0.9950		18			17		11.5798			3436.0082	39788.3945	19874.7062		19866.7581
4012	2.01			6			1			 6269633		0.9960		16			15		11.5657			3080.3789	35626.8243	17782.4938		17776.7093
4013	2.01			6			1			 2271222		0.9992		5			4		7.7081			2296.0961	17698.6509	8834.9635		8832.2055
4014	2.01			6			1			  890952		0.9997		2			1		4.6358			2316.9688	10741.0114	5361.8298		5360.2964
4015	2.01			4			1			 3048661		0.9941		5			4		7.5365			1151.7524	8680.1611	4325.3075		4324.4713
4016	2.01			6			5			 1433659		0.9973		4			3		11.2159			 795.6651	8924.0766	4439.2872		4437.8581
4017	1.01			6			1			 8064717		0.9931		21			20		34.7517			3532.0496	122744.5764	61312.6853		61282.5191
4018	1.01			6			1			 7447166		0.9939		20			19		35.3480			3214.4600	113624.8856	56749.6524		56726.5007
4019	1.01			6			1			  865767		0.9995		2			1		18.8237			1164.4383	21919.0423	10922.6323		10920.4905
4020	1.01			6			1			  475871		0.9998		1			0		9.6169			2255.9069	21694.8916	10828.4202		10826.8283
4023	1.01			6			5			 1578927		0.9983		5			4		36.7802			 678.2775	24947.2030	12396.3572		12397.6845
4024	26.98			6			1			  730235		0.9929		2			1		28.6323			 390.7284	11187.4499	5582.1618		5581.1922
4033	26.98			6			1			 1615743		0.9909		5			4		29.2660			 786.1930	23008.7562	11448.3598		11445.2759
4034	26.98			6			1			  365765		0.9991		1			0		19.2984			 396.8853	7659.2630	3791.4646		3790.8344
4035	26.98			6			1			 1129472		0.9978		3			2		19.3249			1218.5653	23548.6239	11737.8193		11732.0117
4036	2.01			6			1			 2492251		0.9938		7			6		11.5727			1187.1041	13738.0164	6847.0933		6844.0217
4037	2.01			6			1			 7211958		0.9934		19			18		11.7035			3388.1399	39653.0079	19805.5585		19801.2399
4038	2.01			6			1			 6466652		0.9963		17			16		11.5420			3078.4716	35531.8626	17734.4738		17730.1070
4039	2.01			6			1			 6661105		0.9938		17			16		11.6045			3180.0556	36903.0319	18430.9374		18426.1619
4040	2.01			6			1			 6805122		0.9948		18			17		11.5429			3273.5260	37785.9067	18870.8362		18868.4418
4041	2.01			6			1			 7014829		0.9927		18			17		11.5400			3385.4335	39067.9616	19514.0291		19506.8560
4042	2.01			6			1			 4008674		0.9965		11			10		11.5632			1930.3679	22321.2616	11139.6256		11134.4064
4043	2.01			6			1			 6206772		0.9956		16			15		11.3919			3046.0587	34700.3366	17330.8326		17322.6954
4044	2.01			6			1			 2067933		0.9991		5			4		7.6054			2054.5218	15625.4601	7798.6003		7795.0655
4045	2.01			6			1			 1000367		0.9997		2			1		4.9095			2257.0918	11081.1417	5531.4069		5529.8934
4056	1.01			6			1			  391434		0.9997		1			0		19.3981			1203.7481	23350.4803	11637.1889		11634.6445
4057	1.01			6			1			  219830		0.9999		1			0		9.8256			2432.2929	23898.7824	11931.0948		11929.0812
4060	1.01			3			1			 1935943		0.9982		3			2		19.1809			1236.1565	23710.5764	11816.5193		11816.5581
4061	1.01			6			5			  887095		0.9993		3			2		36.6580			 894.6836	32797.3260	16323.7597		16319.9076
4062	26.98			6			1			  659678		0.9991		2			1		26.4397			1117.2126	29538.7757	14756.9818		14755.8128
4063	26.98			6			1			  315282		0.9997		1			0		18.8844			1099.8921	20770.7888	10347.5456		10346.3584
4064	2.01			6			1			 3886285		0.9982		11			10		14.1698			3485.7037	49391.6304	24647.2004		24686.4310
4065	2.01			6			1			 3993609		0.9986		11			10		14.5256			3471.0554	50419.3357	25161.3620		25201.1802
4066	2.01			6			1			 4079319		0.9980		11			10		14.4732			3574.3703	51732.6840	25844.1059		25888.5781
4067	2.01			6			1			 4177517		0.9991		12			11		14.5198			3634.7622	52775.8875	26347.1308		26394.1241
4068	2.01			6			1			 3754993		0.9992		11			10		14.2061			3378.1260	47989.9317	23943.8354		23987.4668
4069	2.01			6			1			 3952559		0.9985		11			10		14.4847			3467.3680	50223.8406	25060.9472		25105.7930
4070	2.01			6			1			 1261636		0.9995		3			2		9.7249			2195.0478	21346.5444	10642.7160		10664.6108
4071	2.01			6			1			  801826		0.9996		2			1		7.3563			2356.2445	17333.2215	8642.7047		8661.1298
4075	2.01			6			5			  940950		1.0000		3			2		14.5947			 880.4752	12850.3110	6388.9453		6402.9319
4076	1.01			6			1			 1011439		0.9994		3			2		37.1659			1554.9976	57792.8950	28791.2096		28846.5420
4077	1.01			6			1			 2178175		0.9995		5			4		37.3453			3315.9142	123833.7550	61822.0261		61929.6075
4078	1.01			6			1			 1146485		0.9995		3			2		37.7539			1730.8422	65346.1005	32567.3141		32625.1948
4079	1.01			6			1			  212636		0.9999		1			0		19.2462			1211.2580	23312.0706	11605.2260		11627.8863
4080	1.01			6			1			  117909		1.0000		1			0		9.6041			2322.2800	22303.4332	11119.9118		11144.1761
4083	1.01			6			5			  623817		1.0003		2			1		39.3580			1052.4972	41424.2244	20610.6159		20655.7675
4084	26.98			6			1			  320275		0.9997		1			0		28.4563			 906.3210	25790.5746	12881.8519		12908.7227
4085	26.98			6			1			  170795		0.9999		1			0		19.4264			1109.7704	21558.8755	10728.8474		10751.4576
4088	2.01			6			1			 4189064		0.9986		11			10		19.2249			3456.3064	66447.1421	33166.7336		33203.8528
4089	2.01			6			1			 1981685		0.9997		5			4		19.4896			1591.1732	31011.3439	15446.8529		15451.3040
4090	2.01			6			1			 3851629		0.9982		10			9		18.9082			3211.5176	60724.0012	30333.3883		30312.0524
4091	2.01			6			1			  881491		0.9972		3			2		19.0603			 730.3747	13921.1539	6919.5916		6923.0823
4092	2.01			6			1			 2950635		0.9956		8			7		18.0120			2632.9685	47425.0179	23707.0357		23698.7294
4093	2.01			6			1			 4133897		0.9977		11			10		18.9044			3466.9620	65540.9414	32731.4744		32733.2016
4094	2.01			6			1			 4184649		0.9974		11			10		19.0372			3469.0040	66040.0497	32996.5920		32997.2435
4101	2.01			6			1			 1721637		0.9988		4			3		14.5913			2385.4392	34806.6411	17372.7435		17375.0902
4102	2.01			6			1			  816946		0.9997		2			1		9.7422			2499.5453	24351.0358	12155.1027		12156.2651
4105	2.01			6			5			 1065584		1.0001		3			2		19.6263			 980.2040	19237.7383	9579.2693		9579.5772
4106	1.01			6			1			 3724695		0.9985		10			9		37.4999			3353.6678	125762.2173	62827.9977		62817.4263
4107	1.01			6			1			 3379808		0.9987		9			8		36.0406			3240.6102	116793.4088	58403.5897		58389.8191
4108	1.01			6			1			  406622		0.9993		1			0		19.4996			1260.1076	24571.5531	12247.1225		12245.9870
4109	1.01			6			1			  205917		0.9999		1			0		9.7476			2325.0202	22663.3813	11312.7736		11311.4594
4111	1.01			6			5			  963923		0.9994		3			2		37.2898			 967.9915	36096.1888	18039.0928		18036.0110
4112	26.98			6			1			  713841		0.9994		2			1		29.0236			1082.9097	31429.9459	15681.0245		15677.3649
4113	26.98			6			1			  301393		0.9995		1			0		19.0051			1056.3198	20075.4599	10000.2007		9997.0157
4114	2.01			6			1			 4108146		0.9977		11			10		14.4289			3649.3695	52656.2173	26329.4392		26326.7781
4115	2.01			6			1			 3877269		0.9980		11			10		14.5399			3406.7796	49534.1587	24736.8095		24739.5384
4116	2.01			6			1			 3874976		0.9981		11			10		14.3925			3457.4561	49761.5601	24877.6660		24883.8941
4117	2.01			6			1			 3865840		1.0000		11			10		14.5365			3408.8345	49552.5332	24730.9123		24736.1386
4118	2.01			6			1			 3867238		0.9982		11			10		14.5015			3428.0249	49711.4114	24821.4313		24831.6157
4119	2.01			6			1			 3889300		0.9993		11			10		14.6581			3379.0258	49530.2657	24716.1334		24729.9834
4120	2.01			6			1			 1330826		0.9996		3			2		9.6967			2356.3126	22848.3504	11402.8307		11406.3148
4121	2.01			6			1			  724327		0.9997		2			1		7.2300			2209.9332	15977.8125	7973.0426		7976.1690
4123	2.01			6			5			  963292		0.9997		3			2		14.4211			 921.6118	13290.6974	6615.3964		6615.9489
4124	2.01			6			1			 3427311		0.9982		10			9		14.1931			3095.5847	43935.8260	21961.8732		21959.2955
4125	2.01			6			1			 3818980		0.9981		11			10		14.4568			3374.1351	48779.2983	24363.0627		24357.0174
4126	2.01			6			1			 1632952		0.9996		5			4		14.5959			1430.4722	20879.0482	10411.6949		10409.1145
4127	1.01			6			1			 1642319		0.9993		4			3		36.2632			2656.4123	96329.9297	48091.9268		48076.0822
4128	1.01			6			1			 2235967		0.9993		5			4		37.1932			3508.0646	130476.0296	65166.0120		65153.5817
4129	1.01			6			1			 1476248		0.9992		3			2		37.4665			2305.7035	86386.6868	43155.3258		43144.9842
4130	1.01			6			1			  600614		0.9989		2			1		37.5042			 927.2272	34774.9108	17328.4093		17325.0226
4131	1.01			6			1			  208051		0.9999		1			0		19.4598			1210.4799	23555.7324	11738.8448		11739.6037
4132	1.01			6			1			  119681		1.0000		1			0		9.6856			2361.6098	22873.6312	11408.5467		11407.6654
4133	1.01			4			1			 1538811		0.9990		2			1		19.3471			1304.8636	25245.3848	12583.8436		12583.6118
4134	1.01			6			5			  460632		0.9990		2			1		37.1757			 899.8593	33452.9205	16690.4462		16689.6981
4135	26.98			6			1			  365106		0.9997		1			0		27.3182			1103.4439	30144.0806	15014.4810		15012.5219
4136	26.98			6			1			  180720		0.9999		1			0		19.1169			1201.9366	22977.2907	11472.4944		11471.6881
4137	2.01			6			1			 4406715		0.9984		11			10		18.9702			3721.6627	70600.6399	35301.2316		35299.4083
4138	2.01			6			1			 4548123		0.9987		12			11		19.5455			3698.7045	72293.1255	36092.5870		36088.0115
4139	2.01			6			1			 4287758		0.9980		11			10		19.3309			3558.8426	68795.7273	34358.9954		34357.2047
4140	2.01			6			1			 4208485		0.9984		11			10		19.3913			3469.6347	67280.7731	33601.2186		33600.6555
4141	2.01			6			1			 4098067		0.9999		11			10		19.2898			3401.1660	65607.7676	32751.0558		32746.1232
4142	2.01			6			1			 1606592		0.9994		4			3		14.4949			2272.5510	32940.3288	16441.5857		16439.5842
4143	2.01			6			1			  743570		0.9997		2			1		9.7158			2329.5532	22633.3929	11297.0934		11297.0503
4145	2.01			6			5			  789891		0.9999		3			2		19.3164			 754.4948	14574.1402	7249.2682		7247.7143
4146	1.01			6			1			 2049466		0.9982		6			5		31.9559			2334.3233	74595.3978	37222.1521		37216.1237
4147	1.01			6			1			 2730490		0.9986		7			6		32.1615			3214.4263	103380.6557	51689.0717		51676.0330
4148	1.01			6			1			  356997		0.9998		1			0		19.2946			1131.0826	21823.8253	10873.0704		10875.4929
4149	1.01			6			1			  163271		0.9999		1			0		9.6510			1900.9361	18345.9167	9151.9491		9155.5728
4151	1.01			6			5			  953960		1.0001		1			0		37.5642			 867.0789	32571.1063	16203.4124		16214.1877
4152	26.98			6			1			  635963		0.9996		2			1		28.4577			 985.3123	28039.6841	13959.1753		13963.3693
4153	26.98			6			1			  268928		0.9998		1			0		19.3974			 914.4061	17737.0665	8829.5296		8830.6088
4154	2.01			6			1			 6333327		0.9957		21			20		18.6275			3822.1027	71196.1417	35595.3948		35594.5950
4156	2.01			6			1			 6308473		0.9954		21			20		19.3033			3643.7547	70336.4996	35125.0173		35132.2966
4157	2.01			6			1			 6056021		0.9964		20			19		19.3601			3497.2736	67707.4492	33809.3260		33818.9951
4158	2.01			6			1			 5558766		0.9969		18			17		18.8347			3326.0635	62645.5234	31281.3484		31286.7075
4159	2.01			6			1			 2328013		0.9979		7			6		14.1804			2137.4707	30310.2584	15124.6074		15127.9081
4160	2.01			6			1			 1164098		0.9996		3			2		9.5065			2137.5721	20320.8800	10139.1596		10142.1045
4164	1.01			6			1			 1991763		0.9995		4			3		35.5583			3453.4300	122798.0735	61348.1970		61330.4815
4165	1.01			6			1			 1949912		0.9993		4			3		35.6070			3295.7855	117352.9996	58570.7540		58567.6747
4166	1.01			6			1			  206683		0.9999		1			0		19.6529			1191.2648	23411.7824	11666.2938		11667.1330
4167	1.01			6			1			   79647		0.9999		1			0		9.6726			1586.6955	15347.5315	7644.9766		7646.6430
4168	1.01			6			1			   29918		1.0000		1			0		9.6823			 594.7191	5758.2438	2859.1450		2859.4617
4170	1.01			6			5			  318818		1.0003		1			0		33.1734			 713.4937	23669.0209	11759.9239		11761.2562
4172	26.98			6			1			  295874		0.9995		1			0		27.3168			 904.7646	24715.3110	12300.4884		12299.4524
4173	26.98			6			1			  176879		0.9999		1			0		18.7204			1231.7586	23059.0494	11488.6097		11492.8522
4174	2.01			6			1			 4474223		0.9984		11			10		19.1429			3767.9071	72128.5773	36024.9796		36025.6326
4175	2.01			6			1			 4555813		0.9983		12			11		19.0209			3880.2882	73806.6363	36861.3740		36865.4800
4176	2.01			6			1			 4592888		0.9988		12			11		19.2281			3844.9508	73930.9176	36907.3124		36910.5033
4177	2.01			6			1			 4499768		0.9984		12			11		18.6485			3938.4407	73446.1690	36682.5016		36686.5767
4178	2.01			6			1			 1794791		0.9990		4			3		14.2658			2613.0764	37277.7000	18608.0783		18610.2641
4179	2.01			6			1			  774717		0.9997		2			1		9.6985			2455.4658	23814.4071	11885.3750		11889.9718
4181	2.01			6			5			 1094789		1.0000		3			2		19.0888			1089.8108	20803.1383	10400.8434		10402.2949
4183	1.01			6			1			 3209212		0.9985		9			8		36.3036			3067.7084	111368.8058	55605.8454		55602.8994
4184	1.01			6			1			 2970397		0.9987		8			7		35.2618			2951.1668	104063.3351	51980.8395		52011.2790
4185	1.01			6			1			  483523		0.9998		1			0		19.0952			1559.0235	29769.9369	14794.9601		14815.9368
4186	1.01			6			1			  179540		0.9999		1			0		9.6272			2095.9621	20178.3136	10059.8886		10080.5877
4188	1.01			6			5			  752212		0.9987		3			2		35.4436			 814.2037	28858.2783	14335.1768		14366.1473
4191	26.98			6			1			  613920		0.9990		2			1		28.5674			 967.5858	27641.3885	13744.8778		13778.8869
4192	26.98			6			1			  344438		0.9997		1			0		18.9341			1230.1350	23291.4702	11616.5215		11622.2735
4193	2.01			6			1			 4625924		0.9966		15			14		18.5148			2825.5250	52313.9276	26160.3948		26112.9753
4194	2.01			6			1			 5894954		0.9970		19			18		19.1385			3473.7620	66482.5804	33288.7112		33193.8692
4195	2.01			6			1			 4052947		0.9971		13			12		18.3690			2491.5471	45767.3422	22860.0010		22795.4956
4196	2.01			6			1			 7184545		0.9954		23			22		19.2151			4226.2268	81207.3227	40622.3807		40506.1263
4197	2.01			6			1			 2744713		0.9983		8			7		14.5416			2466.5618	35867.7044	17929.6679		17880.7388
4198	2.01			6			1			 1178196		0.9994		3			2		9.5574			2179.7570	20832.8991	10410.4059		10383.2150
4202	2.01			6			5			 1245997		1.0016		4			3		14.2611			1230.3090	17545.5123	8774.6065		8752.9199
4203	26.98			6			1			  340620		0.9997		1			0		28.4885			1016.7396	28965.3752	14463.6245		14426.6759
4204	26.98			6			1			  170788		0.9999		1			0		19.2988			1170.9673	22598.2984	11273.1213		11247.1128
4205	1.01			6			1			 2307954		0.9995		5			4		37.8129			3612.8001	136610.5197	68302.4068		68149.1523
4206	1.01			6			1			 2310405		0.9993		5			4		37.3727			3695.1743	138098.4986	69043.5667		68894.3543
4207	1.01			6			1			  204428		0.9997		1			0		19.5080			1221.2377	23823.9479	11885.4337		11861.2923
4208	1.01			6			1			  119932		0.9999		1			0		9.7996			2418.1183	23696.5015	11841.9632		11815.5222
4210	1.01			6			5			  579893		1.0011		2			1		38.6872			1060.0749	41011.3103	20448.7967		20404.4791
4212	26.98			6			1			  328194		0.9997		1			0		29.0789			 943.0255	27422.1465	13668.4039		13635.7834
4213	26.98			6			1			  183905		0.9999		1			0		18.9776			1272.0155	24139.8086	12084.3954		12055.4131
4215	2.01			6			1			 4483668		0.9981		11			10		19.0454			3827.0748	72888.2334	36467.1446		36421.0888
4224	1.01			6			1			  379761		0.9988		2			1		35.2730			 781.2199	27555.9874	13701.9934		13697.6536
4226	1.01			6			1			 1333075		1.0009		5			4		33.2181			3147.4551	104552.5825	52181.6165		52172.3921
4227	1.01			6			1			 1393598		1.0007		5			4		33.2533			3311.2730	110110.6263	54958.3745		54956.2815
4228	1.01			6			1			  208946		0.9999		1			0		19.4597			1343.0596	26135.5869	13030.6864		13028.9503
4229	1.01			6			1			  108475		0.9999		1			0		9.6488			2463.9671	23774.3993	11859.6255		11858.1857
4233	1.01			6			1			  361080		0.9958		5			4		32.2263			 875.1309	28202.2218	14006.1254		13998.9609
4234	26.98			6			1			  293139		0.9994		2			1		28.9613			 853.0058	24704.1774	12293.7295		12293.2519
4238	26.98			6			1			  180905		0.9999		1			0		19.4008			1171.5762	22729.4774	11326.8229		11325.2772
4242	2.01			6			1			 1315470		0.9995		5			4		11.6711			3463.3418	40420.9683	20188.9671		20186.8617
4243	2.01			6			1			 1264916		0.9996		4			3		11.7110			3329.0057	38986.0141	19466.6608		19472.2267
4244	2.01			6			1			  872214		0.9994		3			2		11.7040			2281.1062	26697.9658	13319.2928		13325.3721
4245	2.01			6			1			 1190228		0.9997		4			3		11.4483			3208.2695	36729.2169	18338.2526		18343.2399
4246	2.01			6			1			 1216719		0.9997		4			3		11.5670			3205.4648	37077.6367	18527.1476		18523.4726
4247	2.01			6			1			 2107823		0.9996		8			7		14.5899			3860.8712	56329.6120	28142.5234		28128.8035
4248	2.01			6			1			  402539		1.0010		2			1		7.7138			2169.5392	16735.3461	8347.1909		8344.3415
4249	2.01			6			1			  220948		0.9999		1			0		5.8100			2024.6842	11763.3171	5871.1892		5869.2206
4252	2.01			6			5			  338805		0.9999		1			0		11.4433			 908.9935	10401.8824	5179.2847		5176.7309
4253	1.01			6			1			 1044661		0.9997		3			2		36.8964			3667.7050	135324.9956	67603.3268		67563.8153
4254	1.01			6			1			  984199		0.9997		3			2		37.4055			3425.7238	128140.8244	64008.7359		63978.4511
4255	1.01			6			1			   76397		1.0000		1			0		18.6828			1000.5691	18693.4547	9310.3292		9306.2775
4256	1.01			6			1			   68364		0.9999		1			0		9.6800			2788.4813	26992.4658	13479.3977		13473.5527
4259	1.01			6			5			  255205		0.9952		1			0		37.4307			 879.5617	32922.5673	16387.4514		16378.9689
4260	26.98			6			1			  139105		1.0001		1			0		27.8065			 847.8975	23577.0685	11731.7327		11725.7504
4261	26.98			6			1			   89129		1.0000		1			0		19.0675			1221.7789	23296.3157	11613.5584		11605.8170
4262	2.01			6			1			 1750702		0.9992		6			5		18.5978			3349.5741	62294.5801	31158.4336		31136.1465
4263	2.01			6			1			 1873166		1.0001		6			5		19.2669			3418.0893	65856.0432	32871.7839		32872.5663
4264	2.01			6			1			 1875521		0.9981		6			5		19.3285			3409.3319	65897.3686	32853.8707		32853.4588
4265	2.01			6			1			 1920895		0.9993		7			6		19.4002			3513.7478	68167.3581	34045.9047		34044.7947
4266	2.01			6			1			  774853		0.9996		3			2		14.5477			2410.4052	35065.9325	17504.9489		17503.6774
4267	2.01			6			1			  352574		0.9999		1			0		9.7229			2377.2525	23113.8957	11537.6306		11537.6942
4270	2.01			6			5			  510665		0.9997		2			1		18.8551			 983.5192	18544.3065	9234.5284		9233.0315
4271	1.01			6			1			 1380418		0.9995		5			4		32.6748			3384.8920	110600.7824	55241.3904		55221.0565
4272	1.01			6			1			 1173374		0.9992		4			3		31.4271			3032.6952	95308.6906	47594.9087		47577.2915
4273	1.01			6			1			 1243516		0.9991		4			3		32.7042			3040.8482	99448.4561	49628.3905		49620.9173
4274	1.01			6			1			 1314692		1.0003		4			3		32.9078			3214.5169	105782.5923	52793.8309		52790.4979
4275	1.01			6			1			  212756		0.9999		1			0		19.2052			1403.0705	26946.2352	13433.9513		13433.3239
4276	1.01			6			1			   98520		1.0000		1			0		9.6951			2268.7965	21996.1935	10979.0515		10978.4485
4278	1.01			4			2			  784582		0.9988		6			5		36.2225			 858.2834	31089.1655	15469.1333		15466.7891
4281	26.98			4			1			  728179		0.9993		3			2		27.8258			1115.2513	31032.7625	15458.2662		15456.8784
4282	26.98			4			1			  541901		0.9994		2			1		19.0631			1210.6834	23079.3965	11500.9205		11501.8525
4283	2.01			4			1			 4001998		0.9939		17			16		18.7597			3329.1425	62453.8497	31225.9069		31227.9428
4284	2.01			4			1			 3849935		0.9961		16			15		18.4052			3255.1918	59912.3875	29939.7997		29939.7839
4285	2.01			4			1			 4091277		0.9951		17			16		18.4653			3456.7805	63830.6133	31876.1177		31878.4426
4286	2.01			4			1			 4123383		0.9954		17			16		18.4347			3486.4147	64271.0215	32134.9139		32136.1077
4288	2.01			4			1			 5073370		0.9949		21			20		19.1363			4134.9226	79127.1616	39523.7183		39527.1605
4291	2.01			4			1			 3277399		0.9969		14			13		18.9438			2700.8305	51164.1249	25551.0976		25536.8437
4293	2.01			4			1			 4257701		0.9968		18			17		18.9773			3493.5189	66297.6136	33117.2980		33101.8612
4294	2.01			4			1			 4290447		0.9960		18			17		19.1696			3476.6043	66645.1188	33286.8482		33280.5612
4295	2.01			4			1			 1149360		0.9984		4			3		14.4180			1238.6602	17859.0566	8901.3507		8900.3276
4296	2.01			4			1			 1421985		0.9986		4			3		11.4323			1928.3045	22044.9988	11000.5815		10998.0668
4297	2.01			4			1			  793994		0.9997		2			1		7.6561			1606.2156	12297.3592	6134.0098		6132.4577
4298	2.01			4			1			  229727		0.9995		1			0		7.6346			 466.8783	3564.4501	1766.9222		1766.6343
4299	2.01			4			3			 1208768		0.9986		6			5		18.6109			1009.5004	18787.6710	9355.4384		9353.5846
4300	1.01			4			1			 3058492		0.9989		6			5		35.6875			3384.1826	120773.0818	60326.6320		60293.6678
4301	1.01			4			1			 2910913		0.9991		6			5		36.0695			3166.2754	114206.0680	57004.6937		56977.6911
4302	1.01			4			1			 3572467		0.9992		8			7		38.0357			3681.9487	140045.3537	69922.7967		69900.7970
4303	1.01			4			1			 3146515		0.9997		7			6		36.9718			3362.1265	124303.8427	62159.0244		62144.8182
4304	1.01			4			1			  861637		0.9992		2			1		28.5181			1183.7555	33758.4058	16824.4104		16817.6168
4305	1.01			4			1			  518604		1.0015		1			0		18.6447			1062.4005	19808.1475	9852.5729		9847.5828
4306	1.01			4			1			  596071		0.9998		1			0		9.5615			2402.2538	22969.1702	11469.2806		11465.6602
4308	1.01			4			2			  861980		0.9971		6			5		37.5458			 878.8242	32996.1963	16392.9397		16386.0848
4309	26.98			4			1			  795382		0.9991		2			1		28.0306			1204.4931	33762.6725	16827.0295		16819.5420
4311	26.98			4			1			  545086		0.9990		1			0		19.2044			1200.6365	23057.5095	11493.9042		11488.1499
4312	2.01			4			1			 3792293		0.9977		11			10		18.2052			3234.8614	58891.1685	29448.5299		29442.6386
4313	2.01			4			1			 4326229		0.9981		12			11		18.9419			3544.7380	67144.0489	33518.6887		33514.8742
4314	2.01			4			1			 4227622		0.9965		12			11		18.3410			3576.3003	65592.8673	32762.2930		32755.1948
4315	2.01			4			1			 3920829		0.9978		11			10		18.3163			3305.6320	60546.8941	30225.9777		30211.3871
4316	2.01			4			1			 4189620		0.9987		12			11		18.7604			3457.4963	64864.1226	32416.6557		32403.8257
4317	2.01			4			1			 4203752		0.9986		12			11		18.9537			3420.1930	64825.2138	32394.3812		32386.6393
4318	2.01			4			1			 4013061		0.9980		11			10		18.6269			3342.8104	62266.1471	31098.8956		31090.4964
4319	2.01			4			1			 4079789		0.9978		12			11		18.9654			3316.4591	62897.8386	31400.1819		31386.1673
4320	2.01			4			1			 1208570		0.9992		3			2		14.4032			1299.2487	18713.3327	9328.9296		9325.6671
4321	2.01			4			1			 1338001		0.9995		3			2		11.5043			1804.7603	20762.4462	10359.2714		10356.9419
4323	2.01			4			1			 1243405		0.9996		2			1		7.6544			2508.4438	19200.7419	9585.9365		9584.1364
4324	2.01			4			3			 1161305		0.9987		6			5		18.7386			 960.9894	18007.5847	8966.4856		8963.3974
4325	1.01			4			1			 3354129		0.9985		11			10		36.5810			3598.6613	131642.6339	65759.0609		65730.3090
4328	1.01			4			1			 1723217		0.9991		6			5		36.7083			1841.8370	67610.6284	33728.4887		33725.2836
4329	1.01			4			1			 3345756		0.9989		10			9		36.1152			3634.2833	131252.7669	65550.9891		65546.2899
4330	1.01			4			1			 3327216		0.9985		10			9		36.5346			3548.5679	129645.6263	64712.8945		64715.3167
4331	1.01			4			1			  842861		1.0004		2			1		28.1048			1169.4794	32867.9510	16376.0748		16377.9051
4332	1.01			4			1			  867960		0.9996		2			1		18.4657			1819.7464	33602.9706	16762.0352		16764.6408
4333	1.01			4			1			  589742		0.9998		1			0		9.5838			2366.3605	22678.7756	11318.3894		11321.2027
4334	1.01			4			2			  876724		0.9948		6			5		36.8746			 932.7757	34395.7056	17199.2887		17196.4169
4335	26.98			4			1			  624976		0.9994		2			1		24.9310			1061.9021	26474.2746	13202.5904		13198.7014
4336	26.98			4			1			  441927		0.9997		1			0		18.1606			1027.4300	18658.7786	9329.4458		9329.3328
4337	2.01			4			1			 4021818		0.9968		17			16		18.5649			3357.6609	62334.7946	31165.5840		31158.5550
4338	2.01			4			1			 4340808		0.9956		18			17		18.8263			3549.1687	66817.7830	33389.4674		33383.9992
4339	2.01			4			1			 4220501		0.9958		17			16		18.8079			3464.3586	65157.1574	32563.4888		32560.8143
4340	2.01			4			1			 4134595		0.9959		17			16		18.8380			3378.9058	63651.8468	31771.1231		31767.8293
4341	2.01			4			1			 3586301		0.9976		15			14		18.1463			3062.9399	55581.0334	27789.7680		27786.4051
4342	2.01			4			1			 4212532		0.9979		17			16		18.8061			3450.9431	64898.9418	32427.3913		32425.9347
4343	2.01			4			1			 8216144		0.4755		16			15		18.4819			3284.0796	60696.0937	30301.1064		30294.0726
4344	2.01			4			1			 4035218		0.9980		17			16		18.6640			3334.0894	62227.3928	31091.8597		31089.5104
4345	2.01			4			1			 1064939		0.9989		4			3		14.0166			1152.4740	16153.7763	8060.4781		8059.9630
4346	2.01			4			1			 1291731		0.9990		4			3		11.4488			1747.6899	20008.9453	9983.1598		9980.3738
4347	2.01			4			1			 1160168		0.9997		3			2		7.6172			2344.8448	17861.0366	8915.3646		8915.4626
4348	2.01			4			3			  876613		0.9992		4			3		18.4715			 736.5656	13605.5046	6763.9592		6764.6754
4349	1.01			4			1			 3060953		0.9994		6			5		34.8779			3440.1025	119983.6160	59923.1498		59907.7592
4350	1.01			4			1			 2886495		0.9994		6			5		34.3308			3279.6876	112594.2126	56195.7157		56178.8392
4351	1.01			4			1			 3639514		0.9991		8			7		36.5634			3905.4585	142797.0233	71336.3354		71305.7167
4352	1.01			4			1			 3645202		0.9990		8			7		36.0315			3971.4592	143097.5206	71515.4930		71495.9497
4353	1.01			4			1			  964944		0.9995		2			1		28.1033			1340.1142	37661.6149	18775.0953		18769.6441
4354	1.01			4			1			  859712		0.9996		2			1		18.9000			1765.5516	33368.8858	16646.8936		16645.1884
4355	1.01			4			1			  623933		0.9998		1			0		9.6079			2499.0725	24010.7622	11986.9491		11986.1731
4356	1.01			4			2			  927633		0.9959		7			6		36.7760			 991.1649	36451.1008	18149.9446		18144.1324
4357	26.98			4			1			  766441		0.9996		2			1		27.4014			1188.1529	32557.0037	16223.8047		16217.0671
4358	26.98			4			1			  590409		0.9997		1			0		19.2784			1293.4636	24935.9560	12428.9670		12426.7191
4359	2.01			4			1			 4306556		0.9977		12			11		18.6156			3589.0865	66813.0722	33371.4365		33364.8424
4360	2.01			4			1			 4618322		0.9983		13			12		18.8794			3793.5170	71619.1906	35773.9858		35767.4090
4361	2.01			4			1			 4020137		0.9984		11			10		18.5593			3359.6900	62353.3970	31172.6095		31168.3067
4362	2.01			4			1			 4254618		0.9984		12			11		19.2162			3412.5908	65577.0531	32770.0580		32761.3899
4363	2.01			4			1			 4267145		0.9983		12			11		19.0249			3459.5000	65816.8075	32855.0750		32850.1910
4364	2.01			4			1			 4296741		0.9979		12			11		19.0869			3474.4731	66317.0666	33141.3015		33131.7072
4365	2.01			4			1			 1343142		0.9986		4			3		18.4980			1106.2522	20463.4237	10176.7391		10174.3178
4366	2.01			4			1			 3296816		0.9977		9			8		19.4852			2624.3424	51135.8409	25533.3689		25527.4382
4367	2.01			4			1			 4158403		0.9977		12			11		19.0744			3364.9053	64183.3979	32037.9908		32032.7283
4368	2.01			4			1			 1164745		0.9984		3			2		14.3425			1256.3528	18019.1952	8980.3628		8979.1274
4369	2.01			4			1			 1274402		0.9994		3			2		11.5035			1714.7061	19725.1341	9840.1089		9839.8238
4370	2.01			4			1			  484397		0.9997		1			0		7.4580			1002.8360	7479.1634	3723.9198		3724.4164
4371	2.01			4			1			  408120		0.9996		1			0		7.6915			 816.9101	6283.2262	3126.5626		3126.1121
4372	2.01			4			3			 1014756		0.9971		5			4		18.6671			 842.7557	15731.8053	7827.9315		7825.6335
4373	1.01			4			1			 2709408		0.9982		9			8		35.3256			3010.3345	106341.9491	53173.4925		53156.2720
4374	1.01			4			1			-2147483648		0.0008		11			10		37.6238			3508.0860	131987.6039	65906.4301		65895.8937
4375	1.01			4			1			-2147483648		0.0007		9			8		36.3850			3191.9045	116137.3149	58024.3732		58022.1527
4376	1.01			4			1			 3250551		0.9993		10			9		37.0852			3429.6819	127190.4368	63487.7004		63478.2806
4377	1.01			4			1			  790208		0.9983		2			1		28.0235			1099.6553	30816.1641	15350.8611		15349.5711
4378	1.01			4			1			  922749		0.9997		2			1		19.3717			1840.9907	35663.1929	17792.0887		17793.3513
4379	1.01			4			1			  594515		0.9998		1			0		9.6823			2363.8564	22887.5537	11424.1152		11424.1794
4380	1.01			4			2			  833960		0.9959		6			5		38.0772			 857.9450	32668.1513	16257.6430		16257.4828
4381	26.98			4			1			  667833		0.9991		2			1		26.9753			1046.6787	28234.4505	14059.8857		14058.1158
4382	26.98			4			1			  462152		0.9997		1			0		18.5793			1054.8992	19599.3286	9761.3737		9760.4558
4383	2.01			4			1			 4232650		0.9955		17			16		18.6724			3512.5645	65588.1835	32756.0447		32755.4216
4384	2.01			4			1			 4082309		0.9969		17			16		18.9742			3316.6202	62930.2998	31409.6685		31409.8245
4385	2.01			4			1			 4505987		0.9970		19			18		18.9944			3653.1838	69389.8588	34639.7725		34638.0866
4386	2.01			4			1			 4464410		0.9971		18			17		18.9415			3651.6707	69167.9508	34544.0693		34544.4009
4387	2.01			4			1			 4322939		0.9968		18			17		18.9468			3511.4107	66530.1433	33211.2863		33208.3319
4388	2.01			4			1			 4025912		0.9986		17			16		18.8613			3288.4328	62024.2344	30959.1401		30955.1998
4389	2.01			4			1			 4192659		0.9963		17			16		19.0542			3421.9366	65202.3489	32565.4183		32560.2845
4390	2.01			4			1			 3992537		0.9953		16			15		19.0051			3247.2753	61714.7397	30820.8555		30816.7875
4391	2.01			4			1			 1038360		0.9984		4			3		14.2073			1126.4821	16004.3204	7974.1888		7973.3817
4392	2.01			4			1			 1087692		1.0003		3			2		11.3258			1464.3854	16585.4010	8259.5547		8258.8845
4393	2.01			4			1			 1162796		0.9996		3			2		7.7226			2303.6840	17790.3815	8885.8539		8886.2611
4394	2.01			4			3			  656180		0.9997		3			2		18.4665			 550.2674	10161.5378	5042.9510		5042.4340
4397	1.01			4			1			 3353289		0.9993		7			6		37.7087			3494.0937	131757.6248	65803.0064		65797.8618
4398	1.01			4			1			 3080919		0.9992		6			5		34.5087			3483.0314	120194.8511	59984.3897		59985.0431
4399	1.01			4			1			 3331597		0.9992		7			6		38.0536			3430.5281	130543.8370	65153.3654		65164.2114
4400	1.01			4			1			 3449010		0.9992		7			6		38.3732			3531.4744	135513.8135	67635.0952		67657.0198
4401	1.01			4			1			  727773		0.9996		2			1		26.2189			1088.5253	28539.9007	14217.0404		14229.8955
4402	1.01			4			1			  736681		0.9997		1			0		18.5243			1553.9826	28786.3655	14385.3325		14401.0330
4403	1.01			4			1			  561718		0.9997		1			0		9.6370			2257.4968	21755.4760	10849.2967		10867.6425
4404	1.01			4			2			  899562		0.9964		6			5		39.1615			 906.8282	35512.7234	17672.4185		17682.6067
4405	26.98			4			1			  640176		0.9991		2			1		25.4115			1073.2006	27271.6311	13628.3829		13643.2482
4406	26.98			4			1			  638940		0.9996		1			0		18.8803			1439.3690	27175.6554	13540.3593		13558.3114
4407	2.01			4			1			 4348620		0.9984		12			11		18.6501			3635.8713	67809.2380	33844.1132		33888.3203
4408	2.01			4			1			 4577624		0.9980		13			12		19.1711			3726.1956	71435.1892	35692.3167		35742.8724
4409	2.01			4			1			 2236849		0.9983		6			5		19.2816			1790.5033	34523.7995	17227.4653		17252.1333
4410	2.01			4			1			 4545136		0.9978		13			12		19.3201			3676.0606	71021.6824	35447.3561		35496.4496
4411	2.01			4			1			 3761762		0.9991		11			10		18.9873			3077.0452	58424.8011	29133.5135		29179.0772
4414	2.01			4			1			 4377955		0.9985		13			12		19.4621			3514.0863	68391.4706	34155.6392		34159.1135
4415	2.01			4			1			 4363544		0.9973		12			11		19.6077			3479.9862	68234.5089	34078.5230		34077.3236
4417	2.01			4			1			  179265		1.0035		12			11		19.3388			3557.9627	68806.6029	34368.8906		34359.3668
4418	2.01			4			1			  146792		1.0054		3			2		14.5646			1302.8000	18974.7700	9459.5663		9456.9747
4419	2.01			4			1			  176578		1.0059		3			2		11.6738			1848.8727	21583.3282	10769.8736		10767.0602
4420	2.01			4			1			  118042		1.0063		2			1		7.8574			2426.8801	19068.9553	9519.1561		9518.4836
4422	2.01			4			3			   33155		1.0055		6			5		19.6618			1027.5312	20203.1370	10065.2398		10058.5274
4424	1.01			4			1			  174328		1.0054		10			9		38.0494			3435.3994	130714.8651	65294.7738		65267.6698
4425	1.01			4			1			  116793		1.0037		9			8		37.8490			3325.8939	125881.7604	62858.6999		62837.8728
4428	1.01			4			1			   86614		1.0072		2			1		39.3024			 698.8457	27466.3460	13656.6589		13655.0138
4437	1.01			4			1			   21498		1.0045		7			6		35.8072			2611.6903	93517.3592	46775.1971		46624.1478
4438	1.01			4			1			    -326		1.0050		8			7		38.4180			2945.5857	113163.5843	56511.5605		56499.9418
4439	1.01			4			1			   68091		1.0034		2			1		28.1829			 955.9148	26940.4941	13413.0386		13411.6909
4440	1.01			4			1			  104710		1.0074		1			0		29.2668			 469.9568	13754.1270	6818.0509		6818.1047
4441	1.01			4			1			   68319		1.0074		1			0		19.4628			 763.6629	14863.0206	7394.3468		7391.9606
4442	1.01			4			1			  109275		1.0028		1			0		18.9808			 915.5226	17377.3700	8649.6151		8648.5222
4444	1.01			4			1			  558899		0.9998		1			0		9.6875			2222.8900	21534.2900	10747.6388		10746.9157
4445	1.01			4			2			  867055		0.9970		6			5		37.0678			 919.0408	34066.7904	16954.9656		16958.3447
4447	26.98			4			1			  704583		0.9990		2			1		27.6924			1084.5337	30033.3280	15016.2784		15017.0496
4448	26.98			4			1			  629376		0.9996		2			1		19.4386			1377.8338	26783.1798	13352.0577		13351.9133
4449	2.01			4			1			 4653414		0.9977		18			17		18.9337			3824.0309	72403.0555	36199.1837		36203.8718
4450	2.01			4			1			 4347088		0.9969		17			16		19.2895			3508.2344	67672.0096	33832.8353		33839.1743
4453	2.01			4			1			 4220430		0.9975		16			15		19.1972			3428.7019	65821.3146	32861.0481		32883.6336
4454	2.01			4			1			 4515392		0.9972		17			16		19.3117			3640.8455	70310.8284	35111.1347		35121.2111
4455	2.01			4			1			 4097562		0.9975		16			15		19.1370			3335.5019	63831.4662	31872.6717		31882.3280
4456	2.01			4			1			 4402111		0.9970		17			16		19.3377			3548.5586	68620.9220	34269.5128		34274.1342
4457	2.01			4			1			 4493013		0.9996		17			16		19.3993			3618.8557	70203.3362	35060.9067		35064.0246
4458	2.01			4			1			 4245863		0.9981		16			15		19.2631			3435.9406	66186.7211	33075.4395		33079.5242
4459	2.01			4			1			  509419		0.9985		2			1		14.5676			 544.4149	7930.8032	3936.8331		3935.8704
4472	2.01			4			1			  289588		0.9992		1			0		14.5118			 313.6314	4551.3641	2245.9140		2246.1435
4478	2.01			4			1			 1105701		0.9987		4			3		14.4818			1199.3163	17368.2517	8653.8789		8656.6113
4479	2.01			4			1			 1194259		0.9990		4			3		11.6795			1605.1324	18747.1404	9349.7107		9350.6153
4480	2.01			4			1			 1128922		0.9997		3			2		7.8154			2260.1015	17663.5779	8816.2800		8817.1392
4482	2.01			4			3			  988321		0.9963		5			4		18.9287			 822.0181	15559.7396	7740.7826		7739.9431
4484	1.01			4			1			 3332824		0.9990		7			6		37.4289			3536.1427	132354.0039	66103.8563		66091.3139
4485	1.01			4			1			 3058090		0.9989		6			5		37.2526			3267.1660	121710.5277	60783.1981		60771.2971
4487	1.01			4			1			 1354113		0.9989		3			2		36.7528			1462.0009	53732.6228	26855.6977		26851.2679
4488	1.01			4			1			 2912901		0.9989		6			5		36.4236			3186.1112	116049.7934	57943.9219		57948.6839
4489	1.01			4			1			 3221311		0.9992		7			6		38.1230			3363.4105	128223.4515	64038.5558		64030.8006
4490	1.01			4			1			  727535		0.9996		2			1		28.9666			 994.0063	28793.0286	14338.0121		14337.6770
4491	1.01			4			1			  690586		0.9997		1			0		19.3054			1400.8714	27044.3551	13483.7385		13481.4705
4492	1.01			4			1			  550961		0.9998		1			0		9.7675			2180.8399	21301.3466	10630.9773		10630.1862
4493	1.01			4			2			  872048		0.9982		6			5		36.3967			 948.1339	34508.9460	17236.2206		17235.6165
4494	26.98			4			1			  599984		0.9992		2			1		26.7221			 966.8415	25836.0555	12859.1977		12859.6788
4495	26.98			4			1			  472561		0.9997		1			0		19.2397			1057.8762	20353.2729	10136.9647		10136.0283
4496	2.01			4			1			 4094381		0.9986		11			10		19.2642			3344.6019	64430.9938	32175.8985		32176.3233
4498	2.01			4			1			 1993756		0.9981		6			5		19.1813			1631.7904	31299.8301	15635.2127		15641.7702
4499	2.01			4			1			 3739172		0.9986		10			9		19.0780			3075.8717	58681.4945	29319.8483		29329.2192
4500	2.01			4			1			 2804669		0.9984		8			7		19.1712			2298.9719	44074.1189	21994.7899		22000.1721
4501	2.01			4			1			 3946350		0.9984		11			10		19.2073			3229.8186	62036.0487	30976.5480		30985.3503
4502	2.01			4			1			 4214321		0.9993		11			10		19.5188			3383.7971	66047.6510	32964.4060		32971.5500
4503	2.01			4			1			 3932769		0.9986		10			9		19.2603			3189.9134	61438.8354	30658.7311		30666.4529
4504	2.01			4			1			 4080947		0.9986		11			10		19.3957			3315.4740	64305.8148	32112.4656		32115.5404
4505	2.01			4			1			 3866521		0.9983		10			9		19.2626			3137.6700	60439.5955	30160.0291		30163.7782
4506	2.01			4			1			 1018132		1.0006		3			2		14.5147			1105.7782	16050.0808	8011.8207		8013.2729
4507	2.01			4			1			 1333998		0.9996		3			2		11.7109			1787.4725	20932.8777	10443.7280		10444.1051
4508	2.01			4			1			 1158259		0.9997		2			1		7.8479			2310.5749	18133.0561	9050.2857		9050.8369
4509	2.01			4			3			  846415		1.0007		1			0		18.7289			 711.5316	13326.1705	6624.2491		6624.3855
4510	1.01			4			1			 2971238		0.9991		9			8		36.8218			3181.6117	117152.8159	58493.8916		58504.9683
4511	1.01			4			1			 2812576		0.9991		8			7		36.2259			3066.9306	111102.3133	55465.8301		55478.2503
4512	1.01			4			1			 3250486		0.9988		9			8		37.6173			3392.7517	127626.2752	63692.2942		63709.6658
4513	1.01			4			1			 3360524		0.9987		10			9		37.5294			3539.2890	132827.2974	66328.4642		66339.0107
4514	1.01			4			1			  854097		0.9993		2			1		28.7142			1169.2759	33574.8701	16727.2423		16729.1454
4515	1.01			4			1			  755794		0.9996		2			1		19.3706			1526.5472	29570.1077	14742.9050		14747.8331
4516	1.01			4			1			  547153		0.9998		1			0		9.8041			2166.8344	21243.8217	10600.7049		10604.1197
4517	1.01			4			2			  598154		0.9969		4			3		37.2965			 634.8407	23677.3094	11757.7535		11759.1343
4538	1.01			4			2			  629255		0.9968		5			4		36.5708			 687.6481	25147.8136	12495.3762		12496.8956
4539	1.01			4			1			  583176		0.9998		1			0		9.6987			2352.3202	22814.4334	11385.1483		11389.8863
4540	26.98			4			1			  840785		0.9987		3			2		27.9287			1297.3535	36233.4004	18058.9313		18057.3047
4542	26.98			4			1			  236741		0.9818		1			0		19.5687			 516.8102	10113.2843	4976.2218		4978.8582
4543	26.98			4			1			  398537		0.9981		2			1		27.7482			 618.0275	17149.1303	8516.3278		8517.4350
4544	2.01			4			1			 4088943		0.9959		16			15		18.7017			3440.8121	64348.9459	32177.8145		32171.1314
4545	2.01			4			1			 4302615		0.9961		17			16		19.2756			3489.3910	67260.1330	33575.0471		33572.8453
4546	2.01			4			1			 3908253		0.9980		15			14		18.8739			3244.8935	61243.8401	30569.5744		30564.7927
4547	2.01			4			1			 3932365		0.9970		15			14		18.8422			3283.5737	61869.7260	30899.0412		30892.7036
4548	2.01			4			1			 1254828		0.9979		4			3		14.2597			1378.6118	19658.6402	9800.8069		9798.9731
4549	2.01			4			1			 1209769		0.9996		3			2		7.7135			2452.7937	18919.6399	9445.4081		9443.2952
4550	2.01			4			3			 1235626		0.9980		6			5		19.4368			 999.6559	19430.0738	9678.2355		9675.5727
4551	1.01			4			1			 3243696		0.9993		6			5		35.8339			3569.9724	127926.1680	63900.9787		63871.9552
4555	1.01			4			1			 2980392		0.9991		6			5		35.4393			3325.2169	117843.4727	58848.3655		58839.6638
4556	1.01			4			1			  862530		0.9993		2			1		28.7461			1178.7480	33884.3673	16883.3110		16886.0731
4557	1.01			4			1			  582825		0.9998		1			0		9.6082			2352.6584	22604.7083	11280.3803		11286.0079
4558	1.01			4			2			  846101		0.9974		6			5		37.0196			 905.0013	33502.7509	16675.2184		16675.7156
4559	26.98			4			1			  712809		0.9989		2			1		27.8799			1098.9108	30637.5397	15313.5695		15317.7531
4560	26.98			4			1			  524824		0.9997		1			0		19.1238			1177.0911	22510.4720	11214.4191		11218.6656
4561	2.01			4			1			 4480243		0.9983		12			11		19.2963			3654.6803	70521.9430	35213.2285		35231.9910
4562	2.01			4			1			 4197928		0.9988		11			10		18.9779			3485.1955	66141.7544	33021.3001		33040.6354
4563	2.01			4			1			 4256027		0.9970		11			10		19.2485			3482.5231	67033.3604	33469.1573		33487.8573
4564	2.01			4			1			 3723171		0.9982		10			9		19.3298			3032.3565	58614.9488	29259.4325		29276.2655
4565	2.01			4			1			 1208109		0.9994		3			2		14.4095			1317.1775	18979.8340	9456.9540		9463.8047
4566	2.01			4			1			 1050328		0.9997		2			1		7.6002			2158.9519	16408.4249	8185.6594		8192.0913
4568	2.01			4			3			 1168814		0.9980		6			5		19.4750			 948.0999	18464.2411	9191.7422		9196.6565
4588	2.01			4			1			  304807		0.9999		1			0		2.0519			1344.5459	2758.8670	1381.2489		1377.5503
4589	1.01			4			1			  103165		0.9999		1			0		4.6164			 719.3464	3320.7579	1651.0914		1650.3633
4590	1.01			4			1			  379983		0.9999		1			0		4.7708			2547.2792	12152.4575	6067.8984		6066.5207
4591	1.01			4			1			  252150		0.9999		1			0		4.6795			1709.0826	7997.6742	3985.7729		3984.5890
4592	1.01			4			1			  275347		1.0000		1			0		4.6863			1880.1989	8811.2279	4406.0272		4405.2006
4593	1.01			4			1			  327793		0.9999		1			0		4.8598			2143.2926	10415.9527	5194.7242		5193.9395
4594	1.01			4			1			  243949		0.9998		1			0		4.7734			1612.1281	7695.3466	3834.0180		3833.2340
4595	1.01			4			1			  245675		0.9999		1			0		4.7739			1650.3964	7878.7896	3929.8135		3929.5663
4596	1.01			4			1			  259136		1.0021		1			0		4.8088			1713.2472	8238.6440	4113.9510		4113.5730
4597	1.01			4			1			  119295		0.9999		1			0		2.9695			1300.9058	3863.0887	1925.4746		1925.4715
4598	1.01			4			1			  116798		0.9999		1			0		2.1100			1802.6282	3803.6058	1901.8689		1901.7369
4599	1.01			4			1			  122309		1.0000		3			2		4.7598			 821.7814	3911.5348	1946.2628		1946.3017
4600	1.01			3			1			  795583		0.9992		2			1		4.7661			1175.6697	5603.4132	2792.2656		2791.7141
4601	26.98			4			1			  323446		0.9999		2			1		4.6241			1598.2315	7390.3079	3685.2903		3685.4820
4602	26.98			4			1			  160313		0.9999		1			0		2.8706			1281.6907	3679.2690	1833.9111		1833.9562
4603	26.98			4			1			   91351		0.9999		1			0		2.0106			  24.0188	  48.2927	  24.0801		  24.0772
4604	2.01			4			1			  583180		0.9996		2			1		2.8756			1867.5803	5370.4640	2679.6568		2679.4446
4605	2.01			4			1			  575818		0.9998		2			1		2.8844			1835.0026	5292.8231	2640.5583		2640.5767
4606	2.01			4			1			  565923		0.9997		2			1		2.8731			1813.9607	5211.7541	2600.1516		2600.3234
4607	2.01			4			1			  572351		0.9998		2			1		2.8760			1810.5331	5207.0344	2595.3547		2595.1373
4608	2.01			4			1			  512137		1.0008		2			1		2.8530			1648.3628	4702.7228	2343.0685		2343.1332
4609	2.01			4			1			  553152		0.9998		2			1		2.8864			1746.3603	5040.7336	2511.9137		2511.7882
4610	2.01			4			1			  575549		1.0009		2			1		2.9443			1799.6171	5298.5394	2649.3013		2649.2381
4611	2.01			4			1			  572321		1.0008		2			1		2.9048			1794.0942	5211.4197	2597.5505		2596.9762
4612	2.01			4			1			  606777		0.9997		2			1		2.9357			1883.7419	5530.0909	2756.6156		2756.7628
4613	2.01			4			1			  536952		0.9997		2			1		2.8772			1717.3105	4941.0411	2464.7167		2465.1379
4614	2.01			4			1			  532704		0.9998		2			1		2.8385			1712.6791	4861.4014	2427.3888		2427.3771
4615	2.01			4			1			  556968		0.9995		2			1		2.8784			1760.4542	5067.3680	2529.9282		2530.3720
4616	2.01			4			1			  595208		0.9997		2			1		2.9319			1850.9643	5426.8389	2704.8495		2704.9399
4617	2.01			4			1			  548313		0.9998		2			1		2.9090			1720.6764	5005.3668	2494.8169		2495.1373
4618	2.01			4			1			  554172		1.0009		2			1		2.8591			1771.7277	5065.6129	2524.4733		2524.5339
4619	2.01			4			1			  285597		0.9998		1			0		2.8323			 932.3016	2640.5224	1314.5793		1314.6441
4620	2.01			4			1			  282269		1.0000		1			0		2.8576			 907.0650	2592.0232	1290.3316		1290.3441
4621	2.01			4			1			       0		-nan		1			0		-nan			   0.0000	   0.0000	   0.0000		   0.0000
4622	2.01			4			1			  293266		0.9999		1			0		2.0678			1317.1778	2723.6247	1357.3948		1358.1617
4623	2.01			4			1			  267054		0.9989		4			3		2.8764			 856.9639	2465.0113	1226.9275		1227.0113
4625	1.01			4			1			  203843		0.9999		1			0		4.6284			1417.4141	6560.3462	3270.6529		3270.5715
4627	1.01			4			1			  244195		0.9999		1			0		4.7592			1645.6943	7832.1908	3906.9277		3906.4087
4628	1.01			4			1			  240452		0.9999		1			0		4.7399			1633.0940	7740.7102	3863.4225		3863.3868
4629	1.01			4			1			  247431		0.9999		1			0		4.7443			1676.3776	7953.2473	3966.7002		3967.0877
4630	1.01			4			1			  261673		0.9999		1			0		4.7937			1749.3818	8385.9537	4182.8165		4183.2876
4636	1.01			4			1			  259171		0.9997		2			1		10.4939			 798.7436	8381.9411	4170.3358		4167.8478
4637	2.01			4			1			  322290		0.9992		2			1		4.7607			 624.9625	2975.2681	1488.1205		1487.1477
4638	1.01			4			1			  540950		0.9997		3			2		10.2368			1709.3945	17498.6758	8729.7365		8727.1102
4639	1.01			4			1			  575428		0.9997		3			2		10.4928			1778.3724	18660.1084	9310.1608		9306.8102
4640	1.01			4			1			  555117		0.9994		3			2		10.4671			1719.7802	18001.1528	8980.0342		8979.7209
4641	1.01			4			1			  540696		0.9996		3			2		10.4163			1684.0901	17541.9533	8770.4791		8771.4742
4642	1.01			4			1			  599261		0.9998		3			2		10.5827			1838.0811	19451.8746	9703.1292		9706.1192
4643	1.01			4			1			  555890		0.9998		3			2		10.4503			1726.4106	18041.4598	8997.4650		9001.2512
4644	1.01			4			1			  565657		0.9992		3			2		10.5487			1744.0356	18397.3668	9175.4522		9179.4445
4648	1.01			4			1			  587376		0.9998		3			2		10.6446			1769.0058	18830.4332	9381.9829		9387.8227
4649	1.01			4			1			  223510		0.9999		1			0		7.6980			 942.6195	7256.2858	3611.7082		3613.9995
4650	1.01			4			1			  217309		0.9998		1			0		7.5627			 930.5086	7037.1333	3501.6772		3504.8167
4651	1.01			4			1			  311705		0.9999		1			0		5.7763			1747.6214	10094.7136	5033.6142		5037.8288
4652	1.01			4			1			  297559		0.9984		5			4		10.5960			 914.3060	9687.9791	4820.7967		4824.4333
4654	1.01			3			1			 1744492		0.9952		7			6		10.6456			1166.8063	12421.3315	6187.3975		6191.6827
4655	26.98			4			1			  785841		0.9972		8			7		10.4481			1732.6690	18103.0934	9025.9245		9034.0519
4657	26.98			4			1			  810201		0.9984		7			6		10.4536			1794.1373	18755.1930	9354.1397		9358.8129
4660	1.01			4			1			  480125		0.9998		2			1		10.4616			1499.6870	15689.1330	7822.0904		7824.8294
4662	1.01			4			1			  572503		0.9997		2			1		10.4234			1788.6229	18643.5851	9297.1599		9302.9537
4663	1.01			4			1			  593295		1.0008		2			1		10.2296			1866.1210	19089.6145	9512.7653		9517.9729
4664	26.98			4			1			  381500		0.9992		3			2		6.5207			1354.3899	8831.5065	4410.2428		4413.7205
4665	26.98			4			1			  273220		0.9999		1			0		5.2001			1207.3000	6278.1393	3127.5415		3130.0983
4666	2.01			4			1			 1043220		0.9985		3			2		5.6620			1698.1969	9615.2658	4805.6029		4809.6629
4667	2.01			4			1			 1368423		0.9959		7			6		7.6877			1636.3231	12579.5731	6289.1737		6290.3994
4668	2.01			4			1			 1506726		0.9984		7			6		7.6676			1809.0893	13871.3518	6919.8931		6920.2182
4669	2.01			4			1			 1348050		0.9986		5			4		7.7719			1577.2249	12257.9671	6119.1259		6120.3735
4670	2.01			4			1			 1470597		0.9985		6			5		7.6821			1764.2654	13553.2300	6774.9082		6775.4840
4671	2.01			4			1			 1516321		0.9987		6			5		7.7593			1801.4100	13977.6526	6973.1292		6973.5035
4672	2.01			4			1			 1381073		0.9984		5			4		7.7245			1651.5123	12757.1645	6361.8352		6363.5685
4673	2.01			4			1			  589329		0.9987		3			2		7.5819			 716.4368	5431.9830	2700.1413		2700.9085
4674	2.01			4			1			 1092009		0.9970		4			3		7.8375			1284.4983	10067.2509	5017.1281		5018.1464
4675	2.01			4			1			 1620835		0.9986		6			5		7.7334			1932.9721	14948.5002	7458.6499		7460.4092
4676	2.01			4			1			 1693130		0.9984		6			5		7.7736			2009.4940	15621.0958	7793.7654		7795.7488
4677	2.01			4			1			 1740130		0.9985		6			5		7.7724			2064.5342	16046.4286	8006.1541		8009.0154
4678	2.01			4			1			 1596598		0.9990		6			5		7.6971			1911.7949	14715.1907	7340.7337		7342.5356
4679	2.01			4			1			  767537		0.9997		2			1		5.8299			1213.4230	7074.1861	3524.9090		3526.1147
4680	2.01			4			1			  498199		0.9996		1			0		3.8796			1183.4503	4591.3638	2287.3157		2288.3199
4682	2.01			4			2			  784956		1.0040		6			5		7.6981			 926.2679	7130.5157	3542.7641		3542.2320
4684	2.01			3			2			 5017147		0.9960		9			8		7.7227			1181.9250	9127.6777	4554.5986		4555.4559
4686	1.01			4			1			  617702		1.0009		2			1		11.5291			1728.5250	19928.3983	9930.8554		9929.9995
4687	1.01			4			1			  622117		0.9998		2			1		11.4229			1775.3277	20279.3404	10115.6167		10115.7672
4688	1.01			4			1			  516314		0.9997		2			1		11.4679			1464.9777	16800.2782	8377.6295		8376.3615
4689	1.01			4			1			  612790		0.9997		2			1		11.4421			1744.9490	19965.9462	9980.2102		9979.3811
4690	1.01			4			1			  607350		0.9997		2			1		11.3365			1740.6866	19733.2865	9843.9812		9842.8632
4691	1.01			4			1			  607960		0.9998		2			1		11.3848			1734.6987	19749.1768	9852.8694		9850.5592
4692	1.01			4			1			  625752		0.9998		2			1		11.4612			1769.2046	20277.1267	10117.5399		10113.8942
4693	1.01			4			1			  592652		0.9998		2			1		11.6350			1654.4219	19249.1780	9602.7997		9600.4890
4694	1.01			4			1			  272753		0.9999		1			0		7.6706			1150.0610	8821.6888	4396.0443		4395.0755
4695	1.01			4			1			  115596		1.0000		1			0		5.8070			 645.1925	3746.6443	1861.4939		1861.2128
4696	1.01			4			1			  289111		0.9975		5			4		11.2363			 837.3642	9408.8564	4682.6178		4681.0223
4712	1.01			4			1			  856300		0.9990		4			3		14.6791			1892.6490	27782.4128	13860.0014		13861.2378
4713	1.01			4			1			 1160739		0.9996		5			4		14.6488			2577.2868	37754.2599	18876.4973		18877.7626
4714	26.98			4			1			  797619		0.9982		7			6		11.1654			1648.2659	18403.5247	9178.3088		9179.1603
4715	2.01			4			1			  368224		0.9996		2			1		7.5301			1125.5691	8475.7035	4222.5048		4222.9239
4716	2.01			4			1			 1344909		0.9990		5			4		7.4585			1658.7191	12371.6026	6171.7105		6171.4446
4717	2.01			4			1			  731129		0.9989		3			2		7.5361			 874.0474	6586.9483	3270.9630		3272.0253
4718	2.01			4			1			 2182734		0.9987		8			7		7.5705			2646.1630	20032.6460	10003.7263		9998.9578
4719	2.01			4			1			 1404721		0.9986		5			4		7.5510			1691.7405	12774.3077	6369.9210		6368.5883
4720	2.01			4			1			 1505093		0.9998		5			4		7.4934			1830.9930	13720.4151	6851.7476		6850.4452
4721	2.01			4			1			 1470766		0.9990		5			4		7.6104			1758.8218	13385.2980	6671.3653		6670.1247
4722	2.01			4			1			 1581402		0.9989		6			5		7.5623			1900.6662	14373.3352	7165.4404		7164.1464
4723	2.01			4			1			 1511832		0.9986		5			4		7.5129			1851.4446	13909.7323	6955.7926		6953.9397
4724	2.01			4			1			 1548535		0.9985		6			5		7.5934			1873.1291	14223.4455	7097.8752		7095.6244
4725	2.01			4			1			 1842552		0.9989		7			6		7.6515			2214.1963	16941.8397	8457.2756		8454.6096
4726	2.01			4			1			 1455606		0.9981		5			4		7.5941			1759.3273	13360.5095	6665.2684		6664.1769
4727	2.01			4			1			 1493261		0.9984		5			4		7.6218			1800.4976	13723.0808	6846.6144		6845.7506
4728	2.01			4			1			  766583		0.9997		2			1		5.7481			1224.9594	7041.1981	3508.9316		3509.2114
4729	2.01			4			1			  509431		0.9998		1			0		3.8527			1218.5318	4694.6237	2339.4995		2339.8608
4731	2.01			4			2			  709751		0.9968		5			4		7.4965			 871.2739	6531.5277	3250.5093		3250.2223
4733	1.01			4			1			  571146		0.9998		2			1		11.1213			1668.5297	18556.2763	9255.6904		9255.3616
4734	1.01			4			1			  605841		0.9997		2			1		11.4456			1716.2624	19643.5685	9799.2423		9798.8194
4735	1.01			4			1			  580137		0.9997		2			1		11.1662			1683.0758	18793.5849	9375.2655		9372.4653
4736	1.01			4			1			  280844		0.9998		1			0		11.1246			 818.1957	9102.1096	4527.7273		4527.5280
4740	1.01			4			1			  607181		0.9997		2			1		11.3428			1732.1288	19647.1177	9804.7354		9796.7278
4741	1.01			4			1			  115903		0.9999		1			0		11.4923			 325.2013	3737.3162	1846.5164		1844.9011
4742	1.01			4			1			  580328		0.9997		2			1		11.1293			1687.4066	18779.6004	9370.0342		9364.7436
4743	1.01			4			1			  598547		0.9997		2			1		11.3086			1712.3389	19364.1787	9660.4689		9658.2708
4744	1.01			4			1			  623721		0.9997		2			1		11.3675			1773.2655	20157.5484	10056.3425		10056.6080
4745	1.01			4			1			  257477		0.9999		1			0		7.4946			1107.0985	8297.2638	4133.1003		4133.8400
4746	1.01			4			1			  322358		0.9999		1			0		5.7298			1805.9786	10347.9341	5162.2875		5162.8106
4747	1.01			4			1			  278559		0.9981		4			3		11.2297			 800.3342	8987.5219	4471.5633		4471.5982
4787	1.01			4			1			  288006		0.9996		1			0		11.2964			 820.1919	9265.2205	4612.6985		4605.8044
4788	26.98			4			1			 1004535		0.9977		8			7		11.3519			2035.6453	23108.5057	11537.4318		11525.5938
4789	26.98			4			1			  235849		0.9995		1			0		7.3968			 732.9121	5421.2133	2698.5334		2692.2094
4790	26.98			4			1			  379578		0.9995		2			1		7.6585			1135.9545	8699.6687	4337.5786		4331.2904
4791	26.98			4			1			  403572		0.9996		2			1		7.6689			1208.2139	9265.7072	4617.5285		4617.7614
4792	2.01			4			1			 1314194		0.9989		5			4		7.5415			1603.3401	12091.5100	6030.0982		6030.7043
4793	2.01			4			1			 1009836		0.9991		4			3		7.6065			1219.3097	9274.6457	4622.4041		4621.8568
4794	2.01			4			1			 2068794		0.9985		7			6		7.6999			2474.6304	19054.2934	9511.1007		9511.5961
4795	2.01			4			1			 1403701		1.0001		5			4		7.6195			1699.4828	12949.2283	6459.6116		6458.8445
4796	2.01			4			1			 1461414		0.9993		5			4		7.6938			1748.9074	13455.7415	6729.1509		6726.5905
4797	2.01			4			1			  546880		0.9992		2			1		7.6585			 659.2317	5048.7220	2509.5734		2508.1471
4798	2.01			4			1			 1846665		0.9988		6			5		7.7103			2210.4404	17043.0721	8508.3029		8503.3679
4799	2.01			4			1			 1344129		0.9992		5			4		7.5623			1640.1461	12403.2273	6188.6649		6183.6373
4800	2.01			4			1			 1224175		0.9989		4			3		7.6119			1461.2685	11122.9700	5541.6706		5536.9039
4801	2.01			4			1			 1294911		0.9987		5			4		7.7010			1557.6026	11995.0784	5984.9150		5978.2374
4802	2.01			4			1			 1457229		0.9978		5			4		7.7355			1747.0468	13514.3407	6745.6257		6737.7811
4803	2.01			4			1			 1320617		0.9988		5			4		7.6300			1603.2046	12232.4909	6101.1089		6102.2490
4804	2.01			4			1			  746682		0.9993		2			1		5.8199			1186.4614	6905.1028	3440.9684		3440.8982
4805	2.01			4			1			  532519		0.9998		1			0		3.9369			1254.2892	4938.0381	2461.5180		2460.7375
4806	2.01			4			2			  756721		0.9975		6			5		7.7621			 901.3480	6996.3950	3483.1626		3482.4487
4808	2.01			4			1			  576113		0.9997		2			1		11.4266			1641.6687	18758.6337	9357.8180		9353.5035
4809	2.01			4			1			  519657		0.9996		2			1		11.5456			1468.0567	16949.5645	8453.2752		8449.5513
4815	1.01			4			1			  553966		0.9998		2			1		11.4114			1584.3617	18079.7585	9017.2099		9015.7734
4816	1.01			4			1			  570064		1.0011		2			1		11.4258			1609.6611	18391.6733	9162.6239		9160.7448
4817	1.01			4			1			  130945		0.9997		1			0		11.7043			 366.7773	4292.8668	2122.7451		2122.8311
4820	1.01			4			1			  642157		0.9997		2			1		11.6277			1800.9704	20941.1136	10472.3858		10468.7277
4821	1.01			4			1			  622375		0.9998		2			1		11.6257			1746.2007	20300.8475	10128.3228		10124.4640
4822	1.01			4			1			  558580		0.9996		2			1		11.4888			1585.7822	18218.7597	9088.0016		9083.5674
4823	1.01			4			1			  602727		0.9996		2			1		11.7404			1677.2904	19692.0519	9848.4117		9842.9611
4824	1.01			4			1			  136857		0.9997		1			0		11.6281			 363.0536	4221.6098	2077.6117		2076.8179
4825	1.01			4			1			  609468		0.9998		2			1		11.6851			1699.4826	19858.5606	9909.4380		9903.4260
4826	1.01			4			1			  219269		0.9998		1			0		11.7524			 587.1952	6900.9361	3417.9961		3416.6885
4829	1.01			4			1			  523364		0.9997		2			1		11.4275			1496.7100	17103.7158	8528.6114		8528.5300
4830	1.01			4			1			  258287		0.9999		1			0		7.6090			1104.8652	8406.9498	4187.9519		4187.2897
4831	1.01			4			1			  275409		0.9999		1			0		5.7438			1562.2712	8973.3492	4475.6234		4474.0358
4832	1.01			4			1			  316016		0.9945		5			4		11.6077			 890.6580	10338.5306	5146.7061		5144.0351
4833	26.98			4			1			  767960		0.9972		6			5		11.1579			1598.7394	17838.4980	8921.7251		8916.7729
4834	26.98			4			1			  363792		0.9996		2			1		7.6752			1096.1035	8412.7666	4192.5920		4189.2186
4835	2.01			4			1			 1386281		0.9992		5			4		7.6387			1673.7729	12785.5184	6379.4042		6375.8135
4836	2.01			4			1			 1473496		0.9990		5			4		7.6874			1772.0132	13622.1519	6796.6535		6794.1456
4837	2.01			4			1			 1260917		0.9989		4			3		7.6075			1530.9117	11646.4210	5809.1845		5806.5841
4838	2.01			4			1			 1188592		0.9991		4			3		7.6966			1427.5969	10987.6725	5479.1319		5477.6160
4839	2.01			4			1			 1414540		0.9994		5			4		7.6873			1704.3206	13101.6680	6536.0357		6534.3605
4840	2.01			4			1			 1539615		0.9982		5			4		7.7752			1834.1237	14260.7312	7116.3855		7113.3726
4841	2.01			4			1			 1435598		0.9987		5			4		7.7749			1709.0905	13288.0829	6628.3445		6628.1677
4842	2.01			4			1			 1508719		1.0016		5			4		7.7747			1800.7340	14000.1637	6984.4986		6983.9702
4843	2.01			4			1			 1251110		0.9992		4			3		7.6713			1504.9306	11544.7604	5756.7422		5756.3868
4844	2.01			4			1			 1377082		0.9986		5			4		7.7703			1640.8905	12750.1370	6374.8304		6375.3067
4845	2.01			4			1			 1642637		0.9989		6			5		7.7418			1962.0321	15189.6808	7578.5774		7580.0923
4846	2.01			4			1			 1531140		0.9988		5			4		7.7760			1796.1548	13966.8805	6961.0612		6961.5202
4847	2.01			4			1			  799994		0.9994		2			1		5.7317			1285.8519	7370.1122	3672.7788		3673.4878
4848	2.01			4			1			  686285		0.9996		2			1		3.9303			1611.9326	6335.4071	3159.4333		3160.0093
4850	2.01			4			2			 1008591		0.9976		7			6		7.7902			1194.1745	9302.8714	4635.4323		4636.4380
4851	1.01			4			1			  555452		0.9998		2			1		11.5113			1573.9085	18117.7169	9034.0263		9036.5640
4852	1.01			4			1			  650562		0.9998		2			1		11.6182			1800.0235	20912.9716	10422.2330		10424.5324
4853	1.01			4			1			  647356		0.9997		2			1		11.5379			1830.0978	21115.4714	10532.5654		10535.8161
4854	1.01			4			1			  669064		0.9998		2			1		11.5322			1892.6483	21826.4553	10887.8913		10891.7073
4855	1.01			4			1			  644080		0.9998		2			1		11.4365			1834.2588	20977.5757	10462.9985		10468.1767
4856	1.01			4			1			  636100		0.9998		2			1		11.5782			1789.9086	20723.8492	10335.8871		10342.3082
4857	1.01			4			1			-2147483648		0.0001		2			1		11.5805			1767.6151	20469.9169	10210.7848		10211.6986
4858	1.01			4			1			  628734		0.9998		2			1		11.6268			1759.5299	20457.6684	10205.6544		10206.2842
4859	1.01			4			1			  281884		0.9999		1			0		7.7430			1182.7064	9157.7036	4563.2259		4563.5950
4860	1.01			4			1			  326559		0.9999		1			0		5.7953			1828.2034	10594.9386	5285.3577		5286.7297
4861	1.01			4			1			  311174		0.9954		5			4		11.1368			 912.3764	10160.9439	5057.3308		5057.6304
4862	26.98			4			1			  716903		0.9986		6			5		11.2654			1472.7589	16591.2570	8271.6120		8274.4207
4863	26.98			4			1			  381893		0.9997		2			1		7.6199			1156.6240	8813.3250	4389.9960		4391.6199
4864	2.01			4			1			 1480324		0.9990		5			4		7.6718			1779.1847	13649.5935	6805.9992		6811.2352
4865	2.01			4			1			-2147483648		-0.0002		3			2		7.6575			1137.1624	8707.8115	4330.4431		4333.5735
4866	2.01			4			1			 1347243		0.9991		5			4		7.5701			1625.2318	12303.1617	6127.2008		6130.7485
4867	2.01			4			1			 1333042		1.0004		5			4		7.7344			1597.8260	12358.2539	6163.6847		6163.7643
4868	2.01			4			1			 1235372		1.0007		4			3		7.5005			1523.7736	11429.1334	5699.0528		5698.9390
4869	2.01			4			1			 1436965		1.0003		5			4		7.5558			1732.4378	13089.9275	6536.6760		6535.4150
4870	2.01			4			1			 1357449		0.9993		5			4		7.5721			1645.7619	12461.9267	6216.3253		6215.0512
4871	2.01			4			1			 1391134		0.9988		5			4		7.6157			1682.8730	12816.3273	6393.5485		6392.6659
4872	2.01			4			1			 1527676		0.9992		5			4		7.6388			1837.3375	14035.1416	7002.7991		7001.6255
4873	2.01			4			1			 1475886		0.9984		5			4		7.6821			1769.6790	13594.9301	6782.8870		6782.1635
4874	2.01			4			1			 1409381		0.9997		5			4		7.5384			1720.5250	12970.0428	6469.9810		6470.0389
4875	2.01			4			1			 1118102		0.9993		4			3		7.4886			1375.1618	10298.0443	5134.3545		5132.9911
4876	2.01			4			1			  698188		0.9995		2			1		5.5557			1160.0751	6445.0181	3221.3120		3223.7061
4877	2.01			4			1			  503252		0.9998		1			0		3.8277			1220.8327	4672.9758	2328.1511		2329.5627
4879	2.01			4			2			  734444		0.9987		5			4		7.5691			 894.3120	6769.1543	3368.1038		3370.3263
4881	1.01			4			1			  611319		0.9996		2			1		11.1461			1773.6038	19768.8480	9859.4207		9864.2846
4882	1.01			4			1			  452489		0.9997		1			0		11.2406			1279.3782	14380.9673	7176.0820		7178.6201
4883	1.01			4			1			  817728		1.0000		2			1		11.2895			2322.5706	26220.6860	13075.2234		13079.8515
4884	1.01			4			1			  641377		0.9994		2			1		10.9587			1894.5434	20761.7131	10355.5286		10361.2611
4885	1.01			4			1			  663879		0.9997		2			1		11.1076			1936.4916	21509.7375	10735.8092		10740.0353
4886	1.01			4			1			  682669		0.9998		2			1		11.3713			1927.0142	21912.7019	10919.9637		10926.4029
4887	1.01			4			1			-2147483648		0.0002		2			1		11.2744			1891.2065	21322.1682	10644.7197		10650.1873
4888	1.01			4			1			  704762		0.9997		2			1		11.4441			1998.2299	22868.0151	11407.5306		11413.9043
4894	26.98			4			1			 1040841		0.9974		8			7		11.2647			2136.9638	24072.2386	12010.7852		12016.1763
4895	26.98			4			1			  427078		0.9994		2			1		7.6217			1301.1769	9917.2247	4942.5947		4943.6822
4896	2.01			4			1			 1437657		0.9985		5			4		7.6055			1742.4802	13252.3910	6610.4625		6610.3492
4897	2.01			4			1			 1436371		0.9980		5			4		7.6337			1729.7602	13204.5315	6587.3033		6586.7349
4898	2.01			4			1			 1483474		1.0003		5			4		7.6275			1777.3141	13556.5071	6756.5886		6755.8400
4899	2.01			4			1			 1075735		0.9985		4			3		7.5385			1299.5613	9796.7997	4876.4689		4876.6502
4900	2.01			4			1			 1459733		0.9984		5			4		7.6407			1760.4772	13451.2557	6710.4935		6710.2766
4901	2.01			4			1			 1316215		0.9986		5			4		7.5282			1612.6769	12140.5378	6054.9654		6054.6576
4902	2.01			4			1			 1399621		0.9984		5			4		7.6028			1696.7766	12900.2797	6435.4779		6434.1042
4903	2.01			4			1			 1429153		0.9989		5			4		7.6485			1722.6898	13175.9472	6571.8901		6572.6680
4904	2.01			4			1			 1323860		0.9985		5			4		7.5799			1610.2412	12205.3943	6087.9482		6086.8273
4905	2.01			4			1			-2147483648		0.0003		5			4		7.6979			1753.4460	13497.9231	6726.7448		6727.4673
4906	2.01			4			1			 1428543		0.9992		5			4		7.5953			1736.1200	13186.4189	6578.0580		6577.2517
4907	2.01			4			1			 1484880		0.9992		5			4		7.6426			1770.6197	13532.1365	6744.5710		6744.0455
4909	2.01			4			1			 1425390		0.9995		5			4		7.5435			1745.9982	13170.8609	6570.4035		6570.2594
4910	2.01			4			1			  770878		0.9989		2			1		5.7526			1242.6858	7148.6962	3562.7302		3562.5623
4911	2.01			4			1			  513608		0.9998		1			0		3.9436			1208.0447	4764.0569	2374.0991		2374.0623
4912	2.01			4			2			  778323		0.9983		6			5		7.6669			 941.4359	7217.9366	3593.4917		3593.3105
4913	1.01			4			1			  597616		0.9998		2			1		11.2922			1726.0054	19490.4195	9720.5772		9723.6815
4914	1.01			4			1			  637365		0.9997		2			1		11.4815			1807.5341	20753.2421	10352.8729		10355.6901
4915	1.01			4			1			  632969		0.9998		2			1		11.4015			1805.4030	20584.3697	10268.1484		10269.9209
4916	1.01			4			1			  622758		0.9998		2			1		11.3725			1777.5954	20215.7285	10083.1579		10086.2587
4917	1.01			4			1			  566866		0.9998		2			1		11.1162			1660.3431	18456.7187	9227.7174		9229.0013
4918	1.01			4			1			  528174		0.9997		2			1		10.5977			1618.1580	17148.8206	8572.7749		8576.0458
4919	1.01			4			1			  576339		0.9998		2			1		11.1437			1676.1754	18678.8178	9315.4454		9318.6372
4920	1.01			4			1			  610049		1.0009		2			1		11.1438			1750.7568	19510.1230	9720.5198		9724.5789
4921	1.01			4			1			  271335		0.9999		1			0		7.4216			1178.2078	8744.1839	4356.1232		4356.9379
4922	1.01			4			1			  210447		0.9999		1			0		5.6306			1203.3091	6775.3796	3375.7118		3376.7801
4923	1.01			4			1			   93019		1.0000		1			0		5.5672			 538.0893	2995.6674	1485.7966		1486.3392
4924	1.01			4			1			  303198		0.9963		5			4		11.3608			 861.3624	9785.7270	4869.8485		4870.6252
4926	26.98			4			1			  874629		0.9979		7			6		11.3613			1786.2223	20293.7782	10123.7247		10125.4040
4927	26.98			4			1			  402475		0.9993		2			1		7.6418			1221.6784	9335.8398	4652.4169		4653.0302
4928	2.01			4			1			 1451953		0.9987		5			4		7.5354			1783.1776	13436.8838	6703.2255		6703.9362
4929	2.01			4			1			 1554961		0.9981		5			4		7.5479			1905.7750	14384.5919	7176.5172		7176.8411
4930	2.01			4			1			 1430139		0.9988		5			4		7.4592			1775.6335	13244.7798	6607.1292		6607.4810
4931	2.01			4			1			 1565803		0.9985		5			4		7.5093			1929.3538	14488.1315	7228.1040		7230.0193
4932	2.01			4			1			   36721		0.9999		1			0		7.6666			  44.3841	 340.2753	 155.2614		 154.8947
4933	2.01			4			1			 1442396		0.9985		5			4		7.5793			1760.7936	13345.5715	6656.5564		6658.5944
4934	2.01			4			1			 1669494		0.9987		5			4		7.6185			2028.3380	15452.9419	7709.9849		7712.6603
4935	2.01			4			1			 1508701		0.9988		5			4		7.6465			1827.8993	13977.0382	6972.1869		6973.9121
4936	2.01			4			1			 1557227		0.9991		5			4		7.6515			1874.2453	14340.7308	7155.3760		7155.5527
4937	2.01			4			1			 1538283		0.9992		5			4		7.5737			1871.7082	14175.8241	7072.8992		7072.9835
4938	2.01			4			1			 1432246		0.9987		5			4		7.5440			1752.4938	13220.8650	6595.2619		6595.6813
4939	2.01			4			1			 1403183		0.9985		5			4		7.6097			1701.6146	12948.8575	6459.0330		6458.5343
4940	2.01			4			1			 1441243		0.9982		5			4		7.6371			1743.2919	13313.7709	6641.2684		6641.7192
4942	2.01			4			1			  751101		0.9997		2			1		5.7219			1211.0216	6929.2884	3452.8190		3452.8073
4943	2.01			4			1			  491754		0.9998		1			0		3.8741			1179.1544	4568.1374	2276.4620		2276.7616
4944	2.01			4			2			  771826		0.9999		2			1		7.6354			 932.7079	7121.6396	3545.1925		3545.5893
4945	1.01			4			1			  326014		0.9996		1			0		11.5735			 911.8690	10553.4890	5253.9996		5254.2902
4946	1.01			4			1			  645738		0.9998		2			1		11.5300			1817.5811	20956.7948	10453.1789		10456.6624
4947	1.01			4			1			  546131		0.9997		2			1		11.3505			1557.7721	17681.4187	8816.8536		8818.4270
4948	1.01			4			1			  432054		0.9998		1			0		11.2161			1250.6019	14026.9015	6990.6400		6991.3940
4949	1.01			4			1			  583312		0.9997		2			1		11.4080			1660.6131	18944.3542	9447.2600		9451.7680
4950	1.01			4			1			  825326		1.0007		2			1		11.4001			2338.0119	26653.5370	13290.7900		13297.2934
4951	1.01			4			1			  537343		0.9997		2			1		11.1732			1567.5148	17514.1478	8732.3690		8736.8320
4952	1.01			4			1			  361377		0.9997		1			0		11.5285			 998.6821	11513.3280	5722.9354		5725.5393
4972	1.01			6			1			 1780629		0.9985		4			3		12.9629			1616.3984	20953.2759	10476.2846		10476.9913
4973	1.01			6			1			 1669350		0.9985		4			3		12.6416			1569.4434	19840.3144	9894.0890		9892.6606
4974	1.01			6			1			 1846045		0.9980		4			3		13.1332			1660.2413	21804.2342	10877.2900		10873.9718
4975	1.01			6			1			 1689543		0.9984		4			3		12.8290			1561.9332	20037.9785	9993.7026		9990.4448
4976	1.01			6			1			 1485319		0.9987		4			3		12.7966			1377.0896	17622.0942	8785.4007		8782.7142
4977	1.01			6			1			 1815499		0.9982		4			3		13.0890			1642.8867	21503.7218	10727.1023		10724.1887
4978	1.01			6			1			 2073930		0.9982		5			4		13.2599			1853.5757	24578.1659	12263.7034		12260.9021
4979	1.01			6			1			 1896023		0.9984		5			4		13.0600			1621.8787	21181.7157	10566.0428		10562.1913
4980	1.01			6			1			  721401		0.9996		2			1		9.3883			1160.4130	10894.3255	5430.7539		5428.6366
4981	1.01			6			1			  411613		0.9998		1			0		5.6075			1702.4953	9546.7325	4762.4431		4761.1504
4983	1.01			6			1			  906323		0.9983		2			1		12.8858			 784.8738	10113.7321	5031.7245		5029.7169
4986	26.98			6			1			 3167583		0.9871		13			12		13.1215			1688.7592	22159.1136	11055.2790		11052.5222
4987	26.98			6			1			  385666		0.9997		1			0		6.5735			1093.2618	7186.5843	3583.1457		3582.1317
4988	2.01			6			1			 4126009		0.9921		11			10		6.6194			1791.7017	11859.9845	5916.9646		5916.5688
4989	2.01			6			1			 2193465		0.9939		6			5		6.5948			 957.5386	6314.7498	3143.9577		3143.6590
4990	2.01			6			1			 3749742		0.9932		10			9		6.6017			1636.7972	10805.6739	5390.1345		5388.7746
4991	2.01			6			1			 3980269		0.9917		10			9		6.5160			1770.3553	11535.6217	5755.3236		5754.0592
4992	2.01			6			1			 4005318		0.9930		10			9		6.5640			1758.5828	11543.4202	5758.9586		5757.9512
4993	2.01			6			1			 4072437		0.9911		10			9		6.5855			1782.5339	11738.8385	5869.5566		5869.2819
4994	2.01			6			1			 3970243		0.9941		10			9		6.5950			1742.4463	11491.4478	5732.4194		5732.1901
4995	2.01			6			1			 4250465		0.9942		11			10		6.5937			1860.1384	12265.1297	6119.6148		6118.8100
4996	2.01			6			1			 4064125		0.9917		10			9		6.6070			1766.2281	11669.4739	5821.7689		5821.4353
4997	2.01			6			1			 4275791		0.9933		11			10		6.5867			1878.4064	12372.5226	6173.5995		6173.2992
4998	2.01			6			1			 3955265		0.9911		10			9		6.5737			1737.3149	11420.5521	5697.1521		5696.9410
4999	2.01			6			1			 3759746		0.9922		10			9		6.5865			1639.1991	10796.6642	5385.2910		5384.9551
5000	2.01			6			1			 4055850		0.9931		10			9		6.6289			1763.4204	11689.4604	5832.3466		5831.1049
5001	2.01			6			1			 2874229		0.9926		8			7		6.6462			1241.2989	8249.9430	4112.2290		4111.0769
5002	2.01			6			1			 4633780		0.9933		12			11		6.5660			2035.4757	13364.9065	6669.1935		6669.3495
5003	2.01			6			1			 4450416		0.9928		11			10		6.4368			2006.1118	12912.9204	6443.9271		6442.8842
5004	2.01			6			1			 3638927		0.9931		9			8		6.4780			1630.9110	10565.0796	5269.3854		5269.0438
5006	2.01			6			1			 1320612		0.9984		3			2		4.6492			1089.5071	5065.3138	2531.9936		2533.3202
5007	2.01			6			1			  930028		0.9995		2			1		3.7522			1156.7259	4340.2292	2161.4801		2162.5981
5008	2.01			6			1			  480703		0.9992		1			0		3.7928			 591.3704	2242.9651	1113.7824		1114.2976
5011	2.01			6			5			 2050867		0.9962		6			5		6.6850			 869.9209	5815.4586	2894.1661		2894.5599
5012	1.01			6			1			 1812114		0.9979		4			3		12.6900			1601.3109	20320.6092	10133.9345		10134.4003
5013	1.01			6			1			 1760365		0.9975		4			3		12.6045			1574.8226	19849.8418	9898.8031		9898.3041
5014	1.01			6			1			 1806103		0.9984		4			3		12.6504			1605.0321	20304.3175	10126.0135		10125.7597
5015	1.01			6			1			 1925442		0.9975		5			4		12.8733			1682.4675	21658.8641	10804.0566		10801.5500
5016	1.01			6			1			 1832472		0.9978		4			3		12.7491			1614.7411	20586.4687	10293.6363		10292.8325
5017	1.01			6			1			 1909565		0.9975		5			4		12.7338			1684.5648	21450.9923	10726.3398		10724.6524
5018	1.01			6			1			 1829379		0.9977		4			3		12.5170			1653.3742	20695.3383	10321.9638		10321.8688
5019	1.01			6			1			 1830703		0.9985		4			3		12.6049			1635.9521	20620.9892	10308.2170		10312.7722
5020	1.01			6			1			  609211		0.9996		2			1		9.0360			1035.2449	9354.4972	4655.8964		4660.8217
5021	1.01			6			1			  379595		0.9998		1			0		5.5435			1595.3229	8843.7378	4408.6409		4412.2509
5024	1.01			6			3			  944436		0.9983		5			4		12.9417			 806.2879	10434.7716	5190.9050		5192.1938
5025	26.98			6			1			 2978217		0.9886		12			11		12.8879			1617.5150	20846.4257	10396.6186		10397.0701
5028	26.98			6			1			  400097		0.9997		1			0		6.6711			1091.8751	7283.9541	3628.5376		3628.6819
5029	2.01			6			1			 4002999		0.9928		10			9		6.6481			1710.8162	11373.6977	5673.6419		5673.5100
5030	2.01			6			1			 4379130		0.9919		11			10		6.6145			1891.7354	12512.9483	6243.5653		6243.1844
5031	2.01			6			1			 4795505		0.9921		12			11		6.5367			2117.9859	13844.6559	6909.0462		6909.1526
5032	2.01			6			1			 4042772		0.9923		10			9		6.5962			1759.0568	11603.1535	5788.0813		5788.6199
5033	2.01			6			1			 3704191		0.9925		10			9		6.6476			1583.0427	10523.5067	5248.9532		5248.7433
5034	2.01			6			1			 3942060		0.9933		10			9		6.6122			1701.2852	11249.1667	5611.4907		5610.9487
5035	2.01			6			1			 3736872		0.9927		10			9		6.5843			1620.9315	10672.6461	5336.2306		5336.4155
5036	2.01			6			1			 3722683		0.9947		10			9		6.5932			1613.8274	10640.2467	5306.6747		5307.1620
5037	2.01			6			1			 4119441		0.9926		11			10		6.6838			1744.8144	11661.9340	5817.9763		5817.2930
5038	2.01			6			1			 3535825		0.9917		9			8		6.5586			1546.7778	10144.7632	5059.1828		5059.4304
5039	2.01			6			1			 3378827		0.9942		9			8		6.6172			1456.9608	9641.0182	4807.0365		4807.2425
5040	2.01			6			1			 4127775		0.9935		11			10		6.6800			1753.2718	11711.9299	5842.2638		5842.8825
5041	2.01			6			1			 3419198		0.9941		9			8		6.5878			1486.2232	9790.9928	4881.7671		4882.4858
5042	2.01			6			1			 3876947		0.9942		10			9		6.6616			1644.9162	10957.7723	5464.9188		5465.2459
5043	2.01			6			1			 1550535		0.9945		4			3		6.6686			 658.6228	4392.1230	2182.9621		2183.1197
5052	2.01			6			1			 4129803		0.9802		11			10		6.5956			1734.8348	11442.2464	5709.1105		5707.4577
5054	2.01			6			1			 3485995		0.9783		9			8		6.6143			1465.7564	9694.9153	4835.1521		4833.8508
5055	2.01			6			1			 1631068		0.9947		4			3		4.8731			1212.4086	5908.1410	2944.3029		2944.6056
5056	2.01			6			1			 1391803		0.9988		3			2		3.8470			1628.0357	6263.0684	3123.7662		3123.9904
5058	2.01			6			5			 2194820		0.9967		6			5		6.6934			 915.1166	6125.2719	3049.2939		3049.4887
5059	1.01			6			1			 1946341		0.9967		5			4		13.0613			1613.2185	21070.7126	10508.0669		10510.4628
5060	1.01			6			1			 1825794		0.9964		4			3		12.9050			1545.0523	19938.9032	9941.5453		9942.9021
5062	1.01			6			1			 2141195		0.9964		5			4		13.1464			1779.4218	23393.0416	11688.8453		11689.5350
5063	1.01			6			1			 1867048		0.9961		5			4		12.9048			1586.9331	20479.1311	10212.3179		10214.1634
5064	1.01			6			1			 1936948		0.9958		5			4		12.8949			1654.5241	21334.9042	10667.2955		10667.6088
5065	1.01			6			1			 1435693		0.9954		4			3		12.6104			1267.0433	15977.9555	7985.7493		7985.0844
5066	1.01			6			1			 2066199		0.9962		5			4		12.8605			1772.0135	22788.9395	11394.4442		11394.4953
5067	1.01			6			1			  416502		0.9967		1			0		11.8510			 397.0209	4705.1043	2326.2902		2326.5535
5068	1.01			6			1			   17590		1.0000		1			0		4.2026			 116.1361	 488.0688	 234.4638		 234.2767
5069	1.01			6			1			  729345		0.9995		2			1		9.2095			1171.5433	10789.3323	5376.2034		5375.3673
5073	1.01			6			1			  463002		0.9998		1			0		5.6853			1827.6629	10390.8223	5184.4733		5183.1624
5075	1.01			4			5			 4240995		0.9999		2			1		13.1062			1263.3560	16557.8035	8252.1747		8251.6545
5076	1.01			6			1			 1262549		0.9769		17			16		13.0255			1056.6250	13763.0793	6855.1254		6855.3285
5077	26.98			6			1			 3416434		0.9826		14			13		12.9381			1844.5434	23864.9710	11906.0461		11905.8141
5078	26.98			6			1			  458894		0.9998		1			0		6.6390			1276.4140	8474.0957	4224.1545		4223.6311
5079	2.01			6			1			 4838233		0.9789		12			11		6.5802			2112.5391	13900.9349	6950.2861		6950.6488
5080	2.01			6			1			 4142967		0.9824		10			9		6.6450			1783.6505	11852.2953	5913.1165		5913.3584
5081	2.01			6			1			 1725219		0.9781		5			4		6.5350			 763.8997	4992.1094	2482.6778		2482.3260
5082	2.01			6			1			 4292310		0.9796		11			10		6.6915			1832.5606	12262.6592	6117.5995		6118.0846
5083	2.01			6			1			 4186060		0.9804		11			10		6.6018			1824.4828	12044.7850	6008.6891		6009.2480
5084	2.01			6			1			 4142590		0.9804		10			9		6.6401			1790.2134	11887.2148	5929.6553		5931.1578
5085	2.01			6			1			  978474		0.9785		3			2		6.5786			 429.5984	2826.1628	1412.8770		1413.2858
5086	2.01			6			1			 5596027		0.9784		14			13		6.5161			2490.6153	16229.1695	8101.2596		8101.9044
5087	2.01			6			1			 3988004		0.9796		10			9		6.6330			1725.4974	11445.2984	5709.3669		5709.7267
5088	2.01			6			1			 3690166		0.9793		9			8		6.5983			1607.9749	10609.9257	5291.6775		5291.4319
5089	2.01			6			1			 4019397		0.9796		10			9		6.5999			1762.2704	11630.7684	5802.3222		5801.9026
5090	2.01			6			1			 4031738		0.9814		10			9		6.6384			1747.2838	11599.2178	5786.2266		5786.3431
5091	2.01			6			1			 4097608		0.9819		10			9		6.6542			1774.6855	11809.1778	5890.8058		5891.6034
5092	2.01			6			1			 4016197		0.9804		10			9		6.6107			1754.0838	11595.6466	5784.8746		5784.2722
5093	2.01			6			1			 4027885		0.9798		10			9		6.5934			1763.2854	11626.0075	5799.0749		5799.9433
5094	2.01			6			1			 4132665		0.9797		10			9		6.6948			1771.0321	11856.6587	5914.7450		5915.2104
5095	2.01			6			1			 2221070		0.9790		6			5		6.7069			 949.2217	6366.3131	3169.2826		3169.7056
5096	2.01			6			1			 1393194		0.9969		3			2		4.6916			1147.7270	5384.7154	2682.7058		2683.0362
5097	2.01			6			1			 1456980		0.9985		3			2		3.8176			1778.0685	6787.8815	3385.8717		3386.4320
5101	2.01			6			5			 2115717		0.9973		6			5		6.6893			 906.4225	6063.3731	3018.0162		3017.9067
5102	1.01			6			1			   90213		0.9920		1			0		13.3816			  74.1538	 992.2998	 469.0653		 468.7691
5103	1.01			6			1			 2081418		0.9960		5			4		13.1234			1748.6031	22947.5764	11447.9615		11447.0171
5104	1.01			6			1			 1907620		0.9948		5			4		13.3287			1578.9154	21044.9501	10496.6177		10494.6434
5106	1.01			6			1			 2134222		0.9967		5			4		13.2250			1784.3608	23598.1871	11772.4972		11771.6649
5107	1.01			6			1			 2061707		0.9964		5			4		13.1530			1742.3109	22916.5922	11432.1607		11432.0432
5108	1.01			6			1			 1983599		0.9962		5			4		13.0059			1706.6550	22196.6003	11070.9713		11072.1315
5109	1.01			6			1			 2090869		0.9970		5			4		13.1959			1766.0932	23305.2360	11626.3472		11625.7708
5110	1.01			6			1			 2143994		0.9978		5			4		13.2907			1801.5802	23944.3125	11945.2805		11945.4049
5111	1.01			6			1			 2143257		0.9980		5			4		13.2759			1804.4897	23956.1791	11951.0016		11952.6115
5112	1.01			6			1			  743452		0.9992		2			1		9.4679			1195.1222	11315.2972	5638.5710		5639.5666
5113	1.01			6			1			  434579		0.9998		1			0		5.6582			1797.3179	10169.6508	5072.1578		5073.7034
5118	1.01			6			3			  998768		0.9981		5			4		13.1032			 850.5030	11144.2705	5544.3169		5546.9718
5119	26.98			6			1			 2917949		0.9903		12			11		12.7867			1671.3037	21370.4136	10656.2720		10661.0110
5120	26.98			6			1			  251878		0.9997		1			0		6.3793			 762.1746	4862.1128	2417.5353		2417.7751
5121	2.01			6			1			 3590230		0.9921		9			8		6.4367			1642.9886	10575.4448	5273.4427		5274.8152
5122	2.01			6			1			 4503364		0.9926		11			10		6.6250			1974.0422	13078.0059	6524.5847		6526.6476
5134	2.01			6			1			 3619876		0.9935		9			8		6.5711			1581.7230	10393.6003	5191.7159		5193.5611
5135	2.01			6			1			 4304220		0.9937		11			10		6.6514			1858.1084	12359.0910	6164.0430		6167.3168
5136	2.01			6			1			 4106979		0.9933		10			9		6.7099			1751.8167	11754.5364	5862.0857		5866.5511
5137	2.01			6			1			 4102370		0.9930		11			10		6.8170			1710.0714	11657.5405	5812.9293		5817.2043
5138	2.01			6			1			 4146872		0.9926		11			10		6.6938			1783.5148	11938.5751	5953.8573		5958.1592
5139	2.01			6			1			 3942521		0.9940		10			9		6.6722			1702.4598	11359.1972	5664.1667		5668.0071
5140	2.01			6			1			 4104074		0.9915		10			9		6.7236			1754.2524	11794.9058	5883.7566		5883.4341
5141	2.01			6			1			 4196944		0.9919		11			10		6.6321			1836.6268	12180.6063	6077.3866		6076.4274
5142	2.01			6			1			 3955658		0.9943		10			9		6.7375			1698.6032	11444.4104	5708.9022		5708.4988
5143	2.01			6			1			 4052327		0.9942		10			9		6.6849			1750.4637	11701.7339	5837.3391		5837.3965
5144	2.01			6			1			 3960219		0.9946		10			9		6.6746			1719.3745	11476.1352	5725.0301		5723.9375
5145	2.01			6			1			 4152588		0.9941		10			9		6.7807			1783.3458	12092.3112	6046.3271		6045.9841
5146	2.01			6			1			 4097781		0.9946		10			9		6.6507			1822.8584	12123.1945	6049.2470		6048.3389
5147	2.01			6			1			 4150570		0.9936		11			10		6.6981			1793.0548	12010.1207	5992.3784		5991.4718
5148	2.01			6			1			 4177889		0.9955		11			10		6.7204			1793.6976	12054.4044	6014.4824		6013.2113
5149	2.01			6			1			 1564139		0.9976		4			3		4.8704			1220.5952	5944.7524	2962.8717		2962.4329
5150	2.01			6			1			 1426738		0.9994		3			2		3.7857			1792.7517	6786.8236	3385.5459		3385.5987
5151	2.01			4			5			 5961009		0.9995		3			2		6.6897			1185.0407	7927.5359	3950.9847		3949.9908
5152	2.01			6			1			 1318837		0.8397		15			14		6.6507			 576.3968	3833.4154	1903.7501		1903.1387
5153	2.01			6			5			 1623950		0.9966		5			4		6.7048			 697.7633	4678.3812	2325.7561		2325.6685
5154	1.01			6			1			 2131782		0.9982		5			4		13.4548			1751.7154	23568.9310	11759.8831		11756.0740
5155	1.01			6			1			 2420146		0.9977		6			5		13.4229			2000.2593	26849.2993	13401.1111		13395.5129
5176	1.01			6			1			 2149022		0.9933		5			4		13.2704			1715.5859	22766.4314	11356.5066		11354.8384
5177	1.01			6			1			 2085091		0.9928		5			4		13.1991			1688.2856	22283.9088	11142.5322		11141.3766
5178	1.01			6			1			 2284255		0.9933		6			5		13.4196			1817.6828	24392.5851	12169.9163		12168.3494
5179	1.01			6			1			 2588963		0.9939		6			5		13.3399			2091.3957	27898.9144	13923.9152		13920.2238
5180	1.01			6			1			 2123036		0.9943		5			4		13.3932			1709.4966	22895.5522	11421.4466		11420.1412
5181	1.01			6			1			 2002192		0.9938		5			4		13.1422			1635.4782	21493.8260	10719.8871		10719.1246
5182	1.01			6			1			 2226846		0.9946		5			4		13.5113			1783.0754	24091.7001	12019.9506		12017.2954
5237	1.01			4			1			  581500		0.9998		1			0		9.4797			1743.3263	16526.2080	8256.3865		8232.3724
5238	1.01			4			1			 1972811		0.9969		7			6		27.9652			2034.7657	56902.6649	28400.1112		28388.3474
5239	1.01			4			1			 1656299		0.9972		6			5		27.8223			1716.2294	47749.3899	23824.1361		23810.7195
5240	1.01			4			1			 1654863		0.9967		6			5		27.8427			1717.3451	47815.5864	23855.9028		23843.2301
5241	1.01			4			1			 1719811		0.9971		6			5		28.7145			1728.7118	49639.0912	24767.6844		24753.6315
5242	1.01			4			1			 1690856		0.9982		6			5		28.4045			1717.1082	48773.6802	24336.3940		24320.9565
5243	1.01			4			1			 1742388		0.9980		6			5		28.4271			1770.4909	50329.8887	25113.6504		25101.7353
5244	1.01			4			1			 1752585		0.9983		6			5		28.7921			1756.1472	50563.2235	25229.0642		25218.3971
5245	1.01			4			1			 1498673		0.9974		5			4		28.2311			1533.2798	43286.1925	21591.8996		21578.8510
5246	1.01			4			1			  761574		0.9993		2			1		18.9209			1156.8610	21888.9013	10906.2239		10902.8822
5247	1.01			4			1			  830733		0.9867		11			10		28.4387			 845.0224	24031.3787	11960.5422		11954.4896
5249	26.98			4			1			 1656442		0.9923		13			12		27.9018			1692.3789	47220.3797	23555.3780		23549.0151
5250	26.98			4			1			  539190		0.9994		2			1		14.2651			1074.4188	15326.7109	7636.7399		7632.3564
5252	2.01			6			1			 1026990		0.9994		4			3		14.4936			1740.3149	25223.3685	12585.5564		12580.2643
5253	2.01			6			1			  812803		0.9996		3			2		13.9874			1438.8619	20125.9214	10037.1203		10030.5096
5254	2.01			6			1			  986915		0.9993		4			3		14.1998			1714.4354	24344.6559	12147.1733		12139.6455
5255	2.01			6			1			 1023042		0.9988		4			3		14.4290			1749.2120	25239.3386	12594.1755		12587.0251
5263	2.01			4			1			  940490		0.9973		3			2		13.1484			 743.6022	9777.1971	4885.7786		4885.5671
5264	2.01			4			1			 2427009		0.9918		7			6		13.0226			1936.3564	25216.3411	12552.2468		12549.9750
5265	2.01			4			1			 2208521		0.9961		7			6		13.9934			1639.5160	22942.4104	11443.2160		11440.5679
5266	2.01			4			1			  744246		0.9971		3			2		12.9288			 598.2715	7734.9176	3839.3275		3838.7016
5267	2.01			4			1			  962145		0.9967		3			2		13.0499			 766.9444	10008.5729	5005.0299		5003.5429
5268	2.01			4			1			 2356217		0.9956		7			6		13.9245			1759.9701	24506.7579	12224.7806		12223.9352
5269	2.01			4			1			 2545744		0.9966		8			7		14.0438			1885.3414	26477.3146	13209.6762		13209.6770
5270	2.01			4			1			 3173282		0.9963		9			8		14.2149			2321.0629	32993.5933	16496.0179		16497.5754
5271	2.01			4			1			 2274862		0.9968		7			6		14.2222			1665.7891	23691.1514	11816.0529		11817.1989
5272	2.01			4			1			 2390467		0.9960		7			6		14.3171			1736.4924	24861.5123	12402.2358		12400.0653
5273	2.01			4			1			 1844063		0.9953		6			5		14.2881			1342.2455	19178.1101	9560.2299		9559.2084
5274	2.01			4			1			 2346104		0.9969		7			6		14.0267			1741.2620	24424.1183	12184.7261		12181.5027
5275	2.01			4			1			 2377545		0.9967		7			6		14.3065			1728.5424	24729.3689	12337.5448		12335.8084
5276	2.01			4			1			  959005		0.9986		2			1		9.3805			1060.7519	9950.3441	4956.6887		4955.7265
5277	2.01			4			1			  809649		0.9997		1			0		4.8321			1736.9998	8393.3879	4186.8366		4186.4387
5279	2.01			4			2			 1235606		0.9922		8			7		14.5728			 882.0655	12854.1719	6399.0207		6397.7606
5280	1.01			4			1			 1466401		0.9990		2			1		27.1634			1539.0974	41807.1563	20843.8742		20844.6507
5281	1.01			4			1			 1602997		0.9992		2			1		27.6988			1652.4575	45771.1431	22884.1297		22887.0134
5282	1.01			4			1			 1725116		0.9992		3			2		28.5821			1724.0093	49275.8249	24577.7715		24581.4016
5283	1.01			4			1			 1666288		0.9990		2			1		28.0181			1698.9055	47600.1876	23741.8148		23746.6243
5284	1.01			4			1			 1804229		0.9992		3			2		28.7600			1799.6177	51757.0681	25817.0850		25824.8880
5285	1.01			4			1			 1749165		0.9989		3			2		28.5042			1757.7054	50101.9042	24991.1449		24992.8811
5286	1.01			4			1			 1934159		0.9984		3			2		34.9495			1590.3839	55583.0847	27712.0449		27715.6308
5287	1.01			4			1			 2209562		0.9978		4			3		37.0430			1713.0492	63456.5498	31646.8472		31655.4371
5288	1.01			4			1			  741706		0.9995		1			0		18.6284			1126.3473	20982.0228	10452.5780		10452.7837
5289	1.01			4			1			  606656		0.9998		1			0		9.4746			1798.5700	17040.7576	8500.0027		8502.7749
5292	1.01			4			2			  801853		0.9964		6			5		27.9497			 815.6590	22797.4240	11338.1788		11345.3098
5293	26.98			4			2			 1737990		0.9996		2			1		28.3840			1744.6124	49519.1614	24695.5618		24706.9767
5294	26.98			4			1			  517175		0.9997		1			0		13.7353			1066.3677	14646.8331	7322.1389		7324.6941
5295	2.01			4			1			 2897785		0.9969		6			5		18.5638			1624.2102	30151.4749	15035.7459		15039.2214
5296	2.01			4			1			 3131968		0.9970		6			5		18.7474			1736.8620	32561.6035	16241.5913		16244.0636
5297	2.01			4			1			 2879991		0.9973		6			5		18.2811			1638.7920	29958.9577	14938.7171		14943.5310
5298	2.01			4			1			 2973331		0.9975		6			5		18.5418			1667.9554	30926.9668	15424.6966		15425.4731
5299	2.01			4			1			 2712833		0.9959		5			4		18.0806			1561.2242	28227.9475	14074.0913		14078.0605
5300	2.01			4			1			 1500277		0.9968		3			2		18.3571			 852.1611	15643.2462	7781.6553		7784.9737
5301	2.01			4			1			 3704666		0.9952		7			6		18.7462			2057.2638	38565.9381	19279.6228		19286.3154
5302	2.01			4			1			 3421558		0.9968		7			6		18.9362			1880.6070	35611.5911	17764.1197		17770.4252
5303	2.01			4			1			 1510186		0.9965		3			2		18.6006			 844.4142	15706.5794	7813.4548		7816.0315
5304	2.01			4			1			 1132976		0.9965		3			2		17.4721			 674.4216	11783.5447	5851.9715		5855.5260
5305	2.01			4			1			 4499143		0.9971		9			8		18.9126			2473.9730	46789.3593	23352.2924		23359.8907
5306	2.01			4			1			 3134293		0.9963		6			5		18.6852			1744.1051	32588.9015	16257.9527		16257.0846
5307	2.01			4			1			 2742069		0.9979		5			4		18.1653			1570.4253	28527.3183	14226.2456		14223.9309
5308	2.01			4			1			 2999859		0.9960		6			5		18.4187			1694.0038	31201.3960	15596.2426		15592.0187
5309	2.01			4			1			 2738330		0.9966		5			4		17.8830			1590.7905	28448.1424	14188.0382		14184.3448
5310	2.01			4			1			 3056303		0.9974		6			5		18.8993			1682.8063	31803.8555	15863.8404		15863.6375
5311	2.01			4			1			 2996745		0.9977		6			5		18.6558			1670.2556	31159.8932	15542.7630		15539.8846
5312	2.01			4			1			 3168156		0.9970		6			5		19.0586			1729.3892	32959.8064	16442.2043		16441.3246
5313	2.01			4			1			 1576639		0.9966		3			2		14.1527			1158.1809	16391.3685	8167.7026		8166.1325
5314	2.01			4			1			 1602148		0.9995		2			1		9.5344			1740.8574	16598.0839	8280.6209		8279.1782
5315	2.01			4			3			 1370580		0.9933		6			5		17.8694			 796.4101	14231.3912	7113.9236		7113.0841
5316	1.01			4			1			 1614956		0.9975		6			5		27.2680			1683.1783	45896.8956	22891.9081		22890.6542
5317	1.01			4			1			 1737252		0.9978		6			5		28.2223			1749.8559	49384.8871	24637.8704		24635.8753
5318	1.01			4			1			 1402806		0.9977		5			4		27.4537			1452.0225	39863.3987	19874.6967		19873.0014
5319	1.01			4			1			 1683849		0.9972		6			5		28.5029			1680.5734	47901.1878	23892.6028		23893.6245
5320	1.01			4			1			 1688755		0.9970		6			5		27.9191			1720.0861	48023.2259	23954.5915		23953.0117
5321	1.01			4			1			 1581801		0.9971		5			4		27.3338			1643.5302	44923.9070	22405.4611		22403.3616
5322	1.01			4			1			 1736595		0.9976		6			5		28.5135			1733.4824	49427.7156	24654.7511		24656.1409
5324	1.01			4			1			 1689737		0.9980		6			5		27.9454			1720.8979	48091.2446	23987.5645		23987.5844
5325	1.01			4			1			  707838		0.9996		2			1		18.1432			1103.5465	20021.8714	9972.5999		9974.1378
5326	1.01			4			1			  594523		0.9998		1			0		9.5777			1739.9438	16664.6595	8312.7459		8314.1473
5327	1.01			4			2			  807241		0.9928		6			5		27.6396			 828.7171	22905.3721	11394.8963		11395.8217
5328	26.98			4			1			  771723		0.9914		6			5		27.6072			 795.1584	21952.0817	10915.0883		10920.4039
5329	26.98			4			1			  546092		0.9996		2			1		13.9213			1112.7481	15490.8648	7714.6038		7718.8425
5330	2.01			4			1			 2439277		0.9966		7			6		14.2069			1783.5500	25338.6754	12637.9210		12642.2814
5331	2.01			4			1			 2446269		0.9974		7			6		14.2144			1785.1739	25375.2259	12656.7373		12660.9988
5332	2.01			4			1			 2372314		0.9961		7			6		14.1883			1733.6973	24598.1524	12269.1889		12272.8002
5333	2.01			4			1			 2207819		0.9964		6			5		14.0694			1624.3156	22853.1427	11396.5625		11400.3290
5334	2.01			4			1			 2407614		0.9962		7			6		14.0350			1775.5328	24919.6315	12430.4977		12431.8895
5335	2.01			4			1			 2383206		0.9966		7			6		14.0861			1752.0892	24680.1471	12310.9853		12311.0215
5336	2.01			4			1			 2340857		0.9965		7			6		14.0303			1728.0705	24245.4299	12095.4265		12092.6894
5337	2.01			4			1			 2342859		0.9969		7			6		13.9822			1732.8743	24229.3211	12086.0602		12085.5029
5338	2.01			4			1			 2366113		0.9973		7			6		14.0566			1742.5495	24494.3116	12218.4157		12219.1726
5339	2.01			4			1			 2379556		0.9973		7			6		14.1440			1752.0557	24781.1198	12362.0293		12363.1025
5340	2.01			4			1			 2364953		0.9976		7			6		14.2559			1726.2777	24609.6031	12275.8946		12276.8963
5341	2.01			4			1			 2513867		0.9962		7			6		14.0679			1860.3433	26171.1964	13055.9215		13057.0829
5342	2.01			4			1			 2261601		0.9970		6			5		13.7523			1706.0136	23461.5921	11701.2045		11702.2725
5343	2.01			4			1			  740297		0.9962		2			1		14.0588			 562.4804	7907.8259	3925.4275		3926.6853
5356	1.01			4			1			 1074065		0.9994		2			1		18.9198			 232.8133	4404.7718	2182.7869		2183.1363
5357	1.01			4			1			 1281387		0.9994		2			1		22.2035			1638.6580	36383.9337	18149.3021		18143.8753
5358	1.01			4			1			 1247738		0.9992		2			1		22.2659			1588.6922	35373.6950	17643.7810		17636.8057
5359	1.01			4			1			 1407677		0.9989		2			1		22.8639			1747.7238	39959.7951	19937.0551		19930.4998
5360	1.01			4			1			 1238774		0.9993		2			1		22.5210			1562.8127	35196.0792	17602.6841		17593.3951
5361	1.01			4			1			 1401551		0.9995		2			1		22.7803			1745.0514	39752.8054	19829.8741		19829.9928
5362	1.01			4			1			 1330463		0.9994		2			1		22.4821			1680.6063	37783.4794	18846.9234		18844.7688
5363	1.01			4			1			 1560898		0.9996		3			2		22.8427			1940.9158	44335.7155	22121.8031		22120.9771
5364	1.01			4			1			  641798		0.9997		1			0		14.3468			1262.5775	18113.9261	9028.2824		9026.7524
5365	1.01			4			1			  564941		0.9997		1			0		9.5370			1668.1908	15909.5769	7936.1852		7934.3605
5366	1.01			4			3			  365976		0.9992		2			1		19.0903			 542.4868	10356.2241	5140.0660		5139.7846
5367	1.01			4			3			  702871		0.9995		4			3		22.6372			 883.3509	19996.5649	9953.2754		9949.8339
5368	26.98			4			1			 1428607		0.9974		4			3		23.0265			1776.2078	40899.9252	20404.5140		20401.8018
5369	26.98			4			1			  506936		0.9998		1			0		11.5924			1246.5423	14450.4600	7204.3068		7200.2114
5370	2.01			4			1			 3029232		0.9921		9			8		18.6796			1699.8212	31752.0318	15841.3949		15833.0706
5371	2.01			4			1			 3053365		0.9910		9			8		19.1249			1673.7726	32010.7844	15984.6313		15975.4460
5372	2.01			4			1			 3067582		0.9934		9			8		18.9570			1697.5884	32181.2520	16058.1075		16046.4806
5373	2.01			4			1			 3251389		0.9900		10			9		19.3319			1764.2998	34107.2308	17040.7300		17028.8566
5374	2.01			4			1			 3305141		0.9919		10			9		19.0098			1823.2977	34660.5970	17299.1578		17283.0264
5375	2.01			4			1			 2939054		0.9916		9			8		18.6886			1650.0919	30837.8745	15388.1354		15374.3587
5376	2.01			4			1			 3098879		0.9917		9			8		19.0062			1710.4435	32509.0865	16223.0932		16209.3202
5377	2.01			4			1			 2264317		0.9911		7			6		19.1336			1241.8061	23760.2266	11847.1814		11836.0760
5378	2.01			4			1			 3038173		0.9904		9			8		18.5975			1712.9469	31856.5066	15895.1459		15884.9762
5379	2.01			4			1			 3099210		0.9940		9			8		19.1517			1697.8591	32516.8287	16264.7687		16252.0600
5380	2.01			4			1			 1241344		0.9983		3			2		13.7807			 942.6198	12989.9829	6469.0912		6461.6792
5381	2.01			4			1			 1573810		0.9993		3			2		9.6755			1698.9755	16438.4783	8201.9949		8197.0200
5383	2.01			4			3			 1820507		0.9931		8			7		19.2992			 987.6128	19060.1199	9490.6615		9490.9785
5384	1.01			4			1			  200436		0.9954		3			2		14.2858			 396.3442	5662.0828	2811.7120		2811.1381
5385	2.01			4			1			 1436437		0.9909		20			19		7.7812			1926.4777	14990.3303	7495.6952		7494.6351
5386	1.01			4			1			  987878		0.9933		14			13		15.5849			1794.5774	27968.2506	13955.0539		13951.5833
5387	1.01			4			1			  776630		0.9988		2			1		14.5994			1503.6116	21951.7971	10946.2246		10942.6443
5388	1.01			4			1			  908301		0.9993		3			2		15.0331			1708.7188	25687.3275	12815.2413		12810.8057
5389	1.01			4			1			  908889		0.9988		3			2		15.2357			1683.6851	25652.0540	12797.6621		12793.3646
5390	1.01			4			1			  945890		0.9990		3			2		15.2462			1754.3884	26747.7637	13344.9894		13340.2542
5391	1.01			4			1			  780157		0.9992		2			1		14.9181			1479.1870	22066.6555	11004.7960		11000.7769
5392	1.01			4			1			  916367		0.9992		3			2		15.2260			1705.3021	25964.9860	12983.2141		12981.7719
5393	1.01			4			1			  869987		0.9989		2			1		14.9753			1641.3309	24579.4939	12258.9104		12259.5062
5394	1.01			4			1			  456437		0.9989		1			0		7.6364			1679.7948	12827.5773	6399.1851		6398.4069
5395	1.01			4			3			  339472		1.0003		2			1		14.7377			 650.1656	9581.9188	4760.5820		4758.3860
5396	26.98			4			1			  863101		0.9983		4			3		14.8701			1652.8328	24577.7820	12287.7831		12288.2317
5397	2.01			4			1			 1051161		0.9993		2			1		7.5439			1451.0747	10946.7583	5458.0666		5457.2987
5398	2.01			4			1			 1336192		0.9995		3			2		7.7191			1799.7529	13892.4476	6931.6550		6930.3782
5399	2.01			4			1			 1253319		0.9993		3			2		7.6732			1701.2075	13053.6259	6512.4256		6510.2917
5400	2.01			4			1			 1424204		0.9987		3			2		7.6903			1928.8103	14833.1271	7401.1748		7401.0948
5401	2.01			4			1			 1324735		0.9989		3			2		7.6981			1793.5944	13807.2009	6888.2585		6887.7553
5402	2.01			4			1			 1327209		0.9995		3			2		7.7560			1780.3685	13808.5425	6889.6800		6887.6121
5403	2.01			4			1			  937980		0.9996		2			1		7.6705			1269.3091	9736.1741	4853.7334		4852.1940
5407	2.01			4			1			 1237997		0.9994		3			2		7.6194			1693.3261	12902.0842	6433.8606		6436.0484
5408	2.01			4			1			 1175281		0.9993		3			2		7.6635			1598.1981	12247.8319	6107.3783		6108.8866
5409	2.01			4			1			 1295946		0.9993		3			2		7.7515			1745.9307	13533.5842	6750.9298		6751.4750
5410	2.01			4			1			 1275105		0.9994		3			2		7.7470			1718.9349	13316.5588	6642.3436		6642.1151
5411	2.01			4			1			 1301523		0.9990		3			2		7.7854			1741.0591	13554.9243	6762.5997		6761.2284
5412	2.01			4			1			 1239848		0.9992		3			2		7.7451			1668.9689	12926.2529	6447.9239		6447.4548
5413	2.01			4			1			 1165551		0.9995		3			2		7.7106			1574.2468	12138.3849	6054.1406		6052.9755
5414	2.01			4			1			 1225753		0.9989		3			2		7.6602			1667.3437	12772.2361	6371.0915		6370.1675
5415	2.01			4			1			 1293341		0.9986		3			2		7.7689			1734.5932	13475.9404	6722.9612		6722.1623
5416	2.01			4			1			  662301		0.9996		1			0		5.8253			1183.5517	6894.5734	3436.2514		3435.3990
5417	2.01			4			1			  322273		0.9996		1			0		3.8926			 865.1169	3367.5774	1676.0512		1675.2439
5424	2.01			4			1			  454483		0.9852		2			1		14.0781			 337.5829	4752.5240	2343.3995		2340.8319
5425	1.01			4			1			 1040257		0.9994		2			1		16.9784			1733.8206	29437.5837	14684.9700		14684.4136
5426	1.01			4			1			 1076218		0.9996		2			1		16.9412			1797.3860	30449.8867	15195.2775		15193.6925
5427	1.01			4			1			 1094876		0.9993		2			1		17.0828			1811.5604	30946.5672	15440.4139		15437.4692
5428	1.01			4			1			 1067866		0.9995		2			1		16.8684			1789.0978	30179.2613	15058.2925		15051.7757
5429	1.01			4			1			  955192		0.9997		2			1		16.3589			1649.1121	26977.6679	13456.2583		13453.3453
5430	1.01			4			1			 1061460		0.9992		2			1		16.8977			1775.7691	30006.3606	14970.6005		14966.8731
5431	1.01			4			1			 1105425		0.9995		2			1		17.2694			1808.1100	31225.0259	15580.1319		15576.6638
5432	1.01			4			1			 1104936		0.9991		2			1		17.0993			1829.1180	31276.5802	15637.5895		15633.9009
5433	1.01			4			1			  483911		0.9998		1			0		11.3929			1193.4988	13597.3865	6777.1927		6775.8117
5434	1.01			4			1			  545521		0.9999		1			0		8.4942			1798.6379	15278.0362	7623.6123		7619.9677
5436	1.01			4			2			  620220		0.9987		5			4		16.8064			1040.8270	17492.5394	8713.5969		8710.3304
5437	26.98			4			1			  335641		0.9983		2			1		14.8861			 639.9156	9525.8496	4729.0325		4727.3942
5438	26.98			4			1			  866141		0.9992		3			2		12.3353			1998.8827	24656.8604	12305.7285		12301.9976
5439	2.01			4			1			  291784		0.9999		1			0		6.1238			1351.2786	8274.9464	4138.3281		4136.6182
5440	2.01			4			1			 1654634		0.9988		4			3		9.4204			1826.7835	17209.1082	8586.2392		8584.2750
5441	2.01			4			1			 1602367		0.9990		4			3		9.5191			1752.3927	16681.1563	8323.0801		8319.4246
5442	2.01			4			1			 1432752		0.9990		3			2		9.4940			1569.9173	14904.8490	7435.0086		7431.8634
5443	2.01			4			1			 1609885		0.9992		4			3		9.4369			1775.1597	16751.9231	8359.4155		8354.7719
5444	2.01			4			1			 1699017		0.9990		4			3		9.4107			1879.5908	17688.1824	8825.6904		8823.7133
5445	2.01			4			1			 1697799		0.9989		4			3		9.5679			1849.2457	17693.4278	8828.4180		8826.7172
5446	2.01			4			1			 1526816		0.9991		3			2		9.4265			1686.8310	15900.9284	7931.0820		7931.8187
5447	2.01			4			1			 1783231		0.9988		4			3		9.5008			1954.4209	18568.5208	9284.6690		9283.8518
5449	2.01			4			1			 1658266		0.9994		4			3		9.6447			1790.8899	17272.6293	8617.8385		8616.6844
5450	2.01			4			1			 1005740		0.9980		2			1		9.5382			1099.7232	10489.3714	5244.5295		5244.8419
5452	2.01			4			1			 1987161		0.9988		4			3		9.5060			2180.8739	20731.4022	10345.4055		10347.9496
5453	2.01			4			1			 1598157		0.9988		4			3		9.6500			1726.9522	16665.0274	8313.7640		8312.0187
5454	2.01			4			1			 1505051		0.9994		4			3		9.6509			1623.0624	15664.0793	7832.5774		7831.5019
5455	2.01			4			1			 1517499		0.9989		4			3		9.6803			1632.0610	15798.8285	7881.4824		7878.5181
5456	2.01			4			1			 1507523		0.9989		4			3		9.7038			1621.3370	15733.1142	7849.9342		7845.5666
5457	2.01			4			1			 1611247		0.9991		4			3		9.7389			1725.4974	16804.4945	8385.3413		8380.9365
5458	2.01			4			1			  732742		0.9990		2			1		6.7669			1128.5794	7636.9893	3819.2959		3817.5972
5459	2.01			4			1			  772260		0.9997		1			0		4.8437			1656.3503	8022.8074	4003.3010		4000.6537
5460	2.01			4			1			  696099		0.9864		10			9		9.6250			 754.4611	7261.7140	3612.1774		3610.4339
5461	1.01			4			1			  964023		0.9996		2			1		17.0471			1598.7053	27253.3062	13594.8892		13589.0050
5462	1.01			4			1			  984975		0.9990		2			1		17.3908			1603.1370	27879.9033	13909.0057		13899.8892
5463	1.01			4			1			  545680		0.9995		1			0		17.6324			 876.8895	15461.6499	7696.5531		7695.3768
5524	1.01			4			1			  131050		1.0000		2			1		14.1263			2121.8777	29974.2537	14985.7118		14988.5419
5525	1.01			4			1			   94920		0.9999		1			0		16.5998			1315.0818	21830.0818	10878.3829		10881.1735
5526	1.01			4			1			  143200		1.0000		2			1		16.6025			1972.1990	32743.4428	16370.6183		16372.8245
5527	1.01			4			1			  121491		1.0000		2			1		16.1346			1726.1594	27850.9222	13890.9439		13891.0634
5528	1.01			4			1			   37819		1.0000		1			0		16.7313			 515.9651	8632.7613	4281.8986		4282.9141
5529	1.01			4			1			  123099		1.0000		2			1		16.5472			1696.2703	28068.5668	13998.5432		14000.3653
5530	1.01			4			1			  105815		1.0000		1			0		16.1214			1511.4543	24366.8252	12147.2966		12149.9696
5531	1.01			4			1			  124699		1.0000		2			1		16.6196			1724.6081	28662.3661	14295.3756		14298.2010
5532	1.01			4			1			  153973		1.0000		2			1		17.0777			2066.1241	35284.6063	17605.0575		17609.1114
5533	1.01			4			1			   67024		1.0000		1			0		11.7724			1302.0224	15327.9627	7639.8775		7641.2499
5534	1.01			4			1			   64248		1.0000		1			0		8.8338			1659.1915	14656.9296	7309.3869		7311.4686
5535	1.01			4			3			   59892		1.0037		1			0		16.6050			 831.1524	13801.2838	6864.2208		6866.7000
5536	1.01			4			1			   67826		1.0002		1			0		17.0491			 590.3216	10064.4320	4995.4754		4997.3857
5537	26.98			4			1			  208841		0.9999		3			2		17.1733			1812.7778	31131.4452	15527.7894		15532.8440
5538	26.98			4			1			  209910		0.9999		3			2		17.3021			1813.7571	31381.7276	15655.6912		15654.2017
5540	2.01			4			1			  301542		0.9999		3			2		9.7565			1913.1347	18665.4156	9325.8380		9324.9145
5541	2.01			4			1			  280878		0.9999		3			2		9.7433			1787.1259	17412.4770	8687.0181		8685.5014
5542	2.01			4			1			  233378		0.9999		3			2		9.6930			1497.4955	14515.1873	7238.0403		7237.9201
5543	2.01			4			1			  283955		0.9999		3			2		9.6009			1834.9182	17616.8923	8788.5359		8788.5468
5544	2.01			4			1			  284958		0.9999		3			2		9.7840			1800.2286	17613.4991	8787.2411		8787.0342
5545	2.01			4			1			  282936		0.9995		3			2		9.6948			1807.9181	17527.3598	8744.4271		8743.6039
5546	2.01			4			1			  258777		0.9998		3			2		9.6660			1646.3957	15914.1348	7936.6511		7937.1264
5547	2.01			4			1			  275654		0.9997		3			2		9.5516			1787.7776	17076.0910	8517.3101		8518.4377
5548	2.01			4			1			  288946		0.9999		3			2		9.6483			1854.3199	17890.9720	8925.3911		8926.0247
5549	2.01			4			1			  268323		0.9999		3			2		9.7046			1705.9446	16555.5909	8257.8757		8257.8882
5550	2.01			4			1			  294621		0.9999		3			2		9.9558			1833.0415	18249.3313	9104.3695		9104.7457
5553	2.01			4			1			  281488		0.9999		3			2		9.8202			1776.3472	17444.0219	8717.7765		8715.0276
5554	2.01			4			1			  269296		0.9998		3			2		9.5682			1751.3676	16757.3509	8358.9031		8359.4558
5555	2.01			4			1			  252913		0.9998		3			2		9.7306			1612.1691	15687.4466	7823.2713		7825.6370
5556	2.01			4			1			  153410		0.9997		2			1		9.2272			1026.0740	9467.7537	4731.2822		4732.4777
5557	2.01			4			1			  127580		1.0000		1			0		6.7767			1165.4879	7898.1158	3935.3640		3935.2397
5558	2.01			4			1			  142166		1.0002		1			0		4.8315			1827.1139	8827.6200	4402.9511		4404.0682
5559	2.01			4			3			  136974		0.9987		1			0		9.3854			 906.9602	8512.1744	4235.9999		4236.7841
5560	1.01			4			1			  119891		0.9999		2			1		16.8352			1641.4325	27633.8081	13781.8271		13782.1443
5561	1.01			4			1			  122237		1.0000		2			1		16.7065			1689.2670	28221.7150	14074.0264		14076.5581
5562	1.01			4			1			  146984		1.0000		2			1		17.4219			1947.0802	33921.8546	16922.3125		16928.4151
5563	1.01			4			1			  128383		1.0000		2			1		17.5088			1685.7487	29515.4859	14720.3198		14724.2541
5564	1.01			4			1			  128388		0.9999		2			1		17.1876			1720.4914	29571.0378	14747.2218		14751.1871
5565	1.01			4			1			  162555		0.9999		2			1		17.5415			2140.9898	37556.2569	18740.4306		18745.6006
5566	1.01			4			1			   74573		0.9999		1			0		17.1329			1006.7604	17248.7293	8586.4438		8590.5944
5567	1.01			4			1			  147493		0.9999		2			1		17.2198			1978.3722	34067.2160	17030.9545		17036.2615
5568	1.01			4			1			   64831		1.0000		1			0		11.5635			1288.2879	14897.1118	7442.2380		7445.3407
5569	1.01			4			1			   32574		0.9999		1			0		8.7649			 849.0143	7441.5213	3702.6724		3704.3798
5570	1.01			4			1			   31355		0.9999		1			0		8.6661			 833.3175	7221.6123	3592.3620		3593.1584
5571	1.01			4			3			   65621		0.9989		1			0		16.8457			 900.0965	15162.7513	7579.4403		7580.1331
5572	26.98			4			1			   75520		0.9999		1			0		17.6409			 638.3253	11260.6600	5593.6296		5595.8458
5573	26.98			4			1			  209356		0.9999		3			2		17.4146			1804.8614	31430.9554	15676.2605		15681.5800
5574	26.98			4			1			  184207		0.9999		3			2		16.7815			1640.0450	27522.4629	13722.6104		13728.2946
5575	2.01			4			1			  266486		0.9998		3			2		9.7044			1714.9769	16642.7897	8300.3479		8303.2610
5576	2.01			4			1			  273337		0.9998		3			2		9.7274			1752.8657	17050.8400	8502.7710		8507.9003
5577	2.01			4			1			  275372		0.9999		3			2		9.7573			1754.3203	17117.5014	8536.1758		8541.0220
5578	2.01			4			1			  274816		0.9999		3			2		9.7585			1750.6667	17083.8608	8519.2869		8525.1868
5579	2.01			4			1			  288680		0.9999		3			2		9.8748			1809.1576	17865.0494	8929.6820		8935.3674
5580	2.01			4			1			  276921		0.9999		3			2		9.8161			1752.2566	17200.3499	8577.8439		8583.2551
5581	2.01			4			1			  272383		0.9999		3			2		9.7802			1732.0944	16940.2315	8447.2870		8452.7054
5582	2.01			4			1			  273563		0.9998		3			2		9.6347			1767.9872	17034.0964	8493.9250		8500.7090
5583	2.01			4			1			   98059		0.9999		1			0		9.8617			 619.2793	6107.1387	3032.6795		3034.6578
5584	2.01			4			1			  260062		0.9998		3			2		9.6097			1681.7903	16161.4789	8077.2324		8084.2465
5585	2.01			4			1			  278005		0.9999		3			2		9.5786			1801.6814	17257.6183	8605.9346		8611.8291
5587	2.01			4			1			  280945		0.9997		3			2		9.6731			1799.1125	17402.9522	8677.0506		8685.7683
5588	2.01			4			1			  293342		0.9999		3			2		9.7794			1856.6352	18156.7291	9055.6972		9061.1581
5589	2.01			4			1			  252535		0.9997		3			2		9.6508			1625.9518	15691.6762	7826.1084		7827.5028
5590	2.01			4			1			  292085		0.9998		3			2		9.8388			1841.3279	18116.4907	9038.3920		9038.6577
5591	2.01			4			1			  301385		0.9997		3			2		9.7795			1906.4824	18644.4962	9302.2667		9301.8732
5592	2.01			4			1			  135758		1.0000		1			0		6.8882			1218.9341	8396.2487	4184.2737		4184.3690
5593	2.01			4			1			  135854		1.0000		1			0		4.8867			1714.5256	8378.3700	4179.0639		4179.2782
5594	2.01			4			3			  171209		0.9999		1			0		9.8463			1076.0132	10594.7557	5276.7818		5277.3318
5595	1.01			4			1			  142048		1.0000		2			1		17.5774			1868.6644	32846.2397	16388.2323		16388.1329
5596	1.01			4			1			  135324		1.0000		2			1		16.9196			1837.6091	31091.6159	15508.8566		15511.8233
5597	1.01			4			1			  121069		1.0000		2			1		16.7728			1667.7520	27972.7995	13951.4607		13951.0748
5598	1.01			4			1			  128906		1.0000		2			1		17.3945			1705.8776	29672.9076	14799.8486		14801.8828
5599	1.01			4			1			  132253		0.9999		2			1		17.2668			1771.2359	30583.5071	15255.2227		15256.1998
5600	1.01			4			1			  121923		1.0000		2			1		17.3240			1622.7251	28112.0302	14018.9106		14022.2095
5601	1.01			4			1			  128448		1.0000		2			1		17.4253			1701.9871	29657.6213	14791.2065		14794.5717
5602	1.01			4			1			  125143		0.9999		2			1		16.9142			1709.8016	28919.9346	14422.2121		14425.9875
5603	1.01			4			1			   51867		0.9999		1			0		11.6021			1030.2043	11952.5787	5953.0311		5952.9792
5604	1.01			4			1			   32679		1.0000		1			0		8.6325			 863.3581	7452.8964	3716.3253		3717.0620
5606	1.01			4			1			   65369		1.0000		2			1		17.6560			 860.8209	15198.6344	7562.0279		7565.1207
5607	26.98			4			1			   80547		1.0000		1			0		17.3688			 696.4104	12095.8130	6012.3444		6011.7515
5608	26.98			4			1			  173734		1.0000		3			2		16.6956			1556.3178	25983.7291	12959.5008		12961.4450
5609	26.98			4			1			  187664		0.9999		3			2		17.4167			1615.2146	28131.7434	14028.4217		14032.0245
5610	2.01			4			1			  237370		0.9999		3			2		9.8262			1498.6726	14726.2055	7341.9473		7344.5756
5611	2.01			4			1			  257912		0.9999		3			2		9.6929			1655.3699	16045.2877	8001.5164		8004.2186
5612	2.01			4			1			  249878		0.9997		3			2		9.6960			1601.0737	15524.0905	7741.3838		7743.3982
5613	2.01			4			1			   58417		1.0000		1			0		9.3855			 387.7516	3639.2439	1798.6929		1799.7979
5614	2.01			4			1			  272503		0.9997		3			2		9.7651			1733.2109	16924.9943	8441.5071		8443.0428
5615	2.01			4			1			  268645		1.0004		3			2		9.7151			1716.1947	16673.0363	8315.2675		8317.6337
5616	2.01			4			1			  279496		0.9998		3			2		9.8602			1755.5381	17309.9192	8651.1604		8654.7565
5617	2.01			4			1			  277731		0.9998		3			2		9.8679			1748.4340	17253.3573	8603.6325		8609.1203
5618	2.01			4			1			   44060		0.9999		1			0		9.2314			 294.7548	2720.9999	1340.2729		1342.0362
5619	2.01			4			1			  122591		0.9998		2			1		9.6482			 788.6965	7609.4757	3784.5127		3785.4597
5620	2.01			4			1			   92992		1.0000		1			0		9.7758			 587.9195	5747.3822	2873.2853		2874.0969
5621	2.01			4			1			   10297		1.0896		1			0		9.9362			  59.3704	 589.9186	 254.7974		 255.1855
5623	2.01			4			1			  116608		0.9999		2			1		9.9415			 730.6792	7264.0139	3611.8781		3613.2206
5626	2.01			4			1			  276430		0.9998		3			2		9.8047			1752.1890	17179.6781	8579.6401		8583.9275
5627	2.01			4			1			  262994		1.0000		3			2		9.9300			1650.7011	16391.5119	8173.5183		8178.6537
5629	2.01			4			1			  270601		0.9999		3			2		9.6793			1742.9197	16870.2415	8411.7670		8418.1811
5630	2.01			4			1			  276893		0.9998		3			2		9.7967			1760.8830	17250.8600	8602.0244		8609.2167
5631	2.01			4			1			  276501		0.9999		3			2		9.8231			1752.0536	17210.5233	8581.5264		8589.0392
5632	2.01			4			1			  282374		0.9998		3			2		9.8193			1791.7016	17593.3234	8792.2387		8801.0847
5633	2.01			4			1			  272903		0.9999		3			2		9.6872			1757.5001	17025.2955	8503.6443		8511.6424
5634	2.01			4			1			  279472		0.9997		3			2		9.7555			1795.8962	17519.9218	8735.2758		8744.2460
5638	2.01			4			1			  140012		1.0000		1			0		4.8756			1791.9724	8736.9418	4358.2824		4358.7884
5639	2.01			4			3			  148064		1.0013		1			0		9.8965			 934.3318	9246.6257	4603.2600		4603.7162
5640	1.01			4			1			  125969		0.9999		2			1		16.9823			1711.1270	29058.9045	14492.7055		14494.2747
5641	1.01			4			1			  127161		1.0000		2			1		17.3296			1695.1105	29375.5715	14651.1164		14652.7027
5642	1.01			4			1			  141242		1.0000		2			1		17.7213			1843.9404	32677.0560	16303.0724		16303.1138
5643	1.01			4			1			  133080		0.9999		2			1		17.1614			1789.9819	30718.6301	15323.4711		15323.9091
5644	1.01			4			1			  135238		1.0000		2			1		17.4861			1788.3034	31270.5205	15598.0375		15600.4397
5646	1.01			4			1			  129575		1.0000		2			1		17.0428			1766.1096	30099.3998	15012.4418		15016.5110
5647	1.01			4			1			  136089		1.0000		2			1		17.5891			1793.0111	31537.5036	15732.6713		15735.2044
5648	1.01			4			1			  126678		1.0000		2			1		17.1205			1704.6542	29184.5341	14555.4221		14556.1711
5649	1.01			4			1			   63167		1.0000		1			0		11.5230			1253.9851	14449.6486	7223.8284		7225.8202
5650	1.01			4			1			   62782		1.0000		1			0		8.8273			1625.9045	14352.3046	7157.7609		7159.1768
5651	1.01			4			1			   33102		0.9999		1			0		16.2526			 471.0055	7655.0771	3827.4169		3827.6601
5652	1.01			4			1			   52409		1.0002		2			1		17.1292			 701.9611	12024.0159	5976.2502		5976.0169
5653	26.98			4			1			   47368		1.0000		1			0		16.1447			 445.5321	7192.9829	3559.6637		3561.7679
5654	26.98			4			1			  223917		1.0000		3			2		17.5311			1919.1567	33644.9100	16784.6993		16788.3728
5656	26.98			4			1			  215716		1.0000		3			2		17.5825			1840.3039	32357.2294	16142.4710		16144.6904
5657	2.01			4			1			  236163		0.9999		3			2		9.1775			1603.8815	14719.6357	7359.7381		7359.8976
5658	2.01			4			1			  289688		0.9997		3			2		9.7611			1851.8842	18076.4339	9033.8028		9036.2825
5659	2.01			4			1			  283619		0.9999		3			2		9.7637			1805.2421	17625.7562	8791.6764		8794.1189
5660	2.01			4			1			  296462		0.9998		3			2		9.7576			1894.7121	18487.8941	9223.5957		9225.0256
5661	2.01			4			1			  289614		0.9999		3			2		9.7480			1840.2807	17939.0413	8948.3789		8950.9543
5662	2.01			4			1			  244854		0.9999		3			2		9.7371			1564.4629	15233.3814	7595.2816		7597.6468
5663	2.01			4			1			  253247		0.9999		3			2		9.7654			1615.7572	15778.5571	7869.6539		7869.5682
5664	2.01			4			1			  270310		0.9996		3			2		9.5714			1761.8067	16862.9144	8410.3633		8411.2835
5665	2.01			4			1			  280129		0.9998		3			2		9.8291			1772.6930	17423.8959	8691.6469		8693.1123
5666	2.01			4			1			  274104		0.9999		3			2		9.8700			1729.3088	17068.2411	8512.4768		8516.1656
5667	2.01			4			1			  274050		0.9999		3			2		9.6770			1760.8067	17039.3472	8518.3653		8520.9819
5668	2.01			4			1			  298314		0.9998		3			2		9.8330			1885.1876	18537.0798	9246.2951		9249.7489
5669	2.01			4			1			  263615		0.9999		3			2		9.6725			1696.5252	16409.7066	8183.2241		8186.5899
5670	2.01			4			1			  271156		0.9999		3			2		9.6822			1742.0913	16867.3430	8413.1437		8415.1257
5671	2.01			4			1			  272625		0.9996		3			2		9.8285			1725.1595	16955.6639	8459.1466		8461.9657
5672	2.01			4			1			  131320		1.0000		1			0		6.8835			1186.2247	8165.3596	4068.3825		4069.1395
5673	2.01			4			1			  128392		1.0000		1			0		4.8220			1657.9068	7994.4850	3987.2926		3986.6719
5674	2.01			4			3			  141029		0.9988		1			0		9.6101			 915.6679	8799.6290	4379.4502		4380.9451
5675	1.01			4			1			  131109		1.0000		2			1		17.4040			1735.4771	30204.2141	15065.0340		15068.7364
5676	1.01			4			1			   56309		1.0000		1			0		16.8130			 766.8049	12892.2945	6408.4195		6410.3776
5677	1.01			4			1			   74819		1.0000		1			0		17.2795			 999.9605	17278.7764	8603.5008		8603.0831
5678	1.01			4			1			  119096		1.0000		2			1		17.1895			1592.4469	27373.3983	13650.1877		13652.0826
5679	1.01			4			1			  136129		1.0000		2			1		17.8580			1760.2438	31434.3772	15681.0819		15681.9417
5680	1.01			4			1			  134024		1.0000		2			1		17.5816			1757.8036	30904.9479	15451.2613		15453.6866
5681	1.01			4			1			  132047		0.9999		2			1		17.2716			1767.4124	30526.0197	15226.1555		15227.9029
5682	1.01			4			1			  134132		1.0000		2			1		17.4574			1773.4678	30960.1824	15478.3535		15481.8289
5683	1.01			4			1			  134959		1.0000		2			1		17.5313			1771.4044	31055.1078	15511.3579		15518.2300
5684	1.01			4			1			   61691		1.0000		1			0		11.8636			1190.1830	14119.8140	7034.4699		7037.4909
5685	1.01			4			1			   56539		1.0000		1			0		8.6832			1494.9175	12980.7076	6471.5425		6473.4668
5686	1.01			4			3			   61471		0.9968		1			0		17.0328			 837.5705	14266.1695	7095.9902		7097.5588
5687	26.98			4			1			   64550		1.0000		1			0		16.6280			 582.7100	9689.3299	4844.1676		4845.1623
5688	26.98			4			1			  192857		1.0000		3			2		17.1622			1684.1589	28903.9014	14413.6321		14417.9870
5689	26.98			4			1			  200141		0.9999		3			2		17.4779			1715.1803	29977.6698	14952.1683		14955.6767
5690	2.01			4			1			  258861		0.9999		3			2		9.5543			1688.8951	16136.2428	8046.4553		8049.3779
5691	2.01			4			1			  272896		0.9999		3			2		9.7198			1749.4181	17003.9827	8481.4806		8483.1032
5692	2.01			4			1			  257119		0.9999		3			2		9.7341			1640.9928	15973.6696	7966.4756		7968.0792
5693	2.01			4			1			  261740		0.9999		3			2		9.6940			1680.5524	16291.3225	8124.5393		8127.5031
5694	2.01			4			1			  263769		0.9999		3			2		9.5157			1723.0966	16396.5426	8177.8999		8179.8854
5695	2.01			4			1			  265638		0.9999		3			2		9.6325			1710.1062	16472.6157	8216.1359		8217.3452
5696	2.01			4			1			  256230		0.9998		3			2		9.6666			1643.5301	15887.4020	7922.3123		7924.2911
5697	2.01			4			1			  281996		0.9997		3			2		9.8633			1775.9380	17516.5836	8737.6778		8739.9694
5698	2.01			4			1			  239812		0.9998		3			2		9.4935			1569.0046	14895.3153	7427.0017		7428.5054
5699	2.01			4			1			  246755		0.9999		3			2		9.5857			1607.8707	15412.6340	7685.1282		7688.4082
5700	2.01			4			1			  253673		0.9998		3			2		9.5861			1653.1753	15847.4469	7904.1399		7904.6720
5701	2.01			4			1			  242591		0.9999		3			2		9.5816			1574.4444	15085.6225	7522.0441		7524.3546
5702	2.01			4			1			   70760		0.9999		1			0		9.6375			 458.3196	4417.0374	2188.3532		2189.0322
5703	2.01			4			1			  278170		0.9999		3			2		9.8149			1760.3493	17277.6919	8618.7247		8619.6324
5704	2.01			4			1			  257656		0.9999		3			2		9.5998			1670.6383	16037.8337	8000.1264		7998.4722
5705	2.01			4			1			  277593		0.9998		3			2		9.8564			1753.9556	17287.6341	8622.5760		8624.7691
5706	2.01			4			1			  126981		1.0000		1			0		6.8562			1152.2954	7900.3147	3934.9069		3936.9817
5707	2.01			4			1			  127225		1.0000		1			0		4.8915			1606.3158	7857.2394	3917.8575		3918.3751
5708	2.01			4			1			  123242		0.9999		3			2		9.5166			 806.8267	7678.2706	3819.1260		3820.0876
5709	1.01			4			1			  119682		1.0000		3			2		17.1513			1620.3359	27790.9132	13859.7632		13860.4239
5710	1.01			4			1			  133332		1.0000		2			1		17.2305			1799.5087	31006.5154	15467.5320		15468.2058
5711	1.01			4			1			  123355		1.0000		2			1		17.2882			1658.7199	28676.2226	14303.1747		14302.7502
5712	1.01			4			1			  135712		1.0000		2			1		17.5780			1791.4946	31490.8299	15708.3358		15709.7484
5713	1.01			4			1			  128195		0.9999		2			1		17.5566			1698.9545	29827.8726	14876.5854		14879.2486
5714	1.01			4			1			  132235		0.9999		2			1		16.7768			1829.5904	30694.7058	15311.1217		15312.3455
5715	1.01			4			1			  133238		1.0000		2			1		17.4796			1777.6963	31073.4561	15501.0988		15500.8341
5716	1.01			4			1			  119967		0.9999		2			1		17.0926			1628.0692	27827.9500	13913.1448		13914.8052
5717	1.01			4			1			  128518		1.0000		2			1		17.2216			1726.8847	29739.6423	14833.5867		14834.1957
5718	1.01			4			1			   60928		1.0000		1			0		11.7246			1200.7957	14078.8801	7015.4155		7017.0774
5719	1.01			4			1			   60892		1.0000		1			0		8.7595			1606.6122	14073.0559	7018.5467		7019.1065
5721	1.01			4			3			   66944		0.9982		1			0		17.1722			 908.2154	15596.0285	7761.8453		7762.3589
5722	26.98			4			1			   66373		1.0001		1			0		17.4003			 572.7640	9966.2648	4963.8079		4963.3391
5723	26.98			4			1			  163876		1.0000		2			1		17.3606			1415.7565	24578.3650	12254.0070		12252.8539
5724	26.98			4			1			  236104		0.9999		3			2		17.3834			2035.2016	35378.6354	17654.5395		17651.9574
5728	2.01			4			1			  246827		0.9997		3			2		9.4451			1628.6792	15383.0730	7673.1051		7670.5021
5732	2.01			4			1			  123788		0.9999		2			1		9.5039			 813.3578	7730.0488	3848.0184		3842.9631
5736	2.01			4			1			  234084		0.9999		3			2		9.5266			1534.1266	14615.0556	7294.3060		7281.7797
5737	2.01			4			1			  218081		0.9999		2			1		9.3106			1462.3069	13614.9346	6793.7159		6781.3883
5738	2.01			4			1			  226329		0.9999		3			2		9.6011			1468.7347	14101.4559	7036.8420		7025.1163
5739	2.01			4			1			  247222		0.9995		3			2		9.5597			1616.3996	15452.2228	7710.0629		7704.1187
5740	2.01			4			1			  188698		0.9997		2			1		9.3185			1265.0142	11788.0403	5874.5412		5874.2087
5742	2.01			4			1			   32289		1.0000		1			0		9.5258			 213.0910	2029.8659	 995.2020		 995.6655
5743	2.01			4			1			  279629		1.0001		3			2		9.3747			1871.2353	17542.3324	8751.8483		8751.8806
5744	2.01			4			1			  271582		0.9999		3			2		9.6246			1759.4300	16933.7906	8447.2103		8447.3840
5745	2.01			4			1			  291478		0.9999		3			2		9.5889			1896.6776	18186.9878	9073.3334		9074.7753
5746	2.01			4			1			  281061		0.9999		3			2		9.7047			1807.6705	17542.8488	8752.3669		8753.6556
5747	2.01			4			1			  270751		0.9999		3			2		9.2590			1831.4862	16957.7849	8477.4562		8480.3287
5748	2.01			4			1			  271527		0.9998		3			2		9.2811			1827.0544	16957.0874	8459.0634		8459.6063
5749	2.01			4			1			  318004		0.9999		3			2		9.5441			2082.7699	19878.1353	9918.9694		9920.4760
5750	2.01			4			1			  188738		0.9999		2			1		9.4812			1244.9869	11804.0237	5882.8177		5882.7372
5751	2.01			4			1			  350838		0.9999		4			3		9.4742			2317.1738	21953.3900	10958.0129		10957.1173
5752	2.01			4			1			  286478		0.9998		3			2		9.5250			1877.9338	17887.3718	8924.9475		8924.1272
5753	2.01			4			1			   92818		1.0000		1			0		6.5792			 878.3786	5779.0209	2875.6791		2875.8402
5769	2.01			4			1			  131575		1.0000		1			0		6.8857			1195.9339	8234.8491	4104.2371		4102.8814
5770	2.01			4			1			  151314		0.9999		1			0		4.7927			1967.6493	9430.3007	4705.6692		4704.6381
5771	2.01			4			3			  149970		1.0023		1			0		9.7191			 964.3729	9372.8029	4667.6184		4666.7065
5772	2.01			3			1			  900156		0.9882		7			6		9.5364			 851.1463	8116.8334	4059.0058		4057.8275
5773	1.01			4			1			   14805		1.0004		1			0		11.9941			 288.1244	3455.8016	1728.1753		1727.6262
5774	1.01			4			1			  105548		1.0000		1			0		16.9637			1456.0806	24700.5053	12321.1779		12319.4136
5775	1.01			4			1			  154799		0.9999		2			1		19.5727			1839.9985	36013.8096	17970.0803		17965.4523
5776	1.01			4			1			  146506		1.0000		2			1		19.2500			1780.2202	34269.2749	17096.8818		17093.0111
5777	1.01			4			1			  146594		1.0000		2			1		19.5007			1754.2479	34209.1065	17066.9103		17063.3279
5778	1.01			4			1			  149681		0.9999		2			1		19.5414			1789.8414	34976.0901	17450.1204		17447.8554
5779	1.01			4			1			  146525		1.0000		2			1		19.2885			1777.4601	34284.5090	17104.7069		17100.6825
5780	1.01			4			1			  189092		0.9999		2			1		19.3903			2284.6981	44300.9225	22112.0024		22110.1107
5781	1.01			4			1			  149726		1.0000		2			1		19.5494			1795.0188	35091.5932	17505.9517		17506.7440
5782	1.01			4			1			   61657		1.0000		1			0		11.7113			1229.3245	14396.9589	7174.5846		7175.6446
5783	1.01			4			1			   66978		1.0000		1			0		8.7743			1765.2151	15488.5141	7726.3387		7726.7818
5784	1.01			4			1			   75125		1.0000		2			1		19.1868			 916.9442	17593.2308	8758.0084		8757.5038
5785	1.01			3			1			  410048		0.9985		3			2		18.9103			 905.8145	17129.2492	8524.5683		8525.9132
5786	26.98			4			1			  169631		1.0000		2			1		15.8991			1610.9871	25613.2428	12786.6788		12787.8193
5787	26.98			4			1			  167910		0.9999		3			2		17.2081			1469.8509	25293.3527	12610.4731		12612.4693
5788	2.01			4			1			  249117		0.9999		3			2		9.4496			1648.2479	15575.2764	7768.0340		7769.9159
5789	2.01			4			1			  252967		0.9998		3			2		9.4258			1673.4697	15773.8248	7866.9174		7867.6996
5790	2.01			4			1			  275963		0.9998		3			2		9.7626			1768.1242	17261.5292	8610.3702		8611.4294
5791	2.01			4			1			  256037		0.9999		3			2		9.5032			1681.9607	15983.9466	7971.7934		7973.4767
5792	2.01			4			1			  274174		0.9999		3			2		9.6973			1771.8452	17182.0843	8569.9436		8574.0229
5793	2.01			4			1			  250721		0.9999		3			2		9.4547			1657.6711	15672.7774	7815.7697		7819.0982
5794	2.01			4			1			  270893		0.9999		3			2		9.7262			1749.1794	17012.8079	8484.1850		8488.9382
5795	2.01			4			1			  247988		0.9999		3			2		9.2350			1681.9943	15533.2469	7762.8142		7763.1648
5796	2.01			4			1			  356137		0.9999		4			3		9.7686			2284.6637	22317.9270	11139.9300		11139.3844
5797	2.01			4			1			  334300		0.9999		3			2		9.8441			2125.2781	20921.4175	10441.6608		10440.3752
5798	2.01			4			1			  203600		0.9999		2			1		9.8103			1298.8088	12741.7002	6351.5253		6350.7589
5799	2.01			4			1			  255773		0.9999		3			2		9.7222			1646.1667	16004.3271	7982.9448		7982.3761
5800	2.01			4			1			  294675		0.9999		3			2		9.6797			1895.0150	18343.2450	9152.6788		9151.2218
5801	2.01			4			1			  274774		0.9998		3			2		9.8050			1752.8614	17186.7880	8574.6809		8572.9659
5802	2.01			4			1			  306228		0.9998		3			2		9.7559			1964.8412	19168.7116	9566.9525		9565.0254
5803	2.01			4			1			  122241		0.9999		1			0		6.8256			1121.3745	7654.0084	3813.4223		3813.5238
5804	2.01			4			1			  143532		0.9999		1			0		4.8585			1836.2859	8921.6562	4452.8364		4451.4284
5805	2.01			4			2			  149339		1.0010		2			1		9.7670			 955.1556	9329.0365	4644.8560		4644.3458
5806	1.01			4			1			  148022		1.0000		2			1		19.0204			1808.7760	34403.6459	17163.2002		17160.8451
5807	1.01			4			1			  155751		0.9999		2			1		19.4769			1870.6964	36435.3248	18179.4024		18177.3588
5808	1.01			4			1			  149531		1.0000		2			1		19.1234			1832.1286	35036.4516	17514.7588		17512.5044
5809	1.01			4			1			  156961		0.9999		2			1		19.3803			1894.4761	36715.4309	18318.4483		18317.8762
5810	1.01			4			1			  166756		1.0000		2			1		19.2362			2026.9181	38990.1699	19456.1168		19455.8302
5811	1.01			4			1			  180510		1.0000		2			1		19.4848			2162.4385	42134.6509	21027.5476		21026.8454
5812	1.01			4			1			  172545		0.9999		2			1		19.5597			2051.2415	40121.7489	20022.5965		20020.0731
5813	1.01			4			1			  158172		1.0000		2			1		19.7432			1877.1558	37061.1259	18492.1947		18491.0987
5815	1.01			1			-1			-2147483648		-nan		1			0		-nan			   0.0000	   0.0000	   0.0000		   0.0000
5816	1.01			4			1			   58823		1.0000		1			0		11.6810			1176.8548	13746.8881	6849.2993		6851.3802
5817	1.01			4			1			   62327		1.0000		1			0		8.6963			1660.7835	14442.6631	7203.2771		7204.4712
5819	1.01			4			1			   92960		1.0000		2			1		19.8018			1096.4087	21710.8504	10815.0190		10818.1496
5820	26.98			4			1			  226497		1.0000		3			2		17.2983			1975.3963	34170.9499	17049.1289		17052.6219
5821	26.98			4			1			  140655		0.9999		2			1		11.6154			1824.7204	21194.8427	10572.8365		10575.4758
5822	2.01			4			1			  257515		0.9999		3			2		9.7370			1655.2355	16117.0012	8038.3157		8037.9850
5823	2.01			4			1			  335723		0.9998		4			3		11.6604			1804.7951	21044.6304	10497.7688		10498.5702
5824	2.01			4			1			  327038		0.9997		4			3		11.7594			1745.6613	20527.9943	10240.1718		10241.2488
5825	2.01			4			1			  336766		0.9997		4			3		11.8307			1785.7492	21126.5893	10538.1681		10541.0510
5826	2.01			4			1			  323398		0.9995		4			3		11.8079			1721.2367	20324.2001	10137.4047		10139.7589
5827	2.01			4			1			  322063		0.9995		4			3		11.7426			1717.2449	20165.0056	10080.8877		10084.1179
5828	2.01			4			1			  306611		0.9999		3			2		11.5898			1658.0436	19216.3365	9583.5597		9585.0999
5829	2.01			4			1			  332163		0.9996		4			3		11.7970			1765.4518	20826.9792	10388.6633		10391.8191
5830	2.01			4			1			  292185		0.9998		3			2		11.2536			1627.5972	18316.3447	9133.4226		9136.1389
5831	2.01			4			1			  316495		0.9997		3			2		11.6891			1696.3716	19829.1048	9888.8538		9892.1829
5832	2.01			4			1			  314333		0.9998		3			2		11.7496			1683.4492	19779.8283	9865.7192		9868.1298
5833	2.01			4			1			  310733		0.9998		3			2		11.5869			1688.4896	19564.4389	9756.9579		9760.2619
5834	2.01			4			1			  337217		0.9997		4			3		11.8181			1785.4782	21101.0423	10525.0022		10529.0559
5835	2.01			4			1			  320890		0.9997		3			2		11.6792			1718.8005	20074.2635	10035.7463		10038.5172
5836	2.01			4			1			  304202		0.9998		3			2		11.5953			1641.0606	19028.5356	9488.8037		9492.6323
5837	2.01			4			1			  142229		0.9999		2			1		7.8525			1133.8237	8903.3429	4435.1120		4436.5321
5838	2.01			4			1			  129543		1.0000		1			0		5.8166			1392.5611	8100.0291	4037.5608		4038.2852
5839	2.01			4			1			  156709		0.9997		3			2		11.6736			 841.4762	9823.0259	4887.4984		4887.7749
5840	1.01			4			1			  142327		1.0000		2			1		19.1666			1738.2013	33315.3296	16614.4251		16620.8406
5841	1.01			4			1			  151705		0.9999		2			1		19.6419			1794.2800	35243.0863	17579.3302		17584.1234
5842	1.01			4			1			  147682		1.0000		2			1		19.6798			1752.1979	34482.8848	17200.0892		17203.5627
5843	1.01			4			1			  157210		1.0000		2			1		19.4949			1876.5798	36583.7041	18249.5465		18256.4661
5844	1.01			4			1			  148652		1.0000		2			1		19.5476			1776.5803	34727.9252	17321.6503		17326.6406
5845	1.01			4			1			   58986		0.9999		1			0		19.5787			 702.6010	13756.0336	6837.7843		6837.9795
5846	1.01			4			1			   35001		0.9999		1			0		19.4914			 423.6783	8258.0958	4089.0729		4089.6607
5847	1.01			4			1			  185779		1.0000		2			1		19.5670			2216.4966	43370.1461	21644.1502		21644.5115
5848	1.01			4			1			  138418		1.0000		2			1		18.8710			1714.9432	32362.7232	16141.1124		16141.6297
5849	1.01			4			1			   71947		1.0000		1			0		11.8290			1412.4077	16707.4346	8329.7601		8331.0753
5850	1.01			4			1			   65961		1.0000		1			0		8.8059			1746.2017	15376.9399	7684.5540		7686.7990
5851	1.01			4			1			   62666		1.0000		1			0		18.7051			 777.1610	14536.8580	7226.6712		7230.1629
5852	1.01			3			1			  480470		0.9961		4			3		19.2237			1048.7767	20161.3496	10041.2233		10040.5581
5853	26.98			4			1			  236466		0.9998		3			2		17.5920			2032.2292	35750.9180	17840.0605		17839.4350
5854	26.98			4			1			  144435		0.9999		2			1		11.8038			1838.4550	21700.7904	10840.7086		10841.7207
5855	2.01			4			1			  354605		0.9995		4			3		11.7584			1890.5182	22229.4204	11088.3869		11092.1560
5856	2.01			4			1			  369174		0.9998		4			3		11.7554			1966.8647	23121.3648	11534.6085		11538.6635
5857	2.01			4			1			  328221		0.9995		4			3		11.6637			1766.5960	20605.0568	10295.0354		10298.5411
5858	2.01			4			1			  343514		0.9993		4			3		11.8710			1817.0737	21570.3972	10758.9054		10764.4555
5859	2.01			4			1			  357082		0.9997		4			3		11.8471			1888.2151	22369.8097	11161.7202		11160.7879
5860	2.01			4			1			  324473		0.9993		4			3		11.7618			1733.1593	20385.0879	10168.8889		10168.7658
5861	2.01			4			1			  297952		0.9996		3			2		11.7144			1593.1904	18663.2406	9308.3136		9308.2823
5862	2.01			4			1			  332880		0.9996		4			3		11.8326			1759.5739	20820.2912	10385.7917		10386.1719
5863	2.01			4			1			  328621		0.9999		4			3		11.7930			1744.0227	20567.2023	10260.4861		10259.3906
5864	2.01			4			1			  322390		0.9998		4			3		11.7005			1724.4232	20176.6545	10064.6666		10063.8211
5865	2.01			4			1			  302144		0.9996		3			2		11.7250			1609.0332	18865.9914	9433.8007		9432.1907
5866	2.01			4			1			  314458		0.9997		3			2		11.7271			1684.3131	19752.1590	9852.2275		9852.0414
5867	2.01			4			1			  304914		0.9995		3			2		11.6607			1637.3009	19092.0765	9521.5117		9522.0279
5868	2.01			4			1			  309473		0.9996		3			2		11.7449			1647.7246	19352.2907	9652.8965		9652.3762
5869	2.01			4			1			  304255		1.0000		3			2		11.6175			1640.2472	19055.6089	9504.1004		9503.0124
5870	2.01			4			1			  136670		1.0000		2			1		7.7958			1096.5414	8548.4534	4258.5513		4258.7953
5871	2.01			4			1			  156767		1.0000		2			1		5.7969			1692.5365	9811.4341	4893.9322		4893.4251
5872	2.01			4			1			  169030		1.0000		3			2		11.8460			 891.0592	10555.5228	5255.2777		5254.2546
5874	1.01			4			1			  133340		1.0000		2			1		18.9909			1633.7206	31025.9017	15514.5573		15511.3443
5875	1.01			4			1			  144499		1.0000		2			1		19.4152			1728.7881	33564.7084	16747.2507		16739.1777
5876	1.01			4			1			  143904		1.0000		2			1		19.2692			1731.9899	33374.0953	16665.0810		16661.2763
5877	1.01			4			1			  150777		1.0000		2			1		19.7101			1784.5646	35174.0330	17550.5572		17543.9532
5878	1.01			4			1			  145809		0.9999		2			1		19.5693			1743.9026	34126.9855	17025.7436		17021.7861
5879	1.01			4			1			  142066		1.0000		2			1		19.0922			1734.1259	33108.2101	16515.0178		16513.7278
5880	1.01			4			1			  152407		1.0000		2			1		19.0818			1854.1185	35379.9294	17650.0567		17649.1364
5881	1.01			4			1			  138495		1.0000		2			1		19.4085			1654.1533	32104.5549	16014.9725		16011.7836
5882	1.01			4			1			   81987		1.0000		1			0		14.7959			1283.4852	18990.3099	9495.1176		9495.1923
5883	1.01			4			1			   70463		1.0000		1			0		9.8231			1655.2696	16259.8476	8110.1334		8110.4803
5884	1.01			4			1			   77427		1.0001		2			1		19.6037			 915.0160	17937.6994	8929.8950		8929.1557
5885	26.98			4			1			  175233		0.9999		3			2		17.0696			1547.4893	26415.0696	13171.2741		13171.4784
5886	26.98			4			1			  126735		1.0000		2			1		11.5598			1646.4401	19032.4873	9493.2324		9492.8007
5887	2.01			4			1			  329192		0.9999		4			3		11.7375			1757.2650	20625.9382	10289.0186		10289.8943
5888	2.01			4			1			  367243		0.9996		4			3		11.6934			1968.4954	23018.4843	11485.7979		11485.0768
5889	2.01			4			1			  297029		0.9998		3			2		11.9557			1551.6841	18551.5079	9251.2863		9252.4530
5890	2.01			4			1			  415802		0.9996		4			3		11.6443			2234.4956	26019.2333	13009.8992		13009.3341
5891	2.01			4			1			  298194		0.9992		3			2		11.6100			1605.9123	18644.6309	9299.8327		9298.7961
5892	2.01			4			1			  274135		0.9997		3			2		11.7339			1462.4082	17159.7279	8556.7724		8555.9869
5894	2.01			4			1			  325638		0.9995		4			3		11.4941			1777.7994	20434.1341	10194.5651		10192.1142
5903	1.01			4			1			  607750		0.9958		4			3		7.1676			 758.9277	5439.6636	2704.9932		2705.2261
5904	1.01			4			1			 1372074		0.9956		9			8		6.7936			1802.7659	12247.2148	6109.8579		6109.9775
5905	1.01			4			1			 1284068		0.9965		8			7		6.7175			1704.8639	11452.4159	5712.0095		5713.3963
5906	1.01			4			1			 1395216		0.9948		9			8		6.8351			1822.3180	12455.7212	6213.7139		6214.3996
5907	1.01			4			1			 1344118		0.9958		9			8		6.8632			1745.1536	11977.2576	5975.2409		5975.6284
5908	1.01			4			1			 1163233		0.9957		8			7		6.7985			1533.2760	10424.0006	5197.5942		5198.5810
5909	1.01			4			1			 1003996		0.9941		7			6		6.8320			1317.6811	9002.3539	4487.0179		4487.2632
5910	1.01			4			1			  167866		0.9943		2			1		6.7931			 221.4132	1504.0708	 737.8802		 738.4590
5911	1.01			4			1			 1052264		0.9945		7			6		6.3836			1481.3196	9456.1146	4728.5006		4727.6140
5912	1.01			4			1			 1125292		0.9969		8			7		6.7036			1497.3206	10037.4495	5006.1276		5003.7206
5913	1.01			4			1			 1049904		0.9956		7			6		6.6529			1407.2668	9362.4701	4668.4414		4666.2346
5914	1.01			4			1			  609694		0.9975		4			3		4.8901			1109.0612	5423.4324	2702.6535		2701.8164
5915	1.01			4			1			  537245		0.9920		8			7		6.6204			 723.8803	4792.4125	2382.5709		2382.5842
5917	1.01			3			3			 3790975		0.9929		8			7		6.6962			 835.8216	5596.8541	2784.9235		2784.8308
5918	26.98			4			1			 1454041		0.9938		14			13		6.6014			1603.2302	10583.5387	5278.3286		5277.9232
5919	26.98			4			1			  895094		0.9910		9			8		6.6338			 982.2331	6515.9409	3244.0164		3244.3637
5922	26.98			4			1			  389498		0.9984		3			2		3.7495			 759.9755	2849.5552	1416.9472		1417.1628
5925	2.01			4			1			 2234551		0.9907		15			14		3.8192			1454.9653	5556.7956	2770.8160		2770.9835
5926	2.01			4			1			 2754421		0.9901		19			18		3.8954			1759.0236	6852.1238	3418.6603		3418.3478
5927	2.01			4			1			 2706573		0.9910		19			18		3.8641			1740.7225	6726.4080	3363.1950		3363.2131
5928	2.01			4			1			 2664899		0.9890		18			17		3.8755			1703.0361	6600.0869	3292.5645		3292.4280
5929	2.01			4			1			 2768334		0.9901		19			18		3.8240			1800.6330	6885.6883	3435.0805		3434.8922
5930	2.01			4			1			 2842231		0.9907		19			18		3.8837			1818.1911	7061.2910	3523.0747		3522.7921
5931	2.01			4			1			 2726201		0.9918		19			18		3.8621			1751.2737	6763.5579	3378.1190		3377.7768
5932	2.01			4			1			 2854369		0.9898		19			18		3.7564			1887.7464	7091.1122	3541.0989		3540.4001
5933	2.01			4			1			 1090088		0.9939		6			5		2.4755			1110.1758	2748.2260	1368.9157		1368.6293
5934	2.01			4			3			 1317656		0.9979		6			5		3.8382			 854.0197	3277.8925	1631.4118		1631.1618
5937	2.01			3			9			 9412750		0.9952		7			6		3.8610			 880.6850	3400.3285	1692.7521		1691.9330
5938	1.01			4			1			 1249094		0.9952		8			7		6.7409			1654.7107	11154.2907	5564.1955		5563.5056
5939	1.01			4			1			 1155994		0.9959		8			7		6.8596			1501.7118	10301.1499	5138.7868		5137.7873
5954	2.01			4			1			 2692547		0.9892		19			18		3.8168			1747.6022	6670.3118	3328.7822		3326.6304
5955	2.01			4			1			 2655267		0.9899		19			18		3.9076			1677.5973	6555.3202	3270.3816		3269.2338
5956	2.01			4			1			 2956636		0.9897		21			20		3.9504			1844.8835	7287.9808	3636.8716		3635.6228
5957	2.01			4			1			 2643027		0.9892		18			17		3.7837			1730.9463	6549.3945	3266.9885		3266.4792
5958	2.01			4			1			 2700015		0.9883		19			18		3.8057			1754.3899	6676.6769	3331.1249		3330.3387
5959	2.01			4			1			 2767909		0.9879		19			18		3.8778			1763.2194	6837.4427	3411.1124		3410.8258
5960	2.01			4			1			 2737558		0.9884		19			18		3.8506			1754.2060	6754.7294	3369.8945		3369.2064
5961	2.01			4			1			 3484486		0.9888		24			23		3.8467			2237.9045	8608.4907	4297.0056		4295.8907
5962	2.01			4			1			 2718278		0.9883		19			18		3.8442			1742.0418	6696.7101	3348.9005		3347.8096
5963	1.01			4			1			  482341		0.9989		3			2		4.5584			 938.1214	4276.3734	2129.9521		2129.2674
5964	1.01			4			3			  472099		0.9976		3			2		6.4647			 648.6090	4193.0464	2083.2993		2082.3309
5965	1.01			4			1			  918211		0.9979		7			6		3.8675			1723.8731	6667.0890	3326.7261		3325.4725
5966	1.01			4			1			  165726		0.9954		2			1		3.9288			 306.1886	1202.9488	 593.7912		 593.4964
5967	1.01			4			1			  628438		0.9966		5			4		3.8520			1186.9356	4572.0895	2278.4840		2277.9372
5969	1.01			4			1			  972834		0.9943		5			4		2.4156			1021.4430	2467.4456	1229.0390		1228.4856
5970	1.01			4			3			 1184031		0.9958		6			5		3.7408			 783.2168	2929.8389	1459.4193		1458.4738
5971	1.01			4			1			  514569		0.9885		4			3		3.8283			 333.9971	1278.6467	 631.7506		 631.5849
5972	1.01			4			1			 2120644		0.9864		15			14		3.8556			1360.3110	5244.8209	2618.9329		2610.4016
5973	1.01			4			1			 2422727		0.9875		17			16		3.8430			1558.9525	5991.0169	2992.3528		2982.9564
5974	1.01			4			1			 1333695		0.9959		9			8		6.7409			1753.1160	11817.5918	5904.9842		5886.0145
5990	1.01			4			1			 1187822		0.9934		10			9		15.3234			1815.6539	27821.9309	13876.7746		13881.6766
5991	1.01			4			1			  601828		0.9948		5			4		15.5858			 903.5475	14082.5166	7009.1093		7011.7211
5992	1.01			4			1			 1589916		0.9936		13			12		14.8335			2516.6989	37331.3872	18630.2153		18637.8615
5993	1.01			4			1			 1158641		0.9945		9			8		15.6273			1735.5121	27121.3099	13528.9137		13531.5254
5994	1.01			4			1			 1547117		0.9934		12			11		15.5752			2325.4938	36220.0915	18074.7848		18081.1423
5995	1.01			4			1			 1140667		0.9962		9			8		15.6054			1712.1359	26718.6343	13325.7593		13329.4834
5996	1.01			4			1			 1166073		0.9927		9			8		15.3897			1772.3859	27276.4742	13603.9074		13610.1890
5997	1.01			4			1			 1134599		0.9939		9			8		15.4089			1720.2888	26507.7057	13221.2231		13224.8996
5998	1.01			4			1			  602004		0.9967		4			3		11.6831			1202.0235	14043.4029	6996.9350		6998.9744
5999	1.01			4			1			  547867		0.9989		3			2		7.7859			1636.0199	12737.9350	6351.9602		6354.4194
6000	1.01			4			3			  571031		1.0000		3			2		15.9234			 837.9862	13343.5612	6639.5143		6641.4864
6003	1.01			3			9			 2629062		0.9999		3			2		15.9486			 895.5637	14282.9619	7107.3826		7111.4765
6004	26.98			4			1			  639430		0.9987		6			5		7.7396			1583.1108	12252.6251	6125.0249		6127.6002
6005	26.98			4			1			  741777		0.9981		7			6		7.8704			1802.9338	14189.8533	7077.6164		7080.6327
6007	26.98			4			1			  656349		0.9972		6			5		7.6923			1630.4043	12541.6087	6253.9234		6255.5528
6009	2.01			4			1			 2077518		0.9822		17			16		7.8237			1812.3046	14178.9580	7072.5993		7075.0818
6011	2.01			4			1			  255974		0.9548		2			1		7.5970			 224.6944	1706.9953	 814.0968		 815.1053
6012	2.01			4			1			 1607620		0.9910		13			12		7.7396			1415.8926	10958.4997	5463.3264		5463.9142
6013	2.01			4			1			 2013151		0.9902		16			15		7.6886			1785.5118	13728.0191	6863.0665		6864.9526
6014	2.01			4			1			 1965099		0.9868		16			15		7.8055			1718.3268	13412.3592	6689.3784		6692.8590
6015	2.01			4			1			 1994156		0.9905		16			15		7.8024			1744.3754	13610.3797	6787.3580		6790.9860
6016	2.01			4			1			 1963891		0.9917		16			15		7.7401			1733.2456	13415.5495	6690.1097		6693.5072
6017	2.01			4			1			 1981399		0.9889		16			15		7.6654			1765.9248	13536.6059	6766.6207		6769.9852
6019	2.01			4			1			 1919112		0.9906		15			14		7.7152			1698.6382	13105.4044	6536.0763		6538.2848
6020	2.01			4			1			 2016298		0.9922		16			15		7.7082			1785.0723	13759.7398	6864.9889		6864.0661
6021	2.01			4			1			 1972599		0.9921		16			15		7.6690			1753.6450	13448.7079	6709.2894		6707.8723
6022	2.01			4			1			 2065734		0.9902		17			16		7.7932			1807.7719	14088.2971	7028.7352		7028.1298
6023	2.01			4			1			 1864021		0.9885		15			14		7.6157			1666.4330	12691.0959	6340.4138		6340.5012
6024	2.01			4			1			 1929328		0.9882		15			14		7.6270			1722.9617	13141.1072	6555.0720		6555.4683
6025	2.01			4			1			 1896241		0.9922		15			14		7.7118			1678.5776	12944.8024	6456.2054		6456.8891
6026	2.01			4			1			 1796084		0.9924		15			14		7.6270			1604.9988	12241.3175	6105.0444		6104.7551
6027	2.01			4			1			  940251		0.9944		7			6		5.7599			1111.9024	6404.4881	3190.4825		3190.6577
6028	2.01			4			1			  632659		0.9983		4			3		3.8331			1131.5234	4337.2747	2160.9762		2160.7379
6030	2.01			4			2			  903154		0.9941		6			5		7.6316			 807.3707	6161.5498	3064.9962		3065.4587
6032	1.01			4			1			  967678		0.9957		8			7		14.6985			1535.0734	22563.2447	11250.9127		11249.8864
6033	1.01			4			1			  986437		0.9961		8			7		14.8697			1547.4886	23010.6149	11472.4061		11475.3003
6034	1.01			4			1			  972222		0.9951		8			7		14.4845			1569.8160	22738.0087	11336.9033		11337.6342
6035	1.01			4			1			 1129666		0.9966		9			8		15.2038			1735.2752	26382.8319	13160.7642		13159.4180
6036	1.01			4			1			 1085166		0.9939		9			8		15.2908			1659.3966	25373.5831	12655.9322		12654.8819
6037	1.01			4			1			 1184801		0.9948		10			9		15.6516			1768.2587	27676.0215	13806.3914		13806.1698
6038	1.01			4			1			 1247135		0.9965		10			9		15.7355			1849.1446	29097.1702	14517.2481		14517.7518
6039	1.01			4			1			 1245811		0.9962		10			9		15.4837			1878.2378	29082.0570	14510.5283		14508.8530
6040	1.01			4			1			  601299		0.9982		4			3		11.6348			1208.5527	14061.2679	7018.0741		7018.4560
6041	1.01			4			1			  631076		0.9992		3			2		7.7956			1890.2813	14735.8434	7353.2129		7351.9333
6042	1.01			4			3			  927209		0.9994		5			4		15.7380			1378.2766	21691.3769	10814.5270		10813.1826
6043	1.01			3			9			 3033390		0.9991		3			2		15.5191			1059.1622	16437.2165	8187.9905		8185.5635
6044	26.98			4			1			  693504		0.9981		6			5		7.5544			1750.5032	13223.9778	6596.1865		6595.9883
6045	26.98			4			1			  701703		0.9989		6			5		7.7111			1735.9855	13386.3426	6678.1319		6677.0833
6046	26.98			4			1			  723782		0.9981		6			5		7.6046			1811.6869	13777.1511	6873.0704		6873.7923
6047	2.01			4			1			 1900083		0.9916		15			14		7.6413			1691.9059	12928.2803	6448.4505		6448.3080
6048	2.01			4			1			 1367534		0.9900		11			10		7.6379			1217.5173	9299.2571	4633.8853		4634.8014
6049	2.01			4			1			 3225276		0.9886		26			25		7.7842			2817.4413	21931.4352	10949.9533		10950.2910
6050	2.01			4			1			 1977940		0.9910		16			15		7.6715			1759.8014	13500.3882	6734.6151		6734.3768
6051	2.01			4			1			 2126618		0.9910		17			16		7.6558			1889.6721	14466.9181	7216.3283		7218.9097
6052	2.01			4			1			 2096867		0.9908		17			16		7.7537			1844.2394	14299.6362	7149.1688		7150.4674
6053	2.01			4			1			 1960900		0.9893		16			15		7.6906			1736.0532	13351.2264	6658.6224		6661.2334
6054	2.01			4			1			 1310131		0.9890		11			10		7.5960			1175.9749	8932.7507	4450.6591		4451.6482
6055	2.01			4			1			  873456		0.9922		7			6		7.7271			 771.0718	5958.1702	2962.6131		2963.6201
6056	2.01			4			1			 1957595		0.9883		16			15		7.8633			1692.6164	13309.5095	6638.4514		6638.6765
6057	2.01			4			1			 2053339		0.9918		17			16		7.7145			1816.1275	14010.4765	6989.2396		6989.8733
6059	2.01			4			1			 2095124		0.9909		17			16		7.8575			1816.3644	14272.1546	7119.8231		7120.4432
6060	2.01			4			1			 2077817		0.9887		17			16		7.7489			1826.0395	14149.7865	7059.3978		7059.1171
6061	2.01			4			1			 2283699		0.9920		18			17		7.6253			2043.1562	15579.7441	7790.0417		7789.7024
6062	2.01			4			1			 2198720		0.9893		18			17		7.7086			1942.1080	14970.9149	7471.0522		7469.8795
6064	2.01			4			1			 1272892		0.9902		11			10		7.8728			1101.9567	8675.5187	4322.4103		4321.1493
6065	2.01			4			1			 2153492		0.9882		17			16		7.7663			1888.0492	14663.0954	7317.9702		7314.8543
6066	2.01			4			1			 2215701		0.9906		18			17		7.7834			1935.5794	15065.4284	7518.9250		7515.4646
6067	2.01			4			1			 1920434		0.9879		16			15		7.7118			1694.6470	13068.7768	6520.1159		6517.1921
6068	2.01			4			1			  923189		0.9925		6			5		5.7655			1091.3346	6292.0891	3134.7288		3133.3929
6069	2.01			4			1			  604627		0.9976		3			2		3.7822			1092.8906	4133.5035	2059.1016		2058.2655
6071	2.01			4			2			  943187		0.9928		7			6		7.7400			 831.4552	6435.4935	3202.0115		3201.5875
6072	1.01			4			1			  978800		0.9939		8			7		14.6475			1563.3528	22899.2177	11419.9632		11416.5404
6073	1.01			4			1			 1140903		0.9929		9			8		15.4800			1718.7668	26606.5153	13299.9692		13296.6566
6074	1.01			4			1			 1139209		0.9932		9			8		15.5491			1715.7226	26678.0284	13308.9683		13305.1963
6075	1.01			4			1			 1054394		0.9946		8			7		15.1636			1626.8189	24668.4029	12304.0877		12301.7874
6076	1.01			4			1			 1025359		0.9957		8			7		14.8803			1606.7577	23908.9724	11924.2690		11922.0595
6077	1.01			4			1			 1142675		0.9953		9			8		15.4820			1725.4610	26713.5698	13326.4705		13324.6648
6078	1.01			4			1			 1110207		0.9947		9			8		15.3006			1691.4664	25880.3681	12910.3016		12908.0063
6079	1.01			4			1			 1069004		0.9953		9			8		15.0885			1657.8064	25013.7667	12476.8095		12475.0430
6080	1.01			4			1			  533411		0.9957		4			3		11.3534			1092.6873	12405.7194	6179.6771		6179.1984
6081	1.01			4			1			  599787		0.9994		3			2		7.9010			1767.2780	13963.2933	6966.2444		6965.1068
6082	1.01			4			3			  600868		1.0002		3			2		15.4020			 911.6665	14041.5135	6990.2606		6990.0920
6083	26.98			4			1			  661913		0.9987		6			5		7.5491			1680.9455	12689.6925	6340.4756		6339.9205
6084	26.98			4			1			  698189		0.9978		6			5		7.7086			1727.7313	13318.4118	6643.9616		6642.8652
6085	26.98			4			1			  712725		0.9977		6			5		7.8704			1732.8735	13638.3837	6803.9999		6802.4243
6086	2.01			3			9			 4367697		0.9969		4			3		7.4671			 772.4588	5768.0640	2883.8806		2884.1833
6087	2.01			4			1			 1992095		0.9889		16			15		7.7318			1756.3172	13579.5512	6774.1915		6773.9949
6088	2.01			4			1			 1030215		0.9908		8			7		7.4816			 937.9857	7017.6507	3493.0990		3493.7348
6089	2.01			4			1			 2264005		0.9852		18			17		7.4972			2057.9731	15428.9360	7715.1526		7713.7833
6090	2.01			4			1			 1944083		0.9916		16			15		7.5903			1744.7136	13242.9272	6606.6401		6605.2177
6091	2.01			4			1			 1814393		0.9890		15			14		7.6236			1620.9659	12357.6625	6163.8277		6163.1041
6092	2.01			4			1			  532657		0.9889		5			4		7.7504			 467.9948	3627.1405	1798.1191		1797.5351
6094	2.01			4			1			 1284691		0.9909		10			9		7.4115			1181.1170	8753.8750	4360.8190		4360.5254
6095	2.01			4			1			 2130466		0.9881		17			16		7.7869			1860.4436	14486.9959	7228.2439		7227.1206
6096	2.01			4			1			 1693958		0.9865		14			13		7.6435			1509.5996	11538.5939	5753.5463		5753.2276
6097	2.01			4			1			 1913888		0.9892		15			14		7.5717			1722.4536	13041.9131	6505.0574		6505.6177
6098	2.01			4			1			 2120446		0.9848		17			16		7.7835			1855.3352	14440.9418	7203.9857		7204.6642
6099	2.01			4			1			 2047396		0.9868		16			15		7.6153			1834.2595	13968.4435	6967.5553		6969.0625
6100	2.01			4			1			 2229871		0.9886		18			17		7.9326			1914.3673	15185.8311	7576.6662		7577.1516
6101	2.01			4			1			  160966		0.9914		2			1		7.9916			 136.4675	1090.5998	 529.0130		 529.2209
6102	2.01			4			1			 2098402		0.9845		17			16		7.7944			1833.4476	14290.6036	7144.5676		7146.0360
6103	2.01			4			1			 2069271		0.9898		17			16		7.7588			1819.3407	14115.9626	7041.7630		7043.3633
6104	2.01			4			1			 2153294		0.9873		17			16		7.8199			1872.8587	14645.6076	7306.4537		7307.6466
6105	2.01			4			1			 2140953		0.9850		17			16		7.8338			1857.9738	14554.9745	7260.8423		7262.0453
6106	2.01			4			1			 1060352		0.9946		7			6		5.8752			1226.9217	7208.4574	3592.0923		3592.9762
6107	2.01			4			1			  697717		0.9989		4			3		3.8520			1237.6794	4767.5801	2375.3080		2375.9756
6108	2.01			4			2			 1059033		0.9979		5			4		7.7378			 932.6405	7216.5412	3592.3110		3592.5006
6109	1.01			4			1			 1225325		0.9963		10			9		15.5605			1837.1011	28586.2901	14287.6107		14289.1816
6110	1.01			4			1			 1229187		0.9960		10			9		15.5786			1842.3108	28700.5819	14318.1839		14319.4314
6111	1.01			4			1			 1221974		0.9967		10			9		15.4903			1841.5328	28525.8976	14231.3168		14231.3535
6112	1.01			4			1			 1233562		0.9957		10			9		15.7690			1824.0779	28763.9542	14348.9534		14350.1193
6113	1.01			4			1			 1081349		0.9972		9			8		15.4054			1637.7109	25229.6234	12581.5641		12583.6329
6114	1.01			4			1			 1146195		0.9974		9			8		15.4774			1731.9588	26806.1634	13370.2843		13372.1681
6115	1.01			4			1			  985637		0.9953		8			7		15.2133			1510.9187	22986.0821	11461.6542		11460.9883
6116	1.01			4			1			 1139650		0.9960		9			8		15.4856			1717.5573	26597.3264	13268.4599		13265.9255
6117	1.01			4			1			  514006		0.9985		4			3		11.4048			1048.5729	11958.7696	5956.4870		5955.7670
6119	1.01			1			-1			1370461965		-nan		1			0		-nan			   0.0000	   0.0000	   0.0000		   0.0000
6120	1.01			4			3			  622598		1.0004		3			2		15.4215			 942.8398	14539.9674	7269.0230		7270.9444
6121	26.98			4			1			  631691		0.9980		6			5		7.4817			1615.5458	12086.9568	6037.9797		6039.0164
6122	26.98			4			1			  704945		0.9985		6			5		7.8528			1717.6158	13488.0182	6727.1702		6728.8418
6123	26.98			4			1			  686458		0.9984		6			5		7.7344			1691.1613	13080.1606	6525.8613		6528.1935
6124	2.01			4			1			 2013842		0.9890		16			15		7.8378			1748.5019	13704.3807	6836.7941		6839.2234
6125	2.01			4			1			 2027175		0.9922		16			15		7.8531			1758.8876	13812.8024	6888.9967		6892.2987
6126	2.01			4			1			 1288596		0.9880		10			9		7.2602			1211.9690	8799.1324	4382.4082		4384.8257
6127	2.01			4			1			 1555008		0.9886		13			12		7.8208			1354.0183	10589.4948	5277.4521		5279.5926
6128	2.01			4			1			 1790530		0.9914		14			13		7.6515			1591.5000	12177.4374	6078.1377		6081.7519
6129	2.01			4			1			 2053854		0.9901		16			15		7.8027			1787.5747	13947.9352	6955.8174		6960.4442
6130	2.01			4			1			 2131254		0.9894		17			16		7.8841			1841.3295	14517.1745	7240.2582		7244.6591
6131	2.01			4			1			 2249061		0.9912		18			17		7.9245			1930.1990	15295.7688	7628.8971		7634.1651
6132	2.01			4			1			 2782694		0.9905		22			21		7.9698			2375.1562	18929.5879	9445.5104		9453.1446
6133	2.01			4			1			 2648410		0.9903		21			20		7.9247			2272.8560	18011.7805	8986.8633		8993.5484
6134	2.01			4			1			 1946025		0.9896		16			15		7.8737			1685.7821	13273.4256	6617.6089		6623.0358
6135	2.01			4			1			 2199950		0.9893		18			17		7.8871			1896.7754	14960.0802	7461.3335		7467.4702
6136	2.01			4			1			 1961603		0.9921		16			15		7.7863			1714.9761	13353.3789	6658.1014		6662.9844
6137	2.01			4			1			 2247874		0.9876		18			17		7.8403			1955.7345	15333.4692	7647.3587		7653.9469
6138	2.01			4			1			 2362527		0.9890		19			18		7.7940			2063.4172	16082.2719	8020.5258		8029.0049
6139	2.01			4			1			 2027927		0.9901		16			15		7.9619			1735.7480	13819.7660	6890.2777		6897.6714
6140	2.01			4			1			 2118221		0.9870		17			16		7.9519			1811.3229	14403.5256	7182.9895		7187.8789
6141	2.01			4			1			  929363		0.9932		6			5		5.8925			1074.2498	6330.0388	3154.0846		3154.0200
6185	1.01			4			1			  631383		0.9988		3			2		24.7791			1417.5510	35125.6960	17507.7038		17502.7577
6187	1.01			4			1			  658326		0.9991		3			2		24.5255			1492.0770	36593.9570	18266.3056		18261.3812
6188	1.01			4			1			  993518		0.9979		5			4		29.0043			1901.7858	55159.9438	27526.8738		27517.2829
6189	1.01			4			1			  288219		0.9988		2			1		26.0116			 619.1785	16105.8105	7995.3749		7991.9455
6190	1.01			4			1			  830043		0.9993		4			3		27.7422			1663.2175	46141.3232	23016.5259		23007.5467
6191	1.01			4			1			  826767		0.9979		4			3		27.5705			1668.3583	45997.3912	22945.2930		22935.2535
6192	1.01			4			1			  322776		0.9995		2			1		28.3654			 631.5598	17914.4773	8901.2958		8897.4767
6193	1.01			4			1			  703115		0.9983		4			3		26.1423			1494.0048	39056.6619	19502.2845		19492.2688
6194	1.01			4			1			  346095		0.9991		2			1		18.6264			1030.0355	19185.8341	9557.6084		9551.7286
6195	1.01			4			1			  296908		0.9999		1			0		9.6220			1691.9464	16279.8362	8121.2169		8120.1964
6196	1.01			4			1			  457834		0.9949		7			6		28.6895			 889.6099	25522.4984	12705.8873		12702.4647
6197	1.01			3			3			  541514		1.0002		1			0		26.4333			 731.3563	19332.1486	9609.3816		9606.2422
6198	26.98			4			1			  584035		0.9995		3			2		18.9249			1736.7638	32868.0096	16397.4414		16394.3233
6199	26.98			4			1			  533580		0.9996		3			2		18.0871			1657.4340	29978.1637	14952.8948		14948.2722
6200	26.98			4			1			  545868		0.9989		3			2		18.2566			1682.1294	30709.9869	15316.2560		15314.8881
6201	2.01			4			1			 1465676		0.9915		10			9		18.4134			1642.7858	30249.3048	15085.2821		15084.3605
6202	2.01			4			1			 1545777		0.9928		11			10		18.9896			1679.0845	31885.0938	15906.1207		15901.6642
6203	2.01			4			1			 1451366		0.9936		10			9		18.1505			1649.3146	29935.8271	14929.7294		14927.5919
6204	2.01			4			1			 1574037		0.9944		11			10		18.6967			1733.9555	32419.2537	16208.5966		16203.5316
6205	2.01			4			1			  661417		0.9940		5			4		19.2718			 706.6607	13618.6488	6770.8495		6769.7292
6206	2.01			4			1			 1944520		0.9934		13			12		18.4292			2175.0900	40085.1735	20007.2635		20000.6278
6207	2.01			4			1			 1640406		0.9920		11			10		18.6877			1805.2677	33736.2149	16831.0548		16826.4859
6208	2.01			4			1			 1613548		0.9926		11			10		19.2774			1727.7311	33306.2059	16615.5718		16612.3056
6209	2.01			4			1			 1501258		0.9922		10			9		18.5936			1662.1698	30905.7184	15415.8729		15411.9002
6210	2.01			4			1			 1825266		0.9934		12			11		18.1423			2075.3951	37652.5156	18790.2464		18786.1310
6211	2.01			4			1			  247880		0.9892		2			1		18.7998			 272.3937	5120.9506	2522.3430		2521.5632
6218	1.01			4			1			  472795		0.9996		2			1		21.1131			1266.4680	26739.1036	13319.5473		13302.8166
6219	1.01			4			1			  800623		0.9993		4			3		24.9822			1816.1946	45372.5148	22638.3568		22625.3102
6220	1.01			4			1			  868512		0.9986		4			3		26.2423			1875.4635	49216.4474	24560.2168		24547.9546
6221	1.01			4			1			  820349		0.9990		4			3		26.1416			1774.2123	46380.7867	23138.2476		23132.8453
6222	1.01			4			1			  394603		0.9996		2			1		19.5367			1133.1806	22138.6419	11030.9756		11028.9678
6223	1.01			4			1			  326092		0.9999		1			0		9.8020			1868.7652	18317.7165	9139.3096		9139.2962
6224	1.01			4			3			  277916		0.9995		2			1		20.5275			 770.4627	15815.6890	7903.5009		7903.6584
6226	1.01			3			3			  900661		1.0002		2			1		27.2580			1200.4332	32721.3983	16308.4584		16303.3492
6227	26.98			4			1			  585145		0.9994		3			2		18.2379			1803.6437	32894.7304	16410.5316		16407.1429
6228	26.98			4			1			  666260		0.9992		4			3		18.9496			1979.8269	37516.8624	18721.6938		18719.8657
6229	26.98			4			1			  345463		0.9994		2			1		17.7447			1095.8668	19445.8238	9685.4587		9683.8096
6230	26.98			4			1			  308022		0.9995		2			1		18.5822			 930.9827	17299.7371	8630.6258		8629.9464
6231	2.01			4			1			 1553753		0.9948		11			10		19.3003			1660.6472	32050.9333	15988.5331		15983.9786
6232	2.01			4			1			 1692361		0.9947		12			11		19.0801			1828.8465	34894.6620	17412.0605		17404.7833
6233	2.01			4			1			 1960127		0.9937		13			12		19.1763			2108.3106	40429.5090	20178.5533		20172.1698
6234	2.01			4			1			  860715		0.9920		6			5		19.6350			 903.5810	17741.8120	8831.4928		8831.4078
6235	2.01			4			1			 2449568		0.9937		17			16		19.1444			2637.7392	50497.9782	25246.7864		25251.1918
6236	2.01			4			1			 1499968		0.9951		10			9		17.8607			1728.5764	30873.5079	15396.3311		15399.1071
6237	2.01			4			1			 1893589		0.9942		13			12		19.6392			1987.4722	39032.3819	19476.6822		19478.3568
6238	2.01			4			1			 1750420		0.9954		12			11		19.3293			1870.9641	36164.5103	18040.4277		18043.2368
6239	2.01			4			1			  717402		0.9950		5			4		18.3437			 810.0092	14858.5749	7427.5550		7431.0199
6240	2.01			4			1			 1136793		0.9954		8			7		18.6911			1253.4105	23427.5877	11682.8262		11667.9384
6241	2.01			4			1			   78157		0.9971		1			0		10.7955			 148.8829	1607.2692	 791.8036		 794.4576
6242	2.01			4			1			 1526071		0.9949		11			10		18.3600			1713.4215	31458.4317	15686.2133		15694.6871
6243	2.01			4			1			 1531258		0.9908		11			10		18.8375			1675.8944	31569.7362	15783.1185		15786.6177
6244	2.01			4			1			  631037		0.9955		4			3		14.0759			 921.4932	12970.8905	6484.9828		6485.9077
6245	2.01			4			1			  509248		0.9997		2			1		9.5577			1093.8268	10454.4356	5207.3547		5208.0520
6251	1.01			4			1			 1063697		0.9987		5			4		28.6857			2088.1823	59900.9838	29951.2424		29949.7413
6252	1.01			4			1			 1034314		0.9987		5			4		28.3800			2054.3530	58302.5451	29145.2153		29145.2372
6253	1.01			4			1			  845552		0.9986		4			3		28.7307			1659.8693	47689.1790	23788.5028		23783.4462
6254	1.01			4			1			 1017491		0.9985		5			4		28.4169			2020.7267	57422.7384	28653.7540		28651.6503
6255	1.01			4			1			 1004043		0.9983		5			4		27.8538			2032.7360	56619.3855	28251.5022		28248.4183
6256	1.01			4			1			 1019031		0.9985		5			4		29.1106			1974.5836	57481.3516	28684.2161		28677.4859
6257	1.01			4			1			  428512		0.9993		2			1		19.0651			1258.6198	23995.6628	11959.0116		11957.4565
6258	1.01			4			1			  324927		0.9999		1			0		9.7173			1860.0374	18074.5557	9018.0495		9017.8876
6259	1.01			4			3			  567967		0.9997		3			2		29.5768			1084.8724	32087.0540	15984.4254		15984.5248
6260	26.98			4			1			  600552		0.9990		3			2		19.1893			1758.2788	33740.0974	16834.7746		16832.7881
6261	26.98			4			1			  664390		0.9987		4			3		18.8064			1982.5672	37284.9593	18604.2124		18602.5919
6262	26.98			4			1			  125325		0.9979		1			0		19.6661			 357.8804	7038.1222	3478.5704		3479.4983
6263	26.98			4			1			  432781		0.9993		3			2		19.4994			1246.2044	24300.1821	12110.6462		12110.6139
6264	2.01			4			1			 1378054		0.9936		9			8		18.8539			1505.3370	28381.4222	14150.1835		14151.9284
6265	2.01			4			1			 1719947		0.9931		12			11		19.6173			1804.1855	35393.2904	17650.6609		17664.8542
6266	2.01			4			1			 1562858		0.9948		11			10		19.1929			1677.6301	32198.5472	16056.9739		16063.0934
6267	2.01			4			1			 1464847		0.9915		10			9		18.8227			1601.6494	30147.4036	15073.6511		15073.7525
6268	2.01			4			1			 1442033		0.9926		10			9		18.4869			1606.6901	29702.7332	14814.8552		14812.2166
6269	2.01			4			1			 1629656		0.9919		11			10		19.3738			1731.4528	33544.8927	16735.0014		16731.2807
6270	2.01			4			1			 1487150		0.9940		10			9		19.1014			1602.0557	30601.5402	15262.1644		15260.8641
6271	2.01			4			1			 1131104		0.9945		8			7		19.2110			1211.4622	23273.4024	11599.6904		11597.1028
6272	2.01			4			1			 1613077		0.9955		11			10		19.3128			1721.3041	33243.1713	16584.0160		16581.1521
6273	2.01			4			1			 1556229		0.9941		11			10		19.0665			1676.4465	31964.0009	15943.5758		15944.0398
6274	2.01			4			1			 1509344		0.9927		10			9		18.8465			1647.9623	31058.3735	15490.3802		15490.2084
6275	2.01			4			1			 1570311		0.9907		11			10		18.9669			1699.9918	32243.5332	16123.0239		16120.5093
6277	2.01			4			1			  823946		0.9983		5			4		14.5630			1157.8429	16861.6978	8402.0837		8400.7003
6278	2.01			4			1			  564817		0.9992		2			1		9.8085			1180.0011	11574.0328	5767.8602		5766.9981
6279	2.01			4			2			  567896		0.9997		4			3		14.4038			 808.9271	11651.6328	5797.0757		5795.3489
6280	1.01			4			1			  807783		0.9985		4			3		28.0519			1617.9557	45386.6601	22635.9536		22632.4165
6281	1.01			4			1			  776235		0.9983		4			3		27.0630			1609.0248	43545.1067	21775.7030		21767.2133
6282	1.01			4			1			  815674		0.9976		4			3		28.0186			1634.3630	45792.6048	22898.9004		22893.7045
6283	1.01			4			1			  890741		0.9993		4			3		28.9010			1727.2584	49919.4507	24904.0602		24898.9561
6284	1.01			4			1			  791835		0.9985		4			3		29.0994			1525.7031	44397.0584	22144.0284		22137.7624
6285	1.01			4			1			  798452		0.9988		4			3		27.2848			1643.4292	44840.6678	22363.0904		22361.1841
6286	1.01			4			1			  690475		0.9989		3			2		27.3151			1418.7322	38752.7481	19344.7226		19344.3918
6287	1.01			4			1			  840616		0.9988		4			3		28.1439			1679.5522	47269.1195	23632.2830		23626.5032
6288	1.01			4			1			  403853		0.9997		2			1		19.3788			1164.4383	22565.4591	11245.4545		11243.0611
6289	1.01			4			1			  305918		0.9999		1			0		9.6990			1747.5894	16949.9108	8455.6060		8455.2893
6290	1.01			4			3			  405681		1.0006		2			1		28.1894			 808.8594	22801.2911	11343.8638		11342.4617
6291	26.98			4			1			  577310		0.9990		3			2		19.0671			1700.1607	32417.1149	16200.9299		16198.9255
6292	26.98			4			1			  642896		0.9997		4			3		18.8846			1905.9108	35992.3221	17958.8640		17957.5001
6293	26.98			4			1			  556304		0.9994		3			2		18.7624			1661.9674	31182.4894	15552.4238		15551.4399
6294	2.01			4			1			  166956		0.9966		2			1		16.9971			 202.0964	3435.0441	1700.8898		1700.4297
6295	2.01			4			1			 1693225		0.9936		12			11		18.8839			1845.2209	34844.9841	17381.6834		17385.1591
6296	2.01			4			1			 1767852		0.9940		12			11		18.5972			1966.9728	36580.1926	18250.2629		18253.4256
6297	2.01			4			1			 1691422		0.9929		11			10		19.0499			1830.3361	34867.6783	17433.0240		17434.6542
6298	2.01			4			1			 1791737		0.9948		12			11		18.9104			1946.0322	36800.1811	18361.2230		18362.3666
6299	2.01			4			1			 1759320		0.9940		12			11		18.3616			1971.9793	36208.7501	18064.4290		18067.8923
6300	2.01			4			1			 1626264		0.9948		11			10		18.7363			1781.9261	33386.7628	16691.0104		16691.1529
6301	2.01			4			1			 1563480		0.9935		11			10		18.5171			1737.8466	32179.9198	16083.9616		16084.5407
6302	2.01			4			1			   55358		0.9834		1			0		19.4334			  58.4571	1136.0226	 530.4942		 530.7842
6303	2.01			4			1			 1737064		0.9954		12			11		19.2462			1858.1776	35762.8389	17834.4168		17849.6051
6304	2.01			4			1			 1533978		0.9925		11			10		19.0946			1652.3261	31550.5233	15731.3676		15742.0402
6305	2.01			4			1			 1644863		0.9921		11			10		19.1987			1762.2376	33832.7126	16874.5148		16880.8891
6306	2.01			4			1			 1676893		0.9923		11			10		19.1391			1805.6745	34558.9637	17238.5032		17243.3911
6307	2.01			4			1			 1670348		0.9931		11			10		19.1778			1795.6613	34436.8618	17179.9564		17178.9793
6308	2.01			4			1			  746827		0.9978		4			3		14.2228			1079.3590	15351.4834	7645.4119		7646.1365
6309	2.01			4			1			  564885		0.9988		2			1		9.6847			1197.7952	11600.2746	5779.3750		5781.3216
6310	2.01			4			2			  799426		0.9970		6			5		14.4289			1139.3648	16439.7480	8189.6974		8190.8526
6311	1.01			4			1			  879359		0.9980		4			3		28.2541			1746.8407	49355.3723	24617.2463		24617.3385
6312	1.01			4			1			  683177		0.9991		3			2		28.5591			1342.3136	38335.3231	19107.4953		19109.9012
6313	1.01			4			1			  920379		0.9988		5			4		28.8503			1786.6837	51546.2962	25713.9068		25711.9442
6314	1.01			4			1			  769289		0.9981		4			3		27.7861			1548.2414	43019.6417	21451.4138		21450.7700
6315	1.01			4			1			  788282		0.9985		4			3		28.0717			1565.9104	43957.8047	21941.9185		21943.5287
6316	1.01			4			1			  859029		0.9979		4			3		28.1852			1702.2624	47978.6348	23929.5143		23930.8521
6317	1.01			4			1			  899372		0.9988		4			3		28.4723			1761.1499	50143.9236	25012.8575		25012.5921
6318	1.01			4			1			  878244		0.9990		4			3		27.9403			1756.8199	49086.0287	24487.2833		24486.5518
6319	1.01			4			1			  320454		0.9990		1			0		18.3303			 968.6169	17755.0611	8837.0220		8839.8558
6321	1.01			4			1			  299088		0.9999		1			0		9.6803			1695.5476	16413.4820	8185.5436		8188.0736
6322	1.01			4			3			  476486		1.0006		3			2		29.4327			 903.6943	26598.1961	13242.3724		13240.2636
6323	26.98			4			1			  455386		0.9991		3			2		18.0472			1413.8439	25515.9313	12718.0475		12723.7331
6324	26.98			4			1			  478564		0.9993		3			2		18.6847			1441.3703	26931.6239	13422.2976		13429.5288
6325	26.98			4			1			  491791		0.9997		3			2		18.8134			1467.4209	27607.2010	13761.5450		13767.3545
6326	2.01			4			1			 1607248		0.9928		11			10		19.2294			1717.8256	33032.8199	16477.1497		16474.6435
6327	2.01			4			1			 1462477		0.9903		10			9		18.4435			1628.9707	30043.8567	14984.9650		14979.0632
6328	2.01			4			1			 1558675		0.9898		11			10		19.1865			1674.0748	32119.7054	16023.1933		16018.6372
6329	2.01			4			1			 1400123		0.9939		10			9		18.3916			1565.7868	28797.3177	14362.0815		14357.9821
6330	2.01			4			1			 1533993		0.9902		10			9		18.8264			1673.8424	31512.4607	15717.3187		15717.8921
6331	2.01			4			1			 1341697		0.9921		9			8		17.8712			1539.7429	27516.9866	13720.7996		13718.3989
6332	2.01			4			1			 1566016		0.9937		11			10		18.8573			1709.7692	32241.6336	16115.6263		16116.3597
6333	2.01			4			1			 1559731		0.9927		11			10		18.7608			1710.2428	32085.5896	16004.9979		16002.6494
6334	2.01			4			1			 1568528		0.9934		11			10		19.1311			1689.0655	32313.7306	16117.9884		16117.7578
6335	2.01			4			1			 1574895		0.9947		11			10		19.1894			1689.3699	32418.0618	16171.9292		16169.3742
6336	2.01			4			1			 1698125		0.9916		12			11		19.4175			1800.4316	34959.9688	17440.1493		17441.4663
6337	2.01			4			1			 1663845		0.9922		11			10		19.4697			1758.1111	34229.9600	17076.4953		17076.5977
6338	2.01			4			1			  828121		0.9979		5			4		14.4808			1174.9946	17014.9100	8477.9440		8478.7761
6339	2.01			4			1			  601402		0.9994		2			1		9.7361			1265.2851	12318.9519	6139.8150		6140.4484
6340	2.01			4			2			  685313		0.9978		5			4		14.3479			 981.1862	14077.9142	7009.1239		7009.5775
6341	1.01			4			1			  926796		0.9980		5			4		28.2181			1827.9709	51581.8171	25731.4747		25734.6613
6342	1.01			4			1			  924080		0.9990		5			4		27.9724			1839.4366	51453.4176	25666.9746		25670.7465
6343	1.01			4			1			  798034		0.9989		4			3		28.9343			1537.6789	44491.5999	22186.2419		22189.0943
6344	1.01			4			1			 1073302		0.9980		5			4		28.3677			2104.5232	59700.4551	29787.4231		29793.9762
6345	1.01			4			1			  827775		0.9982		4			3		25.7977			1785.4112	46059.5823	22965.6743		22978.6176
6346	1.01			4			1			  931765		0.9988		5			4		29.2735			1775.5329	51975.9803	25923.0782		25935.3108
6347	1.01			4			1			  854293		0.9983		4			3		27.4108			1742.2450	47756.2834	23815.2464		23822.3179
6348	1.01			4			1			  737649		0.9986		4			3		27.6757			1485.1759	41103.2099	20488.7400		20495.3231
6349	1.01			4			1			  375743		0.9992		2			1		19.0155			1094.4808	20812.1104	10363.4683		10369.8677
6356	1.01			4			1			  342863		0.9998		1			0		18.2223			1047.8643	19094.5446	9505.7912		9511.8697
6357	1.01			4			1			  193164		0.9999		1			0		9.1573			1161.3279	10634.6792	5296.9183		5300.8089
6358	1.01			4			3			  415450		1.0004		2			1		27.9811			 834.0289	23337.0672	11608.7413		11612.3800
6360	26.98			4			1			  562053		0.9995		3			2		18.3353			1725.9062	31644.9522	15823.8903		15821.0618
6361	26.98			4			1			  582333		1.0001		3			2		18.7150			1749.9926	32751.1383	16339.0516		16337.7572
6362	26.98			4			1			  514752		0.9993		3			2		18.3900			1573.9447	28944.8394	14437.1374		14432.3881
6363	2.01			4			1			 1336455		0.9943		9			8		18.1508			1510.7854	27421.9276	13674.7994		13672.0394
6381	2.01			4			1			 1591854		0.9941		11			10		19.0036			1722.7936	32739.2541	16328.2418		16332.8510
6382	2.01			4			1			 1626559		0.9927		11			10		19.1046			1750.2641	33438.0721	16676.2235		16682.2310
6384	2.01			4			1			 1647578		0.9925		11			10		19.0449			1779.2210	33885.1004	16899.7894		16906.5100
6385	2.01			4			1			 1597191		0.9941		11			10		18.8840			1742.2116	32899.8664	16407.8018		16415.2061
6386	2.01			4			1			 1637496		0.9929		11			10		18.5929			1813.1179	33711.1076	16813.7969		16818.3864
6387	2.01			4			1			 1456628		0.9920		10			9		18.5239			1616.6708	29946.9795	14933.4630		14937.1562
6388	2.01			4			1			 1746136		0.9932		12			11		19.0954			1879.3895	35887.6528	17899.9586		17908.0994
6389	2.01			4			1			 1710238		0.9921		12			11		18.5420			1895.8643	35153.0248	17533.4249		17540.7557
6390	2.01			4			1			 1633485		0.9940		11			10		18.8862			1777.2248	33564.9994	16739.7812		16746.3267
6392	2.01			4			1			 1439762		0.9942		10			9		18.5694			1590.5882	29536.2786	14743.0722		14753.6439
6393	2.01			4			1			 1638182		0.9928		11			10		18.8567			1785.9865	33677.8162	16795.4378		16804.9925
6394	2.01			4			1			  862231		0.9967		5			4		14.3254			1235.5154	17699.2942	8818.3146		8821.6020
6395	2.01			4			1			  549988		0.9993		2			1		9.5912			1171.7132	11238.1485	5614.0356		5616.7026
6396	2.01			4			2			  604540		0.9998		2			1		14.3683			 864.4752	12421.0512	6179.8389		6182.9203
6397	1.01			4			1			  696368		0.9983		4			3		28.5239			1369.5135	39063.8240	19471.3247		19471.2487
6398	1.01			4			1			  886159		0.9985		4			3		28.5303			1743.5646	49744.4372	24813.6001		24808.7223
6399	1.01			4			1			  896611		0.9987		4			3		28.5131			1760.5470	50198.5912	25040.5503		25037.7596
6400	1.01			4			1			  875165		0.9987		4			3		27.5056			1782.7047	49034.2852	24457.2886		24454.5765
6401	1.01			4			1			  858012		0.9985		4			3		27.1582			1771.9397	48122.6545	24002.9766		24000.2425
6402	1.01			4			1			  929274		0.9979		5			4		28.0491			1854.3087	52011.7600	26009.3804		26002.3797
6404	2.01			4			1			 1167036		0.9947		7			6		5.7841			1433.5739	8291.8676	4133.1891		4135.1277
6407	1.01			4			1			  694171		0.9990		4			3		10.6119			1619.2791	17183.6061	8571.3871		8569.1818
6408	1.01			4			1			  712161		0.9988		4			3		10.6539			1652.0338	17600.6760	8779.6682		8777.4020
6409	1.01			4			1			  758592		0.9990		4			3		10.7572			1745.1239	18772.6253	9365.1927		9362.6634
6410	1.01			4			1			  699053		0.9992		4			3		10.5593			1635.4360	17269.0759	8628.1305		8624.9316
6411	1.01			4			1			  732173		0.9990		4			3		10.5807			1707.1998	18063.3619	9011.4916		9008.2829
6412	1.01			4			1			  739724		0.9992		4			3		10.4730			1745.4852	18280.4737	9119.9100		9117.1271
6413	1.01			4			1			  883555		0.9981		5			4		10.6226			2051.9991	21797.6579	10878.7735		10877.9080
6414	1.01			4			1			  751408		0.9987		4			3		10.7308			1727.8827	18541.5754	9250.3347		9248.8981
6415	1.01			4			1			  742018		0.9991		4			3		10.6290			1722.6821	18310.4659	9133.7215		9132.2904
6418	1.01			4			1			  778093		0.9990		4			3		10.7580			1783.3619	19185.4489	9582.8042		9584.9399
6419	1.01			4			1			  364452		0.9999		2			1		8.6625			1035.9191	8973.6050	4468.8818		4469.4619
6420	1.01			4			1			  420132		0.9997		2			1		6.6442			1560.8862	10370.8622	5184.9710		5185.8913
6421	1.01			4			1			  495197		0.9996		3			2		5.7653			1618.7338	9332.5250	4653.9103		4654.8259
6422	26.98			4			1			   54051		0.9988		1			0		5.8475			 174.0520	1017.7742	 497.0972		 497.2990
6423	26.98			4			1			   72649		0.9967		1			0		5.7101			 237.4482	1355.8643	 666.5389		 666.1479
6426	26.98			4			1			  508956		0.9990		3			2		5.8804			1620.2904	9527.9538	4751.5311		4752.6871
6427	26.98			4			1			  592795		0.9958		5			4		9.7289			1147.7622	11166.4213	5563.1648		5564.5488
6428	2.01			4			1			 1916505		0.9948		11			10		5.9253			2297.0466	13610.8024	6793.4103		6794.5618
6429	2.01			4			1			 1524308		0.9967		9			8		5.8759			1840.2827	10813.3536	5394.2845		5395.2229
6430	2.01			4			1			 1346488		0.9956		8			7		5.8825			1624.5529	9556.3685	4771.7864		4772.1613
6431	2.01			4			1			  516746		0.9947		3			2		5.8081			 628.0080	3647.5410	1811.9396		1812.0603
6432	1.01			4			1			  730859		0.9989		4			3		10.5509			1644.4797	17350.8227	8669.7211		8681.1016
6433	1.01			4			1			  605887		0.9986		4			3		10.4661			1378.0565	14422.8174	7185.1613		7192.8798
6434	1.01			4			1			  681794		0.9985		4			3		10.5604			1536.7680	16228.9484	8088.4667		8097.5218
6435	1.01			4			1			  740046		0.9984		4			3		10.7908			1637.8761	17673.9951	8812.6240		8818.2512
6436	1.01			4			1			  761224		0.9988		5			4		10.6899			1695.3467	18123.1465	9039.3417		9040.3656
6437	1.01			4			1			  745747		0.9985		4			3		10.6975			1654.3318	17697.2056	8827.0621		8826.8791
6438	1.01			4			1			  802508		0.9984		5			4		10.8984			1749.9378	19071.4803	9515.0029		9513.0652
6439	1.01			4			1			  775814		0.9976		5			4		10.7810			1706.3427	18396.0892	9199.0901		9196.9992
6440	1.01			4			1			  732212		0.9979		4			3		10.6530			1631.5290	17380.7486	8669.3723		8668.1679
6441	1.01			4			1			  771172		0.9980		5			4		10.7374			1698.9847	18242.6120	9099.6276		9098.9896
6442	1.01			4			1			  416525		0.9992		2			1		8.7758			1117.2467	9804.7618	4884.1312		4884.6541
6443	1.01			4			1			  457166		0.9998		2			1		5.9756			1803.6461	10777.8776	5376.4312		5377.7975
6445	1.01			4			3			  376838		1.0000		2			1		10.6904			 833.3187	8908.5313	4431.4387		4431.9385
6454	1.01			3			5			 1176452		0.9996		2			1		10.3825			 772.9559	8025.1770	4013.2179		4011.9592
6455	26.98			4			1			  384182		0.9992		3			2		5.7927			1238.5588	7174.6458	3576.6619		3574.3863
6456	26.98			4			1			  511841		0.9991		3			2		5.8188			1651.0722	9607.3328	4793.2213		4790.3480
6457	26.98			4			1			  531886		0.9993		3			2		5.8631			1705.7713	10001.1732	4990.5059		4987.4372
6458	2.01			4			1			 1297336		0.9952		8			7		5.8311			1576.1589	9190.7030	4585.2311		4584.2101
6459	2.01			4			1			 1387915		0.9955		8			7		5.8621			1684.2817	9873.4213	4924.0393		4925.5022
6460	2.01			4			1			 1388721		0.9939		8			7		5.8776			1678.5751	9865.9774	4921.5351		4921.6013
6461	2.01			4			1			 1424938		0.9956		9			8		5.9424			1708.9672	10155.3983	5066.0058		5065.9248
6462	2.01			4			1			 1386405		0.9939		8			7		5.8736			1678.8922	9861.1332	4922.4139		4922.0864
6463	2.01			4			1			 1497916		0.9945		9			8		5.9545			1794.4863	10685.1897	5342.4806		5342.7091
6464	2.01			4			1			 1378648		0.9941		8			7		5.8977			1659.8305	9789.1932	4883.0717		4882.2511
6465	2.01			4			1			 1187653		0.9969		7			6		5.8384			1438.2274	8396.9847	4187.0368		4186.4426
6466	2.01			4			1			 1216940		0.9963		7			6		5.8627			1468.5175	8609.4364	4292.6385		4293.1971
6467	2.01			4			1			 1327910		0.9950		8			7		5.9193			1599.7033	9469.1878	4734.3433		4734.8445
6468	2.01			4			1			 1217446		0.9962		7			6		5.9171			1466.4978	8677.4309	4338.2960		4339.1348
6469	2.01			4			1			 1638066		0.9934		10			9		5.8945			1978.8442	11664.2871	5819.7061		5821.1817
6470	2.01			4			1			 1760606		0.9963		11			10		5.8955			2123.3969	12518.5492	6247.0306		6247.8742
6471	2.01			4			1			 1431811		0.9959		9			8		5.9113			1725.0932	10197.5867	5086.9960		5086.9676
6473	2.01			4			1			 1054176		0.9987		5			4		3.9815			1894.1056	7541.4412	3763.0125		3762.5358
6474	2.01			4			2			  885222		0.9973		6			5		6.0069			1048.5070	6298.2855	3137.9896		3138.0780
6475	2.01			3			9			 3837082		0.9991		3			2		6.0037			1141.7745	6854.8910	3415.9350		3415.5117
6477	1.01			4			1			  773036		0.9977		5			4		10.4781			1731.6231	18144.1006	9049.7713		9050.6403
6478	1.01			4			1			  761247		0.9991		4			3		10.6006			1692.1443	17937.6731	8947.2841		8947.9860
6479	1.01			4			1			  724934		0.9987		4			3		10.7001			1595.5614	17072.6790	8515.0365		8515.6466
6480	1.01			4			1			 1011389		0.9987		6			5		10.7660			2210.9172	23802.6737	11879.4358		11879.8056
6481	1.01			4			1			  698724		0.9970		4			3		10.7267			1537.8484	16495.9648	8226.3309		8226.3473
6482	1.01			4			1			  809138		0.9988		5			4		10.6371			1792.0083	19061.7290	9508.9695		9508.8517
6483	1.01			4			1			  833312		0.9982		5			4		10.7075			1836.0540	19659.4825	9829.1416		9830.3409
6484	1.01			4			1			  803159		0.9980		5			4		10.8227			1756.0135	19004.8530	9481.2667		9481.0522
6485	1.01			4			1			  407047		0.9989		2			1		8.7210			1096.2392	9560.3504	4762.9956		4762.7602
6486	1.01			4			1			  449471		0.9994		2			1		5.9366			1777.5610	10552.7389	5264.6289		5264.2683
6487	1.01			4			3			  393662		1.0002		2			1		10.7625			 859.9720	9255.4195	4606.1595		4605.3005
6488	26.98			4			1			  498739		0.9992		3			2		5.8473			1603.4576	9375.9628	4688.1753		4687.7875
6503	26.98			4			1			  487596		0.9987		3			2		5.8746			1557.0967	9147.3005	4561.1955		4562.8628
6504	1.01			4			1			  396247		0.9972		3			2		10.1693			 760.9571	7738.4006	3846.7119		3848.5841
6505	26.98			4			1			  393554		0.9993		3			2		5.6849			1295.7311	7366.1439	3669.8586		3672.9742
6506	2.01			4			1			 1356738		0.9938		8			7		5.7415			1671.5073	9596.9618	4786.1863		4787.3051
6507	2.01			4			1			 1350533		0.9945		8			7		5.8051			1653.9838	9601.5126	4789.2749		4788.5436
6508	2.01			4			1			  669220		0.9938		4			3		5.7430			 823.0338	4726.6877	2351.8246		2351.7701
6509	2.01			4			1			 2065135		0.9959		12			11		5.8850			2495.3191	14684.8624	7331.4579		7329.2433
6510	2.01			4			1			 1619895		0.9945		10			9		5.8832			1957.2975	11515.2458	5746.4329		5745.4560
6511	2.01			4			1			 1544427		0.9949		9			8		5.9587			1850.0923	11024.0759	5500.9233		5500.0732
6512	2.01			4			1			 1372613		0.9944		8			7		5.8299			1674.1121	9759.8478	4868.9090		4867.4677
6513	2.01			4			1			 1000024		0.9927		6			5		5.8280			1221.8478	7120.9489	3549.2981		3548.3456
6514	2.01			4			1			 1421067		0.9955		8			7		5.8422			1730.4718	10109.6986	5044.0464		5042.1471
6515	2.01			4			1			 1352531		0.9941		8			7		5.8812			1632.0960	9598.7442	4788.4727		4787.3048
6516	2.01			4			1			 1600695		0.9964		10			9		5.9131			1923.2651	11372.4249	5675.3071		5673.8476
6517	2.01			4			1			 1275869		0.9972		8			7		5.7338			1573.3345	9021.1652	4499.6325		4498.7718
6518	2.01			4			1			 1376586		0.9968		8			7		5.7536			1694.4435	9749.2056	4863.1373		4862.7087
6519	2.01			4			1			 1584068		0.9948		9			8		5.8645			1920.7294	11264.0413	5620.5825		5620.3665
6520	2.01			4			1			 1454217		0.9963		9			8		5.9088			1752.7993	10356.9818	5166.8921		5166.1251
6521	2.01			4			1			 1124866		0.9990		5			4		3.9489			2030.1321	8016.7253	4001.0094		4000.1794
6522	2.01			4			2			  942073		0.9991		7			6		5.8768			1139.5749	6697.0672	3337.2786		3336.1092
6523	1.01			4			1			  436462		0.9975		3			2		9.3101			 917.9251	8545.9918	4253.5107		4253.7633
6524	1.01			4			1			  950920		0.9986		6			5		9.2294			2013.6908	18585.1965	9273.8831		9273.9536
6525	1.01			4			1			  985225		0.9991		6			5		9.3721			2062.2704	19327.7094	9645.1395		9645.2538
6526	1.01			4			1			  987761		0.9984		6			5		9.1097			2110.2742	19224.0366	9594.1284		9592.9416
6527	1.01			4			1			  851194		0.9982		5			4		9.2890			1790.8914	16635.5107	8299.7527		8298.0067
6528	1.01			4			1			 1037804		0.9976		7			6		10.5817			1910.8165	20219.6946	10089.6214		10085.8977
6529	1.01			4			1			  967011		0.9983		6			5		10.7624			1758.9229	18930.1685	9443.5515		9442.3699
6530	1.01			4			1			  919809		0.9984		6			5		10.6859			1684.0247	17995.3240	8977.7943		8975.8097
6531	1.01			4			1			 1001006		0.9969		6			5		10.8713			1803.7805	19609.4171	9784.4271		9782.4234
6532	1.01			4			1			  518987		0.9979		3			2		8.7446			1156.3884	10112.1899	5039.6163		5037.3768
6533	1.01			4			1			  470517		0.9996		2			1		5.8717			1556.0144	9136.4749	4557.3169		4556.1384
6534	1.01			4			3			  439997		1.0011		3			2		10.6712			 807.4726	8616.7123	4287.4936		4285.9283
6536	26.98			4			1			  310329		0.9994		2			1		5.8558			 995.6313	5830.1881	2903.4732		2902.9290
6537	26.98			4			1			  637239		0.9989		4			3		5.8443			2051.2757	11988.2159	5987.1948		5986.8285
6538	26.98			4			1			  626832		0.9996		4			3		5.8675			2009.2255	11789.1298	5883.0539		5882.6559
6539	2.01			4			1			 1373852		0.9961		8			7		5.8671			1665.8240	9773.5530	4875.1605		4874.9332
6540	2.01			4			1			 1457183		0.9977		9			8		5.8861			1762.9480	10376.8695	5177.5306		5176.2010
6541	2.01			4			1			 1375989		0.9980		8			7		5.8147			1677.2027	9752.4675	4865.2656		4863.9406
6542	2.01			4			1			 1417724		0.9948		8			7		5.8597			1723.7737	10100.7446	5039.8532		5037.7468
6543	2.01			4			1			 1333934		0.9955		8			7		5.7740			1641.4670	9477.7888	4727.9874		4726.9281
6544	2.01			4			1			 1459910		0.9960		9			8		5.8976			1765.0118	10409.3722	5193.5806		5192.3314
6545	2.01			4			1			 1268889		0.9969		7			6		5.7545			1566.5689	9014.7678	4496.5888		4495.0274
6546	2.01			4			1			 1425821		0.9958		8			7		5.8581			1729.0174	10128.7417	5053.4380		5052.1323
6547	2.01			4			1			 1438099		0.9954		8			7		5.8366			1752.4613	10228.3578	5103.2765		5102.3690
6548	2.01			4			1			 1304231		0.9949		8			7		5.8336			1585.9192	9251.5405	4614.4698		4612.9083
6552	2.01			4			1			 1425642		0.9951		9			8		5.8922			1721.1691	10141.4972	5058.8596		5059.5024
6553	2.01			4			1			 1423655		0.9951		9			8		5.8872			1719.5114	10123.0799	5049.7902		5049.5744
6554	2.01			4			1			 1348264		0.9958		8			7		5.8234			1643.7338	9572.0412	4786.1790		4785.8621
6555	2.01			4			1			 1432847		0.9952		9			8		5.8490			1747.5560	10221.4945	5099.4757		5098.6655
6556	2.01			4			1			  934277		0.9984		4			3		3.8767			1712.4750	6638.7175	3311.5145		3310.8572
6557	2.01			4			2			  787877		0.9997		3			2		5.9376			 946.6127	5620.5835	2798.9414		2797.8455
6559	1.01			4			1			  852874		0.9982		6			5		10.6928			1555.2364	16629.7911	8294.6601		8292.1684
6561	1.01			4			1			  892573		0.9980		6			5		10.6713			1624.8561	17339.3612	8648.3930		8646.8496
6562	1.01			4			1			  906576		0.9978		6			5		10.7326			1641.9053	17621.9835	8812.1169		8809.8665
6566	1.01			4			1			  848472		0.9982		6			5		10.6648			1541.8989	16444.0719	8200.7209		8199.5062
6567	1.01			4			1			  983711		0.9970		6			5		10.6284			1789.3916	19018.4364	9488.4022		9487.9074
6568	1.01			4			1			  835017		0.9984		5			4		10.3412			1557.0909	16102.1754	8050.9820		8051.1935
6570	26.98			4			1			 1149047		0.9965		6			5		5.7720			1555.4417	8978.0187	4488.6991		4489.3195
6571	1.01			4			1			 2398108		0.9903		14			13		10.7731			1768.0091	19046.9036	9501.8096		9501.7522
6572	1.01			4			1			 2143081		0.9920		13			12		10.5517			1604.3741	16928.9140	8443.1060		8442.4145
6573	1.01			4			1			 2150230		0.9891		13			12		10.3786			1630.9267	16926.6619	8442.1798		8441.0831
6574	1.01			4			1			 2244588		0.9922		13			12		10.4930			1686.1757	17693.0249	8825.2536		8824.2884
6575	1.01			4			1			 2264072		0.9891		13			12		10.5203			1698.2508	17866.0251	8912.6616		8910.5411
6576	1.01			4			1			 1273091		0.9934		7			6		8.7118			1154.9307	10061.5341	5013.7115		5012.9269
6577	1.01			4			1			 1219576		0.9985		5			4		5.8156			1649.4768	9592.6410	4785.4912		4783.9039
6578	1.01			4			3			 1308548		0.9970		6			5		10.6491			 972.1528	10352.5090	5155.4669		5153.7189
6579	1.01			3			5			 6289225		0.9931		7			6		10.4671			 875.0290	9159.0469	4558.3902		4557.4283
6580	26.98			4			1			 1249128		0.9976		7			6		5.8044			1681.0122	9757.3348	4868.3493		4867.1710
6581	26.98			4			1			 1328702		0.9966		7			6		5.8129			1788.7243	10397.7363	5188.0061		5186.3939
6582	2.01			4			1			 3773523		0.9884		21			20		5.8360			1785.2084	10418.5176	5198.6250		5196.2395
6583	2.01			4			1			 3790563		0.9901		21			20		5.9016			1775.2962	10477.1642	5227.4007		5226.0366
6584	2.01			4			1			 3765708		0.9894		21			20		5.8758			1767.6795	10386.6113	5181.9022		5181.5833
6585	2.01			4			1			 3778114		0.9884		21			20		5.9124			1768.1536	10453.9971	5216.0577		5214.6180
6586	2.01			4			1			 3773544		0.9898		21			20		5.8869			1768.0869	10408.4801	5193.1433		5191.6443
6587	2.01			4			1			 3527255		0.9897		20			19		5.8833			1653.9157	9730.4383	4854.1734		4853.1809
6588	2.01			4			1			 3663212		0.9881		20			19		5.8616			1722.7257	10097.9235	5049.4680		5048.4555
6589	2.01			4			1			 3700931		0.9898		20			19		5.8593			1740.0463	10195.3810	5086.4848		5085.5571
6590	2.01			4			1			 2896170		0.9859		16			15		5.7827			1370.3254	7924.1544	3950.5048		3949.9728
6592	2.01			4			1			 3587074		0.9895		20			19		5.8047			1698.9436	9861.9304	4920.0482		4918.4817
6593	2.01			4			1			 2475883		0.9937		10			9		3.9352			1735.4455	6829.4105	3415.0525		3414.3580
6597	2.01			4			3			 1851571		0.9979		9			8		5.8211			 875.9771	5099.1542	2538.2228		2537.6448
6599	2.01			3			5			 9135460		0.9942		10			9		5.7726			 738.3594	4262.2856	2119.7515		2119.1117
6600	1.01			4			3			 1842711		0.9943		8			7		5.7876			 875.1990	5065.3355	2521.4668		2520.3975
6601	1.01			4			1			 2305409		0.9910		14			13		10.5998			1712.4076	18151.1486	9054.6329		9052.6776
6602	1.01			4			1			 1543782		0.9939		9			8		10.5589			1150.4681	12147.6673	6053.2166		6051.8797
6603	1.01			4			1			   88716		0.9847		1			0		10.9284			  64.4448	 704.2803	 330.2273		 330.7478
6604	1.01			4			1			 2240760		0.9961		13			12		10.5457			1673.4359	17647.6084	8802.5158		8801.3461
6605	1.01			4			1			 2546249		0.9915		15			14		10.7081			1871.3378	20038.5417	9998.7813		9997.5418
6606	1.01			4			1			 2345270		0.9924		14			13		10.7248			1723.2147	18481.0630	9218.9176		9218.4693
6607	1.01			4			1			 2108861		0.9908		12			11		10.5186			1570.5587	16520.0021	8239.4168		8236.3880
6608	1.01			4			1			 1256354		0.9980		5			4		5.8409			1680.9433	9818.2995	4898.1591		4896.9262
6609	1.01			4			1			 2327557		0.9909		14			13		10.6004			1664.3651	17642.9760	8798.0024		8801.4923
6610	1.01			4			1			 1300611		0.9981		5			4		5.8591			1674.5024	9811.0057	4893.4120		4894.0262
6611	1.01			4			1			 1292550		0.9941		7			6		8.7485			1117.4151	9775.6610	4887.6686		4887.9924
6612	1.01			4			3			 1148788		0.9963		6			5		10.6023			 818.1806	8674.6293	4334.5234		4334.3204
6613	26.98			4			1			  835719		0.9968		5			4		5.7465			1126.3277	6472.4740	3236.3287		3236.1453
6614	26.98			4			1			  346855		0.9877		2			1		5.5954			 476.3571	2665.4256	1332.5977		1332.8279
6615	26.98			4			1			  225858		0.9953		2			1		5.8162			 303.1398	1763.1259	 869.8455		 870.2545
6616	2.01			4			1			 2432071		0.9872		13			12		5.7211			1163.2849	6655.2783	3326.9555		3328.3228
6617	2.01			4			1			 3364723		0.9832		18			17		5.7242			1609.1923	9211.3286	4593.7817		4595.0140
6618	2.01			4			1			 3924311		0.9795		22			21		5.8281			1851.9857	10793.5235	5384.8758		5385.3920
6619	2.01			4			1			 3524272		0.9856		19			18		5.7978			1671.3313	9689.9712	4833.0079		4833.1020
6620	2.01			4			1			 3094199		0.9818		17			16		5.7486			1471.7133	8460.2845	4230.7461		4229.5384
6621	2.01			4			1			 3244051		0.9873		18			17		5.7743			1539.1625	8887.5274	4437.4054		4436.2930
6622	2.01			4			1			 3487330		0.9872		19			18		5.8119			1643.5313	9551.9719	4764.7712		4764.1310
6623	2.01			4			1			 3683281		0.9830		20			19		5.7878			1746.1368	10106.2838	5042.4397		5041.0931
6624	2.01			4			1			 2006781		0.9803		11			10		5.8603			 942.1819	5521.4538	2749.1312		2749.0277
6625	2.01			4			1			 4431565		0.9804		24			23		5.7814			2093.0901	12100.9961	6038.9787		6038.1726
6626	2.01			4			1			 1285180		0.9937		5			4		3.9007			 901.0788	3514.8281	1749.6840		1749.2602
6628	2.01			4			3			 2007482		0.9881		9			8		5.7166			 955.0029	5459.3913	2717.7128		2718.1346
6629	1.01			4			1			 1156309		0.9889		7			6		10.6949			 815.4228	8720.8512	4337.9254		4339.8641
6630	1.01			4			1			 1098328		0.9938		6			5		10.7151			 926.7551	9930.3001	4943.7769		4943.8303
6631	1.01			4			1			 2061951		0.9932		11			10		10.7017			1747.1168	18697.1009	9349.2948		9347.8061
6632	1.01			4			1			 2068007		0.9925		11			10		10.5952			1769.4104	18747.2585	9353.1199		9350.9122
6633	1.01			4			1			 1971639		0.9898		10			9		10.3593			1727.2237	17892.8750	8926.2576		8924.0741
6634	1.01			4			1			 1192198		0.9920		6			5		8.7307			1242.2476	10845.6720	5406.4256		5404.0677
6635	1.01			4			1			 1061456		0.9977		4			3		5.8014			1656.5893	9610.4957	4794.3030		4792.8756
6636	1.01			4			1			 1937694		0.9943		10			9		10.5414			1673.6732	17642.9106	8801.2563		8799.4587
6638	1.01			4			1			 1978046		0.9927		11			10		10.5503			1706.0476	17999.2923	8984.6497		8982.8137
6640	1.01			4			3			  939756		0.9989		5			4		10.5112			 816.5390	8582.8435	4270.7405		4269.5961
6641	26.98			4			1			 1065171		0.9918		15			14		5.7459			1437.5781	8260.1827	4118.7570		4118.1086
6642	26.98			4			1			 1280436		0.9954		7			6		5.7806			1725.0938	9972.1510	4974.5353		4974.2373
6643	2.01			4			1			 3569887		0.9889		20			19		5.8151			1685.5812	9801.8530	4889.3986		4889.4673
6644	2.01			4			1			 3670979		0.9831		20			19		5.8331			1731.7583	10101.4787	5039.6083		5038.8680
6645	2.01			4			1			 3109071		0.9865		17			16		5.7658			1476.8204	8515.0612	4246.8014		4245.0984
6646	2.01			4			1			 3514892		0.9877		19			18		5.7927			1664.3027	9640.7318	4809.4163		4808.5933
6647	2.01			4			1			 3939762		0.9871		22			21		5.8727			1846.3724	10843.1932	5409.9580		5409.5383
6648	2.01			4			1			 3935084		0.9902		22			21		5.8251			1857.7304	10821.5231	5398.7069		5399.2755
6649	2.01			4			1			 5928611		0.9876		32			31		5.8495			2782.1898	16274.5513	8125.8041		8125.3091
6651	2.01			4			1			 3333259		0.9857		18			17		5.7816			1582.3006	9148.2466	4562.5200		4562.9782
6652	2.01			4			1			 3606650		0.9894		20			19		5.8392			1692.0912	9880.5415	4928.7644		4928.8199
6653	2.01			4			1			 3068492		0.9876		17			16		5.7966			1448.5391	8396.6481	4187.1608		4186.4617
6654	2.01			4			1			 2424440		0.9932		9			8		3.8738			1716.1574	6647.9836	3316.0279		3315.8643
6655	2.01			4			3			 2021764		0.9913		9			8		5.8710			 948.4989	5568.6330	2772.9118		2772.5928
6657	1.01			4			1			 2352149		0.9926		14			13		10.5391			1682.8042	17735.2857	8847.2448		8845.1498
6658	1.01			4			1			 2148717		0.9930		13			12		10.5276			1536.4619	16175.2332	8088.6908		8086.5424
6659	1.01			4			1			 2462842		0.9915		15			14		10.6564			1743.5651	18580.1775	9277.1368		9275.9028
6660	1.01			4			1			 1850381		0.9915		11			10		10.5571			1320.5291	13940.9005	6950.2042		6948.1316
6661	1.01			4			1			 2406090		0.9880		14			13		10.5031			1722.9632	18096.4654	9026.8937		9025.5218
6662	1.01			4			1			 2562710		0.9914		15			14		10.4906			1838.7271	19289.4012	9623.2024		9622.5335
6663	1.01			4			1			 2235546		0.9919		13			12		10.5628			1594.1745	16838.9831	8398.9166		8397.0478
6664	1.01			4			1			 2319800		0.9921		14			13		10.5000			1664.9120	17481.6416	8719.9090		8718.6822
6665	1.01			4			1			 2229392		0.9887		13			12		10.5207			1596.5089	16796.3295	8376.9714		8376.1781
6666	1.01			4			1			 1315149		0.9965		5			4		5.8414			1690.4530	9874.6553	4926.0817		4925.3796
6667	1.01			4			1			 1342001		0.9959		7			6		8.7788			1149.9614	10095.2465	5031.0690		5029.2829
6668	1.01			4			3			  888834		0.9977		4			3		10.7358			 624.5237	6704.7784	3331.1620		3330.5609
6669	26.98			4			1			 1293000		0.9971		7			6		5.7984			1725.7707	10006.6421	5004.0252		5002.6169
6670	26.98			4			1			 1192288		0.9966		7			6		5.8080			1591.0284	9240.6574	4609.3503		4608.0732
6671	2.01			4			1			 3571014		0.9896		20			19		5.8119			1682.9427	9781.0958	4879.2759		4878.2439
6672	2.01			4			1			 3363640		0.9891		18			17		5.7512			1596.6440	9182.5605	4580.1506		4579.2867
6673	2.01			4			1			 3283926		0.9883		18			17		5.7550			1556.3870	8956.9468	4467.3340		4466.7646
6674	2.01			4			1			 3809828		0.9871		21			20		5.7429			1812.7106	10410.2762	5194.2371		5193.1740
6675	2.01			4			1			 3584624		0.9878		20			19		5.8963			1661.2911	9795.5030	4886.7975		4885.7116
6676	2.01			4			1			 3457723		0.9886		19			18		5.8041			1629.1538	9455.8509	4716.5819		4715.3338
6677	2.01			4			1			 3541202		0.9873		19			18		5.7552			1679.9986	9668.6890	4824.5629		4823.4837
6678	2.01			4			1			 3786253		0.9862		21			20		5.7746			1794.3076	10361.3406	5170.1306		5168.6223
6679	2.01			4			1			 3582644		0.9894		20			19		5.7756			1697.0826	9801.6165	4890.0686		4888.6078
6680	2.01			4			1			 1310106		0.9877		7			6		5.7577			 623.3733	3589.1977	1785.9605		1785.8040
6681	2.01			4			1			 1761380		0.9881		10			9		5.7563			 835.0430	4806.7598	2391.9917		2391.7873
6682	2.01			4			1			 1730276		0.9934		7			6		3.8207			1224.4528	4678.2169	2331.4214		2331.1142
6683	2.01			4			3			 1653531		0.9949		8			7		5.7219			 785.5174	4494.6559	2246.9585		2247.6974
6684	1.01			4			1			 2430067		0.9908		15			14		10.5017			1745.2899	18328.5030	9142.1331		9143.4900
6685	1.01			4			1			 2033339		0.9927		12			11		10.3277			1480.5754	15291.0061	7624.2142		7624.2345
6686	1.01			4			1			 2312233		0.9920		14			13		10.5345			1654.4582	17428.9408	8694.1762		8692.6650
6687	1.01			4			1			 2346642		0.9901		14			13		10.6856			1657.9427	17716.1436	8836.4126		8836.5216
6688	1.01			4			1			 1310690		0.9932		7			6		8.6307			1141.9775	9856.0595	4928.2182		4927.8414
6689	1.01			4			1			 1624914		0.9976		6			5		5.8374			2084.3619	12167.2309	6071.5332		6071.6909
6690	1.01			4			1			 2380383		0.9884		15			14		10.3771			1647.7574	17098.9200	8526.8848		8528.0822
6710	26.98			4			1			  608016		0.9994		2			1		9.6518			1804.4913	17416.5697	8704.5683		8704.4796
6711	2.01			4			1			 1207552		0.9983		4			3		9.3756			1348.4040	12642.0458	6308.7069		6306.9373
6712	2.01			4			1			  606114		0.9966		2			1		9.8296			 646.4789	6354.6244	3157.1381		3157.2116
6713	2.01			4			1			 1086238		0.9980		4			3		9.9319			1144.6160	11368.2261	5664.6022		5662.9548
6714	2.01			4			1			 1391825		0.9989		4			3		9.6031			1516.6374	14564.4290	7263.6394		7259.7502
6715	1.01			4			1			 1658962		0.9964		7			6		19.4977			1916.0941	37359.3761	18644.0649		18637.0390
6716	1.01			4			1			 1924348		0.9963		8			7		19.5602			2220.7912	43439.1895	21683.4001		21675.3550
6717	1.01			4			1			 1728632		0.9967		7			6		19.2369			2028.0319	39013.0205	19469.3638		19463.4828
6724	26.98			4			1			  640738		0.9986		5			4		8.3157			1486.4606	12360.8891	6161.6867		6158.8292
6725	2.01			4			1			 1875003		0.9918		11			10		8.0659			1601.5833	12918.2895	6445.0623		6441.4250
6726	2.01			4			1			 1826870		0.9919		11			10		8.1353			1545.5956	12573.9541	6276.8494		6272.7865
6727	2.01			4			1			 2127287		0.9911		13			12		8.0362			1824.6199	14663.0931	7315.4452		7315.9379
6728	1.01			4			1			 1146722		0.9923		8			7		13.2789			1490.4531	19791.5612	9896.2050		9895.3562
6729	1.01			4			1			 1202958		0.9956		8			7		12.6971			1633.6863	20743.1129	10344.8748		10345.5774
6730	1.01			4			1			  221412		0.9961		2			1		12.7756			 299.2542	3823.1497	1885.9959		1885.3357
6731	1.01			4			1			  492893		0.9966		3			2		12.8881			 660.6532	8514.5363	4257.8699		4256.6665
6733	26.98			4			1			 1757800		0.9943		11			10		7.8585			1629.4576	12805.1012	6387.3567		6386.1851
6734	2.01			4			1			 1544662		0.9644		8			7		7.5871			 503.2114	3817.9036	1909.5549		1908.3487
6735	2.01			4			2			 5598277		0.9918		16			15		7.9305			1751.0404	13886.6629	6928.2101		6926.7757
6736	2.01			4			2			 4508233		0.9933		13			12		7.9245			1406.8946	11148.8733	5558.1411		5558.3307
6737	2.01			4			2			 4677538		0.9921		13			12		7.8805			1468.2606	11570.6466	5767.3072		5770.6975
6738	1.01			4			1			 3367660		0.9852		19			18		12.8942			1700.2285	21923.0535	10929.6891		10929.8932
6739	1.01			4			1			 3381585		0.9840		19			18		12.9636			1697.7929	22009.5025	10979.0466		10977.9220
6741	26.98			4			1			  112206		1.0000		1			0		9.8692			1692.1770	16700.4719	8351.0053		8349.4667
6742	2.01			4			1			  269354		0.9999		2			1		9.8385			1689.4705	16621.9014	8291.8576		8289.8547
6743	2.01			4			1			  270632		1.0000		2			1		9.8997			1687.9143	16709.8624	8336.8271		8333.3587
6744	2.01			4			1			  269422		0.9999		2			1		9.9286			1684.1931	16721.6625	8340.9058		8340.5209
6745	1.01			4			1			  177347		0.9999		2			1		17.5310			1702.8668	29853.0140	14891.0634		14889.9912
6747	1.01			4			1			   96691		1.0001		1			0		17.6911			 894.7857	15829.7604	7879.4854		7877.1633
6748	1.01			4			1			  202344		0.9999		2			1		17.7181			1922.5208	34063.4101	16995.7174		16994.9961
6749	1.01			4			1			   58488		1.0000		1			0		16.9946			 577.3313	9811.5349	4868.6786		4869.9178
6750	26.98			4			1			  596096		0.9998		2			1		9.9186			1720.3908	17063.9037	8512.2632		8513.4437
6751	2.01			4			1			 1739398		0.9984		5			4		9.9651			1826.0060	18196.3966	9079.1461		9079.2007
6752	2.01			4			1			 1668145		0.9980		5			4		9.9332			1756.9938	17452.6155	8707.6971		8705.3520
6753	2.01			4			1			 1539189		0.9989		5			4		9.9550			1617.0761	16098.0433	8030.6765		8028.1075
6754	1.01			4			1			 1378853		0.9968		5			4		18.9576			1620.0870	30712.9283	15352.1473		15343.4997
6755	1.01			4			1			 1715982		0.9968		7			6		19.4559			1971.4049	38355.4185	19141.5693		19136.3579
6756	1.01			4			1			 1479248		0.9968		6			5		19.8450			1665.6887	33055.5838	16491.0182		16484.0203
6757	26.98			4			1			  108212		1.0000		1			0		9.8387			1650.2954	16236.6866	8100.4538		8096.8185
6758	2.01			4			1			  252512		1.0003		2			1		9.8634			1595.5254	15737.2309	7869.8857		7866.5968
6763	2.01			4			1			  272839		0.9994		2			1		9.8913			1723.2330	17045.0073	8504.4192		8500.6701
6764	2.01			4			1			  279193		0.9999		2			1		9.9314			1762.5766	17504.7965	8734.0789		8730.6350
6765	2.01			4			1			  152330		0.9998		1			0		9.8591			 965.0159	9514.2231	4757.6299		4756.5931
6766	2.01			4			1			  276718		0.9999		2			1		9.8975			1749.6876	17317.4760	8641.0972		8636.3278
6767	1.01			4			1			  175925		0.9999		2			1		17.6069			1698.8420	29911.3944	14950.6305		14944.2621
6768	1.01			4			1			  179849		0.9998		2			1		17.7836			1716.2639	30521.3196	15226.7813		15223.5753
6770	26.98			4			1			  683943		0.9989		5			4		7.9612			1654.3898	13170.9768	6570.0993		6568.4147
6771	26.98			4			1			  694814		0.9981		5			4		7.8887			1690.7563	13337.8298	6656.9526		6656.7011
6772	2.01			4			1			 2480324		0.9906		17			16		10.0019			1710.1065	17104.3841	8533.0677		8531.3979
6773	2.01			4			1			 2411882		0.9884		16			15		9.9182			1675.7359	16620.2110	8290.8647		8289.8729
6774	2.01			4			1			 2335643		0.9911		16			15		9.8715			1624.8228	16039.4364	8001.4770		7997.2296
6775	2.01			4			1			 2461671		0.9920		16			15		9.9357			1703.7127	16927.5598	8444.6158		8443.4944
6776	2.01			4			1			 2470803		0.9919		17			16		10.0174			1697.6573	17006.0367	8483.3251		8483.1529
6777	2.01			4			1			 1463031		0.9894		10			9		9.9417			1011.6999	10058.0638	5009.5639		5009.9255
6778	2.01			4			1			  924815		0.9912		6			5		9.9367			 639.8479	6357.9759	3159.6904		3158.9423
6779	2.01			4			1			 2590417		0.9910		17			16		9.9949			1780.7081	17797.9169	8878.0098		8879.7833
6780	2.01			4			1			 2569873		0.9865		17			16		9.9596			1770.7622	17635.9959	8797.5921		8798.3185
6781	2.01			4			1			 2589833		0.9893		17			16		9.9492			1791.0598	17819.5240	8890.2527		8888.7268
6782	2.01			4			1			 2476590		0.9875		16			15		9.8967			1716.4663	16987.3198	8493.7257		8493.5942
6783	2.01			4			1			 2559568		0.9900		17			16		9.8564			1783.8543	17582.4159	8771.2655		8771.0108
6784	2.01			4			1			 1039515		0.9898		7			6		9.9923			 714.2048	7136.5646	3549.3109		3548.0914
6785	2.01			4			1			 1448371		0.9894		10			9		9.9173			1001.0437	9927.6811	4944.4643		4943.2814
6786	1.01			4			1			 1578521		0.9927		11			10		15.7291			1721.6320	27079.7245	13540.9476		13538.7769
6787	1.01			4			1			 1524160		0.9941		11			10		15.4167			1705.0321	26285.9360	13144.0764		13141.8596
6788	1.01			4			1			 1648682		0.9938		12			11		16.0729			1782.2942	28646.6909	14292.3783		14290.3153
6789	1.01			4			1			 1592351		0.9934		11			10		15.8999			1729.0809	27492.2263	13716.8562		13711.1035
6790	1.01			4			1			 1663676		0.9935		12			11		15.9637			1795.8972	28669.1343	14330.7916		14329.2631
6791	1.01			4			1			 1624421		0.9949		11			10		15.8997			1762.3723	28021.2668	13980.6316		13978.2191
6792	26.98			4			1			  707816		0.9992		5			4		7.7456			1756.3177	13603.7043	6801.2694		6800.9110
6793	26.98			4			1			  722523		0.9991		5			4		7.8622			1769.4774	13911.9592	6939.9808		6939.8254
6794	2.01			4			1			 2574852		0.9889		17			16		9.8709			1792.0078	17688.7959	8824.2772		8824.3231
6795	2.01			4			1			 2828374		0.9916		19			18		9.9184			1962.2706	19462.5353	9710.0259		9712.0233
6796	2.01			4			1			 2456041		0.9904		16			15		9.8341			1716.4655	16879.8862	8419.3939		8420.1958
6797	2.01			4			1			 2394521		0.9866		16			15		9.7887			1680.2326	16447.3523	8205.6638		8203.0114
6798	2.01			4			1			 2472883		0.9889		16			15		9.8630			1724.5152	17008.9486	8484.8503		8484.5751
6799	2.01			4			1			 2552807		0.9903		17			16		9.9148			1770.5872	17555.0594	8757.4419		8757.4357
6800	2.01			4			1			 2573596		0.9920		17			16		9.9232			1785.2024	17714.8979	8838.2465		8837.0774
6801	2.01			4			1			 1058665		0.9906		7			6		9.8510			 739.2031	7281.8586	3622.1854		3621.2358
6802	2.01			4			1			 1644556		0.9915		11			10		9.6599			1168.7667	11290.2175	5625.9114		5624.4902
6803	2.01			4			1			 2541790		0.9890		17			16		10.0105			1745.9940	17478.2733	8719.4521		8718.5598
6804	2.01			4			1			 2546987		0.9913		17			16		9.9000			1769.6753	17519.7702	8740.9343		8739.0860
6805	2.01			4			1			 2393919		0.9916		16			15		9.8886			1664.6341	16460.9050	8211.5385		8210.2499
6806	2.01			4			1			 2595120		0.9915		17			16		9.8771			1805.0589	17828.7829	8895.0542		8893.9143
6807	1.01			4			1			 1757818		0.9959		12			11		15.6613			1923.9954	30132.3557	15035.3244		15032.9402
6808	1.01			4			1			 1513247		0.9945		10			9		15.3719			1688.4227	25954.1971	12944.2760		12944.2083
6809	1.01			4			1			 1475779		0.9936		10			9		15.6356			1618.9441	25313.1268	12655.9514		12657.1755
6810	1.01			4			1			 1428839		0.9941		10			9		15.4948			1581.1973	24500.3813	12250.2594		12250.1219
6811	1.01			4			1			 1427776		0.9958		10			9		15.6825			1563.7291	24523.1109	12230.4711		12228.6773
6814	26.98			4			1			  632157		0.9992		4			3		7.6573			1582.0626	12114.3486	6040.7855		6042.3202
6815	26.98			4			1			  714816		0.9992		5			4		7.7793			1771.4392	13780.5026	6874.3085		6875.3217
6816	2.01			4			1			 2435549		0.9889		16			15		9.7557			1713.6586	16718.0170	8339.2291		8339.0577
6817	2.01			4			1			 2731182		0.9910		18			17		9.8016			1913.6237	18756.6218	9358.4836		9358.6193
6818	2.01			4			1			 2504540		0.9922		16			15		9.8669			1743.7666	17205.5151	8582.5307		8582.9274
6819	2.01			4			1			 2472329		0.9919		16			15		9.8143			1729.5920	16974.7663	8467.9353		8467.5228
6820	2.01			4			1			 1123504		0.9927		8			7		9.7926			 785.1787	7688.9090	3823.8224		3825.2489
6821	2.01			4			1			 1320393		0.9868		9			8		9.7603			 927.2618	9050.3539	4504.4705		4506.4129
6822	2.01			4			1			 2515622		0.9944		16			15		9.7606			1765.9922	17237.0878	8597.1979		8600.2830
6823	2.01			4			1			 2534559		0.9889		17			16		9.8352			1767.3792	17382.5410	8671.0100		8672.6156
6824	2.01			4			1			 2466995		0.9937		16			15		9.8547			1718.9017	16939.2530	8449.3428		8449.5095
6825	2.01			4			1			  842490		0.9920		6			5		9.8552			 586.2961	5778.0911	2869.2143		2869.6997
6826	2.01			4			1			 1594515		0.9903		11			10		9.9854			1100.5695	10989.6249	5475.2777		5475.5518
6827	2.01			4			1			  687476		0.9930		5			4		9.6219			 489.8487	4713.2533	2336.7057		2337.1988
6855	26.98			4			1			  610870		0.9998		2			1		9.8882			1774.2138	17543.8013	8752.3303		8752.3333
6856	2.01			4			1			 1688924		0.9980		5			4		9.8470			1799.4166	17718.8855	8838.5256		8840.0367
6857	2.01			4			1			 1691101		0.9989		5			4		9.8057			1804.8632	17698.0240	8827.7961		8829.9935
6858	2.01			4			1			 1661976		0.9990		5			4		9.7147			1790.3842	17393.0929	8676.5956		8677.7967
6859	1.01			4			1			 1539914		0.9977		6			5		19.4067			1727.9014	33532.7858	16727.3251		16727.1448
6860	1.01			4			1			 1558429		0.9968		6			5		19.2913			1759.9717	33952.1409	16936.9972		16939.3783
6861	1.01			4			1			 1533607		0.9961		6			5		19.4119			1723.8419	33463.1122	16691.1941		16692.6728
6862	26.98			4			1			  585883		0.9995		2			1		9.7243			1724.7552	16772.0178	8365.6869		8366.6802
6863	2.01			4			1			 1268622		0.9985		4			3		9.6782			1369.5810	13255.0173	6607.4207		6607.7266
6867	26.98			4			2			 2216515		1.0010		2			1		9.8108			1384.8697	13586.7148	6773.3770		6773.7705
6868	2.01			4			2			 6243723		0.9980		7			6		9.8762			1679.5228	16587.2318	8275.2114		8272.7851
6869	2.01			4			2			 6632929		0.9974		8			7		10.0461			1755.6403	17637.3640	8798.9766		8797.9558
6870	2.01			4			2			 5753898		0.9971		7			6		9.8924			1539.3364	15227.7259	7593.6393		7593.8855
6871	1.01			4			2			 5774016		0.9948		6			5		18.3634			1589.1331	29181.8084	14592.0383		14589.7702
6872	1.01			4			2			 6550748		0.9972		7			6		19.5374			1697.4548	33163.9267	16542.0799		16542.9009
6874	26.98			4			2			 2715647		0.9977		4			3		9.4556			1545.2565	14611.2694	7286.9457		7286.4391
6875	2.01			4			2			 8550357		0.9908		18			17		9.9042			1740.8578	17241.8527	8600.8915		8600.7846
6876	2.01			4			2			 9269248		0.9915		19			18		9.7435			1914.6391	18655.2914	9308.5726		9308.4706
6877	2.01			4			2			 7737387		0.9916		16			15		9.6891			1607.2318	15572.6697	7767.7563		7765.2158
6878	1.01			4			2			 7695138		0.9950		20			19		19.0856			1664.1328	31761.0198	15839.3998		15842.0203
6879	1.01			4			2			 8060908		0.9878		21			20		19.2702			1724.4505	33230.4371	16575.5611		16574.5719
6881	26.98			4			1			  614464		0.9990		3			2		19.3095			1762.3734	34030.5135	16976.3494		16976.4156
6882	2.01			4			1			  957343		0.9930		6			5		18.8807			1031.2536	19470.7905	9719.0771		9719.0011
6883	2.01			4			1			 1731002		0.9933		11			10		18.8579			1866.5671	35199.5425	17561.0221		17560.4109
6884	2.01			4			1			 1832327		0.9940		12			11		19.1863			1944.6760	37311.1321	18616.3434		18615.5011
6885	1.01			4			1			 1232520		0.9956		7			6		28.8876			1656.8506	47862.4969	23879.2147		23877.9138
6886	1.01			4			1			 1088418		0.9962		6			5		27.0752			1558.1436	42187.0524	21033.3637		21034.1234
6887	1.01			4			1			 1243392		0.9959		7			6		27.8120			1737.9747	48336.6106	24169.5814		24167.0292
6894	26.98			4			2			 9775561		0.9973		9			8		18.4380			1391.1572	25650.2056	12783.6026		12786.7466
6899	2.01			4			9			32634825		0.9957		15			14		18.6010			1647.6491	30647.8389	15283.3468		15285.8653
6900	2.01			4			3			18184902		0.9969		15			14		11.4122			1488.2103	16983.8039	8464.4233		8466.1596
6901	2.01			4			3			20742750		0.9958		18			17		11.6645			1663.4792	19403.5836	9679.1154		9677.2244
6902	1.01			4			3			22208107		0.9952		19			18		23.2808			1700.5295	39589.6668	19755.3891		19756.2799
6903	1.01			4			3			19902207		0.9960		17			16		23.3914			1518.1236	35511.0865	17705.4661		17707.4893
6905	26.98			4			1			 1622678		0.9988		4			3		18.5720			1620.8990	30103.3870	15012.4428		15014.0950
6906	2.01			4			1			 6379074		0.9874		25			24		18.7027			2249.5157	42072.0757	20997.6141		20997.2617
6907	2.01			4			1			 4894465		0.9908		20			19		19.0561			1696.2368	32323.6300	16123.8174		16122.3897
6908	2.01			4			1			 5536387		0.9889		22			21		18.8778			1935.2749	36533.6678	18227.3523		18227.1119
6909	1.01			4			1			 4879302		0.9946		15			14		28.9102			2060.9171	59581.5833	29733.6501		29730.2210
6910	1.01			4			1			 4429718		0.9943		14			13		28.0927			1923.4009	54033.5427	26962.4758		26956.2414
6911	1.01			4			1			 5985584		0.9939		19			18		28.5017			2563.3841	73060.8261	36471.7228		36469.0820
6912	26.98			4			1			 1498693		0.9956		8			7		18.1418			1149.1148	20847.0620	10399.9010		10398.7817
6913	26.98			4			1			  891318		0.9953		5			4		19.0578			 651.9928	12425.5505	6173.9219		6174.4556
6915	2.01			4			1			 3252837		0.9945		12			11		9.4697			1759.1256	16658.4691	8326.2774		8328.1212
6916	2.01			4			1			 3338604		0.9927		12			11		9.6031			1783.4152	17126.2399	8543.6866		8544.0015
6917	2.01			4			1			 3233631		0.9964		12			11		9.6716			1713.5212	16572.4145	8267.1558		8266.1665
6919	1.01			4			1			 3861128		0.9839		22			21		23.2434			1635.2694	38009.2517	18954.4698		18958.0188
6920	1.01			4			1			 4329470		0.9851		24			23		23.9890			1778.4184	42662.4979	21283.3201		21280.8671
6923	26.98			4			1			  191371		0.9996		1			0		9.5654			 856.7513	8195.1768	4079.1170		4078.1160
6924	26.98			4			1			  394031		0.9961		3			2		18.5984			 906.4183	16857.9352	8391.4776		8389.9985
6925	2.01			4			1			 1030828		0.9979		5			4		9.3780			1713.0278	16064.8277	8013.6936		8012.8037
6926	2.01			4			1			 1981935		0.9875		17			16		17.6056			1755.5492	30907.4258	15451.7762		15455.6496
6927	2.01			4			1			 1774361		0.9879		15			14		19.1400			1454.2301	27833.9971	13879.3772		13876.2863
6928	1.01			4			1			 1280984		0.9913		10			9		24.9729			1497.0023	37384.4523	18694.3967		18690.0556
6929	1.01			4			1			 1332912		0.9916		11			10		26.3967			1471.7350	38849.0004	19369.5102		19365.2574
6931	26.98			4			1			 2095246		0.9941		10			9		9.4609			1670.0115	15799.8238	7882.2376		7879.5302
6932	2.01			4			1			 4091611		0.9842		18			17		6.5322			1789.6574	11690.3963	5846.6490		5843.7473
6933	2.01			4			1			 3207580		0.9882		14			13		6.3978			1432.5008	9164.7960	4568.9440		4569.2426
6934	2.01			4			1			 3888902		0.9896		18			17		6.5660			1695.7893	11134.6105	5566.9225		5567.6879
6935	1.01			4			1			 3400262		0.9864		18			17		12.2753			1634.8283	20068.0132	10004.7752		10005.1585
6936	1.01			4			1			 3249263		0.9919		17			16		12.0267			1589.0302	19110.7871	9530.2898		9530.6494
6937	1.01			4			1			 3572331		0.9886		19			18		12.6227			1668.9369	21066.4552	10508.7055		10508.9514
6941	26.98			4			1			 3542269		0.9911		14			13		7.5538			1641.9749	12403.1030	6185.5395		6185.8589
6943	2.01			4			2			 5210914		0.9950		14			13		7.0004			 986.1591	6903.5383	3436.4620		3438.1481
6944	2.01			4			2			 7546691		0.9961		17			16		6.0655			1647.2522	9991.3364	4982.3778		4983.1902
6945	2.01			4			2			 7763892		0.9927		17			16		6.0775			1693.7675	10293.8558	5134.0791		5134.9232
6946	2.01			4			2			 7563667		0.9914		17			16		6.0742			1649.0590	10016.7525	4995.8826		4996.5920
6947	1.01			4			1			  929251		0.9757		4			3		9.2754			 295.1272	2737.4227	1353.4917		1354.0576
6948	1.01			4			1			 5470872		0.9842		21			20		8.6795			1865.7219	16193.5911	8079.6181		8080.0137
6949	1.01			4			1			 4900240		0.9829		19			18		8.5597			1693.1471	14492.8612	7227.9959		7229.0885
6950	1.01			4			1			 4523488		0.9829		17			16		8.4060			1586.4946	13336.0456	6665.1837		6667.4058
6954	26.98			4			1			  452423		0.9984		3			2		7.5064			1408.1125	10569.8074	5269.5152		5270.5840
6955	2.01			4			1			 1165411		0.9968		8			7		6.5282			1665.5198	10872.8298	5423.0204		5423.6069
6956	2.01			4			1			 1170003		0.9965		8			7		6.5970			1659.4638	10947.5503	5460.4402		5460.6577
6957	2.01			4			1			  865259		0.9952		6			5		6.6001			1224.9587	8084.8408	4041.6983		4043.1425
6958	1.01			4			1			  570225		0.9984		4			3		8.4452			1666.8654	14077.0057	7022.5806		7024.4190
6959	1.01			4			1			  611893		0.9993		4			3		8.4939			1779.1449	15111.8790	7537.8700		7539.5583
6960	1.01			4			1			  580165		0.9989		4			3		8.3631			1704.3890	14253.9796	7108.2810		7110.9512
6963	26.98			4			1			 2641988		0.9983		3			2		4.6634			1481.8268	6910.4138	3444.6533		3446.8429
6964	2.01			4			2			 6559289		0.9983		5			4		4.6659			1319.0719	6154.7025	3066.8816		3069.1398
6965	2.01			4			2			 8659261		0.9983		6			5		4.6819			1733.7168	8117.0816	4048.6752		4049.5402
6974	2.01			4			2			 4293490		0.9956		3			2		4.6745			 859.7376	4018.8088	1999.8036		2000.8358
6975	2.01			4			2			 4506321		0.9970		3			2		4.6720			 899.2174	4201.1807	2090.8382		2091.2688
6976	1.01			4			2			 8903056		0.9964		6			5		9.5303			1651.6825	15740.9514	7851.2821		7851.0838
6978	1.01			4			2			 3617955		0.9977		3			2		9.1034			 700.2658	6374.7657	3168.5997		3168.7305
6979	1.01			4			2			 8927660		0.9971		6			5		9.5755			1649.2119	15792.0448	7877.3159		7876.4304
6980	1.01			4			2			10138035		0.9967		7			6		9.5987			1867.8852	17929.3174	8945.9337		8944.4097
6986	26.98			4			1			 3857578		0.9974		4			3		4.6484			1715.3135	7973.5105	3977.6771		3976.7952
6987	2.01			4			2			10087199		0.9943		10			9		4.6818			1633.5823	7648.0669	3815.0075		3814.0217
6988	2.01			4			2			10603473		0.9953		10			9		4.7046			1715.6158	8071.2601	4027.0301		4025.3030
6989	2.01			4			2			10338337		0.9935		10			9		4.6953			1675.1896	7865.5665	3924.1115		3922.4453
6990	1.01			4			2			11886090		0.9928		11			10		9.6802			1828.2663	17697.9704	8831.7911		8828.5152
6991	1.01			4			2			11113845		0.9954		11			10		9.4574			1748.8051	16539.1538	8251.8482		8249.3075
6992	1.01			4			2			10485318		0.9949		10			9		9.4541			1647.1495	15572.2417	7768.0277		7766.0466
6996	26.98			4			1			 3984391		0.9960		5			4		4.6847			1764.0977	8264.1927	4123.1469		4122.4579
6997	2.01			4			2			10146944		0.9956		10			9		4.7019			1639.1306	7706.9706	3844.9948		3843.5506
6998	2.01			4			2			10191556		0.9960		10			9		4.7247			1638.4887	7741.3484	3862.2328		3860.4862
6999	2.01			4			2			 9619319		0.9950		9			8		4.6290			1570.0190	7267.6156	3624.9248		3623.9013
7000	1.01			4			2			10931492		0.9947		10			9		9.5435			1704.1186	16263.3206	8115.1100		8112.7476
7001	1.01			4			2			11223002		0.9956		11			10		9.5424			1748.2997	16682.9275	8323.5858		8321.2468
7009	26.98			4			1			 1593587		0.9990		4			3		18.4911			1598.0783	29550.2421	14737.5191		14734.1379
7010	2.01			4			1			 4857678		0.9878		20			19		19.1598			1675.0254	32093.2043	16009.4034		16005.9339
7011	2.01			4			1			 4777406		0.9844		19			18		19.0499			1655.4721	31536.5533	15730.7247		15727.0602
7012	2.01			4			1			 4759440		0.9879		20			19		19.2231			1636.4262	31457.1095	15692.2138		15685.4942
