run,component,index,segment_start,segment_end,ev_start,ev_end,t_start,t_end,dt,current,low,high,covered,nominal,stable,beam2,N,E_raw,E_tight,S,D,A,N_alt,E_alt,charge_uC,s1x_rate
4489,0,0,0,0,1,2006,0.003553,2.004401,2.000848,39.21967175903871,33.7875,45.7125,1,1,1,1,2005,80,80,2005.0,80.0,2005.0,2005,80,78.47260179972909,45678.132471831945
4489,0,1,0,0,2006,4057,2.004401,4.00457,2.000169,39.061266937354546,33.7875,45.7125,1,1,1,1,2051,80,80,2051.0,80.0,2051.0,2051,80,78.12913522882151,45123.18709069084
4489,0,2,0,0,4057,6132,4.00457,6.004928,2.0003579999999994,39.544846988800394,33.7875,45.7125,1,1,1,1,2075,80,80,2076.0,80.0,2075.0,2075,80,79.10385103282275,46248.721478855296
4489,0,3,0,0,6132,8198,6.004928,8.005295,2.0003670000000007,39.219523802617175,33.7875,45.7125,1,1,1,1,2066,80,80,2067.0,80.0,2066.0,2066,80,78.45344117046994,45756.60366322778
4489,0,4,0,0,8198,10284,8.005295,10.005908,2.0006129999999995,39.71118620127719,33.7875,45.7125,1,1,1,1,2086,80,80,2087.0,80.0,2086.0,2086,80,79.44671535969576,47491.94371925006
4489,0,5,0,0,10284,12335,10.005908,12.006273,2.0003650000000004,39.59325725831945,33.7875,45.7125,1,1,1,1,2051,80,80,2051.0,80.0,2051.0,2051,80,79.20096605553817,46036.09841203979
4489,0,6,0,0,12335,13000,12.006273,12.661709,0.6554359999999999,39.906453996484935,33.7875,45.7125,1,1,1,1,665,26,26,665.0,26.0,665.0,665,26,26.15612658164008,46149.43335428632
4489,0,7,0,0,13000,15124,12.661709,14.662885,2.001175999999999,40.08220235710532,33.7875,45.7125,1,1,1,1,2124,80,80,2128.0,80.0,2124.0,2124,80,80.21154138418257,47124.79062311363
4489,0,8,0,0,15124,17184,14.662885,16.663971,2.001086000000001,39.81155920956363,33.7875,45.7125,1,1,1,1,2060,80,80,2061.0,80.0,2060.0,2060,80,79.66635377242892,46251.88522632209
4489,0,9,0,0,17184,19193,16.663971,18.664135,2.0001640000000016,39.91937439685741,33.7875,45.7125,1,1,1,1,2009,80,80,2013.0,80.0,2009.0,2009,80,79.84529557111603,46299.70342431917
4489,0,10,0,0,19193,21315,18.664135,20.665305,2.0011699999999983,39.733718972796275,33.7875,45.7125,1,1,1,1,2122,80,80,2122.0,80.0,2122.0,2122,80,79.51392639679068,45784.71594117445
4489,0,11,0,0,21315,23377,20.665305,22.665695,2.0003899999999994,40.009740937341235,33.7875,45.7125,1,1,1,1,2062,80,80,2063.0,80.0,2062.0,2062,80,80.03508567364804,45900.5493928684
4489,0,12,0,0,23377,25415,22.665695,24.666515,2.000820000000001,40.0860190397898,33.7875,45.7125,1,1,1,1,2038,80,80,2038.0,80.0,2038.0,2038,80,80.20490861519227,45962.655311322334
4489,0,13,0,0,25415,26000,24.666515,25.255825,0.5893100000000011,40.37227089712381,33.7875,45.7125,1,1,1,1,585,23,23,585.0,23.0,585.0,585,23,23.791782962384104,45882.472722336206
4489,0,14,0,0,26000,28130,25.255825,27.256023,2.0001979999999975,39.78351397572383,33.7875,45.7125,1,1,1,1,2130,80,80,2135.0,80.0,2130.0,2130,80,79.57490508721469,46572.38933345605
4489,0,15,0,0,28130,30261,27.256023,29.257853,2.0018300000000018,39.97469570578928,33.7875,45.7125,1,1,1,1,2131,80,80,2133.0,80.0,2131.0,2131,80,80.02254510472017,47153.35468046733
4489,0,16,0,0,30261,32315,29.257853,31.260171,2.002317999999999,40.02344000829351,33.7875,45.7125,1,1,1,1,2054,80,80,2055.0,80.0,2054.0,2054,80,80.13965435052614,46259.88479352433
4489,0,17,0,0,32315,34494,31.260171,33.260431,2.0002599999999973,40.45777467393348,33.7875,45.7125,1,1,1,1,2179,80,80,2179.0,80.0,2179.0,2179,80,80.92606836928212,47143.37136172304
4489,0,18,0,0,34494,36618,33.260431,35.260705,2.0002740000000045,39.784978961164505,33.7875,45.7125,1,1,1,1,2124,80,80,2124.0,80.0,2124.0,2124,80,79.58085900656465,45940.206191751626
4489,0,19,0,0,36618,38716,35.260705,37.260778,2.0000730000000004,39.77624610632106,33.7875,45.7125,1,1,1,1,2098,80,80,2098.0,80.0,2098.0,2098,80,79.5553958786079,45919.32394467601
4489,0,20,0,0,38716,39000,37.260778,37.516184,0.2554060000000007,40.01649701615209,33.7875,45.7125,1,1,1,1,284,10,10,284.0,10.0,284.0,284,10,10.220453436907292,48299.5700962388
4489,0,21,0,0,39000,39698,37.516184,39.531572,2.0153879999999944,12.783807609737844,33.7875,45.7125,1,0,0,1,698,80,80,698.0,81.0,698.0,698,81,25.76433245097428,14457.761979331068
4489,0,22,0,0,39698,39778,39.531572,41.533849,2.0022769999999994,0.9654626319324426,33.7875,45.7125,1,0,0,0,80,80,80,80.0,80.0,80.0,80,80,1.9331236222778898,708.1937214481316
4489,0,23,0,0,39778,39858,41.533849,43.536126,2.0022770000000065,0.9620800081095768,33.7875,45.7125,1,0,0,0,80,80,80,80.0,80.0,80.0,80,80,1.9263506723975752,726.6726831502311
4489,0,24,0,0,39858,39938,43.536126,45.538403,2.0022769999999994,0.9632769365392081,33.7875,45.7125,1,0,0,0,80,80,80,80.0,80.0,80.0,80,80,1.9287472546629942,674.2323864280519
4489,0,25,0,0,39938,40018,45.538403,47.540682,2.0022789999999944,0.9633282060774794,33.7875,45.7125,1,0,0,0,80,80,80,80.0,80.0,80.0,80,80,1.9288518371365626,692.2112253087627
4489,0,26,0,0,40018,40098,47.540682,49.542957,2.0022750000000045,0.9628093435506195,33.7875,45.7125,1,0,0,0,80,80,80,80.0,80.0,80.0,80,80,1.9278090783577682,674.7324917905867
4489,0,27,0,0,40098,40178,49.542957,51.545235,2.002277999999997,0.9653061244309744,33.7875,45.7125,1,0,0,0,80,80,80,80.0,80.0,80.0,80,80,1.9328112162133948,680.2252234704682
4489,0,28,0,0,40178,40258,51.545235,53.54751,2.0022750000000045,0.9666603345186444,33.7875,45.7125,1,0,0,0,80,80,80,80.0,80.0,80.0,80,80,1.935519821298385,686.2194254036019
4489,0,29,0,0,40258,40339,53.54751,55.549786,2.002275999999995,0.9670762705801367,33.7875,45.7125,1,0,0,0,81,80,80,81.0,80.0,81.0,81,80,1.9363536067521636,683.7219244499777
4489,0,30,0,0,40339,40419,55.549786,57.552063,2.0022769999999994,0.9668156814615879,33.7875,45.7125,1,0,0,0,80,80,80,80.0,80.0,80.0,80,80,1.9358328022299247,667.2403468650942
4489,0,31,0,0,40419,40499,57.552063,59.55434,2.0022770000000065,0.9671279236606187,33.7875,45.7125,1,0,0,0,80,80,80,80.0,80.0,80.0,80,80,1.9364579976033838,673.2335236333413
4489,0,32,0,0,40499,40580,59.55434,61.556617,2.0022769999999994,0.9665554796290601,33.7875,45.7125,1,0,0,0,81,80,80,81.0,80.0,81.0,81,80,1.9353118060853376,688.7158969513212
4489,0,33,0,0,40580,40660,61.556617,63.558893,2.002275999999995,0.9667640282251598,33.7875,45.7125,1,0,0,0,80,80,80,80.0,80.0,80.0,80,80,1.9357284113784772,681.7241978628339
4489,0,34,0,0,40660,40740,63.558893,65.561169,2.002276000000009,0.9665558666551696,33.7875,45.7125,1,0,0,0,80,80,80,80.0,80.0,80.0,80,80,1.935311614462762,695.7082839728357
4489,0,35,0,0,40740,40821,65.561169,67.563448,2.0022789999999873,0.9680638746992074,33.7875,45.7125,1,0,0,0,81,80,80,81.0,80.0,81.0,81,80,1.9383339669689121,658.7493551098565
4489,0,36,0,0,40821,40902,67.563448,69.565722,2.002274,0.9668688833754238,33.7875,45.7125,1,0,0,0,81,80,80,81.0,80.0,81.0,81,80,1.935936426591752,722.6783147561223
4489,0,37,0,0,40902,40982,69.565722,71.568001,2.0022790000000015,0.9672312296668106,33.7875,45.7125,1,0,0,0,80,80,80,80.0,80.0,80.0,80,80,1.9366667793060515,664.7425258917459
4489,0,38,0,0,40982,41062,71.568001,73.570276,2.0022750000000116,0.9666603345186418,33.7875,45.7125,1,0,0,0,80,80,80,80.0,80.0,80.0,80,80,1.935519821298385,674.7324917905843
4489,0,39,0,0,41062,41142,73.570276,75.572554,2.00227799999999,0.9690009886075425,33.7875,45.7125,1,0,0,0,80,80,80,80.0,80.0,80.0,80,80,1.9402093614671685,669.2377382161752
4489,0,40,0,0,41142,41222,75.572554,77.57483,2.002276000000009,0.9673364725426123,33.7875,45.7125,1,0,0,0,80,80,80,80.0,80.0,80.0,80,80,1.9368746028967507,661.2475003446049
4489,0,41,0,0,41222,41302,77.57483,79.577107,2.0022769999999923,0.966035075964007,33.7875,45.7125,1,0,0,0,80,80,80,80.0,80.0,80.0,80,80,1.934269813795936,712.6886040243211
4489,0,42,0,0,41302,41382,79.577107,81.579383,2.002276000000009,0.9644222105628256,33.7875,45.7125,1,0,0,0,80,80,80,80.0,80.0,80.0,80,80,1.9310394460769658,638.7730762392368
4489,0,43,0,0,41382,41462,81.579383,83.581662,2.0022789999999873,0.9653057380294113,33.7875,45.7125,1,0,0,0,80,80,80,80.0,80.0,80.0,80,80,1.932811407835743,636.2749646777537
4489,0,44,0,0,41462,41542,83.581662,85.583937,2.0022750000000116,0.9660878899152867,33.7875,45.7125,1,0,0,0,80,80,80,80.0,80.0,80.0,80,80,1.9343736297801115,660.2489668002609
4489,0,45,0,0,41542,41622,85.583937,87.586214,2.0022769999999923,0.9649942686338951,33.7875,45.7125,1,0,0,0,80,80,80,80.0,80.0,80.0,80,80,1.9321858292173602,647.2630909709321
4489,0,46,0,0,41622,41702,87.586214,89.588492,2.002278000000004,0.9629122687672813,33.7875,45.7125,1,0,0,0,80,80,80,80.0,80.0,80.0,80,80,1.928018051682784,661.2468398494102
4489,0,47,0,0,41702,41782,89.588492,91.590771,2.0022790000000015,0.964629213940588,33.7875,45.7125,1,0,0,0,80,80,80,80.0,80.0,80.0,80,80,1.9314568178597256,658.7493551098519
4489,0,48,0,0,41782,41862,91.590771,93.593048,2.0022769999999923,0.9692095383208476,33.7875,45.7125,1,0,0,0,80,80,80,80.0,80.0,80.0,80,80,1.9406259667605354,686.7181713619071
4489,0,49,0,0,41862,41942,93.593048,95.595327,2.0022790000000015,0.9667108265215663,33.7875,45.7125,1,0,0,0,80,80,80,80.0,80.0,80.0,80,80,1.9356247870168772,647.262444444555
4489,0,50,0,0,41942,42023,95.595327,97.597603,2.002276000000009,0.9678568764675741,33.7875,45.7125,1,0,0,0,81,80,80,81.0,80.0,81.0,81,80,1.937916595185925,665.2429535188925
4489,0,51,0,0,42023,42103,97.597603,99.59988,2.0022769999999923,0.9665554796290629,33.7875,45.7125,1,0,0,0,80,80,80,80.0,80.0,80.0,80,80,1.9353118060853376,636.2756002291416
4489,0,52,0,0,42103,42184,99.59988,101.602157,2.0022770000000065,0.9563035274274567,33.7875,45.7125,1,0,0,0,81,80,80,81.0,80.0,81.0,81,80,1.9147845579868772,662.2460328915508
4489,0,53,0,0,42184,42265,101.602157,103.604433,2.002275999999995,0.9491223351689504,33.7875,45.7125,1,0,0,0,81,80,80,81.0,80.0,81.0,81,80,1.9004048727726968,662.7457952849675
4489,0,54,0,0,42265,42396,103.604433,105.606709,2.002275999999995,1.5266666110916942,33.7875,45.7125,1,0,0,0,131,80,80,131.0,80.0,131.0,131,80,3.056807915390209,1837.4090285255427
4489,0,55,0,0,42396,42558,105.606709,107.608994,2.0022850000000005,1.9624448982115557,33.7875,45.7125,1,0,0,0,162,80,80,162.0,80.0,162.0,162,80,3.9293739830154664,2607.0214779614284
4489,0,56,0,0,42558,42752,107.608994,109.611264,2.00227000000001,2.519812438119776,33.7875,45.7125,1,0,0,1,194,80,80,194.0,80.0,194.0,194,80,5.045344850474066,3286.270083455262
4489,0,57,0,0,42752,43025,109.611264,111.613539,2.0022749999999974,3.5175775679057995,33.7875,45.7125,1,0,0,1,273,80,80,273.0,80.0,273.0,273,80,7.043157624778587,4513.86547801876
4489,0,58,0,0,43025,43432,111.613539,113.615279,2.001739999999998,6.3384576091927105,33.7875,45.7125,1,0,0,1,407,80,80,407.0,79.0,407.0,407,79,12.687944134625468,7835.682955828437
4489,0,59,0,0,43432,43908,113.615279,115.618092,2.0028130000000033,8.118474722965988,33.7875,45.7125,1,0,0,1,476,80,80,476.0,81.0,476.0,476,81,16.259786715327664,9830.673158202972
4489,0,60,0,0,43908,44528,115.618092,117.620372,2.002279999999999,10.949078585996006,33.7875,45.7125,1,0,0,1,620,80,80,620.0,80.0,620.0,620,80,21.923121071167998,13329.304592764256
4489,0,61,0,0,44528,45266,117.620372,119.622647,2.0022749999999974,13.43793846321214,33.7875,45.7125,1,0,0,1,738,80,80,738.0,80.0,738.0,738,80,26.906448236428105,16058.733190995265
4489,0,62,0,0,45266,46107,119.622647,121.623095,2.0004480000000058,15.057209860410628,33.7875,45.7125,1,0,0,1,841,80,80,841.0,79.0,841.0,841,79,30.121165350838737,18177.92814409567
4489,0,63,0,0,46107,47016,121.623095,123.623477,2.0003819999999877,16.867816201570538,33.7875,45.7125,1,0,0,1,909,80,80,909.0,80.0,909.0,909,80,33.74207590892979,19824.713479725495
4489,0,64,0,0,47016,48036,123.623477,125.624104,2.0006270000000086,18.933063809961787,33.7875,45.7125,1,0,0,1,1020,80,80,1021.0,80.0,1020.0,1020,80,37.87799865093257,22600.414769969517
4489,0,65,0,0,48036,49129,125.624104,127.624214,2.0001099999999923,20.56666097129384,33.7875,45.7125,1,0,0,1,1093,80,80,1093.0,80.0,1093.0,1093,80,41.13558427529438,24233.167175805425
4489,0,66,0,0,49129,50355,127.624214,129.626781,2.002566999999999,22.55304341120124,33.7875,45.7125,1,0,0,1,1226,80,80,1226.0,80.0,1226.0,1226,80,45.16398048483893,26502.98342077944
4489,0,67,0,0,50355,51700,129.626781,131.62707,2.0002890000000093,24.711524082706788,33.7875,45.7125,1,0,0,1,1345,80,80,1345.0,80.0,1345.0,1345,80,49.43018979587373,28861.82946564208
4489,0,68,0,0,51700,52000,131.62707,132.038857,0.4117870000000039,25.93379432486992,33.7875,45.7125,1,0,0,1,300,17,17,300.0,17.0,300.0,300,17,10.679199363655243,29877.096654338002
4489,0,69,0,0,52000,53484,132.038857,134.03904,2.0001829999999927,26.792345652451672,33.7875,45.7125,1,0,0,1,1484,79,79,1487.0,80.0,1484.0,1484,80,53.58959430415757,31518.116092377662
4489,0,70,0,0,53484,55059,134.03904,136.041315,2.0022749999999974,29.75500351808195,33.7875,45.7125,1,0,0,1,1575,80,80,1575.0,80.0,1575.0,1575,80,59.57769966916749,34137.668402192554
4489,0,71,0,0,55059,56865,136.041315,138.04206,2.000744999999995,31.853007634462436,33.7875,45.7125,1,0,0,1,1806,80,80,1806.0,79.0,1806.0,1806,79,63.72974575961257,37374.57796970638
4489,0,72,0,0,56865,58542,138.04206,140.04331,2.001249999999999,32.48247529726558,33.7875,45.7125,1,0,0,1,1677,80,80,1677.0,80.0,1677.0,1677,80,65.00555368865253,38135.665209244245
4489,0,73,0,0,58542,60302,140.04331,142.043409,2.000099000000006,34.96514335591331,33.7875,45.7125,1,1,0,1,1760,80,80,1761.0,80.0,1760.0,1760,80,69.93374826101899,40367.50180866035
4489,0,74,0,0,60302,62279,142.043409,144.044652,2.0012430000000165,37.137557013786086,33.7875,45.7125,1,1,1,1,1977,80,80,1977.0,80.0,1977.0,1977,80,74.32127601094089,42705.45855750616
4489,0,75,0,0,62279,64234,144.044652,146.044645,1.9999929999999893,38.201810643244826,33.7875,45.7125,1,1,1,1,1955,80,80,1957.0,80.0,1955.0,1955,80,76.40335387381492,43700.65295228557
4489,0,76,0,0,64234,65000,146.044645,146.827889,0.7832439999999963,38.754745352516274,33.7875,45.7125,1,1,1,1,766,31,31,766.0,31.0,766.0,766,31,30.354421768885913,45097.05787723898
4489,0,77,0,0,65000,66924,146.827889,148.828634,2.000744999999995,38.687806675466646,33.7875,45.7125,1,1,1,1,1924,79,79,1931.0,80.0,1924.0,1924,79,77.40443576690632,44177.54386491043
4489,0,78,0,0,66924,68920,148.828634,150.829261,2.0006270000000086,38.76085842467134,33.7875,45.7125,1,1,1,1,1996,80,80,1996.0,80.0,1996.0,1996,80,77.5460199075751,44436.5691355758
4489,0,79,0,0,68920,70945,150.829261,152.829571,2.0003099999999847,39.070560197899226,33.7875,45.7125,1,1,1,1,2025,80,80,2025.0,80.0,2025.0,2025,80,78.1532322694593,45355.96982467752
4489,0,80,0,0,70945,72934,152.829571,154.831175,2.0016040000000146,39.08098120416286,33.7875,45.7125,1,1,1,1,1989,80,80,1989.0,80.0,1989.0,1989,80,78.22464830217768,44900.489807174316
4489,0,81,0,0,72934,74987,154.831175,156.831317,2.000142000000011,39.245742318472104,33.7875,45.7125,1,1,1,1,2053,80,80,2053.0,80.0,2053.0,2053,80,78.49705753235367,45287.284602792955
4489,0,82,0,0,74987,77068,156.831317,158.831571,2.000253999999984,39.589974006509784,33.7875,45.7125,1,1,1,1,2081,80,80,2081.0,80.0,2081.0,2081,80,79.19000386641665,45289.74820197871
4489,0,83,0,0,77068,78000,158.831571,159.744968,0.9133970000000033,39.634365680979045,33.7875,45.7125,1,1,1,1,932,37,37,932.0,37.0,932.0,932,37,36.2019107099095,45047.22481024116
4489,0,84,0,0,78000,80059,159.744968,161.744937,1.999968999999993,39.81425382985395,33.7875,45.7125,1,1,1,1,2059,79,79,2063.0,79.0,2059.0,2059,79,79.62727341783875,46366.71868413976
4489,0,85,0,0,80059,82062,161.744937,163.746921,2.001983999999993,39.81653245598802,33.7875,45.7125,1,1,1,1,2003,80,80,2003.0,80.0,2003.0,2003,80,79.71206091236854,46331.53911319986
4489,0,86,0,0,82062,84137,163.746921,165.747229,2.000308000000018,39.91219083697982,33.7875,45.7125,1,1,1,1,2075,80,80,2085.0,80.0,2075.0,2075,80,79.83667462873836,46033.410854727954
4489,0,87,0,0,84137,86265,165.747229,167.749444,2.0022150000000067,39.93202168511874,33.7875,45.7125,1,1,1,1,2128,80,80,2128.0,80.0,2128.0,2128,80,79.95249279827021,45974.58314916215
4489,0,88,0,0,86265,88309,167.749444,169.749452,2.00000799999998,39.766643825578896,33.7875,45.7125,1,1,1,1,2044,79,79,2045.0,80.0,2044.0,2044,79,79.53360578430738,44846.820612718
4489,0,89,0,0,88309,90406,169.749452,171.74997,2.0005179999999996,39.8631230181905,33.7875,45.7125,1,1,1,1,2097,80,80,2097.0,80.0,2097.0,2097,80,79.7468951341043,45335.75803866799
4489,0,90,0,0,90406,91000,171.74997,172.305958,0.5559880000000135,39.7718790683007,33.7875,45.7125,1,1,1,1,594,22,22,594.0,22.0,594.0,594,22,22.11268749942701,46222.220623465575
4489,0,91,0,0,91000,92979,172.305958,174.307373,2.0014150000000086,39.73111719014683,33.7875,45.7125,1,1,1,1,1979,79,79,1981.0,80.0,1979.0,1979,79,79.51845391111829,45235.49588665999
4489,0,92,0,0,92979,95081,174.307373,176.307773,2.000399999999985,39.758940761603114,33.7875,45.7125,1,1,1,1,2102,80,80,2103.0,80.0,2102.0,2102,80,79.53378509951017,46058.788242351875
4489,0,93,0,0,95081,97162,176.307773,178.311181,2.0034080000000074,40.087482703569044,33.7875,45.7125,1,1,1,1,2081,80,80,2081.0,80.0,2081.0,2081,80,80.31158354819217,46716.89441192191
4489,0,94,0,0,97162,99224,178.311181,180.312031,2.0008499999999856,40.42501813513697,33.7875,45.7125,1,1,1,1,2062,80,80,2064.0,80.0,2062.0,2062,80,80.8843975356881,46030.9368518383
4489,0,95,0,0,99224,101332,180.312031,182.312799,2.000768000000022,40.00471802322706,33.7875,45.7125,1,1,1,1,2108,80,80,2108.0,80.0,2108.0,2108,80,80.04015966989664,45742.43490499598
4489,0,96,0,0,101332,103326,182.312799,184.315428,2.0026289999999847,39.99139477572308,33.7875,45.7125,1,1,1,1,1994,80,80,1995.0,80.0,1994.0,1994,80,80.08792692831094,46545.8155254921
4489,0,97,0,0,103326,104000,184.315428,184.926577,0.6111490000000117,40.37748517376949,33.7875,45.7125,1,1,1,1,674,25,25,674.0,25.0,674.0,674,25,24.676659686464518,46412.57696568179
4489,0,98,0,0,104000,106076,184.926577,186.927046,2.000468999999981,39.916755103454406,33.7875,45.7125,1,1,1,1,2076,80,80,2079.0,80.0,2076.0,2076,80,79.85223116505176,44824.48865741026
4489,0,99,0,0,106076,108022,186.927046,188.928473,2.0014270000000067,39.58979083433856,33.7875,45.7125,1,1,1,1,1946,80,80,1947.0,80.0,1946.0,1946,80,79.23607630019796,45450.07137407445
4489,0,100,0,0,108022,110012,188.928473,190.928725,2.000251999999989,39.6908655461274,33.7875,45.7125,1,1,1,1,1990,79,79,1990.0,80.0,1990.0,1990,80,79.39173319037172,45535.76249392601
4489,0,101,0,0,110012,112026,190.928725,192.929079,2.0003540000000157,39.94112522160654,33.7875,45.7125,1,1,1,1,2014,80,80,2014.0,79.0,2014.0,2014,79,79.89638960154207,44588.107904900484
4489,0,102,0,0,112026,114098,192.929079,194.929212,2.0001330000000053,39.847211814420696,33.7875,45.7125,1,1,1,1,2072,79,79,2081.0,80.0,2073.0,2072,79,79.69972330801284,45024.505870359506
4489,0,103,0,0,114098,116107,194.929212,196.929178,1.9999660000000006,39.85943229795976,33.7875,45.7125,1,1,1,1,2009,80,80,2011.0,80.0,2008.0,2009,80,79.7175093752212,45577.77482217197
4489,0,104,0,0,116107,117000,196.929178,197.805076,0.8758980000000065,40.27314466631654,33.7875,45.7125,1,1,1,1,893,35,35,893.0,35.0,893.0,893,35,35.27516686693798,45780.44475498255
4489,0,105,0,0,117000,119137,197.805076,199.805616,2.0005399999999725,40.206815987338445,33.7875,45.7125,1,1,1,1,2137,80,80,2141.0,80.0,2137.0,2137,80,80.43534365530923,46247.51317144435
4489,0,106,0,0,119137,121243,199.805616,201.806141,2.0005250000000103,40.00189741143227,33.7875,45.7125,1,1,1,1,2106,80,80,2108.0,80.0,2106.0,2106,80,80.0247958190057,46647.754964321626
4489,0,107,0,0,121243,123312,201.806141,203.807918,2.001777000000004,39.680710548269325,33.7875,45.7125,1,1,1,1,2069,80,80,2070.0,80.0,2070.0,2069,80,79.43193371918278,45339.71566263366
4489,0,108,0,0,123312,125309,203.807918,205.808374,2.0004559999999856,39.90935636040438,33.7875,45.7125,1,1,1,1,1997,80,80,1996.0,80.0,1996.0,1997,80,79.83691138730865,45254.681932519714
4489,0,109,0,0,125309,127385,205.808374,207.808565,2.000191000000001,39.82975629000295,33.7875,45.7125,1,1,1,1,2076,80,80,2078.0,80.0,2076.0,2076,80,79.66712006345733,45642.64112777227
4489,0,110,0,0,127385,129521,207.808565,209.810032,2.0014670000000194,39.708848854405026,33.7875,45.7125,1,1,1,1,2136,80,80,2137.0,80.0,2136.0,2136,80,79.47595059008017,46525.373638435754
4489,0,111,0,0,129521,130000,209.810032,210.275728,0.4656959999999799,39.239930792754045,33.7875,45.7125,1,1,1,1,479,18,18,479.0,19.0,479.0,479,19,18.27387881046161,44986.42891500228
4489,0,112,0,0,130000,132072,210.275728,212.275979,2.00025100000002,39.76975421151762,33.7875,45.7125,1,1,1,1,2072,79,79,2098.0,79.0,2072.0,2072,78,79.54949063134336,46306.688510591455
4489,0,113,0,0,132072,134128,212.275979,214.280276,2.00429699999998,39.902957782637976,33.7875,45.7125,1,1,1,1,2056,80,80,2057.0,81.0,2056.0,2056,81,79.97737857486754,46268.09300218527
4489,0,114,0,0,134128,136116,214.280276,216.280356,2.0000800000000254,39.617470585118994,33.7875,45.7125,1,1,1,1,1988,78,78,2051.0,79.0,1988.0,1988,77,79.238110567886,44920.203191871755
4489,0,115,0,0,136116,138230,216.280356,218.28061,2.000253999999984,39.37201690014971,33.7875,45.7125,1,1,1,1,2114,80,80,2114.0,80.0,2114.0,2114,80,78.75403429259131,45580.71124967166
4489,0,116,0,0,138230,140315,218.28061,220.284953,2.0043430000000058,39.54099859385717,33.7875,45.7125,1,1,1,1,2085,80,80,2085.0,80.0,2085.0,2085,80,79.25372374460767,44993.79597204657
4489,0,117,0,0,140315,142364,220.284953,222.285165,2.0002120000000048,39.5225580230414,33.7875,45.7125,1,1,1,1,2049,80,80,2049.0,80.0,2049.0,2049,80,79.05349482838392,44906.739885572024
4489,0,118,0,0,142364,143000,222.285165,222.933343,0.6481780000000015,39.41378769801772,33.7875,45.7125,1,1,1,1,636,26,26,636.0,26.0,636.0,636,26,25.54715008252606,44455.381083591135
4489,0,119,0,0,143000,144950,222.933343,224.935781,2.0024379999999837,39.11572750834895,33.7875,45.7125,1,1,1,1,1950,80,80,1953.0,80.0,1950.0,1950,80,78.3268191603629,44806.88041277719
4489,0,120,0,0,144950,146903,224.935781,226.936587,2.0008060000000114,39.098783267137954,33.7875,45.7125,1,1,1,1,1953,80,80,1953.0,80.0,1953.0,1953,80,78.22908015359008,44480.57432854534
4489,0,121,0,0,146903,148977,226.936587,228.937269,2.0006819999999834,39.368999584917006,33.7875,45.7125,1,1,1,1,2074,80,80,2074.0,80.0,2074.0,2074,80,78.76484882754994,45656.43115697585
4489,0,122,0,0,148977,151112,228.937269,230.937732,2.0004630000000247,39.2329646384471,33.7875,45.7125,1,1,1,1,2135,80,80,2135.0,80.0,2135.0,2135,80,78.48409413952231,45787.40021684923
4489,0,123,0,0,151112,153175,230.937732,232.939549,2.0018169999999884,39.29390144172309,33.7875,45.7125,1,1,1,1,2063,80,80,2063.0,80.0,2063.0,2063,80,78.65919990236489,45436.72073920869
4489,0,124,0,0,153175,155185,232.939549,234.940841,2.0012920000000065,39.791496734788886,33.7875,45.7125,1,1,1,1,2010,80,80,2012.0,80.0,2010.0,2010,80,79.63440408335919,45302.73443355578
4489,0,125,0,0,155185,156000,234.940841,235.750604,0.8097630000000038,39.125800032519,33.7875,45.7125,1,1,1,1,815,32,32,815.0,32.0,815.0,815,32,31.682625211732557,43685.62159545427
4489,0,126,0,0,156000,158065,235.750604,237.750639,2.000034999999997,39.07439509591854,33.7875,45.7125,1,1,1,1,2065,80,80,2066.0,80.0,2065.0,2065,80,78.15015779566511,45815.19823403098
4489,0,127,0,0,158065,160103,237.750639,239.750725,2.000085999999982,39.420841016892794,33.7875,45.7125,1,1,1,1,2038,80,80,2038.0,80.0,2038.0,2038,80,78.84507222611228,46155.01533434104
4489,0,128,0,0,160103,162110,239.750725,241.751034,2.0003090000000157,39.353488931026014,33.7875,45.7125,1,1,1,1,2007,80,80,2007.0,80.0,2007.0,2007,80,78.71913809013222,44472.628978822424
4489,0,129,0,0,162110,164058,241.751034,243.75152,2.000485999999995,39.3164799473058,33.7875,45.7125,1,1,1,1,1948,80,80,1948.0,80.0,1948.0,1948,80,78.65206770386612,43585.40874567491
4489,0,130,0,0,164058,166121,243.75152,245.753065,2.001544999999993,39.144130298398494,33.7875,45.7125,1,1,1,1,2063,80,80,2063.0,80.0,2063.0,2063,80,78.3487382781077,44285.289613773515
4489,0,131,0,0,166121,168245,245.753065,247.75314,2.0000750000000096,39.70462433724153,33.7875,45.7125,1,1,1,1,2124,80,80,2124.0,80.0,2124.0,2124,80,79.4122265213091,46047.77320850446
4489,0,132,0,0,168245,169000,247.75314,248.46769,0.7145500000000027,40.13687181548793,33.7875,45.7125,1,1,1,1,755,28,28,755.0,28.0,755.0,755,28,28.67980175575667,46380.239311454585
4489,0,133,0,0,169000,171005,248.46769,250.468313,2.0006229999999903,39.21150895022322,33.7875,45.7125,1,1,1,1,2005,79,79,2010.0,80.0,2005.0,2005,79,78.44744667052237,44997.983128255764
4489,0,134,0,0,171005,172957,250.468313,252.468408,2.000095000000016,39.670105599388734,33.7875,45.7125,1,1,1,1,1952,80,80,1953.0,80.0,1952.0,1952,80,79.34397985880969,44824.37084238463
4489,0,135,0,0,172957,174967,252.468408,254.469744,2.0013359999999807,39.53285312028254,33.7875,45.7125,1,1,1,1,2010,80,80,2010.0,80.0,2010.0,2010,80,79.11852213233306,44745.60993256548
4489,0,136,0,0,174967,176921,254.469744,256.47246,2.002716000000021,39.19830536506293,33.7875,45.7125,1,1,1,1,1954,80,80,1954.0,80.0,1954.0,1954,80,78.50307332749799,44744.73664763205
4489,0,137,0,0,176921,179037,256.47246,258.472438,1.9999779999999987,39.28489392095413,33.7875,45.7125,1,1,1,1,2116,80,80,2119.0,80.0,2116.0,2116,80,78.56892357424204,46157.00772708503
4489,0,138,0,0,179037,181144,258.472438,260.472742,2.0003039999999714,39.676086514000175,33.7875,45.7125,1,1,1,1,2107,80,80,2107.0,80.0,2107.0,2107,80,79.36423455829936,45985.510202449885
4489,0,139,0,0,181144,182000,260.472742,261.305294,0.832552000000021,39.37659603636143,33.7875,45.7125,1,1,1,1,856,33,33,856.0,33.0,856.0,856,33,32.78306378326579,44661.4745985825
4489,0,140,0,0,182000,184071,261.305294,263.305269,1.9999750000000063,39.438231543331284,33.7875,45.7125,1,1,1,1,2071,80,80,2076.0,80.0,2071.0,2071,80,78.87547713087406,45038.062975787056
4489,0,141,0,0,184071,186225,263.305269,265.308733,2.003464000000008,40.041639351727355,33.7875,45.7125,1,1,1,1,2154,80,80,2154.0,80.0,2154.0,2154,80,80.22198294216923,45812.153350396926
4489,0,142,0,0,186225,188402,265.308733,267.310259,2.0015259999999557,40.061170656892834,33.7875,45.7125,1,1,1,1,2177,80,80,2178.0,80.0,2177.0,2177,80,80.18347466020623,46424.07842816034
4489,0,143,0,0,188402,190489,267.310259,269.311117,2.0008580000000507,40.0902607895301,33.7875,45.7125,1,1,1,1,2087,80,80,2089.0,80.0,2087.0,2087,80,80.21491902281923,46231.16682942901
4489,0,144,0,0,190489,192569,269.311117,271.311288,2.000170999999966,40.11672811441189,33.7875,45.7125,1,1,1,1,2080,80,80,2082.0,80.0,2081.0,2080,80,80.24031618932986,46706.50659368703
4489,0,145,0,0,192569,194667,271.311288,273.313035,2.001747000000023,40.27602097617076,33.7875,45.7125,1,1,1,1,2098,80,80,2099.0,80.0,2097.0,2098,80,80.62240416098757,45617.65298012134
4489,0,146,0,0,194667,195000,273.313035,273.645749,0.33271400000000995,40.18026952220276,33.7875,45.7125,1,1,1,1,333,13,13,335.0,13.0,333.0,333,13,13.36853819381031,48245.640399861506
4489,0,147,0,0,195000,197032,273.645749,275.646003,2.000253999999984,40.24499137156034,33.7875,45.7125,1,1,1,1,2032,79,79,2036.0,80.0,2032.0,2032,79,80.50020497092828,45674.19937667953
4489,0,148,0,0,197032,199046,275.646003,277.646095,2.000091999999995,39.95893969371323,33.7875,45.7125,1,1,1,1,2014,80,80,2014.0,80.0,2014.0,2014,80,79.92155560987794,45640.400541575196
4489,0,149,0,0,199046,201048,277.646095,279.646388,2.000292999999999,40.04975107277868,33.7875,45.7125,1,1,1,1,2002,80,80,2002.0,80.0,2002.0,2002,80,80.11123672262147,44729.947062755324
4489,0,150,0,0,201048,203068,279.646388,281.647115,2.0007269999999835,39.97647287392998,33.7875,45.7125,1,1,1,1,2020,80,80,2022.0,80.0,2020.0,2020,80,79.98200864363844,46325.66062236415
4489,0,151,0,0,203068,205012,281.647115,283.648832,2.001717000000042,40.007966256883016,33.7875,45.7125,1,1,1,1,1944,80,80,1944.0,80.0,1944.0,1944,80,80.08462619183047,45175.71664725738
4489,0,152,0,0,205012,207089,283.648832,285.649249,2.0004169999999704,39.911328736109574,33.7875,45.7125,1,1,1,1,2077,80,80,2077.0,80.0,2077.0,2077,80,79.8393004963009,46260.35471604239
4489,0,153,0,0,207089,208000,285.649249,286.534945,0.8856959999999958,39.87397853565173,33.7875,45.7125,1,1,1,1,911,35,35,911.0,35.0,911.0,911,35,35.31622329311267,45759.49309921259
4489,0,154,0,0,208000,210116,286.534945,288.536185,2.0012399999999957,40.21963402384184,33.7875,45.7125,1,1,1,1,2116,80,80,2119.0,80.0,2117.0,2116,80,80.48914039387273,45671.683556195254
4489,0,155,0,0,210116,212208,288.536185,290.536725,2.000540000000001,39.954513576530736,33.7875,45.7125,1,1,1,1,2092,80,80,2091.0,80.0,2091.0,2092,80,79.93060259039248,44891.87919261798
4489,0,156,0,0,212208,214277,290.536725,292.536879,2.000154000000009,39.94343280654378,33.7875,45.7125,1,1,1,1,2069,80,80,2069.0,80.0,2069.0,2069,80,79.89301690174034,45421.50254430388
4489,0,157,0,0,214277,216361,292.536879,294.538296,2.0014170000000036,39.82640453365073,33.7875,45.7125,1,1,1,1,2084,80,80,2085.0,80.0,2084.0,2084,80,79.70924308252506,45441.30483552395
4489,0,158,0,0,216361,218503,294.538296,296.538853,2.000557000000015,40.372002428531026,33.7875,45.7125,1,1,1,1,2142,80,80,2143.0,80.0,2142.0,2142,80,80.76649206241564,47168.86347152283
4489,0,159,0,0,218503,220650,296.538853,298.539623,2.0007699999999886,40.380380198929466,33.7875,45.7125,1,1,1,1,2147,80,80,2148.0,80.0,2147.0,2147,80,80.79185329061147,47073.37674995154
4489,0,160,0,0,220650,221000,298.539623,298.859136,0.3195129999999722,40.415127828400905,33.7875,45.7125,1,1,1,1,350,13,13,350.0,13.0,350.0,350,13,12.913158737834237,46962.09543900031
4489,0,161,0,0,221000,223129,298.859136,300.861617,2.0024810000000457,40.21101032041912,33.7875,45.7125,1,1,1,1,2129,80,80,2130.0,80.0,2129.0,2129,80,80.52178415744493,46225.15769188217
4489,0,162,0,0,223129,225298,300.861617,302.862098,2.0004809999999793,40.147991826899045,33.7875,45.7125,1,1,1,1,2169,80,80,2170.0,80.0,2169.0,2169,80,80.31529483786653,45605.03198980692
4489,0,163,0,0,225298,227440,302.862098,304.863221,2.001123000000007,40.370843556119596,33.7875,45.7125,1,1,1,1,2142,80,80,2145.0,80.0,2142.0,2142,80,80.78702356955364,47357.40881495024
4489,0,164,0,0,227440,229550,304.863221,306.864787,2.0015659999999684,39.80190168772187,33.7875,45.7125,1,1,1,1,2110,80,80,2110.0,80.0,2110.0,2110,80,79.66613315348513,46154.860744038146
4489,0,165,0,0,229550,231670,306.864787,308.865029,2.0002420000000143,39.92714990468099,33.7875,45.7125,1,1,1,1,2120,80,80,2121.0,80.0,2120.0,2120,80,79.8639621796392,46567.36534879246
4489,0,166,0,0,231670,233772,308.865029,310.865097,2.000067999999999,39.77337548745706,33.7875,45.7125,1,1,1,1,2102,79,79,2102.0,80.0,2102.0,2102,80,79.54945556444727,45777.44356691875
4489,0,167,0,0,233772,234000,310.865097,311.076287,0.21118999999998778,39.99396149211375,33.7875,45.7125,1,1,1,1,228,9,9,228.0,8.0,228.0,228,8,8.446324727519823,44396.04147923928
4489,0,168,0,0,234000,236052,311.076287,313.076942,2.0006549999999947,39.6636385081334,33.7875,45.7125,1,1,1,1,2052,80,80,2056.0,80.0,2052.0,2052,80,79.35325669948907,45037.2503005267
4489,0,169,0,0,236052,238054,313.076942,315.077529,2.0005870000000527,39.84612945468953,33.7875,45.7125,1,1,1,1,2002,80,80,2002.0,80.0,2002.0,2002,80,79.7156485873711,46172.44838639737
4489,0,170,0,0,238054,240092,315.077529,317.078812,2.001283000000001,39.58163971276007,33.7875,45.7125,1,1,1,1,2038,80,80,2038.0,80.0,2038.0,2038,80,79.21406266927079,45878.069218596254
4489,0,171,0,0,240092,242149,317.078812,319.078857,2.000045,39.79763965548349,33.7875,45.7125,1,1,1,1,2057,80,80,2059.0,80.0,2057.0,2057,80,79.59707020475071,45714.47142439295
4489,0,172,0,0,242149,244239,319.078857,321.078917,2.000059999999962,39.556649621237334,33.7875,45.7125,1,1,1,1,2090,80,80,2090.0,80.0,2090.0,2090,80,79.11567264145015,45915.62253132493
4489,0,173,0,0,244239,246309,321.078917,323.078985,2.000067999999999,39.48511812138454,33.7875,45.7125,1,1,1,1,2070,79,79,2070.0,80.0,2070.0,2070,80,78.97292123080115,45554.951131661546
4489,0,174,0,0,246309,247000,323.078985,323.727494,0.64850899999999,39.746771772611325,33.7875,45.7125,1,1,1,1,691,26,26,694.0,25.0,691.0,691,25,25.776139215484363,46449.625217229775
4489,0,175,0,0,247000,249002,323.727494,325.72987,2.0023760000000266,39.6611439689044,33.7875,45.7125,1,1,1,1,2002,79,79,2005.0,80.0,2002.0,2002,79,79.41652281587994,45574.35766309564
4489,0,176,0,0,249002,251113,325.72987,327.730033,2.0001629999999864,39.448973079841494,33.7875,45.7125,1,1,1,1,2111,80,80,2111.0,80.0,2111.0,2111,80,78.9043763422942,45705.7749793395
4489,0,177,0,0,251113,253072,327.730033,329.730192,2.0001589999999965,39.100793352146866,33.7875,45.7125,1,1,1,1,1959,80,80,1960.0,80.0,1959.0,1959,80,78.20780373043635,44288.47906591434
4489,0,178,0,0,253072,255139,329.730192,331.730447,2.0002550000000383,39.145132416737304,33.7875,45.7125,1,1,1,1,2067,80,80,2067.0,80.0,2067.0,2067,80,78.3002468422419,45501.698533436116
4489,0,179,0,0,255139,257103,331.730447,333.730649,2.0002020000000016,39.050936103343496,33.7875,45.7125,1,1,1,1,1964,80,80,1964.0,80.0,1964.0,1964,80,78.10976049577948,43706.585634850846
4489,0,180,0,0,257103,259128,333.730649,335.731472,2.0008229999999685,39.0948592975868,33.7875,45.7125,1,1,1,1,2025,80,80,2026.0,80.0,2025.0,2025,80,78.22189366437487,44369.24205689428
4489,0,181,0,0,259128,260000,335.731472,336.582299,0.8508269999999811,39.189285439281235,33.7875,45.7125,1,1,1,1,872,34,34,873.0,34.0,872.0,872,34,33.34330216244598,44899.84450423041
4489,0,182,0,0,260000,262083,336.582299,338.582896,2.0005970000000275,39.19363038159522,33.7875,45.7125,1,1,1,1,2083,80,80,2084.0,80.0,2083.0,2083,80,78.41065936053019,45226.49988978228
4489,0,183,0,0,262083,264103,338.582896,340.582967,2.0000709999999913,39.4702634179756,33.7875,45.7125,1,1,1,1,2020,80,80,2021.0,80.0,2020.0,2020,80,78.94332922465401,44900.40603558593
4489,0,184,0,0,264103,266119,340.582967,342.582965,1.999998000000005,39.617680355515,33.7875,45.7125,1,1,1,1,2016,80,80,2016.0,80.0,2016.0,2016,80,79.23528147566867,44963.04496304485
4489,0,185,0,0,266119,268268,342.582965,344.582986,2.000021000000004,39.65416519941163,33.7875,45.7125,1,1,1,1,2149,80,80,2149.0,80.0,2149.0,2149,80,79.30916313629314,45361.52370400102
4489,0,186,0,0,268268,270336,344.582986,346.582976,1.9999899999999684,39.628153835778654,33.7875,45.7125,1,1,1,1,2068,80,80,2068.0,80.0,2068.0,2068,80,79.25591139001699,45645.22822614185
4489,0,187,0,0,270336,272404,346.582976,348.582986,2.0000100000000316,39.677618554180235,33.7875,45.7125,1,1,1,1,2068,79,79,2070.0,80.0,2068.0,2068,80,79.35563388454648,46544.26727866287
4489,0,188,0,0,272404,273000,348.582986,349.138388,0.555402000000015,39.6290311656198,33.7875,45.7125,1,1,1,1,596,23,23,596.0,22.0,596.0,596,22,22.010043167447293,46566.27091728027
4489,0,189,0,0,273000,274973,349.138388,351.138732,2.000343999999984,39.39025689707066,33.7875,45.7125,1,1,1,1,1973,80,80,1976.0,80.0,1973.0,1973,80,78.79406404251313,45184.728226745356
4489,0,190,0,0,274973,276960,351.138732,353.139757,2.00102499999997,39.595310455127255,33.7875,45.7125,1,1,1,1,1987,80,80,1988.0,80.0,1987.0,1987,80,79.23120610346996,45135.36812383721
4489,0,191,0,0,276960,279019,353.139757,355.140441,2.000684000000035,39.77618803457405,33.7875,45.7125,1,1,1,1,2059,79,79,2060.0,80.0,2059.0,2059,80,79.57958298176527,45522.93115754332
4489,0,192,0,0,279019,281077,355.140441,357.141112,2.000671000000011,39.882588651119704,33.7875,45.7125,1,1,1,1,2058,80,80,2058.0,79.0,2058.0,2058,79,79.79193851922537,46120.52656333774
4489,0,193,0,0,281077,283131,357.141112,359.141958,2.0008459999999673,39.59013863727351,33.7875,45.7125,1,1,1,1,2054,80,80,2054.0,80.0,2054.0,2054,80,79.21377053183278,44562.64999905113
4489,0,194,0,0,283131,285196,359.141958,361.141973,2.000015000000019,39.96385717348824,33.7875,45.7125,1,1,1,1,2065,80,80,2066.0,80.0,2065.0,2065,80,79.92831380483403,46003.65497258727
4489,0,195,0,0,285196,286000,361.141973,361.927765,0.7857920000000149,39.71254597415366,33.7875,45.7125,1,1,1,1,804,32,32,804.0,32.0,804.0,804,32,31.20580092612363,45748.74776022066
4489,0,196,0,0,286000,288119,361.927765,363.928257,2.0004919999999515,39.61612214198779,33.7875,45.7125,1,1,1,1,2119,80,80,2121.0,80.0,2119.0,2119,80,79.25173541606819,45967.69194778196
4489,0,197,0,0,288119,290117,363.928257,365.928586,2.000329000000022,39.80967539045473,33.7875,45.7125,1,1,1,1,1998,80,80,1999.0,80.0,1998.0,1998,80,79.63244816411316,44897.11442467665
4489,0,198,0,0,290117,292222,365.928586,367.928762,2.0001760000000104,39.732114893259826,33.7875,45.7125,1,1,1,1,2105,79,79,2107.0,79.0,2106.0,2105,79,79.47122263874189,44385.09411171794
4489,0,199,0,0,292222,294333,367.928762,369.929186,2.0004240000000095,39.653507582473395,33.7875,45.7125,1,1,1,1,2111,80,80,2112.0,80.0,2110.0,2111,80,79.32382825216155,46090.22887147903
4489,0,200,0,0,294333,296370,369.929186,371.931201,2.0020149999999717,40.196175562717876,33.7875,45.7125,1,1,1,1,2037,80,80,2039.0,80.0,2037.0,2037,80,80.47334641919406,45860.79524878749
4489,0,201,0,0,296370,298439,371.931201,373.931368,2.000167000000033,39.51271127071723,33.7875,45.7125,1,1,1,1,2069,80,80,2070.0,80.0,2069.0,2069,80,79.03202116421744,45377.71096113399
4489,0,202,0,0,298439,299000,373.931368,374.475379,0.544010999999955,39.71527629774857,33.7875,45.7125,1,1,1,1,561,22,22,561.0,22.0,561.0,561,22,21.605547174012827,46113.038155482296
4489,0,203,0,0,299000,301123,374.475379,376.477753,2.0023740000000316,39.73627400274562,33.7875,45.7125,1,1,1,1,2123,80,80,2127.0,80.0,2123.0,2123,80,79.56688191997455,46519.78101992861
4489,0,204,0,0,301123,303222,376.477753,378.478136,2.0003829999999994,40.08061800423843,33.7875,45.7125,1,1,1,1,2099,80,80,2100.0,80.0,2099.0,2099,80,80.17658688517258,45694.749455479294
4489,0,205,0,0,303222,305329,378.478136,380.478322,2.000185999999985,39.88726381227653,33.7875,45.7125,1,1,1,1,2107,80,80,2107.0,80.0,2107.0,2107,80,79.78194665562114,45874.23369626659
4489,0,206,0,0,305329,307494,380.478322,382.479613,2.0012909999999806,39.9212650085473,33.7875,45.7125,1,1,1,1,2165,80,80,2165.0,80.0,2165.0,2165,80,79.89406837022034,46581.43168584724
4489,0,207,0,0,307494,309596,382.479613,384.480653,2.001040000000046,39.86068916352632,33.7875,45.7125,1,1,1,1,2102,80,80,2103.0,80.0,2102.0,2102,80,79.76283344378498,45437.3725662645
4489,0,208,0,0,309596,311670,384.480653,386.481652,2.000998999999979,40.26960280557784,33.7875,45.7125,1,1,1,1,2074,80,80,2074.0,80.0,2074.0,2074,80,80.57943494435676,47081.982549716915
4489,0,209,0,0,311670,312000,386.481652,386.786826,0.30517400000002226,40.20589632492674,33.7875,45.7125,1,1,1,1,330,12,12,330.0,12.0,330.0,330,12,12.26979420506359,46271.96288018957
4489,0,210,0,0,312000,314169,386.786826,388.786848,2.0000220000000013,40.57489182654937,33.7875,45.7125,1,1,1,1,2169,80,80,2169.0,80.0,2169.0,2169,80,81.15067630071826,47835.97380428812
4489,0,211,0,0,314169,316313,388.786848,390.788583,2.0017349999999965,40.10406512961662,33.7875,45.7125,1,1,1,1,2144,80,80,2145.0,80.0,2144.0,2144,80,80.27771081223364,46411.2382508175
4489,0,212,0,0,316313,318392,390.788583,392.78865,2.0000670000000014,40.099111155810434,33.7875,45.7125,1,1,1,1,2079,80,80,2080.0,80.0,2079.0,2079,80,80.20090895206886,46117.95504850584
4489,0,213,0,0,318392,320447,392.78865,394.789541,2.0008909999999673,40.33425775009859,33.7875,45.7125,1,1,1,1,2055,80,80,2056.0,80.0,2055.0,2055,80,80.70445332385134,46004.00521567717
4489,0,214,0,0,320447,322482,394.789541,396.789644,2.000103000000024,40.21936193287977,33.7875,45.7125,1,1,1,1,2035,80,80,2035.0,80.0,2035.0,2035,80,80.44286646004002,45949.63359386936
4489,0,215,0,0,322482,324601,396.789644,398.789634,1.9999899999999684,40.439453088690485,33.7875,45.7125,1,1,1,1,2119,79,79,2119.0,79.0,2119.0,2119,79,80.87850178284862,45969.72984864997
4489,0,216,0,0,324601,325000,398.789634,399.16537,0.3757360000000176,40.387816615806784,33.7875,45.7125,1,1,1,1,399,15,15,399.0,15.0,399.0,399,15,15.17515666395775,47115.52792385923
4489,0,217,0,0,325000,327028,399.16537,401.166135,2.0007650000000012,40.02383888803356,33.7875,45.7125,1,1,1,1,2028,79,79,2031.0,80.0,2028.0,2028,79,80.07829601281628,45965.91803635107
4489,0,218,0,0,327028,329008,401.166135,403.167169,2.001034000000004,40.08914686751413,33.7875,45.7125,1,1,1,1,1980,80,80,1980.0,80.0,1980.0,1980,80,80.21974591288927,45026.22144351361
4489,0,219,0,0,329008,331117,403.167169,405.170899,2.0037300000000187,40.32506776497722,33.7875,45.7125,1,1,1,1,2109,80,80,2109.0,80.0,2109.0,2109,80,80.80054803271923,46803.71107883753
4489,0,220,0,0,331117,333126,405.170899,407.171013,2.0001139999999964,40.07051006480676,33.7875,45.7125,1,1,1,1,2009,80,80,2009.0,80.0,2009.0,2009,80,80.14558816776116,45964.380030338354
4489,0,221,0,0,333126,335159,407.171013,409.171337,2.000323999999978,39.9899057050897,33.7875,45.7125,1,1,1,1,2033,80,80,2035.0,80.0,2033.0,2033,80,79.99276813962751,46426.97882943015
4489,0,222,0,0,335159,337250,409.171337,411.171664,2.000327000000027,40.17127931025341,33.7875,45.7125,1,1,1,1,2091,80,80,2093.0,80.0,2091.0,2091,80,80.35569462884268,46245.93878900737
4489,0,223,0,0,337250,338000,411.171664,411.860809,0.6891449999999963,40.0265138127961,33.7875,45.7125,1,1,1,1,750,28,28,752.0,28.0,750.0,750,28,27.584071861519988,46234.101676715596
4489,0,224,0,0,338000,340068,411.860809,413.860809,2.0,40.16994894237783,33.7875,45.7125,1,1,1,1,2068,80,80,2073.0,80.0,2068.0,2068,80,80.33989788475628,46107.0
4489,0,225,0,0,340068,342248,413.860809,415.861355,2.0005459999999857,40.53155258407127,33.7875,45.7125,1,1,1,1,2180,80,80,2181.0,80.0,2180.0,2180,80,81.08523539585258,47432.051050063674
4489,0,226,0,0,342248,344373,415.861355,417.861724,2.000368999999978,39.47029815048766,33.7875,45.7125,1,1,1,1,2125,79,79,2125.0,80.0,2125.0,2125,79,78.95516084099108,45807.04859953389
4489,0,227,0,0,344373,346477,417.861724,419.862445,2.0007209999999986,40.17877000371066,33.7875,45.7125,1,1,1,1,2104,80,80,2104.0,79.0,2104.0,2104,80,80.38650890059398,47106.018280409946
4489,0,228,0,0,346477,348552,419.862445,421.865608,2.003163000000029,39.8299867210038,33.7875,45.7125,1,1,1,1,2075,80,80,2075.0,80.0,2075.0,2075,80,79.78595569000754,45431.15063526966
4489,0,229,0,0,348552,350629,421.865608,423.866016,2.000407999999993,39.81930992902511,33.7875,45.7125,1,1,1,1,2077,80,80,2077.0,80.0,2077.0,2077,80,79.65486613650137,46190.57712226722
4489,0,230,0,0,350629,351000,423.866016,424.213515,0.3474989999999707,39.663603303074176,33.7875,45.7125,1,1,1,1,371,14,14,373.0,14.0,371.0,371,14,13.783062484213588,46046.175672451864
4489,0,231,0,0,351000,353087,424.213515,426.21361,2.0000950000000444,39.68156697015489,33.7875,45.7125,1,1,1,1,2087,80,80,2094.0,80.0,2087.0,2087,80,79.36690368917334,45125.35654556308
4489,0,232,0,0,353087,355174,426.21361,428.214234,2.0006239999999593,39.963989895984774,33.7875,45.7125,1,1,1,1,2087,80,80,2088.0,80.0,2087.0,2087,80,79.95291732166334,45187.90137477199
4489,0,233,0,0,355174,357199,428.214234,430.214493,2.000259000000028,39.991511539027975,33.7875,45.7125,1,1,1,1,2025,80,80,2026.0,80.0,2025.0,2025,80,79.99338087954493,45978.54577832106
4489,0,234,0,0,357199,359395,430.214493,432.21486,2.000366999999983,40.05301678767488,33.7875,45.7125,1,1,1,1,2196,80,80,2199.0,80.0,2196.0,2196,80,80.12073303251054,46790.41395903892
4489,0,235,0,0,359395,361395,432.21486,434.215043,2.0001829999999927,40.13894146508887,33.7875,45.7125,1,1,1,1,2000,80,80,2002.0,80.0,2000.0,2000,80,80.28522835646618,45197.3644411538
4489,0,236,0,0,361395,363405,434.215043,436.216572,2.001529000000005,39.75015762484581,33.7875,45.7125,1,1,1,1,2010,80,80,2010.0,80.0,2010.0,2010,80,79.56109324069985,45193.94922581675
4489,0,237,0,0,363405,364000,436.216572,436.801502,0.5849300000000426,39.77265066611358,33.7875,45.7125,1,1,1,1,595,23,23,595.0,23.0,595.0,595,23,23.264216554131053,44418.99030652917
4489,0,238,0,0,364000,366072,436.801502,438.80154,2.000037999999961,40.218735160589986,33.7875,45.7125,1,1,1,1,2072,80,80,2077.0,80.0,2072.0,2072,80,80.43899863311526,46082.12443963655
4489,0,239,0,0,366072,368188,438.80154,440.801709,2.000169000000028,39.75632126142699,33.7875,45.7125,1,1,1,1,2116,80,80,2118.0,80.0,2116.0,2116,80,79.5193613411484,46649.058154585284
4489,0,240,0,0,368188,370173,440.801709,442.802191,2.000481999999977,40.00004459892181,33.7875,45.7125,1,1,1,1,1985,80,80,1986.0,80.0,1985.0,1985,80,80.01936921933884,44080.376629232866
4489,0,241,0,0,370173,372270,442.802191,444.802315,2.000124000000028,39.58977363222119,33.7875,45.7125,1,1,1,1,2097,80,80,2098.0,80.0,2097.0,2097,80,79.1844563963732,45860.65663928772
4489,0,242,0,0,372270,374370,444.802315,446.803924,2.0016089999999735,39.9330171070252,33.7875,45.7125,1,1,1,1,2100,80,80,2100.0,80.0,2100.0,2100,80,79.93028643857542,46171.85474285998
4489,0,243,0,0,374370,376408,446.803924,448.80399,2.000066000000004,39.731215772765744,33.7875,45.7125,1,1,1,1,2038,80,80,2038.0,80.0,2038.0,2038,80,79.46505380577219,45814.98810539243
4489,0,244,0,0,376408,377000,448.80399,449.387306,0.5833160000000248,39.277855029092855,33.7875,45.7125,1,1,1,1,592,23,23,594.0,23.0,592.0,592,23,22.911401284150998,47015.68275171405
4489,0,245,0,0,377000,379084,449.387306,451.388001,2.0006949999999506,39.56144663013018,33.7875,45.7125,1,1,1,1,2084,80,80,2086.0,80.0,2084.0,2084,80,79.15038846566677,45312.75381804935
4489,0,246,0,0,379084,381077,451.388001,453.388638,2.00063700000004,39.332328933477726,33.7875,45.7125,1,1,1,1,1993,80,80,1994.0,80.0,1993.0,1993,80,78.68971256048826,45811.9089070122
4489,0,247,0,0,381077,383105,453.388638,455.388686,2.0000479999999925,39.59981485775189,33.7875,45.7125,1,1,1,1,2028,80,80,2029.0,80.0,2028.0,2028,80,79.20153050661611,44988.4202779135
4489,0,248,0,0,383105,385136,455.388686,457.389988,2.0013020000000097,39.50113660845783,33.7875,45.7125,1,1,1,1,2031,80,80,2031.0,80.0,2031.0,2031,80,79.05370369677985,45462.90364972381
4489,0,249,0,0,385136,387231,457.389988,459.390271,2.0002829999999676,39.38619096969166,33.7875,45.7125,1,1,1,1,2095,80,80,2096.0,80.0,2095.0,2095,80,78.78352823142632,45249.59718199948
4489,0,250,0,0,387231,389326,459.390271,461.391349,2.001078000000007,39.99526981027859,33.7875,45.7125,1,1,1,1,2095,80,80,2095.0,80.0,2095.0,2095,80,80.03365452141225,46883.72966970787
4489,0,251,0,0,389326,390000,461.391349,462.041631,0.6502820000000042,40.22907711131553,33.7875,45.7125,1,1,1,1,674,26,26,674.0,26.0,674.0,674,26,26.160244722101197,45343.404861275274
4489,0,252,0,0,390000,392098,462.041631,464.041982,2.0003510000000233,39.52420060235619,33.7875,45.7125,1,1,1,1,2098,80,80,2100.0,80.0,2098.0,2098,80,79.06227419912466,46086.91174698787
4489,0,253,0,0,392098,394082,464.041982,466.043144,2.0011619999999652,39.11617820599597,33.7875,45.7125,1,1,1,1,1984,80,80,1984.0,80.0,1984.0,1984,80,78.27780941106539,45026.339696637035
4489,0,254,0,0,394082,396079,466.043144,468.043735,2.0005910000000426,38.87811695819067,33.7875,45.7125,1,1,1,1,1997,79,79,1999.0,79.0,1997.0,1997,79,77.77921088350558,45097.173785145525
4489,0,255,0,0,396079,397997,468.043735,470.044533,2.0007979999999748,38.73553272302752,33.7875,45.7125,1,1,1,1,1918,80,80,1918.0,80.0,1918.0,1918,80,77.50197640116676,43001.342464357265
4489,0,256,0,0,397997,399982,470.044533,472.046627,2.0020939999999996,38.843141320960896,33.7875,45.7125,1,1,1,1,1985,79,79,1988.0,80.0,1985.0,1985,79,77.76762017984765,44917.970884483955
4489,0,257,0,0,399982,401986,472.046627,474.047647,2.0010199999999827,38.762969021675076,33.7875,45.7125,1,1,1,1,2004,79,79,2006.0,80.0,2004.0,2004,79,77.56547627175132,44616.245714685894
4489,0,258,0,0,401986,403000,474.047647,475.060057,1.0124099999999885,39.01625857905974,33.7875,45.7125,1,1,1,1,1014,41,41,1017.0,41.0,1014.0,1014,41,39.50045034802497,44480.99090289558
4489,0,259,0,0,403000,404993,475.060057,477.061363,2.0013059999999996,39.14748044508702,33.7875,45.7125,1,1,1,1,1993,80,80,1997.0,80.0,1993.0,1993,80,78.34608749963445,45623.20804514653
4489,0,260,0,0,404993,407093,477.061363,479.062059,2.000696000000005,39.06686112203455,33.7875,45.7125,1,1,1,1,2100,80,80,2100.0,80.0,2100.0,2100,80,78.16091277941086,45424.19238105128
4489,0,261,0,0,407093,409214,479.062059,481.062466,2.0004069999999956,39.21608686366833,33.7875,45.7125,1,1,1,1,2121,80,80,2124.0,80.0,2121.0,2121,80,78.44813467469066,45453.75016184217
4489,0,262,0,0,409214,411277,481.062466,483.063212,2.000746000000049,39.21384941911934,33.7875,45.7125,1,1,1,1,2063,80,80,2063.0,80.0,2063.0,2063,80,78.4569523699065,45090.681175920276
4489,0,263,0,0,411277,413354,483.063212,485.065269,2.0020569999999793,39.54855963115666,33.7875,45.7125,1,1,1,1,2077,80,80,2079.0,80.0,2077.0,2077,80,79.17847064947455,46564.60830036356
4489,0,264,0,0,413354,415419,485.065269,487.065452,2.0001829999999927,39.6046046113655,33.7875,45.7125,1,1,1,1,2065,79,79,2066.0,80.0,2065.0,2065,80,79.21645686537522,45226.86174215076
4489,0,265,0,0,415419,416000,487.065452,487.621031,0.5555790000000229,39.54482257097416,33.7875,45.7125,1,1,1,1,581,23,23,581.0,22.0,581.0,581,22,21.970272979160654,46297.646239326794
4489,0,266,0,0,416000,418072,487.621031,489.621163,2.000132000000008,39.25239750202313,33.7875,45.7125,1,1,1,1,2072,80,80,2077.0,80.0,2072.0,2072,80,78.50997632051622,45230.514786023945
4489,0,267,0,0,418072,420132,489.621163,491.621968,2.000804999999957,39.43913670897386,33.7875,45.7125,1,1,1,1,2060,80,80,2060.0,80.0,2060.0,2060,80,78.91002192299675,45906.0228258136
4489,0,268,0,0,420132,422226,491.621968,493.622909,2.0009410000000116,39.746940957527144,33.7875,45.7125,1,1,1,1,2094,79,79,2094.0,80.0,2094.0,2094,80,79.5312837864949,45865.92008459993
4489,0,269,0,0,422226,424337,493.622909,495.623912,2.0010030000000256,39.81387956826961,33.7875,45.7125,1,1,1,1,2111,80,80,2112.0,79.0,2111.0,2111,79,79.66769245774776,46081.88993219841
4489,0,270,0,0,424337,425194,495.623912,497.62746,2.0035479999999666,15.8678868786286,33.7875,45.7125,1,0,0,1,857,79,79,860.0,81.0,857.0,857,80,31.79207301990209,17810.903457267104
4489,0,271,0,0,425194,425274,497.62746,499.629738,2.00227799999999,0.9657224471550973,33.7875,45.7125,1,0,0,0,80,80,80,80.0,80.0,80.0,80,80,1.9336448100439156,693.2104333164561
4489,0,272,0,0,425274,425354,499.629738,501.632014,2.0022760000000517,0.9655670991977253,33.7875,45.7125,1,0,0,0,80,80,80,80.0,80.0,80.0,80,80,1.9333318291137402,633.7787597713639
4489,0,273,0,0,425354,425434,501.632014,503.63429,2.002275999999995,0.9626007968254643,33.7875,45.7125,1,0,0,0,80,80,80,80.0,80.0,80.0,80,80,1.9273924730641738,676.2304497481883
4489,0,274,0,0,425434,425514,503.63429,505.636568,2.00227799999999,0.9640051159181019,33.7875,45.7125,1,0,0,0,80,80,80,80.0,80.0,80.0,80,80,1.930206235490914,642.2684562283591
4489,0,275,0,0,425514,425595,505.636568,507.638843,2.0022749999999974,0.9641103540127928,33.7875,45.7125,1,0,0,0,81,80,80,81.0,80.0,81.0,81,80,1.9304140590811585,679.2273788565516
4489,0,276,0,0,425595,425675,507.638843,509.641122,2.0022789999999873,0.964681254255118,33.7875,45.7125,1,0,0,0,80,80,80,80.0,80.0,80.0,80,80,1.9315610170888249,671.2351275721359
4489,0,277,0,0,425675,425755,509.641122,511.643396,2.002274,0.9626536073727479,33.7875,45.7125,1,0,0,0,80,80,80,80.0,80.0,80.0,80,80,1.9274962890485767,670.7373716084812
4489,0,278,0,0,425755,425852,511.643396,513.645673,2.0022769999999923,1.221917558071976,33.7875,45.7125,1,0,0,0,97,80,80,97.0,80.0,97.0,97,80,2.4466174224235147,1163.175724437732
4489,0,279,0,0,425852,426017,513.645673,515.647951,2.0022780000000466,1.8925088713868026,33.7875,45.7125,1,0,0,0,165,80,80,165.0,80.0,165.0,165,80,3.78932887798328,2498.6540330562907
4489,0,280,0,0,426017,426185,515.647951,517.650229,2.002277999999933,1.970205099775806,33.7875,45.7125,1,0,0,0,168,80,80,168.0,80.0,168.0,168,80,3.9448983267684525,2642.9896348060447
4489,0,281,0,0,426185,426268,517.650229,519.652504,2.002275000000054,0.9967396964040088,33.7875,45.7125,1,0,0,0,83,80,80,83.0,80.0,83.0,83,80,1.995746975617294,721.6790900350655
4489,0,282,0,0,426268,426349,519.652504,521.65478,2.002275999999938,0.9625487564329901,33.7875,45.7125,1,0,0,0,81,80,80,81.0,80.0,81.0,81,80,1.9272882738350745,683.2224928032111
4489,0,283,0,0,426349,426429,521.65478,523.657058,2.0022780000000466,0.9629122687672649,33.7875,45.7125,1,0,0,0,80,80,80,80.0,80.0,80.0,80,80,1.9280180516834662,680.7246546183738
4489,0,284,0,0,426429,426510,523.657058,525.659334,2.002275999999938,0.9647344529178301,33.7875,45.7125,1,0,0,0,81,80,80,81.0,80.0,81.0,81,80,1.93166464144997,637.2747812989016
4489,0,285,0,0,426510,426590,525.659334,527.661612,2.0022780000000466,0.9602061710604846,33.7875,45.7125,1,0,0,0,80,80,80,80.0,80.0,80.0,80,80,1.9225996917793964,687.2172595413664
4489,0,286,0,0,426590,426671,527.661612,529.663888,2.0022760000000517,0.961924271722992,33.7875,45.7125,1,0,0,0,81,80,80,81.0,80.0,81.0,81,80,1.9260378830877016,637.2747812988654
4489,0,287,0,0,426671,426752,529.663888,531.666164,2.002275999999938,0.9603630599481499,33.7875,45.7125,1,0,0,0,81,80,80,81.0,80.0,81.0,81,80,1.922911906220179,686.718514330713
4489,0,288,0,0,426752,426832,531.666164,533.66844,2.0022760000000517,0.9608834638730681,33.7875,45.7125,1,0,0,0,80,80,80,80.0,80.0,80.0,80,80,1.9239538985093532,663.2452269317346
4489,0,289,0,0,426832,426912,533.66844,535.670716,2.002275999999938,0.9603630599481499,33.7875,45.7125,1,0,0,0,80,80,80,80.0,80.0,80.0,80,80,1.922911906220179,649.2611408217649
4489,0,290,0,0,426912,426993,535.670716,537.672995,2.002279000000044,0.9596853840607488,33.7875,45.7125,1,0,0,0,81,80,80,81.0,80.0,81.0,81,80,1.9215578911116609,667.7391112826787
4489,0,291,0,0,426993,427073,537.672995,539.67527,2.0022749999999405,0.9550032807776203,33.7875,45.7125,1,0,0,0,80,80,80,80.0,80.0,80.0,80,80,1.9121791940197,647.2637374986145
4489,0,292,0,0,427073,427153,539.67527,541.677548,2.0022780000000466,0.9561990648408292,33.7875,45.7125,1,0,0,0,80,80,80,80.0,80.0,80.0,80,80,1.9145763511514815,690.2138464289014
4489,0,293,0,0,427153,427273,541.677548,543.679825,2.002277000000049,1.4548502385509456,33.7875,45.7125,1,0,0,0,120,80,80,120.0,80.0,120.0,120,80,2.913013171095372,1671.5968869441729
4489,0,294,0,0,427273,427450,543.679825,545.6821,2.0022749999999405,1.9372141392979698,33.7875,45.7125,1,0,0,0,177,80,80,177.0,80.0,177.0,177,80,3.8788354407624865,2596.5464284377294
4489,0,295,0,0,427450,427624,545.6821,547.684377,2.002277000000049,1.984985452143341,33.7875,45.7125,1,0,0,0,174,80,80,174.0,80.0,174.0,174,80,3.9744907161621086,2661.9693478973536
4489,0,296,0,0,427624,427880,547.684377,549.686481,2.0021039999999175,3.518382086865011,33.7875,45.7125,1,0,0,1,256,80,80,256.0,79.0,256.0,256,79,7.044166849640533,4597.663258252508
4489,0,297,0,0,427880,428214,549.686481,551.687001,2.0005200000000514,5.035627085816581,33.7875,45.7125,1,0,0,1,334,80,80,334.0,80.0,334.0,334,80,10.073872697717889,6330.853977965567
4489,0,298,0,0,428214,428683,551.687001,553.691208,2.004206999999951,7.0032293548068365,33.7875,45.7125,1,0,0,1,469,80,80,469.0,81.0,469.0,469,81,14.03592129550998,8652.798837645225
4489,0,299,0,0,428683,429000,553.691208,554.736477,1.0452690000000757,10.632489412386429,33.7875,45.7125,1,0,0,1,317,42,42,318.0,41.0,317.0,317,41,11.113811575596628,12949.776564691978
4489,0,300,0,0,429000,429602,554.736477,556.738054,2.0015769999999975,11.196438884328176,33.7875,45.7125,1,0,0,1,602,80,80,602.0,80.0,602.0,602,80,22.4105345527787,13296.515697372639
4489,0,301,0,0,429602,430374,556.738054,558.744849,2.006795000000011,13.940056393372702,33.7875,45.7125,1,0,0,1,772,80,80,772.0,80.0,772.0,772,80,27.974835469936806,16661.39291756249
4489,0,302,0,0,430374,431206,558.744849,560.745501,2.0006519999999455,15.329075818501464,33.7875,45.7125,1,0,0,1,832,80,80,833.0,80.0,832.0,832,80,30.668146194435394,18088.103278331757
4489,0,303,0,0,431206,432160,560.745501,562.751508,2.006006999999954,16.979846445029974,33.7875,45.7125,1,0,0,1,954,80,80,954.0,81.0,954.0,954,81,34.061690827653365,20107.10830022075
4489,0,304,0,0,432160,433211,562.751508,564.751757,2.0002490000000535,19.277659216151473,33.7875,45.7125,1,0,0,1,1051,80,80,1052.0,79.0,1052.0,1051,79,38.560118569450424,22836.65683622328
4489,0,305,0,0,433211,434360,564.751757,566.754522,2.002764999999954,20.98344661278572,33.7875,45.7125,1,0,0,1,1149,80,80,1149.0,80.0,1148.0,1149,80,42.02491245545389,24745.788946781646
4489,0,306,0,0,434360,435630,566.754522,568.756879,2.0023570000000745,23.278876905512433,33.7875,45.7125,1,0,0,1,1270,80,80,1270.0,80.0,1270.0,1270,80,46.612622123891924,27001.67852186098
4489,0,307,0,0,435630,437020,568.756879,570.758253,2.0013739999999416,25.38469298569137,33.7875,45.7125,1,0,0,1,1390,80,80,1393.0,80.0,1390.0,1390,80,50.80426453954351,29534.709654468243
4489,0,308,0,0,437020,438386,570.758253,572.762687,2.0044340000000602,26.593181820040883,33.7875,45.7125,1,0,0,1,1366,80,80,1366.0,80.0,1366.0,1366,80,53.30427780827449,30666.51234213656
4489,0,309,0,0,438386,439909,572.762687,574.765169,2.0024819999999863,29.115975254244955,33.7875,45.7125,1,0,0,1,1523,80,80,1523.0,81.0,1523.0,1523,81,58.30421635906896,33809.542357934035
4489,0,310,0,0,439909,441588,574.765169,576.765822,2.000652999999943,31.365876623184015,33.7875,45.7125,1,0,0,1,1679,80,80,1679.0,79.0,1679.0,1679,79,62.752235163799924,36444.600837827486
4489,0,311,0,0,441588,442000,576.765822,577.269857,0.5040350000000444,31.882940238594536,33.7875,45.7125,1,0,0,1,412,21,21,412.0,21.0,412.0,412,21,16.07011778316155,37443.828305570714
4489,0,312,0,0,442000,443752,577.269857,579.270291,2.000434000000041,33.10065284271299,33.7875,45.7125,1,0,0,1,1752,79,79,1754.0,80.0,1752.0,1752,80,66.21567136876183,38312.18625558175
4489,0,313,0,0,443752,443875,579.270291,581.272569,2.002277999999933,1.7101595182223104,33.7875,45.7125,1,0,0,0,123,80,80,123.0,80.0,123.0,123,80,3.424214779828617,1564.2183552933732
4489,0,314,0,0,443875,443955,581.272569,583.274846,2.002277000000049,0.9544300742332394,33.7875,45.7125,1,0,0,0,80,80,80,80.0,80.0,80.0,80,80,1.9110333857461228,650.2596793550383
4489,0,315,0,0,443955,444036,583.274846,585.277122,2.002275999999938,0.9603630599481499,33.7875,45.7125,1,0,0,0,81,80,80,81.0,80.0,81.0,81,80,1.922911906221998,638.7730762392596
4489,0,316,0,0,444036,444116,585.277122,587.279398,2.0022760000000517,0.95812532307077,33.7875,45.7125,1,0,0,0,80,80,80,80.0,80.0,80.0,80,80,1.918431339378003,676.2304497481691
4489,0,317,0,0,444116,444196,587.279398,589.281675,2.0022769999999355,0.9535974283691934,33.7875,45.7125,1,0,0,0,80,80,80,80.0,80.0,80.0,80,80,1.9093661980841716,651.7579735471376
4489,0,318,0,0,444196,444280,589.281675,591.283951,2.0022760000000517,1.0219788846635962,33.7875,45.7125,1,0,0,0,84,80,80,84.0,80.0,84.0,84,80,2.0462837932682305,821.065627316093
4489,0,319,0,0,444280,444445,591.283951,593.286192,2.0022410000000264,1.8623563473016564,33.7875,45.7125,1,0,0,0,165,80,80,166.0,80.0,165.0,165,79,3.7288862351779244,2525.1705464027223
4489,0,320,0,0,444445,444606,593.286192,595.288506,2.0023139999999557,1.9398341492447861,33.7875,45.7125,1,0,0,0,161,80,80,160.0,80.0,161.0,161,81,3.8841570747099468,2649.434604163042
4489,0,321,0,0,444606,444795,595.288506,597.290781,2.002275000000054,2.400842227596975,33.7875,45.7125,1,0,0,1,189,80,80,189.0,80.0,189.0,189,80,4.807146371262206,3198.861295276536
4489,0,322,0,0,444795,444934,597.290781,599.293059,2.002277999999933,2.013814905127383,33.7875,45.7125,1,0,0,1,139,80,80,139.0,80.0,139.0,139,80,4.032217280608165,2222.4686082552716
4489,0,323,0,0,444934,445014,599.293059,601.295335,2.0022760000000517,0.9601548983781214,33.7875,45.7125,1,0,0,0,80,80,80,80.0,80.0,80.0,80,80,1.9224951093056006,639.7719395327952
4489,0,324,0,0,445014,445095,601.295335,603.297611,2.002275999999938,0.9576049191458516,33.7875,45.7125,1,0,0,0,81,80,80,81.0,80.0,81.0,81,80,1.9173893470870098,660.7480686978423
4489,0,325,0,0,445095,445175,603.297611,605.299889,2.0022780000000466,0.9624439057026297,33.7875,45.7125,1,0,0,0,80,80,80,80.0,80.0,80.0,80,80,1.9270802586215723,631.7804021219683
4489,0,326,0,0,445175,445255,605.299889,607.302165,2.002275999999938,0.9653068972352882,33.7875,45.7125,1,0,0,0,80,80,80,80.0,80.0,80.0,80,80,1.9328108329682436,646.2645509410492
4489,0,327,0,0,445255,445335,607.302165,609.304441,2.0022760000000517,0.9677527956825653,33.7875,45.7125,1,0,0,0,80,80,80,80.0,80.0,80.0,80,80,1.9377081967286358,651.7582990556579
4489,0,328,0,0,445335,445416,609.304441,611.306719,2.0022780000000466,0.9632765511508699,33.7875,45.7125,1,0,0,0,81,80,80,81.0,80.0,81.0,81,80,1.9287474462835235,651.2582168909461
4489,0,329,0,0,445416,445496,611.306719,613.308998,2.0022789999999304,0.9614547547546237,33.7875,45.7125,1,0,0,0,80,80,80,80.0,80.0,80.0,80,80,1.9251006648955808,609.8051270577389
4489,0,330,0,0,445496,445576,613.308998,615.311272,2.0022740000000567,0.9608321918160141,33.7875,45.7125,1,0,0,0,80,80,80,80.0,80.0,80.0,80,80,1.9238493160373764,634.2788249759843
4489,0,331,0,0,445576,445656,615.311272,617.313549,2.0022769999999355,0.9604147163814254,33.7875,45.7125,1,0,0,0,80,80,80,80.0,80.0,80.0,80,80,1.923016297070717,648.7613851630128
4489,0,332,0,0,445656,445737,617.313549,619.315826,2.002277000000049,0.9634330576387057,33.7875,45.7125,1,0,0,0,81,80,80,81.0,80.0,81.0,81,80,1.9290598523512017,616.7977757323137
4489,0,333,0,0,445737,445817,619.315826,621.318101,2.0022749999999405,0.9628613839691309,33.7875,45.7125,1,0,0,0,80,80,80,80.0,80.0,80.0,80,80,1.9279132775882317,635.277371989381
4489,0,334,0,0,445817,445897,621.318101,623.320378,2.002277000000049,0.9641095824032783,33.7875,45.7125,1,0,0,0,80,80,80,80.0,80.0,80.0,80,80,1.930414442325855,614.3006187455431
4489,0,335,0,0,445897,445978,623.320378,625.322656,2.0022780000000466,0.9652540840904401,33.7875,45.7125,1,0,0,0,81,80,80,81.0,80.0,81.0,81,80,1.9327070169856597,655.7530972222486
4489,0,336,0,0,445978,446058,625.322656,627.324933,2.0022769999999355,0.9677524080587133,33.7875,45.7125,1,0,0,0,80,80,80,80.0,80.0,80.0,80,80,1.9377083883518935,613.8011873482238
4489,0,337,0,0,446058,446139,627.324933,629.327208,2.002275000000054,0.9670766578665198,33.7875,45.7125,1,0,0,0,81,80,80,81.0,80.0,81.0,81,80,1.936353415130725,640.2716909515253
4489,0,338,0,0,446139,446219,629.327208,631.329484,2.002275999999938,0.9638497662453949,33.7875,45.7125,1,0,0,0,80,80,80,80.0,80.0,80.0,80,80,1.9298932545571006,621.7924002485364
4489,0,339,0,0,446219,446300,631.329484,633.331762,2.0022780000000466,0.9614030988923298,33.7875,45.7125,1,0,0,0,81,80,80,81.0,80.0,81.0,81,80,1.9249962740432238,607.3082758737656
4489,0,340,0,0,446300,446423,633.331762,635.334038,2.002275999999938,1.4855026606272426,33.7875,45.7125,1,0,0,0,123,80,80,123.0,80.0,123.0,123,80,2.9743863253097516,1690.5761243705188
4489,0,341,0,0,446423,446581,635.334038,637.336315,2.002277000000049,1.912597302334072,33.7875,45.7125,1,0,0,0,158,80,80,158.0,80.0,158.0,158,80,3.829549588725058,2604.5347372016317
4489,0,342,0,0,446581,446736,637.336315,639.338592,2.0022769999999355,1.9702580284223612,33.7875,45.7125,1,0,0,0,155,80,80,155.0,80.0,155.0,155,80,3.945002334374294,2568.0762451949286
4489,0,343,0,0,446736,447025,639.338592,641.340264,2.0016720000000987,3.6308645039120506,33.7875,45.7125,1,0,0,1,289,80,80,289.0,79.0,289.0,289,79,7.267799813274905,4724.050693619901
4489,0,344,0,0,447025,447338,641.340264,643.343144,2.0028800000000047,5.092661166232586,33.7875,45.7125,1,0,0,1,313,80,80,313.0,81.0,313.0,313,81,10.199989196622482,6495.646269372089
4489,0,345,0,0,447338,447765,643.343144,645.345209,2.0020649999999023,7.130899175038082,33.7875,45.7125,1,0,0,1,427,80,80,427.0,79.0,427.0,427,79,14.276523656870268,8814.898617178194
4489,0,346,0,0,447765,448412,645.345209,647.345455,2.000246000000061,10.905371799318372,33.7875,45.7125,1,0,0,1,647,80,80,647.0,80.0,647.0,647,80,21.813426320099097,13090.889820551673
4489,0,347,0,0,448412,449137,647.345455,649.346487,2.0010320000000092,12.2735406598341,33.7875,45.7125,1,0,0,1,725,80,80,725.0,80.0,725.0,725,80,24.559747613628133,14466.535267801748
4489,0,348,0,0,449137,449944,649.346487,651.352255,2.005767999999989,14.096087913612786,33.7875,45.7125,1,0,0,1,807,80,80,807.0,81.0,807.0,807,81,28.273482062311814,16874.334419534156
4489,0,349,0,0,449944,450826,651.352255,653.35293,2.000675000000001,16.922455875737114,33.7875,45.7125,1,0,0,1,882,80,80,882.0,79.0,882.0,882,79,33.856334409189,20018.243842703076
4489,0,350,0,0,450826,451869,653.35293,655.356266,2.0033359999999902,18.379426210963704,33.7875,45.7125,1,0,0,1,1043,80,80,1043.0,80.0,1043.0,1043,80,36.820166187768336,21972.849287388744
4489,0,351,0,0,451869,452977,655.356266,657.357164,2.0008980000000065,20.540201822727365,33.7875,45.7125,1,0,0,1,1108,80,80,1108.0,80.0,1108.0,1108,80,41.098848746692966,24649.932180450898
4489,0,352,0,0,452977,454230,657.357164,659.359212,2.002047999999945,22.46765511303732,33.7875,45.7125,1,0,0,1,1253,80,80,1253.0,80.0,1253.0,1253,80,44.981323983745824,26482.88152931471
4489,0,353,0,0,454230,455000,659.359212,660.600312,1.241100000000074,22.890699433397813,33.7875,45.7125,1,0,0,1,770,50,50,770.0,50.0,770.0,770,50,28.409647066790058,26914.027878493278
4489,0,354,0,0,455000,456240,660.600312,662.60095,2.000637999999981,24.29084313945075,33.7875,45.7125,1,0,0,1,1240,80,80,1243.0,80.0,1240.0,1240,80,48.597183836824115,28283.477570655232
4489,0,355,0,0,456240,457642,662.60095,664.611886,2.010936000000015,26.59455758225144,33.7875,45.7125,1,0,0,1,1402,80,80,1402.0,80.0,1402.0,1402,80,53.479953246223886,30943.79930539785
4489,0,356,0,0,457642,459205,664.611886,666.612771,2.0008849999999256,29.640818892054195,33.7875,45.7125,1,0,0,1,1563,80,80,1563.0,80.0,1563.0,1563,80,59.30786990882552,33840.02578858981
4489,0,357,0,0,459205,460867,666.612771,668.613852,2.001080999999999,31.28344494805248,33.7875,45.7125,1,0,0,1,1662,80,80,1663.0,80.0,1662.0,1662,80,62.600707300094655,36024.52874221485
4489,0,358,0,0,460867,462572,668.613852,670.615028,2.0011760000001004,32.60254287890249,33.7875,45.7125,1,0,0,1,1705,80,80,1706.0,80.0,1705.0,1705,80,65.24342634823552,37630.37334047391
4489,0,359,0,0,462572,464402,670.615028,672.615059,2.0000309999999217,34.83915244958311,33.7875,45.7125,1,1,0,1,1830,80,80,1830.0,80.0,1830.0,1830,80,69.67938491288805,40285.875568930256
4489,0,360,0,0,464402,466353,672.615059,674.615516,2.000456999999983,35.967598868647876,33.7875,45.7125,1,1,1,1,1951,80,80,1952.0,80.0,1951.0,1951,80,71.95163492997744,41282.06704767996
4489,0,361,0,0,466353,468000,674.615516,676.168414,1.5528980000000274,38.57475180992236,33.7875,45.7125,1,1,1,1,1647,62,62,1648.0,62.0,1647.0,1647,62,59.902654936126055,45285.65301777628
4489,0,362,0,0,468000,469995,676.168414,678.168905,2.000491000000011,38.55737291398557,33.7875,45.7125,1,1,1,1,1995,80,80,1998.0,80.0,1995.0,1995,80,77.13367749807367,44695.52724806036
4489,0,363,0,0,469995,472037,678.168905,680.168932,2.0000270000000455,39.25100963689783,33.7875,45.7125,1,1,1,1,2042,80,80,2043.0,80.0,2042.0,2042,80,78.50307905105728,45443.386514281025
4489,0,364,0,0,472037,473977,680.168932,682.169082,2.0001499999999623,39.58295791408508,33.7875,45.7125,1,1,1,1,1940,80,80,1940.0,80.0,1940.0,1940,80,79.17185327185507,45011.12416568842
4489,0,365,0,0,473977,476000,682.169082,684.169265,2.0001829999999927,39.248171662825456,33.7875,45.7125,1,1,1,1,2023,80,80,2025.0,80.0,2023.0,2023,80,78.50352574106364,44146.96055310955
4489,0,366,0,0,476000,478080,684.169265,686.169446,2.0001809999999978,39.16871389863198,33.7875,45.7125,1,1,1,1,2080,80,80,2083.0,80.0,2080.0,2080,80,78.34451733448077,45323.89818721411
4489,0,367,0,0,478080,480116,686.169446,688.173924,2.004478000000063,39.810584588860884,33.7875,45.7125,1,1,1,1,2036,80,80,2037.0,80.0,2036.0,2036,80,79.79944097551197,45575.95543577786
4489,0,368,0,0,480116,481000,688.173924,688.974226,0.8003019999999879,39.84438817167253,33.7875,45.7125,1,1,1,1,884,32,32,884.0,32.0,884.0,884,32,31.887543542565254,46452.46419476718
4489,0,369,0,0,481000,483053,688.974226,690.97466,2.0004339999999274,39.388545429521514,33.7875,45.7125,1,1,1,1,2053,80,80,2055.0,80.0,2053.0,2053,80,78.7941854877572,44958.24406104039
4489,0,370,0,0,483053,485104,690.97466,692.975375,2.000715000000014,39.78619921615986,33.7875,45.7125,1,1,1,1,2051,80,80,2054.0,80.0,2051.0,2051,80,79.60084556476068,45756.14217917063
4489,0,371,0,0,485104,487163,692.975375,694.976652,2.001276999999959,40.377852606017576,33.7875,45.7125,1,1,1,1,2059,79,79,2067.0,79.0,2059.0,2059,79,80.80726772981143,45757.78365513713
4489,0,372,0,0,487163,489187,694.976652,696.976807,2.0001550000000634,39.816299724162015,33.7875,45.7125,1,1,1,1,2024,80,80,2024.0,80.0,2024.0,2024,80,79.63877097478326,46257.91501158514
4489,0,373,0,0,489187,491170,696.976807,698.977972,2.0011650000000145,39.885443525801136,33.7875,45.7125,1,1,1,1,1983,80,80,1984.0,80.0,1983.0,1983,80,79.81735359330924,44401.6360470023
4489,0,374,0,0,491170,493239,698.977972,700.978096,2.000124000000028,40.123709476828594,33.7875,45.7125,1,1,1,1,2069,80,80,2069.0,80.0,2069.0,2069,80,80.252394293635,46344.12666414618
4489,0,375,0,0,493239,494000,700.978096,701.694939,0.7168429999999262,39.94179604584163,33.7875,45.7125,1,1,1,1,761,29,29,761.0,29.0,761.0,761,29,28.631996902884566,46040.76485367563
4489,0,376,0,0,494000,496069,701.694939,703.696143,2.0012040000000297,40.23889039846197,33.7875,45.7125,1,1,1,1,2069,80,80,2071.0,80.0,2069.0,2069,80,80.52622842096389,45925.35293753092
4489,0,377,0,0,496069,498149,703.696143,705.698775,2.0026319999999487,40.50196877701796,33.7875,45.7125,1,1,1,1,2080,80,80,2080.0,80.0,2080.0,2080,80,81.11053873585479,46023.43316196004
4489,0,378,0,0,498149,500163,705.698775,707.698908,2.0001330000000053,40.50758261269373,33.7875,45.7125,1,1,1,1,2014,80,80,2018.0,80.0,2015.0,2014,80,81.02055273387668,46057.43718042738
4489,0,379,0,0,500163,502245,707.698908,709.699077,2.000169000000028,40.07410205717315,33.7875,45.7125,1,1,1,1,2082,80,80,2084.0,80.0,2081.0,2082,80,80.15497663759379,45902.621228505544
4489,0,380,0,0,502245,504328,709.699077,711.700329,2.0012520000000222,40.62286134793922,33.7875,45.7125,1,1,1,1,2083,79,79,2085.0,80.0,2083.0,2083,79,81.29658251828732,46624.81286714465
4489,0,381,0,0,504328,506348,711.700329,713.702183,2.0018539999999803,40.02866447658744,33.7875,45.7125,1,1,1,1,2020,80,80,2020.0,80.0,2020.0,2020,80,80.13154209711502,45350.46012346599
4489,0,382,0,0,506348,507000,713.702183,714.373921,0.6717380000000048,39.79175956824013,33.7875,45.7125,1,1,1,1,652,26,26,652.0,27.0,652.0,652,27,26.72963698884996,44898.45743429698
4489,0,383,0,0,507000,509172,714.373921,716.376191,2.002269999999953,40.39102055189128,33.7875,45.7125,1,1,1,1,2172,80,80,2187.0,80.0,2172.0,2172,80,80.87372872043488,45686.64565718017
4489,0,384,0,0,509172,511315,716.376191,718.376388,2.000197000000071,40.02874250193498,33.7875,45.7125,1,1,1,1,2143,80,80,2143.0,79.0,2143.0,2143,79,80.06537066614692,46824.887748555106
4489,0,385,0,0,511315,513378,718.376388,720.37685,2.0004619999999704,39.8858499102989,33.7875,45.7125,1,1,1,1,2063,80,80,2063.0,80.0,2063.0,2063,80,79.79012708325536,45621.461442407475
4489,0,386,0,0,513378,515477,720.37685,722.378782,2.0019320000000107,40.19023494659769,33.7875,45.7125,1,1,1,1,2099,80,80,2100.0,80.0,2099.0,2099,80,80.45811742711157,46564.51867495974
4489,0,387,0,0,515477,517564,722.378782,724.379057,2.000274999999988,40.04125402982185,33.7875,45.7125,1,1,1,1,2087,80,80,2088.0,80.0,2087.0,2087,80,80.09351940450142,46070.16535226435
4489,0,388,0,0,517564,519499,724.379057,726.380713,2.0016560000000254,39.622191542917854,33.7875,45.7125,1,1,1,1,1935,80,80,1935.0,80.0,1935.0,1935,80,79.30999743503344,45308.98416111402
4489,0,389,0,0,519499,520000,726.380713,726.872781,0.4920680000000175,39.49323169396662,33.7875,45.7125,1,1,1,1,501,20,20,501.0,20.0,501.0,501,20,19.43335553318684,44772.26724761459
4489,0,390,0,0,520000,522122,726.872781,728.872749,1.999967999999967,39.55002016887602,33.7875,45.7125,1,1,1,1,2122,80,80,2126.0,80.0,2122.0,2122,80,79.09877473710367,45531.72850765687
4489,0,391,0,0,522122,524217,728.872749,730.873228,2.000479000000041,39.52991368815082,33.7875,45.7125,1,1,1,1,2095,80,80,2097.0,80.0,2095.0,2095,80,79.0787622049611,45634.07064008076
4489,0,392,0,0,524217,526207,730.873228,732.874798,2.001570000000015,39.62143896628488,33.7875,45.7125,1,1,1,1,1990,80,80,1991.0,80.0,1990.0,1990,80,79.30508359174564,44211.29413410439
4489,0,393,0,0,526207,528254,732.874798,734.875425,2.000626999999895,39.71825339440674,33.7875,45.7125,1,1,1,1,2047,80,80,2047.0,80.0,2047.0,2047,80,79.46141013368833,44921.417135730306
4489,0,394,0,0,528254,530299,734.875425,736.875627,2.0002020000000584,40.133404662941466,33.7875,45.7125,1,1,1,1,2045,80,80,2046.0,80.0,2045.0,2045,80,80.27491627362542,45550.39940965829
4489,0,395,0,0,530299,532398,736.875627,738.876109,2.0004820000000336,39.974782374102375,33.7875,45.7125,1,1,1,1,2099,79,79,2099.0,79.0,2099.0,2099,79,79.96883259330934,46604.26837132173
4489,0,396,0,0,532398,533000,738.876109,739.425752,0.5496429999999464,40.12641673194312,33.7875,45.7125,1,1,1,1,602,22,22,604.0,22.0,602.0,602,22,22.055204071792105,46699.40306708628
4489,0,397,0,0,533000,535028,739.425752,741.427227,2.0014750000000276,39.9716000595226,33.7875,45.7125,1,1,1,1,2028,79,79,2034.0,80.0,2028.0,2028,79,80.00215822913378,45794.226757765515
4489,0,398,0,0,535028,537073,741.427227,743.427928,2.0007009999999354,39.91417977567606,33.7875,45.7125,1,1,1,1,2045,80,80,2046.0,80.0,2045.0,2045,80,79.85633939137188,46060.355845277714
4489,0,399,0,0,537073,539079,743.427928,745.428538,2.0006100000000515,39.56796312427307,33.7875,45.7125,1,1,1,1,2006,80,80,2006.0,80.0,2006.0,2006,80,79.1600627060543,45304.68207196688
4489,0,400,0,0,539079,541081,745.428538,747.430734,2.0021960000000263,39.68863186678826,33.7875,45.7125,1,1,1,1,2002,80,80,2003.0,80.0,2002.0,2002,80,79.46441996915746,44491.148718706274
4489,0,401,0,0,541081,543085,747.430734,749.430744,2.0000099999999748,39.24060917311384,33.7875,45.7125,1,1,1,1,2004,80,80,2004.0,80.0,2004.0,2004,80,78.48161075231837,44612.776936115886
4489,0,402,0,0,543085,545188,749.430744,751.431114,2.0003699999999753,39.71473678067741,33.7875,45.7125,1,1,1,1,2103,80,80,2104.0,80.0,2103.0,2103,80,79.44416801396437,45789.528937147195
4489,0,403,0,0,545188,546000,751.431114,752.241175,0.8100610000000188,39.680284948308085,33.7875,45.7125,1,1,1,1,812,32,32,812.0,32.0,812.0,812,32,32.143451305513736,45380.533070965204
4489,0,404,0,0,546000,548056,752.241175,754.24139,2.0002150000000256,39.75655743948185,33.7875,45.7125,1,1,1,1,2056,79,79,2060.0,80.0,2056.0,2056,79,79.52166253881296,45236.63706151531
4489,0,405,0,0,548056,550046,754.24139,756.24221,2.000819999999976,39.74485434296983,33.7875,45.7125,1,1,1,1,1990,80,80,1991.0,80.0,1990.0,1990,80,79.52229946649823,45205.46575903933
4489,0,406,0,0,550046,552113,756.24221,758.243109,2.000899000000004,39.79479606020868,33.7875,45.7125,1,1,1,1,2067,80,80,2067.0,80.0,2067.0,2067,80,79.6253676420747,45434.0773822166
4489,0,407,0,0,552113,554229,758.243109,760.243562,2.000452999999993,39.846077138562116,33.7875,45.7125,1,1,1,1,2116,80,80,2119.0,80.0,2116.0,2116,80,79.71020455006874,46169.542598601576
4489,0,408,0,0,554229,556386,760.243562,762.244364,2.0008020000000215,40.06877533439672,33.7875,45.7125,1,1,1,1,2157,80,80,2157.0,80.0,2157.0,2157,80,80.16968582661138,45927.08323962042
4489,0,409,0,0,556386,558477,762.244364,764.24459,2.000225999999998,40.18866570453286,33.7875,45.7125,1,1,1,1,2091,80,80,2093.0,80.0,2092.0,2091,80,80.38641404751615,46643.72925859383
4489,0,410,0,0,558477,559000,764.24459,764.770166,0.5255760000000009,39.81173880087745,33.7875,45.7125,1,1,1,1,523,21,21,522.0,21.0,522.0,523,21,20.92409443201177,45374.97907058153
4489,0,411,0,0,559000,561047,764.770166,766.770332,2.0001660000000356,39.877971011702186,33.7875,45.7125,1,1,1,1,2047,80,80,2054.0,80.0,2047.0,2047,80,79.76256176659444,46720.12222985409
4489,0,412,0,0,561047,563057,766.770332,768.774009,2.003676999999925,39.7366639517559,33.7875,45.7125,1,1,1,1,2010,80,80,2010.0,80.0,2010.0,2010,80,79.6194396168612,45960.50161777744
4489,0,413,0,0,563057,565212,768.774009,770.774403,2.0003940000000284,39.68936388605058,33.7875,45.7125,1,1,1,1,2155,80,80,2155.0,80.0,2155.0,2155,80,79.39436538147493,45966.944511930495
4489,0,414,0,1,565212,567283,770.774403,772.774859,2.0004559999999856,28.023391782869265,33.7875,45.7125,1,0,0,1,2071,80,80,2071.0,80.0,2071.0,2071,80,80.18024784662339,32198.962880597544
4489,0,415,1,1,567283,569282,772.774859,774.775522,2.0006630000000314,39.93910046416716,33.7875,45.7125,1,1,0,1,1999,80,80,2001.0,80.0,1999.0,1999,80,79.90468055194287,45308.480238800126
4489,0,416,1,1,569282,571387,774.775522,776.775929,2.0004069999999956,39.91595486045388,33.7875,45.7125,1,1,1,1,2105,80,80,2105.0,80.0,2105.0,2105,80,79.84815551453721,46343.56908369157
4489,0,417,1,1,571387,572000,776.775929,777.339588,0.5636590000000297,40.47660278372613,33.7875,45.7125,1,1,1,1,613,22,22,613.0,22.0,613.0,613,22,22.815001448474504,46772.96024723922
4489,0,418,1,1,572000,574227,777.339588,779.34012,2.0005319999999074,40.12478467682038,33.7875,45.7125,1,1,1,1,2227,80,80,2233.0,80.0,2227.0,2227,80,80.27091573908547,46369.165801898846
4489,0,419,1,1,574227,576240,779.34012,781.340532,2.0004120000000967,40.36381997378785,33.7875,45.7125,1,1,1,1,2013,80,80,2013.0,80.0,2013.0,2013,80,80.74426984140882,45361.65549896502
4489,0,420,1,1,576240,578318,781.340532,783.340714,2.0001819999999952,40.305196179320326,33.7875,45.7125,1,1,1,1,2078,80,80,2079.0,80.0,2078.0,2078,80,80.61772790434406,45948.318702998135
4489,0,421,1,1,578318,580445,783.340714,785.341136,2.0004219999999577,40.19417486207358,33.7875,45.7125,1,1,1,1,2127,80,80,2127.0,80.0,2127.0,2127,80,80.40531166593792,46765.13255703145
4489,0,422,1,1,580445,582588,785.341136,787.341504,2.0003679999999804,39.59950106035795,33.7875,45.7125,1,1,1,1,2143,80,80,2143.0,80.0,2143.0,2143,80,79.21357473710668,46364.468937715916
4489,0,423,1,1,582588,584586,787.341504,789.341494,1.9999900000000252,39.391359904074214,33.7875,45.7125,1,1,1,1,1998,80,80,1998.0,80.0,1998.0,1998,80,78.78232589455001,44895.22447612182
4489,0,424,1,1,584586,585000,789.341494,789.744498,0.4030040000000099,39.609308180175674,33.7875,45.7125,1,1,1,1,414,16,16,414.0,16.0,414.0,414,16,15.962709633844497,45932.54657521897
4489,0,425,1,1,585000,587120,789.744498,791.744815,2.0003169999999955,39.684685436512304,33.7875,45.7125,1,1,1,1,2120,80,80,2122.0,80.0,2120.0,2120,80,79.38195091830858,45902.72441817982
4489,0,426,1,1,587120,589236,791.744815,793.745114,2.000298999999927,39.555905182475705,33.7875,45.7125,1,1,1,1,2116,80,80,2117.0,80.0,2116.0,2116,80,79.12363758059655,46299.578213058834
4489,0,427,1,1,589236,591200,793.745114,795.745728,2.0006140000000414,39.67449957570665,33.7875,45.7125,1,1,1,1,1964,80,80,1967.0,80.0,1965.0,1964,80,79.37335929415349,44748.26228347805
4489,0,428,1,1,591200,593246,795.745728,797.746318,2.0005899999999883,39.73138047283264,33.7875,45.7125,1,1,1,1,2046,80,80,2045.0,80.0,2045.0,2046,80,79.48620246014252,45381.112571791586
4489,0,429,1,1,593246,595261,797.746318,799.746863,2.0005449999999882,39.67304875113958,33.7875,45.7125,1,1,1,1,2015,80,80,2016.0,80.0,2015.0,2015,80,79.36771931384646,45235.173415244615
4489,0,430,1,1,595261,597420,799.746863,801.747092,2.0002289999999903,39.74231941851451,33.7875,45.7125,1,1,1,1,2159,79,79,2159.0,79.0,2159.0,2159,79,79.49373982817633,46841.13668984924
4489,0,431,1,1,597420,598000,801.747092,802.336176,0.5890840000000708,39.90691675805635,33.7875,45.7125,1,1,1,1,580,24,24,581.0,24.0,580.0,580,24,23.508526151505066,46149.615334989125
4489,0,432,1,1,598000,600033,802.336176,804.336381,2.000204999999937,39.662672983595705,33.7875,45.7125,1,1,1,1,2033,80,80,2036.0,80.0,2034.0,2033,80,79.33347681515079,46017.78317722578
4489,0,433,1,1,600033,602122,804.336381,806.337153,2.0007719999999836,39.75007377422224,33.7875,45.7125,1,1,1,1,2089,80,80,2088.0,80.0,2088.0,2089,80,79.5308346053971,46094.70744292741
4489,0,434,1,1,602122,604103,806.337153,808.337312,2.0001590000000533,39.04906254758311,33.7875,45.7125,1,1,1,1,1981,80,80,1981.0,80.0,1981.0,1981,80,78.10433389611353,44942.42707704617
4489,0,435,1,1,604103,606167,808.337312,810.338681,2.001368999999954,39.237626453998125,33.7875,45.7125,1,1,1,1,2064,80,80,2064.0,80.0,2064.0,2064,80,78.52896921860884,46060.47160718594
4489,0,436,1,1,606167,608188,810.338681,812.340087,2.001406000000088,39.28652066287443,33.7875,45.7125,1,1,1,1,2021,80,80,2024.0,80.0,2021.0,2021,80,78.62827817380457,46600.24003125597
4489,0,437,1,1,608188,610291,812.340087,814.343746,2.0036589999999705,39.28811660246131,33.7875,45.7125,1,1,1,1,2103,80,80,2104.0,80.0,2103.0,2103,80,78.71998842357061,45364.50563693789
4489,0,438,1,1,610291,611000,814.343746,815.102152,0.7584060000000363,39.1095341399749,33.7875,45.7125,1,1,1,1,709,30,30,710.0,30.0,709.0,709,30,29.660905348962842,45748.58321268336
4489,0,439,1,1,611000,613085,815.102152,817.103488,2.001335999999924,39.46798033568305,33.7875,45.7125,1,1,1,1,2085,80,80,2092.0,80.0,2085.0,2085,80,78.98868989309267,44794.07755619417
4489,0,440,1,1,613085,615139,817.103488,819.105182,2.001694000000043,39.53612399321343,33.7875,45.7125,1,1,1,1,2054,80,80,2054.0,80.0,2054.0,2054,80,79.13922218047446,45049.84278316169
4489,0,441,1,1,615139,617085,819.105182,821.106205,2.001023000000032,39.684446705967744,33.7875,45.7125,1,1,1,1,1946,80,80,1946.0,80.0,1946.0,1946,80,79.40949060091589,44377.80075491315
4489,0,442,1,1,617085,619039,821.106205,823.115688,2.009482999999932,39.36054501099892,33.7875,45.7125,1,1,1,1,1954,80,80,1954.0,80.0,1954.0,1954,80,79.09434607033472,45076.270861710735
4489,0,443,1,1,619039,621149,823.115688,825.117462,2.0017740000000686,39.44455120480553,33.7875,45.7125,1,1,1,1,2110,80,80,2110.0,80.0,2110.0,2110,80,78.95907704345154,46258.46873822761
4489,0,444,1,1,621149,623102,825.117462,827.119981,2.0025190000000066,39.47011818956827,33.7875,45.7125,1,1,1,1,1953,80,80,1953.0,80.0,1953.0,1953,80,79.03966160685741,45474.72458438582
4489,0,445,1,1,623102,624000,827.119981,827.982255,0.8622739999999567,39.468049345920576,33.7875,45.7125,1,1,1,1,898,35,35,900.0,35.0,898.0,898,35,34.032272781703796,45910.000765420256
4489,0,446,1,1,624000,626008,827.982255,829.986463,2.0042079999999487,39.19952578740773,33.7875,45.7125,1,1,1,1,2008,80,80,2012.0,80.0,2008.0,2008,80,78.56400317932639,44093.22784860766
4489,0,447,1,1,626008,628050,829.986463,831.989034,2.002570999999989,39.35410593446864,33.7875,45.7125,1,1,1,1,2042,80,80,2042.0,80.0,2042.0,2042,80,78.80939127529564,45891.50646843508
4489,0,448,1,1,628050,630073,831.989034,833.989429,2.000395000000026,40.01422527246087,33.7875,45.7125,1,1,1,1,2023,80,80,2023.0,80.0,2023.0,2023,80,80.04425616390654,44707.170333858485
4489,0,449,1,1,630073,632194,833.989429,835.989906,2.0004770000000462,40.39517335785324,33.7875,45.7125,1,1,1,1,2121,80,80,2122.0,80.0,2121.0,2121,80,80.8096152133985,46593.387477085635
4489,0,450,1,1,632194,634241,835.989906,837.989999,2.0000929999999926,39.78882247928388,33.7875,45.7125,1,1,1,1,2047,80,80,2047.0,80.0,2047.0,2047,80,79.58134531905671,45463.88592930446
4489,0,451,1,1,634241,636344,837.989999,839.9908,2.000801000000024,39.824441737518995,33.7875,45.7125,1,1,1,1,2103,79,79,2104.0,79.0,2103.0,2103,79,79.68078285286902,44573.14845404362
4489,0,452,1,1,636344,637000,839.9908,840.628968,0.6381679999999506,39.23139159152744,33.7875,45.7125,1,1,1,1,656,26,26,660.0,26.0,656.0,656,26,25.036218709181412,45895.438191827656
4489,0,453,1,1,637000,639028,840.628968,842.629606,2.000637999999981,39.49038127432364,33.7875,45.7125,1,1,1,1,2028,80,80,2029.0,80.0,2028.0,2028,80,79.00595741190045,45074.121355288094
4489,0,454,1,1,639028,641127,842.629606,844.629662,2.000056000000086,39.74282296129716,33.7875,45.7125,1,1,1,1,2099,80,80,2099.0,80.0,2099.0,2099,80,79.48787152068326,46122.20857815783
4489,0,455,1,1,641127,643184,844.629662,846.630735,2.0010729999999057,39.727929127794106,33.7875,45.7125,1,1,1,1,2057,80,80,2057.0,80.0,2057.0,2057,80,79.49848632353678,45662.50206764286
4489,0,456,1,1,643184,645242,846.630735,848.630895,2.000160000000051,39.60057761597582,33.7875,45.7125,1,1,1,1,2058,80,80,2059.0,80.0,2059.0,2058,80,79.2074913243705,44951.90384769104
4489,0,457,1,1,645242,647338,848.630895,850.631196,2.000301000000036,39.46621587994023,33.7875,45.7125,1,1,1,1,2096,80,80,2095.0,80.0,2095.0,2096,80,78.94431109086145,44461.80849782028
4489,0,458,1,1,647338,649412,850.631196,852.631735,2.0005390000000034,39.49211769646475,33.7875,45.7125,1,1,1,1,2074,80,80,2074.0,80.0,2074.0,2074,80,79.00552164436886,45037.36243082482
4489,0,459,1,1,649412,650000,852.631735,853.177067,0.5453319999999167,39.2945167691974,33.7875,45.7125,1,1,1,1,588,21,21,589.0,21.0,588.0,588,21,21.428557418777928,46683.48822369472
4489,0,460,1,1,650000,652018,853.177067,855.179057,2.001989999999978,39.43573589365631,33.7875,45.7125,1,1,1,1,2018,80,80,2021.0,80.0,2018.0,2018,80,78.94994890173984,45539.1885074356
4489,0,461,1,1,652018,654047,855.179057,857.179021,1.999964000000091,39.46074643993825,33.7875,45.7125,1,1,1,1,2029,80,80,2029.0,80.0,2029.0,2029,80,78.92007229300725,45795.324315835605
4489,0,462,1,1,654047,656234,857.179021,859.179857,2.0008359999999357,40.08684573057926,33.7875,45.7125,1,1,1,1,2187,80,80,2188.0,80.0,2187.0,2187,80,80.20720406418695,45281.07251169157
4489,0,463,1,1,656234,658308,859.179857,861.181144,2.0012870000000476,40.407277420625846,33.7875,45.7125,1,1,1,1,2074,80,80,2074.0,80.0,2074.0,2074,80,80.86655900729238,45723.07719982083
4489,0,464,1,1,658308,660296,861.181144,863.182035,2.000891000000024,40.012113050493916,33.7875,45.7125,1,1,1,1,1988,80,80,1988.0,80.0,1988.0,1988,80,80.05987689371614,45322.808688728626
4489,0,465,1,1,660296,662417,863.182035,865.183868,2.0018329999999196,40.001755130353466,33.7875,45.7125,1,1,1,1,2121,80,80,2122.0,80.0,2121.0,2121,80,80.0768334778586,46414.461146361224
4489,0,466,1,1,662417,663000,865.183868,865.778351,0.594483000000082,39.741136858931554,33.7875,45.7125,1,1,1,1,583,24,24,583.0,24.0,583.0,583,24,23.62543026330968,43799.40216961024
4489,0,467,1,1,663000,665063,865.778351,867.778467,2.0001159999999345,40.05567475586077,33.7875,45.7125,1,1,1,1,2063,80,80,2065.0,80.0,2063.0,2063,80,80.11599596999076,45901.337722413606
4489,0,468,1,1,665063,667110,867.778467,869.780738,2.0022710000000643,39.804868070637326,33.7875,45.7125,1,1,1,1,2047,80,80,2048.0,80.0,2047.0,2047,80,79.70013299666607,45111.27614593484
4489,0,469,1,1,667110,669124,869.780738,871.781191,2.000452999999993,40.07687825379442,33.7875,45.7125,1,1,1,1,2014,80,80,2016.0,80.0,2014.0,2014,80,80.17191133343658,45515.190809281856
4489,0,470,1,1,669124,671145,871.781191,873.781179,1.9999879999999166,39.5279009129526,33.7875,45.7125,1,1,1,1,2021,80,80,2023.0,80.0,2021.0,2021,80,79.05532749109261,45031.77019062302
4489,0,471,1,1,671145,673293,873.781179,875.781956,2.0007770000000846,39.90584850569589,33.7875,45.7125,1,1,1,1,2148,79,79,2148.0,79.0,2148.0,2148,79,79.8427038556838,45656.2625420005
4489,0,472,1,1,673293,675236,875.781956,877.782662,2.000705999999923,39.42691268088175,33.7875,45.7125,1,1,1,1,1943,80,80,1943.0,80.0,1943.0,1943,80,78.881660762112,44256.37749874465
4489,0,473,1,1,675236,676000,877.782662,878.451325,0.6686630000000378,39.978389005617764,33.7875,45.7125,1,1,1,1,764,26,26,768.0,27.0,764.0,764,26,26.732069527664862,46500.25498644047
4489,0,474,1,1,676000,678091,878.451325,880.451328,2.0000029999999924,39.864377294035435,33.7875,45.7125,1,1,1,1,2091,80,80,2091.0,80.0,2091.0,2091,80,79.72887418120081,46008.93098660369
4489,0,475,1,1,678091,680167,880.451328,882.452141,2.0008129999999937,39.632607439636715,33.7875,45.7125,1,1,1,1,2076,80,80,2079.0,80.0,2076.0,2076,80,79.29743618912107,44613.3646672629
4489,0,476,1,1,680167,682219,882.452141,884.45237,2.0002289999999903,39.53368435130598,33.7875,45.7125,1,1,1,1,2052,80,80,2053.0,80.0,2052.0,2052,80,79.0764219163284,44921.856447436985
4489,0,477,1,1,682219,684262,884.45237,886.453808,2.0014380000000074,39.880810144833006,33.7875,45.7125,1,1,1,1,2043,80,80,2043.0,80.0,2043.0,2043,80,79.81896889465497,45751.1049555368
4489,0,478,1,1,684262,686360,886.453808,888.453944,2.0001359999999977,39.71852713348622,33.7875,45.7125,1,1,1,1,2098,80,80,2100.0,80.0,2098.0,2098,80,79.44245598666384,45266.9218493143
4489,0,479,1,1,686360,688407,888.453944,890.45487,2.0009260000000495,39.953039874974124,33.7875,45.7125,1,1,1,1,2047,80,80,2048.0,80.0,2047.0,2047,80,79.94307626487353,44764.77390967871
4489,0,480,1,1,688407,689000,890.45487,891.05743,0.6025599999999258,39.5158676943205,33.7875,45.7125,1,1,1,1,593,24,24,594.0,24.0,593.0,593,24,23.810681237886456,45539.03345725468
4489,0,481,1,1,689000,691039,891.05743,893.057644,2.000214000000028,39.54955550328113,33.7875,45.7125,1,1,1,1,2039,80,80,2043.0,80.0,2039.0,2039,80,79.10757461144021,44523.2360137459
4489,0,482,1,1,691039,693126,893.057644,895.05805,2.000405999999998,39.66303033846642,33.7875,45.7125,1,1,1,1,2087,80,80,2087.0,80.0,2087.0,2087,80,79.34216386725166,45083.847978860336
4489,0,483,1,1,693126,695283,895.05805,897.058303,2.0002530000000434,39.919742549513586,33.7875,45.7125,1,1,1,1,2157,80,80,2158.0,80.0,2157.0,2157,80,79.84958479389388,45993.181862493395
4489,0,484,1,1,695283,697382,897.058303,899.05869,2.0003869999999324,39.75013432030347,33.7875,45.7125,1,1,1,1,2099,79,79,2100.0,79.0,2099.0,2099,79,79.51565194258728,44681.85406124066
4489,0,485,1,1,697382,699452,899.05869,901.061184,2.0024940000000697,39.84895306044003,33.7875,45.7125,1,1,1,1,2070,80,80,2072.0,81.0,2070.0,2070,81,79.79728940981659,45839.338345082084
4489,0,486,1,1,699452,701449,901.061184,903.061324,2.0001399999999876,39.57268356745947,33.7875,45.7125,1,1,1,1,1997,80,80,1997.0,79.0,1997.0,1997,79,79.15090731061719,44550.381473297144
4489,0,487,1,1,701449,702000,903.061324,903.634742,0.5734179999999469,39.52005420299542,33.7875,45.7125,1,1,1,1,551,23,23,551.0,23.0,551.0,551,23,22.66151044097205,44934.06206293208
4489,0,488,1,1,702000,704011,903.634742,905.63554,2.0007980000000316,39.57092931538468,33.7875,45.7125,1,1,1,1,2011,80,80,2017.0,80.0,2011.0,2011,80,79.17343623236593,44533.23124073424
4489,0,489,1,1,704011,706051,905.63554,907.636685,2.001145000000065,39.88115395448949,33.7875,45.7125,1,1,1,1,2040,80,80,2041.0,80.0,2040.0,2040,80,79.80797183025788,45637.87231809641
4489,0,490,1,1,706051,708119,907.636685,909.638372,2.001686999999947,39.91262433350037,33.7875,45.7125,1,1,1,1,2068,80,80,2068.0,80.0,2068.0,2068,80,79.89258126424829,45074.9792549996
4489,0,491,1,1,708119,710164,909.638372,911.639465,2.001092999999969,39.8415177446055,33.7875,45.7125,1,1,1,1,2045,80,80,2046.0,80.0,2045.0,2045,80,79.72658226810381,45720.01401234297
4489,0,492,1,1,710164,712183,911.639465,913.639869,2.000404000000003,39.4366385169522,33.7875,45.7125,1,1,1,1,2019,80,80,2019.0,80.0,2019.0,2019,80,78.88920943586709,45455.31802575872
4489,0,493,1,1,712183,714336,913.639869,915.641019,2.0011500000000524,39.836795564441665,33.7875,45.7125,1,1,1,1,2153,80,80,2155.0,80.0,2153.0,2153,80,79.71940344378527,45861.629563000075
4489,0,494,1,1,714336,715000,915.641019,916.308528,0.6675089999999955,39.62757186507441,33.7875,45.7125,1,1,1,1,664,27,27,664.0,27.0,664.0,664,27,26.45176086808351,43087.05950032164
4489,0,495,1,1,715000,717006,916.308528,918.308539,2.0000109999999722,39.903032603186816,33.7875,45.7125,1,1,1,1,2006,80,80,2008.0,80.0,2006.0,2006,80,79.80650413973126,45920.24743863972
4489,0,496,1,1,717006,719076,918.308539,920.310049,2.001510000000053,39.92936030858335,33.7875,45.7125,1,1,1,1,2070,80,80,2070.0,80.0,2070.0,2070,80,79.91901395123568,45218.36013809454
4489,0,497,1,1,719076,721210,920.310049,922.310347,2.0002979999999297,39.7834099827611,33.7875,45.7125,1,1,1,1,2134,79,79,2135.0,80.0,2134.0,2134,80,79.57867542169333,45302.24996475684
4489,0,498,1,1,721210,723257,922.310347,924.3107,2.0003530000000183,39.84206911305272,33.7875,45.7125,1,1,1,1,2047,80,80,2047.0,79.0,2047.0,2047,79,79.69820247650205,44115.71357655334
4489,0,499,1,1,723257,725374,924.3107,926.310823,2.0001230000000305,39.9213348867212,33.7875,45.7125,1,1,1,1,2117,80,80,2117.0,80.0,2117.0,2117,80,79.84758009763391,45772.18501062115
4489,0,500,1,1,725374,727469,926.310823,928.313199,2.0023760000000266,40.1972893559953,33.7875,45.7125,1,1,1,1,2095,80,80,2095.0,80.0,2095.0,2095,80,80.49008747150219,45322.65668385897
4489,0,501,1,1,727469,728000,928.313199,928.835983,0.5227840000000015,40.567468241733856,33.7875,45.7125,1,1,1,1,531,21,21,533.0,21.0,531.0,531,21,21.20802331728555,45867.89190181783
4489,0,502,1,1,728000,730088,928.835983,930.836046,2.0000629999999546,40.101587475050145,33.7875,45.7125,1,1,1,1,2088,80,80,2091.0,80.0,2088.0,2088,80,80.20570135011076,46737.027783625876
4489,0,503,1,1,730088,732203,930.836046,932.837891,2.001845000000003,39.728818173726914,33.7875,45.7125,1,1,1,1,2115,80,80,2115.0,80.0,2115.0,2115,80,79.53093601698492,45556.97369176927
4489,0,504,1,1,732203,734297,932.837891,934.839309,2.001417999999944,40.02042242068198,33.7875,45.7125,1,1,1,1,2094,80,80,2094.0,80.0,2094.0,2094,80,80.09759380035393,45947.423276897964
4489,0,505,1,1,734297,736378,934.839309,936.840062,2.0007530000000315,40.21052421408374,33.7875,45.7125,1,1,1,1,2081,80,80,2082.0,80.0,2081.0,2081,80,80.45132695290158,47359.16927276806
4489,0,506,1,1,736378,738523,936.840062,938.840219,2.0001570000000584,40.405043725739795,33.7875,45.7125,1,1,1,1,2145,80,80,2148.0,80.0,2145.0,2145,80,80.8164310433458,47023.80863102109
4489,0,507,1,1,738523,740581,938.840219,940.841163,2.000944000000004,40.191810751977066,33.7875,45.7125,1,1,1,1,2058,80,80,2058.0,80.0,2058.0,2058,80,80.42156257330498,45272.631318017804
4489,0,508,1,1,740581,741000,940.841163,941.227638,0.38647499999990487,39.901511076211214,33.7875,45.7125,1,1,1,1,419,15,15,419.0,15.0,419.0,419,15,15.42093649317394,45625.202147627504
4489,0,509,1,1,741000,743072,941.227638,943.228263,2.0006250000000136,39.89079292553289,33.7875,45.7125,1,1,1,1,2072,80,80,2073.0,80.0,2072.0,2072,80,79.80651759664397,45676.726023117466
4489,0,510,1,1,743072,745218,943.228263,945.229459,2.00119600000005,40.54464038632337,33.7875,45.7125,1,1,1,1,2146,80,80,2146.0,80.0,2146.0,2146,80,81.13777216255039,47757.94075142945
4489,0,511,1,1,745218,747246,945.229459,947.229686,2.0002269999999953,40.84320307174581,33.7875,45.7125,1,1,1,1,2028,80,80,2029.0,80.0,2028.0,2028,80,81.69567755058961,46862.68108569688
4489,0,512,1,1,747246,749305,947.229686,949.230062,2.00037599999996,40.10503144633646,33.7875,45.7125,1,1,1,1,2059,80,80,2059.0,80.0,2059.0,2059,80,80.22514238449367,45914.86800481601
4489,0,513,1,1,749305,751447,949.230062,951.231569,2.0015070000000605,40.25646322120106,33.7875,45.7125,1,1,1,1,2142,80,80,2143.0,80.0,2142.0,2142,80,80.5735929324801,45618.1267414989
4489,0,514,1,1,751447,753516,951.231569,953.231675,2.0001059999999597,40.46238581208981,33.7875,45.7125,1,1,1,1,2069,80,80,2070.0,80.0,2069.0,2069,80,80.92906063707414,46075.55799542717
4489,0,515,1,1,753516,754000,953.231675,953.722507,0.49083199999995486,40.28320724418598,33.7875,45.7125,1,1,1,1,484,20,20,484.0,20.0,484.0,484,20,19.772287178075203,45630.684225971534
4489,0,516,1,1,754000,756112,953.722507,955.723016,2.000509000000079,40.29895179688489,33.7875,45.7125,1,1,1,1,2112,79,79,2114.0,79.0,2112.0,2112,79,80.61841576023653,46681.61952782832
4489,0,517,1,1,756112,758226,955.723016,957.724341,2.0013249999999516,40.151915385806745,33.7875,45.7125,1,1,1,1,2114,80,80,2114.0,80.0,2114.0,2114,80,80.35703205949903,46564.15124979814
4489,0,518,1,1,758226,760311,957.724341,959.724888,2.000546999999983,40.02838775397609,33.7875,45.7125,1,1,1,1,2085,80,80,2085.0,80.0,2085.0,2085,80,80.07867103605167,46094.8930467521
4489,0,519,1,1,760311,762377,959.724888,961.724945,2.0000570000000835,39.955884536595086,33.7875,45.7125,1,1,1,1,2066,80,80,2066.0,80.0,2066.0,2066,80,79.91404655861334,45388.20643611468
4489,0,520,1,1,762377,764524,961.724945,963.724939,1.9999939999999015,40.21685447186371,33.7875,45.7125,1,1,1,1,2147,80,80,2148.0,80.0,2147.0,2147,80,80.43346764259695,45385.1361554107
4489,0,521,1,1,764524,766621,963.724939,965.725721,2.000782000000072,39.769197461567494,33.7875,45.7125,1,1,1,1,2097,80,80,2097.0,80.0,2097.0,2097,80,79.56949443555277,45841.07613922791
4489,0,522,1,1,766621,767000,965.725721,966.086684,0.3609629999999697,39.41756028302783,33.7875,45.7125,1,1,1,1,379,15,15,379.0,15.0,379.0,379,15,14.228280812440062,44572.43540197014
4489,0,523,1,1,767000,769017,966.086684,968.087398,2.0007140000000163,39.498210957277074,33.7875,45.7125,1,1,1,1,2017,79,79,2026.0,80.0,2017.0,2017,80,79.02462363717859,44837.493014993284
4489,0,524,1,1,769017,771034,968.087398,970.08749,2.000091999999995,39.48886649578201,33.7875,45.7125,1,1,1,1,2017,80,80,2017.0,79.0,2017.0,2017,79,78.98136596728,44314.96151177057
4489,0,525,1,1,771034,773062,970.08749,972.087857,2.000366999999983,39.61473105701601,33.7875,45.7125,1,1,1,1,2028,80,80,2028.0,80.0,2028.0,2028,80,79.2440007203295,44579.31969483638
4489,0,526,1,1,773062,775113,972.087857,974.087893,2.000036000000023,39.49366580485595,33.7875,45.7125,1,1,1,1,2051,80,80,2052.0,80.0,2051.0,2051,80,78.98875338168,46240.167676981284
4489,0,527,1,1,775113,777134,974.087893,976.088869,2.000976000000037,39.4094331369223,33.7875,45.7125,1,1,1,1,2021,80,80,2021.0,80.0,2021.0,2021,80,78.8573298805859,44391.33702752974
4489,0,528,1,1,777134,779116,976.088869,978.089785,2.000915999999961,39.514760660166495,33.7875,45.7125,1,1,1,1,1982,80,80,1982.0,80.0,1982.0,1982,80,79.0657168410944,44390.16930246034
4489,0,529,1,1,779116,780000,978.089785,978.904234,0.8144489999999678,39.68208476090462,33.7875,45.7125,1,1,1,1,884,33,33,884.0,33.0,884.0,884,33,32.31903425143173,44252.003501755695
4489,0,530,1,1,780000,782043,978.904234,980.90522,2.0009860000000117,39.36789043453779,33.7875,45.7125,1,1,1,1,2043,80,80,2046.0,80.0,2043.0,2043,80,78.77459760904458,45604.01721951051
4489,0,531,1,1,782043,784103,980.90522,982.905544,2.000323999999978,39.428623287004186,33.7875,45.7125,1,1,1,1,2060,79,79,2061.0,80.0,2060.0,2060,79,78.87002144795406,44984.21255756617
4489,0,532,1,1,784103,786126,982.905544,984.905526,1.9999820000000454,39.44611759180017,33.7875,45.7125,1,1,1,1,2023,79,79,2024.0,79.0,2023.0,2023,79,78.89152515348542,44900.40410363591
4489,0,533,1,1,786126,788197,984.905526,986.907965,2.002438999999981,39.241427423791805,33.7875,45.7125,1,1,1,1,2071,80,80,2073.0,80.0,2071.0,2071,80,78.57856468906903,45316.23684916287
4489,0,534,1,1,788197,790221,986.907965,988.909629,2.001664000000005,39.15378750071136,33.7875,45.7125,1,1,1,1,2024,80,80,2024.0,80.0,2024.0,2024,80,78.37272690382451,45201.892025834386
4489,0,535,1,1,790221,792352,988.909629,990.909876,2.0002470000000585,39.43867700667497,33.7875,45.7125,1,1,1,1,2131,79,79,2138.0,80.0,2131.0,2131,79,78.88709536657188,46404.269072768155
4489,0,536,1,1,792352,793000,990.909876,991.569938,0.6600619999999253,39.36574732117226,33.7875,45.7125,1,1,1,1,648,27,27,648.0,27.0,648.0,648,27,25.983833908303495,43239.87746606111
4489,0,537,1,1,793000,795125,991.569938,993.570013,2.000075000000038,39.717596654780316,33.7875,45.7125,1,1,1,1,2125,80,80,2128.0,80.0,2125.0,2125,80,79.43817212931026,45862.28016449296
4489,0,538,1,1,795125,797146,993.570013,995.571429,2.0014159999999492,39.393210160713515,33.7875,45.7125,1,1,1,1,2021,80,80,2025.0,80.0,2021.0,2021,80,78.84220110701426,45832.550554208785
4489,0,539,1,1,797146,799165,995.571429,997.571625,2.0001960000000736,39.6086202018375,33.7875,45.7125,1,1,1,1,2019,80,80,2020.0,80.0,2020.0,2019,80,79.22500369323825,45168.07352879252
4489,0,540,1,1,799165,801148,997.571625,999.572793,2.001168000000007,39.21639886053536,33.7875,45.7125,1,1,1,1,1983,79,79,1984.0,79.0,1982.0,1983,79,78.478602474941,44484.02133154222
4489,0,541,1,1,801148,803258,999.572793,1001.573094,2.000300999999922,39.74381294705641,33.7875,45.7125,1,1,1,1,2110,80,80,2110.0,80.0,2110.0,2110,80,79.49958878180769,45811.10542863477
4489,0,542,1,1,803258,805299,1001.573094,1003.573975,2.0008810000000494,39.83764689837835,33.7875,45.7125,1,1,1,1,2041,80,80,2042.0,80.0,2042.0,2041,80,79.71039076367742,46496.0185038479
4489,0,543,1,1,805299,806000,1003.573975,1004.228993,0.6550179999999273,39.33414040593295,33.7875,45.7125,1,1,1,1,701,27,27,700.0,27.0,700.0,701,27,25.76456998040885,45542.25990736638
4489,0,544,1,1,806000,808072,1004.228993,1006.229498,2.0005050000000892,39.806033622491675,33.7875,45.7125,1,1,1,1,2072,79,79,2077.0,79.0,2072.0,2072,79,79.63216929196642,45780.94031256904
4489,0,545,1,1,808072,810067,1006.229498,1008.230151,2.000652999999943,39.413577276492056,33.7875,45.7125,1,1,1,1,1995,80,80,1995.0,80.0,1995.0,1995,80,78.85289161894252,44932.829431191996
4489,0,546,1,1,810067,812243,1008.230151,1010.231532,2.0013810000000376,39.88980211950903,33.7875,45.7125,1,1,1,1,2176,80,80,2177.0,80.0,2176.0,2176,80,79.83469205574511,45992.7420116401
4489,0,547,1,1,812243,814316,1010.231532,1012.231652,2.000120000000038,39.80485463255166,33.7875,45.7125,1,1,1,1,2073,80,79,2075.0,80.0,2073.0,2073,79,79.61448584766185,45714.25714457045
4489,0,548,1,1,814316,816376,1012.231652,1014.232056,2.0004039999998895,39.94539268307159,33.7875,45.7125,1,1,1,1,2060,80,80,2060.0,80.0,2060.0,2060,80,79.90692330478123,45832.24188714133
4489,0,549,1,1,816376,818451,1014.232056,1016.233093,2.0010370000001103,39.58882544173996,33.7875,45.7125,1,1,1,1,2075,80,80,2077.0,80.0,2075.0,2075,80,79.21870449546623,46411.935411486586
4489,0,550,1,1,818451,819000,1016.233093,1016.789257,0.556163999999967,39.44029088201852,33.7875,45.7125,1,1,1,1,549,22,22,551.0,22.0,549.0,549,22,21.935269938105193,44578.57754187878
4489,0,551,1,1,819000,821039,1016.789257,1018.789972,2.000715000000014,40.07228012447959,33.7875,45.7125,1,1,1,1,2039,80,80,2044.0,80.0,2039.0,2039,80,80.1732119292501,44892.95077009938
4489,0,552,1,1,821039,823082,1018.789972,1020.793083,2.00311099999999,39.483218693845004,33.7875,45.7125,1,1,1,1,2043,80,80,2043.0,80.0,2043.0,2043,80,79.08926968104788,45792.27012382263
4489,0,553,1,1,823082,825063,1020.793083,1022.793129,2.0000459999999975,39.550360769648584,33.7875,45.7125,1,1,1,1,1981,80,80,1983.0,80.0,1981.0,1981,80,79.10254085589258,45460.9543980489
4489,0,554,1,1,825063,827178,1022.793129,1024.793101,1.999971999999957,39.55806910462196,33.7875,45.7125,1,1,1,1,2115,80,80,2115.0,80.0,2115.0,2115,80,79.11503058330709,45792.14108997624
4489,0,555,1,1,827178,829177,1024.793101,1026.793903,2.0008020000000215,39.5351766576797,33.7875,45.7125,1,1,1,1,1999,80,79,2000.0,80.0,1999.0,1999,79,79.1020605270387,44485.16145025797
4489,0,556,1,1,829177,831199,1026.793903,1028.794517,2.0006140000000414,39.69121841926426,33.7875,45.7125,1,1,1,1,2022,80,80,2023.0,80.0,2022.0,2022,80,79.4068072466398,45254.10698915339
4489,0,557,1,1,831199,832000,1028.794517,1029.555246,0.7607289999998557,39.640080806830106,33.7875,45.7125,1,1,1,1,801,30,30,802.0,30.0,801.0,801,30,30.155359032094566,45071.24087553716
4489,0,558,1,1,832000,834002,1029.555246,1031.555757,2.0005110000001878,39.72210794259649,33.7875,45.7125,1,1,1,1,2002,79,79,2003.0,80.0,2002.0,2002,79,79.464513882358,45328.918461328874
4489,0,559,1,1,834002,836085,1031.555757,1033.556674,2.000916999999845,39.63493181030758,33.7875,45.7125,1,1,1,1,2083,80,80,2083.0,80.0,2083.0,2083,80,79.30620885307872,45139.803400144534
4489,0,560,1,1,836085,838155,1033.556674,1035.558582,2.0019079999999576,39.635913961609646,33.7875,45.7125,1,1,1,1,2070,80,80,2071.0,80.0,2070.0,2070,80,79.34745324705727,45679.42183157364
4489,0,561,1,1,838155,840186,1035.558582,1037.5597,2.001118000000133,39.434403808260235,33.7875,45.7125,1,1,1,1,2031,80,80,2033.0,80.0,2031.0,2031,80,78.91289527998379,44931.383356700615
4489,0,562,1,1,840186,842232,1037.5597,1039.56025,2.0005499999999756,39.792381646990876,33.7875,45.7125,1,1,1,1,2046,79,79,2048.0,80.0,2046.0,2046,79,79.60664910388732,45042.61328134818
4489,0,563,1,1,842232,844262,1039.56025,1041.560702,2.0004519999999957,39.34219917189627,33.7875,45.7125,1,1,1,1,2030,80,80,2031.0,80.0,2030.0,2030,80,78.70218101781938,45095.30846028807
4489,0,564,1,1,844262,845000,1041.560702,1042.269404,0.7087019999999029,39.93689241102829,33.7875,45.7125,1,1,1,1,738,28,28,738.0,28.0,738.0,738,28,28.303355525476945,44589.968703353916
4489,0,565,1,1,845000,847040,1042.269404,1044.272538,2.0031340000000455,39.51127346738184,33.7875,45.7125,1,1,1,1,2040,80,80,2043.0,80.0,2040.0,2040,80,79.14637526581282,44559.175771564944
4489,0,566,1,1,847040,849069,1044.272538,1046.273018,2.0004800000001524,39.69162451131257,33.7875,45.7125,1,1,1,1,2029,80,80,2029.0,80.0,2029.0,2029,80,79.40230100239569,45376.109733660465
4489,0,567,1,1,849069,851059,1046.273018,1048.27429,2.0012719999999717,39.713584465584184,33.7875,45.7125,1,1,1,1,1990,80,80,1990.0,80.0,1990.0,1990,80,79.47768461060696,44575.649886672705
4489,0,568,1,1,851059,853045,1048.27429,1050.275527,2.0012369999999464,39.7038101228451,33.7875,45.7125,1,1,1,1,1986,80,80,1986.0,80.0,1986.0,1986,80,79.45673385880946,45031.64792575913
4489,0,569,1,1,853045,855098,1050.275527,1052.276438,2.0009110000000874,39.683324439995324,33.7875,45.7125,1,1,1,1,2053,80,80,2054.0,80.0,2053.0,2053,80,79.40280038855781,45958.06610088904
4489,0,570,1,1,855098,857156,1052.276438,1054.28025,2.0038119999999253,39.57149817222929,33.7875,45.7125,1,1,1,1,2058,80,80,2059.0,80.0,2058.0,2058,80,79.29384289548761,45059.11732238522
4489,0,571,1,1,857156,858000,1054.28025,1055.09662,0.8163700000000063,39.705309671289605,33.7875,45.7125,1,1,1,1,844,33,33,844.0,33.0,844.0,844,33,32.41422365634935,44579.051165525096
4489,0,572,1,1,858000,860046,1055.09662,1057.096621,2.000000999999884,39.64872467074259,33.7875,45.7125,1,1,1,1,2046,80,80,2051.0,80.0,2046.0,2046,80,79.29748899020342,45486.977256514016
4489,0,573,1,1,860046,862096,1057.096621,1059.098811,2.002190000000155,39.59398060301116,33.7875,45.7125,1,1,1,1,2050,80,80,2050.0,80.0,2050.0,2050,80,79.27467202355183,45021.70123714184
4489,0,574,1,1,862096,864127,1059.098811,1061.100444,2.001632999999856,39.597240754927064,33.7875,45.7125,1,1,1,1,2031,80,80,2031.0,80.0,2031.0,2031,80,79.25914380400354,45464.87792717573
4489,0,575,1,1,864127,866323,1061.100444,1063.100599,2.000155000000177,39.74966948110562,33.7875,45.7125,1,1,1,1,2196,80,80,2197.0,80.0,2196.0,2196,80,79.50550016098714,46826.37095624674
4489,0,576,1,1,866323,868357,1063.100599,1065.100773,2.000173999999788,39.40650807154289,33.7875,45.7125,1,1,1,1,2034,80,80,2034.0,80.0,2034.0,2034,80,78.81987287547963,45424.548064323215
4489,0,577,1,1,868357,870369,1065.100773,1067.100943,2.0001700000000255,39.684358028379215,33.7875,45.7125,1,1,1,1,2012,80,80,2013.0,80.0,2012.0,2012,80,79.37546239762742,45605.12356449643
4489,0,578,1,1,870369,871000,1067.100943,1067.690655,0.5897120000001905,39.53791361897069,33.7875,45.7125,1,1,1,1,631,23,23,632.0,23.0,631.0,631,23,23.315982116080704,45798.62712644693
4489,0,579,1,1,871000,873073,1067.690655,1069.691835,2.0011799999999766,39.420847671532066,33.7875,45.7125,1,1,1,1,2073,80,80,2076.0,80.0,2073.0,2073,80,78.88821194331831,44749.5977373355
4489,0,580,1,1,873073,875094,1069.691835,1071.6932,2.0013649999998506,39.80931603505692,33.7875,45.7125,1,1,1,1,2021,80,80,2021.0,80.0,2021.0,2021,80,79.6729717864946,45135.69488824215
4489,0,581,1,1,875094,877174,1071.6932,1073.693803,2.0006029999999555,39.4802874257063,33.7875,45.7125,1,1,1,1,2080,80,80,2082.0,80.0,2080.0,2080,80,78.984381464732,45309.33923422189
4489,0,582,1,1,877174,879250,1073.693803,1075.694127,2.0003240000000915,39.45373123368569,33.7875,45.7125,1,1,1,1,2076,80,80,2077.0,80.0,2076.0,2076,80,78.92024547629262,44943.71911750091
4489,0,583,1,1,879250,881279,1075.694127,1077.694673,2.0005459999999857,39.63380871326626,33.7875,45.7125,1,1,1,1,2029,80,80,2030.0,80.0,2029.0,2029,80,79.2892574860889,45538.567970944256
4489,0,584,1,1,881279,883242,1077.694673,1079.695837,2.001164000000017,39.435324175142384,33.7875,45.7125,1,1,1,1,1963,80,80,1963.0,80.0,1963.0,1963,80,78.91655106762482,44428.14282087787
4489,0,585,1,1,883242,884000,1079.695837,1080.434467,0.7386300000000574,39.02252737587458,33.7875,45.7125,1,1,1,1,758,29,29,758.0,29.0,758.0,758,29,28.8232093956467,44647.52311711877
4489,0,586,1,1,884000,886085,1080.434467,1082.439341,2.0048739999999725,39.50822836131127,33.7875,45.7125,1,1,1,1,2085,80,80,2087.0,80.0,2085.0,2085,80,79.20901982765645,45578.92416181828
4489,0,587,1,1,886085,888228,1082.439341,1084.439766,2.00042499999995,39.26105275282012,33.7875,45.7125,1,1,1,1,2143,80,80,2144.0,80.0,2144.0,2143,80,78.53879145305837,45632.30313558483
4489,0,588,1,1,888228,890256,1084.439766,1086.441998,2.002232000000049,39.241249208728824,33.7875,45.7125,1,1,1,1,2028,80,80,2028.0,80.0,2027.0,2028,80,78.57008488569409,45467.75798209087
4489,0,589,1,1,890256,892270,1086.441998,1088.44212,2.0001219999999194,39.11036952212364,33.7875,45.7125,1,1,1,1,2014,80,80,2015.0,80.0,2014.0,2014,80,78.22551050932816,45499.72451680631
4489,0,590,1,1,892270,894341,1088.44212,1090.443269,2.0011490000001686,39.42447541801877,33.7875,45.7125,1,1,1,1,2071,80,80,2076.0,80.0,2071.0,2071,80,78.894249558296,46359.86625683154
4489,0,591,1,1,894341,896407,1090.443269,1092.444249,2.0009799999997995,39.17752085473507,33.7875,45.7125,1,1,1,1,2066,80,80,2066.0,80.0,2066.0,2066,80,78.3934356799,45359.77371088621
4489,0,592,1,1,896407,897000,1092.444249,1092.987742,0.5434930000001259,39.20232225279682,33.7875,45.7125,1,1,1,1,593,22,22,594.0,22.0,593.0,593,22,21.306187728143414,45730.119799140455
4489,0,593,1,1,897000,898982,1092.987742,1094.987898,2.000156000000061,39.41790523479614,33.7875,45.7125,1,1,1,1,1982,80,80,1985.0,80.0,1982.0,1982,80,78.84195966280822,44965.49269156869
4489,0,594,1,1,898982,901082,1094.987898,1096.989236,2.001337999999805,39.23859571592916,33.7875,45.7125,1,1,1,1,2100,80,80,2100.0,80.0,2100.0,2100,80,78.52969267292065,45704.42374052204
4489,0,595,1,1,901082,903148,1096.989236,1098.989933,2.000697000000173,39.43188067286856,33.7875,45.7125,1,1,1,1,2066,80,80,2066.0,80.0,2066.0,2066,80,78.89124536657619,45272.222630409386
4489,0,596,1,1,903148,905223,1098.989933,1100.990912,2.0009789999999157,39.306996610854085,33.7875,45.7125,1,1,1,1,2075,80,80,2075.0,80.0,2075.0,2075,80,78.65247477138473,44953.49526407013
4489,0,597,1,1,905223,907228,1100.990912,1102.991079,2.0001669999999194,39.58116444828334,33.7875,45.7125,1,1,1,1,2005,79,79,2005.0,80.0,2005.0,2005,79,79.1689389510284,44401.792450332185
4489,0,598,1,1,907228,909248,1102.991079,1104.991134,2.000055000000202,39.28604587865467,33.7875,45.7125,1,1,1,1,2020,79,79,2021.0,79.0,2020.0,2020,79,78.57425248983782,44505.276104902616
4489,0,599,1,1,909248,910000,1104.991134,1105.726174,0.735039999999799,39.08261234227095,33.7875,45.7125,1,1,1,1,752,30,30,753.0,30.0,752.0,752,30,28.72728337605804,46624.673487169915
4489,0,600,1,1,910000,912000,1105.726174,1107.726467,2.000293000000056,39.494815178013376,33.7875,45.7125,1,1,1,1,2000,80,80,2001.0,80.0,2000.0,2000,80,79.0012023368763,44798.93695573473
4489,0,601,1,1,912000,914027,1107.726467,1109.7295,2.0030329999999594,39.54150335678938,33.7875,45.7125,1,1,1,1,2027,80,80,2027.0,80.0,2027.0,2027,80,79.20293609325745,45194.96184036999
4489,0,602,1,1,914027,916084,1109.7295,1111.730802,2.0013020000001234,39.6938839027085,33.7875,45.7125,1,1,1,1,2057,80,80,2057.0,80.0,2057.0,2057,80,79.43944924226525,44209.7194726206
4489,0,603,1,1,916084,918185,1111.730802,1113.732283,2.0014810000000125,39.510532153919875,33.7875,45.7125,1,1,1,1,2101,80,80,2104.0,80.0,2101.0,2101,80,79.07957940595952,46506.06226089552
4489,0,604,1,1,918185,920238,1113.732283,1115.734466,2.002183000000059,39.20197578954314,33.7875,45.7125,1,1,1,1,2053,80,80,2054.0,80.0,2053.0,2053,80,78.48952949223894,44833.564164712894
4489,0,605,1,1,920238,922275,1115.734466,1117.73639,2.001923999999917,39.342976180912665,33.7875,45.7125,1,1,1,1,2037,80,80,2037.0,80.0,2037.0,2037,80,78.76164824799343,44260.42147454332
4489,0,606,1,1,922275,923000,1117.73639,1118.40456,0.6681699999999182,39.200562504922864,33.7875,45.7125,1,1,1,1,725,26,26,726.0,26.0,725.0,725,26,26.192639848908584,44689.225795835875
4489,0,607,1,1,923000,925001,1118.40456,1120.404986,2.0004260000000613,39.141750512360055,33.7875,45.7125,1,1,1,1,2001,80,80,2005.0,80.0,2002.0,2001,80,78.30017541044072,45036.40724525538
4489,0,608,1,1,925001,927046,1120.404986,1122.405099,2.0001130000000558,39.321640357484384,33.7875,45.7125,1,1,1,1,2045,80,80,2044.0,80.0,2044.0,2045,80,78.64772406033444,45291.94100533194
4489,0,609,1,1,927046,929048,1122.405099,1124.40665,2.0015509999998358,39.62004324503606,33.7875,45.7125,1,1,1,1,2002,80,80,2003.0,80.0,2002.0,2002,80,79.30153717713983,44045.342836633805
4489,0,610,1,1,929048,931083,1124.40665,1126.406918,2.0002680000000055,39.3975806206227,33.7875,45.7125,1,1,1,1,2035,80,80,2036.0,80.0,2035.0,2035,80,78.80571979285014,43931.11323082695
4489,0,611,1,1,931083,933057,1126.406918,1128.408644,2.0017260000001897,39.22785179861327,33.7875,45.7125,1,1,1,1,1974,80,80,1975.0,80.0,1974.0,1974,80,78.52341086943488,44337.23696449543
4489,0,612,1,1,933057,935159,1128.408644,1130.409847,2.001202999999805,39.45049228137132,33.7875,45.7125,1,1,1,1,2102,80,80,2103.0,80.0,2102.0,2102,80,78.94844350495259,45134.851386895185
4489,0,613,1,1,935159,936000,1130.409847,1131.207677,0.7978300000002037,39.47983696987875,33.7875,45.7125,1,1,1,1,841,32,32,843.0,32.0,841.0,841,32,31.49819832968933,44440.54497824217
4489,0,614,1,1,936000,938113,1131.207677,1133.212421,2.004743999999846,40.05013623450825,33.7875,45.7125,1,1,1,1,2113,80,80,2116.0,80.0,2113.0,2113,80,80.29027031530859,46788.01881936407
4489,0,615,1,1,938113,940188,1133.212421,1135.213772,2.0013510000001133,39.47518324191417,33.7875,45.7125,1,1,1,1,2075,80,80,2076.0,80.0,2075.0,2075,80,79.00369745639182,45402.33072559229
4489,0,616,1,1,940188,942263,1135.213772,1137.214241,2.000468999999839,39.90498335106455,33.7875,45.7125,1,1,1,1,2075,80,80,2076.0,80.0,2075.0,2075,80,79.82868213931215,45654.294068044714
4489,0,617,1,1,942263,944292,1137.214241,1139.216243,2.002002000000175,39.76470119618106,33.7875,45.7125,1,1,1,1,2029,80,80,2029.0,80.0,2029.0,2029,80,79.6090113241662,45140.81404513687
4489,0,618,1,1,944292,946376,1139.216243,1141.216408,2.0001649999999245,39.794898823265996,33.7875,45.7125,1,1,1,1,2084,80,80,2085.0,80.0,2084.0,2084,80,79.59636380483425,45713.72861739079
4489,0,619,1,1,946376,948378,1141.216408,1143.216686,2.0002779999999802,39.906170831251416,33.7875,45.7125,1,1,1,1,2002,80,80,2002.0,80.0,2002.0,2002,80,79.82343557799322,45330.699032834884
4489,0,620,1,1,948378,949000,1143.216686,1143.811527,0.5948410000000877,39.75341966219449,33.7875,45.7125,1,1,1,1,622,23,23,622.0,23.0,622.0,622,23,23.646963905281154,45919.834039677786
4489,0,621,1,1,949000,951070,1143.811527,1145.811989,2.0004619999999704,40.12211918330034,33.7875,45.7125,1,1,1,1,2070,79,79,2073.0,80.0,2070.0,2070,79,80.26277478566044,45635.95809368104
4489,0,622,1,1,951070,953076,1145.811989,1147.812921,2.0009319999999207,40.22933659002383,33.7875,45.7125,1,1,1,1,2006,80,80,2007.0,80.0,2006.0,2006,80,80.49616692174459,45406.34064526111
4489,0,623,1,1,953076,955172,1147.812921,1149.813143,2.0002220000001216,40.29272497850546,33.7875,45.7125,1,1,1,1,2096,80,80,2096.0,80.0,2096.0,2096,80,80.59439494195976,46325.85782977808
4489,0,624,1,1,955172,957217,1149.813143,1151.814887,2.001743999999917,40.011281217068166,33.7875,45.7125,1,1,1,1,2045,80,80,2045.0,80.0,2045.0,2045,80,80.0923421085754,46311.61627061395
4489,0,625,1,1,957217,959259,1151.814887,1153.815704,2.0008170000000973,39.93328100603564,33.7875,45.7125,1,1,1,1,2042,80,80,2042.0,80.0,2042.0,2042,80,79.89918750265497,45598.37306460089
4489,0,626,1,1,959259,961346,1153.815704,1155.816077,2.000372999999854,39.967000981192896,33.7875,45.7125,1,1,1,1,2087,80,80,2088.0,80.0,2087.0,2087,80,79.94890965374361,46589.311093484466
4489,0,627,1,1,961346,962000,1155.816077,1156.446489,0.6304119999999784,39.59137111496631,33.7875,45.7125,1,1,1,1,654,25,25,654.0,25.0,654.0,654,25,24.958875447329774,46285.603700438754
4489,0,628,1,1,962000,963996,1156.446489,1158.446538,2.00004899999999,40.00006668540402,33.7875,45.7125,1,1,1,1,1996,80,80,1999.0,80.0,1996.0,1996,80,80.00209337407432,44799.902402391366
4489,0,629,1,1,963996,965998,1158.446538,1160.446737,2.000199000000066,39.97947343142008,33.7875,45.7125,1,1,1,1,2002,80,80,2003.0,80.0,2002.0,2002,80,79.96690277805465,45803.94250771897
4489,0,630,1,1,965998,968015,1160.446737,1162.450661,2.0039240000000973,40.00025328631592,33.7875,45.7125,1,1,1,1,2017,80,80,2017.0,80.0,2017.0,2017,80,80.15746756653243,45131.45209099527
4489,0,631,1,1,968015,970135,1162.450661,1164.45071,2.00004899999999,39.93114058415915,33.7875,45.7125,1,1,1,1,2120,80,80,2120.0,80.0,2120.0,2120,80,79.86423779420875,45662.38127165908
4489,0,632,1,1,970135,972205,1164.45071,1166.453519,2.002808999999843,40.22635952053857,33.7875,45.7125,1,1,1,1,2070,80,80,2070.0,80.0,2070.0,2070,80,80.56571488496411,45822.64209917531
4489,0,633,1,1,972205,974317,1166.453519,1168.455401,2.0018820000000233,40.15969128713063,33.7875,45.7125,1,1,1,1,2112,80,80,2114.0,80.0,2112.0,2112,80,80.39496311326366,45985.72743048738
4489,0,634,1,1,974317,975000,1168.455401,1169.053771,0.598370000000159,40.37650943148753,33.7875,45.7125,1,1,1,1,683,24,24,686.0,24.0,683.0,683,24,24.160091948528134,47303.50786301532
4489,0,635,1,1,975000,977168,1169.053771,1171.054174,2.0004030000000057,40.022191916627115,33.7875,45.7125,1,1,1,1,2168,80,80,2172.0,80.0,2168.0,2168,80,80.06051277659571,46800.069785938
4489,0,636,1,1,977168,979225,1171.054174,1173.054561,2.0003869999998187,40.084757494031,33.7875,45.7125,1,1,1,1,2057,80,80,2059.0,80.0,2057.0,2057,80,80.1850277892081,46072.0850515467
4489,0,637,1,1,979225,981315,1173.054561,1175.05466,2.000099000000091,40.11431016643394,33.7875,45.7125,1,1,1,1,2090,80,80,2090.0,80.0,2090.0,2090,80,80.23259164957562,46482.699106392116
4489,0,638,1,1,981315,983421,1175.05466,1177.054707,2.000046999999995,40.176667937133416,33.7875,45.7125,1,1,1,1,2106,80,80,2106.0,80.0,2106.0,2106,80,80.35522417765605,45893.42150459476
4489,0,639,1,1,983421,985566,1177.054707,1179.054692,1.9999849999999242,40.155817080633376,33.7875,45.7125,1,1,1,1,2145,80,80,2146.0,80.0,2145.0,2145,80,80.31103182400693,46602.84952137318
4489,0,640,1,1,985566,987612,1179.054692,1181.0552,2.0005080000000817,39.40022128054421,33.7875,45.7125,1,1,1,1,2046,80,80,2046.0,80.0,2046.0,2046,80,78.82045787350216,43607.923587407015
4489,0,641,1,1,987612,988000,1181.0552,1181.472741,0.41754100000002836,39.60675674001605,33.7875,45.7125,1,1,1,1,388,16,16,388.0,16.0,388.0,388,16,16.53744481598551,43804.08151534522
4489,0,642,1,1,988000,990066,1181.472741,1183.472874,2.0001330000000053,39.690298210413246,33.7875,45.7125,1,1,1,1,2066,80,80,2067.0,80.0,2066.0,2066,80,79.38587523048773,45291.488116040164
4489,0,643,1,1,990066,992101,1183.472874,1185.475939,2.0030649999998786,39.46435345804035,33.7875,45.7125,1,1,1,1,2035,80,80,2035.0,80.0,2035.0,2035,80,79.04966515942215,44346.538929093855
4489,0,644,1,1,992101,994023,1185.475939,1187.476107,2.0001680000000306,39.40011380150603,33.7875,45.7125,1,1,1,1,1922,80,80,1922.0,80.0,1922.0,1922,80,78.80684682213177,44376.2723931183
4489,0,645,1,1,994023,996105,1187.476107,1189.476648,2.000541000000112,39.761881427795544,33.7875,45.7125,1,1,1,1,2082,80,80,2082.0,80.0,2082.0,2082,80,79.54527403345128,46009.05455074145
4489,0,646,1,1,996105,998195,1189.476648,1191.476625,1.9999769999999444,39.66290051759483,33.7875,45.7125,1,1,1,1,2090,80,80,2091.0,80.0,2090.0,2090,80,79.32488878847653,44066.50676482902
4489,0,647,1,1,998195,1000269,1191.476625,1193.477249,2.000624000000016,39.66648971822729,33.7875,45.7125,1,1,1,1,2074,79,79,2074.0,80.0,2074.0,2074,79,79.35773132603936,45916.174153663684
4489,0,648,1,1,1000269,1001000,1193.477249,1194.159627,0.6823779999999715,39.82235268217458,33.7875,45.7125,1,1,1,1,731,27,27,731.0,27.0,731.0,731,27,27.173897378554102,48203.48838913531
4489,0,649,1,1,1001000,1003077,1194.159627,1196.160037,2.0004100000001017,39.76884821918589,33.7875,45.7125,1,1,1,1,2077,80,80,2085.0,80.0,2077.0,2077,80,79.55400166614709,46239.520898213515
4489,0,650,1,1,1003077,1005143,1196.160037,1198.160972,2.0009349999997994,39.747528245460124,33.7875,45.7125,1,1,1,1,2066,80,80,2066.0,80.0,2066.0,2066,80,79.53222042982088,45855.56252452439
4489,0,651,1,1,1005143,1007159,1198.160972,1200.161357,2.000385000000051,39.364137940332014,33.7875,45.7125,1,1,1,1,2016,80,80,2016.0,80.0,2016.0,2016,80,78.74343107377354,45213.29644043406
4489,0,652,1,1,1007159,1009248,1200.161357,1202.162691,2.0013340000000426,39.533725473483884,33.7875,45.7125,1,1,1,1,2089,80,80,2090.0,80.0,2089.0,2089,80,79.12018893675122,45351.75038249391
4489,0,653,1,1,1009248,1011335,1202.162691,1204.162884,2.000193000000081,39.56867067855561,33.7875,45.7125,1,1,1,1,2087,80,80,2087.0,80.0,2087.0,2087,80,79.1449781105548,46430.51945487072
4489,0,654,1,1,1011335,1013422,1204.162884,1206.16286,1.9999759999998332,39.436805213323645,33.7875,45.7125,1,1,1,1,2087,80,80,2088.0,80.0,2087.0,2087,80,78.87266394331527,45148.541782505155
4489,0,655,1,1,1013422,1014000,1206.16286,1206.774692,0.6118320000000494,39.217966061321974,33.7875,45.7125,1,1,1,1,578,24,24,578.0,24.0,578.0,578,24,23.9948066112338,44819.492932696856
4489,0,656,1,1,1014000,1016058,1206.774692,1208.77468,1.9999880000000303,39.22436673788474,33.7875,45.7125,1,1,1,1,2058,80,80,2063.0,80.0,2058.0,2058,80,78.44826278337132,45186.77112062604
4489,0,657,1,1,1016058,1018109,1208.77468,1210.775247,2.0005670000000464,39.027908324938025,33.7875,45.7125,1,1,1,1,2051,80,80,2051.0,80.0,2051.0,2051,80,78.07794547389494,44621.84970560743
4489,0,658,1,1,1018109,1020234,1210.775247,1212.775806,2.0005590000000666,38.90785131583519,33.7875,45.7125,1,1,1,1,2125,80,80,2127.0,80.0,2126.0,2125,80,77.8374521205551,45295.83981277082
4489,0,659,1,1,1020234,1022276,1212.775806,1214.780739,2.0049329999999372,38.923848022040225,33.7875,45.7125,1,1,1,1,2042,80,79,2041.0,80.0,2041.0,2042,79,78.03970738637145,46059.394503458665
4489,0,660,1,1,1022276,1024296,1214.780739,1216.78181,2.001070999999911,38.956578033958756,33.7875,45.7125,1,1,1,1,2020,80,80,2021.0,80.0,2020.0,2020,80,77.9548785629886,44447.69825758505
4489,0,661,1,1,1024296,1026306,1216.78181,1218.78288,2.001070000000027,39.13791126071767,33.7875,45.7125,1,1,1,1,2010,80,80,2010.0,80.0,2010.0,2010,80,78.31770008648891,45242.295371975386
4489,0,662,1,1,1026306,1027000,1218.78288,1219.434529,0.651649000000134,39.43241024933624,33.7875,45.7125,1,1,1,1,694,26,26,694.0,26.0,694.0,694,26,25.69609070657316,45387.931232909
4489,0,663,1,1,1027000,1029108,1219.434529,1221.435779,2.0012499999998,39.60165819307997,33.7875,45.7125,1,1,1,1,2108,80,80,2109.0,80.0,2108.0,2108,80,79.25281845889549,45913.304184889035
4489,0,664,1,1,1029108,1031142,1221.435779,1223.43718,2.001400999999987,39.64689528977891,33.7875,45.7125,1,1,1,1,2034,80,80,2035.0,80.0,2034.0,2034,80,79.3493358798587,45686.4966091256
4489,0,665,1,1,1031142,1033190,1223.43718,1225.438214,2.001034000000118,39.709953517955114,33.7875,45.7125,1,1,1,1,2048,80,80,2048.0,80.0,2048.0,2048,80,79.4609671278522,44500.99298662329
4489,0,666,1,1,1033190,1035229,1225.438214,1227.438432,2.0002179999999044,39.15997043485102,33.7875,45.7125,1,1,1,1,2039,80,80,2040.0,80.0,2039.0,2039,80,78.32847774325637,45882.998753138105
4489,0,667,1,1,1035229,1037292,1227.438432,1229.439359,2.000927000000047,39.39461465846812,33.7875,45.7125,1,1,1,1,2063,80,80,2063.0,80.0,2063.0,2063,80,78.8257481247274,45265.51943174232
4489,0,668,1,1,1037292,1039335,1229.439359,1231.439486,2.0001270000000204,39.586588760366055,33.7875,45.7125,1,1,1,1,2043,80,80,2046.0,80.0,2043.0,2043,80,79.17820501750248,44864.65109465503
4489,0,669,1,1,1039335,1040000,1231.439486,1232.119303,0.6798169999999573,39.6490044478861,33.7875,45.7125,1,1,1,1,665,27,27,665.0,27.0,665.0,665,27,26.954067256745475,45844.69055643204
4489,0,670,1,1,1040000,1042029,1232.119303,1234.121929,2.002625999999964,39.48919628359233,33.7875,45.7125,1,1,1,1,2029,80,80,2033.0,80.0,2029.0,2029,80,79.08209119662206,46101.46877150385
4489,0,671,1,1,1042029,1044038,1234.121929,1236.122795,2.0008660000000873,39.6483835979258,33.7875,45.7125,1,1,1,1,2009,80,80,2009.0,80.0,2009.0,2009,80,79.33110269605095,44810.09722789836
4489,0,672,1,1,1044038,1046109,1236.122795,1238.122876,2.000080999999909,39.35722383794848,33.7875,45.7125,1,1,1,1,2071,80,80,2072.0,80.0,2071.0,2071,80,78.71763561102125,45564.154651738674
4489,0,673,1,1,1046109,1048202,1238.122876,1240.124438,2.001562000000149,39.74742306012799,33.7875,45.7125,1,1,1,1,2093,80,80,2093.0,80.0,2093.0,2093,80,79.55693159508519,46209.41045043476
4489,0,674,1,1,1048202,1050323,1240.124438,1242.12611,2.0016719999998713,39.63312047850143,33.7875,45.7125,1,1,1,1,2121,80,80,2121.0,80.0,2121.0,2121,80,79.33250753444008,47567.233792552484
4489,0,675,1,1,1050323,1052336,1242.12611,1244.126145,2.0000350000000253,40.0136826075373,33.7875,45.7125,1,1,1,1,2013,79,79,2013.0,79.0,2013.0,2013,79,80.02876569396904,46216.191216653126
4489,0,676,1,1,1052336,1053000,1244.126145,1244.772857,0.6467119999999795,40.225006351186536,33.7875,45.7125,1,1,1,1,664,26,26,665.0,26.0,664.0,664,26,26.013994307388202,46918.87579015228
4489,0,677,1,1,1053000,1055085,1244.772857,1246.773495,2.000637999999981,40.195116347132284,33.7875,45.7125,1,1,1,1,2085,80,80,2088.0,80.0,2085.0,2085,80,80.41587717849325,46488.17027368314
4489,0,678,1,1,1055085,1057087,1246.773495,1248.773757,2.0002620000000206,40.08323934353555,33.7875,45.7125,1,1,1,1,2002,80,80,2004.0,80.0,2002.0,2002,80,80.1769804957803,45722.01041663495
4489,0,679,1,1,1057087,1059126,1248.773757,1250.77509,2.001333000000159,40.076678046261975,33.7875,45.7125,1,1,1,1,2039,80,80,2042.0,80.0,2039.0,2039,80,80.20677830436762,46501.007078778304
4489,0,680,1,1,1059126,1061158,1250.77509,1252.775596,2.0005059999998593,40.293282434641156,33.7875,45.7125,1,1,1,1,2032,80,80,2032.0,80.0,2032.0,2032,80,80.60695327018766,46210.3087918789
4489,0,681,1,1,1061158,1063232,1252.775596,1254.775829,2.00023299999998,40.15825938121533,33.7875,45.7125,1,1,1,1,2074,80,80,2074.0,80.0,2074.0,2074,80,80.32587563686684,46091.1303833108
4489,0,682,1,1,1063232,1065294,1254.775829,1256.777011,2.0011819999999716,40.07526173777733,33.7875,45.7125,1,1,1,1,2062,80,80,2063.0,80.0,2062.0,2062,80,80.19789243492414,46536.99663498938
4489,0,683,1,1,1065294,1066000,1256.777011,1257.452807,0.6757959999999912,40.01483596786027,33.7875,45.7125,1,1,1,1,706,27,27,706.0,27.0,706.0,706,27,27.04186608773307,47878.353822751866
4489,0,684,1,1,1066000,1068066,1257.452807,1259.452891,2.0000840000000153,40.02468941610247,33.7875,45.7125,1,1,1,1,2066,80,80,2072.0,80.0,2066.0,2066,80,80.05274090611783,45781.57717375835
4489,0,685,1,1,1068066,1070155,1259.452891,1261.45324,2.000349000000142,40.12291632805947,33.7875,45.7125,1,1,1,1,2089,80,80,2090.0,80.0,2089.0,2089,80,80.25983555392304,45795.00877096621
4489,0,686,1,1,1070155,1072290,1261.45324,1263.454363,2.001123000000007,40.31210817092428,33.7875,45.7125,1,1,1,1,2135,80,80,2136.0,80.0,2135.0,2135,80,80.66948683932424,46566.35299279439
4489,0,687,1,1,1072290,1074371,1263.454363,1265.455152,2.0007889999999406,40.18829550230622,33.7875,45.7125,1,1,1,1,2081,80,80,2082.0,80.0,2082.0,2081,80,80.40829956976086,46204.272414533836
4489,0,688,1,1,1074371,1076423,1265.455152,1267.456327,2.001175000000103,39.56746792029512,33.7875,45.7125,1,1,1,1,2052,80,80,2051.0,80.0,2051.0,2052,80,79.18142761540366,45566.229839966676
4489,0,689,1,1,1076423,1078519,1267.456327,1269.456338,2.0000109999998585,40.12424634952276,33.7875,45.7125,1,1,1,1,2096,80,80,2097.0,80.0,2096.0,2096,80,80.24893406574847,45846.24784564009
4489,0,690,1,1,1078519,1079000,1269.456338,1269.913705,0.45736699999997654,40.6014679376208,33.7875,45.7125,1,1,1,1,481,18,18,481.0,18.0,481.0,481,18,18.569771586226125,47957.111029001055
4489,0,691,1,1,1079000,1081015,1269.913705,1271.914737,2.001032000000123,39.923335051868946,33.7875,45.7125,1,1,1,1,2015,80,80,2024.0,80.0,2015.0,2015,80,79.88787098551984,45407.06995190203
4489,0,692,1,1,1081015,1083014,1271.914737,1273.914796,2.0000589999999647,40.08603786935464,33.7875,45.7125,1,1,1,1,1999,80,80,2000.0,80.0,1999.0,1999,80,80.17444081493886,45106.669353254874
4489,0,693,1,1,1083014,1085101,1273.914796,1275.915331,2.0005349999999,40.16180979835463,33.7875,45.7125,1,1,1,1,2087,80,80,2088.0,80.0,2087.0,2087,80,80.34510616494663,46446.075674759326
4489,0,694,1,1,1085101,1087225,1275.915331,1277.9156,2.0002690000001166,40.11268834299874,33.7875,45.7125,1,1,1,1,2124,80,80,2124.0,80.0,2124.0,2124,80,80.23616699916602,45652.85969036898
4489,0,695,1,1,1087225,1089283,1277.9156,1279.916582,2.000982000000022,40.21901488413534,33.7875,45.7125,1,1,1,1,2058,79,79,2059.0,79.0,2058.0,2058,79,80.47752484088414,45805.50949483753
4489,0,696,1,1,1089283,1091267,1279.916582,1281.918809,2.002226999999948,40.4334651688269,33.7875,45.7125,1,1,1,1,1984,80,80,1989.0,80.0,1984.0,1984,80,80.95697566457966,46356.38216845663
4489,0,697,1,1,1091267,1092000,1281.918809,1282.582194,0.6633850000000621,40.1821613367224,33.7875,45.7125,1,1,1,1,733,27,27,733.0,27.0,733.0,733,27,26.6562430983613,45584.38915561427
4489,0,698,1,1,1092000,1094112,1282.582194,1284.584911,2.0027169999998478,40.292506381412444,33.7875,45.7125,1,1,1,1,2112,80,80,2113.0,80.0,2112.0,2112,80,80.6944875026602,46246.17457184767
4489,0,699,1,1,1094112,1096141,1284.584911,1286.584913,2.000001999999995,39.690592990349074,33.7875,45.7125,1,1,1,1,2029,80,80,2030.0,80.0,2029.0,2029,80,79.38126536188065,44971.955028045086
4489,0,700,1,1,1096141,1098220,1286.584913,1288.587411,2.0024980000000596,39.798712467936724,33.7875,45.7125,1,1,1,1,2079,80,80,2080.0,80.0,2079.0,2079,80,79.69684211962158,46250.7328346881
4489,0,701,1,1,1098220,1100270,1288.587411,1290.587453,2.0000420000001213,39.94805539311629,33.7875,45.7125,1,1,1,1,2050,80,80,2050.0,80.0,2050.0,2050,80,79.89778860456136,44826.058652765576
4489,0,702,1,1,1100270,1102334,1290.587453,1292.588189,2.0007359999999608,39.36091132426041,33.7875,45.7125,1,1,1,1,2064,80,80,2066.0,80.0,2064.0,2064,80,78.75079227925744,46261.97559298269
4489,0,703,1,1,1102334,1104408,1292.588189,1294.58991,2.0017209999998613,39.340804157843586,33.7875,45.7125,1,1,1,1,2074,80,80,2074.0,80.0,2074.0,2074,80,78.74931383963849,45600.76054555371
4489,0,704,1,1,1104408,1105000,1294.58991,1295.159928,0.5700180000001183,39.62430111793604,33.7875,45.7125,1,1,1,1,592,23,23,592.0,23.0,592.0,592,23,22.586564874647593,45605.577367722784
4489,0,705,1,1,1105000,1107019,1295.159928,1297.159972,2.000043999999889,39.095893090104106,33.7875,45.7125,1,1,1,1,2019,79,79,2021.0,79.0,2019.0,2019,79,78.19350639949698,44820.013959695374
4489,0,706,1,1,1107019,1109080,1297.159972,1299.160263,2.000291000000061,39.683062998202516,33.7875,45.7125,1,1,1,1,2061,80,80,2061.0,80.0,2061.0,2061,80,79.3776737677399,44830.47716557104
4489,0,707,1,1,1109080,1111166,1299.160263,1301.160658,2.000395000000026,39.676269720047486,33.7875,45.7125,1,1,1,1,2086,79,79,2098.0,80.0,2086.0,2086,79,79.36821156663791,46878.7414485633
4489,0,708,1,1,1111166,1113274,1301.160658,1303.161548,2.0008900000000267,39.622705330221514,33.7875,45.7125,1,1,1,1,2108,80,80,2109.0,80.0,2108.0,2108,80,79.28067486819054,45839.601377386454
4489,0,709,1,2,1113274,1115325,1303.161548,1305.162323,2.000774999999976,32.791783193630096,33.7875,45.7125,1,0,0,1,2051,80,80,2051.0,80.0,2051.0,2051,80,79.65003909816005,37630.30094763163
4489,0,710,2,2,1115325,1117430,1305.162323,1307.163464,2.0011409999999614,39.360013503408865,33.7875,45.7125,1,1,0,1,2105,80,80,2105.0,80.0,2105.0,2105,80,78.76493678222323,46250.614024699804
4489,0,711,2,2,1117430,1118000,1307.163464,1307.734031,0.5705669999999827,39.464548755261475,33.7875,45.7125,1,1,1,1,570,23,23,571.0,23.0,570.0,570,23,22.51716918963939,42827.57327360457
4489,0,712,2,2,1118000,1120059,1307.734031,1309.734294,2.000263000000132,39.784363211762816,33.7875,45.7125,1,1,1,1,2059,80,80,2062.0,80.0,2059.0,2059,80,79.57918971105391,45431.52575436031
4489,0,713,2,2,1120059,1122207,1309.734294,1311.735328,2.0010339999998905,39.7212532923147,33.7875,45.7125,1,1,1,1,2148,80,80,2148.0,80.0,2148.0,2148,80,79.48357836053037,46227.60033063159
4489,0,714,2,2,1122207,1124275,1311.735328,1313.736101,2.000772999999981,39.86197281749703,33.7875,45.7125,1,1,1,1,2068,80,80,2070.0,80.0,2068.0,2068,80,79.75475893998373,46230.132053961584
4489,0,715,2,2,1124275,1126404,1313.736101,1315.738816,2.00271500000008,39.47194527468608,33.7875,45.7125,1,1,1,1,2129,80,80,2129.0,80.0,2129.0,2129,80,79.05105688079493,45227.104206038486
4489,0,716,2,2,1126404,1128475,1315.738816,1317.739476,2.0006599999999253,39.43245013088726,33.7875,45.7125,1,1,1,1,2071,80,80,2072.0,80.0,2071.0,2071,80,78.8909256788611,45163.59601331729
4489,0,717,2,2,1128475,1130543,1317.739476,1319.741385,2.0019090000000688,39.407967602528586,33.7875,45.7125,1,1,1,1,2068,80,80,2068.0,80.0,2068.0,2068,80,78.89116501521494,45788.79459555697
4489,0,718,2,2,1130543,1131000,1319.741385,1320.210848,0.46946299999990515,38.63318146763097,33.7875,45.7125,1,1,1,1,457,18,18,457.0,18.0,457.0,457,18,18.13684927133727,43767.0274334807
4489,0,719,2,2,1131000,1132989,1320.210848,1322.212874,2.0020260000001144,38.92486658925093,33.7875,45.7125,1,1,1,1,1989,79,79,1995.0,80.0,1989.0,1989,79,77.92859495821904,44722.695909041584
4489,0,720,2,2,1132989,1135003,1322.212874,1324.21418,2.001305999999886,39.13212108848255,33.7875,45.7125,1,1,1,1,2014,80,80,2015.0,80.0,2014.0,2014,80,78.31534872710472,45228.965485540524
4489,0,721,2,2,1135003,1136984,1324.21418,1326.21509,2.000909999999976,39.1408172431491,33.7875,45.7125,1,1,1,1,1981,80,80,1981.0,80.0,1981.0,1981,80,78.31725262998953,44796.61753902028
4489,0,722,2,2,1136984,1139008,1326.21509,1328.216128,2.001038000000108,39.09630320858784,33.7875,45.7125,1,1,1,1,2024,80,80,2025.0,80.0,2024.0,2024,80,78.23318837991246,44391.9605724605
4489,0,723,2,2,1139008,1141087,1328.216128,1330.216179,2.000050999999985,39.577405582295285,33.7875,45.7125,1,1,1,1,2079,80,80,2080.0,80.0,2079.0,2079,80,79.1568296122714,46315.31895936689
4489,0,724,2,2,1141087,1143126,1330.216179,1332.21618,2.000000999999884,39.50758688573161,33.7875,45.7125,1,1,1,1,2039,80,80,2039.0,80.0,2039.0,2039,80,79.01521327904629,45797.477101264114
4489,0,725,2,2,1143126,1144000,1332.21618,1333.055147,0.8389670000001388,39.419641908974576,33.7875,45.7125,1,1,1,1,874,34,34,874.0,34.0,874.0,874,34,33.07177871344902,44550.02401762384
4489,0,726,2,2,1144000,1146081,1333.055147,1335.056746,2.001598999999942,39.21856351230237,33.7875,45.7125,1,1,1,1,2081,80,80,2086.0,80.0,2081.0,2081,80,78.49983750766114,45868.827872117574
4489,0,727,2,2,1146081,1148215,1335.056746,1337.056944,2.000197999999955,39.22500930103121,33.7875,45.7125,1,1,1,1,2134,79,79,2134.0,80.0,2134.0,2134,80,78.45778515389975,44515.59295629833
4489,0,728,2,2,1148215,1150292,1337.056944,1339.057866,2.0009220000001733,39.31477656310782,33.7875,45.7125,1,1,1,1,2077,80,79,2080.0,79.0,2077.0,2077,78,78.6658013502165,45545.50352287201
4489,0,729,2,2,1150292,1152390,1339.057866,1341.05809,2.000223999999889,38.98419331687561,33.7875,45.7125,1,1,1,1,2098,80,80,2098.0,80.0,2098.0,2098,80,77.9771190930478,45122.94623002474
4489,0,730,2,2,1152390,1154505,1341.05809,1343.059105,2.001015000000052,39.97855773955789,33.7875,45.7125,1,1,1,1,2115,80,80,2117.0,80.0,2115.0,2115,80,79.99769371522416,45818.74698590346
4489,0,731,2,2,1154505,1156587,1343.059105,1345.059138,2.0000330000000304,40.0376357574089,33.7875,45.7125,1,1,1,1,2082,80,80,2083.0,80.0,2082.0,2082,80,80.07659275679907,45876.24304198911
4489,0,732,2,2,1156587,1157000,1345.059138,1345.488932,0.42979399999990164,40.214091540515255,33.7875,45.7125,1,1,1,1,413,17,17,413.0,17.0,413.0,413,17,17.28377525955875,45633.489532204934
4489,0,733,2,2,1157000,1159069,1345.488932,1347.489598,2.00066599999991,39.7395136823436,33.7875,45.7125,1,1,1,1,2069,80,80,2073.0,80.0,2069.0,2069,80,79.50549388079526,46058.16263184566
4489,0,734,2,2,1159069,1161152,1347.489598,1349.490345,2.0007470000000467,39.98883481378267,33.7875,45.7125,1,1,1,1,2083,80,80,2083.0,80.0,2083.0,2083,80,80.00754128717381,46119.7742643112
4489,0,735,2,2,1161152,1163245,1349.490345,1351.490799,2.0004539999999906,40.37870706183934,33.7875,45.7125,1,1,1,1,2093,80,80,2093.0,80.0,2093.0,2093,80,80.77574605668633,45401.19392897833
4489,0,736,2,2,1163245,1165371,1351.490799,1353.491019,2.0002200000001267,40.55677687999652,33.7875,45.7125,1,1,1,1,2126,80,80,2127.0,80.0,2126.0,2126,80,81.12247625090822,45558.988511260875
4489,0,737,2,2,1165371,1167468,1353.491019,1355.491324,2.0003050000000258,40.45650418195512,33.7875,45.7125,1,1,1,1,2097,80,80,2098.0,80.0,2097.0,2097,80,80.9253475976875,46108.46845855947
4489,0,738,2,2,1167468,1169631,1355.491324,1357.491796,2.000471999999945,40.43782918497365,33.7875,45.7125,1,1,1,1,2163,80,80,2165.0,80.0,2163.0,2163,80,80.89474502531812,46310.07082328697
4489,0,739,2,2,1169631,1170000,1357.491796,1357.829279,0.3374830000000202,40.86286161092041,33.7875,45.7125,1,1,1,1,369,13,13,369.0,13.0,369.0,369,13,13.790521125039959,49318.03972347942
4489,0,740,2,2,1170000,1172148,1357.829279,1359.830576,2.0012970000000223,40.507615628551086,33.7875,45.7125,1,1,1,1,2148,79,79,2154.0,80.0,2148.0,2148,79,81.06776963457378,45889.24082732297
4489,0,741,2,2,1172148,1174253,1359.830576,1361.831237,2.0006610000000364,40.488713696283945,33.7875,45.7125,1,1,1,1,2105,80,80,2105.0,80.0,2105.0,2105,80,81.0041904323225,46746.050430331925
4489,0,742,2,2,1174253,1176380,1361.831237,1363.831663,2.000425999999834,40.47886281070648,33.7875,45.7125,1,1,1,1,2127,80,80,2129.0,80.0,2127.0,2127,80,80.97496961696015,46557.083341252175
4489,0,743,2,2,1176380,1178482,1363.831663,1365.833014,2.0013510000001133,40.48408805577352,33.7875,45.7125,1,1,1,1,2102,80,80,2103.0,80.0,2102.0,2102,80,81.02287011451699,46220.27820207188
4489,0,744,2,2,1178482,1180541,1365.833014,1367.833225,2.0002110000000357,40.58628749276653,33.7875,45.7125,1,1,1,1,2059,80,80,2059.0,80.0,2059.0,2059,80,81.18113869219815,46471.59724648966
4489,0,745,2,2,1180541,1182654,1367.833225,1369.833255,2.0000299999999243,40.724566539547624,33.7875,45.7125,1,1,1,1,2113,80,80,2114.0,80.0,2113.0,2113,80,81.45035481608647,47497.28754068869
4489,0,746,2,2,1182654,1183000,1369.833255,1370.18489,0.3516349999999875,40.82201718254275,33.7875,45.7125,1,1,1,1,346,14,14,346.0,14.0,346.0,346,14,14.354450011982408,45800.332731385024
4489,0,747,2,2,1183000,1185106,1370.18489,1372.18512,2.0002300000001014,40.54365585875519,33.7875,45.7125,1,1,1,1,2106,80,80,2106.0,80.0,2106.0,2106,80,81.09663675836055,46494.153172382816
4489,0,748,2,2,1185106,1187207,1372.18512,1374.186108,2.0009880000000067,39.853388227611696,33.7875,45.7125,1,1,1,1,2101,80,80,2101.0,80.0,2101.0,2101,80,79.74615160279063,45870.83980513611
4489,0,749,2,2,1187207,1189285,1374.186108,1376.188179,2.002070999999887,39.67975190912706,33.7875,45.7125,1,1,1,1,2078,80,80,2078.0,80.0,2078.0,2078,80,79.44168058445211,46671.17200139519
4489,0,750,2,2,1189285,1191359,1376.188179,1378.188504,2.0003249999999753,40.18361279473338,33.7875,45.7125,1,1,1,1,2074,80,80,2074.0,80.0,2074.0,2074,80,80.38028526362177,46445.45261395081
4489,0,751,2,2,1191359,1193435,1378.188504,1380.188605,2.000101000000086,39.93906809003255,33.7875,45.7125,1,1,1,1,2076,80,80,2076.0,80.0,2076.0,2076,80,79.8821700259432,45854.684338438936
4489,0,752,2,2,1193435,1195523,1380.188605,1382.189488,2.0008829999999307,39.94800970983619,33.7875,45.7125,1,1,1,1,2088,80,80,2088.0,80.0,2088.0,2088,80,79.93129351224343,44983.639723063825
4489,0,753,2,2,1195523,1196000,1382.189488,1382.630669,0.441180999999915,39.683224854024665,33.7875,45.7125,1,1,1,1,477,17,17,477.0,17.0,477.0,477,17,17.507484824316634,46178.32590252963
4489,0,754,2,2,1196000,1197964,1382.630669,1384.630975,2.000306000000137,39.686882097616746,33.7875,45.7125,1,1,1,1,1964,80,80,1964.0,80.0,1964.0,1964,80,79.38590838116215,45321.06587691773
4489,0,755,2,2,1197964,1200036,1384.630975,1386.631218,2.000242999999955,39.646920258624704,33.7875,45.7125,1,1,1,1,2072,80,80,2072.0,80.0,2072.0,2072,80,79.30347471887217,45794.93591528732
4489,0,756,2,2,1200036,1202078,1386.631218,1388.631289,2.0000709999999344,39.82603905510844,33.7875,45.7125,1,1,1,1,2042,80,80,2043.0,80.0,2042.0,2042,80,79.6549057589873,45364.38956417196
4489,0,757,2,2,1202078,1204181,1388.631289,1390.631853,2.0005640000001677,39.84403319155611,33.7875,45.7125,1,1,1,1,2103,80,80,2103.0,80.0,2103.0,2103,80,79.71053841783578,46019.0226356129
4489,0,758,2,2,1204181,1206183,1390.631853,1392.632108,2.0002549999999246,39.68033561732281,33.7875,45.7125,1,1,1,1,2002,80,80,2002.0,80.0,2002.0,2002,80,79.37078972022573,44665.805109850175
4489,0,759,2,2,1206183,1208220,1392.632108,1394.632648,2.000540000000001,39.91487647194274,33.7875,45.7125,1,1,1,1,2037,80,80,2037.0,80.0,2037.0,2037,80,79.85130697717977,45410.23923540642
4489,0,760,2,2,1208220,1209000,1394.632648,1395.38362,0.750972000000047,40.11348650808994,33.7875,45.7125,1,1,1,1,780,30,30,780.0,30.0,780.0,780,30,30.124105189956026,45944.455985040506
4489,0,761,2,2,1209000,1211175,1395.38362,1397.385396,2.001775999999836,40.87342962446451,33.7875,45.7125,1,1,1,1,2175,80,80,2181.0,80.0,2175.0,2175,80,81.8194504599378,47240.050834862515
4489,0,762,2,2,1211175,1213285,1397.385396,1399.385827,2.0004310000001624,39.35938262577203,33.7875,45.7125,1,1,1,1,2110,79,79,2133.0,80.0,2110.0,2110,79,78.73572914546094,46266.02967060223
4489,0,763,2,2,1213285,1215300,1399.385827,1401.385964,2.000136999999995,39.56951268016018,33.7875,45.7125,1,1,1,1,2015,80,80,2016.0,80.0,2015.0,2015,80,79.1444463835578,45495.88353197817
4489,0,764,2,2,1215300,1217382,1401.385964,1403.391088,2.0051240000000234,39.63828328361194,33.7875,45.7125,1,1,1,1,2082,80,80,2085.0,80.0,2082.0,2082,80,79.47967313077243,45622.61486072629
4489,0,765,2,2,1217382,1219517,1403.391088,1405.391521,2.00043299999993,39.73057704670097,33.7875,45.7125,1,1,1,1,2135,80,80,2138.0,80.0,2135.0,2135,80,79.47835743326141,46598.911335697456
4489,0,766,2,2,1219517,1221541,1405.391521,1407.392184,2.0006630000000314,39.66238694305827,33.7875,45.7125,1,1,1,1,2024,80,80,2024.0,80.0,2024.0,2024,80,79.35107004865858,46299.15183116724
4489,0,767,2,2,1221541,1222000,1407.392184,1407.870535,0.4783509999999751,39.31673366018507,33.7875,45.7125,1,1,1,1,459,19,19,459.0,19.0,459.0,459,19,18.807198863083613,45865.90181686908
4489,0,768,2,2,1222000,1224049,1407.870535,1409.871084,2.000549000000092,39.47072252387494,33.7875,45.7125,1,1,1,1,2049,80,80,2050.0,80.0,2049.0,2049,80,78.96311447441985,46912.62248512568
4489,0,769,2,2,1224049,1226079,1409.871084,1411.87149,2.0004059999998844,39.406179280317126,33.7875,45.7125,1,1,1,1,2030,80,80,2030.0,80.0,2030.0,2030,80,78.82835746941419,45050.35477798267
4489,0,770,2,2,1226079,1228134,1411.87149,1413.876588,2.005098000000089,39.6475252676149,33.7875,45.7125,1,1,1,1,2055,80,80,2055.0,80.0,2055.0,2055,80,79.49717361904914,46284.520756589394
4489,0,771,2,2,1228134,1230095,1413.876588,1415.878422,2.001833999999917,39.71112958136944,33.7875,45.7125,1,1,1,1,1961,80,80,1962.0,80.0,1961.0,1961,80,79.49508937438804,44884.34105925053
4489,0,772,2,2,1230095,1232225,1415.878422,1417.880154,2.001731999999947,39.59305351953975,33.7875,45.7125,1,1,1,1,2130,80,80,2130.0,80.0,2130.0,2130,80,79.25468220777111,45710.41478080103
4489,0,773,2,2,1232225,1234312,1417.880154,1419.882278,2.0021240000000944,39.6624167043511,33.7875,45.7125,1,1,1,1,2087,80,80,2089.0,80.0,2087.0,2087,80,79.4090763817876,45395.290201803546
4489,0,774,2,2,1234312,1235000,1419.882278,1420.50344,0.621161999999913,39.58778201774692,33.7875,45.7125,1,1,1,1,688,25,25,689.0,25.0,688.0,688,25,24.5904258537048,46630.347638786756
4489,0,775,2,2,1235000,1237073,1420.50344,1422.504098,2.0006580000001577,39.39504205616824,33.7875,45.7125,1,1,1,1,2073,79,79,2075.0,80.0,2073.0,2073,80,78.81600605001586,44493.361684002455
4489,0,776,2,2,1237073,1239112,1422.504098,1424.50426,2.0001619999998184,40.47115644704313,33.7875,45.7125,1,1,1,1,2039,80,80,2040.0,79.0,2039.0,2039,79,80.94886922142177,45913.78098374449
4489,0,777,2,2,1239112,1241267,1424.50426,1426.504279,2.0000190000000657,40.09746397046484,33.7875,45.7125,1,1,1,1,2155,79,79,2157.0,80.0,2155.0,2155,79,80.19568979274482,47056.55296274531
4489,0,778,2,2,1241267,1243329,1426.504279,1428.504533,2.000254000000041,40.64058560332266,33.7875,45.7125,1,1,1,1,2062,80,80,2063.0,80.0,2062.0,2062,80,81.2914939153925,45358.73944009018
4489,0,779,2,2,1243329,1245477,1428.504533,1430.504786,2.0002529999999297,40.78474722458015,33.7875,45.7125,1,1,1,1,2148,80,80,2151.0,80.0,2148.0,2148,80,81.57981299020321,46089.669656790036
4489,0,780,2,2,1245477,1247566,1430.504786,1432.506596,2.0018099999999777,40.461732064231825,33.7875,45.7125,1,1,1,1,2089,80,80,2089.0,80.0,2089.0,2089,80,80.99669986349909,46196.69199374618
4489,0,781,2,2,1247566,1248000,1432.506596,1432.914159,0.4075629999999819,40.377161799880966,33.7875,45.7125,1,1,1,1,434,16,16,434.0,16.0,434.0,434,16,16.456237194644928,46522.86885708674
4489,0,782,2,2,1248000,1250095,1432.914159,1434.91622,2.0020610000001398,40.27712473342101,33.7875,45.7125,1,1,1,1,2095,79,79,2100.0,80.0,2096.0,2095,79,80.6372606209261,46456.62644644369
4489,0,783,2,2,1250095,1250596,1434.91622,1436.92049,2.004269999999906,8.347180984395303,33.7875,45.7125,1,0,0,1,501,79,79,504.0,81.0,500.0,501,80,16.730004431592533,9549.112644504432
4489,0,784,2,2,1250596,1250677,1436.92049,1438.922767,2.002277000000049,0.9775359969617192,33.7875,45.7125,1,0,0,0,81,80,80,81.0,80.0,81.0,81,80,1.9572978433861863,739.1584680840681
4489,0,785,2,2,1250677,1250757,1438.922767,1440.925045,2.002277999999933,0.9807100652234414,33.7875,45.7125,1,0,0,0,80,80,80,80.0,80.0,80.0,80,80,1.9636541879735887,711.6893857896094
4489,0,786,2,2,1250757,1250837,1440.925045,1442.92732,2.002275000000054,0.9788377924445418,33.7875,45.7125,1,0,0,0,80,80,80,80.0,80.0,80.0,80,80,1.959902440867154,714.687043488013
4489,0,787,2,2,1250837,1250917,1442.92732,1444.929597,2.002277000000049,0.9782645620927973,33.7875,45.7125,1,0,0,0,80,80,80,80.0,80.0,80.0,80,80,1.9587566325935768,733.1652913158189
4489,0,788,2,2,1250917,1250997,1444.929597,1446.931873,2.002275999999938,0.9806067726291693,33.7875,45.7125,1,0,0,0,80,80,80,80.0,80.0,80.0,80,80,1.9634454062761506,703.699190321436
4489,0,789,2,2,1250997,1251077,1446.931873,1448.934153,2.002279999999928,0.9802409144374905,33.7875,45.7125,1,0,0,0,80,80,80,80.0,80.0,80.0,80,80,1.9627167781582102,702.1994925784859
4489,0,790,2,2,1251077,1251157,1448.934153,1450.936428,2.002275000000054,0.9824806217386194,33.7875,45.7125,1,0,0,0,80,80,80,80.0,80.0,80.0,80,80,1.9671963868895546,700.7029503939079
4489,0,791,2,2,1251157,1251237,1450.936428,1452.938705,2.002277000000049,0.9819594281146939,33.7875,45.7125,1,0,0,0,80,80,80,80.0,80.0,80.0,80,80,1.9661547778450768,702.2005446798647
4489,0,792,2,2,1251237,1251317,1452.938705,1454.940981,2.002275999999938,0.9820639036190627,33.7875,45.7125,1,0,0,0,80,80,80,80.0,80.0,80.0,80,80,1.9663629846836557,701.2020320875062
4489,0,793,2,2,1251317,1251398,1454.940981,1456.943259,2.002277999999933,0.9820110737363167,33.7875,45.7125,1,0,0,0,81,80,80,81.0,80.0,81.0,81,80,1.9662591687010718,703.698487422849
4489,0,794,2,2,1251398,1251479,1456.943259,1458.945534,2.002275000000054,0.9819081771352642,33.7875,45.7125,1,0,0,0,81,80,80,81.0,80.0,81.0,81,80,1.966050195376738,698.2057909128177
4489,0,795,2,2,1251479,1251559,1458.945534,1460.947812,2.0022780000001603,0.9763386766200917,33.7875,45.7125,1,0,0,0,80,80,80,80.0,80.0,80.0,80,80,1.9549014527437976,730.1683382626603
4489,0,796,2,2,1251559,1251641,1460.947812,1462.950087,2.002274999999827,0.9738939526883824,33.7875,45.7125,1,0,0,0,82,80,80,82.0,80.0,82.0,82,80,1.9500035141172702,688.7165848847533
4489,0,797,2,2,1251641,1251721,1462.950087,1464.952364,2.002277000000049,0.9762349877990797,33.7875,45.7125,1,0,0,0,80,80,80,80.0,80.0,80.0,80,80,1.9546928626659792,692.7113481301368
4489,0,798,2,2,1251721,1251801,1464.952364,1466.954643,2.002279000000044,0.9790443810638447,33.7875,45.7125,1,0,0,0,80,80,80,80.0,80.0,80.0,80,80,1.960320004269306,708.6924449589536
4489,0,799,2,2,1251801,1251881,1466.954643,1468.956917,2.002273999999943,0.9801912371616817,33.7875,45.7125,1,0,0,0,80,80,80,80.0,80.0,80.0,80,80,1.9626114291968406,696.2084110366711
4489,0,800,2,2,1251881,1251962,1468.956917,1470.959195,2.002277999999933,0.9805019038613815,33.7875,45.7125,1,0,0,0,81,80,80,81.0,80.0,81.0,81,80,1.9632373910571914,697.7053136477786
4489,0,801,2,2,1251962,1252083,1470.959195,1472.96147,2.002275000000054,1.4046845369222127,33.7875,45.7125,1,0,0,0,121,80,80,121.0,80.0,121.0,121,80,2.812564731168095,1532.2570575969419
4489,0,802,2,2,1252083,1252251,1472.96147,1474.963748,2.002277999999933,1.9619306856339198,33.7875,45.7125,1,0,0,0,168,80,80,168.0,80.0,168.0,168,80,3.928330649367126,2700.424216817136
4489,0,803,2,2,1252251,1252411,1474.963748,1476.966025,2.002277000000049,2.034423800323647,33.7875,45.7125,1,0,0,1,160,80,80,160.0,80.0,160.0,160,80,4.0734799836427555,2714.909076016888
4489,0,804,2,2,1252411,1252621,1476.966025,1478.966873,2.0008480000001327,3.158062850268659,33.7875,45.7125,1,0,0,1,210,80,80,210.0,79.0,210.0,210,79,6.318803737834969,4136.246231597528
4489,0,805,2,2,1252621,1252878,1478.966873,1480.970576,2.0037029999998595,4.310494154823077,33.7875,45.7125,1,0,0,1,257,80,80,257.0,81.0,257.0,257,81,8.636950069500017,5372.053642680954
4489,0,806,2,2,1252878,1253303,1480.970576,1482.972855,2.002279000000044,7.129741195023258,33.7875,45.7125,1,0,0,1,425,80,80,425.0,80.0,425.0,425,80,14.275731070229085,8842.92348868445
4489,0,807,2,2,1253303,1253870,1482.972855,1484.975131,2.002275999999938,9.862080357992106,33.7875,45.7125,1,0,0,1,567,80,80,567.0,80.0,567.0,567,80,19.746606810876983,12115.71231938092
4489,0,808,2,2,1253870,1254565,1484.975131,1486.977407,2.0022760000001654,11.762699572736786,33.7875,45.7125,1,0,0,1,695,80,80,695.0,80.0,695.0,695,80,23.552171049705066,14179.863315545737
4489,0,809,2,2,1254565,1255387,1486.977407,1488.977938,2.00053099999991,14.502452428358879,33.7875,45.7125,1,0,0,1,822,80,80,822.0,79.0,822.0,822,79,29.01260565895791,17178.938991698476
4489,0,810,2,2,1255387,1256269,1488.977938,1490.978103,2.0001649999999245,16.197647930526486,33.7875,45.7125,1,0,0,1,882,80,80,883.0,80.0,882.0,882,80,32.39796847296384,19047.42858714228
4489,0,811,2,2,1256269,1257229,1490.978103,1492.979336,2.001233000000184,17.57066541775783,33.7875,45.7125,1,0,0,1,960,80,80,960.0,80.0,960.0,960,80,35.1629954659802,20854.143420579294
4489,0,812,2,2,1257229,1258304,1492.979336,1494.980404,2.0010679999998047,19.424344710127777,33.7875,45.7125,1,0,0,1,1075,80,80,1075.0,80.0,1075.0,1075,80,38.86943462039926,22631.414824485935
4489,0,813,2,2,1258304,1259467,1494.980404,1496.98231,2.00190600000019,21.595107324112274,33.7875,45.7125,1,0,0,1,1163,80,80,1164.0,80.0,1163.0,1163,80,43.231374922790565,25291.89682232592
4489,0,814,2,2,1259467,1260727,1496.98231,1498.986465,2.004154999999855,24.08909427545764,33.7875,45.7125,1,0,0,1,1260,80,80,1260.0,80.0,1260.0,1260,80,48.27827873762726,28872.517345217402
4489,0,815,2,2,1260727,1261000,1498.986465,1499.380784,0.39431899999999587,26.620167500405454,33.7875,45.7125,1,0,0,1,273,16,16,273.0,16.0,273.0,273,16,10.496837828592106,32070.481006495076
4489,0,816,2,2,1261000,1262348,1499.380784,1501.382245,2.001461000000063,26.537438761669403,33.7875,45.7125,1,0,0,1,1348,80,80,1353.0,80.0,1348.0,1348,80,53.113648721373465,30576.663747131755
4489,0,817,2,2,1262348,1263891,1501.382245,1503.382207,1.999962000000096,28.245818014606787,33.7875,45.7125,1,0,0,1,1543,80,80,1544.0,80.0,1543.0,1543,80,56.49056268813001,32815.62349684486
4489,0,818,2,2,1263891,1265484,1503.382207,1505.382204,1.9999969999998939,29.39162450230753,33.7875,45.7125,1,0,0,1,1593,80,80,1593.0,80.0,1593.0,1593,80,58.78316082974197,34246.55136982887
4489,0,819,2,2,1265484,1267200,1505.382204,1507.38294,2.0007359999999608,31.591289561428255,33.7875,45.7125,1,0,0,1,1716,80,80,1716.0,80.0,1716.0,1716,80,63.2058303119702,36704.492746669945
4489,0,820,2,2,1267200,1268910,1507.38294,1509.384229,2.0012890000000425,33.48130607842347,33.7875,45.7125,1,0,0,1,1710,80,80,1710.0,80.0,1710.0,1710,80,67.00576956038276,39333.149784962756
4489,0,821,2,2,1268910,1270708,1509.384229,1511.387756,2.0035270000000764,35.14191834677114,33.7875,45.7125,1,1,0,1,1798,80,80,1798.0,80.0,1798.0,1798,80,70.40778223955567,39996.466231798695
4489,0,822,2,2,1270708,1272641,1511.387756,1513.388921,2.001164999999901,37.19215980547928,33.7875,45.7125,1,1,1,1,1933,80,80,1933.0,80.0,1933.0,1933,80,74.42764847712533,43709.539193422
4489,0,823,2,2,1272641,1274000,1513.388921,1514.762652,1.373730999999907,37.69825062454758,33.7875,45.7125,1,1,1,1,1359,55,55,1359.0,55.0,1359.0,1359,55,51.787255528710375,43055.73653066285
4489,0,824,2,2,1274000,1275991,1514.762652,1516.762803,2.000151000000187,39.51818328811983,33.7875,45.7125,1,1,1,1,1991,80,80,1992.0,80.0,1991.0,1991,80,79.04233382192615,45518.56334846293
4489,0,825,2,2,1275991,1277926,1516.762803,1518.763137,2.000333999999839,39.36206330869308,33.7875,45.7125,1,1,1,1,1935,79,79,1936.0,79.0,1935.0,1935,79,78.7372735465251,45680.37137798356
4489,0,826,2,2,1277926,1280014,1518.763137,1520.764952,2.0018150000000787,40.00679781061435,33.7875,45.7125,1,1,1,1,2088,80,80,2088.0,80.0,2088.0,2088,80,80.08620795925526,46501.799616845885
4489,0,827,2,2,1280014,1282055,1520.764952,1522.764956,2.00000399999999,39.39837943789799,33.7875,45.7125,1,1,1,1,2041,80,80,2041.0,80.0,2041.0,2041,80,78.79691646931315,46231.40753718516
4489,0,828,2,2,1282055,1284070,1522.764956,1524.765214,2.0002580000000307,39.502379157243574,33.7875,45.7125,1,1,1,1,2015,80,80,2016.0,80.0,2015.0,2015,80,79.01494992831431,45640.61236100473
4489,0,829,2,2,1284070,1286206,1524.765214,1526.768136,2.0029219999998986,39.9851564263818,33.7875,45.7125,1,1,1,1,2136,79,79,2139.0,80.0,2136.0,2136,79,80.0871494798339,46367.257436887056
4489,0,830,2,2,1286206,1287000,1526.768136,1527.559067,0.7909310000000005,39.84058232796007,33.7875,45.7125,1,1,1,1,794,32,32,795.0,32.0,794.0,794,32,31.511151621234603,45708.15911881059
4489,0,831,2,2,1287000,1289039,1527.559067,1529.560448,2.0013810000000376,39.955506464111195,33.7875,45.7125,1,1,1,1,2039,79,79,2046.0,80.0,2039.0,2039,79,79.96619148265017,46333.007058625146
4489,0,832,2,2,1289039,1291233,1529.560448,1531.560562,2.0001139999999396,40.037428695262044,33.7875,45.7125,1,1,1,1,2194,80,80,2194.0,80.0,2194.0,2194,80,80.07942165739223,46879.32787831235
4489,0,833,2,2,1291233,1293261,1531.560562,1533.560714,2.000152000000071,39.841781836395214,33.7875,45.7125,1,1,1,1,2028,80,80,2028.0,80.0,2028.0,2028,80,79.68961962363392,45433.04708841967
4489,0,834,2,2,1293261,1295302,1533.560714,1535.560937,2.0002230000000054,39.54760722292406,33.7875,45.7125,1,1,1,1,2041,80,80,2041.0,80.0,2041.0,2041,80,79.10403356226016,44381.05151275621
4489,0,835,2,2,1295302,1297364,1535.560937,1537.561975,2.001038000000108,40.257834374121266,33.7875,45.7125,1,1,1,1,2062,80,80,2063.0,80.0,2062.0,2062,80,80.55745638032386,46553.838557786
4489,0,836,2,2,1297364,1299453,1537.561975,1539.562131,2.0001559999998335,40.05753441009989,33.7875,45.7125,1,1,1,1,2089,79,79,2090.0,79.0,2089.0,2089,79,80.12131779555784,46242.89305434561
4489,0,837,2,2,1299453,1300000,1539.562131,1540.092951,0.5308200000001762,40.69234449194194,33.7875,45.7125,1,1,1,1,547,22,22,547.0,22.0,547.0,547,22,21.600310303219885,46567.57469573829
4489,0,838,2,2,1300000,1302096,1540.092951,1542.093011,2.0000599999998485,40.13045756069529,33.7875,45.7125,1,1,1,1,2096,80,80,2101.0,80.0,2096.0,2096,80,80.26332294883468,47027.58917232839
4489,0,839,2,2,1302096,1304164,1542.093011,1544.093682,2.000671000000011,39.96888875859859,33.7875,45.7125,1,1,1,1,2068,80,80,2068.0,80.0,2068.0,2068,80,79.96459664155554,45817.12835343717
4489,0,840,2,2,1304164,1306225,1544.093682,1546.093921,2.000238999999965,40.022852963611506,33.7875,45.7125,1,1,1,1,2061,79,79,2061.0,79.0,2061.0,2061,79,80.05527138907928,46473.94636341039
4489,0,841,2,2,1306225,1308339,1546.093921,1548.09439,2.0004690000000664,40.53050093727045,33.7875,45.7125,1,1,1,1,2114,80,80,2115.0,80.0,2114.0,2114,80,81.08001067948499,46764.03383406436
4489,0,842,2,2,1308339,1310425,1548.09439,1550.09552,2.001130000000103,40.32545400896948,33.7875,45.7125,1,1,1,1,2086,80,80,2086.0,80.0,2086.0,2086,80,80.69647578097647,47130.371340190366
4489,0,843,2,2,1310425,1312538,1550.09552,1552.095527,2.0000069999998686,39.96610023915818,33.7875,45.7125,1,1,1,1,2113,80,80,2114.0,80.0,2113.0,2113,80,79.93248024101194,46037.838867566985
4489,0,844,2,2,1312538,1313000,1552.095527,1552.548621,0.4530939999999646,39.97390158713173,33.7875,45.7125,1,1,1,1,462,18,18,462.0,18.0,462.0,462,18,18.1119349657165,45807.27178025227
4489,0,845,2,2,1313000,1315053,1552.548621,1554.550479,2.001858000000084,40.02645077483713,33.7875,45.7125,1,1,1,1,2053,80,80,2056.0,80.0,2053.0,2053,80,80.12727069521497,46546.75806175867
4489,0,846,2,2,1315053,1317176,1554.550479,1556.55051,2.0000310000000354,39.88351523309472,33.7875,45.7125,1,1,1,1,2123,80,80,2124.0,80.0,2123.0,2123,80,79.76826685516426,45897.28859202601
4489,0,847,2,2,1317176,1319291,1556.55051,1558.55104,2.000530000000026,40.04528956490019,33.7875,45.7125,1,1,1,1,2115,80,80,2115.0,80.0,2115.0,2115,80,80.1118031332735,46334.2214313201
4489,0,848,2,2,1319291,1321342,1558.55104,1560.551031,1.999990999999909,39.88977955866232,33.7875,45.7125,1,1,1,1,2051,80,80,2051.0,80.0,2051.0,2051,80,79.77920010930393,46838.2107719506
4489,0,849,2,2,1321342,1323455,1560.551031,1562.553621,2.0025900000000547,39.684607339922806,33.7875,45.7125,1,1,1,1,2113,80,80,2114.0,80.0,2113.0,2113,80,79.47199781285599,46769.43358350808
4489,0,850,2,2,1323455,1325512,1562.553621,1564.554234,2.0006129999999303,40.1890016139368,33.7875,45.7125,1,1,1,1,2057,80,80,2058.0,80.0,2057.0,2057,80,80.40263908586348,47156.04667169677
4489,0,851,2,2,1325512,1326000,1564.554234,1565.052225,0.49799099999995633,39.93555859428526,33.7875,45.7125,1,1,1,1,488,20,20,488.0,20.0,488.0,488,20,19.88754875992163,44372.287852595604
4489,0,852,2,2,1326000,1328033,1565.052225,1567.052491,2.0002660000000105,39.929381961439304,33.7875,45.7125,1,1,1,1,2033,80,80,2034.0,80.0,2033.0,2033,80,79.86938513848145,45149.99505065803
4489,0,853,2,2,1328033,1330127,1567.052491,1569.053665,2.001173999999992,39.79685176161409,33.7875,45.7125,1,1,1,1,2094,80,80,2095.0,80.0,2094.0,2094,80,79.6404250271953,45092.53068448839
4489,0,854,2,2,1330127,1332240,1569.053665,1571.057572,2.0039070000000265,39.94365315020907,33.7875,45.7125,1,1,1,1,2113,80,80,2114.0,80.0,2113.0,2113,80,80.04336615328066,46201.245866199766
4489,0,855,2,2,1332240,1334298,1571.057572,1573.058381,2.0008090000001175,39.59180462898795,33.7875,45.7125,1,1,1,1,2058,80,80,2061.0,80.0,2058.0,2058,80,79.21563902792695,45095.75876557668
4489,0,856,2,2,1334298,1336388,1573.058381,1575.059068,2.000686999999971,39.71389101746911,33.7875,45.7125,1,1,1,1,2090,80,80,2090.0,80.0,2090.0,2090,80,79.45506547806872,45144.992695009925
4489,0,857,2,2,1336388,1338473,1575.059068,1577.059744,2.000675999999885,39.54182102496264,33.7875,45.7125,1,1,1,1,2085,80,80,2089.0,80.0,2085.0,2085,80,79.11037232093076,45229.21252616876
4489,0,858,2,2,1338473,1339000,1577.059744,1577.579419,0.5196750000000065,39.40886967376258,33.7875,45.7125,1,1,1,1,527,20,20,527.0,20.0,527.0,527,20,20.47980434771307,44241.11223360699
4489,0,859,2,2,1339000,1341153,1577.579419,1579.58129,2.0018710000001647,39.576680338193285,33.7875,45.7125,1,1,1,1,2153,79,79,2158.0,80.0,2153.0,2153,79,79.22740864530351,45571.86751793322
4489,0,860,2,2,1341153,1343233,1579.58129,1581.582737,2.001446999999871,39.73496234310826,33.7875,45.7125,1,1,1,1,2080,80,80,2081.0,80.0,2080.0,2080,80,79.5274211767246,45560.536951518516
4489,0,861,2,2,1343233,1345229,1581.582737,1583.582962,2.0002250000000004,39.47286542825149,33.7875,45.7125,1,1,1,1,1996,80,80,1997.0,80.0,1996.0,1996,80,78.95461225122563,44988.43880063492
4489,0,862,2,2,1345229,1347304,1583.582962,1585.582932,1.9999700000000757,39.82626920970821,33.7875,45.7125,1,1,1,1,2075,80,80,2078.0,80.0,2075.0,2075,80,79.65134363133984,45627.18440776439
4489,0,863,2,2,1347304,1349339,1585.582932,1587.583146,2.0002139999999144,39.45104567288596,33.7875,45.7125,1,1,1,1,2035,80,80,2036.0,80.0,2035.0,2035,80,78.91053386954445,44670.72023293698
4489,0,864,2,2,1349339,1351261,1587.583146,1589.585322,2.002175999999963,39.319260951681414,33.7875,45.7125,1,1,1,1,1922,80,80,1922.0,80.0,1922.0,1922,80,78.72408061518945,44337.7605165588
4489,0,865,2,2,1351261,1352000,1589.585322,1590.2708,0.6854780000001028,39.22768479117056,33.7875,45.7125,1,1,1,1,739,28,28,740.0,28.0,739.0,739,28,26.889714915283548,45072.197794816704
4489,0,866,2,2,1352000,1354087,1590.2708,1592.270845,2.000045,39.06299952134582,33.7875,45.7125,1,1,1,1,2087,79,79,2089.0,79.0,2087.0,2087,79,78.12775687767135,44959.48841151074
4489,0,867,2,2,1354087,1356111,1592.270845,1594.270812,1.9999669999999696,38.77712931481934,33.7875,45.7125,1,1,1,1,2024,80,80,2024.0,80.0,2024.0,2024,80,77.5529789843713,43786.22247267146
4489,0,868,2,2,1356111,1358155,1594.270812,1596.273394,2.002582000000075,39.04466202414292,33.7875,45.7125,1,1,1,1,2044,80,80,2046.0,80.0,2044.0,2044,80,78.19013736563647,45105.269097593315
4489,0,869,2,2,1358155,1360117,1596.273394,1598.273395,2.000000999999884,38.760791385418784,33.7875,45.7125,1,1,1,1,1962,80,80,1962.0,80.0,1962.0,1962,80,77.52162153162499,43974.478012763546
4489,0,870,2,2,1360117,1362208,1598.273395,1600.274379,2.0009840000000167,38.93425736902734,33.7875,45.7125,1,1,1,1,2091,78,78,2106.0,80.0,2092.0,2091,78,77.90682604730682,44348.18069509764
4489,0,871,2,2,1362208,1364368,1600.274379,1602.275259,2.000880000000052,38.64406873229508,33.7875,45.7125,1,1,1,1,2160,80,80,2162.0,80.0,2159.0,2160,80,77.32214424507401,45449.002438925694
4489,0,872,2,2,1364368,1365000,1602.275259,1602.908531,0.6332720000000336,38.95304710267368,33.7875,45.7125,1,1,1,1,632,25,25,632.0,25.0,632.0,632,25,24.667874044804194,43760.02728685072
4489,0,873,2,2,1365000,1367047,1602.908531,1604.910039,2.001508000000058,38.85659215827053,33.7875,45.7125,1,1,1,1,2047,79,79,2050.0,80.0,2047.0,2047,79,77.77178005751921,43943.36670150579
4489,0,874,2,2,1367047,1369077,1604.910039,1606.910397,2.0003580000000056,39.11567508701125,33.7875,45.7125,1,1,1,1,2030,80,80,2030.0,80.0,2030.0,2030,80,78.24535358570574,44537.527782526806
4489,0,875,2,2,1369077,1371155,1606.910397,1608.910621,2.000223999999889,39.22116792191138,33.7875,45.7125,1,1,1,1,2078,80,80,2078.0,80.0,2078.0,2078,80,78.45112138543482,44381.529268724364
4489,0,876,2,2,1371155,1373174,1608.910621,1610.910891,2.0002700000000004,39.11051129333342,33.7875,45.7125,1,1,1,1,2019,80,80,2020.0,80.0,2019.0,2019,80,78.23158242471254,44834.947282116904
4489,0,877,2,2,1373174,1375109,1610.910891,1612.913063,2.002171999999973,39.32485569020538,33.7875,45.7125,1,1,1,1,1935,80,80,1936.0,80.0,1935.0,1935,80,78.7351249669664,44557.11097747905
4489,0,878,2,2,1375109,1377082,1612.913063,1614.914134,2.001071000000138,38.90294415200141,33.7875,45.7125,1,1,1,1,1973,80,80,1973.0,80.0,1973.0,1973,80,77.8475533571982,43947.965864276644
4489,0,879,2,2,1377082,1378000,1614.914134,1615.789387,0.8752529999999297,39.21920414788763,33.7875,45.7125,1,1,1,1,918,35,35,920.0,35.0,918.0,918,35,34.32672608804569,45054.401413080755
4489,0,880,2,2,1378000,1380007,1615.789387,1617.789672,2.0002850000000763,38.993480842493106,33.7875,45.7125,1,1,1,1,2007,80,80,2011.0,80.0,2007.0,2007,80,77.99807482703181,44133.71094618848
4489,0,881,2,2,1380007,1381978,1617.789672,1619.793121,2.0034489999998186,38.947024805970486,33.7875,45.7125,1,1,1,1,1971,80,80,1972.0,80.0,1971.0,1971,80,78.02837790048943,43930.741436396915
4489,0,882,2,2,1381978,1384107,1619.793121,1621.794349,2.001228000000083,39.36362162368207,33.7875,45.7125,1,1,1,1,2129,80,80,2130.0,80.0,2129.0,2129,80,78.77558177472383,44494.68026631464
4489,0,883,2,2,1384107,1386140,1621.794349,1623.796648,2.0022989999999936,38.749935841165,33.7875,45.7125,1,1,1,1,2033,80,80,2035.0,80.0,2033.0,2033,80,77.58895778482838,43616.36299074228
4489,0,884,2,2,1386140,1388224,1623.796648,1625.798868,2.0022200000000794,39.091342515193695,33.7875,45.7125,1,1,1,1,2084,80,80,2085.0,80.0,2084.0,2084,80,78.26946781077277,45370.139145546644
4489,0,885,2,2,1388224,1390311,1625.798868,1627.799022,2.0001539999998386,39.351314181696445,33.7875,45.7125,1,1,1,1,2087,80,80,2087.0,80.0,2087.0,2087,80,78.70868846576923,44662.061021304966
4489,0,886,2,2,1390311,1391000,1627.799022,1628.494838,0.6958160000001499,39.10639902742203,33.7875,45.7125,1,1,1,1,689,28,28,689.0,28.0,689.0,689,28,27.2108581456705,45075.13480574354
4489,0,887,2,2,1391000,1393029,1628.494838,1630.495131,2.0002929999998287,39.61983593718748,33.7875,45.7125,1,1,1,1,2029,80,80,2031.0,80.0,2029.0,2029,80,79.25128048629995,45797.79062367755
4489,0,888,2,2,1393029,1395078,1630.495131,1632.495385,2.000254000000041,39.397438283490786,33.7875,45.7125,1,1,1,1,2049,80,80,2049.0,80.0,2049.0,2049,80,78.80488351630629,44635.83124943041
4489,0,889,2,2,1395078,1397139,1632.495385,1634.496146,2.0007610000000113,39.714147883068705,33.7875,45.7125,1,1,1,1,2061,80,80,2061.0,80.0,2061.0,2061,80,79.4585182326773,45214.295960386815
4489,0,890,2,2,1397139,1399191,1634.496146,1636.496261,2.0001150000000507,39.325404282896585,33.7875,45.7125,1,1,1,1,2052,79,79,2053.0,79.0,2052.0,2052,79,78.65533098729065,44722.4284603624
4489,0,891,2,2,1399191,1401244,1636.496261,1638.496777,2.0005160000000615,39.68481961204789,33.7875,45.7125,1,1,1,1,2053,80,80,2053.0,80.0,2053.0,2053,80,79.39011659102107,45470.76854171484
4489,0,892,2,2,1401244,1403406,1638.496777,1640.497512,2.0007349999998496,40.28515100908074,33.7875,45.7125,1,1,1,1,2162,80,80,2169.0,80.0,2162.0,2162,80,80.59991160414938,46470.42211987444
4489,0,893,2,2,1403406,1404000,1640.497512,1641.091482,0.5939700000001267,39.98142339682501,33.7875,45.7125,1,1,1,1,594,24,24,595.0,24.0,594.0,594,24,23.747766055013926,44014.007441443886
4489,0,894,2,2,1404000,1406073,1641.091482,1643.093356,2.0018740000000435,40.211797750883235,33.7875,45.7125,1,1,1,1,2073,80,80,2078.0,80.0,2074.0,2073,80,80.49895241075137,45641.234163587724
4489,0,895,2,2,1406073,1408143,1643.093356,1645.093871,2.0005149999999503,40.16668881072591,33.7875,45.7125,1,1,1,1,2070,80,80,2069.0,80.0,2069.0,2070,80,80.35406346618402,45449.79667735671
4489,0,896,2,2,1408143,1410169,1645.093871,1647.095611,2.001739999999927,39.92328486554032,33.7875,45.7125,1,1,1,1,2026,80,80,2026.0,80.0,2026.0,2026,80,79.91603624674462,44591.705216463306
4489,0,897,2,2,1410169,1412334,1647.095611,1649.095601,1.9999900000000252,40.28054847005455,33.7875,45.7125,1,1,1,1,2165,80,80,2165.0,80.0,2165.0,2165,80,80.56069413462683,45240.226201130434
4489,0,898,2,2,1412334,1414357,1649.095601,1651.096662,2.001060999999936,39.85569052403281,33.7875,45.7125,1,1,1,1,2023,80,80,2025.0,80.0,2023.0,2023,80,79.7536679357072,45893.153681973185
4489,0,899,2,2,1414357,1416416,1651.096662,1653.099694,2.0030320000000756,39.81249909392707,33.7875,45.7125,1,1,1,1,2059,80,80,2061.0,80.0,2060.0,2059,80,79.7457096851067,45408.660470724666
4489,0,900,2,2,1416416,1417000,1653.099694,1653.691419,0.5917249999999967,40.01915713983779,33.7875,45.7125,1,1,1,1,584,23,23,584.0,23.0,583.0,584,23,23.680335758566798,44223.245595504915
4489,0,901,2,2,1417000,1419018,1653.691419,1655.692264,2.0008450000000266,40.00854986038326,33.7875,45.7125,1,1,1,1,2018,79,79,2022.0,80.0,2018.0,2018,79,80.05090694539831,45441.30105030564
4489,0,902,2,2,1419018,1420999,1655.692264,1657.695155,2.0028910000000906,39.91767237901427,33.7875,45.7125,1,1,1,1,1981,80,80,1981.0,80.0,1981.0,1981,80,79.95074674888019,45012.434525890785
4489,0,903,2,2,1420999,1423186,1657.695155,1659.695449,2.00029399999994,40.32154697798463,33.7875,45.7125,1,1,1,1,2187,79,79,2187.0,80.0,2187.0,2187,79,80.65494849078095,46736.12978892244
4489,0,904,2,2,1423186,1425203,1659.695449,1661.695963,2.000513999999839,39.57209241082814,33.7875,45.7125,1,1,1,1,2017,80,80,2019.0,80.0,2017.0,2017,80,79.1645248771456,45701.25477752585
4489,0,905,2,2,1425203,1427322,1661.695963,1663.696819,2.0008560000001125,39.538697640804415,33.7875,45.7125,1,1,1,1,2119,80,80,2120.0,80.0,2119.0,2119,80,79.11124040679715,45083.70417461073
4489,0,906,2,2,1427322,1429425,1663.696819,1665.698818,2.001999000000069,40.22673493105564,33.7875,45.7125,1,1,1,1,2103,80,80,2103.0,80.0,2103.0,2103,80,80.53388310524315,46072.95008638707
4489,0,907,2,2,1429425,1430000,1665.698818,1666.257913,0.5590949999998429,40.127997364997704,33.7875,45.7125,1,1,1,1,575,23,23,575.0,23.0,575.0,575,23,22.43536268677417,45970.720539456124
4489,0,908,2,2,1430000,1432034,1666.257913,1668.258538,2.0006250000001273,39.92381376208866,33.7875,45.7125,1,1,1,1,2034,79,79,2036.0,80.0,2034.0,2034,80,79.87257990778016,45907.15401436759
4489,0,909,2,2,1432034,1434061,1668.258538,1670.260815,2.002277000000049,39.99703852028388,33.7875,45.7125,1,1,1,1,2027,80,80,2029.0,80.0,2027.0,2027,80,80.08515029728005,45267.46299338093
4489,0,910,2,2,1434061,1436111,1670.260815,1672.262917,2.0021019999999226,40.02596780099681,33.7875,45.7125,1,1,1,1,2050,79,79,2052.0,79.0,2050.0,2050,78,80.13607018630864,45818.844394543106
4489,0,911,2,2,1436111,1438191,1672.262917,1674.264635,2.0017179999999826,39.49796451731398,33.7875,45.7125,1,1,1,1,2080,80,80,2081.0,80.0,2080.0,2080,80,79.06378653767024,45399.5018279302
4489,0,912,2,2,1438191,1440300,1674.264635,1676.26466,2.0000250000000506,39.616679219715486,33.7875,45.7125,1,1,1,1,2109,80,80,2111.0,80.0,2109.0,2109,80,79.23434885641473,44979.937750776975
4489,0,913,2,2,1440300,1442362,1676.26466,1678.265241,2.000581000000011,39.467750439014075,33.7875,45.7125,1,1,1,1,2062,80,80,2062.0,80.0,2062.0,2062,80,78.9584316410328,45401.310919177726
4489,0,914,2,2,1442362,1443000,1678.265241,1678.87557,0.6103289999998651,39.638111148739206,33.7875,45.7125,1,1,1,1,638,25,25,638.0,25.0,638.0,638,25,24.192288739293872,47575.979512699574
4489,0,915,2,2,1443000,1445101,1678.87557,1680.876813,2.0012430000001586,39.67328438317858,33.7875,45.7125,1,1,1,1,2101,80,80,2102.0,80.0,2101.0,2101,80,79.39588265884959,45511.21478001061
4489,0,916,2,2,1445101,1447193,1680.876813,1682.87715,2.000336999999945,39.55171939185332,33.7875,45.7125,1,1,1,1,2092,80,80,2092.0,80.0,2092.0,2092,80,79.11676771313796,45380.85332621578
4489,0,917,2,2,1447193,1449258,1682.87715,1684.877436,2.00028599999996,39.4282226557938,33.7875,45.7125,1,1,1,1,2065,79,79,2065.0,80.0,2065.0,2065,80,78.86772178326646,45951.928874171914
4489,0,918,2,2,1449258,1451307,1684.877436,1686.877625,2.0001890000000913,39.626418248717,33.7875,45.7125,1,1,1,1,2049,80,80,2051.0,79.0,2049.0,2049,79,79.26032589048555,46132.64046547391
4489,0,919,2,2,1451307,1453386,1686.877625,1688.878127,2.0005019999998694,39.82447957808342,33.7875,45.7125,1,1,1,1,2079,80,80,2079.0,80.0,2079.0,2079,80,79.66895104490686,45706.02778702844
4489,0,920,2,2,1453386,1455506,1688.878127,1690.879257,2.001130000000103,39.74690207451571,33.7875,45.7125,1,1,1,1,2120,79,79,2121.0,80.0,2120.0,2120,79,79.53871814838203,46186.90439901218
4489,0,921,2,2,1455506,1456000,1690.879257,1691.375003,0.49574600000005375,39.46143905802264,33.7875,45.7125,1,1,1,1,494,20,20,494.0,20.0,494.0,494,20,19.562850567257556,45180.394798944566
4489,0,922,2,2,1456000,1458084,1691.375003,1693.375133,2.000129999999899,39.9363558441765,33.7875,45.7125,1,1,1,1,2084,80,80,2087.0,80.0,2084.0,2084,80,79.87790341460641,45648.03287786524
4489,0,923,2,2,1458084,1460120,1693.375133,1695.37704,2.001907000000074,39.63296681583226,33.7875,45.7125,1,1,1,1,2036,80,80,2036.0,80.0,2036.0,2036,80,79.34151369938627,45877.25603636763
4489,0,924,2,2,1460120,1462230,1695.37704,1697.377907,2.000866999999971,39.4858835162088,33.7875,45.7125,1,1,1,1,2110,80,80,2110.0,80.0,2110.0,2110,80,79.00600129342638,45972.57089051962
4489,0,925,2,2,1462230,1464335,1697.377907,1699.379162,2.001254999999901,39.49914405396231,33.7875,45.7125,1,1,1,1,2105,80,80,2105.0,80.0,2105.0,2105,80,79.04785953371174,46113.06405230946
4489,0,926,2,2,1464335,1466394,1699.379162,1701.379789,2.0006270000001223,39.51997232325798,33.7875,45.7125,1,1,1,1,2059,80,80,2059.0,80.0,2059.0,2059,80,79.06472366916569,45053.87560999351
4489,0,927,2,2,1466394,1468406,1701.379789,1703.380868,2.0010789999998906,39.53764538493509,33.7875,45.7125,1,1,1,1,2012,80,80,2013.0,80.0,2012.0,2012,80,79.11795188923861,44518.48227881302
4489,0,928,2,2,1468406,1469000,1703.380868,1703.961158,0.5802900000001046,40.013005485550984,33.7875,45.7125,1,1,1,1,594,23,23,594.0,23.0,594.0,594,23,23.219146953211748,45449.68894862095
4489,0,929,2,2,1469000,1471083,1703.961158,1705.962234,2.001076000000012,39.773640791569626,33.7875,45.7125,1,1,1,1,2083,80,80,2091.0,80.0,2083.0,2083,80,79.59007802062843,45989.7575104591
4489,0,930,2,2,1471083,1473060,1705.962234,1707.962253,2.0000189999998383,39.44429730903181,33.7875,45.7125,1,1,1,1,1977,80,80,1979.0,80.0,1977.0,1977,80,78.8893440597094,44461.57761501625
4489,0,931,2,2,1473060,1475096,1707.962253,1709.962867,2.0006140000000414,40.03069948564575,33.7875,45.7125,1,1,1,1,2036,80,80,2038.0,80.0,2036.0,2036,80,80.08597782077413,44867.72560823734
4489,0,932,2,2,1475096,1477187,1709.962867,1711.963368,2.0005009999999857,39.906639905355654,33.7875,45.7125,1,1,1,1,2091,80,80,2092.0,80.0,2091.0,2091,80,79.83327303730039,45453.61386972596
4489,0,933,2,2,1477187,1479266,1711.963368,1713.963773,2.0004050000000007,39.69539738042578,33.7875,45.7125,1,1,1,1,2079,80,80,2079.0,80.0,2079.0,2079,80,79.40687139679358,45293.328101059524
4489,0,934,2,2,1479266,1481309,1713.963773,1715.965005,2.0012320000000727,39.82814199498708,33.7875,45.7125,1,1,1,1,2043,80,80,2047.0,80.0,2045.0,2043,80,79.70535226091306,45567.93015502285
4489,0,935,2,2,1481309,1482000,1715.965005,1716.605827,0.6408220000000711,39.67393692736342,33.7875,45.7125,1,1,1,1,691,25,25,691.0,25.0,689.0,691,25,25.423931609671854,47009.934115864715
4489,0,936,2,2,1482000,1484019,1716.605827,1718.606741,2.000913999999966,39.430332992090236,33.7875,45.7125,1,1,1,1,2019,80,80,2023.0,80.0,2019.0,2019,80,78.89670530853618,44583.125511641934
4489,0,937,2,2,1484019,1486089,1718.606741,1720.606709,1.9999679999998534,39.519020402276595,33.7875,45.7125,1,1,1,1,2070,80,80,2070.0,80.0,2070.0,2070,80,79.03677619589143,45692.23107570056
4489,0,938,2,2,1486089,1488088,1720.606709,1722.607655,2.0009460000001127,39.69388185827393,33.7875,45.7125,1,1,1,1,1999,80,80,2000.0,80.0,1999.0,1999,80,79.4253141287918,45050.191259531704
4489,0,939,2,2,1488088,1490108,1722.607655,1724.609574,2.0019190000000435,39.4848572741825,33.7875,45.7125,1,1,1,1,2020,80,80,2020.0,80.0,2020.0,2020,80,79.0454859894744,45316.518800210215
4489,0,940,2,2,1490108,1492234,1724.609574,1726.610634,2.001059999999825,39.78109114621405,33.7875,45.7125,1,1,1,1,2126,80,80,2126.0,80.0,2126.0,2126,80,79.60435024903563,45912.66628687198
4489,0,941,2,2,1492234,1494381,1726.610634,1728.612082,2.0014480000002095,40.069596617983755,33.7875,45.7125,1,1,1,1,2147,80,80,2148.0,80.0,2147.0,2147,80,80.19721401188144,46727.66916751782
4489,0,942,2,2,1494381,1495000,1728.612082,1729.206054,0.5939719999998943,40.22232727941739,33.7875,45.7125,1,1,1,1,619,24,24,619.0,24.0,619.0,619,24,23.890936178802804,45763.09994411326
4489,0,943,2,2,1495000,1497136,1729.206054,1731.207446,2.001391999999896,39.830752313845,33.7875,45.7125,1,1,1,1,2136,80,80,2139.0,80.0,2136.0,2136,80,79.71694903490425,46452.16929017645
4489,0,944,2,2,1497136,1499173,1731.207446,1733.208224,2.000778000000082,39.89947497492188,33.7875,45.7125,1,1,1,1,2037,80,80,2037.0,80.0,2037.0,2037,80,79.82999174137512,45037.48042011473
4489,0,945,2,2,1499173,1501197,1733.208224,1735.209641,2.0014169999999467,39.6639688222293,33.7875,45.7125,1,1,1,1,2024,79,79,2027.0,80.0,2026.0,2024,79,79.38414148827724,45653.65438586883
4489,0,946,2,2,1501197,1503236,1735.209641,1737.210959,2.001318000000083,40.137320673851825,33.7875,45.7125,1,1,1,1,2039,80,80,2037.0,79.0,2037.0,2039,80,80.32754233635205,45739.35776323213
4489,0,947,2,2,1503236,1505360,1737.210959,1739.211019,2.000060000000076,40.265026827770285,33.7875,45.7125,1,1,1,1,2124,80,80,2125.0,80.0,2124.0,2124,80,80.5324695571544,46095.61713148431
4489,0,948,2,2,1505360,1507504,1739.211019,1741.213349,2.002330000000029,40.13107811976878,33.7875,45.7125,1,1,1,1,2144,80,80,2144.0,80.0,2144.0,2144,80,80.35566165155615,46088.307122201964
4489,0,949,2,2,1507504,1508000,1741.213349,1741.681049,0.4676999999999225,39.835674964269266,33.7875,45.7125,1,1,1,1,496,19,19,496.0,19.0,496.0,496,19,18.631145180785097,42420.354928379915
4489,0,950,2,2,1508000,1510071,1741.681049,1743.684338,2.003288999999995,40.01281976144725,33.7875,45.7125,1,1,1,1,2071,80,80,2076.0,80.0,2071.0,2071,80,80.1572416870913,46828.989726395055
4489,0,951,2,2,1510071,1512094,1743.684338,1745.684604,2.0002660000000105,40.05383138861725,33.7875,45.7125,1,1,1,1,2023,80,80,2024.0,80.0,2023.0,2023,80,80.118317096385,45234.98374716139
4489,0,952,2,2,1512094,1514213,1745.684604,1747.685407,2.0008029999999053,39.89877051115233,33.7875,45.7125,1,1,1,1,2119,80,80,2119.0,80.0,2119.0,2119,80,79.82957973502198,45091.89560391716
4489,0,953,2,2,1514213,1516305,1747.685407,1749.685437,2.0000300000001516,39.6672728230397,33.7875,45.7125,1,1,1,1,2092,80,80,2092.0,80.0,2092.0,2092,80,79.33573566427367,45447.81828272231
4489,0,954,2,2,1516305,1518308,1749.685437,1751.686022,2.000585000000001,39.63715448153785,33.7875,45.7125,1,1,1,1,2003,80,80,2004.0,80.0,2003.0,2003,80,79.2974966984475,45454.204645141275
4489,0,955,2,2,1518308,1520364,1751.686022,1753.687044,2.001021999999921,39.56089720105875,33.7875,45.7125,1,1,1,1,2056,80,80,2057.0,80.0,2056.0,2056,80,79.16222563905467,44987.01163705525
4489,0,956,2,2,1520364,1521000,1753.687044,1754.316125,0.629081000000042,39.72757077699453,33.7875,45.7125,1,1,1,1,636,25,25,636.0,25.0,636.0,636,25,24.991859951966035,45356.63928810137
4489,0,957,2,2,1521000,1523136,1754.316125,1756.316417,2.000291999999945,39.73305158403531,33.7875,45.7125,1,1,1,1,2136,80,80,2139.0,80.0,2136.0,2136,80,79.47770521912753,45787.81497901433
4489,0,958,2,2,1523136,1525144,1756.316417,1758.318436,2.0020190000000184,39.580899232115414,33.7875,45.7125,1,1,1,1,2008,80,80,2008.0,80.0,2008.0,2008,80,79.24171229977946,45158.412582497556
4489,0,959,2,2,1525144,1527221,1758.318436,1760.318752,2.0003159999998843,39.892758167719144,33.7875,45.7125,1,1,1,1,2077,80,80,2079.0,80.0,2077.0,2077,80,79.79812244701316,45580.79823388168
4489,0,960,2,2,1527221,1529330,1760.318752,1762.318821,2.000069000000167,40.130642526850544,33.7875,45.7125,1,1,1,1,2109,80,80,2111.0,80.0,2110.0,2109,80,80.26405406804406,45736.92207618456
4489,0,961,2,2,1529330,1531452,1762.318821,1764.31988,2.001058999999941,39.995335312560236,33.7875,45.7125,1,1,1,1,2122,80,80,2121.0,80.0,2121.0,2122,80,80.03302568521758,45630.83847103093
4489,0,962,2,2,1531452,1533514,1764.31988,1766.320038,2.000158000000056,40.189348255095155,33.7875,45.7125,1,1,1,1,2062,79,79,2062.0,80.0,2062.0,2062,80,80.38504642721819,46945.29132198425
4489,0,963,2,2,1533514,1534000,1766.320038,1766.838719,0.518681000000015,40.10297600911664,33.7875,45.7125,1,1,1,1,486,21,21,486.0,20.0,486.0,486,20,20.800651699384616,45228.184568162935
4489,0,964,2,2,1534000,1535995,1766.838719,1768.839008,2.000288999999839,39.989716508943594,33.7875,45.7125,1,1,1,1,1995,80,80,1999.0,80.0,1995.0,1995,80,79.99099004595337,44603.05485857653
4489,0,965,2,2,1535995,1537990,1768.839008,1770.839595,2.000586999999996,40.13009320938013,33.7875,45.7125,1,1,1,1,1995,80,80,1996.0,80.0,1995.0,1995,80,80.28374278347474,44897.322635806486
4489,0,966,2,2,1537990,1540048,1770.839595,1772.843875,2.004280000000108,40.250420883718476,33.7875,45.7125,1,1,1,1,2058,80,80,2061.0,80.0,2058.0,2058,80,80.67311356882419,46019.51823098321
4489,0,967,2,2,1540048,1542165,1772.843875,1774.845453,2.0015779999998813,39.93097762745705,33.7875,45.7125,1,1,1,1,2117,80,80,2119.0,80.0,2117.0,2117,80,79.92496633760311,45191.344029563355
4489,0,968,2,2,1542165,1544256,1774.845453,1776.846357,2.0009039999999914,39.85323060651605,33.7875,45.7125,1,1,1,1,2091,80,80,2091.0,80.0,2091.0,2091,80,79.74248853349854,46374.538708503955
4489,0,969,2,2,1544256,1546282,1776.846357,1778.846578,2.0002210000000105,40.17470034440824,33.7875,45.7125,1,1,1,1,2026,80,80,2030.0,80.0,2026.0,2026,80,80.35827929759398,46225.39209417335
4489,0,970,2,2,1546282,1547000,1778.846578,1779.510631,0.6640530000001945,40.33211289997243,33.7875,45.7125,1,1,1,1,718,27,27,719.0,27.0,718.0,718,27,26.782660567572748,47304.9590921068
4489,0,971,2,2,1547000,1549057,1779.510631,1781.511531,2.0009000000000015,40.237059265812384,33.7875,45.7125,1,1,1,1,2057,79,79,2058.0,79.0,2057.0,2057,79,80.51033188496513,45323.10460292865
4489,0,972,2,2,1549057,1551112,1781.511531,1783.513073,2.001541999999972,40.351291766219276,33.7875,45.7125,1,1,1,1,2055,80,80,2058.0,80.0,2055.0,2055,80,80.76480522433849,45697.26740682997
4489,0,973,2,2,1551112,1553261,1783.513073,1785.514632,2.0015589999998156,40.069363357597574,33.7875,45.7125,1,1,1,1,2149,79,79,2150.0,80.0,2149.0,2149,79,80.20119485266332,46417.817311410035
4489,0,974,2,2,1553261,1555332,1785.514632,1787.515377,2.0007450000000517,40.29677282479027,33.7875,45.7125,1,1,1,1,2071,80,80,2074.0,80.0,2071.0,2071,80,80.62356674533657,45952.88255124847
4489,0,975,2,2,1555332,1557417,1787.515377,1789.516756,2.0013790000000427,40.35326093117187,33.7875,45.7125,1,1,1,1,2085,80,80,2086.0,80.0,2085.0,2085,80,80.76216900916916,45168.35641824865
4489,0,976,2,2,1557417,1559485,1789.516756,1791.517071,2.0003150000000005,39.88366201839725,33.7875,45.7125,1,1,1,1,2068,80,80,2068.0,80.0,2068.0,2068,80,79.77988739033026,45911.768896398804
4489,0,977,2,2,1559485,1560000,1791.517071,1792.01839,0.5013189999999668,39.90492683115585,33.7875,45.7125,1,1,1,1,515,20,20,515.0,20.0,515.0,515,20,20.00509801406588,46204.11354846223
4489,0,978,2,2,1560000,1562147,1792.01839,1794.019317,2.000927000000047,40.126691720868465,33.7875,45.7125,1,1,1,1,2147,80,80,2154.0,80.0,2147.0,2147,80,80.29058088496095,45458.9297860431
4489,0,979,2,2,1562147,1564212,1794.019317,1796.020427,2.001109999999926,39.85065777760968,33.7875,45.7125,1,1,1,1,2065,80,80,2068.0,80.0,2065.0,2065,80,79.74554978535161,44908.07601781178
4489,0,980,2,2,1564212,1566277,1796.020427,1798.020889,2.0004619999999704,39.719742610563095,33.7875,45.7125,1,1,1,1,2065,80,80,2067.0,80.0,2065.0,2065,80,79.45783574221423,44721.16940986698
4489,0,981,2,2,1566277,1568302,1798.020889,1800.020854,1.999965000000202,39.55961360379989,33.7875,45.7125,1,1,1,1,2025,80,80,2025.0,80.0,2025.0,2025,80,79.1178426211336,45198.79097883756
4489,0,982,2,2,1568302,1570357,1800.020854,1802.020925,2.0000709999999344,39.091304275423475,33.7875,45.7125,1,1,1,1,2055,80,80,2057.0,80.0,2055.0,2055,80,78.18538403345156,44323.92650061068
4489,0,983,2,2,1570357,1572435,1802.020925,1804.021958,2.0010330000000067,39.13597568644882,33.7875,45.7125,1,1,1,1,2078,80,80,2079.0,80.0,2078.0,2078,80,78.31237883578433,45153.67812524816
4489,0,984,2,2,1572435,1573000,1804.021958,1804.606265,0.5843069999998534,39.28931545531578,33.7875,45.7125,1,1,1,1,565,23,23,566.0,23.0,565.0,565,23,22.95702204574627,44204.502085387445
4489,0,985,2,2,1573000,1575114,1804.606265,1806.607126,2.0008610000002136,39.233687337369936,33.7875,45.7125,1,1,1,1,2114,80,80,2121.0,80.0,2114.0,2114,80,78.50115487954463,45453.43229739112
4489,0,986,2,2,1575114,1577145,1806.607126,1808.607099,1.9999729999999545,39.431862451379786,33.7875,45.7125,1,1,1,1,2031,80,80,2031.0,80.0,2031.0,2031,80,78.86266024247016,44346.098672333086
4489,0,987,2,2,1577145,1579159,1808.607099,1810.607678,2.000579000000016,39.53456207891366,33.7875,45.7125,1,1,1,1,2014,80,80,2014.0,80.0,2014.0,2014,80,79.09201466927334,44453.63067391954
4489,0,988,2,2,1579159,1581210,1810.607678,1812.610377,2.002698999999893,39.49229041307684,33.7875,45.7125,1,1,1,1,2051,80,80,2052.0,80.0,2051.0,2051,80,79.09117051797512,44874.9412667629
4489,0,989,2,2,1581210,1583260,1812.610377,1814.61047,2.0000930000001063,39.313331408413994,33.7875,45.7125,1,1,1,1,2050,80,80,2051.0,80.0,2050.0,2050,80,78.63031895665335,44597.42621967842
4489,0,990,2,2,1583260,1585320,1814.61047,1816.610545,2.0000749999999243,39.3038370327044,33.7875,45.7125,1,1,1,1,2060,80,80,2061.0,80.0,2060.0,2060,80,78.61062185318588,45267.80245740956
4489,0,991,2,2,1585320,1586000,1816.610545,1817.311597,0.7010519999998905,38.93941567663037,33.7875,45.7125,1,1,1,1,680,28,28,680.0,28.0,680.0,680,28,27.29855523892911,44709.95018915129
4489,0,992,2,2,1586000,1588100,1817.311597,1819.313328,2.0017310000000634,39.12994377186365,33.7875,45.7125,1,1,1,1,2100,79,79,2101.0,80.0,2100.0,2100,79,78.32762147639733,44978.57104675761
4489,0,993,2,2,1588100,1590167,1819.313328,1821.317866,2.0045380000001387,39.518145424621494,33.7875,45.7125,1,1,1,1,2067,80,80,2068.0,80.0,2067.0,2067,80,79.21562419318798,45899.85323301111
4489,0,994,2,2,1590167,1592177,1821.317866,1823.318867,2.00100099999986,39.4247735192267,33.7875,45.7125,1,1,1,1,2010,80,80,2011.0,80.0,2010.0,2010,80,78.88901123673713,44314.32068250151
4489,0,995,2,2,1592177,1594149,1823.318867,1825.320129,2.001261999999997,39.59397633524532,33.7875,45.7125,1,1,1,1,1972,80,80,1973.0,80.0,1972.0,1972,80,79.23792026862793,44728.27645755535
4489,0,996,2,2,1594149,1596284,1825.320129,1827.322798,2.002668999999969,39.679355303234765,33.7875,45.7125,1,1,1,1,2135,80,80,2135.0,80.0,2135.0,2135,80,79.46461480577273,45380.43980308349
4489,0,997,2,2,1596284,1598441,1827.322798,1829.32326,2.0004619999999704,39.834179028725394,33.7875,45.7125,1,1,1,1,2157,80,80,2157.0,80.0,2157.0,2157,80,79.68676144815981,45502.98880958566
4489,0,998,2,2,1598441,1599000,1829.32326,1829.84588,0.5226200000001882,40.27807978911258,33.7875,45.7125,1,1,1,1,559,21,21,559.0,21.0,559.0,559,21,21.050130059396906,46848.5706631801
4489,0,999,2,2,1599000,1601076,1829.84588,1831.846714,2.0008339999999407,39.866908568108165,33.7875,45.7125,1,1,1,1,2076,80,80,2079.0,80.0,2076.0,2076,80,79.76706613795977,45384.57463237964
4489,0,1000,2,2,1601076,1603162,1831.846714,1833.84682,2.0001059999999597,40.025814181187535,33.7875,45.7125,1,1,1,1,2086,79,79,2087.0,80.0,2086.0,2086,80,80.05587109867338,45450.591118671626
4489,0,1001,2,2,1603162,1605328,1833.84682,1835.847711,2.0008909999999105,39.97112891234746,33.7875,45.7125,1,1,1,1,2166,80,80,2167.0,79.0,2166.0,2166,79,79.97787210054958,45858.57000706391
4489,0,1002,2,2,1605328,1607483,1835.847711,1837.848086,2.0003750000000764,40.01811344362569,33.7875,45.7125,1,1,1,1,2155,80,80,2156.0,80.0,2155.0,2155,80,80.05123367979832,45812.41017309079
4489,0,1003,2,2,1607483,1609490,1837.848086,1839.849501,2.0014149999999518,40.06437104522222,33.7875,45.7125,1,1,1,1,2007,80,80,2008.0,80.0,2007.0,2007,80,80.18543317547301,45146.05916314317
4489,0,1004,2,2,1609490,1611562,1839.849501,1841.851242,2.001741000000038,39.7790225483774,33.7875,45.7125,1,1,1,1,2072,80,80,2074.0,80.0,2072.0,2072,80,79.62730037501024,45814.61837470395
4489,0,1005,2,2,1611562,1612000,1841.851242,1842.23776,0.3865180000000237,40.275320298457494,33.7875,45.7125,1,1,1,1,438,16,16,438.0,16.0,438.0,438,16,15.567136251120246,46052.189031297145
4489,0,1006,2,2,1612000,1613962,1842.23776,1844.239376,2.0016160000000127,39.8911279677682,33.7875,45.7125,1,1,1,1,1962,80,80,1965.0,80.0,1962.0,1962,80,79.84671999833517,45567.681313498404
4489,0,1007,2,2,1613962,1616025,1844.239376,1846.240225,2.0008490000000165,39.97576558557049,33.7875,45.7125,1,1,1,1,2063,80,80,2063.0,80.0,2063.0,2063,80,79.9854705961261,46096.4320645882
4489,0,1008,2,2,1616025,1618084,1846.240225,1848.243321,2.003095999999914,39.75135921416262,33.7875,45.7125,1,1,1,1,2059,80,80,2063.0,80.0,2059.0,2059,80,79.6257886364474,45124.64704637415
4489,0,1009,2,2,1618084,1620181,1848.243321,1850.244132,2.0008110000001125,40.24305892366172,33.7875,45.7125,1,1,1,1,2097,80,80,2101.0,80.0,2097.0,2097,80,80.51875496811408,46316.71857061701
4489,0,1010,2,2,1620181,1622278,1850.244132,1852.246138,2.0020059999999376,40.30445787528771,33.7875,45.7125,1,1,1,1,2097,80,80,2097.0,80.0,2097.0,2097,80,80.68976649307297,46077.78398266682
4489,0,1011,2,2,1622278,1624419,1852.246138,1854.249754,2.0036159999999654,40.153184527422525,33.7875,45.7125,1,1,1,1,2141,80,80,2141.0,80.0,2141.0,2141,80,80.45156297009817,46719.03199016259
4489,0,1012,2,2,1624419,1625000,1854.249754,1854.858274,0.6085199999999986,40.14031085425219,33.7875,45.7125,1,1,1,1,581,24,24,581.0,24.0,581.0,581,24,24.426181961032853,45707.618484191255
4489,0,1013,2,2,1625000,1627046,1854.858274,1856.858241,1.9999669999999696,39.96074788589287,33.7875,45.7125,1,1,1,1,2046,80,80,2048.0,80.0,2046.0,2046,80,79.92017706710612,45675.75364993592
4489,0,1014,2,2,1627046,1629081,1856.858241,1858.860867,2.002626000000191,40.06455836989871,33.7875,45.7125,1,1,1,1,2035,80,80,2035.0,80.0,2035.0,2035,80,80.23432627008151,46608.303297765575
4489,0,1015,2,2,1629081,1631148,1858.860867,1860.860897,2.0000299999999243,40.17059964846745,33.7875,45.7125,1,1,1,1,2067,80,80,2067.0,80.0,2067.0,2067,80,80.34240441492148,46719.799203013725
4489,0,1016,2,2,1631148,1633233,1860.860897,1862.866331,2.005433999999923,40.13098667490344,33.7875,45.7125,1,1,1,1,2085,80,80,2086.0,80.0,2085.0,2085,80,80.48004513139313,45220.63553325788
4489,0,1017,2,2,1633233,1635250,1862.866331,1864.868823,2.0024920000000748,40.431209812082905,33.7875,45.7125,1,1,1,1,2017,80,80,2017.0,80.0,2017.0,2017,80,80.96317419902334,46346.75194707222
4489,0,1018,2,2,1635250,1637396,1864.868823,1866.869068,2.00024499999995,40.14900748144959,33.7875,45.7125,1,1,1,1,2146,80,80,2146.0,80.0,2146.0,2146,80,80.30785146973358,47083.73224280144
4489,0,1019,2,2,1637396,1638000,1866.869068,1867.451837,0.5827690000000985,40.760678468236065,33.7875,45.7125,1,1,1,1,604,23,23,606.0,23.0,604.0,604,23,23.754059830258484,46092.01930781401
4489,0,1020,2,2,1638000,1640043,1867.451837,1869.452512,2.000675000000001,40.27677031435982,33.7875,45.7125,1,1,1,1,2043,80,80,2044.0,80.0,2043.0,2043,80,80.58072744867968,46109.43806465316
4489,0,1021,2,2,1640043,1642066,1869.452512,1871.452698,2.000185999999985,40.01463552406901,33.7875,45.7125,1,1,1,1,2023,80,80,2023.0,80.0,2023.0,2023,80,80.03671377034334,46493.176134619825
4489,0,1022,2,2,1642066,1644107,1871.452698,1873.452983,2.000284999999849,40.091584235641015,33.7875,45.7125,1,1,1,1,2041,80,80,2041.0,80.0,2041.0,2041,80,80.19459457278572,46570.363723172966
4489,0,1023,2,2,1644107,1646189,1873.452983,1875.453417,2.000434000000041,40.221020820704695,33.7875,45.7125,1,1,1,1,2082,80,80,2084.0,80.0,2082.0,2082,80,80.45949756445043,45975.52331144047
4489,0,1024,2,2,1646189,1648296,1875.453417,1877.454234,2.0008170000000973,40.20335927966521,33.7875,45.7125,1,1,1,1,2107,80,80,2107.0,80.0,2107.0,2107,80,80.43956470386911,46442.52822721692
4489,0,1025,2,2,1648296,1650229,1877.454234,1879.454364,2.000129999999899,40.25940455529444,33.7875,45.7125,1,1,1,1,1933,80,80,1933.0,80.0,1933.0,1933,80,80.52404283317446,44721.09312894887
4489,0,1026,2,2,1650229,1651000,1879.454364,1880.204745,0.7503810000000612,39.98593224509291,33.7875,45.7125,1,1,1,1,771,30,30,771.0,30.0,771.0,771,30,30.00468382400868,45102.42130330757
4489,0,1027,2,2,1651000,1653068,1880.204745,1882.205452,2.0007069999999203,40.5028907397954,33.7875,45.7125,1,1,1,1,2068,80,80,2070.0,80.0,2068.0,2068,80,81.03441702334385,46927.91098346921
4489,0,1028,2,2,1653068,1655194,1882.205452,1884.205618,2.0001660000000356,40.044571750893034,33.7875,45.7125,1,1,1,1,2126,80,80,2127.0,80.0,2126.0,2126,80,80.09579090069747,45708.20621888302
4489,0,1029,2,2,1655194,1657239,1884.205618,1886.205949,2.00033099999996,39.81901215777127,33.7875,45.7125,1,1,1,1,2045,79,79,2045.0,79.0,2045.0,2045,79,79.65120440856845,46119.36724472192
4489,0,1030,2,2,1657239,1659225,1886.205949,1888.206133,2.00018399999999,39.88469876317924,33.7875,45.7125,1,1,1,1,1986,80,80,1987.0,80.0,1986.0,1986,80,79.77673631093057,45612.803622067
4489,0,1031,2,2,1659225,1661246,1888.206133,1890.20784,2.001707000000124,39.97937865132415,33.7875,45.7125,1,1,1,1,2021,80,80,2023.0,80.0,2021.0,2021,80,80.02700210201147,45212.910780645914
4489,0,1032,2,2,1661246,1663333,1890.20784,1892.207821,1.9999809999999343,39.90836938995648,33.7875,45.7125,1,1,1,1,2087,80,80,2087.0,80.0,2087.0,2087,80,79.81598052089248,45986.93687590183
4489,0,1033,2,2,1663333,1664000,1892.207821,1892.869994,0.6621729999999388,40.08556658762694,33.7875,45.7125,1,1,1,1,667,27,27,668.0,27.0,667.0,667,27,26.543579884026258,46095.20472746974
4489,0,1034,2,2,1664000,1666108,1892.869994,1894.870674,2.000680000000102,40.46296711550919,33.7875,45.7125,1,1,1,1,2108,80,80,2111.0,80.0,2108.0,2108,80,80.95344904866215,46870.5640082348
4489,0,1035,2,3,1666108,1668196,1894.870674,1896.87101,2.000336000000061,33.75749207351016,33.7875,45.7125,1,0,0,1,2088,80,80,2088.0,80.0,2088.0,2088,80,80.39279127892951,38728.06142996513
4489,0,1036,3,3,1668196,1670288,1896.87101,1898.872014,2.0010039999999663,40.040743891466605,33.7875,45.7125,1,1,0,1,2092,80,80,2092.0,80.0,2092.0,2092,80,80.12168868979643,46665.57388191207
4489,0,1037,3,3,1670288,1672349,1898.872014,1900.873035,2.001021000000037,40.416580924006894,33.7875,45.7125,1,1,1,1,2061,79,79,2062.0,80.0,2061.0,2061,80,80.87442717713566,46307.360092671835
4489,0,1038,3,3,1672349,1674446,1900.873035,1902.87315,2.0001149999998233,40.47257183123913,33.7875,45.7125,1,1,1,1,2097,80,80,2097.0,79.0,2097.0,2097,79,80.94979800823057,47067.79360187205
4489,0,1039,3,3,1674446,1676477,1902.87315,1904.874579,2.001429000000144,40.15832510797766,33.7875,45.7125,1,1,1,1,2031,80,80,2031.0,80.0,2031.0,2031,80,80.37403646254097,46336.89229045514
4489,0,1040,3,3,1676477,1677000,1904.874579,1905.349024,0.47444500000005974,39.96586124403491,33.7875,45.7125,1,1,1,1,523,19,19,523.0,19.0,523.0,523,19,18.96160303792567,46355.21504072597
4489,0,1041,3,3,1677000,1679073,1905.349024,1907.349667,2.0006429999998545,39.93314370108636,33.7875,45.7125,1,1,1,1,2073,80,80,2077.0,80.0,2073.0,2073,80,79.89196441356762,45912.23921509569
4489,0,1042,3,3,1679073,1681168,1907.349667,1909.351693,2.0020260000001144,40.24836697953138,33.7875,45.7125,1,1,1,1,2095,80,80,2095.0,80.0,2095.0,2095,80,80.57827715056919,45344.565954685306
4489,0,1043,3,3,1681168,1683226,1909.351693,1911.352235,2.000541999999996,40.09036489206672,33.7875,45.7125,1,1,1,1,2058,80,80,2058.0,80.0,2058.0,2058,80,80.20245876190165,45280.728922462105
4489,0,1044,3,3,1683226,1685304,1911.352235,1913.352404,2.0001689999999144,40.44116492386846,33.7875,45.7125,1,1,1,1,2078,80,80,2078.0,80.0,2078.0,2078,80,80.88916440460889,46308.0869666533
4489,0,1045,3,3,1685304,1687351,1913.352404,1915.352369,1.9999649999999747,40.051859375550414,33.7875,45.7125,1,1,1,1,2047,80,80,2047.0,80.0,2047.0,2047,80,80.10231693601963,45334.2933501342
4489,0,1046,3,3,1687351,1689414,1915.352369,1917.354719,2.0023499999999785,40.184851240451444,33.7875,45.7125,1,1,1,1,2063,80,80,2063.0,80.0,2063.0,2063,80,80.46413688131724,45524.009289085814
4489,0,1047,3,3,1689414,1690000,1917.354719,1917.88063,0.5259110000001783,40.20118919673165,33.7875,45.7125,1,1,1,1,586,21,21,586.0,21.0,586.0,586,21,21.14224761164951,46557.30722497095
4489,0,1048,3,3,1690000,1692047,1917.88063,1919.880634,2.00000399999999,40.097606965148884,33.7875,45.7125,1,1,1,1,2047,80,80,2051.0,80.0,2047.0,2047,80,80.19537432072684,45094.40981118061
4489,0,1049,3,3,1692047,1694100,1919.880634,1921.881901,2.0012669999998707,40.25783156070794,33.7875,45.7125,1,1,1,1,2053,80,80,2053.0,80.0,2053.0,2053,80,80.56666979399597,45059.95451881524
4489,0,1050,3,3,1694100,1696248,1921.881901,1923.882223,2.0003220000000965,39.55540047486363,33.7875,45.7125,1,1,1,1,2148,80,80,2149.0,80.0,2149.0,2148,80,79.12353778868419,45951.10187259629
4489,0,1051,3,3,1696248,1698162,1923.882223,1925.884173,2.0019499999998516,39.81080341270035,33.7875,45.7125,1,1,1,1,1914,80,80,1913.0,80.0,1913.0,1914,80,79.69923789204768,44555.55833063094
4489,0,1052,3,3,1698162,1700232,1925.884173,1927.884303,2.0001300000001265,39.77136708943719,33.7875,45.7125,1,1,1,1,2070,80,80,2071.0,80.0,2070.0,2070,80,79.54790445660183,45197.56215845684
4489,0,1053,3,3,1700232,1702332,1927.884303,1929.885791,2.001487999999881,39.680373417059705,33.7875,45.7125,1,1,1,1,2100,80,80,2100.0,80.0,2100.0,2100,80,79.41979122976045,45845.391029077095
4489,0,1054,3,3,1702332,1703000,1929.885791,1930.54818,0.6623890000000756,39.80544813356189,33.7875,45.7125,1,1,1,1,668,26,26,668.0,26.0,668.0,668,26,26.366690983748413,45693.69358488222
4489,0,1055,3,3,1703000,1705048,1930.54818,1932.548444,2.0002640000000156,40.016051917616295,33.7875,45.7125,1,1,1,1,2048,80,80,2050.0,80.0,2048.0,2048,80,80.04266807293607,46482.364327908355
4489,0,1056,3,3,1705048,1707057,1932.548444,1934.548958,2.0005140000000665,40.03133668576397,33.7875,45.7125,1,1,1,1,2009,80,80,2011.0,80.0,2009.0,2009,80,80.08324947858637,44966.44362398714
4489,0,1057,3,3,1707057,1709132,1934.548958,1936.55013,2.001171999999997,39.66859307639644,33.7875,45.7125,1,1,1,1,2075,80,80,2076.0,80.0,2075.0,2075,80,79.38367774388462,46730.11615193504
4489,0,1058,3,3,1709132,1711194,1936.55013,1938.55029,2.0001599999998234,39.49414661811251,33.7875,45.7125,1,1,1,1,2062,80,80,2062.0,80.0,2062.0,2062,80,78.9946122996771,45254.87960963522
4489,0,1059,3,3,1711194,1713299,1938.55029,1940.550735,2.000445000000127,39.99635340879029,33.7875,45.7125,1,1,1,1,2105,80,80,2110.0,80.0,2106.0,2105,80,80.01050519484852,46704.1083358923
4489,0,1060,3,3,1713299,1715462,1940.550735,1942.550896,2.0001609999999346,39.96371509135429,33.7875,45.7125,1,1,1,1,2163,80,80,2162.0,80.0,2162.0,2163,80,79.93386434084096,45852.808848889166
4489,0,1061,3,3,1715462,1716000,1942.550896,1943.082742,0.5318460000000869,39.73512063189458,33.7875,45.7125,1,1,1,1,538,21,21,539.0,21.0,538.0,538,21,21.132964967589942,45043.113984115866
4489,0,1062,3,3,1716000,1718088,1943.082742,1945.083302,2.0005599999999504,39.950782616962854,33.7875,45.7125,1,1,1,1,2088,80,80,2089.0,80.0,2088.0,2088,80,79.92393767219619,45523.753349063394
4489,0,1063,3,3,1718088,1720241,1945.083302,1947.083455,2.0001529999999548,39.76023235321889,33.7875,45.7125,1,1,1,1,2153,80,80,2155.0,80.0,2154.0,2153,80,79.52654802198231,47140.893721631364
4489,0,1064,3,3,1720241,1722358,1947.083455,1949.085051,2.001596000000063,39.8511796403796,33.7875,45.7125,1,1,1,1,2117,80,80,2119.0,80.0,2116.0,2117,80,79.76596176346357,46678.75035721347
4489,0,1065,3,3,1722358,1724433,1949.085051,1951.086215,2.001164000000017,39.44646700750899,33.7875,45.7125,1,1,1,1,2075,80,80,2076.0,80.0,2075.0,2075,80,78.93884970260842,46103.16795624907
4489,0,1066,3,3,1724433,1726492,1951.086215,1953.087041,2.000825999999961,39.33774533226846,33.7875,45.7125,1,1,1,1,2059,80,80,2061.0,80.0,2059.0,2059,80,78.70798364217626,45143.855587643186
4489,0,1067,3,3,1726492,1728437,1953.087041,1955.087514,2.0004730000000563,39.81312612788804,33.7875,45.7125,1,1,1,1,1945,79,79,1947.0,80.0,1945.0,1945,79,79.64508386443777,44888.383897207044
4489,0,1068,3,3,1728437,1729000,1955.087514,1955.635657,0.5481429999999818,39.36107181143208,33.7875,45.7125,1,1,1,1,563,22,22,563.0,22.0,563.0,563,22,21.57549598593323,44422.714510631
4489,0,1069,3,3,1729000,1731040,1955.635657,1957.637094,2.001436999999896,39.68632556696506,33.7875,45.7125,1,1,1,1,2040,79,79,2044.0,79.0,2040.0,2040,79,79.42968038376421,46145.84421093683
4489,0,1070,3,3,1731040,1733056,1957.637094,1959.63742,2.0003260000000864,39.322318164231945,33.7875,45.7125,1,1,1,1,2016,80,80,2016.0,80.0,2016.0,2016,80,78.6574554041872,46181.472419993544
4489,0,1071,3,3,1733056,1735127,1959.63742,1961.63782,2.0003999999998996,39.30154552605357,33.7875,45.7125,1,1,1,1,2071,80,80,2072.0,80.0,2071.0,2071,80,78.61881167031243,45035.99280144197
4489,0,1072,3,3,1735127,1737187,1961.63782,1963.638527,2.0007070000001477,39.51829558275867,33.7875,45.7125,1,1,1,1,2060,79,79,2067.0,80.0,2060.0,2060,79,79.06453060050262,45360.46507559243
4489,0,1073,3,3,1737187,1739189,1963.638527,1965.639217,2.0006899999998495,39.303063810186515,33.7875,45.7125,1,1,1,1,2002,80,80,2003.0,80.0,2002.0,2002,80,78.6332467343891,45273.38068366754
4489,0,1074,3,3,1739189,1741176,1965.639217,1967.63933,2.0001130000000558,39.44635978786064,33.7875,45.7125,1,1,1,1,1987,80,80,1987.0,80.0,1987.0,1987,80,78.89717701438349,45243.94371717872
4489,0,1075,3,3,1741176,1742000,1967.63933,1968.47067,0.8313399999999547,39.79908616120823,33.7875,45.7125,1,1,1,1,824,33,33,824.0,33.0,824.0,824,33,33.08657228926313,44721.77448456952
4489,0,1076,3,3,1742000,1744090,1968.47067,1970.471257,2.000586999999996,39.72815845242146,33.7875,45.7125,1,1,1,1,2090,80,80,2097.0,80.0,2090.0,2090,80,79.47963733386132,45297.205270253275
4489,0,1077,3,3,1744090,1746126,1970.471257,1972.47262,2.001363000000083,39.705695937446954,33.7875,45.7125,1,1,1,1,2036,80,80,2037.0,80.0,2036.0,2036,80,79.46551073846058,45473.50980306732
4489,0,1078,3,3,1746126,1748145,1972.47262,1974.472845,2.0002250000000004,39.505007274417366,33.7875,45.7125,1,1,1,1,2019,80,80,2020.0,80.0,2019.0,2019,80,79.01890317547077,45465.8850879276
4489,0,1079,3,3,1748145,1750170,1974.472845,1976.474081,2.0012360000000626,39.554708727777225,33.7875,45.7125,1,1,1,1,2025,80,80,2025.0,80.0,2025.0,2025,80,79.15830707554414,45181.07809373666
4489,0,1080,3,3,1750170,1752226,1976.474081,1978.474325,2.0002439999998387,39.330590264218905,33.7875,45.7125,1,1,1,1,2056,80,80,2056.0,80.0,2056.0,2056,80,78.67077719245572,44803.03402985197
4489,0,1081,3,3,1752226,1754261,1978.474325,1980.474684,2.000359000000117,39.42559270082501,33.7875,45.7125,1,1,1,1,2035,80,80,2036.0,80.0,2035.0,2035,80,78.86533918943314,45310.3667891587
4489,0,1082,3,3,1754261,1755000,1980.474684,1981.204966,0.7302819999999883,39.810421279642554,33.7875,45.7125,1,1,1,1,739,29,29,739.0,29.0,739.0,739,29,29.072834072940168,47502.19778113189
4489,0,1083,3,3,1755000,1756975,1981.204966,1983.204932,1.9999660000000858,39.549903226440065,33.7875,45.7125,1,1,1,1,1975,80,80,1982.0,80.0,1975.0,1975,80,79.09846175617713,45101.26672153233
4489,0,1084,3,3,1756975,1759035,1983.204932,1985.205029,2.000096999999869,39.69778177350822,33.7875,45.7125,1,1,1,1,2060,80,80,2061.0,80.0,2060.0,2060,80,79.39941423184064,46052.766440830645
4489,0,1085,3,3,1759035,1761151,1985.205029,1987.207175,2.002146000000039,39.830396635550265,33.7875,45.7125,1,1,1,1,2116,80,80,2116.0,80.0,2116.0,2116,80,79.7462693022826,46464.143973515515
4489,0,1086,3,3,1761151,1763210,1987.207175,1989.207655,2.000479999999925,39.592763169788526,33.7875,45.7125,1,1,1,1,2059,80,80,2061.0,80.0,2059.0,2059,80,79.20453086589987,45886.487243063384
4489,0,1087,3,3,1763210,1765197,1989.207655,1991.208882,2.0012269999999717,39.61669007847632,33.7875,45.7125,1,1,1,1,1987,80,80,1987.0,80.0,1987.0,1987,80,79.28198983568291,44679.5890721049
4489,0,1088,3,3,1765197,1767237,1991.208882,1993.209221,2.0003390000001673,39.842086165214226,33.7875,45.7125,1,1,1,1,2040,80,80,2041.0,80.0,2040.0,2040,80,79.6976787976455,45991.204490834956
4489,0,1089,3,3,1767237,1768000,1993.209221,1993.941922,0.7327009999999063,39.83221447783271,33.7875,45.7125,1,1,1,1,763,29,29,763.0,29.0,763.0,763,29,29.18510338012129,46276.72133654019
4489,0,1090,3,3,1768000,1770042,1993.941922,1995.942235,2.0003130000000056,39.99163521379873,33.7875,45.7125,1,1,1,1,2042,80,80,2042.0,80.0,2042.0,2042,80,79.99578780941374,45785.83451689798
4489,0,1091,3,3,1770042,1772154,1995.942235,1997.942922,2.000686999999971,39.77868068261092,33.7875,45.7125,1,1,1,1,2112,80,80,2116.0,80.0,2113.0,2112,80,79.58468931884272,45532.35963446623
4489,0,1092,3,3,1772154,1774120,1997.942922,1999.944741,2.0018190000000686,39.297766295442706,33.7875,45.7125,1,1,1,1,1966,80,80,1965.0,80.0,1965.0,1966,80,78.66701522778021,44726.82095633868
4489,0,1093,3,3,1774120,1776091,1999.944741,2001.945301,2.0005599999999504,39.39941048245674,33.7875,45.7125,1,1,1,1,1971,80,80,1971.0,80.0,1971.0,1971,80,78.8208846347843,45875.15495661329
4489,0,1094,3,3,1776091,1778099,2001.945301,2003.945704,2.0004030000000057,39.38488155171264,33.7875,45.7125,1,1,1,1,2008,80,80,2008.0,80.0,2008.0,2008,80,78.78563521069009,45611.80922044195
4489,0,1095,3,3,1778099,1780130,2003.945704,2005.946022,2.0003180000001066,39.57438834339853,33.7875,45.7125,1,1,1,1,2031,80,80,2031.0,80.0,2031.0,2031,80,79.161361342296,45616.74693723455
4489,0,1096,3,3,1780130,1781000,2005.946022,2006.84994,0.903917999999976,39.299157811051415,33.7875,45.7125,1,1,1,1,870,36,36,870.0,36.0,870.0,870,36,35.523216130255605,44498.50539540209
4489,0,1097,3,3,1781000,1783139,2006.84994,2008.850851,2.00091099999986,39.680512341729575,33.7875,45.7125,1,1,1,1,2139,80,80,2142.0,80.0,2139.0,2139,80,79.39717363019008,46126.489384088774
4489,0,1098,3,3,1783139,1785087,2008.850851,2010.851329,2.0004780000001574,39.59061490055364,33.7875,45.7125,1,1,1,1,1948,80,80,1957.0,80.0,1948.0,1948,80,79.20015411503846,45908.02798130886
4489,0,1099,3,3,1785087,1787153,2010.851329,2012.85139,2.0000609999999597,39.29171147979346,33.7875,45.7125,1,1,1,1,2066,80,80,2066.0,80.0,2066.0,2066,80,78.58581975399284,45210.621076058094
4489,0,1100,3,3,1787153,1789117,2012.85139,2014.852636,2.0012460000000374,39.27116245976412,33.7875,45.7125,1,1,1,1,1964,78,78,1967.0,80.0,1964.0,1964,79,78.59125678795681,44118.51416567396
4489,0,1101,3,3,1789117,1791201,2014.852636,2016.852899,2.0002629999999044,39.64485878906737,33.7875,45.7125,1,1,1,1,2084,80,80,2084.0,79.0,2084.0,2084,79,79.30014417599887,45330.039099860536
4489,0,1102,3,3,1791201,1793242,2016.852899,2018.852919,2.0000199999999495,39.72149695925251,33.7875,45.7125,1,1,1,1,2041,80,80,2041.0,80.0,2041.0,2041,80,79.44378834843519,45697.04302957086
4489,0,1103,3,3,1793242,1794000,2018.852919,2019.551752,0.6988330000001497,39.55658401008122,33.7875,45.7125,1,1,1,1,758,28,28,759.0,28.0,758.0,758,28,27.643446273519658,45371.35481580465
4489,0,1104,3,3,1794000,1795969,2019.551752,2021.555274,2.0035219999999754,39.24174643374395,33.7875,45.7125,1,1,1,1,1969,80,80,1976.0,80.0,1969.0,1969,80,78.62170229842013,44627.41112900238
4489,0,1105,3,3,1795969,1797991,2021.555274,2023.556898,2.0016239999999925,39.29543328437413,33.7875,45.7125,1,1,1,1,2022,80,80,2022.0,80.0,2022.0,2022,80,78.65468235239678,45122.86023748733
4489,0,1106,3,3,1797991,1800084,2023.556898,2025.558007,2.001109000000042,40.27359615646129,33.7875,45.7125,1,1,1,1,2093,80,80,2093.0,80.0,2093.0,2093,80,80.59185573106515,45890.0539650754
4489,0,1107,3,3,1800084,1802133,2025.558007,2027.558021,2.0000139999999647,39.50670614275239,33.7875,45.7125,1,1,1,1,2049,80,80,2049.0,80.0,2049.0,2049,80,79.01396537938854,45407.68214622578
4489,0,1108,3,3,1802133,1804165,2027.558021,2029.558008,1.9999869999999191,39.71709551097133,33.7875,45.7125,1,1,1,1,2032,80,80,2033.0,80.0,2032.0,2032,80,79.43367469969962,45983.79889469467
4489,0,1109,3,3,1804165,1806251,2029.558008,2031.558331,2.0003229999999803,39.76879844965825,33.7875,45.7125,1,1,1,1,2086,80,80,2086.0,80.0,2086.0,2086,80,79.55044222121069,46710.456261314255
4489,0,1110,3,3,1806251,1807000,2031.558331,2032.246993,0.6886620000000221,39.52608914169692,33.7875,45.7125,1,1,1,1,749,27,27,749.0,27.0,749.0,749,27,27.22011560050305,46063.23566568067
4489,0,1111,3,3,1807000,1809006,2032.246993,2034.247204,2.0002110000000357,39.48267359163758,33.7875,45.7125,1,1,1,1,2006,79,79,2010.0,80.0,2006.0,2006,79,78.97367802741064,44971.25553254051
4489,0,1112,3,3,1809006,1811000,2034.247204,2036.248163,2.000958999999966,40.02107058233947,33.7875,45.7125,1,1,1,1,1994,80,80,1994.0,80.0,1994.0,1994,80,80.0805213713611,44510.15737953727
4489,0,1113,3,3,1811000,1813082,2036.248163,2038.248308,2.000144999999975,39.69230135655268,33.7875,45.7125,1,1,1,1,2082,80,80,2082.0,80.0,2082.0,2082,80,79.39035809680354,46054.16107332276
4489,0,1114,3,3,1813082,1815232,2038.248308,2040.249551,2.0012430000001586,40.09039516029249,33.7875,45.7125,1,1,1,1,2150,80,80,2150.0,80.0,2150.0,2150,80,80.23062268177455,46213.27844744125
4489,0,1115,3,3,1815232,1817275,2040.249551,2042.249607,2.0000559999998586,39.56923190646095,33.7875,45.7125,1,1,1,1,2043,80,80,2044.0,80.0,2043.0,2043,80,79.14067968991003,45424.728107616196
4489,0,1116,3,3,1817275,1819343,2042.249607,2044.250976,2.001369000000068,39.65721004198604,33.7875,45.7125,1,1,1,1,2068,80,80,2071.0,80.0,2068.0,2068,80,79.36871080452693,44520.52570015673
4489,0,1117,3,3,1819343,1820000,2044.250976,2044.886423,0.6354469999998855,40.064802842421564,33.7875,45.7125,1,1,1,1,657,25,25,657.0,25.0,657.0,657,25,25.459058771797572,45615.13391361549
4489,0,1118,3,3,1820000,1822142,2044.886423,2046.887624,2.0012010000000373,39.507494288753584,33.7875,45.7125,1,1,1,1,2142,79,79,2147.0,80.0,2142.0,2142,79,79.06243707814428,45832.977297132216
4489,0,1119,3,3,1822142,1824135,2046.887624,2048.891057,2.003432999999859,39.541292386053705,33.7875,45.7125,1,1,1,1,1993,80,80,1995.0,80.0,1993.0,1993,80,79.21833002885978,45286.266124201
4489,0,1120,3,3,1824135,1826206,2048.891057,2050.89135,2.000293000000056,39.392089787562334,33.7875,45.7125,1,1,1,1,2071,80,80,2071.0,80.0,2071.0,2071,80,78.79572145744169,44359.00140629274
4489,0,1121,3,3,1826206,1828263,2050.89135,2052.891313,1.999963000000207,39.37287239922942,33.7875,45.7125,1,1,1,1,2057,80,80,2059.0,80.0,2057.0,2057,80,78.74428800218448,45097.83430993006
4489,0,1122,3,3,1828263,1830142,2052.891313,2054.89277,2.0014569999998457,39.569052418953426,33.7875,45.7125,1,1,1,1,1879,80,80,1879.0,80.0,1879.0,1879,80,79.19575694727246,44036.41946842065
4489,0,1123,3,3,1830142,1832192,2054.89277,2056.894675,2.001905000000079,39.742519497077545,33.7875,45.7125,1,1,1,1,2050,80,80,2050.0,80.0,2050.0,2050,80,79.56074849379365,45256.393285393875
4489,0,1124,3,3,1832192,1833000,2056.894675,2057.63953,0.7448549999999159,39.60310564623319,33.7875,45.7125,1,1,1,1,808,30,30,810.0,30.0,808.0,808,30,29.49857125611743,46094.87752650365
4489,0,1125,3,3,1833000,1834993,2057.63953,2059.639519,1.999988999999914,39.585503735224826,33.7875,45.7125,1,1,1,1,1993,80,80,1997.0,80.0,1993.0,1993,80,79.17057202990691,44687.74578260372
4489,0,1126,3,3,1834993,1837031,2059.639519,2061.640172,2.0006530000000566,39.775030586356344,33.7875,45.7125,1,1,1,1,2038,80,80,2040.0,80.0,2038.0,2038,80,79.57603426769492,45758.55983021414
4489,0,1127,3,3,1837031,1839049,2061.640172,2063.640841,2.0006690000000162,39.74679796954974,33.7875,45.7125,1,1,1,1,2018,80,80,2018.0,80.0,2018.0,2018,80,79.52018654694257,46003.61179185525
4489,0,1128,3,3,1839049,1841175,2063.640841,2065.641812,2.000970999999936,39.82529260355155,33.7875,45.7125,1,1,1,1,2126,80,79,2127.0,80.0,2126.0,2126,79,79.6892555662198,45998.66764685892
4489,0,1129,3,3,1841175,1843323,2065.641812,2067.643372,2.001560000000154,40.122860094933024,33.7875,45.7125,1,1,1,1,2148,80,80,2149.0,80.0,2148.0,2148,80,80.30831185162242,46042.58678230625
4489,0,1130,3,3,1843323,1845351,2067.643372,2069.64424,2.0008680000000822,39.827489083136314,33.7875,45.7125,1,1,1,1,2028,80,80,2029.0,80.0,2028.0,2028,80,79.6895484268025,45367.31058720329
4489,0,1131,3,3,1845351,1846000,2069.64424,2070.307691,0.6634509999998954,39.54021996733622,33.7875,45.7125,1,1,1,1,649,26,26,649.0,26.0,649.0,649,26,26.232998477542424,45218.10955142841
4489,0,1132,3,3,1846000,1848027,2070.307691,2072.309024,2.001333000000159,39.544418438636754,33.7875,45.7125,1,1,1,1,2027,80,80,2032.0,80.0,2027.0,2027,80,79.14154958706058,45697.542587861564
4489,0,1133,3,3,1848027,1850150,2072.309024,2074.312202,2.0031779999999344,39.6411804436345,33.7875,45.7125,1,1,1,1,2123,80,80,2123.0,80.0,2123.0,2123,80,79.40834055871528,45150.25624283162
4489,0,1134,3,3,1850150,1852182,2074.312202,2076.312261,2.0000589999999647,39.55844063780765,33.7875,45.7125,1,1,1,1,2032,80,80,2032.0,80.0,2032.0,2032,80,79.11921522361808,45312.16329118371
4489,0,1135,3,3,1852182,1854273,2076.312261,2078.31283,2.000568999999814,39.811485260612095,33.7875,45.7125,1,1,1,1,2091,80,80,2094.0,80.0,2091.0,2091,80,79.64562325633597,44826.74679054226
4489,0,1136,3,3,1854273,1856361,2078.31283,2080.315409,2.002578999999969,39.47378037644984,33.7875,45.7125,1,1,1,1,2088,80,80,2089.0,80.0,2088.0,2088,80,79.04936363248271,45387.47285375579
4489,0,1137,3,3,1856361,1858463,2080.315409,2082.319717,2.0043080000000373,39.64638882091935,33.7875,45.7125,1,1,1,1,2102,80,80,2102.0,80.0,2102.0,2102,80,79.46357428487681,44906.27189034736
4489,0,1138,3,3,1858463,1859000,2082.319717,2082.877722,0.5580050000003212,39.74103769382538,33.7875,45.7125,1,1,1,1,537,22,22,537.0,22.0,537.0,537,22,22.175697738362942,45073.07282190218
4489,0,1139,3,3,1859000,1861025,2082.877722,2084.879217,2.001494999999977,39.986924888005326,33.7875,45.7125,1,1,1,1,2025,79,79,2032.0,80.0,2025.0,2025,79,80.03363022871781,45400.063452569724
4489,0,1140,3,3,1861025,1863100,2084.879217,2086.88043,2.001213000000007,39.75984057525927,33.7875,45.7125,1,1,1,1,2075,80,80,2075.0,80.0,2075.0,2075,80,79.5679098371329,46088.047599130965
4489,0,1141,3,3,1863100,1865118,2086.88043,2088.881626,2.001195999999709,39.412932027578506,33.7875,45.7125,1,1,1,1,2018,80,80,2018.0,80.0,2018.0,2018,80,78.87300192184921,44704.26684843114
4489,0,1142,3,3,1865118,1867135,2088.881626,2090.881923,2.000297000000046,40.05342198363143,33.7875,45.7125,1,1,1,1,2017,80,80,2019.0,80.0,2017.0,2017,80,80.11873983358964,45396.2586555886
4489,0,1143,3,3,1867135,1869188,2090.881923,2092.883659,2.0017360000001645,39.32026161987124,33.7875,45.7125,1,1,1,1,2053,80,80,2054.0,80.0,2053.0,2053,80,78.70878321392229,44950.482980769
4489,0,1144,3,3,1869188,1871188,2092.883659,2094.883683,2.0000239999999394,39.57090392043684,33.7875,45.7125,1,1,1,1,2000,80,80,2000.0,80.0,2000.0,2000,80,79.14275754256232,45492.45409055229
4489,0,1145,3,3,1871188,1872000,2094.883683,2095.668037,0.7843539999998939,39.43029987978638,33.7875,45.7125,1,1,1,1,812,31,31,813.0,31.0,812.0,812,31,30.92731343190826,44666.056398010005
4489,0,1146,3,3,1872000,1874093,2095.668037,2097.669895,2.001858000000084,39.60343019421694,33.7875,45.7125,1,1,1,1,2093,79,79,2096.0,80.0,2093.0,2093,79,79.2804435617436,46466.83231277948
4489,0,1147,3,3,1874093,1876074,2097.669895,2099.674081,2.004186000000118,39.66215216989807,33.7875,45.7125,1,1,1,1,1981,80,80,1981.0,81.0,1981.0,1981,81,79.49033010879066,44190.010308421864
4489,0,1148,3,3,1876074,1878109,2099.674081,2101.674351,2.0002700000000004,39.99462659443131,33.7875,45.7125,1,1,1,1,2035,80,80,2035.0,79.0,2035.0,2035,79,80.00005173803947,46939.16321296624
4489,0,1149,3,3,1878109,1880180,2101.674351,2103.675019,2.0006679999996777,39.86717974865368,33.7875,45.7125,1,1,1,1,2071,79,79,2072.0,80.0,2071.0,2071,79,79.7609907733713,46044.62109656117
4489,0,1150,3,3,1880180,1882253,2103.675019,2105.67532,2.000301000000036,39.586495787608854,33.7875,45.7125,1,1,1,1,2073,80,80,2073.0,80.0,2073.0,2073,80,79.1849071104516,45585.139436513986
4489,0,1151,3,3,1882253,1884429,2105.67532,2107.675967,2.000647000000299,40.513005839676836,33.7875,45.7125,1,1,1,1,2176,80,80,2176.0,80.0,2176.0,2176,80,81.0522235941462,46200.05428243272
4489,0,1152,3,3,1884429,1885000,2107.675967,2108.191429,0.5154619999998431,40.37101744693882,33.7875,45.7125,1,1,1,1,571,21,21,571.0,21.0,571.0,571,21,20.80972539522918,45405.86890984616
4489,0,1153,3,3,1885000,1887081,2108.191429,2110.193462,2.0020330000002104,39.926994635446434,33.7875,45.7125,1,1,1,1,2081,80,80,2086.0,80.0,2081.0,2081,80,79.93516085098963,45223.03078919802
4489,0,1154,3,3,1887081,1889208,2110.193462,2112.194903,2.001440999999886,39.6486057334423,33.7875,45.7125,1,1,1,1,2127,80,80,2127.0,80.0,2127.0,2127,80,79.35434510774212,46863.73467916633
4489,0,1155,3,3,1889208,1891285,2112.194903,2114.194959,2.0000559999998586,39.87140120960503,33.7875,45.7125,1,1,1,1,2077,80,80,2078.0,80.0,2077.0,2077,80,79.74503521766746,45074.73790734178
4489,0,1156,3,3,1891285,1893336,2114.194959,2116.195248,2.000289000000066,39.777284977515855,33.7875,45.7125,1,1,1,1,2051,80,80,2051.0,80.0,2051.0,2051,80,79.5660655903921,44776.52979144365
4489,0,1157,3,3,1893336,1895435,2116.195248,2118.19527,2.000022000000172,40.04900410292289,33.7875,45.7125,1,1,1,1,2099,80,80,2100.0,80.0,2099.0,2099,80,80.09888928393775,46192.991877085384
4489,0,1158,3,3,1895435,1897507,2118.19527,2120.196148,2.0008779999998296,40.17313270590525,33.7875,45.7125,1,1,1,1,2072,79,79,2072.0,79.0,2072.0,2072,79,80.38153742231952,45584.98819018839
4489,0,1159,3,3,1897507,1898000,2120.196148,2120.669806,0.47365799999988667,39.421479993686376,33.7875,45.7125,1,1,1,1,493,19,19,493.0,19.0,493.0,493,19,18.672299370839028,46147.22014619246
4489,0,1160,3,3,1898000,1900100,2120.669806,2122.671116,2.001310000000103,39.84966220419158,33.7875,45.7125,1,1,1,1,2100,80,80,2103.0,80.0,2100.0,2100,80,79.75152746587992,46036.34619324105
4489,0,1161,3,3,1900100,1902031,2122.671116,2124.671122,2.0000060000002122,39.870778117889635,33.7875,45.7125,1,1,1,1,1931,80,80,1948.0,80.0,1931.0,1931,80,79.74179546046071,45192.364422901934
4489,0,1162,3,3,1902031,1904115,2124.671122,2126.671602,2.0004799999996976,40.09384120219795,33.7875,45.7125,1,1,1,1,2084,80,80,2084.0,80.0,2084.0,2084,80,80.20692744816188,46731.28449172905
4489,0,1163,3,3,1904115,1906079,2126.671602,2128.672403,2.0008010000001377,39.39703137946853,33.7875,45.7125,1,1,1,1,1964,80,80,1964.0,80.0,1964.0,1964,80,78.82561978108424,44477.18688664884
4489,0,1164,3,3,1906079,1908055,2128.672403,2130.673923,2.0015199999998003,39.22884999398346,33.7875,45.7125,1,1,1,1,1976,80,80,1976.0,80.0,1976.0,1976,80,78.51732783994521,44041.52843839122
4489,0,1165,3,3,1908055,1910099,2130.673923,2132.676241,2.0023180000002867,39.63965016405377,33.7875,45.7125,1,1,1,1,2044,80,80,2045.0,80.0,2044.0,2044,80,79.37118503720558,44973.87527854572
4489,0,1166,3,3,1910099,1911000,2132.676241,2133.541032,0.8647909999999683,38.8963516297433,33.7875,45.7125,1,1,1,1,901,35,35,901.0,35.0,901.0,901,35,33.637214822229,43368.8602217199
4489,0,1167,3,3,1911000,1912999,2133.541032,2135.542076,2.0010440000000926,39.08165834672841,33.7875,45.7125,1,1,1,1,1999,80,80,2003.0,80.0,1999.0,1999,80,78.20411794476968,44910.55668940605
4489,0,1168,3,3,1912999,1915095,2135.542076,2137.542138,2.000061999999616,39.60386314291555,33.7875,45.7125,1,1,1,1,2096,79,79,2098.0,80.0,2096.0,2096,80,79.21018172532786,45563.087544294875
4489,0,1169,3,3,1915095,1917176,2137.542138,2139.543205,2.0010670000001483,39.21612947204162,33.7875,45.7125,1,1,1,1,2081,80,80,2083.0,79.0,2081.0,2081,79,78.47410255423165,45348.80641177596
4489,0,1170,3,3,1917176,1919271,2139.543205,2141.544057,2.0008520000001226,39.54320288295092,33.7875,45.7125,1,1,1,1,2095,80,80,2096.0,80.0,2095.0,2095,80,79.12009657475573,45073.798561809905
4489,0,1171,3,3,1919271,1921291,2141.544057,2143.545172,2.001115000000027,39.55318357369053,33.7875,45.7125,1,1,1,1,2020,80,80,2020.0,80.0,2020.0,2020,80,79.15046894706029,45357.7130749601
4489,0,1172,3,3,1921291,1923492,2143.545172,2145.545286,2.0001139999999396,40.00096104379418,33.7875,45.7125,1,1,1,1,2201,80,80,2201.0,80.0,2201.0,2201,80,80.0064821971464,46535.347485194754
4489,0,1173,3,3,1923492,1924000,2145.545286,2145.977195,0.43190899999990506,40.22679053671661,33.7875,45.7125,1,1,1,1,508,18,18,509.0,18.0,508.0,508,18,17.374312873915187,46931.1822629407
4489,0,1174,3,3,1924000,1926059,2145.977195,2147.977986,2.0007909999999356,39.61517801604976,33.7875,45.7125,1,1,1,1,2059,79,79,2067.0,79.0,2059.0,2059,79,79.26169163790473,45948.327436500345
4489,0,1175,3,3,1926059,1928141,2147.977986,2149.981282,2.0032960000003186,39.821425522575765,33.7875,45.7125,1,1,1,1,2082,79,79,2084.0,81.0,2082.0,2082,80,79.77410246369254,46193.37332076003
4489,0,1176,3,3,1928141,1930238,2149.981282,2151.982153,2.0008709999997336,39.701924241975995,33.7875,45.7125,1,1,1,1,2097,80,80,2097.0,79.0,2097.0,2097,79,79.438428859954,45374.23951869565
4489,0,1177,3,3,1930238,1932260,2151.982153,2153.983263,2.0011100000001534,39.86607070930909,33.7875,45.7125,1,1,1,1,2022,80,80,2022.0,80.0,2022.0,2022,80,79.7763927571068,45443.278980162526
4489,0,1178,3,3,1932260,1934285,2153.983263,2155.986339,2.0030759999999646,39.69385637999174,33.7875,45.7125,1,1,1,1,2025,80,80,2025.0,80.0,2025.0,2025,80,79.5098110622057,45980.78155796466
4489,0,1179,3,3,1934285,1936463,2155.986339,2157.988025,2.0016860000000634,39.749553570540094,33.7875,45.7125,1,1,1,1,2178,80,80,2178.0,80.0,2178.0,2178,80,79.56612488839892,46023.20244034133
4489,0,1180,3,3,1936463,1937000,2157.988025,2158.452584,0.4645590000000084,40.339454589157455,33.7875,45.7125,1,1,1,1,537,19,19,539.0,19.0,537.0,537,19,18.74005668448808,46325.65508363763
4489,0,1181,3,3,1937000,1939099,2158.452584,2160.453518,2.0009339999996882,40.19164613250129,33.7875,45.7125,1,1,1,1,2099,80,80,2106.0,80.0,2099.0,2099,80,80.42083126248326,46785.15133433416
4489,0,1182,3,3,1939099,1941167,2160.453518,2162.453504,1.9999860000002627,39.818710233206716,33.7875,45.7125,1,1,1,1,2068,80,80,2070.0,80.0,2068.0,2068,80,79.63686300447444,45904.321330243285
4489,0,1183,3,3,1941167,1943248,2162.453504,2164.456285,2.002781000000141,39.465344042367754,33.7875,45.7125,1,1,1,1,2081,80,80,2083.0,80.0,2081.0,2081,80,79.04044120652543,45839.759813975434
4489,0,1184,3,3,1943248,1945363,2164.456285,2166.457541,2.001256000000012,39.759198660148556,33.7875,45.7125,1,1,1,1,2115,80,80,2115.0,80.0,2115.0,2115,80,79.56833487380936,46354.389443429245
4489,0,1185,3,3,1945363,1947359,2166.457541,2168.458698,2.0011569999996937,39.74173420217492,33.7875,45.7125,1,1,1,1,1996,80,80,1997.0,80.0,1996.0,1996,80,79.52944959081651,45569.63796444455
4489,0,1186,3,3,1947359,1949500,2168.458698,2170.458964,2.0002660000000105,40.18223985994149,33.7875,45.7125,1,1,1,1,2141,80,79,2143.0,80.0,2141.0,2141,79,80.37516819569282,45708.92071354486
4489,0,1187,3,3,1949500,1950000,2170.458964,2170.947881,0.4889170000001286,40.11266944358862,33.7875,45.7125,1,1,1,1,500,19,19,500.0,19.0,500.0,500,19,19.611766006360995,46367.78839760948
4489,0,1188,3,3,1950000,1952091,2170.947881,2172.947941,2.0000599999998485,40.306340582631236,33.7875,45.7125,1,1,1,1,2091,80,80,2093.0,80.0,2091.0,2091,80,80.61509954568464,46863.594092180785
4489,0,1189,3,3,1952091,1954176,2172.947941,2174.94823,2.000289000000066,40.428748619492005,33.7875,45.7125,1,1,1,1,2085,80,80,2085.0,80.0,2085.0,2085,80,80.86918114733999,46644.759832202704
4489,0,1190,3,3,1954176,1956293,2174.94823,2176.9482,1.9999699999998484,40.71374735464519,33.7875,45.7125,1,1,1,1,2117,80,80,2119.0,80.0,2117.0,2117,80,81.42627329686366,46686.70030050805
4489,0,1191,3,3,1956293,1958334,2176.9482,2178.94856,2.0003600000000006,40.114883209737464,33.7875,45.7125,1,1,1,1,2041,80,80,2041.0,80.0,2041.0,2041,80,80.24420777743217,45215.86114499389
4489,0,1192,3,3,1958334,1960538,2178.94856,2180.949195,2.0006350000003295,40.75324651500734,33.7875,45.7125,1,1,1,1,2204,79,79,2204.0,80.0,2204.0,2204,79,81.53237134157098,47644.872752893105
4489,0,1193,3,3,1960538,1962613,2180.949195,2182.949401,2.0002059999997073,40.4796473533359,33.7875,45.7125,1,1,1,1,2075,80,80,2075.0,80.0,2075.0,2075,80,80.96763351401023,45018.363108606405
4489,0,1194,3,3,1962613,1963000,2182.949401,2183.311251,0.3618500000002314,40.086234443862544,33.7875,45.7125,1,1,1,1,387,14,14,387.0,14.0,387.0,387,14,14.50520393352781,46591.12892079375
4489,0,1195,3,3,1963000,1965153,2183.311251,2185.311253,2.0000019999997676,40.03747187656839,33.7875,45.7125,1,1,1,1,2153,80,80,2161.0,80.0,2153.0,2153,80,80.07502382807434,46760.4532395522
4489,0,1196,3,3,1965153,1967255,2185.311253,2187.311625,2.0003719999999703,40.39238719874708,33.7875,45.7125,1,1,1,1,2102,80,80,2103.0,80.0,2103.0,2102,80,80.79980036553752,45929.95702799348
4489,0,1197,3,3,1967255,1969327,2187.311625,2189.312241,2.0006160000002637,40.06909733550004,33.7875,45.7125,1,1,1,1,2072,80,80,2074.0,80.0,2072.0,2072,80,80.16287723496498,45756.90687267718
4489,0,1198,3,3,1969327,1971411,2189.312241,2191.312663,2.0004220000000714,40.32517775083585,33.7875,45.7125,1,1,1,1,2084,80,80,2084.0,80.0,2083.0,2084,80,80.66737272668979,44914.02314111562
4489,0,1199,3,3,1971411,1973449,2191.312663,2193.313076,2.000412999999753,40.13372340555484,33.7875,45.7125,1,1,1,1,2038,80,80,2039.0,80.0,2039.0,2038,80,80.28402203886071,44938.22025752237
4489,0,1200,3,3,1973449,1975642,2193.313076,2195.313493,2.0004170000001977,40.47571038523617,33.7875,45.7125,1,1,1,1,2193,80,80,2192.0,80.0,2192.0,2193,80,80.96829914170667,45788.953003294286
4489,0,1201,3,3,1975642,1976000,2195.313493,2195.636127,0.32263400000010733,40.79112791773211,33.7875,45.7125,1,1,1,1,358,13,13,359.0,13.0,358.0,358,13,13.160604764620075,48144.33692665631
4489,0,1202,3,3,1976000,1978160,2195.636127,2197.636991,2.0008639999996376,40.67777933521032,33.7875,45.7125,1,1,1,1,2160,80,80,2166.0,80.0,2160.0,2160,80,81.39070427174738,47037.67972236846
4489,0,1203,3,3,1978160,1980162,2197.636991,2199.637749,2.0007580000001326,40.221881777492435,33.7875,45.7125,1,1,1,1,2002,79,79,2003.0,80.0,2002.0,2002,80,80.47425174138334,45444.27661915833
4489,0,1204,3,3,1980162,1982211,2199.637749,2201.638307,2.000558000000183,39.72826280654582,33.7875,45.7125,1,1,1,1,2049,80,80,2051.0,79.0,2049.0,2049,79,79.47869398375042,45108.41475227999
4489,0,1205,3,3,1982211,1984220,2201.638307,2203.638688,2.000380999999834,39.890790960572055,33.7875,45.7125,1,1,1,1,2009,80,80,2009.0,80.0,2009.0,2009,80,79.79678031249205,45616.31009293108
4489,0,1206,3,3,1984220,1986340,2203.638688,2205.639345,2.0006570000000465,39.84120039235562,33.7875,45.7125,1,1,1,1,2120,80,80,2122.0,80.0,2120.0,2120,80,79.70857645336946,45523.045679493225
4489,0,1207,3,3,1986340,1988362,2205.639345,2207.641807,2.002461999999923,39.708622469111845,33.7875,45.7125,1,1,1,1,2022,80,80,2023.0,80.0,2022.0,2022,80,79.5150075667334,45429.57619170975
4489,0,1208,3,3,1988362,1989000,2207.641807,2208.252341,0.610533999999916,39.907664674227924,33.7875,45.7125,1,1,1,1,638,25,25,638.0,25.0,638.0,638,25,24.36498614420998,44646.16221210244
4489,0,1209,3,3,1989000,1991060,2208.252341,2210.252313,1.9999720000000707,39.48122109741491,33.7875,45.7125,1,1,1,1,2060,80,80,2061.0,80.0,2060.0,2060,80,78.96133672064752,44611.1245557422
4489,0,1210,3,3,1991060,1993044,2210.252313,2212.252282,1.9999689999999646,39.06796738484871,33.7875,45.7125,1,1,1,1,1984,80,80,1984.0,80.0,1984.0,1984,80,78.13472366270435,43970.68154556474
4489,0,1211,3,3,1993044,1994991,2212.252282,2214.252634,2.000352000000021,39.335613523037566,33.7875,45.7125,1,1,1,1,1947,79,79,1948.0,79.0,1947.0,1947,79,78.68507318203046,43744.301003023014
4489,0,1212,3,3,1994991,1996987,2214.252634,2216.252647,2.0000129999998535,39.92018565305687,33.7875,45.7125,1,1,1,1,1996,80,80,1996.0,80.0,1996.0,1996,80,79.8408902685187,43747.215643101525
4489,0,1213,3,3,1996987,1999122,2216.252647,2218.253118,2.0004710000002888,39.96203138033504,33.7875,45.7125,1,1,1,1,2135,80,80,2135.0,80.0,2135.0,2135,80,79.94288487745507,45010.89993305926
4489,0,1214,3,3,1999122,2001130,2218.253118,2220.254172,2.00105399999984,39.30849867076079,33.7875,45.7125,1,1,1,1,2008,80,80,2009.0,80.0,2008.0,2008,80,78.65842849911132,43047.31406549093
4489,0,1215,3,3,2001130,2002000,2220.254172,2221.14453,0.8903580000001057,39.324585265049585,33.7875,45.7125,1,1,1,1,870,36,36,870.0,36.0,870.0,870,36,35.01295908742759,44697.75079237259
4489,0,1216,3,3,2002000,2004034,2221.14453,2223.14624,2.0017100000000028,39.592757793524434,33.7875,45.7125,1,1,1,1,2034,80,80,2039.0,80.0,2034.0,2034,80,79.25321920287388,44850.15311908312
4489,0,1217,3,3,2004034,2006010,2223.14624,2225.150028,2.003787999999986,39.60270250188476,33.7875,45.7125,1,1,1,1,1976,80,80,1976.0,80.0,1976.0,1976,80,79.35542004083982,44773.698614823836
4489,0,1218,3,3,2006010,2007999,2225.150028,2227.151794,2.0017659999998614,39.29718803081978,33.7875,45.7125,1,1,1,1,1989,80,80,1989.0,80.0,1989.0,1989,80,78.66377489570004,44361.82850543278
4489,0,1219,3,3,2007999,2010030,2227.151794,2229.152248,2.0004539999999906,39.237828185764336,33.7875,45.7125,1,1,1,1,2031,80,80,2031.0,80.0,2031.0,2031,80,78.49347034552193,45236.731262003734
4489,0,1220,3,3,2010030,2012014,2229.152248,2231.155527,2.0032790000000205,39.50905163075335,33.7875,45.7125,1,1,1,1,1984,80,80,1984.0,80.0,1984.0,1984,80,79.14765344180341,43548.602066910855
4489,0,1221,3,3,2012014,2014067,2231.155527,2233.155628,2.000101000000086,39.39330009020372,33.7875,45.7125,1,1,1,1,2053,80,80,2054.0,80.0,2053.0,2053,80,78.79057890371769,44400.25778697985
4489,0,1222,3,3,2014067,2015000,2233.155628,2234.014987,0.8593590000000404,39.897739265174216,33.7875,45.7125,1,1,1,1,933,34,34,935.0,34.0,933.0,933,34,34.28648131717637,45771.324906119735
4489,0,1223,3,3,2015000,2016942,2234.014987,2236.015079,2.0000919999997677,39.400926391817954,33.7875,45.7125,1,1,1,1,1942,80,80,1943.0,80.0,1942.0,1942,80,78.80547766885138,44187.96735350687
4489,0,1224,3,3,2016942,2019017,2236.015079,2238.015917,2.0008380000003854,39.02337730128757,33.7875,45.7125,1,1,1,1,2075,80,80,2077.0,80.0,2075.0,2075,80,78.07945619276143,44206.977276512625
4489,0,1225,3,3,2019017,2021096,2238.015917,2240.016933,2.0010159999997086,39.74712472739427,33.7875,45.7125,1,1,1,1,2079,80,80,2080.0,80.0,2079.0,2079,80,79.53463253349764,46113.074558131186
4489,0,1226,3,3,2021096,2023166,2240.016933,2242.017461,2.000528000000031,39.54035695855799,33.7875,45.7125,1,1,1,1,2070,80,80,2072.0,80.0,2070.0,2070,80,79.10159122559708,45193.56889781028
4489,0,1227,3,3,2023166,2025251,2242.017461,2244.01778,2.000319000000218,39.387048319138835,33.7875,45.7125,1,1,1,1,2085,80,80,2085.0,80.0,2085.0,2085,80,78.7866611067002,45656.21783325062
4489,0,1228,3,3,2025251,2027280,2244.01778,2246.018168,2.00038799999993,39.32527250867996,33.7875,45.7125,1,1,1,1,2029,80,80,2031.0,80.0,2029.0,2029,80,78.66580322309164,46306.01663277487
4489,0,1229,3,3,2027280,2028000,2246.018168,2246.741318,0.723149999999805,39.65764769496095,33.7875,45.7125,1,1,1,1,720,28,28,721.0,29.0,720.0,720,29,28.678427930601174,44982.368803165
4489,0,1230,3,3,2028000,2030020,2246.741318,2248.741458,2.0001400000001013,38.98993807226045,33.7875,45.7125,1,1,1,1,2020,80,80,2022.0,79.0,2020.0,2020,79,77.98533473585849,44074.4147909624
4489,0,1231,3,3,2030020,2031994,2248.741458,2250.741806,2.000348000000031,38.831194813802334,33.7875,45.7125,1,1,1,1,1974,79,79,1976.0,80.0,1974.0,1974,79,77.6759028834058,43422.44449465726
4489,0,1232,3,3,2031994,2033983,2250.741806,2252.742421,2.000614999999925,38.839683919474,33.7875,45.7125,1,1,1,1,1989,80,80,1989.0,80.0,1989.0,1989,80,77.70325424455223,44302.87686536556
4489,0,1233,3,3,2033983,2036018,2252.742421,2254.74274,2.000319000000218,39.07814687515447,33.7875,45.7125,1,1,1,1,2035,80,80,2036.0,80.0,2035.0,2035,80,78.1687596791744,45057.31335851441
4489,0,1234,3,3,2036018,2038067,2254.74274,2256.743514,2.0007739999996375,39.19861691165072,33.7875,45.7125,1,1,1,1,2049,80,80,2049.0,80.0,2049.0,2049,80,78.42757355277718,45807.272585517705
4489,0,1235,3,3,2038067,2040037,2256.743514,2258.743996,2.0004820000003747,38.849493497859505,33.7875,45.7125,1,1,1,1,1970,80,80,1970.0,80.0,1970.0,1970,80,77.71771245160198,44110.369400966105
4489,0,1236,3,3,2040037,2041000,2258.743996,2259.695319,0.9513229999997748,39.239046352965524,33.7875,45.7125,1,1,1,1,963,38,38,963.0,38.0,963.0,963,38,37.329007293636096,45933.92570137624
4489,0,1237,3,3,2041000,2043083,2259.695319,2261.695551,2.000231999999869,39.671464935536356,33.7875,45.7125,1,1,1,1,2083,80,80,2087.0,80.0,2083.0,2083,80,79.35213365092932,45495.72249619342
4489,0,1238,3,3,2043083,2045160,2261.695551,2263.696887,2.001336000000265,39.43424232249724,33.7875,45.7125,1,1,1,1,2077,80,80,2078.0,80.0,2078.0,2077,80,78.92116879274545,45379.1867032762
4489,0,1239,3,3,2045160,2047271,2263.696887,2265.697829,2.000942000000123,39.726507755034596,33.7875,45.7125,1,1,1,1,2111,80,80,2110.0,80.0,2110.0,2111,80,79.4904378803767,45221.7005790245
4489,0,1240,3,3,2047271,2049289,2265.697829,2267.699323,2.0014939999996386,39.49387764337728,33.7875,45.7125,1,1,1,1,2018,80,80,2020.0,80.0,2018.0,2018,80,79.0467591399356,44642.15231223083
4489,0,1241,3,3,2049289,2051323,2267.699323,2269.699908,2.0005850000002283,39.376628413865,33.7875,45.7125,1,1,1,1,2034,80,80,2034.0,80.0,2034.0,2034,80,78.77629215536581,45058.32044126579
4489,0,1242,3,3,2051323,2053378,2269.699908,2271.700878,2.000970000000052,39.82401055181788,33.7875,45.7125,1,1,1,1,2055,80,80,2055.0,80.0,2055.0,2055,80,79.68665039387997,45881.24759491527
4489,0,1243,3,3,2053378,2054000,2271.700878,2272.339927,0.6390489999998863,39.58178076643542,33.7875,45.7125,1,1,1,1,622,25,25,622.0,25.0,622.0,622,25,25.2946974170045,44721.14031945138
4489,0,1244,3,3,2054000,2056088,2272.339927,2274.340351,2.000423999999839,39.84290162912581,33.7875,45.7125,1,1,1,1,2088,79,79,2105.0,80.0,2088.0,2088,79,79.70269664854277,45395.87607427591
4489,0,1245,3,3,2056088,2058156,2274.340351,2276.340595,2.0002440000002935,39.71441339715004,33.7875,45.7125,1,1,1,1,2068,80,80,2068.0,80.0,2068.0,2068,80,79.43851711117895,45277.47614790331
4489,0,1246,3,3,2058156,2060266,2276.340595,2278.34224,2.001644999999826,39.634016898722244,33.7875,45.7125,1,1,1,1,2110,80,80,2110.0,80.0,2110.0,2110,80,79.33323175524129,45793.33498198131
4489,0,1247,3,3,2060266,2062273,2278.34224,2280.344589,2.0023489999998674,39.41189140516337,33.7875,45.7125,1,1,1,1,2007,80,80,2007.0,80.0,2007.0,2007,80,78.91636134323198,44579.641211400165
4489,0,1248,3,3,2062273,2064352,2280.344589,2282.345384,2.0007950000003802,39.70358127360722,33.7875,45.7125,1,1,1,1,2079,80,80,2080.0,80.0,2079.0,2079,80,79.4387268943392,44392.85384058992
4489,0,1249,3,3,2064352,2066368,2282.345384,2284.345627,2.000242999999955,39.70724428280376,33.7875,45.7125,1,1,1,1,2016,80,80,2017.0,80.0,2016.0,2016,80,79.42413742597273,45640.45468475683
4489,0,1250,3,3,2066368,2067000,2284.345627,2284.944567,0.5989399999998568,39.433955957747216,33.7875,45.7125,1,1,1,1,632,24,24,632.0,24.0,632.0,632,24,23.618573581334203,43935.95351789209
4489,0,1251,3,3,2067000,2069071,2284.944567,2286.947233,2.002665999999863,39.75636720775808,33.7875,45.7125,1,1,1,1,2071,80,80,2074.0,80.0,2071.0,2071,80,79.61872489048983,45540.79412143924
4489,0,1252,3,3,2069071,2071153,2286.947233,2288.947485,2.0002520000002733,40.24398955886268,33.7875,45.7125,1,1,1,1,2082,80,80,2082.0,80.0,2082.0,2082,80,80.49812060310796,46617.12624208713
4489,0,1253,3,3,2071153,2073133,2288.947485,2290.947908,2.000422999999955,40.016428569591,33.7875,45.7125,1,1,1,1,1980,80,80,1980.0,80.0,1980.0,1980,80,80.04978408846364,44827.01908546443
4489,0,1254,3,3,2073133,2075182,2290.947908,2292.949014,2.0011059999997087,40.04563812848524,33.7875,45.7125,1,1,1,1,2049,80,80,2049.0,80.0,2049.0,2049,80,80.13556673272979,45598.28414887231
4489,0,1255,3,3,2075182,2077246,2292.949014,2294.952421,2.003407000000152,40.17134437165884,33.7875,45.7125,1,1,1,1,2064,80,80,2064.0,80.0,2064.0,2064,80,80.47955251359963,45780.01374657922
4489,0,1256,3,3,2077246,2079282,2294.952421,2296.952805,2.00038399999994,40.244628255717046,33.7875,45.7125,1,1,1,1,2036,80,80,2036.0,80.0,2036.0,2036,80,80.50471044868755,45023.355515742325
4489,0,1257,3,3,2079282,2080000,2296.952805,2297.626072,0.6732670000001235,40.12078015433655,33.7875,45.7125,1,1,1,1,718,27,27,719.0,27.0,718.0,718,27,27.011997292167507,45115.8307179684
4489,0,1258,3,3,2080000,2082023,2297.626072,2299.626441,2.000368999999864,40.18148297315149,33.7875,45.7125,1,1,1,1,2023,79,79,2025.0,80.0,2023.0,2023,80,80.37779291351035,46359.4466820903
4489,0,1259,3,3,2082023,2084063,2299.626441,2301.627506,2.001064999999926,39.744906408090436,33.7875,45.7125,1,1,1,1,2040,80,80,2040.0,79.0,2040.0,2040,79,79.53214114150614,45316.86876738305
4489,0,1260,3,3,2084063,2086110,2301.627506,2303.628558,2.0010520000000724,40.000317269188734,33.7875,45.7125,1,1,1,1,2047,80,80,2048.0,80.0,2047.0,2047,80,80.0427148721501,46337.12667136918
4489,0,1261,3,3,2086110,2088271,2303.628558,2305.631999,2.0034410000002936,40.470140218205266,33.7875,45.7125,1,1,1,1,2161,80,80,2161.0,80.0,2161.0,2161,80,81.07953818891838,47253.70000912736
4489,0,1262,3,3,2088271,2090411,2305.631999,2307.632898,2.000898999999663,40.14657083315163,33.7875,45.7125,1,1,1,1,2140,80,80,2141.0,80.0,2140.0,2140,80,80.3292334334692,46094.28062086869
4489,0,1263,3,3,2090411,2092513,2307.632898,2309.632869,1.999971000000187,39.90012771663926,33.7875,45.7125,1,1,1,1,2102,80,80,2103.0,80.0,2103.0,2102,80,79.79909832958947,45734.16314536134
4489,0,1264,3,3,2092513,2093000,2309.632869,2310.091444,0.45857500000010987,40.04875054341786,33.7875,45.7125,1,1,1,1,487,19,19,486.0,19.0,486.0,487,19,18.365355780450045,46762.25263042002
4489,0,1265,3,3,2093000,2094985,2310.091444,2312.091589,2.000144999999975,39.77096607119979,33.7875,45.7125,1,1,1,1,1985,80,80,1987.0,80.0,1985.0,1985,80,79.54769893248158,45541.19826312649
4489,0,1266,3,3,2094985,2097099,2312.091589,2314.092007,2.0004180000000815,39.794942662233616,33.7875,45.7125,1,1,1,1,2114,79,79,2116.0,79.0,2114.0,2114,79,79.60651961050462,45675.453830147635
4489,0,1267,3,3,2097099,2099119,2314.092007,2316.092557,2.0005499999997483,39.92769923303373,33.7875,45.7125,1,1,1,1,2020,79,79,2021.0,80.0,2020.0,2020,79,79.87735870062897,45424.00839769635
4489,0,1268,3,3,2099119,2101143,2316.092557,2318.093304,2.0007470000000467,40.36766591596877,33.7875,45.7125,1,1,1,1,2024,80,80,2024.0,80.0,2024.0,2024,80,80.76548647838354,46857.998537545136
4489,0,1269,3,3,2101143,2103234,2318.093304,2320.093576,2.0002720000002228,39.691929198239414,33.7875,45.7125,1,1,1,1,2091,80,80,2093.0,80.0,2091.0,2091,80,79.39465460123029,45812.76946334788
4489,0,1270,3,3,2103234,2105366,2320.093576,2322.097979,2.004402999999911,39.96724276614099,33.7875,45.7125,1,1,1,1,2132,80,80,2133.0,80.0,2132.0,2132,80,80.11046130217437,45650.999324988064
4489,0,1271,3,3,2105366,2106000,2322.097979,2322.69211,0.5941309999998339,39.913116062181004,33.7875,45.7125,1,1,1,1,634,24,24,634.0,24.0,634.0,634,24,23.713619559130166,44710.678284767884
4489,0,1272,3,3,2106000,2108085,2322.69211,2324.693266,2.0011560000002646,39.864898376531386,33.7875,45.7125,1,1,1,1,2085,80,80,2088.0,80.0,2085.0,2085,80,79.77588057560206,45741.0616663508
4489,0,1273,3,3,2108085,2110158,2324.693266,2326.693941,2.0006749999997737,39.562308933878796,33.7875,45.7125,1,1,1,1,2073,80,80,2074.0,80.0,2073.0,2073,80,79.15132242627442,46374.348657333394
4489,0,1274,3,3,2110158,2112236,2326.693941,2328.694801,2.0008600000001024,39.74770902382774,33.7875,45.7125,1,1,1,1,2078,80,80,2078.0,80.0,2078.0,2078,80,79.52960107741819,45352.998210767044
4489,0,1275,3,3,2112236,2114279,2328.694801,2330.698354,2.003553000000011,39.81223355286992,33.7875,45.7125,1,1,1,1,2043,80,80,2043.0,80.0,2043.0,2043,80,79.76591997155629,45378.88441184212
4489,0,1276,3,3,2114279,2116374,2330.698354,2332.702427,2.004073000000062,39.67877998549194,33.7875,45.7125,1,1,1,1,2095,80,79,2097.0,80.0,2095.0,2095,79,79.51917164186307,45482.87412683928
4489,0,1277,3,3,2116374,2118511,2332.702427,2334.703002,2.000575000000026,39.53630745066129,33.7875,45.7125,1,1,1,1,2137,80,80,2137.0,80.0,2137.0,2137,80,79.09534827810421,46257.20105469617
4489,0,1278,3,3,2118511,2119000,2334.703002,2335.196477,0.4934749999997621,39.310226870599706,33.7875,45.7125,1,1,1,1,489,20,20,489.0,20.0,489.0,489,20,19.398614204954356,44792.542682021696
4489,0,1279,3,3,2119000,2121020,2335.196477,2337.196484,2.000007000000096,39.555192018063934,33.7875,45.7125,1,1,1,1,2020,80,80,2025.0,80.0,2021.0,2020,80,79.11066092248075,44732.84343504583
4489,0,1280,3,3,2121020,2123060,2337.196484,2339.196575,2.000090999999884,39.3743764011162,33.7875,45.7125,1,1,1,1,2040,80,80,2039.0,80.0,2039.0,2040,80,78.75233587047842,45337.43714661246
4489,0,1281,3,3,2123060,2125182,2339.196575,2341.196918,2.000343000000157,39.43127185890083,33.7875,45.7125,1,1,1,1,2122,79,79,2122.0,79.0,2122.0,2122,79,78.87606864405097,45925.62375552232
4489,0,1282,3,3,2125182,2127202,2341.196918,2343.197235,2.0003169999999955,39.79282709568421,33.7875,45.7125,1,1,1,1,2020,80,80,2020.0,80.0,2020.0,2020,80,79.59826851755497,45176.3395501814
4489,0,1283,3,3,2127202,2129153,2343.197235,2345.197447,2.0002119999999195,39.04152117299918,33.7875,45.7125,1,1,1,1,1951,80,80,1951.0,80.0,1951.0,1951,80,78.09131914848695,44653.76670073152
4489,0,1284,3,3,2129153,2131270,2345.197447,2347.19762,2.0001729999999043,39.302910507006175,33.7875,45.7125,1,1,1,1,2117,80,79,2117.0,80.0,2117.0,2117,79,78.61262041752343,45831.5355721752
4489,0,1285,3,3,2131270,2132000,2347.19762,2347.876885,0.6792650000002141,39.63689002562033,33.7875,45.7125,1,1,1,1,730,27,27,730.0,27.0,730.0,730,27,26.92395210325776,44926.50143904129
4489,0,1286,3,3,2132000,2134040,2347.876885,2349.876998,2.0001130000000558,39.204683331087274,33.7875,45.7125,1,1,1,1,2040,80,80,2044.0,80.0,2040.0,2040,80,78.41379679139936,45058.45419733659
4489,0,1287,3,3,2134040,2135731,2349.876998,2351.877061,2.0000629999999546,39.26083038069708,33.7875,45.7125,1,1,1,1,1691,63,63,2109.0,80.0,1691.0,1691,63,78.52413419370714,45478.56742512714
4489,0,1288,3,3,2135731,2137669,2351.877061,2353.877649,2.0005879999998797,38.91364438032278,33.7875,45.7125,1,1,1,1,1938,80,80,1938.0,80.0,1938.0,1938,80,77.8501699835324,44481.42246179891
4489,0,1289,3,3,2137669,2139843,2353.877649,2355.877918,2.0002690000001166,39.02655746605127,33.7875,45.7125,1,1,1,1,2174,80,80,2177.0,80.0,2174.0,2174,80,78.06361307606858,45394.89438670234
4489,0,1290,3,3,2139843,2141877,2355.877918,2357.878632,2.000713999999789,39.286345361664274,33.7875,45.7125,1,1,1,1,2034,79,79,2036.0,80.0,2034.0,2034,79,78.60074117391196,44642.06278359097
4489,0,1291,3,3,2141877,2143924,2357.878632,2359.879973,2.0013410000001386,39.39046199412571,33.7875,45.7125,1,1,1,1,2047,80,80,2049.0,80.0,2047.0,2047,80,78.83374659779656,45082.27233639533
4489,0,1292,3,3,2143924,2145000,2359.879973,2360.920653,1.0406800000000658,39.34212868623349,33.7875,45.7125,1,1,1,1,1076,41,41,1076.0,41.0,1076.0,1076,41,40.94256648118608,43966.44501671706
4489,0,1293,3,3,2145000,2147059,2360.920653,2362.920646,1.999992999999904,39.34086850095036,33.7875,45.7125,1,1,1,1,2059,79,79,2061.0,80.0,2059.0,2059,79,78.68146161582263,45427.158995058664
4489,0,1294,3,3,2147059,2149064,2362.920646,2364.920909,2.0002629999999044,39.36579785090322,33.7875,45.7125,1,1,1,1,2005,80,80,2005.0,80.0,2005.0,2005,80,78.74194890663784,45367.53416925891
4489,0,1295,3,3,2149064,2151078,2364.920909,2366.921068,2.000159000000167,39.579342365952684,33.7875,45.7125,1,1,1,1,2014,80,80,2014.0,80.0,2014.0,2014,80,79.16497784735111,44724.944366919095
4489,0,1296,3,3,2151078,2153089,2366.921068,2368.921358,2.00028999999995,39.0263581265982,33.7875,45.7125,1,1,1,1,2011,80,80,2011.0,80.0,2011.0,2011,80,78.0640338970552,43859.140424639525
4489,0,1297,3,3,2153089,2155075,2368.921358,2370.922382,2.001024000000143,39.434528867679376,33.7875,45.7125,1,1,1,1,1986,80,80,1987.0,80.0,1986.0,1986,80,78.90943869292096,45540.68317021359
4489,0,1298,3,3,2155075,2155740,2370.922382,2372.934797,2.0124149999996916,12.239322477257055,33.7875,45.7125,1,0,0,1,665,80,80,665.0,81.0,665.0,665,81,24.630596143062576,13766.54417702325
4489,0,1299,3,3,2155740,2155820,2372.934797,2374.937073,2.0022760000001654,0.958281444248215,33.7875,45.7125,1,0,0,0,80,80,80,80.0,80.0,80.0,80,80,1.918743937058025,697.2065789131392
4489,0,1300,3,3,2155820,2155900,2374.937073,2376.93935,2.002277000000049,0.9592698283182589,33.7875,45.7125,1,0,0,0,80,80,80,80.0,80.0,80.0,80,80,1.9207239140378078,734.6635855078812
4489,0,1301,3,3,2155900,2155980,2376.93935,2378.941627,2.002277000000049,0.9581769806216416,33.7875,45.7125,1,0,0,0,80,80,80,80.0,80.0,80.0,80,80,1.918535730233998,742.1550564681927
4489,0,1302,3,3,2155980,2156062,2378.941627,2380.943903,2.0022759999997106,0.9598946964157713,33.7875,45.7125,1,0,0,0,82,80,80,82.0,80.0,82.0,82,80,1.92197411316738,723.1770245461711
4489,0,1303,3,3,2156062,2156142,2380.943903,2382.946181,2.002277999999933,0.9592174045907431,33.7875,45.7125,1,0,0,0,80,80,80,80.0,80.0,80.0,80,80,1.9206199064356042,737.6598054815812
4489,0,1304,3,3,2156142,2156222,2382.946181,2384.948456,2.0022750000002816,0.9604154843001191,33.7875,45.7125,1,0,0,0,80,80,80,80.0,80.0,80.0,80,80,1.9230159138242016,711.191020214406
4489,0,1305,3,3,2156222,2156302,2384.948456,2386.950733,2.002277000000049,0.9547423164322729,33.7875,45.7125,1,0,0,0,80,80,80,80.0,80.0,80.0,80,80,1.9116585811134428,713.188035421655
4489,0,1306,3,3,2156302,2156382,2386.950733,2388.95301,2.002277000000049,0.954482114599745,33.7875,45.7125,1,0,0,0,80,80,80,80.0,80.0,80.0,80,80,1.9111375849752221,708.693152845468
4489,0,1307,3,3,2156382,2156462,2388.95301,2390.955289,2.0022789999998167,0.9574476505362842,33.7875,45.7125,1,0,0,0,80,80,80,80.0,80.0,80.0,80,80,1.917077324265847,741.1554533609631
4489,0,1308,3,3,2156462,2156542,2390.955289,2392.957562,2.0022730000000593,0.9590111595179249,33.7875,45.7125,1,0,0,0,80,80,80,80.0,80.0,80.0,80,80,1.9202021514065564,718.6832165243987
4489,0,1309,3,3,2156542,2156629,2392.957562,2394.959839,2.002277000000049,1.0538792146254126,33.7875,45.7125,1,0,0,0,87,80,80,87.0,80.0,87.0,87,80,2.1101581122202333,916.4566141447737
4489,0,1310,3,3,2156629,2156789,2394.959839,2396.962254,2.002414999999928,1.8758968419032558,33.7875,45.7125,1,0,0,0,160,80,80,160.0,80.0,160.0,160,80,3.756323974681436,2638.3142355606556
4489,0,1311,3,3,2156789,2156951,2396.962254,2398.964393,2.00213900000017,1.9472210638793672,33.7875,45.7125,1,0,0,0,162,80,80,162.0,80.0,162.0,162,80,3.8986072336119832,2688.12505025852
4489,0,1312,3,3,2156951,2157150,2398.964393,2400.966671,2.002277999999933,2.349162859406095,33.7875,45.7125,1,0,0,1,199,80,80,199.0,80.0,199.0,199,80,4.7036771118000615,3147.4150942078027
4489,0,1313,3,3,2157150,2157399,2400.966671,2402.967364,2.0006929999999556,3.5494773285189973,33.7875,45.7125,1,0,0,1,249,80,80,249.0,79.0,249.0,249,79,7.101414444827242,4621.898512165637
4489,0,1314,3,3,2157399,2157767,2402.967364,2404.971223,2.0038589999999203,6.028957763746464,33.7875,45.7125,1,0,0,1,368,80,80,368.0,81.0,368.0,368,81,12.081181275498238,7541.94781169763
4489,0,1315,3,3,2157767,2158000,2404.971223,2405.961481,0.9902579999998125,7.34066819878427,33.7875,45.7125,1,0,0,1,233,40,40,233.0,39.0,233.0,233,39,7.2691554091870785,9020.881426862183
4489,0,1316,3,3,2158000,2158576,2405.961481,2407.962573,2.0010919999999714,9.875716964924703,33.7875,45.7125,1,0,0,1,576,80,80,578.0,80.0,576.0,576,80,19.76221821278159,11791.062080104432
4489,0,1317,3,3,2158576,2159234,2407.962573,2409.96885,2.0062770000004093,11.24607043711705,33.7875,45.7125,1,0,0,1,658,80,80,658.0,80.0,658.0,658,80,22.56273245837656,13390.473997356556
4489,0,1318,3,3,2159234,2160054,2409.96885,2411.971317,2.002466999999797,14.808634498238186,33.7875,45.7125,1,0,0,1,820,80,80,820.0,80.0,820.0,820,80,29.65380189777352,17552.349177291595
4489,0,1319,3,3,2160054,2160969,2411.971317,2413.972568,2.0012510000001384,16.308091494093908,33.7875,45.7125,1,0,0,1,915,80,80,915.0,80.0,915.0,915,80,32.63658441064763,19226.47384061137
4489,0,1320,3,3,2160969,2161883,2413.972568,2415.973776,2.0012079999996786,17.53412239997213,33.7875,45.7125,1,0,0,1,914,80,80,915.0,80.0,914.0,914,80,35.08942601979652,20424.66350324732
4489,0,1321,3,3,2161883,2162989,2415.973776,2417.980767,2.0069910000001983,20.124967152984247,33.7875,45.7125,1,0,0,1,1106,80,80,1107.0,80.0,1106.0,1106,80,40.390627951332135,23749.48367979492
4489,0,1322,3,3,2162989,2164179,2417.980767,2419.98261,2.001843000000008,21.590783954886206,33.7875,45.7125,1,0,0,1,1190,80,80,1190.0,80.0,1190.0,1190,80,43.221359724600916,25817.209441499555
4489,0,1323,3,3,2164179,2165484,2419.98261,2421.983029,2.0004189999999653,23.253738873174637,33.7875,45.7125,1,0,0,1,1305,80,80,1305.0,80.0,1305.0,1305,80,46.517221062938916,27464.74613568505
4489,0,1324,3,3,2165484,2166846,2421.983029,2423.984935,2.0019059999999627,25.59535885433458,33.7875,45.7125,1,0,0,1,1362,80,80,1362.0,80.0,1362.0,1362,80,51.23950246264576,29408.973248494734
4489,0,1325,3,3,2166846,2168354,2423.984935,2425.986878,2.0019430000002103,27.402500757527974,33.7875,45.7125,1,0,0,1,1508,80,80,1508.0,80.0,1508.0,1508,80,54.85824457403214,31596.304190475632
4489,0,1326,3,3,2168354,2169905,2425.986878,2427.986897,2.0000190000000657,29.182750529889645,33.7875,45.7125,1,0,0,1,1551,80,80,1553.0,80.0,1551.0,1551,80,58.366055532038445,33793.67896004877
4489,0,1327,3,3,2169905,2171000,2427.986897,2429.381169,1.3942720000000008,31.57099501501235,33.7875,45.7125,1,0,0,1,1095,56,56,1096.0,56.0,1095.0,1095,56,44.0185543615662,35784.98313098159
4489,0,1328,3,3,2171000,2172651,2429.381169,2431.382346,2.001176999999643,32.245698018735865,33.7875,45.7125,1,0,0,1,1651,80,80,1654.0,80.0,1651.0,1651,80,64.52934922403074,37216.59803206477
4489,0,1329,3,3,2172651,2174517,2431.382346,2433.382525,2.0001790000001165,35.28158384148682,33.7875,45.7125,1,1,0,1,1866,80,80,1866.0,80.0,1866.0,1866,80,70.56948308648134,40420.88233102902
4489,0,1330,3,3,2174517,2176413,2433.382525,2435.382999,2.00047399999994,36.76553225427936,33.7875,45.7125,1,1,1,1,1896,80,80,1896.0,80.0,1896.0,1896,80,73.54849137084966,41797.09408870223
4489,0,1331,3,3,2176413,2178488,2435.382999,2437.383075,2.000076000000263,38.72803441804643,33.7875,45.7125,1,1,1,1,2075,79,79,2075.0,80.0,2075.0,2075,80,77.45901216671336,43766.83686019356
4489,0,1332,3,3,2178488,2180515,2437.383075,2439.383793,2.000717999999779,38.51661540274163,33.7875,45.7125,1,1,1,1,2027,80,80,2027.0,79.0,2027.0,2027,79,77.06088573533634,44606.48627143349
4489,0,1333,3,3,2180515,2182508,2439.383793,2441.383781,1.9999880000000303,38.300270331578695,33.7875,45.7125,1,1,1,1,1993,80,80,1994.0,80.0,1993.0,1993,80,76.60008105992165,43997.26398358324
4489,0,1334,3,3,2182508,2184000,2441.383781,2442.865431,1.4816500000001724,38.845024869741984,33.7875,45.7125,1,1,1,1,1492,60,60,1493.0,60.0,1492.0,1492,60,57.55473109826562,44251.34140990947
4489,0,1335,3,3,2184000,2186116,2442.865431,2444.866355,2.000923999999941,39.20824294691233,33.7875,45.7125,1,1,1,1,2116,79,79,2116.0,79.0,2116.0,2116,79,78.45271431030415,45144.14340574788
4489,0,1336,3,3,2186116,2188139,2444.866355,2446.866767,2.0004119999998693,39.44023196888052,33.7875,45.7125,1,1,1,1,2023,80,80,2024.0,80.0,2023.0,2023,80,78.89671331332647,44994.73108539935
4489,0,1337,3,3,2188139,2190163,2446.866767,2448.868019,2.0012520000000222,39.546375698936025,33.7875,45.7125,1,1,1,1,2024,79,79,2028.0,80.0,2024.0,2024,79,79.14226346024952,45468.03700883197
4489,0,1338,3,3,2190163,2192150,2448.868019,2450.871452,2.003432999999859,39.39680766509941,33.7875,45.7125,1,1,1,1,1987,80,80,1989.0,80.0,1987.0,1987,80,78.92886457090208,44533.55814744305
4489,0,1339,3,3,2192150,2194186,2450.871452,2452.875692,2.004240000000209,39.48536455844386,33.7875,45.7125,1,1,1,1,2036,80,80,2037.0,81.0,2036.0,2036,81,79.13814706262201,45412.72502294661
4489,0,1340,3,3,2194186,2196244,2452.875692,2454.87566,1.9999680000000808,39.52568925962508,33.7875,45.7125,1,1,1,1,2058,80,80,2059.0,79.0,2058.0,2058,79,79.0501136972016,44462.71140338066
4489,0,1341,3,3,2196244,2197000,2454.87566,2455.614212,0.7385519999997996,39.571642985797304,33.7875,45.7125,1,1,1,1,756,29,29,758.0,30.0,756.0,756,29,29.2257160704321,45832.9271331053
4489,0,1342,3,3,2197000,2199028,2455.614212,2457.616223,2.0020110000000386,39.649342663527385,33.7875,45.7125,1,1,1,1,2028,80,80,2034.0,80.0,2028.0,2028,80,79.37842015514616,44782.47122518221
4489,0,1343,3,3,2199028,2201095,2457.616223,2459.618933,2.0027100000002065,39.80804736735633,33.7875,45.7125,1,1,1,1,2067,80,80,2067.0,80.0,2067.0,2067,80,79.7239745430852,45715.056098981164
4489,0,1344,3,3,2201095,2203091,2459.618933,2461.621578,2.0026450000000295,39.83857451235073,33.7875,45.7125,1,1,1,1,1996,80,80,1997.0,80.0,1996.0,1996,80,79.78252205428726,45654.62176271813
4489,0,1345,3,3,2203091,2205127,2461.621578,2463.62177,2.00019199999997,40.313799620365735,33.7875,45.7125,1,1,1,1,2036,79,79,2039.0,80.0,2036.0,2036,79,80.63533949025441,45492.63270726078
4489,0,1346,3,3,2205127,2207148,2463.62177,2465.623232,2.0014619999997194,39.7475772509507,33.7875,45.7125,1,1,1,1,2021,80,80,2022.0,80.0,2021.0,2021,80,79.55326545983553,45029.583374559516
4489,0,1347,3,3,2207148,2209229,2465.623232,2467.623564,2.0003320000000713,39.71606059585486,33.7875,45.7125,1,1,1,1,2081,80,80,2081.0,80.0,2081.0,2081,80,79.44530692383705,44920.54318982889
4489,0,1348,3,3,2209229,2210000,2467.623564,2468.365737,0.7421730000000935,39.07330422528613,33.7875,45.7125,1,1,1,1,771,29,29,771.0,29.0,771.0,771,29,28.9991514167923,43926.41607818648
4489,0,1349,3,3,2210000,2212125,2468.365737,2470.368498,2.0027609999997367,39.94969874166345,33.7875,45.7125,1,1,1,1,2125,80,80,2128.0,80.0,2125.0,2125,80,80.00969860154146,46015.47563589071
4489,0,1350,3,3,2212125,2214269,2470.368498,2472.368811,2.0003130000000056,40.06216705354852,33.7875,45.7125,1,1,1,1,2144,80,80,2146.0,80.0,2144.0,2144,80,80.13687356538139,46136.27967223117
4489,0,1351,3,3,2214269,2216292,2472.368811,2474.369568,2.000757000000249,39.944420066019546,33.7875,45.7125,1,1,1,1,2023,80,80,2023.0,80.0,2023.0,2023,80,79.9190780580393,45020.459755976764
4489,0,1352,3,3,2216292,2218344,2474.369568,2476.371423,2.0018549999999777,39.62628774268927,33.7875,45.7125,1,1,1,1,2052,80,80,2052.0,80.0,2052.0,2052,80,79.32608224914293,45059.20758496544
4489,0,1353,3,4,2218344,2220409,2476.371423,2478.371634,2.0002110000000357,34.429257933496466,33.7875,45.7125,1,1,1,1,2065,80,80,2065.0,80.0,2065.0,2065,80,79.49456997282687,39477.46966506799
4489,0,1354,4,4,2220409,2222546,2478.371634,2480.372172,2.0005379999997785,40.07763160965118,33.7875,45.7125,1,1,1,1,2137,80,80,2137.0,80.0,2137.0,2137,80,80.17682498510112,45250.32766186397
4489,0,1355,4,4,2222546,2223000,2480.372172,2480.816662,0.44449000000031447,39.47034092100623,33.7875,45.7125,1,1,1,1,454,18,18,454.0,18.0,454.0,454,18,17.544171835994348,43816.50880781619
4489,0,1356,4,4,2223000,2225107,2480.816662,2482.818427,2.0017649999999776,39.62696761074323,33.7875,45.7125,1,1,1,1,2107,80,80,2108.0,80.0,2107.0,2107,80,79.32387681931141,45143.660719415624
4489,0,1357,4,4,2225107,2227205,2482.818427,2484.819191,2.00076399999989,39.55159989548999,33.7875,45.7125,1,1,1,1,2098,80,80,2100.0,80.0,2098.0,2098,80,79.13341721329198,44626.95250414587
4489,0,1358,4,4,2227205,2229269,2484.819191,2486.821406,2.0022149999999783,40.14705913810064,33.7875,45.7125,1,1,1,1,2064,80,80,2067.0,80.0,2064.0,2064,80,80.38304401219648,44402.32442569902
4489,0,1359,4,4,2229269,2231372,2486.821406,2488.823632,2.0022260000000642,39.60373252917818,33.7875,45.7125,1,1,1,1,2103,80,80,2104.0,80.0,2103.0,2103,80,79.29562296696531,45145.253333038876
4489,0,1360,4,4,2231372,2233532,2488.823632,2490.824619,2.0009869999998955,40.059985273428865,33.7875,45.7125,1,1,1,1,2160,80,80,2162.0,80.0,2160.0,2160,80,80.15950975232408,46132.23374265041
4489,0,1361,4,4,2233532,2235612,2490.824619,2492.826758,2.00213900000017,40.05109749777895,33.7875,45.7125,1,1,1,1,2080,80,80,2082.0,80.0,2080.0,2080,80,80.18786429311149,44804.082034260544
4489,0,1362,4,4,2235612,2236000,2492.826758,2493.180742,0.35398399999985486,40.49588083362618,33.7875,45.7125,1,1,1,1,388,14,14,389.0,14.0,388.0,388,14,14.334893881008611,47315.69788466956
4489,0,1363,4,4,2236000,2238047,2493.180742,2495.183409,2.0026670000002014,39.787253409619716,33.7875,45.7125,1,1,1,1,2047,80,80,2048.0,80.0,2047.0,2047,80,79.68061942409258,45276.12428825705
4489,0,1364,4,4,2238047,2240051,2495.183409,2497.184031,2.0006219999995665,39.82512318413502,33.7875,45.7125,1,1,1,1,2004,80,80,2006.0,80.0,2004.0,2004,80,79.67501759486913,44350.70693015434
4489,0,1365,4,4,2240051,2242141,2497.184031,2499.185431,2.0014000000001033,39.76983614855872,33.7875,45.7125,1,1,1,1,2090,80,80,2095.0,80.0,2090.0,2090,80,79.59535006772785,44788.14829619035
4489,0,1366,4,4,2242141,2244247,2499.185431,2501.185424,1.999992999999904,40.247404965481664,33.7875,45.7125,1,1,1,1,2106,80,80,2107.0,80.0,2106.0,2106,80,80.49452819912403,43923.15373104017
4489,0,1367,4,4,2244247,2246342,2501.185424,2503.18806,2.002636000000166,40.15177141072905,33.7875,45.7125,1,1,1,1,2095,80,80,2096.0,80.0,2095.0,2095,80,80.40938289090991,46326.941091637374
4489,0,1368,4,4,2246342,2248416,2503.18806,2505.188923,2.0008630000002086,40.40455079930392,33.7875,45.7125,1,1,1,1,2074,80,80,2074.0,80.0,2074.0,2074,80,80.84397072595311,45077.04925324253
4489,0,1369,4,4,2248416,2249000,2505.188923,2505.732406,0.5434829999999238,40.442349857675815,33.7875,45.7125,1,1,1,1,584,21,21,584.0,21.0,584.0,584,21,21.979729627695633,45569.04263795459
4489,0,1370,4,4,2249000,2250995,2505.732406,2507.732833,2.000426999999945,39.88758618087664,33.7875,45.7125,1,1,1,1,1995,80,80,1995.0,80.0,1995.0,1995,80,79.79220436104515,46284.61823400831
4489,0,1371,4,4,2250995,2253067,2507.732833,2509.732996,2.000163000000157,40.267078749750624,33.7875,45.7125,1,1,1,1,2072,80,80,2073.0,80.0,2072.0,2072,80,80.54072103335056,45713.27436813541
4489,0,1372,4,4,2253067,2255176,2509.732996,2511.733213,2.000216999999793,40.37065360002061,33.7875,45.7125,1,1,1,1,2109,80,80,2111.0,80.0,2109.0,2109,80,80.75006763185957,46729.92980262125
4489,0,1373,4,4,2255176,2257246,2511.733213,2513.733439,2.0002260000001115,40.36041872532325,33.7875,45.7125,1,1,1,1,2070,80,80,2072.0,80.0,2070.0,2070,80,80.72995890528546,45757.32942177279
4489,0,1374,4,4,2257246,2259333,2513.733439,2515.73386,2.000420999999733,40.34764802146186,33.7875,45.7125,1,1,1,1,2087,80,80,2087.0,80.0,2087.0,2087,80,80.71228240273194,46330.247482911036
4489,0,1375,4,4,2259333,2261425,2515.73386,2517.734878,2.0010180000003857,40.10446294078641,33.7875,45.7125,1,1,1,1,2092,80,80,2094.0,80.0,2092.0,2092,80,80.24975222485955,44670.26283620776
4489,0,1376,4,4,2261425,2262000,2517.734878,2518.272962,0.5380839999997988,40.19052131139631,33.7875,45.7125,1,1,1,1,575,21,21,575.0,21.0,575.0,575,21,21.625876469319337,45470.59566909469
4489,0,1377,4,4,2262000,2264091,2518.272962,2520.273753,2.0007909999999356,40.150706550036105,33.7875,45.7125,1,1,1,1,2091,79,79,2100.0,80.0,2091.0,2091,79,80.33317230895045,46227.21713562435
4489,0,1378,4,4,2264091,2266137,2520.273753,2522.27424,2.0004870000002484,40.11203617823534,33.7875,45.7125,1,1,1,1,2046,79,79,2049.0,80.0,2046.0,2046,79,80.24360691809852,45450.432819602785
4489,0,1379,4,4,2266137,2268268,2522.27424,2524.274297,2.0000569999997424,40.357144331290655,33.7875,45.7125,1,1,1,1,2131,80,80,2131.0,80.0,2131.0,2131,80,80.7165890197939,46544.673476811906
4489,0,1380,4,4,2268268,2270270,2524.274297,2526.277465,2.003168000000187,39.20770982310597,33.7875,45.7125,1,1,1,1,2002,80,80,2003.0,80.0,2002.0,2002,80,78.53962967093685,43918.43320180423
4489,0,1381,4,4,2270270,2272287,2526.277465,2528.277671,2.0002059999997073,39.15702647168914,33.7875,45.7125,1,1,1,1,2017,80,80,2017.0,80.0,2017.0,2017,80,78.32211929082405,44213.94596357222
4489,0,1382,4,4,2272287,2274327,2528.277671,2530.278601,2.000930000000153,39.28530169336334,33.7875,45.7125,1,1,1,1,2040,80,80,2040.0,80.0,2040.0,2040,80,78.60713871731423,44632.24600560398
4489,0,1383,4,4,2274327,2275000,2530.278601,2530.963798,0.6851970000002439,39.200353021311166,33.7875,45.7125,1,1,1,1,673,27,27,674.0,27.0,673.0,673,27,26.859964289149502,45681.752838948305
4489,0,1384,4,4,2275000,2277144,2530.963798,2532.965045,2.001246999999694,39.35184701559767,33.7875,45.7125,1,1,1,1,2144,79,79,2145.0,80.0,2144.0,2144,79,78.75276578441844,45458.656527661966
4489,0,1385,4,4,2277144,2279274,2532.965045,2534.967322,2.002277000000049,39.04641714532636,33.7875,45.7125,1,1,1,1,2130,80,80,2132.0,80.0,2130.0,2130,80,78.18174298248778,45150.59604640007
4489,0,1386,4,4,2279274,2281344,2534.967322,2536.969002,2.001679999999851,38.9331234931385,33.7875,45.7125,1,1,1,1,2070,80,80,2071.0,80.0,2070.0,2070,80,77.93165463373589,44560.06954158838
4489,0,1387,4,4,2281344,2283281,2536.969002,2538.969068,2.0000660000000607,38.76052778879624,33.7875,45.7125,1,1,1,1,1937,80,80,1937.0,80.0,1937.0,1937,80,77.52361377242778,43779.5552746746
4489,0,1388,4,4,2283281,2285341,2538.969068,2540.969454,2.0003860000001623,39.09965965575309,33.7875,45.7125,1,1,1,1,2060,80,80,2060.0,80.0,2060.0,2060,80,78.21441178013629,44455.42010391634
4489,0,1389,4,4,2285341,2287417,2540.969454,2542.970288,2.0008339999999407,39.03163116241661,33.7875,45.7125,1,1,1,1,2076,80,80,2076.0,80.0,2076.0,2076,80,78.09581470521516,44554.92059811191
4489,0,1390,4,4,2287417,2288000,2542.970288,2543.50281,0.5325219999999717,39.61311154714669,33.7875,45.7125,1,1,1,1,583,21,21,583.0,21.0,583.0,583,21,21.094853387301555,46968.951517498484
4489,0,1391,4,4,2288000,2290090,2543.50281,2545.502813,2.000003000000106,39.63831740596871,33.7875,45.7125,1,1,1,1,2090,79,79,2093.0,80.0,2090.0,2090,79,79.27675372689555,45177.43223384925
4489,0,1392,4,4,2290090,2292158,2545.502813,2547.503942,2.0011289999997643,39.565300910772734,33.7875,45.7125,1,1,1,1,2068,80,80,2068.0,80.0,2068.0,2068,80,79.1752710462606,44695.26952036102
4489,0,1393,4,4,2292158,2294171,2547.503942,2549.504922,2.000980000000254,39.10966830483057,33.7875,45.7125,1,1,1,1,2013,80,80,2014.0,80.0,2013.0,2013,80,78.25766408460913,44344.771062173895
4489,0,1394,4,4,2294171,2296228,2549.504922,2551.505629,2.0007070000001477,39.95530896348635,33.7875,45.7125,1,1,1,1,2057,80,80,2057.0,80.0,2057.0,2057,80,79.93886633041257,45881.78079048717
4489,0,1395,4,4,2296228,2298375,2551.505629,2553.511967,2.006337999999687,39.816286270403296,33.7875,45.7125,1,1,1,1,2147,80,80,2147.0,80.0,2147.0,2147,80,79.88492816317012,45685.22352665119
4489,0,1396,4,4,2298375,2300472,2553.511967,2555.513521,2.001553999999942,39.64278606236833,33.7875,45.7125,1,1,1,1,2097,80,80,2098.0,80.0,2098.0,2097,80,79.34717701427871,45556.60251984341
4489,0,1397,4,4,2300472,2301000,2555.513521,2556.083128,0.5696070000003601,39.33628177286051,33.7875,45.7125,1,1,1,1,528,23,23,527.0,23.0,527.0,528,23,22.406221451805322,44888.84441375165
4489,0,1398,4,4,2301000,2303020,2556.083128,2558.083497,2.000368999999864,39.516345713899604,33.7875,45.7125,1,1,1,1,2020,80,80,2023.0,80.0,2020.0,2020,80,79.04727295936027,44987.6997693956
4489,0,1399,4,4,2303020,2305056,2558.083497,2560.084107,2.0006100000000515,40.033799995783006,33.7875,45.7125,1,1,1,1,2036,80,80,2039.0,80.0,2036.0,2036,80,80.09202060956159,45681.56712202661
4489,0,1400,4,4,2305056,2307166,2560.084107,2562.085461,2.001353999999992,39.80755533901085,33.7875,45.7125,1,1,1,1,2110,80,80,2110.0,80.0,2110.0,2110,80,79.6690101079439,45405.760300276896
4489,0,1401,4,4,2307166,2309214,2562.085461,2564.086302,2.0008410000000367,39.70939090587484,33.7875,45.7125,1,1,1,1,2048,80,80,2051.0,80.0,2048.0,2048,80,79.45217740950466,45026.06653901951
4489,0,1402,4,4,2309214,2311297,2564.086302,2566.087395,2.0010929999998552,39.405578013387824,33.7875,45.7125,1,1,1,1,2083,80,80,2084.0,80.0,2083.0,2083,80,78.85422632354312,45337.22320752037
4489,0,1403,4,4,2311297,2313372,2566.087395,2568.088078,2.0006830000002083,39.770947555416335,33.7875,45.7125,1,1,1,1,2075,80,80,2075.0,80.0,2075.0,2075,80,79.56905866802845,44693.237259471236
4489,0,1404,4,4,2313372,2314000,2568.088078,2568.69721,0.6091319999995903,40.07023825522482,33.7875,45.7125,1,1,1,1,628,24,24,628.0,24.0,628.0,628,24,24.40806436886487,45720.79614930545
4489,0,1405,4,4,2314000,2316047,2568.69721,2570.69723,2.0000200000004043,40.25540846914364,33.7875,45.7125,1,1,1,1,2047,80,80,2049.0,80.0,2047.0,2047,80,80.51162204646971,45997.54002459046
4489,0,1406,4,4,2316047,2318113,2570.69723,2572.700312,2.003081999999722,39.948581353364126,33.7875,45.7125,1,1,1,1,2066,80,80,2068.0,80.0,2066.0,2066,80,80.02028423444426,44848.88786380811
4489,0,1407,4,4,2318113,2320121,2572.700312,2574.700452,2.0001400000001013,39.666195829559705,33.7875,45.7125,1,1,1,1,2008,80,80,2008.0,80.0,2008.0,2008,80,79.33794492653396,44560.38077334361
4489,0,1408,4,4,2320121,2322228,2574.700452,2576.700916,2.000463999999738,39.94925283701275,33.7875,45.7125,1,1,1,1,2107,79,79,2108.0,80.0,2107.0,2107,79,79.9170421273302,45559.930096223645
4489,0,1409,4,4,2322228,2324323,2576.700916,2578.702408,2.001492000000326,40.1151581697315,33.7875,45.7125,1,1,1,1,2095,80,80,2095.0,80.0,2095.0,2095,80,80.29016815546493,45198.78170883784
4489,0,1410,4,4,2324323,2326504,2578.702408,2580.705968,2.003560000000107,40.30210547617441,33.7875,45.7125,1,1,1,1,2181,80,80,2182.0,80.0,2181.0,2181,80,80.74768644785217,46575.09632853272
4489,0,1411,4,4,2326504,2327000,2580.705968,2581.163337,0.4573689999997441,40.318790573064675,33.7875,45.7125,1,1,1,1,496,18,18,498.0,18.0,496.0,496,18,18.44056492560776,46690.96506324641
4489,0,1412,4,4,2327000,2329194,2581.163337,2583.163503,2.000166000000263,40.306819443535986,33.7875,45.7125,1,1,1,1,2194,80,80,2197.0,80.0,2194.0,2194,80,80.62032981911034,46140.17036585357
4489,0,1413,4,4,2329194,2331301,2583.163503,2585.163909,2.000405999999657,40.27731639176486,33.7875,45.7125,1,1,1,1,2107,80,80,2107.0,80.0,2107.0,2107,80,80.57098537396814,46387.583320593876
4489,0,1414,4,4,2331301,2333445,2585.163909,2587.165473,2.001564000000144,39.963480047398654,33.7875,45.7125,1,1,1,1,2144,80,80,2144.0,80.0,2144.0,2144,80,79.9894629775954,46393.220501564436
4489,0,1415,4,4,2333445,2335476,2587.165473,2589.166752,2.0012790000000678,40.540936219926195,33.7875,45.7125,1,1,1,1,2031,80,80,2034.0,80.0,2031.0,2031,80,81.13372429728042,45804.20820884889
4489,0,1416,4,4,2335476,2337548,2589.166752,2591.166875,2.000122999999803,40.29528292153597,33.7875,45.7125,1,1,1,1,2072,80,80,2073.0,80.0,2072.0,2072,80,80.59552216286829,45534.6996159781
4489,0,1417,4,4,2337548,2339692,2591.166875,2593.167732,2.0008569999999963,40.11142411383784,33.7875,45.7125,1,1,1,1,2144,80,80,2144.0,80.0,2144.0,2144,80,80.25722371814481,46001.28844790016
4489,0,1418,4,4,2339692,2340000,2593.167732,2593.4482,0.280467999999928,40.52745493496584,33.7875,45.7125,1,1,1,1,308,11,11,310.0,11.0,308.0,308,11,11.366654230703716,46162.12901294737
4489,0,1419,4,4,2340000,2342104,2593.4482,2595.449284,2.0010839999999916,40.2238480166696,33.7875,45.7125,1,1,1,1,2104,80,80,2108.0,80.0,2104.0,2104,80,80.4912986845884,46252.93091144619
4489,0,1420,4,4,2342104,2344228,2595.449284,2597.449393,2.000109000000066,40.05914846604988,33.7875,45.7125,1,1,1,1,2124,80,80,2124.0,80.0,2124.0,2124,80,80.12266337928304,46155.984498843296
4489,0,1421,4,4,2344228,2346197,2597.449393,2599.45052,2.0011269999999968,39.959668438671905,33.7875,45.7125,1,1,1,1,1969,80,80,1969.0,80.0,1969.0,1969,80,79.96437142367358,45280.48444701418
4489,0,1422,4,4,2346197,2348265,2599.45052,2601.450906,2.0003860000001623,39.930540246096065,33.7875,45.7125,1,1,1,1,2068,80,80,2068.0,80.0,2068.0,2068,80,79.87649368072744,45551.708520251894
4489,0,1423,4,4,2348265,2350333,2601.450906,2603.450996,2.00009,40.183154012419756,33.7875,45.7125,1,1,1,1,2068,80,80,2068.0,80.0,2068.0,2068,80,80.36992450870457,45601.44793484293
4489,0,1424,4,4,2350333,2352477,2603.450996,2605.451926,2.000930000000153,40.004983713100735,33.7875,45.7125,1,1,1,1,2144,80,80,2145.0,80.0,2144.0,2144,80,80.0471720610658,46330.456337799376
4489,0,1425,4,4,2352477,2353000,2605.451926,2605.936167,0.4842409999996562,40.19346538593985,33.7875,45.7125,1,1,1,1,523,19,19,526.0,19.0,523.0,523,19,19.463323871939792,46336.43165286692
4489,0,1426,4,4,2353000,2355100,2605.936167,2607.937035,2.0008680000000822,39.64459461334267,33.7875,45.7125,1,1,1,1,2100,80,80,2102.0,80.0,2100.0,2100,80,79.32360073481686,45624.19909758977
4489,0,1427,4,4,2355100,2357271,2607.937035,2609.937216,2.000180999999884,39.43356436959573,33.7875,45.7125,1,1,1,1,2171,80,80,2172.0,80.0,2171.0,2171,80,78.87426621433406,44966.43053803891
4489,0,1428,4,4,2357271,2359386,2609.937216,2611.937333,2.0001170000000457,39.392986495128156,33.7875,45.7125,1,1,1,1,2115,80,80,2116.0,80.0,2115.0,2115,80,78.79058196967526,45609.331854085496
4489,0,1429,4,4,2359386,2361384,2611.937333,2613.938346,2.001013000000057,39.31435126498438,33.7875,45.7125,1,1,1,1,1998,80,80,1998.0,80.0,1998.0,1998,80,78.66852796780586,45092.66056742131
4489,0,1430,4,4,2361384,2363406,2613.938346,2615.938864,2.000518000000284,39.74197069339641,33.7875,45.7125,1,1,1,1,2022,80,80,2022.0,80.0,2022.0,2022,80,79.50452772762219,44890.37339328477
4489,0,1431,4,4,2363406,2365471,2615.938864,2617.940916,2.0020519999998214,40.3343996312086,33.7875,45.7125,1,1,1,1,2065,80,80,2066.0,80.0,2065.0,2065,80,80.7515654504532,46472.81888782524
4489,0,1432,4,4,2365471,2366000,2617.940916,2618.458575,0.5176590000000942,40.421104905931706,33.7875,45.7125,1,1,1,1,529,20,20,529.0,20.0,529.0,529,20,20.92434874450555,46009.05229117173
4489,0,1433,4,4,2366000,2368083,2618.458575,2620.459557,2.000982000000022,40.14933981044523,33.7875,45.7125,1,1,1,1,2083,80,80,2086.0,80.0,2083.0,2083,80,80.33810627258208,46113.35834105404
4489,0,1434,4,4,2368083,2370047,2620.459557,2622.460065,2.0005080000000817,38.91857848287683,33.7875,45.7125,1,1,1,1,1964,80,80,1964.0,80.0,1964.0,1964,80,77.85692760362872,44473.2038062314
4489,0,1435,4,4,2370047,2372201,2622.460065,2624.460521,2.000455999999758,39.51588558409345,33.7875,45.7125,1,1,1,1,2154,80,80,2155.0,80.0,2154.0,2154,80,79.0497904119984,45008.738007739674
4489,0,1436,4,4,2372201,2374240,2624.460521,2626.461935,2.0014139999998406,39.641484793896666,33.7875,45.7125,1,1,1,1,2039,80,80,2039.0,80.0,2039.0,2039,80,79.33902264728385,44969.206770816614
4489,0,1437,4,4,2374240,2376329,2626.461935,2628.462193,2.0002580000000307,39.71481398093083,33.7875,45.7125,1,1,1,1,2089,80,80,2089.0,80.0,2089.0,2089,80,79.4398743838683,45759.09707647643
4489,0,1438,4,4,2376329,2378414,2628.462193,2630.462289,2.0000960000002124,39.25002683251012,33.7875,45.7125,1,1,1,1,2085,80,80,2085.0,80.0,2085.0,2085,80,78.50382166760392,45598.31128105367
4489,0,1439,4,4,2378414,2379000,2630.462289,2631.065581,0.603291999999783,38.88540426043031,33.7875,45.7125,1,1,1,1,586,24,24,587.0,24.0,586.0,586,24,23.45925330706814,45848.4448658526
4489,0,1440,4,4,2379000,2381049,2631.065581,2633.06826,2.002679000000171,39.782125341122395,33.7875,45.7125,1,1,1,1,2049,80,80,2056.0,80.0,2051.0,2049,80,79.67082699603634,45754.21223271037
4489,0,1441,4,4,2381049,2383144,2633.06826,2635.069563,2.001303000000007,39.93742747939705,33.7875,45.7125,1,1,1,1,2095,80,80,2094.0,80.0,2093.0,2095,80,79.92689342680387,44745.34840551365
4489,0,1442,4,4,2383144,2385198,2635.069563,2637.072762,2.0031989999997677,39.93309913261637,33.7875,45.7125,1,1,1,1,2054,80,80,2055.0,80.0,2054.0,2054,80,79.99394424934871,45313.52102312877
4489,0,1443,4,4,2385198,2387247,2637.072762,2639.073235,2.0004730000000563,39.69665893444035,33.7875,45.7125,1,1,1,1,2049,80,80,2049.0,80.0,2049.0,2049,80,79.41209438856458,44603.95116554809
4489,0,1444,4,4,2387247,2389244,2639.073235,2641.080777,2.007542000000285,39.553763967804635,33.7875,45.7125,1,1,1,1,1997,80,80,1998.0,80.0,1997.0,1997,80,79.40584242346813,44789.59842433545
4489,0,1445,4,4,2389244,2391284,2641.080777,2643.080743,1.9999659999998585,39.84166602740415,33.7875,45.7125,1,1,1,1,2040,80,80,2041.0,80.0,2040.0,2040,80,79.68197743815836,45586.7749751778
4489,0,1446,4,4,2391284,2392000,2643.080743,2643.762116,0.6813729999998941,39.8066377329849,33.7875,45.7125,1,1,1,1,716,27,27,718.0,27.0,716.0,716,27,27.123168172038277,45553.610137185984
4489,0,1447,4,4,2392000,2394126,2643.762116,2645.765414,2.003298000000086,39.8383424710441,33.7875,45.7125,1,1,1,1,2126,79,79,2128.0,80.0,2126.0,2126,79,79.80807179555995,45242.39529016457
4489,0,1448,4,4,2394126,2396215,2645.765414,2647.767339,2.0019250000000284,39.692208881804724,33.7875,45.7125,1,1,1,1,2089,80,80,2090.0,80.0,2089.0,2089,80,79.46082526570535,46434.30697953154
4489,0,1449,4,4,2396215,2398285,2647.767339,2649.767564,2.0002250000002277,39.55491309066399,33.7875,45.7125,1,1,1,1,2070,80,80,2071.0,80.0,2071.0,2070,80,79.11872603678785,45970.32833805674
4489,0,1450,4,4,2398285,2400318,2649.767564,2651.768421,2.0008569999999963,39.6041912182654,33.7875,45.7125,1,1,1,1,2033,80,80,2032.0,80.0,2032.0,2033,80,79.24232322840544,45396.547579362326
4489,0,1451,4,4,2400318,2402393,2651.768421,2653.770785,2.002363999999943,39.591233140339,33.7875,45.7125,1,1,1,1,2075,80,80,2077.0,80.0,2075.0,2075,80,79.27605995582417,45502.71578993759
4489,0,1452,4,4,2402393,2404399,2653.770785,2655.771906,2.0011209999997845,39.875017017590274,33.7875,45.7125,1,1,1,1,2006,80,80,2006.0,80.0,2006.0,2006,80,79.7947339292441,44448.086847326864
4489,0,1453,4,4,2404399,2405000,2655.771906,2656.37476,0.6028540000002067,40.170605765973534,33.7875,45.7125,1,1,1,1,601,24,24,601.0,24.0,601.0,601,24,24.217010368447518,46341.23685003404
4489,0,1454,4,4,2405000,2407194,2656.37476,2658.375676,2.000915999999961,39.6049558830041,33.7875,45.7125,1,1,1,1,2194,80,80,2195.0,80.0,2194.0,2194,80,79.24618990559247,45624.10416029547
4489,0,1455,4,4,2407194,2409269,2658.375676,2660.376761,2.0010849999998754,40.13561911783665,33.7875,45.7125,1,1,1,1,2075,80,80,2076.0,80.0,2075.0,2075,80,80.3147853824048,46335.86279443691
4489,0,1456,4,4,2409269,2411215,2660.376761,2662.378186,2.0014249999999265,39.43405914486448,33.7875,45.7125,1,1,1,1,1946,80,80,1947.0,80.0,1946.0,1946,80,78.92431182401197,44237.98043893888
4489,0,1457,4,4,2411215,2413270,2662.378186,2664.378784,2.000598000000082,40.222218618734104,33.7875,45.7125,1,1,1,1,2055,80,80,2055.0,80.0,2055.0,2055,80,80.46849012419989,46037.73471731764
4489,0,1458,4,4,2413270,2415334,2664.378784,2666.381212,2.0024279999997816,40.17101279538897,33.7875,45.7125,1,1,1,1,2064,80,80,2065.0,80.0,2064.0,2064,80,80.43956080984208,45283.52579968413
4489,0,1459,4,4,2415334,2417483,2666.381212,2668.383946,2.002734000000146,40.152677603457036,33.7875,45.7125,1,1,1,1,2149,80,80,2150.0,80.0,2149.0,2149,80,80.41513262748776,45896.75913026558
4489,0,1460,4,4,2417483,2418000,2668.383946,2668.892048,0.5081020000002354,40.03818582538396,33.7875,45.7125,1,1,1,1,517,20,20,517.0,20.0,517.0,517,20,20.343482294265414,45398.36489521654
4489,0,1461,4,4,2418000,2420090,2668.892048,2670.892424,2.00037599999996,40.02382341449886,33.7875,45.7125,1,1,1,1,2090,80,80,2093.0,80.0,2090.0,2090,80,80.06269578660431,46052.84206569257
4489,0,1462,4,4,2420090,2422141,2670.892424,2672.893253,2.000829000000067,39.934552917696536,33.7875,45.7125,1,1,1,1,2051,80,80,2052.0,80.0,2051.0,2051,80,79.90221157977066,45776.02583728891
4489,0,1463,4,4,2422141,2424290,2672.893253,2674.896292,2.003038999999717,40.081671118049265,33.7875,45.7125,1,1,1,1,2149,80,80,2150.0,80.0,2149.0,2149,80,80.28515043461812,46484.36700434348
4489,0,1464,4,4,2424290,2426281,2674.896292,2676.896459,2.000167000000147,40.06903660039874,33.7875,45.7125,1,1,1,1,1991,78,78,2005.0,80.0,1991.0,1991,78,80.14476472992101,45286.718558997
4489,0,1465,4,4,2426281,2428344,2676.896459,2678.89836,2.001901000000089,40.223073373518595,33.7875,45.7125,1,1,1,1,2063,80,80,2063.0,80.0,2063.0,2063,80,80.52261080952303,45968.30712407652
4489,0,1466,4,4,2428344,2430509,2678.89836,2680.89867,2.0003099999998994,40.27142647584001,33.7875,45.7125,1,1,1,1,2165,80,80,2167.0,80.0,2166.0,2165,80,80.55533709388692,47122.69598212514
4489,0,1467,4,4,2430509,2431000,2680.89867,2681.413255,0.5145849999998973,40.53628569396562,33.7875,45.7125,1,1,1,1,491,21,21,491.0,21.0,490.0,491,21,20.859364573829225,45630.94532488255
4489,0,1468,4,4,2431000,2433078,2681.413255,2683.413803,2.0005479999999807,40.372964470859266,33.7875,45.7125,1,1,1,1,2078,80,80,2082.0,80.0,2078.0,2078,80,80.76805332624645,47213.06362056842
4489,0,1469,4,4,2433078,2435126,2683.413803,2685.414705,2.000902000000224,39.984762473766224,33.7875,45.7125,1,1,1,1,2048,79,79,2050.0,79.0,2048.0,2048,79,80.00559120329854,45345.549157324975
4489,0,1470,4,4,2435126,2437111,2685.414705,2687.414765,2.0000599999998485,40.256118060964695,33.7875,45.7125,1,1,1,1,1985,80,80,1987.0,80.0,1985.0,1985,80,80.51465148900752,45101.6469505949
4489,0,1471,4,4,2437111,2439122,2687.414765,2689.415341,2.00057599999991,40.03176871786123,33.7875,45.7125,1,1,1,1,2011,80,80,2013.0,80.0,2011.0,2011,80,80.08659573449404,45693.84017403194
4489,0,1472,4,4,2439122,2441247,2689.415341,2691.415429,2.0000880000002326,39.95339271404825,33.7875,45.7125,1,1,1,1,2125,80,80,2125.0,80.0,2125.0,2125,80,79.91030132665765,45851.98251276411
4489,0,1473,4,4,2441247,2443336,2691.415429,2693.416581,2.00115199999982,40.48804277857917,33.7875,45.7125,1,1,1,1,2089,80,80,2089.0,80.0,2089.0,2089,80,81.0227277824306,46408.26883715398
4489,0,1474,4,4,2443336,2444000,2693.416581,2694.015165,0.5985839999998461,39.61500786050456,33.7875,45.7125,1,1,1,1,664,24,24,665.0,24.0,664.0,664,24,23.712909865163965,46020.274514532764
4489,0,1475,4,4,2444000,2446085,2694.015165,2696.015301,2.0001360000001114,39.58365040325731,33.7875,45.7125,1,1,1,1,2085,80,80,2086.0,80.0,2085.0,2085,80,79.17268418298045,46249.85500985676
4489,0,1476,4,4,2446085,2448166,2696.015301,2698.015425,2.0001240000001417,39.45953267100141,33.7875,45.7125,1,1,1,1,2081,80,80,2084.0,80.0,2082.0,2081,80,78.923958324056,46160.63804043822
4489,0,1477,4,4,2448166,2450175,2698.015425,2700.015572,2.0001469999997425,39.64282295841531,33.7875,45.7125,1,1,1,1,2009,80,80,2010.0,80.0,2008.0,2009,80,79.29147341179487,45842.13060340655
4489,0,1478,4,4,2450175,2452226,2700.015572,2702.018387,2.0028150000002825,39.09960816765462,33.7875,45.7125,1,1,1,1,2051,80,80,2051.0,80.0,2051.0,2051,80,78.3092817323195,45122.49009518466
4489,0,1479,4,4,2452226,2454261,2702.018387,2704.018476,2.0000890000001164,39.31752533474469,33.7875,45.7125,1,1,1,1,2035,80,80,2035.0,80.0,2035.0,2035,80,78.6385499292519,44800.006399712605
4489,0,1480,4,4,2454261,2456360,2704.018476,2706.019619,2.0011429999999564,39.62589511473877,33.7875,45.7125,1,1,1,1,2099,80,80,2100.0,80.0,2099.0,2099,80,79.29708262758504,45757.34967466193
4489,0,1481,4,4,2456360,2457000,2706.019619,2706.683415,0.6637959999998202,39.396543806481546,33.7875,45.7125,1,1,1,1,640,26,26,640.0,26.0,640.0,640,26,26.15126819256693,44075.28819096217
4489,0,1482,4,4,2457000,2459067,2706.683415,2708.683836,2.0004210000001876,39.09949979489565,33.7875,45.7125,1,1,1,1,2067,80,80,2069.0,80.0,2067.0,2067,80,78.21546047921584,45422.43857667535
4489,0,1483,4,4,2459067,2461093,2708.683836,2710.684307,2.000470999999834,39.534185904755674,33.7875,45.7125,1,1,1,1,2026,80,80,2028.0,80.0,2026.0,2026,80,79.08699241105933,45428.30163496873
4489,0,1484,4,4,2461093,2463209,2710.684307,2712.684424,2.0001170000000457,39.03008181070397,33.7875,45.7125,1,1,1,1,2116,80,80,2116.0,80.0,2116.0,2116,80,78.06473014097719,45121.860371167255
4489,0,1485,4,4,2463209,2465212,2712.684424,2714.685552,2.0011279999998806,39.52402888076559,33.7875,45.7125,1,1,1,1,2003,80,80,2007.0,80.0,2003.0,2003,80,79.09264086610347,43965.70334331699
4489,0,1486,4,4,2465212,2467289,2714.685552,2716.685864,2.0003120000001218,39.46745846503599,33.7875,45.7125,1,1,1,1,2077,80,80,2078.0,80.0,2077.0,2077,80,78.94723077712115,45094.96518542833
4489,0,1487,4,4,2467289,2469411,2716.685864,2718.688405,2.0025409999998374,39.34631523188401,33.7875,45.7125,1,1,1,1,2122,80,80,2122.0,80.0,2122.0,2122,80,78.79260945077112,45411.80430263719
4489,0,1488,4,4,2469411,2470000,2718.688405,2719.278616,0.5902110000001812,40.385257966253924,33.7875,45.7125,1,1,1,1,589,23,23,589.0,24.0,589.0,589,24,23.835823489527684,45419.35002904346
4489,0,1489,4,4,2470000,2472129,2719.278616,2721.278606,1.9999899999997979,39.672074030375185,33.7875,45.7125,1,1,1,1,2129,80,80,2135.0,79.0,2130.0,2129,79,79.34375133999856,45193.2259661344
4489,0,1490,4,4,2472129,2474134,2721.278606,2723.278738,2.0001320000001215,40.125581509888214,33.7875,45.7125,1,1,1,1,2005,80,80,2007.0,80.0,2004.0,2005,80,80.25645959653775,46310.943477727655
4489,0,1491,4,4,2474134,2476190,2723.278738,2725.280422,2.001683999999841,39.8660939386536,33.7875,45.7125,1,1,1,1,2056,80,80,2056.0,80.0,2056.0,2056,80,79.79932237949106,45708.51343169415
4489,0,1492,4,4,2476190,2478245,2725.280422,2727.281019,2.000597000000198,40.2295824815561,33.7875,45.7125,1,1,1,1,2055,80,80,2056.0,80.0,2055.0,2055,80,80.48318202386145,45076.04480062255
4489,0,1493,4,4,2478245,2480307,2727.281019,2729.281113,2.00009399999999,40.35202514211664,33.7875,45.7125,1,1,1,1,2062,79,79,2065.0,80.0,2062.0,2062,79,80.7078433745919,46763.302124800364
4489,0,1494,4,4,2480307,2481110,2729.281113,2731.292266,2.011152999999922,15.066420284164128,33.7875,45.7125,1,0,0,1,803,80,80,803.0,81.0,803.0,803,81,30.300876353750937,16846.057957798992
4489,0,1495,4,4,2481110,2481190,2731.292266,2733.294544,2.002277999999933,0.9603102517415584,33.7875,45.7125,1,0,0,0,80,80,80,80.0,80.0,80.0,80,80,1.922808090239414,714.6859726771447
4489,0,1496,4,4,2481190,2481271,2733.294544,2735.29682,2.0022760000001654,0.959634494453116,33.7875,45.7125,1,0,0,0,81,80,80,81.0,80.0,81.0,81,80,1.9214531170146074,716.184981491004
4489,0,1497,4,4,2481271,2481351,2735.29682,2737.299097,2.002277000000049,0.9584892228206752,33.7875,45.7125,1,0,0,0,80,80,80,80.0,80.0,80.0,80,80,1.919160925608594,696.2073679116155
4489,0,1498,4,4,2481351,2481431,2737.299097,2739.301373,2.0022759999997106,0.9592702117058169,33.7875,45.7125,1,0,0,0,80,80,80,80.0,80.0,80.0,80,80,1.9207237224181881,710.6912333765204
4489,0,1499,4,4,2481431,2481512,2739.301373,2741.303652,2.0022790000002715,0.9565629651891948,33.7875,45.7125,1,0,0,0,81,80,80,81.0,80.0,81.0,81,80,1.9153059373784345,705.6958595679265
4489,0,1500,4,4,2481512,2481592,2741.303652,2743.305926,2.002273999999943,0.9573454820360663,33.7875,45.7125,1,0,0,0,80,80,80,80.0,80.0,80.0,80,80,1.9168679676949978,755.6408363690699
4489,0,1501,4,4,2481592,2481673,2743.305926,2745.308203,2.002277000000049,0.9622361292090771,33.7875,45.7125,1,0,0,0,81,80,80,81.0,80.0,81.0,81,80,1.9266632700891932,724.6749575607993
4489,0,1502,4,4,2481673,2481753,2745.308203,2747.31048,2.002277000000049,0.9612994026119767,33.7875,45.7125,1,0,0,0,80,80,80,80.0,80.0,80.0,80,80,1.9247876839654054,724.1755261634452
4489,0,1503,4,4,2481753,2481833,2747.31048,2749.312756,2.0022759999997106,0.9578130807159233,33.7875,45.7125,1,0,0,0,80,80,80,80.0,80.0,80.0,80,80,1.917806144003407,701.2020320875857
4489,0,1504,4,4,2481833,2481939,2749.312756,2751.315033,2.002277000000049,1.1678996576391494,33.7875,45.7125,1,0,0,0,106,80,80,106.0,80.0,106.0,106,80,2.338458622805774,1168.6694698085942
4489,0,1505,4,4,2481939,2482097,2751.315033,2753.317309,2.0022760000001654,1.8458823786631975,33.7875,45.7125,1,0,0,0,158,80,80,158.0,80.0,158.0,158,80,3.695965985622024,2577.566729062114
4489,0,1506,4,4,2482097,2482263,2753.317309,2755.319587,2.002277999999933,1.9287289483853443,33.7875,45.7125,1,0,0,0,166,80,80,166.0,80.0,166.0,166,80,3.861851541310898,2696.4287676337553
4489,0,1507,4,4,2482263,2482441,2755.319587,2757.321863,2.0022760000001654,2.2262456074178356,33.7875,45.7125,1,0,0,1,178,80,80,178.0,80.0,178.0,178,80,4.457558149835677,2964.1268236744136
4489,0,1508,4,4,2482441,2482694,2757.321863,2759.323969,2.0021059999999125,3.5281631881247053,33.7875,45.7125,1,0,0,1,253,80,80,253.0,79.0,253.0,253,79,7.063756687930436,4544.214941666624
4489,0,1509,4,4,2482694,2483000,2759.323969,2760.976027,1.6520580000001246,5.380145526529676,33.7875,45.7125,1,0,0,1,306,66,66,306.0,67.0,306.0,306,67,8.888312458264409,6798.79277846126
4489,0,1510,4,4,2483000,2483414,2760.976027,2762.976765,2.0007379999997283,6.861767121301907,33.7875,45.7125,1,0,0,1,414,80,80,414.0,79.0,414.0,414,79,13.728598226734903,8462.87719831497
4489,0,1511,4,4,2483414,2484030,2762.976765,2764.980366,2.0036009999998896,10.74306319157109,33.7875,45.7125,1,0,0,1,616,80,80,616.0,80.0,616.0,616,80,21.524812153700623,12894.78294331128
4489,0,1512,4,4,2484030,2484715,2764.980366,2766.981275,2.00090900000032,12.48315997943602,33.7875,45.7125,1,0,0,1,685,80,80,686.0,80.0,685.0,685,80,24.977667151295464,15018.674012658845
4489,0,1513,4,4,2484715,2485521,2766.981275,2768.985127,2.0038519999998243,14.585957868611985,33.7875,45.7125,1,0,0,1,806,80,80,806.0,81.0,806.0,806,81,29.22810084692901,17213.347093499433
4489,0,1514,4,4,2485521,2486434,2768.985127,2770.98574,2.0006130000001576,17.24094506093454,33.7875,45.7125,1,0,0,1,913,80,80,914.0,79.0,913.0,913,79,34.49245882118703,20411.243953726575
4489,0,1515,4,4,2486434,2487496,2770.98574,2772.985855,2.0001149999998233,18.277380408604554,33.7875,45.7125,1,0,0,1,1062,80,80,1064.0,80.0,1062.0,1062,80,36.556862715951866,22023.733635317916
4489,0,1516,4,4,2487496,2488580,2772.985855,2774.986877,2.001021999999921,19.877405397640022,33.7875,45.7125,1,0,0,1,1084,80,80,1084.0,80.0,1084.0,1084,80,39.77512550359825,22974.260153062696
4489,0,1517,4,4,2488580,2489823,2774.986877,2776.987128,2.0002510000003895,22.957651355596536,33.7875,45.7125,1,0,0,1,1243,80,80,1243.0,80.0,1243.0,1243,80,45.921065081696725,26954.61719553671
4489,0,1518,4,4,2489823,2491196,2776.987128,2778.988715,2.001586999999745,24.770535186407535,33.7875,45.7125,1,0,0,1,1373,80,80,1373.0,80.0,1373.0,1373,80,49.58038121214486,28985.000402184563
4489,0,1519,4,4,2491196,2492569,2778.988715,2780.990448,2.0017330000000584,26.3963828737723,33.7875,45.7125,1,0,0,1,1373,80,80,1373.0,80.0,1373.0,1373,80,52.83851067906653,30235.30111158593
4489,0,1520,4,4,2492569,2494095,2780.990448,2782.991018,2.0005700000001525,28.895226787528106,33.7875,45.7125,1,0,0,1,1526,80,80,1526.0,80.0,1526.0,1526,80,57.80692385432485,32777.1585098222
4489,0,1521,4,4,2494095,2495747,2782.991018,2784.991906,2.0008880000000318,29.85204906793557,33.7875,45.7125,1,0,0,1,1652,80,80,1653.0,80.0,1652.0,1652,80,59.73060675544548,34718.58494828241
4489,0,1522,4,4,2495747,2496000,2784.991906,2785.289521,0.29761499999995067,31.765268413782575,33.7875,45.7125,1,0,0,1,253,12,12,253.0,12.0,253.0,253,12,9.45382035896182,36053.290324754395
4489,0,1523,4,4,2496000,2497665,2785.289521,2787.290073,2.0005519999999706,31.780538518644512,33.7875,45.7125,1,0,0,1,1665,80,80,1668.0,80.0,1665.0,1665,80,63.57861989455705,35848.10592276584
4489,0,1524,4,4,2497665,2499509,2787.290073,2789.290807,2.0007339999997384,34.184825734344955,33.7875,45.7125,1,1,0,1,1844,80,80,1847.0,80.0,1844.0,1844,80,68.39474313077517,39555.98295426096
4489,0,1525,4,4,2499509,2501399,2789.290807,2791.290986,2.0001790000001165,36.015810094476585,33.7875,45.7125,1,1,1,1,1890,80,80,1890.0,80.0,1890.0,1890,80,72.03806701896247,41766.761874809774
4489,0,1526,4,4,2501399,2503276,2791.290986,2793.293231,2.00224500000013,37.41122714140964,33.7875,45.7125,1,1,1,1,1877,80,80,1882.0,80.0,1877.0,1877,80,74.90644248775789,43340.35045660964
4489,0,1527,4,4,2503276,2505333,2793.293231,2795.293678,2.0004469999998946,38.275014463778575,33.7875,45.7125,1,1,1,1,2057,79,79,2059.0,80.0,2057.0,2057,79,76.56713785901957,44572.03814947594
4489,0,1528,4,4,2505333,2507294,2795.293678,2797.294225,2.000547000000097,39.10824762319888,33.7875,45.7125,1,1,1,1,1961,80,80,1962.0,80.0,1961.0,1961,80,78.23788745785714,44550.81535199907
4489,0,1529,4,4,2507294,2509000,2797.294225,2798.959179,1.6649539999998524,39.108324657591325,33.7875,45.7125,1,1,1,1,1706,66,66,1706.0,66.0,1706.0,1706,66,65.11356157195405,43586.18916799289
4489,0,1530,4,4,2509000,2511152,2798.959179,2800.959913,2.000734000000193,39.11033910875267,33.7875,45.7125,1,1,1,1,2152,80,80,2152.0,80.0,2152.0,2152,80,78.24938520642172,45095.949786424026
4489,0,1531,4,4,2511152,2513154,2800.959913,2802.961721,2.0018079999999827,39.36200583248374,33.7875,45.7125,1,1,1,1,2002,80,80,2002.0,80.0,2002.0,2002,80,78.79517817150918,44182.55896669449
4489,0,1532,4,4,2513154,2515151,2802.961721,2804.96321,2.001488999999765,39.5040235709612,33.7875,45.7125,1,1,1,1,1997,80,80,1997.0,80.0,1997.0,1997,80,79.0668686330173,44701.219941758616
4489,0,1533,4,4,2515151,2517131,2804.96321,2806.963273,2.0000629999999546,39.09890987944232,33.7875,45.7125,1,1,1,1,1980,80,80,1981.0,80.0,1980.0,1980,80,78.20028299020487,44717.09141162155
4489,0,1534,4,4,2517131,2519166,2806.963273,2808.963505,2.0002320000003238,39.14693476300101,33.7875,45.7125,1,1,1,1,2035,80,80,2035.0,80.0,2035.0,2035,80,78.30295161488175,45155.261989601895
4489,0,1535,4,4,2519166,2521215,2808.963505,2810.964349,2.000843999999688,39.9894572674201,33.7875,45.7125,1,1,1,1,2049,80,80,2049.0,80.0,2049.0,2049,80,80.01266563676472,46094.54810070869
4489,0,1536,4,4,2521215,2522000,2810.964349,2811.721657,0.7573080000001937,39.60542775828178,33.7875,45.7125,1,1,1,1,785,30,30,786.0,30.0,785.0,785,30,29.99350728477293,44757.2189914689
4489,0,1537,4,4,2522000,2524129,2811.721657,2813.725293,2.003635999999915,39.92188312952837,33.7875,45.7125,1,1,1,1,2129,80,80,2132.0,80.0,2129.0,2129,80,79.98892222611175,46040.29873689828
4489,0,1538,4,4,2524129,2526156,2813.725293,2815.725801,2.0005080000000817,39.83634057814007,33.7875,45.7125,1,1,1,1,2027,80,80,2028.0,80.0,2027.0,2027,80,79.69291801730287,46111.78760594621
4489,0,1539,4,4,2526156,2528244,2815.725801,2817.726278,2.0004770000000462,39.7364266448326,33.7875,45.7125,1,1,1,1,2088,80,80,2091.0,80.0,2088.0,2088,80,79.49180756518035,45913.04973763651
4489,0,1540,4,4,2528244,2530332,2817.726278,2819.728033,2.0017549999997755,39.86801818171698,33.7875,45.7125,1,1,1,1,2088,80,80,2088.0,80.0,2088.0,2088,80,79.80600473533559,45966.164690489255
4489,0,1541,4,4,2530332,2532406,2819.728033,2821.728019,1.9999860000002627,39.78479314677179,33.7875,45.7125,1,1,1,1,2074,80,80,2075.0,80.0,2074.0,2074,80,79.56902930645447,45270.81689571232
4489,0,1542,4,4,2532406,2534527,2821.728019,2823.729075,2.0010560000000623,39.83886619274715,33.7875,45.7125,1,1,1,1,2121,80,80,2121.0,80.0,2121.0,2121,80,79.71980222819548,46177.61821757968
4489,0,1543,4,4,2534527,2535000,2823.729075,2824.158185,0.4291099999995822,39.58801747917672,33.7875,45.7125,1,1,1,1,473,17,17,474.0,17.0,473.0,473,17,16.9876141804707,45331.03400065004
4489,0,1544,4,4,2535000,2537117,2824.158185,2826.16013,2.0019450000004326,39.98734846360845,33.7875,45.7125,1,1,1,1,2117,80,80,2122.0,80.0,2117.0,2117,80,80.05247231999238,46240.03156928886
4489,0,1545,4,4,2537117,2539252,2826.16013,2828.161194,2.0010639999995874,40.04647461780601,33.7875,45.7125,1,1,1,1,2135,80,80,2139.0,80.0,2135.0,2135,80,80.13555868458934,45919.07105420863
4489,0,1546,4,4,2539252,2541357,2828.161194,2830.167654,2.006460000000061,40.43290489214764,33.7875,45.7125,1,1,1,1,2105,79,79,2105.0,80.0,2105.0,2105,79,81.12700634989596,46378.198419104876
4489,0,1547,4,4,2541357,2543539,2830.167654,2832.167964,2.000310000000354,40.319559059044174,33.7875,45.7125,1,1,1,1,2182,80,80,2182.0,80.0,2182.0,2182,80,80.65161718141462,47007.713804352
4489,0,1548,4,4,2543539,2545587,2832.167964,2834.169018,2.00105399999984,40.3483799541477,33.7875,45.7125,1,1,1,1,2048,80,80,2048.0,80.0,2048.0,2048,80,80.73928710076143,46063.724417235804
4489,0,1549,4,4,2545587,2547655,2834.169018,2836.170681,2.0016630000000077,40.06442833973491,33.7875,45.7125,1,1,1,1,2068,80,80,2069.0,80.0,2068.0,2068,80,80.19548382380162,45949.792747330415
4489,0,1550,4,4,2547655,2548000,2836.170681,2836.510178,0.33949699999993754,40.23486518017103,33.7875,45.7125,1,1,1,1,345,13,13,345.0,13.0,345.0,345,13,13.65961602407333,45623.37811527892
4489,0,1551,4,4,2548000,2550184,2836.510178,2838.511189,2.001010999999835,40.33252736167852,33.7875,45.7125,1,1,1,1,2184,79,79,2188.0,80.0,2184.0,2184,79,80.70583090851142,46967.75779843677
4489,0,1552,4,4,2550184,2552253,2838.511189,2840.513262,2.0020730000001095,40.1525473658972,33.7875,45.7125,1,1,1,1,2069,80,80,2070.0,80.0,2069.0,2069,80,80.38833096249436,45274.5729051813
4489,0,1553,4,4,2552253,2554387,2840.513262,2842.51368,2.0004180000000815,40.222330674806685,33.7875,45.7125,1,1,1,1,2134,80,80,2135.0,80.0,2135.0,2134,80,80.46147428384575,46505.78029191709
4489,0,1554,4,4,2554387,2556482,2842.51368,2844.513672,1.9999920000000202,40.78004148257044,33.7875,45.7125,1,1,1,1,2095,80,80,2094.0,80.0,2094.0,2095,80,81.55975672480417,46526.18610474395
4489,0,1555,4,4,2556482,2558574,2844.513672,2846.514268,2.0005959999998595,40.241217247407924,33.7875,45.7125,1,1,1,1,2092,80,80,2092.0,80.0,2092.0,2092,80,80.5064182602946,46982.99906628155
4489,0,1556,4,4,2558574,2560694,2846.514268,2848.514861,2.000593000000208,40.030753082759226,33.7875,45.7125,1,1,1,1,2120,80,80,2123.0,80.0,2120.0,2120,80,80.08524440210022,46581.688529346204
4489,0,1557,4,4,2560694,2561000,2848.514861,2848.77909,0.2642289999998866,40.23727709420283,33.7875,45.7125,1,1,1,1,306,11,11,306.0,11.0,306.0,306,11,10.631855489322334,46338.59266017453
4489,0,1558,4,4,2561000,2563066,2848.77909,2850.780254,2.0011639999997897,40.59230424611026,33.7875,45.7125,1,1,1,1,2066,80,80,2069.0,80.0,2066.0,2066,80,81.2318579343555,46365.51527011767
4489,0,1559,4,4,2563066,2565194,2850.780254,2852.780408,2.0001540000002933,39.96166626762363,33.7875,45.7125,1,1,1,1,2128,79,79,2130.0,80.0,2128.0,2128,80,79.9294866318669,46326.43286466262
4489,0,1560,4,4,2565194,2567256,2852.780408,2854.781001,2.0005929999997534,40.14591118596807,33.7875,45.7125,1,1,1,1,2062,80,80,2062.0,79.0,2062.0,2062,79,80.31562889725319,45449.0243642816
4489,0,1561,4,4,2567256,2569345,2854.781001,2856.781712,2.0007110000001376,39.45749039519296,33.7875,45.7125,1,1,1,1,2089,80,80,2090.0,80.0,2089.0,2089,80,78.94303506606957,44376.724074588434
4489,0,1562,4,4,2569345,2571350,2856.781712,2858.784165,2.0024530000000595,39.74548531152963,33.7875,45.7125,1,1,1,1,2005,80,80,2005.0,80.0,2005.0,2005,80,79.5884662985336,45119.16134860459
4489,0,1563,4,4,2571350,2573373,2858.784165,2860.785677,2.0015119999998205,39.16283743840324,33.7875,45.7125,1,1,1,1,2023,80,80,2024.0,80.0,2023.0,2023,80,78.38488908699946,44514.34715355591
4489,0,1564,4,4,2573373,2574000,2860.785677,2861.425822,0.6401450000003024,39.21857928464046,33.7875,45.7125,1,1,1,1,627,26,26,627.0,26.0,627.0,627,26,25.105577436173917,44194.674644005085
4489,0,1565,4,4,2574000,2576071,2861.425822,2863.427657,2.0018350000000282,39.610805911510816,33.7875,45.7125,1,1,1,1,2071,80,80,2076.0,80.0,2071.0,2071,80,79.29429765186796,44224.9236325665
4489,0,1566,4,4,2576071,2578161,2863.427657,2865.427915,2.0002580000000307,39.68298522240388,33.7875,45.7125,1,1,1,1,2090,80,80,2090.0,80.0,2090.0,2090,80,79.37620865499775,45226.16582460793
4489,0,1567,4,4,2578161,2580193,2865.427915,2867.428662,2.000746999999592,39.44683656242357,33.7875,45.7125,1,1,1,1,2032,80,80,2032.0,80.0,2032.0,2032,80,78.9231399117416,44867.24208509037
4489,0,1568,4,4,2580193,2582226,2867.428662,2869.43046,2.0017980000002353,39.136708696668094,33.7875,45.7125,1,1,1,1,2033,80,80,2034.0,80.0,2033.0,2033,80,78.34378519558231,44589.41411670384
4489,0,1569,4,4,2582226,2584274,2869.43046,2871.430432,1.9999720000000707,39.29767158596913,33.7875,45.7125,1,1,1,1,2048,80,80,2049.0,80.0,2048.0,2048,80,78.59424283713452,45183.632570854395
4489,0,1570,4,4,2584274,2586240,2871.430432,2873.430797,2.0003649999998743,39.253004672747416,33.7875,45.7125,1,1,1,1,1966,80,80,1970.0,80.0,1967.0,1966,80,78.52033669219236,44969.29310401135
4489,0,1571,4,4,2586240,2587000,2873.430797,2874.195025,0.7642280000000028,38.92185572781133,33.7875,45.7125,1,1,1,1,760,30,30,759.0,30.0,759.0,760,30,29.745171959148138,43828.54331429872
4489,0,1572,4,4,2587000,2589047,2874.195025,2876.195829,2.000803999999789,39.10403002655217,33.7875,45.7125,1,1,1,1,2047,80,80,2050.0,80.0,2047.0,2047,80,78.23949969324167,45471.22056933592
4489,0,1573,4,4,2589047,2590992,2876.195829,2878.196637,2.0008080000002337,39.048748943954976,33.7875,45.7125,1,1,1,1,1945,80,80,1945.0,80.0,1945.0,1945,80,78.12904927706404,44638.96585778824
4489,0,1574,4,4,2590992,2593022,2878.196637,2880.196658,2.0000209999998333,39.58638431269813,33.7875,45.7125,1,1,1,1,2030,80,80,2031.0,80.0,2030.0,2030,80,79.17359993945865,44779.52981494067
4489,0,1575,4,4,2593022,2594997,2880.196658,2882.197833,2.0011750000003303,39.445001576051276,33.7875,45.7125,1,1,1,1,1975,80,80,1975.0,80.0,1975.0,1975,80,78.93635102896951,43883.71831548241
4489,0,1576,4,4,2594997,2597075,2882.197833,2884.198283,2.0004500000000007,39.109770039679994,33.7875,45.7125,1,1,1,1,2078,80,80,2079.0,80.0,2078.0,2078,80,78.23713947588112,45303.806643505195
4489,0,1577,4,4,2597075,2599099,2884.198283,2886.198677,2.0003939999996874,39.25603255961208,33.7875,45.7125,1,1,1,1,2024,80,80,2024.0,80.0,2024.0,2024,80,78.52753199603467,44533.226954296966
4489,0,1578,4,4,2599099,2600000,2886.198677,2887.037147,0.838470000000143,39.24989811752485,33.7875,45.7125,1,1,1,1,901,33,33,901.0,33.0,901.0,901,33,32.9098620746081,45911.004567835975
4489,0,1579,4,4,2600000,2602094,2887.037147,2889.037623,2.0004760000001625,39.50632508470688,33.7875,45.7125,1,1,1,1,2094,80,80,2094.0,80.0,2094.0,2094,80,79.03145518015663,45670.130508935166
4489,0,1580,4,4,2602094,2604180,2889.037623,2891.042154,2.0045310000000427,39.44956275118082,33.7875,45.7125,1,1,1,1,2086,80,80,2086.0,80.0,2086.0,2086,80,79.07787147119234,45880.55759676355
4489,0,1581,4,4,2604180,2606237,2891.042154,2893.042425,2.0002709999998842,39.37163181936224,33.7875,45.7125,1,1,1,1,2057,80,80,2057.0,80.0,2057.0,2057,80,78.7539333509485,44739.93773843903
4489,0,1582,4,4,2606237,2608345,2893.042425,2895.048452,2.0060269999999036,39.484435745879495,33.7875,45.7125,1,1,1,1,2108,80,80,2108.0,80.0,2108.0,2108,80,79.20684418600285,45816.432181622884
4489,0,1583,4,4,2608345,2610389,2895.048452,2897.048729,2.0002770000000965,39.450434281100044,33.7875,45.7125,1,1,1,1,2044,80,80,2045.0,80.0,2044.0,2044,80,78.91179633249703,45407.71103201988
4489,0,1584,4,4,2610389,2612490,2897.048729,2899.050183,2.0014539999997396,40.03126373506056,33.7875,45.7125,1,1,1,1,2101,80,80,2103.0,80.0,2101.0,2101,80,80.1207329275785,45998.05941081433
4489,0,1585,4,4,2612490,2613000,2899.050183,2899.518392,0.46820900000011534,40.03137165071749,33.7875,45.7125,1,1,1,1,510,19,19,510.0,19.0,510.0,510,19,18.743048489210196,44463.04962099163
4489,0,1586,4,4,2613000,2615015,2899.518392,2901.519907,2.0015149999999267,40.02687387483246,33.7875,45.7125,1,1,1,1,2015,80,80,2015.0,80.0,2015.0,2015,80,80.11438846358215,46444.81805032858
4489,0,1587,4,4,2615015,2617017,2901.519907,2903.521167,2.001260000000002,39.9635859470011,33.7875,45.7125,1,1,1,1,2002,80,80,2002.0,80.0,2002.0,2002,80,79.97752601229877,46848.48545416383
4489,0,1588,4,4,2617017,2619122,2903.521167,2905.521309,2.0001420000003236,40.00253968515471,33.7875,45.7125,1,1,1,1,2105,80,80,2105.0,80.0,2105.0,2105,80,80.0107597309543,45951.73742663527
4489,0,1589,4,4,2619122,2621239,2905.521309,2907.522726,2.0014169999999467,39.997222344285646,33.7875,45.7125,1,1,1,1,2117,80,80,2117.0,80.0,2117.0,2117,80,80.05112075262878,46882.783547857594
4489,0,1590,4,4,2621239,2623317,2907.522726,2909.522817,2.000090999999884,39.71754094759617,33.7875,45.7125,1,1,1,1,2078,80,80,2078.0,80.0,2078.0,2078,80,79.43869619141333,45593.42549914243
4489,0,1591,4,4,2623317,2625360,2909.522817,2911.523797,2.0009799999997995,39.745024376425675,33.7875,45.7125,1,1,1,1,2043,80,80,2044.0,80.0,2043.0,2043,80,79.52899887673266,46349.78860358889
4489,0,1592,4,4,2625360,2626000,2911.523797,2912.173946,0.6501490000000558,39.57182743928257,33.7875,45.7125,1,1,1,1,640,26,26,640.0,26.0,640.0,640,26,25.72758403782791,44929.700730136465
4489,0,1593,4,4,2626000,2627981,2912.173946,2914.175215,2.0012690000003204,39.61029155316461,33.7875,45.7125,1,1,1,1,1981,79,79,1984.0,80.0,1981.0,1981,80,79.270848566317,45358.71989222112
4489,0,1594,4,4,2627981,2630016,2914.175215,2916.175244,2.000028999999813,39.8940788939404,33.7875,45.7125,1,1,1,1,2035,80,80,2036.0,79.0,2035.0,2035,79,79.7893147161667,45398.34172404924
4489,0,1595,4,4,2630016,2632066,2916.175244,2918.177144,2.001900000000205,39.94806028885051,33.7875,45.7125,1,1,1,1,2050,80,80,2050.0,80.0,2050.0,2050,80,79.97202189225936,46175.13362305336
4489,0,1596,4,4,2632066,2634176,2918.177144,2920.177377,2.000232999999753,40.06355331538307,33.7875,45.7125,1,1,1,1,2110,80,80,2111.0,80.0,2111.0,2110,80,80.13644143867714,45877.155311411894
4489,0,1597,4,4,2634176,2636225,2920.177377,2922.17781,2.0004330000001573,40.44772927516352,33.7875,45.7125,1,1,1,1,2049,80,80,2048.0,80.0,2048.0,2049,80,80.91297241710708,46165.00527635404
4489,0,1598,4,4,2636225,2638433,2922.17781,2924.179037,2.0012269999997443,40.19641152680174,33.7875,45.7125,1,1,1,1,2208,80,80,2209.0,80.0,2208.0,2208,80,80.44214405053935,46526.95571267622
4489,0,1599,4,4,2638433,2639000,2924.179037,2924.687178,0.5081410000002506,40.12043241296137,33.7875,45.7125,1,1,1,1,567,20,20,567.0,21.0,567.0,567,21,20.386836646765005,46768.51503812579
4489,0,1600,4,4,2639000,2641047,2924.687178,2926.688693,2.0015149999999267,40.014431492080774,33.7875,45.7125,1,1,1,1,2047,80,80,2048.0,79.0,2047.0,2047,79,80.08948484786379,45464.56059535069
4489,0,1601,4,4,2641047,2643122,2926.688693,2928.689561,2.0008680000000822,39.50367421605862,33.7875,45.7125,1,1,1,1,2075,80,80,2075.0,80.0,2075.0,2075,80,79.04163762133976,45451.77393011246
4489,0,1602,4,4,2643122,2645185,2928.689561,2930.692229,2.002668000000085,39.452575352110166,33.7875,45.7125,1,1,1,1,2063,80,80,2063.0,80.0,2063.0,2063,80,79.01041017526586,45516.780614658106
4489,0,1603,4,4,2645185,2647206,2930.692229,2932.693075,2.0008459999999104,39.60487659401192,33.7875,45.7125,1,1,1,1,2021,80,80,2022.0,80.0,2021.0,2021,80,79.24325891361514,46517.82296088963
4489,0,1604,4,4,2647206,2649304,2932.693075,2934.693202,2.000126999999793,39.55991545152066,33.7875,45.7125,1,1,1,1,2098,80,80,2098.0,80.0,2098.0,2098,80,79.12485501229821,45255.12629948467
4489,0,1605,4,4,2649304,2651377,2934.693202,2936.693237,2.0000350000000253,39.738809851904506,33.7875,45.7125,1,1,1,1,2073,80,80,2074.0,80.0,2073.0,2073,80,79.4790105621505,45408.70534765584
4489,0,1606,4,4,2651377,2652000,2936.693237,2937.278215,0.5849779999998646,39.36256528133507,33.7875,45.7125,1,1,1,1,623,24,24,623.0,24.0,623.0,623,24,23.026234713135636,45476.92391851687
4489,0,1607,4,4,2652000,2654047,2937.278215,2939.27876,2.0005450000003293,39.855712323230655,33.7875,45.7125,1,1,1,1,2047,79,79,2049.0,80.0,2047.0,2047,80,79.73314600969024,45140.69915947161
4489,0,1608,4,4,2654047,2656170,2939.27876,2941.279295,2.0005349999996724,39.519697516296475,33.7875,45.7125,1,1,1,1,2123,80,80,2123.0,79.0,2123.0,2123,79,79.06053807075659,45123.92934890656
4489,0,1609,4,4,2656170,2658213,2941.279295,2943.282184,2.002889000000323,39.785153710624805,33.7875,45.7125,1,1,1,1,2043,80,80,2043.0,80.0,2043.0,2043,80,79.68524673033971,45979.58249308132
4489,0,1610,4,4,2658213,2660333,2943.282184,2945.282543,2.000358999999662,40.022286677937124,33.7875,45.7125,1,1,1,1,2120,80,80,2120.0,80.0,2120.0,2120,80,80.05894135677954,45869.76637694309
4489,0,1611,4,4,2660333,2662460,2945.282543,2947.282875,2.0003320000000713,39.66923081619618,33.7875,45.7125,1,1,1,1,2127,80,79,2129.0,80.0,2128.0,2127,79,79.35163181702956,45530.94186364901
4489,0,1612,4,4,2662460,2664541,2947.282875,2949.282914,2.000039000000015,40.11264240079496,33.7875,45.7125,1,1,1,1,2081,80,80,2081.0,80.0,2080.0,2081,80,80.22684919464518,46810.58719354937
4489,0,1613,4,4,2664541,2665000,2949.282914,2949.721994,0.4390800000001036,40.63467784510712,33.7875,45.7125,1,1,1,1,459,18,18,459.0,18.0,459.0,459,18,17.841874348232523,45882.299353182214
4489,0,1614,4,4,2665000,2667055,2949.721994,2951.722505,2.0005110000001878,40.57809430216407,33.7875,45.7125,1,1,1,1,2055,80,80,2061.0,80.0,2055.0,2055,80,81.17692401052045,46799.04284454882
4489,0,1615,4,4,2667055,2669102,2951.722505,2953.722714,2.0002089999998134,40.09580917263831,33.7875,45.7125,1,1,1,1,2047,80,80,2047.0,80.0,2047.0,2047,80,80.19999836938223,45183.77829517237
4489,0,1616,4,4,2669102,2671281,2953.722714,2955.723009,2.0002949999998236,40.439306771755604,33.7875,45.7125,1,1,1,1,2179,80,80,2181.0,80.0,2179.0,2179,80,80.89054313900124,46533.63628865153
4489,0,1617,4,4,2671281,2673425,2955.723009,2957.723774,2.0007650000002286,40.2659053056476,33.7875,45.7125,1,1,1,1,2144,79,79,2145.0,79.0,2144.0,2144,79,80.56261402886594,46968.03472671167
4489,0,1618,4,4,2673425,2675549,2957.723774,2959.724893,2.001119000000017,40.686262702736244,33.7875,45.7125,1,1,1,1,2124,80,80,2125.0,80.0,2124.0,2124,80,81.41805333344382,47076.660608389204
4489,0,1619,4,4,2675549,2677693,2959.724893,2961.726768,2.0018749999999272,40.35585442050329,33.7875,45.7125,1,1,1,1,2144,80,80,2144.0,80.0,2144.0,2144,80,80.7873760680377,46515.891351859325
4489,0,1620,4,4,2677693,2678000,2961.726768,2962.045249,0.3184809999997924,40.302375829179915,33.7875,45.7125,1,1,1,1,307,13,13,308.0,13.0,307.0,307,13,12.835540956439218,47889.82702267935
4489,0,1621,4,4,2678000,2679988,2962.045249,2964.046841,2.0015920000000733,40.31145317361306,33.7875,45.7125,1,1,1,1,1988,80,80,1990.0,80.0,1988.0,1988,80,80.68708218068059,46615.39414625787
4489,0,1622,4,4,2679988,2682091,2964.046841,2966.047854,2.001013000000057,39.950842469768595,33.7875,45.7125,1,1,1,1,2103,80,80,2105.0,80.0,2103.0,2103,80,79.94215514295502,45798.80290632664
4489,0,1623,4,4,2682091,2684159,2966.047854,2968.048655,2.0008010000001377,40.02072657235087,33.7875,45.7125,1,1,1,1,2068,80,80,2068.0,80.0,2068.0,2068,80,80.0735097466968,45321.34879980256
4489,0,1624,4,4,2684159,2686340,2968.048655,2970.04965,2.0009949999998753,39.684114077548145,33.7875,45.7125,1,1,1,1,2181,80,80,2183.0,80.0,2181.0,2181,80,79.40771384860273,46714.75940719783
4489,0,1625,4,4,2686340,2688389,2970.04965,2972.051231,2.0015809999999874,39.76027042625538,33.7875,45.7125,1,1,1,1,2049,80,80,2058.0,80.0,2049.0,2049,80,79.58340184004919,45385.62266528338
4489,0,1626,4,4,2688389,2690465,2972.051231,2974.05244,2.001209000000017,39.68702426890466,33.7875,45.7125,1,1,1,1,2076,80,80,2079.0,80.0,2076.0,2076,80,79.4220301501482,45772.83032406871
4489,0,1627,4,4,2690465,2691000,2974.05244,2974.593921,0.5414810000002035,39.517002265667884,33.7875,45.7125,1,1,1,1,535,21,21,535.0,22.0,535.0,535,22,21.397705903829774,43543.54077057393
4489,0,1628,4,4,2691000,2693120,2974.593921,2976.594084,2.000162999999702,40.012957541288394,33.7875,45.7125,1,1,1,1,2120,80,80,2122.0,79.0,2120.0,2120,79,80.03243719464808,46336.22359778368
4489,0,1629,4,4,2693120,2695212,2976.594084,2978.596429,2.002345000000332,39.64156405352217,33.7875,45.7125,1,1,1,1,2092,80,80,2092.0,80.0,2092.0,2092,80,79.37608757476846,45952.620552394685
4489,0,1630,4,4,2695212,2697331,2978.596429,2980.59773,2.001300999999785,40.010931966544774,33.7875,45.7125,1,1,1,1,2119,80,80,2120.0,80.0,2120.0,2119,80,80.07391815556912,46349.849422955354
4489,0,1631,4,4,2697331,2699336,2980.59773,2982.597847,2.0001170000000457,39.806164366527554,33.7875,45.7125,1,1,1,1,2005,80,80,2004.0,80.0,2004.0,2005,80,79.61698605428683,45556.83492515584
4489,0,1632,4,4,2699336,2701437,2982.597847,2984.601121,2.0032740000001468,39.99314437707506,33.7875,45.7125,1,1,1,1,2101,80,80,2103.0,80.0,2102.0,2101,80,80.11722630885197,45958.266318034
4489,0,1633,4,4,2701437,2703592,2984.601121,2986.601411,2.00028999999995,39.91395475591952,33.7875,45.7125,1,1,1,1,2155,80,80,2155.0,80.0,2154.0,2155,80,79.83948455871723,46307.285443611836
4489,0,1634,4,4,2703592,2704000,2986.601411,2986.99707,0.3956589999997959,39.69715096265439,33.7875,45.7125,1,1,1,1,408,16,16,408.0,16.0,408.0,408,16,15.706535052726394,45137.353124810026
4489,0,1635,4,4,2704000,2706016,2986.99707,2988.997498,2.0004280000002836,39.878867563056936,33.7875,45.7125,1,1,1,1,2016,80,80,2020.0,80.0,2016.0,2016,80,79.77480328144156,45465.27043212108
4489,0,1636,4,4,2706016,2708092,2988.997498,2990.997734,2.000235999999859,39.79620193313873,33.7875,45.7125,1,1,1,1,2076,80,80,2078.0,80.0,2076.0,2076,80,79.60179576992232,45935.07966060329
4489,0,1637,4,4,2708092,2710257,2990.997734,2992.998181,2.0004469999998946,39.789576448911355,33.7875,45.7125,1,1,1,1,2165,80,80,2167.0,80.0,2165.0,2165,80,79.59693883849832,46096.19749986121
4489,0,1638,4,4,2710257,2712384,2992.998181,2994.999364,2.0011829999998554,39.706907005074115,33.7875,45.7125,1,1,1,1,2127,80,80,2127.0,80.0,2127.0,2127,80,79.46078728113207,45933.830139475824
4489,0,1639,4,4,2712384,2714493,2994.999364,2996.999374,2.000010000000202,40.110303688865145,33.7875,45.7125,1,1,1,1,2109,80,80,2109.0,80.0,2109.0,2109,80,80.22100848077389,46776.76611616469
4489,0,1640,4,4,2714493,2716577,2996.999374,2998.9997,2.000325999999859,40.0907143286032,33.7875,45.7125,1,1,1,1,2084,79,79,2085.0,80.0,2084.0,2084,79,80.19449823007744,45906.51723769349
4489,0,1641,4,4,2716577,2717000,2998.9997,2999.43893,0.43922999999995227,40.338797915443784,33.7875,45.7125,1,1,1,1,423,17,17,423.0,17.0,423.0,423,17,17.718010208394844,45135.80584204666
4489,0,1642,4,4,2717000,2719013,2999.43893,3001.438907,1.9999770000003991,40.09955240789568,33.7875,45.7125,1,1,1,1,2013,80,80,2016.0,80.0,2013.0,2013,80,80.19818252610276,46853.03880993697
4489,0,1643,4,4,2719013,2721150,3001.438907,3003.439146,2.000238999999965,39.810728682370375,33.7875,45.7125,1,1,1,1,2137,80,80,2142.0,80.0,2137.0,2137,80,79.63097212889988,46572.93453432396
4489,0,1644,4,4,2721150,2723234,3003.439146,3005.439836,2.0006899999998495,39.958667573746524,33.7875,45.7125,1,1,1,1,2084,80,80,2087.0,80.0,2084.0,2084,80,79.94490662810858,46433.480449248505
4489,0,1645,4,4,2723234,2725367,3005.439836,3007.441123,2.0012870000000476,40.185163395702354,33.7875,45.7125,1,1,1,1,2133,80,80,2133.0,80.0,2133.0,2133,80,80.42204509669682,45798.52864681469
4489,0,1646,4,4,2725367,2727471,3007.441123,3009.44199,2.0008669999997437,40.61262233345443,33.7875,45.7125,1,1,1,1,2104,80,80,2107.0,80.0,2104.0,2104,80,81.26045581046492,47507.905323048544
4489,0,1647,4,4,2727471,2729498,3009.44199,3011.442875,2.0008850000003804,40.36213493684996,33.7875,45.7125,1,1,1,1,2027,80,80,2027.0,80.0,2027.0,2027,80,80.75999036313442,46404.466023775654
4489,0,1648,4,4,2729498,2730000,3011.442875,3011.963568,0.5206929999999375,39.89172211528954,33.7875,45.7125,1,1,1,1,502,21,21,502.0,21.0,502.0,502,21,20.771340463368688,45337.65577797826
4489,0,1649,4,4,2730000,2732125,3011.963568,3013.963677,2.000109000000066,39.81549184849278,33.7875,45.7125,1,1,1,1,2125,79,79,2128.0,80.0,2125.0,2125,80,79.63532358559314,46863.44594219461
4489,0,1650,4,4,2732125,2734206,3013.963677,3015.964187,2.0005099999998492,40.232938365125456,33.7875,45.7125,1,1,1,1,2081,80,80,2081.0,79.0,2081.0,2081,79,80.4863955288165,46188.72187592512
4489,0,1651,4,4,2734206,2736227,3015.964187,3017.965377,2.0011899999999514,40.36699905819342,33.7875,45.7125,1,1,1,1,2021,80,80,2023.0,80.0,2021.0,2021,80,80.78203484526603,45962.65222192907
4489,0,1652,4,4,2736227,2738310,3017.965377,3019.966433,2.0010560000000623,40.12015978705767,33.7875,45.7125,1,1,1,1,2083,80,80,2085.0,80.0,2083.0,2083,80,80.28268646285869,45680.88049509717
4489,0,1653,4,4,2738310,2740407,3019.966433,3021.967054,2.0006210000001374,39.460610980287925,33.7875,45.7125,1,1,1,1,2097,80,80,2097.0,80.0,2097.0,2097,80,78.94572699999844,45921.7412993234
4489,0,1654,4,4,2740407,2742415,3021.967054,3023.967586,2.000532000000021,39.648981262408185,33.7875,45.7125,1,1,1,1,2008,80,80,2009.0,80.0,2008.0,2008,80,79.31905578284932,44628.62878474279
4489,0,1655,4,4,2742415,2743000,3023.967586,3024.514281,0.5466949999999997,39.64093069124711,33.7875,45.7125,1,1,1,1,585,22,22,585.0,22.0,585.0,585,22,21.67149860424979,45502.51968647969
4489,0,1656,4,4,2743000,2745080,3024.514281,3026.514482,2.0002009999998336,39.59680043398021,33.7875,45.7125,1,1,1,1,2080,80,80,2086.0,80.0,2080.0,2080,80,79.20155982483993,46372.33957987608
4489,0,1657,4,4,2745080,2747141,3026.514482,3028.515226,2.0007439999999406,39.59860516424841,33.7875,45.7125,1,1,1,1,2061,80,80,2063.0,80.0,2061.0,2061,80,79.22667169073247,46949.53477306582
4489,0,1658,4,4,2747141,2749172,3028.515226,3030.515293,2.0000669999999445,39.49248356703031,33.7875,45.7125,1,1,1,1,2031,80,80,2032.0,80.0,2031.0,2031,80,78.9876131304627,46434.944429362906
4489,0,1659,4,4,2749172,2751171,3030.515293,3032.516428,2.0011349999999766,39.500459766305134,33.7875,45.7125,1,1,1,1,1999,80,80,1999.0,80.0,1999.0,1999,80,79.04575255444797,45174.36354868665
4489,0,1660,4,4,2751171,2753245,3032.516428,3034.516445,2.000017000000298,39.35826872984802,33.7875,45.7125,1,1,1,1,2074,80,80,2074.0,80.0,2074.0,2074,80,78.71720655028184,45428.613856775446
4489,0,1661,4,4,2753245,2755364,3034.516445,3036.51702,2.0005749999995714,39.75553170097247,33.7875,45.7125,1,1,1,1,2119,80,80,2121.0,80.0,2119.0,2119,80,79.53392283266294,45885.80783025864
4489,0,1662,4,4,2755364,2756000,3036.51702,3037.105995,0.5889750000001186,39.96344946780877,33.7875,45.7125,1,1,1,1,636,23,23,637.0,23.0,636.0,636,23,23.53747265030688,48665.90262743619
4489,0,1663,4,4,2756000,2758065,3037.105995,3039.106186,2.000191000000086,39.641955114874904,33.7875,45.7125,1,1,1,1,2065,80,80,2071.0,80.0,2065.0,2065,80,79.29148184317455,45428.661562818794
4489,0,1664,4,4,2758065,2760144,3039.106186,3041.10709,2.0009039999999914,39.73210165356219,33.7875,45.7125,1,1,1,1,2079,80,80,2079.0,80.0,2079.0,2079,80,79.5001211270137,46086.668825690984
4489,0,1665,4,4,2760144,2762264,3041.10709,3043.109506,2.002415999999812,39.37566244942613,33.7875,45.7125,1,1,1,1,2120,80,80,2120.0,80.0,2120.0,2120,80,78.84645649931917,46127.278247880895
4489,0,1666,4,4,2762264,2764352,3043.109506,3045.109873,2.0003670000000966,40.22319500042071,33.7875,45.7125,1,1,1,1,2088,80,80,2089.0,80.0,2088.0,2088,80,80.46115191340505,46840.404785719555
4489,0,1667,4,4,2764352,2766452,3045.109873,3047.11127,2.001396999999997,39.96487233926564,33.7875,45.7125,1,1,1,1,2100,80,80,2101.0,80.0,2100.0,2100,80,79.98557560518384,45969.89003181284
4489,0,1668,4,4,2766452,2768526,3047.11127,3049.111418,2.000148000000081,40.05633937219984,33.7875,45.7125,1,1,1,1,2074,80,80,2074.0,80.0,2074.0,2074,80,80.11860708263703,45842.10768402952
4489,0,1669,4,4,2768526,2769000,3049.111418,3049.586111,0.4746930000001157,39.4461382681577,33.7875,45.7125,1,1,1,1,474,19,19,474.0,19.0,474.0,474,19,18.72480571293272,45515.73332658104
4489,0,1670,4,4,2769000,2771086,3049.586111,3051.588678,2.002566999999999,39.38134529646403,33.7875,45.7125,1,1,1,1,2086,80,80,2092.0,80.0,2086.0,2086,80,78.86378250630514,46188.21742293768
4489,0,1671,4,5,2771086,2773201,3051.588678,3053.588797,2.0001189999998132,34.88136022640463,33.7875,45.7125,1,1,1,1,2115,80,80,2116.0,80.0,2115.0,2115,80,80.39743866211211,39996.29161594674
4489,0,1672,5,5,2773201,2775219,3053.588797,3055.589934,2.001137000000199,39.65079867636172,33.7875,45.7125,1,1,1,1,2018,80,80,2018.0,80.0,2018.0,2018,80,79.34668031083129,45077.8732290648
4489,0,1673,5,5,2775219,2777296,3055.589934,3057.590566,2.0006319999997686,39.49487411848062,33.7875,45.7125,1,1,1,1,2077,80,80,2080.0,80.0,2077.0,2077,80,79.0147089973907,46243.88693173492
4489,0,1674,5,5,2777296,2779439,3057.590566,3059.590558,1.9999920000000202,39.75289347484327,33.7875,45.7125,1,1,1,1,2143,79,79,2144.0,80.0,2143.0,2143,80,79.50546892653801,46312.685250740535
4489,0,1675,5,5,2779439,2781537,3059.590558,3061.592107,2.001549000000068,39.610035199092586,33.7875,45.7125,1,1,1,1,2098,80,80,2102.0,79.0,2098.0,2098,79,79.28142634271353,45941.41837146973
4489,0,1676,5,5,2781537,2782000,3061.592107,3062.051449,0.45934200000010605,40.33176536565232,33.7875,45.7125,1,1,1,1,463,19,19,463.0,19.0,463.0,463,19,18.5260737665958,47171.82404394764
4489,0,1677,5,5,2782000,2784093,3062.051449,3064.052386,2.0009369999997944,40.12248234730469,33.7875,45.7125,1,1,1,1,2093,80,80,2097.0,80.0,2093.0,2093,80,80.28255946056743,47395.295304154875
4489,0,1678,5,5,2784093,2786151,3064.052386,3066.054422,2.0020360000003166,39.56927064481974,33.7875,45.7125,1,1,1,1,2058,80,80,2058.0,80.0,2058.0,2058,80,79.21910432468576,46527.135376179685
4489,0,1679,5,5,2786151,2788301,3066.054422,3068.05539,2.0009679999998298,39.72370277610398,33.7875,45.7125,1,1,1,1,2150,80,80,2150.0,80.0,2150.0,2150,80,79.48585809649376,45894.78692313311
4489,0,1680,5,5,2788301,2790363,3068.05539,3070.056534,2.00114399999984,39.66149117295198,33.7875,45.7125,1,1,1,1,2062,80,80,2062.0,80.0,2062.0,2062,80,79.36835509180673,46520.39033673111
4489,0,1681,5,5,2790363,2792394,3070.056534,3072.057319,2.000785000000178,39.36417046623533,33.7875,45.7125,1,1,1,1,2031,80,80,2032.0,80.0,2031.0,2031,80,78.75924180629954,44971.84854944034
4489,0,1682,5,5,2792394,2794478,3072.057319,3074.057737,2.0004180000000815,39.41365317386862,33.7875,45.7125,1,1,1,1,2084,80,80,2086.0,80.0,2085.0,2084,80,78.8437812547636,45846.41809861552
4489,0,1683,5,5,2794478,2795000,3074.057737,3074.513264,0.4555270000000746,39.98353255516739,33.7875,45.7125,1,1,1,1,522,18,18,522.0,18.0,521.0,522,18,18.2135786342551,47474.68316915673
4489,0,1684,5,5,2795000,2797108,3074.513264,3076.515646,2.0023819999996704,39.64994168438694,33.7875,45.7125,1,1,1,1,2108,80,80,2110.0,80.0,2108.0,2108,80,79.39432952985226,46124.56564232759
4489,0,1685,5,5,2797108,2799070,3076.515646,3078.515807,2.0001610000003893,39.59248312285649,33.7875,45.7125,1,1,1,1,1962,80,80,1963.0,80.0,1962.0,1962,80,79.1913406355161,45198.36153188789
4489,0,1686,5,5,2799070,2801123,3078.515807,3080.517721,2.0019139999999425,39.55355705344501,33.7875,45.7125,1,1,1,1,2053,80,80,2053.0,80.0,2053.0,2053,80,79.1828196150891,45363.08752523965
4489,0,1687,5,5,2801123,2803222,3080.517721,3082.518435,2.000713999999789,39.584717534056445,33.7875,45.7125,1,1,1,1,2099,80,80,2100.0,80.0,2099.0,2099,80,79.19769855642517,45882.61990469886
4489,0,1688,5,5,2803222,2805369,3082.518435,3084.518704,2.0002690000001166,39.550348639562394,33.7875,45.7125,1,1,1,1,2147,79,79,2150.0,79.0,2147.0,2147,79,79.11133632290876,46242.78034604076
4489,0,1689,5,5,2805369,2807435,3084.518704,3086.519046,2.0003419999998187,39.44712705029119,33.7875,45.7125,1,1,1,1,2066,80,80,2066.0,80.0,2066.0,2066,80,78.90774501801934,45225.76639395073
4489,0,1690,5,5,2807435,2808000,3086.519046,3087.093784,0.5747380000002522,39.92376749288876,33.7875,45.7125,1,1,1,1,565,23,23,565.0,23.0,565.0,565,23,22.945706281330786,44837.82175528448
4489,0,1691,5,5,2808000,2810055,3087.093784,3089.095468,2.001683999999841,39.30998200359622,33.7875,45.7125,1,1,1,1,2055,80,80,2058.0,80.0,2055.0,2055,80,78.68616201687837,45260.89033034545
4489,0,1692,5,5,2810055,2812112,3089.095468,3091.098562,2.0030940000001465,38.97605341839215,33.7875,45.7125,1,1,1,1,2057,80,80,2061.0,80.0,2057.0,2057,80,78.07269874606573,45316.39553610233
4489,0,1693,5,5,2812112,2814179,3091.098562,3093.099388,2.000825999999961,39.57933566695341,33.7875,45.7125,1,1,1,1,2067,80,80,2068.0,80.0,2067.0,2067,80,79.19136386516038,45036.899760399836
4489,0,1694,5,5,2814179,2816277,3093.099388,3095.100622,2.0012339999998403,39.37527143262558,33.7875,45.7125,1,1,1,1,2098,80,80,2098.0,80.0,2098.0,2098,80,78.7991319501889,45913.67126483326
4489,0,1695,5,5,2816277,2818307,3095.100622,3097.100607,1.9999849999999242,39.40885930589611,33.7875,45.7125,1,1,1,1,2030,80,80,2032.0,80.0,2030.0,2030,80,78.8171274789056,44404.333032499424
4489,0,1696,5,5,2818307,2820381,3097.100607,3099.10199,2.00138300000026,39.754344992710195,33.7875,45.7125,1,1,1,1,2074,80,80,2074.0,80.0,2074.0,2074,80,79.56367024456267,45590.4741870937
4489,0,1697,5,5,2820381,2821000,3099.10199,3099.700438,0.5984479999997347,39.75559851749956,33.7875,45.7125,1,1,1,1,619,24,24,619.0,24.0,619.0,619,24,23.791658421585453,45200.251316759335
4489,0,1698,5,5,2821000,2823124,3099.700438,3101.702394,2.001956000000064,39.80048312396073,33.7875,45.7125,1,1,1,1,2124,80,80,2127.0,80.0,2124.0,2124,80,79.67881599291286,46078.43529028463
4489,0,1699,5,5,2823124,2825313,3101.702394,3103.702646,2.0002520000002733,39.88334936860037,33.7875,45.7125,1,1,1,1,2189,80,80,2190.0,80.0,2189.0,2189,80,79.77674934125389,46819.60073030159
4489,0,1700,5,5,2825313,2827427,3103.702646,3105.704199,2.0015529999996033,39.866139699902995,33.7875,45.7125,1,1,1,1,2114,80,80,2114.0,80.0,2114.0,2114,80,79.79419151473849,46385.98128554098
4489,0,1701,5,5,2827427,2829444,3105.704199,3107.704396,2.0001970000002984,39.2270084061557,33.7875,45.7125,1,1,1,1,2017,80,80,2017.0,80.0,2017.0,2017,80,78.46174453297863,45377.03036250252
4489,0,1702,5,5,2829444,2831637,3107.704396,3109.705384,2.0009879999997793,39.36805957317765,33.7875,45.7125,1,1,1,1,2193,80,80,2194.0,80.0,2193.0,2193,80,78.77501478920749,46181.68624699908
4489,0,1703,5,5,2831637,2833628,3109.705384,3111.707195,2.001811000000089,39.494368641576344,33.7875,45.7125,1,1,1,1,1991,79,79,1994.0,80.0,1991.0,1991,79,79.06026158476016,45356.42975285678
4489,0,1704,5,5,2833628,2834000,3111.707195,3112.081358,0.37416299999995317,39.70296476686964,33.7875,45.7125,1,1,1,1,372,15,15,373.0,15.0,372.0,372,15,14.855380406064796,45851.67427031039
4489,0,1705,5,5,2834000,2836073,3112.081358,3114.081429,2.0000709999999344,39.603633696356745,33.7875,45.7125,1,1,1,1,2073,80,80,2078.0,80.0,2073.0,2073,80,79.21007925069716,45218.89472923859
4489,0,1706,5,5,2836073,2838089,3114.081429,3116.0821,2.0006710000002386,39.6149906111475,33.7875,45.7125,1,1,1,1,2016,80,80,2016.0,80.0,2016.0,2016,80,79.25656288101163,45393.27055772247
4489,0,1707,5,5,2838089,2840057,3116.0821,3118.082069,1.9999689999999646,39.75746436985338,33.7875,45.7125,1,1,1,1,1968,79,79,1968.0,80.0,1968.0,1968,80,79.51369625830557,45385.2034706546
4489,0,1708,5,5,2840057,2842084,3118.082069,3120.082659,2.000590000000102,39.85940355836985,33.7875,45.7125,1,1,1,1,2027,80,79,2028.0,79.0,2027.0,2027,78,79.74232416485029,45269.645454588586
4489,0,1709,5,5,2842084,2844255,3120.082659,3122.083766,2.0011070000000473,39.73595320486526,33.7875,45.7125,1,1,1,1,2171,80,80,2171.0,80.0,2171.0,2171,80,79.5158941099362,46799.596423378556
4489,0,1710,5,5,2844255,2846399,3122.083766,3124.084544,2.0007779999996274,39.4869543992745,33.7875,45.7125,1,1,1,1,2144,80,80,2146.0,80.0,2144.0,2144,80,79.00462964906183,46226.517884551526
4489,0,1711,5,5,2846399,2847000,3124.084544,3124.634002,0.5494579999999587,39.6380750883904,33.7875,45.7125,1,1,1,1,601,22,22,604.0,22.0,601.0,601,22,21.779457461918355,46474.8898004978
4489,0,1712,5,5,2847000,2849083,3124.634002,3126.636531,2.0025290000003224,39.930577433209,33.7875,45.7125,1,1,1,1,2083,80,80,2084.0,80.0,2083.0,2083,80,79.96213929675287,45721.185560850936
4489,0,1713,5,5,2849083,2851073,3126.636531,3128.639389,2.002857999999833,39.830612317687596,33.7875,45.7125,1,1,1,1,1990,80,80,1990.0,80.0,1990.0,1990,80,79.77506052536773,45651.76362977686
4489,0,1714,5,5,2851073,2853149,3128.639389,3130.639796,2.0004069999999956,39.82542415351631,33.7875,45.7125,1,1,1,1,2076,80,80,2077.0,80.0,2076.0,2076,80,79.66705725465727,45443.752196428126
4489,0,1715,5,5,2853149,2855153,3130.639796,3132.639787,1.9999910000001364,40.05764527185281,33.7875,45.7125,1,1,1,1,2004,80,80,2005.0,80.0,2004.0,2004,80,80.11493002490897,46164.707741181686
4489,0,1716,5,5,2855153,2857196,3132.639787,3134.639764,1.9999769999999444,39.70093367353401,33.7875,45.7125,1,1,1,1,2043,80,80,2043.0,80.0,2043.0,2043,80,79.40095422559534,45183.519610476775
4489,0,1717,5,5,2857196,2859239,3134.639764,3136.640209,2.000445000000127,40.245542519803365,33.7875,45.7125,1,1,1,1,2043,80,80,2044.0,80.0,2043.0,2043,80,80.50899430603022,46104.74169496994
4489,0,1718,5,5,2859239,2860000,3136.640209,3137.356925,0.7167159999999058,39.843145300814484,33.7875,45.7125,1,1,1,1,761,29,29,761.0,29.0,761.0,761,29,28.5562197274121,45257.81481089339
4489,0,1719,5,5,2860000,2862036,3137.356925,3139.357308,2.000383000000056,39.86658167636622,33.7875,45.7125,1,1,1,1,2036,80,80,2038.0,80.0,2036.0,2036,80,79.74843225351651,45218.84059202536
4489,0,1720,5,5,2862036,2864101,3139.357308,3141.358202,2.0008939999997892,40.01736513275703,33.7875,45.7125,1,1,1,1,2065,79,79,2065.0,79.0,2065.0,2065,79,80.07050578993221,45711.566929587294
4489,0,1721,5,5,2864101,2866220,3141.358202,3143.360811,2.0026090000001204,40.2261952393946,33.7875,45.7125,1,1,1,1,2119,80,80,2119.0,81.0,2119.0,2119,81,80.55734062216652,45901.62133496577
4489,0,1722,5,5,2866220,2868314,3143.360811,3145.361326,2.0005150000001777,40.39498263525221,33.7875,45.7125,1,1,1,1,2094,80,80,2094.0,79.0,2094.0,2094,79,80.81076868656965,46943.911942670595
4489,0,1723,5,5,2868314,2870347,3145.361326,3147.362505,2.0011789999998655,39.72953183137047,33.7875,45.7125,1,1,1,1,2033,80,80,2034.0,80.0,2033.0,2033,80,79.50590478075901,46175.27967263609
4489,0,1724,5,5,2870347,2872444,3147.362505,3149.362718,2.0002129999998033,40.02712148725585,33.7875,45.7125,1,1,1,1,2097,80,80,2098.0,80.0,2097.0,2097,80,80.062768751377,46394.55897947325
4489,0,1725,5,5,2872444,2873000,3149.362718,3149.894543,0.5318250000000262,39.91007805410093,33.7875,45.7125,1,1,1,1,556,22,22,557.0,22.0,556.0,556,22,21.225177261119825,45625.91077891939
4489,0,1726,5,5,2873000,2875078,3149.894543,3151.894529,1.9999860000002627,39.869664012827826,33.7875,45.7125,1,1,1,1,2078,79,79,2081.0,79.0,2078.0,2078,79,79.7387698503735,46275.823930761435
4489,0,1727,5,5,2875078,2877153,3151.894529,3153.895544,2.001014999999825,39.826139520275916,33.7875,45.7125,1,1,1,1,2075,80,80,2078.0,80.0,2075.0,2075,80,79.69270257215248,45752.280717539856
4489,0,1728,5,5,2877153,2879159,3153.895544,3155.897087,2.001542999999856,39.94281325248469,33.7875,45.7125,1,1,1,1,2006,80,80,2006.0,80.0,2006.0,2006,80,79.94725826580543,45453.932291240584
4489,0,1729,5,5,2879159,2881273,3155.897087,3157.898201,2.0011140000001433,40.09197785690019,33.7875,45.7125,1,1,1,1,2114,80,80,2114.0,80.0,2114.0,2114,80,80.2286181771342,46121.810151742175
4489,0,1730,5,5,2881273,2883367,3157.898201,3159.898436,2.000234999999975,39.95870133925563,33.7875,45.7125,1,1,1,1,2094,80,80,2094.0,80.0,2094.0,2094,80,79.92679297331779,46697.51304221812
4489,0,1731,5,5,2883367,2885458,3159.898436,3161.89867,2.0002340000000913,39.736594453228875,33.7875,45.7125,1,1,1,1,2091,80,80,2092.0,80.0,2091.0,2091,80,79.4824872695608,46034.61395016573
4489,0,1732,5,5,2885458,2886000,3161.89867,3162.430803,0.5321330000001581,39.97912160757877,33.7875,45.7125,1,1,1,1,542,21,21,542.0,21.0,542.0,542,21,21.274209918410634,46270.3872903817
4489,0,1733,5,5,2886000,2888179,3162.430803,3164.431404,2.000600999999733,39.98038483356257,33.7875,45.7125,1,1,1,1,2179,79,79,2187.0,80.0,2179.0,2179,79,79.9847978783946,46107.14480299285
4489,0,1734,5,5,2888179,2890288,3164.431404,3166.433412,2.0020079999999325,39.755838639726335,33.7875,45.7125,1,1,1,1,2109,80,80,2109.0,80.0,2109.0,2109,80,79.59150700343889,45759.55740436756
4489,0,1735,5,5,2890288,2892406,3166.433412,3168.433714,2.0003019999999196,39.967370958975955,33.7875,45.7125,1,1,1,1,2118,80,80,2118.0,80.0,2118.0,2118,80,79.94681206397945,45750.09173614968
4489,0,1736,5,5,2892406,2894561,3168.433714,3170.434519,2.0008050000001276,40.25703195127455,33.7875,45.7125,1,1,1,1,2155,80,80,2155.0,80.0,2155.0,2155,80,80.54647081327857,46249.38462268642
4489,0,1737,5,5,2894561,2896615,3170.434519,3172.434713,2.0001940000001923,39.9691539791395,33.7875,45.7125,1,1,1,1,2054,80,80,2056.0,80.0,2055.0,2054,80,79.94606197415851,45860.55152649752
4489,0,1738,5,5,2896615,2898686,3172.434713,3174.434703,1.9999899999997979,39.84666071137362,33.7875,45.7125,1,1,1,1,2071,80,80,2071.0,80.0,2070.0,2071,80,79.69292295613559,45791.22895614941
4489,0,1739,5,5,2898686,2899000,3174.434703,3174.737777,0.3030739999999241,40.25692967866534,33.7875,45.7125,1,1,1,1,314,12,12,314.0,12.0,314.0,314,12,12.200828705434105,43989.25674918778
4489,0,1740,5,5,2899000,2901138,3174.737777,3176.738343,2.0005660000001626,39.84451439910829,33.7875,45.7125,1,1,1,1,2138,79,79,2144.0,80.0,2138.0,2138,79,79.71158079337329,45472.63124535387
4489,0,1741,5,5,2901138,2903125,3176.738343,3178.738378,2.0000350000000253,39.65279489368811,33.7875,45.7125,1,1,1,1,1987,80,80,1987.0,80.0,1987.0,1987,80,79.30697763519129,44228.72599729449
4489,0,1742,5,5,2903125,2905191,3178.738378,3180.739045,2.000666999999794,39.866574592875956,33.7875,45.7125,1,1,1,1,2066,80,80,2068.0,80.0,2066.0,2066,80,79.75974019100249,45383.864481200195
4489,0,1743,5,5,2905191,2907223,3180.739045,3182.740628,2.0015830000002097,39.58718873328842,33.7875,45.7125,1,1,1,1,2032,80,80,2032.0,80.0,2032.0,2032,80,79.23704398634436,44962.911855261846
4489,0,1744,5,5,2907223,2909385,3182.740628,3184.741328,2.0007000000000517,39.965447713805546,33.7875,45.7125,1,1,1,1,2162,80,80,2165.0,80.0,2162.0,2162,80,79.95887124101864,46592.69255760364
4489,0,1745,5,5,2909385,2911489,3184.741328,3186.741419,2.000090999999884,39.63731119177726,33.7875,45.7125,1,1,1,1,2104,80,80,2104.0,80.0,2104.0,2104,80,79.2782293788623,44994.45275240238
4489,0,1746,5,5,2911489,2912000,3186.741419,3187.300702,0.5592830000000504,39.86175220439518,33.7875,45.7125,1,1,1,1,511,22,22,511.0,22.0,511.0,511,22,22.294000358131598,47212.23423561528
4489,0,1747,5,5,2912000,2914142,3187.300702,3189.30279,2.0020880000001853,39.75857747972249,33.7875,45.7125,1,1,1,1,2142,80,80,2145.0,80.0,2142.0,2142,80,79.60017086923472,45593.400489884334
4489,0,1748,5,5,2914142,2916243,3189.30279,3191.30476,2.001969999999801,40.14637968961604,33.7875,45.7125,1,1,1,1,2101,80,80,2101.0,80.0,2101.0,2101,80,80.3718477472139,45440.740870247326
4489,0,1749,5,5,2916243,2918272,3191.30476,3193.30523,2.0004699999999502,40.20191361782191,33.7875,45.7125,1,1,1,1,2029,80,80,2030.0,80.0,2029.0,2029,80,80.42272213504475,44995.92595740113
4489,0,1750,5,5,2918272,2920367,3193.30523,3195.305419,2.000188999999864,39.81484474792946,33.7875,45.7125,1,1,1,1,2095,80,80,2095.0,80.0,2095.0,2095,80,79.63721450150479,45177.23075169704
4489,0,1751,5,5,2920367,2922444,3195.305419,3197.305735,2.0003160000001117,40.02168434317446,33.7875,45.7125,1,1,1,1,2077,80,80,2077.0,80.0,2077.0,2077,80,80.0560155386047,45791.26498013058
4489,0,1752,5,5,2922444,2924508,3197.305735,3199.30591,2.0001750000001266,40.02975371753292,33.7875,45.7125,1,1,1,1,2064,80,80,2065.0,80.0,2064.0,2064,80,80.06651264197717,45471.021285634626
4489,0,1753,5,5,2924508,2925000,3199.30591,3199.799861,0.49395099999992453,40.29985901857659,33.7875,45.7125,1,1,1,1,492,19,19,493.0,19.0,492.0,492,19,19.906155662087258,45368.87262097541
4489,0,1754,5,5,2925000,2927072,3199.799861,3201.80226,2.0023989999999685,40.29861459708891,33.7875,45.7125,1,1,1,1,2072,79,79,2074.0,81.0,2072.0,2072,80,80.69390557058796,46464.26611279843
4489,0,1755,5,5,2927072,2929111,3201.80226,3203.802267,2.000007000000096,39.961098693670635,33.7875,45.7125,1,1,1,1,2039,80,80,2040.0,79.0,2039.0,2039,79,79.92247711503296,45713.8400015578
4489,0,1756,5,5,2929111,2931197,3203.802267,3205.802657,2.000390000000152,40.11787865010908,33.7875,45.7125,1,1,1,1,2086,79,79,2087.0,80.0,2086.0,2086,79,80.2514032728941,45259.67436349567
4489,0,1757,5,5,2931197,2933212,3205.802657,3207.802931,2.0002739999999903,39.84811504425038,33.7875,45.7125,1,1,1,1,2015,80,80,2017.0,80.0,2015.0,2015,80,79.7071484720218,46039.19263060983
4489,0,1758,5,5,2933212,2935301,3207.802931,3209.803486,2.000554999999622,39.56138915460248,33.7875,45.7125,1,1,1,1,2089,80,80,2090.0,80.0,2089.0,2089,80,79.14473488017393,45875.26961269115
4489,0,1759,5,5,2935301,2937364,3209.803486,3211.804454,2.0009680000002845,39.95980815306707,33.7875,45.7125,1,1,1,1,2063,80,80,2063.0,80.0,2063.0,2063,80,79.95829740044428,45746.858520469585
4489,0,1760,5,5,2937364,2938000,3211.804454,3212.405815,0.6013609999999971,40.2069637973401,33.7875,45.7125,1,1,1,1,636,24,24,637.0,24.0,636.0,636,24,24.17889995612495,46424.69332065121
4489,0,1761,5,5,2938000,2940052,3212.405815,3214.406545,2.0007299999997485,40.02500442293737,33.7875,45.7125,1,1,1,1,2052,80,80,2053.0,80.0,2052.0,2052,80,80.07922709909326,45551.373748587495
4489,0,1762,5,5,2940052,2942129,3214.406545,3216.406744,2.000199000000066,40.079807305655045,33.7875,45.7125,1,1,1,1,2077,80,80,2080.0,80.0,2077.0,2077,80,80.16759049297252,46416.38157003225
4489,0,1763,5,5,2942129,2944159,3216.406744,3218.408826,2.002081999999973,39.82692762265399,33.7875,45.7125,1,1,1,1,2030,80,80,2030.0,80.0,2030.0,2030,80,79.73677490861155,45367.772149193304
4489,0,1764,5,5,2944159,2946240,3218.408826,3220.408913,2.000087000000349,39.81004069174233,33.7875,45.7125,1,1,1,1,2081,80,80,2082.0,80.0,2081.0,2081,80,79.6235448570369,45847.50563349695
4489,0,1765,5,5,2946240,2948252,3220.408913,3222.409752,2.0008389999998144,39.68906799985186,33.7875,45.7125,1,1,1,1,2012,80,80,2013.0,80.0,2012.0,2012,80,79.41143512775307,45845.767700453915
4489,0,1766,5,5,2948252,2950277,3222.409752,3224.410686,2.000934000000143,39.683547476250645,33.7875,45.7125,1,1,1,1,2025,80,80,2026.0,80.0,2025.0,2025,80,79.40415938585647,45521.2415801788
4489,0,1767,5,5,2950277,2951000,3224.410686,3225.103087,0.6924009999997907,39.89592576167322,33.7875,45.7125,1,1,1,1,723,27,27,723.0,27.0,723.0,723,27,27.623978893301683,47073.877709607375
4489,0,1768,5,5,2951000,2953066,3225.103087,3227.103182,2.000094999999874,40.04968536032927,33.7875,45.7125,1,1,1,1,2066,79,79,2068.0,80.0,2066.0,2066,79,80.10317544075951,46118.80935655847
4489,0,1769,5,5,2953066,2955153,3227.103182,3229.104455,2.0012730000003103,39.93276457334644,33.7875,45.7125,1,1,1,1,2087,80,80,2088.0,80.0,2087.0,2087,80,79.91636355601077,46034.19923218158
4489,0,1770,5,5,2955153,2957343,3229.104455,3231.10477,2.000314999999773,39.84719803135572,33.7875,45.7125,1,1,1,1,2190,80,80,2193.0,80.0,2190.0,2190,80,79.70694793008443,46453.68354484696
4489,0,1771,5,5,2957343,2959393,3231.10477,3233.105841,2.001071000000138,40.08143154652485,33.7875,45.7125,1,1,1,1,2050,80,80,2050.0,80.0,2050.0,2050,80,80.20579030623776,46092.317563941324
4489,0,1772,5,5,2959393,2961446,3233.105841,3235.10604,2.000199000000066,40.15060363747505,33.7875,45.7125,1,1,1,1,2053,80,80,2054.0,80.0,2053.0,2053,80,80.3091972450784,45772.945591912096
4489,0,1773,5,5,2961446,2963474,3235.10604,3237.106038,1.9999979999997777,39.88938011664305,33.7875,45.7125,1,1,1,1,2028,80,80,2029.0,80.0,2028.0,2028,80,79.7786804545176,44881.54488154987
4489,0,1774,5,5,2963474,2964000,3237.106038,3237.626057,0.5200190000000475,40.36617100942228,33.7875,45.7125,1,1,1,1,526,21,21,526.0,21.0,526.0,526,21,20.991175882154494,45861.7858193601
4489,0,1775,5,5,2964000,2966059,3237.626057,3239.626404,2.000347000000147,39.7560823203918,33.7875,45.7125,1,1,1,1,2059,80,80,2065.0,80.0,2059.0,2059,80,79.52596000135236,45930.031139593906
4489,0,1776,5,5,2966059,2968111,3239.626404,3241.627406,2.0010019999999713,39.62820517709473,33.7875,45.7125,1,1,1,1,2052,80,80,2054.0,80.0,2052.0,2052,80,79.29611781577114,45681.61351163133
4489,0,1777,5,5,2968111,2970210,3241.627406,3243.629052,2.0016459999997096,39.49380830744941,33.7875,45.7125,1,1,1,1,2099,80,80,2100.0,80.0,2099.0,2099,80,79.05262342335482,46500.72989929963
4489,0,1778,5,5,2970210,2972331,3243.629052,3245.630818,2.001766000000316,39.807053543227,33.7875,45.7125,1,1,1,1,2121,80,80,2123.0,80.0,2121.0,2121,80,79.68440634301805,46216.690662138026
4489,0,1779,5,5,2972331,2974407,3245.630818,3247.632354,2.00153599999976,39.5857190755384,33.7875,45.7125,1,1,1,1,2076,80,80,2076.0,80.0,2076.0,2076,80,79.23224181556725,45166.81188847507
4489,0,1780,5,5,2974407,2976403,3247.632354,3249.633002,2.000648000000183,39.94210677615675,33.7875,45.7125,1,1,1,1,1996,80,80,1996.0,80.0,1996.0,1996,80,79.91009603750717,46003.59483526916
4489,0,1781,5,5,2976403,2977000,3249.633002,3250.16959,0.5365879999999379,40.11814116685371,33.7875,45.7125,1,1,1,1,597,21,21,597.0,21.0,597.0,597,21,21.52691313243122,47287.67695140953
4489,0,1782,5,5,2977000,2979040,3250.16959,3252.170128,2.0005380000002333,39.95189696294875,33.7875,45.7125,1,1,1,1,2040,80,80,2048.0,80.0,2040.0,2040,80,79.92528804647736,45392.78933966233
4489,0,1783,5,5,2979040,2981056,3252.170128,3254.170363,2.000234999999975,39.833416487442555,33.7875,45.7125,1,1,1,1,2016,80,80,2018.0,80.0,2017.0,2016,80,79.6761938277632,44841.2311553398
4489,0,1784,5,5,2981056,2983149,3254.170363,3256.17087,2.000506999999743,39.75270962012638,33.7875,45.7125,1,1,1,1,2093,80,80,2093.0,80.0,2092.0,2093,80,79.52557386402623,46047.826875892875
4489,0,1785,5,5,2983149,2985156,3256.17087,3258.17088,2.000010000000202,39.71497379097054,33.7875,45.7125,1,1,1,1,2007,80,80,2009.0,80.0,2007.0,2007,80,79.43034473169246,45091.27454362273
4489,0,1786,5,5,2985156,2987266,3258.17088,3260.170873,1.999992999999904,39.44381769945115,33.7875,45.7125,1,1,1,1,2110,80,80,2110.0,80.0,2110.0,2110,80,78.88735929217364,44956.65734830288
4489,0,1787,5,5,2987266,2989243,3260.170873,3262.170902,2.000028999999813,38.97807675448545,33.7875,45.7125,1,1,1,1,1977,79,79,1977.0,80.0,1977.0,1977,80,77.95728387318377,44321.357340322706
4489,0,1788,5,5,2989243,2990000,3262.170902,3262.9618,0.7908980000001975,39.119467147221364,33.7875,45.7125,1,1,1,1,757,32,32,757.0,31.0,757.0,757,31,30.939508327806834,43569.461548760264
4489,0,1789,5,5,2990000,2992054,3262.9618,3264.962044,2.0002439999998387,39.0170409377848,33.7875,45.7125,1,1,1,1,2054,80,80,2061.0,80.0,2054.0,2054,80,78.04360203354736,44360.58800826657
4489,0,1790,5,5,2992054,2994159,3264.962044,3266.962234,2.0001900000002024,39.299608696698876,33.7875,45.7125,1,1,1,1,2105,80,80,2106.0,80.0,2105.0,2105,80,78.60668431906379,45299.696528825174
4489,0,1791,5,5,2994159,2996048,3266.962234,3268.965381,2.003146999999899,39.87051306170379,33.7875,45.7125,1,1,1,1,1889,75,75,1994.0,80.0,1889.0,1889,75,79.8664986280055,44935.79352888457
4489,0,1792,5,5,2996048,2998144,3268.965381,3270.966473,2.0010919999999714,39.297654046068025,33.7875,45.7125,1,1,1,1,2096,80,80,2097.0,80.0,2096.0,2096,80,78.63822113035712,45757.016668899436
4489,0,1793,5,5,2998144,3000217,3270.966473,3272.969593,2.0031199999998535,39.576935487571525,33.7875,45.7125,1,1,1,1,2073,80,80,2073.0,80.0,2073.0,2073,80,79.27735101386497,45178.02228523834
4489,0,1794,5,5,3000217,3002254,3272.969593,3274.972435,2.002842000000328,39.56695064904394,33.7875,45.7125,1,1,1,1,2037,80,80,2037.0,80.0,2037.0,2037,80,79.24635057184787,44717.955784822436
4489,0,1795,5,5,3002254,3003000,3274.972435,3275.713421,0.7409859999997934,38.899343923424055,33.7875,45.7125,1,1,1,1,746,30,30,747.0,30.0,746.0,746,30,28.82386925643368,45189.78766131794
4489,0,1796,5,5,3003000,3005025,3275.713421,3277.713562,2.000140999999985,39.32364527699597,33.7875,45.7125,1,1,1,1,2025,79,79,2029.0,80.0,2026.0,2025,79,78.65283518798242,44494.36314739844
4489,0,1797,5,5,3005025,3007072,3277.713562,3279.713936,2.0003740000001926,39.20303101016931,33.7875,45.7125,1,1,1,1,2047,80,80,2046.0,79.0,2046.0,2047,80,78.42072395393916,45058.07414013146
4489,0,1798,5,5,3007072,3009077,3279.713936,3281.714838,2.000901999999769,39.23085636685068,33.7875,45.7125,1,1,1,1,2005,80,80,2007.0,80.0,2005.0,2005,80,78.49709896613786,44639.86741979883
4489,0,1799,5,5,3009077,3011153,3281.714838,3283.715372,2.0005340000002434,39.29231097578434,33.7875,45.7125,1,1,1,1,2076,80,80,2079.0,80.0,2077.0,2076,80,78.60560404564603,45243.9198733883
4489,0,1800,5,5,3011153,3013165,3283.715372,3285.719226,2.0038540000000467,39.18811311423885,33.7875,45.7125,1,1,1,1,2012,80,80,2012.0,80.0,2011.0,2012,80,78.52725721642491,44521.706671243475
4489,0,1801,5,5,3013165,3015251,3285.719226,3287.719347,2.0001210000000356,39.45974785869347,33.7875,45.7125,1,1,1,1,2086,80,80,2089.0,80.0,2087.0,2086,80,78.92427034687717,45798.729176883986
4489,0,1802,5,5,3015251,3016000,3287.719347,3288.484429,0.765081999999893,39.14651695892618,33.7875,45.7125,1,1,1,1,749,31,31,748.0,31.0,748.0,749,31,29.950295487971744,44068.47893429033
4489,0,1803,5,5,3016000,3018047,3288.484429,3290.48636,2.001930999999786,39.4257018657531,33.7875,45.7125,1,1,1,1,2047,80,80,2049.0,80.0,2047.0,2047,80,78.92753476179496,43952.06428194049
4489,0,1804,5,5,3018047,3020094,3290.48636,3292.486562,2.000202000000172,39.40642796775636,33.7875,45.7125,1,1,1,1,2047,80,80,2050.0,80.0,2047.0,2047,80,78.82081603397091,45093.945511499456
4489,0,1805,5,5,3020094,3022150,3292.486562,3294.487277,2.0007150000001275,39.368301308209794,33.7875,45.7125,1,1,1,1,2056,80,80,2057.0,80.0,2056.0,2056,80,78.76475095185742,44528.08121096424
4489,0,1806,5,5,3022150,3024228,3294.487277,3296.487824,2.000546999999642,39.82311931430299,33.7875,45.7125,1,1,1,1,2078,80,80,2083.0,80.0,2078.0,2078,80,79.66802187485155,46169.87253986861
4489,0,1807,5,5,3024228,3026259,3296.487824,3298.488231,2.0004069999999956,39.66004153296003,33.7875,45.7125,1,1,1,1,2031,80,80,2034.0,80.0,2031.0,2031,80,79.33622470282717,45749.6899380977
4489,0,1808,5,5,3026259,3028380,3298.488231,3300.488759,2.000528000000031,39.70677129338242,33.7875,45.7125,1,1,1,1,2121,79,79,2122.0,79.0,2121.0,2121,79,79.43450776200916,45953.86817880008
4489,0,1809,5,5,3028380,3029000,3300.488759,3301.075425,0.5866660000001502,39.71822389296717,33.7875,45.7125,1,1,1,1,620,24,24,620.0,24.0,620.0,620,24,23.301331538401428,45211.41501296003
4489,0,1810,5,5,3029000,3031103,3301.075425,3303.075676,2.0002509999999347,39.567789352836584,33.7875,45.7125,1,1,1,1,2103,80,80,2107.0,80.0,2104.0,2103,80,79.14551022079831,45267.31895147307
4489,0,1811,5,5,3031103,3033178,3303.075676,3305.07701,2.0013340000000426,39.558456294895855,33.7875,45.7125,1,1,1,1,2075,80,80,2076.0,80.0,2074.0,2075,80,79.16968357049336,45983.32911947633
4489,0,1812,5,5,3033178,3035299,3305.07701,3307.077083,2.0000730000001568,39.98760652753837,33.7875,45.7125,1,1,1,1,2121,80,80,2123.0,80.0,2121.0,2121,80,79.97813215035421,46042.81943708694
4489,0,1813,5,5,3035299,3037414,3307.077083,3309.077419,2.000336000000061,39.340458527463426,33.7875,45.7125,1,1,1,1,2115,80,80,2116.0,80.0,2115.0,2115,80,78.69413544899726,44757.98065924788
4489,0,1814,5,5,3037414,3039490,3309.077419,3311.079665,2.0022460000000137,39.75285313798579,33.7875,45.7125,1,1,1,1,2076,80,80,2076.0,80.0,2076.0,2076,80,79.59499118411622,46040.79618588294
4489,0,1815,5,5,3039490,3041585,3311.079665,3313.081128,2.001462999999603,40.11287325363551,33.7875,45.7125,1,1,1,1,2095,79,79,2095.0,80.0,2095.0,2095,79,80.28443164083001,45852.458926304505
4489,0,1816,5,5,3041585,3042000,3313.081128,3313.472311,0.3911830000001828,39.98323350277239,33.7875,45.7125,1,1,1,1,415,15,15,415.0,15.0,415.0,415,15,15.64076123131963,46937.111275263545
4489,0,1817,5,5,3042000,3044084,3313.472311,3315.472555,2.0002439999998387,39.98175600278452,33.7875,45.7125,1,1,1,1,2084,80,80,2089.0,80.0,2084.0,2084,80,79.97326755402901,45973.891185279106
4489,0,1818,5,5,3044084,3046222,3315.472555,3317.472616,2.000061000000187,40.237707426329045,33.7875,45.7125,1,1,1,1,2138,80,80,2138.0,80.0,2138.0,2138,80,80.47786935282056,46323.58713058818
4489,0,1819,5,5,3046222,3048338,3317.472616,3319.472909,2.000293000000056,39.84112268091323,33.7875,45.7125,1,1,1,1,2116,80,80,2116.0,80.0,2116.0,2116,80,79.693918810779,46001.26081528927
4489,0,1820,5,5,3048338,3050395,3319.472909,3321.47304,2.000130999999783,39.771816166687245,33.7875,45.7125,1,1,1,1,2057,80,80,2057.0,80.0,2057.0,2057,80,79.54884244129062,45795.50039472912
4489,0,1821,5,5,3050395,3052510,3321.47304,3323.473567,2.0005270000001474,40.08175736664232,33.7875,45.7125,1,1,1,1,2115,80,80,2116.0,80.0,2115.0,2115,80,80.18463781941682,46154.33833184616
4489,0,1822,5,5,3052510,3054601,3323.473567,3325.474134,2.0005670000000464,40.16684770508294,33.7875,45.7125,1,1,1,1,2091,80,80,2092.0,80.0,2091.0,2091,80,80.35647001281905,45655.556649688755
4489,0,1823,5,5,3054601,3055000,3325.474134,3325.876608,0.4024739999999838,40.0272956357008,33.7875,45.7125,1,1,1,1,399,16,16,399.0,16.0,399.0,399,16,16.109945783682633,47130.994797181345
4489,0,1824,5,5,3055000,3057073,3325.876608,3327.876835,2.0002269999999953,40.12529976685834,33.7875,45.7125,1,1,1,1,2073,80,79,2075.0,80.0,2073.0,2073,79,80.25970797675836,46130.2642150117
4489,0,1825,5,5,3057073,3059273,3327.876835,3329.877141,2.0003059999999095,40.49596951908283,33.7875,45.7125,1,1,1,1,2200,80,80,2201.0,80.0,2200.0,2200,80,81.00433080483344,47557.2237447692
4489,0,1826,5,5,3059273,3061301,3329.877141,3331.877378,2.0002370000001974,39.86270545784364,33.7875,45.7125,1,1,1,1,2028,80,80,2030.0,80.0,2028.0,2028,80,79.73485837689077,46096.037619537536
4489,0,1827,5,5,3061301,3063432,3331.877378,3333.877394,2.0000159999999596,40.237722769678484,33.7875,45.7125,1,1,1,1,2131,79,79,2131.0,80.0,2131.0,2131,79,80.4760893429193,46576.62738698185
4489,0,1828,5,5,3063432,3065603,3333.877394,3335.877815,2.000420999999733,40.264462447727944,33.7875,45.7125,1,1,1,1,2171,80,80,2172.0,79.0,2171.0,2171,80,80.54587623412954,47489.50345952811
4489,0,1829,5,5,3065603,3067689,3335.877815,3337.878359,2.0005439999999908,40.301323150866935,33.7875,45.7125,1,1,1,1,2086,79,79,2088.0,80.0,2086.0,2086,79,80.62457022152375,46693.799286594265
4489,0,1830,5,5,3067689,3068000,3337.878359,3338.159827,0.2814680000001317,40.571840714181015,33.7875,45.7125,1,1,1,1,311,12,12,311.0,12.0,311.0,311,12,11.419674862147076,48087.17154345669
4489,0,1831,5,5,3068000,3070059,3338.159827,3340.163443,2.0036159999999654,40.295939867468256,33.7875,45.7125,1,1,1,1,2059,80,80,2062.0,80.0,2059.0,2059,80,80.73758985349559,46168.02820500615
4489,0,1832,5,5,3070059,3072110,3340.163443,3342.16695,2.0035069999998996,40.268945004551,33.7875,45.7125,1,1,1,1,2051,80,80,2051.0,80.0,2051.0,2051,80,80.67911319923587,46401.13560871245
4489,0,1833,5,5,3072110,3074194,3342.16695,3344.168793,2.001843000000008,40.298927332929566,33.7875,45.7125,1,1,1,1,2084,80,80,2085.0,80.0,2084.0,2084,80,80.67212558892788,46868.810391224295
4489,0,1834,5,5,3074194,3076204,3344.168793,3346.169542,2.000749000000269,40.18279344293329,33.7875,45.7125,1,1,1,1,2010,80,80,2013.0,80.0,2010.0,2010,80,80.39568379816774,45678.39344164996
4489,0,1835,5,5,3076204,3078251,3346.169542,3348.169607,2.000064999999722,39.92342477352897,33.7875,45.7125,1,1,1,1,2047,80,80,2047.0,80.0,2047.0,2047,80,79.84944456965604,45926.007404765725
4489,0,1836,5,5,3078251,3080385,3348.169607,3350.169873,2.0002660000000105,40.1172802803304,33.7875,45.7125,1,1,1,1,2134,79,79,2136.0,79.0,2134.0,2134,79,80.24523175721697,46030.377959731115
4489,0,1837,5,5,3080385,3081000,3350.169873,3350.781116,0.611243000000286,40.15207943577029,33.7875,45.7125,1,1,1,1,615,25,25,617.0,25.0,615.0,615,25,24.54267749056453,45991.528737321896
4489,0,1838,5,5,3081000,3083055,3350.781116,3352.781932,2.000815999999759,39.957204838986286,33.7875,45.7125,1,1,1,1,2055,80,80,2059.0,80.0,2055.0,2055,80,79.9470147571119,45269.03023566931
4489,0,1839,5,5,3083055,3085115,3352.781932,3354.783055,2.001123000000007,40.69206571150068,33.7875,45.7125,1,1,1,1,2060,80,80,2063.0,80.0,2060.0,2060,80,81.4298286127887,47170.014037117995
4489,0,1840,5,5,3085115,3087229,3354.783055,3356.784752,2.0016970000001493,39.96963483137382,33.7875,45.7125,1,1,1,1,2114,80,80,2118.0,80.0,2114.0,2114,80,80.00709813306457,45789.64748410632
4489,0,1841,5,5,3087229,3089307,3356.784752,3358.785915,2.001162999999906,39.709801256406415,33.7875,45.7125,1,1,1,1,2078,80,80,2080.0,80.0,2078.0,2078,80,79.46578501166368,45434.0800824342
4489,0,1842,5,5,3089307,3091356,3358.785915,3360.786893,2.000978000000032,40.05360325044607,33.7875,45.7125,1,1,1,1,2049,80,80,2049.0,80.0,2049.0,2049,80,80.14637892486644,45534.73351531029
4489,0,1843,5,5,3091356,3093444,3360.786893,3362.787178,2.0002850000000763,39.29743877887791,33.7875,45.7125,1,1,1,1,2088,80,80,2089.0,80.0,2088.0,2088,80,78.606077327815,45664.49280977287
4489,0,1844,5,5,3093444,3094000,3362.787178,3363.331998,0.5448200000000725,39.43052514211431,33.7875,45.7125,1,1,1,1,556,21,21,556.0,21.0,556.0,556,21,21.48253870793269,44574.35483278288
4489,0,1845,5,5,3094000,3096062,3363.331998,3365.332655,2.0006570000000465,39.177200531523,33.7875,45.7125,1,1,1,1,2062,79,79,2084.0,80.0,2062.0,2062,79,78.38014048380137,45365.0975654487
4489,0,1846,5,5,3096062,3098059,3365.332655,3367.333533,2.0008779999998296,39.57935357084004,33.7875,45.7125,1,1,1,1,1997,80,80,2002.0,80.0,1997.0,1997,80,79.19345781410811,44597.92151245983
4489,0,1847,5,5,3098059,3100070,3367.333533,3369.333719,2.0001860000002125,39.5170783791443,33.7875,45.7125,1,1,1,1,2011,80,80,2013.0,80.0,2011.0,2011,80,79.04150693488191,44960.31869035702
4489,0,1848,5,5,3100070,3102089,3369.333719,3371.333684,1.9999649999999747,39.18464611658418,33.7875,45.7125,1,1,1,1,2019,80,80,2020.0,80.0,2019.0,2019,80,78.36792077055725,44876.28533499393
4489,0,1849,5,5,3102089,3104104,3371.333684,3373.334933,2.001248999999916,39.68889027588516,33.7875,45.7125,1,1,1,1,2015,80,80,2018.0,80.0,2016.0,2015,80,79.4273519757262,44994.40099657953
4489,0,1850,5,5,3104104,3106059,3373.334933,3375.335118,2.000184999999874,39.45078136514154,33.7875,45.7125,1,1,1,1,1955,80,80,1958.0,80.0,1954.0,1955,80,78.90886112482985,45193.319617938185
4489,0,1851,5,5,3106059,3107000,3375.335118,3376.233788,0.8986700000000383,39.830044715250295,33.7875,45.7125,1,1,1,1,941,36,36,941.0,36.0,941.0,941,36,35.794066284259316,46119.26513625495
4489,0,1852,5,5,3107000,3109048,3376.233788,3378.234299,2.0005110000001878,39.713044925280876,33.7875,45.7125,1,1,1,1,2048,80,80,2053.0,80.0,2048.0,2048,80,79.44638321652019,44560.114890641256
4489,0,1853,5,5,3109048,3111176,3378.234299,3380.235306,2.001006999999845,39.91576007204344,33.7875,45.7125,1,1,1,1,2128,80,80,2128.0,80.0,2128.0,2128,80,79.87171531446802,45744.467660536466
4489,0,1854,5,5,3111176,3113150,3380.235306,3382.235325,2.0000190000000657,39.62497705552693,33.7875,45.7125,1,1,1,1,1974,80,80,1977.0,80.0,1974.0,1974,80,79.25070698562195,45850.56441963651
4489,0,1855,5,5,3113150,3115185,3382.235325,3384.235865,2.000540000000001,39.444856456434145,33.7875,45.7125,1,1,1,1,2035,80,80,2035.0,80.0,2035.0,2035,80,78.91101313535182,45746.14853989421
4489,0,1856,5,5,3115185,3117231,3384.235865,3386.236789,2.000923999999941,39.6998882669183,33.7875,45.7125,1,1,1,1,2046,79,79,2048.0,79.0,2046.0,2046,79,79.43645923059375,45410.02057049777
4489,0,1857,5,5,3117231,3119327,3386.236789,3388.237203,2.0004140000000916,39.80543961889652,33.7875,45.7125,1,1,1,1,2096,80,80,2096.0,80.0,2096.0,2096,80,79.62735868980235,44945.69624087608
4489,0,1858,5,5,3119327,3120000,3388.237203,3388.860742,0.6235389999997096,39.897818767678054,33.7875,45.7125,1,1,1,1,673,24,24,674.0,25.0,673.0,673,24,24.877846016563126,46778.14860018954
4489,0,1859,5,5,3120000,3122106,3388.860742,3390.862025,2.0012830000000577,39.8670146316194,33.7875,45.7125,1,1,1,1,2106,80,80,2109.0,80.0,2106.0,2106,80,79.78517864301102,45360.4013025631
4489,0,1860,5,5,3122106,3124179,3390.862025,3392.862216,2.000191000000086,39.264633641521186,33.7875,45.7125,1,1,1,1,2073,80,80,2079.0,80.0,2073.0,2073,80,78.5367668280669,44591.74148868591
4489,0,1861,5,5,3124179,3126164,3392.862216,3394.864594,2.002378000000135,39.64013333639419,33.7875,45.7125,1,1,1,1,1985,80,80,1985.0,80.0,1985.0,1985,80,79.37453090987401,44500.08939370787
4489,0,1862,5,5,3126164,3128056,3394.864594,3396.866289,2.001694999999927,39.604244983757305,33.7875,45.7125,1,1,1,1,1892,80,80,1893.0,80.0,1892.0,1892,80,79.2756191627559,44581.716994848495
4489,0,1863,5,5,3128056,3130138,3396.866289,3398.867227,2.000938000000133,39.25155689362903,33.7875,45.7125,1,1,1,1,2082,80,80,2082.0,80.0,2082.0,2082,80,78.53993174762581,44874.9536467367
4489,0,1864,5,5,3130138,3132122,3398.867227,3400.867481,2.000254000000041,39.599142374271416,33.7875,45.7125,1,1,1,1,1984,80,80,1984.0,80.0,1984.0,1984,80,79.20834293070948,44850.8039478977
4489,0,1865,5,5,3132122,3133000,3400.867481,3401.715195,0.8477139999999963,39.33986886580514,33.7875,45.7125,1,1,1,1,878,34,34,878.0,34.0,878.0,878,34,33.34895759570645,45265.266351623504
4489,0,1866,5,5,3133000,3135077,3401.715195,3403.715623,2.000427999999829,39.46361829991037,33.7875,45.7125,1,1,1,1,2077,80,80,2080.0,80.0,2077.0,2077,80,78.9441270284442,44900.39131626216
4489,0,1867,5,5,3135077,3137203,3403.715623,3405.715822,2.000199000000066,39.27401064591131,33.7875,45.7125,1,1,1,1,2126,80,80,2127.0,80.0,2126.0,2126,80,78.55583681994176,44244.09771227617
4489,0,1868,5,5,3137203,3139269,3405.715822,3407.717023,2.0012010000000373,39.402576568701825,33.7875,45.7125,1,1,1,1,2066,80,80,2067.0,80.0,2066.0,2066,80,78.85247563186567,44672.17435929641
4489,0,1869,5,5,3139269,3141322,3407.717023,3409.717027,2.00000399999999,39.269433149994995,33.7875,45.7125,1,1,1,1,2053,80,80,2058.0,80.0,2053.0,2053,80,78.53902337772888,45101.40979718063
4489,0,1870,5,5,3141322,3143476,3409.717027,3411.717058,2.0000310000000354,39.49022133957,33.7875,45.7125,1,1,1,1,2154,80,80,2154.0,80.0,2154.0,2154,80,78.98166687600315,45796.290157501746
4489,0,1871,5,5,3143476,3145499,3411.717058,3413.717205,2.0001469999997425,39.57150382817173,33.7875,45.7125,1,1,1,1,2023,79,79,2023.0,79.0,2023.0,2023,79,79.148824667398,45306.66995976379
4489,0,1872,5,5,3145499,3146000,3413.717205,3414.222522,0.5053170000001046,39.51669268431829,33.7875,45.7125,1,1,1,1,501,21,21,505.0,21.0,501.0,501,21,19.96845659716928,44953.95959367149
4489,0,1873,5,5,3146000,3148106,3414.222522,3416.223893,2.0013709999998355,40.07310929740715,33.7875,45.7125,1,1,1,1,2106,80,80,2109.0,80.0,2106.0,2106,80,80.20115882765094,45813.09512329675
4489,0,1874,5,5,3148106,3148909,3416.223893,3418.248373,2.0244800000000396,15.099542273613709,33.7875,45.7125,1,0,0,1,803,80,80,803.0,81.0,803.0,803,81,30.568721342089702,17598.0992649961
4489,0,1875,5,5,3148909,3148989,3418.248373,3420.250648,2.0022750000002816,0.9659838090782086,33.7875,45.7125,1,0,0,0,80,80,80,80.0,80.0,80.0,80,80,1.9341652313160012,730.6688641669073
4489,0,1876,5,5,3148989,3149069,3420.250648,3422.252926,2.002277999999933,0.9671275363490244,33.7875,45.7125,1,0,0,0,80,80,80,80.0,80.0,80.0,80,80,1.9364581892295973,670.7360316599618
4489,0,1877,5,5,3149069,3149149,3422.252926,3424.255202,2.0022759999997106,0.9632252815355281,33.7875,45.7125,1,0,0,0,80,80,80,80.0,80.0,80.0,80,80,1.9286428638151847,715.1861181975946
4489,0,1878,5,5,3149149,3149229,3424.255202,3426.25748,2.0022780000003877,0.9638489948964034,33.7875,45.7125,1,0,0,0,80,80,80,80.0,80.0,80.0,80,80,1.929893637803616,725.1740267833532
4489,0,1879,5,5,3149229,3149309,3426.25748,3428.259755,2.002274999999827,0.9643705561052929,33.7875,45.7125,1,0,0,0,80,80,80,80.0,80.0,80.0,80,80,1.9309350552211981,720.1807943464933
4489,0,1880,5,5,3149309,3149389,3428.259755,3430.262033,2.002277999999933,0.9590612835691982,33.7875,45.7125,1,0,0,0,80,80,80,80.0,80.0,80.0,80,80,1.9203073087410303,708.1933677541517
4489,0,1881,5,5,3149389,3149482,3430.262033,3432.264309,2.0022760000001654,1.0902038392260516,33.7875,45.7125,1,0,0,0,93,80,80,93.0,80.0,93.0,93,80,2.182888982395525,1017.3422645029116
4489,0,1882,5,5,3149482,3149646,3432.264309,3434.266585,2.0022759999997106,1.8898044699303658,33.7875,45.7125,1,0,0,0,164,80,80,164.0,80.0,164.0,164,80,3.783910134836333,2610.5292177505776
4489,0,1883,5,5,3149646,3149811,3434.266585,3436.268862,2.002277000000049,1.9652101128712187,33.7875,45.7125,1,0,0,0,165,80,80,165.0,80.0,165.0,165,80,3.934895009166212,2668.4619560629567
4489,0,1884,5,5,3149811,3149985,3436.268862,3438.271138,2.0022760000001654,2.6551625223714175,33.7875,45.7125,1,0,0,1,174,80,80,174.0,80.0,174.0,174,80,5.316368194646202,3488.0306211528396
4489,0,1885,5,5,3149985,3150236,3438.271138,3440.273415,2.002277000000049,3.5354761318107437,33.7875,45.7125,1,0,0,1,251,80,80,251.0,80.0,251.0,251,80,7.079002542770468,4594.269424260367
4489,0,1886,5,5,3150236,3150633,3440.273415,3442.275693,2.002277999999933,6.6559173597471375,33.7875,45.7125,1,0,0,1,397,80,80,397.0,80.0,397.0,397,80,13.32699689923902,8105.76753078271
4489,0,1887,5,5,3150633,3151108,3442.275693,3444.277969,2.0022760000001654,8.43815113851031,33.7875,45.7125,1,0,0,1,475,80,80,475.0,80.0,475.0,475,80,16.895507509019808,10188.90502607948
4489,0,1888,5,5,3151108,3151774,3444.277969,3446.280247,2.002277999999933,11.207729823573352,33.7875,45.7125,1,0,0,1,666,80,80,666.0,80.0,666.0,666,80,22.440990855684504,13375.265572513355
4489,0,1889,5,5,3151774,3152562,3446.280247,3448.282522,2.002274999999827,13.97499558199734,33.7875,45.7125,1,0,0,1,788,80,80,788.0,80.0,788.0,788,80,27.981784278934356,16616.598619072243
4489,0,1890,5,5,3152562,3153396,3448.282522,3450.283516,2.0009939999999915,14.942809329046428,33.7875,45.7125,1,0,0,1,834,80,80,834.0,79.0,834.0,834,79,29.900471810571617,17737.684370867755
4489,0,1891,5,5,3153396,3154316,3450.283516,3452.287076,2.003560000000107,16.812084848456198,33.7875,45.7125,1,0,0,1,920,80,80,920.0,81.0,920.0,920,81,33.68402071898163,19968.456148055397
4489,0,1892,5,5,3154316,3155353,3452.287076,3454.287937,2.0008609999999862,19.444561458638756,33.7875,45.7125,1,0,0,1,1037,80,80,1037.0,79.0,1037.0,1037,79,38.90586468469701,22799.68473572143
4489,0,1893,5,5,3155353,3156492,3454.287937,3456.291628,2.0036909999998898,20.723284185445145,33.7875,45.7125,1,0,0,1,1139,80,80,1139.0,81.0,1139.0,1139,81,41.523058012811816,24504.776435090393
4489,0,1894,5,5,3156492,3157822,3456.291628,3458.292952,2.0013239999998405,23.749539596807132,33.7875,45.7125,1,0,0,1,1330,80,80,1331.0,79.0,1330.0,1330,79,47.53052358403511,28333.743062095153
4489,0,1895,5,5,3157822,3159000,3458.292952,3460.018138,1.7251860000001216,25.472280616873547,33.7875,45.7125,1,0,0,1,1178,69,69,1178.0,69.0,1178.0,1178,69,43.94442190830887,30322.527541955656
4489,0,1896,5,5,3159000,3160376,3460.018138,3462.019307,2.001169000000118,26.723733410715568,33.7875,45.7125,1,0,0,1,1376,80,80,1376.0,80.0,1376.0,1376,80,53.47870686578972,31077.835005437486
4489,0,1897,5,5,3160376,3161915,3462.019307,3464.019304,1.9999969999998939,29.728240616276214,33.7875,45.7125,1,0,0,1,1539,79,79,1541.0,80.0,1539.0,1539,79,59.45639204782492,34487.05173057943
4489,0,1898,5,5,3161915,3163544,3464.019304,3466.019283,1.9999790000001667,31.037523006680466,33.7875,45.7125,1,0,0,1,1629,80,80,1629.0,80.0,1629.0,1629,80,62.07439422537573,36480.883049268974
4489,0,1899,5,5,3163544,3165221,3466.019283,3468.021043,2.001760000000104,32.04428392271695,33.7875,45.7125,1,0,0,1,1677,80,80,1677.0,80.0,1677.0,1677,80,64.14496578514809,36926.005115496446
4489,0,1900,5,5,3165221,3167080,3468.021043,3470.021099,2.0000559999998586,34.70180541436696,33.7875,45.7125,1,1,0,1,1859,80,80,1860.0,80.0,1860.0,1859,80,69.4055541298294,39925.88207530471
4489,0,1901,5,5,3167080,3168970,3470.021099,3472.021089,1.9999899999997979,36.01388130990199,33.7875,45.7125,1,1,1,1,1890,80,80,1889.0,80.0,1889.0,1890,80,72.02740248097689,41341.70670853772
4489,0,1902,5,5,3168970,3170955,3472.021089,3474.023139,2.002050000000054,37.80509524730902,33.7875,45.7125,1,1,1,1,1985,80,80,1985.0,80.0,1985.0,1985,80,75.68769093987066,42839.08993281771
4489,0,1903,5,5,3170955,3172000,3474.023139,3475.092271,1.0691320000000815,38.60286393730216,33.7875,45.7125,1,1,1,1,1045,43,43,1046.0,43.0,1045.0,1045,43,41.2715571270237,43971.1841007438
4489,0,1904,5,5,3172000,3174090,3475.092271,3477.093616,2.0013450000001285,38.727288890559976,33.7875,45.7125,1,1,1,1,2090,80,80,2091.0,80.0,2090.0,2090,80,77.50666598467797,45499.401652385844
4489,0,1905,5,5,3174090,3176126,3477.093616,3479.095089,2.0014729999998053,38.95805891857763,33.7875,45.7125,1,1,1,1,2036,80,80,2036.0,80.0,2036.0,2036,80,77.97350305793225,45098.285113018654
4489,0,1906,5,5,3176126,3178219,3479.095089,3481.095794,2.0007049999999253,39.28777117606254,33.7875,45.7125,1,1,1,1,2093,80,80,2094.0,80.0,2093.0,2093,80,78.60324023080466,45229.05675749467
4489,0,1907,5,5,3178219,3180346,3481.095794,3483.096351,2.000557000000299,39.77656546518036,33.7875,45.7125,1,1,1,1,2127,79,79,2129.0,79.0,2127.0,2127,79,79.57528647733852,46238.62254361469
4489,0,1908,5,5,3180346,3182398,3483.096351,3485.09862,2.0022690000000694,39.54506905085784,33.7875,45.7125,1,1,1,1,2052,80,80,2053.0,80.0,2052.0,2052,80,79.17986586339248,44227.82353419892
4489,0,1909,5,5,3182398,3184476,3485.09862,3487.09862,2.0,40.21694279462332,33.7875,45.7125,1,1,1,1,2078,80,80,2079.0,80.0,2078.0,2078,80,80.43388558924198,45480.0
4489,0,1910,5,5,3184476,3185000,3487.09862,3487.624387,0.5257669999996324,39.47866387922192,33.7875,45.7125,1,1,1,1,524,21,21,524.0,21.0,524.0,524,21,20.75657867177506,44487.38699845436
4489,0,1911,5,5,3185000,3186974,3487.624387,3489.625526,2.0011389999999665,39.80691705154944,33.7875,45.7125,1,1,1,1,1974,80,80,1977.0,80.0,1974.0,1974,80,79.6591741816228,44991.37741056544
4489,0,1912,5,5,3186974,3189025,3489.625526,3491.625738,2.0002120000003742,40.023807380963675,33.7875,45.7125,1,1,1,1,2051,80,80,2051.0,80.0,2051.0,2051,80,80.05609980910958,45965.12769645557
4489,0,1913,5,5,3189025,3191096,3491.625738,3493.626526,2.0007879999998295,40.011402806037005,33.7875,45.7125,1,1,1,1,2071,80,80,2071.0,80.0,2071.0,2071,80,80.05433459747292,45748.974903891765
4489,0,1914,5,5,3191096,3193089,3493.626526,3495.626844,2.0003179999998792,40.13619335838753,33.7875,45.7125,1,1,1,1,1993,80,80,1993.0,80.0,1993.0,1993,80,80.28515002626227,46599.09074457442
4489,0,1915,5,5,3193089,3195274,3495.626844,3497.627075,2.000230999999985,39.932890346195,33.7875,45.7125,1,1,1,1,2185,80,80,2185.0,80.0,2185.0,2185,80,79.87500519005698,45601.73299983885
4489,0,1916,5,5,3195274,3197307,3497.627075,3499.62776,2.000684999999976,39.79871965827369,33.7875,45.7125,1,1,1,1,2033,80,80,2033.0,80.0,2033.0,2033,80,79.62470143951941,45272.9939995557
4489,0,1917,5,5,3197307,3198000,3499.62776,3500.265872,0.6381120000000919,40.05650810246015,33.7875,45.7125,1,1,1,1,693,25,25,696.0,25.0,693.0,693,25,25.56053849827731,45593.87693695747
4489,0,1918,5,5,3198000,3200066,3500.265872,3502.266089,2.000217000000248,40.21010000830169,33.7875,45.7125,1,1,1,1,2066,79,79,2068.0,80.0,2066.0,2066,79,80.42892560831388,46136.99413613051
4489,0,1919,5,5,3200066,3202182,3502.266089,3504.266288,2.0001989999996113,39.6965485763044,33.7875,45.7125,1,1,1,1,2116,80,80,2117.0,80.0,2116.0,2116,80,79.4009967657621,45703.95245673944
4489,0,1920,5,5,3202182,3204266,3504.266288,3506.266481,2.0001930000003085,39.65353276132012,33.7875,45.7125,1,1,1,1,2084,80,80,2085.0,80.0,2084.0,2084,80,79.31471865448111,46362.02606447763
4489,0,1921,5,5,3204266,3206221,3506.266481,3508.266606,2.0001250000000255,40.02121597498053,33.7875,45.7125,1,1,1,1,1955,80,80,1956.0,80.0,1956.0,1955,80,80.04743460196187,46010.62433597841
4489,0,1922,5,5,3206221,3208264,3508.266606,3510.267992,2.0013859999999113,38.931265337405485,33.7875,45.7125,1,1,1,1,2043,80,80,2049.0,80.0,2042.0,2043,80,77.91648940856976,44994.31893697867
4489,0,1923,5,5,3208264,3210368,3510.267992,3512.268149,2.0001569999999447,39.972442486439824,33.7875,45.7125,1,1,1,1,2104,80,80,2105.0,80.0,2104.0,2104,80,79.95116064634931,46155.876763675325
4489,0,1924,5,5,3210368,3211000,3512.268149,3512.873147,0.6049979999997959,40.87544159982945,33.7875,45.7125,1,1,1,1,632,24,24,632.0,24.0,632.0,632,24,24.729560417006724,47912.55508284289
4489,0,1925,5,5,3211000,3213167,3512.873147,3514.875836,2.002689000000373,40.53713817777289,33.7875,45.7125,1,1,1,1,2167,80,80,2170.0,80.0,2167.0,2167,80,81.1832807201281,47520.10921315405
4489,0,1926,5,5,3213167,3215184,3514.875836,3516.877624,2.001788000000033,40.169011698789134,33.7875,45.7125,1,1,1,1,2017,80,80,2017.0,80.0,2017.0,2017,80,80.40984559050412,45878.984188135044
4489,0,1927,5,5,3215184,3217280,3516.877624,3518.878989,2.0013649999996233,40.36489184050742,33.7875,45.7125,1,1,1,1,2096,80,80,2097.0,80.0,2096.0,2096,80,80.7848817583581,46585.205597188695
4489,0,1928,5,5,3217280,3219366,3518.878989,3520.879294,2.0003050000000258,41.092022561848985,33.7875,45.7125,1,1,1,1,2086,80,80,2087.0,80.0,2086.0,2086,80,82.19657819057466,45661.03669190389
4489,0,1929,5,5,3219366,3221509,3520.879294,3522.879287,1.9999930000003587,40.48513633832631,33.7875,45.7125,1,1,1,1,2143,80,80,2143.0,80.0,2143.0,2143,80,80.96998928071116,46908.164178566214
4489,0,1930,5,5,3221509,3223703,3522.879287,3524.879435,2.0001479999996263,40.48451441852574,33.7875,45.7125,1,1,1,1,2194,80,80,2194.0,80.0,2194.0,2194,80,80.97502054517099,47209.506496528076
4489,0,1931,5,5,3223703,3224000,3524.879435,3525.161257,0.28182200000037483,40.49560697765492,33.7875,45.7125,1,1,1,1,297,11,11,298.0,11.0,297.0,297,11,11.41255294966686,46579.04634834236
4489,0,1932,5,5,3224000,3226051,3525.161257,3527.165184,2.0039269999997487,40.392358966153026,33.7875,45.7125,1,1,1,1,2051,80,80,2055.0,80.0,2051.0,2051,80,80.9433387259487,45335.483777608366
4489,0,1933,5,5,3226051,3228136,3527.165184,3529.165472,2.0002880000001824,40.62088444863238,33.7875,45.7125,1,1,1,1,2085,80,80,2085.0,80.0,2085.0,2085,80,81.25346771199838,46161.352765197604
4489,0,1934,5,5,3228136,3230243,3529.165472,3531.166782,2.0013099999996484,40.25181621543438,33.7875,45.7125,1,1,1,1,2107,80,80,2110.0,80.0,2107.0,2107,80,80.55636231008975,47151.61569173021
4489,0,1935,5,5,3230243,3232289,3531.166782,3533.167625,2.000843000000259,40.0764468563674,33.7875,45.7125,1,1,1,1,2046,80,80,2047.0,80.0,2047.0,2046,80,80.18667815744993,45706.2348220166
4489,0,1936,5,5,3232289,3234476,3533.167625,3535.169154,2.0015290000001187,40.48336805556406,33.7875,45.7125,1,1,1,1,2187,80,80,2190.0,80.0,2186.0,2187,80,81.02863518088998,46653.33352651621
4489,0,1937,5,5,3234476,3236547,3535.169154,3537.169499,2.0003449999999248,39.79253322758417,33.7875,45.7125,1,1,1,1,2071,80,80,2072.0,80.0,2071.0,2071,80,79.59879487912985,46143.04032554558
4489,0,1938,5,5,3236547,3237000,3537.169499,3537.589067,0.4195679999997992,39.2824759041904,33.7875,45.7125,1,1,1,1,453,17,17,453.0,17.0,453.0,453,17,16.481669850167236,46452.54166192209
4489,0,1939,5,5,3237000,3239074,3537.589067,3539.589928,2.0008609999999862,39.668323608766514,33.7875,45.7125,1,1,1,1,2074,80,80,2076.0,80.0,2074.0,2074,80,79.37080164415238,46042.678626851455
4489,0,1940,5,5,3239074,3241177,3539.589928,3541.590734,2.0008060000000114,40.1120250296969,33.7875,45.7125,1,1,1,1,2103,80,80,2103.0,80.0,2103.0,2103,80,80.2563803515659,45496.66484406758
4489,0,1941,5,5,3241177,3243170,3541.590734,3543.59089,2.000156000000061,39.83451335622209,33.7875,45.7125,1,1,1,1,1993,79,79,1994.0,80.0,1993.0,1993,80,79.67524089652579,44991.9906247299
4489,0,1942,5,5,3243170,3245236,3543.59089,3545.591342,2.000452000000223,39.95074143710932,33.7875,45.7125,1,1,1,1,2066,80,80,2066.0,79.0,2066.0,2066,79,79.91954060936405,46196.55957753032
4489,0,1943,5,5,3245236,3247310,3545.591342,3547.592346,2.001003999999739,39.818025644973225,33.7875,45.7125,1,1,1,1,2074,80,80,2075.0,80.0,2074.0,2074,80,79.67602858768078,45196.311451657166
4489,0,1944,5,5,3247310,3249462,3547.592346,3549.594016,2.0016700000001038,40.290993424052445,33.7875,45.7125,1,1,1,1,2152,80,80,2154.0,80.0,2152.0,2152,80,80.64927280713164,45723.820609788454
4489,0,1945,5,5,3249462,3250000,3549.594016,3550.080984,0.48696800000016083,39.732157926783444,33.7875,45.7125,1,1,1,1,538,20,20,539.0,20.0,538.0,538,20,19.34828948129143,45978.38050958709
4489,0,1946,5,5,3250000,3252111,3550.080984,3552.081713,2.0007289999998648,39.593275900775325,33.7875,45.7125,1,1,1,1,2111,80,80,2115.0,80.0,2112.0,2111,80,79.2154152996809,45438.43768946526
4489,0,1947,5,5,3252111,3254209,3552.081713,3554.082453,2.0007399999999507,39.611026990765666,33.7875,45.7125,1,1,1,1,2098,80,80,2098.0,80.0,2097.0,2098,80,79.2513661414996,45357.21782940424
4489,0,1948,5,5,3254209,3256369,3554.082453,3556.083524,2.001071000000138,39.8168030144036,33.7875,45.7125,1,1,1,1,2160,80,80,2160.0,80.0,2160.0,2160,80,79.67624982484267,45402.187128789396
4489,0,1949,5,5,3256369,3258463,3556.083524,3558.084326,2.0008020000000215,39.519032251103255,33.7875,45.7125,1,1,1,1,2094,80,80,2096.0,80.0,2094.0,2094,80,79.06975876606884,44914.98908937468
4489,0,1950,5,5,3258463,3260454,3558.084326,3560.084644,2.0003179999998792,39.4801551239216,33.7875,45.7125,1,1,1,1,1991,79,79,1992.0,80.0,1992.0,1991,80,78.9728649371682,44272.46067875475
4489,0,1951,5,5,3260454,3262705,3560.084644,3562.084629,1.9999849999999242,39.676497032674746,33.7875,45.7125,1,1,1,1,2251,80,80,2252.0,79.0,2250.0,2251,79,79.35239891789388,46215.34661510136
4489,0,1952,5,5,3262705,3263000,3562.084629,3562.382123,0.2974939999999151,39.09707174024678,33.7875,45.7125,1,1,1,1,295,12,12,295.0,12.0,295.0,295,12,11.631144260289147,43765.588549697524
4489,0,1953,5,5,3263000,3265135,3562.382123,3564.382258,2.0001350000002276,39.51917512864506,33.7875,45.7125,1,1,1,1,2135,80,80,2138.0,80.0,2135.0,2135,80,79.0436853459396,46464.86362170025
4489,0,1954,5,5,3265135,3267249,3564.382258,3566.382304,2.0000460000001112,39.30331008002937,33.7875,45.7125,1,1,1,1,2114,80,80,2115.0,80.0,2114.0,2114,80,78.60842811233306,45576.95173010767
4489,0,1955,5,5,3267249,3269268,3566.382304,3568.382514,2.000209999999697,39.59641475272035,33.7875,45.7125,1,1,1,1,2019,79,79,2023.0,80.0,2019.0,2019,79,79.20114475252922,45175.75654556956
4489,0,1956,5,5,3269268,3271277,3568.382514,3570.383017,2.000503000000208,39.53235859216842,33.7875,45.7125,1,1,1,1,2009,79,79,2011.0,80.0,2009.0,2009,79,79.08460196071246,44653.769576946754
4489,0,1957,5,5,3271277,3273279,3570.383017,3572.383778,2.000760999999784,39.2232957859837,33.7875,45.7125,1,1,1,1,2002,80,80,2002.0,80.0,2002.0,2002,80,78.47644050004601,44061.73451002369
4489,0,1958,5,5,3273279,3275227,3572.383778,3574.383904,2.0001259999999093,39.40989769713041,33.7875,45.7125,1,1,1,1,1948,80,80,1949.0,80.0,1948.0,1948,80,78.82476104136731,45088.15944595695
4489,0,1959,5,5,3275227,3276000,3574.383904,3575.12414,0.7402360000000954,39.38450534272948,33.7875,45.7125,1,1,1,1,773,29,29,773.0,29.0,773.0,773,29,29.153828696886194,45281.50481737673
4489,0,1960,5,5,3276000,3277939,3575.12414,3577.125783,2.0016430000000582,38.98574030181618,33.7875,45.7125,1,1,1,1,1939,80,80,1944.0,80.0,1939.0,1939,80,78.03553417495277,44253.64563011357
4489,0,1961,5,5,3277939,3279993,3577.125783,3579.126017,2.0002340000000913,39.134289180526295,33.7875,45.7125,1,1,1,1,2054,80,80,2055.0,80.0,2054.0,2054,80,78.27773578472261,44383.30715306107
4489,0,1962,5,5,3279993,3282066,3579.126017,3581.127029,2.0010120000001734,39.359101751424,33.7875,45.7125,1,1,1,1,2073,80,80,2073.0,80.0,2073.0,2073,80,78.75803491382976,44737.86264149952
4489,0,1963,5,5,3282066,3284150,3581.127029,3583.128183,2.0011539999995875,39.83510216314871,33.7875,45.7125,1,1,1,1,2084,80,80,2085.0,80.0,2084.0,2084,80,79.7161740341835,46443.70198396483
4489,0,1964,5,5,3284150,3286175,3583.128183,3585.128845,2.000662000000375,39.571210432934194,33.7875,45.7125,1,1,1,1,2025,80,80,2025.0,80.0,2025.0,2025,80,79.16861700719164,45393.47475984598
4489,0,1965,5,5,3286175,3288272,3585.128845,3587.129647,2.0008020000000215,39.9057689067055,33.7875,45.7125,1,1,1,1,2097,80,80,2097.0,80.0,2097.0,2097,80,79.84354224007984,46027.54295527444
4489,0,1966,5,5,3288272,3289000,3587.129647,3587.841211,0.7115639999997256,39.735883160779224,33.7875,45.7125,1,1,1,1,728,28,28,728.0,29.0,728.0,728,29,28.274623965407955,44683.26109810538
4489,0,1967,5,5,3289000,3291109,3587.841211,3589.841803,2.0005919999998696,40.07686751126011,33.7875,45.7125,1,1,1,1,2109,80,80,2114.0,79.0,2109.0,2109,79,80.1774605280807,46866.127626225694
4489,0,1968,5,5,3291109,3293130,3589.841803,3591.841859,2.0000560000003134,40.094016628964,33.7875,45.7125,1,1,1,1,2021,80,80,2021.0,80.0,2021.0,2021,80,80.190278522874,45809.21734190725
4489,0,1969,5,5,3293130,3295241,3591.841859,3593.846283,2.0044239999997444,39.619620737061155,33.7875,45.7125,1,1,1,1,2111,80,80,2113.0,80.0,2111.0,2111,80,79.4145186762471,45093.752619212064
4489,0,1970,5,5,3295241,3297399,3593.846283,3595.846293,2.000010000000202,39.63573067358814,33.7875,45.7125,1,1,1,1,2158,80,80,2158.0,80.0,2158.0,2158,80,79.27185770448705,45938.77030614383
4489,0,1971,5,5,3297399,3299457,3595.846293,3597.847234,2.0009409999997843,40.04168609780292,33.7875,45.7125,1,1,1,1,2058,80,80,2058.0,80.0,2058.0,2058,80,80.12105142221844,45678.50826186772
4489,0,1972,5,5,3299457,3301516,3597.847234,3599.847221,1.9999870000001465,40.001925954633116,33.7875,45.7125,1,1,1,1,2059,80,80,2060.0,80.0,2059.0,2059,80,80.00333188423247,44923.292001394715
4489,0,1973,5,5,3301516,3302000,3599.847221,3600.35257,0.5053490000000238,39.45956147813839,33.7875,45.7125,1,1,1,1,484,20,20,484.0,20.0,484.0,484,20,19.94084993340948,45443.841780628674
4489,0,1974,5,5,3302000,3303999,3600.35257,3602.353186,2.000615999999809,39.81529408563256,33.7875,45.7125,1,1,1,1,1999,80,80,2005.0,80.0,1999.0,1999,80,79.65511439241527,45872.371309641014
4489,0,1975,5,5,3303999,3306076,3602.353186,3604.353594,2.000408000000334,39.469376105556954,33.7875,45.7125,1,1,1,1,2077,80,79,2080.0,80.0,2077.0,2077,79,78.95485571658355,44886.84308400336
4489,0,1976,5,5,3306076,3308201,3604.353594,3606.353612,2.000017999999727,40.227054498246765,33.7875,45.7125,1,1,1,1,2125,80,80,2125.0,80.0,2125.0,2125,80,80.45483308346593,45585.08973419861
4489,0,1977,5,5,3308201,3310233,3606.353612,3608.353888,2.0002760000002127,39.505411416917276,33.7875,45.7125,1,1,1,1,2032,80,80,2032.0,80.0,2032.0,2032,80,79.0217263273953,44322.88344208028
4489,0,1978,5,5,3310233,3312313,3608.353888,3610.354101,2.0002129999998033,39.71559896991605,33.7875,45.7125,1,1,1,1,2080,80,80,2080.0,80.0,2080.0,2080,80,79.4396573624108,45571.64661963949
4489,0,1979,5,5,3312313,3314351,3610.354101,3612.354673,2.00057199999992,39.56001291289492,33.7875,45.7125,1,1,1,1,2038,80,80,2040.0,80.0,2038.0,2038,80,79.14265415316913,45172.58064193821
4489,0,1980,5,5,3314351,3315000,3612.354673,3612.967694,0.6130210000001171,40.027169764212694,33.7875,45.7125,1,1,1,1,649,24,24,650.0,24.0,649.0,649,24,24.537495636031963,46564.47332145971
4489,0,1981,5,5,3315000,3317115,3612.967694,3614.969797,2.002103000000261,39.88573897306701,33.7875,45.7125,1,1,1,1,2115,79,79,2123.0,80.0,2115.0,2115,79,79.85535765520763,46682.41344225937
4489,0,1982,5,5,3317115,3319205,3614.969797,3616.969813,2.0000159999999596,39.652284085468864,33.7875,45.7125,1,1,1,1,2090,80,80,2091.0,80.0,2090.0,2090,80,79.30520260748744,46097.63121895118
4489,0,1983,5,5,3319205,3321308,3616.969813,3618.971864,2.0020509999999376,39.95375347504671,33.7875,45.7125,1,1,1,1,2103,80,80,2103.0,80.0,2103.0,2103,80,79.98945209846715,45749.08431403738
4489,0,1984,5,5,3321308,3323399,3618.971864,3620.971842,1.9999779999998282,40.03727272958248,33.7875,45.7125,1,1,1,1,2091,80,80,2091.0,80.0,2091.0,2091,80,80.07366463915969,46588.51247364121
4489,0,1985,5,5,3323399,3325411,3620.971842,3622.972061,2.0002190000000155,39.75158149071883,33.7875,45.7125,1,1,1,1,2012,80,80,2012.0,80.0,2012.0,2012,80,79.51186857778521,45592.00767515921
4489,0,1986,5,6,3325411,3327445,3622.972061,3624.97275,2.0006889999999657,35.24872609105322,33.7875,45.7125,1,1,1,1,2034,80,80,2036.0,80.0,2034.0,2034,80,80.0700497104117,40428.46666916324
4489,0,1987,6,6,3327445,3328000,3624.97275,3625.489445,0.5166950000002544,39.85143863525228,33.7875,45.7125,1,1,1,1,555,21,21,555.0,21.0,555.0,555,21,20.59103908565885,46783.886044935796
4489,0,1988,6,6,3328000,3330082,3625.489445,3627.489862,2.000416999999743,40.340540068725204,33.7875,45.7125,1,1,1,1,2082,80,80,2100.0,80.0,2082.0,2082,80,80.69790214265231,46736.75538650792
4489,0,1989,6,6,3330082,3332180,3627.489862,3629.490102,2.0002400000003036,39.497263108456444,33.7875,45.7125,1,1,1,1,2098,80,80,2102.0,80.0,2098.0,2098,80,79.00400556006934,45409.55085389064
4489,0,1990,6,6,3332180,3334318,3629.490102,3631.490835,2.0007329999998547,39.65996436188887,33.7875,45.7125,1,1,1,1,2138,79,79,2138.0,80.0,2138.0,2138,80,79.34899947764643,46449.97608376868
4489,0,1991,6,6,3334318,3336406,3631.490835,3633.490985,2.0001499999998487,39.47991260507796,33.7875,45.7125,1,1,1,1,2088,80,80,2088.0,79.0,2088.0,2088,79,78.96574719704222,46024.548158891565
4489,0,1992,6,6,3336406,3338420,3633.490985,3635.494233,2.003247999999985,39.357983909113656,33.7875,45.7125,1,1,1,1,2014,80,80,2014.0,80.0,2014.0,2014,80,78.84380254996358,45702.778687411985
4489,0,1993,6,6,3338420,3340479,3635.494233,3637.496359,2.0021260000003167,39.72925418989002,33.7875,45.7125,1,1,1,1,2059,80,80,2059.0,80.0,2059.0,2059,80,79.54297277420119,45888.22082125973
4489,0,1994,6,6,3340479,3341000,3637.496359,3638.004329,0.5079699999996592,39.47705169267983,33.7875,45.7125,1,1,1,1,521,21,21,521.0,21.0,521.0,521,21,20.053157948321314,46467.311061708046
4489,0,1995,6,6,3341000,3343013,3638.004329,3640.004617,2.0002880000001824,39.7699597795341,33.7875,45.7125,1,1,1,1,2013,80,80,2015.0,80.0,2013.0,2013,80,79.5513733074913,45880.89315138202
4489,0,1996,6,6,3343013,3345110,3640.004617,3642.007483,2.0028659999998126,39.93632499089946,33.7875,45.7125,1,1,1,1,2097,80,80,2098.0,80.0,2098.0,2097,80,79.9871074892144,46572.261948631975
4489,0,1997,6,6,3345110,3347203,3642.007483,3644.009299,2.0018159999999625,39.54575024891748,33.7875,45.7125,1,1,1,1,2093,80,80,2092.0,80.0,2092.0,2093,80,79.16331558028469,46169.07847674398
4489,0,1998,6,6,3347203,3349272,3644.009299,3646.009815,2.0005160000000615,39.30021528677012,33.7875,45.7125,1,1,1,1,2069,80,80,2070.0,80.0,2069.0,2069,80,78.62070948463224,45951.14460469058
4489,0,1999,6,6,3349272,3351360,3646.009815,3648.016052,2.0062370000000556,39.54602394995441,33.7875,45.7125,1,1,1,1,2088,80,80,2088.0,80.0,2088.0,2088,80,79.33869645129016,45214.49858615781
4489,0,2000,6,6,3351360,3353496,3648.016052,3650.016114,2.000062000000071,39.93880118120907,33.7875,45.7125,1,1,1,1,2136,80,80,2137.0,80.0,2136.0,2136,80,79.88007856809418,46635.55429781511
4489,0,2001,6,6,3353496,3354000,3650.016114,3650.462437,0.4463230000001204,39.39844324511718,33.7875,45.7125,1,1,1,1,504,18,18,504.0,18.0,504.0,504,18,17.58443138450093,46470.82942172912
4489,0,2002,6,6,3354000,3356150,3650.462437,3652.464137,2.0016999999998006,39.22596429171886,33.7875,45.7125,1,1,1,1,2150,79,79,2153.0,79.0,2150.0,2150,79,78.51861272272072,46754.75845531764
4489,0,2003,6,6,3356150,3358194,3652.464137,3654.466865,2.0027279999999337,39.57054473041197,33.7875,45.7125,1,1,1,1,2044,80,80,2045.0,80.0,2044.0,2044,80,79.24903790684766,46425.1760598559
4489,0,2004,6,6,3358194,3360202,3654.466865,3656.468231,2.001365999999962,39.392054905254234,33.7875,45.7125,1,1,1,1,2008,80,80,2009.0,80.0,2008.0,2008,80,78.83791935750924,45274.07780486014
4489,0,2005,6,6,3360202,3362245,3656.468231,3658.470535,2.0023040000000947,39.55359217865734,33.7875,45.7125,1,1,1,1,2043,80,80,2044.0,80.0,2043.0,2043,80,79.19831583369523,44756.440580449205
4489,0,2006,6,6,3362245,3364347,3658.470535,3660.471066,2.0005310000001373,39.56774716017743,33.7875,45.7125,1,1,1,1,2102,80,80,2103.0,80.0,2102.0,2102,80,79.15650479409669,45222.493427991765
4489,0,2007,6,6,3364347,3366363,3660.471066,3662.472085,2.0010189999998147,39.747377862852915,33.7875,45.7125,1,1,1,1,2016,80,80,2016.0,80.0,2016.0,2016,80,79.53525830374565,44908.119313214076
4489,0,2008,6,6,3366363,3366490,3662.472085,3662.588531,0.11644599999999627,40.03566224918652,33.7875,45.7125,1,1,1,1,127,5,5,127.0,5.0,127.0,127,5,4.661992726265453,43694.07278910536
