run,component,index,segment_start,segment_end,ev_start,ev_end,t_start,t_end,dt,current,low,high,covered,nominal,stable,beam2,N,E_raw,E_tight,S,D,A,N_alt,E_alt,charge_uC,s1x_rate
4256,0,0,0,0,1,130,0.008655,2.010915,2.0022599999999997,10.067302500846754,8.7125,11.7875,1,1,1,1,129,80,80,129.0,80.0,129.0,129,80,20.15735710534542,12031.903948538155
4256,0,1,0,0,130,264,2.010915,4.013192,2.0022770000000003,9.985150995047176,8.7125,11.7875,1,1,1,1,134,80,80,134.0,80.0,134.0,134,80,19.993038178910076,12234.071509586334
4256,0,2,0,0,264,412,4.013192,6.015469,2.0022770000000003,10.004457971020749,8.7125,11.7875,1,1,1,1,148,80,80,148.0,80.0,148.0,148,80,20.031696092841514,11877.976923272852
4256,0,3,0,0,412,537,6.015469,8.017745,2.0022759999999993,10.044273772120977,8.7125,11.7875,1,1,1,1,125,80,80,125.0,80.0,125.0,125,80,20.11140831134729,12069.764607876241
4256,0,4,0,0,537,669,8.017745,10.020022,2.002277000000001,9.929467802886194,8.7125,11.7875,1,1,1,1,132,80,80,132.0,80.0,132.0,132,80,19.881545003959573,11744.6287401793
4256,0,5,0,0,669,793,10.020022,12.022301,2.0022789999999997,9.954073144894492,8.7125,11.7875,1,1,1,1,124,80,80,124.0,80.0,124.0,124,80,19.930831622486195,11783.57261900065
4256,0,6,0,0,793,928,12.022301,14.024578,2.0022769999999994,10.04161479270574,8.7125,11.7875,1,1,1,1,135,80,80,135.0,80.0,135.0,135,80,20.106094342294455,11823.538900961259
4256,0,7,0,0,928,1062,14.024578,16.026856,2.0022779999999987,10.105723572827216,8.7125,11.7875,1,1,1,1,134,80,80,134.0,80.0,134.0,134,80,20.234467983953323,12171.137074871729
4256,0,8,0,0,1062,1184,16.026856,18.029133,2.002277000000003,10.046558627523755,8.7125,11.7875,1,1,1,1,122,80,80,122.0,80.0,122.0,122,80,20.115993269042406,12444.332127872398
4256,0,9,0,0,1184,1332,18.029133,20.03141,2.0022769999999994,10.15870561734331,8.7125,11.7875,1,1,1,1,148,80,80,148.0,80.0,148.0,148,80,20.3405426073773,12285.013512116459
4256,0,10,0,0,1332,1458,20.03141,22.033687,2.0022769999999994,9.989314224367627,8.7125,11.7875,1,1,1,1,126,80,80,126.0,80.0,126.0,126,80,20.001374117224145,11860.496824365464
4256,0,11,0,0,1458,1592,22.033687,24.035963,2.0022759999999984,10.074353118983781,8.7125,11.7875,1,1,1,1,134,80,80,134.0,80.0,134.0,134,80,20.171635465666355,12108.220844678764
4256,0,12,0,0,1592,1727,24.035963,26.038238,2.002275000000001,9.963303801683837,8.7125,11.7875,1,1,1,1,135,80,80,135.0,80.0,135.0,135,80,19.949274119516502,11940.917206677399
4256,0,13,0,0,1727,1859,26.038238,28.040516,2.0022780000000004,10.00502551393067,8.7125,11.7875,1,1,1,1,132,80,80,132.0,80.0,132.0,132,80,20.03284247598208,12079.241743653976
4256,0,14,0,0,1859,2009,28.040516,30.042792,2.0022759999999984,9.961425467267045,8.7125,11.7875,1,1,1,1,150,80,80,150.0,80.0,150.0,150,80,19.945523138897556,11849.51525164364
4256,0,15,0,0,2009,2138,30.042792,32.044172,2.0013800000000046,10.001254694331744,8.7125,11.7875,1,1,1,1,129,80,80,129.0,79.0,129.0,129,79,20.016311120141722,12159.609869190232
4256,0,16,0,0,2138,2261,32.044172,34.047346,2.0031739999999942,10.09920841047788,8.7125,11.7875,1,1,1,1,123,80,80,123.0,81.0,123.0,123,81,20.23047170845058,12049.377637689022
4256,0,17,0,0,2261,2387,34.047346,36.049622,2.002276000000002,10.131545510337078,8.7125,11.7875,1,1,1,1,126,80,80,126.0,80.0,126.0,126,80,20.286150418255716,11893.964668207569
4256,0,18,0,0,2387,2514,36.049622,38.051899,2.0022769999999994,10.035213827625554,8.7125,11.7875,1,1,1,1,127,80,80,127.0,80.0,127.0,127,80,20.09327783713661,12229.0771956128
4256,0,19,0,0,2514,2649,38.051899,40.054174,2.0022750000000045,10.009463652881633,8.7125,11.7875,1,1,1,1,135,80,80,135.0,80.0,135.0,135,80,20.04169883557364,12284.526351275397
4256,0,20,0,0,2649,2789,40.054174,42.056451,2.0022769999999994,10.035421989091576,8.7125,11.7875,1,1,1,1,140,80,80,140.0,80.0,140.0,140,80,20.093694634052326,12140.178406883766
4256,0,21,0,0,2789,2917,42.056451,44.058729,2.002277999999997,10.118213254550826,8.7125,11.7875,1,1,1,1,128,80,80,128.0,80.0,128.0,128,80,20.259475798895494,12382.895881590886
4256,0,22,0,0,2917,3053,44.058729,46.061005,2.002276000000002,10.080806127653291,8.7125,11.7875,1,1,1,1,136,80,80,136.0,80.0,136.0,136,80,20.184556170053156,11932.420905010087
4256,0,23,0,0,3053,3185,46.061005,48.063281,2.002276000000002,10.131337348767095,8.7125,11.7875,1,1,1,1,132,80,80,132.0,80.0,132.0,132,80,20.28573362134,12350.944625016718
4256,0,24,0,0,3185,3314,48.063281,50.065556,2.0022749999999974,10.043758288664486,8.7125,11.7875,1,1,1,1,129,80,80,129.0,80.0,129.0,129,80,20.110366127435668,12038.30642643994
4256,0,25,0,0,3314,3444,50.065556,52.067835,2.0022790000000015,10.074182190816918,8.7125,11.7875,1,1,1,1,130,80,80,130.0,80.0,130.0,130,80,20.1713234428467,12093.219776065165
4256,0,26,0,0,3444,3577,52.067835,54.07011,2.0022749999999974,10.198526493244302,8.7125,11.7875,1,1,1,1,133,80,80,133.0,80.0,133.0,133,80,20.420254634260687,12147.182579815475
4256,0,27,0,0,3577,3710,54.07011,56.072386,2.002276000000002,9.94347153185584,8.7125,11.7875,1,1,1,1,133,80,80,133.0,80.0,133.0,133,80,19.909574404918203,11766.60959827715
4256,0,28,0,0,3710,3839,56.072386,58.073356,2.0009699999999953,10.04981917051466,8.7125,11.7875,1,1,1,1,129,80,80,129.0,79.0,129.0,129,79,20.109386665624697,11847.753839387926
4256,0,29,0,0,3839,3971,58.073356,60.07694,2.0035840000000036,10.045798646549654,8.7125,11.7875,1,1,1,1,132,80,80,132.0,81.0,132.0,132,81,20.127601435448582,11852.26074873824
4256,0,30,0,0,3971,4101,60.07694,62.078795,2.001854999999999,10.153051073940013,8.7125,11.7875,1,1,1,1,130,80,80,130.0,79.0,130.0,130,79,20.324936057622153,12128.7505838335
4256,0,31,0,0,4101,4240,62.078795,64.081492,2.0026969999999977,10.21702154322921,8.7125,11.7875,1,1,1,1,139,80,80,139.0,81.0,139.0,139,81,20.461598393560507,12329.873166035615
4256,0,32,0,0,4240,4374,64.081492,66.083769,2.0022770000000065,10.096205137170067,8.7125,11.7875,1,1,1,1,134,80,80,134.0,80.0,134.0,134,80,20.215399333437517,11975.366045756868
4256,0,33,0,0,4374,4507,66.083769,68.086045,2.002275999999995,10.202112282561952,8.7125,11.7875,1,1,1,1,133,80,80,133.0,80.0,133.0,133,80,20.42744457267895,12156.166282770238
4256,0,34,0,0,4507,4626,68.086045,70.088323,2.002278000000004,10.175717830819872,8.7125,11.7875,1,1,1,1,119,80,80,119.0,80.0,119.0,119,80,20.3746159468584,12174.133661759231
4256,0,35,0,0,4626,4758,70.088323,72.090599,2.002275999999995,10.09579376069223,8.7125,11.7875,1,1,1,1,132,80,80,132.0,80.0,132.0,132,80,20.21456554798374,12132.193563724513
4256,0,36,0,0,4758,4883,72.090599,74.092875,2.002276000000009,10.016067879387993,8.7125,11.7875,1,1,1,1,125,80,80,125.0,80.0,125.0,125,80,20.054932329269604,12092.738463628337
4256,0,37,0,0,4883,5009,74.092875,76.095152,2.0022769999999923,10.181239096040263,8.7125,11.7875,1,1,1,1,126,80,80,126.0,80.0,126.0,126,80,20.38566087350216,12219.08856766576
4256,0,38,0,0,5009,5142,76.095152,78.097428,2.002275999999995,10.109792626273707,8.7125,11.7875,1,1,1,1,133,80,80,133.0,80.0,133.0,133,80,20.24259514056473,12195.121951219544
4256,0,39,0,0,5142,5266,78.097428,80.099706,2.002278000000004,10.054619958441455,8.7125,11.7875,1,1,1,1,124,80,80,124.0,80.0,124.0,124,80,20.13214434114832,11952.885663229557
4256,0,40,0,0,5266,5391,80.099706,82.101981,2.0022749999999974,10.07368152929441,8.7125,11.7875,1,1,1,1,125,80,80,125.0,80.0,125.0,125,80,20.17028068406796,12030.315516100452
4256,0,41,0,0,5391,5534,82.101981,84.104258,2.0022770000000065,9.976200052008185,8.7125,11.7875,1,1,1,1,143,80,80,143.0,80.0,143.0,143,80,19.975115911534886,12141.676701075785
4256,0,42,0,0,5534,5661,84.104258,86.106535,2.0022769999999923,10.152200571530146,8.7125,11.7875,1,1,1,1,127,80,80,127.0,80.0,127.0,127,80,20.3275177037616,12028.805205273842
4256,0,43,0,0,5661,5794,86.106535,88.108812,2.0022770000000065,10.191282886775772,8.7125,11.7875,1,1,1,1,133,80,80,133.0,80.0,133.0,133,80,20.405771324684792,12313.4811017656
4256,0,44,0,0,5794,5921,88.108812,90.111086,2.002274,9.9604464575294,8.7125,11.7875,1,1,1,1,127,80,80,127.0,80.0,127.0,127,80,19.94354297030327,12007.84707787246
4256,0,45,0,0,5921,6050,90.111086,92.113363,2.0022770000000065,9.993425413321534,8.7125,11.7875,1,1,1,1,129,80,80,129.0,80.0,129.0,129,80,20.009605856309236,11967.3751433992
4256,0,46,0,0,6050,6193,92.113363,94.11564,2.0022769999999923,10.09781838853181,8.7125,11.7875,1,1,1,1,143,80,80,143.0,80.0,143.0,143,80,20.218629509534253,12021.813165710884
4256,0,47,0,0,6193,6308,94.11564,96.117917,2.0022770000000065,10.126856913041856,8.7125,11.7875,1,1,1,1,115,80,80,115.0,80.0,115.0,115,80,20.276772679274814,11904.446787332583
4256,0,48,0,0,6308,6438,96.117917,98.120193,2.002275999999995,10.017525010377957,8.7125,11.7875,1,1,1,1,130,80,80,130.0,80.0,130.0,130,80,20.057849907679497,11730.151088061815
4256,0,49,0,0,6438,6570,98.120193,100.12247,2.0022770000000065,10.026210844220053,8.7125,11.7875,1,1,1,1,132,80,80,132.0,80.0,132.0,132,80,20.075251370532442,11716.660581927437
4256,0,50,0,0,6570,6688,100.12247,102.124746,2.002275999999995,10.053484921592824,8.7125,11.7875,1,1,1,1,118,80,80,118.0,80.0,118.0,118,80,20.129851574867075,12400.388358048573
4256,0,51,0,0,6688,6816,102.124746,104.127022,2.002275999999995,10.0907458426201,8.7125,11.7875,1,1,1,1,128,80,80,128.0,80.0,128.0,128,80,20.20445822277793,11928.425451835841
4256,0,52,0,0,6816,6953,104.127022,106.129298,2.002276000000009,10.042088075636089,8.7125,11.7875,1,1,1,1,137,80,80,137.0,80.0,137.0,137,80,20.10703194373241,11945.905559473265
4256,0,53,0,0,6953,7087,106.129298,108.131577,2.0022789999999873,9.975773956051249,8.7125,11.7875,1,1,1,1,134,80,80,134.0,80.0,134.0,134,80,19.97428270094815,11918.91839249183
4256,0,54,0,0,7087,7228,108.131577,110.133852,2.0022750000000116,9.992602557291868,8.7125,11.7875,1,1,1,1,141,80,80,141.0,80.0,141.0,141,80,20.00793828540168,12103.73200484442
4256,0,55,0,0,7228,7368,110.133852,112.136128,2.002275999999995,10.120877229875395,8.7125,11.7875,1,1,1,1,140,80,80,140.0,80.0,140.0,140,80,20.26478957632594,11990.854407684086
4256,0,56,0,0,7368,7500,112.136128,114.138413,2.0022850000000005,10.02674399250341,8.7125,11.7875,1,1,1,1,132,80,80,132.0,80.0,132.0,132,80,20.07639909502973,11879.42775379129
4256,0,57,0,0,7500,7617,114.138413,116.140682,2.0022689999999983,9.91040781931139,8.7125,11.7875,1,1,1,1,117,80,80,117.0,80.0,117.0,117,80,19.843302353964873,11778.637136169027
4256,0,58,0,0,7617,7751,116.140682,118.142981,2.002299000000008,9.947522697932213,8.7125,11.7875,1,1,1,1,134,80,80,134.0,80.0,134.0,134,80,19.91791475054697,12052.14605810616
4256,0,59,0,0,7751,7881,118.142981,120.145235,2.0022539999999935,9.898979575037199,8.7125,11.7875,1,1,1,1,130,80,80,130.0,80.0,130.0,130,80,19.820271450036444,11857.636443727957
4256,0,60,0,0,7881,7998,120.145235,122.147511,2.002275999999995,9.94217052204347,8.7125,11.7875,1,1,1,1,117,80,80,117.0,80.0,117.0,117,80,19.90696942419504,11784.0897059147
4256,0,61,0,0,7998,8131,122.147511,124.149788,2.0022770000000065,9.997068238976924,8.7125,11.7875,1,1,1,1,133,80,80,133.0,80.0,133.0,133,80,20.016899802334137,12119.701719592205
4256,0,62,0,0,8131,8262,124.149788,126.152064,2.002275999999995,9.984010997610408,8.7125,11.7875,1,1,1,1,131,80,80,131.0,80.0,131.0,131,80,19.990745604251288,12021.31973813803
4256,0,63,0,0,8262,8407,126.152064,128.154341,2.0022769999999923,9.996495794945432,8.7125,11.7875,1,1,1,1,145,80,80,145.0,80.0,145.0,145,80,20.015753610815864,11800.565056683012
4256,0,64,0,0,8407,8542,128.154341,130.15662,2.0022790000000157,10.033226463286104,8.7125,11.7875,1,1,1,1,135,80,80,135.0,80.0,135.0,135,80,20.089318649682127,11720.144894892179
4256,0,65,0,0,8542,8659,130.15662,132.158895,2.0022749999999974,10.112139398556174,8.7125,11.7875,1,1,1,1,117,80,80,117.0,80.0,117.0,117,80,20.247283914244008,12135.695646202461
4256,0,66,0,0,8659,8772,132.158895,134.16117,2.0022749999999974,9.939105007087482,8.7125,11.7875,1,1,1,1,113,80,80,113.0,80.0,113.0,113,80,19.900821478066064,11800.576843840148
4256,0,67,0,0,8772,8898,134.16117,136.163447,2.0022769999999923,10.005758980183426,8.7125,11.7875,1,1,1,1,126,80,80,126.0,80.0,126.0,126,80,20.03430107356462,12270.030570195879
4256,0,68,0,0,8898,9030,136.163447,138.165724,2.0022770000000207,10.045778022026083,8.7125,11.7875,1,1,1,1,132,80,80,132.0,80.0,132.0,132,80,20.11443028060853,12001.336478419194
4256,0,69,0,0,9030,9157,138.165724,140.168,2.002275999999995,10.045418660755915,8.7125,11.7875,1,1,1,1,127,80,80,127.0,80.0,127.0,127,80,20.113700694383624,11901.4561429094
4256,0,70,0,0,9157,9278,140.168,142.170277,2.0022769999999923,9.862856133759086,8.7125,11.7875,1,1,1,1,121,80,80,121.0,80.0,121.0,121,80,19.748169990934684,11835.5252544978
4256,0,71,0,0,9278,9406,142.170277,144.172552,2.0022749999999974,10.011961592969037,8.7125,11.7875,1,1,1,1,128,80,80,128.0,80.0,128.0,128,80,20.046700398562052,12103.732004844505
4256,0,72,0,0,9406,9527,144.172552,146.17483,2.00227799999999,8.147081276863954,8.7125,11.7875,1,0,0,1,121,80,80,121.0,80.0,121.0,121,80,16.312721604876515,9488.692379379934
4256,0,73,0,0,9527,9607,146.17483,148.177106,2.0022760000000233,0.9908587299508854,8.7125,11.7875,1,0,0,0,80,80,80,80.0,80.0,80.0,80,80,1.9839726543712004,472.9617695062963
4256,0,74,0,0,9607,9687,148.177106,150.179386,2.0022799999999847,0.990024488681846,8.7125,11.7875,1,0,0,0,80,80,80,80.0,80.0,80.0,80,80,1.98230623319796,464.96993427493015
4256,0,75,0,0,9687,9767,150.179386,152.181658,2.002272000000005,0.9920052175318794,8.7125,11.7875,1,0,0,0,80,80,80,80.0,80.0,80.0,80,80,1.9862642709179,465.97065733326826
4256,0,76,0,0,9767,9847,152.181658,154.183937,2.0022789999999873,0.988151436105646,8.7125,11.7875,1,0,0,0,80,80,80,80.0,80.0,80.0,80,80,1.9785548693341752,478.45480075454327
4256,0,77,0,0,9847,9927,154.183937,156.186211,2.002274,0.9892462745007412,8.7125,11.7875,1,0,0,0,80,80,80,80.0,80.0,80.0,80,80,1.9807420950296546,466.46962403746943
4256,0,78,0,0,9927,10007,156.186211,158.188489,2.002278000000018,1.0064179934378208,8.7125,11.7875,1,0,0,0,80,80,80,80.0,80.0,80.0,80,80,2.015128607064753,469.465279047161
4256,0,79,0,0,10007,10087,158.188489,160.190765,2.002275999999995,1.0067830900547317,8.7125,11.7875,1,0,0,0,80,80,80,80.0,80.0,80.0,80,80,2.0158576184223875,476.95722268059075
4256,0,80,0,0,10087,10167,160.190765,162.193042,2.0022769999999923,1.0025674132509288,8.7125,11.7875,1,0,0,0,80,80,80,80.0,80.0,80.0,80,80,2.007417672501788,457.9785913737228
4256,0,81,0,0,10167,10247,162.193042,164.195318,2.002275999999995,0.992836264865752,8.7125,11.7875,1,0,0,0,80,80,80,80.0,80.0,80.0,80,80,1.9879322250703808,448.4896188137911
4256,0,82,0,0,10247,10327,164.195318,166.197596,2.002278000000018,1.0017864031319852,8.7125,11.7875,1,0,0,0,80,80,80,80.0,80.0,80.0,80,80,2.0058548756903747,461.4743806804008
4256,0,83,0,0,10327,10407,166.197596,168.199872,2.002275999999995,0.9986647888253257,8.7125,11.7875,1,0,0,0,80,80,80,80.0,80.0,80.0,80,80,1.9996025387099507,444.49416563950336
4256,0,84,0,0,10407,10487,168.199872,170.202149,2.0022769999999923,0.9895573216245321,8.7125,11.7875,1,0,0,0,80,80,80,80.0,80.0,80.0,80,80,1.9813678652703857,449.98768901605695
4256,0,85,0,0,10487,10567,170.202149,172.204425,2.002275999999995,0.9888811950360414,8.7125,11.7875,1,0,0,0,80,80,80,80.0,80.0,80.0,80,80,1.98001308367202,469.96517962558727
4256,0,86,0,0,10567,10647,172.204425,174.2067,2.002275000000026,0.9876326231688263,8.7125,11.7875,1,0,0,0,80,80,80,80.0,80.0,80.0,80,80,1.9775121105553808,453.48416176598533
4256,0,87,0,0,10647,10727,174.2067,176.208978,2.00227799999999,0.9873191884688249,8.7125,11.7875,1,0,0,0,80,80,80,80.0,80.0,80.0,80,80,1.9768874900489664,435.0045298405139
4256,0,88,0,0,10727,10811,176.208978,178.211254,2.002275999999995,2.0520143733407568,8.7125,11.7875,1,0,0,1,84,80,80,84.0,80.0,84.0,84,80,4.108699131395269,2198.498109151791
4256,0,89,0,0,10811,10903,178.211254,180.213529,2.0022749999999974,2.7052786757449594,8.7125,11.7875,1,0,0,1,92,80,80,92.0,80.0,92.0,92,80,5.416711860477335,3363.6738210285844
4256,0,90,0,0,10903,10988,180.213529,182.215808,2.0022790000000157,2.8049828967833017,8.7125,11.7875,1,0,0,1,85,80,80,85.0,80.0,85.0,85,80,5.616358349588381,3467.04929732567
4256,0,91,0,0,10988,11083,182.215808,184.218083,2.0022749999999974,3.9916657803207687,8.7125,11.7875,1,0,0,1,95,80,80,95.0,80.0,95.0,95,80,7.9924126002918,4901.924061380187
4256,0,92,0,0,11083,11186,184.218083,186.22036,2.0022769999999923,5.401227351769127,8.7125,11.7875,1,0,0,1,103,80,80,103.0,80.0,103.0,103,80,10.814753298218193,6561.529698438353
4256,0,93,0,0,11186,11292,186.22036,188.222637,2.0022769999999923,6.732836249914076,8.7125,11.7875,1,0,0,1,106,80,80,106.0,80.0,106.0,106,80,13.48100316796922,7943.955806314541
4256,0,94,0,0,11292,11420,188.222637,190.224912,2.0022749999999974,8.78583729300097,8.7125,11.7875,1,1,0,1,128,80,80,128.0,80.0,128.0,128,80,17.591662365843604,10347.230025845614
4256,0,95,0,0,11420,11533,190.224912,192.227188,2.0022760000000233,8.839955008973991,8.7125,11.7875,1,1,1,1,113,80,80,113.0,80.0,113.0,113,80,17.700029755548712,10550.992970000018
4256,0,96,0,0,11533,11654,192.227188,194.229466,2.00227799999999,9.000438780629032,8.7125,11.7875,1,1,1,1,121,80,80,121.0,80.0,121.0,121,80,18.021380560800253,10795.204262345243
4256,0,97,0,0,11654,11770,194.229466,196.231743,2.0022769999999923,9.458398405277666,8.7125,11.7875,1,1,1,1,116,80,80,116.0,80.0,116.0,116,80,18.93833358372399,11453.460235521903
4256,0,98,0,0,11770,11901,196.231743,198.234019,2.002275999999995,9.462410143621073,8.7125,11.7875,1,1,1,1,131,80,80,131.0,80.0,131.0,131,80,18.946356732728873,11424.498920228809
4256,0,99,0,0,11901,12044,198.234019,200.236287,2.002268000000015,9.656194340138374,8.7125,11.7875,1,1,1,1,143,80,80,144.0,80.0,144.0,143,79,19.33428892904044,11534.419967756477
4256,0,100,0,0,12044,12174,200.236287,202.238573,2.002285999999998,9.739061227592261,8.7125,11.7875,1,1,1,1,130,80,80,129.0,80.0,129.0,130,81,19.50038594915077,11614.72437004505
4256,0,101,0,0,12174,12293,202.238573,204.240849,2.002275999999995,9.74946494863007,8.7125,11.7875,1,1,1,1,119,80,80,119.0,80.0,119.0,119,80,19.521119679483263,11592.807385195678
4256,0,102,0,0,12293,12408,204.240849,206.243125,2.002275999999995,9.60484469788315,8.7125,11.7875,1,1,1,1,115,80,80,115.0,80.0,115.0,115,80,19.231550022298734,11426.996078462738
4256,0,103,0,0,12408,12518,206.243125,208.245402,2.0022770000000207,9.694557588479883,8.7125,11.7875,1,1,1,1,110,80,80,110.0,80.0,110.0,110,80,19.411189684588862,11289.646737189592
4256,0,104,0,0,12518,12654,208.245402,210.247677,2.0022749999999974,9.624104353986734,8.7125,11.7875,1,1,1,1,136,80,80,136.0,80.0,136.0,136,80,19.270103545378788,11237.217664906184
4256,0,105,0,0,12654,12781,210.247677,212.249956,2.0022789999999873,9.661918819154273,8.7125,11.7875,1,1,1,1,127,80,80,127.0,80.0,127.0,127,80,19.345857151297196,11723.640911181783
4256,0,106,0,0,12781,12907,212.249956,214.252232,2.002275999999995,9.755969997692093,8.7125,11.7875,1,1,1,1,126,80,80,126.0,80.0,126.0,126,80,19.53414458309885,11811.059014841141
4256,0,107,0,0,12907,13000,214.252232,215.751231,1.4989989999999977,9.822306839249434,8.7125,11.7875,1,1,1,1,93,60,60,93.0,59.0,93.0,93,59,14.723628129728013,12016.685801658325
4256,0,108,0,0,13000,13133,215.751231,217.756214,2.00498300000001,9.742069393873793,8.7125,11.7875,1,1,1,1,133,80,80,134.0,81.0,133.0,133,81,19.532683519537386,11557.703980532446
4256,0,109,0,0,13133,13263,217.756214,219.758492,2.00227799999999,9.754763516394055,8.7125,11.7875,1,1,1,1,130,80,80,130.0,80.0,130.0,130,80,19.531748384078355,11662.216735138736
4256,0,110,0,0,13263,13389,219.758492,221.760768,2.0022760000000233,9.936289957691262,8.7125,11.7875,1,1,1,1,126,80,80,126.0,80.0,126.0,126,80,19.89519491132637,11947.403854413538
4256,0,111,0,0,13389,13535,221.760768,223.763044,2.002275999999995,10.012893415445795,8.7125,11.7875,1,1,1,1,146,80,80,146.0,80.0,146.0,146,80,20.048576176305005,11787.086295795416
4256,0,112,0,0,13535,13660,223.763044,225.765322,2.00227799999999,9.884656206319512,8.7125,11.7875,1,1,1,1,125,80,80,125.0,80.0,125.0,125,80,19.79182965947689,11867.982368082814
4256,0,113,0,0,13660,13805,225.765322,227.767598,2.002275999999995,9.982397745443027,8.7125,11.7875,1,1,1,1,145,80,80,145.0,80.0,145.0,145,80,19.987515428154666,12000.843040619806
4256,0,114,0,0,13805,13924,227.767598,229.769876,2.002278000000018,10.114726551736215,8.7125,11.7875,1,1,1,1,119,80,80,119.0,80.0,119.0,119,80,20.25249445055738,12306.482915958612
4256,0,115,0,0,13924,14052,229.769876,231.77215,2.002274,10.117816761629305,8.7125,11.7875,1,1,1,1,128,80,80,128.0,80.0,128.0,128,80,20.258641438574614,11839.039012642626
4256,0,116,0,0,14052,14172,231.77215,233.774428,2.00227799999999,10.053266909588132,8.7125,11.7875,1,1,1,1,120,80,80,120.0,80.0,120.0,120,80,20.12943516119617,11996.336173098902
4256,0,117,0,0,14172,14296,233.774428,235.776702,2.002274,10.100591374507259,8.7125,11.7875,1,1,1,1,124,80,80,124.0,80.0,124.0,124,80,20.224151493800036,11877.495287857706
4256,0,118,0,0,14296,14426,235.776702,237.77898,2.00227799999999,10.020637616085224,8.7125,11.7875,1,1,1,1,130,80,80,130.0,80.0,130.0,130,80,20.064102244659807,11867.982368082814
4256,0,119,0,0,14426,14551,237.77898,239.781257,2.0022770000000207,9.987388730806815,8.7125,11.7875,1,1,1,1,125,80,80,125.0,80.0,125.0,125,80,19.99751874575395,11965.3774178097
4256,0,120,0,0,14551,14681,239.781257,241.783533,2.002275999999995,10.15033209202824,8.7125,11.7875,1,1,1,1,130,80,80,130.0,80.0,130.0,130,80,20.323766339897702,12232.079893081705
4256,0,121,0,0,14681,14804,241.783533,243.785811,2.00227799999999,10.029796716015866,8.7125,11.7875,1,1,1,1,123,80,80,123.0,80.0,123.0,123,80,20.08244130895082,12210.092704409739
4256,0,122,0,0,14804,14922,243.785811,245.788085,2.002274,10.063850820706156,8.7125,11.7875,1,1,1,1,118,80,80,118.0,80.0,118.0,118,80,20.150586838178697,11844.53276624478
4256,0,123,0,0,14922,15056,245.788085,247.790363,2.002278000000018,10.027402860352035,8.7125,11.7875,1,1,1,1,134,80,80,134.0,80.0,134.0,134,80,20.07764814441998,12048.277012482673
4256,0,124,0,0,15056,15188,247.790363,249.792638,2.0022749999999974,10.049742936790471,8.7125,11.7875,1,1,1,1,132,80,80,132.0,80.0,132.0,132,80,20.122349038761968,11903.959246357284
4256,0,125,0,0,15188,15320,249.792638,251.794915,2.0022769999999923,10.121861037857391,8.7125,11.7875,1,1,1,1,132,80,80,132.0,80.0,132.0,132,80,20.266769553297763,12315.478827355104
4256,0,126,0,0,15320,15452,251.794915,253.797192,2.0022769999999923,10.007788554477145,8.7125,11.7875,1,1,1,1,132,80,80,132.0,80.0,132.0,132,80,20.038364843492673,11916.433140869167
4256,0,127,0,0,15452,15583,253.797192,255.799467,2.0022749999999974,9.979228169740823,8.7125,11.7875,1,1,1,1,131,80,80,131.0,80.0,131.0,131,80,19.981159083567945,11706.184215454936
4256,0,128,0,0,15583,15728,255.799467,257.801746,2.0022789999999873,10.15156613851485,8.7125,11.7875,1,1,1,1,145,80,80,145.0,80.0,145.0,145,80,20.326267696259038,12081.233434501462
4256,0,129,0,0,15728,15845,257.801746,259.804022,2.002275999999995,10.205598988859196,8.7125,11.7875,1,1,1,1,117,80,80,117.0,80.0,117.0,117,80,20.43442592101701,11928.924883482627
4256,0,130,0,0,15845,15982,259.804022,261.806297,2.0022749999999974,10.133215768043337,8.7125,11.7875,1,1,1,1,137,80,80,137.0,80.0,137.0,137,80,20.289484601958975,12276.036009039733
4256,0,131,0,0,15982,16110,261.806297,263.808574,2.002277000000049,10.137941511107334,8.7125,11.7875,1,1,1,1,128,80,80,128.0,80.0,128.0,128,80,20.298967115035794,12161.154525572338
4256,0,132,0,0,16110,16237,263.808574,265.81085,2.002275999999995,9.986196694095248,8.7125,11.7875,1,1,1,1,127,80,80,127.0,80.0,127.0,127,80,19.99512197186641,11678.709628442863
4256,0,133,0,0,16237,16372,265.81085,267.813128,2.00227799999999,10.13720797883884,8.7125,11.7875,1,1,1,1,135,80,80,135.0,80.0,135.0,135,80,20.29750851745348,12046.279287891153
4256,0,134,0,0,16372,16502,267.813128,269.815403,2.0022749999999974,10.092103837438746,8.7125,11.7875,1,1,1,1,130,80,80,130.0,80.0,130.0,130,80,20.207167211107844,12103.232572948287
4256,0,135,0,0,16502,16637,269.815403,271.817681,2.00227799999999,10.15271600031231,8.7125,11.7875,1,1,1,1,135,80,80,135.0,80.0,135.0,135,80,20.328559887673237,11898.447668106088
4256,0,136,0,0,16637,16773,271.817681,273.819957,2.002275999999995,10.031940199099402,8.7125,11.7875,1,1,1,1,136,80,80,136.0,80.0,136.0,136,80,20.08671309409192,12010.831673555525
4256,0,137,0,0,16773,16910,273.819957,275.822234,2.0022769999999923,10.045257618361168,8.7125,11.7875,1,1,1,1,137,80,80,137.0,80.0,137.0,137,80,20.11338828831913,11946.399024710414
4256,0,138,0,0,16910,17045,275.822234,277.824511,2.0022769999999923,10.145175122051892,8.7125,11.7875,1,1,1,1,135,80,80,135.0,80.0,135.0,135,80,20.313450807856498,12345.944142593704
4256,0,139,0,0,17045,17173,277.824511,279.826787,2.0022760000000517,10.006544487560982,8.7125,11.7875,1,1,1,1,128,80,80,128.0,80.0,128.0,128,80,20.035863870376033,11913.442502431924
4256,0,140,0,0,17173,17314,279.826787,281.829062,2.0022749999999974,10.27637895930059,8.7125,11.7875,1,1,1,1,141,80,80,141.0,80.0,141.0,141,80,20.576136680733725,12608.158220024738
4256,0,141,0,0,17314,17450,281.829062,283.83134,2.00227799999999,10.066068833354825,8.7125,11.7875,1,1,1,1,136,80,80,136.0,80.0,136.0,136,80,20.155068171512085,12167.141625688402
4256,0,142,0,0,17450,17582,283.83134,285.833616,2.002275999999995,10.126913915404954,8.7125,11.7875,1,1,1,1,132,80,80,132.0,80.0,132.0,132,80,20.276876686881224,11813.55617307507
4256,0,143,0,0,17582,17709,285.833616,287.835893,2.0022769999999923,10.13507929094981,8.7125,11.7875,1,1,1,1,127,80,80,127.0,80.0,127.0,127,80,20.29323615744488,11964.37855501516
4256,0,144,0,0,17709,17840,287.835893,289.83817,2.0022769999999923,10.186911495989374,8.7125,11.7875,1,1,1,1,131,80,80,131.0,80.0,131.0,131,80,20.397018589455,12072.755168241005
4256,0,145,0,0,17840,17968,289.83817,291.840447,2.0022769999999923,10.361715087081638,8.7125,11.7875,1,1,1,1,128,80,80,128.0,80.0,128.0,128,80,20.747023799416638,12380.404909011138
4256,0,146,0,0,17968,18092,291.840447,293.842723,2.002275999999995,10.308638966001658,8.7125,11.7875,1,1,1,1,124,80,80,124.0,80.0,124.0,124,80,20.640740394289878,12450.830954373954
4256,0,147,0,0,18092,18225,293.842723,295.844973,2.0022500000000036,10.180749311499902,8.7125,11.7875,1,1,1,1,133,80,80,134.0,80.0,134.0,133,79,20.38440530895059,12142.839305780974
4256,0,148,0,0,18225,18355,295.844973,297.847276,2.0023030000000404,10.213113790207064,8.7125,11.7875,1,1,1,1,130,80,80,129.0,80.0,129.0,130,81,20.449748381473455,12085.583450656326
4256,0,149,0,0,18355,18480,297.847276,299.849555,2.0022789999999873,10.259757952411187,8.7125,11.7875,1,1,1,1,125,80,80,125.0,80.0,125.0,125,80,20.542897893195914,11978.850100310772
4256,0,150,0,0,18480,18618,299.849555,301.851829,2.002274,10.183543843004365,8.7125,11.7875,1,1,1,1,138,80,80,138.0,80.0,138.0,138,80,20.39024506470787,12203.125046821764
4256,0,151,0,0,18618,18751,301.851829,303.854105,2.002275999999995,10.223084560737917,8.7125,11.7875,1,1,1,1,133,80,80,133.0,80.0,133.0,133,80,20.469436861936174,12201.614562627761
4256,0,152,0,0,18751,18876,303.854105,305.856381,2.002275999999995,10.18421038754326,8.7125,11.7875,1,1,1,1,125,80,80,125.0,80.0,125.0,125,80,20.391600037928583,12095.235621862352
4256,0,153,0,0,18876,19018,305.856381,307.858657,2.002275999999995,10.124311895780144,8.7125,11.7875,1,1,1,1,142,80,80,142.0,80.0,142.0,142,80,20.271666725434898,11926.427725248697
4256,0,154,0,0,19018,19151,307.858657,309.860934,2.0022769999999923,10.114523346180103,8.7125,11.7875,1,1,1,1,133,80,80,133.0,80.0,133.0,133,80,20.252077462019315,12154.661917407078
4256,0,155,0,0,19151,19281,309.860934,311.861438,2.000504000000035,10.128578517042333,8.7125,11.7875,1,1,1,1,130,80,80,130.0,79.0,130.0,130,79,20.26226183765766,11938.491500141756
4256,0,156,0,0,19281,19409,311.861438,313.86549,2.0040520000000015,10.119097106053792,8.7125,11.7875,1,1,1,1,128,80,80,128.0,81.0,128.0,128,81,20.279196793581377,11923.343306461102
4256,0,157,0,0,19409,19547,313.86549,315.867768,2.00227799999999,10.234887697985506,8.7125,11.7875,1,1,1,1,138,80,80,138.0,80.0,138.0,138,80,20.493090470146853,12388.389624218078
4256,0,158,0,0,19547,19680,315.867768,317.870046,2.00227799999999,10.178684130229298,8.7125,11.7875,1,1,1,1,133,80,80,133.0,80.0,133.0,133,80,20.38055530290694,12286.505670041885
4256,0,159,0,0,19680,19826,317.870046,319.872323,2.0022769999999923,10.202263404108521,8.7125,11.7875,1,1,1,1,146,80,80,146.0,80.0,146.0,146,80,20.427757361987915,12194.116997798053
4256,0,160,0,0,19826,19959,319.872323,321.8746,2.0022769999999923,10.241293678987711,8.7125,11.7875,1,1,1,1,133,80,80,133.0,80.0,133.0,133,80,20.50590678368235,12173.140879109182
4256,0,161,0,0,19959,20090,321.8746,323.876876,2.002275999999995,10.175519641996397,8.7125,11.7875,1,1,1,1,131,80,80,131.0,80.0,131.0,131,80,20.3741987666981,12267.539540003507
4256,0,162,0,0,20090,20226,323.876876,325.877336,2.0004600000000323,10.135360121730558,8.7125,11.7875,1,1,1,1,136,80,80,136.0,79.0,136.0,136,79,20.275382509117662,12108.215110524383
4256,0,163,0,0,20226,20353,325.877336,327.881428,2.004092000000014,10.125762069153842,8.7125,11.7875,1,1,1,1,127,80,80,127.0,81.0,127.0,127,81,20.29295875669459,12106.72963117453
4256,0,164,0,0,20353,20474,327.881428,329.883705,2.0022769999999923,10.126440590109882,8.7125,11.7875,1,1,1,1,121,80,80,121.0,80.0,121.0,121,80,20.275939085443497,11796.070174106824
4256,0,165,0,0,20474,20610,329.883705,331.88598,2.0022749999999974,10.203210130908115,8.7125,11.7875,1,1,1,1,136,80,80,136.0,80.0,136.0,136,80,20.429632564863823,12277.03487283217
4256,0,166,0,0,20610,20741,331.88598,333.88826,2.0022799999999847,10.131681773993728,8.7125,11.7875,1,1,1,1,131,80,80,131.0,80.0,131.0,131,80,20.286463782431838,12049.763269872437
4256,0,167,0,0,20741,20879,333.88826,335.890534,2.002274,10.183075479004067,8.7125,11.7875,1,1,1,1,138,80,80,138.0,80.0,138.0,138,80,20.38930727164734,12063.783478185303
4256,0,168,0,0,20879,21001,335.890534,337.892813,2.0022789999999873,10.21864610393687,8.7125,11.7875,1,1,1,1,122,80,80,122.0,80.0,122.0,122,80,20.460580502344328,12145.160589508332
4256,0,169,0,0,21001,21132,337.892813,339.895087,2.002274,10.209824267465494,8.7125,11.7875,1,1,1,1,131,80,80,131.0,80.0,131.0,131,80,20.44286567531526,12076.768713972215
4256,0,170,0,0,21132,21255,339.895087,341.897363,2.002275999999995,10.171356410596703,8.7125,11.7875,1,1,1,1,123,80,80,123.0,80.0,123.0,123,80,20.365862828383797,12056.779385059834
4256,0,171,0,0,21255,21384,341.897363,343.89964,2.0022769999999923,10.145383283517916,8.7125,11.7875,1,1,1,1,129,80,80,129.0,80.0,129.0,129,80,20.31386760477244,12019.316008724114
4256,0,172,0,0,21384,21511,343.89964,345.901917,2.002277000000049,10.114315184713798,8.7125,11.7875,1,1,1,1,127,80,80,127.0,80.0,127.0,127,80,20.251660665103827,12103.220483479261
4256,0,173,0,0,21511,21641,345.901917,347.904193,2.002275999999995,10.246606818146196,8.7125,11.7875,1,1,1,1,130,80,80,130.0,80.0,130.0,130,80,20.516534913410396,12347.448603489262
4256,0,174,0,0,21641,21782,347.904193,349.90647,2.0022769999999923,10.221570380082094,8.7125,11.7875,1,1,1,1,141,80,80,141.0,80.0,141.0,141,80,20.466415275919644,12181.6312128642
4256,0,175,0,0,21782,21902,349.90647,351.908746,2.002275999999995,10.165423805852136,8.7125,11.7875,1,1,1,1,120,80,80,120.0,80.0,120.0,120,80,20.353984116286483,11954.395897468712
4256,0,176,0,0,21902,22029,351.908746,353.911024,2.00227799999999,10.07236571455714,8.7125,11.7875,1,1,1,1,127,80,80,127.0,80.0,127.0,127,80,20.16767627821173,11967.868597667319
4256,0,177,0,0,22029,22151,353.911024,355.9133,2.002275999999995,10.280016750128752,8.7125,11.7875,1,1,1,1,122,80,80,122.0,80.0,122.0,122,80,20.583430818380748,12281.523626113514
4256,0,178,0,0,22151,22276,355.9133,357.915575,2.0022749999999974,10.186609237410819,8.7125,11.7875,1,1,1,1,125,80,80,125.0,80.0,125.0,125,80,20.39639301083662,11997.35301095006
4256,0,179,0,0,22276,22399,357.915575,359.917853,2.00227799999999,10.198927822689637,8.7125,11.7875,1,1,1,1,123,80,80,123.0,80.0,123.0,123,80,20.421088802959275,12208.09497981805
4256,0,180,0,0,22399,22520,359.917853,361.920128,2.0022749999999974,10.260194389151188,8.7125,11.7875,1,1,1,1,121,80,80,121.0,80.0,121.0,121,80,20.543730720537496,12225.59338752171
4256,0,181,0,0,22520,22664,361.920128,363.922407,2.002279000000044,10.085006576237793,8.7125,11.7875,1,1,1,1,144,80,80,144.0,80.0,144.0,144,80,20.192996882463376,12191.108232169174
4256,0,182,0,0,22664,22796,363.922407,365.924682,2.0022749999999974,10.12265156309051,8.7125,11.7875,1,1,1,1,132,80,80,132.0,80.0,132.0,132,80,20.268332158486828,11853.017192943043
4256,0,183,0,0,22796,22926,365.924682,367.926959,2.0022769999999923,10.08199811711411,8.7125,11.7875,1,1,1,1,130,80,80,130.0,80.0,130.0,130,80,20.186952943940923,12208.600508321322
4256,0,184,0,0,22926,23054,367.926959,369.929234,2.0022749999999974,10.16657367629339,8.7125,11.7875,1,1,1,1,128,80,80,128.0,80.0,128.0,128,80,20.356276307700227,12000.849034223587
4256,0,185,0,0,23054,23198,369.929234,371.931496,2.0022619999999733,10.174028227633084,8.7125,11.7875,1,1,1,1,144,80,80,145.0,80.0,145.0,144,79,20.371070107116793,12554.301085472498
4256,0,186,0,0,23198,23333,371.931496,373.933789,2.0022930000000088,10.218471915249113,8.7125,11.7875,1,1,1,1,135,80,80,134.0,80.0,134.0,135,81,20.460374786599914,12133.089412987956
4256,0,187,0,0,23333,23463,373.933789,375.936064,2.0022749999999974,10.062388758482768,8.7125,11.7875,1,1,1,1,130,80,80,130.0,80.0,130.0,130,80,20.147669451391266,12089.747911750399
4256,0,188,0,0,23463,23594,375.936064,377.938342,2.00227799999999,10.062478049859289,8.7125,11.7875,1,1,1,1,131,80,80,131.0,80.0,131.0,131,80,20.147878424716055,12189.616027344917
4256,0,189,0,0,23594,23725,377.938342,379.940618,2.002275999999995,10.115308907878303,8.7125,11.7875,1,1,1,1,131,80,80,131.0,80.0,131.0,131,80,20.25364025883073,12058.777111646978
4256,0,190,0,0,23725,23863,379.940618,381.941297,2.000679000000048,10.153333639332157,8.7125,11.7875,1,1,1,1,138,80,80,138.0,79.0,138.0,138,79,20.313561392205884,12245.342706150968
4256,0,191,0,0,23863,23993,381.941297,383.945171,2.003873999999996,9.986341789183506,8.7125,11.7875,1,1,1,1,130,80,80,130.0,81.0,130.0,130,81,20.011370666458333,11832.081258602111
4256,0,192,0,0,23993,24112,383.945171,385.947447,2.002275999999995,10.140340336668972,8.7125,11.7875,1,1,1,1,119,80,80,119.0,80.0,119.0,119,80,20.303760087944283,11955.394760762283
4256,0,193,0,0,24112,24242,385.947447,387.949724,2.0022769999999923,10.163857613627398,8.7125,11.7875,1,1,1,1,130,80,80,130.0,80.0,130.0,130,80,20.350858331040854,11721.155464503707
4256,0,194,0,0,24242,24379,387.949724,389.952,2.002275999999995,10.165840128992105,8.7125,11.7875,1,1,1,1,137,80,80,137.0,80.0,137.0,137,80,20.354817710117914,12036.302687541609
4256,0,195,0,0,24379,24511,389.952,391.954277,2.0022769999999923,10.091521504184634,8.7125,11.7875,1,1,1,1,132,80,80,133.0,80.0,133.0,132,80,20.206021402834267,12145.17272085735
4256,0,196,0,0,24511,24638,391.954277,393.956554,2.0022769999999923,10.266221014543888,8.7125,11.7875,1,1,1,1,127,80,80,126.0,80.0,126.0,127,80,20.555818214337705,12333.957789057205
4256,0,197,0,0,24638,24768,393.956554,395.958829,2.0022749999999974,10.291470680661769,8.7125,11.7875,1,1,1,1,130,80,80,130.0,80.0,130.0,130,80,20.606354457122052,12450.337740819834
4256,0,198,0,0,24768,24891,395.958829,397.961107,2.0022780000000466,10.198147217581628,8.7125,11.7875,1,1,1,1,123,80,80,123.0,80.0,123.0,123,80,20.419525814525514,12187.61830275288
4256,0,199,0,0,24891,25018,397.961107,399.963382,2.0022749999999974,9.964552771727538,8.7125,11.7875,1,1,1,1,127,80,80,127.0,80.0,127.0,127,80,19.951774901010594,11776.104680925462
4256,0,200,0,0,25018,25146,399.963382,401.96566,2.00227799999999,9.806595695547003,8.7125,11.7875,1,1,1,1,128,80,80,128.0,80.0,128.0,128,80,19.63553081608825,11749.617186025178
4256,0,201,0,0,25146,25288,401.96566,403.967936,2.002275999999995,10.007481214626191,8.7125,11.7875,1,1,1,1,142,80,80,142.0,80.0,142.0,142,80,20.037739456496638,11949.401581000851
4256,0,202,0,0,25288,25421,403.967936,405.970213,2.0022769999999923,9.92327499927207,8.7125,11.7875,1,1,1,1,133,80,80,133.0,80.0,133.0,133,80,19.869145295717317,11771.09860423912
4256,0,203,0,0,25421,25546,405.970213,407.972491,2.00227799999999,9.936904708196577,8.7125,11.7875,1,1,1,1,125,80,80,125.0,80.0,125.0,125,80,19.896445685318213,11752.613772912713
4256,0,204,0,0,25546,25679,407.972491,409.974765,2.002274,10.092316943835339,8.7125,11.7875,1,1,1,1,133,80,80,133.0,80.0,133.0,133,80,20.207583816400984,12089.753949759124
4256,0,205,0,0,25679,25805,409.974765,411.977041,2.002275999999995,10.078412269598502,8.7125,11.7875,1,1,1,1,126,80,80,126.0,80.0,126.0,126,80,20.179763005522545,11858.505021285808
4256,0,206,0,0,25805,25936,411.977041,413.979319,2.00227799999999,9.9560555535061,8.7125,11.7875,1,1,1,1,131,80,80,131.0,80.0,131.0,131,80,19.9347910015631,11893.453356626862
4256,0,207,0,0,25936,26000,413.979319,414.980469,1.0011500000000524,9.962088960828847,8.7125,11.7875,1,1,1,1,64,40,40,64.0,40.0,64.0,64,40,9.973545363134235,11764.470858512095
4256,0,208,0,0,26000,26124,414.980469,416.982733,2.0022639999999683,10.01409717193796,8.7125,11.7875,1,1,1,1,124,80,80,124.0,80.0,124.0,124,80,20.05086625987269,12250.632284254418
4256,0,209,0,0,26124,26237,416.982733,418.985009,2.002275999999995,9.904649399053715,8.7125,11.7875,1,1,1,1,113,80,80,113.0,80.0,113.0,113,80,19.83184178013971,11862.999906106881
4256,0,210,0,0,26237,26369,418.985009,420.987286,2.0022769999999923,9.877167234548123,8.7125,11.7875,1,1,1,1,132,80,80,132.0,80.0,132.0,132,80,19.776824778889022,11826.036057948071
4256,0,211,0,0,26369,26513,420.987286,422.989562,2.002275999999995,9.834446909576352,8.7125,11.7875,1,1,1,1,144,80,80,144.0,80.0,144.0,144,80,19.69127702031892,12042.795298949826
4256,0,212,0,0,26513,26641,422.989562,424.99184,2.0022780000000466,9.83063833286466,8.7125,11.7875,1,1,1,1,128,80,80,128.0,80.0,128.0,128,80,19.6836708598521,12003.827640317399
4256,0,213,0,0,26641,26768,424.99184,426.99412,2.0022799999999847,9.966141616167313,8.7125,11.7875,1,1,1,1,127,80,80,127.0,80.0,127.0,127,80,19.955006035219412,11739.61683680613
4256,0,214,0,0,26768,26892,426.99412,428.996392,2.002272000000005,9.859653773627818,8.7125,11.7875,1,1,1,1,124,80,80,124.0,80.0,124.0,124,80,19.741708680629472,11399.050678429276
4256,0,215,0,0,26892,27014,428.996392,430.99867,2.00227799999999,9.968441154548673,8.7125,11.7875,1,1,1,1,122,80,80,122.0,80.0,122.0,122,80,19.959590418047355,11912.931171395841
4256,0,216,0,0,27014,27147,430.99867,433.000947,2.0022769999999923,9.963189960381856,8.7125,11.7875,1,1,1,1,133,80,80,133.0,80.0,133.0,133,80,19.949066104303256,11980.360359730494
4256,0,217,0,0,27147,27282,433.000947,435.003223,2.002275999999995,9.997021095734457,8.7125,11.7875,1,1,1,1,135,80,80,135.0,80.0,135.0,135,80,20.01679541148269,11750.62778558004
4256,0,218,0,0,27282,27399,435.003223,437.0055,2.0022769999999923,9.95772572189877,8.7125,11.7875,1,1,1,1,117,80,80,117.0,80.0,117.0,117,80,19.938125185266017,11956.88708405485
4256,0,219,0,0,27399,27518,437.0055,439.007775,2.0022749999999974,9.93650298616314,8.7125,11.7875,1,1,1,1,119,80,80,119.0,80.0,119.0,119,80,19.895611516619738,11740.145584397764
4256,0,220,0,0,27518,27639,439.007775,441.010051,2.002275999999995,10.076382694291151,8.7125,11.7875,1,1,1,1,121,80,80,121.0,80.0,121.0,121,80,20.175699235594493,11994.849860858374
4256,0,221,0,0,27639,27773,441.010051,443.012328,2.002277000000049,9.959026731061133,8.7125,11.7875,1,1,1,1,134,80,80,134.0,80.0,134.0,134,80,19.940730165989407,11973.368320167196
4256,0,222,0,0,27773,27892,443.012328,445.014605,2.0022769999999923,10.134715008384271,8.7125,11.7875,1,1,1,1,119,80,80,119.0,80.0,119.0,119,80,20.292506762843004,11757.114525113204
4256,0,223,0,0,27892,28004,445.014605,447.016882,2.0022769999999923,10.125972226811331,8.7125,11.7875,1,1,1,1,112,80,80,112.0,80.0,112.0,112,80,20.275001292383422,11743.629877384643
4256,0,224,0,0,28004,28136,447.016882,449.019157,2.0022749999999974,10.079614137001908,8.7125,11.7875,1,1,1,1,132,80,80,132.0,80.0,132.0,132,80,20.182159396165844,11804.572299009891
4256,0,225,0,0,28136,28267,449.019157,451.021434,2.0022769999999923,9.923899483670139,8.7125,11.7875,1,1,1,1,131,80,80,131.0,80.0,131.0,131,80,19.87039568646469,11829.532077729551
4256,0,226,0,0,28267,28394,451.021434,453.023712,2.00227799999999,9.904535616396245,8.7125,11.7875,1,1,1,1,127,80,80,127.0,80.0,127.0,127,80,19.831633764926664,11791.569402450668
4256,0,227,0,0,28394,28510,453.023712,455.025988,2.002275999999995,9.882480191850338,8.7125,11.7875,1,1,1,1,116,80,80,116.0,80.0,116.0,116,80,19.787452908617524,11873.487970689386
4256,0,228,0,0,28510,28634,455.025988,457.028264,2.002275999999995,9.910634044190777,8.7125,11.7875,1,1,1,1,124,80,80,124.0,80.0,124.0,124,80,19.84382469146567,11902.954437849758
4256,0,229,0,0,28634,28774,457.028264,459.030543,2.002279000000044,9.943404880416763,8.7125,11.7875,1,1,1,1,140,80,80,140.0,80.0,140.0,140,80,19.90947078055615,11850.995790296696
4256,0,230,0,0,28774,28896,459.030543,461.032398,2.0018549999999777,10.025577349999546,8.7125,11.7875,1,1,1,1,122,80,80,122.0,79.0,122.0,122,79,20.06975214598333,11845.51328642697
4256,0,231,0,0,28896,29013,461.032398,463.035095,2.002697000000012,10.084190350369049,8.7125,11.7875,1,1,1,1,117,80,80,117.0,81.0,117.0,117,81,20.195577762113317,12146.62028254891
4256,0,232,0,0,29013,29138,463.035095,465.037369,2.002274,9.865368565469039,8.7125,11.7875,1,1,1,1,125,80,80,125.0,80.0,125.0,125,80,19.75317097905554,11495.929128580805
4256,0,233,0,0,29138,29259,465.037369,467.039646,2.0022769999999923,9.961524668653679,8.7125,11.7875,1,1,1,1,121,80,80,121.0,80.0,121.0,121,80,19.94573172897799,11954.889358465432
4256,0,234,0,0,29259,29385,467.039646,469.041923,2.0022769999999923,9.948930899959327,8.7125,11.7875,1,1,1,1,126,80,80,126.0,80.0,126.0,126,80,19.92051551557779,11913.935983882395
4256,0,235,0,0,29385,29520,469.041923,471.044198,2.0022749999999974,10.05333372566606,8.7125,11.7875,1,1,1,1,135,80,80,135.0,80.0,135.0,135,80,20.129538785557997,12198.124633229718
4256,0,236,0,0,29520,29648,471.044198,473.046475,2.0022769999999923,10.086265427167568,8.7125,11.7875,1,1,1,1,128,80,80,128.0,80.0,128.0,128,80,20.195497280712516,11844.515019650175
4256,0,237,0,0,29648,29768,473.046475,475.046648,2.000173000000018,9.940284176411671,8.7125,11.7875,1,1,1,1,120,80,80,120.0,79.0,120.0,120,79,19.882288021985914,11833.476404290923
4256,0,238,0,0,29768,29905,475.046648,477.051029,2.0043810000000235,10.09069494993618,8.7125,11.7875,1,1,1,1,137,80,80,137.0,81.0,137.0,137,81,20.225597234448287,12046.112989496367
4256,0,239,0,0,29905,30038,477.051029,479.053304,2.0022749999999974,10.087472240193419,8.7125,11.7875,1,1,1,1,133,80,80,133.0,80.0,133.0,133,80,20.197893479733466,12015.33255921391
4256,0,240,0,0,30038,30162,479.053304,481.055581,2.0022769999999923,10.025690440555067,8.7125,11.7875,1,1,1,1,124,80,80,124.0,80.0,124.0,124,80,20.074209378242813,11859.497961570798
4256,0,241,0,0,30162,30297,481.055581,483.057684,2.002102999999977,9.849019988523754,8.7125,11.7875,1,1,1,1,135,80,80,135.0,79.0,135.0,135,79,19.71875246608306,11846.043884855211
4256,0,242,0,0,30297,30424,483.057684,485.060135,2.0024510000000078,9.962080695334462,8.7125,11.7875,1,1,1,1,127,80,80,127.0,81.0,127.0,127,81,19.94857845045317,11684.680424140171
4256,0,243,0,0,30424,30552,485.060135,487.062411,2.002275999999995,9.82679697187941,8.7125,11.7875,1,1,1,1,128,80,80,128.0,80.0,128.0,128,80,19.675959733666787,11879.980582097603
4256,0,244,0,0,30552,30671,487.062411,489.064689,2.00227799999999,9.862851303643723,8.7125,11.7875,1,1,1,1,119,80,80,119.0,80.0,119.0,119,80,19.74817018255726,11676.200807280567
4256,0,245,0,0,30671,30811,489.064689,491.066965,2.002275999999995,9.920469678372557,8.7125,11.7875,1,1,1,1,140,80,80,140.0,80.0,140.0,140,80,19.8635183457327,11878.981718804032
4256,0,246,0,0,30811,30956,491.066965,493.069241,2.002275999999995,9.992129298839815,8.7125,11.7875,1,1,1,1,145,80,80,145.0,80.0,145.0,145,80,20.00700068396418,11946.904422766922
4256,0,247,0,0,30956,31095,493.069241,495.071518,2.002277000000049,9.989574426199912,8.7125,11.7875,1,1,1,1,139,80,80,139.0,80.0,139.0,139,80,20.001895113368846,11844.015588252483
4256,0,248,0,0,31095,31221,495.071518,497.073795,2.0022769999999923,9.86446938512076,8.7125,11.7875,1,1,1,1,126,80,80,126.0,80.0,126.0,126,80,19.751400167031534,11913.935983882395
4256,0,249,0,0,31221,31349,497.073795,499.076074,2.0022789999999873,9.783849276085066,8.7125,11.7875,1,1,1,1,128,80,80,128.0,80.0,128.0,128,80,19.58999594467059,11635.741073047337
4256,0,250,0,0,31349,31484,499.076074,501.078346,2.002272000000005,9.921686045406796,8.7125,11.7875,1,1,1,1,135,80,80,135.0,80.0,135.0,135,80,19.865914161508954,11710.696648607154
4256,0,251,0,0,31484,31620,501.078346,503.080625,2.0022789999999873,9.784681921117459,8.7125,11.7875,1,1,1,1,136,80,80,136.0,80.0,136.0,136,80,19.59166313233345,11419.98692489915
4256,0,252,0,0,31620,31760,503.080625,505.0829,2.0022749999999974,9.946546786931098,8.7125,11.7875,1,1,1,1,140,80,80,140.0,80.0,140.0,140,80,19.91572196780271,11616.286474135686
4256,0,253,0,0,31760,31888,505.0829,507.085177,2.0022769999999923,9.853905190720125,8.7125,11.7875,1,1,1,1,128,80,80,128.0,80.0,128.0,128,80,19.73024772355984,11885.46839423321
4256,0,254,0,0,31888,32015,507.085177,509.087453,2.002275999999995,9.979743685425722,8.7125,11.7875,1,1,1,1,127,80,80,127.0,80.0,127.0,127,80,19.982201267479468,11692.693714552868
4256,0,255,0,0,32015,32154,509.087453,511.08973,2.0022769999999923,9.768298787818436,8.7125,11.7875,1,1,1,1,139,80,80,139.0,80.0,139.0,139,80,19.558839991977038,11604.288517522846
4256,0,256,0,0,32154,32290,511.08973,513.092006,2.002275999999995,9.840119312358437,8.7125,11.7875,1,1,1,1,136,80,80,136.0,80.0,136.0,136,80,19.702634736271648,11514.396616650281
4256,0,257,0,0,32290,32419,513.092006,515.094283,2.002277000000049,9.796764868296718,8.7125,11.7875,1,1,1,1,129,80,80,129.0,80.0,129.0,129,80,19.61583697019887,11883.470668643457
4256,0,258,0,0,32419,32549,515.094283,517.09656,2.0022769999999355,9.850418486164525,8.7125,11.7875,1,1,1,1,130,80,80,130.0,80.0,130.0,130,80,19.7232663752211,11679.203227126294
4256,0,259,0,0,32549,32671,517.09656,519.098835,2.002275000000054,9.665632607938951,8.7125,11.7875,1,1,1,1,122,80,80,122.0,80.0,122.0,122,80,19.35325453006135,11332.60915708351
4256,0,260,0,0,32671,32804,519.098835,521.099353,2.0005179999999427,9.834899494489575,8.7125,11.7875,1,1,1,1,133,80,80,133.0,79.0,133.0,133,79,19.67489346691673,11653.481748227543
4256,0,261,0,0,32804,32936,521.099353,523.103389,2.004036000000042,9.798941075244851,8.7125,11.7875,1,1,1,1,132,80,80,132.0,81.0,132.0,132,81,19.637430676670192,11501.29039598067
4256,0,262,0,0,32936,33065,523.103389,525.105665,2.0022760000000517,9.860363025039181,8.7125,11.7875,1,1,1,1,129,80,80,129.0,80.0,129.0,129,80,19.74316823632398,11590.31022696142
4256,0,263,0,0,33065,33188,525.105665,527.107942,2.0022769999999355,9.880081495072709,8.7125,11.7875,1,1,1,1,123,80,80,123.0,80.0,123.0,123,80,19.78265993570949,11958.884809644605
4256,0,264,0,0,33188,33301,527.107942,529.110217,2.002275000000054,9.810252930913832,8.7125,11.7875,1,1,1,1,113,80,80,113.0,80.0,113.0,113,80,19.642824187246333,11631.269431021898
4256,0,265,0,0,33301,33419,529.110217,531.112494,2.0022769999999355,9.895433403191857,8.7125,11.7875,1,1,1,1,118,80,80,118.0,80.0,118.0,118,80,19.813398708241948,11875.479766286466
4256,0,266,0,0,33419,33543,531.112494,533.114772,2.0022780000000466,9.856502382100619,8.7125,11.7875,1,1,1,1,124,80,80,124.0,80.0,124.0,124,80,19.73545787662806,11781.081348343962
4256,0,267,0,0,33543,33667,533.114772,535.117047,2.0022749999999405,9.7971387454557,8.7125,11.7875,1,1,1,1,124,80,80,124.0,80.0,124.0,124,80,19.61656598155696,11664.23193617295
4256,0,268,0,0,33667,33790,535.117047,537.119323,2.0022760000000517,9.916982972075036,8.7125,11.7875,1,1,1,1,123,80,80,123.0,80.0,123.0,123,80,19.85653699739487,11807.063561666519
4256,0,269,0,0,33790,33918,537.119323,539.121599,2.002275999999938,9.936758321224142,8.7125,11.7875,1,1,1,1,128,80,80,128.0,80.0,128.0,128,80,19.896132704387128,11982.364069689065
4256,0,270,0,0,33918,34042,539.121599,541.123878,2.002279000000044,9.76391783562193,8.7125,11.7875,1,1,1,1,124,80,80,124.0,80.0,124.0,124,80,19.550087639991943,11641.234812930408
4256,0,271,0,0,34042,34174,541.123878,543.126154,2.0022760000000517,9.87633942553551,8.7125,11.7875,1,1,1,1,132,80,80,132.0,80.0,132.0,132,80,19.775157399603813,12009.333378614827
4256,0,272,0,0,34174,34304,543.126154,545.12843,2.002275999999938,9.748736383135393,8.7125,11.7875,1,1,1,1,130,80,80,130.0,80.0,130.0,130,80,19.51966089027792,11689.697124672484
4256,0,273,0,0,34304,34430,545.12843,547.130706,2.0022760000000517,9.773143327215566,8.7125,11.7875,1,1,1,1,126,80,80,126.0,80.0,126.0,126,80,19.568530328644556,11650.741456222519
4256,0,274,0,0,34430,34562,547.130706,549.132983,2.0022769999999355,9.781933363843171,8.7125,11.7875,1,1,1,1,132,80,80,132.0,80.0,132.0,132,80,19.586140189955586,11535.366984688304
4256,0,275,0,0,34562,34698,549.132983,551.13526,2.002277000000049,9.839906332129848,8.7125,11.7875,1,1,1,1,136,80,80,136.0,80.0,136.0,136,80,19.70221813097851,11735.638975026644
4256,0,276,0,0,34698,34826,551.13526,553.137536,2.002275999999938,9.827681658552121,8.7125,11.7875,1,1,1,1,128,80,80,128.0,80.0,128.0,128,80,19.677731120558747,11565.338644622778
4256,0,277,0,0,34826,34942,553.137536,555.139813,2.002277000000049,9.766893697922514,8.7125,11.7875,1,1,1,1,116,80,80,116.0,80.0,116.0,116,80,19.556026612795904,11724.152052887499
4256,0,278,0,0,34942,35062,555.139813,557.142088,2.0022749999999405,9.721732179068287,8.7125,11.7875,1,1,1,1,120,80,80,120.0,80.0,120.0,120,80,19.465581298843063,11613.789314654925
4256,0,279,0,0,35062,35185,557.142088,559.144367,2.002279000000044,9.817831601469262,8.7125,11.7875,1,1,1,1,123,80,80,123.0,80.0,123.0,123,80,19.65803804115876,11809.043594823439
4256,0,280,0,0,35185,35315,559.144367,561.146643,2.0022760000000517,9.801453300733492,8.7125,11.7875,1,1,1,1,130,80,80,130.0,80.0,130.0,130,80,19.62521470918,11795.077202143655
4256,0,281,0,0,35315,35438,561.146643,563.148918,2.0022749999999405,9.881288102148895,8.7125,11.7875,1,1,1,1,123,80,80,123.0,80.0,123.0,123,80,19.78505613472953,11789.089910227467
4256,0,282,0,0,35438,35569,563.148918,565.151194,2.0022760000000517,9.75805161339167,8.7125,11.7875,1,1,1,1,131,80,80,131.0,80.0,131.0,131,80,19.538312552255775,11603.79488142464
4256,0,283,0,0,35569,35696,565.151194,567.153476,2.002281999999923,9.854037183253347,8.7125,11.7875,1,1,1,1,127,80,80,127.0,80.0,127.0,127,80,19.73056127935797,11770.569779881609
4256,0,284,0,0,35696,35823,567.153476,569.155748,2.002272000000062,9.866419038167196,8.7125,11.7875,1,1,1,1,127,80,80,127.0,80.0,127.0,127,80,19.7552545803901,11820.5718304003
4256,0,285,0,0,35823,35941,569.155748,571.158023,2.0022749999999405,9.846004698414827,8.7125,11.7875,1,1,1,1,118,80,80,118.0,80.0,118.0,118,80,19.714409057517514,11869.997877414793
4256,0,286,0,0,35941,36051,571.158023,573.160302,2.002279000000044,9.775887107962554,8.7125,11.7875,1,1,1,1,110,80,80,110.0,80.0,110.0,110,80,19.57405346264477,11585.298552299399
4256,0,287,0,0,36051,36174,573.160302,575.162578,2.0022760000000517,9.75602203808432,8.7125,11.7875,1,1,1,1,123,80,80,123.0,80.0,123.0,123,80,19.534248782328177,11606.791471305354
4256,0,288,0,0,36174,36307,575.162578,577.164853,2.0022749999999405,9.949773292877557,8.7125,11.7875,1,1,1,1,133,80,80,133.0,80.0,133.0,133,80,19.922182319995954,11650.247843078845
4256,0,289,0,0,36307,36432,577.164853,579.16713,2.002277000000049,10.058736073285834,8.7125,11.7875,1,1,1,1,125,80,80,125.0,80.0,125.0,125,80,20.140375888610833,11917.931435060891
4256,0,290,0,0,36432,36561,579.16713,581.169408,2.002277999999933,10.100571579116556,8.7125,11.7875,1,1,1,1,129,80,80,129.0,80.0,129.0,129,80,20.224152260289884,12106.2110256422
4256,0,291,0,0,36561,36680,581.169408,583.171684,2.0022760000000517,9.979171241107986,8.7125,11.7875,1,1,1,1,119,80,80,119.0,80.0,119.0,119,80,19.981055075961194,12011.331105201969
4256,0,292,0,0,36680,36804,583.171684,585.173959,2.0022749999999405,10.087055916845804,8.7125,11.7875,1,1,1,1,124,80,80,124.0,80.0,124.0,124,80,20.19705988590158,11993.856987676874
4256,0,293,0,0,36804,36930,585.173959,587.176236,2.002277000000049,10.070653317215612,8.7125,11.7875,1,1,1,1,126,80,80,126.0,80.0,126.0,126,80,20.16423751203547,11788.578703146179
4256,0,294,0,0,36930,37060,587.176236,589.178512,2.002275999999938,10.06628685814717,8.7125,11.7875,1,1,1,1,130,80,80,130.0,80.0,130.0,130,80,20.15548458518242,12251.05829565992
4256,0,295,0,0,37060,37182,589.178512,591.18079,2.0022780000000466,10.167859739401894,8.7125,11.7875,1,1,1,1,122,80,80,122.0,80.0,122.0,122,80,20.358881863290662,12119.196235487498
4256,0,296,0,0,37182,37306,591.18079,593.183066,2.0022760000000517,10.030170825754253,8.7125,11.7875,1,1,1,1,124,80,80,124.0,80.0,124.0,124,80,20.083170320308454,12099.231075036296
4256,0,297,0,0,37306,37451,593.183066,595.185342,2.002275999999938,9.93077367608708,8.7125,11.7875,1,1,1,1,145,80,80,145.0,80.0,145.0,145,80,19.884149793060715,12100.229938330554
4256,0,298,0,0,37451,37580,595.185342,597.18762,2.0022780000000466,10.115351035822254,8.7125,11.7875,1,1,1,1,129,80,80,129.0,80.0,129.0,129,80,20.25374484130498,11869.980092674168
4256,0,299,0,0,37580,37710,597.18762,599.189895,2.0022749999999405,10.026168627216219,8.7125,11.7875,1,1,1,1,130,80,80,130.0,80.0,130.0,130,80,20.0751467880591,11613.789314654925
4256,0,300,0,0,37710,37838,599.189895,601.192172,2.002277000000049,10.068883944754422,8.7125,11.7875,1,1,1,1,128,80,80,128.0,80.0,128.0,128,80,20.16069473825155,11749.623054152558
4256,0,301,0,0,37838,37962,601.192172,603.194448,2.002275999999938,10.074040876629104,8.7125,11.7875,1,1,1,1,124,80,80,124.0,80.0,124.0,124,80,20.171010270292754,12187.131044871314
4256,0,302,0,0,37962,38100,603.194448,605.196726,2.0022780000000466,10.138508987351432,8.7125,11.7875,1,1,1,1,138,80,80,138.0,80.0,138.0,138,80,20.30011349817687,12169.63878142767
4256,0,303,0,0,38100,38238,605.196726,607.198875,2.0021490000000313,10.043909913775092,8.7125,11.7875,1,1,1,1,138,80,80,138.0,79.0,138.0,138,79,20.109404189955058,12065.535582016933
4256,0,304,0,0,38238,38365,607.198875,609.201277,2.002401999999961,10.120980956846534,8.7125,11.7875,1,1,1,1,127,80,80,127.0,81.0,127.0,127,81,20.266272509950795,11953.643673947821
4256,0,305,0,0,38365,38497,609.201277,611.203556,2.002279000000044,10.169936369541698,8.7125,11.7875,1,1,1,1,132,80,80,132.0,80.0,132.0,132,80,20.363050024069707,12469.79067352724
4256,0,306,0,0,38497,38632,611.203556,613.205834,2.002277999999933,10.130807016955774,8.7125,11.7875,1,1,1,1,135,80,80,135.0,80.0,135.0,135,80,20.284692012295636,12454.314535744204
4256,0,307,0,0,38632,38764,613.205834,615.208112,2.0022780000000466,10.115038793779163,8.7125,11.7875,1,1,1,1,132,80,80,132.0,80.0,132.0,132,80,20.253119645931292,12235.563692953441
4256,0,308,0,0,38764,38894,615.208112,617.21039,2.002277999999933,10.147616046942122,8.7125,11.7875,1,1,1,1,130,80,80,130.0,80.0,130.0,130,80,20.31834836323833,12314.973245473819
4256,0,309,0,0,38894,39000,617.21039,618.757883,1.5474930000000313,10.191494230839702,8.7125,11.7875,1,1,1,1,106,62,62,106.0,61.0,106.0,106,61,15.771265981765282,12153.851422914107
4256,0,310,0,0,39000,39122,618.757883,620.759462,2.0015789999999924,10.063894910339794,8.7125,11.7875,1,1,1,1,122,80,80,122.0,80.0,122.0,122,80,20.143680710742956,12196.87057068449
4256,0,311,0,0,39122,39245,620.759462,622.766708,2.007246000000009,10.164919157992662,8.7125,11.7875,1,1,1,1,123,80,80,123.0,81.0,123.0,123,81,20.40349332020378,12081.727899818901
4256,0,312,0,0,39245,39374,622.766708,624.768984,2.0022760000000517,10.1565769391275,8.7125,11.7875,1,1,1,1,129,80,80,129.0,80.0,129.0,129,80,20.336270247368702,12103.72595985737
4256,0,313,0,0,39374,39507,624.768984,626.771261,2.0022769999999355,10.268198548471386,8.7125,11.7875,1,1,1,1,133,80,80,133.0,80.0,133.0,133,80,20.559777785037113,12250.053314302062
4256,0,314,0,0,39507,39640,626.771261,628.773538,2.002277000000049,10.253367044016722,8.7125,11.7875,1,1,1,1,133,80,80,133.0,80.0,133.0,133,80,20.53008100479292,12262.039667837866
4256,0,315,0,0,39640,39768,628.773538,630.775813,2.0022749999999405,10.123796452297503,8.7125,11.7875,1,1,1,1,128,80,80,128.0,80.0,128.0,128,80,20.27062454152383,11738.647288709442
4256,0,316,0,0,39768,39908,630.775813,632.778092,2.002279000000044,10.116751168097709,8.7125,11.7875,1,1,1,1,140,80,80,140.0,80.0,140.0,140,80,20.25655841210755,12206.5905900224
4256,0,317,0,0,39908,40038,632.778092,634.780366,2.002273999999943,10.179796931002269,8.7125,11.7875,1,1,1,1,130,80,80,130.0,80.0,130.0,130,80,20.382742720224996,11882.489609314547
4256,0,318,0,0,40038,40164,634.780366,636.782645,2.002279000000044,8.22092250997195,8.7125,11.7875,1,0,0,1,126,80,80,126.0,80.0,126.0,126,80,16.460580502344783,9774.86154526895
4256,0,319,0,0,40164,40244,636.782645,638.784919,2.002273999999943,1.006159418955946,8.7125,11.7875,1,0,0,0,80,80,80,80.0,80.0,80.0,80,80,2.014606844430091,430.5105095506532
4256,0,320,0,0,40244,40324,638.784919,640.787197,2.0022780000000466,1.0075108405886242,8.7125,11.7875,1,0,0,0,80,80,80,80.0,80.0,80.0,80,80,2.017316790872428,426.0147691778964
4256,0,321,0,0,40324,40404,640.787197,642.789474,2.002277000000049,1.007407167335925,8.7125,11.7875,1,0,0,0,80,80,80,80.0,80.0,80.0,80,80,2.0171082007918812,400.04454928063416
4256,0,322,0,0,40404,40484,642.789474,644.79175,2.002275999999938,1.0079800190821673,8.7125,11.7875,1,0,0,0,80,80,80,80.0,80.0,80.0,80,80,2.0182542006878066,433.5066694102246
4256,0,323,0,0,40484,40564,644.79175,646.794026,2.0022760000000517,1.0078759382971285,8.7125,11.7875,1,0,0,0,80,80,80,80.0,80.0,80.0,80,80,2.018045802229608,425.51576306162485
4256,0,324,0,0,40564,40644,646.794026,648.796301,2.0022749999999405,1.0077722651232617,8.7125,11.7875,1,0,0,0,80,80,80,80.0,80.0,80.0,80,80,2.0178372121499706,437.50234108702654
4256,0,325,0,0,40644,40724,648.796301,650.798578,2.002277000000049,1.0080836921004979,8.7125,11.7875,1,0,0,0,80,80,80,80.0,80.0,80.0,80,80,2.0184627907683534,453.48370879752287
4256,0,326,0,0,40724,40804,650.798578,652.800858,2.002279999999928,1.0088110328426159,8.7125,11.7875,1,0,0,0,80,80,80,80.0,80.0,80.0,80,80,2.01992215484006,412.0302854745738
4256,0,327,0,0,40804,40890,652.800858,654.803132,2.0022740000000567,1.8125261061344617,8.7125,11.7875,1,0,0,0,86,80,80,86.0,80.0,86.0,86,80,3.629173896634711,1805.946638671779
4256,0,328,0,0,40890,40973,654.803132,656.805408,2.0022760000000517,2.717767114544475,8.7125,11.7875,1,0,0,1,83,80,80,83.0,80.0,83.0,83,80,5.441719867041684,3387.644860149063
4256,0,329,0,0,40973,41058,656.805408,658.807685,2.0022769999999355,2.7930682632422137,8.7125,11.7875,1,0,0,1,85,80,80,85.0,80.0,85.0,85,80,5.5924963429197305,3432.5919940149247
4256,0,330,0,0,41058,41152,658.807685,660.809965,2.0022800000000416,3.9977970450769837,8.7125,11.7875,1,0,0,1,94,80,80,94.0,80.0,94.0,94,80,8.004709067417025,4874.443134826197
4256,0,331,0,0,41152,41242,660.809965,662.812239,2.002273999999943,5.388797491071701,8.7125,11.7875,1,0,0,1,90,80,80,90.0,80.0,90.0,90,80,10.789849107637565,6629.462301363538
4256,0,332,0,0,41242,41358,662.812239,664.814515,2.0022760000000517,6.816156185189498,8.7125,11.7875,1,0,0,1,116,80,80,116.0,80.0,116.0,116,80,13.647825941857263,8113.267102037671
4256,0,333,0,0,41358,41475,664.814515,666.816791,2.002275999999938,8.901935116437327,8.7125,11.7875,1,1,0,1,117,80,80,117.0,80.0,117.0,117,80,17.82413103719955,10705.816780504118
4256,0,334,0,0,41475,41614,666.816791,668.819067,2.0022760000000517,8.966257041562123,8.7125,11.7875,1,1,1,1,139,80,80,139.0,80.0,139.0,139,80,17.95292128415167,10750.26619706746
4256,0,335,0,0,41614,41744,668.819067,670.821344,2.0022769999999355,9.246229831034649,8.7125,11.7875,1,1,1,1,130,80,80,130.0,80.0,130.0,130,80,18.51351332739432,10901.08911004856
4256,0,336,0,0,41744,41868,670.821344,672.82362,2.0022760000000517,9.558684869738762,8.7125,11.7875,1,1,1,1,124,80,80,124.0,80.0,124.0,124,80,19.139125306241112,11360.072237793098
4256,0,337,0,0,41868,42001,672.82362,674.825898,2.0022780000000466,9.585944651763107,8.7125,11.7875,1,1,1,1,133,80,80,133.0,80.0,133.0,133,80,19.193726085443814,11468.936880892395
4256,0,338,0,0,42001,42136,674.825898,676.828174,2.002275999999938,9.916930931683092,8.7125,11.7875,1,1,1,1,135,80,80,135.0,80.0,135.0,135,80,19.85643279816577,11821.047647777195
4256,0,339,0,0,42136,42268,676.828174,678.83045,2.0022760000000517,9.88456180754991,8.7125,11.7875,1,1,1,1,132,80,80,132.0,80.0,132.0,132,80,19.79162087777422,11565.838076268907
4256,0,340,0,0,42268,42413,678.83045,680.832727,2.0022769999999355,9.958506327396632,8.7125,11.7875,1,1,1,1,145,80,80,145.0,80.0,145.0,145,80,19.939688173700233,11911.438826895963
4256,0,341,0,0,42413,42544,680.832727,682.835002,2.002275000000054,9.820348772100276,8.7125,11.7875,1,1,1,1,131,80,80,131.0,80.0,131.0,131,80,19.66303883765795,11911.450724800217
4256,0,342,0,0,42544,42693,682.835002,684.837279,2.0022769999999355,10.039220935846798,8.7125,11.7875,1,1,1,1,149,80,80,149.0,80.0,149.0,149,80,20.10130117776407,12179.63348727513
4256,0,343,0,0,42693,42824,684.837279,686.839555,2.0022760000000517,9.972197828513496,8.7125,11.7875,1,1,1,1,131,80,80,131.0,80.0,131.0,131,80,19.967092379285532,11882.477740331196
4256,0,344,0,0,42824,42946,686.839555,688.840218,2.0006630000000314,9.90081391316669,8.7125,11.7875,1,1,1,1,122,80,80,122.0,79.0,122.0,122,79,19.808192065957883,11599.654714461974
4256,0,345,0,0,42946,43071,688.840218,690.844109,2.0038909999999532,9.86796221862029,8.7125,11.7875,1,1,1,1,125,80,80,125.0,81.0,125.0,125,81,19.77432067823247,11645.84301241961
4256,0,346,0,0,43071,43197,690.844109,692.846386,2.002277000000049,9.993425413321324,8.7125,11.7875,1,1,1,1,126,80,80,126.0,80.0,126.0,126,80,20.009605856309463,12079.247776406264
4256,0,347,0,0,43197,43333,692.846386,694.848661,2.0022749999999405,9.820088570008389,8.7125,11.7875,1,1,1,1,136,80,80,136.0,80.0,136.0,136,80,19.662517841513363,11643.75522842801
4256,0,348,0,0,43333,43457,694.848661,696.850938,2.002277000000049,9.927646390058264,8.7125,11.7875,1,1,1,1,124,80,80,124.0,80.0,124.0,124,80,19.877898030947108,11775.593486814972
4256,0,349,0,0,43457,43581,696.850938,698.853216,2.002277999999933,10.015693783736577,8.7125,11.7875,1,1,1,1,124,80,80,124.0,80.0,124.0,124,80,20.054203317911742,11816.54095984713
4256,0,350,0,0,43581,43707,698.853216,700.855493,2.002277000000049,9.89387219219614,8.7125,11.7875,1,1,1,1,126,80,80,126.0,80.0,126.0,126,80,19.810272731374425,11689.691286470066
4256,0,351,0,0,43707,43832,700.855493,702.857769,2.002275999999938,9.908396307313717,8.7125,11.7875,1,1,1,1,125,80,80,125.0,80.0,125.0,125,80,19.839344124622585,11882.477740331871
4256,0,352,0,0,43832,43970,702.857769,704.860044,2.002275000000054,9.969548651901997,8.7125,11.7875,1,1,1,1,138,80,80,138.0,80.0,138.0,138,80,19.961778026987304,11983.368917855614
4256,0,353,0,0,43970,44104,704.860044,706.862321,2.0022769999999355,10.086109306068334,8.7125,11.7875,1,1,1,1,134,80,80,134.0,80.0,134.0,134,80,20.195184683026127,12194.616429195754
4256,0,354,0,0,44104,44217,706.862321,708.864597,2.0022760000000517,9.818938872612213,8.7125,11.7875,1,1,1,1,113,80,80,113.0,80.0,113.0,113,80,19.660225650099164,11419.504603760626
4256,0,355,0,0,44217,44362,708.864597,710.866873,2.0022760000000517,9.886279140502284,8.7125,11.7875,1,1,1,1,145,80,80,145.0,80.0,145.0,145,80,19.795059452329042,11801.569813551872
4256,0,356,0,0,44362,44482,710.866873,712.86915,2.0022769999999355,9.844277722916864,8.7125,11.7875,1,1,1,1,120,80,80,120.0,80.0,120.0,120,80,19.7109708662083,11646.24075490092
4256,0,357,0,0,44482,44620,712.86915,714.871428,2.0022780000000466,9.92566399464506,8.7125,11.7875,1,1,1,1,138,80,80,138.0,80.0,138.0,138,80,19.87393865187005,11642.738920369427
4256,0,358,0,0,44620,44744,714.871428,716.873703,2.0022749999999405,9.911731746963689,8.7125,11.7875,1,1,1,1,124,80,80,124.0,80.0,124.0,124,80,19.84601268365077,11442.48417425213
4256,0,359,0,0,44744,44867,716.873703,718.87598,2.002277000000049,9.933526951473397,8.7125,11.7875,1,1,1,1,123,80,80,123.0,80.0,123.0,123,80,19.889672543816232,11769.100878649368
4256,0,360,0,0,44867,44992,718.87598,720.878257,2.0022769999999355,9.916041388328072,8.7125,11.7875,1,1,1,1,125,80,80,125.0,80.0,125.0,125,80,19.854661602897067,11799.566193888639
4256,0,361,0,0,44992,45136,720.878257,722.880536,2.002279000000044,9.94735994432062,8.7125,11.7875,1,1,1,1,144,80,80,144.0,80.0,144.0,144,80,19.917389921954964,12011.313108712357
4256,0,362,0,0,45136,45254,722.880536,724.882809,2.0022729999999456,9.835033802568587,8.7125,11.7875,1,1,1,1,118,80,80,118.0,80.0,118.0,118,80,19.69242263697015,11840.543222627806
4256,0,363,0,0,45254,45381,724.882809,726.885085,2.0022760000000517,9.84110807981559,8.7125,11.7875,1,1,1,1,127,80,80,127.0,80.0,127.0,127,80,19.704614521621806,11602.29658648428
4256,0,364,0,0,45381,45509,726.885085,728.887362,2.002277000000049,9.91083735167696,8.7125,11.7875,1,1,1,1,128,80,80,128.0,80.0,128.0,128,80,19.844241680004416,11917.931435060891
4256,0,365,0,0,45509,45632,728.887362,730.889641,2.0022789999999304,9.906039934588758,8.7125,11.7875,1,1,1,1,123,80,80,123.0,80.0,123.0,123,80,19.834655734187436,11806.546440331653
4256,0,366,0,0,45632,45781,730.889641,732.891916,2.002275000000054,9.807234586641597,8.7125,11.7875,1,1,1,1,149,80,80,149.0,80.0,149.0,149,80,19.636780631968577,11985.366645440487
4256,0,367,0,0,45781,45907,732.891916,734.894191,2.0022749999999405,9.965541539679066,8.7125,11.7875,1,1,1,1,126,80,80,126.0,80.0,126.0,126,80,19.9537546863603,11741.144448190533
4256,0,368,0,0,45907,46028,734.894191,736.896469,2.0022780000000466,9.86701453088465,8.7125,11.7875,1,1,1,1,121,80,80,121.0,80.0,121.0,121,80,19.756506120871563,11530.866343234788
4256,0,369,0,0,46028,46160,736.896469,738.898745,2.002275999999938,9.910738124976046,8.7125,11.7875,1,1,1,1,132,80,80,132.0,80.0,132.0,132,80,19.84403308992387,11928.42545183618
4256,0,370,0,0,46160,46299,738.898745,740.901022,2.002277000000049,9.887783469314988,8.7125,11.7875,1,1,1,1,139,80,80,139.0,80.0,139.0,139,80,19.798081421589814,12009.826812174044
4256,0,371,0,0,46299,46427,740.901022,742.903298,2.002275999999938,9.811393015700812,8.7125,11.7875,1,1,1,1,128,80,80,128.0,80.0,128.0,128,80,19.64511676190432,11952.398170881906
4256,0,372,0,0,46427,46567,742.903298,744.905575,2.002277000000049,9.830018662493787,8.7125,11.7875,1,1,1,1,140,80,80,140.0,80.0,140.0,140,80,19.68242027748238,11646.740186297613
4256,0,373,0,0,46567,46684,744.905575,746.907851,2.0022760000000517,9.826953093056625,8.7125,11.7875,1,1,1,1,117,80,80,117.0,80.0,117.0,117,80,19.676272331353175,11709.174958896474
4256,0,374,0,0,46684,46820,746.907851,748.910128,2.0022769999999355,9.747638762315988,8.7125,11.7875,1,1,1,1,136,80,80,136.0,80.0,136.0,136,80,19.51747289809282,11750.12248555058
4256,0,375,0,0,46820,46949,748.910128,750.912404,2.0022760000000517,9.791201343411743,8.7125,11.7875,1,1,1,1,129,80,80,129.0,80.0,129.0,129,80,19.604687461081994,11740.139720997202
4256,0,376,0,0,46949,47072,750.912404,752.914681,2.0022769999999355,9.742070443099891,8.7125,11.7875,1,1,1,1,123,80,80,123.0,80.0,123.0,123,80,19.50632358059829,11459.453412290477
4256,0,377,0,0,47072,47197,752.914681,754.916958,2.002277000000049,9.737386810113845,8.7125,11.7875,1,1,1,1,125,80,80,125.0,80.0,125.0,125,80,19.496945649994814,11501.905081064924
4256,0,378,0,0,47197,47330,754.916958,756.919235,2.0022769999999355,9.788646571122392,8.7125,11.7875,1,1,1,1,133,80,80,133.0,80.0,133.0,133,80,19.59958189048666,11658.726539834774
4256,0,379,0,0,47330,47456,756.919235,758.921511,2.0022760000000517,9.682853246234673,8.7125,11.7875,1,1,1,1,126,80,80,126.0,80.0,126.0,126,80,19.387744666458275,11651.240887869304
4256,0,380,0,0,47456,47586,758.921511,760.923789,2.0022780000000466,9.773810281022275,8.7125,11.7875,1,1,1,1,130,80,80,130.0,80.0,130.0,130,80,19.569885301864815,11938.402159939551
4256,0,381,0,0,47586,47719,760.923789,762.926064,2.0022749999999405,9.826697703156215,8.7125,11.7875,1,1,1,1,133,80,80,133.0,80.0,133.0,133,80,19.67575114358624,11452.47281217649
4256,0,382,0,0,47719,47849,762.926064,764.92834,2.0022760000000517,9.826276567954176,8.7125,11.7875,1,1,1,1,130,80,80,130.0,80.0,130.0,130,80,19.674917741377612,11914.441365725497
4256,0,383,0,0,47849,47974,764.92834,766.930618,2.002277999999933,9.924987470218918,8.7125,11.7875,1,1,1,1,125,80,80,125.0,80.0,125.0,125,80,19.872584061894486,11938.402159940228
4256,0,384,0,0,47974,48100,766.930618,768.932895,2.002277000000049,9.840166533962377,8.7125,11.7875,1,1,1,1,126,80,80,126.0,80.0,126.0,126,80,19.702739127123095,11815.5479986033
4256,0,385,0,0,48100,48233,768.932895,770.93517,2.0022749999999405,9.764405322227486,8.7125,11.7875,1,1,1,1,133,80,80,133.0,80.0,133.0,133,80,19.551024666562625,11516.400094892402
4256,0,386,0,0,48233,48375,770.93517,772.937445,2.002275000000054,9.705911891847752,8.7125,11.7875,1,1,1,1,142,80,80,142.0,80.0,142.0,142,80,19.43390473324962,12060.78086176941
4256,0,387,0,0,48375,48489,772.937445,774.939723,2.002277999999933,9.800715137069078,8.7125,11.7875,1,1,1,1,114,80,80,114.0,80.0,114.0,114,80,19.623756303220034,11519.878857981146
4256,0,388,0,0,48489,48604,774.939723,776.942,2.002277000000049,9.852708262290223,8.7125,11.7875,1,1,1,1,115,80,80,115.0,80.0,115.0,115,80,19.727851141294195,11541.859592853252
4256,0,389,0,0,48604,48738,776.942,778.944276,2.002275999999938,10.093191741067702,8.7125,11.7875,1,1,1,1,134,80,80,134.0,80.0,134.0,134,80,20.20935558653764,12083.748693986618
4256,0,390,0,0,48738,48872,778.944276,780.946553,2.002277000000049,10.151784248597819,8.7125,11.7875,1,1,1,1,134,80,80,134.0,80.0,134.0,134,80,20.326684109930284,11775.094055417618
4256,0,391,0,0,48872,48999,780.946553,782.946585,2.000032000000033,10.089192477682099,8.7125,11.7875,1,1,1,1,127,80,80,127.0,79.0,127.0,127,79,20.178707809523985,12031.307499079818
4256,0,392,0,0,48999,49137,782.946585,784.951107,2.0045219999999517,10.016392010187865,8.7125,11.7875,1,1,1,1,138,80,80,138.0,81.0,138.0,138,81,20.078078145045765,11661.633047679477
4256,0,393,0,0,49137,49268,784.951107,786.953384,2.002277000000049,10.146892454146295,8.7125,11.7875,1,1,1,1,131,80,80,131.0,80.0,131.0,131,80,20.31688938241132,12297.998728447361
4256,0,394,0,0,49268,49401,786.953384,788.955659,2.0022749999999405,9.895286974721852,8.7125,11.7875,1,1,1,1,133,80,80,133.0,80.0,133.0,133,80,19.813085727310863,11470.951792336558
4256,0,395,0,0,49401,49536,788.955659,790.957935,2.0022760000000517,10.073364351526092,8.7125,11.7875,1,1,1,1,135,80,80,135.0,80.0,135.0,135,80,20.16965568031719,12080.752104105217
4256,0,396,0,0,49536,49677,790.957935,792.960211,2.002275999999938,9.912299336750932,8.7125,11.7875,1,1,1,1,141,80,80,141.0,80.0,141.0,141,80,19.84715906679139,12017.82371661087
4256,0,397,0,0,49677,49794,792.960211,794.962487,2.0022760000000517,10.036779955601268,8.7125,11.7875,1,1,1,1,117,80,80,117.0,80.0,117.0,117,80,20.09640362238224,12150.173103008463
4256,0,398,0,0,49794,49927,794.962487,796.964765,2.0022780000000466,10.02745490069241,8.7125,11.7875,1,1,1,1,133,80,80,133.0,80.0,133.0,133,80,20.07775234364908,12028.799197713524
4256,0,399,0,0,49927,50051,796.964765,798.967042,2.0022769999999355,10.090584777587814,8.7125,11.7875,1,1,1,1,124,80,80,124.0,80.0,124.0,124,80,20.204145816713208,12066.761991473097
4256,0,400,0,0,50051,50182,798.967042,800.969318,2.0022760000000517,10.006648568345975,8.7125,11.7875,1,1,1,1,131,80,80,131.0,80.0,131.0,131,80,20.036072268833777,12255.05374883351
4256,0,401,0,0,50182,50309,800.969318,802.971593,2.0022749999999405,10.142114679604866,8.7125,11.7875,1,1,1,1,127,80,80,127.0,80.0,127.0,127,80,20.307302670104946,11983.368917856295
4256,0,402,0,0,50309,50448,802.971593,804.973688,2.002095000000054,10.024294420043212,8.7125,11.7875,1,1,1,1,139,80,80,139.0,79.0,139.0,139,79,20.069589736896887,11917.016924770982
4256,0,403,0,0,50448,50584,804.973688,806.976147,2.0024589999999307,9.952467104350536,8.7125,11.7875,1,1,1,1,136,80,80,136.0,81.0,136.0,136,81,19.92940732531042,11844.43726438385
4256,0,404,0,0,50584,50709,806.976147,808.978423,2.0022760000000517,9.889817887192025,8.7125,11.7875,1,1,1,1,125,80,80,125.0,80.0,125.0,125,80,19.802144999895972,11856.507294698327
4256,0,405,0,0,50709,50836,808.978423,810.980701,2.002277999999933,9.992483791866883,8.7125,11.7875,1,1,1,1,127,80,80,127.0,80.0,127.0,127,80,20.007730461810752,11671.705926949595
4256,0,406,0,0,50836,50959,810.980701,812.982976,2.002275000000054,9.953572243426542,8.7125,11.7875,1,1,1,1,123,80,80,123.0,80.0,123.0,123,80,19.929788863707472,11946.41095753548
4256,0,407,0,0,50959,51089,812.982976,814.985253,2.0022769999999355,9.980779604261024,8.7125,11.7875,1,1,1,1,130,80,80,130.0,80.0,130.0,130,80,19.984285443680164,11884.469531438841
4256,0,408,0,0,51089,51208,814.985253,816.987529,2.0022760000000517,9.917503375999999,8.7125,11.7875,1,1,1,1,119,80,80,119.0,80.0,119.0,119,80,19.857578989684043,11813.05674142795
4256,0,409,0,0,51208,51339,816.987529,818.989807,2.0022780000000466,10.048271036898413,8.7125,11.7875,1,1,1,1,131,80,80,131.0,80.0,131.0,131,80,20.11943203521969,11750.61604832069
4256,0,410,0,0,51339,51468,818.989807,820.992082,2.0022749999999405,10.024243131732206,8.7125,11.7875,1,1,1,1,129,80,80,129.0,80.0,129.0,129,80,20.071291416588792,12004.844489393672
4256,0,411,0,0,51468,51596,820.992082,822.994359,2.002277000000049,10.061390131977618,8.7125,11.7875,1,1,1,1,128,80,80,128.0,80.0,128.0,128,80,20.145690049285804,12112.70968002899
4256,0,412,0,0,51596,51722,822.994359,824.996636,2.0022769999999355,9.951272716452355,8.7125,11.7875,1,1,1,1,126,80,80,126.0,80.0,126.0,126,80,19.925204480879074,11915.434278074796
4256,0,413,0,0,51722,51846,824.996636,826.998365,2.0017290000000685,10.012193663068928,8.7125,11.7875,1,1,1,1,124,80,80,124.0,79.0,124.0,124,79,20.041698408981574,11937.18030762365
4256,0,414,0,0,51846,51971,826.998365,829.00119,2.002824999999916,9.964106130173857,8.7125,11.7875,1,1,1,1,125,80,80,125.0,81.0,125.0,125,81,19.95636086016475,12056.470235792449
4256,0,415,0,0,51971,52000,829.00119,829.401078,0.39988800000003266,9.874702509699738,8.7125,11.7875,1,1,1,1,29,16,16,29.0,15.0,29.0,29,15,3.948775037199084,11983.355339494079
4256,0,416,0,0,52000,52127,829.401078,831.403921,2.0028429999999844,9.986597439101027,8.7125,11.7875,1,1,1,1,127,79,79,128.0,81.0,127.0,127,80,20.001586774721545,11696.373604920696
4256,0,417,0,0,52127,52240,831.403921,833.406197,2.0022760000000517,10.223344762700114,8.7125,11.7875,1,1,1,1,113,80,80,113.0,80.0,113.0,113,80,20.469957858080306,12008.334515321254
4256,0,418,0,0,52240,52368,833.406197,835.408472,2.0022749999999405,10.012638118409644,8.7125,11.7875,1,1,1,1,128,80,80,128.0,80.0,128.0,128,80,20.048054988537842,11995.854715261747
4256,0,419,0,0,52368,52489,835.408472,837.410749,2.002277000000049,9.995454987615041,8.7125,11.7875,1,1,1,1,121,80,80,121.0,80.0,121.0,121,80,20.01366962623706,11938.907553749763
4256,0,420,0,0,52489,52614,837.410749,839.413027,2.0022780000000466,10.117120407399764,8.7125,11.7875,1,1,1,1,125,80,80,125.0,80.0,125.0,125,80,20.25728761508799,12297.493155295831
4256,0,421,0,0,52614,52743,839.413027,841.415303,2.002275999999938,10.06217566713997,8.7125,11.7875,1,1,1,1,129,80,80,129.0,80.0,129.0,129,80,20.147252846098127,11905.95102773081
4256,0,422,0,0,52743,52876,841.415303,843.41758,2.002277000000049,9.988377497770283,8.7125,11.7875,1,1,1,1,133,80,80,133.0,80.0,133.0,133,80,19.9994985311032,11646.740186297613
4256,0,423,0,0,52876,53011,843.41758,845.419856,2.002275999999938,10.097250891682403,8.7125,11.7875,1,1,1,1,135,80,80,135.0,80.0,135.0,135,80,20.217483126393745,12320.479294563169
4256,0,424,0,0,53011,53151,845.419856,847.422132,2.0022760000000517,10.01065567856818,8.7125,11.7875,1,1,1,1,140,80,80,140.0,80.0,140.0,140,80,20.044095609461692,11992.352702624104
4256,0,425,0,0,53151,53286,847.422132,849.42441,2.002277999999933,9.982283885125943,8.7125,11.7875,1,1,1,1,135,80,80,135.0,80.0,135.0,135,80,19.987307412941846,12090.7286600566
4256,0,426,0,0,53286,53420,849.42441,851.426686,2.0022760000000517,9.957730599399556,8.7125,11.7875,1,1,1,1,134,80,80,134.0,80.0,134.0,134,80,19.938124993644124,11960.88850887659
4256,0,427,0,0,53420,53553,851.426686,853.427899,2.001213000000007,10.005874268713738,8.7125,11.7875,1,1,1,1,133,80,80,133.0,79.0,133.0,133,79,20.023885662915745,12061.184891363346
4256,0,428,0,0,53553,53674,853.427899,855.431239,2.00333999999998,9.890648515697233,8.7125,11.7875,1,1,1,1,121,80,80,121.0,81.0,121.0,121,81,19.814331797436353,11906.615951361346
4256,0,429,0,0,53674,53804,855.431239,857.433515,2.0022760000000517,9.895802532329087,8.7125,11.7875,1,1,1,1,130,80,80,130.0,80.0,130.0,130,80,19.814127911222386,11800.071518611516
4256,0,430,0,0,53804,53946,857.433515,859.435791,2.002275999999938,10.005867962459089,8.7125,11.7875,1,1,1,1,142,80,80,142.0,80.0,142.0,142,80,20.034509280400016,12064.770291408751
4256,0,431,0,0,53946,54079,859.435791,861.438069,2.0022780000000466,10.01902436552898,8.7125,11.7875,1,1,1,1,133,80,80,133.0,80.0,133.0,133,80,20.060872068563185,12056.267910849261
4256,0,432,0,0,54079,54211,861.438069,863.440345,2.002275999999938,10.038080965414233,8.7125,11.7875,1,1,1,1,132,80,80,132.0,80.0,132.0,132,80,20.099008603105176,12050.786205298744
4256,0,433,0,0,54211,54352,863.440345,865.44262,2.002275000000054,10.084245734246954,8.7125,11.7875,1,1,1,1,141,80,80,141.0,80.0,141.0,141,80,20.191433127540222,11983.368917855614
4256,0,434,0,0,54352,54482,865.44262,867.444899,2.0022789999999304,10.019175578364921,8.7125,11.7875,1,1,1,1,130,80,80,130.0,80.0,130.0,130,80,20.061184857871922,12221.074086079338
4256,0,435,0,0,54482,54619,867.444899,869.447174,2.002275000000054,10.015500341425861,8.7125,11.7875,1,1,1,1,137,80,80,137.0,80.0,137.0,137,80,20.05378594612921,11997.852442845937
4256,0,436,0,0,54619,54747,869.447174,871.449452,2.002277999999933,9.848696331023916,8.7125,11.7875,1,1,1,1,128,80,80,128.0,80.0,128.0,128,80,19.719827992289538,11656.223561363997
4256,0,437,0,0,54747,54886,871.449452,873.451727,2.002275000000054,9.844911849626055,8.7125,11.7875,1,1,1,1,139,80,80,139.0,80.0,139.0,139,80,19.712220873710976,11743.641607670956
4256,0,438,0,0,54886,55018,873.451727,875.454005,2.0022780000000466,9.983532853297746,8.7125,11.7875,1,1,1,1,132,80,80,132.0,80.0,132.0,132,80,19.989808194435682,11507.89251043035
4256,0,439,0,0,55018,55155,875.454005,877.45628,2.0022749999999405,10.135765748549472,8.7125,11.7875,1,1,1,1,137,80,80,137.0,80.0,137.0,137,80,20.294590364176656,12065.275748836058
4256,0,440,0,0,55155,55287,877.45628,879.458559,2.002279000000044,9.99950433947412,8.7125,11.7875,1,1,1,1,132,80,80,132.0,80.0,132.0,132,80,20.02179754933786,11811.540749315895
4256,0,441,0,0,55287,55416,879.458559,881.460833,2.002273999999943,10.125258545189867,8.7125,11.7875,1,1,1,1,129,80,80,129.0,80.0,129.0,129,80,20.273541928310806,12056.79142814654
4256,0,442,0,0,55416,55527,881.460833,883.46311,2.002277000000049,10.02095476720278,8.7125,11.7875,1,1,1,1,111,80,80,111.0,80.0,111.0,111,80,20.064727248411145,12150.167034830547
4256,0,443,0,0,55527,55642,883.46311,885.465386,2.002275999999938,10.021948443740412,8.7125,11.7875,1,1,1,1,115,80,80,115.0,80.0,115.0,115,80,20.066706842138956,12078.254945871971
4256,0,444,0,0,55642,55785,885.465386,887.467663,2.002277000000049,10.092458230781453,8.7125,11.7875,1,1,1,1,143,80,80,143.0,80.0,143.0,143,80,20.207896988955326,12014.821126147586
4256,0,445,0,0,55785,55912,887.467663,889.469938,2.0022749999999405,9.913969484958622,8.7125,11.7875,1,1,1,1,127,80,80,127.0,80.0,127.0,127,80,19.850493250494765,11983.868349752513
4256,0,446,0,0,55912,56054,889.469938,891.472216,2.0022780000000466,10.007107127551043,8.7125,11.7875,1,1,1,1,142,80,80,142.0,80.0,142.0,142,80,20.037010445139458,11962.37485503983
4256,0,447,0,0,56054,56192,891.472216,893.474493,2.002277000000049,10.093499038111565,8.7125,11.7875,1,1,1,1,138,80,80,138.0,80.0,138.0,138,80,20.209980973533675,12194.116997797708
4256,0,448,0,0,56192,56333,893.474493,895.476769,2.002275999999938,10.011072001708706,8.7125,11.7875,1,1,1,1,141,80,80,141.0,80.0,141.0,141,80,20.044929203293577,12021.31973813837
4256,0,449,0,0,56333,56456,895.476769,897.479044,2.002275000000054,9.888209477807093,8.7125,11.7875,1,1,1,1,123,80,80,123.0,80.0,123.0,123,80,19.798914632176093,11676.71773357774
4256,0,450,0,0,56456,56586,897.479044,899.481322,2.002277999999933,9.983688974319847,8.7125,11.7875,1,1,1,1,130,80,80,130.0,80.0,130.0,130,80,19.99012079212298,11795.065420486462
4256,0,451,0,0,56586,56707,899.481322,901.483597,2.002275000000054,9.946754948604768,8.7125,11.7875,1,1,1,1,121,80,80,121.0,80.0,121.0,121,80,19.916138764718198,11987.364373025359
4256,0,452,0,0,56707,56826,901.483597,903.485876,2.0022789999999304,9.952928257975291,8.7125,11.7875,1,1,1,1,119,80,80,119.0,80.0,119.0,119,80,19.9285392394504,11812.040180215055
4256,0,453,0,0,56826,56967,903.485876,905.488152,2.0022760000000517,10.173958430221228,8.7125,11.7875,1,1,1,1,141,80,80,141.0,80.0,141.0,141,80,20.371072789830578,12051.785068591631
4256,0,454,0,0,56967,57098,905.488152,907.490427,2.0022749999999405,10.009151410371027,8.7125,11.7875,1,1,1,1,131,80,80,131.0,80.0,131.0,131,80,20.04107364020092,12042.801313506245
4256,0,455,0,0,57098,57226,907.490427,909.492705,2.0022780000000466,10.21823478902042,8.7125,11.7875,1,1,1,1,128,80,80,128.0,80.0,128.0,128,80,20.45974671689146,12111.704768268659
4256,0,456,0,0,57226,57357,909.492705,911.494981,2.0022760000000517,10.080181642943092,8.7125,11.7875,1,1,1,1,131,80,80,131.0,80.0,131.0,131,80,20.183305779306465,12094.236758568437
4256,0,457,0,0,57357,57493,911.494981,913.497259,2.002277999999933,9.966931984674014,8.7125,11.7875,1,1,1,1,136,80,80,136.0,80.0,136.0,136,80,19.956568640407568,11831.523894284806
4256,0,458,0,0,57493,57636,913.497259,915.499537,2.0022780000000466,10.02318759277018,8.7125,11.7875,1,1,1,1,143,80,80,143.0,80.0,143.0,143,80,20.06920800687658,12009.321382944547
4256,0,459,0,0,57636,57787,915.499537,917.501818,2.0022809999999254,10.088795633290406,8.7125,11.7875,1,1,1,1,151,80,80,151.0,80.0,151.0,151,80,20.2006038094205,12005.307946287707
4256,0,460,0,0,57787,57922,917.501818,919.502907,2.0010890000000927,10.031164199218525,8.7125,11.7875,1,1,1,1,135,80,80,135.0,79.0,135.0,135,79,20.073252336251244,11923.507650083977
4256,0,461,0,0,57922,58072,919.502907,921.506367,2.0034599999999045,10.112512799975407,8.7125,11.7875,1,1,1,1,150,80,80,150.0,81.0,150.0,150,81,20.26001489423834,11916.883791042066
4256,0,462,0,0,58072,58201,921.506367,923.508645,2.0022780000000466,9.931648633804286,8.7125,11.7875,1,1,1,1,129,80,80,129.0,80.0,129.0,129,80,19.88592156319646,12079.741174801618
4256,0,463,0,0,58201,58336,923.508645,925.510921,2.0022760000000517,10.118431331427793,8.7125,11.7875,1,1,1,1,135,80,80,135.0,80.0,135.0,135,80,20.259892212567138,12041.297004009126
4256,0,464,0,0,58336,58470,925.510921,927.513199,2.002277999999933,10.04410780965777,8.7125,11.7875,1,1,1,1,134,80,80,134.0,80.0,134.0,134,80,20.111096096905385,11540.854966193892
4256,0,465,0,0,58470,58590,927.513199,929.515475,2.0022760000000517,10.013309738585486,8.7125,11.7875,1,1,1,1,120,80,80,120.0,80.0,120.0,120,80,20.049409770135753,12064.770291408066
4256,0,466,0,0,58590,58713,929.515475,931.516548,2.0010729999999057,10.003488668967261,8.7125,11.7875,1,1,1,1,123,80,80,123.0,79.0,123.0,123,79,20.017711081274683,11965.080734186673
4256,0,467,0,0,58713,58834,931.516548,933.516562,2.0000140000000783,10.002953098323447,8.7125,11.7875,1,1,1,1,121,80,80,121.0,80.0,121.0,121,80,20.00604623799154,11861.91696658077
4256,0,468,0,0,58834,58970,933.516562,935.522303,2.0057409999999436,10.093957341871194,8.7125,11.7875,1,1,1,1,136,80,80,136.0,81.0,136.0,136,81,20.245864092841657,12054.397850969133
4256,0,469,0,0,58970,59092,935.522303,937.52458,2.002277000000049,10.004978374685564,8.7125,11.7875,1,1,1,1,122,80,80,122.0,80.0,122.0,122,80,20.032738085130404,11819.543449782133
4256,0,470,0,0,59092,59229,937.52458,939.526857,2.0022769999999355,10.23026112128881,8.7125,11.7875,1,1,1,1,137,80,80,137.0,80.0,137.0,137,80,20.483816547150127,12154.661917407424
4256,0,471,0,0,59229,59353,939.526857,941.529133,2.0022760000000517,10.11463238277557,8.7125,11.7875,1,1,1,1,124,80,80,124.0,80.0,124.0,124,80,20.25228566885562,12091.739600334507
4256,0,472,0,0,59353,59484,941.529133,943.53141,2.002277000000049,10.058631992552822,8.7125,11.7875,1,1,1,1,131,80,80,131.0,80.0,131.0,131,80,20.140167490153544,12078.748345008911
4256,0,473,0,0,59484,59622,943.53141,945.533686,2.002275999999938,9.981669179948357,8.7125,11.7875,1,1,1,1,138,80,80,138.0,80.0,138.0,138,80,19.986056638948867,12066.768017995895
4256,0,474,0,0,59622,59763,945.533686,947.535964,2.0022780000000466,10.000289842943577,8.7125,11.7875,1,1,1,1,141,80,80,141.0,80.0,141.0,141,80,20.023360346149275,11916.926620578883
4256,0,475,0,0,59763,59886,947.535964,949.538241,2.0022769999999355,10.192011451907204,8.7125,11.7875,1,1,1,1,123,80,80,123.0,80.0,123.0,123,80,20.407230113889455,12138.680112692091
4256,0,476,0,0,59886,60007,949.538241,951.540518,2.002277000000049,10.019081314008579,8.7125,11.7875,1,1,1,1,121,80,80,121.0,80.0,121.0,121,80,20.060976076169027,11761.609407689057
4256,0,477,0,0,60007,60152,951.540518,953.542791,2.0022729999999456,9.978197136826514,8.7125,11.7875,1,1,1,1,145,80,80,145.0,80.0,145.0,145,80,19.97907471574399,11805.582954971997
4256,0,478,0,0,60152,60292,953.542791,955.545068,2.002277000000049,10.127533437806218,8.7125,11.7875,1,1,1,1,140,80,80,140.0,80.0,140.0,140,80,20.278127269250035,11988.850693485172
4256,0,479,0,0,60292,60413,955.545068,957.546951,2.0018830000000207,10.085766459745402,8.7125,11.7875,1,1,1,1,121,80,80,121.0,79.0,121.0,121,79,20.190524417734196,11957.741786108256
4256,0,480,0,0,60413,60536,957.546951,959.549623,2.0026719999999614,10.175470581618873,8.7125,11.7875,1,1,1,1,123,80,80,123.0,81.0,123.0,123,81,20.378130020631943,12272.104468430414
4256,0,481,0,0,60536,60676,959.549623,961.551897,2.0022740000000567,10.137540090085988,8.7125,11.7875,1,1,1,1,140,80,80,140.0,80.0,140.0,140,80,20.298132946338228,12141.195460760771
4256,0,482,0,0,60676,60797,961.551897,963.554175,2.002277999999933,10.115246955141787,8.7125,11.7875,1,1,1,1,121,80,80,121.0,80.0,121.0,121,80,20.25353644284587,11942.897040271531
4256,0,483,0,0,60797,60933,963.554175,965.556452,2.002277000000049,10.22838766809404,8.7125,11.7875,1,1,1,1,136,80,80,136.0,80.0,136.0,136,80,20.48006537490801,12077.749482214202
4256,0,484,0,0,60933,61065,965.556452,967.558729,2.0022769999999355,10.029385306577241,8.7125,11.7875,1,1,1,1,132,80,80,132.0,80.0,132.0,132,80,20.08160752349613,12073.254599638702
4256,0,485,0,0,61065,61205,967.558729,969.561005,2.0022760000000517,10.150748415167927,8.7125,11.7875,1,1,1,1,140,80,80,140.0,80.0,140.0,140,80,20.324599933728678,12116.211751027018
4256,0,486,0,0,61205,61338,969.561005,971.563281,2.002275999999938,10.096990689719924,8.7125,11.7875,1,1,1,1,133,80,80,133.0,80.0,133.0,133,80,20.216962130249158,12051.785068592315
4256,0,487,0,0,61338,61473,971.563281,973.565557,2.0022760000000517,10.137269953511414,8.7125,11.7875,1,1,1,1,135,80,80,135.0,80.0,135.0,135,80,20.297612333437428,12232.579324728144
4256,0,488,0,0,61473,61599,973.565557,975.567833,2.002275999999938,10.239217082412022,8.7125,11.7875,1,1,1,1,126,80,80,126.0,80.0,126.0,126,80,20.50173862290285,12058.277680000534
4256,0,489,0,0,61599,61730,975.567833,977.570111,2.0022780000000466,10.190341166504377,8.7125,11.7875,1,1,1,1,131,80,80,131.0,80.0,131.0,131,80,20.40389593018699,11935.905004199938
4256,0,490,0,0,61730,61859,977.570111,979.572387,2.0022760000000517,10.045834983895606,8.7125,11.7875,1,1,1,1,129,80,80,129.0,80.0,129.0,129,80,20.11453428821551,12032.806666013765
4256,0,491,0,0,61859,61993,979.572387,981.574664,2.0022769999999355,9.982913259287752,8.7125,11.7875,1,1,1,1,134,80,80,134.0,80.0,134.0,134,80,19.98855761206687,11855.003078994947
4256,0,492,0,0,61993,62122,981.574664,983.576939,2.002275000000054,10.037513438445787,8.7125,11.7875,1,1,1,1,129,80,80,129.0,80.0,129.0,129,80,20.097862219965464,12037.307562647162
4256,0,493,0,0,62122,62247,983.576939,985.579216,2.0022769999999355,10.090428656488298,8.7125,11.7875,1,1,1,1,125,80,80,125.0,80.0,125.0,125,80,20.20383321902591,11688.692423676022
4256,0,494,0,0,62247,62385,985.579216,987.581494,2.0022780000000466,10.098594046176423,8.7125,11.7875,1,1,1,1,138,80,80,138.0,80.0,138.0,138,80,20.220192689590476,11822.53413362153
4256,0,495,0,0,62385,62508,987.581494,989.583771,2.0022769999999355,10.2012746371452,8.7125,11.7875,1,1,1,1,123,80,80,123.0,80.0,123.0,123,80,20.42577757663821,12032.301225055662
4256,0,496,0,0,62508,62637,989.583771,991.586046,2.002275000000054,10.037097115097893,8.7125,11.7875,1,1,1,1,129,80,80,129.0,80.0,129.0,129,80,20.09702862613267,11857.01264811245
4256,0,497,0,0,62637,62759,991.586046,993.588323,2.0022769999999355,10.04062602574245,8.7125,11.7875,1,1,1,1,122,80,80,122.0,80.0,122.0,122,80,20.104114556945206,12075.751756625472
4256,0,498,0,0,62759,62889,993.588323,995.590598,2.002275000000054,10.184267418578626,8.7125,11.7875,1,1,1,1,130,80,80,130.0,80.0,130.0,130,80,20.391704045534425,12138.692237579424
4256,0,499,0,0,62889,63030,995.590598,997.592302,2.001704000000018,10.2223593034422,8.7125,11.7875,1,1,1,1,141,80,80,141.0,79.0,141.0,141,79,20.462137507138323,12095.194893950245
4256,0,500,0,0,63030,63168,997.592302,999.595151,2.0028489999999692,10.084115916223121,8.7125,11.7875,1,1,1,1,138,80,80,138.0,81.0,138.0,138,81,20.196961478690355,12074.300159423088
4256,0,501,0,0,63168,63298,999.595151,1001.597428,2.002277000000049,10.103594869213648,8.7125,11.7875,1,1,1,1,130,80,80,130.0,80.0,130.0,130,80,20.230195623944383,12296.999865652651
4256,0,502,0,0,63298,63426,1001.597428,1003.599705,2.0022769999999355,10.064980917267064,8.7125,11.7875,1,1,1,1,128,80,80,128.0,80.0,128.0,128,80,20.152879796081834,12336.954377441682
4256,0,503,0,0,63426,63559,1003.599705,1005.60198,2.002275000000054,10.11937301672556,8.7125,11.7875,1,1,1,1,133,80,80,133.0,80.0,133.0,133,80,20.26176760706403,11896.467767913677
4256,0,504,0,0,63559,63702,1005.60198,1007.604258,2.002277999999933,10.19653396702623,8.7125,11.7875,1,1,1,1,143,80,80,143.0,80.0,143.0,143,80,20.416295638427982,12052.771892814488
4256,0,505,0,0,63702,63834,1007.604258,1009.606535,2.002277000000049,10.090792939053273,8.7125,11.7875,1,1,1,1,132,80,80,132.0,80.0,132.0,132,80,20.204562613629605,12230.575489804556
4256,0,506,0,0,63834,63978,1009.606535,1011.608811,2.002275999999938,10.226363105465463,8.7125,11.7875,1,1,1,1,144,80,80,144.0,80.0,144.0,144,80,20.476001413358972,12155.167419477011
4256,0,507,0,0,63978,64114,1011.608811,1013.611088,2.002277000000049,10.110620318691902,8.7125,11.7875,1,1,1,1,136,80,79,136.0,80.0,136.0,136,79,20.244262519849144,11944.401299120658
4256,0,508,0,0,64114,64244,1013.611088,1015.613365,2.002277000000049,10.232759058880509,8.7125,11.7875,1,1,1,1,130,80,80,130.0,80.0,130.0,130,80,20.4888181101378,12272.028295784947
4256,0,509,0,0,64244,64370,1015.613365,1017.615642,2.0022769999999355,10.134767048751058,8.7125,11.7875,1,1,1,1,126,80,80,126.0,80.0,126.0,126,80,20.292610962071194,12026.308048287412
4256,0,510,0,0,64370,64497,1017.615642,1019.617918,2.0022760000000517,10.11572523101799,8.7125,11.7875,1,1,1,1,127,80,80,127.0,80.0,127.0,127,80,20.254473852663068,12357.936668071416
4256,0,511,0,0,64497,64621,1019.617918,1021.620194,2.002275999999938,10.10536919291181,8.7125,11.7875,1,1,1,1,124,80,80,124.0,80.0,124.0,124,80,20.233738206106864,12082.749830693047
4256,0,512,0,0,64621,64747,1021.620194,1023.622471,2.002277000000049,10.10957951136179,8.7125,11.7875,1,1,1,1,126,80,80,126.0,80.0,126.0,126,80,20.242178535270796,12105.717640466031
4256,0,513,0,0,64747,64877,1023.622471,1025.624746,2.0022749999999405,10.101314991511195,8.7125,11.7875,1,1,1,1,130,80,80,130.0,80.0,130.0,130,80,20.225610474626592,12168.15871945698
4256,0,514,0,0,64877,64996,1025.624746,1027.627023,2.002277000000049,10.095944935337327,8.7125,11.7875,1,1,1,1,119,80,80,119.0,80.0,119.0,119,80,20.214878337292248,11999.838184226963
4256,0,515,0,0,64996,65000,1027.627023,1027.67709,0.05006699999989905,10.10435786393134,8.7125,11.7875,1,1,1,1,4,2,2,4.0,2.0,4.0,4,2,0.5058948851728928,12702.978009492927
4256,0,516,0,0,65000,65136,1027.67709,1029.679357,2.0022670000000744,10.095369913363822,8.7125,11.7875,1,1,1,1,136,80,80,136.0,80.0,136.0,136,80,20.213626030321393,12159.716960824453
4256,0,517,0,0,65136,65262,1029.679357,1031.681634,2.002277000000049,10.153709742158526,8.7125,11.7875,1,1,1,1,126,80,80,126.0,80.0,126.0,126,80,20.330539481399683,12035.297813439103
4256,0,518,0,0,65262,65400,1031.681634,1033.683911,2.002277000000049,10.086889911565356,8.7125,11.7875,1,1,1,1,138,80,80,138.0,80.0,138.0,138,80,20.19674767145989,11730.145229655749
4256,0,519,0,0,65400,65525,1033.683911,1035.686186,2.002274999999827,10.214294740046661,8.7125,11.7875,1,1,1,1,125,80,80,125.0,80.0,125.0,125,80,20.45182700062469,12191.632018579921
4256,0,520,0,0,65525,65649,1035.686186,1037.688463,2.002277000000049,10.131280344194618,8.7125,11.7875,1,1,1,1,124,80,80,124.0,80.0,124.0,124,80,20.285629613734272,11959.883672438635
4256,0,521,0,0,65649,65781,1037.688463,1039.690739,2.002275999999938,10.249208837771292,8.7125,11.7875,1,1,1,1,132,80,80,132.0,80.0,132.0,132,80,20.521744874857177,12362.930984539977
4256,0,522,0,0,65781,65921,1039.690739,1041.691521,2.000782000000072,10.125479204693232,8.7125,11.7875,1,1,1,1,140,80,80,140.0,79.0,140.0,140,79,20.258876534126102,12056.285992176625
4256,0,523,0,0,65921,66056,1041.691521,1043.695293,2.0037720000000263,10.18798233454688,8.7125,11.7875,1,1,1,1,135,80,80,135.0,81.0,135.0,135,81,20.414393738459694,12209.971992821378
4256,0,524,0,0,66056,66187,1043.695293,1045.697569,2.002275999999938,10.151372899878448,8.7125,11.7875,1,1,1,1,131,80,80,131.0,80.0,131.0,131,80,20.32585032447605,12079.75324081233
4256,0,525,0,0,66187,66307,1045.697569,1047.699846,2.002277000000049,10.17181978970247,8.7125,11.7875,1,1,1,1,120,80,80,120.0,80.0,120.0,120,80,20.36680081306622,11953.890495670385
4256,0,526,0,0,66307,66444,1047.699846,1049.702121,2.002275000000054,10.0777406819361,8.7125,11.7875,1,1,1,1,137,80,80,137.0,80.0,137.0,137,80,20.178408223924635,12078.76041003326
4256,0,527,0,0,66444,66567,1049.702121,1051.7044,2.002279000000044,10.102544162232535,8.7125,11.7875,1,1,1,1,123,80,80,123.0,80.0,123.0,123,80,20.22811202261073,11998.327905351587
4256,0,528,0,0,66567,66705,1051.7044,1053.706674,2.002273999999943,10.111988231848109,8.7125,11.7875,1,1,1,1,138,80,80,138.0,80.0,138.0,138,80,20.246971124934134,11924.441909549183
4256,0,529,0,0,66705,66832,1053.706674,1055.708951,2.002277000000049,10.156415841216816,8.7125,11.7875,1,1,1,1,127,80,80,127.0,80.0,127.0,127,80,20.335957841303753,11929.418357200035
4256,0,530,0,0,66832,66967,1055.708951,1057.711227,2.002275999999938,10.07914083509373,8.7125,11.7875,1,1,1,1,135,80,80,135.0,80.0,135.0,135,80,20.181221794728117,12094.236758569123
4256,0,531,0,0,66967,67099,1057.711227,1059.713505,2.002277999999933,10.153288444058258,8.7125,11.7875,1,1,1,1,132,80,80,132.0,80.0,132.0,132,80,20.329706079191965,12177.1302486472
4256,0,532,0,0,67099,67230,1059.713505,1061.71578,2.002275000000054,10.279033020643132,8.7125,11.7875,1,1,1,1,131,80,80,131.0,80.0,131.0,131,80,20.581450841409605,12170.156447041161
4256,0,533,0,0,67230,67367,1061.71578,1063.71806,2.002279999999928,10.142245952566398,8.7125,11.7875,1,1,1,1,137,80,80,137.0,80.0,137.0,137,80,20.307616225903985,12133.168188265814
4256,0,534,0,0,67367,67483,1063.71806,1065.720334,2.0022740000001704,10.161218492322677,8.7125,11.7875,1,1,1,1,116,80,80,116.0,80.0,116.0,116,80,20.345543595498384,11974.385124112863
4256,0,535,0,0,67483,67620,1065.720334,1067.72261,2.002275999999938,10.145232133563896,8.7125,11.7875,1,1,1,1,137,80,80,137.0,80.0,137.0,137,80,20.31355481546234,12300.002597044944
4256,0,536,0,0,67620,67753,1067.72261,1069.724887,2.002277000000049,10.006175303115192,8.7125,11.7875,1,1,1,1,133,80,80,133.0,80.0,133.0,133,80,20.03513466739605,11754.617368126099
4256,0,537,0,0,67753,67894,1069.724887,1071.725844,2.0009569999999712,10.04066599682759,8.7125,11.7875,1,1,1,1,141,80,80,141.0,79.0,141.0,141,79,20.090940911013604,11979.767681164734
4256,0,538,0,0,67894,68029,1071.725844,1073.729441,2.0035969999998997,10.158795930631275,8.7125,11.7875,1,1,1,1,135,80,80,135.0,81.0,135.0,135,81,20.354133050224846,12120.201817032674
4256,0,539,0,0,68029,68164,1073.729441,1075.731717,2.002275999999938,10.15897079718289,8.7125,11.7875,1,1,1,1,135,80,80,135.0,80.0,135.0,135,80,20.341063411899086,12227.585008260978
4256,0,540,0,0,68164,68291,1075.731717,1077.733992,2.002275000000054,10.227825248852099,8.7125,11.7875,1,1,1,1,127,80,80,127.0,80.0,127.0,127,80,20.47891880014504,12047.795632467742
4256,0,541,0,0,68291,68422,1077.733992,1079.736269,2.002277000000049,10.029801629508729,8.7125,11.7875,1,1,1,1,131,80,80,131.0,80.0,131.0,131,80,20.082441117328926,11997.840458637545
4256,0,542,0,0,68422,68560,1079.736269,1081.738546,2.002277000000049,10.179834006144329,8.7125,11.7875,1,1,1,1,138,80,80,138.0,80.0,138.0,138,80,20.38284749432205,12221.08629325483
4256,0,543,0,0,68560,68693,1081.738546,1083.740823,2.002277000000049,10.176399341954962,8.7125,11.7875,1,1,1,1,133,80,80,133.0,80.0,133.0,133,80,20.37597034521241,12375.410595037247
4256,0,544,0,0,68693,68825,1083.740823,1085.743099,2.002275999999938,10.02429026140274,8.7125,11.7875,1,1,1,1,132,80,80,132.0,80.0,132.0,132,80,20.07139580743933,11932.920336657255
4256,0,545,0,0,68825,68952,1085.743099,1087.745375,2.002275999999938,10.027048402205038,8.7125,11.7875,1,1,1,1,127,80,80,127.0,80.0,127.0,127,80,20.0769183665725,11965.383393698343
4256,0,546,0,0,68952,69084,1087.745375,1089.747652,2.002277000000049,10.159694384306668,8.7125,11.7875,1,1,1,1,132,80,80,132.0,80.0,132.0,132,80,20.342522392726096,12209.099939718331
4256,0,547,0,0,69084,69217,1089.747652,1091.749929,2.002277000000049,10.385029171275852,8.7125,11.7875,1,1,1,1,133,80,80,133.0,80.0,133.0,133,80,20.793705053974918,12743.491534887218
4256,0,548,0,0,69217,69346,1091.749929,1093.752205,2.002275999999938,10.05192370981822,8.7125,11.7875,1,1,1,1,129,80,80,129.0,80.0,129.0,129,80,20.12672559800012,12228.084439907763
4256,0,549,0,0,69346,69461,1093.752205,1095.75448,2.002275000000054,10.068477487445447,8.7125,11.7875,1,1,1,1,115,80,80,115.0,80.0,115.0,115,80,20.159860761175878,11937.421183403554
4256,0,550,0,0,69461,69576,1095.75448,1097.756758,2.002277999999933,10.130494774912686,8.7125,11.7875,1,1,1,1,115,80,80,115.0,80.0,115.0,115,80,20.28406681692104,12040.785545264347
4256,0,551,0,0,69576,69701,1097.756758,1099.759034,2.002275999999938,10.170627845102038,8.7125,11.7875,1,1,1,1,125,80,80,125.0,80.0,125.0,125,80,20.364404039179135,12292.011690696369
4256,0,552,0,0,69701,69845,1099.759034,1101.76131,2.0022760000001654,10.113331372962602,8.7125,11.7875,1,1,1,1,144,80,80,144.0,80.0,144.0,144,80,20.249680688131775,12175.644116993853
4256,0,553,0,0,69845,69980,1101.76131,1103.763588,2.002277999999933,10.141058964037232,8.7125,11.7875,1,1,1,1,135,80,80,135.0,80.0,135.0,135,80,20.305219260393642,11913.930033692024
4256,0,554,0,0,69980,70116,1103.763588,1105.764805,2.001216999999997,10.27275486710248,8.7125,11.7875,1,1,1,1,136,80,80,136.0,79.0,136.0,136,79,20.558011676877868,12324.500541420564
4256,0,555,0,0,70116,70244,1105.764805,1107.768141,2.0033359999999902,9.958232582712915,8.7125,11.7875,1,1,1,1,128,80,80,128.0,81.0,128.0,128,81,19.949685829322334,11824.7762731764
4256,0,556,0,0,70244,70365,1107.768141,1109.770417,2.002275999999938,10.10536919291181,8.7125,11.7875,1,1,1,1,121,80,80,121.0,80.0,121.0,121,80,20.233738206106864,12228.58387155455
4256,0,557,0,0,70365,70496,1109.770417,1111.772693,2.002275999999938,10.183481822048599,8.7125,11.7875,1,1,1,1,131,80,80,131.0,80.0,131.0,131,80,20.390141248723012,12141.682765013791
4256,0,558,0,0,70496,70642,1111.772693,1113.774969,2.0022760000001654,10.130868985233818,8.7125,11.7875,1,1,1,1,146,80,80,146.0,80.0,146.0,146,80,20.28479582828004,12004.339062146286
4256,0,559,0,0,70642,70765,1113.774969,1115.777247,2.002277999999933,10.016214187141728,8.7125,11.7875,1,1,1,1,123,80,80,123.0,80.0,123.0,123,80,20.055245310200917,12165.143901097059
4256,0,560,0,0,70765,70897,1115.777247,1117.779316,2.0020690000001196,10.171451421718704,8.7125,11.7875,1,1,1,1,132,80,80,132.0,79.0,132.0,132,79,20.36394757643029,12152.927796194112
4256,0,561,0,0,70897,71036,1117.779316,1119.781799,2.002482999999984,10.067035288089626,8.7125,11.7875,1,1,1,1,139,80,80,139.0,81.0,139.0,139,81,20.159067024798787,11998.104353445295
4256,0,562,0,0,71036,71169,1119.781799,1121.784076,2.002276999999822,10.20481338206815,8.7125,11.7875,1,1,1,1,133,80,80,133.0,80.0,133.0,133,80,20.43286312420605,12275.024884170465
4256,0,563,0,0,71169,71300,1121.784076,1123.786351,2.002275000000054,10.18718168201389,8.7125,11.7875,1,1,1,1,131,80,80,131.0,80.0,131.0,131,80,20.397539202354892,11917.443907554833
4256,0,564,0,0,71300,71432,1123.786351,1125.78863,2.002279000000044,10.147454953667134,8.7125,11.7875,1,1,1,1,132,80,80,132.0,80.0,132.0,132,80,20.31803595717429,12208.088882717873
4256,0,565,0,0,71432,71573,1125.78863,1127.790904,2.002273999999943,10.095075087392928,8.7125,11.7875,1,1,1,1,141,80,80,141.0,80.0,141.0,141,80,20.213106375533243,12255.065989969753
4256,0,566,0,0,71573,71704,1127.790904,1129.793181,2.002277000000049,10.284226981354534,8.7125,11.7875,1,1,1,1,131,80,80,131.0,80.0,131.0,131,80,20.591871147546044,12164.15111395646
4256,0,567,0,0,71704,71837,1129.793181,1131.795458,2.002277000000049,10.19799609405478,8.7125,11.7875,1,1,1,1,133,80,80,133.0,80.0,133.0,133,80,20.419213025215868,12217.59027347335
4256,0,568,0,0,71837,71975,1131.795458,1133.797737,2.002279000000044,10.05935070117724,8.7125,11.7875,1,1,1,1,138,80,80,138.0,80.0,138.0,138,80,20.141626662603812,12185.11506138728
4256,0,569,0,0,71975,72115,1133.797737,1135.800012,2.002274999999827,10.108756771355374,8.7125,11.7875,1,1,1,1,140,80,80,140.0,80.0,140.0,140,80,20.240510964364148,12147.682011712728
4256,0,570,0,0,72115,72249,1135.800012,1137.802287,2.002275000000054,10.106727195033262,8.7125,11.7875,1,1,1,1,134,80,80,134.0,80.0,134.0,134,80,20.23644719443655,11858.011511904886
4256,0,571,0,0,72249,72389,1137.802287,1139.804566,2.002279000000044,10.019071497735315,8.7125,11.7875,1,1,1,1,140,80,80,140.0,80.0,140.0,140,80,20.060976459413723,11964.86603515268
4256,0,572,0,0,72389,72521,1139.804566,1141.806842,2.002275999999938,10.042504398776408,8.7125,11.7875,1,1,1,1,132,80,80,132.0,80.0,132.0,132,80,20.107865537564066,11923.930567015106
4256,0,573,0,0,72521,72650,1141.806842,1143.809117,2.002275000000054,10.077584560680641,8.7125,11.7875,1,1,1,1,129,80,80,129.0,80.0,129.0,129,80,20.178095626237337,11904.958110149382
4256,0,574,0,0,72650,72774,1143.809117,1145.811395,2.002277999999933,10.087561493987804,8.7125,11.7875,1,1,1,1,124,80,80,124.0,80.0,124.0,124,80,20.1981024530578,11974.860633738574
4256,0,575,0,0,72774,72899,1145.811395,1147.81367,2.002275000000054,10.141229992490025,8.7125,11.7875,1,1,1,1,125,80,80,125.0,80.0,125.0,125,80,20.305531283212986,11981.371190270742
4256,0,576,0,0,72899,73036,1147.81367,1149.815945,2.002275000000054,10.120153623002862,8.7125,11.7875,1,1,1,1,137,80,80,137.0,80.0,137.0,137,80,20.2633305954987,12131.200759136154
4256,0,577,0,0,73036,73167,1149.815945,1151.818224,2.002279000000044,10.160985435443493,8.7125,11.7875,1,1,1,1,131,80,80,131.0,80.0,131.0,131,80,20.345127756694637,12326.95343655877
4256,0,578,0,0,73167,73287,1151.818224,1153.8205,2.002275999999938,10.168598269794686,8.7125,11.7875,1,1,1,1,120,80,80,120.0,80.0,120.0,120,80,20.360340269251537,11802.568676846115
4256,0,579,0,0,73287,73419,1153.8205,1155.820976,2.000475999999935,10.084339291841964,8.7125,11.7875,1,1,1,1,132,80,80,132.0,79.0,132.0,132,79,20.173478729186172,12068.127785587421
4256,0,580,0,0,73419,73557,1155.820976,1157.825053,2.004077000000052,10.04197070576699,8.7125,11.7875,1,1,1,1,138,80,80,138.0,81.0,138.0,138,81,20.124882526102738,11844.355281757827
4256,0,581,0,0,73557,73697,1157.825053,1159.827329,2.002275999999938,10.072739866816697,8.7125,11.7875,1,1,1,1,140,80,80,140.0,80.0,140.0,140,80,20.16840528956891,12031.807802720876
4256,0,582,0,0,73697,73837,1159.827329,1161.829606,2.002277000000049,10.176919745620017,8.7125,11.7875,1,1,1,1,140,80,79,140.0,80.0,140.0,140,79,20.377012337501583,12109.213660247511
4256,0,583,0,0,73837,73962,1161.829606,1163.831881,2.002275000000054,10.077844762773076,8.7125,11.7875,1,1,1,1,125,80,80,125.0,80.0,125.0,125,80,20.178616622382833,11991.359828195104
4256,0,584,0,0,73962,74096,1163.831881,1165.834158,2.002276999999822,10.123266127753887,8.7125,11.7875,1,1,1,1,134,80,80,134.0,80.0,134.0,134,80,20.269582932478443,11746.626465769768
4256,0,585,0,0,74096,74226,1165.834158,1167.836435,2.002277000000049,10.146267969748228,8.7125,11.7875,1,1,1,1,130,80,80,130.0,80.0,130.0,130,80,20.315638991663945,12055.774500730622
4256,0,586,0,0,74226,74360,1167.836435,1169.838712,2.002277000000049,10.111869287488036,8.7125,11.7875,1,1,1,1,134,80,80,134.0,80.0,134.0,134,80,20.24676330134389,12148.668740638484
4256,0,587,0,0,74360,74501,1169.838712,1171.840988,2.002275999999938,10.032981006949605,8.7125,11.7875,1,1,1,1,141,80,80,141.0,80.0,141.0,141,80,20.088797078669813,11937.415221478328
4256,0,588,0,0,74501,74641,1171.840988,1173.843265,2.002277000000049,9.93935547252202,8.7125,11.7875,1,1,1,1,140,80,80,140.0,80.0,140.0,140,80,19.901342857456257,11951.892770080969
4256,0,589,0,0,74641,74761,1173.843265,1175.845541,2.002275999999938,9.993690510614979,8.7125,11.7875,1,1,1,1,120,80,80,120.0,80.0,120.0,120,80,20.010126660830792,11646.246571402105
4256,0,590,0,0,74761,74893,1175.845541,1177.847817,2.0022760000001654,10.115360948269954,8.7125,11.7875,1,1,1,1,132,80,80,132.0,80.0,132.0,132,80,20.253744458059373,12102.227664916325
4256,0,591,0,0,74893,75020,1177.847817,1179.850094,2.002276999999822,10.002272275628387,8.7125,11.7875,1,1,1,1,127,80,80,127.0,80.0,127.0,127,80,20.027319725226334,11979.361496936805
4256,0,592,0,0,75020,75156,1179.850094,1181.852371,2.002277000000049,9.949451303624105,8.7125,11.7875,1,1,1,1,136,80,80,136.0,80.0,136.0,136,80,19.921557507866964,11926.42176881591
4256,0,593,0,0,75156,75288,1181.852371,1183.854646,2.002275000000054,10.122703603508716,8.7125,11.7875,1,1,1,1,132,80,80,132.0,80.0,132.0,132,80,20.268436357715473,12300.00874005785
4256,0,594,0,0,75288,75418,1183.854646,1185.854779,2.0001330000000053,10.157459601719621,8.7125,11.7875,1,1,1,1,130,80,80,130.0,79.0,130.0,130,79,20.316270145565795,12380.176718248204
4256,0,595,0,0,75418,75546,1185.854779,1187.8592,2.004421000000093,9.959028093094977,8.7125,11.7875,1,1,1,1,128,80,80,128.0,81.0,128.0,128,81,19.962085049390225,11786.944958169419
4256,0,596,0,0,75546,75680,1187.8592,1189.861477,2.002276999999822,10.107081573770648,8.7125,11.7875,1,1,1,1,134,80,80,134.0,80.0,134.0,134,80,20.237176972283123,12153.663054613406
4256,0,597,0,0,75680,75801,1189.861477,1191.863753,2.0022760000001654,10.175831884350524,8.7125,11.7875,1,1,1,1,121,80,80,121.0,80.0,121.0,121,80,20.374823962070877,12218.095806970658
4256,0,598,0,0,75801,75933,1191.863753,1193.866029,2.002275999999938,10.117806846718402,8.7125,11.7875,1,1,1,1,132,80,80,132.0,80.0,132.0,132,80,20.258641821819765,12109.219707972703
4256,0,599,0,0,75933,76060,1193.866029,1195.868307,2.002277999999933,10.038747654584725,8.7125,11.7875,1,1,1,1,127,80,80,127.0,80.0,127.0,127,80,20.100363576326345,12108.708181381811
4256,0,600,0,0,76060,76179,1195.868307,1197.870583,2.002275999999938,9.929056343134706,8.7125,11.7875,1,1,1,1,119,80,80,119.0,80.0,119.0,119,80,19.880711218505894,11800.071518612185
4256,0,601,0,0,76179,76308,1197.870583,1199.872859,2.0022760000001654,10.39091482653727,8.7125,11.7875,1,1,1,1,129,80,80,129.0,80.0,129.0,129,80,20.805479375221694,12493.282644349698
4256,0,602,0,0,76308,76435,1199.872859,1201.875137,2.002277999999933,10.019232526891598,8.7125,11.7875,1,1,1,1,127,80,80,127.0,80.0,127.0,127,80,20.061288865479582,12076.245156766847
4256,0,603,0,0,76435,76570,1201.875137,1203.877417,2.002279999999928,9.908637097337602,8.7125,11.7875,1,1,1,1,135,80,80,135.0,80.0,135.0,135,80,19.839865887255655,11850.490440897804
4256,0,604,0,0,76570,76694,1203.877417,1205.8782,2.000783000000183,9.993297165525894,8.7125,11.7875,1,1,1,1,124,80,80,124.0,79.0,124.0,124,79,19.994419082733657,11982.308926054353
4256,0,605,0,0,76694,76815,1205.8782,1207.881965,2.0037649999999303,10.05042070171229,8.7125,11.7875,1,1,1,1,121,80,80,121.0,81.0,121.0,121,81,20.138681237365745,11614.136388249524
4256,0,606,0,0,76815,76939,1207.881965,1209.884241,2.002275999999938,9.895438249582165,8.7125,11.7875,1,1,1,1,124,80,80,124.0,80.0,124.0,124,80,19.81339851662051,11706.677800663208
4256,0,607,0,0,76939,77060,1209.884241,1211.88652,2.002279000000044,10.166657829726658,8.7125,11.7875,1,1,1,1,121,80,80,121.0,80.0,121.0,121,80,20.356485472648274,12251.539370886605
4256,0,608,0,0,77060,77193,1211.88652,1213.888798,2.002277999999933,10.283233174324234,8.7125,11.7875,1,1,1,1,133,80,80,133.0,80.0,133.0,133,80,20.589891553818234,12214.58758474139
4256,0,609,0,0,77193,77331,1213.888798,1215.891076,2.0022780000001603,10.140278358928377,8.7125,11.7875,1,1,1,1,138,80,80,138.0,80.0,138.0,138,80,20.30365627196079,12007.323658352174
4256,0,610,0,0,77331,77468,1215.891076,1217.893354,2.002277999999933,10.108481710874837,8.7125,11.7875,1,1,1,1,137,80,80,137.0,80.0,137.0,137,80,20.239990543086606,11896.449943514735
4256,0,611,0,0,77468,77584,1217.893354,1219.895631,2.002277000000049,9.966052180539386,8.7125,11.7875,1,1,1,1,116,80,80,116.0,80.0,116.0,116,80,19.95479706189508,12131.18864173109
4256,0,612,0,0,77584,77705,1219.895631,1221.897907,2.002275999999938,10.193057254267899,8.7125,11.7875,1,1,1,1,121,80,80,121.0,80.0,121.0,121,80,20.409313906846364,12230.082166494907
4256,0,613,0,0,77705,77839,1221.897907,1223.900184,2.002277000000049,10.1152519113109,8.7125,11.7875,1,1,1,1,134,80,80,134.0,80.0,134.0,134,80,20.253536251224432,11909.44110130587
4256,0,614,0,0,77839,77952,1223.900184,1225.902461,2.002276999999822,10.108434623299793,8.7125,11.7875,1,1,1,1,113,80,80,113.0,80.0,113.0,113,80,20.23988615223425,12038.79383322195
4256,0,615,0,0,77952,78000,1225.902461,1226.70338,0.8009190000000217,10.192507523622584,8.7125,11.7875,1,1,1,1,48,32,32,48.0,32.0,48.0,48,32,8.16337293331162,11967.50233169614
4256,0,616,0,0,78000,78136,1226.70338,1228.705646,2.0022659999999632,10.195344952901484,8.7125,11.7875,1,1,1,1,136,80,80,136.0,80.0,136.0,136,80,20.413792557465058,12063.831678708246
4256,0,617,0,0,78136,78263,1228.705646,1230.707923,2.002277000000049,10.1655749457218,8.7125,11.7875,1,1,1,1,127,80,80,127.0,80.0,127.0,127,80,20.35429690559613,12001.336478419025
4256,0,618,0,0,78263,78389,1230.707923,1232.7102,2.002277000000049,9.92853107628886,8.7125,11.7875,1,1,1,1,126,80,80,126.0,80.0,126.0,126,80,19.87966941783816,11906.444512921746
4256,0,619,0,0,78389,78510,1232.7102,1234.712478,2.002277999999933,9.885020488703391,8.7125,11.7875,1,1,1,1,121,80,80,121.0,80.0,121.0,121,80,19.792559054079902,11653.726405624384
4256,0,620,0,0,78510,78635,1234.712478,1236.714753,2.002275000000054,9.877385070761832,8.7125,11.7875,1,1,1,1,125,80,80,125.0,80.0,125.0,125,80,19.777241192559813,12050.79222384505
4256,0,621,0,0,78635,78776,1236.714753,1238.71703,2.002277000000049,9.912450603038634,8.7125,11.7875,1,1,1,1,141,80,80,141.0,80.0,141.0,141,80,19.847471856101038,11906.444512921746
4256,0,622,0,0,78776,78891,1238.71703,1240.719307,2.002277000000049,9.869309139205503,8.7125,11.7875,1,1,1,1,115,80,80,115.0,80.0,115.0,115,80,19.7610906953214,11597.795909356912
4256,0,623,0,0,78891,79034,1240.719307,1242.721583,2.002275999999938,9.957470397437628,8.7125,11.7875,1,1,1,1,143,80,80,143.0,80.0,143.0,143,80,19.937603997499536,12123.20379408271
4256,0,624,0,0,79034,79164,1242.721583,1244.72156,1.9999769999999444,9.840686143977202,8.7125,11.7875,1,1,1,1,130,80,80,130.0,79.0,130.0,130,79,19.6811459521723,11875.636569820883
4256,0,625,0,0,79164,79304,1244.72156,1246.726135,2.004575000000159,9.860969832850756,8.7125,11.7875,1,1,1,1,140,80,80,140.0,81.0,140.0,140,81,19.767053602688975,11815.97096641339
4256,0,626,0,0,79304,79433,1246.726135,1248.728412,2.002276999999822,9.984578551016487,8.7125,11.7875,1,1,1,1,129,80,80,129.0,80.0,129.0,129,80,19.99189198739259,11800.565056684016
4256,0,627,0,0,79433,79563,1248.728412,1250.730689,2.002277000000049,9.843497117418734,8.7125,11.7875,1,1,1,1,130,80,80,130.0,80.0,130.0,130,80,19.70940787777363,11694.186169046254
4256,0,628,0,0,79563,79708,1250.730689,1252.732964,2.002275000000054,9.959140568204633,8.7125,11.7875,1,1,1,1,145,80,80,145.0,80.0,145.0,145,80,19.940938181202,11614.288746550485
4256,0,629,0,0,79708,79829,1252.732964,1254.735242,2.002277999999933,9.77984696052256,8.7125,11.7875,1,1,1,1,121,80,80,121.0,80.0,121.0,121,80,19.581972412421237,11394.52163985259
4256,0,630,0,0,79829,79962,1254.735242,1256.737517,2.002275000000054,9.85563217583434,8.7125,11.7875,1,1,1,1,133,80,80,133.0,80.0,133.0,133,80,19.733685914869056,11309.135857961262
4256,0,631,0,0,79962,80097,1256.737517,1258.739795,2.002277999999933,9.965839137523199,8.7125,11.7875,1,1,1,1,135,80,80,135.0,80.0,135.0,135,80,19.95438045660012,11707.165538452096
4256,0,632,0,0,80097,80231,1258.739795,1260.742072,2.002277000000049,9.946589083466298,8.7125,11.7875,1,1,1,1,134,80,80,134.0,80.0,134.0,134,80,19.915826550275597,11909.44110130587
4256,0,633,0,0,80231,80360,1260.742072,1262.744347,2.002275000000054,9.848138355572239,8.7125,11.7875,1,1,1,1,129,80,80,129.0,80.0,129.0,129,80,19.71868122590422,11603.301244833687
4256,0,634,0,0,80360,80488,1262.744347,1264.746625,2.002277999999933,9.870084910975585,8.7125,11.7875,1,1,1,1,128,80,80,128.0,80.0,128.0,128,80,19.76265387537751,11592.296374429912
4256,0,635,0,0,80488,80623,1264.746625,1266.748899,2.002273999999943,9.99016155132632,8.7125,11.7875,1,1,1,1,135,80,80,135.0,80.0,135.0,135,80,20.003040730020075,11862.012891342882
4256,0,636,0,0,80623,80736,1266.748899,1268.75118,2.002281000000039,9.955416440391057,8.7125,11.7875,1,1,1,1,113,79,79,113.0,80.0,113.0,113,79,19.93354118568277,11723.629200896148
4256,0,637,0,0,80736,80872,1268.75118,1270.753453,2.0022730000000593,10.023056022369516,8.7125,11.7875,1,1,1,1,136,80,80,136.0,80.0,136.0,136,80,20.06889445107845,11824.061953589395
4256,0,638,0,0,80872,80999,1270.753453,1272.755731,2.002277999999933,9.991130743013494,8.7125,11.7875,1,1,1,1,127,80,80,127.0,80.0,127.0,127,80,20.005021281858717,11842.511379539103
4256,0,639,0,0,80999,81123,1272.755731,1274.758007,2.002275999999938,9.936758321224142,8.7125,11.7875,1,1,1,1,124,80,80,124.0,80.0,124.0,124,80,19.896132704387128,11912.44363913903
4256,0,640,0,0,81123,81259,1274.758007,1276.760284,2.002277000000049,10.038804612914195,8.7125,11.7875,1,1,1,1,136,80,80,136.0,80.0,136.0,136,80,20.100467583932186,11945.400161915366
4256,0,641,0,0,81259,81373,1276.760284,1278.76256,2.002275999999938,9.903088187279106,8.7125,11.7875,1,1,1,1,114,80,80,114.0,80.0,114.0,114,80,19.828715803272644,11862.001042813647
4256,0,642,0,0,81373,81521,1278.76256,1280.764836,2.0022760000001654,9.92468495016392,8.7125,11.7875,1,1,1,1,148,80,80,148.0,80.0,148.0,148,80,19.871958483276103,12081.750967398102
4256,0,643,0,0,81521,81653,1280.764836,1282.767112,2.002275999999938,9.942690925968709,8.7125,11.7875,1,1,1,1,132,80,80,132.0,80.0,132.0,132,80,19.90801141648444,11818.550489543266
4256,0,644,0,0,81653,81779,1282.767112,1284.769389,2.002277000000049,9.849117477001336,8.7125,11.7875,1,1,1,1,126,80,80,126.0,80.0,126.0,126,80,19.720661394498165,11555.843671979168
4256,0,645,0,0,81779,81902,1284.769389,1286.771665,2.002275999999938,9.949976580918175,8.7125,11.7875,1,1,1,1,123,80,80,123.0,80.0,123.0,123,80,19.9225993085347,11933.41976830404
4256,0,646,0,0,81902,82029,1286.771665,1288.773942,2.002277000000049,9.953094129279496,8.7125,11.7875,1,1,1,1,127,80,80,127.0,80.0,127.0,127,80,19.928851453891184,11792.574154325011
4256,0,647,0,0,82029,82155,1288.773942,1290.775281,2.0013389999999163,9.985471776817759,8.7125,11.7875,1,1,1,1,126,80,80,126.0,79.0,126.0,126,79,19.98431410034391,11998.966691800342
4256,0,648,0,0,82155,82299,1290.775281,1292.778497,2.003216000000066,9.971613567858336,8.7125,11.7875,1,1,1,1,144,80,80,144.0,81.0,144.0,144,81,19.975295844951688,11850.943682558056
4256,0,649,0,0,82299,82420,1292.778497,1294.780773,2.002275999999938,9.98968340039277,8.7125,11.7875,1,1,1,1,121,80,80,121.0,80.0,121.0,121,80,20.002103320204697,11940.411811359043
4256,0,650,0,0,82420,82545,1294.780773,1296.783048,2.002275000000054,9.906527705114454,8.7125,11.7875,1,1,1,1,125,80,80,125.0,80.0,125.0,125,80,19.835592760759027,11770.61093006673
4256,0,651,0,0,82545,82687,1296.783048,1298.785324,2.002275999999938,9.981565099163365,8.7125,11.7875,1,1,1,1,142,80,80,142.0,80.0,142.0,142,80,19.985848240492487,11768.107893217883
4256,0,652,0,0,82687,82810,1298.785324,1300.787602,2.0022780000001603,9.928578253713347,8.7125,11.7875,1,1,1,1,123,80,80,123.0,80.0,123.0,123,80,19.879773808690516,11726.14392207182
4256,0,653,0,0,82810,82930,1300.787602,1302.789878,2.002275999999938,9.87868124319839,8.7125,11.7875,1,1,1,1,120,80,80,120.0,80.0,120.0,120,80,19.779846364905097,11598.301133310651
4256,0,654,0,0,82930,83062,1302.789878,1304.792154,2.002275999999938,9.862652802309562,8.7125,11.7875,1,1,1,1,132,80,80,132.0,80.0,132.0,132,80,19.747753002397076,12394.89460993428
4256,0,655,0,0,83062,83196,1304.792154,1306.794431,2.002277000000049,9.873784610724984,8.7125,11.7875,1,1,1,1,134,80,80,134.0,80.0,134.0,134,80,19.77005182900939,11694.685600443607
4256,0,656,0,0,83196,83333,1306.794431,1308.796706,2.002275000000054,9.88513909311637,8.7125,11.7875,1,1,1,1,137,80,80,137.0,80.0,137.0,137,80,19.792766877670147,11776.604112821347
4256,0,657,0,0,83333,83462,1308.796706,1310.798984,2.002277999999933,9.880857261462191,8.7125,11.7875,1,1,1,1,129,80,80,129.0,80.0,129.0,129,80,19.78422311576469,11729.140508960687
4256,0,658,0,0,83462,83602,1310.798984,1312.799845,2.0008609999999862,9.889281446196392,8.7125,11.7875,1,1,1,1,140,80,80,140.0,79.0,140.0,140,79,19.787077563718412,11714.456926293311
4256,0,659,0,0,83602,83732,1312.799845,1314.803536,2.0036909999998898,9.809851933106373,8.7125,11.7875,1,1,1,1,130,80,80,130.0,81.0,130.0,130,81,19.655912029696992,11518.24308239208
4256,0,660,0,0,83732,83854,1314.803536,1316.805813,2.002277000000049,9.936701413830237,8.7125,11.7875,1,1,1,1,122,80,80,122.0,80.0,122.0,122,80,19.896028696779467,11728.147504066332
4256,0,661,0,0,83854,83984,1316.805813,1318.808089,2.0022760000001654,9.822737821263889,8.7125,11.7875,1,1,1,1,130,80,80,130.0,80.0,130.0,130,80,19.667832193810682,11852.012409876581
4256,0,662,0,0,83984,84118,1318.808089,1320.810366,2.002276999999822,9.99410193808701,8.7125,11.7875,1,1,1,1,134,80,80,134.0,80.0,134.0,134,80,20.010960446285026,11984.355810910347
4256,0,663,0,0,84118,84245,1320.810366,1322.812643,2.002277000000049,9.991395839027607,8.7125,11.7875,1,1,1,1,127,80,80,127.0,80.0,127.0,127,80,20.005542086380956,11941.404710736533
4256,0,664,0,0,84245,84371,1322.812643,1324.81492,2.002277000000049,10.044320891763787,8.7125,11.7875,1,1,1,1,126,80,80,126.0,80.0,126.0,126,80,20.111512702198524,11884.469531438166
4256,0,665,0,0,84371,84490,1324.81492,1326.817196,2.002275999999938,9.929108383527202,8.7125,11.7875,1,1,1,1,119,80,80,119.0,80.0,119.0,119,80,19.880815417734993,11865.497064341147
4256,0,666,0,0,84490,84615,1326.817196,1328.819473,2.002277000000049,9.92452396806793,8.7125,11.7875,1,1,1,1,125,80,80,125.0,80.0,125.0,125,80,19.871646077212063,11770.099741444077
4256,0,667,0,0,84615,84729,1328.819473,1330.82175,2.002277000000049,9.9121383608396,8.7125,11.7875,1,1,1,1,114,80,80,114.0,80.0,114.0,114,80,19.84684666072644,11789.577565940886
4256,0,668,0,0,84729,84857,1330.82175,1332.824026,2.002275999999938,10.028297371624948,8.7125,11.7875,1,1,1,1,128,80,80,128.0,80.0,128.0,128,80,20.079419148067245,11916.938523960103
4256,0,669,0,0,84857,84986,1332.824026,1334.826302,2.002275999999938,9.957938760970093,8.7125,11.7875,1,1,1,1,129,80,80,129.0,80.0,129.0,129,80,19.93854179055961,11732.64824629608
4256,0,670,0,0,84986,85117,1334.826302,1336.828578,2.0022760000001654,9.90558612611782,8.7125,11.7875,1,1,1,1,131,80,80,131.0,80.0,131.0,131,80,19.833717366260316,11786.087432500839
4256,0,671,0,0,85117,85249,1336.828578,1338.830857,2.0022789999998167,9.974993351334215,8.7125,11.7875,1,1,1,1,132,80,80,132.0,80.0,132.0,132,80,19.972719712513936,12104.706686731579
4256,0,672,0,0,85249,85372,1338.830857,1340.833132,2.002275000000054,9.87088001845098,8.7125,11.7875,1,1,1,1,123,80,80,123.0,80.0,123.0,123,80,19.764216288944226,11691.201258568062
4256,0,673,0,0,85372,85506,1340.833132,1342.835407,2.002275000000054,9.93853256248385,8.7125,11.7875,1,1,1,1,134,80,80,134.0,80.0,134.0,134,80,19.89967528654779,11960.395050629584
4256,0,674,0,0,85506,85639,1342.835407,1344.837684,2.002277000000049,9.833817609248696,8.7125,11.7875,1,1,1,1,133,80,80,133.0,80.0,133.0,133,80,19.690026821193896,11874.480903491083
4256,0,675,0,0,85639,85776,1344.837684,1346.839962,2.002277999999933,9.955691271122774,8.7125,11.7875,1,1,1,1,137,80,80,137.0,80.0,137.0,137,80,19.934061606960313,12181.625128978501
4256,0,676,0,0,85776,85911,1346.839962,1348.842236,2.002273999999943,10.043398926026786,8.7125,11.7875,1,1,1,1,135,80,80,136.0,80.0,135.0,135,80,20.10963654121042,12146.689214363614
4256,0,677,0,0,85911,86031,1348.842236,1350.844514,2.002277999999933,9.931700674145354,8.7125,11.7875,1,1,1,1,120,80,80,120.0,80.0,120.0,120,80,19.88602576242556,11821.535271326356
4256,0,678,0,0,86031,86154,1350.844514,1352.84679,2.0022760000001654,9.939776663987814,8.7125,11.7875,1,1,1,1,123,80,80,123.0,80.0,123.0,123,80,19.902176259663975,12234.077619667807
4256,0,679,0,0,86154,86286,1352.84679,1354.849066,2.002275999999938,10.018982141368129,8.7125,11.7875,1,1,1,1,132,80,80,132.0,80.0,132.0,132,80,20.06076748608939,12080.752104105903
4256,0,680,0,0,86286,86424,1354.849066,1356.851344,2.002277999999933,10.0584189032994,8.7125,11.7875,1,1,1,1,138,80,80,138.0,80.0,138.0,138,80,20.139750884860405,11964.872010780122
4256,0,681,0,0,86424,86551,1356.851344,1358.85362,2.0022760000001654,9.80728182469252,8.7125,11.7875,1,1,1,1,127,80,80,127.0,80.0,127.0,127,80,19.636885022819115,11474.442084906428
4256,0,682,0,0,86551,86690,1358.85362,1360.855896,2.002275999999938,9.966681546909454,8.7125,11.7875,1,1,1,1,139,80,80,139.0,80.0,139.0,139,80,19.956047261019194,11743.136310878584
4256,0,683,0,0,86690,86832,1360.855896,1362.858173,2.002277000000049,9.93394327440544,8.7125,11.7875,1,1,1,1,142,80,80,142.0,80.0,142.0,142,80,19.890506137646298,12079.747207803619
4256,0,684,0,0,86832,86968,1362.858173,1364.860451,2.002277999999933,9.991442985056583,8.7125,11.7875,1,1,1,1,136,80,80,136.0,80.0,136.0,136,80,20.005646477233313,11741.126856510828
4256,0,685,0,0,86968,87091,1364.860451,1366.862725,2.002273999999943,10.050580507364678,8.7125,11.7875,1,1,1,1,123,80,80,123.0,80.0,123.0,123,80,20.12401603480248,11754.135547882392
4256,0,686,0,0,87091,87220,1366.862725,1368.865003,2.002277999999933,9.929202737800633,8.7125,11.7875,1,1,1,1,129,80,80,129.0,80.0,129.0,129,80,19.88102419943789,11864.985781195615
4256,0,687,0,0,87220,87356,1368.865003,1370.866669,2.001666000000114,9.929577144784469,8.7125,11.7875,1,1,1,1,136,80,80,136.0,79.0,136.0,136,79,19.875696965093084,11706.74827868319
4256,0,688,0,0,87356,87486,1370.866669,1372.869556,2.0028870000001007,10.05526272086379,8.7125,11.7875,1,1,1,1,130,80,80,130.0,81.0,130.0,130,81,20.139554985204086,11754.532332577333
4256,0,689,0,0,87486,87618,1372.869556,1374.869961,2.0004050000000007,10.026767370323354,8.7125,11.7875,1,1,1,1,132,80,80,132.0,79.0,132.0,132,79,20.057595581431087,12018.566240336328
4256,0,690,0,0,87618,87762,1374.869961,1376.874108,2.0041469999998753,9.947313514626737,8.7125,11.7875,1,1,1,1,144,80,80,144.0,81.0,144.0,144,81,19.935878538397446,11866.395029906229
4256,0,691,0,0,87762,87900,1376.874108,1378.876385,2.002277000000049,10.068883944754422,8.7125,11.7875,1,1,1,1,138,80,80,138.0,80.0,138.0,138,80,20.16069473825155,12035.297813439103
4256,0,692,0,0,87900,88033,1378.876385,1380.87866,2.002275000000054,9.920786779779844,8.7125,11.7875,1,1,1,1,133,80,80,133.0,80.0,133.0,133,80,19.864143349484948,11695.696145634025
4256,0,693,0,0,88033,88161,1380.87866,1382.880938,2.002277999999933,10.003152061672461,8.7125,11.7875,1,1,1,1,128,80,80,128.0,80.0,128.0,128,80,20.029091303740643,11941.898177975687
4256,0,694,0,0,88161,88281,1382.880938,1384.883213,2.002275000000054,10.105009861223197,8.7125,11.7875,1,1,1,1,120,80,80,120.0,80.0,120.0,120,80,20.23300861988173,12067.772908316463
4256,0,695,0,0,88281,88409,1384.883213,1386.88549,2.002276999999822,10.122121239690763,8.7125,11.7875,1,1,1,1,128,80,80,128.0,80.0,128.0,128,80,20.267290549441896,12243.560706137154
4256,0,696,0,0,88409,88530,1386.88549,1388.887768,2.0022780000001603,10.06622495437553,8.7125,11.7875,1,1,1,1,121,80,80,121.0,80.0,121.0,121,80,20.15538076919802,11898.447668105075
4256,0,697,0,0,88530,88658,1388.887768,1390.890043,2.002275000000054,9.922660234845369,8.7125,11.7875,1,1,1,1,128,80,80,128.0,80.0,128.0,128,80,19.867894521725248,12167.159855663853
4256,0,698,0,0,88658,88791,1390.890043,1392.891917,2.001873999999816,9.93330197224338,8.7125,11.7875,1,1,1,1,133,80,80,133.0,79.0,133.0,133,79,19.885218952380455,11560.168122470308
4256,0,699,0,0,88791,88914,1392.891917,1394.894597,2.002680000000055,10.100715771302777,8.7125,11.7875,1,1,1,1,123,80,80,123.0,81.0,123.0,123,81,20.228501460873304,11811.672359038565
4256,0,700,0,0,88914,89051,1394.894597,1396.896874,2.002277000000049,9.878156001511455,8.7125,11.7875,1,1,1,1,137,80,80,137.0,80.0,137.0,137,80,19.77880456423918,11912.437689689996
4256,0,701,0,0,89051,89173,1396.896874,1398.89915,2.002275999999938,10.042556439168905,8.7125,11.7875,1,1,1,1,122,80,80,122.0,80.0,122.0,122,80,20.107969736793166,12185.13331828417
4256,0,702,0,0,89173,89304,1398.89915,1400.901427,2.002277000000049,10.087098073031378,8.7125,11.7875,1,1,1,1,131,80,80,131.0,80.0,131.0,131,80,20.197164468376286,12123.69717077078
4256,0,703,0,0,89304,89447,1400.901427,1402.903703,2.002275999999938,9.985728330563061,8.7125,11.7875,1,1,1,1,143,80,80,143.0,80.0,143.0,143,80,19.99418417880588,12071.262902816969
4256,0,704,0,0,89447,89575,1402.903703,1404.90598,2.002277000000049,10.01528236725367,8.7125,11.7875,1,1,1,1,128,80,80,128.0,80.0,128.0,128,80,20.05336953245751,11832.029234715985
4256,0,705,0,0,89575,89706,1404.90598,1406.908257,2.002277000000049,10.157144406347895,8.7125,11.7875,1,1,1,1,131,80,80,131.0,80.0,131.0,131,80,20.337416630509324,12170.144290724711
4256,0,706,0,0,89706,89830,1406.908257,1408.910535,2.002277999999933,10.06872289072137,8.7125,11.7875,1,1,1,1,124,80,80,124.0,80.0,124.0,124,80,20.16038233218751,11868.981230378997
4256,0,707,0,0,89830,89969,1408.910535,1410.912809,2.002273999999943,10.033251039353678,8.7125,11.7875,1,1,1,1,139,80,80,139.0,80.0,139.0,139,80,20.089317691570614,12133.703978576705
4256,0,708,0,0,89969,90096,1410.912809,1412.915087,2.0022780000001603,10.0744473281769,8.7125,11.7875,1,1,1,1,127,80,80,127.0,80.0,127.0,127,80,20.171844247368426,12162.646745356065
4256,0,709,0,0,90096,90224,1412.915087,1414.917362,2.002274999999827,10.072900923017949,8.7125,11.7875,1,1,1,1,128,80,80,128.0,80.0,128.0,128,80,20.16871769563477,11818.556392105003
4256,0,710,0,0,90224,90353,1414.917362,1416.919639,2.002277000000049,10.084860337271637,8.7125,11.7875,1,1,1,1,129,80,80,129.0,80.0,129.0,129,80,20.19268390153229,12228.57776421514
4256,0,711,0,0,90353,90480,1416.919639,1418.921916,2.002277000000049,9.90896389848276,8.7125,11.7875,1,1,1,1,127,80,80,127.0,80.0,127.0,127,80,19.840490507762297,12062.267108896225
4256,0,712,0,0,90480,90614,1418.921916,1420.924192,2.002275999999938,9.948207207573306,8.7125,11.7875,1,1,1,1,134,80,80,134.0,80.0,134.0,134,80,19.91905653475078,11760.116986869307
4256,0,713,0,0,90614,90746,1420.924192,1422.926468,2.0022760000001654,10.015443394677272,8.7125,11.7875,1,1,1,1,132,80,80,132.0,80.0,132.0,132,80,20.05368193852337,11908.448185963389
4256,0,714,0,0,90746,90884,1422.926468,1424.928744,2.002275999999938,10.043545206626334,8.7125,11.7875,1,1,1,1,138,80,80,138.0,80.0,138.0,138,80,20.109949522142415,12128.19811055057
4256,0,715,0,0,90884,91000,1424.928744,1426.687248,1.7585039999999026,10.104362532833518,8.7125,11.7875,1,1,1,1,116,71,71,116.0,70.0,116.0,116,70,17.768561931436125,12173.98425024975
4256,0,716,0,0,91000,91131,1426.687248,1428.708042,2.0207940000000235,10.084236209570678,8.7125,11.7875,1,1,1,1,131,80,80,132.0,81.0,131.0,131,81,20.378164026882587,12152.64890928997
4256,0,717,0,0,91131,91260,1428.708042,1430.710318,2.002275999999938,10.00545163931912,8.7125,11.7875,1,1,1,1,129,80,80,129.0,80.0,129.0,129,80,20.03367568656904,12018.822579904441
4256,0,718,0,0,91260,91394,1430.710318,1432.712595,2.002277000000049,9.992905009656269,8.7125,11.7875,1,1,1,1,134,80,80,134.0,80.0,134.0,134,80,20.00856386401938,11919.929160650307
4256,0,719,0,0,91394,91524,1432.712595,1434.714871,2.002275999999938,10.051975750210717,8.7125,11.7875,1,1,1,1,130,80,80,130.0,80.0,130.0,130,80,20.1268297972274,12140.683901720218
4256,0,720,0,0,91524,91663,1434.714871,1436.717148,2.002277000000049,9.925772936864064,8.7125,11.7875,1,1,1,1,139,80,80,139.0,80.0,139.0,139,80,19.87414685870499,11955.888221259802
4256,0,721,0,0,91663,91798,1436.717148,1438.719424,2.002275999999938,10.057544072207808,8.7125,11.7875,1,1,1,1,135,80,80,135.0,80.0,135.0,135,80,20.13797911472284,12013.328831789795
4256,0,722,0,0,91798,91927,1438.719424,1440.721701,2.002277000000049,10.040313783542857,8.7125,11.7875,1,1,1,1,129,80,80,129.0,80.0,129.0,129,80,20.10348936157061,12051.279618154435
4256,0,723,0,0,91927,92062,1440.721701,1442.723977,2.0022760000001654,9.960280578631314,8.7125,11.7875,1,1,1,1,135,80,80,135.0,80.0,135.0,135,80,19.943230755861805,11584.317047199329
4256,0,724,0,0,92062,92194,1442.723977,1444.726255,2.002277999999933,9.97385334996251,8.7125,11.7875,1,1,1,1,132,80,80,132.0,80.0,132.0,132,80,19.97042713785595,12058.765066589558
4256,0,725,0,0,92194,92319,1444.726255,1446.72853,2.002275000000054,10.002698398478103,8.7125,11.7875,1,1,1,1,125,80,80,125.0,80.0,125.0,125,80,20.028152935812614,11954.901299771187
4256,0,726,0,0,92319,92456,1446.72853,1448.730806,2.002275999999938,10.07966123901869,8.7125,11.7875,1,1,1,1,137,80,80,137.0,80.0,137.0,137,80,20.18226378701729,11988.357249450497
4256,0,727,0,0,92456,92585,1448.730806,1450.733084,2.002277999999933,10.266944547743035,8.7125,11.7875,1,1,1,1,129,80,80,129.0,80.0,129.0,129,80,20.557277195164716,12047.27815018734
4256,0,728,0,0,92585,92712,1450.733084,1452.73536,2.002275999999938,10.073832715059119,8.7125,11.7875,1,1,1,1,127,80,80,127.0,80.0,127.0,127,80,20.170593473376357,11807.562993313975
4256,0,729,0,0,92712,92832,1452.73536,1454.737637,2.002277000000049,10.149806714670609,8.7125,11.7875,1,1,1,1,120,80,80,120.0,80.0,120.0,120,80,20.322724539231785,11858.998530173107
4256,0,730,0,0,92832,92970,1454.737637,1456.739913,2.002275999999938,10.045262539578706,8.7125,11.7875,1,1,1,1,138,80,80,138.0,80.0,138.0,138,80,20.113388096697236,11875.485697276867
4256,0,731,0,0,92970,93111,1456.739913,1458.742188,2.002275000000054,9.948992686599702,8.7125,11.7875,1,1,1,1,141,80,80,141.0,80.0,141.0,141,80,19.920619331562193,11964.889937695547
4256,0,732,0,0,93111,93253,1458.742188,1460.744466,2.0022780000001603,9.982440006146375,8.7125,11.7875,1,1,1,1,142,80,80,142.0,80.0,142.0,142,80,19.987620010628234,11622.262243303945
4256,0,733,0,0,93253,93385,1460.744466,1462.746742,2.002275999999938,10.103027375249482,8.7125,11.7875,1,1,1,1,132,80,80,132.0,80.0,132.0,132,80,20.22904924080467,11802.568676846115
4256,0,734,0,0,93385,93518,1462.746742,1464.749018,2.002275999999938,9.952058196618022,8.7125,11.7875,1,1,1,1,133,80,80,133.0,80.0,133.0,133,80,19.926767277691397,12033.80552930802
4256,0,735,0,0,93518,93648,1464.749018,1466.751294,2.002275999999938,9.952266358188009,8.7125,11.7875,1,1,1,1,130,80,80,130.0,80.0,130.0,130,80,19.927184074605975,11812.557309781834
4256,0,736,0,0,93648,93779,1466.751294,1468.753572,2.0022780000001603,9.999457197494781,8.7125,11.7875,1,1,1,1,131,80,80,131.0,80.0,131.0,131,80,20.021693158487324,11832.522756579308
4256,0,737,0,0,93779,93908,1468.753572,1470.755847,2.002274999999827,10.011597310040464,8.7125,11.7875,1,1,1,1,129,80,80,129.0,80.0,129.0,129,80,20.045971003959494,12041.802449714492
4256,0,738,0,0,93908,94033,1470.755847,1472.758124,2.002277000000049,10.108538704031679,8.7125,11.7875,1,1,1,1,125,80,80,125.0,80.0,125.0,125,80,20.240094550692447,12002.834772611088
4256,0,739,0,0,94033,94169,1472.758124,1474.760402,2.0022780000001603,9.99123482369341,8.7125,11.7875,1,1,1,1,136,80,80,136.0,80.0,136.0,136,80,20.005229680316916,12125.6888404098
4256,0,740,0,0,94169,94295,1474.760402,1476.762678,2.002275999999938,10.025799432785131,8.7125,11.7875,1,1,1,1,126,80,80,126.0,80.0,126.0,126,80,20.074417585077754,11937.914653125114
4256,0,741,0,0,94295,94420,1476.762678,1478.764953,2.002275000000054,9.941186623826678,8.7125,11.7875,1,1,1,1,125,80,80,125.0,80.0,125.0,125,80,19.90498944722276,11494.425091458155
4256,0,742,0,0,94420,94552,1478.764953,1480.767231,2.002277999999933,9.998728632728685,8.7125,11.7875,1,1,1,1,132,80,80,132.0,80.0,132.0,132,80,20.020234369281752,11896.449943514735
4256,0,743,0,0,94552,94696,1480.767231,1482.769507,2.002275999999938,9.850891673605423,8.7125,11.7875,1,1,1,1,144,80,80,144.0,80.0,144.0,144,80,19.724203976658828,11817.551626249695
4256,0,744,0,0,94696,94836,1482.769507,1484.771785,2.002277999999933,9.890640845479012,8.7125,11.7875,1,1,1,1,140,80,80,140.0,80.0,140.0,140,80,19.80381257080262,11984.349825549101
4256,0,745,0,0,94836,94960,1484.771785,1486.774062,2.002277000000049,9.955696147604774,8.7125,11.7875,1,1,1,1,124,80,80,124.0,80.0,124.0,124,80,19.934061415338874,11663.221422410299
4256,0,746,0,0,94960,95082,1486.774062,1488.776336,2.002273999999943,9.873018510807505,8.7125,11.7875,1,1,1,1,122,80,80,122.0,80.0,122.0,122,80,19.768488265708584,11685.213911782635
4256,0,747,0,0,95082,95203,1488.776336,1490.778613,2.002277000000049,9.967873593367083,8.7125,11.7875,1,1,1,1,121,80,80,121.0,80.0,121.0,121,80,19.95844403490628,11879.475217464624
4256,0,748,0,0,95203,95344,1490.778613,1492.78089,2.002277000000049,9.93217390194425,8.7125,11.7875,1,1,1,1,141,80,80,141.0,80.0,141.0,141,80,19.886963363864197,11990.348987677235
4256,0,749,0,0,95344,95466,1492.78089,1494.783167,2.002277000000049,10.117281485604616,8.7125,11.7875,1,1,1,1,122,80,80,122.0,80.0,122.0,122,80,20.25760002115203,11951.393338683614
4256,0,750,0,0,95466,95591,1494.783167,1496.785444,2.002277000000049,10.076481838264238,8.7125,11.7875,1,1,1,1,125,80,80,125.0,80.0,125.0,125,80,20.175907825674585,11657.727677039404
4256,0,751,0,0,95591,95727,1496.785444,1498.787719,2.002274999999827,9.983651605313037,8.7125,11.7875,1,1,1,1,136,80,80,136.0,80.0,136.0,136,80,19.990016018025926,12003.845625601916
4256,0,752,0,0,95727,95853,1498.787719,1500.789995,2.0022760000001654,9.913704427347225,8.7125,11.7875,1,1,1,1,126,80,80,126.0,80.0,126.0,126,80,19.849972445972526,11873.98740233516
4256,0,753,0,0,95853,95968,1500.789995,1502.792272,2.002276999999822,9.858640864072957,8.7125,11.7875,1,1,1,1,115,80,80,115.0,80.0,115.0,115,80,19.73972985339242,11789.577565942225
4256,0,754,0,0,95968,96097,1502.792272,1504.792796,2.0005240000000413,10.085508249959073,8.7125,11.7875,1,1,1,1,129,80,80,129.0,79.0,129.0,129,79,20.17630130624093,11981.860752482602
4256,0,755,0,0,96097,96233,1504.792796,1506.796826,2.004030000000057,9.842905483140058,8.7125,11.7875,1,1,1,1,136,80,80,136.0,81.0,136.0,136,81,19.725477875377692,11746.331142747029
4256,0,756,0,0,96233,96365,1506.796826,1508.799103,2.002277000000049,9.778862982218797,8.7125,11.7875,1,1,1,1,132,80,80,132.0,80.0,132.0,132,80,19.57999243544873,11737.63670061606
4256,0,757,0,0,96365,96490,1508.799103,1510.800214,2.001111000000037,9.894839101415819,8.7125,11.7875,1,1,1,1,125,80,80,125.0,79.0,125.0,125,79,19.800671369073825,11637.035626709147
4256,0,758,0,0,96490,96626,1510.800214,1512.803658,2.003443999999945,9.903875687367027,8.7125,11.7875,1,1,1,1,136,80,80,136.0,81.0,136.0,136,81,19.84186032260004,11847.099295014312
4256,0,759,0,0,96626,96749,1512.803658,1514.805933,2.002275000000054,9.909025645201822,8.7125,11.7875,1,1,1,1,123,80,80,123.0,80.0,123.0,123,80,19.8405943237467,11694.19784994537
4256,0,760,0,0,96749,96880,1514.805933,1516.808212,2.0022789999998167,9.798420564152732,8.7125,11.7875,1,1,1,1,131,80,80,131.0,80.0,131.0,131,80,19.619171728769288,11719.14603309636
4256,0,761,0,0,96880,97002,1516.808212,1518.810489,2.002277000000049,9.86394898145543,8.7125,11.7875,1,1,1,1,122,80,80,122.0,80.0,122.0,122,80,19.75035817474236,11776.092918212325
4256,0,762,0,0,97002,97126,1518.810489,1520.812768,2.002279000000044,10.025264295163723,8.7125,11.7875,1,1,1,1,124,80,80,124.0,80.0,124.0,124,80,20.073376167656534,12002.323352539517
4256,0,763,0,0,97126,97251,1520.812768,1522.815044,2.002275999999938,9.89523008801218,8.7125,11.7875,1,1,1,1,125,80,80,125.0,80.0,125.0,125,80,19.812981719704112,12065.269723055537
4256,0,764,0,0,97251,97385,1522.815044,1524.81732,2.0022760000001654,10.00794957815782,8.7125,11.7875,1,1,1,1,134,80,80,134.0,80.0,134.0,134,80,20.038677249556713,11739.640289349749
4256,0,765,0,0,97385,97521,1524.81732,1526.819596,2.002275999999938,10.01908622215312,8.7125,11.7875,1,1,1,1,136,80,80,136.0,80.0,136.0,136,80,20.060975884547588,11775.599367919673
4256,0,766,0,0,97521,97653,1526.819596,1528.821872,2.002275999999938,9.935665472981722,8.7125,11.7875,1,1,1,1,132,80,80,132.0,80.0,132.0,132,80,19.89394452057968,11770.605051451812
4256,0,767,0,0,97653,97779,1528.821872,1530.824149,2.002277000000049,10.119050858065807,8.7125,11.7875,1,1,1,1,126,80,80,126.0,80.0,126.0,126,80,20.26114279493595,11913.935983882058
4256,0,768,0,0,97779,97899,1530.824149,1532.826428,2.002279000000044,9.907861345596563,8.7125,11.7875,1,1,1,1,120,80,80,120.0,80.0,120.0,120,80,19.838302707199546,11688.181317388578
4256,0,769,0,0,97899,98018,1532.826428,1534.828702,2.002273999999943,9.793864994757252,8.7125,11.7875,1,1,1,1,119,80,80,119.0,80.0,119.0,119,80,19.610001238512268,11680.719022471781
4256,0,770,0,0,98018,98149,1534.828702,1536.830978,2.002275999999938,9.750245554517784,8.7125,11.7875,1,1,1,1,131,80,80,131.0,80.0,131.0,131,80,19.522682667917252,11696.189736080703
4256,0,771,0,0,98149,98278,1536.830978,1538.833255,2.002277000000049,9.923274999271795,8.7125,11.7875,1,1,1,1,129,80,80,129.0,80.0,129.0,129,80,19.869145295717317,11659.725402628821
4256,0,772,0,0,98278,98411,1538.833255,1540.835531,2.002275999999938,9.861924236814616,8.7125,11.7875,1,1,1,1,133,80,80,133.0,80.0,133.0,133,80,19.746294213191504,11689.697124672484
4256,0,773,0,0,98411,98538,1540.835531,1542.837808,2.002277000000049,9.747326520116411,8.7125,11.7875,1,1,1,1,127,80,80,127.0,80.0,127.0,127,80,19.516847702720042,11838.521842881588
4256,0,774,0,0,98538,98667,1542.837808,1544.840085,2.002277000000049,9.8413114220255,8.7125,11.7875,1,1,1,1,129,80,80,129.0,80.0,129.0,129,80,19.705031510158733,11317.614895441262
4256,0,775,0,0,98667,98798,1544.840085,1546.84053,2.0004449999998997,9.939479533585864,8.7125,11.7875,1,1,1,1,131,80,80,131.0,79.0,131.0,131,79,19.883382135563807,11641.409786323127
4256,0,776,0,0,98798,98932,1546.84053,1548.844638,2.0041080000000875,9.907312909865185,8.7125,11.7875,1,1,1,1,134,80,80,134.0,81.0,134.0,134,81,19.855325061165786,12058.232390669038
4256,0,777,0,0,98932,99069,1548.844638,1550.846914,2.002275999999938,9.893408674274813,8.7125,11.7875,1,1,1,1,137,80,80,137.0,80.0,137.0,137,80,19.809334746691093,12022.818033078729
4256,0,778,0,0,99069,99189,1550.846914,1552.849191,2.002277000000049,9.826948280869958,8.7125,11.7875,1,1,1,1,120,80,80,120.0,80.0,120.0,120,80,19.676272522976433,11610.281694290765
4256,0,779,0,0,99189,99317,1552.849191,1554.851467,2.002275999999938,9.83944278725626,8.7125,11.7875,1,1,1,1,128,80,80,128.0,80.0,128.0,128,80,19.701280146295176,11551.35455851277
4256,0,780,0,0,99317,99443,1554.851467,1556.852636,2.001169000000118,9.863993263832935,8.7125,11.7875,1,1,1,1,126,80,80,126.0,79.0,126.0,126,79,19.7395175357924,11875.059027997435
4256,0,781,0,0,99443,99564,1556.852636,1558.853804,2.001168000000007,9.877223675532047,8.7125,11.7875,1,1,1,1,121,80,80,121.0,80.0,121.0,121,80,19.765983948316716,11642.700662812877
4256,0,782,0,0,99564,99688,1558.853804,1560.854299,2.000495000000001,9.91022359274613,8.7125,11.7875,1,1,1,1,124,80,80,124.0,80.0,124.0,124,80,19.82535274617112,11620.623895585837
4256,0,783,0,0,99688,99823,1560.854299,1562.856927,2.0026279999999588,9.876926526921443,8.7125,11.7875,1,1,1,1,135,80,80,135.0,80.0,135.0,135,80,19.7798096167553,11827.958063105323
4256,0,784,0,0,99823,99954,1562.856927,1564.86285,2.005922999999939,9.90101535242245,8.7125,11.7875,1,1,1,1,131,80,80,131.0,81.0,131.0,131,81,19.860674418776398,11884.304631833189
4256,0,785,0,0,99954,100103,1564.86285,1566.864725,2.0018749999999272,9.948547995294051,8.7125,11.7875,1,1,1,1,149,80,80,149.0,79.0,149.0,149,79,19.915749518078883,11863.877614736615
4256,0,786,0,0,100103,100231,1566.864725,1568.867404,2.002679000000171,9.858781589433265,8.7125,11.7875,1,1,1,1,128,80,80,128.0,81.0,128.0,128,81,19.74397485474583,11812.177588119703
4256,0,787,0,0,100231,100354,1568.867404,1570.86968,2.002275999999938,9.873581284733763,8.7125,11.7875,1,1,1,1,123,80,80,123.0,80.0,123.0,123,80,19.769634840471554,11882.477740331871
4256,0,788,0,0,100354,100479,1570.86968,1572.871955,2.002275000000054,9.918497001366424,8.7125,11.7875,1,1,1,1,125,80,80,125.0,80.0,125.0,125,80,19.859558583411854,11715.673421482747
4256,0,789,0,0,100479,100610,1572.871955,1574.874232,2.002276999999822,9.707567680107227,8.7125,11.7875,1,1,1,1,131,80,80,131.0,80.0,131.0,131,80,19.437239491820947,11487.921001940314
4256,0,790,0,0,100610,100739,1574.874232,1576.87651,2.0022780000001603,9.840421916880935,8.7125,11.7875,1,1,1,1,129,80,80,129.0,80.0,129.0,129,80,19.70326031489094,11672.704789244115
4256,0,791,0,0,100739,100863,1576.87651,1578.878786,2.002275999999938,10.012997496231067,8.7125,11.7875,1,1,1,1,124,80,80,124.0,80.0,124.0,124,80,20.048784574762976,11970.377710166202
4256,0,792,0,0,100863,100996,1578.878786,1580.881061,2.002275000000054,9.782203145349435,8.7125,11.7875,1,1,1,1,133,80,80,133.0,80.0,133.0,133,80,19.586660802855477,11478.942702675397
4256,0,793,0,0,100996,101128,1580.881061,1582.883338,2.002277000000049,9.779279305150842,8.7125,11.7875,1,1,1,1,132,80,80,132.0,80.0,132.0,132,80,19.580826029279706,11501.905081064924
4256,0,794,0,0,101128,101259,1582.883338,1584.885614,2.002275999999938,9.815452166315515,8.7125,11.7875,1,1,1,1,131,80,80,131.0,80.0,131.0,131,80,19.653244301760424,11682.705081617481
4256,0,795,0,0,101259,101390,1584.885614,1586.887892,2.002277999999933,9.857439108230437,8.7125,11.7875,1,1,1,1,131,80,80,131.0,80.0,131.0,131,80,19.73733346274821,11810.048354924138
4256,0,796,0,0,101390,101518,1586.887892,1588.890169,2.002277000000049,9.841207341292488,8.7125,11.7875,1,1,1,1,128,80,80,128.0,80.0,128.0,128,80,19.704823111702353,11811.552547424468
4256,0,797,0,0,101518,101646,1588.890169,1590.892443,2.002273999999943,9.972207597981587,8.7125,11.7875,1,1,1,1,128,80,80,128.0,80.0,128.0,128,80,19.967091996040836,12129.708521411501
4256,0,798,0,0,101646,101788,1590.892443,1592.894721,2.002277999999933,9.930503746313509,8.7125,11.7875,1,1,1,1,142,80,80,142.0,80.0,142.0,142,80,19.883629180159915,12132.680876482094
4256,0,799,0,0,101788,101916,1592.894721,1594.896999,2.0022780000001603,9.96427792730664,8.7125,11.7875,1,1,1,1,128,80,80,128.0,80.0,128.0,128,80,19.951254479732597,11852.000571348284
4256,0,800,0,0,101916,102055,1594.896999,1596.899276,2.002277000000049,9.913751612201274,8.7125,11.7875,1,1,1,1,139,80,80,139.0,80.0,139.0,139,80,19.850076836824883,11850.008765020733
4256,0,801,0,0,102055,102196,1596.899276,1598.90155,2.002273999999943,9.881084779701515,8.7125,11.7875,1,1,1,1,141,80,80,141.0,80.0,141.0,141,80,19.784639146191694,11881.990177168896
4256,0,802,0,0,102196,102329,1598.90155,1600.903827,2.002277000000049,10.12951097173343,8.7125,11.7875,1,1,1,1,133,80,80,133.0,80.0,133.0,133,80,20.282086839950352,12250.053314301367
4256,0,803,0,0,102329,102469,1600.903827,1602.906103,2.002275999999938,9.968555001039318,8.7125,11.7875,1,1,1,1,140,80,80,140.0,80.0,140.0,140,80,19.959798433259493,11884.475466919015
4256,0,804,0,0,102469,102604,1602.906103,1604.90838,2.002277000000049,9.988117295937755,8.7125,11.7875,1,1,1,1,135,80,80,135.0,80.0,135.0,135,80,19.998977534958613,11970.37173178307
4256,0,805,0,0,102604,102724,1604.90838,1606.910657,2.002276999999822,10.137004784511362,8.7125,11.7875,1,1,1,1,120,80,80,120.0,80.0,120.0,120,80,20.29709152891519,12190.12154662026
4256,0,806,0,0,102724,102858,1606.910657,1608.912934,2.002277000000049,10.107654017801083,8.7125,11.7875,1,1,1,1,134,80,80,134.0,80.0,134.0,134,80,20.238323163801397,12252.550471288137
4256,0,807,0,0,102858,102997,1608.912934,1610.91521,2.002275999999938,10.077839825281323,8.7125,11.7875,1,1,1,1,139,80,80,139.0,80.0,139.0,139,80,20.178616814004272,12047.789615418027
4256,0,808,0,0,102997,103120,1610.91521,1612.917487,2.002277000000049,10.075701232766654,8.7125,11.7875,1,1,1,1,123,80,80,123.0,80.0,123.0,123,80,20.174344837239914,11810.553684629758
4256,0,809,0,0,103120,103252,1612.917487,1614.919764,2.002277000000049,10.206166431596156,8.7125,11.7875,1,1,1,1,132,80,80,132.0,80.0,132.0,132,80,20.435572304157176,11945.89959331272
4256,0,810,0,0,103252,103384,1614.919764,1616.922038,2.002273999999943,10.24370259682062,8.7125,11.7875,1,1,1,1,132,80,80,132.0,80.0,132.0,132,80,20.510699373346142,11962.898184764264
4256,0,811,0,0,103384,103513,1616.922038,1618.924316,2.0022780000001603,10.148760934432323,8.7125,11.7875,1,1,1,1,129,80,80,129.0,80.0,129.0,129,80,20.320640746274876,11949.389645193167
4256,0,812,0,0,103513,103638,1618.924316,1620.926593,2.002276999999822,9.930300448751154,8.7125,11.7875,1,1,1,1,125,80,80,125.0,80.0,125.0,125,80,19.88321219162208,11956.387652658514
4256,0,813,0,0,103638,103771,1620.926593,1622.928869,2.0022760000001654,10.054005325516949,8.7125,11.7875,1,1,1,1,133,80,80,133.0,80.0,133.0,133,80,20.130893567156818,12069.265176228455
4256,0,814,0,0,103771,103891,1622.928869,1624.931144,2.002274999999827,10.177502164176476,8.7125,11.7875,1,1,1,1,120,80,80,120.0,80.0,120.0,120,80,20.37815814577516,12093.743366921175
4256,0,815,0,0,103891,104000,1624.931144,1626.532976,1.6018320000000585,10.110777089064586,8.7125,11.7875,1,1,1,1,109,64,64,109.0,64.0,109.0,109,64,16.195766286131402,12217.261235884465
4256,0,816,0,0,104000,104127,1626.532976,1628.535243,2.0022670000000744,10.099741325982498,8.7125,11.7875,1,1,1,1,127,80,80,127.0,80.0,127.0,127,80,20.222378765551184,12292.06694212065
4256,0,817,0,0,104127,104281,1628.535243,1630.537521,2.002277999999933,10.18883199663001,8.7125,11.7875,1,1,1,1,154,80,80,154.0,80.0,154.0,154,80,20.40087415254675,12356.92546189931
4256,0,818,0,0,104281,104413,1630.537521,1632.539796,2.002275000000054,10.133371889298516,8.7125,11.7875,1,1,1,1,132,80,80,132.0,80.0,132.0,132,80,20.289797199646273,12026.320060930366
4256,0,819,0,0,104413,104543,1632.539796,1634.542073,2.002277000000049,10.169894296141763,8.7125,11.7875,1,1,1,1,130,80,80,130.0,80.0,130.0,130,80,20.36294544159682,12051.77904955179
4256,0,820,0,0,104543,104689,1634.542073,1636.544348,2.002274999999827,10.114689379062872,8.7125,11.7875,1,1,1,1,146,80,80,146.0,80.0,146.0,146,80,20.252389676461462,11798.079684360062
4256,0,821,0,0,104689,104820,1636.544348,1638.546627,2.002279000000044,10.156926290910585,8.7125,11.7875,1,1,1,1,131,80,80,131.0,80.0,131.0,131,80,20.337000216839442,12162.640670955177
4256,0,822,0,0,104820,104960,1638.546627,1640.548902,2.002275000000054,10.21403453795309,8.7125,11.7875,1,1,1,1,140,80,80,140.0,80.0,140.0,140,80,20.45130600448101,12008.340512666517
4256,0,823,0,0,104960,105075,1640.548902,1642.551179,2.002277000000049,10.222923429610955,8.7125,11.7875,1,1,1,1,115,80,80,115.0,80.0,115.0,115,80,20.46912445587077,12179.63348727444
4256,0,824,0,0,105075,105211,1642.551179,1644.553454,2.002275000000054,10.275754474278463,8.7125,11.7875,1,1,1,1,136,80,80,136.0,80.0,136.0,136,80,20.574886289987262,12184.140540135266
4256,0,825,0,0,105211,105348,1644.553454,1646.555731,2.002276999999822,10.211578629713875,8.7125,11.7875,1,1,1,1,137,80,80,137.0,80.0,137.0,137,80,20.446409023965316,12254.048765481592
4256,0,826,0,0,105348,105494,1646.555731,1648.55801,2.002279000000044,10.151357977256469,8.7125,11.7875,1,1,1,1,146,80,80,146.0,80.0,146.0,146,80,20.325850899344005,12169.133272635563
4256,0,827,0,0,105494,105636,1648.55801,1650.560284,2.002273999999943,10.042149955359326,8.7125,11.7875,1,1,1,1,142,80,80,142.0,80.0,142.0,142,80,20.107135759715675,12137.200003596257
4256,0,828,0,0,105636,105761,1650.560284,1652.562561,2.002277000000049,10.161515797134365,8.7125,11.7875,1,1,1,1,125,80,80,125.0,80.0,125.0,125,80,20.346169365739115,11880.973511656686
4256,0,829,0,0,105761,105883,1652.562561,1654.564839,2.002277999999933,10.169004626893791,8.7125,11.7875,1,1,1,1,122,80,80,122.0,80.0,122.0,122,80,20.36117424632721,12016.313419016144
4256,0,830,0,0,105883,106001,1654.564839,1656.567114,2.002275000000054,10.046672552099468,8.7125,11.7875,1,1,1,1,118,80,80,118.0,80.0,118.0,118,80,20.11620128425602,11727.659786991979
4256,0,831,0,0,106001,106130,1656.567114,1658.569391,2.002277000000049,10.140855771631648,8.7125,11.7875,1,1,1,1,129,80,80,129.0,80.0,129.0,129,80,20.304802271855806,12004.832498200503
4256,0,832,0,0,106130,106261,1658.569391,1660.569923,2.000532000000021,10.154169801919382,8.7125,11.7875,1,1,1,1,131,80,80,131.0,79.0,131.0,131,79,20.313741622174348,12099.28159109664
4256,0,833,0,0,106261,106392,1660.569923,1662.573943,2.0040200000000823,10.157991979727715,8.7125,11.7875,1,1,1,1,131,80,80,131.0,81.0,131.0,131,81,20.356819087215626,12119.639524555145
4256,0,834,0,0,106392,106524,1662.573943,1664.57622,2.002276999999822,10.205073583900676,8.7125,11.7875,1,1,1,1,132,80,80,132.0,80.0,132.0,132,80,20.43338412034973,12524.740582847544
4256,0,835,0,0,106524,106667,1664.57622,1666.578496,2.0022760000001654,10.052287992564573,8.7125,11.7875,1,1,1,1,143,80,80,143.0,80.0,143.0,143,80,20.127454992601997,11868.493654220516
4256,0,836,0,0,106667,106791,1666.578496,1668.580773,2.002276999999822,10.238223297364739,8.7125,11.7875,1,1,1,1,124,80,80,124.0,80.0,124.0,124,80,20.49975902917504,12075.252325228803
4256,0,837,0,0,106791,106917,1668.580773,1670.582807,2.0020340000000942,10.097459368036057,8.7125,11.7875,1,1,1,1,126,80,80,126.0,79.0,126.0,126,79,20.215456968428043,11876.921171168362
4256,0,838,0,0,106917,107050,1670.582807,1672.585325,2.002518000000009,10.078622393067082,8.7125,11.7875,1,1,1,1,133,80,80,133.0,81.0,133.0,133,81,20.182622757320132,12241.088469616696
4256,0,839,0,0,107050,107182,1672.585325,1674.587603,2.002277999999933,10.130598855593716,8.7125,11.7875,1,1,1,1,132,80,80,132.0,80.0,132.0,132,80,20.28427521537924,12023.80488623498
4256,0,840,0,0,107182,107320,1674.587603,1676.58988,2.002277000000049,10.24254264778356,8.7125,11.7875,1,1,1,1,138,80,80,138.0,80.0,138.0,138,80,20.50840756517573,12313.980533162692
4256,0,841,0,0,107320,107445,1676.58988,1678.592155,2.002275000000054,10.288504376807733,8.7125,11.7875,1,1,1,1,125,80,80,125.0,80.0,125.0,125,80,20.60041510107294,12102.233709155507
4256,0,842,0,0,107445,107592,1678.592155,1680.594432,2.002277000000049,10.356250848598265,8.7125,11.7875,1,1,1,1,147,80,80,147.0,80.0,147.0,147,80,20.7360828803794,12129.190916141675
4256,0,843,0,0,107592,107717,1680.594432,1682.596708,2.002275999999938,10.151633101840927,8.7125,11.7875,1,1,1,1,125,80,80,125.0,80.0,125.0,125,80,20.326371320621547,12148.175376422008
4256,0,844,0,0,107717,107865,1682.596708,1684.598985,2.002277000000049,10.259091484332336,8.7125,11.7875,1,1,1,1,148,80,80,148.0,80.0,148.0,148,80,20.541542919974745,12274.026021374364
4256,0,845,0,0,107865,107998,1684.598985,1686.601264,2.0022789999998167,10.063670047283889,8.7125,11.7875,1,1,1,1,133,80,80,133.0,80.0,133.0,133,80,20.150275198604504,11920.41668518832
4256,0,846,0,0,107998,108116,1686.601264,1688.603539,2.002275000000054,10.353554899916261,8.7125,11.7875,1,1,1,1,118,80,80,118.0,80.0,118.0,118,80,20.730664137230633,12377.420683971646
4256,0,847,0,0,108116,108255,1688.603539,1690.605815,2.002275999999938,10.15106065752347,8.7125,11.7875,1,1,1,1,139,80,80,139.0,80.0,139.0,139,80,20.325225129103274,12341.455423728179
4256,0,848,0,0,108255,108380,1690.605815,1692.608091,2.0022760000001654,10.258836310381945,8.7125,11.7875,1,1,1,1,125,80,80,125.0,80.0,125.0,125,80,20.54102173220781,12356.438373130355
4256,0,849,0,0,108380,108504,1692.608091,1694.610367,2.002275999999938,10.163029947797593,8.7125,11.7875,1,1,1,1,124,80,80,124.0,80.0,124.0,124,80,20.3491909517561,11935.91692653797
4256,0,850,0,0,108504,108629,1694.610367,1696.612644,2.002277000000049,10.101981617851976,8.7125,11.7875,1,1,1,1,125,80,80,125.0,80.0,125.0,125,80,20.22696544784776,11837.023548689525
4256,0,851,0,0,108629,108763,1696.612644,1698.61492,2.002275999999938,10.255141442515857,8.7125,11.7875,1,1,1,1,134,80,80,134.0,80.0,134.0,134,80,20.53362358695449,12251.05829565992
4256,0,852,0,0,108763,108894,1698.61492,1700.617198,2.002277999999933,10.264030288674196,8.7125,11.7875,1,1,1,1,131,80,80,131.0,80.0,131.0,131,80,20.55144203834425,12176.630817499277
4256,0,853,0,0,108894,109037,1700.617198,1702.619474,2.0022760000001654,10.32893471907431,8.7125,11.7875,1,1,1,1,143,80,80,143.0,80.0,143.0,143,80,20.681378093569947,12202.613425920294
4256,0,854,0,0,109037,109160,1702.619474,1704.62175,2.002275999999938,10.224853934083072,8.7125,11.7875,1,1,1,1,123,80,80,123.0,80.0,123.0,123,80,20.47297963572055,12025.814622959446
4256,0,855,0,0,109160,109287,1704.62175,1706.624026,2.002275999999938,10.12930777346006,8.7125,11.7875,1,1,1,1,127,80,80,127.0,80.0,127.0,127,80,20.281669851410697,12313.487251508166
4256,0,856,0,0,109287,109421,1706.624026,1708.626304,2.002277999999933,10.332463336451433,8.7125,11.7875,1,1,1,1,134,80,80,134.0,80.0,134.0,134,80,20.688464024384302,12291.999412669382
4256,0,857,0,0,109421,109554,1708.626304,1710.62858,2.0022760000001654,10.31238587426052,8.7125,11.7875,1,1,1,1,133,80,80,133.0,80.0,133.0,133,80,20.648242738770932,12147.176513127057
4256,0,858,0,0,109554,109687,1710.62858,1712.630857,2.002277000000049,10.24597731197293,8.7125,11.7875,1,1,1,1,133,80,80,133.0,80.0,133.0,133,80,20.51528471428537,12261.040805043158
4256,0,859,0,0,109687,109821,1712.630857,1714.633132,2.002274999999827,10.501141526746062,8.7125,11.7875,1,1,1,1,134,80,80,134.0,80.0,134.0,134,80,21.026173150465183,12512.267295951939
4256,0,860,0,0,109821,109962,1714.633132,1716.635408,2.0022760000001654,10.19826129351638,8.7125,11.7875,1,1,1,1,141,80,80,141.0,80.0,141.0,141,80,20.419733829738107,11792.580043909056
4256,0,861,0,0,109962,110091,1716.635408,1718.637688,2.002279999999928,10.035147038763577,8.7125,11.7875,1,1,1,1,129,80,80,129.0,80.0,129.0,129,80,20.09317421277592,12072.237649080484
4256,0,862,0,0,110091,110224,1718.637688,1720.639962,2.002273999999943,10.009104273116124,8.7125,11.7875,1,1,1,1,133,80,80,133.0,80.0,133.0,133,80,20.040969249348564,11928.437366714385
4256,0,863,0,0,110224,110356,1720.639962,1722.642238,2.002275999999938,9.999258832612071,8.7125,11.7875,1,1,1,1,132,80,80,132.0,80.0,132.0,132,80,20.02127597832805,11914.94079737296
4256,0,864,0,0,110356,110476,1722.642238,1724.644516,2.0022780000001603,10.055140361845833,8.7125,11.7875,1,1,1,1,120,80,80,120.0,80.0,120.0,120,80,20.13318633343806,12045.779856742205
4256,0,865,0,0,110476,110602,1724.644516,1726.646791,2.002274999999827,10.003999408941388,8.7125,11.7875,1,1,1,1,126,80,80,126.0,80.0,126.0,126,80,20.03075791653464,11744.141039568507
4256,0,866,0,0,110602,110743,1726.646791,1728.649068,2.002277000000049,10.041042348673935,8.7125,11.7875,1,1,1,1,141,80,80,141.0,80.0,141.0,141,80,20.10494815077618,11974.866614359258
4256,0,867,0,0,110743,110873,1728.649068,1730.651345,2.002277000000049,10.078771614390485,8.7125,11.7875,1,1,1,1,130,80,80,130.0,80.0,130.0,130,80,20.18049259174586,11784.083820569991
4256,0,868,0,0,110873,111006,1730.651345,1732.653621,2.002275999999938,10.024498422972725,8.7125,11.7875,1,1,1,1,133,80,80,133.0,80.0,133.0,133,80,20.07181260435391,11759.617555222521
4256,0,869,0,0,111006,111136,1732.653621,1734.655897,2.0022760000001654,10.06394504048372,8.7125,11.7875,1,1,1,1,130,80,80,130.0,80.0,130.0,130,80,20.150795619880228,12323.475884442485
4256,0,870,0,0,111136,111260,1734.655897,1736.658174,2.002276999999822,10.159798465040812,8.7125,11.7875,1,1,1,1,124,80,80,124.0,80.0,124.0,124,80,20.342730791184295,12018.317145930429
4256,0,871,0,0,111260,111380,1736.658174,1738.66045,2.0022760000001654,9.737495658355133,8.7125,11.7875,1,1,1,1,120,80,80,120.0,80.0,120.0,120,80,19.497153856831574,11586.314773786473
4256,0,872,0,0,111380,111509,1738.66045,1740.662101,2.0016509999998107,9.75926873090539,8.7125,11.7875,1,1,1,1,129,80,80,129.0,79.0,129.0,129,79,19.534650014484214,11516.99272250866
4256,0,873,0,0,111509,111653,1740.662101,1742.665003,2.0029020000001765,9.65782856525343,8.7125,11.7875,1,1,1,1,144,80,80,144.0,81.0,144.0,144,81,19.34368414900382,11460.371001675558
4256,0,874,0,0,111653,111768,1742.665003,1744.66728,2.002276999999822,9.83746043490518,8.7125,11.7875,1,1,1,1,115,80,80,115.0,80.0,115.0,115,80,19.697320767219935,11761.109976293039
4256,0,875,0,0,111768,111891,1744.66728,1746.669556,2.0022760000001654,9.837777494695287,8.7125,11.7875,1,1,1,1,123,80,80,123.0,80.0,123.0,123,80,19.697945770971273,11601.297723190051
4256,0,876,0,0,111891,112019,1746.669556,1748.671835,2.002279000000044,9.815906109831857,8.7125,11.7875,1,1,1,1,128,80,80,128.0,80.0,128.0,128,80,19.654182669688453,11462.937982169065
4256,0,877,0,0,112019,112140,1748.671835,1750.67411,2.002274999999827,9.64788682523602,8.7125,11.7875,1,1,1,1,121,80,80,121.0,80.0,121.0,121,80,19.317722592997598,11618.783633617766
4256,0,878,0,0,112140,112257,1750.67411,1752.675311,2.0012010000000373,9.94787691151183,8.7125,11.7875,1,1,1,1,117,80,80,117.0,79.0,117.0,117,79,19.907701223193726,12081.744912180011
4256,0,879,0,0,112257,112374,1752.675311,1754.678663,2.00335199999995,9.769401429957824,8.7125,11.7875,1,1,1,1,117,80,80,117.0,81.0,117.0,117,81,19.571549893509655,11538.162040420544
4256,0,880,0,0,112374,112507,1754.678663,1756.680942,2.002279000000044,9.826834575881993,8.7125,11.7875,1,1,1,1,133,80,80,133.0,80.0,133.0,133,80,19.67606450776293,11759.100504974322
4256,0,881,0,0,112507,112630,1756.680942,1758.683216,2.002273999999943,9.73911844716694,8.7125,11.7875,1,1,1,1,123,80,80,123.0,80.0,123.0,123,80,19.5003836496835,11363.579609983772
4256,0,882,0,0,112630,112758,1758.683216,1760.685492,2.0022760000001654,9.744000707417156,8.7125,11.7875,1,1,1,1,128,80,80,128.0,80.0,128.0,128,80,19.51017876044716,11964.384530403411
4256,0,883,0,0,112758,112880,1760.685492,1762.687769,2.002276999999822,9.700490190262466,8.7125,11.7875,1,1,1,1,122,80,80,122.0,80.0,122.0,122,80,19.423068396685267,11389.533016661546
4256,0,884,0,0,112880,113008,1762.687769,1764.690047,2.0022780000001603,9.725152562640204,8.7125,11.7875,1,1,1,1,128,80,80,128.0,80.0,128.0,128,80,19.47245902281793,11473.431761223048
4256,0,885,0,0,113008,113144,1764.690047,1766.692321,2.002273999999943,9.737661314721569,8.7125,11.7875,1,1,1,1,136,80,80,136.0,80.0,136.0,136,80,19.497466071272356,11695.202554695645
4256,0,886,0,0,113144,113274,1766.692321,1768.694599,2.002277999999933,10.010906072409195,8.7125,11.7875,1,1,1,1,130,80,80,130.0,80.0,130.0,130,80,20.044616988849157,11880.468146781215
4256,0,887,0,0,113274,113393,1768.694599,1770.696874,2.002275000000054,9.952635515893778,8.7125,11.7875,1,1,1,1,119,80,80,119.0,80.0,119.0,119,80,19.92791327758823,11807.568890386865
4256,0,888,0,0,113393,113518,1770.696874,1772.699152,2.002277999999933,10.105723572827541,8.7125,11.7875,1,1,1,1,125,80,80,125.0,80.0,125.0,125,80,20.234467983951617,12075.745725618925
4256,0,889,0,0,113518,113640,1772.699152,1774.701427,2.002275000000054,9.838823120663099,8.7125,11.7875,1,1,1,1,122,80,80,122.0,80.0,122.0,122,80,19.700029563926364,12000.349602327027
4256,0,890,0,0,113640,113772,1774.701427,1776.703705,2.002277999999933,10.018087639400267,8.7125,11.7875,1,1,1,1,132,80,80,132.0,80.0,132.0,132,80,20.058996482443035,11652.228112180617
4256,0,891,0,0,113772,113897,1776.703705,1778.705981,2.0022760000001654,10.00810569933531,8.7125,11.7875,1,1,1,1,125,80,80,125.0,80.0,125.0,125,80,20.038989847242192,11998.84531403164
4256,0,892,0,0,113897,114012,1778.705981,1780.708257,2.002275999999938,10.00873018404638,8.7125,11.7875,1,1,1,1,115,80,80,115.0,80.0,115.0,115,80,20.040240237991384,11834.532302240417
4256,0,893,0,0,114012,114136,1780.708257,1782.710534,2.002277000000049,9.963814444779647,8.7125,11.7875,1,1,1,1,124,80,80,124.0,80.0,124.0,124,80,19.950316495051084,11634.753832761115
4256,0,894,0,0,114136,114269,1782.710534,1784.71281,2.002275999999938,9.865358902719365,8.7125,11.7875,1,1,1,1,133,80,80,133.0,80.0,133.0,133,80,19.753171362299327,11838.02832376792
4256,0,895,0,0,114269,114409,1784.71281,1786.715087,2.002277000000049,9.949711505456632,8.7125,11.7875,1,1,1,1,140,80,80,140.0,80.0,140.0,140,80,19.92207850401246,11944.900730518011
4256,0,896,0,0,114409,114537,1786.715087,1788.717363,2.002275999999938,9.917971739533018,8.7125,11.7875,1,1,1,1,128,80,80,128.0,80.0,128.0,128,80,19.85851678274412,11664.2261106864
4256,0,897,0,0,114537,114664,1788.717363,1790.719639,2.002275999999938,10.048749245875953,8.7125,11.7875,1,1,1,1,127,80,80,127.0,80.0,127.0,127,80,20.120369445034157,11976.870321574419
4256,0,898,0,0,114664,114787,1790.719639,1792.721917,2.0022780000001603,9.902558083455846,8.7125,11.7875,1,1,1,1,123,80,80,123.0,80.0,123.0,123,80,19.827674194228166,11774.089312272377
4256,0,899,0,0,114787,114927,1792.721917,1794.724194,2.002276999999822,9.853384787055893,8.7125,11.7875,1,1,1,1,140,80,80,140.0,80.0,140.0,140,80,19.729205731269758,11594.799320974103
4256,0,900,0,0,114927,115055,1794.724194,1796.726469,2.002275000000054,9.94769167613753,8.7125,11.7875,1,1,1,1,128,80,80,128.0,80.0,128.0,128,80,19.918014350838348,11735.650697331468
4256,0,901,0,0,115055,115182,1796.726469,1798.728747,2.0022780000001603,9.97010644544432,8.7125,11.7875,1,1,1,1,127,80,80,127.0,80.0,127.0,127,80,19.96292479337353,11953.884525524469
4256,0,902,0,0,115182,115310,1798.728747,1800.731021,2.002273999999943,10.034447969576659,8.7125,11.7875,1,1,1,1,128,80,80,128.0,80.0,128.0,128,80,20.09171427383626,12131.206817848451
4256,0,903,0,0,115310,115440,1800.731021,1802.733299,2.002277999999933,9.914319200413342,8.7125,11.7875,1,1,1,1,130,80,80,130.0,80.0,130.0,130,80,19.851223219964595,12040.286114116425
4256,0,904,0,0,115440,115572,1802.733299,1804.735577,2.002277999999933,9.896677524978754,8.7125,11.7875,1,1,1,1,132,80,80,132.0,80.0,132.0,132,80,19.815899681358133,11607.778740015512
4256,0,905,0,0,115572,115713,1804.735577,1806.737119,2.001541999999972,9.903994516112343,8.7125,11.7875,1,1,1,1,141,80,80,141.0,79.0,141.0,141,79,19.82326099176862,12258.548658984093
4256,0,906,0,0,115713,115847,1806.737119,1808.740128,2.00300900000002,10.049407786491534,8.7125,11.7875,1,1,1,1,134,80,80,134.0,81.0,134.0,134,81,20.129054241013364,11774.7848362138
4256,0,907,0,0,115847,115974,1808.740128,1810.742406,2.0022780000001603,9.87690219558195,8.7125,11.7875,1,1,1,1,127,80,80,127.0,80.0,127.0,127,80,19.776303974365874,11793.067695893433
4256,0,908,0,0,115974,116094,1810.742406,1812.744684,2.002277999999933,9.99732354353478,8.7125,11.7875,1,1,1,1,120,80,80,120.0,80.0,120.0,120,80,20.017420990101527,12005.325933761847
4256,0,909,0,0,116094,116217,1812.744684,1814.746962,2.002277999999933,9.97145949429882,8.7125,11.7875,1,1,1,1,123,80,80,123.0,80.0,123.0,123,80,19.965633973326476,11678.697963020511
4256,0,910,0,0,116217,116338,1814.746962,1816.74924,2.0022780000001603,9.955691271121664,8.7125,11.7875,1,1,1,1,121,80,80,121.0,80.0,121.0,121,80,19.934061606960313,11706.16667615492
4256,0,911,0,0,116338,116463,1816.74924,1818.751518,2.002277999999933,9.97052276816955,8.7125,11.7875,1,1,1,1,125,80,80,125.0,80.0,125.0,125,80,19.963758387202688,11611.774189198892
4256,0,912,0,0,116463,116600,1818.751518,1820.753795,2.002277000000049,9.878051920778441,8.7125,11.7875,1,1,1,1,137,80,80,137.0,80.0,137.0,137,80,19.778596165779163,11971.370594577778
4256,0,913,0,0,116600,116721,1820.753795,1822.756072,2.002276999999822,9.9046445480639,8.7125,11.7875,1,1,1,1,121,80,80,121.0,80.0,121.0,121,80,19.831841971761605,11634.753832762437
4256,0,914,0,0,116721,116849,1822.756072,1824.758347,2.002275000000054,9.945453938142597,8.7125,11.7875,1,1,1,1,128,80,80,128.0,80.0,128.0,128,80,19.913533783994353,11974.878575619909
4256,0,915,0,0,116849,116987,1824.758347,1826.760626,2.002279000000044,9.901668548168152,8.7125,11.7875,1,1,1,1,138,80,80,138.0,80.0,138.0,138,80,19.825902998956735,11985.84213288931
4256,0,916,0,0,116987,117000,1826.760626,1827.035076,0.27444999999988795,9.860946347310323,8.7125,11.7875,1,1,1,1,13,11,11,13.0,10.0,13.0,13,10,2.706336725019355,11156.859172895793
4256,0,917,0,0,117000,117127,1827.035076,1829.038213,2.0031370000001516,9.85537486229373,8.7125,11.7875,1,1,1,1,127,79,79,128.0,81.0,127.0,127,80,19.741666035530216,11764.54730754722
4256,0,918,0,0,117127,117252,1829.038213,1831.040492,2.002279000000044,9.925294850962253,8.7125,11.7875,1,1,1,1,125,80,80,125.0,80.0,125.0,125,80,19.87320944889143,11928.907010461317
4256,0,919,0,0,117252,117378,1831.040492,1833.042767,2.002274999999827,9.953468162590676,8.7125,11.7875,1,1,1,1,126,80,80,126.0,80.0,126.0,126,80,19.929580465250183,11779.600704199993
4256,0,920,0,0,117378,117497,1833.042767,1835.045043,2.0022760000001654,9.934000180420739,8.7125,11.7875,1,1,1,1,119,80,80,119.0,80.0,119.0,119,80,19.89061014525214,12015.82599002236
4256,0,921,0,0,117497,117626,1835.045043,1837.047319,2.002275999999938,10.02226068609539,8.7125,11.7875,1,1,1,1,129,80,80,129.0,80.0,129.0,129,80,20.067332037509914,12165.15605241273
4256,0,922,0,0,117626,117753,1837.047319,1839.049599,2.002279999999928,9.920970645720143,8.7125,11.7875,1,1,1,1,127,80,80,127.0,80.0,127.0,127,80,19.864561104510358,11581.796751703476
4256,0,923,0,0,117753,117879,1839.049599,1841.050785,2.0011859999999615,9.936078367860025,8.7125,11.7875,1,1,1,1,126,80,80,126.0,79.0,126.0,126,79,19.883940924664785,11656.587643527613
4256,0,924,0,0,117879,118005,1841.050785,1843.05415,2.0033650000000307,10.005058134733487,8.7125,11.7875,1,1,1,1,126,80,80,126.0,81.0,126.0,126,81,20.043783290089777,11761.710921374606
4256,0,925,0,0,118005,118123,1843.05415,1845.056427,2.002277000000049,9.995194785782514,8.7125,11.7875,1,1,1,1,118,80,80,118.0,80.0,118.0,118,80,20.013148630092473,11702.676502801272
4256,0,926,0,0,118123,118255,1845.056427,1847.058702,2.002275000000054,9.96538541842305,8.7125,11.7875,1,1,1,1,132,80,80,132.0,80.0,132.0,132,80,19.95344208867391,11734.651833539032
4256,0,927,0,0,118255,118378,1847.058702,1849.060979,2.002277000000049,10.014605842489097,8.7125,11.7875,1,1,1,1,123,80,80,123.0,80.0,123.0,123,80,20.052014942481037,12003.33420400844
4256,0,928,0,0,118378,118509,1849.060979,1851.063203,2.002223999999842,9.941018627611967,8.7125,11.7875,1,1,1,1,131,80,80,131.0,79.0,131.0,131,79,19.904146080651117,11833.840769065735
4256,0,929,0,0,118509,118633,1851.063203,1853.065532,2.0023290000001452,9.994003487106522,8.7125,11.7875,1,1,1,1,124,80,80,124.0,81.0,124.0,124,81,20.01128300833443,12111.89569745943
4256,0,930,0,0,118633,118757,1853.065532,1855.067808,2.002275999999938,9.843397857085971,8.7125,11.7875,1,1,1,1,124,80,80,124.0,80.0,124.0,124,80,19.70919928769581,11739.640289351082
4256,0,931,0,0,118757,118883,1855.067808,1857.070083,2.002275000000054,9.936190743651943,8.7125,11.7875,1,1,1,1,126,80,80,126.0,80.0,126.0,126,80,19.894986321247416,12081.25756951435
4256,0,932,0,0,118883,119000,1857.070083,1859.072368,2.002285000000029,10.059373171933979,8.7125,11.7875,1,1,1,1,117,80,80,117.0,80.0,117.0,117,80,20.141732011565182,12032.253150775065
4256,0,933,0,0,119000,119136,1859.072368,1861.074639,2.002270999999837,10.035451486996328,8.7125,11.7875,1,1,1,1,136,80,80,136.0,80.0,136.0,136,80,20.093693484319374,12176.173954475686
4256,0,934,0,0,119136,119264,1861.074639,1863.076913,2.0022740000001704,9.955398534414252,8.7125,11.7875,1,1,1,1,128,80,80,128.0,80.0,128.0,128,80,19.933435645096324,11401.53645305191
4256,0,935,0,0,119264,119399,1863.076913,1865.07919,2.002276999999822,10.010234451703743,8.7125,11.7875,1,1,1,1,135,80,80,135.0,80.0,135.0,135,80,20.043262207251246,11992.346713268013
4256,0,936,0,0,119399,119534,1865.07919,1867.081467,2.002277000000049,10.009922209503594,8.7125,11.7875,1,1,1,1,135,80,80,135.0,80.0,135.0,135,80,20.042637011880288,11769.100878649368
4256,0,937,0,0,119534,119653,1867.081467,1869.083744,2.002277000000049,10.04099030830743,8.7125,11.7875,1,1,1,1,119,80,80,119.0,80.0,119.0,119,80,20.104843951547082,12034.298950644396
4256,0,938,0,0,119653,119776,1869.083744,1871.08602,2.002275999999938,10.02429026140274,8.7125,11.7875,1,1,1,1,123,80,80,123.0,80.0,123.0,123,80,20.07139580744115,11747.131764052872
4256,0,939,0,0,119776,119896,1871.08602,1873.088298,2.002277999999933,10.050040408476482,8.7125,11.7875,1,1,1,1,120,80,80,120.0,80.0,120.0,120,80,20.122974809004518,12042.783269856038
4256,0,940,0,0,119896,120017,1873.088298,1875.090575,2.002277000000049,10.024389431392148,8.7125,11.7875,1,1,1,1,121,80,80,121.0,80.0,121.0,121,80,20.071604397518968,11791.075860132949
4256,0,941,0,0,120017,120150,1875.090575,1877.092851,2.0022760000001654,9.998061903583546,8.7125,11.7875,1,1,1,1,133,80,80,133.0,80.0,133.0,133,80,20.018879396062403,11803.068108491561
4256,0,942,0,0,120150,120281,1877.092851,1879.095126,2.002274999999827,10.023566606292434,8.7125,11.7875,1,1,1,1,131,80,80,131.0,80.0,131.0,131,80,20.06993682661414,11850.020601566745
4256,0,943,0,0,120281,120411,1879.095126,1881.097404,2.0022780000001603,9.827099589709093,8.7125,11.7875,1,1,1,1,130,80,80,130.0,80.0,130.0,130,80,19.67658531228517,11576.814008843
4256,0,944,0,0,120411,120537,1881.097404,1883.099679,2.002274999999827,10.00904732953461,8.7125,11.7875,1,1,1,1,126,80,80,126.0,80.0,126.0,126,80,20.040865241742722,11777.103544718902
4256,0,945,0,0,120537,120663,1883.099679,1885.101956,2.002277000000049,9.91874748738581,8.7125,11.7875,1,1,1,1,126,80,80,126.0,80.0,126.0,126,80,19.860079962800228,11614.277145469598
4256,0,946,0,0,120663,120786,1885.101956,1887.104232,2.002275999999938,10.013049536623564,8.7125,11.7875,1,1,1,1,123,80,80,123.0,80.0,123.0,123,80,20.048888773992076,12062.273133174822
4256,0,947,0,0,120786,120923,1887.104232,1889.106509,2.002277000000049,10.074712465803048,8.7125,11.7875,1,1,1,1,137,80,80,137.0,80.0,137.0,137,80,20.172365051890665,12183.129507055917
4256,0,948,0,0,120923,121049,1889.106509,1891.108786,2.002277000000049,9.917550558956181,8.7125,11.7875,1,1,1,1,126,80,80,126.0,80.0,126.0,126,80,19.85768338053458,11953.391064273032
4256,0,949,0,0,121049,121182,1891.108786,1893.111061,2.002275000000054,9.90069917824393,8.7125,11.7875,1,1,1,1,133,80,80,133.0,80.0,133.0,133,80,19.823922447118093,11947.909253224134
4256,0,950,0,0,121182,121313,1893.111061,1895.11158,2.00051899999994,9.995684458999573,8.7125,11.7875,1,1,1,1,131,80,80,131.0,79.0,131.0,131,79,19.9965566782339,11629.482149382582
4256,0,951,0,0,121313,121442,1895.11158,1897.115615,2.0040349999999307,9.78667511646334,8.7125,11.7875,1,1,1,1,129,80,80,129.0,81.0,129.0,129,81,19.612839467019512,11413.473317582173
4256,0,952,0,0,121442,121562,1897.115615,1899.117892,2.002277000000049,9.891322214237368,8.7125,11.7875,1,1,1,1,120,80,80,120.0,80.0,120.0,120,80,19.805166969155835,11802.06335087474
4256,0,953,0,0,121562,121688,1899.117892,1901.120167,2.002275000000054,10.041884833598681,8.7125,11.7875,1,1,1,1,126,80,80,126.0,80.0,126.0,126,80,20.106614955195255,12025.32119713793
4256,0,954,0,0,121688,121815,1901.120167,1903.120732,2.0005650000000514,9.894258067625499,8.7125,11.7875,1,1,1,1,127,80,80,127.0,79.0,127.0,127,79,19.79410639105845,11522.244965796866
4256,0,955,0,0,121815,121946,1903.120732,1905.123684,2.002951999999823,10.047243246358017,8.7125,11.7875,1,1,1,1,131,80,80,131.0,80.0,131.0,131,80,20.124145954778214,11977.321473506167
4256,0,956,0,0,121946,122072,1905.123684,1907.126998,2.003314000000046,9.945908628360591,8.7125,11.7875,1,1,1,1,126,80,80,126.0,81.0,126.0,126,81,19.924777997915953,11627.233673802244
4256,0,957,0,0,122072,122204,1907.126998,1909.129273,2.002275000000054,9.937439713695628,8.7125,11.7875,1,1,1,1,132,80,80,132.0,80.0,132.0,132,80,19.89748710274216,11534.879075051816
4256,0,958,0,0,122204,122356,1909.129273,1911.131551,2.002277999999933,10.067525962889526,8.7125,11.7875,1,1,1,1,152,80,80,152.0,80.0,152.0,152,80,20.157985749920044,12074.74686332308
4256,0,959,0,0,122356,122497,1911.131551,1913.132669,2.001118000000133,10.241542665572586,8.7125,11.7875,1,1,1,1,141,80,80,141.0,79.0,141.0,141,79,20.494535375844862,12192.684289481367
4256,0,960,0,0,122497,122630,1913.132669,1915.136103,2.00343399999997,10.24942867303378,8.7125,11.7875,1,1,1,1,133,80,80,133.0,81.0,133.0,133,81,20.534053884130117,12102.719630394793
4256,0,961,0,0,122630,122779,1915.136103,1917.13838,2.002277000000049,10.312068577435022,8.7125,11.7875,1,1,1,1,149,80,80,149.0,80.0,149.0,149,80,20.647617735019594,12292.504983076466
4256,0,962,0,0,122779,122907,1917.13838,1919.140657,2.002276999999822,10.366242598968492,8.7125,11.7875,1,1,1,1,128,80,80,128.0,80.0,128.0,128,80,20.756089132333727,12351.437887965652
4256,0,963,0,0,122907,123037,1919.140657,1921.142933,2.0022760000001654,10.374313941330986,8.7125,11.7875,1,1,1,1,130,80,80,130.0,80.0,130.0,130,80,20.7722398211954,12117.710045966687
4256,0,964,0,0,123037,123175,1921.142933,1923.14521,2.002276999999822,10.309050236178848,8.7125,11.7875,1,1,1,1,138,80,80,138.0,80.0,138.0,138,80,20.641574179742747,12246.557294521279
4256,0,965,0,0,123175,123307,1923.14521,1925.147487,2.002277000000049,10.340690779013093,8.7125,11.7875,1,1,1,1,132,80,80,132.0,80.0,132.0,132,80,20.704927310929634,12067.76085426712
4256,0,966,0,0,123307,123436,1925.147487,1927.147622,2.000135,10.44012306417415,8.7125,11.7875,1,1,1,1,129,80,80,129.0,79.0,129.0,129,79,20.881655544962996,12109.182630172461
4256,0,967,0,0,123436,123567,1927.147622,1929.152039,2.004417000000103,10.370871218139389,8.7125,11.7875,1,1,1,1,131,80,80,131.0,81.0,131.0,131,81,20.787550574448687,12194.069397734474
4256,0,968,0,0,123567,123695,1929.152039,1931.154316,2.002277000000049,10.356979413729341,8.7125,11.7875,1,1,1,1,128,80,80,128.0,80.0,128.0,128,80,20.737541669583152,12446.329853461528
4256,0,969,0,0,123695,123842,1931.154316,1933.156594,2.002277999999933,10.345993824985335,8.7125,11.7875,1,1,1,1,147,80,80,147.0,80.0,147.0,147,80,20.715555823902832,12457.31112263174
4256,0,970,0,0,123842,123968,1933.156594,1935.15887,2.002275999999938,10.343089705834425,8.7125,11.7875,1,1,1,1,126,80,80,126.0,80.0,126.0,126,80,20.70972028383767,12293.509985636727
4256,0,971,0,0,123968,124105,1935.15887,1937.161144,2.002273999999943,10.45170825339712,8.7125,11.7875,1,1,1,1,137,80,80,137.0,80.0,137.0,137,80,20.92718369136128,12402.398472936624
4256,0,972,0,0,124105,124242,1937.161144,1939.163422,2.0022780000001603,10.32840418989011,8.7125,11.7875,1,1,1,1,137,80,80,137.0,80.0,137.0,137,80,20.68033648452547,12158.651296172684
4256,0,973,0,0,124242,124374,1939.163422,1941.165699,2.002276999999822,10.207779682958966,8.7125,11.7875,1,1,1,1,132,80,80,132.0,80.0,132.0,132,80,20.4388024802538,11847.511608035307
4256,0,974,0,0,124374,124513,1941.165699,1943.167974,2.002275000000054,10.319104142877986,8.7125,11.7875,1,1,1,1,139,80,80,139.0,80.0,139.0,139,80,20.661684247683297,12205.116679776424
4256,0,975,0,0,124513,124641,1943.167974,1945.170251,2.002277000000049,10.297393194080446,8.7125,11.7875,1,1,1,1,128,80,80,128.0,80.0,128.0,128,80,20.618233552464517,12183.129507055917
4256,0,976,0,0,124641,124775,1945.170251,1947.170787,2.000536000000011,10.363534217301938,8.7125,11.7875,1,1,1,1,134,80,80,134.0,79.0,134.0,134,79,20.732623288942705,12421.67099217403
4256,0,977,0,0,124775,124913,1947.170787,1949.174804,2.004016999999976,10.119218493440558,8.7125,11.7875,1,1,1,1,138,80,80,138.0,81.0,138.0,138,81,20.279085887570545,12150.096531117395
4256,0,978,0,0,124913,125051,1949.174804,1951.176328,2.0015240000000176,10.35205768577889,8.7125,11.7875,1,1,1,1,138,80,80,138.0,79.0,138.0,138,79,20.71989190747263,12244.169942503704
4256,0,979,0,0,125051,125175,1951.176328,1953.179357,2.0030289999999695,10.167344618521843,8.7125,11.7875,1,1,1,1,124,80,80,124.0,81.0,124.0,124,81,20.36548612389379,12136.619090387792
4256,0,980,0,0,125175,125307,1953.179357,1955.181634,2.002277000000049,10.1171253645051,8.7125,11.7875,1,1,1,1,132,80,80,132.0,80.0,132.0,132,80,20.25728742346473,11896.955316372017
4256,0,981,0,0,125307,125434,1955.181634,1957.183911,2.002277000000049,10.241553880819954,8.7125,11.7875,1,1,1,1,127,80,80,127.0,80.0,127.0,127,80,20.50642777982648,12030.303499465563
4256,0,982,0,0,125434,125565,1957.183911,1959.186188,2.002276999999822,10.211266387514842,8.7125,11.7875,1,1,1,1,131,80,80,131.0,80.0,131.0,131,80,20.44578382859254,12227.079470024466
4256,0,983,0,0,125565,125712,1959.186188,1961.188464,2.0022760000001654,10.197949051161403,8.7125,11.7875,1,1,1,1,147,80,80,147.0,80.0,147.0,147,80,20.41910863436351,12288.016237520686
4256,0,984,0,0,125712,125836,1961.188464,1963.190741,2.002276999999822,10.05878811365346,8.7125,11.7875,1,1,1,1,124,80,80,124.0,80.0,124.0,124,80,20.140480087840842,12124.696033566865
4256,0,985,0,0,125836,125956,1963.190741,1965.19302,2.002279000000044,10.106863508338062,8.7125,11.7875,1,1,1,1,120,80,80,120.0,80.0,120.0,120,80,20.236760558611422,12275.51205401418
4256,0,986,0,0,125956,126078,1965.19302,1967.195294,2.0022740000001704,10.038767326467172,8.7125,11.7875,1,1,1,1,122,80,80,122.0,80.0,122.0,122,80,20.100362809836952,12057.790292436472
4256,0,987,0,0,126078,126202,1967.195294,1969.197569,2.002274999999827,10.083569208807749,8.7125,11.7875,1,1,1,1,124,80,80,124.0,80.0,124.0,124,80,20.19007853756557,11723.164899927348
4256,0,988,0,0,126202,126317,1969.197569,1971.199846,2.002277000000049,10.019341515841106,8.7125,11.7875,1,1,1,1,115,80,80,115.0,80.0,115.0,115,80,20.061497072314523,11706.671953980105
4256,0,989,0,0,126317,126438,1971.199846,1973.202121,2.002275000000054,10.152522763301665,8.7125,11.7875,1,1,1,1,121,80,80,121.0,80.0,121.0,121,80,20.32814251588934,11728.658650784415
4256,0,990,0,0,126438,126564,1973.202121,1975.2044,2.002279000000044,10.150681453167651,8.7125,11.7875,1,1,1,1,126,80,80,126.0,80.0,126.0,126,80,20.324496309367532,12016.30741769727
4256,0,991,0,0,126564,126700,1975.2044,1977.206676,2.002275999999938,10.044898256831233,8.7125,11.7875,1,1,1,1,136,80,80,136.0,80.0,136.0,136,80,20.11265870209536,11963.885098757984
4256,0,992,0,0,126700,126834,1977.206676,1979.208953,2.002277000000049,10.061598293443641,8.7125,11.7875,1,1,1,1,134,80,80,134.0,80.0,134.0,134,80,20.14610684620129,11782.086094980576
4256,0,993,0,0,126834,126974,1979.208953,1981.211229,2.002275999999938,10.031732037529697,8.7125,11.7875,1,1,1,1,140,80,80,140.0,80.0,140.0,140,80,20.086296297176887,11811.558446488263
4256,0,994,0,0,126974,127120,1981.211229,1983.213506,2.002277000000049,10.197892013321768,8.7125,11.7875,1,1,1,1,146,80,80,146.0,80.0,146.0,146,80,20.41900462675767,12129.190916141675
4256,0,995,0,0,127120,127243,1983.213506,1985.215781,2.002275000000054,10.036836913005459,8.7125,11.7875,1,1,1,1,123,80,80,123.0,80.0,123.0,123,80,20.096507629987173,11819.555255896097
4256,0,996,0,0,127243,127378,1985.215781,1987.218059,2.002277999999933,10.165361803057742,8.7125,11.7875,1,1,1,1,135,80,80,135.0,80.0,135.0,135,80,20.35388030030299,12165.643332244981
4256,0,997,0,0,127378,127510,1987.218059,1989.220335,2.002275999999938,9.990151763925239,8.7125,11.7875,1,1,1,1,132,80,80,132.0,80.0,132.0,132,80,20.00304111326477,11987.857817803711
4256,0,998,0,0,127510,127634,1989.220335,1991.222611,2.002275999999938,10.077007179001386,8.7125,11.7875,1,1,1,1,124,80,80,125.0,80.0,124.0,124,80,20.1769496263405,11831.036280712915
4256,0,999,0,0,127634,127758,1991.222611,1993.224887,2.0022760000001654,9.97193762655046,8.7125,11.7875,1,1,1,1,124,80,80,124.0,80.0,124.0,124,80,19.966571383141854,12076.756650930243
4256,0,1000,0,0,127758,127891,1993.224887,1995.227164,2.002276999999822,9.978021464836782,8.7125,11.7875,1,1,1,1,133,80,80,133.0,80.0,133.0,133,80,19.978762884547905,12086.739247367948
4256,0,1001,0,0,127891,128016,1995.227164,1997.229442,2.0022780000001603,9.964017725604064,8.7125,11.7875,1,1,1,1,125,80,80,125.0,80.0,125.0,125,80,19.9507334835871,12060.263360031957
4256,0,1002,0,0,128016,128151,1997.229442,1999.231718,2.002275999999938,9.982553866620794,8.7125,11.7875,1,1,1,1,135,80,80,135.0,80.0,135.0,135,80,19.987828025841736,12456.824134135739
4256,0,1003,0,0,128151,128281,1999.231718,2001.233994,2.002275999999938,9.887476069530248,8.7125,11.7875,1,1,1,1,130,80,80,130.0,80.0,130.0,130,80,19.79745603459378,11747.631195699658
4256,0,1004,0,0,128281,128404,2001.233994,2003.236274,2.0022800000001553,10.01100034488272,8.7125,11.7875,1,1,1,1,123,80,80,123.0,80.0,123.0,123,80,20.04482577055387,11996.823621071047
4256,0,1005,0,0,128404,128527,2003.236274,2005.23745,2.0011759999999867,10.026466772850748,8.7125,11.7875,1,1,1,1,123,80,80,123.0,79.0,123.0,123,79,20.064724670624855,11872.518958852273
4256,0,1006,0,0,128527,128656,2005.23745,2007.24074,2.003289999999879,9.971512372723684,8.7125,11.7875,1,1,1,1,129,80,80,129.0,80.0,129.0,129,80,19.975831021150952,11962.82115919385
4256,0,1007,0,0,128656,128783,2007.24074,2009.2431,2.0023599999999533,10.015239433328025,8.7125,11.7875,1,1,1,1,127,80,80,127.0,81.0,127.0,127,81,20.054114831717015,11718.17255638374
4256,0,1008,0,0,128783,128914,2009.2431,2011.245377,2.002277000000049,9.911305714975512,8.7125,11.7875,1,1,1,1,131,80,80,131.0,80.0,131.0,131,80,19.84517947306449,11685.19640389388
4256,0,1009,0,0,128914,129040,2011.245377,2013.247653,2.002275999999938,9.911258528901007,8.7125,11.7875,1,1,1,1,126,80,80,126.0,80.0,126.0,126,80,19.845075082212134,11417.50687717413
4256,0,1010,0,0,129040,129176,2013.247653,2015.24993,2.002277000000049,10.017259901180882,8.7125,11.7875,1,1,1,1,136,80,80,136.0,80.0,136.0,136,80,20.057329103157826,12151.66532902261
4256,0,1011,0,0,129176,129305,2015.24993,2017.252206,2.002275999999938,9.932178766684478,8.7125,11.7875,1,1,1,1,129,80,80,129.0,80.0,129.0,129,80,19.88696317224094,11678.210196796408
4256,0,1012,0,0,129305,129432,2017.252206,2019.254483,2.002277000000049,10.04109438904044,8.7125,11.7875,1,1,1,1,127,80,80,127.0,80.0,127.0,127,80,20.10505235000528,12002.335341213733
4256,0,1013,0,0,129432,129587,2019.254483,2021.25676,2.002277000000049,9.901366004972944,8.7125,11.7875,1,1,1,1,155,80,80,155.0,80.0,155.0,155,80,19.825277420339262,11932.41494558416
4256,0,1014,0,0,129587,129710,2021.25676,2023.259035,2.002275000000054,10.068685649119393,8.7125,11.7875,1,1,1,1,123,80,80,123.0,80.0,123.0,123,80,20.160277558090456,12002.3473299119
4256,0,1015,0,0,129710,129839,2023.259035,2025.261312,2.002277000000049,9.950231909121689,8.7125,11.7875,1,1,1,1,129,80,80,129.0,80.0,129.0,129,80,19.923120496299816,11718.658307516604
4256,0,1016,0,0,129839,129973,2025.261312,2027.263588,2.002275999999938,9.885602615400385,8.7125,11.7875,1,1,1,1,134,80,80,134.0,80.0,134.0,134,80,19.79370486235348,11735.644836176794
4256,0,1017,0,0,129973,130000,2027.263588,2027.767971,0.5043829999999616,9.955154773566182,8.7125,11.7875,1,1,1,1,27,21,21,27.0,20.0,27.0,27,20,5.021210830156633,11524.97209461945
4256,0,1018,0,0,130000,130128,2027.767971,2029.791463,2.023492000000033,10.009715750009976,8.7125,11.7875,1,1,1,1,128,80,80,129.0,81.0,128.0,128,81,20.2545797424209,11921.470408580615
4256,0,1019,0,0,130128,130253,2029.791463,2031.793742,2.002279000000044,10.002834919603686,8.7125,11.7875,1,1,1,1,125,80,80,125.0,80.0,125.0,125,80,20.028466299991123,11896.44400205939
4256,0,1020,0,0,130253,130385,2031.793742,2033.795603,2.0018609999999626,9.896565049441431,8.7125,11.7875,1,1,1,1,132,80,80,132.0,79.0,132.0,132,79,19.81154760644131,11918.409919570064
4256,0,1021,0,0,130385,130525,2033.795603,2035.798294,2.0026909999999134,10.065281210656444,8.7125,11.7875,1,1,1,1,140,80,80,140.0,81.0,140.0,140,81,20.15764809304892,12118.19496867018
4256,0,1022,0,0,130525,130648,2035.798294,2037.800568,2.0022740000001704,9.998748224663991,8.7125,11.7875,1,1,1,1,123,80,80,123.0,80.0,123.0,123,80,20.02023360279418,11786.59863734833
4256,0,1023,0,0,130648,130783,2037.800568,2039.802845,2.002276999999822,9.937482019328927,8.7125,11.7875,1,1,1,1,135,80,80,135.0,80.0,135.0,135,80,19.897591685214138,11651.734500272478
4256,0,1024,0,0,130783,130899,2039.802845,2041.805121,2.0022760000001654,10.009510789932706,8.7125,11.7875,1,1,1,1,116,80,80,116.0,80.0,116.0,116,80,20.041803226424236,11758.618691927613
4256,0,1025,0,0,130899,131037,2041.805121,2043.807399,2.002277999999933,9.974165592005601,8.7125,11.7875,1,1,1,1,138,80,80,138.0,80.0,138.0,138,80,19.971052333228727,11827.029013953503
4256,0,1026,0,0,131037,131166,2043.807399,2045.809674,2.002275000000054,10.028354324792106,8.7125,11.7875,1,1,1,1,129,80,80,129.0,80.0,129.0,129,80,20.079523155673087,12062.778589354282
4256,0,1027,0,0,131166,131294,2045.809674,2047.811951,2.002276999999822,9.98489079321552,8.7125,11.7875,1,1,1,1,128,80,80,128.0,80.0,128.0,128,80,19.992517182767187,12035.797244837824
4256,0,1028,0,0,131294,131426,2047.811951,2049.814227,2.002275999999938,10.001652690666896,8.7125,11.7875,1,1,1,1,132,80,80,132.0,80.0,132.0,132,80,20.026069142855704,12051.785068592315
4256,0,1029,0,0,131426,131556,2049.814227,2051.816505,2.002277999999933,10.053891393674594,8.7125,11.7875,1,1,1,1,130,80,80,130.0,80.0,130.0,130,80,20.130685551943316,11981.353238661566
4256,0,1030,0,0,131556,131705,2051.816505,2053.818298,2.0017930000003616,10.069346141956151,8.7125,11.7875,1,1,1,1,149,80,80,149.0,79.0,149.0,149,79,20.156746621549246,11856.870315759777
4256,0,1031,0,0,131705,131832,2053.818298,2055.821058,2.002759999999853,10.044546134962173,8.7125,11.7875,1,1,1,1,127,80,80,127.0,81.0,127.0,127,81,20.116815217254043,11704.847310712079
4256,0,1032,0,0,131832,131950,2055.821058,2057.823334,2.0022760000001654,9.993742551006363,8.7125,11.7875,1,1,1,1,118,80,80,118.0,80.0,118.0,118,80,20.01023086006171,11795.576633789771
4256,0,1033,0,0,131950,132082,2057.823334,2059.82561,2.0022759999997106,10.07055417033298,8.7125,11.7875,1,1,1,1,132,80,80,132.0,80.0,132.0,132,80,20.164028921954014,11899.458416323945
4256,0,1034,0,0,132082,132233,2059.82561,2061.827887,2.002277000000049,10.023869027727091,8.7125,11.7875,1,1,1,1,151,80,80,151.0,80.0,151.0,151,80,20.070562405231613,11780.587800788513
4256,0,1035,0,0,132233,132367,2061.827887,2063.830164,2.002277000000049,10.122329401155659,8.7125,11.7875,1,1,1,1,134,80,80,134.0,80.0,134.0,134,80,20.267707346356474,12139.179544088756
4256,0,1036,0,0,132367,132505,2063.830164,2065.832441,2.002277000000049,9.977761263003142,8.7125,11.7875,1,1,1,1,138,80,80,138.0,80.0,138.0,138,80,19.978241888402408,11824.03833235832
4256,0,1037,0,0,132505,132627,2065.832441,2067.834716,2.002274999999827,10.026012505961317,8.7125,11.7875,1,1,1,1,122,80,80,122.0,80.0,122.0,122,80,20.074834190370893,12203.618384089155
4256,0,1038,0,0,132627,132758,2067.834716,2069.836993,2.002277000000049,10.03167508270293,8.7125,11.7875,1,1,1,1,131,80,80,131.0,80.0,131.0,131,80,20.086192289571045,12015.32055754494
4256,0,1039,0,0,132758,132888,2069.836993,2071.83927,2.002277000000049,10.073515537373419,8.7125,11.7875,1,1,1,1,130,80,80,130.0,80.0,130.0,130,80,20.16996846962502,11853.005353404857
4256,0,1040,0,0,132888,133012,2071.83927,2073.841545,2.0022750000002816,10.099701738536416,8.7125,11.7875,1,1,1,1,124,80,80,124.0,80.0,124.0,124,80,20.22238029853179,11909.452997213992
4256,0,1041,0,0,133012,133139,2073.841545,2075.843822,2.0022769999995944,10.140179246869334,8.7125,11.7875,1,1,1,1,127,80,80,127.0,80.0,127.0,127,80,20.303447681879334,11958.884809646643
4256,0,1042,0,0,133139,133285,2075.843822,2077.846099,2.002277000000049,10.140699650532131,8.7125,11.7875,1,1,1,1,146,80,80,146.0,80.0,146.0,146,80,20.304489674170327,11914.934846676766
4256,0,1043,0,0,133285,133414,2077.846099,2079.848376,2.002277000000049,10.036670957887466,8.7125,11.7875,1,1,1,1,129,80,80,129.0,80.0,129.0,129,80,20.09619541554639,11995.343301650775
4256,0,1044,0,0,133414,133542,2079.848376,2081.850653,2.002277000000049,10.079500179521563,8.7125,11.7875,1,1,1,1,128,80,80,128.0,80.0,128.0,128,80,20.18195138095325,11982.857516716924
4256,0,1045,0,0,133542,133667,2081.850653,2083.852929,2.0022760000001654,9.962622396293641,8.7125,11.7875,1,1,1,1,125,80,80,125.0,80.0,125.0,125,80,19.94791972116218,11650.24202457507
4256,0,1046,0,0,133667,133791,2083.852929,2085.855204,2.002274999999827,10.069674417071765,8.7125,11.7875,1,1,1,1,124,80,80,124.0,80.0,124.0,124,80,20.162257343439705,12004.844489394354
4256,0,1047,0,0,133791,133918,2085.855204,2087.857482,2.002277999999933,10.038331331860606,8.7125,11.7875,1,1,1,1,127,80,80,127.0,80.0,127.0,127,80,20.09952998249355,11857.9937451247
4256,0,1048,0,0,133918,134048,2087.857482,2089.859759,2.002277000000049,9.887211025283426,8.7125,11.7875,1,1,1,1,130,80,80,130.0,80.0,130.0,130,80,19.79693523007154,11776.59234960968
4256,0,1049,0,0,134048,134172,2089.859759,2091.862037,2.002277999999933,10.03286709610653,8.7125,11.7875,1,1,1,1,124,80,80,124.0,80.0,124.0,124,80,20.08858906345631,12003.82764031808
4256,0,1050,0,0,134172,134302,2091.862037,2093.864311,2.002273999999943,10.019408281122667,8.7125,11.7875,1,1,1,1,130,80,80,130.0,80.0,130.0,130,80,20.061600696677488,12083.760764011662
4256,0,1051,0,0,134302,134423,2093.864311,2095.866588,2.002277000000049,9.974326598813775,8.7125,11.7875,1,1,1,1,121,80,80,121.0,80.0,121.0,121,80,19.971364739292767,11949.395613094199
4256,0,1052,0,0,134423,134543,2095.866588,2097.868864,2.0022760000001654,9.929628787451058,8.7125,11.7875,1,1,1,1,120,80,80,120.0,80.0,120.0,120,80,19.88185741002235,11843.52207188122
4256,0,1053,0,0,134543,134677,2097.868864,2099.87114,2.0022760000001654,10.063268515381269,8.7125,11.7875,1,1,1,1,134,80,80,134.0,80.0,134.0,134,80,20.149441029905574,12091.73960033382
4256,0,1054,0,0,134677,134813,2099.87114,2101.871512,2.0003719999999703,10.032138612611032,8.7125,11.7875,1,1,1,1,136,80,80,136.0,79.0,136.0,136,79,20.06800918078443,11945.778085276315
4256,0,1055,0,0,134813,134938,2101.871512,2103.875694,2.0041819999996733,10.037659305763476,8.7125,11.7875,1,1,1,1,125,80,80,125.0,81.0,125.0,125,81,20.11729610274051,11930.054256551499
4256,0,1056,0,0,134938,135057,2103.875694,2105.877971,2.002277000000049,9.89787930041707,8.7125,11.7875,1,1,1,1,119,80,80,119.0,80.0,119.0,119,80,19.81829607200052,11628.760655992866
4256,0,1057,0,0,135057,135176,2105.877971,2107.880246,2.0022750000002816,9.986721990001536,8.7125,11.7875,1,1,1,1,119,80,80,119.0,80.0,119.0,119,80,19.996163772531872,12104.231436739004
4256,0,1058,0,0,135176,135306,2107.880246,2109.881582,2.00133599999981,10.099716706111113,8.7125,11.7875,1,1,1,1,130,80,80,130.0,79.0,130.0,130,79,20.2129266337397,12058.944624991651
4256,0,1059,0,0,135306,135436,2109.881582,2111.884802,2.0032200000000557,9.934558740650267,8.7125,11.7875,1,1,1,1,130,80,80,130.0,81.0,130.0,130,81,19.901106760444236,11875.879833467787
4256,0,1060,0,0,135436,135572,2111.884802,2113.88708,2.002277999999933,9.950174995028181,8.7125,11.7875,1,1,1,1,136,80,80,136.0,80.0,136.0,136,80,19.923016488693975,12021.807161643292
4256,0,1061,0,0,135572,135699,2113.88708,2115.889357,2.002277000000049,10.007528352644337,8.7125,11.7875,1,1,1,1,127,80,80,127.0,80.0,127.0,127,80,20.037843847348995,11551.848220800335
4256,0,1062,0,0,135699,135821,2115.889357,2117.891636,2.0022789999998167,10.022870440696716,8.7125,11.7875,1,1,1,1,122,80,80,122.0,80.0,122.0,122,80,20.06858300312524,12207.090020922278
4256,0,1063,0,0,135821,135961,2117.891636,2119.893914,2.0022780000003877,9.238887620866995,8.7125,11.7875,1,1,1,1,140,80,80,140.0,80.0,140.0,140,80,18.498821427736402,11329.096159472165
4256,0,1064,0,0,135961,136041,2119.893914,2121.896189,2.002274999999827,0.9905468866041677,8.7125,11.7875,1,0,0,0,80,80,80,80.0,80.0,80.0,80,80,1.9833472673744836,401.04381266313044
4256,0,1065,0,0,136041,136121,2121.896189,2123.898466,2.002277000000049,0.9898175234570374,8.7125,11.7875,1,0,0,0,80,80,80,80.0,80.0,80.0,80,80,1.9818888614136085,435.5041784927753
4256,0,1066,0,0,136121,136201,2123.898466,2125.900742,2.0022759999997106,0.9889332354286507,8.7125,11.7875,1,0,0,0,80,80,80,80.0,80.0,80.0,80,80,1.9801172828993003,391.0549794334613
4256,0,1067,0,0,136201,136281,2125.900742,2127.903018,2.0022760000001654,0.9915352550532792,8.7125,11.7875,1,0,0,0,80,80,80,80.0,80.0,80.0,80,80,1.9853272443469905,402.04247566266264
4256,0,1068,0,0,136281,136361,2127.903018,2129.905296,2.002277999999933,0.990441608899748,8.7125,11.7875,1,0,0,0,80,80,80,80.0,80.0,80.0,80,80,1.983139443786058,429.51078721337836
4256,0,1069,0,0,136361,136441,2129.905296,2131.907571,2.0022750000002816,0.9905468866039863,8.7125,11.7875,1,0,0,0,80,80,80,80.0,80.0,80.0,80,80,1.9833472673744836,400.0449488706034
4256,0,1070,0,0,136441,136521,2131.907571,2133.909849,2.002277999999933,0.9913262946885031,8.7125,11.7875,1,0,0,0,80,80,80,80.0,80.0,80.0,80,80,1.9849108306771086,403.0409363734841
4256,0,1071,0,0,136521,136601,2133.909849,2135.912124,2.002274999999827,0.9917958566478515,8.7125,11.7875,1,0,0,0,80,80,80,80.0,80.0,80.0,80,80,1.9858480488692294,418.02449713454564
4256,0,1072,0,0,136601,136681,2135.912124,2137.914402,2.002277999999933,0.9920548594557134,8.7125,11.7875,1,0,0,0,80,80,80,80.0,80.0,80.0,80,80,1.9863696198808611,409.53354129647704
4256,0,1073,0,0,136681,136761,2137.914402,2139.916679,2.002277000000049,0.9938246316779673,8.7125,11.7875,1,0,0,0,80,80,80,80.0,80.0,80.0,80,80,1.9899122020433424,400.04454928063416
4256,0,1074,0,0,136761,136841,2139.916679,2141.918954,2.0022750000002816,0.9931489075283271,8.7125,11.7875,1,0,0,0,80,80,80,80.0,80.0,80.0,80,80,1.9885572288221738,415.02790575714283
4256,0,1075,0,0,136841,136921,2141.918954,2143.921231,2.0022769999995944,0.9940327931441718,8.7125,11.7875,1,0,0,0,80,80,80,80.0,80.0,80.0,80,80,1.9903289989597397,394.0513725124745
4256,0,1076,0,0,136921,137001,2143.921231,2145.923508,2.002277000000049,0.9929919858138779,8.7125,11.7875,1,0,0,0,80,80,80,80.0,80.0,80.0,80,80,1.9882450143777533,394.05137251238494
4256,0,1077,0,0,137001,137081,2145.923508,2147.925784,2.0022760000001654,0.9927321840806914,8.7125,11.7875,1,0,0,0,80,80,80,80.0,80.0,80.0,80,80,1.987723826612637,409.0345187176655
4256,0,1078,0,0,137081,137161,2147.925784,2149.928062,2.002277999999933,0.9938242310332235,8.7125,11.7875,1,0,0,0,80,80,80,80.0,80.0,80.0,80,80,1.9899123936629621,393.551744562956
4256,0,1079,0,0,137161,137241,2149.928062,2151.930337,2.002274999999827,0.9914836141369305,8.7125,11.7875,1,0,0,0,80,80,80,80.0,80.0,80.0,80,80,1.9852228534946335,396.54892559716757
4256,0,1080,0,0,137241,137321,2151.930337,2153.932615,2.0022780000003877,0.9926273032011963,8.7125,11.7875,1,0,0,0,80,80,80,80.0,80.0,80.0,80,80,1.9875158114009537,407.03638555677196
4256,0,1081,0,0,137321,137401,2153.932615,2155.934891,2.0022759999997106,0.9949178805657137,8.7125,11.7875,1,0,0,0,80,80,80,80.0,80.0,80.0,80,80,1.9921001942275325,391.0549794334613
4256,0,1082,0,0,137401,137481,2155.934891,2157.937168,2.002277000000049,0.9983001031974477,8.7125,11.7875,1,0,0,0,80,80,80,80.0,80.0,80.0,80,80,1.9988733357313322,400.54398067798826
4256,0,1083,0,0,137481,137561,2157.937168,2159.939444,2.0022760000001654,0.9957505268454704,8.7125,11.7875,1,0,0,0,80,80,80,80.0,80.0,80.0,80,80,1.9937673818894837,382.065209791226
4256,0,1084,0,0,137561,137641,2159.939444,2161.94172,2.0022759999997106,0.9951260421356986,8.7125,11.7875,1,0,0,0,80,80,80,80.0,80.0,80.0,80,80,1.9925169911439298,410.03338201133045
4256,0,1085,0,0,137641,137721,2161.94172,2163.943996,2.0022760000001654,0.9922117801557295,8.7125,11.7875,1,0,0,0,80,80,80,80.0,80.0,80.0,80,80,1.9866818343216437,403.5407706030204
4256,0,1086,0,0,137721,137801,2163.943996,2165.946273,2.002277000000049,0.9904940482216098,8.7125,11.7875,1,0,0,0,80,80,80,80.0,80.0,80.0,80,80,1.9832434513918997,394.05137251238494
4256,0,1087,0,0,137801,137881,2165.946273,2167.948549,2.0022760000001654,0.9903903664183631,8.7125,11.7875,1,0,0,0,80,80,80,80.0,80.0,80.0,80,80,1.9830348613104434,395.05043260765984
4256,0,1088,0,0,137881,137961,2167.948549,2169.950826,2.0022769999995944,0.992731783981532,8.7125,11.7875,1,0,0,0,80,80,80,80.0,80.0,80.0,80,80,1.9877240182358946,412.03090281722615
4256,0,1089,0,0,137961,138042,2169.950826,2171.953105,2.0022790000002715,1.0931687908158638,8.7125,11.7875,1,0,0,0,81,80,80,81.0,80.0,81.0,81,80,2.1888289133057697,579.3398422496779
4256,0,1090,0,0,138042,138125,2171.953105,2173.955378,2.0022730000000593,2.771060341219408,8.7125,11.7875,1,0,0,1,83,80,80,83.0,80.0,83.0,83,80,5.5484193025949935,3379.159585131398
4256,0,1091,0,0,138125,138217,2173.955378,2175.957656,2.002277999999933,2.764080494332255,8.7125,11.7875,1,0,0,1,92,80,80,92.0,80.0,92.0,92,80,5.534457564030163,3282.7609352948093
4256,0,1092,0,0,138217,138307,2175.957656,2177.959932,2.0022760000001654,3.136640233746149,8.7125,11.7875,1,0,0,1,90,80,80,90.0,80.0,90.0,90,80,6.280419460665144,3782.1958611097443
4256,0,1093,0,0,138307,138401,2177.959932,2179.962208,2.0022759999997106,4.076073399088217,8.7125,11.7875,1,0,0,1,94,80,80,94.0,80.0,94.0,94,80,8.161423941230169,5012.795438791381
4256,0,1094,0,0,138401,138499,2179.962208,2181.964485,2.002277000000049,6.248704720312433,8.7125,11.7875,1,0,0,1,98,80,80,98.0,80.0,98.0,98,80,12.511637741274171,7551.402727993993
4256,0,1095,0,0,138499,138606,2181.964485,2183.966762,2.002277000000049,7.4124834364768315,8.7125,11.7875,1,0,0,1,107,80,80,107.0,80.0,107.0,107,80,14.841845097740588,9062.182704990146
4256,0,1096,0,0,138606,138731,2183.966762,2185.969037,2.002274999999827,9.038025160988873,8.7125,11.7875,1,1,0,1,125,80,80,125.0,80.0,125.0,125,80,18.096611829216272,10681.3499644164
4256,0,1097,0,0,138731,138845,2185.969037,2187.971314,2.002277000000049,8.999402372698144,8.7125,11.7875,1,1,1,1,114,80,80,114.0,80.0,114.0,114,80,18.01929638459842,10553.984288886842
4256,0,1098,0,0,138845,138969,2187.971314,2189.973591,2.002277000000049,9.372375679443673,8.7125,11.7875,1,1,1,1,124,80,80,124.0,80.0,124.0,124,80,18.766092258309072,11074.391804929815
4256,0,1099,0,0,138969,139091,2189.973591,2191.975867,2.0022760000001654,9.690347062753585,8.7125,11.7875,1,1,1,1,122,80,80,122.0,80.0,122.0,122,80,19.40274935542402,11520.889228057518
4256,0,1100,0,0,139091,139211,2191.975867,2193.978144,2.002277000000049,9.647773298991227,8.7125,11.7875,1,1,1,1,120,80,80,120.0,80.0,120.0,120,80,19.317514577785914,11349.07907347457
4256,0,1101,0,0,139211,139342,2193.978144,2195.98042,2.0022759999997106,9.888100554241301,8.7125,11.7875,1,1,1,1,131,80,80,131.0,80.0,131.0,131,80,19.79870642534297,11998.845314034364
4256,0,1102,0,0,139342,139468,2195.98042,2197.982696,2.0022760000001654,9.973394757540353,8.7125,11.7875,1,1,1,1,126,80,80,126.0,80.0,126.0,126,80,19.96948896154936,11851.512978229795
4256,0,1103,0,0,139468,139603,2197.982696,2199.984974,2.002277999999933,9.84510554752838,8.7125,11.7875,1,1,1,1,135,80,80,135.0,80.0,135.0,135,80,19.71263824549169,11774.588743421638
4256,0,1104,0,0,139603,139737,2199.984974,2201.98725,2.0022760000001654,10.015443394677272,8.7125,11.7875,1,1,1,1,134,80,80,134.0,80.0,134.0,134,80,20.05368193852337,11689.19769302437
4256,0,1105,0,0,139737,139868,2201.98725,2203.989527,2.002277000000049,9.928166793723321,8.7125,11.7875,1,1,1,1,131,80,80,131.0,80.0,131.0,131,80,19.8789400232381,11934.91210257093
4256,0,1106,0,0,139868,140002,2203.989527,2205.991802,2.002274999999827,9.932547914358972,8.7125,11.7875,1,1,1,1,134,80,80,134.0,80.0,134.0,134,80,19.887692375221377,11689.203530984518
4256,0,1107,0,0,140002,140128,2205.991802,2207.994082,2.0022800000001553,9.841244923685073,8.7125,11.7875,1,1,1,1,126,80,80,126.0,80.0,126.0,126,80,19.704927885799407,11566.3144015813
4256,0,1108,0,0,140128,140262,2207.994082,2209.996359,2.002277000000049,10.017363981913894,8.7125,11.7875,1,1,1,1,134,80,80,134.0,80.0,134.0,134,80,20.057537501616025,12018.816577326419
4256,0,1109,0,0,140262,140387,2209.996359,2211.998632,2.0022729999996045,10.23246687553569,8.7125,11.7875,1,1,1,1,125,80,80,125.0,80.0,125.0,125,80,20.48819214827381,12051.803125749968
4256,0,1110,0,0,140387,140517,2211.998632,2214.000909,2.002277000000049,10.130499738697036,8.7125,11.7875,1,1,1,1,130,80,80,130.0,80.0,130.0,130,80,20.2840666252996,12127.692621949613
4256,0,1111,0,0,140517,140660,2214.000909,2216.003186,2.002277000000049,10.002532477459802,8.7125,11.7875,1,1,1,1,143,80,80,143.0,80.0,143.0,143,80,20.027840721370012,11882.471805848749
4256,0,1112,0,0,140660,140788,2216.003186,2218.005462,2.0022760000001654,10.197688849198924,8.7125,11.7875,1,1,1,1,128,80,80,128.0,80.0,128.0,128,80,20.418587638221652,12225.08785002566
4256,0,1113,0,0,140788,140925,2218.005462,2220.007737,2.002274999999827,10.223662015374291,8.7125,11.7875,1,1,1,1,137,80,80,137.0,80.0,137.0,137,80,20.470582861831645,12125.707008279132
4256,0,1114,0,0,140925,141066,2220.007737,2222.010015,2.002277999999933,10.25742116542879,8.7125,11.7875,1,1,1,1,141,80,80,141.0,80.0,141.0,141,80,20.538208736270462,12107.709319085967
4256,0,1115,0,0,141066,141197,2222.010015,2224.012291,2.0022760000001654,10.277622892073067,8.7125,11.7875,1,1,1,1,131,80,80,131.0,80.0,131.0,131,80,20.578637653849,12140.184470072054
4256,0,1116,0,0,141197,141323,2224.012291,2226.014567,2.0022760000001654,10.250093524442583,8.7125,11.7875,1,1,1,1,126,80,80,126.0,80.0,126.0,126,80,20.523516261750046,12167.65321064528
4256,0,1117,0,0,141323,141459,2226.014567,2228.016845,2.002277999999933,10.13231618683071,8.7125,11.7875,1,1,1,1,136,80,80,136.0,80.0,136.0,136,80,20.28771378993406,11855.496589385088
4256,0,1118,0,0,141459,141578,2228.016845,2230.019121,2.0022759999997106,10.162405463088772,8.7125,11.7875,1,1,1,1,119,80,80,119.0,80.0,119.0,119,80,20.347940561008727,11986.359522864714
4256,0,1119,0,0,141578,141727,2230.019121,2232.021397,2.0022760000001654,10.232295710208888,8.7125,11.7875,1,1,1,1,149,80,80,149.0,80.0,149.0,149,80,20.487880125456286,12119.707772553831
4256,0,1120,0,0,141727,141849,2232.021397,2234.023675,2.002277999999933,10.180973905212243,8.7125,11.7875,1,1,1,1,122,80,80,122.0,80.0,122.0,122,80,20.385140068978217,11809.548923776214
4256,0,1121,0,0,141849,141982,2234.023675,2236.025953,2.002277999999933,10.188155472203313,8.7125,11.7875,1,1,1,1,133,80,80,133.0,80.0,133.0,133,80,20.399519562572095,12059.763928885404
4256,0,1122,0,0,141982,142112,2236.025953,2238.028227,2.002273999999943,10.249999490602395,8.7125,11.7875,1,1,1,1,130,80,80,130.0,80.0,130.0,130,80,20.523307480045332,12257.063718552356
4256,0,1123,0,0,142112,142243,2238.028227,2240.030504,2.002277000000049,10.251961954121072,8.7125,11.7875,1,1,1,1,131,80,80,131.0,80.0,131.0,131,80,20.527267625613604,12076.25118802214
4256,0,1124,0,0,142243,142383,2240.030504,2242.032782,2.0022780000003877,10.166610771227836,8.7125,11.7875,1,1,1,1,140,80,80,140.0,80.0,140.0,140,80,20.356381081797736,12164.644469946374
4256,0,1125,0,0,142383,142509,2242.032782,2244.035056,2.002273999999943,10.180733659002865,8.7125,11.7875,1,1,1,1,126,80,80,126.0,80.0,126.0,126,80,20.384618306346965,11910.957241616621
4256,0,1126,0,0,142509,142646,2244.035056,2246.037334,2.002277999999933,10.225364315671545,8.7125,11.7875,1,1,1,1,137,80,80,137.0,80.0,137.0,137,80,20.47402201125442,12276.01761593586
4256,0,1127,0,0,142646,142776,2246.037334,2248.03961,2.0022759999997106,10.157825908549107,8.7125,11.7875,1,1,1,1,130,80,80,130.0,80.0,130.0,130,80,20.33877102886254,11981.365206396855
4256,0,1128,0,0,142776,142910,2248.03961,2250.041886,2.0022760000001654,10.143827042965368,8.7125,11.7875,1,1,1,1,134,80,80,134.0,80.0,134.0,134,80,20.310741436282115,12150.672534654559
4256,0,1129,0,0,142910,143000,2250.041886,2251.44349,1.401604000000134,10.169919038116156,8.7125,11.7875,1,1,1,1,90,56,56,90.0,56.0,90.0,90,56,14.25419920350032,11867.117959137111
4256,0,1130,0,0,143000,143127,2251.44349,2253.445757,2.002266999999847,10.171817593565375,8.7125,11.7875,1,1,1,1,127,80,80,127.0,80.0,127.0,127,80,20.366694697615458,11923.984163951074
4256,0,1131,0,0,143127,143255,2253.445757,2255.448032,2.002274999999827,10.180728670122658,8.7125,11.7875,1,1,1,1,128,80,80,128.0,80.0,128.0,128,80,20.384618497966585,11948.908117017927
4256,0,1132,0,0,143255,143389,2255.448032,2257.448835,2.00080300000036,10.15630969174554,8.7125,11.7875,1,1,1,1,134,80,80,134.0,79.0,134.0,134,79,20.32077490017764,11803.260990710105
4256,0,1133,0,0,143389,143517,2257.448835,2259.452585,2.0037499999998545,10.213989139749964,8.7125,11.7875,1,1,1,1,128,80,80,128.0,81.0,128.0,128,81,20.466280738772184,12193.63693075572
4256,0,1134,0,0,143517,143640,2259.452585,2261.454862,2.002277000000049,10.157612769646445,8.7125,11.7875,1,1,1,1,123,80,80,123.0,80.0,123.0,123,80,20.3383544235694,12191.120409413583
4256,0,1135,0,0,143640,143766,2261.454862,2263.457137,2.002274999999827,10.080030460350644,8.7125,11.7875,1,1,1,1,126,80,80,126.0,80.0,126.0,126,80,20.18299298999773,11933.925160131384
4256,0,1136,0,0,143766,143902,2263.457137,2265.459415,2.002277999999933,10.304153391211267,8.7125,11.7875,1,1,1,1,136,80,80,136.0,80.0,136.0,136,80,20.63177964384522,12380.39872585167
4256,0,1137,0,0,143902,144023,2265.459415,2267.461691,2.0022760000001654,10.156316737164454,8.7125,11.7875,1,1,1,1,121,80,80,121.0,80.0,121.0,121,80,20.335749251225934,12449.832091079323
4256,0,1138,0,0,144023,144155,2267.461691,2269.463968,2.002277000000049,10.138253753306369,8.7125,11.7875,1,1,1,1,132,80,80,132.0,80.0,132.0,132,80,20.299592310409935,11933.413808378868
4256,0,1139,0,0,144155,144285,2269.463968,2271.466245,2.002277000000049,10.229324394691142,8.7125,11.7875,1,1,1,1,130,80,80,130.0,80.0,130.0,130,80,20.481940961028158,12151.66532902261
4256,0,1140,0,0,144285,144408,2271.466245,2273.46852,2.002274999999827,10.330657115783213,8.7125,11.7875,1,1,1,1,123,80,80,123.0,80.0,123.0,123,80,20.68481647650333,12165.162128080361
4256,0,1141,0,0,144408,144527,2273.46852,2275.470797,2.002277000000049,10.213295961807422,8.7125,11.7875,1,1,1,1,119,80,80,119.0,80.0,119.0,119,80,20.449847598520137,12004.33306680315
4256,0,1142,0,0,144527,144650,2275.470797,2277.473073,2.0022760000001654,10.206119392783306,8.7125,11.7875,1,1,1,1,123,80,80,123.0,80.0,123.0,123,80,20.43546791330664,11912.443639137677
4256,0,1143,0,0,144650,144766,2277.473073,2279.47535,2.002277000000049,10.251233388989993,8.7125,11.7875,1,1,1,1,116,80,80,116.0,80.0,116.0,116,80,20.525808836406213,12270.030570195531
4256,0,1144,0,0,144766,144891,2279.47535,2281.477629,2.0022789999998167,10.194395317369326,8.7125,11.7875,1,1,1,1,125,80,80,125.0,80.0,125.0,125,80,20.412023661665444,12083.231158096456
4256,0,1145,0,0,144891,145026,2281.477629,2283.478954,2.001325000000179,10.152669327810447,8.7125,11.7875,1,1,1,1,135,80,80,135.0,79.0,135.0,135,79,20.318790942481428,11857.14464167383
4256,0,1146,0,0,145026,145156,2283.478954,2285.48218,2.003225999999813,10.211617262689966,8.7125,11.7875,1,1,1,1,130,80,80,131.0,81.0,130.0,130,81,20.456177202668187,12368.050334811105
4256,0,1147,0,0,145156,145284,2285.48218,2287.484457,2.002277000000049,10.19102268494303,8.7125,11.7875,1,1,1,1,128,80,80,128.0,80.0,128.0,128,80,20.405250328538386,12135.184092909923
4256,0,1148,0,0,145284,145400,2287.484457,2289.486734,2.002277000000049,10.35239986147685,8.7125,11.7875,1,1,1,1,116,80,80,116.0,80.0,116.0,116,80,20.7283721374406,12319.97370993094
4256,0,1149,0,0,145400,145531,2289.486734,2291.489009,2.002274999999827,10.087368159357288,8.7125,11.7875,1,1,1,1,131,80,80,131.0,80.0,131.0,131,80,20.197685081275267,12051.791087638854
4256,0,1150,0,0,145531,145648,2291.489009,2293.491287,2.002277999999933,10.16203122126478,8.7125,11.7875,1,1,1,1,117,80,80,117.0,80.0,117.0,117,80,20.347211549651547,12055.768479702023
4256,0,1151,0,0,145648,145783,2293.491287,2295.493563,2.0022760000001654,10.22433353015697,8.7125,11.7875,1,1,1,1,135,80,80,135.0,80.0,135.0,135,80,20.471937643429555,12051.785068590947
4256,0,1152,0,0,145783,145911,2295.493563,2297.495838,2.002274999999827,10.335236672610053,8.7125,11.7875,1,1,1,1,128,80,80,128.0,80.0,128.0,128,80,20.693986008649517,12536.240026970407
4256,0,1153,0,0,145911,146031,2297.495838,2299.498116,2.0022780000003877,10.261428271646158,8.7125,11.7875,1,1,1,1,120,80,80,120.0,80.0,120.0,120,80,20.546232076900196,12373.406689777945
4256,0,1154,0,0,146031,146159,2299.498116,2301.500391,2.002274999999827,10.165636948761477,8.7125,11.7875,1,1,1,1,128,80,80,128.0,80.0,128.0,128,80,20.354400721578713,12343.459315030223
4256,0,1155,0,0,146159,146305,2301.500391,2303.502669,2.002277999999933,10.370348704346357,8.7125,11.7875,1,1,1,1,146,80,80,146.0,80.0,146.0,146,80,20.76432106304128,12276.01761593586
4256,0,1156,0,0,146305,146451,2303.502669,2305.504945,2.0022760000001654,10.12399965342432,8.7125,11.7875,1,1,1,1,146,80,80,146.0,80.0,146.0,146,80,20.271041530060756,11918.436818899107
4256,0,1157,0,0,146451,146585,2305.504945,2307.507222,2.002277000000049,10.10463567654376,8.7125,11.7875,1,1,1,1,134,80,80,134.0,80.0,134.0,134,80,20.23227960852455,11711.666267953648
4256,0,1158,0,0,146585,146710,2307.507222,2309.5095,2.002277999999933,10.174937225712503,8.7125,11.7875,1,1,1,1,125,80,80,125.0,80.0,125.0,125,80,20.373052958424523,11775.08817456956
4256,0,1159,0,0,146710,146843,2309.5095,2311.511775,2.002274999999827,10.13082190879379,8.7125,11.7875,1,1,1,1,133,80,80,133.0,80.0,133.0,133,80,20.284691437427682,12063.777453148088
4256,0,1160,0,0,146843,146976,2311.511775,2313.513948,2.002172999999857,10.188835849804056,8.7125,11.7875,1,1,1,1,133,80,80,133.0,79.0,133.0,133,79,20.399812039908284,12118.33343072838
4256,0,1161,0,0,146976,147103,2313.513948,2315.516328,2.0023800000003575,10.16677914144759,8.7125,11.7875,1,1,1,1,127,80,80,127.0,81.0,127.0,127,81,20.357755217253725,11889.851077215988
4256,0,1162,0,0,147103,147229,2315.516328,2317.518606,2.002277999999933,10.214591965184937,8.7125,11.7875,1,1,1,1,126,80,80,126.0,80.0,126.0,126,80,20.45245277086724,11995.83674195132
4256,0,1163,0,0,147229,147369,2317.518606,2319.520882,2.0022759999997106,10.187853215019413,8.7125,11.7875,1,1,1,1,140,80,80,140.0,80.0,140.0,140,80,20.398893983954622,12119.707772556585
4256,0,1164,0,0,147369,147513,2319.520882,2321.523159,2.002277000000049,10.136848663410717,8.7125,11.7875,1,1,1,1,144,80,80,144.0,80.0,144.0,144,80,20.29677893122789,12141.676701075527
4256,0,1165,0,0,147513,147638,2321.523159,2323.525435,2.0022760000001654,10.111353838047746,8.7125,11.7875,1,1,1,1,125,80,80,125.0,80.0,125.0,125,80,20.245721117433277,12027.312917898436
4256,0,1166,0,0,147638,147764,2323.525435,2325.527711,2.0022760000001654,10.067275625603475,8.7125,11.7875,1,1,1,1,126,80,80,126.0,80.0,126.0,126,80,20.15746437053167,12282.522489406041
4256,0,1167,0,0,147764,147899,2325.527711,2327.529988,2.0022769999995944,10.193260420705043,8.7125,11.7875,1,1,1,1,135,80,80,135.0,80.0,135.0,135,80,20.40973089538238,11835.025823102798
4256,0,1168,0,0,147899,148019,2327.529988,2329.532264,2.0022760000001654,10.057023668281726,8.7125,11.7875,1,1,1,1,120,80,80,120.0,80.0,120.0,120,80,20.136937122435484,11933.419768302685
4256,0,1169,0,0,148019,148137,2329.532264,2331.534541,2.002277000000049,10.013096671860437,8.7125,11.7875,1,1,1,1,118,80,80,118.0,80.0,118.0,118,80,20.048993164844433,12142.675563870236
4256,0,1170,0,0,148137,148265,2331.534541,2333.536818,2.002277000000049,10.184621719862845,8.7125,11.7875,1,1,1,1,128,80,80,128.0,80.0,128.0,128,80,20.392433823380998,12013.322831955524
4256,0,1171,0,0,148265,148402,2333.536818,2335.539094,2.0022760000001654,10.13945564999569,8.7125,11.7875,1,1,1,1,137,80,80,137.0,80.0,137.0,137,80,20.301988701052323,12280.02533117211
4256,0,1172,0,0,148402,148528,2335.539094,2337.541372,2.002277999999933,10.085427840026687,8.7125,11.7875,1,1,1,1,126,80,80,126.0,80.0,126.0,126,80,20.193830284672003,12051.773030518643
4256,0,1173,0,0,148528,148654,2337.541372,2339.543648,2.0022759999997106,10.058116516526388,8.7125,11.7875,1,1,1,1,126,80,80,126.0,80.0,126.0,126,80,20.13912530624293,12233.5781880238
4256,0,1174,0,0,148654,148781,2339.543648,2341.545923,2.0022750000002816,9.961690548709377,8.7125,11.7875,1,1,1,1,127,80,80,127.0,80.0,127.0,127,80,19.946043943418772,11517.898390579096
4256,0,1175,0,0,148781,148923,2341.545923,2343.548199,2.0022759999997106,10.048332922737103,8.7125,11.7875,1,1,1,1,142,80,80,142.0,80.0,142.0,142,80,20.119535851205,12158.663441005894
4256,0,1176,0,0,148923,149054,2343.548199,2345.550476,2.002277000000049,10.153449540326,8.7125,11.7875,1,1,1,1,131,80,80,131.0,80.0,131.0,131,80,20.330018485256005,11919.929160650307
4256,0,1177,0,0,149054,149192,2345.550476,2347.552755,2.0022790000002715,10.128356158235533,8.7125,11.7875,1,1,1,1,138,80,80,138.0,80.0,138.0,138,80,20.279794840156683,12173.628150720602
4256,0,1178,0,0,149192,149321,2347.552755,2349.55503,2.002274999999827,10.15293908665069,8.7125,11.7875,1,1,1,1,129,80,80,129.0,80.0,129.0,129,80,20.328976109722134,11989.86153250781
4256,0,1179,0,0,149321,149445,2349.55503,2351.557305,2.002274999999827,10.160432906912796,8.7125,11.7875,1,1,1,1,124,80,80,124.0,80.0,124.0,124,80,20.34398079868697,11720.168308550039
4256,0,1180,0,0,149445,149569,2351.557305,2353.559582,2.002277000000049,10.12951097173343,8.7125,11.7875,1,1,1,1,124,80,80,124.0,80.0,124.0,124,80,20.282086839950352,11946.898456107429
4256,0,1181,0,0,149569,149696,2353.559582,2355.5601,2.000518000000284,10.114237378340254,8.7125,11.7875,1,1,1,1,127,80,80,127.0,79.0,127.0,127,79,20.23371393164416,11880.422970448968
4256,0,1182,0,0,149696,149828,2355.5601,2357.564136,2.0040359999998145,10.216718402807983,8.7125,11.7875,1,1,1,1,132,80,80,132.0,81.0,132.0,132,81,20.47467148108626,11987.808602241788
4256,0,1183,0,0,149828,149965,2357.564136,2359.566411,2.002274999999827,10.186088833226801,8.7125,11.7875,1,1,1,1,137,80,80,137.0,80.0,137.0,137,80,20.395351018545625,12010.338240252753
4256,0,1184,0,0,149965,150105,2359.566411,2361.568689,2.0022780000003877,10.14033039926776,8.7125,11.7875,1,1,1,1,140,80,80,140.0,80.0,140.0,140,80,20.30376047118989,12166.14276339014
4256,0,1185,0,0,150105,150228,2361.568689,2363.570965,2.0022759999997106,10.080025521767286,8.7125,11.7875,1,1,1,1,123,80,80,123.0,80.0,123.0,123,80,20.182993181620986,11953.397034176836
4256,0,1186,0,0,150228,150358,2363.570965,2365.573241,2.0022760000001654,10.109220181955404,8.7125,11.7875,1,1,1,1,130,80,80,130.0,80.0,130.0,130,80,20.24144894904748,12064.770291407382
4256,0,1187,0,0,150358,150493,2365.573241,2367.575518,2.002277000000049,10.094695966541193,8.7125,11.7875,1,1,1,1,135,80,80,135.0,80.0,135.0,135,80,20.21237755579932,11870.48545231225
4256,0,1188,0,0,150493,150611,2367.575518,2369.577794,2.0022759999997106,10.068108271885658,8.7125,11.7875,1,1,1,1,118,80,80,118.0,80.0,118.0,118,80,20.15913155819362,11810.559583196033
4256,0,1189,0,0,150611,150746,2369.577794,2371.58007,2.0022760000001654,10.034073855190908,8.7125,11.7875,1,1,1,1,135,80,80,135.0,80.0,135.0,135,80,20.09098526247908,11659.731225864003
4256,0,1190,0,0,150746,150879,2371.58007,2373.582348,2.002277999999933,10.166402609868042,8.7125,11.7875,1,1,1,1,133,80,80,133.0,80.0,133.0,133,80,20.35596428488134,12111.205337121424
4256,0,1191,0,0,150879,151008,2373.582348,2375.583549,2.0012010000000373,10.061646250625023,8.7125,11.7875,1,1,1,1,129,80,80,129.0,79.0,129.0,129,79,20.135376538397395,11926.837933820518
4256,0,1192,0,0,151008,151133,2375.583549,2377.586902,2.003353000000061,10.193869973186377,8.7125,11.7875,1,1,1,1,125,80,80,125.0,81.0,125.0,125,81,20.42191999239367,12028.833660368025
4256,0,1193,0,0,151133,151272,2377.586902,2379.589179,2.002277000000049,10.100368366490303,8.7125,11.7875,1,1,1,1,139,80,80,139.0,80.0,139.0,139,80,20.223735271752957,12487.283228044564
4256,0,1194,0,0,151272,151409,2379.589179,2381.591453,2.002273999999943,10.0861241309428,8.7125,11.7875,1,1,1,1,137,80,80,137.0,80.0,137.0,137,80,20.195184108157264,12156.178425130973
4256,0,1195,0,0,151409,151529,2381.591453,2383.593729,2.0022760000001654,10.062487909493827,8.7125,11.7875,1,1,1,1,120,80,80,120.0,80.0,120.0,120,80,20.147878041472723,11921.932840426609
4256,0,1196,0,0,151529,151667,2383.593729,2385.596007,2.002277999999933,10.10031137741398,8.7125,11.7875,1,1,1,1,138,80,80,138.0,80.0,138.0,138,80,20.223631264143478,11740.127994214983
4256,0,1197,0,0,151667,151812,2385.596007,2387.598284,2.002277000000049,10.182852347401655,8.7125,11.7875,1,1,1,1,145,80,80,145.0,80.0,145.0,145,80,20.388891049598897,12146.671015049069
4256,0,1198,0,0,151812,151943,2387.598284,2389.60056,2.0022759999997106,10.202840848058319,8.7125,11.7875,1,1,1,1,131,80,80,131.0,80.0,131.0,131,80,20.428903361884295,11672.217017036302
4256,0,1199,0,0,151943,152064,2389.60056,2391.602837,2.002277000000049,10.10380303067967,8.7125,11.7875,1,1,1,1,121,80,80,121.0,80.0,121.0,121,80,20.23061242085896,12001.336478419025
4256,0,1200,0,0,152064,152189,2391.602837,2393.605113,2.0022760000001654,10.208721412408114,8.7125,11.7875,1,1,1,1,125,80,80,125.0,80.0,125.0,125,80,20.44067787475433,11979.36747980699
4256,0,1201,0,0,152189,152316,2393.605113,2395.607247,2.0021339999998418,10.141618427680497,8.7125,11.7875,1,1,1,1,127,80,80,127.0,79.0,127.0,127,79,20.304879069084564,12260.41813385215
4256,0,1202,0,0,152316,152443,2395.607247,2397.609665,2.0024180000000342,10.276127100232905,8.7125,11.7875,1,1,1,1,127,80,80,127.0,81.0,127.0,127,81,20.57710187579505,11941.562650755033
4256,0,1203,0,0,152443,152583,2397.609665,2399.611943,2.002277999999933,10.280579116957968,8.7125,11.7875,1,1,1,1,140,80,80,140.0,80.0,140.0,140,80,20.584577393143263,12231.568243770755
4256,0,1204,0,0,152583,152705,2399.611943,2401.614219,2.0022760000001654,10.063060353811284,8.7125,11.7875,1,1,1,1,122,80,80,122.0,80.0,122.0,122,80,20.149024232989177,12039.798709068085
4256,0,1205,0,0,152705,152825,2401.614219,2403.616495,2.0022760000001654,10.099488628558616,8.7125,11.7875,1,1,1,1,120,80,80,120.0,80.0,120.0,120,80,20.22196369323865,11734.64597288189
4256,0,1206,0,0,152825,152972,2403.616495,2405.618772,2.0022769999995944,10.227242780033198,8.7125,11.7875,1,1,1,1,147,80,80,147.0,80.0,147.0,147,80,20.47777299187146,12079.747207806362
4256,0,1207,0,0,152972,153105,2405.618772,2407.621049,2.002277000000049,10.145383283517633,8.7125,11.7875,1,1,1,1,133,80,80,133.0,80.0,133.0,133,80,20.313867604771076,12019.316008723772
4256,0,1208,0,0,153105,153227,2407.621049,2409.623324,2.0022750000002816,10.192750006790844,8.7125,11.7875,1,1,1,1,122,80,80,122.0,80.0,122.0,122,80,20.40868851984851,12020.326878174385
4256,0,1209,0,0,153227,153359,2409.623324,2411.625604,2.0022799999997005,10.168057935680357,8.7125,11.7875,1,1,1,1,132,80,80,132.0,80.0,132.0,132,80,20.359299043451756,11942.885110975276
4256,0,1210,0,0,153359,153483,2411.625604,2413.627882,2.0022780000003877,10.17498926605075,8.7125,11.7875,1,1,1,1,124,80,80,124.0,80.0,124.0,124,80,20.373157157653623,11971.864046848319
4256,0,1211,0,0,153483,153604,2413.627882,2415.630159,2.0022769999995944,10.266793458577451,8.7125,11.7875,1,1,1,1,121,80,80,121.0,80.0,121.0,121,80,20.55696440585598,12236.568666575586
4256,0,1212,0,0,153604,153738,2415.630159,2417.632438,2.0022790000002715,10.044831453423798,8.7125,11.7875,1,1,1,1,134,80,80,134.0,80.0,134.0,134,80,20.112555077732395,11962.868311557357
4256,0,1213,0,0,153738,153856,2417.632438,2419.634713,2.002274999999827,10.098921132261362,8.7125,11.7875,1,1,1,1,118,80,80,118.0,80.0,118.0,118,80,20.2208173100953,11980.871758375884
4256,0,1214,0,0,153856,153976,2419.634713,2421.636991,2.002277999999933,10.109730679047196,8.7125,11.7875,1,1,1,1,120,80,80,120.0,80.0,120.0,120,80,20.24249132458135,11667.211046618293
4256,0,1215,0,0,153976,154095,2421.636991,2423.639267,2.0022760000001654,10.165007482711317,8.7125,11.7875,1,1,1,1,119,80,80,119.0,80.0,119.0,119,80,20.353150522456417,11789.583454028341
4256,0,1216,0,0,154095,154219,2423.639267,2425.641544,2.002277000000049,9.985567317978981,8.7125,11.7875,1,1,1,1,124,80,80,124.0,80.0,124.0,124,80,19.99387177274184,11801.06448808003
4256,0,1217,0,0,154219,154342,2425.641544,2427.64382,2.0022759999997106,9.80639713802227,8.7125,11.7875,1,1,1,1,123,80,80,123.0,80.0,123.0,123,80,19.635113635926245,11743.635742526703
4256,0,1218,0,0,154342,154475,2427.64382,2429.646096,2.0022760000001654,9.855835510891463,8.7125,11.7875,1,1,1,1,133,80,80,133.0,80.0,133.0,133,80,19.734102903406892,11736.144267822248
4256,0,1219,0,0,154475,154605,2429.646096,2431.648373,2.002277000000049,9.91083735167696,8.7125,11.7875,1,1,1,1,130,80,80,130.0,80.0,130.0,130,80,19.844241680002597,11959.38424104128
4256,0,1220,0,0,154605,154720,2431.648373,2433.65065,2.002277000000049,9.896838493086959,8.7125,11.7875,1,1,1,1,115,80,80,115.0,80.0,115.0,115,80,19.816212087422173,11971.370594577778
4256,0,1221,0,0,154720,154849,2433.65065,2435.652926,2.0022760000001654,9.896895380570957,8.7125,11.7875,1,1,1,1,129,80,80,129.0,80.0,129.0,129,80,19.816316095028014,11627.767600469704
4256,0,1222,0,0,154849,154973,2435.652926,2437.655203,2.0022769999995944,9.932642265245013,8.7125,11.7875,1,1,1,1,124,80,80,124.0,80.0,124.0,124,80,19.887901156922453,11812.051978824504
4256,0,1223,0,0,154973,155104,2437.655203,2439.657478,2.0022750000002816,9.925054094094657,8.7125,11.7875,1,1,1,1,131,80,80,131.0,80.0,131.0,131,80,19.87268768625654,12055.786542805861
4256,0,1224,0,0,155104,155239,2439.657478,2441.659605,2.0021269999997457,10.040999606412383,8.7125,11.7875,1,1,1,1,135,80,80,135.0,79.0,135.0,135,79,20.10335641898564,11609.153665078664
4256,0,1225,0,0,155239,155365,2441.659605,2443.662032,2.0024270000003526,9.977288374508086,8.7125,11.7875,1,1,1,1,126,80,80,126.0,81.0,126.0,126,81,19.978791627905593,11886.575640458208
4256,0,1226,0,0,155365,155485,2443.662032,2445.664308,2.0022759999997106,9.904857560625079,8.7125,11.7875,1,1,1,1,120,80,80,120.0,80.0,120.0,120,80,19.832258577054745,11427.994941757934
4256,0,1227,0,0,155485,155612,2445.664308,2447.666584,2.0022760000001654,9.915421760299598,8.7125,11.7875,1,1,1,1,127,80,80,127.0,80.0,127.0,127,80,19.853411020525527,11632.761916937563
4256,0,1228,0,0,155612,155731,2447.666584,2449.668862,2.002277999999933,9.96719218637659,8.7125,11.7875,1,1,1,1,119,80,80,119.0,80.0,119.0,119,80,19.957089636554883,11953.884525525827
4256,0,1229,0,0,155731,155869,2449.668862,2451.671139,2.002277000000049,9.965271575041804,8.7125,11.7875,1,1,1,1,138,80,80,138.0,80.0,138.0,138,80,19.953234073462227,11733.141818039874
4256,0,1230,0,0,155869,155990,2451.671139,2453.673415,2.0022760000001654,9.934884867093174,8.7125,11.7875,1,1,1,1,121,80,80,121.0,80.0,121.0,121,80,19.89238153214683,11825.542532596926
4256,0,1231,0,0,155990,156000,2453.673415,2453.83853,0.16511499999978696,10.039479738308088,8.7125,11.7875,1,1,1,1,10,7,7,10.0,6.0,10.0,10,6,1.6576686969892762,12252.06674137789
4256,0,1232,0,0,156000,156133,2453.83853,2455.85089,2.0123600000001716,9.960054140600416,8.7125,11.7875,1,1,1,1,133,80,80,133.0,81.0,133.0,133,81,20.04321455038007,11629.628893437559
4256,0,1233,0,0,156133,156256,2455.85089,2457.853167,2.002277000000049,9.833349245950144,8.7125,11.7875,1,1,1,1,123,80,80,123.0,80.0,123.0,123,80,19.689089028132003,11697.182757430379
4256,0,1234,0,0,156256,156384,2457.853167,2459.855445,2.002277999999933,9.979629827759677,8.7125,11.7875,1,1,1,1,128,80,80,128.0,80.0,128.0,128,80,19.981993252265966,11821.035840178432
4256,0,1235,0,0,156384,156526,2459.855445,2461.85772,2.002274999999827,9.919589850155752,8.7125,11.7875,1,1,1,1,142,80,80,142.0,80.0,142.0,142,80,19.8617467672193,12086.751320374122
4256,0,1236,0,0,156526,156654,2461.85772,2463.859997,2.002277000000049,9.94492379173812,8.7125,11.7875,1,1,1,1,128,80,80,128.0,80.0,128.0,128,80,19.912492174949875,11887.965551219644
4256,0,1237,0,0,156654,156780,2463.859997,2465.862275,2.002277999999933,9.87492466264348,8.7125,11.7875,1,1,1,1,126,80,80,126.0,80.0,126.0,126,80,19.772344403667375,11691.683172866497
4256,0,1238,0,0,156780,156927,2465.862275,2467.864549,2.002273999999943,9.906012152606229,8.7125,11.7875,1,1,1,1,147,80,80,147.0,80.0,147.0,147,80,19.834550576848414,11709.186654773855
4256,0,1239,0,0,156927,157077,2467.864549,2469.866826,2.002277000000049,9.926605582728152,8.7125,11.7875,1,1,1,1,150,80,80,150.0,80.0,150.0,150,80,19.87581404636876,11957.386515451864
4256,0,1240,0,0,157077,157199,2469.866826,2471.869103,2.002277000000049,10.00737223154482,8.7125,11.7875,1,1,1,1,122,80,80,122.0,80.0,122.0,122,80,20.037531249661697,12162.153388367045
4256,0,1241,0,0,157199,157317,2471.869103,2473.871382,2.0022789999998167,9.971506650261077,8.7125,11.7875,1,1,1,1,118,80,80,118.0,80.0,118.0,118,80,19.965738364175195,11810.541887520252
4256,0,1242,0,0,157317,157444,2473.871382,2475.873657,2.0022750000002816,9.898981844432763,8.7125,11.7875,1,1,1,1,127,80,80,127.0,80.0,127.0,127,80,19.82048387256509,11788.59047832924
4256,0,1243,0,0,157444,157564,2475.873657,2477.875934,2.002277000000049,9.919267891050865,8.7125,11.7875,1,1,1,1,120,80,80,120.0,80.0,120.0,120,80,19.86112195509122,11581.314673244227
4256,0,1244,0,0,157564,157684,2477.875934,2479.878211,2.002277000000049,9.801968904947277,8.7125,11.7875,1,1,1,1,120,80,80,120.0,80.0,120.0,120,80,19.626256893090613,11528.874376522046
4256,0,1245,0,0,157684,157809,2479.878211,2481.879759,2.0015479999997297,9.904017460852353,8.7125,11.7875,1,1,1,1,125,80,80,125.0,79.0,125.0,125,79,19.82336634072999,11851.327072847218
4256,0,1246,0,0,157809,157925,2481.879759,2483.882762,2.0030030000002625,9.9396719417009,8.7125,11.7875,1,1,1,1,116,80,80,116.0,81.0,116.0,116,81,19.909192718245322,11765.334350471223
4256,0,1247,0,0,157925,158062,2483.882762,2485.885039,2.0022769999995944,10.058579952188557,8.7125,11.7875,1,1,1,1,137,80,80,137.0,80.0,137.0,137,80,20.140063290924445,12016.818851739732
4256,0,1248,0,0,158062,158189,2485.885039,2487.887315,2.0022760000001654,10.030170825753693,8.7125,11.7875,1,1,1,1,127,80,80,127.0,80.0,127.0,127,80,20.083170320307545,11933.91919994947
4256,0,1249,0,0,158189,158327,2487.887315,2489.889592,2.002277000000049,9.925044371732985,8.7125,11.7875,1,1,1,1,138,80,80,138.0,80.0,138.0,138,80,19.872688069499418,11432.484116832706
4256,0,1250,0,0,158327,158457,2489.889592,2491.891868,2.0022760000001654,10.034802420685853,8.7125,11.7875,1,1,1,1,130,80,80,130.0,80.0,130.0,130,80,20.092444051682833,11858.00558963801
4256,0,1251,0,0,158457,158570,2491.891868,2493.894145,2.002277000000049,9.914063854400307,8.7125,11.7875,1,1,1,1,113,80,80,113.0,80.0,113.0,113,80,19.85070203219584,11778.590075199096
4256,0,1252,0,0,158570,158705,2493.894145,2495.896423,2.002277999999933,9.914943684499521,8.7125,11.7875,1,1,1,1,135,80,80,135.0,80.0,135.0,135,80,19.85247361071015,11707.165538452096
4256,0,1253,0,0,158705,158818,2495.896423,2497.898698,2.002274999999827,9.945401897725219,8.7125,11.7875,1,1,1,1,113,80,80,113.0,80.0,113.0,113,80,19.913429584765254,11480.940430261571
4256,0,1254,0,0,158818,158935,2497.898698,2499.900975,2.002277000000049,9.846203216477024,8.7125,11.7875,1,1,1,1,117,80,80,117.0,80.0,117.0,117,80,19.714826237679517,11688.192992278004
4256,0,1255,0,0,158935,159064,2499.900975,2501.90325,2.002274999999827,9.948576363252915,8.7125,11.7875,1,1,1,1,129,80,80,129.0,80.0,129.0,129,80,19.9197857377294,11791.087637813009
4256,0,1256,0,0,159064,159200,2501.90325,2503.905528,2.002277999999933,9.80612733248264,8.7125,11.7875,1,1,1,1,136,80,80,136.0,80.0,136.0,136,80,19.634593023027264,11459.947120230441
4256,0,1257,0,0,159200,159336,2503.905528,2505.907803,2.0022750000002816,10.006601429863501,8.7125,11.7875,1,1,1,1,136,80,80,136.0,80.0,136.0,136,80,20.03596787798233,11922.43822651566
4256,0,1258,0,0,159336,159470,2505.907803,2507.91008,2.002277000000049,9.878103961144948,8.7125,11.7875,1,1,1,1,134,80,80,134.0,80.0,134.0,134,80,19.778700365008262,11848.011039431316
4256,0,1259,0,0,159470,159599,2507.91008,2509.912358,2.002277999999933,9.790723391690197,8.7125,11.7875,1,1,1,1,129,80,80,129.0,80.0,129.0,129,80,19.603750051264797,11795.564851634384
4256,0,1260,0,0,159599,159722,2509.912358,2511.914632,2.002273999999943,9.984645264211705,8.7125,11.7875,1,1,1,1,123,80,80,123.0,80.0,123.0,123,80,19.991995611751918,11843.533901953815
4256,0,1261,0,0,159722,159849,2511.914632,2513.916909,2.002277000000049,9.889292639943648,8.7125,11.7875,1,1,1,1,127,80,80,127.0,80.0,127.0,127,80,19.801103199228237,11876.4786290805
4256,0,1262,0,0,159849,159983,2513.916909,2515.919186,2.002277000000049,9.901938449004506,8.7125,11.7875,1,1,1,1,134,80,80,134.0,80.0,134.0,134,80,19.826423611859354,11689.691286470066
4256,0,1263,0,0,159983,160114,2515.919186,2517.921462,2.0022759999997106,9.836476484885074,8.7125,11.7875,1,1,1,1,131,80,80,131.0,80.0,131.0,131,80,19.69534079024743,11365.56598590968
4256,0,1264,0,0,160114,160246,2517.921462,2519.923739,2.002277000000049,9.960535901689795,8.7125,11.7875,1,1,1,1,132,80,80,132.0,80.0,132.0,132,80,19.94375194362874,11744.628740179018
4256,0,1265,0,0,160246,160378,2519.923739,2521.926016,2.002277000000049,9.920256658014472,8.7125,11.7875,1,1,1,1,132,80,80,132.0,80.0,132.0,132,80,19.86310174044047,11622.767479224618
4256,0,1266,0,0,160378,160511,2521.926016,2523.928294,2.002277999999933,9.778129629285564,8.7125,11.7875,1,1,1,1,133,80,80,133.0,80.0,133.0,133,80,19.578533837866416,11611.774189198892
4256,0,1267,0,0,160511,160635,2523.928294,2525.93057,2.0022760000001654,9.90256778335304,8.7125,11.7875,1,1,1,1,124,80,80,124.0,80.0,124.0,124,80,19.82767381098165,11770.10561980369
4256,0,1268,0,0,160635,160780,2525.93057,2527.93213,2.001560000000154,9.911195434071043,8.7125,11.7875,1,1,1,1,145,80,80,145.0,79.0,145.0,145,79,19.837852333021146,11993.644956932669
4256,0,1269,0,0,160780,160897,2527.93213,2529.935123,2.0029930000000604,9.826209120303961,8.7125,11.7875,1,1,1,1,117,80,80,117.0,81.0,117.0,117,81,19.681828084507288,11772.382629394755
4256,0,1270,0,0,160897,161022,2529.935123,2531.937399,2.0022759999997106,9.777566760579374,8.7125,11.7875,1,1,1,1,125,80,80,125.0,80.0,125.0,125,80,19.577387263103446,11699.685757609534
4256,0,1271,0,0,161022,161143,2531.937399,2533.939676,2.002277000000049,9.68711581606945,8.7125,11.7875,1,1,1,1,121,80,80,121.0,80.0,121.0,121,80,19.396289194854035,11746.626465768433
4256,0,1272,0,0,161143,161281,2533.939676,2535.941952,2.0022760000001654,9.78818300064642,8.7125,11.7875,1,1,1,1,138,80,80,138.0,80.0,138.0,138,80,19.59864390580333,11463.954020323923
4256,0,1273,0,0,161281,161419,2535.941952,2537.944228,2.0022759999997106,9.872384355707451,8.7125,11.7875,1,1,1,1,138,80,80,138.0,80.0,138.0,138,80,19.767238258205907,11668.221563862013
4256,0,1274,0,0,161419,161554,2537.944228,2539.946504,2.0022760000001654,9.808010390187468,8.7125,11.7875,1,1,1,1,135,80,80,135.0,80.0,135.0,135,80,19.638343812024686,11817.052194601567
4256,0,1275,0,0,161554,161687,2539.946504,2541.948782,2.002277999999933,9.743626883524115,8.7125,11.7875,1,1,1,1,133,80,80,133.0,80.0,133.0,133,80,19.50944974908998,11614.770776086427
4256,0,1276,0,0,161687,161806,2541.948782,2543.95106,2.002277999999933,9.785363236617151,8.7125,11.7875,1,1,1,1,119,80,80,119.0,80.0,119.0,119,80,19.593017530685756,11662.216735139067
4256,0,1277,0,0,161806,161931,2543.95106,2545.953335,2.0022750000002816,9.78147457948953,8.7125,11.7875,1,1,1,1,125,80,80,125.0,80.0,125.0,125,80,19.585202013651724,11718.670012858724
4256,0,1278,0,0,161931,162059,2545.953335,2547.954715,2.001379999999699,10.009845203268448,8.7125,11.7875,1,1,1,1,128,80,80,128.0,79.0,128.0,128,79,20.03350399291594,11680.440496059477
4256,0,1279,0,0,162059,162190,2547.954715,2549.955999,2.0012839999999414,9.878588720033894,8.7125,11.7875,1,1,1,1,131,80,80,131.0,80.0,131.0,131,80,19.769861547982146,11689.99502319545
4256,0,1280,0,0,162190,162320,2549.955999,2551.960164,2.0041650000002846,9.814803946543213,8.7125,11.7875,1,1,1,1,130,80,80,130.0,81.0,130.0,130,81,19.670486551527574,11613.814231860497
4256,0,1281,0,0,162320,162450,2551.960164,2553.962441,2.002277000000049,9.712563555290682,8.7125,11.7875,1,1,1,1,130,80,80,130.0,80.0,130.0,130,80,19.44724261779629,11480.4295309787
4256,0,1282,0,0,162450,162582,2553.962441,2555.964717,2.0022759999997106,9.764400541277835,8.7125,11.7875,1,1,1,1,132,80,80,132.0,80.0,132.0,132,80,19.551024858184974,11422.0017619965
4256,0,1283,0,0,162582,162717,2555.964717,2557.966993,2.0022760000001654,9.695759263573189,8.7125,11.7875,1,1,1,1,135,80,80,135.0,80.0,135.0,135,80,19.41358607523216,11523.885817938233
4256,0,1284,0,0,162717,162852,2557.966993,2559.969271,2.002277999999933,9.696634456039062,8.7125,11.7875,1,1,1,1,135,80,80,135.0,80.0,135.0,135,80,19.415357845369726,11307.121188966146
4256,0,1285,0,0,162852,162986,2559.969271,2561.971545,2.002273999999943,9.77674368852416,8.7125,11.7875,1,1,1,1,134,80,80,134.0,80.0,134.0,134,80,19.57571969219498,11391.547810140195
4256,0,1286,0,0,162986,163114,2561.971545,2563.973822,2.002277000000049,9.794735294003,8.7125,11.7875,1,1,1,1,128,80,80,128.0,80.0,128.0,128,80,19.611773200271273,11667.716304986487
4256,0,1287,0,0,163114,163240,2563.973822,2565.9761,2.002277999999933,9.703087458262923,8.7125,11.7875,1,1,1,1,126,80,80,126.0,80.0,126.0,126,80,19.428278549756214,11434.975562834315
4256,0,1288,0,0,163240,163368,2565.9761,2567.978375,2.0022750000002816,9.771378738303088,8.7125,11.7875,1,1,1,1,128,80,80,128.0,80.0,128.0,128,80,19.564987363239197,11417.013147543063
4256,0,1289,0,0,163368,163508,2567.978375,2569.980653,2.002277999999933,9.757521654441621,8.7125,11.7875,1,1,1,1,140,80,80,140.0,80.0,140.0,140,80,19.537270943212206,11588.800356394455
4256,0,1290,0,0,163508,163641,2569.980653,2571.982929,2.0022759999997106,9.788911566143545,8.7125,11.7875,1,1,1,1,133,80,80,133.0,80.0,133.0,133,80,19.60010269500708,11825.542532599613
4256,0,1291,0,0,163641,163771,2571.982929,2573.985205,2.0022760000001654,9.901735137073102,8.7125,11.7875,1,1,1,1,130,80,80,130.0,80.0,130.0,130,80,19.8260066233197,11701.184052547234
4256,0,1292,0,0,163771,163913,2573.985205,2575.987482,2.002277000000049,10.034068939562186,8.7125,11.7875,1,1,1,1,142,80,80,142.0,80.0,142.0,142,80,20.0909854540987,12004.832498200503
4256,0,1293,0,0,163913,164038,2575.987482,2577.989758,2.0022760000001654,9.98203346269472,8.7125,11.7875,1,1,1,1,125,80,80,125.0,80.0,125.0,125,80,19.986786033550743,11389.039273306036
4256,0,1294,0,0,164038,164165,2577.989758,2579.989731,1.9999729999999545,9.921096232757058,8.7125,11.7875,1,1,1,1,127,80,80,127.0,79.0,127.0,127,79,19.84192459591577,11918.160895172356
4256,0,1295,0,0,164165,164291,2579.989731,2581.994312,2.004580999999689,9.913701152403045,8.7125,11.7875,1,1,1,1,126,80,80,126.0,81.0,126.0,126,81,19.872816969782434,11571.99434695011
4256,0,1296,0,0,164291,164428,2581.994312,2583.996588,2.0022760000001654,9.890858695041398,8.7125,11.7875,1,1,1,1,137,80,80,137.0,80.0,137.0,137,80,19.80422898447432,11775.599367918336
4256,0,1297,0,0,164428,164546,2583.996588,2585.998865,2.002277000000049,9.996808037144188,8.7125,11.7875,1,1,1,1,118,80,80,118.0,80.0,118.0,118,80,20.016378806190914,12101.222757889846
4256,0,1298,0,0,164546,164658,2585.998865,2588.001142,2.002277000000049,6.3800025650060235,8.7125,11.7875,1,0,0,1,112,80,80,112.0,80.0,112.0,112,80,12.774532395851566,7216.783691766746
4256,0,1299,0,0,164658,164738,2588.001142,2590.003418,2.0022759999997106,0.9947617593882253,8.7125,11.7875,1,0,0,0,80,80,80,80.0,80.0,80.0,80,80,1.9917875965402345,415.02769847919075
4256,0,1300,0,0,164738,164818,2590.003418,2592.005694,2.0022760000001654,0.99288830525818,8.7125,11.7875,1,0,0,0,80,80,80,80.0,80.0,80.0,80,80,1.9880364242999349,412.03110859838097
4256,0,1301,0,0,164818,164898,2592.005694,2594.00797,2.0022760000001654,0.9911709723058059,8.7125,11.7875,1,0,0,0,80,80,80,80.0,80.0,80.0,80,80,1.9845978497432952,414.02883518552466
4256,0,1302,0,0,164898,164978,2594.00797,2596.010247,2.002277000000049,0.991847097750755,8.7125,11.7875,1,0,0,0,80,80,80,80.0,80.0,80.0,80,80,1.9859526313448441,427.51327613510966
4256,0,1303,0,0,164978,165058,2596.010247,2598.012523,2.0022759999997106,0.9940331938932785,8.7125,11.7875,1,0,0,0,80,80,80,80.0,80.0,80.0,80,80,1.990328807336482,381.56577814452675
4256,0,1304,0,0,165058,165138,2598.012523,2600.0148,2.002277000000049,0.9949695197410902,8.7125,11.7875,1,0,0,0,80,80,80,80.0,80.0,80.0,80,80,1.9922045850798895,369.57923404203405
4256,0,1305,0,0,165138,165218,2600.0148,2602.017077,2.002277000000049,0.9950736004741015,8.7125,11.7875,1,0,0,0,80,80,80,80.0,80.0,80.0,80,80,1.9924129835380882,396.04909810180135
4256,0,1306,0,0,165218,165298,2602.017077,2604.019352,2.002274999999827,0.9926285033436407,8.7125,11.7875,1,0,0,0,80,80,80,80.0,80.0,80.0,80,80,1.9875152365311806,403.0415402480028
4256,0,1307,0,0,165298,165380,2604.019352,2606.02163,2.0022780000003877,1.7358154060958586,8.7125,11.7875,1,0,0,0,82,80,80,82.0,80.0,82.0,82,80,3.475584999687271,1634.6381471500792
4256,0,1308,0,0,165380,165463,2606.02163,2608.023905,2.002274999999827,2.683421699980706,8.7125,11.7875,1,0,0,1,83,80,80,83.0,80.0,83.0,83,80,5.372948184329289,3225.8306176726765
4256,0,1309,0,0,165463,165548,2608.023905,2610.026182,2.002277000000049,2.7165168841123504,8.7125,11.7875,1,0,0,1,85,80,80,85.0,80.0,85.0,85,80,5.439219277170196,3336.2017343253888
4256,0,1310,0,0,165548,165642,2610.026182,2612.028458,2.0022759999997106,3.8313274331785894,8.7125,11.7875,1,0,0,1,94,80,80,94.0,80.0,94.0,94,80,7.671374967594602,4774.5665432744445
4256,0,1311,0,0,165642,165742,2612.028458,2614.030739,2.002281000000039,5.122020935883183,8.7125,11.7875,1,0,0,1,100,80,80,100.0,80.0,100.0,100,80,10.255725201521273,6241.381704166277
4256,0,1312,0,0,165742,165856,2614.030739,2616.033012,2.0022730000000593,7.011838279670123,8.7125,11.7875,1,0,0,1,114,80,80,114.0,80.0,114.0,114,80,14.039614467750653,8287.081731611777
4256,0,1313,0,0,165856,165981,2616.033012,2618.035288,2.0022760000001654,8.560029737736382,8.7125,11.7875,1,0,0,1,125,80,80,125.0,80.0,125.0,125,80,17.13954210315569,10364.205534101337
4256,0,1314,0,0,165981,166103,2618.035288,2620.037565,2.002277000000049,8.81143256887997,8.7125,11.7875,1,1,0,1,122,80,80,122.0,80.0,122.0,122,80,17.64292876972104,10593.93880067517
4256,0,1315,0,0,166103,166222,2620.037565,2622.039842,2.002277000000049,9.036559194383132,8.7125,11.7875,1,1,1,1,119,80,80,119.0,80.0,119.0,119,80,18.093694634051644,10420.136674395944
4256,0,1316,0,0,166222,166334,2622.039842,2624.042119,2.002277000000049,9.29977936816838,8.7125,11.7875,1,1,1,1,112,80,80,112.0,80.0,112.0,112,80,18.620734333959263,11179.771829771531
4256,0,1317,0,0,166334,166448,2624.042119,2626.044395,2.0022759999997106,9.344122331478527,8.7125,11.7875,1,1,1,1,114,80,80,114.0,80.0,114.0,114,80,18.70951188537947,11279.663742662482
4256,0,1318,0,0,166448,166566,2626.044395,2628.044818,2.000422999999955,9.658099955237818,8.7125,11.7875,1,1,1,1,118,80,80,118.0,79.0,118.0,118,79,19.320285286758008,11352.598925327547
4256,0,1319,0,0,166566,166688,2628.044818,2630.048949,2.004131000000143,9.593844272526674,8.7125,11.7875,1,1,1,1,122,80,80,122.0,81.0,122.0,122,81,19.22732071574501,11670.893768919463
4256,0,1320,0,0,166688,166825,2630.048949,2632.051225,2.0022760000001654,9.848497815549502,8.7125,11.7875,1,1,1,1,137,80,80,137.0,80.0,137.0,137,80,19.719410812129354,11857.506157991225
4256,0,1321,0,0,166825,166950,2632.051225,2634.0535,2.002274999999827,10.014199330964807,8.7125,11.7875,1,1,1,1,125,80,80,125.0,80.0,125.0,125,80,20.051180965405365,11819.55525589744
4256,0,1322,0,0,166950,167074,2634.0535,2636.055776,2.0022760000001654,9.907511620640179,8.7125,11.7875,1,1,1,1,124,80,80,124.0,80.0,124.0,124,80,19.837572737731534,11859.004452931584
4256,0,1323,0,0,167074,167204,2636.055776,2638.058054,2.002277999999933,10.034272185300436,8.7125,11.7875,1,1,1,1,130,80,80,130.0,80.0,130.0,130,80,20.091402442638355,11891.45563203551
4256,0,1324,0,0,167204,167337,2638.058054,2640.060329,2.002274999999827,10.105998629175572,8.7125,11.7875,1,1,1,1,133,80,80,133.0,80.0,133.0,133,80,20.23498840523098,12084.753592789248
4256,0,1325,0,0,167337,167469,2640.060329,2642.062608,2.0022790000002715,10.0422814780121,8.7125,11.7875,1,1,1,1,132,80,80,132.0,80.0,132.0,132,80,20.107449315513804,11742.61928532278
4256,0,1326,0,0,167469,167601,2642.062608,2644.064884,2.0022759999997106,10.058688960843845,8.7125,11.7875,1,1,1,1,132,80,80,132.0,80.0,132.0,132,80,20.140271497759386,12046.790752125824
4256,0,1327,0,0,167601,167730,2644.064884,2646.06716,2.0022760000001654,10.034334057153389,8.7125,11.7875,1,1,1,1,129,80,80,129.0,80.0,129.0,129,80,20.09150625862094,11957.891918995194
4256,0,1328,0,0,167730,167868,2646.06716,2648.069438,2.002277999999933,10.081993177552699,8.7125,11.7875,1,1,1,1,138,80,80,138.0,80.0,138.0,138,80,20.186953135562362,12114.20192400896
4256,0,1329,0,0,167868,167988,2648.069438,2650.071714,2.0022760000001654,9.939412381240341,8.7125,11.7875,1,1,1,1,120,80,80,120.0,80.0,120.0,120,80,19.90144686506028,12235.076482961378
4256,0,1330,0,0,167988,168119,2650.071714,2652.073991,2.002277000000049,10.09802654999755,8.7125,11.7875,1,1,1,1,131,80,80,131.0,80.0,131.0,131,80,20.219046306450764,11887.46611982229
4256,0,1331,0,0,168119,168238,2652.073991,2654.076267,2.0022759999997106,10.047864559204637,8.7125,11.7875,1,1,1,1,119,80,80,119.0,80.0,119.0,119,80,20.118598058143107,12119.208340909798
4256,0,1332,0,0,168238,168339,2654.076267,2656.078542,2.0022750000002816,9.883525840142177,8.7125,11.7875,1,1,1,1,101,80,80,101.0,80.0,101.0,101,80,19.789536701573525,11773.607521442702
4256,0,1333,0,0,168339,168464,2656.078542,2658.07914,2.000597999999627,10.072850451852407,8.7125,11.7875,1,1,1,1,125,80,80,125.0,79.0,125.0,125,79,20.151724468272732,11793.473751350546
4256,0,1334,0,0,168464,168599,2658.07914,2660.081046,2.0019059999999627,10.049478027912649,8.7125,11.7875,1,1,1,1,135,80,80,135.0,80.0,135.0,135,80,20.11811036094514,12150.420649121614
4256,0,1335,0,0,168599,168725,2660.081046,2662.085371,2.0043250000003354,9.844864158186594,8.7125,11.7875,1,1,1,1,126,80,80,126.0,81.0,126.0,126,81,19.73230735386096,11839.397303329564
4256,0,1336,0,0,168725,168857,2662.085371,2664.087648,2.002277000000049,9.953458411845036,8.7125,11.7875,1,1,1,1,132,80,80,132.0,80.0,132.0,132,80,19.92958084849306,11697.182757430379
4256,0,1337,0,0,168857,168985,2664.087648,2666.089925,2.002277000000049,9.910473069111422,8.7125,11.7875,1,1,1,1,128,80,80,128.0,80.0,128.0,128,80,19.84351228540254,11829.532077729215
4256,0,1338,0,0,168985,169000,2666.089925,2666.310556,0.22063099999968472,9.996591727778387,8.7125,11.7875,1,1,1,1,15,9,9,15.0,8.0,15.0,15,8,2.2055580294872925,12078.991619508628
4256,0,1339,0,0,169000,169151,2666.310556,2668.317458,2.006902000000082,9.948978193478041,8.7125,11.7875,1,1,1,1,151,80,80,151.0,81.0,151.0,151,81,19.9666242344465,12025.998279935451
4256,0,1340,0,0,169151,169283,2668.317458,2670.319735,2.002277000000049,8.779167541646508,8.7125,11.7875,1,1,1,1,132,80,80,132.0,80.0,132.0,132,80,17.57832524778496,10247.333410911426
4256,0,1341,0,0,169283,169363,2670.319735,2672.322011,2.0022760000001654,0.9925760629032029,8.7125,11.7875,1,0,0,0,80,80,80,80.0,80.0,80.0,80,80,1.987411228925339,393.05270602051615
4256,0,1342,0,0,169363,169443,2672.322011,2674.324288,2.0022769999995944,0.992731783981532,8.7125,11.7875,1,0,0,0,80,80,80,80.0,80.0,80.0,80,80,1.9877240182358946,401.0434120754334
4256,0,1343,0,0,169443,169523,2674.324288,2676.326564,2.0022760000001654,0.9923679013332182,8.7125,11.7875,1,0,0,0,80,80,80,80.0,80.0,80.0,80,80,1.9869944320089417,417.02542506624013
4256,0,1344,0,0,169523,169603,2676.326564,2678.32884,2.0022760000001654,0.992315860940722,8.7125,11.7875,1,0,0,0,80,80,80,80.0,80.0,80.0,80,80,1.9868902327798423,382.5646414380119
4256,0,1345,0,0,169603,169683,2678.32884,2680.331118,2.002277999999933,0.9925752628608633,8.7125,11.7875,1,0,0,0,80,80,80,80.0,80.0,80.0,80,80,1.9874116121718544,403.54036752140667
4256,0,1346,0,0,169683,169763,2680.331118,2682.333394,2.0022760000001654,0.9934607495756382,8.7125,11.7875,1,0,0,0,80,80,80,80.0,80.0,80.0,80,80,1.9891826158163894,391.05497943337247
4256,0,1347,0,0,169763,169843,2682.333394,2684.335669,2.002274999999827,0.9932529883654827,8.7125,11.7875,1,0,0,0,80,80,80,80.0,80.0,80.0,80,80,1.9887656272803724,387.05971956902374
4256,0,1348,0,0,169843,169923,2684.335669,2686.337947,2.002277999999933,0.9936160696711633,8.7125,11.7875,1,0,0,0,80,80,80,80.0,80.0,80.0,80,80,1.9894955967502028,410.5324035923221
4256,0,1349,0,0,169923,170003,2686.337947,2688.340223,2.0022760000001654,0.9945015574255619,8.7125,11.7875,1,0,0,0,80,80,80,80.0,80.0,80.0,80,80,1.991266600394738,359.59078568585977
4256,0,1350,0,0,170003,170086,2688.340223,2690.3425,2.002277000000049,1.5439953863750129,8.7125,11.7875,1,0,0,0,83,80,80,83.0,80.0,83.0,83,80,3.0915064502441965,1297.023338928598
4256,0,1351,0,0,170086,170169,2690.3425,2692.344776,2.0022759999997106,2.71209471176282,8.7125,11.7875,1,0,0,1,83,80,80,83.0,80.0,83.0,83,80,5.4303621510880475,3270.278423154923
4256,0,1352,0,0,170169,170258,2692.344776,2694.347052,2.0022760000001654,2.68966530259639,8.7125,11.7875,1,0,0,1,89,80,80,89.0,80.0,89.0,89,80,5.385452283422637,3328.7119258281323
4256,0,1353,0,0,170258,170354,2694.347052,2696.349329,2.002277000000049,3.6889431726357134,8.7125,11.7875,1,0,0,1,96,80,80,96.0,80.0,96.0,96,80,7.386286068875052,4452.930338809157
4256,0,1354,0,0,170354,170455,2696.349329,2698.351605,2.0022759999997106,4.6295750136777984,8.7125,11.7875,1,0,0,1,101,80,80,101.0,80.0,101.0,101,80,9.269686940086103,5642.578745388564
4256,0,1355,0,0,170455,170566,2698.351605,2700.353883,2.0022780000003877,7.028890480216648,8.7125,11.7875,1,0,0,1,111,80,80,111.0,80.0,111.0,111,80,14.073792772949673,8541.770922917141
4256,0,1356,0,0,170566,170680,2700.353883,2702.356159,2.0022759999997106,8.359778307412906,8.7125,11.7875,1,0,0,1,114,79,79,115.0,80.0,114.0,114,79,16.738583470250887,9915.21648364305
4256,0,1357,0,0,170680,170810,2702.356159,2704.358435,2.0022760000001654,9.121233330415274,8.7125,11.7875,1,1,0,1,130,80,80,130.0,80.0,130.0,130,80,18.26322658789286,10903.591712630125
4256,0,1358,0,0,170810,170946,2704.358435,2706.360713,2.002277999999933,9.077770726634585,8.7125,11.7875,1,1,1,1,136,80,80,136.0,80.0,136.0,136,80,18.176220614983322,11093.364657655302
4256,0,1359,0,0,170946,171070,2706.360713,2708.362988,2.002274999999827,9.635605286473128,8.7125,11.7875,1,1,1,1,124,80,80,124.0,80.0,124.0,124,80,19.293131574970175,11530.883619883381
4256,0,1360,0,0,171070,171195,2708.362988,2710.365265,2.002277000000049,9.639082557784796,8.7125,11.7875,1,1,1,1,125,80,80,125.0,80.0,125.0,125,80,19.30011330655543,11372.552349150214
4256,0,1361,0,0,171195,171330,2710.365265,2712.367543,2.002277999999933,9.822884322128472,8.7125,11.7875,1,1,1,1,135,80,80,135.0,80.0,135.0,135,80,19.668145174742676,11619.765087565653
4256,0,1362,0,0,171330,171475,2712.367543,2714.369824,2.002281000000039,10.13906652690679,8.7125,11.7875,1,1,1,1,145,80,80,145.0,80.0,145.0,145,80,20.30126026456128,12031.278327067745
4256,0,1363,0,0,171475,171612,2714.369824,2716.372099,2.0022750000002816,9.979020008065488,8.7125,11.7875,1,1,1,1,137,80,80,137.0,80.0,137.0,137,80,19.98074228665064,11807.069458489306
4256,0,1364,0,0,171612,171742,2716.372099,2718.374377,2.002277999999933,10.09354613314703,8.7125,11.7875,1,1,1,1,130,80,80,130.0,80.0,130.0,130,80,20.210085364386032,11950.388507490368
4256,0,1365,0,0,171742,171871,2718.374377,2720.376653,2.0022759999997106,10.038601369340313,8.7125,11.7875,1,1,1,1,129,80,80,129.0,80.0,129.0,129,80,20.10005059539253,11949.401581002548
4256,0,1366,0,0,171871,172011,2720.376653,2722.378929,2.0022760000001654,10.010499557390133,8.7125,11.7875,1,1,1,1,140,80,80,140.0,80.0,140.0,140,80,20.043783011773485,12117.210614319902
4256,0,1367,0,0,172011,172137,2722.378929,2724.381206,2.002277000000049,10.014137479190548,8.7125,11.7875,1,1,1,1,126,80,80,126.0,80.0,126.0,126,80,20.05107714942278,11700.678777211857
4256,0,1368,0,0,172137,172269,2724.381206,2726.383482,2.0022760000001654,9.913860548524713,8.7125,11.7875,1,1,1,1,132,80,80,132.0,80.0,132.0,132,80,19.850285043659824,11925.928293600897
4256,0,1369,0,0,172269,172393,2726.383482,2728.38576,2.002277999999933,10.223803105456094,8.7125,11.7875,1,1,1,1,124,80,80,124.0,80.0,124.0,124,80,20.470896034385078,12152.658122398994
4256,0,1370,0,0,172393,172530,2728.38576,2730.388036,2.0022759999997106,10.311605268375377,8.7125,11.7875,1,1,1,1,137,80,80,137.0,80.0,137.0,137,80,20.64667975033808,12249.560000720952
4256,0,1371,0,0,172530,172670,2730.388036,2732.390312,2.0022760000001654,10.362760974196831,8.7125,11.7875,1,1,1,1,140,80,80,140.0,80.0,140.0,140,80,20.74910759237173,12437.346299909674
4256,0,1372,0,0,172670,172792,2732.390312,2734.392589,2.002277000000049,10.366450760433358,8.7125,11.7875,1,1,1,1,122,80,80,122.0,80.0,122.0,122,80,20.756505929250125,12323.46972971242
4256,0,1373,0,0,172792,172915,2734.392589,2736.394866,2.002277000000049,10.33460205613194,8.7125,11.7875,1,1,1,1,123,80,80,123.0,80.0,123.0,123,80,20.69273600114684,12166.148839545878
4256,0,1374,0,0,172915,173052,2736.394866,2738.397143,2.002277000000049,10.413963615052957,8.7125,11.7875,1,1,1,1,137,80,80,137.0,80.0,137.0,137,80,20.851639825257735,12613.139940177798
4256,0,1375,0,0,173052,173188,2738.397143,2740.399419,2.0022759999997106,10.29526458513157,8.7125,11.7875,1,1,1,1,136,80,80,136.0,80.0,136.0,136,80,20.613961192455463,12249.060569074167
4256,0,1376,0,0,173188,173326,2740.399419,2742.401695,2.0022760000001654,10.355423278854868,8.7125,11.7875,1,1,1,1,138,80,80,138.0,80.0,138.0,138,80,20.73441550109419,12198.617972746006
4256,0,1377,0,0,173326,173469,2742.401695,2744.403972,2.002277000000049,10.229012152492109,8.7125,11.7875,1,1,1,1,143,80,80,143.0,80.0,143.0,143,80,20.4813157656572,12142.176132472881
4256,0,1378,0,0,173469,173592,2744.403972,2746.406248,2.0022759999997106,10.122074158904216,8.7125,11.7875,1,1,1,1,123,80,80,123.0,80.0,123.0,123,80,20.267186158591358,11955.894192410766
4256,0,1379,0,0,173592,173716,2746.406248,2748.408524,2.0022760000001654,10.084240793557234,8.7125,11.7875,1,1,1,1,124,80,80,124.0,80.0,124.0,124,80,20.19143331916348,11595.803975075405
4256,0,1380,0,0,173716,173858,2748.408524,2750.4108,2.0022760000001654,10.077371461747736,8.7125,11.7875,1,1,1,1,142,80,80,142.0,80.0,142.0,142,80,20.177679020944197,12038.300414127727
4256,0,1381,0,0,173858,173985,2750.4108,2752.413078,2.002277999999933,10.297179985582256,8.7125,11.7875,1,1,1,1,127,80,80,127.0,80.0,127.0,127,80,20.617816947171377,12299.490879888219
4256,0,1382,0,0,173985,174119,2752.413078,2754.415355,2.002277000000049,9.845526691712452,8.7125,11.7875,1,1,1,1,134,80,80,134.0,80.0,134.0,134,80,19.713471647701226,11678.204364330923
4256,0,1383,0,0,174119,174253,2754.415355,2756.417631,2.0022759999997106,9.854742662651239,8.7125,11.7875,1,1,1,1,134,80,80,134.0,80.0,134.0,134,80,19.731914719599445,11665.224973981298
4256,0,1384,0,0,174253,174365,2756.417631,2758.419907,2.0022760000001654,9.775381064092356,8.7125,11.7875,1,1,1,1,112,80,80,112.0,80.0,112.0,112,80,19.57301089548855,11427.994941755338
4256,0,1385,0,0,174365,174505,2758.419907,2760.422183,2.0022760000001654,9.818262347509217,8.7125,11.7875,1,1,1,1,140,80,80,140.0,80.0,140.0,140,80,19.65887106012451,11716.167001950811
4256,0,1386,0,0,174505,174642,2760.422183,2762.42446,2.002277000000049,9.848701154069293,8.7125,11.7875,1,1,1,1,137,80,80,137.0,80.0,137.0,137,80,19.71982780066537,11812.05197882182
4256,0,1387,0,0,174642,174777,2762.42446,2764.426738,2.002277999999933,9.90193359937077,8.7125,11.7875,1,1,1,1,135,80,80,135.0,80.0,135.0,135,80,19.826423803478974,11672.205358097519
4256,0,1388,0,0,174777,174914,2764.426738,2766.429013,2.002274999999827,9.826489541482815,8.7125,11.7875,1,1,1,1,137,80,80,137.0,80.0,137.0,137,80,19.675334346669842,11369.567117404937
4256,0,1389,0,0,174914,175038,2766.429013,2768.431291,2.002277999999933,9.724892360938712,8.7125,11.7875,1,1,1,1,124,80,80,124.0,80.0,124.0,124,80,19.47193802667607,11602.784428536286
4256,0,1390,0,0,175038,175163,2768.431291,2770.433565,2.002273999999943,9.829929022780147,8.7125,11.7875,1,1,1,1,125,80,80,125.0,80.0,125.0,125,80,19.682211304156226,11987.370359901133
4256,0,1391,0,0,175163,175293,2770.433565,2772.435842,2.002277000000049,9.943310540376446,8.7125,11.7875,1,1,1,1,130,80,80,130.0,80.0,130.0,130,80,19.909261998855072,11789.577565940886
4256,0,1392,0,0,175293,175414,2772.435842,2774.436897,2.0010550000001786,9.790862211138274,8.7125,11.7875,1,1,1,1,121,80,80,121.0,79.0,121.0,121,79,19.59205378191109,11418.476753511502
4256,0,1393,0,0,175414,175539,2774.436897,2776.440397,2.0034999999998035,9.734784305646736,8.7125,11.7875,1,1,1,1,125,80,80,125.0,81.0,125.0,125,81,19.503640356360847,11446.468679811454
4256,0,1394,0,0,175539,175655,2776.440397,2778.442672,2.0022750000002816,9.704350679292068,8.7125,11.7875,1,1,1,1,116,80,80,116.0,80.0,116.0,116,80,19.430778756381187,11403.029054448958
4256,0,1395,0,0,175655,175786,2778.442672,2780.444949,2.002277000000049,9.766997778655524,8.7125,11.7875,1,1,1,1,131,80,80,131.0,80.0,131.0,131,80,19.556235011252284,11766.603721662597
4256,0,1396,0,0,175786,175906,2780.444949,2782.447224,2.002274999999827,9.87644834323017,8.7125,11.7875,1,1,1,1,120,80,80,120.0,80.0,120.0,120,80,19.775365606437845,11782.097863681083
4256,0,1397,0,0,175906,176039,2782.447224,2784.449503,2.0022789999998167,9.846453774458805,8.7125,11.7875,1,1,1,1,133,80,80,133.0,80.0,133.0,133,80,19.71534761706789,11676.694406724608
4256,0,1398,0,0,176039,176182,2784.449503,2786.451778,2.0022750000002816,9.806349899526229,8.7125,11.7875,1,1,1,1,143,80,80,143.0,80.0,143.0,143,80,19.635009245077526,11623.27852068109
4256,0,1399,0,0,176182,176307,2786.451778,2788.454055,2.002277000000049,9.815655521338245,8.7125,11.7875,1,1,1,1,125,80,80,125.0,80.0,125.0,125,80,19.65366129030008,11885.967825630229
4256,0,1400,0,0,176307,176430,2788.454055,2790.456331,2.0022759999997106,9.800568614062694,8.7125,11.7875,1,1,1,1,123,80,80,123.0,80.0,123.0,123,80,19.62344332228895,11686.700534793097
4256,0,1401,0,0,176430,176563,2790.456331,2792.458607,2.0022760000001654,9.785372819451625,8.7125,11.7875,1,1,1,1,133,80,80,133.0,80.0,133.0,133,80,19.59301714744288,11794.5777704962
4256,0,1402,0,0,176563,176689,2792.458607,2794.460885,2.002277999999933,9.796551909827878,8.7125,11.7875,1,1,1,1,126,80,80,126.0,80.0,126.0,126,80,19.61542036490573,11494.407869437096
4256,0,1403,0,0,176689,176832,2794.460885,2796.463161,2.0022760000001654,9.793178878326055,8.7125,11.7875,1,1,1,1,143,80,80,143.0,80.0,143.0,143,80,19.60864703178231,11760.616418514757
4256,0,1404,0,0,176832,176965,2796.463161,2798.465437,2.0022759999997106,9.871499669035016,8.7125,11.7875,1,1,1,1,133,80,80,133.0,80.0,133.0,133,80,19.765466871314857,11561.343191449803
4256,0,1405,0,0,176965,177087,2798.465437,2800.467714,2.002277000000049,9.729164432205964,8.7125,11.7875,1,1,1,1,122,80,80,122.0,80.0,122.0,122,80,19.480482171824406,11522.381768356443
4256,0,1406,0,0,177087,177211,2800.467714,2802.469991,2.002277000000049,9.686491331671384,8.7125,11.7875,1,1,1,1,124,80,80,124.0,80.0,124.0,124,80,19.395038804104843,11533.369259098234
4256,0,1407,0,0,177211,177350,2802.469991,2804.472268,2.002277000000049,9.922234191941683,8.7125,11.7875,1,1,1,1,139,80,80,139.0,80.0,139.0,139,80,19.86706131113897,11932.914376981513
4256,0,1408,0,0,177350,177476,2804.472268,2806.474544,2.0022760000001654,9.901787177465597,8.7125,11.7875,1,1,1,1,126,80,80,126.0,80.0,126.0,126,80,19.8261108225488,11962.386803816267
4256,0,1409,0,0,177476,177615,2806.474544,2808.47682,2.0022759999997106,9.901526975505321,8.7125,11.7875,1,1,1,1,139,80,80,139.0,80.0,139.0,139,80,19.825589826403302,11881.978308686434
4256,0,1410,0,0,177615,177744,2808.47682,2810.479097,2.002277000000049,9.946641123832803,8.7125,11.7875,1,1,1,1,129,80,80,129.0,80.0,129.0,129,80,19.915930749506515,12059.769951909455
4256,0,1411,0,0,177744,177881,2810.479097,2812.481372,2.0022750000002816,9.962054831638785,8.7125,11.7875,1,1,1,1,137,80,80,137.0,80.0,137.0,137,80,19.946773338022467,11806.570026593088
4256,0,1412,0,0,177881,178009,2812.481372,2814.483651,2.0022789999998167,9.797952201322012,8.7125,11.7875,1,1,1,1,128,80,80,128.0,80.0,128.0,128,80,19.618233935707394,11532.858307959137
4256,0,1413,0,0,178009,178129,2814.483651,2816.485926,2.002274999999827,9.880247293779709,8.7125,11.7875,1,1,1,1,120,80,80,120.0,80.0,120.0,120,80,19.78297215015118,11766.116043002105
4256,0,1414,0,0,178129,178243,2816.485926,2818.488204,2.0022780000003877,9.875653227408492,8.7125,11.7875,1,1,1,1,114,80,80,114.0,80.0,114.0,114,80,19.773803192871128,11578.312302285452
4256,0,1415,0,0,178243,178374,2818.488204,2820.490479,2.002274999999827,9.93306831854384,8.7125,11.7875,1,1,1,1,131,80,80,131.0,80.0,131.0,131,80,19.88873436751237,11864.00469466085
4256,0,1416,0,0,178374,178493,2820.490479,2822.492755,2.0022760000001654,9.888568917771567,8.7125,11.7875,1,1,1,1,119,80,80,119.0,80.0,119.0,119,80,19.799644218401227,11869.492517514087
4256,0,1417,0,0,178493,178616,2822.492755,2824.493962,2.001206999999795,9.837983776739629,8.7125,11.7875,1,1,1,1,123,80,80,123.0,79.0,123.0,123,79,19.6878419998975,11680.95054634648
4256,0,1418,0,0,178616,178741,2824.493962,2826.497308,2.003345999999965,9.84479636891869,8.7125,11.7875,1,1,1,1,125,80,80,125.0,81.0,125.0,125,81,19.722533426487644,11708.910991910738
4256,0,1419,0,0,178741,178865,2826.497308,2828.499586,2.002277999999933,9.838704585645035,8.7125,11.7875,1,1,1,1,124,80,80,124.0,80.0,124.0,124,80,19.6998217403343,11506.89364813516
4256,0,1420,0,0,178865,179004,2828.499586,2830.501862,2.0022760000001654,9.854482460686562,8.7125,11.7875,1,1,1,1,139,80,80,139.0,80.0,139.0,139,80,19.731393723453948,11924.429998660538
4256,0,1421,0,0,179004,179125,2830.501862,2832.50414,2.002277999999933,9.850882025325546,8.7125,11.7875,1,1,1,1,121,80,80,121.0,80.0,121.0,121,80,19.724204359903524,11665.213322026602
4256,0,1422,0,0,179125,179253,2832.50414,2834.504581,2.000441000000137,9.899651606292897,8.7125,11.7875,1,1,1,1,128,80,80,128.0,79.0,128.0,128,79,19.80366895894622,11654.930087914816
4256,0,1423,0,0,179253,179378,2834.504581,2836.508692,2.004110999999739,9.990798712091962,8.7125,11.7875,1,1,1,1,125,80,80,125.0,81.0,125.0,125,81,20.022669597685308,12077.175366036689
4256,0,1424,0,0,179378,179504,2836.508692,2838.510968,2.0022760000001654,10.050206376864725,8.7125,11.7875,1,1,1,1,126,80,80,126.0,80.0,126.0,126,80,20.1232870234453,11828.539122477643
4256,0,1425,0,0,179504,179635,2838.510968,2840.513245,2.002277000000049,9.955331865039236,8.7125,11.7875,1,1,1,1,131,80,80,131.0,80.0,131.0,131,80,19.933332020736998,12070.25801125389
4256,0,1426,0,0,179635,179764,2840.513245,2842.51552,2.002274999999827,9.989428091765076,8.7125,11.7875,1,1,1,1,129,80,80,129.0,80.0,129.0,129,80,20.00158213243776,12160.16780911818
4256,0,1427,0,0,179764,179903,2842.51552,2844.517798,2.002277999999933,10.208243043642106,8.7125,11.7875,1,1,1,1,139,80,80,139.0,80.0,139.0,139,80,20.439740464935312,12048.776443631108
4256,0,1428,0,0,179903,180017,2844.517798,2846.520075,2.002277000000049,9.981664290491063,8.7125,11.7875,1,1,1,1,114,80,80,114.0,80.0,114.0,114,80,19.986056830570305,11821.541175371549
4256,0,1429,0,0,180017,180159,2846.520075,2848.520927,2.0008520000001226,10.0644093849837,8.7125,11.7875,1,1,1,1,142,80,80,142.0,79.0,142.0,142,79,20.137393646764394,11841.955327029958
4256,0,1430,0,0,180159,180290,2848.520927,2850.524627,2.0036999999997533,9.977571725714906,8.7125,11.7875,1,1,1,1,131,80,80,131.0,81.0,131.0,131,81,19.99206046681138,11837.101362480871
4256,0,1431,0,0,180290,180421,2850.524627,2852.526904,2.002277000000049,9.976460253840504,8.7125,11.7875,1,1,1,1,131,80,80,131.0,80.0,131.0,131,80,19.975636907678563,11636.751558350532
4256,0,1432,0,0,180421,180560,2852.526904,2854.529182,2.0022780000003877,9.883407238145226,8.7125,11.7875,1,1,1,1,139,80,80,139.0,80.0,139.0,139,80,19.78932887798146,11900.944823843336
4256,0,1433,0,0,180560,180682,2854.529182,2856.530997,2.001814999999624,10.016716737190231,8.7125,11.7875,1,1,1,1,122,80,80,122.0,79.0,122.0,122,79,20.051613815256133,11988.120780394047
4256,0,1434,0,0,180682,180808,2856.530997,2858.533734,2.002737000000252,10.053660204281575,8.7125,11.7875,1,1,1,1,126,80,80,126.0,81.0,126.0,126,81,20.134837276546023,12128.402281476272
4256,0,1435,0,0,180808,180944,2858.533734,2860.53601,2.0022759999997106,10.137738317045573,8.7125,11.7875,1,1,1,1,136,80,80,136.0,80.0,136.0,136,80,20.298550126499322,12110.718002914437
4256,0,1436,0,0,180944,181067,2860.53601,2862.538287,2.002277000000049,10.013825236991515,8.7125,11.7875,1,1,1,1,123,80,80,123.0,80.0,123.0,123,80,20.050451954048185,12039.79269601529
4256,0,1437,0,0,181067,181202,2862.538287,2864.540562,2.0022750000002816,9.942435593869254,8.7125,11.7875,1,1,1,1,135,80,80,135.0,80.0,135.0,135,80,19.907490228717506,11976.87630320342
4256,0,1438,0,0,181202,181333,2864.540562,2866.54284,2.002277999999933,10.101664426267371,8.7125,11.7875,1,1,1,1,131,80,80,131.0,80.0,131.0,131,80,20.226340444096422,12134.678601073783
4256,0,1439,0,0,181333,181469,2866.54284,2868.545116,2.0022759999997106,10.03396977440815,8.7125,11.7875,1,1,1,1,136,80,80,136.0,80.0,136.0,136,80,20.09077686402088,12192.125361340559
4256,0,1440,0,0,181469,181608,2868.545116,2870.547392,2.0022760000001654,10.232347750601384,8.7125,11.7875,1,1,1,1,139,80,80,139.0,80.0,139.0,139,80,20.487984324685385,12359.434963011072
4256,0,1441,0,0,181608,181730,2870.547392,2872.549669,2.002277000000049,10.116188637908,8.7125,11.7875,1,1,1,1,122,80,80,122.0,80.0,122.0,122,80,20.25541183734458,12178.135193082377
4256,0,1442,0,0,181730,181873,2872.549669,2874.551945,2.0022760000001654,10.19336949662174,8.7125,11.7875,1,1,1,1,143,80,80,143.0,80.0,143.0,143,80,20.40993910222096,12341.954855373564
4256,0,1443,0,0,181873,182000,2874.551945,2876.346193,1.7942479999996976,10.091329645026747,8.7125,11.7875,1,1,1,1,127,72,72,127.0,71.0,127.0,127,71,18.10634803292851,12036.797588741154
4256,0,1444,0,0,182000,182137,2876.346193,2878.356271,2.0100780000002487,10.09597090827085,8.7125,11.7875,1,1,1,1,137,80,80,137.0,81.0,137.0,137,81,20.293689011356037,12094.05804152724
4256,0,1445,0,0,182137,182269,2878.356271,2880.358547,2.0022759999997106,10.15584837363425,8.7125,11.7875,1,1,1,1,132,80,80,132.0,80.0,132.0,132,80,20.33481145816404,11862.001042814993
4256,0,1446,0,0,182269,182406,2880.358547,2882.360823,2.0022760000001654,10.20429797904594,8.7125,11.7875,1,1,1,1,137,80,80,137.0,80.0,137.0,137,80,20.431820940295438,12541.72751408793
4256,0,1447,0,0,182406,182528,2882.360823,2884.3631,2.002277000000049,10.064772755800481,8.7125,11.7875,1,1,1,1,122,80,80,122.0,80.0,122.0,122,80,20.152462999165436,11676.206638741505
4256,0,1448,0,0,182528,182657,2884.3631,2886.365376,2.0022760000001654,9.993170106688904,8.7125,11.7875,1,1,1,1,129,80,80,129.0,80.0,129.0,129,80,20.009084668541618,11903.45386949553
4256,0,1449,0,0,182657,182792,2886.365376,2888.367654,2.002277999999933,10.008304055383446,8.7125,11.7875,1,1,1,1,135,80,80,135.0,80.0,135.0,135,80,20.039407027405105,11774.089312273714
4256,0,1450,0,0,182792,182925,2888.367654,2890.369929,2.002274999999827,10.032829800783091,8.7125,11.7875,1,1,1,1,133,80,80,133.0,80.0,133.0,133,80,20.088484289361077,12069.271204006487
4256,0,1451,0,0,182925,183062,2890.369929,2892.372205,2.0022760000001654,10.269348469666173,8.7125,11.7875,1,1,1,1,137,80,80,137.0,80.0,137.0,137,80,20.562069976451312,12242.567957663166
4256,0,1452,0,0,183062,183200,2892.372205,2894.374483,2.002277999999933,10.141111004377747,8.7125,11.7875,1,1,1,1,138,80,80,138.0,80.0,138.0,138,80,20.30532345962274,12161.148451913677
4256,0,1453,0,0,183200,183321,2894.374483,2896.376759,2.0022760000001654,10.004931235393043,8.7125,11.7875,1,1,1,1,121,80,80,121.0,80.0,121.0,121,80,20.032633694278047,12102.72709656311
4256,0,1454,0,0,183321,183450,2896.376759,2898.379036,2.0022769999995944,10.210017418719845,8.7125,11.7875,1,1,1,1,129,80,80,129.0,80.0,129.0,129,80,20.443283047097793,12432.345774338437
4256,0,1455,0,0,183450,183591,2898.379036,2900.381314,2.0022780000003877,10.033699741552535,8.7125,11.7875,1,1,1,1,141,80,80,141.0,80.0,141.0,141,80,20.0902562511219,12067.754827249424
4256,0,1456,0,0,183591,183712,2900.381314,2902.383589,2.002274999999827,10.051148028090454,8.7125,11.7875,1,1,1,1,121,80,80,121.0,80.0,121.0,121,80,20.125162417942192,12277.534304729434
4256,0,1457,0,0,183712,183842,2902.383589,2904.384736,2.0011469999999463,10.081751164212331,8.7125,11.7875,1,1,1,1,130,80,80,130.0,79.0,130.0,130,79,20.17506609701013,12045.591853072587
4256,0,1458,0,0,183842,183971,2904.384736,2906.388141,2.0034049999999297,10.26366926214168,8.7125,11.7875,1,1,1,1,129,80,80,129.0,81.0,129.0,129,81,20.56228631811973,12441.817805187105
4256,0,1459,0,0,183971,184094,2906.388141,2908.390419,2.002277999999933,10.16473731897156,8.7125,11.7875,1,1,1,1,123,80,80,123.0,80.0,123.0,123,80,20.352629909553798,12025.303179678749
4256,0,1460,0,0,184094,184218,2908.390419,2910.392694,2.0022750000002816,10.126658675312587,8.7125,11.7875,1,1,1,1,124,80,80,124.0,80.0,124.0,124,80,20.27635549911429,11781.098999885971
4256,0,1461,0,0,184218,184363,2910.392694,2912.394971,2.002277000000049,10.14918223027254,8.7125,11.7875,1,1,1,1,145,80,80,145.0,80.0,145.0,145,80,20.321474148484413,12048.782461167664
4256,0,1462,0,0,184363,184506,2912.394971,2914.397247,2.0022759999997106,10.02356169590891,8.7125,11.7875,1,1,1,1,143,80,80,144.0,80.0,143.0,143,80,20.06993701823376,11827.540259186757
4256,0,1463,0,0,184506,184631,2914.397247,2916.399525,2.002277999999933,10.09500326268145,8.7125,11.7875,1,1,1,1,125,80,80,125.0,80.0,125.0,125,80,20.213002942793537,11930.411261573468
4256,0,1464,0,0,184631,184763,2916.399525,2918.401801,2.0022760000001654,10.174999238070585,8.7125,11.7875,1,1,1,1,132,80,80,132.0,80.0,132.0,132,80,20.373156774407107,12106.722549737398
4256,0,1465,0,0,184763,184886,2918.401801,2920.404078,2.002277000000049,10.224016277307571,8.7125,11.7875,1,1,1,1,123,80,80,123.0,80.0,123.0,123,80,20.471312639678217,11842.51729406042
4256,0,1466,0,0,184886,185027,2920.404078,2922.406353,2.002274999999827,10.07305704427341,8.7125,11.7875,1,1,1,1,141,80,80,141.0,80.0,141.0,141,80,20.169030293320247,11815.060368831477
4256,0,1467,0,0,185027,185157,2922.406353,2924.408631,2.002277999999933,10.060864799303605,8.7125,11.7875,1,1,1,1,130,80,80,130.0,80.0,130.0,130,80,20.144648248620797,11873.476110710299
4256,0,1468,0,0,185157,185278,2924.408631,2926.410908,2.002277000000049,9.946953366031837,8.7125,11.7875,1,1,1,1,121,80,80,121.0,80.0,121.0,121,80,19.916555944877473,11607.784537303995
4256,0,1469,0,0,185278,185308,2926.410908,2926.867777,0.456869000000097,10.168423325208103,8.7125,11.7875,1,1,1,1,30,18,18,30.0,18.0,30.0,30,18,4.645637396166421,11694.81842716154
