Setting,Runs,Beam_E_GeV,HMS_Angle_deg,HMS_P0_GeV
1,1249,10.54386781,12.395,6.117
2,1250,10.5436485,19.26,6.117
3,1251,10.54330237,19.26,6.117
4,1252,10.54346881,20.7,6.117
5,1253,10.54353183,22.12,6.117
6,1534,10.54371873,19.145,6.667
7,1535,10.54366713,17.995,6.667
8,1536,10.54363166,16.85,6.667
9,1714,10.54402191,22.83,5.878
10,"1715, 1716",10.544,21.68,5.878
11,6828–6840,6.3972,24.86,4.042
