run,component,index,segment_start,segment_end,ev_start,ev_end,t_start,t_end,dt,current,low,high,covered,nominal,stable,beam2,N,E_raw,E_tight,S,D,A,N_alt,E_alt,charge_uC,s1x_rate
4403,0,0,0,0,1,579,0.001062,2.001867,2.0008049999999997,9.834818207303321,8.7125,11.7875,1,1,1,1,578,80,80,578.0,79.0,578.0,578,79,19.67755344326352,12075.139756248112
4403,0,1,0,0,579,1140,2.001867,4.002871,2.001004,9.727160643381405,8.7125,11.7875,1,1,1,1,561,80,80,562.0,80.0,561.0,561,80,19.46408735604877,11819.566577578056
4403,0,2,0,0,1140,1714,4.002871,6.007074,2.0042030000000004,9.82533150301428,8.7125,11.7875,1,1,1,1,574,80,80,574.0,80.0,574.0,574,80,19.691958874335732,11984.31496210713
4403,0,3,0,0,1714,2290,6.007074,8.009072,2.0019979999999995,9.810542829347328,8.7125,11.7875,1,1,1,1,576,80,80,576.0,80.0,576.0,576,80,19.64068712326769,11985.526459067394
4403,0,4,0,0,2290,2848,8.009072,10.012429,2.0033569999999994,9.764852454506993,8.7125,11.7875,1,1,1,1,558,80,80,558.0,81.0,558.0,558,81,19.562485518703753,11683.888592996658
4403,0,5,0,0,2848,3413,10.012429,12.013565,2.0011360000000007,9.792660604246203,8.7125,11.7875,1,1,1,1,565,80,80,565.0,79.0,565.0,565,79,19.596445670938834,11732.336033133177
4403,0,6,0,0,3413,3976,12.013565,14.014542,2.0009770000000007,9.748014832432794,8.7125,11.7875,1,1,1,1,563,80,80,563.0,80.0,563.0,563,80,19.50555347535689,11918.17797006162
4403,0,7,0,0,3976,4549,14.014542,16.014731,2.0001890000000007,9.86581497500398,8.7125,11.7875,1,1,1,1,573,80,80,573.0,80.0,573.0,573,80,19.73349458903823,11903.875083804576
4403,0,8,0,0,4549,5100,16.014731,18.015409,2.000677999999997,9.782410908789252,8.7125,11.7875,1,1,1,1,551,80,80,552.0,80.0,551.0,551,80,19.57145429217465,11881.472180930681
4403,0,9,0,0,5100,5678,18.015409,20.018949,2.003540000000001,9.792842248047666,8.7125,11.7875,1,1,1,1,578,80,80,578.0,80.0,578.0,578,80,19.62035115765343,11874.482166565174
4403,0,10,0,0,5678,6254,20.018949,22.022878,2.0039289999999994,9.81479331134387,8.7125,11.7875,1,1,1,1,576,80,80,576.0,80.0,576.0,576,80,19.66814894560801,11984.456535136727
4403,0,11,0,0,6254,6806,22.022878,24.026773,2.003895,9.832688023828933,8.7125,11.7875,1,1,1,1,552,80,80,553.0,80.0,552.0,552,80,19.703674367510672,12013.104479027095
4403,0,12,0,0,6806,7379,24.026773,26.030643,2.0038700000000027,9.893231138228915,8.7125,11.7875,1,1,1,1,573,80,80,574.0,81.0,573.0,573,81,19.824749080962818,12150.987838532423
4403,0,13,0,0,7379,7969,26.030643,28.030608,1.9999649999999995,9.935566997096828,8.7125,11.7875,1,1,1,1,590,80,80,590.0,79.0,590.0,590,79,19.870786249348782,12134.712357466258
4403,0,14,0,0,7969,8565,28.030608,30.032547,2.001939,9.84726071962989,8.7125,11.7875,1,1,1,1,596,80,80,596.0,80.0,596.0,596,80,19.713615277795157,12357.519384956284
4403,0,15,0,0,8565,9100,30.032547,32.033155,2.0006079999999997,9.856236699354431,8.7125,11.7875,1,1,1,1,535,80,80,535.0,80.0,535.0,535,80,19.718465990622065,11873.390489291258
4403,0,16,0,0,9100,9719,32.033155,34.039671,2.0065159999999977,9.878048791664256,8.7125,11.7875,1,1,1,1,619,80,80,619.0,80.0,619.0,619,80,19.82046294925499,12009.373461263218
4403,0,17,0,0,9719,10289,34.039671,36.042029,2.002358000000001,9.76582985871286,8.7125,11.7875,1,1,1,1,570,80,80,570.0,81.0,570.0,570,81,19.554687544232593,11875.498786930204
4403,0,18,0,0,10289,10873,36.042029,38.044303,2.002274,9.9368721361811,8.7125,11.7875,1,1,1,1,584,80,80,584.0,80.0,584.0,584,80,19.89634071959989,12152.682400111074
4403,0,19,0,0,10873,11468,38.044303,40.04439,2.0000870000000006,9.876571514965917,8.7125,11.7875,1,1,1,1,595,80,80,595.0,79.0,595.0,595,79,19.75400229165365,12152.471367495511
4403,0,20,0,0,11468,12075,40.04439,42.0459,2.0015100000000032,9.817469382461594,8.7125,11.7875,1,1,1,1,607,80,80,608.0,80.0,607.0,607,80,19.649763143690734,12029.417789568855
4403,0,21,0,0,12075,12625,42.0459,44.0488,2.002899999999997,9.857298721584364,8.7125,11.7875,1,1,1,1,550,80,80,550.0,80.0,550.0,550,80,19.743183609461312,11903.240301562753
4403,0,22,0,0,12625,13000,44.0488,45.470859,1.4220589999999973,9.761726640346966,8.7125,11.7875,1,1,1,1,375,57,57,375.0,57.0,375.0,375,57,13.881751224445168,11827.216732920386
4403,0,23,0,0,13000,13610,45.470859,47.472703,2.0018440000000055,9.787130850955059,8.7125,11.7875,1,1,1,1,610,80,80,611.0,80.0,610.0,610,80,19.592309171199304,12095.348089061852
4403,0,24,0,0,13610,14179,47.472703,49.474042,2.0013389999999944,9.795799866673045,8.7125,11.7875,1,1,1,1,569,80,80,569.0,80.0,569.0,569,80,19.604716309367518,11929.513190918713
4403,0,25,0,0,14179,14767,49.474042,51.474854,2.0008120000000034,10.069293822944193,8.7125,11.7875,1,1,1,1,588,80,80,588.0,80.0,588.0,588,80,20.146763912472636,12126.076812813977
4403,0,26,0,0,14767,15404,51.474854,53.478169,2.0033150000000006,9.962652074812233,8.7125,11.7875,1,1,1,1,637,80,80,637.0,80.0,637.0,637,80,19.95833034125252,12178.813616430762
4403,0,27,0,0,15404,15983,53.478169,55.489141,2.0109719999999953,10.012083064605191,8.7125,11.7875,1,1,1,1,579,80,80,579.0,81.0,579.0,579,81,20.134018704595178,12300.519350841314
4403,0,28,0,0,15983,16594,55.489141,57.491418,2.0022770000000065,10.01892519290927,8.7125,11.7875,1,1,1,1,611,80,80,611.0,80.0,611.0,611,80,20.060663478482866,12137.1818184996
4403,0,29,0,0,16594,17176,57.491418,59.492493,2.001075,10.009883672365115,8.7125,11.7875,1,1,1,1,582,80,80,582.0,79.0,582.0,582,79,20.03052796967802,12086.503504366403
4403,0,30,0,0,17176,17795,59.492493,61.495975,2.003481999999998,10.027785108360385,8.7125,11.7875,1,1,1,1,619,80,80,619.0,81.0,619.0,619,81,20.090486964468028,12082.963560441283
4403,0,31,0,0,17795,18408,61.495975,63.498253,2.002277999999997,10.002423496904937,8.7125,11.7875,1,1,1,1,613,80,80,613.0,80.0,613.0,613,80,20.027632514535753,12144.167792883924
4403,0,32,0,0,18408,18978,63.498253,65.50053,2.0022769999999994,10.09844287292984,8.7125,11.7875,1,1,1,1,570,80,80,571.0,80.0,570.0,570,80,20.219879900281285,12208.101076923926
4403,0,33,0,0,18978,19589,65.50053,67.502807,2.0022770000000065,10.345114210166285,8.7125,11.7875,1,1,1,1,611,80,80,611.0,80.0,611.0,611,80,20.713784245389206,12415.365106825839
4403,0,34,0,0,19589,20193,67.502807,69.503087,2.0002799999999894,10.32034919716851,8.7125,11.7875,1,1,1,1,604,80,80,604.0,79.0,604.0,604,79,20.643588092112168,12468.754374387652
4403,0,35,0,0,20193,20771,69.503087,71.503345,2.0002580000000023,10.43938867688922,8.7125,11.7875,1,1,1,1,578,80,80,578.0,80.0,578.0,578,80,20.88147071605715,12504.386934085489
4403,0,36,0,0,20771,21348,71.503345,73.507455,2.004109999999997,10.149225569754678,8.7125,11.7875,1,1,1,1,577,80,80,577.0,80.0,577.0,577,80,20.340164456600974,12525.260589488618
4403,0,37,0,0,21348,21957,73.507455,75.50928,2.001825000000011,10.156375538278857,8.7125,11.7875,1,1,1,1,609,80,80,609.0,80.0,609.0,609,80,20.33128646191517,12233.337079914512
4403,0,38,0,0,21957,22531,75.50928,77.512607,2.0033269999999987,10.151140999735317,8.7125,11.7875,1,1,1,1,574,80,80,574.0,80.0,574.0,574,80,20.33605484557677,12426.827971669136
4403,0,39,0,0,22531,23137,77.512607,79.51647,2.0038629999999955,10.177336538090332,8.7125,11.7875,1,1,1,1,606,80,80,606.0,81.0,606.0,606,81,20.393988127227203,12342.16111580485
4403,0,40,0,0,23137,23731,79.51647,81.517505,2.0010350000000017,10.190511726686589,8.7125,11.7875,1,1,1,1,594,80,80,594.0,79.0,594.0,594,79,20.39157063301036,12502.030199371815
4403,0,41,0,0,23731,24333,81.517505,83.521023,2.0035179999999997,10.385164276905945,8.7125,11.7875,1,1,1,1,602,80,80,602.0,81.0,602.0,602,81,20.806863561738055,12481.045840366796
4403,0,42,0,0,24333,24884,83.521023,85.522205,2.001182,10.175718655120088,8.7125,11.7875,1,1,1,1,551,80,80,551.0,79.0,551.0,551,79,20.36346500969057,12211.283131669183
4403,0,43,0,0,24884,25503,85.522205,87.52541,2.003204999999994,10.14784633898017,8.7125,11.7875,1,1,1,1,619,80,80,619.0,80.0,619.0,619,80,20.328216525476705,12173.991179135472
4403,0,44,0,0,25503,26000,87.52541,89.284136,1.75872600000001,10.089188226482165,8.7125,11.7875,1,1,1,1,497,71,71,499.0,71.0,497.0,497,71,17.7441176528082,12175.290522798821
4403,0,45,0,0,26000,26568,89.284136,91.284723,2.000586999999996,10.168896198633327,8.7125,11.7875,1,1,1,1,568,80,80,568.0,80.0,568.0,568,80,20.34376153933522,12101.448224946003
4403,0,46,0,0,26568,27173,91.284723,93.293904,2.009180999999998,10.26022998905032,8.7125,11.7875,1,1,1,1,605,80,80,605.0,80.0,605.0,605,80,20.614659149630143,12515.547379753254
4403,0,47,0,0,27173,27753,93.293904,95.298058,2.0041539999999998,10.054538168737444,8.7125,11.7875,1,1,1,1,580,80,80,580.0,80.0,580.0,580,80,20.150842889027786,12232.093940884784
4403,0,48,0,0,27753,28363,95.298058,97.30908,2.011021999999997,10.198214098184943,8.7125,11.7875,1,1,1,1,610,80,80,610.0,80.0,610.0,610,80,20.508832912160074,12207.22597763726
4403,0,49,0,0,28363,28962,97.30908,99.309485,2.0004050000000007,10.190952107700948,8.7125,11.7875,1,1,1,1,599,80,80,600.0,80.0,599.0,599,80,20.386031551005544,12523.96389731079
4403,0,50,0,0,28962,29533,99.309485,101.313613,2.0041280000000086,10.01068063475719,8.7125,11.7875,1,1,1,1,571,80,80,571.0,80.0,571.0,571,80,20.062685359174793,11996.23976113297
4403,0,51,0,0,29533,30090,101.313613,103.313884,2.000270999999998,9.848071565723506,8.7125,11.7875,1,1,1,1,557,80,80,557.0,80.0,557.0,557,80,19.698811958841247,11964.878758928178
4403,0,52,0,0,30090,30679,103.313884,105.316389,2.0025049999999993,9.762629381566738,8.7125,11.7875,1,1,1,1,589,80,80,591.0,80.0,589.0,589,80,19.5497141497342,12041.917498333341
4403,0,53,0,0,30679,31289,105.316389,107.323088,2.0066989999999976,9.910449809309858,8.7125,11.7875,1,1,1,1,610,80,80,610.0,81.0,610.0,610,81,19.88728972189233,12089.007868145662
4403,0,54,0,0,31289,31851,107.323088,109.323426,2.0003379999999993,9.930624609821791,8.7125,11.7875,1,1,1,1,562,80,80,562.0,79.0,562.0,562,79,19.864605770761727,12084.957642158479
4403,0,55,0,0,31851,32403,109.323426,111.327641,2.004215000000002,9.812224320915641,8.7125,11.7875,1,1,1,1,552,80,80,552.0,81.0,552.0,552,81,19.665807167343928,11814.600728963696
4403,0,56,0,0,32403,32991,111.327641,113.328482,2.000840999999994,9.931821720388925,8.7125,11.7875,1,1,1,1,588,80,80,588.0,79.0,588.0,588,79,19.871996102844605,12231.356714501588
4403,0,57,0,0,32991,33560,113.328482,115.328929,2.0004470000000083,9.959211129597897,8.7125,11.7875,1,1,1,1,569,80,80,569.0,80.0,569.0,569,80,19.922874026570753,11887.343178799489
4403,0,58,0,0,33560,34157,115.328929,117.333753,2.0048239999999993,9.950411992228691,8.7125,11.7875,1,1,1,1,597,80,80,597.0,80.0,597.0,597,80,19.948824771907994,12218.528908273249
4403,0,59,0,0,34157,34740,117.333753,119.336331,2.0025779999999997,9.901155350838215,8.7125,11.7875,1,1,1,1,583,80,80,583.0,80.0,583.0,583,80,19.827835880170824,12118.379408941875
4403,0,60,0,0,34740,35320,119.336331,121.339026,2.002695000000003,9.890546413111778,8.7125,11.7875,1,1,1,1,580,80,80,580.0,81.0,580.0,580,81,19.807747848806912,12178.090023693057
4403,0,61,0,0,35320,35913,121.339026,123.341302,2.002275999999995,9.878264920058145,8.7125,11.7875,1,1,1,1,593,80,80,593.0,80.0,593.0,593,80,19.77901277107435,12063.771428114836
4403,0,62,0,0,35913,36456,123.341302,125.343579,2.0022770000000065,9.978125545568892,8.7125,11.7875,1,1,1,1,543,80,80,543.0,80.0,543.0,543,80,19.978971283005194,12053.277343744108
4403,0,63,0,0,36456,37020,125.343579,127.345028,2.001448999999994,9.924541706159946,8.7125,11.7875,1,1,1,1,564,80,80,564.0,79.0,564.0,564,79,19.86346407325209,11821.435370074418
4403,0,64,0,0,37020,37568,127.345028,129.346762,2.0017340000000132,9.871934355098082,8.7125,11.7875,1,1,1,1,548,80,80,548.0,80.0,548.0,548,80,19.76098664436813,11861.71589232128
4403,0,65,0,0,37568,38161,129.346762,131.346755,1.9999929999999893,9.798981213543813,8.7125,11.7875,1,1,1,1,593,80,80,593.0,80.0,593.0,593,80,19.59789383421912,11623.040680642445
4403,0,66,0,0,38161,38753,131.346755,133.35184,2.005085000000008,10.0143089287598,8.7125,11.7875,1,1,1,1,592,80,80,592.0,80.0,592.0,592,80,20.07954061842247,12220.928289823074
4403,0,67,0,0,38753,39000,133.35184,134.197189,0.8453489999999988,10.029761963049337,8.7125,11.7875,1,1,1,1,247,34,34,247.0,34.0,247.0,247,34,8.478649245701718,11952.459871603343
4403,0,68,0,0,39000,39564,134.197189,136.203633,2.0064439999999877,9.8183107251319,8.7125,11.7875,1,1,1,1,564,80,80,565.0,80.0,564.0,564,80,19.6998906445765,11770.575206684136
4403,0,69,0,0,39564,40150,136.203633,138.204569,2.000935999999996,9.985882057025403,8.7125,11.7875,1,1,1,1,586,80,80,586.0,80.0,586.0,586,80,19.981110899656187,12085.344058980423
4403,0,70,0,0,40150,40730,138.204569,140.208157,2.0035880000000077,9.887471750224188,8.7125,11.7875,1,1,1,1,580,80,80,580.0,80.0,580.0,580,80,19.81041974908817,11850.739772847466
4403,0,71,0,0,40730,41308,140.208157,142.208842,2.0006850000000043,9.966746841171034,8.7125,11.7875,1,1,1,1,578,80,80,578.0,80.0,578.0,578,80,19.940320903928296,11810.954747998785
4403,0,72,0,0,41308,41882,142.208842,144.211391,2.0025489999999877,9.844735764907469,8.7125,11.7875,1,1,1,1,574,80,80,574.0,80.0,574.0,574,80,19.714565761279573,11786.977497179916
4403,0,73,0,0,41882,42420,144.211391,146.217315,2.0059240000000216,9.943450190750584,8.7125,11.7875,1,1,1,1,538,80,80,538.0,81.0,538.0,538,81,19.945805380431466,12024.882298631324
4403,0,74,0,0,42420,43048,146.217315,148.219096,2.001780999999994,9.799925623198288,8.7125,11.7875,1,1,1,1,628,80,80,628.0,79.0,628.0,628,79,19.61730491393132,12196.638893065761
4403,0,75,0,0,43048,43612,148.219096,150.221869,2.0027729999999906,9.882104419656805,8.7125,11.7875,1,1,1,1,564,80,80,564.0,81.0,564.0,564,81,19.791611914869236,12023.329653435569
4403,0,76,0,0,43612,44098,150.221869,152.224144,2.0022749999999974,8.037860358089844,8.7125,11.7875,1,0,0,1,486,80,80,486.0,80.0,486.0,486,80,16.094006848494246,9942.190758012774
4403,0,77,0,0,44098,44179,152.224144,154.226423,2.0022790000000157,0.9803974292414915,8.7125,11.7875,1,0,0,0,81,80,80,81.0,80.0,81.0,81,80,1.9630291842242968,501.9280529836212
4403,0,78,0,0,44179,44259,154.226423,156.228698,2.0022749999999974,0.9793061562109456,8.7125,11.7875,1,0,0,0,80,80,80,80.0,80.0,80.0,80,80,1.9608402339272288,512.91655741594
4403,0,79,0,0,44259,44339,156.228698,158.230976,2.00227799999999,0.9780560078571537,8.7125,11.7875,1,0,0,0,80,80,80,80.0,80.0,80.0,80,80,1.9583400273002098,508.42090858512415
4403,0,80,0,0,44339,44421,158.230976,160.233251,2.0022749999999974,0.973529669758908,8.7125,11.7875,1,0,0,0,82,80,80,82.0,80.0,82.0,82,80,1.9492741195165308,507.9222384537595
4403,0,81,0,0,44421,44501,160.233251,162.235529,2.002278000000018,0.9793570163700177,8.7125,11.7875,1,0,0,0,80,80,80,80.0,80.0,80.0,80,80,1.9609450080233728,506.4231839934269
4403,0,82,0,0,44501,44581,162.235529,164.237807,2.00227799999999,0.9699377147368128,8.7125,11.7875,1,0,0,0,80,80,80,80.0,80.0,80.0,80,80,1.942084947587773,513.4152200643493
4403,0,83,0,0,44581,44661,164.237807,166.240082,2.0022749999999974,0.9733735485034477,8.7125,11.7875,1,0,0,0,80,80,80,80.0,80.0,80.0,80,80,1.9489615218296876,481.9517798504208
4403,0,84,0,0,44661,44820,166.240082,168.24236,2.00227799999999,1.8971925020332012,8.7125,11.7875,1,0,0,0,159,80,80,159.0,80.0,159.0,159,80,3.7987068085860756,2265.419686976545
4403,0,85,0,0,44820,45008,168.24236,170.244637,2.0022770000000207,2.2634014129482503,8.7125,11.7875,1,0,0,1,188,80,80,188.0,80.0,188.0,188,80,4.531956590913751,2870.731671991408
4403,0,86,0,0,45008,45187,170.244637,172.246912,2.0022749999999974,2.365558823862971,8.7125,11.7875,1,0,0,1,179,80,80,179.0,80.0,179.0,179,80,4.736499294050191,2953.640234233563
4403,0,87,0,0,45187,45414,172.246912,174.24919,2.00227799999999,3.5732557490000203,8.7125,11.7875,1,0,0,1,227,80,80,227.0,80.0,227.0,227,80,7.154651374596142,4429.454850924819
4403,0,88,0,0,45414,45740,174.24919,176.250929,2.001739000000015,4.766679484983438,8.7125,11.7875,1,0,0,1,326,80,80,326.0,79.0,326.0,326,79,9.541648225591416,6106.190667214812
4403,0,89,0,0,45740,46147,176.250929,178.250933,2.00000399999999,6.967476288867401,8.7125,11.7875,1,0,0,1,407,80,80,407.0,80.0,407.0,407,80,13.934980447639873,8339.983320033401
4403,0,90,0,0,46147,46690,178.250933,180.256022,2.005088999999998,8.6628255590999,8.7125,11.7875,1,0,0,1,543,80,80,543.0,81.0,543.0,543,81,17.36973623747008,10555.142440061274
4403,0,91,0,0,46690,47265,180.256022,182.257056,2.001034000000004,9.092876430316997,8.7125,11.7875,1,1,0,1,575,80,80,575.0,79.0,575.0,575,79,18.19515489486298,11078.272533100364
4403,0,92,0,0,47265,47840,182.257056,184.257307,2.0002509999999916,9.23435539437908,8.7125,11.7875,1,1,1,1,575,80,80,575.0,80.0,575.0,575,80,18.471028611962083,11154.600097687788
4403,0,93,0,0,47840,48406,184.257307,186.262853,2.0055460000000096,9.422875217184211,8.7125,11.7875,1,1,1,1,566,80,80,566.0,81.0,566.0,566,81,18.898009700322973,11687.091694730456
4403,0,94,0,0,48406,48945,186.262853,188.26513,2.0022769999999923,9.434563917418108,8.7125,11.7875,1,1,1,1,539,80,80,539.0,80.0,539.0,539,80,18.89061033687608,11500.906218270544
4403,0,95,0,0,48945,49515,188.26513,190.266938,2.001808000000011,9.56394588365781,8.7125,11.7875,1,1,1,1,570,80,80,570.0,79.0,570.0,570,79,19.145183381473316,11823.31172619945
4403,0,96,0,0,49515,50054,190.266938,192.267417,2.0004789999999844,9.82461797830916,8.7125,11.7875,1,1,1,1,539,80,80,539.0,80.0,539.0,539,80,19.653941948629836,11897.650512702301
4403,0,97,0,0,50054,50625,192.267417,194.267671,2.0002540000000124,9.90592477062378,8.7125,11.7875,1,1,1,1,571,80,80,571.0,80.0,571.0,571,80,19.814365646139322,11758.006733144817
4403,0,98,0,0,50625,51156,194.267671,196.268646,2.0009749999999826,9.75500233075792,8.7125,11.7875,1,1,1,1,531,80,80,531.0,80.0,531.0,531,80,19.519515788788112,11681.305363635329
4403,0,99,0,0,51156,51762,196.268646,198.276513,2.0078670000000045,9.784502521424276,8.7125,11.7875,1,1,1,1,606,80,80,606.0,81.0,606.0,606,81,19.6459797241846,12093.928532118884
4403,0,100,0,0,51762,52000,198.276513,199.129952,0.8534390000000087,9.737735357865041,8.7125,11.7875,1,1,1,1,238,35,35,238.0,34.0,238.0,238,34,8.310563126080979,11917.66488290305
4403,0,101,0,0,52000,52540,199.129952,201.131482,2.0015300000000025,10.028944178949313,8.7125,11.7875,1,1,1,1,540,80,80,541.0,80.0,541.0,540,80,20.073232642492485,12119.228789975654
4403,0,102,0,0,52540,53165,201.131482,203.132033,2.0005510000000015,10.132043116702981,8.7125,11.7875,1,1,1,1,625,79,79,624.0,80.0,624.0,625,80,20.269668989163392,12128.158692280267
4403,0,103,0,0,53165,53753,203.132033,205.134309,2.002275999999995,10.04411765094351,8.7125,11.7875,1,1,1,1,588,80,80,588.0,80.0,588.0,588,80,20.11109571366046,12072.261766110198
4403,0,104,0,0,53753,54340,205.134309,207.136128,2.001819000000012,10.019351770774175,8.7125,11.7875,1,1,1,1,587,80,80,587.0,79.0,587.0,587,79,20.056928742419586,11955.126812164266
4403,0,105,0,0,54340,54961,207.136128,209.138865,2.002736999999996,10.01198544500616,8.7125,11.7875,1,1,1,1,621,80,80,621.0,81.0,621.0,621,81,20.051373694175254,12113.422780924328
4403,0,106,0,0,54961,55554,209.138865,211.141141,2.002275999999995,9.997489459266923,8.7125,11.7875,1,1,1,1,593,80,80,594.0,80.0,593.0,593,80,20.017733204542992,12055.281090119475
4403,0,107,0,0,55554,56138,211.141141,213.143417,2.002275999999995,10.100529436409383,8.7125,11.7875,1,1,1,1,584,80,80,584.0,80.0,584.0,584,80,20.22404767781609,12339.957128787471
4403,0,108,0,0,56138,56739,213.143417,215.143571,2.000154000000009,10.046808098704354,8.7125,11.7875,1,1,1,1,601,80,80,601.0,79.0,601.0,601,79,20.095163405856056,12090.569026184929
4403,0,109,0,0,56739,57364,215.143571,217.145851,2.0022799999999847,10.328862427248769,8.7125,11.7875,1,1,1,1,625,80,80,625.0,80.0,625.0,625,80,20.681274660831605,12426.333979263734
4403,0,110,0,0,57364,58018,217.145851,219.149815,2.0039639999999963,10.399482515328494,8.7125,11.7875,1,1,1,1,654,80,80,654.0,80.0,654.0,654,80,20.840188579347796,12611.004988113582
4403,0,111,0,0,58018,58627,219.149815,221.151589,2.0017740000000117,10.4227266152132,8.7125,11.7875,1,1,1,1,609,80,80,609.0,80.0,609.0,609,80,20.863943147441887,12677.25527457138
4403,0,112,0,0,58627,59224,221.151589,223.154682,2.003093000000007,10.378275724787892,8.7125,11.7875,1,1,1,1,597,80,80,597.0,80.0,597.0,597,80,20.7886514563927,12683.884372817394
4403,0,113,0,0,59224,59345,223.154682,225.157079,2.002397000000002,2.0558567851938445,8.7125,11.7875,1,0,0,1,121,80,80,121.0,81.0,121.0,121,81,4.1166414591018565,1796.347078026983
4403,0,114,0,0,59345,59425,225.157079,227.159354,2.0022749999999974,0.9748306802210787,8.7125,11.7875,1,0,0,0,80,80,80,80.0,80.0,80.0,80,80,1.9518791002396938,485.9472350201652
4403,0,115,0,0,59425,59505,227.159354,229.161631,2.0022769999999923,0.9755064226680237,8.7125,11.7875,1,0,0,0,80,80,80,80.0,80.0,80.0,80,80,1.9532340734604077,484.94788683084494
4403,0,116,0,0,59505,59585,229.161631,231.163909,2.00227799999999,0.9756621521934635,8.7125,11.7875,1,0,0,0,80,80,80,80.0,80.0,80.0,80,80,1.953546862769599,482.9499200410757
4403,0,117,0,0,59585,59665,231.163909,233.166186,2.0022770000000207,0.9748298979034399,8.7125,11.7875,1,0,0,0,80,80,80,80.0,80.0,80.0,80,80,1.9518794834843902,472.9615332943395
4403,0,118,0,0,59665,59745,233.166186,235.168463,2.0022769999999923,0.9748819382699565,8.7125,11.7875,1,0,0,0,80,80,80,80.0,80.0,80.0,80,80,1.9519836827132622,507.9217311091342
4403,0,119,0,0,59745,59825,235.168463,237.170739,2.002275999999995,0.9738935619971381,8.7125,11.7875,1,0,0,0,80,80,80,80.0,80.0,80.0,80,80,1.9500037057414374,500.92994172631677
4403,0,120,0,0,59825,59906,237.170739,239.173016,2.0022769999999923,0.9750380593694735,8.7125,11.7875,1,0,0,0,81,80,80,81.0,80.0,81.0,81,80,1.9522962804001054,484.44845543349084
4403,0,121,0,0,59906,59986,239.173016,241.175293,2.0022770000000207,0.9759227456000572,8.7125,11.7875,1,0,0,0,80,80,80,80.0,80.0,80.0,80,80,1.954067667291838,486.9456124202545
4403,0,122,0,0,59986,60066,241.175293,243.17757,2.0022769999999923,0.9760788666995851,8.7125,11.7875,1,0,0,0,80,80,80,80.0,80.0,80.0,80,80,1.9543802649786812,460.97517975784746
4403,0,123,0,0,60066,60147,243.17757,245.179846,2.002275999999995,0.9760792584819781,8.7125,11.7875,1,0,0,0,81,80,80,81.0,80.0,81.0,81,80,1.954380073356333,465.9697264512996
4403,0,124,0,0,60147,60227,245.179846,247.182123,2.0022769999999923,0.9761829474325965,8.7125,11.7875,1,0,0,0,80,80,80,80.0,80.0,80.0,80,80,1.9545886634364251,478.45527866524145
4403,0,125,0,0,60227,60307,247.182123,249.1844,2.0022770000000207,0.9766513107311354,8.7125,11.7875,1,0,0,0,80,80,80,80.0,80.0,80.0,80,80,1.9555264564967274,466.4689251287361
4403,0,126,0,0,60307,60387,249.1844,251.186677,2.0022769999999923,0.9760268263330795,8.7125,11.7875,1,0,0,0,80,80,80,80.0,80.0,80.0,80,80,1.9542760657498093,474.9592588837627
4403,0,127,0,0,60387,60467,251.186677,253.188953,2.002275999999995,0.9778486318268487,8.7125,11.7875,1,0,0,0,80,80,80,80.0,80.0,80.0,80,80,1.9579228471397983,476.45779103380477
4403,0,128,0,0,60467,60547,253.188953,255.191231,2.00227799999999,0.979252935688999,8.7125,11.7875,1,0,0,0,80,80,80,80.0,80.0,80.0,80,80,1.9607366095654015,461.9738118283299
4403,0,129,0,0,60547,60627,255.191231,257.193508,2.0022770000000207,0.9774839565952248,8.7125,11.7875,1,0,0,0,80,80,80,80.0,80.0,80.0,80,80,1.957193644159588,451.985414605467
4403,0,130,0,0,60627,60749,257.193508,259.195786,2.00227799999999,1.5744383101591297,8.7125,11.7875,1,0,0,0,122,80,80,122.0,80.0,122.0,122,80,3.152463190788694,1574.7064093997017
4403,0,131,0,0,60749,60953,259.195786,261.198061,2.0022749999999974,2.2396730515433427,8.7125,11.7875,1,0,0,1,204,80,80,204.0,80.0,204.0,204,80,4.484441359279117,2825.2862369055238
4403,0,132,0,0,60953,61138,261.198061,263.200337,2.002275999999995,2.2507045918912194,8.7125,11.7875,1,0,0,1,185,80,80,185.0,80.0,185.0,185,80,4.506531787433687,2786.8285890656507
4403,0,133,0,0,61138,61404,263.200337,265.202616,2.0022789999999873,3.5419257907641133,8.7125,11.7875,1,0,0,1,266,80,80,266.0,80.0,266.0,266,80,7.09192363040529,4563.300119513843
4403,0,134,0,0,61404,61744,265.202616,267.204891,2.0022749999999974,4.8368021765467955,8.7125,11.7875,1,0,0,1,340,80,80,340.0,80.0,340.0,340,80,9.68460807804513,6042.626512342219
4403,0,135,0,0,61744,62154,267.204891,269.207167,2.0022760000000517,6.692768414581029,8.7125,11.7875,1,0,0,1,410,80,80,410.0,80.0,410.0,410,80,13.400769570073862,8063.323937359077
4403,0,136,0,0,62154,62692,269.207167,271.209445,2.00227799999999,8.749292097303611,8.7125,11.7875,1,1,0,1,538,80,80,538.0,80.0,538.0,538,80,17.518515082004797,10644.875486820565
4403,0,137,0,0,62692,63231,271.209445,273.211689,2.002243999999962,9.061736801122793,8.7125,11.7875,1,1,1,1,539,80,80,540.0,80.0,540.0,539,79,18.1438081396268,11078.56984463453
4403,0,138,0,0,63231,63776,273.211689,275.213998,2.002309000000025,9.217515419762764,8.7125,11.7875,1,1,1,1,545,80,80,544.0,80.0,544.0,545,81,18.456314082629888,11541.175712639611
4403,0,139,0,0,63776,64374,275.213998,277.216275,2.0022769999999923,9.356919690591774,8.7125,11.7875,1,1,1,1,598,80,80,598.0,80.0,598.0,598,80,18.73514508731887,11426.49094006478
4403,0,140,0,0,64374,64932,277.216275,279.216813,2.000538000000006,9.416764034478033,8.7125,11.7875,1,1,1,1,558,80,80,558.0,79.0,558.0,558,79,18.83859428800679,11509.903835868117
4403,0,141,0,0,64932,65000,279.216813,279.422246,0.2054329999999709,9.369724475674143,8.7125,11.7875,1,1,1,1,68,9,9,68.0,9.0,68.0,68,9,1.9248506082108179,11711.847658362292
4403,0,142,0,0,65000,65558,279.422246,281.433858,2.0116120000000137,9.685940902787829,8.7125,11.7875,1,1,1,1,558,80,80,558.0,80.0,558.0,558,80,19.4843549513389,11824.844950218947
4403,0,143,0,0,65558,66147,281.433858,283.43654,2.002681999999993,9.734519844358168,8.7125,11.7875,1,1,1,1,589,80,80,589.0,80.0,589.0,589,80,19.495147670938877,11864.589585366066
4403,0,144,0,0,66147,66711,283.43654,285.438909,2.0023690000000443,9.702030742907208,8.7125,11.7875,1,1,1,1,564,80,80,564.0,80.0,564.0,564,80,19.427045596644803,11466.917436296453
4403,0,145,0,0,66711,67322,285.438909,287.444842,2.0059329999999704,10.057271012959188,8.7125,11.7875,1,1,1,1,611,80,80,611.0,80.0,611.0,611,80,20.174211814838145,12241.68504132509
4403,0,146,0,0,67322,67869,287.444842,289.445736,2.0008940000000166,10.064306301764283,8.7125,11.7875,1,1,1,1,547,80,80,547.0,80.0,547.0,547,80,20.137610093362582,12223.53607937242
4403,0,147,0,0,67869,68445,289.445736,291.452317,2.006580999999983,9.949448609279353,8.7125,11.7875,1,1,1,1,576,80,80,576.0,80.0,576.0,576,80,19.96437453985618,11858.978032783229
4403,0,148,0,0,68445,69054,291.452317,293.459745,2.0074280000000044,10.034403585508532,8.7125,11.7875,1,1,1,1,609,80,80,609.0,81.0,609.0,609,81,20.14334272085034,12070.171383481722
4403,0,149,0,0,69054,69646,293.459745,295.462024,2.0022789999999873,10.165096620291207,8.7125,11.7875,1,1,1,1,592,80,80,592.0,80.0,592.0,592,80,20.35335949577984,12083.730588993918
4403,0,150,0,0,69646,70261,295.462024,297.4643,2.002275999999995,10.012060769165856,8.7125,11.7875,1,1,1,1,615,80,80,615.0,80.0,615.0,615,80,20.04690898864237,11992.352702624445
4403,0,151,0,0,70261,70824,297.4643,299.464517,2.0002170000000206,10.1321922619639,8.7125,11.7875,1,1,1,1,563,80,80,563.0,79.0,563.0,563,79,20.26658320964907,11885.210454665546
4403,0,152,0,0,70824,71415,299.464517,301.465316,2.0007989999999722,10.181483677900182,8.7125,11.7875,1,1,1,1,591,80,80,591.0,80.0,591.0,591,80,20.371102361258636,12398.04698023157
4403,0,153,0,0,71415,71973,301.465316,303.466128,2.000812000000053,10.033203442815521,8.7125,11.7875,1,1,1,1,558,80,80,558.0,80.0,558.0,558,80,20.074553846827257,11886.674010351482
4403,0,154,0,0,71973,72572,303.466128,305.466723,2.0005949999999757,9.996457866070052,8.7125,11.7875,1,1,1,1,599,80,80,600.0,80.0,599.0,599,80,19.998863624570276,12017.924667411591
4403,0,155,0,0,72572,73154,305.466723,307.474043,2.007319999999993,10.062860535836395,8.7125,11.7875,1,1,1,1,582,80,80,582.0,80.0,582.0,582,80,20.199381210794854,12033.457545383937
4403,0,156,0,0,73154,73747,307.474043,309.475238,2.0011949999999956,10.262608198145342,8.7125,11.7875,1,1,1,1,593,80,80,593.0,80.0,593.0,593,80,20.537480213087292,12391.096319948858
4403,0,157,0,0,73747,74345,309.475238,311.478596,2.0033579999999915,10.164874166271746,8.7125,11.7875,1,1,1,1,598,80,80,598.0,80.0,598.0,598,80,20.36388197999395,12394.689316637418
4403,0,158,0,0,74345,74928,311.478596,313.478869,2.000272999999993,10.28777473547262,8.7125,11.7875,1,1,1,1,583,80,80,583.0,80.0,583.0,583,80,20.578358033447785,12219.332061173693
4403,0,159,0,0,74928,75523,313.478869,315.484791,2.005921999999998,10.116855004003467,8.7125,11.7875,1,1,1,1,595,80,80,595.0,81.0,595.0,595,81,20.293622023340504,11828.97440678153
4403,0,160,0,0,75523,76154,315.484791,317.485148,2.000357000000008,10.091491183307433,8.7125,11.7875,1,1,1,1,631,80,80,633.0,79.0,631.0,631,79,20.18658502896733,12135.833753674919
4403,0,161,0,0,76154,76739,317.485148,319.485254,2.0001060000000166,10.195729030029138,8.7125,11.7875,1,1,1,1,585,80,80,585.0,80.0,585.0,585,80,20.392538807335768,12500.337482113344
4403,0,162,0,0,76739,77323,319.485254,321.486626,2.0013720000000035,10.092145409068367,8.7125,11.7875,1,1,1,1,584,80,80,584.0,80.0,584.0,584,80,20.19813724163805,12377.009371571081
4403,0,163,0,0,77323,77914,321.486626,323.493726,2.00709999999998,10.108226294726135,8.7125,11.7875,1,1,1,1,591,80,80,591.0,80.0,591.0,591,80,20.288220996144446,11937.621443874366
4403,0,164,0,0,77914,78000,323.493726,323.817697,0.32397100000002865,10.138715032216224,8.7125,11.7875,1,1,1,1,86,13,13,86.0,13.0,86.0,86,13,3.284649647702281,11797.352232143192
4403,0,165,0,0,78000,78581,323.817697,325.821546,2.0038490000000024,10.215469968090163,8.7125,11.7875,1,1,1,1,581,79,79,583.0,81.0,581.0,581,80,20.470259280087703,11819.25384597341
4403,0,166,0,0,78581,79144,325.821546,327.823803,2.002256999999986,10.1121765416789,8.7125,11.7875,1,1,1,1,563,80,80,564.0,80.0,564.0,563,79,20.247176265812413,12088.358287672447
4403,0,167,0,0,79144,79750,327.823803,329.826098,2.0022950000000037,10.148936595256924,8.7125,11.7875,1,1,1,1,606,80,80,605.0,80.0,605.0,606,81,20.321164999999837,12504.151486169598
4403,0,168,0,0,79750,80383,329.826098,331.828375,2.0022769999999923,10.246914038570315,8.7125,11.7875,1,1,1,1,633,80,80,633.0,80.0,633.0,633,80,20.51716030040643,12315.478827355104
4403,0,169,0,0,80383,80945,331.828375,333.830107,2.001732000000004,10.184427402051943,8.7125,11.7875,1,1,1,1,562,80,80,562.0,79.0,562.0,562,79,20.386494232364385,11974.62997044557
4403,0,170,0,0,80945,81565,333.830107,335.831204,2.0010970000000157,10.197491878528348,8.7125,11.7875,1,1,1,1,620,80,80,620.0,80.0,620.0,620,80,20.406170405647572,12648.062537697973
4403,0,171,0,0,81565,82201,335.831204,337.831384,2.0001800000000003,10.232502593574537,8.7125,11.7875,1,1,1,1,636,80,80,636.0,80.0,636.0,636,80,20.466847037615935,12086.912177903987
4403,0,172,0,0,82201,82776,337.831384,339.835714,2.0043299999999817,10.248623591443842,8.7125,11.7875,1,1,1,1,575,80,80,575.0,80.0,575.0,575,80,20.541623723038356,12396.16230860199
4403,0,173,0,0,82776,83382,339.835714,341.838477,2.002763000000016,10.128868339494463,8.7125,11.7875,1,1,1,1,606,80,80,606.0,80.0,606.0,606,80,20.285722742210964,12234.597902996913
4403,0,174,0,0,83382,83926,341.838477,343.842037,2.003559999999993,9.960261088497894,8.7125,11.7875,1,1,1,1,544,80,80,544.0,81.0,544.0,544,81,19.955980706470655,11994.649523847593
4403,0,175,0,0,83926,84465,343.842037,345.844313,2.002275999999995,9.96813867789907,8.7125,11.7875,1,1,1,1,539,80,80,539.0,80.0,539.0,539,80,19.958964839428972,11973.374300046578
4403,0,176,0,0,84465,85022,345.844313,347.845303,2.0009900000000016,9.832833102412673,8.7125,11.7875,1,1,1,1,557,80,80,557.0,79.0,557.0,557,79,19.675400709596943,12193.464235203564
4403,0,177,0,0,85022,85625,347.845303,349.847036,2.0017330000000015,9.859341999829955,8.7125,11.7875,1,1,1,1,603,80,80,603.0,80.0,603.0,603,80,19.735770239345584,11859.223982419224
4403,0,178,0,0,85625,86199,349.847036,351.851144,2.004107999999974,9.756637714004686,8.7125,11.7875,1,1,1,1,574,80,80,574.0,81.0,574.0,574,81,19.553355695738446,11891.574705554945
4403,0,179,0,0,86199,86824,351.851144,353.853421,2.002277000000049,9.926189259796109,8.7125,11.7875,1,1,1,1,625,80,80,625.0,80.0,625.0,625,80,19.87498045253733,12114.207974221052
4403,0,180,0,0,86824,87414,353.853421,355.855697,2.002275999999995,9.838349939013566,8.7125,11.7875,1,1,1,1,590,80,80,590.0,80.0,590.0,590,80,19.699091962488183,11962.886235464073
4403,0,181,0,0,87414,87948,355.855697,357.857634,2.001936999999998,9.85403676255084,8.7125,11.7875,1,1,1,1,534,80,80,534.0,79.0,534.0,534,79,19.72716079431075,11656.710475904098
4403,0,182,0,0,87948,88501,357.857634,359.860251,2.0026169999999865,9.858924785154597,8.7125,11.7875,1,1,1,1,553,80,80,553.0,81.0,553.0,553,81,19.743650376472033,11607.811179072261
4403,0,183,0,0,88501,89062,359.860251,361.862531,2.0022799999999847,9.802891231036392,8.7125,11.7875,1,1,1,1,561,80,80,561.0,80.0,561.0,561,80,19.628133054079626,11974.848672513426
4403,0,184,0,0,89062,89616,361.862531,363.864811,2.0022799999999847,9.824539991066503,8.7125,11.7875,1,1,1,1,554,80,80,554.0,80.0,554.0,554,80,19.67147993331264,11820.025171304802
4403,0,185,0,0,89616,90188,363.864811,365.867086,2.0022749999999974,9.86900656338573,8.7125,11.7875,1,1,1,1,572,80,80,572.0,80.0,572.0,572,80,19.760465116703017,12104.730868636942
4403,0,186,0,0,90188,90765,365.867086,367.868102,2.0010160000000496,9.840570877667137,8.7125,11.7875,1,1,1,1,577,80,80,577.0,79.0,577.0,577,79,19.691139775346528,12014.396686482969
4403,0,187,0,0,90765,91000,367.868102,368.612474,0.7443719999999985,9.914263271581632,8.7125,11.7875,1,1,1,1,235,30,30,235.0,30.0,235.0,235,30,7.379899979993752,12313.735605315647
4403,0,188,0,0,91000,91597,368.612474,370.619914,2.007439999999974,9.94283354905904,8.7125,11.7875,1,1,1,1,597,80,80,598.0,80.0,597.0,597,80,19.959641779722915,12138.345355278521
4403,0,189,0,0,91597,92217,370.619914,372.620715,2.000801000000024,9.886812085380612,8.7125,11.7875,1,1,1,1,620,80,80,620.0,80.0,620.0,620,80,19.781543507242077,11734.800212514747
4403,0,190,0,0,92217,92800,372.620715,374.621293,2.0005779999999618,9.857527487049914,8.7125,11.7875,1,1,1,1,583,80,80,583.0,80.0,583.0,583,80,19.720752624986744,12061.51422238996
4403,0,191,0,0,92800,93358,374.621293,376.622424,2.0011310000000435,9.87198746033136,8.7125,11.7875,1,1,1,1,558,80,80,558.0,80.0,558.0,558,80,19.755140138480783,11908.265875647063
4403,0,192,0,0,93358,93966,376.622424,378.625704,2.003279999999961,9.855101149796505,8.7125,11.7875,1,1,1,1,608,80,80,609.0,80.0,608.0,608,80,19.742527031363807,11878.519228465548
4403,0,193,0,0,93966,94535,378.625704,380.633879,2.0081749999999943,9.872122110843819,8.7125,11.7875,1,1,1,1,569,80,80,569.0,81.0,569.0,569,81,19.82494881994353,11790.30711964847
4403,0,194,0,0,94535,95132,380.633879,382.636155,2.002275999999995,10.010655678568458,8.7125,11.7875,1,1,1,1,597,80,80,597.0,80.0,597.0,597,80,20.044095609461237,11991.353839330872
4403,0,195,0,0,95132,95728,382.636155,384.637341,2.0011860000000183,9.85927697975019,8.7125,11.7875,1,1,1,1,596,80,80,596.0,79.0,596.0,596,79,19.730247061998398,11771.019785267228
4403,0,196,0,0,95728,96314,384.637341,386.638169,2.0008280000000127,9.926625122015512,8.7125,11.7875,1,1,1,1,586,80,80,586.0,80.0,586.0,586,80,19.861469489632327,12031.518951154147
4403,0,197,0,0,96314,96896,386.638169,388.640668,2.0024990000000003,9.886604469366041,8.7125,11.7875,1,1,1,1,582,80,80,582.0,80.0,582.0,582,80,19.797915563301103,12004.999752808864
4403,0,198,0,0,96896,97467,388.640668,390.643233,2.002565000000004,9.965114761418803,8.7125,11.7875,1,1,1,1,571,80,80,571.0,80.0,571.0,571,80,19.955790042200533,12214.335115214712
4403,0,199,0,0,97467,98081,390.643233,392.647539,2.0043059999999855,9.966710825183114,8.7125,11.7875,1,1,1,1,614,80,80,614.0,81.0,614.0,614,81,19.976338307179503,11901.875262559795
4403,0,200,0,0,98081,98612,392.647539,394.649816,2.0022769999999923,9.924211725869172,8.7125,11.7875,1,1,1,1,531,80,80,531.0,80.0,531.0,531,80,19.87102088183792,12092.732424135169
4403,0,201,0,0,98612,99179,394.649816,396.652092,2.002275999999995,9.984167118787898,8.7125,11.7875,1,1,1,1,567,80,80,567.0,80.0,567.0,567,80,19.991058201937904,12015.825990023384
4403,0,202,0,0,99179,99769,396.652092,398.65437,2.00227799999999,9.948197462088334,8.7125,11.7875,1,1,1,1,590,80,80,590.0,80.0,590.0,590,80,19.91905691799502,12022.806023938796
4403,0,203,0,0,99769,100386,398.65437,400.654394,2.000024000000053,10.147061945582532,8.7125,11.7875,1,1,1,1,617,80,80,617.0,79.0,617.0,617,79,20.29436742065218,12188.853733754871
4403,0,204,0,0,100386,101004,400.654394,402.656404,2.0020099999999843,10.186318777033556,8.7125,11.7875,1,1,1,1,618,80,80,618.0,80.0,618.0,618,80,20.393112054808626,12298.639866933829
4403,0,205,0,0,101004,101601,402.656404,404.661201,2.0047969999999964,10.127414184148215,8.7125,11.7875,1,1,1,1,597,79,79,597.0,81.0,597.0,597,80,20.30340957413773,12197.743711707491
4403,0,206,0,0,101601,102199,404.661201,406.663477,2.002275999999995,10.115465029055791,8.7125,11.7875,1,1,1,1,598,80,80,598.0,80.0,598.0,598,80,20.25395285651757,12359.434963012123
4403,0,207,0,0,102199,102767,406.663477,408.665041,2.0015639999999735,10.178498484207365,8.7125,11.7875,1,1,1,1,568,80,80,568.0,79.0,568.0,568,79,20.3729161400438,12012.106532691594
4403,0,208,0,0,102767,103331,408.665041,410.666565,2.0015240000000176,10.031941085296378,8.7125,11.7875,1,1,1,1,564,80,80,564.0,80.0,564.0,564,80,20.079170848806825,12044.82184575343
4403,0,209,0,0,103331,103922,410.666565,412.670308,2.003742999999986,10.180170660301927,8.7125,11.7875,1,1,1,1,591,80,80,591.0,81.0,591.0,591,81,20.39844569938532,12447.205055738274
4403,0,210,0,0,103922,104000,412.670308,412.92361,0.25330200000001923,10.121528924530258,8.7125,11.7875,1,1,1,1,78,11,11,78.0,10.0,78.0,78,10,2.563803519641624,12558.132190033077
4403,0,211,0,0,104000,104519,412.92361,414.930041,2.0064310000000205,9.956721611330439,8.7125,11.7875,1,1,1,1,519,80,80,519.0,80.0,519.0,519,80,19.977474899343633,12135.976766706532
4403,0,212,0,0,104519,105094,414.930041,416.933975,2.0039339999999584,10.123529480053318,8.7125,11.7875,1,1,1,1,575,80,80,575.0,80.0,575.0,575,80,20.286884925080813,12322.262110429043
4403,0,213,0,0,105094,105695,416.933975,418.934947,2.000972000000047,10.021324671532941,8.7125,11.7875,1,1,1,1,601,80,80,601.0,80.0,601.0,601,80,20.052390070647107,12431.958068378475
4403,0,214,0,0,105695,106269,418.934947,420.937376,2.0024289999999496,10.115383249402921,8.7125,11.7875,1,1,1,1,574,80,80,574.0,80.0,574.0,574,80,20.255336764718322,12367.97908939624
4403,0,215,0,0,106269,106865,420.937376,422.937437,2.0000610000000165,10.017466280292854,8.7125,11.7875,1,1,1,1,596,80,80,596.0,80.0,596.0,596,80,20.03554362602881,11772.140949700937
4403,0,216,0,0,106865,107465,422.937437,424.942366,2.004929000000004,10.07364512974278,8.7125,11.7875,1,1,1,1,600,80,80,600.0,80.0,600.0,600,80,20.196943256330087,11840.818303291513
4403,0,217,0,0,107465,108026,424.942366,426.942769,2.0004030000000057,9.941403138256463,8.7125,11.7875,1,1,1,1,561,80,80,561.0,80.0,561.0,561,80,19.88681266197773,11981.585710479305
4403,0,218,0,0,108026,108619,426.942769,428.9429,2.0001310000000103,10.0127984135013,8.7125,11.7875,1,1,1,1,593,80,80,593.0,80.0,593.0,593,80,20.02690850359477,12103.207239925723
4403,0,219,0,0,108619,109207,428.9429,430.953545,2.010645000000011,9.916303322030874,8.7125,11.7875,1,1,1,1,588,80,80,588.0,80.0,588.0,588,80,19.93816569292494,12053.34606556596
4403,0,220,0,0,109207,109747,430.953545,432.960855,2.0073099999999613,10.001811779010737,8.7125,11.7875,1,1,1,1,540,80,80,541.0,80.0,540.0,540,80,20.07673680212565,11923.918079419951
4403,0,221,0,0,109747,110290,432.960855,434.96349,2.002634999999998,9.961807368651144,8.7125,11.7875,1,1,1,1,543,80,80,543.0,80.0,543.0,543,80,19.949864099718525,11664.631847540877
4403,0,222,0,0,110290,110861,434.96349,436.967056,2.003566000000035,9.907600865922015,8.7125,11.7875,1,1,1,1,571,80,80,571.0,80.0,571.0,571,80,19.850532236532217,12078.963208598858
4403,0,223,0,0,110861,111443,436.967056,438.969306,2.0022500000000036,9.882658072500554,8.7125,11.7875,1,1,1,1,582,80,80,582.0,80.0,582.0,582,80,19.787552125664206,12109.376950930182
4403,0,224,0,0,111443,112026,438.969306,440.970613,2.001306999999997,10.032070881993313,8.7125,11.7875,1,1,1,1,583,80,80,583.0,80.0,583.0,583,80,20.077253680629383,12364.41985162698
4403,0,225,0,0,112026,112549,440.970613,442.979772,2.009159000000011,9.974476277934743,8.7125,11.7875,1,1,1,1,523,80,80,523.0,81.0,523.0,523,81,20.040308784099125,12066.242641821711
4403,0,226,0,0,112549,113166,442.979772,444.98205,2.00227799999999,10.054151595376888,8.7125,11.7875,1,1,1,1,617,80,80,617.0,80.0,617.0,617,80,20.131206548087903,12246.05174706016
4403,0,227,0,0,113166,113762,444.98205,446.982073,2.0000229999999988,10.023852752003664,8.7125,11.7875,1,1,1,1,596,80,80,596.0,79.0,596.0,596,79,20.04793605262057,12259.359017371307
4403,0,228,0,0,113762,114374,446.982073,448.982824,2.0007509999999797,10.040846786601909,8.7125,11.7875,1,1,1,1,612,80,80,612.0,80.0,612.0,612,80,20.08923424914019,12383.849864376052
4403,0,229,0,0,114374,114955,448.982824,450.985619,2.002794999999992,9.946615391434191,8.7125,11.7875,1,1,1,1,581,80,80,581.0,80.0,581.0,581,80,19.921031572887387,11730.107175222674
4403,0,230,0,0,114955,115564,450.985619,452.991155,2.0055360000000064,9.939102127050337,8.7125,11.7875,1,1,1,1,609,80,80,609.0,81.0,609.0,609,81,19.933227123476172,12020.228008871405
4403,0,231,0,0,115564,116157,452.991155,454.991859,2.0007039999999847,10.108575503211005,8.7125,11.7875,1,1,1,1,593,80,80,593.0,79.0,593.0,593,79,20.224267443576082,12021.768337545276
4403,0,232,0,0,116157,116745,454.991859,456.99571,2.0038509999999974,9.979122283974698,8.7125,11.7875,1,1,1,1,588,80,80,588.0,81.0,588.0,588,81,19.996674167864967,12252.90702751853
4403,0,233,0,0,116745,117000,456.99571,457.946798,0.951088000000027,10.079115664756609,8.7125,11.7875,1,1,1,1,255,38,38,256.0,38.0,255.0,255,38,9.586125959362107,11901.106942785187
4403,0,234,0,0,117000,117568,457.946798,459.946951,2.0001530000000116,10.200651418792017,8.7125,11.7875,1,1,1,1,568,80,80,569.0,79.0,568.0,568,79,20.40286353725105,12269.56137855447
4403,0,235,0,0,117568,118145,459.946951,461.950493,2.0035419999999817,10.01032806712596,8.7125,11.7875,1,1,1,1,577,80,80,577.0,80.0,577.0,577,80,20.05611271626549,12020.711320251943
4403,0,236,0,0,118145,118720,461.950493,463.95139,2.000897000000009,9.966648515137894,8.7125,11.7875,1,1,1,1,575,80,80,575.0,80.0,575.0,575,80,19.942237113993997,12066.588135221298
4403,0,237,0,0,118720,119314,463.95139,465.955898,2.004507999999987,9.859837519021601,8.7125,11.7875,1,1,1,1,594,80,80,594.0,81.0,594.0,594,81,19.764123185578683,12140.63500869049
4403,0,238,0,0,119314,119898,465.955898,467.95715,2.0012520000000222,9.869683952962562,8.7125,11.7875,1,1,1,1,584,80,80,584.0,79.0,584.0,584,79,19.751724750234644,12043.960480738924
4403,0,239,0,0,119898,120504,467.95715,469.960452,2.0033019999999624,9.94263817826596,8.7125,11.7875,1,1,1,1,606,80,80,606.0,81.0,606.0,606,81,19.918106947796332,12283.220403114688
4403,0,240,0,0,120504,121092,469.960452,471.962096,2.001643999999999,10.004593943690764,8.7125,11.7875,1,1,1,1,588,80,80,588.0,79.0,588.0,588,79,20.025635439824782,12046.597696693325
4403,0,241,0,0,121092,121714,471.962096,473.965005,2.002909000000045,9.86989710800203,8.7125,11.7875,1,1,1,1,622,80,80,622.0,81.0,622.0,622,81,19.768505746691517,11940.133076440048
4403,0,242,0,0,121714,122319,473.965005,475.965696,2.0006909999999607,9.985310664360195,8.7125,11.7875,1,1,1,1,605,80,80,605.0,79.0,605.0,605,79,19.977521178388997,12197.785665052965
4403,0,243,0,0,122319,122872,475.965696,477.967649,2.0019530000000145,9.921102476223394,8.7125,11.7875,1,1,1,1,553,80,80,553.0,80.0,553.0,553,80,19.861580865583164,12036.746117416256
4403,0,244,0,0,122872,123415,477.967649,479.971837,2.004187999999999,9.901206112287712,8.7125,11.7875,1,1,1,1,543,80,80,543.0,81.0,543.0,543,81,19.843878475773636,12062.740621139339
4403,0,245,0,0,123415,123963,479.971837,481.97302,2.001183000000026,9.97957043706124,8.7125,11.7875,1,1,1,1,548,80,80,548.0,79.0,548.0,548,79,19.970946705950155,12207.779098662983
4403,0,246,0,0,123963,124547,481.97302,483.97639,2.0033699999999612,10.00727015730831,8.7125,11.7875,1,1,1,1,584,80,80,584.0,81.0,584.0,584,81,20.048264815046423,12026.734951606775
4403,0,247,0,0,124547,125121,483.97639,485.978666,2.002275999999995,9.957522437829846,8.7125,11.7875,1,1,1,1,574,80,80,574.0,80.0,574.0,574,80,19.937708196727726,12068.765744582695
4403,0,248,0,0,125121,125690,485.978666,487.97948,2.000814000000048,9.985854322779609,8.7125,11.7875,1,1,1,1,569,80,80,570.0,79.0,569.0,569,79,19.979837130978012,11862.172095956661
4403,0,249,0,0,125690,126254,487.97948,489.983221,2.003740999999991,9.994636266530271,8.7125,11.7875,1,1,1,1,564,80,80,564.0,81.0,564.0,564,81,20.026662467333153,12126.816789195864
4403,0,250,0,0,126254,126876,489.983221,491.983384,2.0001629999999864,10.073853345701794,8.7125,11.7875,1,1,1,1,622,80,80,623.0,79.0,622.0,622,79,20.149348729499252,12371.491723424626
4403,0,251,0,0,126876,127463,491.983384,493.983525,2.000140999999985,9.896210689502407,8.7125,11.7875,1,1,1,1,587,80,80,587.0,80.0,587.0,587,80,19.793816744711876,11889.161814092195
4403,0,252,0,0,127463,128043,493.983525,495.98616,2.002634999999998,9.983504322145924,8.7125,11.7875,1,1,1,1,580,80,80,580.0,80.0,580.0,580,80,19.993315178180637,12038.639092994992
4403,0,253,0,0,128043,128664,495.98616,497.986383,2.0002230000000054,9.97567265034462,8.7125,11.7875,1,1,1,1,621,80,80,621.0,80.0,621.0,621,80,19.953569875689936,12119.148714918254
4403,0,254,0,0,128664,129197,497.986383,499.988253,2.0018699999999967,9.914583096543833,8.7125,11.7875,1,1,1,1,533,80,80,533.0,80.0,533.0,533,80,19.847706463478062,11793.473102649043
4403,0,255,0,0,129197,129757,499.988253,501.989268,2.0010149999999953,9.933734631810463,8.7125,11.7875,1,1,1,1,560,80,80,560.0,80.0,560.0,560,80,19.87755200427182,12029.894828374629
4403,0,256,0,0,129757,130000,501.989268,502.751543,0.7622750000000451,10.015759843751768,8.7125,11.7875,1,1,1,1,243,31,31,244.0,31.0,243.0,243,31,7.634763334895979,12292.151782492467
4403,0,257,0,0,130000,130560,502.751543,504.755643,2.004099999999994,9.955133286546916,8.7125,11.7875,1,1,1,1,560,80,80,561.0,80.0,560.0,560,80,19.951082619568297,11961.977945212351
4403,0,258,0,0,130560,131145,504.755643,506.758881,2.0032379999999534,10.08718841484396,8.7125,11.7875,1,1,1,1,585,80,80,585.0,80.0,585.0,585,80,20.207039145774615,12203.742141473238
4403,0,259,0,0,131145,131706,506.758881,508.761589,2.002708000000041,9.940223338974258,8.7125,11.7875,1,1,1,1,561,80,80,561.0,80.0,561.0,561,80,19.907364802750635,12187.997451450487
4403,0,260,0,0,131706,132286,508.761589,510.771834,2.0102449999999976,9.971575629108218,8.7125,11.7875,1,1,1,1,580,80,80,580.0,80.0,580.0,580,80,20.0453100505365,12071.662906760135
4403,0,261,0,0,132286,132893,510.771834,512.776165,2.004330999999979,10.064428503364596,8.7125,11.7875,1,1,1,1,607,80,80,607.0,80.0,607.0,607,80,20.172446046576624,12195.590448883071
4403,0,262,0,0,132893,133464,512.776165,514.778751,2.002586000000065,9.967353727416317,8.7125,11.7875,1,1,1,1,571,80,80,571.0,80.0,571.0,571,80,19.96048303157204,12018.460131050162
4403,0,263,0,0,133464,134069,514.778751,516.780279,2.001527999999894,9.959089702482515,8.7125,11.7875,1,1,1,1,605,80,80,605.0,80.0,605.0,605,80,19.9333968940291,12022.314951377786
4403,0,264,0,0,134069,134641,516.780279,518.781498,2.0012190000001056,9.972885876427709,8.7125,11.7875,1,1,1,1,572,80,80,573.0,80.0,572.0,572,80,19.957928700740013,11856.273601239418
4403,0,265,0,0,134641,135210,518.781498,520.788561,2.007062999999903,10.052495281196688,8.7125,11.7875,1,1,1,1,569,80,80,569.0,80.0,569.0,569,80,20.17599133656313,12141.621862393547
4403,0,266,0,0,135210,135769,520.788561,522.793216,2.0046550000000707,9.956172665357672,8.7125,11.7875,1,1,1,1,559,80,80,559.0,80.0,559.0,559,80,19.95869131447307,11944.199874791002
4403,0,267,0,0,135769,136349,522.793216,524.795662,2.0024459999999635,9.928802067985485,8.7125,11.7875,1,1,1,1,580,80,80,580.0,80.0,580.0,580,80,19.88188998582882,12018.301617122479
4403,0,268,0,0,136349,136909,524.795662,526.798326,2.0026639999999816,9.851205541098578,8.7125,11.7875,1,1,1,1,560,80,80,561.0,80.0,560.0,560,80,19.72865469375847,12126.847039743174
4403,0,269,0,0,136909,137459,526.798326,528.802361,2.0040350000000444,9.961013396277211,8.7125,11.7875,1,1,1,1,550,80,80,550.0,81.0,550.0,550,81,19.96221948160928,11864.56324365566
4403,0,270,0,0,137459,138021,528.802361,530.80464,2.0022789999999304,9.993311542046268,8.7125,11.7875,1,1,1,1,562,80,80,562.0,80.0,562.0,562,80,20.00939784109596,11885.45652229326
4403,0,271,0,0,138021,138604,530.80464,532.804624,1.9999840000000404,9.93344252766298,8.7125,11.7875,1,1,1,1,583,80,80,583.0,79.0,583.0,583,79,19.866726120246312,12293.598348786541
4403,0,272,0,0,138604,139203,532.804624,534.808511,2.0038869999999633,9.94233946779802,8.7125,11.7875,1,1,1,1,599,80,80,599.0,80.0,599.0,599,80,19.923324809106816,12046.088427142071
4403,0,273,0,0,139203,139813,534.808511,536.811468,2.0029570000000376,9.87216226187286,8.7125,11.7875,1,1,1,1,610,80,80,610.0,81.0,610.0,610,81,19.773516507554632,11793.563216783763
4403,0,274,0,0,139813,140354,536.811468,538.81223,2.000762000000009,9.884345001201368,8.7125,11.7875,1,1,1,1,541,80,80,541.0,79.0,541.0,541,79,19.776221873294162,11681.54932970533
4403,0,275,0,0,140354,140930,538.81223,540.813672,2.0014419999999973,9.860070832557957,8.7125,11.7875,1,1,1,1,576,80,80,576.0,80.0,576.0,576,80,19.734359887256687,12123.259130167165
4403,0,276,0,0,140930,141532,540.813672,542.814877,2.001205000000027,9.850958409884683,8.7125,11.7875,1,1,1,1,602,80,80,603.0,80.0,602.0,602,80,19.71378722465397,11840.366179376764
4403,0,277,0,0,141532,142123,542.814877,544.81719,2.0023129999999583,9.956665464780308,8.7125,11.7875,1,1,1,1,591,80,80,591.0,80.0,591.0,591,80,19.936360696779957,12122.979773891748
4403,0,278,0,0,142123,142711,544.81719,546.817887,2.0006970000000592,10.00970750018066,8.7125,11.7875,1,1,1,1,588,80,80,588.0,80.0,588.0,588,80,20.026391766489724,12170.758490665643
4403,0,279,0,0,142711,143000,546.817887,547.748661,0.9307739999999285,9.903646897313225,8.7125,11.7875,1,1,1,1,289,37,37,289.0,37.0,289.0,289,37,9.218057037199287,12049.111814469314
4403,0,280,0,0,143000,143595,547.748661,549.749323,2.000662000000034,9.9742028328082,8.7125,11.7875,1,1,1,1,595,79,79,597.0,80.0,595.0,595,79,19.955008587891825,12042.014093334901
4403,0,281,0,0,143595,144214,549.749323,551.753458,2.0041350000000193,10.055203586445302,8.7125,11.7875,1,1,1,1,619,80,80,619.0,81.0,619.0,619,81,20.151985439721102,11865.468144610903
4403,0,282,0,0,144214,144824,551.753458,553.755736,2.002277999999933,9.87617363081584,8.7125,11.7875,1,1,1,1,610,80,80,611.0,80.0,610.0,610,80,19.77484518516212,11926.91524353801
4403,0,283,0,0,144824,145396,553.755736,555.756006,2.0002700000000004,10.015137303655836,8.7125,11.7875,1,1,1,1,572,80,80,572.0,79.0,572.0,572,79,20.032978694383928,12349.832772575699
4403,0,284,0,0,145396,145983,555.756006,557.76029,2.004284000000098,9.988393247409116,8.7125,11.7875,1,1,1,1,587,80,80,587.0,81.0,587.0,587,81,20.0195767714913,12102.576281604212
4403,0,285,0,0,145983,146567,557.76029,559.762567,2.0022769999999355,9.96688482640403,8.7125,11.7875,1,1,1,1,584,80,80,584.0,80.0,584.0,584,80,19.95646424955703,11980.859791128187
4403,0,286,0,0,146567,147127,559.762567,561.764,2.00143300000002,9.801752457878473,8.7125,11.7875,1,1,1,1,560,80,80,560.0,79.0,560.0,560,79,19.617550827028936,11708.11113836924
4403,0,287,0,0,147127,147718,561.764,563.767122,2.003121999999962,9.915580513735405,8.7125,11.7875,1,1,1,1,591,80,80,591.0,81.0,591.0,591,81,19.86211746983463,12078.645234788724
4403,0,288,0,0,147718,148301,563.767122,565.768266,2.0011440000000675,9.857188811892154,8.7125,11.7875,1,1,1,1,583,80,80,583.0,79.0,583.0,583,79,19.725654247786224,12012.628776339528
4403,0,289,0,0,148301,148875,565.768266,567.769501,2.0012349999999515,9.912305282831214,8.7125,11.7875,1,1,1,1,574,80,80,574.0,80.0,574.0,574,80,19.83685226268608,12038.066493940283
4403,0,290,0,0,148875,149440,567.769501,569.771397,2.001895999999988,10.04229228286672,8.7125,11.7875,1,1,1,1,565,80,80,565.0,80.0,565.0,565,80,20.103624751901407,12144.487026299143
4403,0,291,0,0,149440,150043,569.771397,571.776227,2.00482999999997,9.957087444907492,8.7125,11.7875,1,1,1,1,603,80,80,603.0,81.0,603.0,603,81,19.962267622173385,12461.405705222076
4403,0,292,0,0,150043,150581,571.776227,573.778504,2.002277000000049,9.831007429457394,8.7125,11.7875,1,1,1,1,538,80,80,538.0,80.0,538.0,538,80,19.684400062832538,11946.399024710074
4403,0,293,0,0,150581,151144,573.778504,575.780781,2.002277000000049,9.991760121593146,8.7125,11.7875,1,1,1,1,563,80,80,563.0,80.0,563.0,563,80,20.00627148098374,12277.522041155842
4403,0,294,0,0,151144,151753,575.780781,577.783059,2.002277999999933,9.925403792943039,8.7125,11.7875,1,1,1,1,609,80,80,609.0,80.0,609.0,609,80,19.87341765572546,12311.976658586284
4403,0,295,0,0,151753,152337,577.783059,579.784276,2.001216999999997,9.916714354057678,8.7125,11.7875,1,1,1,1,584,80,80,584.0,79.0,584.0,584,79,19.845497349484504,11931.739536492063
4403,0,296,0,0,152337,152920,579.784276,581.786432,2.0021560000000136,10.017333277007198,8.7125,11.7875,1,1,1,1,583,80,80,583.0,80.0,583.0,583,80,20.05626392455997,11911.659231348525
4403,0,297,0,0,152920,153484,581.786432,583.789889,2.003457000000026,9.888781858823023,8.7125,11.7875,1,1,1,1,564,80,80,564.0,81.0,564.0,564,81,19.811749236532705,11785.129403825336
4403,0,298,0,0,153484,154088,583.789889,585.792165,2.002275999999938,10.020543353143015,8.7125,11.7875,1,1,1,1,604,80,80,605.0,80.0,604.0,604,80,20.063893462956912,12262.04579188921
4403,0,299,0,0,154088,154693,585.792165,587.794443,2.0022780000000466,9.963080999475348,8.7125,11.7875,1,1,1,1,605,80,80,605.0,80.0,605.0,605,80,19.94885789746786,12121.193960079187
4403,0,300,0,0,154693,155276,587.794443,589.796011,2.00156800000002,10.033598884690829,8.7125,11.7875,1,1,1,1,583,80,80,584.0,79.0,583.0,583,79,20.082930452433175,12082.02769029069
4403,0,301,0,0,155276,155880,589.796011,591.798995,2.0029839999999695,9.932689418530765,8.7125,11.7875,1,1,1,1,604,80,80,604.0,81.0,604.0,604,81,19.895017982285935,11844.32826223293
4403,0,302,0,0,155880,156000,591.798995,592.19994,0.4009449999999788,9.837480494221005,8.7125,11.7875,1,1,1,1,120,17,17,120.0,16.0,120.0,120,16,3.9442886167553297,12121.363279253406
4403,0,303,0,0,156000,156604,592.19994,594.201729,2.0017890000000307,9.961980431396537,8.7125,11.7875,1,1,1,1,604,79,79,605.0,80.0,604.0,604,80,19.941782845785383,12207.580319404105
4403,0,304,0,0,156604,157179,594.201729,596.203341,2.001612000000023,10.001002673558036,8.7125,11.7875,1,1,1,1,575,80,80,575.0,79.0,575.0,575,79,20.018126963425857,12136.218208124114
4403,0,305,0,0,157179,157755,596.203341,598.206276,2.0029349999999795,9.970020316692075,8.7125,11.7875,1,1,1,1,576,80,80,577.0,81.0,577.0,576,80,19.96930264301318,11951.461230644152
4403,0,306,0,0,157755,158360,598.206276,600.20856,2.0022840000000315,9.884210838911713,8.7125,11.7875,1,1,1,1,605,80,80,604.0,80.0,604.0,605,81,19.79099721538023,12023.768855966297
4403,0,307,0,0,158360,158948,600.20856,602.210836,2.002275999999938,9.958042841755086,8.7125,11.7875,1,1,1,1,588,80,80,588.0,80.0,588.0,588,80,19.93875018901781,11850.014683290783
4403,0,308,0,0,158948,159570,602.210836,604.213112,2.0022760000000517,10.08647853043513,8.7125,11.7875,1,1,1,1,622,80,80,622.0,80.0,622.0,622,80,20.195913886005656,12418.367897332515
4403,0,309,0,0,159570,160154,604.213112,606.215391,2.0022789999999304,9.94824462966809,8.7125,11.7875,1,1,1,1,584,80,80,584.0,80.0,584.0,584,80,19.919161308846924,12019.80343398739
4403,0,310,0,0,160154,160702,606.215391,608.217666,2.002275000000054,9.847409789713423,8.7125,11.7875,1,1,1,1,548,80,80,548.0,80.0,548.0,548,80,19.71722243669865,11795.083092981415
4403,0,311,0,0,160702,161268,608.217666,610.219371,2.0017050000000154,10.025637550313174,8.7125,11.7875,1,1,1,1,566,80,80,566.0,79.0,566.0,566,79,20.06836881265008,12197.601544683064
4403,0,312,0,0,161268,161823,610.219371,612.22104,2.0016689999999926,10.082972093590167,8.7125,11.7875,1,1,1,1,555,80,80,555.0,80.0,555.0,555,80,20.182772667604695,11982.00102014873
4403,0,313,0,0,161823,162410,612.22104,614.224496,2.0034560000000283,9.935127378830579,8.7125,11.7875,1,1,1,1,587,80,80,587.0,81.0,587.0,587,81,19.90459055788233,12061.15831842559
4403,0,314,0,0,162410,163010,614.224496,616.226772,2.002275999999938,9.982605907013289,8.7125,11.7875,1,1,1,1,600,80,80,600.0,80.0,600.0,600,80,19.987932225069926,12380.411092177486
4403,0,315,0,0,163010,163579,616.226772,618.22905,2.0022780000000466,10.07475957022055,8.7125,11.7875,1,1,1,1,569,80,80,569.0,80.0,569.0,569,80,20.172469442742113,12047.278150186656
4403,0,316,0,0,163579,164191,618.22905,620.23105,2.0019999999999527,10.046048460240629,8.7125,11.7875,1,1,1,1,612,80,80,612.0,79.0,612.0,612,79,20.11218901740085,12130.869130869418
4403,0,317,0,0,164191,164742,620.23105,622.231471,2.000421000000074,10.03835656327765,8.7125,11.7875,1,1,1,1,551,80,80,551.0,80.0,551.0,551,80,20.080939274669618,12019.469901585271
4403,0,318,0,0,164742,165319,622.231471,624.235882,2.004410999999891,9.955697800145533,8.7125,11.7875,1,1,1,1,577,80,80,577.0,81.0,577.0,577,81,19.9553101832862,12081.35457249103
4403,0,319,0,0,165319,165925,624.235882,626.236557,2.000675000000001,9.93867140044465,8.7125,11.7875,1,1,1,1,606,80,80,606.0,79.0,606.0,606,79,19.884051404084857,11776.525422669842
4403,0,320,0,0,165925,166510,626.236557,628.24016,2.0036029999999982,9.916886522042978,8.7125,11.7875,1,1,1,1,585,80,80,585.0,80.0,585.0,585,80,19.86950358622471,11771.294013834087
4403,0,321,0,0,166510,167089,628.24016,630.242709,2.0025490000000445,9.983092304354392,8.7125,11.7875,1,1,1,1,579,80,80,579.0,81.0,579.0,579,81,19.991631510993102,12140.526898467633
4403,0,322,0,0,167089,167679,630.242709,632.243028,2.0003189999999904,9.944104581204517,8.7125,11.7875,1,1,1,1,590,80,80,590.0,79.0,590.0,590,79,19.89138133177039,12268.543167364864
4403,0,323,0,0,167679,168256,632.243028,634.245963,2.0029349999999795,9.94525724002277,8.7125,11.7875,1,1,1,1,577,80,80,577.0,80.0,577.0,577,80,19.919703810044666,12036.8359432534
4403,0,324,0,0,168256,168837,634.245963,636.249541,2.0035780000000614,10.054305227961462,8.7125,11.7875,1,1,1,1,581,80,80,582.0,81.0,581.0,581,81,20.14458476002892,12036.965868061669
4403,0,325,0,0,168837,169000,636.249541,636.800178,0.5506369999999379,9.973315843202528,8.7125,11.7875,1,1,1,1,163,22,22,163.0,22.0,163.0,163,22,5.491676715952963,11911.658678949543
4403,0,326,0,0,169000,169573,636.800178,638.801542,2.0013640000000805,9.995814322590336,8.7125,11.7875,1,1,1,1,573,80,80,573.0,79.0,573.0,573,79,20.005262935917926,11723.504569882867
4403,0,327,0,0,169573,170110,638.801542,640.80309,2.001547999999957,10.088307455593823,8.7125,11.7875,1,1,1,1,537,80,80,537.0,80.0,537.0,537,80,20.19223161112859,12073.654991037196
4403,0,328,0,0,170110,170655,640.80309,642.806998,2.003908000000024,9.894503111431764,8.7125,11.7875,1,1,1,1,545,80,80,545.0,81.0,545.0,545,81,19.827673941023022,11773.99361647327
4403,0,329,0,0,170655,171252,642.806998,644.809275,2.0022769999999355,9.886274298686875,8.7125,11.7875,1,1,1,1,597,80,80,597.0,80.0,597.0,597,80,19.79505964395139,12079.24777640695
4403,0,330,0,0,171252,171853,644.809275,646.81155,2.002275000000054,9.873534079793808,8.7125,11.7875,1,1,1,1,601,80,80,602.0,80.0,601.0,601,80,19.769530449620106,12207.613839257514
4403,0,331,0,0,171853,172420,646.81155,648.811524,1.999973999999952,9.93791976219753,8.7125,11.7875,1,1,1,1,567,80,80,567.0,79.0,567.0,567,79,19.87558113848081,12192.158498060768
4403,0,332,0,0,172420,172996,648.811524,650.81369,2.0021659999999883,9.922461397147416,8.7125,11.7875,1,1,1,1,576,80,80,576.0,80.0,576.0,576,80,19.866414845680993,12137.854703356335
4403,0,333,0,0,172996,173595,650.81369,652.818382,2.004692000000091,9.946376574131719,8.7125,11.7875,1,1,1,1,599,80,80,599.0,81.0,599.0,599,81,19.939421547150232,12187.907169779144
4403,0,334,0,0,173595,174162,652.818382,654.820659,2.0022769999999355,9.958194085197599,8.7125,11.7875,1,1,1,1,567,80,80,567.0,80.0,567.0,567,80,19.939062978326547,12082.74379618843
4403,0,335,0,0,174162,174768,654.820659,656.822935,2.0022760000000517,9.965484617881486,8.7125,11.7875,1,1,1,1,606,80,80,606.0,80.0,606.0,606,80,19.953650678753547,12186.631613223837
4403,0,336,0,0,174768,175289,656.822935,658.825212,2.0022769999999355,9.954291057709678,8.7125,11.7875,1,1,1,1,521,80,80,521.0,80.0,521.0,521,80,19.93124803615683,11999.33875283029
4403,0,337,0,0,175289,175873,658.825212,660.826273,2.0010610000000497,9.891957233796743,8.7125,11.7875,1,1,1,1,584,80,80,585.0,79.0,584.0,584,79,19.79440983421864,11788.746070209461
4403,0,338,0,0,175873,176447,660.826273,662.829769,2.003496000000041,9.925311238667957,8.7125,11.7875,1,1,1,1,574,80,80,574.0,81.0,574.0,574,81,19.885321365426535,11919.165299057004
4403,0,339,0,0,176447,177034,662.829769,664.832046,2.0022769999999355,9.943778903675549,8.7125,11.7875,1,1,1,1,587,80,80,587.0,80.0,587.0,587,80,19.910199791914238,12022.31259710858
4403,0,340,0,0,177034,177593,664.832046,666.834325,2.002279000000044,9.957715966910985,8.7125,11.7875,1,1,1,1,559,80,80,559.0,80.0,559.0,559,80,19.93812556851117,12091.222052470943
4403,0,341,0,0,177593,178183,666.834325,668.835299,2.0009739999999283,10.162748521297514,8.7125,11.7875,1,1,1,1,590,80,80,590.0,79.0,590.0,590,79,20.33539555965399,12451.935907213634
4403,0,342,0,0,178183,178815,668.835299,670.835564,2.000265000000013,10.138361123491595,8.7125,11.7875,1,1,1,1,632,80,80,633.0,80.0,632.0,632,80,20.279408912680992,12459.349136239367
4403,0,343,0,0,178815,179360,670.835564,672.836742,2.0011779999999817,10.075349683952362,8.7125,11.7875,1,1,1,1,545,80,80,545.0,80.0,545.0,545,80,20.162568129831925,12053.400547077881
4403,0,344,0,0,179360,179949,672.836742,674.843431,2.0066890000000512,10.023125622957911,8.7125,11.7875,1,1,1,1,589,80,80,589.0,81.0,589.0,589,81,20.113295933208065,12144.383110686
4403,0,345,0,0,179949,180502,674.843431,676.845709,2.0022780000000466,9.975050277793802,8.7125,11.7875,1,1,1,1,553,80,80,553.0,80.0,553.0,553,80,19.972823720120687,11916.926620578883
4403,0,346,0,0,180502,181068,676.845709,678.847985,2.002275999999938,9.971365182234111,8.7125,11.7875,1,1,1,1,566,80,80,566.0,80.0,566.0,566,80,19.96542519162267,11879.481150451154
4403,0,347,0,0,181068,181640,678.847985,680.848032,2.000046999999995,9.934073438562539,8.7125,11.7875,1,1,1,1,572,80,80,572.0,79.0,572.0,572,79,19.86861377857622,11962.218887856165
4403,0,348,0,0,181640,182000,680.848032,682.112621,1.2645890000000009,9.903345256461412,8.7125,11.7875,1,1,1,1,360,51,51,360.0,51.0,360.0,360,51,12.523661474523578,11745.318044044341
4403,0,349,0,0,182000,182583,682.112621,684.119009,2.0063880000000154,9.85997060348082,8.7125,11.7875,1,1,1,1,583,80,80,584.0,80.0,583.0,583,80,19.78292669917664,11860.617188699203
4403,0,350,0,0,182583,183221,684.119009,686.126774,2.0077649999999494,9.938867792030884,8.7125,11.7875,1,1,1,1,638,80,80,638.0,80.0,638.0,638,80,19.954910892466614,11993.933552980856
4403,0,351,0,0,183221,183827,686.126774,688.12686,2.0000860000000102,10.003120879348039,8.7125,11.7875,1,1,1,1,606,80,80,606.0,80.0,606.0,606,80,20.007102027091605,12331.96972530175
4403,0,352,0,0,183827,184424,688.12686,690.128786,2.001926000000026,10.053543503459954,8.7125,11.7875,1,1,1,1,597,80,80,597.0,80.0,597.0,597,80,20.126450131708225,11880.559021661986
4403,0,353,0,0,184424,185011,690.128786,692.138097,2.009311000000025,10.121117198536147,8.7125,11.7875,1,1,1,1,587,80,80,587.0,81.0,587.0,587,81,20.336472119308382,12226.579160717127
4403,0,354,0,0,185011,185554,692.138097,694.138109,2.0000119999999697,9.981914791641543,8.7125,11.7875,1,1,1,1,543,80,80,543.0,79.0,543.0,543,79,19.96394936625984,11989.92806043182
4403,0,355,0,0,185554,186169,694.138109,696.141048,2.0029389999999694,9.942116371391784,8.7125,11.7875,1,1,1,1,615,80,80,615.0,80.0,615.0,615,80,19.913452622799014,12241.511099439562
4403,0,356,0,0,186169,186745,696.141048,698.141954,2.0009060000001,9.81147007186982,8.7125,11.7875,1,1,1,1,576,80,80,576.0,80.0,576.0,576,80,19.631829335625298,11989.56872536681
4403,0,357,0,0,186745,187316,698.141954,700.147205,2.00525099999993,9.897513951508483,8.7125,11.7875,1,1,1,1,571,80,80,571.0,81.0,571.0,571,81,19.846999748775488,11762.617248414697
4403,0,358,0,0,187316,187855,700.147205,702.149483,2.0022780000000466,9.910988618619829,8.7125,11.7875,1,1,1,1,539,80,80,539.0,80.0,539.0,539,80,19.844554469313152,11981.353238660886
4403,0,359,0,0,187855,188465,702.149483,704.151759,2.002275999999938,9.893200512704828,8.7125,11.7875,1,1,1,1,610,80,80,610.0,80.0,610.0,610,80,19.808917949775605,12082.25039904626
4403,0,360,0,0,188465,189026,704.151759,706.152798,2.0010389999999916,9.936481778116434,8.7125,11.7875,1,1,1,1,561,80,80,561.0,79.0,561.0,561,79,19.883287560800454,11593.976928985441
4403,0,361,0,0,189026,189637,706.152798,708.153433,2.0006349999999884,9.91850179601951,8.7125,11.7875,1,1,1,1,611,80,80,611.0,80.0,611.0,611,80,19.843301840679487,12175.6342361301
4403,0,362,0,0,189637,190209,708.153433,710.158589,2.0051560000000563,9.940689557733041,8.7125,11.7875,1,1,1,1,572,80,80,572.0,81.0,572.0,572,81,19.93263331082653,11862.917398945185
4403,0,363,0,0,190209,190830,710.158589,712.160468,2.001879000000031,10.055492714599692,8.7125,11.7875,1,1,1,1,621,80,80,621.0,79.0,621.0,621,79,20.12987970001086,12028.699037254315
4403,0,364,0,0,190830,191412,712.160468,714.160448,1.9999799999999368,9.97884122948794,8.7125,11.7875,1,1,1,1,582,80,80,582.0,80.0,582.0,582,80,19.957482882150543,12053.620536205743
4403,0,365,0,0,191412,192028,714.160448,716.162548,2.0021000000000413,9.972068761997887,8.7125,11.7875,1,1,1,1,616,80,80,616.0,80.0,616.0,616,80,19.96507886839663,11970.431047399983
4403,0,366,0,0,192028,192652,716.162548,718.167696,2.005147999999963,10.149163495696387,8.7125,11.7875,1,1,1,1,624,80,80,624.0,81.0,624.0,624,81,20.350574885068454,12359.187451500069
4403,0,367,0,0,192652,193209,718.167696,720.168763,2.0010670000000346,9.965245290777558,8.7125,11.7875,1,1,1,1,557,80,80,557.0,79.0,557.0,557,79,19.94112349828083,11934.13313996962
4403,0,368,0,0,193209,193748,720.168763,722.171169,2.002405999999951,9.980409147352088,8.7125,11.7875,1,1,1,1,539,80,80,539.0,80.0,539.0,539,80,19.98483115911222,11761.351094633445
4403,0,369,0,0,193748,194351,722.171169,724.174528,2.003359000000046,10.095796906896037,8.7125,11.7875,1,1,1,1,603,80,80,603.0,81.0,603.0,603,81,20.225505595602954,12218.479064411042
4403,0,370,0,0,194351,194906,724.174528,726.176802,2.002273999999943,9.663867964452498,8.7125,11.7875,1,1,1,1,555,80,80,555.0,80.0,555.0,555,80,19.34971156465599,11765.123055086702
4403,0,371,0,0,194906,195000,726.176802,726.471091,0.2942890000000489,9.636114810742368,8.7125,11.7875,1,1,1,1,94,12,12,94.0,11.0,94.0,94,11,2.835802591538595,11570.25916700738
4403,0,372,0,0,195000,195586,726.471091,728.471062,1.9999709999999595,9.681392160378243,8.7125,11.7875,1,1,1,1,586,80,80,586.0,80.0,586.0,586,80,19.36250356038363,11598.16817343875
4403,0,373,0,0,195586,196126,728.471062,730.473347,2.002285000000029,9.774505343857903,8.7125,11.7875,1,1,1,1,540,80,80,540.0,80.0,540.0,540,80,19.571345432426824,11791.528179055258
4403,0,374,0,0,196126,196691,730.473347,732.473917,2.000570000000039,9.820065105035583,8.7125,11.7875,1,1,1,1,565,80,80,565.0,80.0,565.0,565,80,19.645727647181047,11853.621717810194
4403,0,375,0,0,196691,197268,732.473917,734.475655,2.001737999999932,9.806274439103866,8.7125,11.7875,1,1,1,1,577,80,80,577.0,80.0,577.0,577,80,19.629592183182467,11916.14487010828
4403,0,376,0,0,197268,197861,734.475655,736.478095,2.0024400000000924,9.773295250212138,8.7125,11.7875,1,1,1,1,593,80,80,593.0,80.0,593.0,593,80,19.57043734083527,12075.767563571884
4403,0,377,0,0,197861,198408,736.478095,738.481275,2.0031799999999294,9.672380008211995,8.7125,11.7875,1,1,1,1,547,80,80,548.0,80.0,547.0,547,80,19.37551818484917,11698.399544724301
4403,0,378,0,0,198408,198978,738.481275,740.491111,2.009836000000064,9.733214079000579,8.7125,11.7875,1,1,1,1,570,80,80,570.0,80.0,570.0,570,80,19.562164051682885,11705.43268206921
4403,0,379,0,0,198978,199542,740.491111,742.491787,2.0006759999999986,9.73856744329139,8.7125,11.7875,1,1,1,1,564,80,80,564.0,80.0,564.0,564,80,19.48371815817427,11604.077821696275
4403,0,380,0,0,199542,200112,742.491787,744.496019,2.004232000000002,9.782144716696623,8.7125,11.7875,1,1,1,1,570,80,80,570.0,80.0,570.0,570,80,19.605687469834265,11816.99523807622
4403,0,381,0,0,200112,200656,744.496019,746.499914,2.003894999999943,9.72141155979241,8.7125,11.7875,1,1,1,1,544,80,80,544.0,81.0,544.0,544,81,19.480688017609282,11508.087998623008
4403,0,382,0,0,200656,201174,746.499914,748.501918,2.0020040000000563,9.636155000739427,8.7125,11.7875,1,1,1,1,518,80,80,518.0,79.0,518.0,518,79,19.291620856100963,11494.982028007613
4403,0,383,0,0,201174,201785,748.501918,750.504467,2.002548999999931,9.795148031890372,8.7125,11.7875,1,1,1,1,611,80,80,611.0,81.0,611.0,611,81,19.615263896112992,11984.22610383108
4403,0,384,0,0,201785,202342,750.504467,752.506743,2.0022760000000517,9.968659081823755,8.7125,11.7875,1,1,1,1,557,80,80,557.0,80.0,557.0,557,80,19.9600068317186,11950.89987594087
4403,0,385,0,0,202342,202954,752.506743,754.50902,2.0022769999999355,9.927178026760268,8.7125,11.7875,1,1,1,1,612,80,80,612.0,80.0,612.0,612,80,19.876960237887033,12007.82908658531
4403,0,386,0,0,202954,203555,754.50902,756.511298,2.0022780000000466,9.900736671538372,8.7125,11.7875,1,1,1,1,601,80,80,601.0,80.0,601.0,601,80,19.824027221215147,12134.678601073096
4403,0,387,0,0,203555,204114,756.511298,758.513573,2.0022749999999405,9.943528442659138,8.7125,11.7875,1,1,1,1,559,80,80,559.0,80.0,559.0,559,80,19.909678412524954,11929.430273064743
4403,0,388,0,0,204114,204679,758.513573,760.515568,2.001995000000079,9.884100639048448,8.7125,11.7875,1,1,1,1,565,80,80,565.0,79.0,565.0,565,79,19.78792005887226,11805.224288771484
4403,0,389,0,0,204679,205252,760.515568,762.515573,2.0000049999999874,9.792515332976603,8.7125,11.7875,1,1,1,1,573,80,80,573.0,80.0,573.0,573,80,19.585079628529456,11756.970607573556
4403,0,390,0,0,205252,205820,762.515573,764.517707,2.0021339999999554,9.886966727477303,8.7125,11.7875,1,1,1,1,568,80,80,568.0,80.0,568.0,568,80,19.79503224195105,12159.525785986623
4403,0,391,0,0,205820,206390,764.517707,766.522682,2.0049750000000586,9.836641546140772,8.7125,11.7875,1,1,1,1,570,80,80,570.0,81.0,570.0,570,81,19.722220383973763,11759.747627775563
4403,0,392,0,0,206390,206937,766.522682,768.523404,2.000721999999996,9.997554150535295,8.7125,11.7875,1,1,1,1,547,80,80,547.0,79.0,547.0,547,79,20.002326535167413,12080.139069795827
4403,0,393,0,0,206937,207497,768.523404,770.527234,2.0038299999999936,9.876784788535632,8.7125,11.7875,1,1,1,1,560,80,80,560.0,81.0,560.0,560,81,19.791397662811505,12123.782955639988
4403,0,394,0,0,207497,208000,770.527234,772.212085,1.6848509999999806,9.804774016300268,8.7125,11.7875,1,1,1,1,503,68,68,503.0,67.0,503.0,503,67,16.519583306137065,11792.14067000597
4403,0,395,0,0,208000,208608,772.212085,774.219043,2.006958000000054,9.841441304870667,8.7125,11.7875,1,1,1,1,608,80,80,608.0,80.0,608.0,608,80,19.75135935834078,11951.421006318693
4403,0,396,0,0,208608,209192,774.219043,776.220219,2.0011759999999867,9.814077330448901,8.7125,11.7875,1,1,1,1,584,80,80,584.0,80.0,584.0,584,80,19.639696015838126,11840.537763794968
4403,0,397,0,0,209192,209745,776.220219,778.220517,2.0002979999999297,9.957907124292715,8.7125,11.7875,1,1,1,1,553,80,80,553.0,80.0,553.0,553,80,19.918781704907815,12059.203178726793
4403,0,398,0,0,209745,210322,778.220517,780.227135,2.006618000000003,9.846192030803463,8.7125,11.7875,1,1,1,1,577,80,80,577.0,80.0,577.0,577,80,19.757546160466518,11631.012978055596
4403,0,399,0,0,210322,210928,780.227135,782.230017,2.0028819999999996,10.139463223242107,8.7125,11.7875,1,1,1,1,606,80,80,606.0,80.0,606.0,606,80,20.308148379494014,12205.911281842868
4403,0,400,0,0,210928,211530,782.230017,784.234662,2.0046449999999822,10.115380746825569,8.7125,11.7875,1,1,1,1,602,80,80,602.0,80.0,602.0,602,80,20.27774743721966,12395.212119851754
4403,0,401,0,0,211530,212156,784.234662,786.240175,2.0055130000000645,10.106461555757807,8.7125,11.7875,1,1,1,1,626,80,80,626.0,80.0,626.0,626,80,20.26864003407354,12207.350438515838
4403,0,402,0,0,212156,212773,786.240175,788.241839,2.001664000000005,10.07966519797591,8.7125,11.7875,1,1,1,1,617,80,80,618.0,80.0,617.0,617,80,20.17610295884151,12113.421633201146
4403,0,403,0,0,212773,213369,788.241839,790.247688,2.005849000000012,10.137683609834713,8.7125,11.7875,1,1,1,1,596,80,80,596.0,80.0,596.0,596,80,20.334662531103277,12371.32007444222
4403,0,404,0,0,213369,213979,790.247688,792.247765,2.0000769999999193,10.117519280499245,8.7125,11.7875,1,1,1,1,610,80,80,610.0,80.0,610.0,610,80,20.235817609982405,12391.522926367836
4403,0,405,0,0,213979,214549,792.247765,794.254216,2.0064510000000837,10.177958916251486,8.7125,11.7875,1,1,1,1,570,80,80,571.0,81.0,570.0,570,81,20.421575845472944,12026.70785381701
4403,0,406,0,0,214549,215102,794.254216,796.256479,2.002262999999971,10.192029334781584,8.7125,11.7875,1,1,1,1,553,80,80,555.0,80.0,555.0,553,79,20.40712323194748,12301.58076136869
4403,0,407,0,0,215102,215368,796.256479,798.258769,2.0022900000000163,4.321362933990927,8.7125,11.7875,1,0,0,1,266,80,80,264.0,80.0,264.0,266,81,8.652621789100522,4839.958247806222
4403,0,408,0,0,215368,215448,798.258769,800.261046,2.0022769999999355,0.9805022978525824,8.7125,11.7875,1,0,0,0,80,80,80,80.0,80.0,80.0,80,80,1.9632371994375717,440.9979238636954
4403,0,409,0,0,215448,215528,800.261046,802.263323,2.002277000000049,0.9820114684811996,8.7125,11.7875,1,0,0,0,80,80,80,80.0,80.0,80.0,80,80,1.966258977075995,449.48825761869006
4403,0,410,0,0,215528,215608,802.263323,804.265601,2.002277999999933,0.9827396385035267,8.7125,11.7875,1,0,0,0,80,80,80,80.0,80.0,80.0,80,80,1.9677179579039148,451.98518886989234
4403,0,411,0,0,215608,215688,804.265601,806.267877,2.0022760000000517,0.9826883883289721,8.7125,11.7875,1,0,0,0,80,80,80,80.0,80.0,80.0,80,80,1.967613375430119,442.9958706991329
4403,0,412,0,0,215688,215768,806.267877,808.270152,2.002275000000054,0.9834693896898691,8.7125,11.7875,1,0,0,0,80,80,80,80.0,80.0,80.0,80,80,1.9691761722415322,446.49211521892636
4403,0,413,0,0,215768,215848,808.270152,810.27243,2.002277999999933,0.983520243611252,8.7125,11.7875,1,0,0,0,80,80,80,80.0,80.0,80.0,80,80,1.9692809463376761,449.9874642782022
4403,0,414,0,0,215848,215968,810.27243,812.274707,2.002277000000049,1.4368442717400132,8.7125,11.7875,1,0,0,0,120,80,80,120.0,80.0,120.0,120,80,2.876960237887033,1290.5307307629946
4403,0,415,0,0,215968,216141,812.274707,814.276717,2.0020099999999275,2.2645104746733513,8.7125,11.7875,1,0,0,1,173,80,80,173.0,79.0,173.0,173,79,4.533572615400772,2813.1727613749204
4403,0,416,0,0,216141,216327,814.276717,816.279121,2.0024040000000696,2.277424094849984,8.7125,11.7875,1,0,0,1,186,80,80,186.0,80.0,186.0,186,80,4.5603231172244705,2918.4919726487747
4403,0,417,0,0,216327,216567,816.279121,818.281536,2.002414999999928,3.3047747853221088,8.7125,11.7875,1,0,0,1,240,80,80,240.0,81.0,240.0,240,81,6.617530601750332,4130.013009291429
4403,0,418,0,0,216567,216851,818.281536,820.283814,2.0022780000000466,4.324926427398659,8.7125,11.7875,1,0,0,1,284,80,80,284.0,80.0,284.0,284,80,8.659705037199274,5466.273914011813
4403,0,419,0,0,216851,217274,820.283814,822.286091,2.002277000000049,6.821929357371452,8.7125,11.7875,1,0,0,1,423,80,80,423.0,80.0,423.0,423,80,13.659392247889627,8212.150466693467
4403,0,420,0,0,217274,217804,822.286091,824.286194,2.0001029999999673,8.59636823926047,8.7125,11.7875,1,0,0,1,530,80,80,530.0,79.0,530.0,530,79,17.193621904449174,10408.463964106018
4403,0,421,0,0,217804,218367,824.286194,826.286678,2.0004840000000286,9.417950619209371,8.7125,11.7875,1,1,0,1,563,80,80,563.0,80.0,563.0,563,80,18.840459526518316,11368.74876279924
4403,0,422,0,0,218367,218948,826.286678,828.289107,2.0024289999998928,9.548654640184138,8.7125,11.7875,1,1,1,1,581,80,80,581.0,80.0,581.0,581,80,19.12050296248799,11503.52896407375
4403,0,423,0,0,218948,219534,828.289107,830.289296,2.0001890000000913,10.039915434045009,8.7125,11.7875,1,1,1,1,586,80,80,586.0,80.0,586.0,586,80,20.081728412107623,11792.385619558414
4403,0,424,0,0,219534,220108,830.289296,832.291545,2.002249000000006,10.053409742817736,8.7125,11.7875,1,1,1,1,574,80,80,574.0,80.0,574.0,574,80,20.129429604146935,12142.84537038097
4403,0,425,0,0,220108,220694,832.291545,834.292613,2.0010679999999184,10.032673398086764,8.7125,11.7875,1,1,1,1,586,80,80,586.0,80.0,586.0,586,80,20.076061691362156,11985.599689766153
4403,0,426,0,0,220694,221000,834.292613,835.260196,0.9675829999999905,9.918526383260033,8.7125,11.7875,1,1,1,1,306,39,39,306.0,39.0,306.0,306,39,9.596997513493989,12329.691613019366
4403,0,427,0,0,221000,221603,835.260196,837.26635,2.0061540000000377,10.08179052218543,8.7125,11.7875,1,1,1,1,603,80,80,605.0,80.0,603.0,603,80,20.225624383244394,12179.523605864524
4403,0,428,0,0,221603,222154,837.26635,839.268612,2.0022619999999733,10.06510692455611,8.7125,11.7875,1,1,1,1,551,80,80,551.0,80.0,551.0,551,80,20.15298112097571,11944.490780926932
4403,0,429,0,0,222154,222738,839.268612,841.278312,2.009700000000066,10.104262965857318,8.7125,11.7875,1,1,1,1,584,80,80,584.0,80.0,584.0,584,80,20.306537282483987,11937.105040552924
4403,0,430,0,0,222738,223341,841.278312,843.278972,2.0006599999999253,10.00212879317435,8.7125,11.7875,1,1,1,1,603,80,80,603.0,80.0,603.0,603,80,20.010858991351597,11932.062419402044
4403,0,431,0,0,223341,223918,843.278972,845.281482,2.0025100000000293,10.011069320985243,8.7125,11.7875,1,1,1,1,577,80,80,577.0,80.0,577.0,577,80,20.047266425966882,12147.255194730435
4403,0,432,0,0,223918,224492,845.281482,847.282186,2.0007040000000416,9.936186460281792,8.7125,11.7875,1,1,1,1,574,80,80,574.0,80.0,574.0,574,80,19.87936799583167,11927.801413902058
4403,0,433,0,0,224492,225063,847.282186,849.283297,2.0011109999999235,10.00434376079347,8.7125,11.7875,1,1,1,1,571,80,80,571.0,80.0,571.0,571,80,20.019802347504083,11943.365460487157
4403,0,434,0,0,225063,225660,849.283297,851.284992,2.0016950000000406,9.944167769779071,8.7125,11.7875,1,1,1,1,597,80,80,597.0,80.0,597.0,597,80,19.905190903928087,12202.658247135305
4403,0,435,0,0,225660,226225,851.284992,853.296353,2.0113609999999653,9.876992259536765,8.7125,11.7875,1,1,1,1,565,80,80,565.0,81.0,565.0,565,81,19.866197028133683,11646.342948879093
4403,0,436,0,0,226225,226778,853.296353,855.297916,2.001563000000033,9.978024532741745,8.7125,11.7875,1,1,1,1,553,80,80,553.0,79.0,553.0,553,79,19.971644717828894,12049.083641134255
4403,0,437,0,0,226778,227356,855.297916,857.299757,2.001841000000013,9.974947767727809,8.7125,11.7875,1,1,1,1,578,80,80,578.0,80.0,578.0,578,80,19.96825941429597,11943.006462551144
4403,0,438,0,0,227356,227916,857.299757,859.301072,2.001314999999977,9.878959324527656,8.7125,11.7875,1,1,1,1,560,80,80,560.0,80.0,560.0,560,80,19.770909480566843,11707.302448640154
4403,0,439,0,0,227916,228515,859.301072,861.301856,2.000784000000067,9.853303378577412,8.7125,11.7875,1,1,1,1,599,80,80,600.0,80.0,599.0,599,80,19.714331747004508,11790.877975833078
4403,0,440,0,0,228515,229078,861.301856,863.307738,2.0058819999999287,9.892071167680255,8.7125,11.7875,1,1,1,1,563,80,80,563.0,81.0,563.0,563,81,19.842327497967744,11827.714691093915
4403,0,441,0,0,229078,229642,863.307738,865.308273,2.0005350000000135,9.90857087361926,8.7125,11.7875,1,1,1,1,564,80,80,564.0,79.0,564.0,564,79,19.822442832655724,11840.332710999728
4403,0,442,0,0,229642,230252,865.308273,867.312293,2.0040199999999686,9.898276433733773,8.7125,11.7875,1,1,1,1,610,80,80,610.0,81.0,610.0,610,81,19.83634393873126,11957.465494356531
4403,0,443,0,0,230252,230833,867.312293,869.312287,1.9999940000000151,9.851232479924313,8.7125,11.7875,1,1,1,1,581,80,80,581.0,79.0,581.0,581,79,19.70240585245392,11957.035871107522
4403,0,444,0,0,230833,231407,869.312287,871.316843,2.0045559999999796,9.750185580529926,8.7125,11.7875,1,1,1,1,574,80,80,575.0,81.0,574.0,574,81,19.54479300656476,11967.23863040007
4403,0,445,0,0,231407,231949,871.316843,873.319121,2.0022780000000466,9.861342133768513,8.7125,11.7875,1,1,1,1,542,80,80,542.0,80.0,542.0,542,80,19.745148404917927,11898.947099253674
4403,0,446,0,0,231949,232521,873.319121,875.32078,2.001659000000018,9.921073944259534,8.7125,11.7875,1,1,1,1,572,80,80,572.0,79.0,572.0,572,79,19.858606950192552,11937.59776265577
4403,0,447,0,0,232521,233096,875.32078,877.321119,2.00033899999994,9.884779850280397,8.7125,11.7875,1,1,1,1,575,80,80,575.0,80.0,575.0,575,80,19.772910640929695,11925.978546636703
4403,0,448,0,0,233096,233640,877.321119,879.325952,2.004833000000076,9.875317699748493,8.7125,11.7875,1,1,1,1,544,80,80,544.0,81.0,544.0,544,81,19.798362809940954,11905.231009265657
4403,0,449,0,0,233640,234000,879.325952,880.57738,1.251427999999919,10.15927045597545,8.7125,11.7875,1,1,1,1,360,50,50,360.0,50.0,360.0,360,50,12.713595508179424,12313.932563440325
4403,0,450,0,0,234000,234590,880.57738,882.579373,2.001993000000084,10.106978782586573,8.7125,11.7875,1,1,1,1,590,80,80,591.0,79.0,590.0,590,79,20.234100773887803,12276.766202478713
4403,0,451,0,0,234590,235179,882.579373,884.581927,2.0025539999999182,10.100610783653728,8.7125,11.7875,1,1,1,1,589,80,80,589.0,81.0,589.0,589,81,20.22701852724822,12154.978092975767
4403,0,452,0,0,235179,235797,884.581927,886.582543,2.0006160000000364,10.20974134444014,8.7125,11.7875,1,1,1,1,618,80,80,618.0,79.0,618.0,618,79,20.42577188954874,12366.191213106138
4403,0,453,0,0,235797,236414,886.582543,888.58648,2.0039370000000645,10.171508080466444,8.7125,11.7875,1,1,1,1,617,80,80,617.0,81.0,617.0,617,81,20.38306138824646,12439.013801331677
4403,0,454,0,0,236414,236986,888.58648,890.588758,2.002277999999933,10.25003143707566,8.7125,11.7875,1,1,1,1,572,80,80,572.0,80.0,572.0,572,80,20.523412445764734,12480.784386584099
4403,0,455,0,0,236986,237608,890.588758,892.591036,2.0022780000000466,10.204652260146002,8.7125,11.7875,1,1,1,1,622,80,80,622.0,80.0,622.0,622,80,20.4325507181411,12313.474952029352
4403,0,456,0,0,237608,238229,892.591036,894.593312,2.002275999999938,10.2231366011307,8.7125,11.7875,1,1,1,1,621,80,80,621.0,80.0,621.0,621,80,20.46954106116482,12746.494489271605
4403,0,457,0,0,238229,238800,894.593312,896.595588,2.0022760000000517,10.158658554827348,8.7125,11.7875,1,1,1,1,571,80,80,571.0,80.0,571.0,571,80,20.34043821652631,12317.98213632854
4403,0,458,0,0,238800,239400,896.595588,898.597865,2.0022769999999355,10.16635555121995,8.7125,11.7875,1,1,1,1,600,80,80,600.0,80.0,600.0,600,80,20.35585989402898,12292.00555167981
4403,0,459,0,0,239400,240027,898.597865,900.598446,2.000581000000011,10.264032389400452,8.7125,11.7875,1,1,1,1,627,80,80,627.0,79.0,627.0,627,79,20.53402818161885,12506.36690041536
4403,0,460,0,0,240027,240635,900.598446,902.598752,2.0003060000000232,10.18691502573753,8.7125,11.7875,1,1,1,1,608,80,80,608.0,80.0,608.0,608,80,20.376947247472344,12644.565381496484
4403,0,461,0,0,240635,241223,902.598752,904.604697,2.005944999999997,10.263642248445167,8.7125,11.7875,1,1,1,1,588,80,80,588.0,81.0,588.0,588,81,20.588301850057178,12271.024380030378
4403,0,462,0,0,241223,241842,904.604697,906.606974,2.002277000000049,10.160214787971725,8.7125,11.7875,1,1,1,1,619,80,80,619.0,80.0,619.0,619,80,20.34356438501527,12502.266169965187
4403,0,463,0,0,241842,242429,906.606974,908.60925,2.002275999999938,10.19727252606009,8.7125,11.7875,1,1,1,1,587,80,80,588.0,80.0,587.0,587,80,20.417754044388857,12138.186743486289
4403,0,464,0,0,242429,243022,908.60925,910.609809,2.0005590000000666,10.204662020211867,8.7125,11.7875,1,1,1,1,593,80,80,593.0,79.0,593.0,593,79,20.415028446494034,12286.565904829191
4403,0,465,0,0,243022,243586,910.609809,912.612499,2.002689999999916,10.089688039484153,8.7125,11.7875,1,1,1,1,564,80,80,564.0,80.0,564.0,564,80,20.20651733979321,12220.064013901816
4403,0,466,0,0,243586,244200,912.612499,914.613853,2.001353999999992,10.137009809014957,8.7125,11.7875,1,1,1,1,614,80,80,614.0,80.0,614.0,614,80,20.28774512931159,12230.220140964615
4403,0,467,0,0,244200,244794,914.613853,916.618358,2.0045049999999947,10.100479091550694,8.7125,11.7875,1,1,1,1,594,80,80,594.0,81.0,594.0,594,81,20.246460841408407,12159.111601118513
4403,0,468,0,0,244794,245423,916.618358,918.61946,2.00110200000006,10.094991300410037,8.7125,11.7875,1,1,1,1,629,80,80,629.0,79.0,629.0,629,79,20.201107281232908,12458.63529195376
4403,0,469,0,0,245423,246015,918.61946,920.62291,2.0034500000000435,10.09456689450959,8.7125,11.7875,1,1,1,1,592,80,80,592.0,81.0,592.0,592,81,20.223960044806518,12163.01879258253
4403,0,470,0,0,246015,246595,920.62291,922.623641,2.0007309999999734,10.160105607637906,8.7125,11.7875,1,1,1,1,580,80,80,580.0,79.0,580.0,580,79,20.32763825247457,12488.935294150155
4403,0,471,0,0,246595,247000,922.623641,923.893505,1.2698639999999841,10.169726049650006,8.7125,11.7875,1,1,1,1,405,51,51,405.0,51.0,405.0,405,51,12.91416900031254,12466.689346260859
4403,0,472,0,0,247000,247570,923.893505,925.893918,2.0004129999999805,10.04079202955634,8.7125,11.7875,1,1,1,1,570,80,80,571.0,80.0,570.0,570,80,20.085730906221215,11900.542537966026
4403,0,473,0,0,247570,248139,925.893918,927.894375,2.000456999999983,10.093600688568682,8.7125,11.7875,1,1,1,1,569,80,80,569.0,80.0,569.0,569,80,20.191814152651204,12301.68906404897
4403,0,474,0,0,248139,248760,927.894375,929.901764,2.007388999999989,10.096676591020783,8.7125,11.7875,1,1,1,1,621,80,80,621.0,80.0,621.0,621,80,20.267957525373276,12227.326143562674
4403,0,475,0,0,248760,249298,929.901764,931.910747,2.0089830000000575,10.222996599114893,8.7125,11.7875,1,1,1,1,538,80,80,538.0,81.0,538.0,538,81,20.53782637667973,12083.228180626369
4403,0,476,0,0,249298,249863,931.910747,933.913024,2.0022769999999355,10.162400483365525,8.7125,11.7875,1,1,1,1,565,80,80,565.0,80.0,565.0,565,80,20.347940752630166,11946.898456108107
4403,0,477,0,0,249863,250467,933.913024,935.9153,2.0022760000000517,10.149551486140513,8.7125,11.7875,1,1,1,1,604,80,80,605.0,80.0,604.0,604,80,20.32220335146485,12496.778665877908
4403,0,478,0,0,250467,251122,935.9153,937.915963,2.0006630000000314,10.170444234789256,8.7125,11.7875,1,1,1,1,655,80,80,655.0,79.0,655.0,655,79,20.347631474107402,12450.872535754203
4403,0,479,0,0,251122,251727,937.915963,939.917038,2.0010750000000144,10.190988787467479,8.7125,11.7875,1,1,1,1,605,80,80,605.0,80.0,605.0,605,80,20.392932887882125,12381.844758442248
4403,0,480,0,0,251727,252342,939.917038,941.921061,2.004022999999961,10.085132028104153,8.7125,11.7875,1,1,1,1,615,80,80,615.0,80.0,615.0,615,80,20.210836542357356,12269.320262292638
4403,0,481,0,0,252342,252960,941.921061,943.924407,2.003345999999965,10.154323335971256,8.7125,11.7875,1,1,1,1,618,80,80,618.0,81.0,618.0,618,81,20.342623037824524,12400.254374431792
4403,0,482,0,0,252960,253532,943.924407,945.924402,1.9999950000000126,10.080518626585658,8.7125,11.7875,1,1,1,1,572,80,80,572.0,79.0,572.0,572,79,20.16098685057841,12164.030410075948
4403,0,483,0,0,253532,254082,945.924402,947.92896,2.0045579999999745,10.164153917708488,8.7125,11.7875,1,1,1,1,550,80,80,550.0,81.0,550.0,550,81,20.374636048973116,12263.052503345032
4403,0,484,0,0,254082,254665,947.92896,949.929096,2.0001359999999977,10.228034831445372,8.7125,11.7875,1,1,1,1,583,80,80,583.0,79.0,583.0,583,79,20.45746067562868,12240.16766859855
4403,0,485,0,0,254665,255238,949.929096,951.930438,2.0013420000000224,10.162581134067057,8.7125,11.7875,1,1,1,1,573,80,80,573.0,80.0,573.0,573,80,20.338800452016585,11698.150540986868
4403,0,486,0,0,255238,255833,951.930438,953.935791,2.0053530000000137,10.198651219098188,8.7125,11.7875,1,1,1,1,595,80,80,595.0,81.0,595.0,595,81,20.45189581817249,12266.668262395615
4403,0,487,0,0,255833,256458,953.935791,955.938068,2.002277000000049,10.246289554171963,8.7125,11.7875,1,1,1,1,625,80,80,625.0,80.0,625.0,625,80,20.515909909659968,12376.908889229308
4403,0,488,0,0,256458,257041,955.938068,957.940346,2.002277999999933,10.083814589470723,8.7125,11.7875,1,1,1,1,583,80,80,583.0,80.0,583.0,583,80,20.19060010857538,12132.18144533417
4403,0,489,0,0,257041,257648,957.940346,959.941105,2.0007590000000164,10.187620502249803,8.7125,11.7875,1,1,1,1,607,80,80,607.0,79.0,607.0,607,79,20.382973408461112,12592.721062356732
4403,0,490,0,0,257648,258250,959.941105,961.942138,2.0010330000000067,10.16948434197712,8.7125,11.7875,1,1,1,1,602,80,80,602.0,80.0,602.0,602,80,20.349473761280024,12036.783001579644
4403,0,491,0,0,258250,258889,961.942138,963.947179,2.0050410000000056,10.181135904439547,8.7125,11.7875,1,1,1,1,639,80,80,639.0,81.0,639.0,639,81,20.413594914973146,12420.69364167612
4403,0,492,0,0,258889,259467,963.947179,965.947341,2.0001620000000457,10.144082878520749,8.7125,11.7875,1,1,1,1,578,80,80,578.0,79.0,578.0,578,79,20.28980909846905,12149.515889212696
4403,0,493,0,0,259467,260000,965.947341,967.647404,1.700063,10.119540878048298,8.7125,11.7875,1,1,1,1,533,68,68,533.0,68.0,533.0,533,68,17.203857023758246,12560.710985416423
4403,0,494,0,0,260000,260601,967.647404,969.652135,2.0047309999999925,10.146764750406625,8.7125,11.7875,1,1,1,1,601,80,80,602.0,80.0,601.0,601,80,20.34153384484671,12255.509592060029
4403,0,495,0,0,260601,261160,969.652135,971.652566,2.000430999999935,10.122794707846023,8.7125,11.7875,1,1,1,1,559,80,80,559.0,80.0,559.0,559,80,20.249952340211166,11982.917681240082
4403,0,496,0,0,261160,261769,971.652566,973.658224,2.0056580000000395,10.24378292339658,8.7125,11.7875,1,1,1,1,609,80,80,609.0,81.0,609.0,609,81,20.545525170573455,12207.963670775136
4403,0,497,0,0,261769,262382,973.658224,975.660502,2.002277999999933,10.163904673523321,8.7125,11.7875,1,1,1,1,613,80,80,613.0,80.0,613.0,613,80,20.350962721891847,12221.080189664382
4403,0,498,0,0,262382,263035,975.660502,977.660929,2.000427000000059,10.185633289195142,8.7125,11.7875,1,1,1,1,653,80,80,653.0,79.0,653.0,653,79,20.375615843804553,12310.37173563408
4403,0,499,0,0,263035,263648,977.660929,979.665054,2.0041250000000446,10.199739627359081,8.7125,11.7875,1,1,1,1,613,80,80,613.0,81.0,613.0,613,81,20.441553180680785,12058.629077527332
4403,0,500,0,0,263648,264264,979.665054,981.667331,2.0022769999999355,10.200806273846649,8.7125,11.7875,1,1,1,1,616,80,80,616.0,80.0,616.0,616,80,20.424839783578136,12201.608468758712
4403,0,501,0,0,264264,264831,981.667331,983.669609,2.0022780000000466,9.884135802914086,8.7125,11.7875,1,1,1,1,567,80,80,567.0,80.0,567.0,567,80,19.790787667187033,11957.879974708529
4403,0,502,0,0,264831,265393,983.669609,985.671884,2.0022749999999405,9.849023042687064,8.7125,11.7875,1,1,1,1,562,80,80,562.0,80.0,562.0,562,80,19.72045261279527,11945.91152563994
4403,0,503,0,0,265393,265997,985.671884,987.67416,2.0022760000000517,10.041515631318422,8.7125,11.7875,1,1,1,1,604,80,80,604.0,80.0,604.0,604,80,20.105885752214817,11732.648246295412
4403,0,504,0,0,265997,266539,987.67416,989.674253,2.0000929999999926,9.805533988850652,8.7125,11.7875,1,1,1,1,542,80,80,542.0,79.0,542.0,542,79,19.611979892362797,11855.94869838557
4403,0,505,0,0,266539,267128,989.674253,991.678714,2.004460999999992,9.795188602635656,8.7125,11.7875,1,1,1,1,589,80,80,589.0,81.0,589.0,589,81,19.634073541627004,11736.821020713345
4403,0,506,0,0,267128,267737,991.678714,993.680991,2.0022769999999355,9.888720195912638,8.7125,11.7875,1,1,1,1,609,80,80,609.0,80.0,609.0,609,80,19.799957007709963,12115.206837016447
4403,0,507,0,0,267737,268292,993.680991,995.683269,2.0022780000000466,9.912393707813735,8.7125,11.7875,1,1,1,1,555,80,80,555.0,80.0,555.0,555,80,19.847367848495196,12327.459024171181
4403,0,508,0,0,268292,268890,995.683269,997.685544,2.002275000000054,9.87676058573999,8.7125,11.7875,1,1,1,1,598,80,80,598.0,80.0,598.0,598,80,19.77599080181244,12075.76381865595
4403,0,509,0,0,268890,269501,997.685544,999.687823,2.0022789999999304,9.969529118308591,8.7125,11.7875,1,1,1,1,611,80,80,611.0,80.0,611.0,611,80,19.961778793476697,12031.789775551179
4403,0,510,0,0,269501,270078,999.687823,1001.6901,2.002277000000049,9.938574867024437,8.7125,11.7875,1,1,1,1,577,80,80,577.0,80.0,577.0,577,80,19.899779869021586,11652.233931668508
4403,0,511,0,0,270078,270655,1001.6901,1003.692375,2.0022749999999405,9.808015192919445,8.7125,11.7875,1,1,1,1,577,80,80,577.0,80.0,577.0,577,80,19.63834362040143,12144.185988438512
4403,0,512,0,0,270655,271209,1003.692375,1005.694654,2.002279000000044,9.851970047797302,8.7125,11.7875,1,1,1,1,554,80,80,554.0,80.0,554.0,554,80,19.72639273533423,12148.656605797425
4403,0,513,0,0,271209,271790,1005.694654,1007.69679,2.0021359999999504,9.922815380136846,8.7125,11.7875,1,1,1,1,581,80,80,581.0,79.0,581.0,581,79,19.866825893925125,12093.584052232516
4403,0,514,0,0,271790,272373,1007.69679,1009.699205,2.002415000000042,9.940348867077697,8.7125,11.7875,1,1,1,1,583,80,80,584.0,81.0,584.0,583,81,19.90470367666967,12075.418931639793
4403,0,515,0,0,272373,272954,1009.699205,1011.701483,2.0022780000000466,9.898863219279832,8.7125,11.7875,1,1,1,1,581,80,80,580.0,80.0,580.0,581,80,19.820276048973028,12082.238330541231
4403,0,516,0,0,272954,273000,1011.701483,1011.888487,0.18700400000000172,9.851297215987344,8.7125,11.7875,1,1,1,1,46,8,8,46.0,7.0,46.0,46,7,1.8422319845776656,12721.653012769662
4403,0,517,0,0,273000,273617,1011.888487,1013.895783,2.0072959999999966,9.81318645693879,8.7125,11.7875,1,1,1,1,617,80,80,617.0,80.0,617.0,617,80,19.697969922266566,12019.652308379053
4403,0,518,0,0,273617,274187,1013.895783,1015.899897,2.0041139999999587,9.83220641357274,8.7125,11.7875,1,1,1,1,570,80,80,570.0,80.0,570.0,570,80,19.704862524329656,11600.138515074732
4403,0,519,0,0,274187,274732,1015.899897,1017.90704,2.007143000000042,9.89267373292427,8.7125,11.7875,1,1,1,1,545,80,80,545.0,80.0,545.0,545,80,19.85601083432266,11972.241140765505
4403,0,520,0,0,274732,275322,1017.90704,1019.908471,2.0014309999999114,9.85496979698398,8.7125,11.7875,1,1,1,1,590,80,80,590.0,80.0,590.0,590,80,19.724042055746395,11997.4158489606
4403,0,521,0,0,275322,275931,1019.908471,1021.913095,2.0046240000000353,9.880381707850766,8.7125,11.7875,1,1,1,1,609,80,80,609.0,81.0,609.0,609,81,19.806450300719007,11879.035669531833
4403,0,522,0,0,275931,276536,1021.913095,1023.915371,2.0022760000000517,9.940869512230789,8.7125,11.7875,1,1,1,1,605,80,80,605.0,80.0,605.0,605,80,19.904364443471422,12160.16173594418
4403,0,523,0,0,276536,277105,1023.915371,1025.917647,2.002275999999938,9.861143630927174,8.7125,11.7875,1,1,1,1,569,80,80,569.0,80.0,569.0,569,80,19.744731224756833,12076.257219284827
4403,0,524,0,0,277105,277693,1025.917647,1027.919924,2.002277000000049,9.941437087182246,8.7125,11.7875,1,1,1,1,588,80,80,588.0,80.0,588.0,588,80,19.905510826612954,12000.337615624318
4403,0,525,0,0,277693,278283,1027.919924,1029.922205,2.002281000000039,10.06771932695976,8.7125,11.7875,1,1,1,1,590,80,80,590.0,80.0,590.0,590,80,20.158403121704396,12109.189469409901
4403,0,526,0,0,278283,278879,1029.922205,1031.923275,2.001070000000027,9.93044670512537,8.7125,11.7875,1,1,1,1,596,80,80,596.0,79.0,596.0,596,79,19.871518988225944,12365.884251925054
4403,0,527,0,0,278879,279474,1031.923275,1033.92529,2.002014999999801,9.985808089899843,8.7125,11.7875,1,1,1,1,595,80,80,595.0,80.0,595.0,595,80,19.991737583099166,11811.599813189387
4403,0,528,0,0,279474,280083,1033.92529,1035.926963,2.0016729999999825,9.891177767163695,8.7125,11.7875,1,1,1,1,609,80,80,609.0,80.0,609.0,609,80,19.79890347473156,12090.885973882952
4403,0,529,0,0,280083,280661,1035.926963,1037.928107,2.0011440000000675,9.869060733250668,8.7125,11.7875,1,1,1,1,578,80,80,578.0,80.0,578.0,578,80,19.74941167198085,12009.13077719504
4403,0,530,0,0,280661,281259,1037.928107,1039.933587,2.005480000000034,9.990656118022633,8.7125,11.7875,1,1,1,1,598,80,80,598.0,81.0,598.0,598,81,20.0360610315729,12050.980313939599
4403,0,531,0,0,281259,281839,1039.933587,1041.935116,2.0015290000001187,9.910408895701774,8.7125,11.7875,1,1,1,1,580,80,80,580.0,79.0,580.0,580,79,19.835970806605474,11898.403670393278
4403,0,532,0,0,281839,282428,1041.935116,1043.93814,2.0030239999998685,10.077737408210426,8.7125,11.7875,1,1,1,1,589,80,80,589.0,81.0,589.0,589,81,20.18594989434132,12100.204490810691
4403,0,533,0,0,282428,283016,1043.93814,1045.939467,2.0013269999999466,9.97267042883604,8.7125,11.7875,1,1,1,1,588,80,80,588.0,79.0,588.0,588,79,19.958574591330034,12006.53366491365
4403,0,534,0,0,283016,283587,1045.939467,1047.942237,2.002770000000055,10.02524674264951,8.7125,11.7875,1,1,1,1,571,80,79,571.0,80.0,571.0,571,79,20.07826341877626,11687.812379853582
4403,0,535,0,0,283587,284142,1047.942237,1049.942324,2.0000870000001214,9.984829804583535,8.7125,11.7875,1,1,1,1,555,80,80,555.0,80.0,555.0,555,80,19.970528289361027,11997.4781097015
4403,0,536,0,0,284142,284728,1049.942324,1051.946515,2.0041909999999916,10.010164018533755,8.7125,11.7875,1,1,1,1,586,80,80,586.0,80.0,586.0,586,80,20.06228063446906,11921.518458071161
4403,0,537,0,0,284728,285270,1051.946515,1053.946666,2.00015099999996,10.132155606236507,8.7125,11.7875,1,1,1,1,542,80,80,542.0,80.0,542.0,542,80,20.265841167969484,11993.594483616727
4403,0,538,0,0,285270,285866,1053.946666,1055.948341,2.0016749999999774,10.350198038464564,8.7125,11.7875,1,1,1,1,596,80,80,597.0,80.0,596.0,596,80,20.71773265864249,12532.004446276385
4403,0,539,0,0,285866,286000,1055.948341,1056.421955,0.47361399999999776,10.067815624751054,8.7125,11.7875,1,1,1,1,134,19,19,134.0,19.0,134.0,134,19,4.768258429301568,12014.002964439453
4403,0,540,0,0,286000,286628,1056.421955,1058.429618,2.007662999999866,10.220509403259076,8.7125,11.7875,1,1,1,1,628,80,80,628.0,81.0,628.0,628,81,20.51933857007316,12347.191734868678
4403,0,541,0,0,286628,287239,1058.429618,1060.431896,2.0022780000001603,10.357182498194906,8.7125,11.7875,1,1,1,1,611,80,80,611.0,80.0,611.0,611,80,20.737958658122807,12560.193939102355
4403,0,542,0,0,287239,287850,1060.431896,1062.433201,2.001305000000002,10.275435525011593,8.7125,11.7875,1,1,1,1,611,80,80,611.0,79.0,611.0,611,79,20.564280493383194,12668.733651292518
4403,0,543,0,0,287850,288445,1062.433201,1064.436221,2.0030199999998786,10.381143988052244,8.7125,11.7875,1,1,1,1,595,80,80,595.0,80.0,595.0,595,80,20.793639030947816,12500.124811535341
4403,0,544,0,0,288445,289040,1064.436221,1066.438183,2.0019620000000486,10.393815759997505,8.7125,11.7875,1,1,1,1,595,80,80,595.0,80.0,595.0,595,80,20.808024186517287,12538.699535755119
4403,0,545,0,0,289040,289687,1066.438183,1068.441001,2.002817999999934,10.474778512433204,8.7125,11.7875,1,1,1,1,647,80,80,647.0,81.0,647.0,647,81,20.979074950713766,12715.583742507228
4403,0,546,0,0,289687,290282,1068.441001,1070.443279,2.0022780000001603,10.435711372032046,8.7125,11.7875,1,1,1,1,595,80,80,595.0,80.0,595.0,595,80,20.89519529457175,12414.859475056915
4403,0,547,0,0,290282,290907,1070.443279,1072.443889,2.000609999999824,10.333157743458898,8.7125,11.7875,1,1,1,1,625,80,80,625.0,79.0,625.0,625,79,20.672618713138945,12477.69430323861
4403,0,548,0,0,290907,291497,1072.443889,1074.447832,2.003943000000163,10.24177828186058,8.7125,11.7875,1,1,1,1,590,80,80,590.0,81.0,590.0,590,81,20.523939895489093,12305.240218907422
4403,0,549,0,0,291497,292092,1074.447832,1076.450109,2.002277000000049,10.057278943023677,8.7125,11.7875,1,1,1,1,595,80,80,595.0,80.0,595.0,595,80,20.1374583102006,12298.498159844714
4403,0,550,0,0,292092,292718,1076.450109,1078.452387,2.002277999999933,10.054880160144378,8.7125,11.7875,1,1,1,1,626,80,80,626.0,80.0,626.0,626,80,20.132665337292565,11939.900453383996
4403,0,551,0,0,292718,293294,1078.452387,1080.453238,2.0008510000000115,9.984319192710693,8.7125,11.7875,1,1,1,1,576,80,80,576.0,79.0,576.0,576,79,19.97713504105377,12261.28282415825
4403,0,552,0,0,293294,293919,1080.453238,1082.45694,2.0037019999999757,9.975741840376038,8.7125,11.7875,1,1,1,1,625,80,80,625.0,81.0,625.0,625,81,19.988413877044877,12062.671994138995
4403,0,553,0,0,293919,294550,1082.45694,1084.459217,2.002277000000049,10.087358274863906,8.7125,11.7875,1,1,1,1,631,80,80,631.0,80.0,631.0,631,80,20.197685464519964,12458.316206998026
4403,0,554,0,0,294550,295135,1084.459217,1086.461052,2.0018350000000282,9.986324395600722,8.7125,11.7875,1,1,1,1,585,80,80,585.0,79.0,585.0,585,79,19.990973696467336,12000.489550836937
4403,0,555,0,0,295135,295739,1086.461052,1088.461454,2.0004019999998945,10.142680466688844,8.7125,11.7875,1,1,1,1,604,80,80,604.0,80.0,604.0,604,80,20.2894382909235,12412.505086478272
4403,0,556,0,0,295739,296337,1088.461454,1090.466047,2.004592999999886,10.189969919191078,8.7125,11.7875,1,1,1,1,598,80,80,598.0,81.0,598.0,598,81,20.42674237022038,12419.9775216223
4403,0,557,0,0,296337,296939,1090.466047,1092.468324,2.002277000000049,10.136952744143729,8.7125,11.7875,1,1,1,1,602,80,80,602.0,80.0,602.0,602,80,20.29698732968609,12383.401497394912
4403,0,558,0,0,296939,297492,1092.468324,1094.470601,2.002277000000049,10.09766226743201,8.7125,11.7875,1,1,1,1,553,80,80,553.0,80.0,553.0,553,80,20.21831691184707,11916.433140868829
4403,0,559,0,0,297492,298091,1094.470601,1096.472878,2.002277000000049,10.131228303828115,8.7125,11.7875,1,1,1,1,599,80,80,599.0,80.0,599.0,599,80,20.285525414505173,12066.262560075058
4403,0,560,0,0,298091,298654,1096.472878,1098.475154,2.002275999999938,10.145492335526377,8.7125,11.7875,1,1,1,1,563,80,80,564.0,80.0,563.0,563,80,20.314075811607836,12403.884379576426
4403,0,561,0,0,298654,299000,1098.475154,1099.68797,1.2128159999999752,10.164992860790742,8.7125,11.7875,1,1,1,1,346,49,49,346.0,48.0,346.0,346,48,12.328265981452205,12131.271355259412
4403,0,562,0,0,299000,299625,1099.68797,1101.690122,2.0021520000000237,10.259147545070913,8.7125,11.7875,1,1,1,1,625,80,80,626.0,80.0,625.0,625,80,20.540372775658398,12375.683764269499
4403,0,563,0,0,299625,300264,1101.690122,1103.692961,2.0028389999999945,10.252208525946182,8.7125,11.7875,1,1,1,1,639,80,80,639.0,80.0,639.0,639,80,20.533523071897434,12533.20910966886
4403,0,564,0,0,300264,300859,1103.692961,1105.704021,2.011060000000043,10.19818045781673,8.7125,11.7875,1,1,1,1,595,80,80,595.0,80.0,595.0,595,80,20.5091527914974,12574.463218401967
4403,0,565,0,0,300859,301463,1105.704021,1107.703999,1.9999780000000555,10.189960976826901,8.7125,11.7875,1,1,1,1,604,80,80,604.0,80.0,604.0,604,80,20.37969777451326,12115.633271965655
4403,0,566,0,0,301463,302058,1107.703999,1109.708658,2.004658999999947,10.079706148586732,8.7125,11.7875,1,1,1,1,595,80,80,595.0,80.0,595.0,595,80,20.206373648119552,11995.057513522568
4403,0,567,0,0,302058,302677,1109.708658,1111.713223,2.004564999999957,9.845683683957294,8.7125,11.7875,1,1,1,1,619,80,80,619.0,80.0,619.0,619,80,19.736312913932125,12042.512964159565
4403,0,568,0,0,302677,303296,1111.713223,1113.714262,2.0010389999999916,9.901489015937349,8.7125,11.7875,1,1,1,1,619,80,80,619.0,80.0,619.0,619,80,19.813265678962125,12050.239900371807
4403,0,569,0,0,303296,303862,1113.714262,1115.71646,2.002198000000135,9.850539377677588,8.7125,11.7875,1,1,1,1,566,80,80,566.0,80.0,566.0,566,80,19.722730240908277,11758.07787241742
4403,0,570,0,0,303862,304439,1115.71646,1117.720925,2.004464999999982,9.755505981120637,8.7125,11.7875,1,1,1,1,577,80,80,577.0,80.0,577.0,577,80,19.5545702964464,11752.263072690324
4403,0,571,0,0,304439,304990,1117.720925,1119.721658,2.0007329999998547,9.734545657101142,8.7125,11.7875,1,1,1,1,551,80,80,551.0,80.0,551.0,551,80,19.47622673616752,11562.762247637082
4403,0,572,0,0,304990,305595,1119.721658,1121.721742,2.0000840000000153,9.793855328702358,8.7125,11.7875,1,1,1,1,605,80,80,605.0,80.0,605.0,605,80,19.588533341251605,11892.50051497828
4403,0,573,0,0,305595,306183,1121.721742,1123.721754,2.0000119999999697,9.798837844880756,8.7125,11.7875,1,1,1,1,588,80,80,588.0,80.0,588.0,588,80,19.597793275816002,11900.928594428613
4403,0,574,0,0,306183,306770,1123.721754,1125.727106,2.00535200000013,9.807081368939016,8.7125,11.7875,1,1,1,1,587,80,80,587.0,80.0,587.0,587,80,19.66665023736641,11697.198297355517
4403,0,575,0,0,306770,307334,1125.727106,1127.731457,2.0043510000000424,9.82799927973096,8.7125,11.7875,1,1,1,1,564,80,80,564.0,80.0,564.0,564,80,19.69876018432842,12165.034966430274
4403,0,576,0,0,307334,307898,1127.731457,1129.73203,2.000572999999804,9.841197051541878,8.7125,11.7875,1,1,1,1,564,80,80,564.0,80.0,564.0,564,80,19.688033108992386,11923.583893215762
4403,0,577,0,0,307898,308484,1129.73203,1131.732489,2.0004590000000917,9.83648609739988,8.7125,11.7875,1,1,1,1,586,80,80,586.0,80.0,586.0,586,80,19.67748714192021,12062.231717820207
4403,0,578,0,0,308484,309053,1131.732489,1133.732598,2.000109000000066,9.749036274219625,8.7125,11.7875,1,1,1,1,569,80,80,570.0,80.0,569.0,569,80,19.49913519339316,11914.350667888208
4403,0,579,0,0,309053,309644,1133.732598,1135.732829,2.000230999999985,9.671719469959694,8.7125,11.7875,1,1,1,1,591,80,80,592.0,80.0,591.0,591,80,19.345673107116454,11713.647073763066
4403,0,580,0,0,309644,310186,1135.732829,1137.733715,2.000886000000037,9.69704990627657,8.7125,11.7875,1,1,1,1,542,80,80,542.0,80.0,542.0,542,80,19.402691398770912,11857.247239472696
4403,0,581,0,0,310186,310762,1137.733715,1139.734232,2.0005169999999453,9.798287751296348,8.7125,11.7875,1,1,1,1,576,80,80,576.0,80.0,576.0,576,80,19.60164121735943,11738.965477424406
4403,0,582,0,0,310762,311366,1139.734232,1141.735348,2.001115999999911,9.773490454221314,8.7125,11.7875,1,1,1,1,604,80,80,604.0,80.0,604.0,604,80,19.55788812378887,11878.371868497909
4403,0,583,0,0,311366,311931,1141.735348,1143.73697,2.0016219999999976,9.692045079043284,8.7125,11.7875,1,1,1,1,565,80,80,565.0,80.0,565.0,565,80,19.39981065520442,11510.66485080601
4403,0,584,0,0,311931,312000,1143.73697,1143.990005,0.25303500000018175,9.69055973701456,8.7125,11.7875,1,1,1,1,69,10,10,69.0,10.0,69.0,69,10,2.4520507830566203,12116.900823987977
4403,0,585,0,0,312000,312606,1143.990005,1145.990921,2.000915999999961,9.853082605661845,8.7125,11.7875,1,1,1,1,606,80,80,606.0,80.0,606.0,606,80,19.715190634989995,11995.006287120732
4403,0,586,0,0,312606,313178,1145.990921,1147.995839,2.0049179999998614,9.910196015141256,8.7125,11.7875,1,1,1,1,572,80,80,572.0,80.0,572.0,572,80,19.869130374283486,11871.308452516085
4403,0,587,0,0,313178,313725,1147.995839,1149.998462,2.002623000000085,9.973364846924174,8.7125,11.7875,1,1,1,1,547,80,80,547.0,80.0,547.0,547,80,19.972889829843552,12147.568463959002
4403,0,588,0,0,313725,314313,1149.998462,1151.999798,2.0013360000000375,10.028439946785573,8.7125,11.7875,1,1,1,1,588,80,80,588.0,80.0,588.0,588,80,20.070277889341014,12110.410245955474
4403,0,589,0,0,314313,314931,1151.999798,1154.010502,2.0107040000000325,10.049460295065202,8.7125,11.7875,1,1,1,1,618,80,80,618.0,80.0,618.0,618,80,20.20649001312995,12266.35049216573
4403,0,590,0,0,314931,315473,1154.010502,1156.012262,2.0017599999998765,9.990699517133665,8.7125,11.7875,1,1,1,1,542,80,80,542.0,80.0,542.0,542,80,19.998982665416406,11722.184477660383
4403,0,591,0,0,315473,316100,1156.012262,1158.012543,2.0002810000000864,10.129477962821152,8.7125,11.7875,1,1,1,1,627,80,80,627.0,80.0,627.0,627,80,20.26180230895079,12264.276869099362
4403,0,592,0,0,316100,316669,1158.012543,1160.016087,2.00354399999992,10.137944565876639,8.7125,11.7875,1,1,1,1,569,80,80,569.0,80.0,569.0,569,80,20.311818007294278,11843.513294442722
4403,0,593,0,0,316669,317264,1160.016087,1162.021269,2.0051820000001044,10.066162487654802,8.7125,11.7875,1,1,1,1,595,80,80,595.0,80.0,595.0,595,80,20.18448782932137,12344.016652851817
4403,0,594,0,0,317264,317847,1162.021269,1164.024693,2.0034239999999954,10.078208061326176,8.7125,11.7875,1,1,1,1,583,80,80,583.0,81.0,583.0,583,81,20.19092390705373,12065.344130848016
4403,0,595,0,0,317847,317967,1164.024693,1166.026968,2.002274999999827,1.7653766774545603,8.7125,11.7875,1,0,0,0,120,80,80,120.0,80.0,120.0,120,80,3.5347695868495066,1464.334319711455
4403,0,596,0,0,317967,318048,1166.026968,1168.029244,2.0022760000001654,0.9797741263491406,8.7125,11.7875,1,0,0,0,81,80,80,81.0,80.0,81.0,81,80,1.9617782186105615,448.9890504605388
4403,0,597,0,0,318048,318128,1168.029244,1170.031521,2.002277000000049,0.9793053694229091,8.7125,11.7875,1,0,0,0,80,80,80,80.0,80.0,80.0,80,80,1.9608406171719253,447.98996342662775
4403,0,598,0,0,318128,318209,1170.031521,1172.033798,2.002276999999822,0.9775359969618085,8.7125,11.7875,1,0,0,0,81,80,80,81.0,80.0,81.0,81,80,1.9572978433880053,431.0092959166373
4403,0,599,0,0,318209,318290,1172.033798,1174.036076,2.0022780000001603,0.9866426640420622,8.7125,11.7875,1,0,0,0,81,80,80,81.0,80.0,81.0,81,80,1.9755329000727215,459.47665608867817
4403,0,600,0,0,318290,318370,1174.036076,1176.038353,2.002276999999822,0.9883083528284659,8.7125,11.7875,1,0,0,0,80,80,80,80.0,80.0,80.0,80,80,1.9788670837770042,486.9456124203029
4403,0,601,0,0,318370,318450,1176.038353,1178.040629,2.0022760000001654,0.9873199832610879,8.7125,11.7875,1,0,0,0,80,80,80,80.0,80.0,80.0,80,80,1.9768871068044973,438.50098587803456
4403,0,602,0,0,318450,318530,1178.040629,1180.042905,2.002275999999938,0.9865914177662317,8.7125,11.7875,1,0,0,0,80,80,80,80.0,80.0,80.0,80,80,1.9754283175989258,443.4953023459441
4403,0,603,0,0,318530,318610,1180.042905,1182.045183,2.002277999999933,0.9867467447231824,8.7125,11.7875,1,0,0,0,80,80,80,80.0,80.0,80.0,80,80,1.9757412985309202,446.99087739066704
4403,0,604,0,0,318610,318690,1182.045183,1184.047458,2.002275000000054,0.9879448656797358,8.7125,11.7875,1,0,0,0,80,80,80,80.0,80.0,80.0,80,80,1.9781373059286125,448.98927470001655
4403,0,605,0,0,318690,318770,1184.047458,1186.049737,2.002279000000044,0.9889320408234904,8.7125,11.7875,1,0,0,0,80,80,80,80.0,80.0,80.0,80,80,1.9801178577672545,444.9929305556221
4403,0,606,0,0,318770,318850,1186.049737,1188.052013,2.002275999999938,0.9876322256161554,8.7125,11.7875,1,0,0,0,80,80,80,80.0,80.0,80.0,80,80,1.9775123021772743,438.00155423129837
4403,0,607,0,0,318850,318931,1188.052013,1190.05429,2.002277000000049,0.9870073436657358,8.7125,11.7875,1,0,0,0,81,80,80,81.0,80.0,81.0,81,80,1.976262103053159,445.49280643985725
4403,0,608,0,0,318931,319011,1190.05429,1192.056566,2.002275999999938,0.989922002885988,8.7125,11.7875,1,0,0,0,80,80,80,80.0,80.0,80.0,80,80,1.9820970682503685,457.9788201027373
4403,0,609,0,0,319011,319091,1192.056566,1194.058844,2.002277999999933,0.9853936958697922,8.7125,11.7875,1,0,0,0,80,80,80,80.0,80.0,80.0,80,80,1.9730321185779758,449.9874642782022
4403,0,610,0,0,319091,319171,1194.058844,1196.061121,2.002277000000049,0.9829481950783001,8.7125,11.7875,1,0,0,0,80,80,80,80.0,80.0,80.0,80,80,1.9681345631961449,445.99223783721135
4403,0,611,0,0,319171,319252,1196.061121,1198.063396,2.002275000000054,0.9879969060982225,8.7125,11.7875,1,0,0,0,81,80,80,81.0,80.0,81.0,81,80,1.9782415051577118,450.4875703886707
4403,0,612,0,0,319252,319332,1198.063396,1200.065674,2.002277999999933,0.9875793901714226,8.7125,11.7875,1,0,0,0,80,80,80,80.0,80.0,80.0,80,80,1.9774084861928714,434.00566754468116
4403,0,613,0,0,319332,319412,1200.065674,1202.067953,2.002279000000044,0.9894004036542103,8.7125,11.7875,1,0,0,0,80,80,80,80.0,80.0,80.0,80,80,1.9810556508291484,459.47642661186563
4403,0,614,0,0,319412,319492,1202.067953,1204.070227,2.002273999999943,0.9882054656112141,8.7125,11.7875,1,0,0,0,80,80,80,80.0,80.0,80.0,80,80,1.9786581104508514,444.99404177451504
4403,0,615,0,0,319492,319572,1204.070227,1206.072505,2.0022780000001603,0.9893487617488421,8.7125,11.7875,1,0,0,0,80,80,80,80.0,80.0,80.0,80,80,1.9809512599767913,444.49372165100385
4403,0,616,0,0,319572,319653,1206.072505,1208.07478,2.002274999999827,0.9894540378159443,8.7125,11.7875,1,0,0,0,81,80,80,81.0,80.0,81.0,81,80,1.9811590835670359,457.47961693577514
4403,0,617,0,0,319653,319733,1208.07478,1210.077057,2.002277000000049,0.987215505131758,8.7125,11.7875,1,0,0,0,80,80,80,80.0,80.0,80.0,80,80,1.9766788999695564,480.45300425464427
4403,0,618,0,0,319733,319813,1210.077057,1212.079335,2.002277999999933,0.9877875515334826,8.7125,11.7875,1,0,0,0,80,80,80,80.0,80.0,80.0,80,80,1.9778252831092686,470.4641413430261
4403,0,619,0,0,319813,319893,1212.079335,1214.081632,2.0022969999999987,0.9851259644594947,8.7125,11.7875,1,0,0,0,80,80,80,80.0,80.0,80.0,80,80,1.9725147632598237,448.4849150750366
4403,0,620,0,0,319893,319973,1214.081632,1216.083888,2.0022559999999885,0.9862350721132258,8.7125,11.7875,1,0,0,0,80,80,80,80.0,80.0,80.0,80,80,1.9746950905482663,424.02170351843364
4403,0,621,0,0,319973,320054,1216.083888,1218.086164,2.0022760000001654,0.9875801852235688,8.7125,11.7875,1,0,0,0,81,80,80,81.0,80.0,81.0,81,80,1.977408102948175,435.504395997319
4403,0,622,0,0,320054,320135,1218.086164,1220.088441,2.002277000000049,0.9811267822506046,8.7125,11.7875,1,0,0,0,81,80,80,81.0,80.0,81.0,81,80,1.9644875901849446,475.95812167845736
4403,0,623,0,0,320135,320215,1220.088441,1222.090718,2.002276999999822,0.9796176116220321,8.7125,11.7875,1,0,0,0,80,80,80,80.0,80.0,80.0,80,80,1.9614658125447022,448.98882622138694
4403,0,624,0,0,320215,320295,1222.090718,1224.092995,2.002277000000049,0.9823757510467386,8.7125,11.7875,1,0,0,0,80,80,80,80.0,80.0,80.0,80,80,1.9669883716778713,442.9956494530868
4403,0,625,0,0,320295,320394,1224.092995,1226.095273,2.002277999999933,1.202818238541496,8.7125,11.7875,1,0,0,0,99,80,80,99.0,80.0,99.0,99,80,2.4083764970309858,903.4709465918621
4403,0,626,0,0,320394,320612,1226.095273,1228.097549,2.0022760000001654,2.2628820437351522,8.7125,11.7875,1,0,0,1,218,80,80,218.0,80.0,218.0,218,80,4.530914407001546,2736.8854243868213
4403,0,627,0,0,320612,320796,1228.097549,1230.099826,2.002276999999822,2.407969551100988,8.7125,11.7875,1,0,0,1,184,80,80,184.0,80.0,184.0,184,80,4.821422048869863,2971.616814257233
4403,0,628,0,0,320796,321031,1230.099826,1232.101971,2.002145000000155,3.115182705997419,8.7125,11.7875,1,0,0,1,235,80,80,235.0,79.0,235.0,235,79,6.237047478900422,3784.9406511513466
4403,0,629,0,0,321031,321282,1232.101971,1234.10438,2.0024089999999433,3.9270417939142597,8.7125,11.7875,1,0,0,1,251,80,80,251.0,81.0,251.0,251,81,7.863543831510469,4707.829419464389
4403,0,630,0,0,321282,321685,1234.10438,1236.106657,2.002277000000049,6.662269512932317,8.7125,11.7875,1,0,0,1,403,80,80,403.0,80.0,403.0,403,80,13.339709013545871,7937.463198148713
4403,0,631,0,0,321685,322136,1236.106657,1238.108933,2.002275999999938,7.7329517797953224,8.7125,11.7875,1,0,0,1,451,80,80,451.0,80.0,451.0,451,80,15.48350375784139,9246.477508595504
4403,0,632,0,0,322136,322688,1238.108933,1240.111211,2.002277999999933,9.023648772498976,8.7125,11.7875,1,1,0,1,552,80,80,552.0,80.0,552.0,552,80,18.067853416901926,10937.04270835555
4403,0,633,0,0,322688,323212,1240.111211,1242.113486,2.002275000000054,9.030531340725766,8.7125,11.7875,1,1,1,1,524,80,80,524.0,80.0,524.0,524,80,18.081607140251435,11153.812538237453
4403,0,634,0,0,323212,323853,1242.113486,1244.115047,2.001561000000038,9.669116309789322,8.7125,11.7875,1,1,1,1,641,80,80,641.0,79.0,641.0,641,79,19.35332611013837,11825.769986525293
4403,0,635,0,0,323853,324435,1244.115047,1246.116012,2.000964999999951,9.759424381633147,8.7125,11.7875,1,1,1,1,582,80,80,582.0,80.0,582.0,582,80,19.52826660779465,11710.849515109247
4403,0,636,0,0,324435,325000,1246.116012,1248.106517,1.9905049999999846,9.877650564466885,8.7125,11.7875,1,1,1,1,565,80,80,565.0,80.0,565.0,565,80,19.66151283682484,11782.939505301509
4403,0,637,0,0,325000,325552,1248.106517,1250.106726,2.0002090000000408,10.071490217143316,8.7125,11.7875,1,1,1,1,552,80,80,554.0,80.0,552.0,552,80,20.145085375743292,11941.752086906676
4403,0,638,0,0,325552,326186,1250.106726,1252.107053,2.00032699999997,10.157326531097935,8.7125,11.7875,1,1,1,1,634,80,80,634.0,80.0,634.0,634,80,20.317974507970575,12254.496389840444
4403,0,639,0,0,326186,326809,1252.107053,1254.115845,2.008792000000085,10.099562336887328,8.7125,11.7875,1,1,1,1,623,80,80,623.0,80.0,623.0,623,80,20.28792002584123,12378.583745852706
4403,0,640,0,0,326809,327408,1254.115845,1256.116441,2.0005959999998595,10.139996726532095,8.7125,11.7875,1,1,1,1,599,80,80,600.0,80.0,600.0,599,80,20.286036891111507,12221.857886350726
4403,0,641,0,0,327408,327983,1256.116441,1258.117558,2.001117000000022,10.103300422427209,8.7125,11.7875,1,1,1,1,575,80,80,574.0,80.0,574.0,575,80,20.217886231426746,11921.341930531667
4403,0,642,0,0,327983,328571,1258.117558,1260.127255,2.0096970000001875,10.089760259141508,8.7125,11.7875,1,1,1,1,588,80,80,588.0,80.0,588.0,588,80,20.277360923517335,12288.917185027243
4403,0,643,0,0,328571,329137,1260.127255,1262.133137,2.0058819999999287,10.124533271354625,8.7125,11.7875,1,1,1,1,566,80,80,566.0,80.0,566.0,566,80,20.308619047411412,12092.934679109172
4403,0,644,0,0,329137,329739,1262.133137,1264.133385,2.000248000000056,10.160793623745217,8.7125,11.7875,1,1,1,1,602,80,80,602.0,80.0,602.0,602,80,20.324107124310103,12464.454407653102
4403,0,645,0,0,329739,330341,1264.133385,1266.135098,2.0017129999998815,10.146105640815158,8.7125,11.7875,1,1,1,1,602,80,80,602.0,80.0,602.0,602,80,20.309591560591798,12200.550228729815
4403,0,646,0,0,330341,330938,1266.135098,1268.143091,2.007992999999942,10.198882716386073,8.7125,11.7875,1,1,1,1,597,80,80,597.0,81.0,597.0,597,81,20.479285102323047,12371.557072161464
4403,0,647,0,0,330938,331540,1268.143091,1270.145367,2.0022760000001654,10.154443283034592,8.7125,11.7875,1,1,1,1,602,80,80,602.0,80.0,602.0,602,80,20.331998078983816,12584.179204064734
4403,0,648,0,0,331540,332187,1270.145367,1272.147647,2.002279999999928,10.17846599338601,8.7125,11.7875,1,1,1,1,647,80,80,647.0,80.0,647.0,647,80,20.38013888923706,12485.266795853178
4403,0,649,0,0,332187,332781,1272.147647,1274.149921,2.002273999999943,10.22012827547232,8.7125,11.7875,1,1,1,1,594,80,80,594.0,80.0,594.0,594,80,20.463497122642366,12330.480243962966
4403,0,650,0,0,332781,333365,1274.149921,1276.149959,2.0000380000001314,10.167623314166482,8.7125,11.7875,1,1,1,1,584,80,80,586.0,79.0,585.0,584,79,20.33563299801972,12162.26891688978
4403,0,651,0,0,333365,333972,1276.149959,1278.152987,2.0030279999998584,10.130830958711542,8.7125,11.7875,1,1,1,1,607,80,80,606.0,80.0,606.0,607,80,20.29233807356468,12179.060901795545
4403,0,652,0,0,333972,334568,1278.152987,1280.156752,2.0037650000001577,10.138875629510895,8.7125,11.7875,1,1,1,1,596,80,80,598.0,81.0,596.0,596,81,20.315924125769016,12302.340843361402
4403,0,653,0,0,334568,335131,1280.156752,1282.159027,2.002274999999827,9.968716005207318,8.7125,11.7875,1,1,1,1,563,80,80,563.0,80.0,563.0,563,80,19.960110839325353,12057.784270393471
4403,0,654,0,0,335131,335764,1282.159027,1284.159038,2.000011000000086,10.115189767570785,8.7125,11.7875,1,1,1,1,633,80,80,633.0,79.0,633.0,633,79,20.230490802230634,12177.433024117845
4403,0,655,0,0,335764,336334,1284.159038,1286.161843,2.0028050000000803,10.115757341117472,8.7125,11.7875,1,1,1,1,570,80,80,570.0,80.0,570.0,570,80,20.259889381577523,12242.829431721519
4403,0,656,0,0,336334,336950,1286.161843,1288.162844,2.00100099999986,10.123558814695986,8.7125,11.7875,1,1,1,1,616,80,80,616.0,80.0,616.0,616,80,20.257251311764776,12314.336674495276
4403,0,657,0,0,336950,337562,1288.162844,1290.168135,2.005290999999943,10.034864153201626,8.7125,11.7875,1,1,1,1,612,80,80,612.0,81.0,612.0,612,81,20.122822772636937,12239.121404325208
4403,0,658,0,0,337562,338000,1290.168135,1291.719084,1.5509490000001733,9.912030363595463,8.7125,11.7875,1,1,1,1,438,62,62,438.0,61.0,438.0,438,61,15.373053580389751,11767.63388093223
4403,0,659,0,0,338000,338609,1291.719084,1293.719087,2.0000029999998787,10.039164138764027,8.7125,11.7875,1,1,1,1,609,79,79,611.0,80.0,609.0,609,79,20.078358395019677,12069.481895777888
4403,0,660,0,0,338609,339208,1293.719087,1295.723287,2.0042000000000826,10.063774056142629,8.7125,11.7875,1,1,1,1,599,80,80,599.0,80.0,599.0,599,80,20.169815963321525,12101.586667996708
4403,0,661,0,0,339208,339776,1295.723287,1297.726729,2.00344199999995,10.004732976668894,8.7125,11.7875,1,1,1,1,568,80,80,568.0,81.0,568.0,568,81,20.043902244242418,11810.673830338283
4403,0,662,0,0,339776,340330,1297.726729,1299.72785,2.001121000000012,10.176491633332237,8.7125,11.7875,1,1,1,1,554,80,80,554.0,79.0,554.0,554,79,20.36439111378604,12172.177494514252
4403,0,663,0,0,340330,340893,1299.72785,1301.731285,2.0034350000000813,10.01402509471697,8.7125,11.7875,1,1,1,1,563,80,80,563.0,81.0,563.0,563,81,20.062448365635646,12124.675869194165
4403,0,664,0,0,340893,341486,1301.731285,1303.733021,2.001735999999937,10.087221810693388,8.7125,11.7875,1,1,1,1,593,80,80,593.0,79.0,593.0,593,79,20.191955038450033,12119.4802911077
4403,0,665,0,0,341486,342067,1303.733021,1305.735603,2.002582000000075,10.113792541468479,8.7125,11.7875,1,1,1,1,581,80,80,581.0,80.0,581.0,581,80,20.25369889527974,12217.726914552855
4403,0,666,0,0,342067,342665,1305.735603,1307.736278,2.000675000000001,10.088459338210818,8.7125,11.7875,1,1,1,1,598,80,80,598.0,80.0,598.0,598,80,20.183728386475195,11881.489997125964
4403,0,667,0,0,342665,343285,1307.736278,1309.739061,2.0027829999999085,10.01420516978886,8.7125,11.7875,1,1,1,1,620,80,80,620.0,80.0,620.0,620,80,20.05627987256412,12287.901385223024
4403,0,668,0,0,343285,343892,1309.739061,1311.741878,2.00281700000005,10.043641405572034,8.7125,11.7875,1,1,1,1,607,80,80,607.0,80.0,607.0,607,80,20.115575748983247,11933.691395668902
4403,0,669,0,0,343892,344492,1311.741878,1313.743579,2.001700999999912,10.081252306240435,8.7125,11.7875,1,1,1,1,600,80,80,600.0,80.0,600.0,600,80,20.179652822653225,12140.674356460366
4403,0,670,0,0,344492,345104,1313.743579,1315.747221,2.003642000000127,10.051285940280865,8.7125,11.7875,1,1,1,1,612,80,80,612.0,81.0,612.0,612,81,20.139178663957864,12304.593335535208
4403,0,671,0,0,345104,345665,1315.747221,1317.749498,2.002276999999822,10.052491229306282,8.7125,11.7875,1,1,1,1,561,80,80,561.0,80.0,561.0,561,80,20.127871981139833,12051.279618155804
4403,0,672,0,0,345665,346264,1317.749498,1319.75176,2.0022620000002007,10.285863813065484,8.7125,11.7875,1,1,1,1,599,80,80,600.0,80.0,600.0,599,79,20.594994250077434,12486.877341725256
4403,0,673,0,0,346264,346889,1319.75176,1321.752389,2.00062899999989,10.091134805906526,8.7125,11.7875,1,1,1,1,625,80,80,624.0,79.0,624.0,625,80,20.18861693560575,12123.18725760815
4403,0,674,0,0,346889,347469,1321.752389,1323.75633,2.0039409999999407,10.02589612855092,8.7125,11.7875,1,1,1,1,580,80,80,581.0,81.0,580.0,580,81,20.09130431374433,11662.019989610817
4403,0,675,0,0,347469,348054,1323.75633,1325.756405,2.0000750000001517,10.022138389096941,8.7125,11.7875,1,1,1,1,585,80,80,585.0,79.0,585.0,585,79,20.045028438575173,12379.035786157081
4403,0,676,0,0,348054,348643,1325.756405,1327.75682,2.0004149999999754,10.066566141417619,8.7125,11.7875,1,1,1,1,589,80,80,589.0,80.0,589.0,589,80,20.137309907784584,11911.028461594366
4403,0,677,0,0,348643,349227,1327.75682,1329.756875,2.000054999999975,10.102884676923463,8.7125,11.7875,1,1,1,1,584,80,80,584.0,80.0,584.0,584,80,20.20632501250475,11919.672209014401
4403,0,678,0,0,349227,349833,1329.756875,1331.765435,2.0085599999999886,10.212502941303121,8.7125,11.7875,1,1,1,1,606,80,80,606.0,81.0,606.0,606,81,20.512424907783497,12226.17198390894
4403,0,679,0,0,349833,350456,1331.765435,1333.767712,2.002277000000049,10.174005485095705,8.7125,11.7875,1,1,1,1,623,80,80,624.0,80.0,623.0,623,80,20.371177180681116,12011.824537763461
4403,0,680,0,0,350456,351000,1333.767712,1335.701992,1.9342799999999443,10.257836330086597,8.7125,11.7875,1,1,1,1,544,78,78,544.0,77.0,544.0,544,77,19.841527656559265,12359.637694646426
4403,0,681,0,0,351000,351613,1335.701992,1337.704467,2.002475000000004,10.179418782791755,8.7125,11.7875,1,1,1,1,613,80,80,613.0,80.0,613.0,613,80,20.384031627070726,12571.442839486112
4403,0,682,0,0,351613,352238,1337.704467,1339.70481,2.00034299999993,10.198450547736208,8.7125,11.7875,1,1,1,1,625,80,80,625.0,80.0,625.0,625,80,20.400399164009286,12237.401285679935
4403,0,683,0,0,352238,352812,1339.70481,1341.705948,2.0011380000000827,10.02514349901709,8.7125,11.7875,1,1,1,1,574,80,80,574.0,80.0,574.0,574,80,20.0616956113372,12105.611906824517
4403,0,684,0,0,352812,353432,1341.705948,1343.708851,2.0029030000000603,9.921429961207929,8.7125,11.7875,1,1,1,1,620,80,80,620.0,80.0,620.0,620,80,19.871661833592952,12004.076083564345
4403,0,685,0,0,353432,354018,1343.708851,1345.715333,2.0064820000000054,10.026892255454188,8.7125,11.7875,1,1,1,1,586,80,80,586.0,80.0,586.0,586,80,20.118778826508787,12199.461545132193
4403,0,686,0,0,354018,354632,1345.715333,1347.71816,2.0028269999997974,9.977154916461448,8.7125,11.7875,1,1,1,1,614,80,80,614.0,80.0,614.0,614,80,19.98251524986881,12086.41585119556
4403,0,687,0,0,354632,355240,1347.71816,1349.719317,2.0011570000001484,9.878578652845672,8.7125,11.7875,1,1,1,1,608,80,80,609.0,80.0,608.0,608,80,19.76858682119382,11865.136018812236
4403,0,688,0,0,355240,355816,1349.719317,1351.720008,2.0006909999999607,9.946561938884486,8.7125,11.7875,1,1,1,1,576,80,80,576.0,80.0,576.0,576,80,19.89999695206825,11923.380472047142
4403,0,689,0,0,355816,356423,1351.720008,1353.722974,2.002966000000015,9.985059535785151,8.7125,11.7875,1,1,1,1,607,80,80,607.0,80.0,607.0,607,80,19.999734758153863,12205.89865229855
4403,0,690,0,0,356423,357028,1353.722974,1355.723548,2.000573999999915,9.971195554882833,8.7125,11.7875,1,1,1,1,605,80,80,605.0,80.0,605.0,605,80,19.948114576012813,11781.118818899477
4403,0,691,0,0,357028,357578,1355.723548,1357.727698,2.0041499999999814,10.027522153280497,8.7125,11.7875,1,1,1,1,550,80,80,550.0,80.0,550.0,550,80,20.096658523496444,12110.370980216163
4403,0,692,0,0,357578,358136,1357.727698,1359.741535,2.013837000000194,10.08239904552238,8.7125,11.7875,1,1,1,1,558,80,80,558.0,80.0,558.0,558,80,20.304308246639266,11949.32857028532
4403,0,693,0,0,358136,358683,1359.741535,1361.7479,2.0063649999999598,9.921519753226129,8.7125,11.7875,1,1,1,1,547,80,80,547.0,80.0,547.0,547,80,19.906189979681585,11686.30832375987
4403,0,694,0,0,358683,359274,1361.7479,1363.751807,2.0039070000000265,9.856081404588387,8.7125,11.7875,1,1,1,1,591,80,80,591.0,81.0,591.0,591,81,19.750670519224514,12193.679646809795
4403,0,695,0,0,359274,359856,1363.751807,1365.754082,2.002274999999827,10.00691367237665,8.7125,11.7875,1,1,1,1,582,80,80,582.0,80.0,582.0,582,80,20.036593073356926,12276.03600904078
4403,0,696,0,0,359856,360470,1365.754082,1367.754058,1.9999760000000606,10.010589850116354,8.7125,11.7875,1,1,1,1,614,80,80,614.0,79.0,614.0,614,79,20.020939446076227,11971.643659723553
4403,0,697,0,0,360470,361082,1367.754058,1369.758638,2.0045800000000327,9.94593396127541,8.7125,11.7875,1,1,1,1,612,80,80,612.0,81.0,612.0,612,81,19.937420300093436,12163.645252371869
4403,0,698,0,0,361082,361639,1369.758638,1371.760914,2.002275999999938,9.95075718680562,8.7125,11.7875,1,1,1,1,557,80,80,557.0,80.0,557.0,557,80,19.924162296967552,11932.420905010467
4403,0,699,0,0,361639,362201,1371.760914,1373.763191,2.002277000000049,9.995246826149021,8.7125,11.7875,1,1,1,1,562,80,80,562.0,80.0,562.0,562,80,20.013252829321573,12046.784735578249
4403,0,700,0,0,362201,362767,1373.763191,1375.764257,2.001066000000037,9.963063156858938,8.7125,11.7875,1,1,1,1,566,80,80,566.0,79.0,566.0,566,79,19.936746939043587,12185.50512576774
4403,0,701,0,0,362767,363363,1375.764257,1377.764737,2.000479999999925,9.997229857290595,8.7125,11.7875,1,1,1,1,596,80,80,596.0,80.0,596.0,596,80,19.999258384912537,12067.60377509443
4403,0,702,0,0,363363,363916,1377.764737,1379.769932,2.005194999999958,9.927664678275658,8.7125,11.7875,1,1,1,1,553,80,80,553.0,80.0,553.0,553,80,19.906903574554235,11973.399095848785
4403,0,703,0,0,363916,364000,1379.769932,1380.088966,0.3190340000001015,9.805018146076739,8.7125,11.7875,1,1,1,1,84,13,13,84.0,13.0,84.0,84,13,3.1281341592166427,11258.988070233445
4403,0,704,0,0,364000,364554,1380.088966,1382.094291,2.0053250000000844,9.858340720244154,8.7125,11.7875,1,1,1,1,554,79,79,556.0,80.0,554.0,554,79,19.76917710482485,11770.660616109113
4403,0,705,0,0,364554,365145,1382.094291,1384.097737,2.00344599999994,9.960348853155752,8.7125,11.7875,1,1,1,1,591,80,80,591.0,80.0,591.0,591,80,19.955021068459246,11898.498886419058
4403,0,706,0,0,365145,365694,1384.097737,1386.099011,2.0012739999999667,9.88071978195753,8.7125,11.7875,1,1,1,1,549,80,80,549.0,80.0,549.0,549,80,19.77402760091718,11834.461448057784
4403,0,707,0,0,365694,366288,1386.099011,1388.102277,2.0032659999999396,9.949783376779253,8.7125,11.7875,1,1,1,1,594,80,80,594.0,80.0,594.0,594,80,19.93206274606564,11945.49300991517
4403,0,708,0,0,366288,366847,1388.102277,1390.106774,2.0044970000001285,9.90646710214523,8.7125,11.7875,1,1,1,1,559,80,80,559.0,81.0,559.0,559,81,19.857483586849412,11986.548246267497
4403,0,709,0,0,366847,367422,1390.106774,1392.109052,2.002277999999933,9.972344180087575,8.7125,11.7875,1,1,1,1,575,80,80,575.0,80.0,575.0,575,80,19.967405360217526,11942.397609123609
4403,0,710,0,0,367422,367985,1392.109052,1394.110668,2.0016160000000127,9.829974012445211,8.7125,11.7875,1,1,1,1,563,80,80,563.0,79.0,563.0,563,79,19.67583326289423,11898.38610402787
4403,0,711,0,0,367985,368589,1394.110668,1396.112768,2.0020999999999276,9.807970980267879,8.7125,11.7875,1,1,1,1,604,80,80,604.0,80.0,604.0,604,80,19.636538699593075,11991.40902052888
4403,0,712,0,0,368589,369169,1396.112768,1398.114712,2.001944000000094,9.824126837845183,8.7125,11.7875,1,1,1,1,580,80,80,580.0,80.0,580.0,580,80,19.667351778263765,11800.529884951273
4403,0,713,0,0,369169,369750,1398.114712,1400.117633,2.002921000000015,9.87842302264186,8.7125,11.7875,1,1,1,1,581,80,80,581.0,80.0,581.0,581,80,19.7857009189338,11987.492267543164
4403,0,714,0,0,369750,370345,1400.117633,1402.118891,2.001258000000007,9.845495911944958,8.7125,11.7875,1,1,1,1,595,80,80,595.0,80.0,595.0,595,80,19.703377457746683,11739.116095975589
4403,0,715,0,0,370345,370946,1402.118891,1404.12008,2.0011889999998402,9.807766582496557,8.7125,11.7875,1,1,1,1,601,80,80,601.0,80.0,601.0,601,80,19.627194599457653,11827.468569936118
4403,0,716,0,0,370946,371549,1404.12008,1406.120236,2.000156000000061,9.936564058350136,8.7125,11.7875,1,1,1,1,603,80,80,603.0,80.0,603.0,603,80,19.874678220694477,12095.056585585957
4403,0,717,0,0,371549,372145,1406.120236,1408.123835,2.003599000000122,10.021490063183167,8.7125,11.7875,1,1,1,1,596,80,80,596.0,80.0,596.0,596,80,20.079047469105717,12206.534341451812
4403,0,718,0,0,372145,372657,1408.123835,1410.126973,2.003137999999808,9.898336904521214,8.7125,11.7875,1,1,1,1,512,80,80,512.0,80.0,512.0,512,80,19.827734790247632,11984.196795229436
4403,0,719,0,0,372657,373255,1410.126973,1412.129393,2.002420000000029,9.914722492858626,8.7125,11.7875,1,1,1,1,598,80,80,598.0,80.0,598.0,598,80,19.853438614150946,11980.004194923968
4403,0,720,0,0,373255,373799,1412.129393,1414.129745,2.000352000000021,9.84726382477816,8.7125,11.7875,1,1,1,1,544,80,80,544.0,80.0,544.0,544,80,19.69799388642241,11609.956647629897
4403,0,721,0,0,373799,374400,1414.129745,1416.134641,2.0048960000001443,9.943876819783084,8.7125,11.7875,1,1,1,1,601,80,80,601.0,80.0,601.0,601,80,19.93643886047721,12215.596220451453
4403,0,722,0,0,374400,375008,1416.134641,1418.138451,2.0038099999999304,9.864921328724488,8.7125,11.7875,1,1,1,1,608,80,80,608.0,80.0,608.0,608,80,19.767428007709896,11867.891666375966
4403,0,723,0,0,375008,375603,1418.138451,1420.139347,2.0008960000000116,9.961862382307874,8.7125,11.7875,1,1,1,1,595,80,80,596.0,80.0,595.0,595,80,19.932650593309518,11922.658648925213
4403,0,724,0,0,375603,376185,1420.139347,1422.142709,2.0033619999999246,9.977194300640656,8.7125,11.7875,1,1,1,1,582,80,80,582.0,80.0,582.0,582,80,19.987931928519174,12244.916295707377
4403,0,725,0,0,376185,376752,1422.142709,1424.145483,2.002774000000045,9.915917425177721,8.7125,11.7875,1,1,1,1,567,80,80,567.0,81.0,567.0,567,81,19.859341605293594,11997.35966214833
4403,0,726,0,0,376752,377000,1424.145483,1425.016761,0.8712780000000748,9.88671268763675,8.7125,11.7875,1,1,1,1,248,35,35,248.0,34.0,248.0,248,34,8.614075257059085,12089.138024831449
4403,0,727,0,0,377000,377562,1425.016761,1427.020191,2.0034299999999803,9.93208119212374,8.7125,11.7875,1,1,1,1,562,80,80,562.0,80.0,562.0,562,80,19.89822942273713,11704.426907853147
4403,0,728,0,0,377562,378143,1427.020191,1429.02603,2.0058389999999235,9.900331052836203,8.7125,11.7875,1,1,1,1,581,80,80,581.0,81.0,581.0,581,81,19.85847013868988,12045.333648413916
4403,0,729,0,0,378143,378731,1429.02603,1431.028307,2.002277000000049,9.86769588784383,8.7125,11.7875,1,1,1,1,588,80,80,588.0,80.0,588.0,588,80,19.757860519224778,11843.016725457775
4403,0,730,0,0,378731,379326,1431.028307,1433.029205,2.0008980000000065,9.825829497856045,8.7125,11.7875,1,1,1,1,595,80,80,595.0,79.0,595.0,595,79,19.660482590601532,11825.19048947019
4403,0,731,0,0,379326,379876,1433.029205,1435.029487,2.00028199999997,9.876981764556442,8.7125,11.7875,1,1,1,1,550,80,80,550.0,80.0,550.0,550,80,19.756748837970008,11995.80859098885
4403,0,732,0,0,379876,380447,1435.029487,1437.035137,2.0056500000000597,9.941509398188028,8.7125,11.7875,1,1,1,1,571,80,80,571.0,81.0,571.0,571,81,19.939188324477072,12189.065888863597
4403,0,733,0,0,380447,381048,1437.035137,1439.037414,2.002276999999822,9.942477894513464,8.7125,11.7875,1,1,1,1,601,80,80,601.0,80.0,601.0,601,80,19.907594811191302,12147.669877845155
4403,0,734,0,0,381048,381648,1439.037414,1441.03952,2.00210600000014,9.860819689824156,8.7125,11.7875,1,1,1,1,600,80,80,600.0,79.0,600.0,600,79,19.742406265915633,12063.796821945647
4403,0,735,0,0,381648,382254,1441.03952,1443.041969,2.0024490000000696,10.027759755235744,8.7125,11.7875,1,1,1,1,606,80,80,606.0,81.0,606.0,606,81,20.08007749411263,12166.102607356868
4403,0,736,0,0,382254,382813,1443.041969,1445.043817,2.0018479999998817,9.89808551586315,8.7125,11.7875,1,1,1,1,559,80,80,559.0,79.0,559.0,559,79,19.814462693759197,12090.828074859544
4403,0,737,0,0,382813,383406,1445.043817,1447.046522,2.0027050000001054,9.947522036411895,8.7125,11.7875,1,1,1,1,593,80,80,593.0,81.0,593.0,593,81,19.92195211993385,12309.351601957704
4403,0,738,0,0,383406,383970,1447.046522,1449.047713,2.001190999999835,9.890389852347738,8.7125,11.7875,1,1,1,1,564,80,80,564.0,79.0,564.0,564,79,19.792559159008306,11875.42818251829
4403,0,739,0,0,383970,384540,1449.047713,1451.051075,2.003362000000152,9.888305481627297,8.7125,11.7875,1,1,1,1,570,80,80,570.0,81.0,570.0,570,81,19.809855446284928,11886.019601049733
4403,0,740,0,0,384540,385101,1451.051075,1453.05125,2.0001749999998992,9.968874614427238,8.7125,11.7875,1,1,1,1,561,80,80,561.0,79.0,561.0,561,79,19.93949378191064,11750.471833715143
4403,0,741,0,0,385101,385682,1453.05125,1455.055628,2.004378000000088,9.813781316245258,8.7125,11.7875,1,1,1,1,581,80,80,581.0,81.0,581.0,581,81,19.67052736709411,11785.202192400318
4403,0,742,0,0,385682,386253,1455.055628,1457.057907,2.0022789999998167,9.873514738011524,8.7125,11.7875,1,1,1,1,571,80,80,571.0,80.0,571.0,571,80,19.76953121610859,11938.895628432496
4403,0,743,0,0,386253,386835,1457.057907,1459.060182,2.002275000000054,9.87103613970644,8.7125,11.7875,1,1,1,1,582,80,80,582.0,80.0,582.0,582,80,19.764528886631524,11836.036508471294
4403,0,744,0,0,386835,387437,1459.060182,1461.060826,2.0006439999999657,9.905541493892756,8.7125,11.7875,1,1,1,1,602,80,80,603.0,79.0,602.0,602,79,19.817462156506735,12054.118573819436
4403,0,745,0,0,387437,388046,1461.060826,1463.064736,2.0039100000001326,9.916592559825608,8.7125,11.7875,1,1,1,1,609,80,80,609.0,81.0,609.0,609,81,19.87195899656217,11857.318941468642
4403,0,746,0,0,388046,388633,1463.064736,1465.067014,2.002277999999933,9.934666973554709,8.7125,11.7875,1,1,1,1,587,80,80,587.0,80.0,587.0,587,80,19.891965118475127,11850.502277905862
4403,0,747,0,0,388633,389195,1465.067014,1467.06929,2.002275999999938,10.020022949218054,8.7125,11.7875,1,1,1,1,562,80,80,562.0,80.0,562.0,562,80,20.062851470667738,12080.252672459115
4403,0,748,0,0,389195,389804,1467.06929,1469.071566,2.0022760000001654,9.940140946735289,8.7125,11.7875,1,1,1,1,609,80,80,609.0,80.0,609.0,609,80,19.90290565426767,12014.82712672879
4403,0,749,0,0,389804,390000,1469.071566,1469.763548,0.6919819999998253,10.081922353772569,8.7125,11.7875,1,1,1,1,196,28,28,196.0,27.0,196.0,196,27,6.976508794206893,12048.001248590432
4403,0,750,0,0,390000,390602,1469.763548,1471.770766,2.0072180000001936,10.063050685045974,8.7125,11.7875,1,1,1,1,602,80,80,603.0,80.0,602.0,602,80,20.198736469938012,12197.47929721517
4403,0,751,0,0,390602,391176,1471.770766,1473.776917,2.006150999999818,9.962031963933283,8.7125,11.7875,1,1,1,1,574,80,80,574.0,81.0,574.0,574,81,19.98534038647449,12001.09064572018
4403,0,752,0,0,391176,391778,1473.776917,1475.779194,2.002277000000049,9.972713347452101,8.7125,11.7875,1,1,1,1,602,80,80,602.0,80.0,602.0,602,80,19.968134563196145,12175.638036095606
4403,0,753,0,0,391778,392375,1475.779194,1477.779596,2.000402000000122,9.947033639777459,8.7125,11.7875,1,1,1,1,597,80,80,597.0,79.0,597.0,597,79,19.898065987079463,12103.56718299548
4403,0,754,0,0,392375,392946,1477.779596,1479.783747,2.0041509999998652,9.914799227607944,8.7125,11.7875,1,1,1,1,571,80,80,571.0,81.0,571.0,571,81,19.870754786808902,11946.704614573258
4403,0,755,0,0,392946,393507,1479.783747,1481.786024,2.002277000000049,9.852135818258661,8.7125,11.7875,1,1,1,1,561,80,80,561.0,80.0,561.0,561,80,19.72670494977683,11906.444512921746
4403,0,756,0,0,393507,394111,1481.786024,1483.7883,2.002275999999938,10.036675874816837,8.7125,11.7875,1,1,1,1,604,80,80,604.0,80.0,604.0,604,80,20.09619522392495,12093.737326922337
4403,0,757,0,0,394111,394723,1483.7883,1485.790581,2.002281000000039,10.075837607916533,8.7125,11.7875,1,1,1,1,612,80,80,612.0,80.0,612.0,612,80,20.174658201416605,12161.62966137097
4403,0,758,0,0,394723,395288,1485.790581,1487.792854,2.0022730000000593,9.964198250270023,8.7125,11.7875,1,1,1,1,565,80,80,565.0,80.0,565.0,565,80,19.951045123163567,12022.836046832419
4403,0,759,0,0,395288,395854,1487.792854,1489.795132,2.002277999999933,9.950955600135908,8.7125,11.7875,1,1,1,1,566,80,80,566.0,80.0,566.0,566,80,19.924579477128646,12196.108632268255
4403,0,760,0,0,395854,396435,1489.795132,1491.797409,2.002277000000049,9.896057887589375,8.7125,11.7875,1,1,1,1,581,80,80,581.0,80.0,581.0,581,80,19.81464909898932,12213.095390897164
4403,0,761,0,0,396435,397089,1491.797409,1493.799685,2.002275999999938,9.926038000369926,8.7125,11.7875,1,1,1,1,654,80,80,654.0,80.0,654.0,654,80,19.87466766322723,12239.571367783841
4403,0,762,0,0,397089,397676,1493.799685,1495.801962,2.002277000000049,9.99264480782374,8.7125,11.7875,1,1,1,1,587,80,80,587.0,80.0,587.0,587,80,20.0080428678757,11993.34557606136
4403,0,763,0,0,397676,398256,1495.801962,1497.804238,2.002275999999938,9.948259247965803,8.7125,11.7875,1,1,1,1,580,80,80,580.0,80.0,580.0,580,80,19.91916073397988,11819.549352836839
4403,0,764,0,0,398256,398861,1497.804238,1499.806516,2.0022780000001603,9.974529874388095,8.7125,11.7875,1,1,1,1,605,80,80,605.0,80.0,605.0,605,80,19.971781727832422,12297.992586443055
4403,0,765,0,0,398861,399429,1499.806516,1501.808791,2.002274999999827,10.037617519283879,8.7125,11.7875,1,1,1,1,568,80,80,568.0,80.0,568.0,568,80,20.098070618421843,11999.850170432172
4403,0,766,0,0,399429,400025,1501.808791,1503.811069,2.0022780000001603,10.034896669385496,8.7125,11.7875,1,1,1,1,596,80,80,596.0,80.0,596.0,596,80,20.092652833385728,12115.200786303429
4403,0,767,0,0,400025,400643,1503.811069,1505.812425,2.001355999999987,10.074939207055962,8.7125,11.7875,1,1,1,1,618,80,80,618.0,79.0,618.0,618,79,20.163540031677258,12472.54361542882
4403,0,768,0,0,400643,401209,1505.812425,1507.815492,2.0030669999998736,10.042411788812256,8.7125,11.7875,1,1,1,1,566,80,80,566.0,80.0,566.0,566,80,20.115623654579394,11915.727232290037
4403,0,769,0,0,401209,401802,1507.815492,1509.817899,2.0024069999999483,10.234917166895018,8.7125,11.7875,1,1,1,1,593,80,80,593.0,81.0,593.0,593,81,20.494469779410792,12504.450893350177
4403,0,770,0,0,401802,402393,1509.817899,1511.820177,2.0022780000001603,10.015953985438037,8.7125,11.7875,1,1,1,1,591,80,79,591.0,80.0,591.0,591,79,20.05472431405724,12262.53297494056
4403,0,771,0,0,402393,402957,1511.820177,1513.820162,1.9999849999999242,9.980536061429397,8.7125,11.7875,1,1,1,1,564,80,80,565.0,79.0,565.0,564,79,19.960922414817105,11902.089265669943
4403,0,772,0,0,402957,403000,1513.820162,1513.963445,0.1432830000001104,10.08554217382688,8.7125,11.7875,1,1,1,1,43,6,6,42.0,6.0,42.0,43,6,1.4450867392934015,12367.133574803951
4403,0,773,0,0,403000,403598,1513.963445,1515.963859,2.0004139999998642,9.979270195311143,8.7125,11.7875,1,1,1,1,598,80,80,599.0,80.0,598.0,598,80,19.9626718084819,12242.465809578249
4403,0,774,0,0,403598,404186,1515.963859,1517.967116,2.003257000000076,9.912792602481458,8.7125,11.7875,1,1,1,1,588,80,80,588.0,80.0,588.0,588,80,19.85787117047039,11944.548303087968
4403,0,775,0,0,404186,404777,1517.967116,1519.9687,2.001583999999866,10.023004417576024,8.7125,11.7875,1,1,1,1,591,80,80,591.0,80.0,591.0,591,80,20.061885274148153,12025.975427462256
4403,0,776,0,0,404777,405339,1519.9687,1521.970548,2.001848000000109,9.994797237902857,8.7125,11.7875,1,1,1,1,562,80,80,562.0,80.0,562.0,562,80,20.008064861101957,11969.440237220155
4403,0,777,0,0,405339,405943,1521.970548,1523.978704,2.008156000000099,9.93707372100307,8.7125,11.7875,1,1,1,1,604,80,80,604.0,80.0,604.0,604,80,19.955194215275696,12026.954081256043
4403,0,778,0,0,405943,406501,1523.978704,1525.980104,2.001399999999876,9.958777246050284,8.7125,11.7875,1,1,1,1,558,80,80,558.0,80.0,558.0,558,80,19.931496780243833,11873.68841810806
4403,0,779,0,0,406501,407080,1525.980104,1527.983251,2.0031470000001264,9.972626678412512,8.7125,11.7875,1,1,1,1,579,80,80,579.0,80.0,579.0,579,80,19.976637212983405,11956.186939849391
4403,0,780,0,0,407080,407705,1527.983251,1529.985416,2.002164999999877,10.043466877760842,8.7125,11.7875,1,1,1,1,625,80,80,625.0,80.0,625.0,625,80,20.108677861311662,12239.25101078158
4403,0,781,0,0,407705,408265,1529.985416,1531.993114,2.0076980000001186,9.84530624059946,8.7125,11.7875,1,1,1,1,560,80,80,560.0,81.0,560.0,560,81,19.766401648639658,11797.591071963314
4403,0,782,0,0,408265,408829,1531.993114,1533.995391,2.002276999999822,9.85447763475251,8.7125,11.7875,1,1,1,1,564,80,80,565.0,80.0,565.0,564,80,19.731393915077206,12090.235267149428
4403,0,783,0,0,408829,409409,1533.995391,1535.997669,2.0022780000001603,10.016630509864731,8.7125,11.7875,1,1,1,1,580,80,80,579.0,80.0,579.0,580,80,20.056078904031892,12135.67746336825
4403,0,784,0,0,409409,409992,1535.997669,1537.999944,2.002274999999827,9.922764315683446,8.7125,11.7875,1,1,1,1,583,80,80,583.0,80.0,583.0,583,80,19.868102920183446,11985.866077338065
4403,0,785,0,0,409992,410587,1537.999944,1540.002221,2.002277000000049,9.910941432409972,8.7125,11.7875,1,1,1,1,595,79,79,596.0,80.0,595.0,595,79,19.844450078462614,11714.163424940418
4403,0,786,0,0,410587,411201,1540.002221,1542.004498,2.002277000000049,9.882735553763945,8.7125,11.7875,1,1,1,1,614,80,80,614.0,80.0,614.0,614,80,19.78797409638355,12081.744933393034
4403,0,787,0,0,411201,411797,1542.004498,1544.006776,2.002277999999933,9.84104640096821,8.7125,11.7875,1,1,1,1,596,80,80,596.0,80.0,596.0,596,80,19.704510705636494,12103.214438754665
4403,0,788,0,0,411797,412374,1544.006776,1546.006951,2.0001750000001266,9.962258542295656,8.7125,11.7875,1,1,1,1,577,80,80,577.0,79.0,577.0,577,79,19.926260479836856,12354.918944591565
4403,0,789,0,0,412374,412978,1546.006951,1548.007126,2.0001749999998992,9.898390003462453,8.7125,11.7875,1,1,1,1,604,80,80,604.0,80.0,604.0,604,80,19.79851222517391,11851.46299698836
4403,0,790,0,0,412978,413534,1548.007126,1550.007376,2.000250000000051,9.99278339920937,8.7125,11.7875,1,1,1,1,556,80,80,556.0,80.0,556.0,556,80,19.988064994269735,11880.014998124932
4403,0,791,0,0,413534,414132,1550.007376,1552.011595,2.004218999999921,9.84116351773228,8.7125,11.7875,1,1,1,1,598,80,80,599.0,80.0,598.0,598,80,19.72384690434592,11873.452951000334
4403,0,792,0,0,414132,414713,1552.011595,1554.015194,2.003599000000122,10.039692173547563,8.7125,11.7875,1,1,1,1,581,80,80,581.0,80.0,581.0,581,80,20.115517199228634,12236.480453423319
4403,0,793,0,0,414713,415318,1554.015194,1556.018935,2.003740999999991,9.986159884445515,8.7125,11.7875,1,1,1,1,605,80,80,605.0,80.0,605.0,605,80,20.009677993019068,12088.88773549082
4403,0,794,0,0,415318,415920,1556.018935,1558.02081,2.0018749999999272,9.943603167695953,8.7125,11.7875,1,1,1,1,602,80,80,602.0,80.0,602.0,602,80,19.905850591330818,11922.822354043517
4403,0,795,0,0,415920,416000,1558.02081,1558.273846,0.25303600000006554,10.067727392050486,8.7125,11.7875,1,1,1,1,80,11,11,80.0,11.0,80.0,80,11,2.547497468374786,10868.018779933636
4403,0,796,0,0,416000,416558,1558.273846,1560.275276,2.0014300000000276,9.952643668571252,8.7125,11.7875,1,1,1,1,558,79,79,558.0,80.0,558.0,558,80,19.919519617589685,12093.85289517978
4403,0,797,0,0,416558,417150,1560.275276,1562.277554,2.002277999999933,9.94070365305445,8.7125,11.7875,1,1,1,1,592,80,80,592.0,80.0,592.0,592,80,19.90405222903064,12230.56938147491
4403,0,798,0,0,417150,417719,1562.277554,1564.279832,2.002277999999933,10.013872371818552,8.7125,11.7875,1,1,1,1,569,80,80,569.0,80.0,569.0,569,80,20.050556344898723,11955.382818969594
4403,0,799,0,0,417719,418316,1564.279832,1566.280177,2.000345000000152,10.030239902142755,8.7125,11.7875,1,1,1,1,597,80,80,597.0,79.0,597.0,597,79,20.06394023705252,11966.435789825346
4403,0,800,0,0,418316,418883,1566.280177,1568.280381,2.0002039999999397,10.024421666331166,8.7125,11.7875,1,1,1,1,567,80,80,567.0,80.0,567.0,567,80,20.050888314681288,12259.249556545601
4403,0,801,0,0,418883,419460,1568.280381,1570.284943,2.004562000000078,10.083875283478937,8.7125,11.7875,1,1,1,1,577,80,80,578.0,80.0,577.0,577,80,20.213753206002366,12271.00982658508
4403,0,802,0,0,419460,419986,1570.284943,1572.285718,2.000774999999976,10.020157265385716,8.7125,11.7875,1,1,1,1,526,72,72,583.0,80.0,526.0,526,72,20.04808015265189,12131.798927915579
4403,0,803,0,0,419986,420587,1572.285718,1574.289436,2.0037179999999353,9.959282786246396,8.7125,11.7875,1,1,1,1,601,80,80,601.0,80.0,601.0,601,80,19.95559418589073,12113.481038749356
4403,0,804,0,0,420587,421160,1574.289436,1576.293444,2.004007999999885,9.947470224968255,8.7125,11.7875,1,1,1,1,573,80,80,573.0,80.0,573.0,573,80,19.934809910597323,12109.73209687855
4403,0,805,0,0,421160,421758,1576.293444,1578.294426,2.000982000000022,9.97498172015327,8.7125,11.7875,1,1,1,1,598,80,80,598.0,80.0,598.0,598,80,19.95975887235545,12121.548319774858
4403,0,806,0,0,421758,422353,1578.294426,1580.294811,2.000385000000051,10.054941990354111,8.7125,11.7875,1,1,1,1,595,80,80,596.0,80.0,595.0,595,80,20.11375513337589,12118.167252803525
4403,0,807,0,0,422353,422943,1580.294811,1582.297859,2.0030480000000352,10.011865251315351,8.7125,11.7875,1,1,1,1,590,80,80,590.0,80.0,590.0,590,80,20.05424666791623,12147.487229462085
4403,0,808,0,0,422943,423496,1582.297859,1584.299578,2.0017190000000937,10.051960592084875,8.7125,11.7875,1,1,1,1,553,80,80,553.0,80.0,553.0,553,80,20.121200504428998,12112.589229556628
4403,0,809,0,0,423496,424056,1584.299578,1586.299763,2.000184999999874,9.985339782922837,8.7125,11.7875,1,1,1,1,560,80,80,560.0,80.0,560.0,560,80,19.97252685370404,12033.886865465704
4403,0,810,0,0,424056,424618,1586.299763,1588.29987,2.000107000000071,9.96175717691702,8.7125,11.7875,1,1,1,1,562,80,80,562.0,80.0,562.0,562,80,19.924580261853407,12073.35407555653
4403,0,811,0,0,424618,425194,1588.29987,1590.302475,2.002604999999903,9.947592942125208,8.7125,11.7875,1,1,1,1,576,80,80,576.0,80.0,576.0,576,80,19.921099363864414,11825.097810102914
4403,0,812,0,0,425194,425771,1590.302475,1592.303025,2.0005499999999756,10.024700300779914,8.7125,11.7875,1,1,1,1,577,80,80,577.0,80.0,577.0,577,80,20.054914186725,12018.194996376144
4403,0,813,0,0,425771,426386,1592.303025,1594.308476,2.0054509999999937,9.990122363771201,8.7125,11.7875,1,1,1,1,615,80,80,615.0,80.0,615.0,615,80,20.03470088454742,12131.435771803986
4403,0,814,0,0,426386,426963,1594.308476,1596.311103,2.002627000000075,10.13339349989135,8.7125,11.7875,1,1,1,1,577,80,80,577.0,80.0,577.0,577,80,20.293407424507677,11933.325576854355
4403,0,815,0,0,426963,427559,1596.311103,1598.313772,2.002668999999969,10.236516938792414,8.7125,11.7875,1,1,1,1,596,80,80,596.0,80.0,596.0,596,80,20.500355141293767,12175.751459677249
4403,0,816,0,0,427559,428164,1598.313772,1600.316103,2.00233100000014,10.203606639307907,8.7125,11.7875,1,1,1,1,605,80,80,605.0,80.0,605.0,605,80,20.430997885692705,12265.7043216123
4403,0,817,0,0,428164,428756,1600.316103,1602.319077,2.0029739999999947,10.220733268327532,8.7125,11.7875,1,1,1,1,592,80,80,592.0,80.0,592.0,592,80,20.471862997395874,12092.518425101905
4403,0,818,0,0,428756,429000,1602.319077,1603.099517,0.7804399999999987,10.231031971251133,8.7125,11.7875,1,1,1,1,244,32,32,244.0,32.0,244.0,244,32,7.984706591643771,12364.81984521554
4403,0,819,0,0,429000,429615,1603.099517,1605.099774,2.0002569999999196,10.249254640207084,8.7125,11.7875,1,1,1,1,615,79,79,617.0,79.0,615.0,615,79,20.5011433388554,12356.412201032665
4403,0,820,0,0,429615,430244,1605.099774,1607.100028,2.000254000000041,10.207751604813463,8.7125,11.7875,1,1,1,1,629,80,80,629.0,80.0,629.0,629,80,20.418095978535348,12501.912257143087
4403,0,821,0,0,430244,430850,1607.100028,1609.100198,2.0001700000000255,10.259746480994647,8.7125,11.7875,1,1,1,1,606,80,80,606.0,80.0,606.0,606,80,20.521237118891804,12255.958243549141
4403,0,822,0,0,430850,431432,1609.100198,1611.108084,2.0078859999998713,10.192617758050401,8.7125,11.7875,1,1,1,1,582,80,80,583.0,81.0,582.0,582,81,20.465614499738876,12319.922545404264
4403,0,823,0,0,431432,432002,1611.108084,1613.11036,2.002275999999938,10.218348885021049,8.7125,11.7875,1,1,1,1,570,80,80,570.0,80.0,570.0,570,80,20.459954732103142,12260.547496948853
4403,0,824,0,0,432002,432587,1613.11036,1615.112454,2.00209400000017,10.249654714774211,8.7125,11.7875,1,1,1,1,585,80,80,585.0,79.0,585.0,585,79,20.52077220652245,12197.229500711717
4403,0,825,0,0,432587,433192,1615.112454,1617.114914,2.002459999999928,10.222422978036844,8.7125,11.7875,1,1,1,1,605,80,80,605.0,81.0,605.0,605,81,20.469993116599653,12101.615013533788
4403,0,826,0,0,433192,433774,1617.114914,1619.117191,2.002277000000049,10.103282627014615,8.7125,11.7875,1,1,1,1,582,80,80,582.0,80.0,582.0,582,80,20.229570428571606,12161.154525572338
4403,0,827,0,0,433774,434361,1619.117191,1621.11947,2.002279000000044,10.11852053879154,8.7125,11.7875,1,1,1,1,587,80,80,587.0,80.0,587.0,587,80,20.26010118589147,12207.589451819382
4403,0,828,0,0,434361,434973,1621.11947,1623.121745,2.002274999999827,10.127491322010632,8.7125,11.7875,1,1,1,1,612,80,80,612.0,80.0,612.0,612,80,20.27802268677624,12416.875803774283
4403,0,829,0,0,434973,435586,1623.121745,1625.124023,2.0022780000001603,10.151831314522708,8.7125,11.7875,1,1,1,1,613,80,80,613.0,80.0,613.0,613,80,20.326788500780822,11856.495451679586
4403,0,830,0,0,435586,436178,1625.124023,1627.126299,2.002275999999938,10.171824774129451,8.7125,11.7875,1,1,1,1,592,80,80,592.0,80.0,592.0,592,80,20.36680062144478,12266.540676710283
4403,0,831,0,0,436178,436761,1627.126299,1629.128576,2.002277000000049,10.021162928668803,8.7125,11.7875,1,1,1,1,583,80,80,583.0,80.0,583.0,583,80,20.065144045327543,12031.801793657625
4403,0,832,0,0,436761,437327,1629.128576,1631.130736,2.0021600000000035,10.088977419027424,8.7125,11.7875,1,1,1,1,566,80,80,566.0,79.0,566.0,566,79,20.199747029280843,12127.402405402145
4403,0,833,0,0,437327,437934,1631.130736,1633.130709,1.9999729999999545,10.215879830966465,8.7125,11.7875,1,1,1,1,607,80,80,608.0,80.0,607.0,607,80,20.43148383317748,12383.667179507205
4403,0,834,0,0,437934,438521,1633.130709,1635.131239,2.000530000000026,10.07599895843156,8.7125,11.7875,1,1,1,1,587,80,80,587.0,80.0,587.0,587,80,20.157338196311684,12247.254477563285
4403,0,835,0,0,438521,439114,1635.131239,1637.132456,2.001216999999997,10.157632671381208,8.7125,11.7875,1,1,1,1,593,80,80,593.0,80.0,593.0,593,80,20.327627181723074,12138.613653591809
4403,0,836,0,0,439114,439726,1637.132456,1639.139958,2.0075019999999313,10.097831909137279,8.7125,11.7875,1,1,1,1,612,80,80,612.0,81.0,612.0,612,81,20.271417753256173,12197.248122293695
4403,0,837,0,0,439726,440320,1639.139958,1641.142236,2.002277999999933,10.086052324112869,8.7125,11.7875,1,1,1,1,594,80,80,594.0,80.0,594.0,594,80,20.195080675419376,12364.916360266072
4403,0,838,0,0,440320,440947,1641.142236,1643.144514,2.0022780000001603,10.162291422966224,8.7125,11.7875,1,1,1,1,627,80,80,627.0,80.0,627.0,627,80,20.347732545795225,12722.50906217716
4403,0,839,0,0,440947,441527,1643.144514,1645.144547,2.0000330000000304,10.102837402745068,8.7125,11.7875,1,1,1,1,580,80,80,580.0,79.0,580.0,580,79,20.20600819912397,12519.793423408324
4403,0,840,0,0,441527,442000,1645.144547,1646.797177,1.6526299999998173,10.135450578464699,8.7125,11.7875,1,1,1,1,473,66,66,473.0,66.0,473.0,473,66,16.750149689485625,12393.578719981038
4403,0,841,0,0,442000,442588,1646.797177,1648.797303,2.0001260000001366,10.125351042864864,8.7125,11.7875,1,1,1,1,588,79,79,590.0,80.0,588.0,588,79,20.251977879963306,12180.232645342512
4403,0,842,0,0,442588,443181,1648.797303,1650.801623,2.004320000000007,10.12868702924385,8.7125,11.7875,1,1,1,1,593,80,80,593.0,80.0,593.0,593,80,20.301129986453816,12344.835156062862
4403,0,843,0,0,443181,443780,1650.801623,1652.80443,2.002806999999848,10.138274946586808,8.7125,11.7875,1,1,1,1,599,80,80,599.0,80.0,599.0,599,80,20.305008030947647,12371.636408301889
4403,0,844,0,0,443780,444404,1652.80443,1654.807775,2.003345000000081,10.242801781322612,8.7125,11.7875,1,1,1,1,624,80,80,624.0,81.0,624.0,624,81,20.519865734604537,12442.190436494458
4403,0,845,0,0,444404,444982,1654.807775,1656.810053,2.002277999999933,10.311699240585943,8.7125,11.7875,1,1,1,1,578,80,80,579.0,80.0,578.0,578,80,20.646888532040975,12522.237171861669
4403,0,846,0,0,444982,445562,1656.810053,1658.812092,2.002038999999968,10.154009231779254,8.7125,11.7875,1,1,1,1,580,80,80,580.0,79.0,580.0,580,79,20.328722488382482,12119.644022918828
4403,0,847,0,0,445562,446189,1658.812092,1660.814606,2.0025140000000192,10.204512890097925,8.7125,11.7875,1,1,1,1,627,80,80,627.0,81.0,627.0,627,81,20.434679925601813,12289.552033094282
4403,0,848,0,0,446189,446771,1660.814606,1662.816883,2.002277000000049,10.11572027460945,8.7125,11.7875,1,1,1,1,582,80,80,582.0,80.0,582.0,582,80,20.254474044284507,12298.498159844714
4403,0,849,0,0,446771,447372,1662.816883,1664.816854,1.9999709999999595,10.108719394447467,8.7125,11.7875,1,1,1,1,601,80,80,601.0,79.0,601.0,601,79,20.217145636032,11842.671718740161
4403,0,850,0,0,447372,447978,1664.816854,1666.818902,2.002048000000059,10.163853247513806,8.7125,11.7875,1,1,1,1,606,80,80,606.0,80.0,606.0,606,80,20.348522066478836,12322.881369477293
4403,0,851,0,0,447978,448576,1666.818902,1668.823607,2.004705000000058,10.217115246853508,8.7125,11.7875,1,1,1,1,598,80,80,598.0,80.0,598.0,598,80,20.48230202094419,12153.409105079947
4403,0,852,0,0,448576,449182,1668.823607,1670.823725,2.0001179999999295,10.137164593649647,8.7125,11.7875,1,1,1,1,606,80,80,606.0,80.0,606.0,606,80,20.27552537272095,12228.278531567068
4403,0,853,0,0,449182,449780,1670.823725,1672.828267,2.0045420000001286,10.146091951238324,8.7125,11.7875,1,1,1,1,598,80,80,598.0,81.0,598.0,598,81,20.338267452119908,12163.376970898307
4403,0,854,0,0,449780,450343,1672.828267,1674.830546,2.0022789999998167,10.164055814001568,8.7125,11.7875,1,1,1,1,563,80,80,563.0,80.0,563.0,563,80,20.351275511200583,12192.606524866032
4403,0,855,0,0,450343,450912,1674.830546,1676.83282,2.0022740000001704,10.250363773712595,8.7125,11.7875,1,1,1,1,569,80,80,569.0,80.0,569.0,569,80,20.524036874649028,12384.918347837454
4403,0,856,0,0,450912,451523,1676.83282,1678.833936,2.001115999999911,10.221401403521085,8.7125,11.7875,1,1,1,1,611,80,80,612.0,79.0,611.0,611,79,20.45420989100785,12281.646841063233
4403,0,857,0,0,451523,452134,1678.833936,1680.836021,2.002085000000079,10.12421857262842,8.7125,11.7875,1,1,1,1,611,80,80,611.0,80.0,611.0,611,80,20.26954614098213,12164.318697757106
4403,0,858,0,0,452134,452710,1680.836021,1682.837071,2.00104999999985,10.184292245738142,8.7125,11.7875,1,1,1,1,576,80,80,576.0,80.0,576.0,576,80,20.379277998332327,12503.935433898141
4403,0,859,0,0,452710,453328,1682.837071,1684.839412,2.002341000000115,10.266159197815822,8.7125,11.7875,1,1,1,1,618,80,80,618.0,80.0,618.0,618,80,20.556351474315306,12486.384686723473
4403,0,860,0,0,453328,453989,1684.839412,1686.84356,2.0041479999999865,10.303556347444836,8.7125,11.7875,1,1,1,1,661,80,80,661.0,80.0,661.0,661,80,20.64985184661964,12773.0087797908
4403,0,861,0,0,453989,454620,1686.84356,1688.846004,2.0024439999999686,10.19450774427605,8.7125,11.7875,1,1,1,1,631,80,80,631.0,80.0,631.0,631,80,20.413930865479415,12404.841283951206
4403,0,862,0,0,454620,455000,1688.846004,1690.053499,1.2074950000001081,10.257007548079681,8.7125,11.7875,1,1,1,1,380,49,49,380.0,49.0,380.0,380,49,12.385285329270118,12670.031759964746
4403,0,863,0,0,455000,455571,1690.053499,1692.053999,2.0004999999998745,10.13495295031155,8.7125,11.7875,1,1,1,1,571,80,80,571.0,80.0,571.0,571,80,20.274973377096103,12208.447888028759
4403,0,864,0,0,455571,456193,1692.053999,1694.05429,2.000291000000061,10.27393158606114,8.7125,11.7875,1,1,1,1,622,80,80,622.0,80.0,622.0,622,80,20.55085288621376,12516.678823230837
4403,0,865,0,0,456193,456832,1694.05429,1696.054677,2.000387000000046,10.103948381507383,8.7125,11.7875,1,1,1,1,639,79,79,639.0,80.0,639.0,639,80,20.21180699103934,12251.629309728285
4403,0,866,0,0,456832,457427,1696.054677,1698.05695,2.002272999999832,10.217791462862527,8.7125,11.7875,1,1,1,1,595,80,80,596.0,80.0,596.0,595,79,20.458807965718734,12264.061893658887
4403,0,867,0,0,457427,458010,1698.05695,1700.058492,2.001541999999972,10.133941224282768,8.7125,11.7875,1,1,1,1,583,80,80,582.0,79.0,582.0,583,80,20.283508985932713,12174.113758292526
4403,0,868,0,0,458010,458592,1700.058492,1702.059058,2.0005660000001626,10.032017710582396,8.7125,11.7875,1,1,1,1,582,80,80,582.0,80.0,582.0,582,80,20.06971354319103,12183.55205476751
4403,0,869,0,0,458592,459182,1702.059058,1704.059314,2.000256000000036,10.155961201079869,8.7125,11.7875,1,1,1,1,590,80,80,590.0,80.0,590.0,590,80,20.314522328228122,12269.929449030305
4403,0,870,0,0,459182,459778,1704.059314,1706.063069,2.0037549999999555,10.195451425642027,8.7125,11.7875,1,1,1,1,596,80,80,596.0,80.0,596.0,596,80,20.42918677138732,12470.586473895539
4403,0,871,0,0,459778,460335,1706.063069,1708.068338,2.0052689999999984,10.096288152401113,8.7125,11.7875,1,1,1,1,557,80,80,557.0,81.0,557.0,557,81,20.24577364707693,12305.082260783975
4403,0,872,0,0,460335,460888,1708.068338,1710.070616,2.002277999999933,10.052330183459143,8.7125,11.7875,1,1,1,1,553,80,80,553.0,80.0,553.0,553,80,20.127559575075793,11722.148472889772
4403,0,873,0,0,460888,461506,1710.070616,1712.072893,2.002277000000049,10.056758539358622,8.7125,11.7875,1,1,1,1,618,80,80,618.0,80.0,618.0,618,80,20.136416317911426,12089.236404353347
4403,0,874,0,0,461506,462145,1712.072893,1714.07517,2.002277000000049,10.057435064123194,8.7125,11.7875,1,1,1,1,639,80,80,639.0,80.0,639.0,639,80,20.137770907887898,12235.070372380744
4403,0,875,0,0,462145,462729,1714.07517,1716.076929,2.0017589999999927,10.089190264622964,8.7125,11.7875,1,1,1,1,584,80,80,584.0,79.0,584.0,584,79,20.196127414921648,12188.779968018172
4403,0,876,0,0,462729,463333,1716.076929,1718.07874,2.0018109999998615,10.041825665414365,8.7125,11.7875,1,1,1,1,604,80,80,604.0,80.0,604.0,604,80,20.10183707710712,12237.419017080882
4403,0,877,0,0,463333,463896,1718.07874,1720.082,2.003260000000182,10.087235785246099,8.7125,11.7875,1,1,1,1,563,80,80,563.0,81.0,563.0,563,81,20.207355959153574,11894.112596466677
4403,0,878,0,0,463896,464484,1720.082,1722.084276,2.002275999999938,10.087935661425586,8.7125,11.7875,1,1,1,1,588,80,80,588.0,80.0,588.0,588,80,20.1988314644168,12247.562274132417
4403,0,879,0,0,464484,465105,1722.084276,1724.086552,2.002275999999938,10.129672056207534,8.7125,11.7875,1,1,1,1,621,80,80,621.0,80.0,621.0,621,80,20.282399246014393,12108.720276325916
4403,0,880,0,0,465105,465687,1724.086552,1726.088797,2.00224500000013,10.14611481830295,8.7125,11.7875,1,1,1,1,582,80,80,583.0,80.0,583.0,582,79,20.315007664374207,12324.166123525541
4403,0,881,0,0,465687,466245,1726.088797,1728.091106,2.0023089999999684,10.078561562893155,8.7125,11.7875,1,1,1,1,558,80,80,557.0,80.0,557.0,558,81,20.180394524435542,11872.29343722691
4403,0,882,0,0,466245,466842,1728.091106,1730.093385,2.0022789999998167,10.144280494482274,8.7125,11.7875,1,1,1,1,597,80,80,597.0,80.0,597.0,597,80,20.311679804210144,12241.550752918172
4403,0,883,0,0,466842,467497,1730.093385,1732.09566,2.002275000000054,10.08742019977465,8.7125,11.7875,1,1,1,1,655,80,80,655.0,80.0,655.0,655,80,20.197789280504367,12342.460451236384
4403,0,884,0,0,467497,468000,1732.09566,1733.856972,1.761312000000089,10.105656229131576,8.7125,11.7875,1,1,1,1,503,71,71,503.0,70.0,503.0,503,70,17.79921358424508,12247.688087061753
4403,0,885,0,0,468000,468572,1733.856972,1735.859387,2.002414999999928,10.0948460670495,8.7125,11.7875,1,1,1,1,572,80,80,572.0,80.0,572.0,572,80,20.214071187350783,12044.955715973396
4403,0,886,0,0,468572,469158,1735.859387,1737.862165,2.002778000000035,10.121510084740741,8.7125,11.7875,1,1,1,1,586,80,80,586.0,80.0,586.0,586,80,20.27113772449775,12166.60059177781
4403,0,887,0,0,469158,469715,1737.862165,1739.862554,2.000389000000041,10.068621801595388,8.7125,11.7875,1,1,1,1,557,80,80,557.0,80.0,557.0,557,80,20.14116029707111,12096.147299350028
4403,0,888,0,0,469715,470281,1739.862554,1741.863701,2.0011469999999463,10.112003690391486,8.7125,11.7875,1,1,1,1,566,80,80,566.0,80.0,566.0,566,80,20.235605849014974,12264.966041975256
4403,0,889,0,0,470281,470852,1741.863701,1743.871714,2.008013000000119,10.174705289531774,8.7125,11.7875,1,1,1,1,571,80,80,571.0,80.0,571.0,571,80,20.43094049254978,12191.654137696592
4403,0,890,0,0,470852,471460,1743.871714,1745.873134,2.0014199999998254,10.152352701730187,8.7125,11.7875,1,1,1,1,608,80,80,608.0,80.0,608.0,608,80,20.319121744294534,12317.754394381065
4403,0,891,0,0,471460,472036,1745.873134,1747.879804,2.0066699999999855,10.000630710480795,8.7125,11.7875,1,1,1,1,576,80,80,576.0,80.0,576.0,576,80,20.06796562780073,11972.073136091223
4403,0,892,0,0,472036,472622,1747.879804,1749.881621,2.0018170000000737,10.027221490646648,8.7125,11.7875,1,1,1,1,586,80,80,586.0,80.0,586.0,586,80,20.072662442742512,11922.668255889086
4403,0,893,0,0,472622,473212,1749.881621,1751.881685,2.000064000000066,10.12284568944402,8.7125,11.7875,1,1,1,1,590,80,80,590.0,80.0,590.0,590,80,20.24633924101363,12132.111772422882
4403,0,894,0,0,473212,473796,1751.881685,1753.895449,2.0137640000000374,10.080170415579499,8.7125,11.7875,1,1,1,1,584,80,80,584.0,81.0,584.0,584,81,20.299084296759247,12285.948105140194
4403,0,895,0,0,473796,474398,1753.895449,1755.897725,2.002275999999938,10.138987286464353,8.7125,11.7875,1,1,1,1,602,80,80,602.0,80.0,602.0,602,80,20.30105090799225,12370.921890888552
4403,0,896,0,0,474398,474997,1755.897725,1757.900002,2.002277000000049,10.303325795862085,8.7125,11.7875,1,1,1,1,599,80,80,599.0,80.0,599.0,599,80,20.63011226456183,12335.456083248919
4403,0,897,0,0,474997,475599,1757.900002,1759.900299,2.0002969999998186,9.968590841868455,8.7125,11.7875,1,1,1,1,602,80,80,602.0,79.0,602.0,602,79,19.940142355215357,11961.223758272981
4403,0,898,0,0,475599,476168,1759.900299,1761.900306,2.000007000000096,9.980376284322839,8.7125,11.7875,1,1,1,1,569,80,80,569.0,80.0,569.0,569,80,19.960822431281485,12071.957748147302
4403,0,899,0,0,476168,476737,1761.900306,1763.900955,2.0006490000000667,9.985047520673568,8.7125,11.7875,1,1,1,1,569,80,80,569.0,80.0,569.0,569,80,19.97657533718848,11996.107263192695
4403,0,900,0,0,476737,477351,1763.900955,1765.901264,2.0003090000000157,9.890655297476377,8.7125,11.7875,1,1,1,1,614,80,80,614.0,80.0,614.0,614,80,19.784366807440165,11983.14860354066
4403,0,901,0,0,477351,477908,1765.901264,1767.901457,2.000192999999854,9.986446692754717,8.7125,11.7875,1,1,1,1,557,80,80,558.0,80.0,557.0,557,80,19.974820769719372,12122.83014689171
4403,0,902,0,0,477908,478473,1767.901457,1769.902496,2.0010389999999916,9.976890086823236,8.7125,11.7875,1,1,1,1,565,80,80,565.0,80.0,565.0,565,80,19.964146162446923,12131.197842720758
4403,0,903,0,0,478473,479070,1769.902496,1771.905709,2.0032129999999597,9.981875376299556,8.7125,11.7875,1,1,1,1,597,80,80,597.0,80.0,597.0,597,80,19.99582251818356,12212.380810228613
4403,0,904,0,0,479070,479636,1771.905709,1773.906445,2.000736000000188,9.842702440257773,8.7125,11.7875,1,1,1,1,566,80,80,566.0,80.0,566.0,566,80,19.692649109512786,11719.187339058124
4403,0,905,0,0,479636,480190,1773.906445,1775.90957,2.0031249999999545,9.918739069037818,8.7125,11.7875,1,1,1,1,554,80,80,554.0,80.0,554.0,554,80,19.86847419766673,11907.394695788102
4403,0,906,0,0,480190,480787,1775.90957,1777.912389,2.002819000000045,9.87277725268053,8.7125,11.7875,1,1,1,1,597,80,80,597.0,80.0,597.0,597,80,19.773385864436932,11778.89764377084
4403,0,907,0,0,480787,481000,1777.912389,1778.736001,0.8236119999999119,9.932261218544607,8.7125,11.7875,1,1,1,1,213,33,33,213.0,33.0,213.0,213,33,8.180329526727292,12022.651442670893
4403,0,908,0,0,481000,481585,1778.736001,1780.73637,2.0003690000000915,9.895312930529217,8.7125,11.7875,1,1,1,1,585,80,80,585.0,80.0,585.0,585,80,19.79427723153094,11893.805592867571
4403,0,909,0,0,481585,482177,1780.73637,1782.736536,2.0001659999998083,9.884784714166933,8.7125,11.7875,1,1,1,1,592,80,80,592.0,80.0,592.0,592,80,19.771210302595136,11762.523710533153
4403,0,910,0,0,482177,482775,1782.736536,1784.738244,2.001708000000008,9.909331585874078,8.7125,11.7875,1,1,1,1,598,80,80,598.0,80.0,598.0,598,80,19.835588310095773,12029.2270401077
4403,0,911,0,0,482775,483370,1784.738244,1786.740888,2.0026440000001458,9.877057270102744,8.7125,11.7875,1,1,1,1,595,80,80,595.0,80.0,595.0,595,80,19.78022947962745,11953.1978724118
4403,0,912,0,0,483370,483944,1786.740888,1788.74095,2.000062000000071,9.945982912312013,8.7125,11.7875,1,1,1,1,574,80,80,574.0,80.0,574.0,574,80,19.892582475564268,11778.134877818371
4403,0,913,0,0,483944,484522,1788.74095,1790.742189,2.0012389999999414,9.901091371374097,8.7125,11.7875,1,1,1,1,578,80,80,578.0,80.0,578.0,578,80,19.814450194957317,11619.801532950678
4403,0,914,0,0,484522,485107,1790.742189,1792.743707,2.0015180000000328,9.94987180482837,8.7125,11.7875,1,1,1,1,585,80,80,585.0,80.0,585.0,585,80,19.914847515057772,12293.66910514899
4403,0,915,0,0,485107,485661,1792.743707,1794.746487,2.0027799999998024,9.918385603020786,8.7125,11.7875,1,1,1,1,554,80,80,554.0,80.0,554.0,554,80,19.864344318015355,11878.988206394286
4403,0,916,0,0,485661,486261,1794.746487,1796.74935,2.0028630000001613,9.951746835527423,8.7125,11.7875,1,1,1,1,600,80,80,600.0,80.0,600.0,600,80,19.931985522245668,11976.855131877752
4403,0,917,0,0,486261,486827,1796.74935,1798.749341,1.999990999999909,10.0216655751969,8.7125,11.7875,1,1,1,1,566,80,80,566.0,80.0,566.0,566,80,20.043240955401416,11807.053131739629
4403,0,918,0,0,486827,487451,1798.749341,1800.753817,2.004476000000068,9.892481412469149,8.7125,11.7875,1,1,1,1,624,80,80,624.0,80.0,624.0,624,80,19.829241571740567,12064.499649783376
4403,0,919,0,0,487451,488053,1800.753817,1802.755432,2.0016149999999016,9.98131020688807,8.7125,11.7875,1,1,1,1,602,80,80,602.0,80.0,602.0,602,80,19.97874022975884,12012.799664271692
4403,0,920,0,0,488053,488646,1802.755432,1804.756117,2.000684999999976,9.934143649110707,8.7125,11.7875,1,1,1,1,593,80,80,593.0,80.0,593.0,593,80,19.87509218661944,12270.797251941358
4403,0,921,0,0,488646,489209,1804.756117,1806.757119,2.0010020000001987,9.924008101012012,8.7125,11.7875,1,1,1,1,563,80,80,563.0,80.0,563.0,563,80,19.857960058143362,11659.15876145935
4403,0,922,0,0,489209,489796,1806.757119,1808.757833,2.000713999999789,9.88587956906614,8.7125,11.7875,1,1,1,1,587,79,79,587.0,80.0,587.0,587,80,19.778817656140745,11925.742509925216
4403,0,923,0,0,489796,490366,1808.757833,1810.759648,2.0018150000000787,9.910529888249195,8.7125,11.7875,1,1,1,1,570,80,80,570.0,79.0,570.0,570,79,19.8390473882464,11899.201474661277
4403,0,924,0,0,490366,490922,1810.759648,1812.762391,2.0027430000000095,10.01169588297891,8.7125,11.7875,1,1,1,1,556,80,80,556.0,81.0,556.0,556,81,20.05085384776612,12192.278290324763
4403,0,925,0,0,490922,491148,1812.762391,1814.764664,2.0022730000000593,3.8970600007390805,8.7125,11.7875,1,0,0,1,226,80,80,226.0,80.0,226.0,226,80,7.802978018858994,4140.29455523785
4403,0,926,0,0,491148,491228,1814.764664,1816.766941,2.002277000000049,0.9802941363865152,8.7125,11.7875,1,0,0,0,80,80,80,80.0,80.0,80.0,80,80,1.9628204025211744,437.0024726848376
4403,0,927,0,0,491228,491308,1816.766941,1818.769218,2.002276999999822,0.9812308629837053,8.7125,11.7875,1,0,0,0,80,80,80,80.0,80.0,80.0,80,80,1.9646959886413242,456.97972857905347
4403,0,928,0,0,491308,491390,1818.769218,1820.771495,2.002277000000049,0.9785768042918308,8.7125,11.7875,1,0,0,0,82,80,80,82.0,80.0,82.0,82,80,1.9593818279681727,448.98882622133596
4403,0,929,0,0,491390,491470,1820.771495,1822.773773,2.002277999999933,0.9792529356890213,8.7125,11.7875,1,0,0,0,80,80,80,80.0,80.0,80.0,80,80,1.9607366095660836,467.46755445549087
4403,0,930,0,0,491470,491550,1822.773773,1824.776048,2.002275000000054,0.9780571861672394,8.7125,11.7875,1,0,0,0,80,80,80,80.0,80.0,80.0,80,80,1.958339452434302,458.4784807281593
4403,0,931,0,0,491550,491630,1824.776048,1826.778326,2.0022780000001603,0.9812304686285018,8.7125,11.7875,1,0,0,0,80,80,80,80.0,80.0,80.0,80,80,1.964696180264582,430.50964950917455
4403,0,932,0,0,491630,491712,1826.778326,1828.780603,2.002276999999822,0.9745696960709896,8.7125,11.7875,1,0,0,0,82,80,80,82.0,80.0,82.0,82,80,1.9513584873384389,442.49621805578295
4403,0,933,0,0,491712,491792,1828.780603,1830.782878,2.002275000000054,0.975819448172306,8.7125,11.7875,1,0,0,0,80,80,80,80.0,80.0,80.0,80,80,1.9538588855903072,416.026769549626
4403,0,934,0,0,491792,491872,1830.782878,1832.785156,2.002277999999933,0.9767029590037858,8.7125,11.7875,1,0,0,0,80,80,80,80.0,80.0,80.0,80,80,1.9556308473474928,463.97153642003315
4403,0,935,0,0,491872,491953,1832.785156,1834.787432,2.0022760000001654,0.974570087099522,8.7125,11.7875,1,0,0,0,81,80,80,81.0,80.0,81.0,81,80,1.9513582957188191,443.4953023458937
4403,0,936,0,0,491953,492082,1834.787432,1836.788998,2.0015659999999116,1.7388114747707881,8.7125,11.7875,1,0,0,0,129,80,80,129.0,79.0,129.0,129,79,3.480345928310271,1834.0639279445006
4403,0,937,0,0,492082,492269,1836.788998,1838.791985,2.0029870000000756,2.3169779123895062,8.7125,11.7875,1,0,0,1,187,80,80,187.0,81.0,187.0,187,81,4.6408766378044675,2898.171580744049
4403,0,938,0,0,492269,492461,1838.791985,1840.794262,2.002276999999822,2.3254855701896266,8.7125,11.7875,1,0,0,1,192,80,80,192.0,80.0,192.0,192,80,4.656266271023924,2888.711202296443
4403,0,939,0,0,492461,492734,1840.794262,1842.79654,2.0022780000001603,3.7434797028243048,8.7125,11.7875,1,0,0,1,273,80,80,273.0,80.0,273.0,273,80,7.4954870524125,4677.172700293991
4403,0,940,0,0,492734,493101,1842.79654,1844.798815,2.002275000000054,5.248337805940458,8.7125,11.7875,1,0,0,1,367,80,80,367.0,80.0,367.0,367,80,10.508615580391051,6465.145896542508
4403,0,941,0,0,493101,493543,1844.798815,1846.801093,2.002277999999933,6.9929826452628445,8.7125,11.7875,1,0,0,1,442,80,80,442.0,80.0,442.0,442,80,14.001895304991194,8402.929063796617
4403,0,942,0,0,493543,494000,1846.801093,1848.727578,1.926484999999957,9.003705930547435,8.7125,11.7875,1,1,0,1,457,77,77,457.0,76.0,457.0,457,76,17.345504419608915,10886.66664936424
4403,0,943,0,0,494000,494535,1848.727578,1850.729835,2.0022570000000997,9.200107967987833,8.7125,11.7875,1,1,1,1,535,79,79,536.0,80.0,535.0,535,79,18.420980579659954,11140.428026971009
4403,0,944,0,0,494535,495071,1850.729835,1852.731197,2.001361999999972,9.377093657279332,8.7125,11.7875,1,1,1,1,536,80,80,536.0,80.0,536.0,536,80,18.76695891611962,11406.232355765884
4403,0,945,0,0,495071,495594,1852.731197,1854.735114,2.0039170000000013,9.501460336632793,8.7125,11.7875,1,1,1,1,523,80,80,523.0,81.0,523.0,523,81,19.04013789340388,11205.054899978386
4403,0,946,0,0,495594,496178,1854.735114,1856.736009,2.0008949999999004,9.501668910998573,8.7125,11.7875,1,1,1,1,584,80,80,584.0,79.0,584.0,584,79,19.011841815670778,11264.45915452891
4403,0,947,0,0,496178,496801,1856.736009,1858.739671,2.0036620000000767,9.91145171604842,8.7125,11.7875,1,1,1,1,623,80,80,623.0,81.0,623.0,623,81,19.85919916828061,12109.826906932942
4403,0,948,0,0,496801,497385,1858.739671,1860.741948,2.002277000000049,9.884348805125617,8.7125,11.7875,1,1,1,1,584,80,80,584.0,80.0,584.0,584,80,19.79120427248199,11886.467257027582
4403,0,949,0,0,497385,497973,1860.741948,1862.742241,2.0002929999998287,9.95610831702413,8.7125,11.7875,1,1,1,1,588,80,80,588.0,79.0,588.0,588,79,19.915133773782145,11802.270967304301
4403,0,950,0,0,497973,498588,1862.742241,1864.746505,2.0042640000001484,10.270738062889725,8.7125,11.7875,1,1,1,1,615,80,80,615.0,81.0,615.0,615,81,20.58527055288141,12459.935417688564
4403,0,951,0,0,498588,499173,1864.746505,1866.748781,2.002275999999938,10.245149687156587,8.7125,11.7875,1,1,1,1,585,80,80,585.0,80.0,585.0,585,80,20.513617335000163,12621.636577575111
4403,0,952,0,0,499173,499776,1866.748781,1868.751059,2.002277999999933,10.351353980058379,8.7125,11.7875,1,1,1,1,603,80,80,603.0,80.0,603.0,603,80,20.726288344481873,12504.75708168438
4403,0,953,0,0,499776,500451,1868.751059,1870.753335,2.0022760000001654,10.328726557504325,8.7125,11.7875,1,1,1,1,675,80,80,675.0,80.0,675.0,675,80,20.68096129665355,12529.241722918283
4403,0,954,0,0,500451,501028,1870.753335,1872.755613,2.002277999999933,10.18924831935413,8.7125,11.7875,1,1,1,1,577,80,80,577.0,80.0,577.0,577,80,20.401707746379543,12087.232642021143
4403,0,955,0,0,501028,501613,1872.755613,1874.756041,2.0004280000000563,10.270272052996381,8.7125,11.7875,1,1,1,1,585,80,80,585.0,79.0,585.0,585,79,20.544939782430447,12394.847502634088
4403,0,956,0,0,501613,502215,1874.756041,1876.756932,2.0008909999999105,10.27757402124705,8.7125,11.7875,1,1,1,1,602,80,80,602.0,80.0,602.0,602,80,20.564305360945582,12254.040824813093
4403,0,957,0,0,502215,502806,1876.756932,1878.759432,2.0025000000000546,10.300430573068166,8.7125,11.7875,1,1,1,1,591,80,80,591.0,80.0,591.0,591,80,20.62661222256793,12408.988764044605
4403,0,958,0,0,502806,503469,1878.759432,1880.760922,2.001489999999876,10.268047923865959,8.7125,11.7875,1,1,1,1,663,80,80,663.0,80.0,663.0,663,80,20.55139523913749,12753.498643511373
4403,0,959,0,0,503469,504064,1880.760922,1882.765055,2.004133000000138,10.16413703136167,8.7125,11.7875,1,1,1,1,595,80,80,595.0,80.0,595.0,595,80,20.370282441075688,12365.94577305912
4403,0,960,0,0,504064,504638,1882.765055,1884.767476,2.002420999999913,10.052042288264273,8.7125,11.7875,1,1,1,1,574,80,80,575.0,80.0,574.0,574,80,20.12842057090893,11813.699516735505
4403,0,961,0,0,504638,505248,1884.767476,1886.770449,2.002973000000111,10.103896227060677,8.7125,11.7875,1,1,1,1,610,80,80,610.0,80.0,610.0,610,80,20.23783133760662,12329.172684803356
4403,0,962,0,0,505248,505828,1886.770449,1888.773828,2.0033789999999954,10.19322004587558,8.7125,11.7875,1,1,1,1,580,80,80,580.0,81.0,580.0,580,81,20.420882982285548,12374.093968240686
4403,0,963,0,0,505828,506427,1888.773828,1890.774816,2.0009880000000067,10.200380254209197,8.7125,11.7875,1,1,1,1,599,80,80,599.0,79.0,599.0,599,79,20.410838484109263,12128.008763670707
4403,0,964,0,0,506427,507000,1890.774816,1892.762295,1.9874789999998939,10.086957560829793,8.7125,11.7875,1,1,1,1,573,80,80,573.0,80.0,573.0,573,80,20.047616326039133,12117.360736893968
4403,0,965,0,0,507000,507605,1892.762295,1894.765377,2.0030819999999494,10.110691582134013,8.7125,11.7875,1,1,1,1,605,80,80,606.0,80.0,605.0,605,80,20.252544315724663,12184.224110645802
4403,0,966,0,0,507605,508207,1894.765377,1896.769175,2.0037979999999607,10.081926866540735,8.7125,11.7875,1,1,1,1,602,80,80,602.0,80.0,602.0,602,80,20.20214489132195,12300.641082584414
4403,0,967,0,0,508207,508780,1896.769175,1898.771933,2.0027580000000853,10.143981230127057,8.7125,11.7875,1,1,1,1,573,80,80,573.0,80.0,573.0,573,80,20.315939560488914,12541.205677370372
4403,0,968,0,0,508780,509351,1898.771933,1900.772475,2.000541999999996,10.174381261902804,8.7125,11.7875,1,1,1,1,571,80,80,571.0,80.0,571.0,571,80,20.354277038448345,12026.240888719181
4403,0,969,0,0,509351,509939,1900.772475,1902.780231,2.007755999999972,10.251131974743089,8.7125,11.7875,1,1,1,1,588,80,80,588.0,80.0,588.0,588,80,20.581771729081083,12501.021040405481
4403,0,970,0,0,509939,510565,1902.780231,1904.792041,2.0118099999999686,10.192067513211272,8.7125,11.7875,1,1,1,1,626,80,80,626.0,81.0,626.0,626,81,20.50450334375273,12496.20988065493
4403,0,971,0,0,510565,511156,1904.792041,1906.79432,2.002279000000044,10.087920833851163,8.7125,11.7875,1,1,1,1,591,80,80,591.0,80.0,591.0,591,80,20.198832039284753,12154.15034568083
4403,0,972,0,0,511156,511744,1906.79432,1908.796154,2.001833999999917,10.112867415761984,8.7125,11.7875,1,1,1,1,588,80,80,588.0,79.0,588.0,588,79,20.244281830364343,12287.732149619309
4403,0,973,0,0,511744,512355,1908.796154,1910.798872,2.0027180000001863,10.25333665442495,8.7125,11.7875,1,1,1,1,611,80,80,611.0,81.0,611.0,611,81,20.534541877877928,12368.690948999158
4403,0,974,0,0,512355,512969,1910.798872,1912.801149,2.002276999999822,10.260236372396603,8.7125,11.7875,1,1,1,1,614,80,80,614.0,80.0,614.0,614,80,20.543835303011292,12445.330990668233
4403,0,975,0,0,512969,513522,1912.801149,1914.80147,2.0003210000002127,10.225283418388317,8.7125,11.7875,1,1,1,1,553,80,80,553.0,79.0,553.0,553,79,20.453849152756447,12296.526407510286
4403,0,976,0,0,513522,514129,1914.80147,1916.804914,2.003443999999945,10.283965155796931,8.7125,11.7875,1,1,1,1,607,80,80,607.0,80.0,607.0,607,80,20.60334828759005,12135.602492508235
4403,0,977,0,0,514129,514722,1916.804914,1918.805905,2.0009909999998854,10.144490048351354,8.7125,11.7875,1,1,1,1,593,80,80,593.0,80.0,593.0,593,80,20.299033286341,12158.475475402634
4403,0,978,0,0,514722,515317,1918.805905,1920.810257,2.0043520000001536,10.155353411224404,8.7125,11.7875,1,1,1,1,595,80,80,595.0,81.0,595.0,595,81,20.35490292049508,12176.00501309058
4403,0,979,0,0,515317,515934,1920.810257,1922.812532,2.002274999999827,10.121662795140107,8.7125,11.7875,1,1,1,1,617,80,80,617.0,80.0,617.0,617,80,20.266352373138943,12290.519534031104
4403,0,980,0,0,515934,516530,1922.812532,1924.812593,2.000061000000187,10.151827087987066,8.7125,11.7875,1,1,1,1,596,80,80,596.0,79.0,596.0,596,79,20.304273437428492,12414.62135404754
4403,0,981,0,0,516530,517099,1924.812593,1926.813691,2.0010979999999563,10.137501054694972,8.7125,11.7875,1,1,1,1,569,80,80,569.0,80.0,569.0,569,80,20.2861330855485,12083.865957589547
4403,0,982,0,0,517099,517744,1926.813691,1928.817646,2.0039549999999053,10.127793131273643,8.7125,11.7875,1,1,1,1,645,80,80,645.0,80.0,645.0,645,80,20.295641684380826,12231.81159257626
4403,0,983,0,0,517744,518321,1928.817646,1930.821639,2.0039930000000368,10.166341594796158,8.7125,11.7875,1,1,1,1,577,80,80,577.0,81.0,577.0,577,81,20.373277391579904,12139.263959504626
4403,0,984,0,0,518321,518930,1930.821639,1932.822992,2.0013530000001083,9.98753790632742,8.7125,11.7875,1,1,1,1,609,80,80,609.0,79.0,609.0,609,79,19.9885889514444,12126.79622235492
4403,0,985,0,0,518930,519583,1932.822992,1934.823684,2.0006919999998445,10.093375077240196,8.7125,11.7875,1,1,1,1,653,80,80,653.0,80.0,653.0,653,80,20.19373477003319,12263.256913109019
4403,0,986,0,0,519583,520000,1934.823684,1936.12961,1.3059259999999995,10.099328372526525,8.7125,11.7875,1,1,1,1,417,53,53,417.0,53.0,417.0,417,53,13.188975504221162,12224.276107528303
4403,0,987,0,0,520000,520597,1936.12961,1938.129951,2.000340999999935,10.081568948022452,8.7125,11.7875,1,1,1,1,597,79,79,598.0,80.0,597.0,597,80,20.166575711056794,12251.911049166516
4403,0,988,0,0,520597,521197,1938.129951,1940.130271,2.0003200000001016,10.111677353046371,8.7125,11.7875,1,1,1,1,600,80,80,600.0,79.0,600.0,600,79,20.226590442845918,12251.039833625997
4403,0,989,0,0,521197,521784,1940.130271,1942.13377,2.0034989999999198,10.11013531820909,8.7125,11.7875,1,1,1,1,587,80,80,587.0,80.0,587.0,587,80,20.255645999895933,12386.829242241196
4403,0,990,0,0,521784,522352,1942.13377,1944.136781,2.003011000000015,10.051842944455592,8.7125,11.7875,1,1,1,1,568,80,80,568.0,81.0,568.0,568,81,20.133951988016634,12247.561296468075
4403,0,991,0,0,522352,522924,1944.136781,1946.139058,2.002277000000049,10.054364682499365,8.7125,11.7875,1,1,1,1,572,80,80,572.0,80.0,572.0,572,80,20.131623153381952,12191.619840810938
4403,0,992,0,0,522924,523540,1946.139058,1948.141335,2.002277000000049,10.055249368729958,8.7125,11.7875,1,1,1,1,616,80,80,616.0,80.0,616.0,616,80,20.133394540273002,12207.102214128914
4403,0,993,0,0,523540,524131,1948.141335,1950.143611,2.002275999999938,10.127070036582724,8.7125,11.7875,1,1,1,1,591,80,80,591.0,80.0,591.0,591,80,20.277189284566703,12005.33792544122
4403,0,994,0,0,524131,524728,1950.143611,1952.144096,2.000485000000026,10.063147470160262,8.7125,11.7875,1,1,1,1,597,80,80,597.0,79.0,597.0,597,79,20.131175566843012,12269.524640274574
4403,0,995,0,0,524728,525371,1952.144096,1954.148165,2.0040690000000723,10.120156758174229,8.7125,11.7875,1,1,1,1,643,80,80,643.0,81.0,643.0,643,81,20.2814924341983,12307.959456485336
4403,0,996,0,0,525371,525962,1954.148165,1956.150442,2.002277000000049,10.089179687691601,8.7125,11.7875,1,1,1,1,591,80,80,591.0,80.0,591.0,591,80,20.201332437532983,12102.221620684553
4403,0,997,0,0,525962,526555,1956.150442,1958.152719,2.002276999999822,9.977969424470277,8.7125,11.7875,1,1,1,1,593,80,80,593.0,80.0,593.0,593,80,19.978658685318806,11728.147504067663
4403,0,998,0,0,526555,527162,1958.152719,1960.153691,2.000972000000047,10.0102328442804,8.7125,11.7875,1,1,1,1,607,80,80,607.0,79.0,607.0,607,79,20.030195634884876,12315.01490275697
4403,0,999,0,0,527162,527696,1960.153691,1962.156464,2.0027729999999337,10.048852487814031,8.7125,11.7875,1,1,1,1,534,80,80,534.0,80.0,534.0,534,80,20.12557044357527,11842.080954756622
4403,0,1000,0,0,527696,528293,1962.156464,1964.156731,2.0002670000001217,10.063129376906128,8.7125,11.7875,1,1,1,1,597,80,80,597.0,80.0,597.0,597,80,20.128945609358198,12207.870249320973
4403,0,1001,0,0,528293,528891,1964.156731,1966.160969,2.0042379999999866,10.007750213850008,8.7125,11.7875,1,1,1,1,598,80,80,598.0,80.0,598.0,598,80,20.05791327310726,11971.13316881536
4403,0,1002,0,0,528891,529488,1966.160969,1968.16296,2.001991000000089,9.976660994685824,8.7125,11.7875,1,1,1,1,597,80,80,597.0,80.0,597.0,597,80,19.973185521412233,12012.54151492136
4403,0,1003,0,0,529488,530074,1968.16296,1970.16638,2.003419999999778,9.976338886055581,8.7125,11.7875,1,1,1,1,586,80,80,586.0,81.0,586.0,586,81,19.986796851098916,12214.113865291705
4403,0,1004,0,0,530074,530652,1970.16638,1972.167448,2.001068000000032,10.127964806940899,8.7125,11.7875,1,1,1,1,578,80,80,579.0,79.0,578.0,578,79,20.266746280296502,12291.436372976634
4403,0,1005,0,0,530652,531229,1972.167448,1974.170934,2.0034860000000663,10.036606993946705,8.7125,11.7875,1,1,1,1,577,80,80,577.0,81.0,577.0,577,81,20.108201599876338,12196.241950280257
4403,0,1006,0,0,531229,531809,1974.170934,1976.173209,2.002275000000054,10.114064894039904,8.7125,11.7875,1,1,1,1,580,80,80,580.0,80.0,580.0,580,80,20.251139285715908,12248.567254747393
4403,0,1007,0,0,531809,532392,1976.173209,1978.175486,2.002277000000049,9.989418305100395,8.7125,11.7875,1,1,1,1,583,80,80,583.0,80.0,583.0,583,80,20.00158251568064,11959.38424104128
4403,0,1008,0,0,532392,533000,1978.175486,1980.142736,1.9672499999999218,10.05544528499058,8.7125,11.7875,1,1,1,1,608,79,79,608.0,78.0,608.0,608,78,19.78157473689862,12607.44694370364
4403,0,1009,0,0,533000,533570,1980.142736,1982.145375,2.0026390000000447,9.98129946388485,8.7125,11.7875,1,1,1,1,570,80,80,572.0,80.0,570.0,570,80,19.988939577055135,12152.464822666221
4403,0,1010,0,0,533570,534183,1982.145375,1984.147022,2.001647000000048,10.059759386821385,8.7125,11.7875,1,1,1,1,613,80,80,613.0,80.0,613.0,613,80,20.136087197352026,12488.215954161447
4403,0,1011,0,0,534183,534778,1984.147022,1986.156089,2.009066999999959,10.112520741807195,8.7125,11.7875,1,1,1,1,595,80,80,595.0,80.0,595.0,595,80,20.316731709179294,12107.112405908063
4403,0,1012,0,0,534778,535354,1986.156089,1988.161842,2.0057529999999133,10.058831726930535,8.7125,11.7875,1,1,1,1,576,80,80,576.0,81.0,576.0,576,81,20.17553191278421,11848.41802555002
4403,0,1013,0,0,535354,535959,1988.161842,1990.162353,2.0005109999999604,9.982858347546934,8.7125,11.7875,1,1,1,1,605,80,80,605.0,79.0,605.0,605,79,19.9708179357076,12059.918690774746
4403,0,1014,0,0,535959,536581,1990.162353,1992.166395,2.0040420000000267,10.07302749208856,8.7125,11.7875,1,1,1,1,622,80,80,622.0,81.0,622.0,622,81,20.186770161300956,12287.666625749196
4403,0,1015,0,0,536581,537181,1992.166395,1994.168672,2.002277000000049,10.108486663665172,8.7125,11.7875,1,1,1,1,600,80,80,600.0,80.0,600.0,600,80,20.239990351463348,12348.940730977478
4403,0,1016,0,0,537181,537809,1994.168672,1996.170057,2.0013850000000275,10.065476620813921,8.7125,11.7875,1,1,1,1,628,80,80,628.0,79.0,628.0,628,79,20.14489392674659,12213.04246809068
4403,0,1017,0,0,537809,538406,1996.170057,1998.172305,2.0022480000000087,10.04508808893631,8.7125,11.7875,1,1,1,1,597,80,80,598.0,80.0,597.0,597,80,20.11275753589507,12263.715583683887
4403,0,1018,0,0,538406,539002,1998.172305,2000.172659,2.0003540000000157,10.033998234995458,8.7125,11.7875,1,1,1,1,596,80,80,596.0,80.0,596.0,596,80,20.07154850536608,12039.86894319696
4403,0,1019,0,0,539002,539552,2000.172659,2002.173535,2.0008759999998347,10.006173249227997,8.7125,11.7875,1,1,1,1,550,80,80,550.0,80.0,550.0,550,80,20.02111190622236,12254.132689882845
4403,0,1020,0,0,539552,540134,2002.173535,2004.177721,2.004186000000118,10.040447157893926,8.7125,11.7875,1,1,1,1,582,80,80,582.0,80.0,582.0,582,80,20.122923627590353,11972.441679563966
4403,0,1021,0,0,540134,540744,2004.177721,2006.180973,2.003251999999975,10.131748160943593,8.7125,11.7875,1,1,1,1,610,80,80,610.0,80.0,610.0,610,80,20.29644476690737,11921.116264953334
4403,0,1022,0,0,540744,541364,2006.180973,2008.181273,2.0002999999999247,10.04629714524832,8.7125,11.7875,1,1,1,1,620,80,80,620.0,80.0,620.0,620,80,20.095608179639385,12099.18512223212
4403,0,1023,0,0,541364,541939,2008.181273,2010.186887,2.0056140000001506,10.217351162660878,8.7125,11.7875,1,1,1,1,575,80,80,575.0,81.0,575.0,575,81,20.492062534751312,12346.343812916215
4403,0,1024,0,0,541939,542529,2010.186887,2012.187493,2.0006059999998342,10.106300843570029,8.7125,11.7875,1,1,1,1,590,80,80,590.0,79.0,590.0,590,79,20.218726105449605,12122.326934939718
4403,0,1025,0,0,542529,543158,2012.187493,2014.191441,2.0039480000000367,9.925091643816195,8.7125,11.7875,1,1,1,1,629,80,80,629.0,81.0,629.0,629,81,19.889367549443705,12053.2069694421
4403,0,1026,0,0,543158,543707,2014.191441,2016.193718,2.002277000000049,9.874981539154613,8.7125,11.7875,1,1,1,1,549,80,80,549.0,80.0,549.0,549,80,19.772448411273217,11661.223696820884
4403,0,1027,0,0,543707,544310,2016.193718,2018.193924,2.0002059999999346,9.983517849271722,8.7125,11.7875,1,1,1,1,603,80,80,603.0,79.0,603.0,603,79,19.96909230322126,12014.262530959704
4403,0,1028,0,0,544310,544881,2018.193924,2020.198271,2.0043470000000525,10.071315899497788,8.7125,11.7875,1,1,1,1,571,80,80,571.0,81.0,571.0,571,81,20.186411809212586,12021.371548938068
4403,0,1029,0,0,544881,545515,2020.198271,2022.199244,2.000972999999931,10.021528056193583,8.7125,11.7875,1,1,1,1,634,80,80,634.0,79.0,634.0,634,79,20.052807059186307,12238.04619052873
4403,0,1030,0,0,545515,546000,2022.199244,2023.838978,1.6397340000000895,10.038903046287707,8.7125,11.7875,1,1,1,1,485,66,66,485.0,66.0,485.0,485,66,16.461130647701793,12169.656785795081
4403,0,1031,0,0,546000,546558,2023.838978,2025.841698,2.002719999999954,10.000102168022643,8.7125,11.7875,1,1,1,1,558,80,80,558.0,80.0,558.0,558,80,20.027404613942053,12062.59487097575
4403,0,1032,0,0,546558,547200,2025.841698,2027.848387,2.0066890000000512,9.90260549734973,8.7125,11.7875,1,1,1,1,642,80,80,642.0,80.0,642.0,642,80,19.871449522870535,12413.483105752493
4403,0,1033,0,0,547200,547761,2027.848387,2029.856278,2.0078909999999723,9.973025687284329,8.7125,11.7875,1,1,1,1,561,80,80,561.0,80.0,561.0,561,80,20.024748520267167,11985.212344694175
4403,0,1034,0,0,547761,548314,2029.856278,2031.861534,2.0052559999999175,10.050780764261129,8.7125,11.7875,1,1,1,1,553,80,80,553.0,81.0,553.0,553,81,20.154388432220003,12132.116797057832
4403,0,1035,0,0,548314,548884,2031.861534,2033.863811,2.002277000000049,10.035057706525793,8.7125,11.7875,1,1,1,1,570,80,80,570.0,80.0,570.0,570,80,20.092965239451587,11799.066762490615
4403,0,1036,0,0,548884,549471,2033.863811,2035.86385,2.000039000000015,10.08660500553388,8.7125,11.7875,1,1,1,1,587,80,80,587.0,79.0,587.0,587,79,20.17360338866274,12109.263869354456
4403,0,1037,0,0,549471,550070,2035.86385,2037.868364,2.004513999999972,9.888138927978503,8.7125,11.7875,1,1,1,1,599,80,80,599.0,81.0,599.0,599,81,19.820912915078225,12075.246169395843
4403,0,1038,0,0,550070,550687,2037.868364,2039.870641,2.002277000000049,9.979062272165782,8.7125,11.7875,1,1,1,1,617,80,80,617.0,80.0,617.0,617,80,19.980846869126253,12067.261422869766
4403,0,1039,0,0,550687,551299,2039.870641,2041.872918,2.002277000000049,9.813625947044528,8.7125,11.7875,1,1,1,1,612,80,80,612.0,80.0,612.0,612,80,19.64959752037248,11940.405847941825
4403,0,1040,0,0,551299,551892,2041.872918,2043.873677,2.0007590000000164,9.796136268599211,8.7125,11.7875,1,1,1,1,593,80,80,593.0,79.0,593.0,593,79,19.599707804627542,11776.530806558814
4403,0,1041,0,0,551892,552461,2043.873677,2045.877472,2.0037949999998546,9.804152638135804,8.7125,11.7875,1,1,1,1,569,80,80,571.0,81.0,569.0,569,81,19.645512035531283,11809.092247461302
4403,0,1042,0,0,552461,553028,2045.877472,2047.879749,2.002277000000049,9.891114052771345,8.7125,11.7875,1,1,1,1,567,80,80,567.0,80.0,567.0,567,80,19.804750172243075,11726.149778476916
4403,0,1043,0,0,553028,553638,2047.879749,2049.882026,2.0022770000002765,9.930664731314483,8.7125,11.7875,1,1,1,1,610,80,80,610.0,80.0,610.0,610,80,19.883941586223955,12118.203425398508
4403,0,1044,0,0,553638,554208,2049.882026,2051.884066,2.0020399999998517,9.846409281060657,8.7125,11.7875,1,1,1,1,570,80,80,570.0,79.0,570.0,570,79,19.712905237054656,12004.755149748147
4403,0,1045,0,0,554208,554818,2051.884066,2053.884699,2.000633000000107,9.736428896808821,8.7125,11.7875,1,1,1,1,610,80,80,610.0,80.0,610.0,610,80,19.479020953109284,12008.19940488771
4403,0,1046,0,0,554818,555401,2053.884699,2055.886363,2.0016639999998915,9.95332454909499,8.7125,11.7875,1,1,1,1,583,80,80,583.0,80.0,583.0,583,80,19.923211430239462,12235.320213582963
4403,0,1047,0,0,555401,556019,2055.886363,2057.88816,2.001796999999897,9.8426883171952,8.7125,11.7875,1,1,1,1,618,80,80,618.0,80.0,618.0,618,80,19.70306394529689,11937.773910142354
4403,0,1048,0,0,556019,556596,2057.88816,2059.888708,2.0005479999999807,9.745116009517018,8.7125,11.7875,1,1,1,1,577,80,80,577.0,80.0,577.0,577,80,19.495572342606465,11790.769329203911
4403,0,1049,0,0,556596,557159,2059.888708,2061.888997,2.000289000000066,9.938833270237435,8.7125,11.7875,1,1,1,1,563,80,80,563.0,80.0,563.0,563,80,19.880538863289985,12069.755920269123
4403,0,1050,0,0,557159,557726,2061.888997,2063.889131,2.000133999999889,9.799866823844665,8.7125,11.7875,1,1,1,1,567,80,80,567.0,80.0,567.0,567,80,19.601046829840925,11864.70506476132
4403,0,1051,0,0,557726,558340,2063.889131,2065.891217,2.002085999999963,9.862321504995363,8.7125,11.7875,1,1,1,1,614,80,80,614.0,80.0,614.0,614,80,19.745215812650713,11987.996519630247
4403,0,1052,0,0,558340,558876,2065.891217,2067.896863,2.0056460000000698,9.825933526468033,8.7125,11.7875,1,1,1,1,536,80,80,536.0,80.0,536.0,536,80,19.707344273625495,11908.382635818669
4403,0,1053,0,0,558876,559000,2067.896863,2068.304114,0.4072510000000875,9.77153140477257,8.7125,11.7875,1,1,1,1,124,17,17,124.0,17.0,124.0,124,17,3.9794659361250524,12193.954097102114
4403,0,1054,0,0,559000,559581,2068.304114,2070.30525,2.0011359999998604,9.926845093927518,8.7125,11.7875,1,1,1,1,581,79,79,581.0,80.0,581.0,581,80,19.864967083878582,12138.605272206234
4403,0,1055,0,0,559581,560186,2070.30525,2072.307526,2.0022760000001654,9.859478338366197,8.7125,11.7875,1,1,1,1,605,80,80,606.0,80.0,605.0,605,80,19.74139684943293,11827.54025918407
4403,0,1056,0,0,560186,560752,2072.307526,2074.309,2.001474000000144,9.801347350317744,8.7125,11.7875,1,1,1,1,566,80,80,566.0,79.0,566.0,566,79,19.617141886632453,11632.426901372852
4403,0,1057,0,0,560752,561280,2074.309,2076.312079,2.003078999999616,9.8801038596244,8.7125,11.7875,1,1,1,1,528,80,80,528.0,81.0,528.0,528,81,19.790628559028846,12002.022885769662
4403,0,1058,0,0,561280,561847,2076.312079,2078.314356,2.002277000000049,9.851511333860595,8.7125,11.7875,1,1,1,1,567,80,80,567.0,80.0,567.0,567,80,19.72545455902946,12139.179544088756
4403,0,1059,0,0,561847,562385,2078.314356,2080.316633,2.002277000000049,9.82408606071215,8.7125,11.7875,1,1,1,1,538,80,80,538.0,80.0,538.0,538,80,19.670541565385065,11752.120211139329
4403,0,1060,0,0,562385,562987,2080.316633,2082.318909,2.0022760000001654,9.870562941967885,8.7125,11.7875,1,1,1,1,602,80,80,602.0,80.0,602.0,602,80,19.763591285194707,11934.418631596256
4403,0,1061,0,0,562987,563603,2082.318909,2084.321188,2.0022789999998167,10.064971055147002,8.7125,11.7875,1,1,1,1,616,80,80,616.0,80.0,616.0,616,80,20.15288017932835,11954.877417184214
4403,0,1062,0,0,563603,564206,2084.321188,2086.323095,2.001907000000301,10.018451312736222,8.7125,11.7875,1,1,1,1,603,80,80,603.0,79.0,603.0,603,79,20.056007812127064,11919.634628380045
4403,0,1063,0,0,564206,564778,2086.323095,2088.325202,2.0021069999997962,10.07310553947855,8.7125,11.7875,1,1,1,1,572,80,80,572.0,80.0,572.0,572,80,20.16743511232562,12186.16187846228
4403,0,1064,0,0,564778,565379,2088.325202,2090.325467,2.0002650000001267,10.041208215278154,8.7125,11.7875,1,1,1,1,601,80,80,601.0,80.0,601.0,601,80,20.085077350733627,11895.42385633828
4403,0,1065,0,0,565379,565976,2090.325467,2092.326524,2.001056999999946,10.127498707013844,8.7125,11.7875,1,1,1,1,597,80,80,597.0,80.0,597.0,597,80,20.265702180160588,12225.53880274308
4403,0,1066,0,0,565976,566584,2092.326524,2094.326633,2.000109000000066,10.088811441999697,8.7125,11.7875,1,1,1,1,608,80,80,608.0,80.0,608.0,608,80,20.178722564447526,12267.831403188122
4403,0,1067,0,0,566584,567159,2094.326633,2096.327452,2.000818999999865,10.167270604022077,8.7125,11.7875,1,1,1,1,575,80,80,575.0,80.0,575.0,575,80,20.342868202667887,12075.055264869852
4403,0,1068,0,0,567159,567754,2096.327452,2098.333014,2.005561999999827,10.087515470056932,8.7125,11.7875,1,1,1,1,595,80,80,595.0,80.0,595.0,595,80,20.231137701157422,12046.997300508328
4403,0,1069,0,0,567754,568334,2098.333014,2100.339402,2.0063880000002428,10.23488025884777,8.7125,11.7875,1,1,1,1,580,80,80,580.0,81.0,580.0,580,81,20.535140932792274,12284.762468673565
4403,0,1070,0,0,568334,568903,2100.339402,2102.341128,2.0017259999999624,10.061504173851887,8.7125,11.7875,1,1,1,1,569,80,80,569.0,79.0,569.0,569,79,20.14037450390606,12036.61240349601
4403,0,1071,0,0,568903,569484,2102.341128,2104.343955,2.0028269999997974,10.151442269738167,8.7125,11.7875,1,1,1,1,581,80,80,581.0,81.0,581.0,581,81,20.331582666771283,12189.270466197266
4403,0,1072,0,0,569484,570045,2104.343955,2106.346232,2.002277000000049,10.123578369951792,8.7125,11.7875,1,1,1,1,561,80,80,561.0,80.0,561.0,561,80,20.27020812785122,12162.6528197644
4403,0,1073,0,0,570045,570662,2106.346232,2108.348509,2.002277000000049,10.171299386037415,8.7125,11.7875,1,1,1,1,617,80,80,617.0,80.0,617.0,617,80,20.365758820778865,12449.825873243008
4403,0,1074,0,0,570662,571263,2108.348509,2110.350786,2.002277000000049,10.13986700466804,8.7125,11.7875,1,1,1,1,601,80,80,601.0,80.0,601.0,601,80,20.302822486504738,12110.212523042219
4403,0,1075,0,0,571263,571857,2110.350786,2112.353061,2.002274999999827,10.344603947937681,8.7125,11.7875,1,1,1,1,594,80,80,594.0,80.0,594.0,594,80,20.712741869854653,12413.379780500754
4403,0,1076,0,0,571857,572000,2112.353061,2112.819108,0.46604700000034427,10.061379641869376,8.7125,11.7875,1,1,1,1,143,19,19,143.0,18.0,143.0,143,18,4.6890757979563205,12335.665716109648
4403,0,1077,0,0,572000,572623,2112.819108,2114.823163,2.0040549999998802,10.07280741032845,8.7125,11.7875,1,1,1,1,623,80,80,623.0,80.0,623.0,623,80,20.186460054705094,12036.096813710921
4403,0,1078,0,0,572623,573186,2114.823163,2116.824874,2.0017109999998866,10.085627582271638,8.7125,11.7875,1,1,1,1,563,80,80,563.0,80.0,563.0,563,80,20.188511673335597,12078.666700638289
4403,0,1079,0,0,573186,573791,2116.824874,2118.827016,2.0021420000002763,10.11233001225895,8.7125,11.7875,1,1,1,1,605,80,80,605.0,80.0,605.0,605,80,20.246320635407756,11943.208823348543
4403,0,1080,0,0,573791,574339,2118.827016,2120.829753,2.0027369999997973,10.023431695994487,8.7125,11.7875,1,1,1,1,548,80,80,548.0,80.0,548.0,548,80,20.074297524537542,12041.021861583644
4403,0,1081,0,0,574339,574942,2120.829753,2122.839985,2.0102320000000873,10.073545363675802,8.7125,11.7875,1,1,1,1,603,80,80,603.0,81.0,603.0,603,81,20.25016324351236,12083.182438643373
4403,0,1082,0,0,574942,575522,2122.839985,2124.842263,2.002277999999933,10.065860671993045,8.7125,11.7875,1,1,1,1,580,80,80,580.0,80.0,580.0,580,80,20.154651374596142,12124.689978115333
4403,0,1083,0,0,575522,576085,2124.842263,2126.844539,2.0022760000001654,10.180671640852669,8.7125,11.7875,1,1,1,1,563,80,80,563.0,80.0,563.0,563,80,20.384514490360743,12242.567957663166
4403,0,1084,0,0,576085,576685,2126.844539,2128.845562,2.0010229999998046,10.024927542727387,8.7125,11.7875,1,1,1,1,600,80,80,601.0,79.0,600.0,600,79,20.060110586327937,12104.308646128688
4403,0,1085,0,0,576685,577265,2128.845562,2130.849092,2.003529999999955,9.934455457400599,8.7125,11.7875,1,1,1,1,580,80,80,580.0,81.0,580.0,580,81,19.903979542566958,11953.402245037776
4403,0,1086,0,0,577265,577860,2130.849092,2132.851371,2.0022790000002715,9.755070982151688,8.7125,11.7875,1,1,1,1,595,80,80,595.0,80.0,595.0,595,80,19.532373771075072,11916.421237997683
4403,0,1087,0,0,577860,578469,2132.851371,2134.853647,2.0022759999997106,9.810976692561935,8.7125,11.7875,1,1,1,1,609,80,80,609.0,80.0,609.0,609,80,19.644283168072434,11855.008999759988
4403,0,1088,0,0,578469,579074,2134.853647,2136.855924,2.002277000000049,9.700021826962836,8.7125,11.7875,1,1,1,1,605,80,80,605.0,80.0,605.0,605,80,19.42213060362701,11598.794772151621
4403,0,1089,0,0,579074,579628,2136.855924,2138.857658,2.001733999999942,9.795153992340227,8.7125,11.7875,1,1,1,1,554,80,80,554.0,79.0,554.0,554,79,19.607292781704018,11903.179942989773
4403,0,1090,0,0,579628,580222,2138.857658,2140.858776,2.001118000000133,9.754058578576018,8.7125,11.7875,1,1,1,1,594,80,80,594.0,80.0,594.0,594,80,19.519022194643185,11671.975365769758
4403,0,1091,0,0,580222,580807,2140.858776,2142.862273,2.003497000000152,9.770892617442001,8.7125,11.7875,1,1,1,1,585,80,80,585.0,80.0,585.0,585,80,19.57595404636959,11936.628804534363
4403,0,1092,0,0,580807,581411,2142.862273,2144.863285,2.0010119999997187,9.762428194454676,8.7125,11.7875,1,1,1,1,604,80,80,604.0,80.0,604.0,604,80,19.534735966240987,11766.546127661059
4403,0,1093,0,0,581411,581972,2144.863285,2146.863754,2.0004690000000664,9.786746504818325,8.7125,11.7875,1,1,1,1,561,80,80,561.0,80.0,561.0,561,80,19.578082993746648,11575.285595527464
4403,0,1094,0,0,581972,582582,2146.863754,2148.865206,2.001451999999972,9.729243239617611,8.7125,11.7875,1,1,1,1,610,80,80,610.0,80.0,610.0,610,80,19.47261334041832,11834.408219632713
4403,0,1095,0,0,582582,583178,2148.865206,2150.871861,2.006655000000137,9.7222204558007,8.7125,11.7875,1,1,1,1,596,80,80,596.0,81.0,596.0,596,81,19.509142288734438,11670.665859352206
4403,0,1096,0,0,583178,583749,2150.871861,2152.873107,2.00124599999981,9.78385419483836,8.7125,11.7875,1,1,1,1,571,80,80,571.0,79.0,571.0,571,79,19.579899072003172,11891.091849778717
4403,0,1097,0,0,583749,584296,2152.873107,2154.874202,2.0010950000000776,9.726727013802337,8.7125,11.7875,1,1,1,1,547,80,80,547.0,80.0,547.0,547,80,19.464104793685692,11650.121558446299
4403,0,1098,0,0,584296,584878,2154.874202,2156.878693,2.0044910000001437,9.72590763232486,8.7125,11.7875,1,1,1,1,582,80,80,582.0,81.0,582.0,582,81,19.495494315826363,11797.00981446078
4403,0,1099,0,0,584878,585000,2156.878693,2157.322624,0.44393099999979313,9.74352937009293,8.7125,11.7875,1,1,1,1,122,18,18,122.0,17.0,122.0,122,17,4.3254547367942,11335.09486835194
4403,0,1100,0,0,585000,585626,2157.322624,2159.323645,2.001021000000037,9.731297548187593,8.7125,11.7875,1,1,1,1,626,80,80,626.0,80.0,626.0,626,80,19.4725307511726,11815.468203481903
4403,0,1101,0,0,585626,586223,2159.323645,2161.323803,2.000158000000283,9.76078410082638,8.7125,11.7875,1,1,1,1,597,80,80,597.0,80.0,597.0,597,80,19.523110405541956,11703.075457037237
4403,0,1102,0,0,586223,586815,2161.323803,2163.32418,2.000376999999844,9.658421822779424,8.7125,11.7875,1,1,1,1,592,80,80,592.0,80.0,592.0,592,80,19.32048487058273,11818.772161448489
4403,0,1103,0,0,586815,587415,2163.32418,2165.325839,2.001659000000018,9.694524345009778,8.7125,11.7875,1,1,1,1,600,80,80,600.0,80.0,600.0,600,80,19.405131905907183,11688.80413696828
4403,0,1104,0,0,587415,587984,2165.325839,2167.330814,2.004974999999831,9.76487050902349,8.7125,11.7875,1,1,1,1,569,80,80,569.0,80.0,569.0,569,80,19.578321248827706,11792.166984626736
4403,0,1105,0,0,587984,588532,2167.330814,2169.332431,2.0016169999998965,9.756880430724927,8.7125,11.7875,1,1,1,1,548,80,80,549.0,80.0,548.0,548,80,19.529537737103965,11649.581313508632
4403,0,1106,0,0,588532,589097,2169.332431,2171.337013,2.0045820000000276,9.670531396814843,8.7125,11.7875,1,1,1,1,565,80,80,565.0,80.0,565.0,565,80,19.385373168490332,11794.478848956876
4403,0,1107,0,0,589097,589642,2171.337013,2173.340457,2.003443999999945,9.674563363022823,8.7125,11.7875,1,1,1,1,545,80,80,545.0,80.0,545.0,545,80,19.382445922266925,11590.041947766265
4403,0,1108,0,0,589642,590224,2173.340457,2175.341066,2.0006090000001677,9.793887613830973,8.7125,11.7875,1,1,1,1,582,80,80,582.0,80.0,582.0,582,80,19.593739705222106,11705.435694829943
4403,0,1109,0,0,590224,590818,2175.341066,2177.34154,2.00047399999994,9.757136953457396,8.7125,11.7875,1,1,1,1,594,80,80,594.0,80.0,594.0,594,80,19.51889878982911,11716.223255088895
4403,0,1110,0,0,590818,591415,2177.34154,2179.345751,2.004210999999941,9.687155222708459,8.7125,11.7875,1,1,1,1,597,80,80,597.0,80.0,597.0,597,80,19.415103056060616,11760.238817170793
4403,0,1111,0,0,591415,592021,2179.345751,2181.355098,2.0093470000001616,9.816174184606213,8.7125,11.7875,1,1,1,1,606,80,80,606.0,80.0,606.0,606,80,19.724100149316655,11743.616209643284
4403,0,1112,0,0,592021,592587,2181.355098,2183.356728,2.0016300000002047,9.687478132954306,8.7125,11.7875,1,1,1,1,566,80,80,566.0,80.0,566.0,566,80,19.390746855267935,11542.592786877512
4403,0,1113,0,0,592587,593183,2183.356728,2185.35684,2.0001119999997172,9.704687649715531,8.7125,11.7875,1,1,1,1,596,80,80,596.0,80.0,596.0,596,80,19.410462224444927,11514.355196110646
4403,0,1114,0,0,593183,593782,2185.35684,2187.361175,2.004335000000083,9.753994824792462,8.7125,11.7875,1,1,1,1,599,80,80,600.0,80.0,599.0,599,80,19.550273217151698,11852.809036413084
4403,0,1115,0,0,593782,594377,2187.361175,2189.36124,2.000065000000177,9.874385737406932,8.7125,11.7875,1,1,1,1,595,80,80,595.0,80.0,595.0,595,80,19.74941330988804,12048.608420225277
4403,0,1116,0,0,594377,594931,2189.36124,2191.367917,2.006676999999854,9.820775859487457,8.7125,11.7875,1,1,1,1,554,80,80,554.0,81.0,554.0,554,81,19.707125039385573,11878.344148062559
4403,0,1117,0,0,594931,595516,2191.367917,2193.370196,2.0022789999998167,9.891937009353182,8.7125,11.7875,1,1,1,1,585,80,80,585.0,80.0,585.0,585,80,19.806417743147904,12257.53254166989
4403,0,1118,0,0,595516,596114,2193.370196,2195.372471,2.0022750000002816,9.820608974191616,8.7125,11.7875,1,1,1,1,598,80,80,598.0,80.0,598.0,598,80,19.663559833803447,11727.659786990647
4403,0,1119,0,0,596114,596709,2195.372471,2197.374746,2.002274999999827,9.903665482098782,8.7125,11.7875,1,1,1,1,595,80,80,595.0,80.0,595.0,595,80,19.82986180316584,12208.113271155118
4403,0,1120,0,0,596709,597311,2197.374746,2199.375976,2.0012299999998504,9.826105635771409,8.7125,11.7875,1,1,1,1,602,80,80,602.0,79.0,602.0,602,79,19.66429738147417,11559.890667240512
4403,0,1121,0,0,597311,597871,2199.375976,2201.379301,2.0033250000001317,9.91407503869184,8.7125,11.7875,1,1,1,1,560,80,80,560.0,81.0,560.0,560,81,19.861114376890328,11802.87771579671
4403,0,1122,0,0,597871,598000,2201.379301,2201.824082,0.4447810000001482,10.04810042082644,8.7125,11.7875,1,1,1,1,129,18,18,129.0,17.0,129.0,129,17,4.469204153276223,12473.55440092574
4403,0,1123,0,0,598000,598581,2201.824082,2203.826825,2.0027430000000095,9.843280412780034,8.7125,11.7875,1,1,1,1,581,80,80,581.0,80.0,581.0,581,80,19.713560943731864,11726.417218784381
4403,0,1124,0,0,598581,599170,2203.826825,2205.830884,2.00405899999987,10.065404526856723,8.7125,11.7875,1,1,1,1,589,80,80,589.0,80.0,589.0,589,80,20.17166453068785,12096.94924151513
4403,0,1125,0,0,599170,599796,2205.830884,2207.831872,2.000988000000234,10.219595519603743,8.7125,11.7875,1,1,1,1,626,80,80,626.0,80.0,626.0,626,80,20.44928799958143,12207.469510060602
4403,0,1126,0,0,599796,600391,2207.831872,2209.83638,2.004507999999987,10.093550596370246,8.7125,11.7875,1,1,1,1,595,80,80,595.0,80.0,595.0,595,80,20.232602918829798,12563.681461984768
4403,0,1127,0,0,600391,600969,2209.83638,2211.837519,2.0011389999999665,10.171455174398593,8.7125,11.7875,1,1,1,1,578,80,80,578.0,80.0,578.0,578,80,20.354495636242063,12199.052639521997
4403,0,1128,0,0,600969,601562,2211.837519,2213.837627,2.0001079999997273,10.157948845568326,8.7125,11.7875,1,1,1,1,593,80,80,593.0,80.0,593.0,593,80,20.316994749609876,12381.33140810565
4403,0,1129,0,0,601562,602146,2213.837627,2215.842755,2.0051280000002407,10.137414483475945,8.7125,11.7875,1,1,1,1,584,80,80,584.0,80.0,584.0,584,80,20.326813628424134,12222.66109694596
4403,0,1130,0,0,602146,602731,2215.842755,2217.84723,2.0044749999997293,10.090594615326873,8.7125,11.7875,1,1,1,1,585,80,80,585.0,80.0,585.0,585,80,20.226344641556352,12005.637386349666
4403,0,1131,0,0,602731,603339,2217.84723,2219.850305,2.0030750000000808,10.087525488693796,8.7125,11.7875,1,1,1,1,608,80,80,608.0,81.0,608.0,608,81,20.206070118267235,12299.090148895577
4403,0,1132,0,0,603339,603939,2219.850305,2221.852581,2.0022760000001654,10.0874152574995,8.7125,11.7875,1,1,1,1,600,80,80,600.0,80.0,600.0,600,80,20.197789472127624,12190.127634750646
4403,0,1133,0,0,603939,604568,2221.852581,2223.854858,2.002277000000049,10.092822513346992,8.7125,11.7875,1,1,1,1,629,80,80,629.0,80.0,629.0,629,80,20.20862638355902,12325.467455301836
4403,0,1134,0,0,604568,605127,2223.854858,2225.855383,2.000524999999925,10.129411753339264,8.7125,11.7875,1,1,1,1,559,80,80,559.0,79.0,559.0,559,79,20.264141447849397,12225.790729933851
4403,0,1135,0,0,605127,605706,2225.855383,2227.856204,2.0008210000000872,10.010973845189232,8.7125,11.7875,1,1,1,1,579,80,80,579.0,80.0,579.0,579,80,20.030166699907568,12386.415376487412
4403,0,1136,0,0,605706,606309,2227.856204,2229.857148,2.0009439999998904,10.073953857768421,8.7125,11.7875,1,1,1,1,603,80,80,603.0,80.0,603.0,603,80,20.157417527978396,12481.608680703392
4403,0,1137,0,0,606309,606887,2229.857148,2231.857462,2.0003139999998893,10.093787654519783,8.7125,11.7875,1,1,1,1,578,80,80,578.0,80.0,578.0,578,80,20.19074475836169,12156.591415148494
4403,0,1138,0,0,606887,607508,2231.857462,2233.864631,2.0071689999999762,10.069625121935909,8.7125,11.7875,1,1,1,1,621,80,80,621.0,80.0,621.0,621,80,20.21143938637033,12454.855570208734
4403,0,1139,0,0,607508,608063,2233.864631,2235.866383,2.001752000000124,9.956018651032977,8.7125,11.7875,1,1,1,1,555,80,80,555.0,80.0,555.0,555,80,19.929480246744788,11988.997638068307
4403,0,1140,0,0,608063,608690,2235.866383,2237.870795,2.0044119999997747,10.036009654502797,8.7125,11.7875,1,1,1,1,627,80,80,627.0,81.0,627.0,627,81,20.1162981835987,12194.598715235565
4403,0,1141,0,0,608690,609273,2237.870795,2239.872976,2.0021810000002915,10.095222839131955,8.7125,11.7875,1,1,1,1,583,80,80,584.0,79.0,584.0,583,79,20.212463359279354,12088.317689557774
4403,0,1142,0,0,609273,609857,2239.872976,2241.875348,2.002371999999923,10.206003531640556,8.7125,11.7875,1,1,1,1,584,80,80,583.0,81.0,583.0,584,81,20.436215703655762,12195.036686490292
4403,0,1143,0,0,609857,610424,2241.875348,2243.877627,2.0022789999998167,10.223277691930399,8.7125,11.7875,1,1,1,1,567,80,80,567.0,80.0,567.0,567,80,20.469854233717342,12165.637256347507
4403,0,1144,0,0,610424,610999,2243.877627,2245.879903,2.0022760000001654,10.146897426122642,8.7125,11.7875,1,1,1,1,575,80,80,575.0,80.0,575.0,575,80,20.31688919078806,11929.424315128397
4403,0,1145,0,0,610999,611000,2245.879903,2245.889962,0.010059000000183005,10.218946529349807,8.7125,11.7875,1,1,1,1,1,1,1,1.0,0.0,1.0,1,0,0.10279238313887618,10338.999900398441
4403,0,1146,0,0,611000,611586,2245.889962,2247.892893,2.0029309999999896,10.128398995958356,8.7125,11.7875,1,1,1,1,586,80,80,586.0,80.0,586.0,586,80,20.286484329375526,12221.589260938159
4403,0,1147,0,0,611586,612123,2247.892893,2249.89315,2.000256999999692,10.198724507301332,8.7125,11.7875,1,1,1,1,537,80,80,537.0,80.0,537.0,537,80,20.400070086798223,12177.435199578727
4403,0,1148,0,0,612123,612691,2249.89315,2251.895723,2.0025730000002113,10.041199520365035,8.7125,11.7875,1,1,1,1,568,80,80,568.0,80.0,568.0,568,80,20.10823504709697,12019.037508244373
4403,0,1149,0,0,612691,613290,2251.895723,2253.895717,1.9999939999997878,10.05666187604065,8.7125,11.7875,1,1,1,1,599,80,80,600.0,80.0,599.0,599,80,20.113263412109518,12146.536439610607
4403,0,1150,0,0,613290,613895,2253.895717,2255.89663,2.0009130000003097,10.120142008198707,8.7125,11.7875,1,1,1,1,605,80,80,605.0,80.0,605.0,605,80,20.24952370605388,12302.883733573719
4403,0,1151,0,0,613895,614467,2255.89663,2257.903082,2.0064519999996264,10.08634574725619,8.7125,11.7875,1,1,1,1,572,80,80,572.0,80.0,572.0,572,80,20.237768597271497,12040.15844884627
4403,0,1152,0,0,614467,615074,2257.903082,2259.911043,2.0079610000002504,10.015755930438571,8.7125,11.7875,1,1,1,1,607,80,80,607.0,80.0,607.0,607,80,20.11124729384028,12224.341010605754
4403,0,1153,0,0,615074,615663,2259.911043,2261.915124,2.004081000000042,9.89756503547728,8.7125,11.7875,1,1,1,1,589,80,80,589.0,80.0,589.0,589,80,19.835522033863526,12134.73906493774
4403,0,1154,0,0,615663,616267,2261.915124,2263.92502,2.009896000000026,10.0535787821514,8.7125,11.7875,1,1,1,1,604,80,80,604.0,80.0,604.0,604,80,20.20664777993079,12144.409461981955
4403,0,1155,0,0,616267,616851,2263.92502,2265.927699,2.0026789999997163,10.100044330258411,8.7125,11.7875,1,1,1,1,584,80,80,584.0,81.0,584.0,584,81,20.227146679273574,12049.859213585112
4403,0,1156,0,0,616851,617447,2265.927699,2267.929977,2.002277999999933,9.960270821088093,8.7125,11.7875,1,1,1,1,596,80,80,597.0,80.0,596.0,596,80,19.9432311391065,11854.997158237165
4403,0,1157,0,0,617447,618047,2267.929977,2269.932253,2.0022760000001654,9.967201950833307,8.7125,11.7875,1,1,1,1,600,80,80,600.0,80.0,600.0,600,80,19.957089253308368,11836.030597179431
4403,0,1158,0,0,618047,618599,2269.932253,2271.933571,2.001318000000083,9.969902888179883,8.7125,11.7875,1,1,1,1,552,80,80,552.0,79.0,552.0,552,79,19.952946108365722,12112.517850735863
4403,0,1159,0,0,618599,619195,2271.933571,2273.936806,2.0032350000001315,9.994095526051249,8.7125,11.7875,1,1,1,1,596,80,80,597.0,81.0,596.0,596,81,20.020521951129922,11786.934633229976
4403,0,1160,0,0,619195,619786,2273.936806,2275.939084,2.002277999999933,9.941067935438056,8.7125,11.7875,1,1,1,1,591,80,80,591.0,80.0,591.0,591,80,19.904781623630697,12116.699079748572
4403,0,1161,0,0,619786,620361,2275.939084,2277.94136,2.0022759999997106,10.03220040106328,8.7125,11.7875,1,1,1,1,575,80,80,575.0,80.0,575.0,575,80,20.087234090235143,12288.016237523476
4403,0,1162,0,0,620361,620938,2277.94136,2279.943638,2.0022780000003877,10.018451921781642,8.7125,11.7875,1,1,1,1,577,80,80,577.0,80.0,577.0,577,80,20.05972587704673,12191.11432078626
4403,0,1163,0,0,620938,621501,2279.943638,2281.945914,2.0022759999997106,10.03808096541535,8.7125,11.7875,1,1,1,1,563,80,80,563.0,80.0,563.0,563,80,20.099008603105176,11988.357249451858
4403,0,1164,0,0,621501,622093,2281.945914,2283.948192,2.002277999999933,10.068514729359311,8.7125,11.7875,1,1,1,1,592,80,80,592.0,80.0,592.0,592,80,20.15996553527293,12164.145038801213
4403,0,1165,0,0,622093,622657,2283.948192,2285.948395,2.000203000000056,10.065945760761544,8.7125,11.7875,1,1,1,1,564,80,80,564.0,79.0,564.0,564,79,20.133934908513766,12059.77593274249
4403,0,1166,0,0,622657,623266,2285.948395,2287.952745,2.0043500000001586,10.08133451505947,8.7125,11.7875,1,1,1,1,609,80,80,609.0,81.0,609.0,609,81,20.20652283526215,11974.455559157883
4403,0,1167,0,0,623266,623877,2287.952745,2289.955022,2.002277000000049,10.23489271390724,8.7125,11.7875,1,1,1,1,611,80,80,611.0,80.0,611.0,611,80,20.493090278523596,12479.791757084253
4403,0,1168,0,0,623877,624000,2289.955022,2290.399902,0.44488000000001193,10.023422041709894,8.7125,11.7875,1,1,1,1,123,18,18,123.0,17.0,123.0,123,17,4.45921999791608,12466.283042617899
4403,0,1169,0,0,624000,624530,2290.399902,2292.401691,2.001788999999917,10.114808195025468,8.7125,11.7875,1,1,1,1,530,80,80,530.0,80.0,530.0,530,80,20.247711781910766,11958.80285085041
4403,0,1170,0,0,624530,625087,2292.401691,2294.407256,2.005564999999933,10.060951637091483,8.7125,11.7875,1,1,1,1,557,80,80,557.0,80.0,557.0,557,80,20.177892470041115,11998.115244333045
4403,0,1171,0,0,625087,625676,2294.407256,2296.408057,2.0008010000001377,10.193503884886079,8.7125,11.7875,1,1,1,1,589,80,80,589.0,80.0,589.0,589,80,20.39517276638435,12554.471933989573
4403,0,1172,0,0,625676,626303,2296.408057,2298.411393,2.003335999999763,10.035887778240932,8.7125,11.7875,1,1,1,1,627,80,80,627.0,80.0,627.0,627,80,20.105255278107506,12370.366229131276
4403,0,1173,0,0,626303,626881,2298.411393,2300.415413,2.0040200000003097,10.015941354770254,8.7125,11.7875,1,1,1,1,578,80,80,578.0,80.0,578.0,578,80,20.072146793791035,12106.665602137828
4403,0,1174,0,0,626881,627450,2300.415413,2302.415445,2.000031999999919,10.032717399206183,8.7125,11.7875,1,1,1,1,569,80,80,569.0,80.0,569.0,569,80,20.065755845367676,11815.310955025197
4403,0,1175,0,0,627450,628037,2302.415445,2304.415998,2.0005529999998544,10.03755060282744,8.7125,11.7875,1,1,1,1,587,80,80,587.0,80.0,587.0,587,80,20.08065197113683,11832.72825063956
4403,0,1176,0,0,628037,628670,2304.415998,2306.418812,2.002813999999944,9.976854248161263,8.7125,11.7875,1,1,1,1,633,80,80,633.0,80.0,633.0,633,80,19.9817833641755,12252.261068676715
4403,0,1177,0,0,628670,629232,2306.418812,2308.421835,2.003023000000212,9.932499754399707,8.7125,11.7875,1,1,1,1,562,80,80,562.0,80.0,562.0,562,80,19.895025455560244,12119.681102013023
4403,0,1178,0,0,629232,629779,2308.421835,2310.428302,2.0064669999997022,10.02722544069756,8.7125,11.7875,1,1,1,1,547,80,80,547.0,81.0,547.0,547,81,20.119296948316332,11955.342400350248
4403,0,1179,0,0,629779,630361,2310.428302,2312.428296,1.9999940000002425,10.032227083550955,8.7125,11.7875,1,1,1,1,582,80,80,582.0,79.0,582.0,582,79,20.06439397374197,12101.536304607447
4403,0,1180,0,0,630361,630938,2312.428296,2314.430686,2.002390000000105,9.969195241924004,8.7125,11.7875,1,1,1,1,577,80,80,577.0,80.0,577.0,577,80,19.962216860476474,12087.055968117465
4403,0,1181,0,0,630938,631520,2314.430686,2316.435133,2.0044469999998,9.981774370837261,8.7125,11.7875,1,1,1,1,582,80,80,582.0,81.0,582.0,582,81,20.007937692298583,11988.84280801757
4403,0,1182,0,0,631520,632077,2316.435133,2318.437409,2.0022760000001654,10.076746977037782,8.7125,11.7875,1,1,1,1,557,80,80,558.0,80.0,557.0,557,80,20.176428630198643,11966.382256990555
4403,0,1183,0,0,632077,632643,2318.437409,2320.439686,2.002277000000049,10.014553802122592,8.7125,11.7875,1,1,1,1,566,80,80,566.0,80.0,566.0,566,80,20.051910743251938,11797.568468298552
4403,0,1184,0,0,632643,633200,2320.439686,2322.441476,2.001789999999801,10.00148379808276,8.7125,11.7875,1,1,1,1,557,80,80,557.0,79.0,557.0,557,79,20.02087025216315,11901.348293278701
4403,0,1185,0,0,633200,633810,2322.441476,2324.44352,2.0020439999998416,10.099075374956119,8.7125,11.7875,1,1,1,1,610,80,80,610.0,80.0,610.0,610,80,20.218793259977247,12210.021358172915
4403,0,1186,0,0,633810,634396,2324.44352,2326.446516,2.0029960000001665,10.093274025847103,8.7125,11.7875,1,1,1,1,586,80,80,587.0,81.0,586.0,586,81,20.216787500678038,12158.78613836372
4403,0,1187,0,0,634396,634970,2326.446516,2328.448794,2.002277999999933,10.066172914036134,8.7125,11.7875,1,1,1,1,574,80,80,574.0,80.0,574.0,574,80,20.155276569970738,12026.302041974594
4403,0,1188,0,0,634970,635545,2328.448794,2330.450269,2.0014750000000276,10.072165011866185,8.7125,11.7875,1,1,1,1,575,80,80,575.0,79.0,575.0,575,79,20.159186467124528,11923.206635106444
4403,0,1189,0,0,635545,636118,2330.450269,2332.452784,2.0025150000001304,10.169228714896619,8.7125,11.7875,1,1,1,1,573,80,80,573.0,80.0,573.0,573,80,20.364033040012146,12157.71167756467
4403,0,1190,0,0,636118,636688,2332.452784,2334.4528,2.0000159999999596,10.04540413317226,8.7125,11.7875,1,1,1,1,570,80,80,570.0,80.0,570.0,570,80,20.090968992808484,12210.902312781744
4403,0,1191,0,0,636688,637000,2334.4528,2335.506417,1.0536170000000311,10.027590016593692,8.7125,11.7875,1,1,1,1,312,42,42,312.0,42.0,312.0,312,42,10.56523931051197,12367.871816798339
4403,0,1192,0,0,637000,637581,2335.506417,2337.509096,2.002679000000171,9.955817390950346,8.7125,11.7875,1,1,1,1,581,79,79,583.0,81.0,581.0,581,80,19.938306416694104,12227.12177038752
4403,0,1193,0,0,637581,638167,2337.509096,2339.511027,2.001930999999786,10.106401023017465,8.7125,11.7875,1,1,1,1,586,80,80,586.0,79.0,586.0,586,79,20.232317506408435,12203.217793221951
4403,0,1194,0,0,638167,638754,2339.511027,2341.51365,2.0026229999998577,10.141061969562731,8.7125,11.7875,1,1,1,1,587,80,80,587.0,81.0,587.0,587,81,20.3087239446686,12436.689282007532
4403,0,1195,0,0,638754,639352,2341.51365,2343.515925,2.0022750000002816,10.00118922634087,8.7125,11.7875,1,1,1,1,598,80,80,598.0,80.0,598.0,598,80,20.02513115817419,12249.566118538438
4403,0,1196,0,0,639352,639923,2343.515925,2345.518203,2.002277999999933,10.047178189748157,8.7125,11.7875,1,1,1,1,571,80,80,571.0,80.0,571.0,571,80,20.11724385141133,12218.083602776847
4403,0,1197,0,0,639923,640500,2345.518203,2347.520486,2.0022829999998066,10.054335128010107,8.7125,11.7875,1,1,1,1,577,80,80,577.0,80.0,577.0,577,80,20.131624303114222,11936.874058263646
4403,0,1198,0,0,640500,641099,2347.520486,2349.520536,2.000050000000101,10.009340886098066,8.7125,11.7875,1,1,1,1,599,80,80,599.0,79.0,599.0,599,79,20.019182239240763,12185.19537011513
4403,0,1199,0,0,641099,641671,2349.520536,2351.52261,2.0020739999999932,10.184802228277286,8.7125,11.7875,1,1,1,1,572,80,80,572.0,80.0,572.0,572,80,20.390727736375993,12334.209424826497
4403,0,1200,0,0,641671,642249,2351.52261,2353.527311,2.004700999999841,10.112244773900956,8.7125,11.7875,1,1,1,1,578,80,80,579.0,81.0,578.0,578,81,20.27202721048161,12263.67423371463
4403,0,1201,0,0,642249,642837,2353.527311,2355.528726,2.001415000000179,10.014255030486694,8.7125,11.7875,1,1,1,1,588,80,80,588.0,79.0,588.0,588,79,20.042680231843406,12507.151190531578
4403,0,1202,0,0,642837,643394,2355.528726,2357.530744,2.0020180000001346,10.008225713071354,8.7125,11.7875,1,1,1,1,557,80,80,557.0,80.0,557.0,557,80,20.03664802563435,11984.407732597003
4403,0,1203,0,0,643394,643996,2357.530744,2359.531149,2.0004049999997733,10.092868395620219,8.7125,11.7875,1,1,1,1,602,80,80,602.0,80.0,602.0,602,80,20.18982440293985,12348.499428867055
4403,0,1204,0,0,643996,644565,2359.531149,2361.535008,2.0038589999999203,10.074605890125664,8.7125,11.7875,1,1,1,1,569,80,80,569.0,80.0,569.0,569,80,20.18808968437952,11728.370109873465
4403,0,1205,0,0,644565,645134,2361.535008,2363.538693,2.0036850000001323,10.022212239780627,8.7125,11.7875,1,1,1,1,569,80,80,569.0,81.0,569.0,569,81,20.08135633166603,12385.679385730971
4403,0,1206,0,0,645134,645704,2363.538693,2365.540971,2.002277999999933,10.045773100554252,8.7125,11.7875,1,1,1,1,570,80,80,571.0,80.0,570.0,570,80,20.114430472229287,12339.445371722022
4403,0,1207,0,0,645704,646291,2365.540971,2367.541183,2.0002119999999195,10.072673563040144,8.7125,11.7875,1,1,1,1,587,80,80,587.0,79.0,587.0,587,79,20.147482532873255,12372.188548014408
4403,0,1208,0,0,646291,646902,2367.541183,2369.542197,2.0010140000003958,10.039968855617365,8.7125,11.7875,1,1,1,1,611,80,80,611.0,80.0,611.0,611,80,20.090118239659205,11962.4350454296
4403,0,1209,0,0,646902,647470,2369.542197,2371.547803,2.005605999999716,10.047397706593058,8.7125,11.7875,1,1,1,1,568,80,80,568.0,81.0,568.0,568,81,20.15112112472707,12198.806744696349
4403,0,1210,0,0,647470,648068,2371.547803,2373.549169,2.001365999999962,10.078117795592688,8.7125,11.7875,1,1,1,1,598,80,80,599.0,79.0,598.0,598,79,20.170002300092165,12051.768642017732
4403,0,1211,0,0,648068,648667,2373.549169,2375.549791,2.000622000000021,10.102992378977202,8.7125,11.7875,1,1,1,1,599,80,80,599.0,80.0,599.0,599,80,20.212268819213932,12187.709622307333
4403,0,1212,0,0,648667,649229,2375.549791,2377.549789,1.9999980000002324,10.064821793590054,8.7125,11.7875,1,1,1,1,562,80,80,562.0,80.0,562.0,562,80,20.1296234575384,12149.012149010738
4403,0,1213,0,0,649229,649827,2377.549789,2379.550989,2.0011999999996988,10.116999863644837,8.7125,11.7875,1,1,1,1,598,80,80,598.0,80.0,598.0,598,80,20.246140127124818,11962.32260643794
4403,0,1214,0,0,649827,650000,2379.550989,2380.132573,0.5815840000000208,9.99013098942968,8.7125,11.7875,1,1,1,1,173,23,23,173.0,24.0,173.0,173,24,5.810100341357611,12336.996891248287
4403,0,1215,0,0,650000,650609,2380.132573,2382.134841,2.0022680000001856,9.996123542093875,8.7125,11.7875,1,1,1,1,609,80,80,610.0,80.0,609.0,609,80,20.01491829238148,12082.298673303352
4403,0,1216,0,0,650609,651141,2382.134841,2384.135439,2.000598000000082,9.918994193748071,8.7125,11.7875,1,1,1,1,532,80,80,532.0,79.0,532.0,532,79,19.84391994602629,11864.452528693435
4403,0,1217,0,0,651141,651759,2384.135439,2386.137701,2.0022619999999733,9.997193737496652,8.7125,11.7875,1,1,1,1,618,80,80,618.0,80.0,618.0,618,80,20.01700112722756,12321.06487562583
4403,0,1218,0,0,651759,652346,2386.137701,2388.139318,2.0016169999998965,9.989421399157525,8.7125,11.7875,1,1,1,1,587,80,80,587.0,80.0,587.0,587,80,19.994995692715747,12072.739190365215
4403,0,1219,0,0,652346,652953,2388.139318,2390.143949,2.00463099999979,10.010503933795135,8.7125,11.7875,1,1,1,1,607,80,80,607.0,81.0,607.0,607,81,20.067366511306318,12081.525228335058
4403,0,1220,0,0,652953,653570,2390.143949,2392.144504,2.0005550000000767,9.985559769120554,8.7125,11.7875,1,1,1,1,617,80,80,617.0,79.0,617.0,617,79,19.976661523913208,12216.609890754848
4403,0,1221,0,0,653570,654130,2392.144504,2394.1485,2.0039959999999155,10.000512289148583,8.7125,11.7875,1,1,1,1,560,80,80,560.0,81.0,560.0,560,81,20.040986625404912,12130.762736053877
4403,0,1222,0,0,654130,654731,2394.1485,2396.150779,2.0022790000002715,10.017770489871088,8.7125,11.7875,1,1,1,1,601,80,80,601.0,80.0,601.0,601,80,20.058371478691697,12113.197012003178
4403,0,1223,0,0,654731,655326,2396.150779,2398.153056,2.002277000000049,9.983797945517791,8.7125,11.7875,1,1,1,1,595,80,80,595.0,80.0,595.0,595,80,19.99032899895974,11994.843870253422
4403,0,1224,0,0,655326,655899,2398.153056,2400.155331,2.002274999999827,10.095798707152154,8.7125,11.7875,1,1,1,1,573,80,80,573.0,80.0,573.0,573,80,20.214565356360254,12281.03032800296
4403,0,1225,0,0,655899,656527,2400.155331,2402.157608,2.002277000000049,9.979842877663366,8.7125,11.7875,1,1,1,1,628,80,80,628.0,80.0,628.0,628,80,19.982409857559105,12090.73469854541
4403,0,1226,0,0,656527,657059,2402.157608,2404.159884,2.0022760000001654,9.932803251393326,8.7125,11.7875,1,1,1,1,532,80,80,532.0,80.0,532.0,532,80,19.88821356299013,11584.816478846114
4403,0,1227,0,0,657059,657634,2404.159884,2406.160439,2.0005550000000767,9.959517188705195,8.7125,11.7875,1,1,1,1,575,80,80,575.0,79.0,575.0,575,79,19.92456190945086,11852.710872732363
4403,0,1228,0,0,657634,658026,2406.160439,2407.469804,1.309364999999616,10.081502876718787,8.7125,11.7875,1,1,1,1,392,53,53,392.0,53.0,392.0,392,53,13.200367014171206,12093.64844791532
