run,component,index,segment_start,segment_end,ev_start,ev_end,t_start,t_end,dt,current,low,high,covered,nominal,stable,beam2,N,E_raw,E_tight,S,D,A,N_alt,E_alt,charge_uC,s1x_rate
4492,0,0,0,0,1,569,0.005555,2.007532,2.0019769999999997,9.931968000543208,8.7125,11.7875,1,1,1,1,568,80,80,568.0,80.0,568.0,568,80,19.883571501823486,11640.992878539566
4492,0,1,0,0,569,1218,2.007532,4.007558,2.0000260000000005,10.444641119425787,8.7125,11.7875,1,1,1,1,649,80,80,649.0,80.0,649.0,649,80,20.889553799520684,12692.834993145087
4492,0,2,0,0,1218,1906,4.007558,6.009961,2.0024029999999993,10.397761289924778,8.7125,11.7875,1,1,1,1,688,80,80,688.0,80.0,688.0,688,80,20.820508400229237,12266.26208610355
4492,0,3,0,0,1906,2521,6.009961,8.010506,2.000545,10.357550718153488,8.7125,11.7875,1,1,1,1,615,80,80,615.0,80.0,615.0,615,80,20.720746301448372,12721.533382153364
4492,0,4,0,0,2521,3142,8.010506,10.012804,2.0022979999999997,10.26793674638852,8.7125,11.7875,1,1,1,1,621,80,80,621.0,80.0,621.0,621,80,20.559469211420236,11994.218642779448
4492,0,5,0,0,3142,3789,10.012804,12.014766,2.0019620000000007,10.503169773696763,8.7125,11.7875,1,1,1,1,647,80,80,647.0,80.0,647.0,647,80,21.02694676648953,12704.536849350783
4492,0,6,0,0,3789,4400,12.014766,14.017559,2.0027930000000005,10.273510515057124,8.7125,11.7875,1,1,1,1,611,80,80,611.0,80.0,611.0,611,80,20.57571494498282,12140.046425167251
4492,0,7,0,0,4400,5026,14.017559,16.024139,2.0065800000000014,10.403051267778933,8.7125,11.7875,1,1,1,1,626,80,80,626.0,80.0,626.0,626,80,20.874554612899857,12462.996740723012
4492,0,8,0,0,5026,5606,16.024139,18.025118,2.0009789999999974,10.242605312168706,8.7125,11.7875,1,1,1,1,580,80,80,580.0,80.0,580.0,580,80,20.495238134938006,12109.072608957931
4492,0,9,0,0,5606,6249,18.025118,20.028421,2.0033030000000025,10.346675839707437,8.7125,11.7875,1,1,1,1,643,80,80,643.0,80.0,643.0,643,80,20.727526749713462,12242.28187148922
4492,0,10,0,0,6249,6851,20.028421,22.034373,2.005951999999997,10.356432862553167,8.7125,11.7875,1,1,1,1,602,80,80,602.0,80.0,602.0,602,80,20.774507213504222,12746.566218932476
4492,0,11,0,0,6851,7468,22.034373,24.03692,2.002547,10.47611807454173,8.7125,11.7875,1,1,1,1,617,80,80,617.0,81.0,617.0,617,81,20.97891882181932,12403.204519044997
4492,0,12,0,0,7468,8051,24.03692,26.03776,2.00084,10.453541405909506,8.7125,11.7875,1,1,1,1,583,80,80,583.0,79.0,583.0,583,79,20.9158637866,12295.835748985424
4492,0,13,0,0,8051,8653,26.03776,28.041472,2.003712,10.400454304378021,8.7125,11.7875,1,1,1,1,602,80,80,603.0,81.0,602.0,602,81,20.83951509513389,12258.747764149737
4492,0,14,0,0,8653,9262,28.041472,30.043748,2.002276000000002,10.465592789770136,8.7125,11.7875,1,1,1,1,609,80,80,609.0,80.0,609.0,609,80,20.955005268729792,12344.452013608501
4492,0,15,0,0,9262,9878,30.043748,32.045331,2.0015829999999966,10.378932680129116,8.7125,11.7875,1,1,1,1,616,80,80,616.0,79.0,616.0,616,79,20.774295210690866,12320.248523293834
4492,0,16,0,0,9878,10443,32.045331,34.048302,2.0029710000000023,10.071184075738712,8.7125,11.7875,1,1,1,1,565,80,80,566.0,81.0,565.0,565,81,20.172289639366454,11797.474851108665
4492,0,17,0,0,10443,11019,34.048302,36.050578,2.002276000000002,10.120669068305375,8.7125,11.7875,1,1,1,1,576,80,80,576.0,80.0,576.0,576,80,20.264372779410223,11903.953301143287
4492,0,18,0,0,11019,11604,36.050578,38.051813,2.001235000000001,10.042890479544837,8.7125,11.7875,1,1,1,1,585,80,80,585.0,79.0,585.0,585,79,20.09818392883193,11915.14239956826
4492,0,19,0,0,11604,12249,38.051813,40.052629,2.0008160000000004,10.09750055029543,8.7125,11.7875,1,1,1,1,645,80,80,645.0,80.0,645.0,645,80,20.2032406610399,12003.60253016769
4492,0,20,0,0,12249,12803,40.052629,42.056277,2.0036479999999983,10.069614094642656,8.7125,11.7875,1,1,1,1,554,80,80,554.0,80.0,554.0,554,80,20.175962141502566,11813.951352732625
4492,0,21,0,0,12803,13000,42.056277,42.692613,0.636336,10.120200754823081,8.7125,11.7875,1,1,1,1,197,26,26,198.0,26.0,197.0,197,26,6.439848067521098,11866.372482462095
4492,0,22,0,0,13000,13554,42.692613,44.698912,2.0062989999999985,9.73959626072866,8.7125,11.7875,1,1,1,1,554,80,80,555.0,80.0,554.0,554,80,19.540542238303658,11447.944698173113
4492,0,23,0,0,13554,14128,44.698912,46.699263,2.000351000000002,9.688392710367848,8.7125,11.7875,1,1,1,1,574,80,80,574.0,80.0,574.0,574,80,19.38018604657708,11141.044746646952
4492,0,24,0,0,14128,14681,46.699263,48.702348,2.0030849999999987,9.697070679178635,8.7125,11.7875,1,1,1,1,553,80,80,553.0,80.0,553.0,553,80,19.42405682140253,11320.03884008917
4492,0,25,0,0,14681,15270,48.702348,50.702898,2.000549999999997,9.714115710500144,8.7125,11.7875,1,1,1,1,589,80,80,590.0,80.0,589.0,589,80,19.43357418464103,11388.368198745362
4492,0,26,0,0,15270,15802,50.702898,52.704206,2.0013080000000016,9.742893824837736,8.7125,11.7875,1,1,1,1,532,80,80,532.0,80.0,532.0,532,80,19.498531354798388,11484.489144099749
4492,0,27,0,0,15802,16391,52.704206,54.705973,2.001767000000001,9.812173370220757,8.7125,11.7875,1,1,1,1,589,80,80,589.0,80.0,589.0,589,80,19.641684850786646,11474.861959458813
4492,0,28,0,0,16391,16995,54.705973,56.712148,2.006174999999999,9.783244052940391,8.7125,11.7875,1,1,1,1,604,80,80,604.0,80.0,604.0,604,80,19.626899637907627,11641.058232706524
4492,0,29,0,0,16995,17559,56.712148,58.718764,2.006616000000001,9.82434003408939,8.7125,11.7875,1,1,1,1,564,80,80,564.0,80.0,564.0,564,80,19.713677901844335,11589.16304863511
4492,0,30,0,0,17559,18118,58.718764,60.723109,2.0043450000000007,10.055677769076583,8.7125,11.7875,1,1,1,1,559,80,80,559.0,80.0,559.0,559,80,20.155047458059812,11904.138259630947
4492,0,31,0,0,18118,18690,60.723109,62.728278,2.005169000000002,10.138925975565021,8.7125,11.7875,1,1,1,1,572,80,80,572.0,80.0,572.0,572,80,20.330260059497732,12190.493669112166
4492,0,32,0,0,18690,19286,62.728278,64.733192,2.0049139999999994,9.998775555402132,8.7125,11.7875,1,1,1,1,596,80,80,596.0,81.0,596.0,596,81,20.046685093883525,11835.919146656668
4492,0,33,0,0,19286,19917,64.733192,66.734034,2.0008419999999916,10.089560174608023,8.7125,11.7875,1,1,1,1,631,80,80,631.0,79.0,631.0,631,79,20.187615758883,12437.763701481728
4492,0,34,0,0,19917,20521,66.734034,68.737745,2.00371100000001,10.079028098124743,8.7125,11.7875,1,1,1,1,604,80,80,604.0,81.0,604.0,604,81,20.19545946952178,12015.704859632893
4492,0,35,0,0,20521,21139,68.737745,70.740021,2.002275999999995,10.363801782047622,8.7125,11.7875,1,1,1,1,618,80,80,618.0,80.0,618.0,618,80,20.7511915769511,12469.80935695182
4492,0,36,0,0,21139,21744,70.740021,72.742297,2.002275999999995,10.319723569603346,8.7125,11.7875,1,1,1,1,605,80,80,605.0,80.0,605.0,605,80,20.662934830051086,12225.0878500267
4492,0,37,0,0,21744,22362,72.742297,74.744575,2.002278000000004,10.337875531864633,8.7125,11.7875,1,1,1,1,618,80,80,618.0,80.0,618.0,618,80,20.69930074419085,12266.028992976975
4492,0,38,0,0,22362,22951,74.744575,76.746853,2.002278000000004,10.326478697291845,8.7125,11.7875,1,1,1,1,589,80,80,589.0,80.0,589.0,589,80,20.676481113056184,11907.43742876861
4492,0,39,0,0,22951,23551,76.746853,78.748437,2.001583999999994,10.341809962554285,8.7125,11.7875,1,1,1,1,600,80,80,600.0,79.0,600.0,600,79,20.700001352089203,12294.762548061972
4492,0,40,0,0,23551,24110,78.748437,80.749077,2.000640000000004,10.290297651797356,8.7125,11.7875,1,1,1,1,559,80,80,559.0,80.0,559.0,559,80,20.587181094091875,12631.457933461266
4492,0,41,0,0,24110,24737,80.749077,82.750832,2.001755000000003,10.488411686276798,8.7125,11.7875,1,1,1,1,627,80,80,627.0,80.0,627.0,627,80,20.995230535063,12341.170622778494
4492,0,42,0,0,24737,25369,82.750832,84.75596,2.005127999999999,10.318257460415005,8.7125,11.7875,1,1,1,1,632,80,80,632.0,81.0,632.0,632,81,20.689426945087007,12307.443714316498
4492,0,43,0,0,25369,25921,84.75596,86.757319,2.0013589999999937,10.245018253818557,8.7125,11.7875,1,1,1,1,552,80,80,552.0,79.0,552.0,552,79,20.503959487444035,12178.724556663785
4492,0,44,0,0,25921,26000,86.757319,87.033558,0.2762390000000039,10.465603964064295,8.7125,11.7875,1,1,1,1,79,11,11,79.0,12.0,79.0,79,12,2.8910079734291685,12311.802460912297
4492,0,45,0,0,26000,26569,87.033558,89.035829,2.0022710000000075,10.450786896665834,8.7125,11.7875,1,1,1,1,569,80,80,569.0,80.0,569.0,569,80,20.925307530374084,12758.512708819087
4492,0,46,0,0,26569,27161,89.035829,91.038101,2.0022719999999907,10.330620266580713,8.7125,11.7875,1,1,1,1,592,80,80,592.0,80.0,592.0,592,80,20.684711702406958,12315.50958111591
4492,0,47,0,0,27161,27751,91.038101,93.040378,2.0022770000000065,10.208820490288154,8.7125,11.7875,1,1,1,1,590,80,80,590.0,80.0,590.0,590,80,20.440886464832715,12182.630075658823
4492,0,48,0,0,27751,28339,93.040378,95.04107,2.000692000000001,10.241495131233094,8.7125,11.7875,1,1,1,1,588,80,80,588.0,79.0,588.0,588,79,20.49007737709701,12085.81830686582
4492,0,49,0,0,28339,28923,95.04107,97.041666,2.0005960000000016,10.420782074067063,8.7125,11.7875,1,1,1,1,584,80,80,584.0,80.0,584.0,584,80,20.84777493425031,12410.801581128813
4492,0,50,0,0,28923,29527,97.041666,99.04234,2.0006739999999894,10.321896090466351,8.7125,11.7875,1,1,1,1,604,80,80,604.0,80.0,604.0,604,80,20.650749138897595,12469.297846625754
4492,0,51,0,0,29527,30139,99.04234,101.042565,2.0002250000000004,10.242226606180765,8.7125,11.7875,1,1,1,1,612,80,80,612.0,80.0,612.0,612,80,20.48675771334797,12310.115112049893
4492,0,52,0,0,30139,30707,101.042565,103.04346,2.000895,10.233861834012774,8.7125,11.7875,1,1,1,1,568,80,80,568.0,80.0,568.0,568,80,20.476882974367072,12212.534890636442
4492,0,53,0,0,30707,31330,103.04346,105.045058,2.0015980000000013,10.309358879460682,8.7125,11.7875,1,1,1,1,623,80,80,623.0,80.0,623.0,623,80,20.635192114410756,12424.073165540725
4492,0,54,0,0,31330,31922,105.045058,107.045184,2.0001260000000087,10.320920674672246,8.7125,11.7875,1,1,1,1,592,80,80,593.0,80.0,592.0,592,80,20.6431417853496,12216.230377486165
4492,0,55,0,0,31922,32551,107.045184,109.047289,2.0021050000000002,10.453771350376037,8.7125,11.7875,1,1,1,1,629,80,80,629.0,80.0,629.0,629,80,20.92954788944462,12590.748237480051
4492,0,56,0,0,32551,33160,109.047289,111.050379,2.0030900000000003,10.255057390432022,8.7125,11.7875,1,1,1,1,609,80,80,609.0,80.0,609.0,609,80,20.541802908200452,12059.368276013558
4492,0,57,0,0,33160,33810,111.050379,113.052978,2.0025989999999894,10.420020689886496,8.7125,11.7875,1,1,1,1,650,80,80,650.0,80.0,650.0,650,80,20.867123013546006,12431.345466566263
4492,0,58,0,0,33810,34412,113.052978,115.055587,2.0026090000000067,10.39712768107567,8.7125,11.7875,1,1,1,1,602,80,80,602.0,80.0,602.0,602,80,20.821381468271284,12124.683350569141
4492,0,59,0,0,34412,35018,115.055587,117.060081,2.004493999999994,10.368037003659934,8.7125,11.7875,1,1,1,1,606,80,80,606.0,80.0,606.0,606,80,20.782667965614337,12386.168279875157
4492,0,60,0,0,35018,35620,117.060081,119.061817,2.001736000000008,10.287891643032863,8.7125,11.7875,1,1,1,1,602,80,80,602.0,80.0,602.0,602,80,20.593643065958076,12030.057909734302
4492,0,61,0,0,35620,36224,119.061817,121.069384,2.0075669999999946,10.254414661006841,8.7125,11.7875,1,1,1,1,604,80,80,605.0,80.0,604.0,604,80,20.586424477753553,11990.6334383859
4492,0,62,0,0,36224,36818,121.069384,123.073394,2.004009999999994,10.35837984842478,8.7125,11.7875,1,1,1,1,594,80,80,594.0,80.0,594.0,594,80,20.758296800041762,12404.628719417606
4492,0,63,0,0,36818,37398,123.073394,125.074877,2.0014830000000075,10.281306662073877,8.7125,11.7875,1,1,1,1,580,80,80,580.0,80.0,580.0,580,80,20.577860501927717,11956.134526248741
4492,0,64,0,0,37398,37984,125.074877,127.079088,2.004210999999998,10.34535051162709,8.7125,11.7875,1,1,1,1,586,80,80,586.0,81.0,586.0,586,81,20.73426529425865,12182.350061944588
4492,0,65,0,0,37984,38612,127.079088,129.081189,2.002100999999996,10.461910863971168,8.7125,11.7875,1,1,1,1,628,80,80,628.0,79.0,628.0,628,79,20.945802202667437,12233.648552195942
4492,0,66,0,0,38612,39000,129.081189,130.349931,1.2687420000000031,10.278581981861938,8.7125,11.7875,1,1,1,1,388,51,51,388.0,51.0,388.0,388,51,13.04086866083162,12368.944986451115
4492,0,67,0,0,39000,39632,130.349931,132.351307,2.0013759999999934,10.186100770838916,8.7125,11.7875,1,1,1,1,632,80,80,633.0,80.0,632.0,632,80,20.3862176163384,12410.961258654088
4492,0,68,0,0,39632,40218,132.351307,134.355362,2.0040550000000223,10.14481937210629,8.7125,11.7875,1,1,1,1,586,80,80,587.0,80.0,586.0,586,80,20.33077598676664,11872.428650910148
4492,0,69,0,0,40218,40817,134.355362,136.356996,2.0016339999999957,10.18257408101043,8.7125,11.7875,1,1,1,1,599,80,80,599.0,80.0,599.0,599,80,20.38178648806911,11978.213799325977
4492,0,70,0,0,40817,41422,136.356996,138.359443,2.0024469999999894,10.263752605709994,8.7125,11.7875,1,1,1,1,605,80,80,605.0,80.0,605.0,605,80,20.552620614045964,12065.737570083067
4492,0,71,0,0,41422,42006,138.359443,140.365767,2.0063240000000064,10.224190326401287,8.7125,11.7875,1,1,1,1,584,80,80,584.0,80.0,584.0,584,80,20.51303843242681,12068.838333190413
4492,0,72,0,0,42006,42588,140.365767,142.367517,2.001749999999987,9.9759130605464,8.7125,11.7875,1,1,1,1,582,80,80,582.0,80.0,582.0,582,80,19.96928396894873,11794.679655301687
4492,0,73,0,0,42588,43166,142.367517,144.369318,2.0018010000000004,10.127970105683193,8.7125,11.7875,1,1,1,1,578,80,80,578.0,80.0,578.0,578,80,20.274180685526744,12172.03907880953
4492,0,74,0,0,43166,43755,144.369318,146.37516,2.0058420000000012,9.992939592814809,8.7125,11.7875,1,1,1,1,589,80,80,589.0,80.0,589.0,589,80,20.04425793873088,11738.71122451319
4492,0,75,0,0,43755,44331,146.37516,148.378304,2.0031440000000202,9.98767448334988,8.7125,11.7875,1,1,1,1,576,80,80,576.0,81.0,576.0,576,81,20.006750215275588,11755.02110681996
4492,0,76,0,0,44331,44938,148.378304,150.38058,2.002275999999995,9.959656093922192,8.7125,11.7875,1,1,1,1,607,80,80,607.0,80.0,607.0,607,80,19.941980365114205,12021.31973813803
4492,0,77,0,0,44938,45516,150.38058,152.382857,2.0022769999999923,9.98437038954963,8.7125,11.7875,1,1,1,1,578,80,80,578.0,80.0,578.0,578,80,19.991475190476194,11911.438826895625
4492,0,78,0,0,45516,46113,152.382857,154.385134,2.0022769999999923,10.139814964301818,8.7125,11.7875,1,1,1,1,597,80,80,597.0,80.0,597.0,597,80,20.30271828727723,11823.039469563946
4492,0,79,0,0,46113,46727,154.385134,156.38741,2.002275999999995,10.037040157564029,8.7125,11.7875,1,1,1,1,614,80,80,614.0,80.0,614.0,614,80,20.0969246185266,12044.79302553697
4492,0,80,0,0,46727,47270,156.38741,158.389686,2.0022760000000233,9.969335606926343,8.7125,11.7875,1,1,1,1,543,80,80,543.0,80.0,543.0,543,80,19.96136142169439,11720.661886772716
4492,0,81,0,0,47270,47809,158.389686,160.391843,2.0021569999999826,9.892632178034148,8.7125,11.7875,1,1,1,1,539,80,80,539.0,79.0,539.0,539,79,19.80660276367621,11492.105763933698
4492,0,82,0,0,47809,48387,160.391843,162.394019,2.0021759999999915,9.985020514831097,8.7125,11.7875,1,1,1,1,578,80,80,578.0,80.0,578.0,578,80,19.991768434302458,11669.803254059632
4492,0,83,0,0,48387,48949,162.394019,164.396517,2.0024980000000028,10.008838640750255,8.7125,11.7875,1,1,1,1,562,80,80,562.0,81.0,562.0,562,81,20.042679360425154,12189.2755947821
4492,0,84,0,0,48949,49531,164.396517,166.396714,2.000197000000014,9.979238066359137,8.7125,11.7875,1,1,1,1,582,80,80,582.0,79.0,582.0,582,79,19.960442042617387,11687.848746898348
4492,0,85,0,0,49531,50133,166.396714,168.397147,2.000432999999987,9.993605702225281,8.7125,11.7875,1,1,1,1,602,80,80,602.0,80.0,602.0,602,80,19.991538635719508,11962.910029978588
4492,0,86,0,0,50133,50767,168.397147,170.397339,2.0001919999999984,9.956601376229337,8.7125,11.7875,1,1,1,1,634,80,80,634.0,80.0,634.0,634,80,19.91511441992293,11757.871244360551
4492,0,87,0,0,50767,51387,170.397339,172.399183,2.0018440000000055,9.909348061445765,8.7125,11.7875,1,1,1,1,620,80,80,620.0,80.0,620.0,620,80,19.83696896071683,11846.077916161266
4492,0,88,0,0,51387,51977,172.399183,174.403519,2.004335999999995,10.037682604623775,8.7125,11.7875,1,1,1,1,590,80,80,590.0,80.0,590.0,590,80,20.118888601021126,11645.752009643124
4492,0,89,0,0,51977,52000,174.403519,174.455154,0.05163500000000454,9.98899347590854,8.7125,11.7875,1,1,1,1,23,2,2,23.0,2.0,23.0,23,2,0.5157816781286328,12704.560859880747
4492,0,90,0,0,52000,52573,174.455154,176.45955,2.004396000000014,9.872282396939474,8.7125,11.7875,1,1,1,1,573,80,80,573.0,80.0,573.0,573,80,19.787963347296,11697.289357991054
4492,0,91,0,0,52573,53165,176.45955,178.460136,2.0005859999999984,10.165463618461663,8.7125,11.7875,1,1,1,1,592,80,80,593.0,80.0,592.0,592,80,20.336884198603684,12185.429669106961
4492,0,92,0,0,53165,53750,178.460136,180.463885,2.003748999999999,10.140723131287322,8.7125,11.7875,1,1,1,1,585,80,80,586.0,80.0,585.0,585,80,20.319463833593773,12143.7365658074
4492,0,93,0,0,53750,54317,180.463885,182.464833,2.000947999999994,10.005559718137418,8.7125,11.7875,1,1,1,1,567,80,80,567.0,80.0,567.0,567,80,20.020604706887525,11588.00728454716
4492,0,94,0,0,54317,54909,182.464833,184.46581,2.000977000000006,10.076602884429969,8.7125,11.7875,1,1,1,1,592,80,80,592.0,80.0,592.0,592,80,20.163050609878155,12234.523435301819
4492,0,95,0,0,54909,55511,184.46581,186.471617,2.0058070000000043,10.037059288166104,8.7125,11.7875,1,1,1,1,602,80,80,602.0,81.0,602.0,602,81,20.1324037796187,12103.8564527893
4492,0,96,0,0,55511,56115,186.471617,188.473893,2.002275999999995,10.114840544345837,8.7125,11.7875,1,1,1,1,604,80,80,604.0,80.0,604.0,604,80,20.252702465770653,12086.245852220205
4492,0,97,0,0,56115,56695,188.473893,190.47617,2.0022769999999923,10.078199170359202,8.7125,11.7875,1,1,1,1,580,80,80,580.0,80.0,580.0,580,80,20.17934640022918,11865.491138339046
4492,0,98,0,0,56695,57278,190.47617,192.478446,2.002275999999995,10.076018411543677,8.7125,11.7875,1,1,1,1,583,80,80,583.0,80.0,583.0,583,80,20.174969840991935,11961.387940523715
4492,0,99,0,0,57278,57854,192.478446,194.480722,2.002275999999995,10.082107137465732,8.7125,11.7875,1,1,1,1,576,80,80,576.0,80.0,576.0,576,80,20.18716115077632,12030.808939426963
4492,0,100,0,0,57854,58440,194.480722,196.483,2.002278000000018,10.039320098329972,8.7125,11.7875,1,1,1,1,586,80,80,586.0,80.0,586.0,586,80,20.101509767844163,12003.82764031757
4492,0,101,0,0,58440,59042,196.483,198.483457,2.000456999999983,9.925513640587518,8.7125,11.7875,1,1,1,1,602,80,80,602.0,79.0,602.0,602,79,19.855563240908623,11671.33310038666
4492,0,102,0,0,59042,59628,198.483457,200.484559,2.001102000000003,10.112955768977821,8.7125,11.7875,1,1,1,1,586,80,80,587.0,80.0,586.0,586,80,20.237056015213057,12242.254517760695
4492,0,103,0,0,59628,60208,200.484559,202.488834,2.004275000000007,10.086487529228009,8.7125,11.7875,1,1,1,1,580,80,80,580.0,80.0,580.0,580,80,20.216094792643617,11980.391912287445
4492,0,104,0,0,60208,60819,202.488834,204.490485,2.0016510000000096,10.14037540482766,8.7125,11.7875,1,1,1,1,611,80,80,612.0,80.0,611.0,611,80,20.297492569448877,11922.15825835767
4492,0,105,0,0,60819,61452,204.490485,206.494382,2.003896999999995,10.118825023209105,8.7125,11.7875,1,1,1,1,633,80,80,634.0,81.0,633.0,633,81,20.2770831075336,12193.740496642324
4492,0,106,0,0,61452,62069,206.494382,208.495207,2.000824999999992,10.132660809613636,8.7125,11.7875,1,1,1,1,617,80,80,617.0,79.0,617.0,617,79,20.273681064395078,12234.453288018742
4492,0,107,0,0,62069,62646,208.495207,210.498934,2.003726999999998,10.175518173680793,8.7125,11.7875,1,1,1,1,577,80,80,577.0,81.0,577.0,577,81,20.388960503594717,12211.743416144029
4492,0,108,0,0,62646,63228,210.498934,212.499901,2.000967000000003,10.126175074532755,8.7125,11.7875,1,1,1,1,582,80,80,582.0,79.0,582.0,582,79,20.2621421603626,11894.748888912194
4492,0,109,0,0,63228,63844,212.499901,214.501955,2.0020540000000153,10.081382239237767,8.7125,11.7875,1,1,1,1,616,80,80,616.0,80.0,616.0,616,80,20.183471637595176,11999.676332406527
4492,0,110,0,0,63844,64449,214.501955,216.505721,2.0037659999999846,10.203404769063756,8.7125,11.7875,1,1,1,1,605,80,80,605.0,80.0,605.0,605,80,20.445235560487617,12224.980361978489
4492,0,111,0,0,64449,65000,216.505721,218.327499,1.8217779999999948,10.252820597916008,8.7125,11.7875,1,1,1,1,551,73,73,551.0,73.0,551.0,551,73,18.67836300323006,11992.13076456081
4492,0,112,0,0,65000,65548,218.327499,220.331223,2.0037240000000054,10.001791816081901,8.7125,11.7875,1,1,1,1,548,80,80,550.0,80.0,548.0,548,80,20.040830304887095,11899.842493277485
4492,0,113,0,0,65548,66155,220.331223,222.337395,2.0061719999999923,10.176231364555234,8.7125,11.7875,1,1,1,1,607,80,80,607.0,81.0,607.0,607,81,20.41527042909229,12555.254484660387
4492,0,114,0,0,66155,66724,222.337395,224.337645,2.0002500000000225,10.127548256217782,8.7125,11.7875,1,1,1,1,569,80,80,569.0,79.0,569.0,569,79,20.257628399499936,11891.013623296954
4492,0,115,0,0,66724,67314,224.337645,226.341689,2.0040439999999933,10.005892754850766,8.7125,11.7875,1,1,1,1,590,80,80,590.0,80.0,590.0,590,80,20.052249340002163,11979.776891126183
4492,0,116,0,0,67314,67912,226.341689,228.344227,2.002537999999987,10.099024880409008,8.7125,11.7875,1,1,1,1,598,80,80,599.0,81.0,599.0,598,81,20.223681085964472,12091.655688930825
4492,0,117,0,0,67912,68503,228.344227,230.346503,2.0022760000000233,10.150019849673122,8.7125,11.7875,1,1,1,1,591,80,80,590.0,80.0,590.0,591,80,20.32314114452447,11950.400444294255
4492,0,118,0,0,68503,69109,230.346503,232.34793,2.0014269999999783,10.186002280756139,8.7125,11.7875,1,1,1,1,606,80,80,606.0,79.0,606.0,606,79,20.38653998676682,12125.84820730422
4492,0,119,0,0,69109,69696,232.34793,234.348075,2.0001450000000034,10.085768034448517,8.7125,11.7875,1,1,1,1,587,80,80,587.0,80.0,587.0,587,80,20.172998505262058,12168.11781145865
4492,0,120,0,0,69696,70282,234.348075,236.349033,2.000957999999997,10.13418718323265,8.7125,11.7875,1,1,1,1,586,80,80,587.0,80.0,587.0,586,80,20.278082917786833,12039.233207293724
4492,0,121,0,0,70282,70893,236.349033,238.349243,2.00021000000001,10.049084795559793,8.7125,11.7875,1,1,1,1,611,80,80,611.0,80.0,611.0,611,80,20.1002798989266,11961.744016878169
4492,0,122,0,0,70893,71505,238.349243,240.357885,2.008642000000009,10.093714051787455,8.7125,11.7875,1,1,1,1,612,80,80,611.0,81.0,611.0,612,81,20.274657980410666,12177.381534389848
4492,0,123,0,0,71505,72136,240.357885,242.360162,2.0022769999999923,10.235361077206074,8.7125,11.7875,1,1,1,1,631,80,80,631.0,80.0,631.0,631,80,20.494028071585035,12188.623252427158
4492,0,124,0,0,72136,72698,242.360162,244.360756,2.0005940000000066,10.108652016377986,8.7125,11.7875,1,1,1,1,562,80,80,562.0,79.0,562.0,562,79,20.22330857205361,11849.480704230804
4492,0,125,0,0,72698,73281,244.360756,246.360721,1.999965000000003,10.210814077127964,8.7125,11.7875,1,1,1,1,583,80,80,583.0,80.0,583.0,583,80,20.421270775763332,12640.221203871048
4492,0,126,0,0,73281,73910,246.360721,248.36089,2.0001689999999996,10.21531429843944,8.7125,11.7875,1,1,1,1,629,80,80,630.0,80.0,629.0,629,80,20.432354984995527,12297.460864556948
4492,0,127,0,0,73910,74504,248.36089,250.361116,2.000225999999998,9.9647703868023,8.7125,11.7875,1,1,1,1,594,80,80,594.0,80.0,594.0,594,80,19.931792811712057,12014.142401908597
4492,0,128,0,0,74504,75091,250.361116,252.361641,2.000524999999982,10.006072242912433,8.7125,11.7875,1,1,1,1,587,80,80,587.0,80.0,587.0,587,80,20.017397673752384,11855.887829444879
4492,0,129,0,0,75091,75669,252.361641,254.366607,2.004965999999996,10.103657667194412,8.7125,11.7875,1,1,1,1,578,80,80,578.0,80.0,578.0,578,80,20.257490098364087,11947.334767771647
4492,0,130,0,0,75669,76267,254.366607,256.370588,2.0039810000000102,10.037294967711516,8.7125,11.7875,1,1,1,1,598,80,80,598.0,80.0,598.0,598,80,20.114548406689664,12128.857509128018
4492,0,131,0,0,76267,76901,256.370588,258.372429,2.001841000000013,9.989730450775514,8.7125,11.7875,1,1,1,1,634,80,80,634.0,80.0,634.0,634,80,19.997851995311066,12164.302759309976
4492,0,132,0,0,76901,77479,258.372429,260.373609,2.0011799999999766,10.092522541012162,8.7125,11.7875,1,1,1,1,578,80,80,578.0,80.0,578.0,578,80,20.196954258622554,11992.924174737045
4492,0,133,0,0,77479,78000,260.373609,262.051017,1.677408000000014,10.052236497331636,8.7125,11.7875,1,1,1,1,521,67,67,521.0,67.0,521.0,521,67,16.861701918516246,11823.599267441095
4492,0,134,0,0,78000,78573,262.051017,264.059837,2.0088200000000143,10.02187729314923,8.7125,11.7875,1,1,1,1,573,80,80,573.0,81.0,573.0,573,81,20.132147544024065,11959.75746955916
4492,0,135,0,0,78573,79196,264.059837,266.062113,2.002275999999995,10.128371046394847,8.7125,11.7875,1,1,1,1,623,80,80,623.0,80.0,623.0,623,80,20.279794265291457,11988.357249450157
4492,0,136,0,0,79196,79742,266.062113,268.06439,2.0022769999999923,9.925824977230846,8.7125,11.7875,1,1,1,1,546,80,80,547.0,80.0,546.0,546,80,19.874251057934543,11871.484315107296
4492,0,137,0,0,79742,80339,268.06439,270.066665,2.0022749999999974,10.005872864006077,8.7125,11.7875,1,1,1,1,597,80,80,597.0,80.0,597.0,597,80,20.034509088777668,11816.059232622907
4492,0,138,0,0,80339,80922,270.066665,272.068942,2.0022769999999923,10.053844278834589,8.7125,11.7875,1,1,1,1,583,80,80,584.0,80.0,583.0,583,80,20.130581161091868,12111.21138583727
4492,0,139,0,0,80922,81496,272.068942,274.071218,2.002275999999995,9.918440103065207,8.7125,11.7875,1,1,1,1,574,80,80,574.0,80.0,574.0,574,80,19.859454575805103,11974.872594986935
4492,0,140,0,0,81496,82093,274.071218,276.073497,2.0022789999999873,9.883038115568674,8.7125,11.7875,1,1,1,1,597,80,80,597.0,80.0,597.0,597,80,19.788599675002388,11925.410994172216
4492,0,141,0,0,82093,82679,276.073497,278.075772,2.0022749999999974,9.943060078892481,8.7125,11.7875,1,1,1,1,586,80,80,586.0,80.0,586.0,586,80,19.908740619464425,11985.866077337045
4492,0,142,0,0,82679,83249,278.075772,280.078048,2.0022760000000517,10.089548913592406,8.7125,11.7875,1,1,1,1,570,80,80,570.0,80.0,570.0,570,80,20.20206164051251,11958.890782289445
4492,0,143,0,0,83249,83893,280.078048,282.080055,2.002006999999992,10.007811223800195,8.7125,11.7875,1,1,1,1,644,80,80,644.0,79.0,644.0,644,79,20.035708124726625,12150.307166758208
4492,0,144,0,0,83893,84522,282.080055,284.082603,2.0025479999999902,10.140966298900864,8.7125,11.7875,1,1,1,1,629,80,80,629.0,81.0,629.0,629,81,20.307771779931045,12084.104850420623
4492,0,145,0,0,84522,85102,284.082603,286.083769,2.001166000000012,10.049478461236367,8.7125,11.7875,1,1,1,1,580,80,80,580.0,79.0,580.0,580,79,20.110674614358686,12191.392418220104
4492,0,146,0,0,85102,85693,286.083769,288.086338,2.002568999999994,10.261421912264781,8.7125,11.7875,1,1,1,1,591,80,80,591.0,80.0,591.0,591,80,20.549205417421945,12258.254272387156
4492,0,147,0,0,85693,86284,288.086338,290.089432,2.003093999999976,10.121452140942479,8.7125,11.7875,1,1,1,1,591,80,80,591.0,81.0,591.0,591,81,20.274220054808666,12185.149573609771
4492,0,148,0,0,86284,86842,290.089432,292.091709,2.0022769999999923,10.054468763232656,8.7125,11.7875,1,1,1,1,558,80,80,558.0,80.0,558.0,558,80,20.13183155183924,12011.325106366448
4492,0,149,0,0,86842,87405,292.091709,294.093985,2.002275999999995,10.103755940744147,8.7125,11.7875,1,1,1,1,563,80,80,563.0,80.0,563.0,563,80,20.230508030009332,12344.452013608545
4492,0,150,0,0,87405,88004,294.093985,296.094976,2.000990999999999,9.993215624813063,8.7125,11.7875,1,1,1,1,599,80,80,599.0,79.0,599.0,599,79,19.99633452631042,12190.9593796274
4492,0,151,0,0,88004,88569,296.094976,298.096082,2.00110600000005,10.074091106080111,8.7125,11.7875,1,1,1,1,565,80,80,565.0,80.0,565.0,565,80,20.159324156923958,12020.352744931753
4492,0,152,0,0,88569,89126,298.096082,300.097749,2.0016669999999976,10.031498369585048,8.7125,11.7875,1,1,1,1,557,80,80,557.0,80.0,557.0,557,80,20.07971924695221,11678.26616515136
4492,0,153,0,0,89126,89708,300.097749,302.097713,1.9999639999999772,10.05446532944346,8.7125,11.7875,1,1,1,1,582,80,80,582.0,80.0,582.0,582,80,20.10856869813506,12115.71808292563
4492,0,154,0,0,89708,90307,302.097713,304.097903,2.000189999999975,10.177648805868516,8.7125,11.7875,1,1,1,1,599,80,80,599.0,80.0,599.0,599,80,20.35723136500974,12187.342202490916
4492,0,155,0,0,90307,90870,304.097903,306.09843,2.0005270000000337,10.16539316804041,8.7125,11.7875,1,1,1,1,563,80,80,564.0,80.0,563.0,563,80,20.336143498280762,12460.71660117538
4492,0,156,0,0,90870,91000,306.09843,306.558165,0.4597349999999665,10.05024498106071,8.7125,11.7875,1,1,1,1,130,18,18,130.0,19.0,130.0,130,19,4.62044937636756,12085.223008908186
4492,0,157,0,0,91000,91582,306.558165,308.559237,2.001072000000022,9.954129596851704,8.7125,11.7875,1,1,1,1,582,80,80,583.0,79.0,582.0,582,79,19.91893002063125,11632.76483804668
4492,0,158,0,0,91582,92143,308.559237,310.562711,2.003473999999983,10.027876394062563,8.7125,11.7875,1,1,1,1,561,80,80,561.0,81.0,561.0,561,81,20.090589630718114,12128.432912031905
4492,0,159,0,0,92143,92732,310.562711,312.564986,2.0022749999999974,10.137379001522282,8.7125,11.7875,1,1,1,1,589,80,80,589.0,80.0,589.0,589,80,20.297820540272824,11935.92288771524
4492,0,160,0,0,92732,93038,312.564986,314.567264,2.0022780000000466,5.298653238774921,8.7125,11.7875,1,0,0,1,306,80,80,306.0,80.0,306.0,306,80,10.609376809627975,5858.826796278901
4492,0,161,0,0,93038,93118,314.567264,316.56954,2.002275999999995,0.9479254061415381,8.7125,11.7875,1,0,0,0,80,80,80,80.0,80.0,80.0,80,80,1.8980082905072777,496.93448855202905
4492,0,162,0,0,93118,93198,316.56954,318.571817,2.0022769999999923,0.9495903201482415,8.7125,11.7875,1,0,0,0,80,80,80,80.0,80.0,80.0,80,80,1.9013428574553473,466.46892512874274
4492,0,163,0,0,93198,93278,318.571817,320.574093,2.002275999999995,0.9494345775239277,8.7125,11.7875,1,0,0,0,80,80,80,80.0,80.0,80.0,80,80,1.9010300681461558,479.95381256130645
4492,0,164,0,0,93278,93358,320.574093,322.576369,2.002275999999995,0.9465723559366369,8.7125,11.7875,1,0,0,0,80,80,80,80.0,80.0,80.0,80,80,1.8952991105552428,475.9583593870188
4492,0,165,0,0,93358,93438,322.576369,324.578646,2.0022769999999923,0.9449066871627387,8.7125,11.7875,1,0,0,0,80,80,80,80.0,80.0,80.0,80,80,1.8919649268523244,471.46323910228386
4492,0,166,0,0,93438,93518,324.578646,326.580923,2.0022769999999923,0.945635252293817,8.7125,11.7875,1,0,0,0,80,80,80,80.0,80.0,80.0,80,80,1.8934237160569864,481.9512984467203
4492,0,167,0,0,93518,93598,326.580923,328.583202,2.002279000000044,0.9441253300179379,8.7125,11.7875,1,0,0,0,80,80,80,80.0,80.0,80.0,80,80,1.8904023216628048,474.9587844650915
4492,0,168,0,0,93598,93678,328.583202,330.585476,2.002274,0.9429823193602596,8.7125,11.7875,1,0,0,0,80,80,80,80.0,80.0,80.0,80,80,1.8881089805149713,459.4775739983639
4492,0,169,0,0,93678,93758,330.585476,332.587752,2.002275999999995,0.9445948210217818,8.7125,11.7875,1,0,0,0,80,80,80,80.0,80.0,80.0,80,80,1.8913395398562898,465.4702948045137
4492,0,170,0,0,93758,93838,332.587752,334.590029,2.0022769999999923,0.9456872926603226,8.7125,11.7875,1,0,0,0,80,80,80,80.0,80.0,80.0,80,80,1.8935279152860858,455.48143438695223
4492,0,171,0,0,93838,93918,334.590029,336.592306,2.0022769999999923,0.9454791311943002,8.7125,11.7875,1,0,0,0,80,80,80,80.0,80.0,80.0,80,80,1.8931111183701432,452.4848460028275
4492,0,172,0,0,93918,93998,336.592306,338.594583,2.0022769999999923,0.945635252293817,8.7125,11.7875,1,0,0,0,80,80,80,80.0,80.0,80.0,80,80,1.8934237160569864,450.48712041341105
4492,0,173,0,0,93998,94078,338.594583,340.59686,2.0022769999999923,0.9448026064297276,8.7125,11.7875,1,0,0,0,80,80,80,80.0,80.0,80.0,80,80,1.8917565283941258,456.48029718166043
4492,0,174,0,0,94078,94158,340.59686,342.599135,2.0022749999999974,0.942773782433195,8.7125,11.7875,1,0,0,0,80,80,80,80.0,80.0,80.0,80,80,1.887692375221377,448.48984280381126
4492,0,175,0,0,94158,94238,342.599135,344.601413,2.00227799999999,0.9402747206432589,8.7125,11.7875,1,0,0,0,80,80,80,80.0,80.0,80.0,80,80,1.8826913871002944,453.4834823136471
4492,0,176,0,0,94238,94318,344.601413,346.60369,2.0022769999999923,0.938453681716046,8.7125,11.7875,1,0,0,0,80,80,80,80.0,80.0,80.0,80,80,1.8790442224653816,447.4905320292864
4492,0,177,0,0,94318,94398,346.60369,348.605965,2.002275000000054,0.9370493363996231,8.7125,11.7875,1,0,0,0,80,80,80,80.0,80.0,80.0,80,80,1.876230460039551,462.97336779412166
4492,0,178,0,0,94398,94478,348.605965,350.608243,2.00227799999999,0.9374645422554485,8.7125,11.7875,1,0,0,0,80,80,80,80.0,80.0,80.0,80,80,1.877064628738026,448.9886019823444
4492,0,179,0,0,94478,94558,350.608243,352.610519,2.002275999999995,0.9413162762945215,8.7125,11.7875,1,0,0,0,80,80,80,80.0,80.0,80.0,80,80,1.8847749884339464,489.4430138502397
4492,0,180,0,0,94558,94639,352.610519,354.612798,2.0022789999999873,0.941575354606261,8.7125,11.7875,1,0,0,0,81,80,80,81.0,80.0,81.0,81,80,1.8852965594455782,492.9382968107872
4492,0,181,0,0,94639,94719,354.612798,356.615073,2.0022749999999974,0.9401717615088535,8.7125,11.7875,1,0,0,0,80,80,80,80.0,80.0,80.0,80,80,1.882482413775051,475.9585970958041
4492,0,182,0,0,94719,94799,356.615073,358.61735,2.0022769999999923,0.9398067312451912,8.7125,11.7875,1,0,0,0,80,80,80,80.0,80.0,80.0,80,80,1.8817534024174165,451.4859832081193
4492,0,183,0,0,94799,94879,358.61735,360.619627,2.0022769999999923,0.9400669330777192,8.7125,11.7875,1,0,0,0,80,80,80,80.0,80.0,80.0,80,80,1.8822743985620036,434.0058843007253
4492,0,184,0,0,94879,94959,360.619627,362.621903,2.002275999999995,0.9398591453046282,8.7125,11.7875,1,0,0,0,80,80,80,80.0,80.0,80.0,80,80,1.8818574100241676,449.488482107363
4492,0,185,0,0,94959,95039,362.621903,364.624179,2.0022760000000517,0.9391826202021564,8.7125,11.7875,1,0,0,0,80,80,80,80.0,80.0,80.0,80,80,1.8805028200481502,443.9947339927048
4492,0,186,0,0,95039,95120,364.624179,366.626456,2.0022769999999923,0.939598569779169,8.7125,11.7875,1,0,0,0,81,80,80,81.0,80.0,81.0,81,80,1.8813366055019287,444.49394364516166
4492,0,187,0,0,95120,95201,366.626456,368.628732,2.002275999999995,0.9413162762945215,8.7125,11.7875,1,0,0,0,81,80,80,81.0,80.0,81.0,81,80,1.8847749884339464,449.98791375414896
4492,0,188,0,0,95201,95307,368.628732,370.631009,2.0022769999999923,1.222437961737032,8.7125,11.7875,1,0,0,0,106,80,80,106.0,80.0,106.0,106,80,2.4476594147131436,1023.3349331785802
4492,0,189,0,0,95307,95469,370.631009,372.632304,2.0012949999999705,1.933226796918168,8.7125,11.7875,1,0,0,0,162,80,80,162.0,79.0,162.0,162,79,3.868957122538177,2395.448946806978
4492,0,190,0,0,95469,95647,372.632304,374.635562,2.0032580000000166,2.02774772435037,8.7125,11.7875,1,0,0,1,178,80,80,178.0,81.0,178.0,178,81,4.062101850786803,2523.888585494209
4492,0,191,0,0,95647,95865,374.635562,376.637839,2.0022769999999923,3.1842556982646344,8.7125,11.7875,1,0,0,1,218,80,80,218.0,80.0,218.0,218,80,6.37576194675421,3856.109818971116
4492,0,192,0,0,95865,96172,376.637839,378.640116,2.0022769999999923,4.277884000379536,8.7125,11.7875,1,0,0,1,307,80,80,307.0,80.0,307.0,307,80,8.565508742628026,5267.003516496489
4492,0,193,0,0,96172,96591,378.640116,380.642394,2.0022780000000466,7.118139664201047,8.7125,11.7875,1,0,0,1,419,80,80,419.0,80.0,419.0,419,80,14.252494450557606,8564.24532457511
4492,0,194,0,0,96591,97099,380.642394,382.644668,2.002274,8.836372856815787,8.7125,11.7875,1,1,0,1,508,80,80,508.0,80.0,508.0,508,80,17.692839625507986,10475.589255017047
4492,0,195,0,0,97099,97632,382.644668,384.646946,2.00227799999999,9.654689941583698,8.7125,11.7875,1,1,1,1,533,80,80,533.0,80.0,533.0,533,80,19.33137326685437,11705.667245007995
4492,0,196,0,0,97632,98243,384.646946,386.647623,2.000676999999996,9.528880600987543,8.7125,11.7875,1,1,1,1,611,80,80,611.0,79.0,611.0,611,79,19.064212254141694,11629.06356198429
4492,0,197,0,0,98243,98751,386.647623,388.6515,2.0038769999999886,8.702060398576572,8.7125,11.7875,1,0,0,1,508,80,80,508.0,81.0,508.0,508,81,17.437858685318133,10354.926974060842
4492,0,198,0,0,98751,98831,388.6515,390.653778,2.00227799999999,0.9386094297467787,8.7125,11.7875,1,0,0,0,80,80,80,80.0,80.0,80.0,80,80,1.879357011774573,440.4982724676616
4492,0,199,0,0,98831,98912,390.653778,392.656052,2.002274,0.9381425580238537,8.7125,11.7875,1,0,0,0,81,80,80,81.0,80.0,81.0,81,80,1.8784184522246505,454.48325254185994
4492,0,200,0,0,98912,98993,392.656052,394.658328,2.002275999999995,0.938974458632193,8.7125,11.7875,1,0,0,0,81,80,80,81.0,80.0,81.0,81,80,1.8800860231322076,440.4987124652157
4492,0,201,0,0,98993,99073,394.658328,396.660606,2.00227799999999,0.9377767842985385,8.7125,11.7875,1,0,0,0,80,80,80,80.0,80.0,80.0,80,80,1.8776898241117124,433.5062363967463
4492,0,202,0,0,99073,99153,396.660606,398.662883,2.002277000000049,0.9369965514538683,8.7125,11.7875,1,0,0,0,80,80,80,80.0,80.0,80.0,80,80,1.8761266440556028,438.5007668768999
4492,0,203,0,0,99153,99233,398.662883,400.665159,2.002275999999995,0.9359040754749176,8.7125,11.7875,1,0,0,0,80,80,80,80.0,80.0,80.0,80,80,1.8739382686258068,446.4918922266472
4492,0,204,0,0,99233,99313,400.665159,402.667436,2.0022769999999923,0.9362679863228115,8.7125,11.7875,1,0,0,0,80,80,80,80.0,80.0,80.0,80,80,1.874667854850486,459.97631696313925
4492,0,205,0,0,99313,99393,402.667436,404.669712,2.002275999999995,0.9369969237173374,8.7125,11.7875,1,0,0,0,80,80,80,80.0,80.0,80.0,80,80,1.8761264524332546,471.9629062127311
4492,0,206,0,0,99393,99473,404.669712,406.67199,2.00227799999999,0.9378808649795687,8.7125,11.7875,1,0,0,0,80,80,80,80.0,80.0,80.0,80,80,1.8778982225694563,457.47893149702725
4492,0,207,0,0,99473,99553,406.67199,408.674266,2.002275999999995,0.9388183374547043,8.7125,11.7875,1,0,0,0,80,80,80,80.0,80.0,80.0,80,80,1.8797734254453644,460.47597833665407
4492,0,208,0,0,99553,99673,408.674266,410.674334,2.000067999999999,1.546478890594036,8.7125,11.7875,1,0,0,0,120,80,80,120.0,79.0,120.0,120,79,3.093062941752578,1652.443816910226
4492,0,209,0,0,99673,99818,410.674334,412.678819,2.0044849999999883,1.946673862544093,8.7125,11.7875,1,0,0,0,145,80,80,145.0,81.0,145.0,145,81,3.9020785573616195,2409.596479893852
4492,0,210,0,0,99818,99988,412.678819,414.681096,2.002277000000049,2.000285319895983,8.7125,11.7875,1,0,0,1,170,80,80,170.0,80.0,170.0,170,80,4.005125289465468,2452.2081610086316
4492,0,211,0,0,99988,100217,414.681096,416.683372,2.002275999999995,3.324714212227639,8.7125,11.7875,1,0,0,1,229,80,80,229.0,80.0,229.0,229,80,6.656995474002088,4105.827568227368
4492,0,212,0,0,100217,100533,416.683372,418.685651,2.0022789999999873,4.577892332002393,8.7125,11.7875,1,0,0,1,316,80,80,316.0,80.0,316.0,316,80,9.166217680629416,5563.660209191661
4492,0,213,0,0,100533,101004,418.685651,420.687928,2.0022769999999923,7.097170855819689,8.7125,11.7875,1,0,0,1,471,80,80,471.0,80.0,471.0,471,80,14.210501969677807,8944.316895214832
4492,0,214,0,0,101004,101553,420.687928,422.688194,2.0002660000000105,9.039200473322518,8.7125,11.7875,1,1,0,1,549,80,80,549.0,79.0,549.0,549,79,18.08080537397109,10827.060001019807
4492,0,215,0,0,101553,102086,422.688194,424.692484,2.004289999999969,9.676903212974056,8.7125,11.7875,1,1,1,1,533,80,80,533.0,81.0,533.0,533,81,19.39532034073136,11498.33606913189
4492,0,216,0,0,102086,102665,424.692484,426.694703,2.002219000000025,9.73558165552288,8.7125,11.7875,1,1,1,1,579,80,80,579.0,79.0,579.0,579,79,19.492766566739647,11573.15957944646
4492,0,217,0,0,102665,103257,426.694703,428.696413,2.0017100000000028,9.958461897801135,8.7125,11.7875,1,1,1,1,592,80,80,592.0,80.0,592.0,592,80,19.93395276544743,11848.869216819603
4492,0,218,0,0,103257,103833,428.696413,430.699314,2.0029010000000085,9.849282176118058,8.7125,11.7875,1,1,1,1,576,80,80,576.0,81.0,576.0,576,81,19.727137119828967,11788.400924459022
4492,0,219,0,0,103833,104000,430.699314,431.259452,0.5601379999999949,10.211258379545734,8.7125,11.7875,1,1,1,1,167,23,23,167.0,22.0,167.0,167,22,5.719713846202012,12229.129250292004
4492,0,220,0,0,104000,104573,431.259452,433.277245,2.0177929999999833,9.925541399629534,8.7125,11.7875,1,1,1,1,573,80,80,573.0,81.0,573.0,573,81,20.027687957382568,11994.292774333244
4492,0,221,0,0,104573,105163,433.277245,435.279522,2.0022769999999923,9.891738537169687,8.7125,11.7875,1,1,1,1,590,80,80,590.0,80.0,590.0,590,80,19.80600056298863,11707.171385377793
4492,0,222,0,0,105163,105806,435.279522,437.2818,2.00227799999999,10.02349983481355,8.7125,11.7875,1,1,1,1,643,80,80,643.0,80.0,643.0,643,80,20.06983320225072,11959.378268152635
4492,0,223,0,0,105806,106410,437.2818,439.284074,2.002274,10.269514657281166,8.7125,11.7875,1,1,1,1,604,80,80,604.0,80.0,604.0,604,80,20.562382190893004,12357.449579827737
4492,0,224,0,0,106410,106993,439.284074,441.286352,2.0022780000000466,10.228590816782907,8.7125,11.7875,1,1,1,1,583,80,80,583.0,80.0,583.0,583,80,20.480482363446754,12247.55004050358
4492,0,225,0,0,106993,107625,441.286352,443.286791,2.0004389999999717,10.337827091665412,8.7125,11.7875,1,1,1,1,632,80,80,632.0,79.0,632.0,632,79,20.680192489423916,12132.836842313283
4492,0,226,0,0,107625,108204,443.286791,445.287635,2.000844000000029,10.139701045950066,8.7125,11.7875,1,1,1,1,579,80,80,579.0,80.0,579.0,579,80,20.28795999958311,12121.38477562451
4492,0,227,0,0,108204,108765,445.287635,447.289139,2.0015039999999544,10.282866734877267,8.7125,11.7875,1,1,1,1,561,80,80,561.0,80.0,561.0,561,80,20.581198901323205,12185.83625113942
4492,0,228,0,0,108765,109294,447.289139,449.290126,2.000987000000009,10.241523649748075,8.7125,11.7875,1,1,1,1,529,80,80,529.0,80.0,529.0,529,80,20.4931556833385,12632.765730112133
4492,0,229,0,0,109294,109885,449.290126,451.295492,2.0053660000000377,10.136026260361643,8.7125,11.7875,1,1,1,1,591,80,80,591.0,80.0,591.0,591,80,20.326442437636615,12101.032928652197
4492,0,230,0,0,109885,110464,451.295492,453.295927,2.0004349999999818,10.137307481408026,8.7125,11.7875,1,1,1,1,579,80,80,579.0,80.0,579.0,579,80,20.279024691570157,12061.37665057861
4492,0,231,0,0,110464,111043,453.295927,455.297495,2.00156800000002,10.126784137341257,8.7125,11.7875,1,1,1,1,579,80,80,579.0,80.0,579.0,579,80,20.269447072209914,12321.839677692564
4492,0,232,0,0,111043,111636,455.297495,457.298076,2.000580999999954,10.175957527091553,8.7125,11.7875,1,1,1,1,593,80,80,593.0,80.0,593.0,593,80,20.357827285505664,11951.528081092716
4492,0,233,0,0,111636,112209,457.298076,459.299986,2.0019100000000094,10.347600197172703,8.7125,11.7875,1,1,1,1,573,80,80,573.0,80.0,573.0,573,80,20.71496431072228,12094.449800440523
4492,0,234,0,0,112209,112811,459.299986,461.301047,2.001060999999993,10.214595285522416,8.7125,11.7875,1,1,1,1,602,80,80,602.0,80.0,602.0,602,80,20.440028256642563,12250.501109161634
4492,0,235,0,0,112811,113364,461.301047,463.301156,2.000109000000009,10.22619063817233,8.7125,11.7875,1,1,1,1,553,80,80,553.0,80.0,553.0,553,80,20.453495931124507,12225.333719312242
4492,0,236,0,0,113364,113966,463.301156,465.301119,1.9999630000000366,10.30194800799274,8.7125,11.7875,1,1,1,1,602,80,80,602.0,80.0,602.0,602,80,20.60351484390958,12394.229293241699
4492,0,237,0,0,113966,114590,465.301119,467.30862,2.0075009999999907,10.257029309947582,8.7125,11.7875,1,1,1,1,624,80,80,624.0,80.0,624.0,624,80,20.590996596748937,12535.485661028371
4492,0,238,0,0,114590,115198,467.30862,469.31286,2.0042399999999816,10.226199864435868,8.7125,11.7875,1,1,1,1,608,80,80,608.0,80.0,608.0,608,80,20.49575881629653,12279.96647108142
4492,0,239,0,0,115198,115807,469.31286,471.314242,2.0013819999999782,10.244486210492346,8.7125,11.7875,1,1,1,1,609,80,80,609.0,80.0,609.0,609,80,20.503130300927296,12378.94614821172
4492,0,240,0,0,115807,116415,471.314242,473.316358,2.002116000000001,10.162785926288045,8.7125,11.7875,1,1,1,1,608,80,80,608.0,80.0,608.0,608,80,20.347076307596126,12348.934826953078
4492,0,241,0,0,116415,116927,473.316358,475.325054,2.008696000000043,10.159224168463789,8.7125,11.7875,1,1,1,1,512,80,80,512.0,81.0,512.0,512,81,20.40679295029713,11877.855086085445
4492,0,242,0,0,116927,117000,475.325054,475.550319,0.22526499999997895,10.151526482624787,8.7125,11.7875,1,1,1,1,73,9,9,73.0,9.0,73.0,73,9,2.2867836131081276,12616.251969903295
4492,0,243,0,0,117000,117631,475.550319,477.552589,2.00227000000001,10.13620690511055,8.7125,11.7875,1,1,1,1,631,80,80,631.0,80.0,631.0,631,80,20.29542299989589,12007.871066339645
4492,0,244,0,0,117631,118200,477.552589,479.554865,2.002275999999995,10.172553339624114,8.7125,11.7875,1,1,1,1,569,80,80,569.0,80.0,569.0,569,80,20.36825941064899,12278.027604586014
4492,0,245,0,0,118200,118798,479.554865,481.555055,2.000189999999975,10.297466536448674,8.7125,11.7875,1,1,1,1,598,80,80,598.0,79.0,598.0,598,79,20.59688959153891,12441.818027287563
4492,0,246,0,0,118798,119372,481.555055,483.559417,2.0043620000000146,10.071034018122024,8.7125,11.7875,1,1,1,1,574,80,80,574.0,81.0,574.0,574,81,20.185997886631412,11699.483426646399
4492,0,247,0,0,119372,119967,483.559417,485.559847,2.0004299999999944,10.067585951983776,8.7125,11.7875,1,1,1,1,595,80,80,595.0,79.0,595.0,595,79,20.1395009659268,12134.391105912264
4492,0,248,0,0,119967,120549,485.559847,487.563971,2.0041239999999902,10.182899081537494,8.7125,11.7875,1,1,1,1,582,80,80,582.0,81.0,582.0,582,81,20.4077924388871,12330.574355678651
4492,0,249,0,0,120549,121134,487.563971,489.564111,2.0001400000000444,10.241559711638969,8.7125,11.7875,1,1,1,1,585,80,80,585.0,79.0,585.0,585,79,20.48455324163797,12076.154669172889
4492,0,250,0,0,121134,121757,489.564111,491.565319,2.001207999999963,10.073274995419675,8.7125,11.7875,1,1,1,1,623,80,80,623.0,80.0,623.0,623,80,20.158718507033882,11988.75878969125
4492,0,251,0,0,121757,122336,491.565319,493.569725,2.0044060000000172,10.211488805905008,8.7125,11.7875,1,1,1,1,579,80,80,579.0,80.0,579.0,579,80,20.46796943148911,12127.28359424178
4492,0,252,0,0,122336,122946,493.569725,495.572042,2.002317000000005,10.101627522044081,8.7125,11.7875,1,1,1,1,610,80,80,610.0,80.0,610.0,610,80,20.22666051505712,12162.40984819084
4492,0,253,0,0,122946,123529,495.572042,497.575353,2.0033109999999965,10.24052773417812,8.7125,11.7875,1,1,1,1,583,80,80,583.0,81.0,583.0,583,81,20.514961855684305,12501.304091077243
4492,0,254,0,0,123529,124149,497.575353,499.576653,2.0013000000000147,9.885800482681914,8.7125,11.7875,1,1,1,1,620,79,79,621.0,79.0,620.0,620,78,19.784452505991794,12026.682656273333
4492,0,255,0,0,124149,124774,499.576653,501.579907,2.00325399999997,9.954887284290452,8.7125,11.7875,1,1,1,1,625,80,80,625.0,81.0,625.0,625,81,19.942167771803724,11755.87319431303
4492,0,256,0,0,124774,125376,501.579907,503.58042,2.000513000000012,9.85133076661652,8.7125,11.7875,1,1,1,1,602,80,80,602.0,79.0,602.0,602,79,19.707715265916704,11826.46651133977
4492,0,257,0,0,125376,125952,503.58042,505.584461,2.0040409999999724,9.972838906758124,8.7125,11.7875,1,1,1,1,576,80,80,576.0,81.0,576.0,576,81,19.985978055538,11986.780709576466
4492,0,258,0,0,125952,126520,505.584461,507.586346,2.0018850000000157,9.797552641843907,8.7125,11.7875,1,1,1,1,568,80,80,568.0,79.0,568.0,568,79,19.61357367041819,11566.59848093163
4492,0,259,0,0,126520,127105,507.586346,509.589013,2.002667000000031,9.822262261945008,8.7125,11.7875,1,1,1,1,585,80,80,585.0,81.0,585.0,585,81,19.6707204973427,11926.096550250058
4492,0,260,0,0,127105,127660,509.589013,511.590936,2.0019229999999766,9.899803855889747,8.7125,11.7875,1,1,1,1,555,80,80,555.0,79.0,555.0,555,79,19.81864503459383,11667.281908445166
4492,0,261,0,0,127660,128245,511.590936,513.593568,2.0026320000000055,9.832888836078503,8.7125,11.7875,1,1,1,1,585,80,80,585.0,81.0,585.0,585,81,19.691657835574006,11942.783297180877
4492,0,262,0,0,128245,128849,513.593568,515.595843,2.0022749999999405,9.932599954776906,8.7125,11.7875,1,1,1,1,604,80,80,604.0,80.0,604.0,604,80,19.887796574450476,12010.83767214829
4492,0,263,0,0,128849,129416,515.595843,517.598121,2.0022780000000466,9.891889813650822,8.7125,11.7875,1,1,1,1,567,80,80,567.0,80.0,567.0,567,80,19.806313352297366,11939.401022235395
4492,0,264,0,0,129416,130000,517.598121,519.548455,1.950333999999998,9.802274964849186,8.7125,11.7875,1,1,1,1,584,78,78,584.0,77.0,584.0,584,77,19.117710141294083,11948.722629047139
4492,0,265,0,0,130000,130544,519.548455,521.548582,2.0001270000000204,9.80896520786873,8.7125,11.7875,1,1,1,1,544,79,79,545.0,80.0,544.0,544,79,19.619176154318666,11619.262176851651
4492,0,266,0,0,130544,131122,521.548582,523.549069,2.000487000000021,9.854321093476344,8.7125,11.7875,1,1,1,1,578,80,80,578.0,80.0,578.0,578,80,19.7134412413252,11916.098430032162
4492,0,267,0,0,131122,131691,523.549069,525.549252,2.0001829999999927,9.893818928186633,8.7125,11.7875,1,1,1,1,569,80,80,569.0,80.0,569.0,569,80,19.789448425237424,11590.939429042284
4492,0,268,0,0,131691,132265,525.549252,527.554552,2.00529999999992,9.948823005718575,8.7125,11.7875,1,1,1,1,574,80,80,574.0,80.0,574.0,574,80,19.950374773367002,11777.788859522734
4492,0,269,0,0,132265,132870,527.554552,529.557336,2.0027840000000197,9.905671541537934,8.7125,11.7875,1,1,1,1,605,80,80,605.0,80.0,605.0,605,80,19.83892047264726,12024.761531947412
4492,0,270,0,0,132870,133477,529.557336,531.558361,2.001025000000027,9.884060446685838,8.7125,11.7875,1,1,1,1,607,80,80,607.0,80.0,607.0,607,80,19.778252055330086,12018.840344323373
4492,0,271,0,0,133477,134059,531.558361,533.564788,2.0064270000000306,9.85962687641397,8.7125,11.7875,1,1,1,1,582,80,80,582.0,80.0,582.0,582,80,19.782621574762743,11955.58074128769
4492,0,272,0,0,134059,134679,533.564788,535.568553,2.0037649999999303,10.128943300758499,8.7125,11.7875,1,1,1,1,620,80,80,620.0,81.0,620.0,620,81,20.296022073043787,12269.402849136928
4492,0,273,0,0,134679,135271,535.568553,537.57083,2.002277000000049,10.138357834039379,8.7125,11.7875,1,1,1,1,592,80,80,592.0,80.0,592.0,592,80,20.299800708867224,12188.123821029458
4492,0,274,0,0,135271,135846,537.57083,539.573106,2.0022760000000517,10.207888766128745,8.7125,11.7875,1,1,1,1,575,80,80,575.0,80.0,575.0,575,80,20.43901068708965,12246.56341083815
4492,0,275,0,0,135846,136455,539.573106,541.575383,2.0022769999999355,10.160058666872773,8.7125,11.7875,1,1,1,1,609,80,80,609.0,80.0,609.0,609,80,20.34325178732979,12236.069235176146
4492,0,276,0,0,136455,137046,541.575383,543.576176,2.0007930000000442,10.09756234377857,8.7125,11.7875,1,1,1,1,591,80,80,591.0,79.0,591.0,591,79,20.203132054496564,12346.604571287211
4492,0,277,0,0,137046,137642,543.576176,545.579937,2.0037609999999404,10.16006022946464,8.7125,11.7875,1,1,1,1,596,80,80,596.0,81.0,596.0,596,81,20.358332445452106,12484.522854771973
4492,0,278,0,0,137642,138246,545.579937,547.581301,2.0013640000000805,10.15039265550749,8.7125,11.7875,1,1,1,1,604,80,80,604.0,79.0,604.0,604,79,20.31463044659813,12154.210828214667
4492,0,279,0,0,138246,138821,547.581301,549.584489,2.003187999999909,10.140440427424595,8.7125,11.7875,1,1,1,1,575,80,80,575.0,81.0,575.0,575,81,20.313208578931153,11984.396871387553
4492,0,280,0,0,138821,139402,549.584489,551.586767,2.0022780000000466,10.140018157226367,8.7125,11.7875,1,1,1,1,581,80,80,581.0,80.0,581.0,581,80,20.303135275815293,12118.696804339575
4492,0,281,0,0,139402,139978,551.586767,553.587494,2.0007269999999835,10.163094136298522,8.7125,11.7875,1,1,1,1,576,80,80,576.0,79.0,576.0,576,79,20.333576842033835,12179.072906998406
4492,0,282,0,0,139978,140577,553.587494,555.591071,2.003577000000064,10.261920500323955,8.7125,11.7875,1,1,1,1,599,80,80,599.0,80.0,599.0,599,80,20.56054789027803,12300.500554757424
4492,0,283,0,0,140577,141193,555.591071,557.592826,2.001754999999889,10.156619890991502,8.7125,11.7875,1,1,1,1,616,80,80,616.0,80.0,616.0,616,80,20.331064649890322,12187.805200936853
4492,0,284,0,0,141193,141808,557.592826,559.595872,2.0030460000000403,10.272549217950361,8.7125,11.7875,1,1,1,1,615,80,80,615.0,81.0,615.0,615,81,20.57638862081876,11894.384851870362
4492,0,285,0,0,141808,142441,559.595872,561.598149,2.002277000000049,10.200806273846082,8.7125,11.7875,1,1,1,1,633,80,80,633.0,80.0,633.0,633,80,20.424839783578136,12356.931633335143
4492,0,286,0,0,142441,143000,561.598149,563.436998,1.838848999999982,10.335250146297955,8.7125,11.7875,1,1,1,1,559,74,74,559.0,73.0,559.0,559,73,19.004964396269315,12290.840629111048
4492,0,287,0,0,143000,143587,563.436998,565.438952,2.001953999999955,10.215329272462226,8.7125,11.7875,1,1,1,1,587,80,80,589.0,80.0,587.0,587,80,20.450619298322636,12165.114682955025
4492,0,288,0,0,143587,144261,565.438952,567.439457,2.0005049999999756,10.261602375378457,8.7125,11.7875,1,1,1,1,674,80,80,674.0,80.0,674.0,674,80,20.5283868599563,12150.432015916129
4492,0,289,0,0,144261,144890,567.439457,569.444505,2.0050480000001016,10.203343524099816,8.7125,11.7875,1,1,1,1,629,80,80,629.0,80.0,629.0,629,80,20.458193526310424,12485.486631740852
4492,0,290,0,0,144890,145472,569.444505,571.452186,2.007680999999934,10.246940537495028,8.7125,11.7875,1,1,1,1,582,80,80,582.0,80.0,582.0,582,80,20.57258782525787,12250.452138562256
4492,0,291,0,0,145472,146064,571.452186,573.456095,2.0039090000000215,10.289526956959618,8.7125,11.7875,1,1,1,1,592,80,80,592.0,80.0,592.0,592,80,20.619275674794153,12306.946073898433
4492,0,292,0,0,146064,146687,573.456095,575.460485,2.004389999999944,10.333110902947912,8.7125,11.7875,1,1,1,1,623,80,80,623.0,80.0,623.0,623,80,20.71158416275921,12343.406223340115
4492,0,293,0,0,146687,147221,575.460485,577.46163,2.001145000000065,10.28472914662179,8.7125,11.7875,1,1,1,1,534,80,80,534.0,80.0,534.0,534,80,20.58123430811702,12288.464853870759
4492,0,294,0,0,147221,147838,577.46163,579.464381,2.0027509999999893,10.290214835699656,8.7125,11.7875,1,1,1,1,617,80,80,617.0,80.0,617.0,617,80,20.608738052412264,12287.099095194626
4492,0,295,0,0,147838,148410,579.464381,581.4665,2.0021189999999933,10.200607317493278,8.7125,11.7875,1,1,1,1,572,80,80,572.0,80.0,572.0,572,80,20.422829721892413,12078.203143769217
4492,0,296,0,0,148410,148991,581.4665,583.469665,2.003164999999967,10.209581611300552,8.7125,11.7875,1,1,1,1,581,80,80,581.0,80.0,581.0,581,80,20.451476548400933,12357.943554325482
4492,0,297,0,0,148991,149576,583.469665,585.472529,2.002864000000045,10.20468806913762,8.7125,11.7875,1,1,1,1,585,80,80,585.0,80.0,585.0,585,80,20.43860236490582,12359.30148027996
4492,0,298,0,0,149576,150191,585.472529,587.47381,2.001280999999949,10.011476352064253,8.7125,11.7875,1,1,1,1,615,80,80,615.0,80.0,615.0,615,80,20.035777405334557,12065.771873115576
4492,0,299,0,0,150191,150556,587.47381,589.479851,2.0060410000000957,6.107846415006867,8.7125,11.7875,1,0,0,1,365,80,80,365.0,81.0,365.0,365,81,12.252590330207568,6889.689692284126
4492,0,300,0,0,150556,150636,589.479851,591.482129,2.002277999999933,0.9374645422554697,8.7125,11.7875,1,0,0,0,80,80,80,80.0,80.0,80.0,80,80,1.8770646287384807,441.9965659114417
4492,0,301,0,0,150636,150716,591.482129,593.484404,2.002275000000054,0.9375697405844914,8.7125,11.7875,1,0,0,0,80,80,80,80.0,80.0,80.0,80,80,1.8772724523287252,422.51938420046054
4492,0,302,0,0,150716,150796,593.484404,595.486681,2.0022769999999355,0.9386618431820896,8.7125,11.7875,1,0,0,0,80,80,80,80.0,80.0,80.0,80,80,1.8794610193808694,420.021805174822
4492,0,303,0,0,150796,150876,595.486681,597.488959,2.0022780000000466,0.9365798564666723,8.7125,11.7875,1,0,0,0,80,80,80,80.0,80.0,80.0,80,80,1.8752932418465207,462.4732429762393
4492,0,304,0,0,150876,150957,597.488959,599.491235,2.002275999999938,0.9338224597750909,8.7125,11.7875,1,0,0,0,81,80,80,81.0,80.0,81.0,81,80,1.8697702994686551,417.52485671307346
4492,0,305,0,0,150957,151037,599.491235,601.493511,2.0022760000000517,0.9332500154575907,8.7125,11.7875,1,0,0,0,80,80,80,80.0,80.0,80.0,80,80,1.8686241079503816,420.0220149469795
4492,0,306,0,0,151037,151117,601.493511,603.495788,2.0022769999999355,0.933405766165025,8.7125,11.7875,1,0,0,0,80,80,80,80.0,80.0,80.0,80,80,1.8689368972591183,428.5121389298422
4492,0,307,0,0,151117,151199,603.495788,605.498066,2.0022780000000466,0.9335094763762868,8.7125,11.7875,1,0,0,0,82,80,80,82.0,80.0,82.0,82,80,1.8691454873396651,428.01249376958646
4492,0,308,0,0,151199,151279,605.498066,607.500341,2.002275000000054,0.9339269112904138,8.7125,11.7875,1,0,0,0,80,80,80,80.0,80.0,80.0,80,80,1.8699785063045056,449.98813849245266
4492,0,309,0,0,151279,151364,607.500341,609.501364,2.0010229999999183,1.0001074560292926,8.7125,11.7875,1,0,0,0,85,80,80,85.0,79.0,85.0,85,79,2.001238021985955,561.7126839621762
4492,0,310,0,0,151364,151524,609.501364,611.504895,2.0035310000000663,1.8975300559919144,8.7125,11.7875,1,0,0,0,160,80,80,160.0,81.0,160.0,160,81,3.8017602906120374,2401.7596932614674
4492,0,311,0,0,151524,151704,611.504895,613.507171,2.002275999999938,1.959018191950111,8.7125,11.7875,1,0,0,0,180,80,80,180.0,80.0,180.0,180,80,3.922495109304691,2419.2468970312534
4492,0,312,0,0,151704,151880,613.507171,615.509447,2.0022760000000517,2.195906058592672,8.7125,11.7875,1,0,0,1,176,80,80,176.0,80.0,176.0,176,80,4.3968099993744545,2750.8695104969834
4492,0,313,0,0,151880,152128,615.509447,617.511725,2.002277999999933,3.6148880214121224,8.7125,11.7875,1,0,0,1,248,80,80,248.0,80.0,248.0,248,80,7.238010757736447,4412.474191895579
4492,0,314,0,0,152128,152489,617.511725,619.514001,2.0022760000000517,5.701190775958606,8.7125,11.7875,1,0,0,1,361,80,80,361.0,80.0,361.0,361,80,11.415357462123211,6788.774374761346
4492,0,315,0,0,152489,152923,619.514001,621.51578,2.0017789999999422,7.183787762839965,8.7125,11.7875,1,0,0,1,434,80,80,434.0,79.0,434.0,434,79,14.380355484109714,8697.263783864504
4492,0,316,0,0,152923,153544,621.51578,623.518555,2.0027750000000424,9.887089375536668,8.7125,11.7875,1,1,0,1,621,80,80,621.0,81.0,621.0,621,81,19.801615424091324,11851.056658885545
4492,0,317,0,0,153544,154119,623.518555,625.520832,2.002277000000049,9.846203216477024,8.7125,11.7875,1,1,1,1,575,80,80,575.0,80.0,575.0,575,80,19.714826237678608,11953.391064273032
4492,0,318,0,0,154119,154696,625.520832,627.523107,2.0022749999999405,9.909077685620861,8.7125,11.7875,1,1,1,1,577,80,80,577.0,80.0,577.0,577,80,19.8406985229758,11870.497309311011
4492,0,319,0,0,154696,155260,627.523107,629.525385,2.0022780000000466,10.031357926231035,8.7125,11.7875,1,1,1,1,564,80,80,564.0,80.0,564.0,564,80,20.085567285818797,12003.827640317399
4492,0,320,0,0,155260,155821,629.525385,631.526636,2.0012510000000248,9.942582654103765,8.7125,11.7875,1,1,1,1,561,80,80,561.0,79.0,561.0,561,79,19.89760347910851,11846.090270535633
4492,0,321,0,0,155821,156000,631.526636,632.241763,0.7151269999999386,9.808304606406518,8.7125,11.7875,1,1,1,1,179,29,29,179.0,29.0,179.0,179,29,7.014183448264703,11544.802531579298
4492,0,322,0,0,156000,156612,632.241763,634.242419,2.000656000000049,10.007356660892238,8.7125,11.7875,1,1,1,1,612,80,80,612.0,80.0,612.0,612,80,20.021278147754856,12133.020369318567
4492,0,323,0,0,156612,157202,634.242419,636.246128,2.003708999999958,10.046171960896682,8.7125,11.7875,1,1,1,1,590,80,80,590.0,80.0,590.0,590,80,20.129605173596246,11962.315885191165
4492,0,324,0,0,157202,157787,636.246128,638.248425,2.0022969999999987,9.999832488573189,8.7125,11.7875,1,1,1,1,585,80,80,585.0,80.0,585.0,585,80,20.022634592372924,12212.473973641281
4492,0,325,0,0,157787,158376,638.248425,640.248413,1.9999880000000303,10.053148676295264,8.7125,11.7875,1,1,1,1,589,80,80,589.0,80.0,589.0,589,80,20.10617671480668,12053.572321433747
4492,0,326,0,0,158376,158953,640.248413,642.249097,2.0006839999999784,9.926336248332966,8.7125,11.7875,1,1,1,1,577,80,80,577.0,80.0,577.0,577,80,19.85946211065948,11884.935352109707
4492,0,327,0,0,158953,159562,642.249097,644.24969,2.0005929999999807,10.116417514977561,8.7125,11.7875,1,1,1,1,609,80,80,609.0,80.0,609.0,609,80,20.238834065541596,12149.397703581006
4492,0,328,0,0,159562,160187,644.24969,646.249733,2.000043000000005,9.975302832072758,8.7125,11.7875,1,1,1,1,625,80,80,625.0,80.0,625.0,625,80,19.951034602167056,12034.241263812797
4492,0,329,0,0,160187,160779,646.249733,648.253403,2.0036700000000565,9.943967528868402,8.7125,11.7875,1,1,1,1,592,80,80,592.0,80.0,592.0,592,80,19.924429418568252,12046.89394960214
4492,0,330,0,0,160779,161388,648.253403,650.254775,2.0013719999999466,10.024774724243505,8.7125,11.7875,1,1,1,1,609,80,80,609.0,80.0,609.0,609,80,20.06330343940772,11804.9018373399
4492,0,331,0,0,161388,161957,650.254775,652.256167,2.00139200000001,9.93585633764322,8.7125,11.7875,1,1,1,1,569,80,80,569.0,80.0,569.0,569,80,19.885543387308644,12038.12146745859
4492,0,332,0,0,161957,162512,652.256167,654.258653,2.0024859999999762,9.802735058299099,8.7125,11.7875,1,1,1,1,555,80,80,555.0,80.0,555.0,555,80,19.629839715952585,12003.080171347157
4492,0,333,0,0,162512,163030,654.258653,656.260374,2.001720999999975,9.938627394278331,8.7125,11.7875,1,1,1,1,518,80,80,518.0,80.0,518.0,518,80,19.89435916630191,11690.44037605655
4492,0,334,0,0,163030,163604,656.260374,658.264241,2.003867000000014,9.902657494998957,8.7125,11.7875,1,1,1,1,574,80,80,574.0,80.0,574.0,574,80,19.843608566531657,12216.379629985338
4492,0,335,0,0,163604,164182,658.264241,660.267184,2.002943000000073,9.911299246041247,8.7125,11.7875,1,1,1,1,578,80,80,578.0,80.0,578.0,578,80,19.85176744576438,11708.770544143865
4492,0,336,0,0,164182,164789,660.267184,662.268601,2.0014169999999467,9.939899639196959,8.7125,11.7875,1,1,1,1,607,80,80,607.0,80.0,607.0,607,80,19.893884116182562,12059.95552151333
4492,0,337,0,0,164789,165348,662.268601,664.277939,2.009337999999957,9.993881060834935,8.7125,11.7875,1,1,1,1,559,80,80,559.0,80.0,559.0,559,80,20.0810849830159,12021.372213137121
4492,0,338,0,0,165348,165958,664.277939,666.285419,2.0074800000001005,10.00746920594244,8.7125,11.7875,1,1,1,1,610,80,80,611.0,80.0,611.0,610,80,20.089794281546347,11992.149361387806
4492,0,339,0,0,165958,166509,666.285419,668.291611,2.006191999999942,9.965571883187563,8.7125,11.7875,1,1,1,1,551,80,80,550.0,80.0,550.0,551,80,19.992850587475004,12274.498153716451
4492,0,340,0,0,166509,167081,668.291611,670.292169,2.0005579999999554,9.970127897826154,8.7125,11.7875,1,1,1,1,572,80,80,572.0,80.0,572.0,572,80,19.945819127018694,11842.196027308644
4492,0,341,0,0,167081,167654,670.292169,672.296694,2.004525000000058,9.957689622456584,8.7125,11.7875,1,1,1,1,573,80,80,573.0,80.0,573.0,573,80,19.960437790455217,11853.182175327978
4492,0,342,0,0,167654,168252,672.296694,674.298009,2.001314999999977,10.219675180897008,8.7125,11.7875,1,1,1,1,598,80,80,598.0,80.0,598.0,598,80,20.452789234656848,12394.350714405422
4492,0,343,0,0,168252,168815,674.298009,676.303573,2.0055640000000494,10.299222534046846,8.7125,11.7875,1,1,1,1,563,80,80,563.0,81.0,563.0,563,81,20.65574994227336,12025.046321134307
4492,0,344,0,0,168815,169000,676.303573,676.897524,0.5939509999999473,10.259080726421931,8.7125,11.7875,1,1,1,1,185,24,24,185.0,23.0,185.0,185,23,6.09339125653878,12575.111414915815
4492,0,345,0,0,169000,169637,676.897524,678.901217,2.0036929999999984,10.258321291333976,8.7125,11.7875,1,1,1,1,637,80,80,638.0,80.0,637.0,637,80,20.554526563197214,12103.650609150214
4492,0,346,0,0,169637,170216,678.901217,680.902611,2.001394000000005,10.259472236628788,8.7125,11.7875,1,1,1,1,579,80,80,579.0,80.0,579.0,579,80,20.533246177555156,12402.355558175921
4492,0,347,0,0,170216,170805,680.902611,682.903706,2.0010950000000776,10.153085225903036,8.7125,11.7875,1,1,1,1,589,80,80,589.0,80.0,589.0,589,80,20.3172880801294,12211.814031817106
4492,0,348,0,0,170805,171405,682.903706,684.906778,2.0030719999999747,10.321785073752562,8.7125,11.7875,1,1,1,1,600,80,80,600.0,80.0,600.0,600,80,20.675278671251363,12101.911463991462
4492,0,349,0,0,171405,172001,684.906778,686.912879,2.006100999999944,10.24878296362476,8.7125,11.7875,1,1,1,1,596,80,80,596.0,80.0,596.0,596,80,20.560093752110333,12270.568630393327
4492,0,350,0,0,172001,172585,686.912879,688.917914,2.0050350000000208,10.369136886021044,8.7125,11.7875,1,1,1,1,584,80,80,584.0,81.0,584.0,584,81,20.790482376263753,12396.292334048903
4492,0,351,0,0,172585,173224,688.917914,690.920193,2.002279000000044,10.329596054502714,8.7125,11.7875,1,1,1,1,639,80,80,639.0,80.0,639.0,639,80,20.682733258414373,12368.905632032027
4492,0,352,0,0,173224,173870,690.920193,692.922468,2.0022749999999405,10.420062554743001,8.7125,11.7875,1,1,1,1,646,80,80,646.0,80.0,646.0,646,80,20.86383075179765,12528.249116630206
4492,0,353,0,0,173870,174436,692.922468,694.924521,2.0020530000000463,10.173456887475911,8.7125,11.7875,1,1,1,1,566,80,80,566.0,79.0,566.0,566,79,20.36779988194212,11636.555076213997
4492,0,354,0,0,174436,175007,694.924521,696.927021,2.002499999999941,10.088805971799896,8.7125,11.7875,1,1,1,1,571,80,80,571.0,81.0,571.0,571,81,20.202833958528572,12162.796504369897
4492,0,355,0,0,175007,175657,696.927021,698.927505,2.0004840000000286,10.253738772147289,8.7125,11.7875,1,1,1,1,650,80,80,650.0,79.0,650.0,650,79,20.512440353860256,12666.934601826177
4492,0,356,0,0,175657,176274,698.927505,700.931574,2.0040689999999586,10.107262287588412,8.7125,11.7875,1,1,1,1,617,80,80,617.0,81.0,617.0,617,81,20.255651025424413,12046.990398035447
4492,0,357,0,0,176274,176867,700.931574,702.933852,2.0022780000000466,10.1827953171297,8.7125,11.7875,1,1,1,1,593,80,80,593.0,80.0,593.0,593,80,20.388787041992146,12257.039232314108
4492,0,358,0,0,176867,177501,702.933852,704.936129,2.002277000000049,10.272465858524273,8.7125,11.7875,1,1,1,1,634,80,80,634.0,80.0,634.0,634,80,20.568322121808706,12494.275267607522
4492,0,359,0,0,177501,178067,704.936129,706.938405,2.002275999999938,10.200238828432372,8.7125,11.7875,1,1,1,1,566,80,80,566.0,80.0,566.0,566,80,20.423693400437514,12015.326558376939
4492,0,360,0,0,178067,178614,706.938405,708.940682,2.002277000000049,10.173068758498605,8.7125,11.7875,1,1,1,1,547,80,80,547.0,80.0,547.0,547,80,20.369301594560966,11652.233931668508
4492,0,361,0,0,178614,179226,708.940682,710.941734,2.0010519999999588,10.17871053030253,8.7125,11.7875,1,1,1,1,612,80,80,612.0,79.0,612.0,612,79,20.368129064082495,12147.110619814228
4492,0,362,0,0,179226,179831,710.941734,712.942015,2.0002809999999727,10.275857313163613,8.7125,11.7875,1,1,1,1,605,80,80,605.0,80.0,605.0,605,80,20.554602142231488,12233.281223988197
4492,0,363,0,0,179831,180424,712.942015,714.942484,2.0004690000000664,10.164119717583288,8.7125,11.7875,1,1,1,1,593,80,80,593.0,80.0,593.0,593,80,20.333006407315224,11937.700609206744
4492,0,364,0,0,180424,181021,714.942484,716.946401,2.0039170000000013,10.204054296983514,8.7125,11.7875,1,1,1,1,597,80,80,597.0,80.0,597.0,597,80,20.448077874648334,12157.19014310472
4492,0,365,0,0,181021,181612,716.946401,718.947408,2.0010069999999587,10.336925808673508,8.7125,11.7875,1,1,1,1,591,80,80,591.0,80.0,591.0,591,80,20.684260901635753,12115.399896152538
4492,0,366,0,0,181612,182000,718.947408,720.289592,1.3421839999999747,10.14959140549838,8.7125,11.7875,1,1,1,1,388,54,54,388.0,54.0,388.0,388,54,13.622619190997284,11905.22312887078
4492,0,367,0,0,182000,182604,720.289592,722.293417,2.003825000000006,10.236130089491821,8.7125,11.7875,1,1,1,1,604,80,80,604.0,80.0,604.0,604,80,20.511413376576456,12250.071737801416
4492,0,368,0,0,182604,183171,722.293417,724.297693,2.0042760000000044,10.171795660344662,8.7125,11.7875,1,1,1,1,567,80,80,568.0,80.0,568.0,567,80,20.387085918932826,12198.419778513511
4492,0,369,0,0,183171,183787,724.297693,726.306556,2.0088630000000194,10.24984192144043,8.7125,11.7875,1,1,1,1,616,80,80,615.0,80.0,615.0,616,80,20.590528191830344,12211.385246280988
4492,0,370,0,0,183787,184374,726.306556,728.308842,2.0022860000000264,10.3427788057838,8.7125,11.7875,1,1,1,1,587,80,80,587.0,80.0,587.0,587,80,20.709201203917473,12474.741370613225
4492,0,371,0,0,184374,184987,728.308842,730.314991,2.0061489999999367,9.946511666771515,8.7125,11.7875,1,1,1,1,613,80,80,613.0,81.0,613.0,613,81,19.954184433780938,11972.191497242107
4492,0,372,0,0,184987,185552,730.314991,732.316106,2.001115000000027,9.960428643036169,8.7125,11.7875,1,1,1,1,565,80,80,565.0,79.0,565.0,565,79,19.931963164009176,11762.442438340466
4492,0,373,0,0,185552,186140,732.316106,734.31775,2.0016440000000557,9.929371833366352,8.7125,11.7875,1,1,1,1,588,80,80,588.0,80.0,588.0,588,80,19.875067554027737,11795.803849235599
4492,0,374,0,0,186140,186702,734.31775,736.321821,2.0040709999999535,10.040232408225357,8.7125,11.7875,1,1,1,1,562,80,80,562.0,81.0,562.0,562,81,20.12133860258382,12058.953999135041
4492,0,375,0,0,186702,187282,736.321821,738.324099,2.0022780000000466,9.976143124944615,8.7125,11.7875,1,1,1,1,580,80,80,580.0,80.0,580.0,580,80,19.975011903928134,11788.572815562798
4492,0,376,0,0,187282,187858,738.324099,740.326374,2.0022749999999405,9.847669991806406,8.7125,11.7875,1,1,1,1,576,80,80,576.0,80.0,576.0,576,80,19.717743432843235,11710.179670625012
4492,0,377,0,0,187858,188468,740.326374,742.32865,2.0022760000000517,9.972093747728504,8.7125,11.7875,1,1,1,1,610,80,80,610.0,80.0,610.0,610,80,19.966883980827333,11702.682347488257
4492,0,378,0,0,188468,189063,742.32865,744.330928,2.002277999999933,9.900112187452743,8.7125,11.7875,1,1,1,1,595,80,80,595.0,80.0,595.0,595,80,19.822776830467774,11646.234938405547
4492,0,379,0,0,189063,189642,744.330928,746.331752,2.0008240000000796,9.916072717875213,8.7125,11.7875,1,1,1,1,579,80,80,579.0,79.0,579.0,579,79,19.840316279670333,11907.094277157337
4492,0,380,0,0,189642,190223,746.331752,748.333127,2.001374999999939,9.876846670363102,8.7125,11.7875,1,1,1,1,581,80,80,581.0,80.0,581.0,581,80,19.767274004897445,11927.299981263244
4492,0,381,0,0,190223,190792,748.333127,750.334456,2.001329000000055,9.833178473046106,8.7125,11.7875,1,1,1,1,569,80,80,569.0,80.0,569.0,569,80,19.679425240283308,11925.075787139116
4492,0,382,0,0,190792,191353,750.334456,752.338508,2.0040520000000015,9.865625019993741,8.7125,11.7875,1,1,1,1,561,80,80,561.0,80.0,561.0,561,80,19.771225552568467,11910.868580256392
4492,0,383,0,0,191353,191933,752.338508,754.34194,2.0034319999999752,9.938884826123644,8.7125,11.7875,1,1,1,1,580,80,80,580.0,80.0,580.0,580,80,19.911879904970192,11729.871540436756
4492,0,384,0,0,191933,192533,754.34194,756.344161,2.002220999999963,9.960548918741015,8.7125,11.7875,1,1,1,1,600,80,80,600.0,80.0,600.0,600,80,19.943220216629925,11977.199320155189
4492,0,385,0,0,192533,193144,756.344161,758.346863,2.0027019999999993,9.962208919561284,8.7125,11.7875,1,1,1,1,611,80,80,611.0,81.0,611.0,611,81,19.95133572762279,12147.588607790878
4492,0,386,0,0,193144,193728,758.346863,760.34914,2.002277000000049,9.866498959414201,8.7125,11.7875,1,1,1,1,584,80,80,584.0,80.0,584.0,584,80,19.75546393695913,11809.55482183505
4492,0,387,0,0,193728,194312,760.34914,762.351417,2.0022769999999355,10.013773196625566,8.7125,11.7875,1,1,1,1,584,80,80,584.0,80.0,584.0,584,80,20.050347754819086,11677.205501536877
4492,0,388,0,0,194312,194894,762.351417,764.353694,2.002277000000049,10.230469282754264,8.7125,11.7875,1,1,1,1,582,80,80,583.0,80.0,582.0,582,80,20.484233344065615,12394.388988136701
4492,0,389,0,0,194894,195000,764.353694,764.750409,0.39671499999997195,9.926409374353403,8.7125,11.7875,1,1,1,1,106,16,16,106.0,15.0,106.0,106,15,3.9379554949464364,11365.841977238872
4492,0,390,0,0,195000,195577,764.750409,766.753858,2.003449000000046,9.814914479604584,8.7125,11.7875,1,1,1,1,577,80,80,578.0,80.0,577.0,577,80,19.663680599249346,11872.52582920726
4492,0,391,0,0,195577,196154,766.753858,768.755036,2.0011779999999817,9.811099783744602,8.7125,11.7875,1,1,1,1,577,80,80,577.0,80.0,577.0,577,80,19.633757043034166,11831.531228106753
4492,0,392,0,0,196154,196728,768.755036,770.758158,2.003121999999962,10.197104168782841,8.7125,11.7875,1,1,1,1,574,80,80,574.0,80.0,574.0,574,80,20.426043696780653,12484.012456555552
4492,0,393,0,0,196728,197351,770.758158,772.761381,2.003223000000048,10.185052199290263,8.7125,11.7875,1,1,1,1,623,80,80,623.0,80.0,623.0,623,80,20.40293082181961,12154.413163187231
4492,0,394,0,0,197351,197923,772.761381,774.76153,2.000148999999965,10.230574386290924,8.7125,11.7875,1,1,1,1,572,80,80,572.0,80.0,572.0,572,80,20.46267312816508,11955.60930710683
4492,0,395,0,0,197923,198500,774.76153,776.761782,2.000252000000046,10.130872276790821,8.7125,11.7875,1,1,1,1,577,80,80,577.0,80.0,577.0,577,80,20.26429753339562,12086.97704089257
4492,0,396,0,0,198500,199127,776.761782,778.763842,2.002059999999915,10.181697302128299,8.7125,11.7875,1,1,1,1,627,80,80,627.0,80.0,627.0,627,80,20.384368900698064,12117.01946994647
4492,0,397,0,0,199127,199735,778.763842,780.766611,2.0027690000000575,10.189502729906543,8.7125,11.7875,1,1,1,1,608,80,80,611.0,80.0,608.0,608,80,20.407220192872956,12128.208495337856
4492,0,398,0,0,199735,200342,780.766611,782.767475,2.0008639999999787,10.150537802721951,8.7125,11.7875,1,1,1,1,607,80,80,607.0,80.0,607.0,607,80,20.30984567010546,12242.211364690584
4492,0,399,0,0,200342,200898,782.767475,784.772189,2.0047140000000354,10.089622378164318,8.7125,11.7875,1,1,1,1,556,80,80,556.0,80.0,556.0,556,80,20.22680723621943,11838.097603947286
4492,0,400,0,0,200898,201446,784.772189,786.777302,2.0051129999999375,10.20520157685908,8.7125,11.7875,1,1,1,1,548,80,80,548.0,80.0,548.0,548,80,20.462582349379772,12152.931031817538
4492,0,401,0,0,201446,202015,786.777302,788.778738,2.0014360000000124,10.146077667240382,8.7125,11.7875,1,1,1,1,569,80,80,569.0,80.0,569.0,569,80,20.306725102011114,11989.39161681905
4492,0,402,0,0,202015,202619,788.778738,790.78212,2.003381999999988,10.15502850835334,8.7125,11.7875,1,1,1,1,604,80,80,604.0,80.0,604.0,604,80,20.34440132312193,12109.52279695043
4492,0,403,0,0,202619,203234,790.78212,792.786021,2.0039010000000417,10.111733453343664,8.7125,11.7875,1,1,1,1,615,80,80,615.0,81.0,615.0,615,81,20.262912778889586,12152.795971457419
4492,0,404,0,0,203234,203823,792.786021,794.787101,2.0010800000000017,10.075885796703636,8.7125,11.7875,1,1,1,1,589,80,80,589.0,79.0,589.0,589,79,20.16265355006817,11824.114977911917
4492,0,405,0,0,203823,204393,794.787101,796.788531,2.0014300000000276,10.142254892419908,8.7125,11.7875,1,1,1,1,570,80,80,570.0,80.0,570.0,570,80,20.299013209336408,12028.899336973898
4492,0,406,0,0,204393,204971,796.788531,798.788567,2.000035999999909,10.2147825923904,8.7125,11.7875,1,1,1,1,578,80,80,578.0,80.0,578.0,578,80,20.429932916953476,12660.272115102503
4492,0,407,0,0,204971,205478,798.788567,800.795128,2.0065610000000333,8.524658888972647,8.7125,11.7875,1,0,0,1,507,80,80,508.0,81.0,507.0,507,81,17.10524806491594,10184.09108918177
4492,0,408,0,0,205478,205559,800.795128,802.797405,2.002277000000049,0.9293986579440532,8.7125,11.7875,1,0,0,0,81,80,80,81.0,80.0,81.0,81,80,1.8609135566321129,453.48370879752287
4492,0,409,0,0,205559,205640,802.797405,804.799682,2.0022769999999355,0.9288262139125334,8.7125,11.7875,1,0,0,0,81,80,80,81.0,80.0,81.0,81,80,1.8597673651138393,451.98541460548626
4492,0,410,0,0,205640,205720,804.799682,806.801959,2.002277000000049,0.928149689147919,8.7125,11.7875,1,0,0,0,80,80,80,80.0,80.0,80.0,80,80,1.8584127751382766,469.4655135128541
4492,0,411,0,0,205720,205800,806.801959,808.804237,2.002277999999933,0.9289819667515233,8.7125,11.7875,1,0,0,0,80,80,80,80.0,80.0,80.0,80,80,1.8600801544234855,426.51420032584315
4492,0,412,0,0,205800,205880,808.804237,810.806512,2.002275000000054,0.9275779802350212,8.7125,11.7875,1,0,0,0,80,80,80,80.0,80.0,80.0,80,80,1.8572662003753067,450.9870022848887
4492,0,413,0,0,205880,205960,810.806512,812.808788,2.0022760000000517,0.9293990264128725,8.7125,11.7875,1,0,0,0,80,80,80,80.0,80.0,80.0,80,80,1.8609133650097647,447.99018716699237
4492,0,414,0,0,205960,206040,812.808788,814.811064,2.002275999999938,0.9295031071979067,8.7125,11.7875,1,0,0,0,80,80,80,80.0,80.0,80.0,80,80,1.8611217634679633,446.4918922266599
4492,0,415,0,0,206040,206120,814.811064,816.813341,2.002277000000049,0.9285139717134581,8.7125,11.7875,1,0,0,0,80,80,80,80.0,80.0,80.0,80,80,1.859142169740153,426.01498194304736
4492,0,416,0,0,206120,206200,816.813341,818.81562,2.0022789999999304,0.9295540419511334,8.7125,11.7875,1,0,0,0,80,80,80,80.0,80.0,80.0,80,80,1.8612265375641073,422.5185401235439
4492,0,417,0,0,206200,206280,818.81562,820.817895,2.002275000000054,0.9304922436702835,8.7125,11.7875,1,0,0,0,80,80,80,80.0,80.0,80.0,80,80,1.8631013571948642,447.49097901136247
4492,0,418,0,0,206280,206389,820.817895,822.820171,2.002275999999938,1.244087279837399,8.7125,11.7875,1,0,0,0,109,80,80,109.0,80.0,109.0,109,80,2.4910061023238086,1094.254738108067
4492,0,419,0,0,206389,206546,822.820171,824.822448,2.002277000000049,1.8677905467727631,8.7125,11.7875,1,0,0,0,157,80,80,157.0,80.0,157.0,157,80,3.7398340526206084,2383.7860595711195
4492,0,420,0,0,206546,206706,824.822448,826.824725,2.0022769999999355,2.022558596760477,8.7125,11.7875,1,0,0,1,160,80,80,160.0,80.0,160.0,160,80,4.049722559445399,2531.617753188077
4492,0,421,0,0,206706,206917,826.824725,828.827003,2.0022780000000466,2.8565041390867583,8.7125,11.7875,1,0,0,1,211,80,80,211.0,80.0,211.0,211,80,5.71951539460224,3574.928156829288
4492,0,422,0,0,206917,207181,828.827003,830.829277,2.0022740000000567,3.5841909979258118,8.7125,11.7875,1,0,0,1,264,80,80,264.0,80.0,264.0,264,80,7.176532446181227,4405.490956782014
4492,0,423,0,0,207181,207616,830.829277,832.831554,2.0022769999999355,7.038885645333625,8.7125,11.7875,1,0,0,1,435,80,80,435.0,80.0,435.0,435,80,14.093798833281653,8453.375831615978
4492,0,424,0,0,207616,208000,832.831554,834.454675,1.6231209999999692,7.970352722448368,8.7125,11.7875,1,0,0,1,384,65,65,384.0,64.0,384.0,384,64,12.93684688121266,9498.367650963972
4492,0,425,0,0,208000,208555,834.454675,836.458076,2.0034010000000535,9.555245232698384,8.7125,11.7875,1,1,0,1,555,80,80,556.0,80.0,555.0,555,80,19.142987854434068,11703.59803154704
4492,0,426,0,0,208555,208919,836.458076,838.462958,2.0048819999999523,5.075137794645263,8.7125,11.7875,1,0,0,1,364,80,80,364.0,81.0,364.0,364,81,10.175052412003424,5672.15427142359
4492,0,427,0,0,208919,208999,838.462958,840.465236,2.0022780000000466,0.9459471177593731,8.7125,11.7875,1,0,0,0,80,80,80,80.0,80.0,80.0,80,80,1.8940491030534758,455.4812069053242
4492,0,428,0,0,208999,209080,840.465236,842.46751,2.002273999999943,0.9442312900277403,8.7125,11.7875,1,0,0,0,81,80,80,81.0,80.0,81.0,81,80,1.8906097620092623,438.0019917354093
4492,0,429,0,0,209080,209160,842.46751,844.469788,2.0022780000000466,0.9388696314493326,8.7125,11.7875,1,0,0,0,80,80,80,80.0,80.0,80.0,80,80,1.8798780079187054,429.01135606543147
4492,0,430,0,0,209160,209240,844.469788,846.472065,2.002277000000049,0.9335618872645,8.7125,11.7875,1,0,0,0,80,80,80,80.0,80.0,80.0,80,80,1.8692494949464162,432.5075901086507
4492,0,431,0,0,209240,209320,846.472065,848.474342,2.0022769999999355,0.9343424927621258,8.7125,11.7875,1,0,0,0,80,80,80,80.0,80.0,80.0,80,80,1.8708124833801776,436.0036098901541
4492,0,432,0,0,209320,209400,848.474342,850.476618,2.0022760000000517,0.9286184205254298,8.7125,11.7875,1,0,0,0,80,80,80,80.0,80.0,80.0,80,80,1.8593503765760033,465.9697264512864
4492,0,433,0,0,209400,209481,850.476618,852.478894,2.002275999999938,0.9373612064648321,8.7125,11.7875,1,0,0,0,81,80,80,81.0,80.0,81.0,81,80,1.8768558470355856,414.52826683235764
4492,0,434,0,0,209481,209561,852.478894,854.481171,2.002277000000049,0.9346547349611172,8.7125,11.7875,1,0,0,0,80,80,80,80.0,80.0,80.0,80,80,1.871437678753864,431.00929591658837
4492,0,435,0,0,209561,209641,854.481171,856.483447,2.002275999999938,0.9350714291949995,8.7125,11.7875,1,0,0,0,80,80,80,80.0,80.0,80.0,80,80,1.8722710809624914,435.5043959973685
4492,0,436,0,0,209641,209765,856.483447,858.485725,2.0022780000000466,1.4825871091501064,8.7125,11.7875,1,0,0,0,124,80,80,124.0,80.0,124.0,124,80,2.9685515517348904,1508.7814978738866
4492,0,437,0,0,209765,209938,858.485725,860.488001,2.0022760000000517,1.9338306419818543,8.7125,11.7875,1,0,0,0,173,80,80,173.0,80.0,173.0,173,80,3.8720626825052022,2464.695176888637
4492,0,438,0,0,209938,210122,860.488001,862.490278,2.0022769999999355,2.0647633339965092,8.7125,11.7875,1,0,0,1,184,80,80,184.0,80.0,184.0,184,80,4.134228134103978,2598.042129036176
4492,0,439,0,0,210122,210385,862.490278,864.492554,2.0022760000000517,3.552442969790882,8.7125,11.7875,1,0,0,1,263,80,80,263.0,80.0,263.0,263,80,7.112971299780838,4493.88595777993
4492,0,440,0,0,210385,210717,864.492554,866.494832,2.002277999999933,5.287984968969634,8.7125,11.7875,1,0,0,1,332,80,80,332.0,80.0,332.0,332,80,10.588015967698084,6447.156688531978
4492,0,441,0,0,210717,211159,866.494832,868.497107,2.002275000000054,7.031554785809928,8.7125,11.7875,1,0,0,1,442,80,80,442.0,80.0,442.0,442,80,14.079106358757599,8643.168395949373
4492,0,442,0,0,211159,211755,868.497107,870.499353,2.0022460000000137,9.707142558910446,8.7125,11.7875,1,1,0,1,596,80,80,597.0,80.0,597.0,596,79,19.43608736000806,11652.91377782742
4492,0,443,0,0,211755,212342,870.499353,872.50166,2.0023069999999734,9.987346042781377,8.7125,11.7875,1,1,1,1,587,80,80,586.0,80.0,586.0,587,81,19.997732892883505,11917.25344814772
4492,0,444,0,0,212342,212897,872.50166,874.502927,2.0012669999999844,9.885231402530518,8.7125,11.7875,1,1,1,1,555,80,80,555.0,79.0,555.0,555,79,19.782987393247822,11926.444597347674
4492,0,445,0,0,212897,213476,874.502927,876.506215,2.0032879999999977,10.025096662936722,8.7125,11.7875,1,1,1,1,579,80,80,579.0,81.0,579.0,579,81,20.083155843701206,12048.6919504335
4492,0,446,0,0,213476,214110,876.506215,878.508491,2.0022760000000517,10.18061960046074,8.7125,11.7875,1,1,1,1,634,80,80,634.0,80.0,634.0,634,80,20.384410291132554,12302.99918692496
4492,0,447,0,0,214110,214703,878.508491,880.509806,2.001314999999977,10.071497105220484,8.7125,11.7875,1,1,1,1,593,80,80,593.0,79.0,593.0,593,79,20.156238229134033,11782.752840007832
4492,0,448,0,0,214703,215291,880.509806,882.513044,2.0032380000000103,10.051505849395621,8.7125,11.7875,1,1,1,1,588,80,80,588.0,81.0,588.0,588,81,20.135558474731624,12166.302755838235
4492,0,449,0,0,215291,215865,882.513044,884.515321,2.0022769999999355,10.18217582263765,8.7125,11.7875,1,1,1,1,574,80,80,574.0,80.0,574.0,574,80,20.387536459622424,12304.990768011017
4492,0,450,0,0,215865,216457,884.515321,886.515945,2.000624000000016,10.206420032502555,8.7125,11.7875,1,1,1,1,592,80,80,592.0,79.0,592.0,592,79,20.419208871105184,12460.612288965742
4492,0,451,0,0,216457,217089,886.515945,888.516223,2.0002779999999802,10.055886343604108,8.7125,11.7875,1,1,1,1,632,80,80,632.0,80.0,632.0,632,80,20.11456822361197,12042.82604717956
4492,0,452,0,0,217089,217637,888.516223,890.517014,2.0007910000000493,10.144235045223802,8.7125,11.7875,1,1,1,1,548,80,80,548.0,80.0,548.0,548,80,20.296494180368427,12005.751725192391
4492,0,453,0,0,217637,218210,890.517014,892.521167,2.004152999999974,10.133258453820252,8.7125,11.7875,1,1,1,1,573,80,80,573.0,80.0,573.0,573,80,20.308600329998626,12056.46475094482
4492,0,454,0,0,218210,218787,892.521167,894.524703,2.0035360000000537,10.060596875560464,8.7125,11.7875,1,1,1,1,577,80,80,577.0,80.0,577.0,577,80,20.156768021673088,11934.399980833567
4492,0,455,0,0,218787,219359,894.524703,896.528979,2.0042760000000044,10.145073590296517,8.7125,11.7875,1,1,1,1,572,80,80,572.0,81.0,572.0,572,81,20.333527515264905,12060.215259774575
4492,0,456,0,0,219359,219936,896.528979,898.530782,2.0018029999999953,10.019846743307331,8.7125,11.7875,1,1,1,1,577,80,80,578.0,79.0,577.0,577,79,20.05775927029299,12198.00349984492
4492,0,457,0,0,219936,220517,898.530782,900.533533,2.0027509999999893,10.119250663793178,8.7125,11.7875,1,1,1,1,581,80,80,581.0,81.0,581.0,581,81,20.266339386162144,11979.022854064298
4492,0,458,0,0,220517,221000,900.533533,902.129917,1.5963839999999436,10.33026197610303,8.7125,11.7875,1,1,1,1,483,64,64,483.0,63.0,483.0,483,63,16.491064934458336,12692.434902880957
4492,0,459,0,0,221000,221601,902.129917,904.137631,2.007714000000078,10.218957163267048,8.7125,11.7875,1,1,1,1,601,80,80,601.0,81.0,601.0,601,81,20.51674336209271,12100.827109836886
4492,0,460,0,0,221601,222195,904.137631,906.139909,2.002277999999933,10.09802160243132,8.7125,11.7875,1,1,1,1,594,80,80,594.0,80.0,594.0,594,80,20.219046498072203,12377.901570112057
4492,0,461,0,0,222195,222768,906.139909,908.142185,2.0022760000000517,10.00956283032576,8.7125,11.7875,1,1,1,1,573,80,80,573.0,80.0,573.0,573,80,20.041907425654244,11974.37316333981
4492,0,462,0,0,222768,223367,908.142185,910.144462,2.0022769999999355,10.132685434090835,8.7125,11.7875,1,1,1,1,599,80,80,599.0,80.0,599.0,599,80,20.288442992914497,12051.779049552473
4492,0,463,0,0,223367,223940,910.144462,912.146173,2.0017110000000002,9.942840494153353,8.7125,11.7875,1,1,1,1,573,80,80,573.0,79.0,573.0,573,79,19.902693188391822,11897.82141378051
4492,0,464,0,0,223940,224564,912.146173,914.149014,2.0028409999999894,10.157355606765977,8.7125,11.7875,1,1,1,1,624,80,80,624.0,81.0,624.0,624,81,20.34356826081057,11986.972505555921
4492,0,465,0,0,224564,225148,914.149014,916.151291,2.002277000000049,10.055769772395015,8.7125,11.7875,1,1,1,1,584,80,80,584.0,80.0,584.0,584,80,20.134436532562177,11836.524117292172
4492,0,466,0,0,225148,225777,916.151291,918.152853,2.0015620000000354,10.177259048335465,8.7125,11.7875,1,1,1,1,629,80,80,629.0,79.0,629.0,629,79,20.37041497530481,12442.282577306903
4492,0,467,0,0,225777,226357,918.152853,920.155844,2.002990999999952,10.09589983380462,8.7125,11.7875,1,1,1,1,580,80,80,580.0,81.0,580.0,580,81,20.22199650401126,12045.485975723595
4492,0,468,0,0,226357,226944,920.155844,922.158121,2.002277000000049,10.128626285502834,8.7125,11.7875,1,1,1,1,587,80,80,587.0,80.0,587.0,587,80,20.280315453058392,12175.638036095606
4492,0,469,0,0,226944,227507,922.158121,924.159338,2.001216999999997,10.16289153242501,8.7125,11.7875,1,1,1,1,563,80,80,563.0,79.0,563.0,563,79,20.338151303844825,11937.236191777321
4492,0,470,0,0,227507,228098,924.159338,926.159602,2.000263999999902,10.155504607079965,8.7125,11.7875,1,1,1,1,591,80,80,591.0,80.0,591.0,591,80,20.313690267375023,12029.412117601067
4492,0,471,0,0,228098,228707,926.159602,928.16372,2.0041180000000622,10.024299687792794,8.7125,11.7875,1,1,1,1,609,80,80,609.0,80.0,609.0,609,80,20.08987944170076,11892.014342468487
4492,0,472,0,0,228707,229288,928.16372,930.16674,2.0030199999999923,10.089045721225654,8.7125,11.7875,1,1,1,1,581,80,80,581.0,80.0,581.0,581,80,20.20856036052919,12255.494203752382
4492,0,473,0,0,229288,229881,930.16674,932.169504,2.0027639999999565,10.1178855304622,8.7125,11.7875,1,1,1,1,593,80,80,593.0,81.0,593.0,593,81,20.263736896529736,12139.223592994746
4492,0,474,0,0,229881,230478,932.169504,934.171783,2.002279000000044,10.061536394387266,8.7125,11.7875,1,1,1,1,597,80,80,597.0,80.0,597.0,597,80,20.1460030302178,11821.529367285717
4492,0,475,0,0,230478,231055,934.171783,936.174059,2.0022760000000517,10.085645884155193,8.7125,11.7875,1,1,1,1,577,80,80,577.0,80.0,577.0,577,80,20.194246698342795,12007.335652027683
4492,0,476,0,0,231055,231639,936.174059,938.176334,2.0022749999999405,10.000356579646752,8.7125,11.7875,1,1,1,1,584,80,80,584.0,80.0,584.0,584,80,20.02346397051133,12154.174626362874
4492,0,477,0,0,231639,232249,938.176334,940.178108,2.001773999999955,10.161990918931657,8.7125,11.7875,1,1,1,1,610,80,80,610.0,79.0,610.0,610,79,20.342009209753087,12379.51936632235
4492,0,478,0,0,232249,232821,940.178108,942.178153,2.000045,10.134557986564298,8.7125,11.7875,1,1,1,1,572,80,80,572.0,80.0,572.0,572,80,20.269572028238144,12351.222097502805
4492,0,479,0,0,232821,233443,942.178153,944.179817,2.001664000000005,10.08268446358577,8.7125,11.7875,1,1,1,1,622,80,80,622.0,80.0,622.0,622,80,20.182146514119268,12170.873832970936
4492,0,480,0,0,233443,233996,944.179817,946.18544,2.005623000000014,10.011466219896809,8.7125,11.7875,1,1,1,1,553,80,80,553.0,81.0,553.0,553,81,20.07922691434851,11934.944902406798
4492,0,481,0,0,233996,234000,946.18544,946.210479,0.025038999999992484,9.946125061890857,8.7125,11.7875,1,1,1,1,4,1,1,4.0,1.0,4.0,4,1,0.2490410254249582,11102.679819484942
4492,0,482,0,0,234000,234586,946.210479,948.212747,2.002268000000072,9.999454140521436,8.7125,11.7875,1,1,1,1,586,80,80,586.0,80.0,586.0,586,80,20.021587043034742,11803.115267286474
4492,0,483,0,0,234586,235145,948.212747,950.215023,2.002275999999938,10.090589721442893,8.7125,11.7875,1,1,1,1,559,80,80,559.0,80.0,559.0,559,80,20.20414562509086,12067.26744964268
4492,0,484,0,0,235145,235675,950.215023,952.217301,2.0022780000000466,10.025425327412325,8.7125,11.7875,1,1,1,1,530,80,80,530.0,80.0,530.0,530,80,20.073688573720574,11612.273620346155
4492,0,485,0,0,235675,236251,952.217301,954.219575,2.002273999999943,10.060624313148834,8.7125,11.7875,1,1,1,1,576,80,80,577.0,80.0,576.0,576,80,20.144126485984998,12300.014883078291
4492,0,486,0,0,236251,236832,954.219575,956.221852,2.002277000000049,10.024909835057203,8.7125,11.7875,1,1,1,1,581,80,80,582.0,80.0,581.0,581,80,20.07264638980905,11599.793634946329
4492,0,487,0,0,236832,237421,956.221852,958.22413,2.002277999999933,10.07319836000566,8.7125,11.7875,1,1,1,1,589,80,80,589.0,80.0,589.0,589,80,20.16934346587459,12302.986897923678
4492,0,488,0,0,237421,237995,958.22413,960.226406,2.0022760000000517,10.05983384947708,8.7125,11.7875,1,1,1,1,574,80,80,574.0,80.0,574.0,574,80,20.142563880795933,11977.869184867312
4492,0,489,0,0,237995,238624,960.226406,962.228682,2.0022760000000517,10.044481933690705,8.7125,11.7875,1,1,1,1,629,80,80,629.0,80.0,629.0,629,80,20.111825108262565,12047.290183770558
4492,0,490,0,0,238624,239210,962.228682,964.230959,2.0022769999999355,9.97916635289935,8.7125,11.7875,1,1,1,1,586,80,80,586.0,80.0,586.0,586,80,19.981055267583542,12085.740384572555
4492,0,491,0,0,239210,239816,964.230959,966.232823,2.0018640000000687,9.960104902143339,8.7125,11.7875,1,1,1,1,606,80,80,607.0,79.0,606.0,606,79,19.938775439824894,12111.212350089301
4492,0,492,0,0,239816,240423,966.232823,968.234394,2.001570999999899,10.066120834774166,8.7125,11.7875,1,1,1,1,607,80,80,607.0,80.0,607.0,607,80,20.148055545379066,12108.488782062303
4492,0,493,0,0,240423,241014,968.234394,970.237789,2.0033950000000686,9.992948577843375,8.7125,11.7875,1,1,1,1,591,80,80,591.0,81.0,591.0,591,81,20.019823216109216,12034.571315192048
4492,0,494,0,0,241014,241642,970.237789,972.238284,2.000495000000001,10.028981321183647,8.7125,11.7875,1,1,1,1,628,80,80,628.0,79.0,628.0,628,79,20.062926988121035,12290.45811161737
4492,0,495,0,0,241642,242249,972.238284,974.239334,2.001049999999964,9.985844799928689,8.7125,11.7875,1,1,1,1,607,80,80,607.0,80.0,607.0,607,80,19.982174736896923,12115.139551735558
4492,0,496,0,0,242249,242830,974.239334,976.244618,2.0052839999999605,10.13799177646139,8.7125,11.7875,1,1,1,1,581,80,80,582.0,81.0,581.0,581,81,20.329552701468856,12138.928949715093
4492,0,497,0,0,242830,243395,976.244618,978.245081,2.0004630000000816,10.002678203950788,8.7125,11.7875,1,1,1,1,565,80,80,565.0,79.0,565.0,565,79,20.009987647910748,11818.76395614367
4492,0,498,0,0,243395,244035,978.245081,980.247692,2.0026110000000017,10.044862967240794,8.7125,11.7875,1,1,1,1,640,80,80,640.0,80.0,640.0,640,80,20.115953071688637,12137.15494422031
4492,0,499,0,0,244035,244647,980.247692,982.251449,2.0037569999999505,10.1098462657001,8.7125,11.7875,1,1,1,1,612,80,80,613.0,81.0,612.0,612,81,20.257675223820115,11924.599639577349
4492,0,500,0,0,244647,245249,982.251449,984.253725,2.0022760000000517,9.999206792219018,8.7125,11.7875,1,1,1,1,602,80,80,602.0,80.0,602.0,602,80,20.02117177909713,11903.453869496207
4492,0,501,0,0,245249,245834,984.253725,986.254239,2.000513999999953,10.05222252056508,8.7125,11.7875,1,1,1,1,585,80,80,585.0,79.0,585.0,585,79,20.10961188350484,12313.335472783785
4492,0,502,0,0,245834,246390,986.254239,988.258278,2.0040390000000343,9.977060231779957,8.7125,11.7875,1,1,1,1,556,80,80,556.0,81.0,556.0,556,81,19.994417809835795,11889.988168892718
4492,0,503,0,0,246390,246961,988.258278,990.260555,2.0022769999999355,9.967665431901615,8.7125,11.7875,1,1,1,1,571,80,80,571.0,80.0,571.0,571,80,19.9580272379917,11898.95304196211
4492,0,504,0,0,246961,247000,990.260555,990.380597,0.1200420000000122,9.999415384705356,8.7125,11.7875,1,1,1,1,39,5,5,39.0,4.0,39.0,39,4,1.200349821610871,11837.523533428764
4492,0,505,0,0,247000,247630,990.380597,992.381321,2.000723999999991,10.131287742983693,8.7125,11.7875,1,1,1,1,630,80,80,631.0,80.0,630.0,630,80,20.269910538292606,12551.456372793105
4492,0,506,0,0,247630,248237,992.381321,994.381605,2.0002840000000788,9.961830302664106,8.7125,11.7875,1,1,1,1,607,80,80,607.0,80.0,607.0,607,80,19.926489765135557,12170.771750410962
4492,0,507,0,0,248237,248810,994.381605,996.383176,2.0015710000000126,10.024890326683131,8.7125,11.7875,1,1,1,1,573,80,80,573.0,80.0,573.0,573,80,20.065529756069736,11789.739159889832
4492,0,508,0,0,248810,249400,996.383176,998.387819,2.0046429999999873,9.964599727164314,8.7125,11.7875,1,1,1,1,590,80,80,590.0,80.0,590.0,590,80,19.97546509086169,11616.033378511858
4492,0,509,0,0,249400,250007,998.387819,1000.388442,2.0006230000000187,9.965487273950501,8.7125,11.7875,1,1,1,1,607,80,80,607.0,80.0,607.0,607,80,19.937183046473365,12083.23607196347
4492,0,510,0,0,250007,250575,1000.388442,1002.388792,2.000349999999912,9.95697606883619,8.7125,11.7875,1,1,1,1,568,80,80,568.0,80.0,568.0,568,80,19.91743707929527,12014.89739295676
4492,0,511,0,0,250575,251143,1002.388792,1004.391063,2.0022710000000643,10.036023932742154,8.7125,11.7875,1,1,1,1,568,80,80,568.0,80.0,568.0,568,80,20.09483967583583,12135.719890064442
4492,0,512,0,0,251143,251735,1004.391063,1006.399785,2.0087219999999206,10.004408689616195,8.7125,11.7875,1,1,1,1,592,80,80,592.0,80.0,592.0,592,80,20.096075831823327,12035.015298284658
4492,0,513,0,0,251735,252350,1006.399785,1008.400731,2.000945999999999,10.09248267405508,8.7125,11.7875,1,1,1,1,615,80,80,615.0,80.0,615.0,615,80,20.194512836720605,12206.226454886844
4492,0,514,0,0,252350,252940,1008.400731,1010.401294,2.0005630000000565,10.02364678966163,8.7125,11.7875,1,1,1,1,590,80,80,590.0,80.0,590.0,590,80,20.052936892467187,11688.709628239321
4492,0,515,0,0,252940,253536,1010.401294,1012.401678,2.00038399999994,10.271066726471513,8.7125,11.7875,1,1,1,1,596,80,80,596.0,80.0,596.0,596,80,20.5460775425654,12432.113034297789
4492,0,516,0,0,253536,254129,1012.401678,1014.410207,2.008529000000067,10.46099940621047,8.7125,11.7875,1,1,1,1,593,80,80,593.0,80.0,593.0,593,80,21.01122067635697,12387.174892669796
4492,0,517,0,0,254129,254734,1014.410207,1016.412991,2.0027840000000197,10.33458371742086,8.7125,11.7875,1,1,1,1,605,80,80,605.0,80.0,605.0,605,80,20.697938915911436,12221.986994104087
4492,0,518,0,0,254734,255334,1016.412991,1018.416508,2.003516999999988,10.50894878104801,8.7125,11.7875,1,1,1,1,600,80,80,600.0,80.0,600.0,600,80,21.0548575349585,12629.291391088846
4492,0,519,0,0,255334,255947,1018.416508,1020.419851,2.0033429999999726,10.315681573791903,8.7125,11.7875,1,1,1,1,613,80,80,613.0,81.0,613.0,613,81,20.665848471084246,12389.790465237525
4492,0,520,0,0,255947,256529,1020.419851,1022.421271,2.001420000000053,10.486126350759585,8.7125,11.7875,1,1,1,1,582,80,80,582.0,79.0,582.0,582,79,20.987143000937067,12434.171738065645
4492,0,521,0,0,256529,257160,1022.421271,1024.422182,2.0009109999999737,10.460676202367159,8.7125,11.7875,1,1,1,1,631,80,80,631.0,80.0,631.0,631,80,20.9308820807546,12651.237361382056
4492,0,522,0,0,257160,257750,1024.422182,1026.422572,2.000389999999925,10.336669209877488,8.7125,11.7875,1,1,1,1,590,80,80,590.0,80.0,590.0,590,80,20.677369720746356,12601.042796655125
4492,0,523,0,0,257750,258354,1026.422572,1028.423469,2.0008970000001227,10.329151348892298,8.7125,11.7875,1,1,1,1,604,80,80,604.0,80.0,604.0,604,80,20.667567946546114,12264.999147881423
4492,0,524,0,0,258354,258928,1028.423469,1030.42481,2.001340999999911,10.37563488938605,8.7125,11.7875,1,1,1,1,574,80,80,574.0,80.0,574.0,574,80,20.765183505158348,12355.215827788017
4492,0,525,0,0,258928,259528,1030.42481,1032.429461,2.004650999999967,10.406016147003713,8.7125,11.7875,1,1,1,1,600,80,80,600.0,80.0,600.0,600,80,20.860430675107636,12477.483611860824
4492,0,526,0,0,259528,260000,1032.429461,1033.970497,1.5410360000000765,10.290867974940673,8.7125,11.7875,1,1,1,1,472,62,62,472.0,62.0,472.0,472,62,15.858598020631689,12228.786348923104
4492,0,527,0,0,260000,260589,1033.970497,1035.974728,2.0042309999998906,10.336358961896646,8.7125,11.7875,1,1,1,1,589,80,80,590.0,80.0,589.0,589,80,20.71645105856078,12440.182793301452
4492,0,528,0,0,260589,261169,1035.974728,1037.975281,2.0005530000000817,10.38365684255668,8.7125,11.7875,1,1,1,1,580,80,80,580.0,80.0,580.0,580,80,20.773055847348587,12184.131087753738
4492,0,529,0,0,261169,261766,1037.975281,1039.976363,2.0010819999999967,10.382993293386448,8.7125,11.7875,1,1,1,1,597,80,80,597.0,80.0,597.0,597,80,20.77722098551567,12371.806852492822
4492,0,530,0,0,261766,262336,1039.976363,1041.986099,2.0097359999999753,10.266730138699835,8.7125,11.7875,1,1,1,1,570,80,80,570.0,80.0,570.0,570,80,20.633417162029218,12261.809511299147
4492,0,531,0,0,262336,262970,1041.986099,1043.987302,2.0012030000000323,10.319270312090401,8.7125,11.7875,1,1,1,1,634,80,80,634.0,80.0,634.0,634,80,20.650954706366974,12450.011318191906
4492,0,532,0,0,262970,263574,1043.987302,1045.991074,2.0037720000000263,10.401760663674931,8.7125,11.7875,1,1,1,1,604,80,80,604.0,80.0,604.0,604,80,20.842756768573963,12606.723719065676
4492,0,533,0,0,263574,264145,1045.991074,1047.991817,2.000743000000057,10.296131555689866,8.7125,11.7875,1,1,1,1,571,80,80,571.0,80.0,571.0,571,80,20.59991313712635,12549.837735280988
4492,0,534,0,0,264145,264762,1047.991817,1049.993297,2.0014799999999013,10.421574359867398,8.7125,11.7875,1,1,1,1,617,80,80,617.0,80.0,617.0,617,80,20.858572649785856,12789.036113276807
4492,0,535,0,0,264762,265377,1049.993297,1051.994831,2.0015339999999924,10.420725706321708,8.7125,11.7875,1,1,1,1,615,80,80,615.0,80.0,615.0,615,80,20.857436805876205,12582.349338057758
4492,0,536,0,0,265377,265986,1051.994831,1053.998735,2.0039039999999204,10.07849180722911,8.7125,11.7875,1,1,1,1,609,80,80,609.0,80.0,609.0,609,80,20.196330046472212,12198.189134809338
4492,0,537,0,0,265986,266565,1053.998735,1056.001776,2.0030410000001666,10.17935361506358,8.7125,11.7875,1,1,1,1,579,80,80,579.0,80.0,579.0,579,80,20.389662644472992,12190.464398880487
4492,0,538,0,0,266565,267169,1056.001776,1058.003829,2.0020529999999326,10.073840481635171,8.7125,11.7875,1,1,1,1,604,80,80,604.0,80.0,604.0,604,80,20.16836255777889,12090.58901038125
4492,0,539,0,0,267169,267722,1058.003829,1060.01151,2.007681000000048,10.041052081535437,8.7125,11.7875,1,1,1,1,553,80,80,553.0,80.0,553.0,553,80,20.159229484110256,12151.332806356895
4492,0,540,0,0,267722,268329,1060.01151,1062.016465,2.0049549999998817,10.026015617944095,8.7125,11.7875,1,1,1,1,607,80,80,607.0,80.0,607.0,607,80,20.10171014327352,11982.812581829226
4492,0,541,0,0,268329,268935,1062.016465,1064.019426,2.002961000000141,10.025713629886587,8.7125,11.7875,1,1,1,1,606,80,80,606.0,81.0,606.0,606,81,20.081113397833178,12124.050343465644
4492,0,542,0,0,268935,269507,1064.019426,1066.021702,2.002275999999938,10.0713347762193,8.7125,11.7875,1,1,1,1,572,80,80,572.0,80.0,572.0,572,80,20.165591910388684,11942.908969592974
4492,0,543,0,0,269507,270090,1066.021702,1068.023978,2.002275999999938,9.988018107832893,8.7125,11.7875,1,1,1,1,583,80,80,584.0,80.0,583.0,583,80,19.998768944878975,12030.30950778052
4492,0,544,0,0,270090,270703,1068.023978,1070.026258,2.0022800000001553,10.276874179002519,8.7125,11.7875,1,1,1,1,613,80,80,613.0,80.0,613.0,613,80,20.57717963113464,12479.773058712099
4492,0,545,0,0,270703,271294,1070.026258,1072.028231,2.001972999999907,10.111606037822433,8.7125,11.7875,1,1,1,1,591,80,80,591.0,79.0,591.0,591,79,20.24316227435702,12352.813949039846
4492,0,546,0,0,271294,271882,1072.028231,1074.030809,2.002578000000085,10.069948925237888,8.7125,11.7875,1,1,1,1,588,80,80,588.0,81.0,588.0,588,81,20.165858178805138,11992.042257529534
4492,0,547,0,0,271882,272457,1074.030809,1076.031616,2.000806999999895,10.124834295560031,8.7125,11.7875,1,1,1,1,575,80,80,575.0,79.0,575.0,575,79,20.257839332394724,11824.728721961308
4492,0,548,0,0,272457,273000,1076.031616,1077.879026,1.8474100000000817,10.168049495585942,8.7125,11.7875,1,1,1,1,543,74,74,543.0,74.0,543.0,543,74,18.78455631864199,12080.155460887952
4492,0,549,0,0,273000,273594,1077.879026,1079.87936,2.000333999999839,10.0766549201046,8.7125,11.7875,1,1,1,1,594,80,80,594.0,80.0,594.0,594,80,20.156675442951382,12121.475713556812
4492,0,550,0,0,273594,274199,1079.87936,1081.879554,2.0001940000001923,10.10308151854512,8.7125,11.7875,1,1,1,1,605,80,80,605.0,80.0,605.0,605,80,20.208123034906748,12121.824183053079
4492,0,551,0,0,274199,274782,1081.879554,1083.884612,2.0050579999999627,10.17325597973497,8.7125,11.7875,1,1,1,1,583,80,80,583.0,80.0,583.0,583,80,20.397968288214543,11909.381175008626
4492,0,552,0,0,274782,275394,1083.884612,1085.885523,2.00091099999986,10.215554969812505,8.7125,11.7875,1,1,1,1,612,80,80,612.0,80.0,612.0,612,80,20.440416310200817,12171.455901837566
4492,0,553,0,0,275394,275972,1085.885523,1087.88632,2.000797000000148,10.179462588200794,8.7125,11.7875,1,1,1,1,578,80,80,578.0,80.0,578.0,578,80,20.367038208085432,12416.052203196108
4492,0,554,0,0,275972,276566,1087.88632,1089.889954,2.00363399999992,10.09979408032504,8.7125,11.7875,1,1,1,1,594,80,80,594.0,80.0,594.0,594,80,20.236290812337757,11865.939587769497
4492,0,555,0,0,276566,277121,1089.889954,1091.901127,2.011173000000099,10.049596552750454,8.7125,11.7875,1,1,1,1,555,80,80,555.0,81.0,555.0,555,81,20.211477247785297,12001.951100178261
4492,0,556,0,0,277121,277712,1091.901127,1093.903405,2.002277999999933,10.12773663686539,8.7125,11.7875,1,1,1,1,591,80,80,591.0,80.0,591.0,591,80,20.27854425778969,12223.577345403995
4492,0,557,0,0,277712,278312,1093.903405,1095.90568,2.002275000000054,10.026376788889607,8.7125,11.7875,1,1,1,1,600,80,80,600.0,80.0,600.0,600,80,20.07556358497459,12047.795632467742
4492,0,558,0,0,278312,278908,1095.90568,1097.907473,2.001792999999907,10.050711186218514,8.7125,11.7875,1,1,1,1,596,80,80,596.0,79.0,596.0,596,79,20.119443297593534,12170.089514750593
4492,0,559,0,0,278908,279508,1097.907473,1099.910039,2.0025660000001153,10.016934605816706,8.7125,11.7875,1,1,1,1,600,80,80,600.0,80.0,600.0,600,80,20.05957266583391,11965.148714198993
4492,0,560,0,0,279508,280093,1099.910039,1101.912513,2.002473999999893,10.13108302618544,8.7125,11.7875,1,1,1,1,585,80,80,585.0,81.0,585.0,585,81,20.28723035177609,12135.4884008488
4492,0,561,0,0,280093,280683,1101.912513,1103.914515,2.0020019999999477,9.98295702760966,8.7125,11.7875,1,1,1,1,590,80,80,590.0,79.0,590.0,590,79,19.985899935187263,12001.4865120018
4492,0,562,0,0,280683,281283,1103.914515,1105.917064,2.0025490000000445,10.03902809973075,8.7125,11.7875,1,1,1,1,600,80,80,600.0,81.0,600.0,600,81,20.103645682087517,12032.664369261109
4492,0,563,0,0,281283,281847,1105.917064,1107.917937,2.000872999999956,10.106488041102507,8.7125,11.7875,1,1,1,1,564,80,80,565.0,79.0,564.0,564,79,20.221799046265005,12056.237452352314
4492,0,564,0,0,281847,282462,1107.917937,1109.918759,2.000821999999971,10.181525076323922,8.7125,11.7875,1,1,1,1,615,80,80,615.0,80.0,615.0,615,80,20.371419366259943,12118.519288572572
4492,0,565,0,0,282462,283068,1109.918759,1111.919056,2.000297000000046,10.203108480309794,8.7125,11.7875,1,1,1,1,606,80,80,606.0,80.0,606.0,606,80,20.40924728383834,12202.687900846444
4492,0,566,0,0,283068,283683,1111.919056,1113.919611,2.0005550000000767,10.116449778288157,8.7125,11.7875,1,1,1,1,615,80,80,615.0,80.0,615.0,615,80,20.238514186203247,12125.635136249226
4492,0,567,0,0,283683,284284,1113.919611,1115.920746,2.0011349999999766,10.053484356130669,8.7125,11.7875,1,1,1,1,601,80,80,601.0,80.0,601.0,601,80,20.11837941700469,12026.674862015947
4492,0,568,0,0,284284,284892,1115.920746,1117.920745,1.9999989999998888,10.063670664898297,8.7125,11.7875,1,1,1,1,608,80,80,608.0,80.0,608.0,608,80,20.12733126612511,12361.506180753777
4492,0,569,0,0,284892,285493,1117.920745,1119.922238,2.0014930000002096,10.005958999402104,8.7125,11.7875,1,1,1,1,601,80,80,601.0,80.0,601.0,601,80,20.026856895592573,11773.710924793408
4492,0,570,0,0,285493,286000,1119.922238,1121.810143,1.8879049999998188,10.047389547204578,8.7125,11.7875,1,1,1,1,507,75,75,507.0,76.0,507.0,507,76,18.96851696311387,11852.291296438194
4492,0,571,0,0,286000,286572,1121.810143,1123.81143,2.0012870000000476,10.210912178554697,8.7125,11.7875,1,1,1,1,572,80,80,573.0,79.0,572.0,572,79,20.434965801083308,11953.807724728853
4492,0,572,0,0,286572,286788,1123.81143,1125.814688,2.00325799999996,2.9250564575227793,8.7125,11.7875,1,0,0,1,216,80,80,216.0,81.0,216.0,216,81,5.859642748984697,3088.968071012383
4492,0,573,0,0,286788,286868,1125.814688,1127.816966,2.0022780000001603,0.933093153652125,8.7125,11.7875,1,0,0,0,80,80,80,80.0,80.0,80.0,80,80,1.86831189350778,447.4903085385387
4492,0,574,0,0,286868,286948,1127.816966,1129.819241,2.002274999999827,0.9325218199913536,8.7125,11.7875,1,0,0,0,80,80,80,80.0,80.0,80.0,80,80,1.8671651271233713,422.0199523042904
4492,0,575,0,0,286948,287028,1129.819241,1131.821517,2.0022760000001654,0.9325734903550983,8.7125,11.7875,1,0,0,0,80,80,80,80.0,80.0,80.0,80,80,1.8672695179739094,426.0151947083866
4492,0,576,0,0,287028,287109,1131.821517,1133.823795,2.002277999999933,0.9337176377383892,8.7125,11.7875,1,0,0,0,81,80,80,81.0,80.0,81.0,81,80,1.869562284255153,404.53922981725174
4492,0,577,0,0,287109,287189,1133.823795,1135.826072,2.002277000000049,0.9333016854319719,8.7125,11.7875,1,0,0,0,80,80,80,80.0,80.0,80.0,80,80,1.8687284988009196,458.977454168418
4492,0,578,0,0,287189,287269,1135.826072,1137.82835,2.002277999999933,0.9337696780789042,8.7125,11.7875,1,0,0,0,80,80,80,80.0,80.0,80.0,80,80,1.8696664834842522,455.48120690535006
4492,0,579,0,0,287269,287350,1137.82835,1139.830626,2.002275999999938,0.9329898134951518,8.7125,11.7875,1,0,0,0,81,80,80,81.0,80.0,81.0,81,80,1.868103111804885,433.00723776343864
4492,0,580,0,0,287350,287430,1139.830626,1141.832905,2.002279000000044,0.9324162592499363,8.7125,11.7875,1,0,0,0,80,80,80,80.0,80.0,80.0,80,80,1.8669574951545655,436.0031743827812
4492,0,581,0,0,287430,287539,1141.832905,1143.835178,2.0022730000000593,1.2503337131987091,8.7125,11.7875,1,0,0,0,109,80,80,109.0,80.0,109.0,109,80,2.5035094349277642,1062.2927043414845
4492,0,582,0,0,287539,287711,1143.835178,1145.837456,2.002277999999933,1.888501765167243,8.7125,11.7875,1,0,0,0,172,80,80,172.0,80.0,172.0,172,80,3.7813055373553652,2310.3684902896375
4492,0,583,0,0,287711,287870,1145.837456,1147.83872,2.001263999999992,1.9704814711733911,8.7125,11.7875,1,0,0,0,159,80,80,159.0,79.0,159.0,159,79,3.9434536309254327,2413.9743681993077
4492,0,584,0,0,287870,288079,1147.83872,1149.840954,2.002234000000044,3.0300169676605857,8.7125,11.7875,1,0,0,1,209,80,80,209.0,80.0,209.0,209,80,6.066802993227611,3647.4258253530006
4492,0,585,0,0,288079,288342,1149.840954,1151.844285,2.003330999999889,3.9862818494035155,8.7125,11.7875,1,0,0,1,263,80,80,263.0,81.0,263.0,263,81,7.985842003647122,4921.303568906259
4492,0,586,0,0,288342,288783,1151.844285,1153.846563,2.0022780000001603,6.979087874344567,8.7125,11.7875,1,0,0,1,441,80,80,441.0,80.0,441.0,441,80,13.97407411086715,8391.442147393445
4492,0,587,0,0,288783,289293,1153.846563,1155.847667,2.001103999999941,8.564826777253048,8.7125,11.7875,1,0,0,1,510,80,80,510.0,79.0,510.0,510,79,17.13910912326719,10202.368292702728
4492,0,588,0,0,289293,289841,1155.847667,1157.848764,2.0010970000000725,9.574097226145643,8.7125,11.7875,1,1,0,1,548,80,80,548.0,80.0,548.0,548,80,19.158697236949592,11521.680358323041
4492,0,589,0,0,289841,290425,1157.848764,1159.850403,2.001638999999841,9.749799667234315,8.7125,11.7875,1,1,1,1,584,80,80,584.0,80.0,584.0,584,80,19.515579256121782,11669.93648704979
4492,0,590,0,0,290425,291026,1159.850403,1161.854821,2.004417999999987,10.029586058484607,8.7125,11.7875,1,1,1,1,601,80,80,601.0,80.0,601.0,601,80,20.1034828281754,12178.098580236338
4492,0,591,0,0,291026,291622,1161.854821,1163.855872,2.0010510000001887,10.22229999488722,8.7125,11.7875,1,1,1,1,596,80,80,596.0,80.0,596.0,596,80,20.45534362707076,12232.571783526602
4492,0,592,0,0,291622,292217,1163.855872,1165.859261,2.00338899999997,9.995162414284037,8.7125,11.7875,1,1,1,1,595,80,80,595.0,80.0,595.0,595,80,20.024198433990023,11848.422847485113
4492,0,593,0,0,292217,292793,1165.859261,1167.860613,2.001351999999997,10.089484933213816,8.7125,11.7875,1,1,1,1,576,80,80,576.0,80.0,576.0,576,80,20.192610850057463,12007.882671314208
4492,0,594,0,0,292793,293403,1167.860613,1169.864774,2.00416099999984,10.141381426901802,8.7125,11.7875,1,1,1,1,610,80,80,610.0,81.0,610.0,610,81,20.32496114191963,12158.20485480056
4492,0,595,0,0,293403,293946,1169.864774,1171.86705,2.0022760000001654,9.941493996940189,8.7125,11.7875,1,1,1,1,543,80,80,543.0,80.0,543.0,543,80,19.905614834218795,11922.93170372018
4492,0,596,0,0,293946,294581,1171.86705,1173.86914,2.002089999999953,10.127212390238014,8.7125,11.7875,1,1,1,1,635,80,80,635.0,79.0,635.0,635,79,20.275590654371626,12235.214201160075
4492,0,597,0,0,294581,295202,1173.86914,1175.871029,2.001888999999892,10.165478099027599,8.7125,11.7875,1,1,1,1,621,80,80,621.0,80.0,621.0,621,80,20.350158786182874,12336.847847208977
4492,0,598,0,0,295202,295758,1175.871029,1177.87312,2.002091000000064,9.954053043221858,8.7125,11.7875,1,1,1,1,556,80,80,556.0,80.0,556.0,556,80,19.92892001135806,11862.09817635624
4492,0,599,0,0,295758,296357,1177.87312,1179.876161,2.0030409999999392,10.049302321898836,8.7125,11.7875,1,1,1,1,599,80,80,599.0,81.0,599.0,599,81,20.129164572157606,11884.928965508307
4492,0,600,0,0,296357,296941,1179.876161,1181.876591,2.0004300000000512,10.082170708310484,8.7125,11.7875,1,1,1,1,584,80,80,584.0,79.0,584.0,584,79,20.16867675002686,11830.956344385653
4492,0,601,0,0,296941,297526,1181.876591,1183.878882,2.002291000000014,9.985498838807493,8.7125,11.7875,1,1,1,1,585,80,80,585.0,80.0,585.0,585,80,19.993874455454716,11896.872132971599
4492,0,602,0,0,297526,298099,1183.878882,1185.879422,2.000540000000001,9.971413848301593,8.7125,11.7875,1,1,1,1,573,80,80,573.0,80.0,573.0,573,80,19.948212260082073,11889.789756765667
4492,0,603,0,0,298099,298689,1185.879422,1187.880459,2.0010369999999966,9.960653211198517,8.7125,11.7875,1,1,1,1,590,80,80,590.0,80.0,590.0,590,80,19.931635619777808,12052.250907904272
4492,0,604,0,0,298689,299000,1187.880459,1188.872492,0.9920329999999922,10.07141838876119,8.7125,11.7875,1,1,1,1,311,40,40,311.0,40.0,311.0,311,40,9.991179398457462,11992.544602851009
4492,0,605,0,0,299000,299591,1188.872492,1190.873912,2.001420000000053,10.136421530834758,8.7125,11.7875,1,1,1,1,591,80,80,591.0,80.0,591.0,591,80,20.28723678024471,12213.328536738592
4492,0,606,0,0,299591,300204,1190.873912,1192.874344,2.000432000000046,10.013977152238422,8.7125,11.7875,1,1,1,1,613,80,80,613.0,80.0,613.0,613,80,20.03228034260792,12124.381133674846
4492,0,607,0,0,300204,300792,1192.874344,1194.874763,2.0004189999999653,10.158639220590388,8.7125,11.7875,1,1,1,1,588,80,80,588.0,80.0,588.0,588,80,20.32153491101417,12197.444635349106
4492,0,608,0,0,300792,301420,1194.874763,1196.884602,2.0098390000000563,10.13919462616986,8.7125,11.7875,1,1,1,1,628,80,80,628.0,80.0,628.0,628,80,20.378148788267936,12393.032476730375
4492,0,609,0,0,301420,301979,1196.884602,1198.884721,2.0001189999998132,9.966283052892619,8.7125,11.7875,1,1,1,1,559,80,80,559.0,80.0,559.0,559,80,19.933752093465955,11886.792735833327
4492,0,610,0,0,301979,302576,1198.884721,1200.8872,2.002478999999994,10.008879753730756,8.7125,11.7875,1,1,1,1,597,79,79,598.0,80.0,597.0,597,79,20.042571520370984,11788.38829271122
4492,0,611,0,0,302576,303127,1200.8872,1202.890548,2.0033480000001873,9.931283594978922,8.7125,11.7875,1,1,1,1,551,80,80,551.0,80.0,551.0,551,80,19.895817127435294,11663.475342275939
4492,0,612,0,0,303127,303704,1202.890548,1204.894079,2.003530999999839,9.895184709570465,8.7125,11.7875,1,1,1,1,577,80,80,577.0,80.0,577.0,577,80,19.825309316349376,11798.669449088584
4492,0,613,0,0,303704,304268,1204.894079,1206.900576,2.0064970000000812,10.073400762218716,8.7125,11.7875,1,1,1,1,564,80,80,564.0,80.0,564.0,564,80,20.21224840919058,11910.807741052706
4492,0,614,0,0,304268,304888,1206.900576,1208.909168,2.008591999999908,9.974695892442144,8.7125,11.7875,1,1,1,1,620,80,80,620.0,81.0,620.0,620,81,20.035094371991363,12117.941324072344
4492,0,615,0,0,304888,305489,1208.909168,1210.910845,2.0016770000001998,10.112292125900249,8.7125,11.7875,1,1,1,1,601,80,80,601.0,79.0,601.0,601,79,20.241542565698182,12074.87521712923
4492,0,616,0,0,305489,306095,1210.910845,1212.911748,2.00090299999988,9.98942853601543,8.7125,11.7875,1,1,1,1,606,80,80,606.0,80.0,606.0,606,80,19.987877525998556,11873.139277616867
4492,0,617,0,0,306095,306712,1212.911748,1214.912813,2.001064999999926,9.999414216535664,8.7125,11.7875,1,1,1,1,617,80,80,617.0,80.0,617.0,617,80,20.009477809211603,11806.71292536768
4492,0,618,0,0,306712,307274,1214.912813,1216.914816,2.002003000000059,9.995807866598868,8.7125,11.7875,1,1,1,1,562,80,80,562.0,80.0,562.0,562,80,20.011637336354397,12078.90297866651
4492,0,619,0,0,307274,307883,1216.914816,1218.915561,2.0007450000000517,10.012023884393422,8.7125,11.7875,1,1,1,1,609,80,80,609.0,80.0,609.0,609,80,20.031506726581938,12055.0095089576
4492,0,620,0,0,307883,308497,1218.915561,1220.916472,2.0009110000000874,9.923721660433971,8.7125,11.7875,1,1,1,1,614,80,80,614.0,80.0,614.0,614,80,19.856483831301375,11721.660783512598
4492,0,621,0,0,308497,309113,1220.916472,1222.918214,2.001741999999922,10.306132431175504,8.7125,11.7875,1,1,1,1,616,80,80,616.0,80.0,616.0,616,80,20.630218145044637,12221.854764500597
4492,0,622,0,0,309113,309755,1222.918214,1224.926965,2.008751000000075,10.3459002686622,8.7125,11.7875,1,1,1,1,642,80,80,642.0,80.0,642.0,642,80,20.782337510576326,12238.450659140473
4492,0,623,0,0,309755,310391,1224.926965,1226.929657,2.002691999999797,10.266422646967738,8.7125,11.7875,1,1,1,1,636,80,80,636.0,81.0,636.0,636,81,20.56048250369895,12266.988633300822
4492,0,624,0,0,310391,310994,1226.929657,1228.931934,2.002277000000049,10.339441810216961,8.7125,11.7875,1,1,1,1,603,80,80,603.0,80.0,603.0,603,80,20.702426529436707,12237.068097970161
4492,0,625,0,0,310994,311593,1228.931934,1230.934214,2.0022800000001553,10.289676089981864,8.7125,11.7875,1,1,1,1,599,80,80,599.0,80.0,599.0,599,80,20.602812641451237,12041.27294883739
4492,0,626,0,0,311593,312000,1230.934214,1232.290708,1.3564939999998842,10.382759166088896,8.7125,11.7875,1,1,1,1,407,55,55,407.0,54.0,407.0,407,54,14.084150512242559,12353.16927314196
4492,0,627,0,0,312000,312640,1232.290708,1234.299805,2.0090970000001107,10.516442785196753,8.7125,11.7875,1,1,1,1,640,80,80,640.0,80.0,640.0,640,80,21.12855365041105,12706.703558861813
4492,0,628,0,0,312640,313265,1234.299805,1236.30226,2.002454999999827,10.241753284053924,8.7125,11.7875,1,1,1,1,625,80,80,625.0,80.0,625.0,625,80,20.508650072419186,12022.242697090362
4492,0,629,0,0,313265,313854,1236.30226,1238.302948,2.000688000000082,10.520568963871712,8.7125,11.7875,1,1,1,1,589,80,80,589.0,80.0,589.0,589,80,21.048376079192167,12388.238445974077
4492,0,630,0,0,313854,314475,1238.302948,1240.303181,2.00023299999998,10.434828339945616,8.7125,11.7875,1,1,1,1,621,80,80,621.0,80.0,621.0,621,80,20.872087994894173,12418.053296791048
4492,0,631,0,0,314475,315067,1240.303181,1242.304393,2.001211999999896,10.397951673838024,8.7125,11.7875,1,1,1,1,592,80,80,592.0,80.0,592.0,592,80,20.80850566510344,12222.593108576839
4492,0,632,0,0,315067,315672,1242.304393,1244.305304,2.0009110000000874,10.057296328269985,8.7125,11.7875,1,1,1,1,605,80,80,605.0,80.0,605.0,605,80,20.123754853495484,11884.586570816475
4492,0,633,0,0,315672,316257,1244.305304,1246.309206,2.0039019999999255,10.009552106676542,8.7125,11.7875,1,1,1,1,585,80,80,585.0,80.0,585.0,585,80,20.058161485672827,11975.136508672027
4492,0,634,0,0,316257,316855,1246.309206,1248.309428,2.0002220000001216,10.000317924384694,8.7125,11.7875,1,1,1,1,598,80,80,598.0,80.0,598.0,598,80,20.002855919350623,12080.659046845065
4492,0,635,0,0,316855,317465,1248.309428,1250.318193,2.0087650000000394,9.894177520532798,8.7125,11.7875,1,1,1,1,610,80,80,610.0,80.0,610.0,610,80,19.875077507032984,12124.364970516472
4492,0,636,0,0,317465,318051,1250.318193,1252.318495,2.0003019999999196,9.95538719073903,8.7125,11.7875,1,1,1,1,586,80,80,586.0,80.0,586.0,586,80,19.913780908409535,11848.710844662932
4492,0,637,0,0,318051,318620,1252.318495,1254.318636,2.000140999999985,9.989983384560542,8.7125,11.7875,1,1,1,1,569,80,80,569.0,80.0,569.0,569,80,19.98137535677779,11848.16470438843
4492,0,638,0,0,318620,319160,1254.318636,1256.322304,2.0036680000000615,9.968731280976476,8.7125,11.7875,1,1,1,1,540,80,80,540.0,80.0,540.0,540,80,19.97402786829298,11739.469812363765
4492,0,639,0,0,319160,319772,1256.322304,1258.330085,2.0077810000000227,9.974755226824938,8.7125,11.7875,1,1,1,1,612,80,80,612.0,80.0,612.0,612,80,20.027124024070872,11818.520047754078
4492,0,640,0,0,319772,320364,1258.330085,1260.334563,2.0044779999998354,10.110749290960841,8.7125,11.7875,1,1,1,1,592,80,80,592.0,80.0,592.0,592,80,20.26677451724572,12080.451868267943
4492,0,641,0,0,320364,320984,1260.334563,1262.334616,2.0000530000002072,10.174946445349862,8.7125,11.7875,1,1,1,1,620,80,80,620.0,80.0,620.0,620,80,20.35043216286431,12125.17868276365
4492,0,642,0,0,320984,321594,1262.334616,1264.344805,2.010188999999855,10.113255428317437,8.7125,11.7875,1,1,1,1,610,80,80,610.0,80.0,610.0,610,80,20.329554816193195,11918.779776429843
4492,0,643,0,0,321594,322177,1264.344805,1266.347019,2.0022140000000945,10.073774430798105,8.7125,11.7875,1,1,1,1,583,80,80,583.0,80.0,583.0,583,80,20.169852198187073,11757.983911809071
4492,0,644,0,0,322177,322775,1266.347019,1268.34929,2.0022710000000643,10.10581027334708,8.7125,11.7875,1,1,1,1,598,80,80,598.0,80.0,598.0,598,80,20.23457084182519,12146.20798083737
4492,0,645,0,0,322775,323376,1268.34929,1270.353303,2.0040129999999863,10.122098049598758,8.7125,11.7875,1,1,1,1,601,80,80,601.0,80.0,601.0,601,80,20.2848160786707,12007.90613633752
4492,0,646,0,0,323376,323929,1270.353303,1272.353671,2.0003679999999804,10.024396875568094,8.7125,11.7875,1,1,1,1,553,80,80,553.0,80.0,553.0,553,80,20.052482729186522,11666.853298993099
4492,0,647,0,0,323929,324492,1272.353671,1274.355637,2.001965999999811,10.03559793699858,8.7125,11.7875,1,1,1,1,563,80,80,563.0,80.0,563.0,563,80,20.09092585954022,12047.157644037048
4492,0,648,0,0,324492,325000,1274.355637,1276.163938,1.8083010000000286,10.159085885642536,8.7125,11.7875,1,1,1,1,508,73,73,508.0,73.0,508.0,508,73,18.370685166093608,11874.682367592375
4492,0,649,0,0,325000,325608,1276.163938,1278.166453,2.0025150000001304,10.08113484565159,8.7125,11.7875,1,1,1,1,608,80,80,608.0,80.0,608.0,608,80,20.18762374544167,12238.110575949946
4492,0,650,0,0,325608,326207,1278.166453,1280.167952,2.001498999999967,10.058614900631879,8.7125,11.7875,1,1,1,1,599,80,80,599.0,80.0,599.0,599,80,20.132307664998734,11926.06141696818
4492,0,651,0,0,326207,326820,1280.167952,1282.168847,2.0008949999999004,10.020192732794973,8.7125,11.7875,1,1,1,1,613,80,80,613.0,80.0,613.0,613,80,20.049353538084688,11888.679815783029
4492,0,652,0,0,326820,327400,1282.168847,1284.169632,2.000785000000178,10.067760585640611,8.7125,11.7875,1,1,1,1,580,79,79,580.0,79.0,580.0,580,79,20.143424363343,12137.236134816003
4492,0,653,0,0,327400,328030,1284.169632,1286.172018,2.0023859999998876,10.281127750678202,8.7125,11.7875,1,1,1,1,630,80,80,630.0,81.0,630.0,630,81,20.586786272167956,12297.3292861623
4492,0,654,0,0,328030,328618,1286.172018,1288.174295,2.002277000000049,10.103178546281605,8.7125,11.7875,1,1,1,1,588,80,80,588.0,80.0,588.0,588,80,20.229362030113407,11945.400161915366
4492,0,655,0,0,328618,329193,1288.174295,1290.175193,2.0008980000000065,10.102458443486132,8.7125,11.7875,1,1,1,1,575,80,80,575.0,79.0,575.0,575,79,20.213988894654904,12123.556523121078
4492,0,656,0,0,329193,329798,1290.175193,1292.178848,2.0036549999999806,10.175148874221662,8.7125,11.7875,1,1,1,1,605,80,80,605.0,81.0,605.0,605,81,20.387487917578255,12211.184061128406
4492,0,657,0,0,329798,330376,1292.178848,1294.181125,2.002277000000049,10.100784689422346,8.7125,11.7875,1,1,1,1,578,80,80,578.0,80.0,578.0,578,80,20.224568865582114,11910.439964100578
4492,0,658,0,0,330376,330938,1294.181125,1296.183402,2.002276999999822,10.038804612915312,8.7125,11.7875,1,1,1,1,562,80,80,562.0,80.0,562.0,562,80,20.100467583932186,12049.781323963742
4492,0,659,0,0,330938,331512,1296.183402,1298.185678,2.0022760000001654,10.047864559202399,8.7125,11.7875,1,1,1,1,574,80,80,574.0,80.0,574.0,574,80,20.118598058143107,12050.286773650589
4492,0,660,0,0,331512,332080,1298.185678,1300.185715,2.0000370000000203,9.999193364563169,8.7125,11.7875,1,1,1,1,568,80,80,568.0,79.0,568.0,568,79,19.99875669928042,11763.282379275865
4492,0,661,0,0,332080,332655,1300.185715,1302.188148,2.0024329999998827,9.99718896078847,8.7125,11.7875,1,1,1,1,575,80,80,575.0,80.0,575.0,575,80,20.01870108231742,11772.179144071928
4492,0,662,0,0,332655,333216,1302.188148,1304.190143,2.001995000000079,10.165522536106767,8.7125,11.7875,1,1,1,1,561,80,80,561.0,80.0,561.0,561,80,20.351325289673696,12304.726035778824
4492,0,663,0,0,333216,333820,1304.190143,1306.19012,1.9999769999999444,10.150265613279378,8.7125,11.7875,1,1,1,1,604,80,80,604.0,80.0,604.0,604,80,20.300297770449106,12004.638053337947
4492,0,664,0,0,333820,334421,1306.19012,1308.191049,2.000929000000042,10.064081534585455,8.7125,11.7875,1,1,1,1,601,80,80,601.0,80.0,601.0,601,80,20.137512600917034,12179.842463175599
4492,0,665,0,0,334421,334992,1308.191049,1310.192247,2.001197999999931,10.097484123525927,8.7125,11.7875,1,1,1,1,571,80,80,571.0,80.0,571.0,571,80,20.20706503303154,11846.903704681303
4492,0,666,0,0,334992,335576,1310.192247,1312.196253,2.0040060000001176,10.135235594604932,8.7125,11.7875,1,1,1,1,584,80,80,585.0,80.0,584.0,584,80,20.311072943002728,11942.080013731793
4492,0,667,0,0,335576,336162,1312.196253,1314.19753,2.0012769999998454,10.16889261600939,8.7125,11.7875,1,1,1,1,586,80,80,586.0,80.0,586.0,586,80,20.350770907887636,12162.73409428174
4492,0,668,0,0,336162,336806,1314.19753,1316.206169,2.00863900000013,10.136214906726524,8.7125,11.7875,1,1,1,1,644,80,80,644.0,81.0,644.0,644,81,20.359996574034085,12351.149210982358
4492,0,669,0,0,336806,337393,1316.206169,1318.208446,2.002277000000049,10.05124226050903,8.7125,11.7875,1,1,1,1,587,80,80,587.0,80.0,587.0,587,80,20.125371199645087,12149.667603433192
4492,0,670,0,0,337393,337985,1318.208446,1320.209123,2.000676999999996,10.05787731969746,8.7125,11.7875,1,1,1,1,592,80,80,592.0,79.0,592.0,592,79,20.122563822340453,12181.876434826836
4492,0,671,0,0,337985,338000,1320.209123,1320.263702,0.05457899999987603,10.082903003942535,8.7125,11.7875,1,1,1,1,15,3,3,15.0,3.0,15.0,15,3,0.5503147630515741,11872.698290578279
4492,0,672,0,0,338000,338583,1320.263702,1322.264185,2.000483000000031,9.95361830376363,8.7125,11.7875,1,1,1,1,583,80,80,583.0,80.0,583.0,583,80,19.91204420516806,11677.679840318382
4492,0,673,0,0,338583,339157,1322.264185,1324.265335,2.0011500000000524,10.15708115640087,8.7125,11.7875,1,1,1,1,574,79,79,574.0,80.0,574.0,574,80,20.325842956131964,12111.036154211011
4492,0,674,0,0,339157,339782,1324.265335,1326.267614,2.002279000000044,10.05128445242595,8.7125,11.7875,1,1,1,1,625,80,80,625.0,80.0,625.0,625,80,20.125475782118883,12336.942054528592
4492,0,675,0,0,339782,340370,1326.267614,1328.268903,2.001288999999815,9.933338011115485,8.7125,11.7875,1,1,1,1,588,80,80,588.0,79.0,588.0,588,79,19.879480094925384,11753.924595599223
4492,0,676,0,0,340370,340957,1328.268903,1330.269209,2.000306000000137,10.038193380857193,8.7125,11.7875,1,1,1,1,587,80,80,587.0,80.0,587.0,587,80,20.079458448890364,11886.68133775451
4492,0,677,0,0,340957,341548,1330.269209,1332.270941,2.001731999999947,10.012803599381309,8.7125,11.7875,1,1,1,1,591,80,80,591.0,80.0,591.0,591,80,20.04294937459599,12053.561615641172
4492,0,678,0,0,341548,342131,1332.270941,1334.275147,2.0042060000000674,10.141521959084221,8.7125,11.7875,1,1,1,1,583,80,80,583.0,80.0,583.0,583,80,20.325699159529904,12283.16849665113
4492,0,679,0,0,342131,342676,1334.275147,1336.277319,2.002171999999973,9.986080942292487,8.7125,11.7875,1,1,1,1,545,80,80,545.0,80.0,545.0,545,80,19.99385165239073,12109.349246718226
4492,0,680,0,0,342676,343254,1336.277319,1338.281273,2.0039540000000216,10.058954304170808,8.7125,11.7875,1,1,1,1,578,80,80,578.0,81.0,578.0,578,81,20.157681713661077,12077.62254023782
4492,0,681,0,0,343254,343879,1338.281273,1340.281674,2.0004010000000108,10.05251908693875,8.7125,11.7875,1,1,1,1,625,80,80,625.0,79.0,625.0,625,79,20.109069234031267,11885.616933804708
4492,0,682,0,0,343879,344457,1340.281674,1342.281925,2.0002509999999347,10.07352276825604,8.7125,11.7875,1,1,1,1,578,80,80,578.0,80.0,578.0,578,80,20.149573990725912,11735.527191337871
4492,0,683,0,0,344457,345048,1342.281925,1344.285868,2.0039429999999356,10.01761877438135,8.7125,11.7875,1,1,1,1,591,80,80,591.0,80.0,591.0,591,80,20.07473701958952,11786.263381743272
4492,0,684,0,0,345048,345632,1344.285868,1346.2875,2.0016319999999723,9.857695479038785,8.7125,11.7875,1,1,1,1,584,80,80,584.0,80.0,584.0,584,80,19.73147871709989,11680.96832984301
4492,0,685,0,0,345632,346283,1346.2875,1348.287484,1.9999840000000404,10.122565641148041,8.7125,11.7875,1,1,1,1,651,80,80,651.0,80.0,651.0,651,80,20.244969321245662,12157.59726077784
4492,0,686,0,0,346283,346858,1348.287484,1350.292944,2.0054600000000846,9.925027262838892,8.7125,11.7875,1,1,1,1,575,80,80,575.0,80.0,575.0,575,80,19.90424517453357,11749.424072282172
4492,0,687,0,0,346858,347493,1350.292944,1352.293611,2.0006670000000213,10.136727071262172,8.7125,11.7875,1,1,1,1,635,80,80,635.0,80.0,635.0,635,80,20.280215339480492,11930.52117118928
4492,0,688,0,0,347493,348083,1352.293611,1354.299486,2.0058749999998327,10.058127696022758,8.7125,11.7875,1,1,1,1,590,80,80,591.0,81.0,590.0,590,81,20.17534689225795,11688.664547891547
4492,0,689,0,0,348083,348690,1354.299486,1356.300116,2.000630000000001,10.030036254428552,8.7125,11.7875,1,1,1,1,607,80,80,607.0,79.0,607.0,607,79,20.06639143169741,12113.184346930711
4492,0,690,0,0,348690,349271,1356.300116,1358.30029,2.0001740000000154,10.075049280132163,8.7125,11.7875,1,1,1,1,581,80,80,581.0,80.0,581.0,581,80,20.15185161883892,12034.453002588682
4492,0,691,0,0,349271,349860,1358.30029,1360.301054,2.0007640000001174,9.987401078078836,8.7125,11.7875,1,1,1,1,589,80,80,589.0,80.0,589.0,589,80,19.98243253058172,12166.852262435035
4492,0,692,0,0,349860,350460,1360.301054,1362.305152,2.0040979999998854,10.054553800278693,8.7125,11.7875,1,1,1,1,600,80,80,600.0,80.0,600.0,600,80,20.15031116202954,11954.00624121244
4492,0,693,0,0,350460,351000,1362.305152,1364.132271,1.8271190000000388,10.177159169005014,8.7125,11.7875,1,1,1,1,540,73,73,540.0,73.0,540.0,540,73,18.594880883712904,12350.59128606266
4492,0,694,0,0,351000,351583,1364.132271,1366.137946,2.0056750000001102,9.99256078653156,8.7125,11.7875,1,1,1,1,583,80,80,583.0,81.0,583.0,583,81,20.041829355528535,11785.059892554227
4492,0,695,0,0,351583,352158,1366.137946,1368.138728,2.0007819999998446,9.953669754076587,8.7125,11.7875,1,1,1,1,575,80,80,575.0,79.0,575.0,575,79,19.9151232778986,11958.324295201504
4492,0,696,0,0,352158,352751,1368.138728,1370.138749,2.0000210000000607,10.05460103390985,8.7125,11.7875,1,1,1,1,593,80,80,593.0,80.0,593.0,593,80,20.10941321444261,11983.374174570803
4492,0,697,0,0,352751,353307,1370.138749,1372.141981,2.0032320000000254,10.001808508522313,8.7125,11.7875,1,1,1,1,556,80,80,556.0,80.0,556.0,556,80,20.03594286214502,11985.631219948411
4492,0,698,0,0,353307,353916,1372.141981,1374.142043,2.000062000000071,9.974011636002594,8.7125,11.7875,1,1,1,1,609,80,80,609.0,80.0,609.0,609,80,19.948641660726935,12045.62658557542
4492,0,699,0,0,353916,354460,1374.142043,1376.143683,2.001639999999952,9.86900525668173,8.7125,11.7875,1,1,1,1,544,80,80,544.0,80.0,544.0,544,80,19.75419568198413,11644.4515497295
4492,0,700,0,0,354460,355018,1376.143683,1378.150277,2.00659399999995,9.890083151606404,8.7125,11.7875,1,1,1,1,558,80,80,558.0,80.0,558.0,558,80,19.84538151151355,11800.593443417349
4492,0,701,0,0,355018,355616,1378.150277,1380.153884,2.003607000000102,9.900537278433708,8.7125,11.7875,1,1,1,1,598,80,80,598.0,81.0,598.0,598,81,19.836785794832394,11824.674200079555
4492,0,702,0,0,355616,356184,1380.153884,1382.156009,2.002124999999978,9.906891239457579,8.7125,11.7875,1,1,1,1,568,80,80,568.0,79.0,568.0,568,79,19.834834622799463,11799.962539801589
4492,0,703,0,0,356184,356789,1382.156009,1384.158437,2.002428000000009,9.965679360993962,8.7125,11.7875,1,1,1,1,605,80,80,605.0,81.0,605.0,605,81,19.955555391476082,12030.894494084128
4492,0,704,0,0,356789,357385,1384.158437,1386.159622,2.0011849999998503,9.936187374730915,8.7125,11.7875,1,1,1,1,596,80,80,596.0,79.0,596.0,596,79,19.884149131499726,11987.897170927123
4492,0,705,0,0,357385,357985,1386.159622,1388.162991,2.0033690000000206,10.01356850890864,8.7125,11.7875,1,1,1,1,600,80,80,600.0,81.0,600.0,600,81,20.060872730124174,12014.261975701807
4492,0,706,0,0,357985,358579,1388.162991,1390.165267,2.0022760000001654,10.11676603886735,8.7125,11.7875,1,1,1,1,594,80,80,594.0,80.0,594.0,594,80,20.256557837241417,12023.31746472415
4492,0,707,0,0,358579,359143,1390.165267,1392.167543,2.002275999999938,10.084032631988372,8.7125,11.7875,1,1,1,1,564,80,80,564.0,80.0,564.0,564,80,20.191016522247082,12148.175376422008
4492,0,708,0,0,359143,359761,1392.167543,1394.16982,2.002277000000049,10.157352567813918,8.7125,11.7875,1,1,1,1,618,80,80,618.0,80.0,618.0,618,80,20.33783342742572,12151.66532902261
4492,0,709,0,0,359761,360365,1394.16982,1396.170042,2.0002219999998943,10.063351461163283,8.7125,11.7875,1,1,1,1,604,80,80,604.0,79.0,604.0,604,79,20.1289369863498,11998.168203330064
4492,0,710,0,0,360365,360910,1396.170042,1398.17324,2.0031980000001113,10.038282490683637,8.7125,11.7875,1,1,1,1,545,80,80,545.0,80.0,545.0,545,80,20.108667408772817,11790.1475540604
4492,0,711,0,0,360910,361483,1398.17324,1400.175386,2.0021459999998115,9.93005290433387,8.7125,11.7875,1,1,1,1,573,80,80,573.0,80.0,573.0,573,80,19.881415702198865,12048.57188237135
4492,0,712,0,0,361483,362063,1400.175386,1402.178927,2.003541000000041,10.005392251965283,8.7125,11.7875,1,1,1,1,580,80,80,580.0,81.0,580.0,580,81,20.046213597895985,11785.63353582458
4492,0,713,0,0,362063,362671,1402.178927,1404.180342,2.001415000000179,9.98770301266325,8.7125,11.7875,1,1,1,1,608,80,80,608.0,79.0,608.0,608,79,19.989538625091882,11903.57821840941
4492,0,714,0,0,362671,363242,1404.180342,1406.181665,2.0013229999999567,9.98549801064458,8.7125,11.7875,1,1,1,1,571,80,80,571.0,80.0,571.0,571,80,19.984206835157238,11870.147897166282
4492,0,715,0,0,363242,363806,1406.181665,1408.185758,2.0040930000000117,10.04766331027086,8.7125,11.7875,1,1,1,1,564,80,80,564.0,81.0,564.0,564,81,20.136451706470325,11889.16881601795
4492,0,716,0,0,363806,364000,1408.185758,1408.786448,0.600689999999986,9.950640211709247,8.7125,11.7875,1,1,1,1,194,24,24,194.0,24.0,194.0,194,24,5.977250068772264,11798.09885298601
4492,0,717,0,0,364000,364576,1408.786448,1410.788716,2.002267999999958,9.934663592996635,8.7125,11.7875,1,1,1,1,576,80,80,577.0,80.0,576.0,576,80,19.891859003022546,11907.496898517331
4492,0,718,0,0,364576,365157,1410.788716,1412.790993,2.002277000000049,9.972505185986078,8.7125,11.7875,1,1,1,1,581,80,80,581.0,80.0,581.0,581,80,19.967717766281567,11648.238480489676
4492,0,719,0,0,365157,365738,1412.790993,1414.793269,2.002275999999938,10.00857406286889,8.7125,11.7875,1,1,1,1,581,80,80,581.0,80.0,581.0,581,80,20.039927640304086,11868.99308586865
4492,0,720,0,0,365738,366322,1414.793269,1416.795547,2.002277999999933,10.020585575744988,8.7125,11.7875,1,1,1,1,584,80,80,584.0,80.0,584.0,584,80,20.063998045430708,11924.418087798398
4492,0,721,0,0,366322,366903,1416.795547,1418.797823,2.0022760000001654,9.994106833753834,8.7125,11.7875,1,1,1,1,581,80,80,581.0,80.0,581.0,581,80,20.010960254663587,11702.182915840805
4492,0,722,0,0,366903,367385,1418.797823,1420.8001,2.002276999999822,7.42065377401903,8.7125,11.7875,1,0,0,1,482,80,80,482.0,80.0,482.0,482,80,14.858204376680078,8798.982358585534
4492,0,723,0,0,367385,367465,1420.8001,1422.802375,2.002275000000054,0.9401197210903457,8.7125,11.7875,1,0,0,0,80,80,80,80.0,80.0,80.0,80,80,1.8823782145464065,440.99836436052794
4492,0,724,0,0,367465,367545,1422.802375,1424.804652,2.002277000000049,0.938922045014575,8.7125,11.7875,1,0,0,0,80,80,80,80.0,80.0,80.0,80,80,1.8799820155254565,447.49053202927365
4492,0,725,0,0,367545,367625,1424.804652,1426.80693,2.002277999999933,0.9390257524709199,8.7125,11.7875,1,0,0,0,80,80,80,80.0,80.0,80.0,80,80,1.8801906056050939,434.00566754468116
4492,0,726,0,0,367625,367705,1426.80693,1428.809205,2.002275000000054,0.938818710628175,8.7125,11.7875,1,0,0,0,80,80,80,80.0,80.0,80.0,80,80,1.8797732338225615,461.4750721054675
4492,0,727,0,0,367705,367785,1428.809205,1430.811482,2.002277000000049,0.937933278050969,8.7125,11.7875,1,0,0,0,80,80,80,80.0,80.0,80.0,80,80,1.8780022301762074,437.0024726848376
4492,0,728,0,0,367785,367865,1430.811482,1432.813759,2.002276999999822,0.9380893991505705,8.7125,11.7875,1,0,0,0,80,80,80,80.0,80.0,80.0,80,80,1.8783148278635053,425.0161191483874
4492,0,729,0,0,367865,367945,1432.813759,1434.816036,2.002277000000049,0.9372047129198908,8.7125,11.7875,1,0,0,0,80,80,80,80.0,80.0,80.0,80,80,1.8765434409706359,410.5326086250703
4492,0,730,0,0,367945,368026,1434.816036,1436.818315,2.002279000000044,0.9373080488152347,8.7125,11.7875,1,0,0,0,81,80,80,81.0,80.0,81.0,81,80,1.876752222673531,431.0088653978696
4492,0,731,0,0,368026,368106,1436.818315,1438.820589,2.002273999999943,0.935904818911343,8.7125,11.7875,1,0,0,0,80,80,80,80.0,80.0,80.0,80,80,1.8739378853806556,417.0258416180921
4492,0,732,0,0,368106,368186,1438.820589,1440.822866,2.002277000000049,0.9377251165849467,8.7125,11.7875,1,0,0,0,80,80,80,80.0,80.0,80.0,80,80,1.87758543325981,419.02294238008994
4492,0,733,0,0,368186,368266,1440.822866,1442.825143,2.002277000000049,0.9369965514538683,8.7125,11.7875,1,0,0,0,80,80,80,80.0,80.0,80.0,80,80,1.8761266440560576,436.5030412874835
4492,0,734,0,0,368266,368346,1442.825143,1444.827419,2.002275999999938,0.9372050852873435,8.7125,11.7875,1,0,0,0,80,80,80,80.0,80.0,80.0,80,80,1.8765432493491971,418.02428835985944
4492,0,735,0,0,368346,368442,1444.827419,1446.829695,2.002275999999938,1.1443258474221953,8.7125,11.7875,1,0,0,0,96,80,80,96.0,80.0,96.0,96,80,2.291256180473283,818.5684690822098
4492,0,736,0,0,368442,368610,1446.829695,1448.831972,2.002277000000049,1.8597763303309034,8.7125,11.7875,1,0,0,0,168,80,80,168.0,80.0,168.0,168,80,3.723787371365688,2395.272981710264
4492,0,737,0,0,368610,368788,1448.831972,1450.833662,2.0016900000000533,1.9733823986148131,8.7125,11.7875,1,0,0,0,178,80,80,178.0,79.0,178.0,178,79,3.950099813482666,2434.942473609735
4492,0,738,0,0,368788,369008,1450.833662,1452.835693,2.002030999999988,2.766896115140344,8.7125,11.7875,1,0,0,1,220,80,80,220.0,80.0,220.0,220,80,5.539411796289642,3461.484862122535
4492,0,739,0,0,369008,369247,1452.835693,1454.837386,2.001692999999932,3.533692767157533,8.7125,11.7875,1,0,0,1,239,80,80,239.0,80.0,239.0,239,80,7.073368076169572,4382.78996829199
4492,0,740,0,0,369247,369678,1454.837386,1456.840373,2.0029870000000756,6.831440106189277,8.7125,11.7875,1,0,0,1,431,80,80,431.0,80.0,431.0,431,80,13.683285723976951,8299.604540618273
4492,0,741,0,0,369678,370219,1456.840373,1458.841115,2.0007419999999456,8.156574022426872,8.7125,11.7875,1,0,0,1,541,80,80,542.0,80.0,541.0,541,80,16.319200222778818,9766.876488822913
4492,0,742,0,0,370219,370787,1458.841115,1460.84563,2.004515000000083,9.712070160775976,8.7125,11.7875,1,1,0,1,568,80,80,568.0,81.0,568.0,568,81,19.467990318327793,11498.542041341194
4492,0,743,0,0,370787,371336,1460.84563,1462.847909,2.002279000000044,9.811638804040852,8.7125,11.7875,1,1,1,1,549,80,80,549.0,80.0,549.0,549,80,19.64563833291686,11783.073188101898
4492,0,744,0,0,371336,371873,1462.847909,1464.848599,2.0006899999998495,9.66449261833956,8.7125,11.7875,1,1,1,1,537,80,80,537.0,79.0,537.0,537,79,19.33565373658348,11378.574391835673
4492,0,745,0,0,371873,372431,1464.848599,1466.849433,2.000834000000168,9.819627926730279,8.7125,11.7875,1,1,1,1,558,80,80,558.0,80.0,558.0,558,80,19.64744542315384,11770.091871688517
4492,0,746,0,0,372431,372998,1466.849433,1468.85457,2.005136999999877,9.833887587781808,8.7125,11.7875,1,1,1,1,567,80,80,567.0,80.0,567.0,567,80,19.718291856101132,11451.087880778923
4492,0,747,0,0,372998,373582,1468.85457,1470.857014,2.0024439999999686,9.981940576274589,8.7125,11.7875,1,1,1,1,584,80,80,584.0,81.0,584.0,584,81,19.98827701531809,11776.109594076224
4492,0,748,0,0,373582,374140,1470.857014,1472.859291,2.002277000000049,10.052126946739625,8.7125,11.7875,1,1,1,1,558,80,80,558.0,80.0,558.0,558,80,20.127142586537957,12033.300087849688
4492,0,749,0,0,374140,374730,1472.859291,1474.861567,2.002275999999938,9.985155886245604,8.7125,11.7875,1,1,1,1,590,80,80,590.0,80.0,590.0,590,80,19.993037987287607,12102.227664917698
4492,0,750,0,0,374730,375305,1474.861567,1476.861928,2.0003610000001117,9.952703061896198,8.7125,11.7875,1,1,1,1,575,80,80,575.0,79.0,575.0,575,79,19.908999049599515,11795.870845311762
4492,0,751,0,0,375305,375912,1476.861928,1478.862423,2.000495000000001,10.111851297474914,8.7125,11.7875,1,1,1,1,607,80,80,607.0,80.0,607.0,607,80,20.22870796134157,12305.954276316606
4492,0,752,0,0,375912,376502,1478.862423,1480.862468,2.000045,10.033799599256854,8.7125,11.7875,1,1,1,1,590,80,80,590.0,80.0,590.0,590,80,20.06805071949566,11831.733785989814
4492,0,753,0,0,376502,377000,1480.862468,1482.552788,1.6903199999999288,9.995345092149416,8.7125,11.7875,1,1,1,1,498,68,68,498.0,68.0,498.0,498,68,16.89533171616131,11885.915093000644
4492,0,754,0,0,377000,377631,1482.552788,1484.556498,2.0037099999999555,10.05422753078151,8.7125,11.7875,1,1,1,1,631,80,80,631.0,80.0,631.0,631,80,20.145756245701705,11988.261774408738
4492,0,755,0,0,377631,378216,1484.556498,1486.558592,2.00209400000017,10.012068727280214,8.7125,11.7875,1,1,1,1,585,80,80,585.0,80.0,585.0,585,80,20.045102726477126,11831.112824871354
4492,0,756,0,0,378216,378784,1486.558592,1488.558733,2.000140999999985,9.882040593360289,8.7125,11.7875,1,1,1,1,568,80,80,568.0,80.0,568.0,568,80,19.765474554444154,11448.192902400466
4492,0,757,0,0,378784,379382,1488.558733,1490.559878,2.0011449999999513,10.313575818315242,8.7125,11.7875,1,1,1,1,598,80,80,598.0,80.0,598.0,598,80,20.638960680942546,12397.40248707645
4492,0,758,0,0,379382,380001,1490.559878,1492.574873,2.014994999999999,10.477016755114441,8.7125,11.7875,1,1,1,1,619,80,80,619.0,80.0,619.0,619,80,21.111136376472132,12509.708460815045
4492,0,759,0,0,380001,380619,1492.574873,1494.583992,2.009119000000055,10.214382500637333,8.7125,11.7875,1,1,1,1,618,80,80,618.0,81.0,618.0,618,81,20.521909955297815,11935.579724246967
4492,0,760,0,0,380619,381201,1494.583992,1496.58627,2.002277999999933,10.367486485618032,8.7125,11.7875,1,1,1,1,582,80,80,582.0,80.0,582.0,582,80,20.758590105449912,12259.036956906495
4492,0,761,0,0,381201,381793,1496.58627,1498.588076,2.0018059999999878,10.347711410677704,8.7125,11.7875,1,1,1,1,592,80,80,592.0,79.0,592.0,592,79,20.714110788163453,12401.301624633032
4492,0,762,0,0,381793,382435,1498.588076,1500.590822,2.0027459999998882,10.304703881542032,8.7125,11.7875,1,1,1,1,642,80,80,642.0,81.0,642.0,642,81,20.63770447994102,12362.52625145744
4492,0,763,0,0,382435,383048,1500.590822,1502.5931,2.0022780000001603,10.277820978909528,8.7125,11.7875,1,1,1,1,613,80,80,613.0,80.0,613.0,613,80,20.579054834010094,12272.022166751087
4492,0,764,0,0,383048,383650,1502.5931,1504.593514,2.0004139999998642,10.325296306782825,8.7125,11.7875,1,1,1,1,602,80,80,602.0,79.0,602.0,602,79,20.654867286235458,12392.434766004279
4492,0,765,0,0,383650,384215,1504.593514,1506.597652,2.0041380000000117,10.426567984242647,8.7125,11.7875,1,1,1,1,565,80,80,565.0,81.0,565.0,565,81,20.896281106804963,12579.473070217646
4492,0,766,0,0,384215,384841,1506.597652,1508.598523,2.000870999999961,10.384328399651318,8.7125,11.7875,1,1,1,1,626,80,80,626.0,79.0,626.0,626,79,20.777701549337507,12421.590397382182
4492,0,767,0,0,384841,385433,1508.598523,1510.600633,2.0021100000001297,10.302139489685699,8.7125,11.7875,1,1,1,1,592,80,80,593.0,80.0,592.0,592,80,20.626016493695715,11984.855976943547
4492,0,768,0,0,385433,386049,1510.600633,1512.604482,2.0038489999999456,10.317701066375768,8.7125,11.7875,1,1,1,1,616,80,80,616.0,81.0,616.0,616,81,20.675114964155,12120.174723744483
4492,0,769,0,0,386049,386627,1512.604482,1514.605291,2.0008090000001175,10.183568969285586,8.7125,11.7875,1,1,1,1,578,80,80,578.0,79.0,578.0,578,79,20.375376445868824,11877.195674349028
4492,0,770,0,0,386627,387246,1514.605291,1516.609035,2.0037439999998696,9.962952209357187,8.7125,11.7875,1,1,1,1,619,80,80,619.0,81.0,619.0,619,81,19.963205711785122,12010.017247713064
4492,0,771,0,0,387246,387824,1516.609035,1518.610858,2.0018230000000585,10.03895580089421,8.7125,11.7875,1,1,1,1,578,80,80,578.0,79.0,578.0,578,79,20.09621261821485,11961.097459665165
4492,0,772,0,0,387824,388425,1518.610858,1520.611373,2.0005149999999503,10.113366792994261,8.7125,11.7875,1,1,1,1,601,80,80,601.0,80.0,601.0,601,80,20.231941969886975,12009.40757754908
4492,0,773,0,0,388425,388997,1520.611373,1522.615124,2.0037509999999656,9.943417292016225,8.7125,11.7875,1,1,1,1,572,80,80,572.0,80.0,572.0,572,80,19.924132342293888,11792.882448967164
4492,0,774,0,0,388997,389615,1522.615124,1524.618143,2.0030189999999948,9.951142756521508,8.7125,11.7875,1,1,1,1,618,80,80,618.0,81.0,618.0,618,81,19.932328013024744,11846.617530837231
4492,0,775,0,0,389615,390000,1524.618143,1526.069799,1.4516560000001846,9.959672022628219,8.7125,11.7875,1,1,1,1,385,58,58,385.0,58.0,385.0,385,58,14.458017649682006,11792.049907139035
4492,0,776,0,0,390000,390578,1526.069799,1528.072069,2.002269999999953,9.933873252774656,8.7125,11.7875,1,1,1,1,578,80,80,578.0,80.0,578.0,578,80,19.89029639783257,11615.31661564152
4492,0,777,0,0,390578,391152,1528.072069,1530.073021,2.00095199999987,9.965494557757756,8.7125,11.7875,1,1,1,1,574,80,80,574.0,79.0,574.0,574,79,19.940476266332553,11826.370647572523
4492,0,778,0,0,391152,391693,1530.073021,1532.076616,2.003595000000132,9.938819935477099,8.7125,11.7875,1,1,1,1,541,80,80,542.0,81.0,542.0,541,80,19.91336992862307,11974.475879605618
4492,0,779,0,0,391693,392289,1532.076616,1534.078899,2.002283000000034,9.963785161630248,8.7125,11.7875,1,1,1,1,596,80,80,595.0,80.0,595.0,596,81,19.950317644785173,11886.931068185464
4492,0,780,0,0,392289,392902,1534.078899,1536.081177,2.002277999999933,9.980774715251007,8.7125,11.7875,1,1,1,1,613,80,80,613.0,80.0,613.0,613,80,19.984285635302513,11899.945961550193
4492,0,781,0,0,392902,393487,1536.081177,1538.081359,2.0001819999999952,9.903617615123398,8.7125,11.7875,1,1,1,1,585,80,80,585.0,79.0,585.0,585,79,19.809037688652097,11860.920656220313
4492,0,782,0,0,393487,394110,1538.081359,1540.084286,2.0029269999999997,9.990608646975172,8.7125,11.7875,1,1,1,1,623,80,80,623.0,80.0,623.0,623,80,20.010459805460414,11950.51042798864
4492,0,783,0,0,394110,394701,1540.084286,1542.085768,2.0014819999998963,9.987895697328801,8.7125,11.7875,1,1,1,1,591,80,80,591.0,80.0,591.0,591,80,19.990593456079296,11746.29599466856
4492,0,784,0,0,394701,395292,1542.085768,1544.085917,2.0001490000001922,9.994841192968298,8.7125,11.7875,1,1,1,1,591,80,80,591.0,80.0,591.0,591,80,19.99117161727554,11698.128489426414
4492,0,785,0,0,395292,395877,1544.085917,1546.087968,2.0020509999999376,9.933689826601514,8.7125,11.7875,1,1,1,1,585,80,80,585.0,80.0,585.0,585,80,19.8877536510372,11655.047748534242
4492,0,786,0,0,395877,396474,1546.087968,1548.088099,2.0001310000000103,9.952106337983025,8.7125,11.7875,1,1,1,1,597,80,80,597.0,80.0,597.0,597,80,19.90551640189733,11626.738448631555
4492,0,787,0,0,396474,397061,1548.088099,1550.088265,2.0001660000000356,10.11832790171823,8.7125,11.7875,1,1,1,1,587,80,80,587.0,80.0,587.0,587,80,20.23833544586887,11744.02524590438
4492,0,788,0,0,397061,397645,1550.088265,1552.092111,2.0038459999998395,10.16894531582441,8.7125,11.7875,1,1,1,1,584,80,80,585.0,80.0,584.0,584,80,20.37700039533229,11828.753307390836
4492,0,789,0,0,397645,398226,1552.092111,1554.100567,2.0084560000000238,10.063502910340997,8.7125,11.7875,1,1,1,1,581,80,80,581.0,80.0,581.0,581,80,20.21210280129162,12023.166053923867
4492,0,790,0,0,398226,398801,1554.100567,1556.101876,2.001308999999992,10.024928069334313,8.7125,11.7875,1,1,1,1,575,80,80,575.0,80.0,575.0,575,80,20.062978769510664,11625.890854435818
4492,0,791,0,0,398801,399419,1556.101876,1558.103468,2.0015920000000733,10.0040159472048,8.7125,11.7875,1,1,1,1,618,80,80,619.0,80.0,618.0,618,80,20.02395828779845,11928.005307774574
4492,0,792,0,0,399419,399971,1558.103468,1560.105373,2.001905000000079,10.03209823985743,8.7125,11.7875,1,1,1,1,552,80,80,552.0,80.0,552.0,552,80,20.083307626862734,11632.420119835399
4492,0,793,0,0,399971,400561,1560.105373,1562.110772,2.0053989999998976,10.001495739837557,8.7125,11.7875,1,1,1,1,590,80,80,590.0,81.0,590.0,590,81,20.05698955517437,11881.924744153765
4492,0,794,0,0,400561,401079,1562.110772,1564.112809,2.002036999999973,10.120813450042476,8.7125,11.7875,1,1,1,1,518,80,80,519.0,79.0,518.0,518,79,20.262242997081557,12035.242105915288
4492,0,795,0,0,401079,401666,1564.112809,1566.115325,2.002516000000014,10.007917850326818,8.7125,11.7875,1,1,1,1,587,80,80,588.0,81.0,587.0,587,81,20.041015621965926,11796.65980196904
4492,0,796,0,0,401666,402281,1566.115325,1568.117602,2.002277000000049,9.927490268958747,8.7125,11.7875,1,1,1,1,615,80,80,615.0,80.0,615.0,615,80,19.87758543325981,12178.135193082377
4492,0,797,0,0,402281,402885,1568.117602,1570.118981,2.0013790000000427,10.106948940324692,8.7125,11.7875,1,1,1,1,604,80,80,604.0,79.0,604.0,604,79,20.227835363239137,12015.715164393894
4492,0,798,0,0,402885,403000,1570.118981,1570.50705,0.38806899999985944,9.844716236719723,8.7125,11.7875,1,1,1,1,115,16,16,115.0,16.0,115.0,115,16,3.8204291852653114,11639.682633762646
4492,0,799,0,0,403000,403602,1570.50705,1572.512314,2.0052640000001247,10.04175185840472,8.7125,11.7875,1,1,1,1,602,80,80,603.0,80.0,602.0,602,80,20.13636349859371,11782.987177747435
4492,0,800,0,0,403602,404189,1572.512314,1574.513859,2.001544999999851,10.056149580842158,8.7125,11.7875,1,1,1,1,587,80,80,587.0,80.0,587.0,587,80,20.127835912784576,11951.767259792701
4492,0,801,0,0,404189,404775,1574.513859,1576.517111,2.0032520000002023,10.064804807022254,8.7125,11.7875,1,1,1,1,586,80,80,586.0,80.0,586.0,586,80,20.16234035927846,12087.345975442708
4492,0,802,0,0,404775,405345,1576.517111,1578.52304,2.0059289999999237,10.046122377277644,8.7125,11.7875,1,1,1,1,570,80,80,570.0,80.0,570.0,570,80,20.151808214130142,11736.208011350798
4492,0,803,0,0,405345,405920,1578.52304,1580.529882,2.006842000000006,10.06744436390119,8.7125,11.7875,1,1,1,1,575,80,80,575.0,80.0,575.0,575,80,20.203770182140943,12405.560577265138
4492,0,804,0,0,405920,406536,1580.529882,1582.533994,2.00411199999985,10.095143206449809,8.7125,11.7875,1,1,1,1,616,80,80,616.0,81.0,616.0,616,81,20.231797641763478,12121.079061450566
4492,0,805,0,0,406536,407117,1582.533994,1584.534349,2.000355000000127,9.979350518205186,8.7125,11.7875,1,1,1,1,581,80,80,581.0,79.0,581.0,581,79,19.96224370584605,12037.363368001415
4492,0,806,0,0,407117,407738,1584.534349,1586.536627,2.002277999999933,10.048010835196399,8.7125,11.7875,1,1,1,1,621,80,80,621.0,80.0,621.0,621,80,20.1189110390751,11949.889076342446
4492,0,807,0,0,407738,408314,1586.536627,1588.536921,2.00029399999994,9.977409045888784,8.7125,11.7875,1,1,1,1,576,80,80,576.0,80.0,576.0,576,80,19.957751450036085,11748.772930379588
4492,0,808,0,0,408314,408925,1588.536921,1590.537403,2.0004820000001473,9.913776581551998,8.7125,11.7875,1,1,1,1,611,80,80,611.0,80.0,611.0,611,80,19.832331603418424,11959.117852596642
4492,0,809,0,0,408925,409521,1590.537403,1592.543133,2.0057299999998577,10.081335659903798,8.7125,11.7875,1,1,1,1,596,80,80,596.0,80.0,596.0,596,80,20.22043737313652,11999.122513998249
4492,0,810,0,0,409521,410115,1592.543133,1594.544182,2.0010490000001937,10.145399229454652,8.7125,11.7875,1,1,1,1,594,80,80,594.0,80.0,594.0,594,80,20.301440982702843,12015.697766520296
4492,0,811,0,0,410115,410705,1594.544182,1596.549929,2.0057469999999284,10.004728994489868,8.7125,11.7875,1,1,1,1,590,80,80,590.0,81.0,590.0,590,81,20.066955166510525,11840.974958457296
4492,0,812,0,0,410705,411286,1596.549929,1598.552207,2.002277999999933,10.038383372201121,8.7125,11.7875,1,1,1,1,581,80,80,581.0,80.0,581.0,581,80,20.09963418172265,11845.008535278715
4492,0,813,0,0,411286,411868,1598.552207,1600.554206,2.001999000000069,10.097632547090972,8.7125,11.7875,1,1,1,1,582,80,80,582.0,79.0,582.0,582,79,20.215450261644946,11896.609338965294
4492,0,814,0,0,411868,412459,1600.554206,1602.55676,2.0025539999999182,9.994931419228042,8.7125,11.7875,1,1,1,1,591,80,80,592.0,81.0,591.0,591,81,20.01538989330038,11980.201282962147
4492,0,815,0,0,412459,413033,1602.55676,1604.559036,2.0022760000001654,9.937955250250448,8.7125,11.7875,1,1,1,1,574,80,80,574.0,80.0,574.0,574,80,19.898529286652774,11808.06242495942
4492,0,816,0,0,413033,413646,1604.559036,1606.561313,2.002276999999822,10.001855952696344,8.7125,11.7875,1,1,1,1,613,80,80,613.0,80.0,613.0,613,80,20.02648613139536,12082.24436479176
4492,0,817,0,0,413646,414254,1606.561313,1608.56359,2.002277000000049,9.975523527243404,8.7125,11.7875,1,1,1,1,608,80,80,608.0,80.0,608.0,608,80,19.973761321558413,12103.719914876616
4492,0,818,0,0,414254,414821,1608.56359,1610.565867,2.002277000000049,10.119311059898335,8.7125,11.7875,1,1,1,1,567,80,80,567.0,80.0,567.0,567,80,20.261663791081446,12004.33306680315
4492,0,819,0,0,414821,415405,1610.565867,1612.568143,2.002275999999938,10.176404328669117,8.7125,11.7875,1,1,1,1,584,80,80,584.0,80.0,584.0,584,80,20.37597015358915,12084.74755728019
4492,0,820,0,0,415405,416000,1612.568143,1614.553638,1.9854950000001281,9.986164645807692,8.7125,11.7875,1,1,1,1,595,80,80,595.0,79.0,595.0,595,79,19.827479973429945,11760.291514206026
4492,0,821,0,0,416000,416618,1614.553638,1616.55882,2.005181999999877,9.948669683211719,8.7125,11.7875,1,1,1,1,618,80,80,619.0,80.0,618.0,618,80,19.948893372720704,12185.92626504801
4492,0,822,0,0,416618,417218,1616.55882,1618.560344,2.0015240000000176,9.968115592990056,8.7125,11.7875,1,1,1,1,600,80,80,600.0,80.0,600.0,600,80,19.951422594143878,11999.856109644345
4492,0,823,0,0,417218,417833,1618.560344,1620.562611,2.0022670000000744,9.966829566124176,8.7125,11.7875,1,1,1,1,615,80,80,615.0,80.0,615.0,615,80,19.95625393487535,11984.415664843455
4492,0,824,0,0,417833,418426,1620.562611,1622.579531,2.0169200000000274,10.05250482863487,8.7125,11.7875,1,1,1,1,593,80,80,593.0,81.0,593.0,593,81,20.2750980389701,11882.474267695137
4492,0,825,0,0,418426,418975,1622.579531,1624.581808,2.002276999999822,9.98702444824225,8.7125,11.7875,1,1,1,1,549,80,80,549.0,80.0,549.0,549,80,19.996789351151165,12016.818851738366
4492,0,826,0,0,418975,419568,1624.581808,1626.584084,2.0022760000001654,9.961893830798696,8.7125,11.7875,1,1,1,1,593,80,80,593.0,80.0,593.0,593,80,19.946460931958427,11655.23634104293
4492,0,827,0,0,419568,420177,1626.584084,1628.586363,2.0022789999998167,10.102960484749856,8.7125,11.7875,1,1,1,1,609,80,80,609.0,80.0,609.0,609,80,20.228945616441706,12268.520021436698
4492,0,828,0,0,420177,420747,1628.586363,1630.586368,2.000005000000101,10.139289499905372,8.7125,11.7875,1,1,1,1,570,80,80,570.0,79.0,570.0,570,79,20.278629696258577,12109.969725075076
4492,0,829,0,0,420747,421376,1630.586368,1632.590916,2.0045480000001135,9.981125145654966,8.7125,11.7875,1,1,1,1,629,80,80,629.0,81.0,629.0,629,81,20.007644448473002,11960.302272631357
4492,0,830,0,0,421376,421974,1632.590916,1634.593192,2.002275999999938,10.081898975896028,8.7125,11.7875,1,1,1,1,598,80,80,599.0,80.0,599.0,598,80,20.186744353861286,11975.871458280848
4492,0,831,0,0,421974,422558,1634.593192,1636.595469,2.002277000000049,10.14023128723358,8.7125,11.7875,1,1,1,1,584,80,80,584.0,80.0,583.0,584,80,20.303551881108433,11988.850693485172
4492,0,832,0,0,422558,423129,1636.595469,1638.595931,2.0004619999999704,9.956377247742651,8.7125,11.7875,1,1,1,1,571,80,80,571.0,79.0,571.0,571,79,19.917354341772807,11832.266746381762
4492,0,833,0,0,423129,423689,1638.595931,1640.597024,2.0010929999998552,10.021719651363686,8.7125,11.7875,1,1,1,1,560,80,80,560.0,80.0,560.0,560,80,20.054393042304582,11871.012491674159
4492,0,834,0,0,423689,424281,1640.597024,1642.598922,2.001897999999983,10.01552862907039,8.7125,11.7875,1,1,1,1,592,80,80,592.0,80.0,592.0,592,80,20.05006673147909,12156.463516123304
4492,0,835,0,0,424281,424830,1642.598922,1644.600608,2.0016860000000634,10.03676670984168,8.7125,11.7875,1,1,1,1,549,80,80,549.0,80.0,549.0,549,80,20.09045540835723,11848.51170463262
4492,0,836,0,0,424830,425447,1644.600608,1646.601015,2.0004069999999956,10.075408676580873,8.7125,11.7875,1,1,1,1,617,80,80,617.0,80.0,617.0,617,80,20.15491804449266,11927.072840676949
4492,0,837,0,0,425447,426031,1646.601015,1648.601659,2.0006439999999657,10.035123609235194,8.7125,11.7875,1,1,1,1,584,80,80,584.0,80.0,584.0,584,80,20.07670983807475,11957.149797765325
4492,0,838,0,0,426031,426628,1648.601659,1650.604027,2.0023680000001605,10.080559915173636,8.7125,11.7875,1,1,1,1,597,80,80,597.0,80.0,597.0,597,80,20.18499059622809,11951.34960207019
4492,0,839,0,0,426628,427200,1650.604027,1652.604357,2.000329999999849,10.024010666249563,8.7125,11.7875,1,1,1,1,572,80,80,572.0,80.0,572.0,572,80,20.051329256017198,11940.529812581826
4492,0,840,0,0,427200,427758,1652.604357,1654.6103,2.0059430000001157,10.102102534744235,8.7125,11.7875,1,1,1,1,558,80,80,558.0,80.0,558.0,558,80,20.26424186485383,12155.380287475065
4492,0,841,0,0,427758,428322,1654.6103,1656.616136,2.005836000000045,10.171618186766823,8.7125,11.7875,1,1,1,1,564,80,80,564.0,80.0,564.0,564,80,20.40259793727273,12191.42542062235
4492,0,842,0,0,428322,428907,1656.616136,1658.620512,2.0043759999998656,10.017159638415048,8.7125,11.7875,1,1,1,1,585,80,80,585.0,81.0,585.0,585,81,20.07815436740566,12012.217268617072
4492,0,843,0,0,428907,429000,1658.620512,1658.895832,0.27531999999996515,9.915546502248993,8.7125,11.7875,1,1,1,1,93,11,11,93.0,11.0,93.0,93,11,2.7299482629987324,12167.659450822403
4492,0,844,0,0,429000,429574,1658.895832,1660.898101,2.0022690000000694,10.005433908222342,8.7125,11.7875,1,1,1,1,574,80,80,574.0,80.0,574.0,574,80,20.033570145982594,12078.297171858108
4492,0,845,0,0,429574,430194,1660.898101,1662.900378,2.002277000000049,10.166095349386856,8.7125,11.7875,1,1,1,1,620,80,80,621.0,80.0,620.0,620,80,20.355338897885304,12219.587999062767
4492,0,846,0,0,430194,430792,1662.900378,1664.902654,2.002275999999938,10.41261567020934,8.7125,11.7875,1,1,1,1,598,80,80,598.0,80.0,598.0,598,80,20.84893045368335,12333.464517379605
4492,0,847,0,0,430792,431408,1664.902654,1666.904718,2.0020640000000185,10.368313951060035,8.7125,11.7875,1,1,1,1,616,80,80,616.0,79.0,616.0,616,79,20.758028102114622,12527.571546164243
4492,0,848,0,0,431408,431990,1666.904718,1668.907209,2.0024909999999636,10.468236217803208,8.7125,11.7875,1,1,1,1,582,80,80,582.0,81.0,582.0,582,81,20.96254881202549,12271.715578247517
4492,0,849,0,0,431990,432608,1668.907209,1670.907648,2.000439000000142,10.479090238826993,8.7125,11.7875,1,1,1,1,618,80,80,618.0,79.0,618.0,618,79,20.962780798270614,12677.2173507906
4492,0,850,0,0,432608,433193,1670.907648,1672.91176,2.00411199999985,10.563649583263881,8.7125,11.7875,1,1,1,1,585,80,80,586.0,81.0,585.0,585,81,21.17073689361314,12331.646135546242
4492,0,851,0,0,433193,433816,1672.91176,1674.912513,2.0007530000000315,10.361128980077947,8.7125,11.7875,1,1,1,1,623,80,80,623.0,79.0,623.0,623,79,20.730059890278426,12304.86721749242
4492,0,852,0,0,433816,434409,1674.912513,1676.913081,2.00056799999993,10.454988715475665,8.7125,11.7875,1,1,1,1,593,80,80,593.0,80.0,593.0,593,80,20.915915864541603,12320.00111968244
4492,0,853,0,0,434409,434989,1676.913081,1678.916099,2.003018000000111,10.12838356637399,8.7125,11.7875,1,1,1,1,580,80,80,580.0,80.0,580.0,580,80,20.287334594351705,12033.84093402988
4492,0,854,0,0,434989,435585,1678.916099,1680.917374,2.001275000000078,10.11381631232037,8.7125,11.7875,1,1,1,1,596,80,80,596.0,80.0,596.0,596,80,20.240527740439575,12214.713120385279
4492,0,855,0,0,435585,436181,1680.917374,1682.919727,2.0023529999998573,10.073140466705105,8.7125,11.7875,1,1,1,1,596,80,80,596.0,80.0,596.0,596,80,20.16998303292712,12008.372150166186
4492,0,856,0,0,436181,436736,1682.919727,1684.920403,2.0006760000001123,10.133921986842621,8.7125,11.7875,1,1,1,1,555,80,80,555.0,80.0,555.0,555,80,20.274694504949366,12325.833868151873
4492,0,857,0,0,436736,437342,1684.920403,1686.922841,2.0024379999999837,10.073241375322903,8.7125,11.7875,1,1,1,1,606,80,80,606.0,80.0,606.0,606,80,20.17104131311862,12220.60308483968
4492,0,858,0,0,437342,437968,1686.922841,1688.929974,2.0071329999998397,10.080756245485425,8.7125,11.7875,1,1,1,1,626,80,80,627.0,81.0,626.0,626,81,20.233418525267552,12419.20689859715
4492,0,859,0,0,437968,438572,1688.929974,1690.93225,2.0022760000001654,10.119680300847138,8.7125,11.7875,1,1,1,1,604,80,80,604.0,80.0,604.0,604,80,20.262392994060065,12111.716866205257
4492,0,860,0,0,438572,439195,1690.93225,1692.934527,2.002276999999822,10.154334226557724,8.7125,11.7875,1,1,1,1,623,80,80,623.0,80.0,623.0,623,80,20.331789872147056,12194.616429196447
4492,0,861,0,0,439195,439815,1692.934527,1694.936334,2.001807000000099,10.172757599191662,8.7125,11.7875,1,1,1,1,620,80,80,620.0,79.0,620.0,620,79,20.363897371365965,12282.402849025299
4492,0,862,0,0,439815,440365,1694.936334,1696.936458,2.0001239999999143,10.179020252000404,8.7125,11.7875,1,1,1,1,550,80,80,550.0,80.0,550.0,550,80,20.35930270251083,12151.246622709912
4492,0,863,0,0,440365,440971,1696.936458,1698.93654,2.0000820000000203,10.099051959396812,8.7125,11.7875,1,1,1,1,606,80,80,606.0,80.0,606.0,606,80,20.198932041053922,11971.509168123985
4492,0,864,0,0,440971,441566,1698.93654,1700.943634,2.007094000000052,10.059611143726421,8.7125,11.7875,1,1,1,1,595,80,80,595.0,81.0,595.0,595,81,20.190585168906182,12044.77717535869
4492,0,865,0,0,441566,442000,1700.943634,1702.324693,1.3810590000000502,10.073376608342407,8.7125,11.7875,1,1,1,1,434,56,56,434.0,55.0,434.0,434,55,13.911927425340764,11954.594264256197
4492,0,866,0,0,442000,442558,1702.324693,1704.327566,2.0028729999999086,10.03431361549398,8.7125,11.7875,1,1,1,1,558,80,80,558.0,80.0,558.0,558,80,20.097455814004206,11961.816850095385
4492,0,867,0,0,442558,443168,1704.327566,1706.331781,2.0042150000001584,9.98295963014668,8.7125,11.7875,1,1,1,1,610,80,80,610.0,80.0,610.0,610,80,20.00799743513562,12139.416180398848
4492,0,868,0,0,443168,443776,1706.331781,1708.337521,2.0057399999998324,10.077753717728104,8.7125,11.7875,1,1,1,1,608,80,80,608.0,80.0,608.0,608,80,20.21335374179398,12029.973974693638
4492,0,869,0,0,443776,444380,1708.337521,1710.337679,2.000158000000056,10.048090777362647,8.7125,11.7875,1,1,1,1,604,80,80,604.0,80.0,604.0,604,80,20.09776915306793,12141.040857771897
4492,0,870,0,0,444380,444958,1710.337679,1712.338816,2.0011369999999715,9.944283683322606,8.7125,11.7875,1,1,1,1,578,80,80,578.0,80.0,578.0,578,80,19.899874017193724,12006.674205714222
4492,0,871,0,0,444958,445548,1712.338816,1714.340418,2.001602000000048,10.158630993154425,8.7125,11.7875,1,1,1,1,590,80,80,590.0,80.0,590.0,590,80,20.333536113161244,12050.347671514826
4492,0,872,0,0,445548,446179,1714.340418,1716.347562,2.0071439999999257,9.996185768646491,8.7125,11.7875,1,1,1,1,631,80,80,631.0,80.0,631.0,631,80,20.06378428842436,12308.533916849472
4492,0,873,0,0,446179,446803,1716.347562,1718.350395,2.0028330000000096,10.243550336414712,8.7125,11.7875,1,1,1,1,624,80,80,624.0,80.0,624.0,624,80,20.516120650932862,12452.361230317196
4492,0,874,0,0,446803,447413,1718.350395,1720.352807,2.0024120000000494,10.208769586179539,8.7125,11.7875,1,1,1,1,610,80,80,610.0,80.0,610.0,610,80,20.442162724601076,12189.799102282346
4492,0,875,0,0,447413,447994,1720.352807,1722.35289,2.000082999999904,9.986933288283385,8.7125,11.7875,1,1,1,1,581,80,80,582.0,80.0,581.0,581,80,19.97469549202833,11764.511772761995
4492,0,876,0,0,447994,448589,1722.35289,1724.357664,2.004774000000225,10.083972663742147,8.7125,11.7875,1,1,1,1,595,80,80,596.0,80.0,595.0,595,80,20.21608621298401,12146.007480143531
4492,0,877,0,0,448589,449144,1724.357664,1726.372546,2.014881999999943,10.082647624941606,8.7125,11.7875,1,1,1,1,555,80,80,555.0,81.0,555.0,555,81,20.315345211836757,11979.361570553849
4492,0,878,0,0,449144,449728,1726.372546,1728.372863,2.0003169999999955,10.038347598731715,8.7125,11.7875,1,1,1,1,584,80,80,584.0,79.0,584.0,584,79,20.079877353651682,12129.577461972305
4492,0,879,0,0,449728,450296,1728.372863,1730.37709,2.0042269999999007,9.961377256084411,8.7125,11.7875,1,1,1,1,568,80,80,569.0,81.0,569.0,568,80,19.96486125382944,12125.373024114137
4492,0,880,0,0,450296,450868,1730.37709,1732.379377,2.002287000000024,10.069094815388478,8.7125,11.7875,1,1,1,1,572,80,80,571.0,80.0,571.0,572,81,20.16121765062053,12106.656038819465
4492,0,881,0,0,450868,451437,1732.379377,1734.381652,2.002275000000054,10.044642975778482,8.7125,11.7875,1,1,1,1,569,80,80,569.0,80.0,569.0,569,80,20.112137514326605,12038.306426439598
4492,0,882,0,0,451437,452016,1734.381652,1736.38393,2.002277999999933,10.00669080482748,8.7125,11.7875,1,1,1,1,579,80,80,579.0,80.0,579.0,579,80,20.036176851308483,12030.796922305897
4492,0,883,0,0,452016,452599,1736.38393,1738.38585,2.0019199999999273,10.245115761079793,8.7125,11.7875,1,1,1,1,583,80,80,583.0,79.0,583.0,583,79,20.509902144420266,12487.012468031144
4492,0,884,0,0,452599,453206,1738.38585,1740.388485,2.002635000000055,10.130075828128367,8.7125,11.7875,1,1,1,1,607,80,80,607.0,81.0,607.0,607,81,20.28684440606412,12131.017384595463
4492,0,885,0,0,453206,453728,1740.388485,1742.39076,2.002275000000054,10.056352069938017,8.7125,11.7875,1,1,1,1,522,80,80,522.0,80.0,522.0,522,80,20.135582340835754,11812.563209349046
4492,0,886,0,0,453728,454343,1742.39076,1744.392361,2.001600999999937,10.141196562076306,8.7125,11.7875,1,1,1,1,615,80,80,615.0,79.0,615.0,615,79,20.29862917984792,12095.81729825313
4492,0,887,0,0,454343,454980,1744.392361,1746.392845,2.0004840000001423,10.143470573233001,8.7125,11.7875,1,1,1,1,637,80,80,637.0,80.0,637.0,637,80,20.291850586225337,12190.050007897222
4492,0,888,0,0,454980,455000,1746.392845,1746.45867,0.06582499999990432,10.028219549412192,8.7125,11.7875,1,1,1,1,20,3,3,20.0,3.0,20.0,20,3,0.6601075518392463,11879.984808220837
4492,0,889,0,0,455000,455558,1746.45867,1748.466618,2.007947999999942,10.03543523601475,8.7125,11.7875,1,1,1,1,558,80,80,560.0,80.0,558.0,558,80,20.15063211128472,11943.536386400789
4492,0,890,0,0,455558,456184,1748.466618,1750.472328,2.0057100000001356,10.171829526212251,8.7125,11.7875,1,1,1,1,626,80,80,626.0,80.0,626.0,626,80,20.401740199020423,12117.404809268717
4492,0,891,0,0,456184,456774,1750.472328,1752.477229,2.004901000000018,10.050759430260717,8.7125,11.7875,1,1,1,1,590,80,80,590.0,81.0,590.0,590,81,20.150777632488825,12036.005767865736
4492,0,892,0,0,456774,457366,1752.477229,1754.479505,2.002275999999938,9.990828289027688,8.7125,11.7875,1,1,1,1,592,80,80,592.0,80.0,592.0,592,80,20.004395703241244,11893.964668207947
4492,0,893,0,0,457366,457974,1754.479505,1756.481782,2.002277000000049,10.157040325614883,8.7125,11.7875,1,1,1,1,608,80,80,608.0,80.0,608.0,608,80,20.337208232051125,12267.533413208761
4492,0,894,0,0,457974,458525,1756.481782,1758.484058,2.002275999999938,10.011696486418662,8.7125,11.7875,1,1,1,1,551,80,80,551.0,80.0,551.0,551,80,20.04617959403913,12086.745283867334
4492,0,895,0,0,458525,459116,1758.484058,1760.485547,2.0014889999999923,10.202456280833188,8.7125,11.7875,1,1,1,1,591,80,80,591.0,79.0,591.0,591,79,20.420104019069186,12333.317844864547
4492,0,896,0,0,459116,459693,1760.485547,1762.488611,2.003063999999995,10.103653988169134,8.7125,11.7875,1,1,1,1,577,80,80,577.0,81.0,577.0,577,81,20.238265572157616,12092.4743293275
4492,0,897,0,0,459693,460260,1762.488611,1764.489231,2.0006200000000263,10.209669230942987,8.7125,11.7875,1,1,1,1,567,80,80,567.0,79.0,567.0,567,79,20.425668456809944,12171.226919654748
4492,0,898,0,0,460260,460891,1764.489231,1766.493165,2.003934000000072,10.052189135467522,8.7125,11.7875,1,1,1,1,631,80,80,631.0,81.0,631.0,631,81,20.14392358299483,11898.096444293646
4492,0,899,0,0,460891,461516,1766.493165,1768.495441,2.002275999999938,10.064049121269834,8.7125,11.7875,1,1,1,1,625,80,80,625.0,80.0,625.0,625,80,20.151004018338426,12303.498618572447
4492,0,900,0,0,461516,462076,1768.495441,1770.496584,2.0011429999999564,10.22485889894337,8.7125,11.7875,1,1,1,1,560,80,80,560.0,79.0,560.0,560,79,20.46140481160728,12142.060812246065
4492,0,901,0,0,462076,462649,1770.496584,1772.499995,2.0034109999999146,10.117748495300654,8.7125,11.7875,1,1,1,1,573,80,80,573.0,81.0,573.0,573,81,20.27000863071771,11951.117369327123
4492,0,902,0,0,462649,463237,1772.499995,1774.502272,2.002277000000049,10.251077267890476,8.7125,11.7875,1,1,1,1,588,80,80,588.0,80.0,588.0,588,80,20.525496238720734,12431.84634293826
4492,0,903,0,0,463237,463834,1774.502272,1776.50407,2.001798000000008,10.135740866845422,8.7125,11.7875,1,1,1,1,597,80,80,597.0,79.0,597.0,597,79,20.289705795768896,12078.141750566192
4492,0,904,0,0,463834,464432,1776.50407,1778.505234,2.001164000000017,10.009915637663973,8.7125,11.7875,1,1,1,1,598,80,80,598.0,80.0,598.0,598,80,20.03148281713038,11884.083463424186
4492,0,905,0,0,464432,465045,1778.505234,1780.5091,2.0038660000000164,10.206129089928709,8.7125,11.7875,1,1,1,1,613,80,80,613.0,81.0,613.0,613,81,20.451715074919775,11894.008880833251
4492,0,906,0,0,465045,465636,1780.5091,1782.511378,2.002277999999933,10.173271934816022,8.7125,11.7875,1,1,1,1,591,80,80,591.0,80.0,591.0,591,80,20.369718583098802,11939.401022236074
4492,0,907,0,0,465636,466253,1782.511378,1784.513654,2.0022760000001654,10.152257586549752,8.7125,11.7875,1,1,1,1,617,80,80,617.0,80.0,617.0,617,80,20.32762171136892,12089.24244209989
4492,0,908,0,0,466253,466874,1784.513654,1786.514207,2.0005529999998544,10.10770938460575,8.7125,11.7875,1,1,1,1,621,80,80,621.0,79.0,621.0,621,79,20.22100833249897,12256.111185258169
4492,0,909,0,0,466874,467453,1786.514207,1788.518208,2.0040010000000166,10.065690294859312,8.7125,11.7875,1,1,1,1,579,80,80,579.0,81.0,579.0,579,81,20.171653416588015,11922.149739446138
4492,0,910,0,0,467453,468000,1788.518208,1790.43646,1.9182519999999386,10.090226469817116,8.7125,11.7875,1,1,1,1,547,77,77,547.0,76.0,547.0,547,76,19.35559710617963,11955.676313644262
4492,0,911,0,0,468000,468599,1790.43646,1792.437252,2.0007920000000468,10.085693284798365,8.7125,11.7875,1,1,1,1,599,80,80,601.0,80.0,599.0,599,80,20.179374438679588,12195.170712397605
4492,0,912,0,0,468599,469177,1792.437252,1794.440087,2.0028350000000046,10.00396117751808,8.7125,11.7875,1,1,1,1,578,80,80,578.0,80.0,578.0,578,80,20.036283584973717,12044.926316945703
4492,0,913,0,0,469177,469749,1794.440087,1796.447814,2.007727000000159,10.047106207884655,8.7125,11.7875,1,1,1,1,572,80,80,572.0,80.0,572.0,572,80,20.171846405439283,12019.064344902514
4492,0,914,0,0,469749,470377,1796.447814,1798.454505,2.006690999999819,10.185124620932207,8.7125,11.7875,1,1,1,1,628,80,80,628.0,81.0,628.0,628,81,20.438397910700587,12264.469218231518
4492,0,915,0,0,470377,470946,1798.454505,1800.45602,2.001515000000154,10.049841974567006,8.7125,11.7875,1,1,1,1,569,80,80,569.0,79.0,569.0,569,79,20.11490945972764,12011.40136346625
4492,0,916,0,0,470946,471496,1800.45602,1802.459059,2.0030389999999443,10.33079546460691,8.7125,11.7875,1,1,1,1,550,80,80,550.0,81.0,550.0,550,81,20.692986216630743,12434.605616765672
4492,0,917,0,0,471496,472076,1802.459059,1804.461339,2.002279999999928,10.015267648543617,8.7125,11.7875,1,1,1,1,580,80,80,580.0,80.0,580.0,580,80,20.053370107325463,11897.436921909451
4492,0,918,0,0,472076,472683,1804.461339,1806.463435,2.0020959999999377,10.091896056380133,8.7125,11.7875,1,1,1,1,607,80,80,607.0,79.0,607.0,607,79,20.20494472689461,12115.303162286302
4492,0,919,0,0,472683,473266,1806.463435,1808.465888,2.0024530000000595,10.12863750883972,8.7125,11.7875,1,1,1,1,583,80,80,583.0,81.0,583.0,583,81,20.282120565489095,12112.643842327025
4492,0,920,0,0,473266,473876,1808.465888,1810.466657,2.000768999999991,10.12741861518031,8.7125,11.7875,1,1,1,1,610,80,80,610.0,79.0,610.0,610,79,20.262625215274966,12209.305522026834
4492,0,921,0,0,473876,474480,1810.466657,1812.470442,2.003785000000107,10.094991332632794,8.7125,11.7875,1,1,1,1,604,80,80,604.0,81.0,604.0,604,81,20.22819220745987,12250.815331983564
4492,0,922,0,0,474480,475086,1812.470442,1814.472718,2.002275999999938,10.128319006002632,8.7125,11.7875,1,1,1,1,606,80,80,606.0,80.0,606.0,606,80,20.27969006606145,12324.974179384242
4492,0,923,0,0,475086,475670,1814.472718,1816.474996,2.002277999999933,10.147459925920577,8.7125,11.7875,1,1,1,1,584,80,80,584.0,80.0,584.0,584,80,20.31803576555103,11865.48521234354
4492,0,924,0,0,475670,476256,1816.474996,1818.475606,2.0006100000000515,10.013519899041771,8.7125,11.7875,1,1,1,1,586,80,80,586.0,79.0,586.0,586,79,20.033148045222333,11946.856208855992
4492,0,925,0,0,476256,476841,1818.475606,1820.476737,2.0011309999999867,10.046058034571221,8.7125,11.7875,1,1,1,1,585,80,80,585.0,80.0,585.0,585,80,20.10347816077956,11965.733377774948
4492,0,926,0,0,476841,477406,1820.476737,1822.477531,2.0007940000000417,10.060060556604856,8.7125,11.7875,1,1,1,1,565,80,80,565.0,80.0,565.0,565,80,20.12810880129291,11903.274400062926
4492,0,927,0,0,477406,478009,1822.477531,1824.478727,2.0011959999999362,10.025587456021608,8.7125,11.7875,1,1,1,1,603,80,80,603.0,80.0,603.0,603,80,20.063165514640787,11684.012960250142
4492,0,928,0,0,478009,478599,1824.478727,1826.482884,2.0041570000000775,10.1052671578752,8.7125,11.7875,1,1,1,1,590,80,80,590.0,80.0,590.0,590,80,20.25254191132626,11962.635661776534
4492,0,929,0,0,478599,479202,1826.482884,1828.488656,2.005771999999979,10.110895744607124,8.7125,11.7875,1,1,1,1,603,80,80,603.0,81.0,603.0,603,81,20.28015157945265,12113.041761476507
4492,0,930,0,0,479202,479782,1828.488656,1830.490285,2.0016290000000936,10.090822170022683,8.7125,11.7875,1,1,1,1,580,80,80,580.0,79.0,580.0,580,79,20.19808228936199,11751.928054598979
4492,0,931,0,0,479782,480350,1830.490285,1832.493209,2.0029239999998936,10.046652693835078,8.7125,11.7875,1,1,1,1,568,80,80,568.0,81.0,568.0,568,81,20.122681800145074,11981.982341816902
4492,0,932,0,0,480350,480979,1832.493209,1834.495486,2.002277000000049,10.13799355147384,8.7125,11.7875,1,1,1,1,629,80,80,629.0,80.0,629.0,629,80,20.299071314264438,12216.091979281287
4492,0,933,0,0,480979,481000,1834.495486,1834.561179,0.06569300000001022,10.01784775143477,8.7125,11.7875,1,1,1,1,21,3,3,21.0,2.0,21.0,21,2,0.6581024723345763,11584.187051891095
4492,0,934,0,0,481000,481611,1834.561179,1836.561315,2.000135999999884,10.14395177135098,8.7125,11.7875,1,1,1,1,611,80,80,611.0,80.0,611.0,611,80,20.2892831201425,11793.698028534744
4492,0,935,0,0,481611,482212,1836.561315,1838.561538,2.0002230000000054,10.139924420673603,8.7125,11.7875,1,1,1,1,601,80,80,601.0,80.0,601.0,601,80,20.282110044492583,12013.660476856798
4492,0,936,0,0,482212,482799,1838.561538,1840.561828,2.0002900000001773,10.16240752363925,8.7125,11.7875,1,1,1,1,587,80,80,587.0,80.0,587.0,587,80,20.327762145461747,12099.745536896078
4492,0,937,0,0,482799,483402,1840.561828,1842.564199,2.002370999999812,10.074352586436197,8.7125,11.7875,1,1,1,1,603,80,80,603.0,80.0,603.0,603,80,20.172591462853234,11935.850049767125
4492,0,938,0,0,483402,484047,1842.564199,1844.56717,2.002971000000116,10.135483682148912,8.7125,11.7875,1,1,1,1,645,80,80,645.0,80.0,645.0,645,80,20.301079886317893,12181.404523579517
4492,0,939,0,0,484047,484678,1844.56717,1846.569579,2.0024089999999433,10.352562647918878,8.7125,11.7875,1,1,1,1,631,80,80,631.0,80.0,631.0,631,80,20.730064619256154,12491.95344207937
4492,0,940,0,0,484678,485271,1846.569579,1848.569645,2.0000660000000607,10.18134169489434,8.7125,11.7875,1,1,1,1,593,80,80,593.0,80.0,593.0,593,80,20.363355358342233,12281.594707374285
4492,0,941,0,0,485271,485857,1848.569645,1850.569765,2.0001199999999244,10.02577235592014,8.7125,11.7875,1,1,1,1,586,80,80,586.0,80.0,586.0,586,80,20.05274780452237,11883.287002780282
4492,0,942,0,0,485857,486456,1850.569765,1852.572009,2.002244000000019,10.089811185377057,8.7125,11.7875,1,1,1,1,599,80,80,599.0,80.0,599.0,599,80,20.20226390705284,11929.614972001302
4492,0,943,0,0,486456,487045,1852.572009,1854.573151,2.0011420000000726,10.148477394982804,8.7125,11.7875,1,1,1,1,589,80,80,589.0,80.0,589.0,589,80,20.308544351151795,11888.71154570697
4492,0,944,0,0,487045,487599,1854.573151,1856.576123,2.0029719999999998,10.078722378137627,8.7125,11.7875,1,1,1,1,554,80,80,554.0,80.0,554.0,554,80,20.187398719182966,11961.225618730568
4492,0,945,0,0,487599,488231,1856.576123,1858.584071,2.007947999999942,10.119865781757035,8.7125,11.7875,1,1,1,1,632,80,80,632.0,80.0,632.0,632,80,20.320164256747375,12337.470890680792
4492,0,946,0,0,488231,488819,1858.584071,1860.590706,2.00663499999996,10.060310538471738,8.7125,11.7875,1,1,1,1,588,80,80,588.0,80.0,588.0,588,80,20.187371237367188,12129.759522783408
4492,0,947,0,0,488819,489445,1860.590706,1862.5956,2.0048940000001494,10.077351768777904,8.7125,11.7875,1,1,1,1,626,80,80,626.0,80.0,626.0,626,80,20.20402209711392,12021.5831859431
4492,0,948,0,0,489445,490024,1862.5956,1864.595816,2.0002159999999094,10.087865247659048,8.7125,11.7875,1,1,1,1,579,80,80,579.0,80.0,579.0,579,80,20.177909474212356,12083.195014938934
4492,0,949,0,0,490024,490627,1864.595816,1866.596044,2.000227999999879,10.195535598491194,8.7125,11.7875,1,1,1,1,603,80,80,603.0,80.0,603.0,603,80,20.393395779097773,12380.08866989238
4492,0,950,0,0,490627,491188,1866.596044,1868.601716,2.005672000000004,10.282832822449782,8.7125,11.7875,1,1,1,1,561,80,80,561.0,80.0,561.0,561,80,20.623989872667153,12158.518441699316
4492,0,951,0,0,491188,491790,1868.601716,1870.604154,2.002438000000211,10.189594279071038,8.7125,11.7875,1,1,1,1,602,80,80,602.0,80.0,602.0,602,80,20.404030788995442,12111.735794065755
4492,0,952,0,0,491790,492375,1870.604154,1872.610329,2.0061749999999847,10.094567929561736,8.7125,11.7875,1,1,1,1,585,80,80,585.0,80.0,585.0,585,80,20.251469816088502,12152.479220407085
4492,0,953,0,0,492375,492974,1872.610329,1874.612605,2.002275999999938,10.126185349910289,8.7125,11.7875,1,1,1,1,599,80,80,600.0,80.0,599.0,599,80,20.275417897675652,12054.282226826246
4492,0,954,0,0,492974,493584,1874.612605,1876.613821,2.0012159999998858,9.970609549294556,8.7125,11.7875,1,1,1,1,610,80,80,610.0,80.0,610.0,610,80,19.953343359800783,11936.742460584646
4492,0,955,0,0,493584,494000,1876.613821,1877.972163,1.3583419999999933,9.979434593901678,8.7125,11.7875,1,1,1,1,416,55,55,416.0,55.0,416.0,416,55,13.55548514514885,11751.826859509667
4492,0,956,0,0,494000,494594,1877.972163,1879.972193,2.0000300000001516,9.997352132558781,8.7125,11.7875,1,1,1,1,594,79,79,594.0,80.0,594.0,594,80,19.995004185682774,12313.815292769676
4492,0,957,0,0,494594,495199,1879.972193,1881.97447,2.002277000000049,10.127793639638744,8.7125,11.7875,1,1,1,1,605,80,80,605.0,80.0,605.0,605,80,20.278648265393713,11840.02013707365
4492,0,958,0,0,495199,495817,1881.97447,1883.976747,2.002276999999822,10.073827779573575,8.7125,11.7875,1,1,1,1,618,80,80,619.0,80.0,618.0,618,80,20.170593664999615,11899.951904757494
4492,0,959,0,0,495817,496438,1883.976747,1885.976793,2.0000460000001112,10.047340266492693,8.7125,11.7875,1,1,1,1,621,80,80,621.0,79.0,621.0,621,79,20.095142710637447,12022.723477359352
4492,0,960,0,0,496438,497013,1885.976793,1887.976897,2.000103999999965,10.170993003539568,8.7125,11.7875,1,1,1,1,575,80,80,575.0,80.0,575.0,575,80,20.343043790351658,12332.358717346915
4492,0,961,0,0,497013,497604,1887.976897,1889.977706,2.00080899999989,10.070350204434856,8.7125,11.7875,1,1,1,1,591,80,80,591.0,80.0,591.0,591,80,20.14884732218343,12151.084886164213
4492,0,962,0,0,497604,498186,1889.977706,1891.980569,2.0028630000001613,10.072341111146757,8.7125,11.7875,1,1,1,1,582,80,80,582.0,80.0,582.0,582,80,20.17351933489772,12212.018495522674
4492,0,963,0,0,498186,498812,1891.980569,1893.985126,2.004556999999977,10.111865830231928,8.7125,11.7875,1,1,1,1,626,80,80,626.0,80.0,626.0,626,80,20.269811433052382,12071.495098418392
4492,0,964,0,0,498812,499420,1893.985126,1895.985409,2.000282999999854,9.968659270964785,8.7125,11.7875,1,1,1,1,608,80,80,608.0,80.0,608.0,608,80,19.940139672500663,11779.833153609625
4492,0,965,0,0,499420,499997,1895.985409,1897.987539,2.0021300000000792,10.136225711010523,8.7125,11.7875,1,1,1,1,577,80,80,579.0,80.0,577.0,577,80,20.29404158278703,12240.963374006198
4492,0,966,0,0,499997,500597,1897.987539,1899.989017,2.0014780000001338,10.205739090519263,8.7125,11.7875,1,1,1,1,600,80,80,600.0,80.0,600.0,600,80,20.42656226341569,12201.982734758198
4492,0,967,0,0,500597,501186,1899.989017,1901.995095,2.0060779999998886,10.024925386584519,8.7125,11.7875,1,1,1,1,589,80,80,589.0,80.0,589.0,589,80,20.11078226966856,12044.397077282809
4492,0,968,0,0,501186,501795,1901.995095,1903.999513,2.004417999999987,10.272043072794744,8.7125,11.7875,1,1,1,1,609,80,80,609.0,81.0,609.0,609,81,20.58946803188519,12269.895800177488
4492,0,969,0,0,501795,502394,1903.999513,1906.001789,2.002275999999938,10.065089929119756,8.7125,11.7875,1,1,1,1,599,80,80,599.0,80.0,599.0,599,80,20.153088002916775,12116.711182674491
4492,0,970,0,0,502394,502982,1906.001789,1908.003239,2.001449999999977,10.108523490418502,8.7125,11.7875,1,1,1,1,588,80,80,588.0,79.0,588.0,588,79,20.231704339897988,11971.82043018825
4492,0,971,0,0,502982,503578,1908.003239,1910.003648,2.000409000000218,10.086181210004204,8.7125,11.7875,1,1,1,1,596,80,80,596.0,80.0,596.0,596,80,20.176487668126356,12048.036176600572
4492,0,972,0,0,503578,504192,1910.003648,1912.008619,2.0049709999998413,10.079206840838332,8.7125,11.7875,1,1,1,1,614,80,80,614.0,81.0,614.0,614,81,20.208517418879637,11832.091336982869
4492,0,973,0,0,504192,504797,1912.008619,1914.010784,2.0021650000001046,10.076202099379453,8.7125,11.7875,1,1,1,1,605,80,80,605.0,79.0,605.0,605,79,20.174219176304177,12043.962410689799
4492,0,974,0,0,504797,505382,1914.010784,1916.013173,2.0023889999999938,10.084150864568171,8.7125,11.7875,1,1,1,1,585,80,80,585.0,81.0,585.0,585,81,20.19239276555163,12092.05603906138
4492,0,975,0,0,505382,505962,1916.013173,1918.014722,2.001548999999841,10.132396733556117,8.7125,11.7875,1,1,1,1,580,80,80,580.0,79.0,580.0,580,79,20.280488549651636,12253.509656771805
4492,0,976,0,0,505962,506542,1918.014722,1920.014869,2.0001470000001973,10.183541930267328,8.7125,11.7875,1,1,1,1,580,80,80,580.0,80.0,580.0,580,80,20.368580841201037,12169.10557073935
4492,0,977,0,0,506542,507000,1920.014869,1921.478762,1.4638929999998709,10.193771206151256,8.7125,11.7875,1,1,1,1,458,59,59,458.0,59.0,458.0,458,59,14.922590312286047,12314.424619833273
4492,0,978,0,0,507000,507592,1921.478762,1923.479357,2.0005949999999757,10.115157574267707,8.7125,11.7875,1,1,1,1,592,80,80,593.0,80.0,592.0,592,80,20.236333667293366,11880.4655614956
4492,0,979,0,0,507592,508160,1923.479357,1925.490152,2.0107950000001438,10.063212828503199,8.7125,11.7875,1,1,1,1,568,80,80,568.0,80.0,568.0,568,80,20.235058039492287,12148.926170991203
4492,0,980,0,0,508160,508742,1925.490152,1927.492113,2.0019609999999375,10.13009069703571,8.7125,11.7875,1,1,1,1,582,80,80,582.0,80.0,582.0,582,80,20.280046501928155,11839.890986887727
4492,0,981,0,0,508742,509336,1927.492113,1929.493251,2.0011380000000827,10.087575412998993,8.7125,11.7875,1,1,1,1,594,80,80,594.0,80.0,594.0,594,80,20.186630486819922,12021.159959982273
4492,0,982,0,0,509336,509885,1929.493251,1931.504112,2.010860999999977,10.185127996218878,8.7125,11.7875,1,1,1,1,549,80,79,549.0,80.0,549.0,549,79,20.480876667603297,12225.60883124208
4492,0,983,0,0,509885,510461,1931.504112,1933.508071,2.0039589999998952,10.068497074987958,8.7125,11.7875,1,1,1,1,576,80,80,576.0,81.0,576.0,576,81,20.176855329893442,12015.21588016584
4492,0,984,0,0,510461,511038,1933.508071,1935.510347,2.002275999999938,10.047292114886059,8.7125,11.7875,1,1,1,1,577,80,80,578.0,80.0,578.0,577,80,20.117451866626652,11840.026050355063
4492,0,985,0,0,511038,511667,1935.510347,1937.510531,2.00018399999999,10.03915863018715,8.7125,11.7875,1,1,1,1,629,80,80,629.0,79.0,629.0,629,79,20.08016446556212,12315.366986237326
4492,0,986,0,0,511667,512223,1937.510531,1939.5149,2.004368999999997,10.0192214088214,8.7125,11.7875,1,1,1,1,556,80,80,555.0,81.0,555.0,556,81,20.08221679597773,12156.943157672084
4492,0,987,0,0,512223,512835,1939.5149,1941.517177,2.002277000000049,10.13258135335726,8.7125,11.7875,1,1,1,1,612,80,80,612.0,80.0,612.0,612,80,20.2882345944563,12366.920261282226
4492,0,988,0,0,512835,513375,1941.517177,1943.519129,2.001952000000074,10.006155099635002,8.7125,11.7875,1,1,1,1,540,80,80,540.0,79.0,540.0,540,79,20.031842214026256,12106.683876536054
4492,0,989,0,0,513375,513941,1943.519129,1945.521731,2.0026020000000244,10.086376690196643,8.7125,11.7875,1,1,1,1,566,80,80,566.0,81.0,566.0,566,81,20.19899813254233,12141.70364355958
4492,0,990,0,0,513941,514279,1945.521731,1947.524007,2.002275999999938,5.349970167002107,8.7125,11.7875,1,0,0,1,338,80,80,338.0,80.0,338.0,338,80,10.712116866103315,6191.454125205708
4492,0,991,0,0,514279,514359,1947.524007,1949.526284,2.002277000000049,0.9375169551189243,8.7125,11.7875,1,0,0,0,80,80,80,80.0,80.0,80.0,80,80,1.8771686363434128,409.5337458303621
4492,0,992,0,0,514359,514441,1949.526284,1951.528562,2.002277999999933,0.9398583979191601,8.7125,11.7875,1,0,0,0,82,80,80,82.0,80.0,82.0,82,80,1.881857793268864,433.50623639675865
4492,0,993,0,0,514441,514521,1951.528562,1953.530836,2.002273999999943,0.9409527420256588,8.7125,11.7875,1,0,0,0,80,80,80,80.0,80.0,80.0,80,80,1.884045210586919,459.47757399837695
4492,0,994,0,0,514521,514601,1953.530836,1955.533114,2.0022780000001603,0.9373604615743548,8.7125,11.7875,1,0,0,0,80,80,80,80.0,80.0,80.0,80,80,1.8768562302793725,425.51533802994976
4492,0,995,0,0,514601,514681,1955.533114,1957.535391,2.002276999999822,0.9373608340194921,8.7125,11.7875,1,0,0,0,80,80,80,80.0,80.0,80.0,80,80,1.8768560386561148,428.5121389298665
4492,0,996,0,0,514681,514761,1957.535391,1959.537666,2.002275000000054,0.9437105099659364,8.7125,11.7875,1,0,0,0,80,80,80,80.0,80.0,80.0,80,80,1.8895679613415268,456.98018503950516
4492,0,997,0,0,514761,514841,1959.537666,1961.539944,2.0022780000001603,0.9424604149448251,8.7125,11.7875,1,0,0,0,80,80,80,80.0,80.0,80.0,80,80,1.8870677547165542,419.52216425488007
4492,0,998,0,0,514841,514950,1961.539944,1963.54222,2.002275999999938,1.2379465135228482,8.7125,11.7875,1,0,0,0,109,80,80,109.0,80.0,109.0,109,80,2.4787105933100975,1018.840559443385
4492,0,999,0,0,514950,515107,1963.54222,1965.544498,2.002277999999933,1.9167076297263776,8.7125,11.7875,1,0,0,0,157,80,80,157.0,80.0,157.0,157,80,3.8377815194326104,2412.751875613757
4492,0,1000,0,0,515107,515264,1965.544498,1967.546773,2.002275000000054,1.9766087360923954,8.7125,11.7875,1,0,0,0,157,80,80,157.0,80.0,157.0,157,80,3.957714257059706,2426.739583723449
4492,0,1001,0,0,515264,515541,1967.546773,1969.54905,2.002277000000049,3.4630359416349688,8.7125,11.7875,1,0,0,1,277,80,80,277.0,80.0,277.0,277,80,6.933957216107956,4292.1134288611365
4492,0,1002,0,0,515541,515847,1969.54905,1971.551326,2.002275999999938,4.914808404948934,8.7125,11.7875,1,0,0,1,306,80,80,306.0,80.0,306.0,306,80,9.840802913826337,5949.729208161297
4492,0,1003,0,0,515847,516272,1971.551326,1973.553603,2.002277000000049,7.001884944747766,8.7125,11.7875,1,0,0,1,425,80,80,425.0,80.0,425.0,425,80,14.019713181514817,8473.353087509662
4492,0,1004,0,0,516272,516825,1973.553603,1975.555881,2.002277999999933,9.632260554821997,8.7125,11.7875,1,1,0,1,553,80,80,553.0,80.0,553.0,553,80,19.286463399188506,11873.97554185822
4492,0,1005,0,0,516825,517408,1975.555881,1977.558157,2.002275999999938,10.023665776692788,8.7125,11.7875,1,1,1,1,583,80,80,583.0,80.0,583.0,583,80,20.070145416691958,12200.11626768775
4492,0,1006,0,0,517408,518026,1977.558157,1979.559703,2.001545999999962,10.136680501750183,8.7125,11.7875,1,1,1,1,618,80,80,618.0,79.0,618.0,618,79,20.289032311557094,12392.420658830959
4492,0,1007,0,0,518026,518624,1979.559703,1981.56271,2.003007000000025,10.409613805068771,8.7125,11.7875,1,1,1,1,598,80,80,598.0,81.0,598.0,598,81,20.850529318850022,12392.368074599684
4492,0,1008,0,0,518624,519234,1981.56271,1983.563363,2.0006530000000566,10.399657594373037,8.7125,11.7875,1,1,1,1,610,80,80,610.0,79.0,610.0,610,79,20.80610616515696,12284.489114303831
4492,0,1009,0,0,519234,519828,1983.563363,1985.567263,2.0038999999999305,10.394088727149132,8.7125,11.7875,1,1,1,1,594,80,80,594.0,81.0,594.0,594,81,20.82871440033341,12570.986576176892
4492,0,1010,0,0,519828,520000,1985.567263,1986.186398,0.6191350000001421,10.50980908797068,8.7125,11.7875,1,1,1,1,172,25,25,172.0,24.0,172.0,172,24,6.506990649682848,12687.055327187443
4492,0,1011,0,0,520000,520604,1986.186398,1988.187285,2.0008869999999206,10.525842948025682,8.7125,11.7875,1,1,1,1,604,80,80,604.0,80.0,604.0,604,80,21.061022318746836,12500.955826091626
4492,0,1012,0,0,520604,521237,1988.187285,1990.188742,2.001457000000073,10.459020148627019,8.7125,11.7875,1,1,1,1,633,80,80,633.0,80.0,633.0,633,80,20.93327908961146,12885.612831052107
4492,0,1013,0,0,521237,521824,1990.188742,1992.193419,2.0046769999999015,10.255095306713377,8.7125,11.7875,1,1,1,1,587,80,80,587.0,80.0,587.0,587,80,20.558153694175417,12350.119246143502
4492,0,1014,0,0,521824,522430,1992.193419,1994.202081,2.0086619999999584,10.413061363526122,8.7125,11.7875,1,1,1,1,606,80,80,606.0,81.0,606.0,606,81,20.9163206645826,12458.542054362813
4492,0,1015,0,0,522430,523013,1994.202081,1996.203508,2.001427000000149,10.405237333048532,8.7125,11.7875,1,1,1,1,583,80,80,583.0,79.0,583.0,583,79,20.825322939774196,12255.255874932323
4492,0,1016,0,0,523013,523573,1996.203508,1998.206015,2.002506999999923,10.37771833911722,8.7125,11.7875,1,1,1,1,560,80,80,560.0,80.0,560.0,560,80,20.78145361811039,12303.577465647284
4492,0,1017,0,0,523573,524191,1998.206015,2000.206161,2.000146000000086,10.154946325366708,8.7125,11.7875,1,1,1,1,618,80,80,618.0,80.0,618.0,618,80,20.31137527289684,12005.123625974788
4492,0,1018,0,0,524191,524777,2000.206161,2002.211187,2.0050260000000435,10.135893655750126,8.7125,11.7875,1,1,1,1,586,80,80,586.0,81.0,586.0,586,81,20.3227303130152,12275.651288312205
4492,0,1019,0,0,524777,525364,2002.211187,2004.213464,2.002276999999822,10.111765206756152,8.7125,11.7875,1,1,1,1,587,80,80,587.0,80.0,587.0,587,80,20.24655490288569,12072.255736844678
4492,0,1020,0,0,525364,525950,2004.213464,2006.21574,2.0022760000001654,10.092775417926607,8.7125,11.7875,1,1,1,1,586,80,80,588.0,80.0,587.0,586,80,20.208521992706665,11957.891918995194
4492,0,1021,0,0,525950,526585,2006.21574,2008.218018,2.002277999999933,10.111968413689342,8.7125,11.7875,1,1,1,1,635,80,80,634.0,80.0,634.0,635,80,20.246971891425346,12266.02899297741
4492,0,1022,0,0,526585,527217,2008.218018,2010.218517,2.0004989999999907,10.102247524097425,8.7125,11.7875,1,1,1,1,632,80,80,632.0,79.0,632.0,632,79,20.20953606970943,12057.491655831926
4492,0,1023,0,0,527217,527799,2010.218517,2012.219458,2.0009410000000116,10.133073927687477,8.7125,11.7875,1,1,1,1,582,80,80,582.0,80.0,582.0,582,80,20.275683077939902,11956.374525785548
4492,0,1024,0,0,527799,528369,2012.219458,2014.223654,2.0041959999998653,10.031195691587675,8.7125,11.7875,1,1,1,1,570,80,80,570.0,80.0,570.0,570,80,20.104482280294178,12046.227015721826
4492,0,1025,0,0,528369,528934,2014.223654,2016.227124,2.0034700000001067,10.025971685504203,8.7125,11.7875,1,1,1,1,565,80,80,565.0,81.0,565.0,565,81,20.08673349275705,11920.318247839363
4492,0,1026,0,0,528934,529517,2016.227124,2018.229401,2.002277000000049,10.09813063073056,8.7125,11.7875,1,1,1,1,583,80,80,583.0,80.0,583.0,583,80,20.219254704908963,12037.29553902852
4492,0,1027,0,0,529517,530105,2018.229401,2020.231676,2.002275000000054,10.106883316288721,8.7125,11.7875,1,1,1,1,588,80,80,588.0,80.0,588.0,588,80,20.23675979212203,12326.478630557407
4492,0,1028,0,0,530105,530673,2020.231676,2022.233954,2.002277999999933,10.105983774530117,8.7125,11.7875,1,1,1,1,568,80,80,568.0,80.0,568.0,568,80,20.234988980097114,11962.874286188433
4492,0,1029,0,0,530673,531244,2022.233954,2024.23623,2.002275999999938,10.109324262741522,8.7125,11.7875,1,1,1,1,571,80,80,571.0,80.0,571.0,571,80,20.24165734750568,12024.815759665873
4492,0,1030,0,0,531244,531798,2024.23623,2026.238508,2.002277999999933,10.218286829361503,8.7125,11.7875,1,1,1,1,554,80,80,554.0,80.0,554.0,554,80,20.45985091611874,11885.46245826044
4492,0,1031,0,0,531798,532370,2026.238508,2028.240784,2.0022760000001654,10.002641458123211,8.7125,11.7875,1,1,1,1,572,80,80,572.0,80.0,572.0,572,80,20.028048928204953,12102.72709656311
4492,0,1032,0,0,532370,532935,2028.240784,2030.243063,2.0022789999998167,10.049723242991336,8.7125,11.7875,1,1,1,1,565,80,80,565.0,80.0,565.0,565,80,20.12234980525318,11848.498635805585
4492,0,1033,0,0,532935,533000,2030.243063,2030.431277,0.1882140000000163,10.211055819981254,8.7125,11.7875,1,1,1,1,65,8,8,65.0,7.0,65.0,65,7,1.9218636601035541,12050.113169051205
4492,0,1034,0,0,533000,533608,2030.431277,2032.432738,2.001461000000063,10.163393957843834,8.7125,11.7875,1,1,1,1,608,80,80,609.0,80.0,608.0,608,80,20.341636634260794,12051.196600882675
4492,0,1035,0,0,533608,534223,2032.432738,2034.4347,2.0019620000000486,10.166311526833114,8.7125,11.7875,1,1,1,1,615,80,80,615.0,80.0,615.0,615,80,20.35256935688085,12290.44307534279
4492,0,1036,0,0,534223,534795,2034.4347,2036.44398,2.0092799999999897,10.126508152739227,8.7125,11.7875,1,1,1,1,572,80,80,572.0,80.0,572.0,572,80,20.34699030113552,11956.521739130496
4492,0,1037,0,0,534795,535436,2036.44398,2038.449718,2.005738000000065,10.033189987989783,8.7125,11.7875,1,1,1,1,641,80,80,641.0,80.0,641.0,641,80,20.123950420133042,12048.433045591806
4492,0,1038,0,0,535436,536011,2038.449718,2040.453711,2.0039930000000368,10.144607348373667,8.7125,11.7875,1,1,1,1,575,80,80,575.0,80.0,575.0,575,80,20.329722113889147,12137.267944548486
4492,0,1039,0,0,536011,536605,2040.453711,2042.456245,2.0025339999999687,10.047323184486752,8.7125,11.7875,1,1,1,1,594,80,80,594.0,80.0,594.0,594,80,20.120106285921793,11776.0797070114
4492,0,1040,0,0,536605,537237,2042.456245,2044.459223,2.0029779999999846,10.085351596582694,8.7125,11.7875,1,1,1,1,632,80,80,632.0,81.0,632.0,632,81,20.20073737021812,11908.767844679363
4492,0,1041,0,0,537237,537812,2044.459223,2046.459917,2.0006939999998394,10.095760929861958,8.7125,11.7875,1,1,1,1,575,80,80,575.0,79.0,575.0,575,79,20.19852831780736,11923.862419741306
4492,0,1042,0,0,537812,538384,2046.459917,2048.463261,2.00334399999997,10.168948836499363,8.7125,11.7875,1,1,1,1,572,80,80,572.0,80.0,572.0,572,80,20.371902637907624,12038.371842279888
4492,0,1043,0,0,538384,538994,2048.463261,2050.466053,2.002792000000227,10.145008896536272,8.7125,11.7875,1,1,1,1,610,80,80,610.0,81.0,610.0,610,81,20.31834265791258,12032.702347521496
4492,0,1044,0,0,538994,539622,2050.466053,2052.467124,2.0010709999996834,9.936950804577483,8.7125,11.7875,1,1,1,1,628,80,80,628.0,79.0,628.0,628,79,19.88454408346297,11899.627749342111
4492,0,1045,0,0,539622,540240,2052.467124,2054.469967,2.0028430000002118,10.09429055527337,8.7125,11.7875,1,1,1,1,618,80,80,618.0,80.0,618.0,618,80,20.217279178596073,12236.106374786945
4492,0,1046,0,0,540240,540867,2054.469967,2056.470857,2.0008899999997993,10.317990379767068,8.7125,11.7875,1,1,1,1,627,80,80,627.0,80.0,627.0,627,80,20.645163770968793,12416.97444637261
4492,0,1047,0,0,540867,541452,2056.470857,2058.47516,2.0043030000001636,10.045902819066987,8.7125,11.7875,1,1,1,1,585,80,80,585.0,81.0,585.0,585,81,20.135033157966973,12153.850989594892
4492,0,1048,0,0,541452,542070,2058.47516,2060.476518,2.001357999999982,10.136156903531571,8.7125,11.7875,1,1,1,1,618,80,80,618.0,79.0,618.0,618,79,20.28607870813721,12133.261515431132
4492,0,1049,0,0,542070,542692,2060.476518,2062.476654,2.0001360000001114,10.01735831656005,8.7125,11.7875,1,1,1,1,622,80,80,622.0,80.0,622.0,622,80,20.036078993853152,11977.68551738415
4492,0,1050,0,0,542692,543350,2062.476654,2064.48199,2.0053360000001703,10.17171634157507,8.7125,11.7875,1,1,1,1,658,80,80,659.0,81.0,658.0,658,81,20.39770896155096,12210.42259252211
4492,0,1051,0,0,543350,543924,2064.48199,2066.484268,2.002277999999933,10.000810246349285,8.7125,11.7875,1,1,1,1,574,80,80,574.0,80.0,574.0,574,80,20.024402338440268,12104.712732198432
4492,0,1052,0,0,543924,544533,2066.484268,2068.485113,2.0008450000000266,10.092669990671645,8.7125,11.7875,1,1,1,1,609,80,80,609.0,79.0,609.0,609,79,20.19386828748611,12457.736606283679
4492,0,1053,0,0,544533,545118,2068.485113,2070.486021,2.0009079999999813,10.105168938307832,8.7125,11.7875,1,1,1,1,585,80,80,585.0,80.0,585.0,585,80,20.219513370011555,11682.69605599069
4492,0,1054,0,0,545118,545729,2070.486021,2072.487066,2.0010449999999764,10.001282705060245,8.7125,11.7875,1,1,1,1,611,80,80,611.0,80.0,611.0,611,80,20.01301675054856,11991.234579932127
4492,0,1055,0,0,545729,546000,2072.487066,2073.522066,1.0349999999998545,10.053802541959195,8.7125,11.7875,1,1,1,1,271,42,42,271.0,42.0,271.0,271,42,10.40568563092529,11513.043478262489
4492,0,1056,0,0,546000,546572,2073.522066,2075.528234,2.0061679999998887,9.940654003152767,8.7125,11.7875,1,1,1,1,572,80,80,574.0,80.0,573.0,572,80,19.942621960195538,11767.20992459321
4492,0,1057,0,0,546572,547130,2075.528234,2077.531228,2.002993999999944,9.907722373534359,8.7125,11.7875,1,1,1,1,558,80,80,557.0,80.0,557.0,558,80,19.845108467856335,11637.079292299752
4492,0,1058,0,0,547130,547732,2077.531228,2079.53428,2.003052000000025,9.983546634770716,8.7125,11.7875,1,1,1,1,602,80,80,602.0,80.0,602.0,602,80,19.997563053872,11974.22732909565
4492,0,1059,0,0,547732,548316,2079.53428,2081.534428,2.000148000000081,10.055172983573724,8.7125,11.7875,1,1,1,1,584,80,80,584.0,80.0,584.0,584,80,20.11183413274921,12259.592790133032
4492,0,1060,0,0,548316,548934,2081.534428,2083.53553,2.0011020000001736,9.97486368016244,8.7125,11.7875,1,1,1,1,618,80,80,618.0,80.0,618.0,618,80,19.960719660102768,12037.367410555738
4492,0,1061,0,0,548934,549523,2083.53553,2085.537167,2.001636999999846,10.215719419536885,8.7125,11.7875,1,1,1,1,589,80,80,589.0,80.0,589.0,589,80,20.4481619717626,12038.146776864063
4492,0,1062,0,0,549523,550134,2085.537167,2087.537422,2.0002549999999246,10.115594128842831,8.7125,11.7875,1,1,1,1,611,80,80,611.0,80.0,611.0,611,80,20.233767734189314,12135.452729777411
4492,0,1063,0,0,550134,550746,2087.537422,2089.541902,2.0044800000000578,10.191365294017864,8.7125,11.7875,1,1,1,1,612,80,80,612.0,80.0,612.0,612,80,20.428387904554256,12242.576628352137
4492,0,1064,0,0,550746,551310,2089.541902,2091.545735,2.0038330000002134,10.119610085650537,8.7125,11.7875,1,1,1,1,564,80,80,564.0,80.0,564.0,564,80,20.278008636760205,11910.673194820854
4492,0,1065,0,0,551310,551908,2091.545735,2093.546221,2.00048599999991,10.063038361682723,8.7125,11.7875,1,1,1,1,598,80,80,599.0,80.0,599.0,598,80,20.13096736000807,12113.556405793937
4492,0,1066,0,0,551908,552479,2093.546221,2095.548407,2.0021860000001652,10.115026387962908,8.7125,11.7875,1,1,1,1,571,80,80,570.0,80.0,570.0,571,80,20.252164223613363,11848.549535356877
4492,0,1067,0,0,552479,553085,2095.548407,2097.550263,2.0018559999998615,10.139304551780722,8.7125,11.7875,1,1,1,1,606,80,80,606.0,80.0,606.0,606,80,20.297427652807528,12112.759359315394
4492,0,1068,0,0,553085,553700,2097.550263,2099.555625,2.0053619999998773,10.029163740635488,8.7125,11.7875,1,1,1,1,615,80,80,615.0,80.0,615.0,615,80,20.11210385724553,11855.216165461126
4492,0,1069,0,0,553700,554282,2099.555625,2101.558657,2.0030320000000756,10.098350161756674,8.7125,11.7875,1,1,1,1,582,80,80,582.0,80.0,582.0,582,80,20.227318521203415,11959.369595692478
4492,0,1070,0,0,554282,554835,2101.558657,2103.558735,2.0000780000000304,10.120640172703219,8.7125,11.7875,1,1,1,1,553,80,80,553.0,80.0,553.0,553,80,20.24206975533889,12020.031218782284
4492,0,1071,0,0,554835,555460,2103.558735,2105.559435,2.0007000000000517,10.114845096494808,8.7125,11.7875,1,1,1,1,625,80,80,625.0,80.0,625.0,625,80,20.236770584557235,12037.28694956734
4492,0,1072,0,0,555460,556059,2105.559435,2107.560015,2.0005799999999,10.05575146883602,8.7125,11.7875,1,1,1,1,599,80,80,599.0,80.0,599.0,599,80,20.117335273524077,11929.040578232909
4492,0,1073,0,0,556059,556634,2107.560015,2109.561226,2.0012109999997847,10.169065462425522,8.7125,11.7875,1,1,1,1,575,80,80,575.0,80.0,575.0,575,80,20.350445663123537,11870.312525766925
4492,0,1074,0,0,556634,557201,2109.561226,2111.561485,2.0002590000003693,9.986436062613318,8.7125,11.7875,1,1,1,1,567,80,80,567.0,80.0,567.0,567,80,19.97545861217077,11787.973457435086
4492,0,1075,0,0,557201,557826,2111.561485,2113.562283,2.0007980000000316,10.111963426103092,8.7125,11.7875,1,1,1,1,625,79,79,625.0,79.0,625.0,625,79,20.231996199021523,12028.700548480965
4492,0,1076,0,0,557826,558461,2113.562283,2115.565074,2.0027909999998883,10.214573979694507,8.7125,11.7875,1,1,1,1,635,80,80,635.0,81.0,635.0,635,81,20.457656835365924,12312.81746323075
4492,0,1077,0,0,558461,559000,2115.565074,2117.326987,1.7619129999998222,10.025037874356698,8.7125,11.7875,1,1,1,1,539,71,71,539.0,70.0,539.0,539,70,17.663244556319114,11779.242221382154
4492,0,1078,0,0,559000,559627,2117.326987,2119.328481,2.0014940000000934,10.07644431768431,8.7125,11.7875,1,1,1,1,627,80,80,628.0,80.0,627.0,627,80,20.167942843181663,11907.105392271418
4492,0,1079,0,0,559627,560211,2119.328481,2121.329872,2.001390999999785,10.096424745437128,8.7125,11.7875,1,1,1,1,584,80,80,584.0,80.0,584.0,584,80,20.206893617694732,11957.683431174903
4492,0,1080,0,0,560211,560738,2121.329872,2123.331614,2.0017420000003767,10.040343302057389,8.7125,11.7875,1,1,1,1,527,80,80,527.0,80.0,527.0,527,80,20.098176882151165,11895.13933363816
4492,0,1081,0,0,560738,561356,2123.331614,2125.333274,2.0016599999999016,10.066202348081587,8.7125,11.7875,1,1,1,1,618,80,80,619.0,80.0,618.0,618,80,20.14911459205905,12057.99186675119
4492,0,1082,0,0,561356,561933,2125.333274,2127.333924,2.0006499999999505,10.141863597884129,8.7125,11.7875,1,1,1,1,577,80,80,577.0,80.0,577.0,577,80,20.290319407107745,11805.163321920667
4492,0,1083,0,0,561933,562497,2127.333924,2129.341264,2.007340000000113,9.965224970403705,8.7125,11.7875,1,1,1,1,564,80,80,564.0,80.0,564.0,564,80,20.0035946920907,11850.508633315065
4492,0,1084,0,0,562497,563065,2129.341264,2131.341484,2.0002199999998993,9.998556539941879,8.7125,11.7875,1,1,1,1,568,80,80,568.0,80.0,568.0,568,80,19.999312762320187,12073.171951085988
4492,0,1085,0,0,563065,563669,2131.341484,2133.345928,2.0044440000001487,10.09734969065382,8.7125,11.7875,1,1,1,1,604,80,80,604.0,80.0,604.0,604,80,20.239572003334615,11992.851883114827
4492,0,1086,0,0,563669,564269,2133.345928,2135.348926,2.002997999999934,10.173325433794432,8.7125,11.7875,1,1,1,1,600,80,80,600.0,80.0,600.0,600,80,20.3771504972392,12228.16997321056
4492,0,1087,0,0,564269,564906,2135.348926,2137.349549,2.000622999999905,10.106893679122498,8.7125,11.7875,1,1,1,1,637,80,80,638.0,80.0,637.0,637,80,20.220083953005087,12079.23731757615
4492,0,1088,0,0,564906,565468,2137.349549,2139.35176,2.0022109999999884,10.210972165654901,8.7125,11.7875,1,1,1,1,562,80,80,562.0,80.0,562.0,562,80,20.444520790766546,11899.844721660273
4492,0,1089,0,0,565468,566079,2139.35176,2141.358137,2.006377000000157,10.085884675675095,8.7125,11.7875,1,1,1,1,611,80,80,612.0,80.0,611.0,611,80,20.236087037927064,11933.450194055318
4492,0,1090,0,0,566079,566695,2141.358137,2143.359969,2.001831999999922,10.205217460423189,8.7125,11.7875,1,1,1,1,616,80,80,616.0,80.0,616.0,616,80,20.429130879234435,12115.901833920601
4492,0,1091,0,0,566695,567322,2143.359969,2145.360078,2.000109000000066,10.145284346304143,8.7125,11.7875,1,1,1,1,627,80,80,627.0,80.0,627.0,627,80,20.291674528602016,12149.337861086171
4492,0,1092,0,0,567322,567916,2145.360078,2147.369367,2.009288999999626,10.119773872852292,8.7125,11.7875,1,1,1,1,594,80,80,594.0,80.0,594.0,594,80,20.33355032520558,11792.23098320073
4492,0,1093,0,0,567916,568518,2147.369367,2149.370061,2.000694000000294,10.046231383258212,8.7125,11.7875,1,1,1,1,602,80,80,602.0,80.0,602.0,602,80,20.099434851097612,11939.357043104286
4492,0,1094,0,0,568518,569058,2149.370061,2151.370321,2.0002599999997983,10.113068865704081,8.7125,11.7875,1,1,1,1,540,80,80,540.0,80.0,540.0,540,80,20.228767129312473,11941.947546820118
4492,0,1095,0,0,569058,569665,2151.370321,2153.370953,2.0006320000002233,10.00544316940199,8.7125,11.7875,1,1,1,1,607,80,80,607.0,80.0,607.0,607,80,20.017209778889082,12160.157390263319
4492,0,1096,0,0,569665,570248,2153.370953,2155.372162,2.001209000000017,10.081861300558014,8.7125,11.7875,1,1,1,1,583,80,80,583.0,80.0,583.0,583,80,20.175911571430333,12063.707488822904
4492,0,1097,0,0,570248,570828,2155.372162,2157.372483,2.0003209999999854,10.004208137191739,8.7125,11.7875,1,1,1,1,580,80,80,580.0,80.0,580.0,580,80,20.011627625193796,11942.583215394017
4492,0,1098,0,0,570828,571435,2157.372483,2159.373766,2.0012830000000577,10.097531990224963,8.7125,11.7875,1,1,1,1,607,80,80,607.0,80.0,607.0,607,80,20.20801911399394,11930.346682602767
4492,0,1099,0,0,571435,571990,2159.373766,2161.374203,2.0004369999996925,9.995773808336338,8.7125,11.7875,1,1,1,1,555,80,80,555.0,80.0,555.0,555,80,19.995915769824933,11772.927615317863
4492,0,1100,0,0,571990,572000,2161.374203,2161.407895,0.03369199999997363,9.949089058382226,8.7125,11.7875,1,1,1,1,10,1,1,10.0,1.0,10.0,10,1,0.3352047085536469,12228.422177381053
4492,0,1101,0,0,572000,572614,2161.407895,2163.409454,2.0015590000002703,10.081693627880751,8.7125,11.7875,1,1,1,1,614,80,80,614.0,80.0,614.0,614,80,20.179104616130644,12076.086690423183
4492,0,1102,0,0,572614,573211,2163.409454,2165.41374,2.0042859999998655,10.037564312329128,8.7125,11.7875,1,1,1,1,597,80,80,597.0,80.0,597.0,597,80,20.118149625301157,11996.790877151072
4492,0,1103,0,0,573211,573794,2165.41374,2167.418428,2.0046879999999874,10.202854397382627,8.7125,11.7875,1,1,1,1,583,80,80,583.0,80.0,583.0,583,80,20.45353977617924,12030.799805256554
4492,0,1104,0,0,573794,574349,2167.418428,2169.422686,2.004257999999936,9.941782286764264,8.7125,11.7875,1,1,1,1,555,80,80,555.0,80.0,555.0,555,80,19.925896682503662,12016.417048104968
4492,0,1105,0,0,574349,574928,2169.422686,2171.427821,2.0051350000003367,10.068056863199738,8.7125,11.7875,1,1,1,1,579,80,80,579.0,80.0,579.0,579,80,20.187813198393997,11896.954569141726
4492,0,1106,0,0,574928,575529,2171.427821,2173.428848,2.0010269999997945,10.374421023489449,8.7125,11.7875,1,1,1,1,601,80,80,601.0,80.0,601.0,601,80,20.759496577367827,12274.696943120969
4492,0,1107,0,0,575529,576063,2173.428848,2175.429194,2.0003459999998086,10.03674630903515,8.7125,11.7875,1,1,1,1,534,80,80,534.0,80.0,534.0,534,80,20.076965332289546,11927.936466992353
4492,0,1108,0,0,576063,576628,2175.429194,2177.432918,2.0037240000001475,10.082084116548375,8.7125,11.7875,1,1,1,1,565,80,80,565.0,80.0,565.0,565,80,20.201713914349966,12182.815597356823
4492,0,1109,0,0,576628,577214,2177.432918,2179.437698,2.00478000000021,10.064556235759612,8.7125,11.7875,1,1,1,1,586,80,80,586.0,81.0,586.0,586,81,20.177221050329536,12116.042658045999
4492,0,1110,0,0,577214,577834,2179.437698,2181.439975,2.0022769999995944,10.04827595962045,8.7125,11.7875,1,1,1,1,620,80,80,620.0,80.0,620.0,620,80,20.11943184359552,12015.819988945022
4492,0,1111,0,0,577834,578437,2181.439975,2183.441565,2.0015900000003057,10.043642063441041,8.7125,11.7875,1,1,1,1,603,80,80,603.0,79.0,603.0,603,79,20.103253517765552,11895.043440463014
4492,0,1112,0,0,578437,579006,2183.441565,2185.442022,2.0004570000000967,10.09474661824137,8.7125,11.7875,1,1,1,1,569,80,80,569.0,80.0,569.0,569,80,20.19410653568775,12142.725387248427
4492,0,1113,0,0,579006,579579,2185.442022,2187.446803,2.004780999999639,9.177643642655038,8.7125,11.7875,1,1,1,1,573,80,80,573.0,81.0,573.0,573,81,18.399165599563275,11155.83198364511
4492,0,1114,0,0,579579,579659,2187.446803,2189.449081,2.0022780000003877,0.9342900814838854,8.7125,11.7875,1,0,0,0,80,80,80,80.0,80.0,80.0,80,80,1.8707084757734265,435.00452984042744
4492,0,1115,0,0,579659,579739,2189.449081,2191.451358,2.0022769999995944,0.9359557441239258,8.7125,11.7875,1,0,0,0,80,80,80,80.0,80.0,80.0,80,80,1.874042659477709,419.52237377753937
4492,0,1116,0,0,579739,579819,2191.451358,2193.453634,2.0022760000001654,0.9361122370448389,8.7125,11.7875,1,0,0,0,80,80,80,80.0,80.0,80.0,80,80,1.8743550655417494,426.51462635517254
4492,0,1117,0,0,579819,579899,2193.453634,2195.455911,2.002277000000049,0.9343945331285893,8.7125,11.7875,1,0,0,0,80,80,80,80.0,80.0,80.0,80,80,1.8709166826083674,409.034314433008
4492,0,1118,0,0,579899,579979,2195.455911,2197.458189,2.002277999999933,0.9319482661608789,8.7125,11.7875,1,0,0,0,80,80,80,80.0,80.0,80.0,80,80,1.866019510471233,440.4982724676741
4492,0,1119,0,0,579979,580060,2197.458189,2199.460464,2.002274999999827,0.9315330520401038,8.7125,11.7875,1,0,0,0,81,80,80,81.0,80.0,81.0,81,80,1.8651853417723032,441.4977962567961
4492,0,1120,0,0,580060,580140,2199.460464,2201.46274,2.0022760000001654,0.9320010460376401,8.7125,11.7875,1,0,0,0,80,80,80,80.0,80.0,80.0,80,80,1.8661233264574548,407.5362237773077
4492,0,1121,0,0,580140,580220,2201.46274,2203.465019,2.0022790000002715,0.9334050252258166,8.7125,11.7875,1,0,0,0,80,80,80,80.0,80.0,80.0,80,80,1.8689372805056337,423.5174019204542
4492,0,1122,0,0,580220,580300,2203.465019,2205.467294,2.002274999999827,0.9344993558938532,8.7125,11.7875,1,0,0,0,80,80,80,80.0,80.0,80.0,80,80,1.8711246978236886,413.0301781723647
4492,0,1123,0,0,580300,580380,2205.467294,2207.469573,2.0022789999998167,0.9318958561047758,8.7125,11.7875,1,0,0,0,80,80,80,80.0,80.0,80.0,80,80,1.8659155028653913,416.52536934167335
4492,0,1124,0,0,580380,580525,2207.469573,2209.471848,2.0022750000002816,1.5607017115455522,8.7125,11.7875,1,0,0,0,145,80,80,145.0,80.0,145.0,145,80,3.1249540194839938,1700.0661747260099
4492,0,1125,0,0,580525,580675,2209.471848,2211.474125,2.002277000000049,1.9352869021305072,8.7125,11.7875,1,0,0,0,150,80,80,150.0,80.0,150.0,150,80,3.874980452535965,2377.2934514055164
4492,0,1126,0,0,580675,580831,2211.474125,2213.476401,2.0022759999997106,1.9911791545129631,8.7125,11.7875,1,0,0,0,156,80,80,156.0,80.0,156.0,156,80,3.9868902327798423,2487.169600994428
4492,0,1127,0,0,580831,581083,2213.476401,2215.478677,2.0022760000001654,3.343708955488481,8.7125,11.7875,1,0,0,1,252,80,80,252.0,80.0,252.0,252,80,6.69502819256013,4161.264481020255
4492,0,1128,0,0,581083,581393,2215.478677,2217.480955,2.002277999999933,4.5354816451226165,8.7125,11.7875,1,0,0,1,310,80,80,310.0,80.0,310.0,310,80,9.08129511743391,5684.52532565427
4492,0,1129,0,0,581393,581833,2217.480955,2219.481946,2.0009909999998854,6.973038682871631,8.7125,11.7875,1,0,0,1,440,80,80,440.0,79.0,440.0,440,79,13.952987647076952,8402.336642194274
4492,0,1130,0,0,581833,582342,2219.481946,2221.485388,2.0034420000001774,8.89618959716276,8.7125,11.7875,1,1,0,1,509,80,80,509.0,80.0,509.0,509,80,17.82299987892111,10630.704557455676
4492,0,1131,0,0,582342,582893,2221.485388,2223.485741,2.0003529999999046,9.733962333214548,8.7125,11.7875,1,1,1,1,551,80,80,551.0,80.0,551.0,551,80,19.471360755131172,11509.468578796392
4492,0,1132,0,0,582893,583431,2223.485741,2225.486426,2.000684999999976,9.654620754879845,8.7125,11.7875,1,1,1,1,538,80,80,538.0,80.0,538.0,538,80,19.31585492497834,11565.038974151494
4492,0,1133,0,0,583431,583997,2225.486426,2227.492347,2.005920999999944,9.92538762687994,8.7125,11.7875,1,1,1,1,566,80,80,566.0,81.0,566.0,566,81,19.909543473899248,11629.570656073021
4492,0,1134,0,0,583997,584573,2227.492347,2229.49462,2.0022730000000593,10.038199799275754,8.7125,11.7875,1,1,1,1,576,80,80,576.0,80.0,576.0,576,80,20.09921642669724,11867.01313956653
4492,0,1135,0,0,584573,585000,2229.49462,2230.948594,1.4539740000000165,9.951910795046127,8.7125,11.7875,1,1,1,1,427,59,59,427.0,58.0,427.0,427,58,14.469819546317012,11954.821750595129
4492,0,1136,0,0,585000,585583,2230.948594,2232.959233,2.010639000000083,10.03988060758229,8.7125,11.7875,1,1,1,1,583,80,80,583.0,80.0,583.0,583,80,20.18657550495118,12172.747071950256
4492,0,1137,0,0,585583,586100,2232.959233,2234.96191,2.0026769999999487,9.976483041115447,8.7125,11.7875,1,1,1,1,517,80,80,517.0,80.0,517.0,517,80,19.979673127330898,11862.621880613104
4492,0,1138,0,0,586100,586708,2234.96191,2236.963033,2.001123000000007,10.161433315128917,8.7125,11.7875,1,1,1,1,608,80,80,608.0,80.0,608.0,608,80,20.334277919871965,11999.762133561964
4492,0,1139,0,0,586708,587296,2236.963033,2238.963754,2.000720999999885,10.316814596768166,8.7125,11.7875,1,1,1,1,588,80,80,588.0,80.0,588.0,588,80,20.6410676168598,11960.688171914713
4492,0,1140,0,0,587296,587900,2238.963754,2240.965536,2.0017820000002757,10.325450284189264,8.7125,11.7875,1,1,1,1,604,80,80,604.0,80.0,604.0,604,80,20.669300520788966,12335.509061424571
4492,0,1141,0,0,587900,588522,2240.965536,2242.977168,2.011631999999736,10.380410653864168,8.7125,11.7875,1,1,1,1,622,80,80,622.0,80.0,622.0,622,80,20.88156624445037,12187.616820573156
4492,0,1142,0,0,588522,589095,2242.977168,2244.980249,2.003081000000293,10.32975055781791,8.7125,11.7875,1,1,1,1,573,80,80,573.0,80.0,573.0,573,80,20.691327077107417,12347.478709046904
4492,0,1143,0,0,589095,589717,2244.980249,2246.988173,2.0079240000000027,10.312615017093238,8.7125,11.7875,1,1,1,1,622,80,80,622.0,80.0,622.0,622,80,20.706947195580142,12340.108490161962
4492,0,1144,0,0,589717,590330,2246.988173,2248.988562,2.0003889999998137,10.264947063243632,8.7125,11.7875,1,1,1,1,613,80,80,614.0,80.0,613.0,613,80,20.533887190893438,12405.587113307618
4492,0,1145,0,0,590330,590968,2248.988562,2250.989434,2.000872000000072,10.386093920422423,8.7125,11.7875,1,1,1,1,638,80,80,638.0,80.0,638.0,638,80,20.781244514742866,12598.007268830335
4492,0,1146,0,0,590968,591597,2250.989434,2252.992857,2.0034230000001116,10.4504008377777,8.7125,11.7875,1,1,1,1,629,80,80,629.0,80.0,629.0,629,80,20.93657339762285,12382.80682611641
4492,0,1147,0,0,591597,592187,2252.992857,2254.998619,2.005761999999777,10.222533683937948,8.7125,11.7875,1,1,1,1,590,80,80,590.0,81.0,590.0,590,81,20.50396960696162,12328.980208022063
4492,0,1148,0,0,592187,592801,2254.998619,2257.000514,2.0018949999998767,10.320193738190488,8.7125,11.7875,1,1,1,1,614,80,80,614.0,79.0,614.0,614,79,20.659944243514474,12279.365301377702
4492,0,1149,0,0,592801,593441,2257.000514,2259.002329,2.0018150000000787,10.481075991787543,8.7125,11.7875,1,1,1,1,640,80,80,640.0,80.0,640.0,640,80,20.981175136501406,12584.5794941086
4492,0,1150,0,0,593441,594052,2259.002329,2261.002317,1.9999880000000303,10.36507093961794,8.7125,11.7875,1,1,1,1,611,80,80,611.0,80.0,611.0,611,80,20.730017498386587,12262.07357244125
4492,0,1151,0,0,594052,594646,2261.002317,2263.003637,2.0013199999998506,10.274058315010814,8.7125,11.7875,1,1,1,1,594,80,80,594.0,80.0,594.0,594,80,20.56167838699548,12306.877460876742
4492,0,1152,0,0,594646,595267,2263.003637,2265.008759,2.0051220000000285,10.340269604137802,8.7125,11.7875,1,1,1,1,621,80,80,622.0,80.0,621.0,621,80,20.733502069189854,12331.419235338124
4492,0,1153,0,0,595267,595864,2265.008759,2267.012278,2.003519000000324,10.240992718699006,8.7125,11.7875,1,1,1,1,597,80,80,597.0,81.0,597.0,597,81,20.518023490778432,12328.807463266385
4492,0,1154,0,0,595864,596455,2267.012278,2269.012644,2.000365999999758,10.096968190739767,8.7125,11.7875,1,1,1,1,591,80,80,591.0,79.0,591.0,591,79,20.197631871833437,11985.806597394127
4492,0,1155,0,0,596455,597034,2269.012644,2271.016832,2.0041879999998855,10.226148273794918,8.7125,11.7875,1,1,1,1,579,80,80,579.0,81.0,579.0,579,81,20.495123656557553,12088.187335719695
4492,0,1156,0,0,597034,597599,2271.016832,2273.019109,2.002277000000049,10.09214598858242,8.7125,11.7875,1,1,1,1,565,80,80,565.0,80.0,565.0,565,80,20.20727179358073,12047.783598372956
4492,0,1157,0,0,597599,598000,2273.019109,2274.313425,1.2943159999999807,10.11679223026541,8.7125,11.7875,1,1,1,1,401,52,52,402.0,51.0,401.0,401,51,13.094326052309043,12177.08812994681
4492,0,1158,0,0,598000,598600,2274.313425,2276.315725,2.0023000000001048,10.233007996831043,8.7125,11.7875,1,1,1,1,600,80,80,601.0,80.0,600.0,600,80,20.489551912054594,11985.716426109346
4492,0,1159,0,0,598600,599180,2276.315725,2278.318151,2.002426000000014,10.11612662792823,8.7125,11.7875,1,1,1,1,580,80,80,580.0,80.0,580.0,580,80,20.256794979057304,12104.317462917395
4492,0,1160,0,0,599180,599773,2278.318151,2280.31814,1.999988999999914,10.063199026400946,8.7125,11.7875,1,1,1,1,593,80,80,593.0,80.0,593.0,593,80,20.126287357612455,12009.566052613805
4492,0,1161,0,0,599773,600352,2280.31814,2282.318563,2.000422999999955,10.077100635333178,8.7125,11.7875,1,1,1,1,579,80,80,579.0,80.0,579.0,579,80,20.15846388423597,12316.39508244034
4492,0,1162,0,0,600352,600947,2282.318563,2284.31894,2.0003770000002987,10.092017280822153,8.7125,11.7875,1,1,1,1,595,80,80,595.0,80.0,595.0,595,80,20.18783925216121,12349.672086809791
4492,0,1163,0,0,600947,601531,2284.31894,2286.320273,2.001332999999704,10.11300811121965,8.7125,11.7875,1,1,1,1,584,80,80,584.0,80.0,584.0,584,80,20.239496862250235,12017.99000966034
4492,0,1164,0,0,601531,602112,2286.320273,2288.323317,2.0030440000000453,10.087886723850069,8.7125,11.7875,1,1,1,1,581,80,80,582.0,80.0,581.0,581,80,20.20648097488811,11968.28427133875
4492,0,1165,0,0,602112,602678,2288.323317,2290.325004,2.001686999999947,10.164766771182506,8.7125,11.7875,1,1,1,1,566,80,80,566.0,80.0,566.0,566,80,20.34668150390644,11970.402965099254
4492,0,1166,0,0,602678,603220,2290.325004,2292.325787,2.0007830000004105,10.012201924361705,8.7125,11.7875,1,1,1,1,542,80,80,542.0,80.0,542.0,542,80,20.032243402834865,12053.780944757653
4492,0,1167,0,0,603220,603854,2292.325787,2294.332411,2.006623999999647,10.112967326427315,8.7125,11.7875,1,1,1,1,634,80,80,635.0,80.0,634.0,634,80,20.29292294842162,12183.149409159016
4492,0,1168,0,0,603854,604441,2294.332411,2296.345631,2.013220000000274,10.068091551811062,8.7125,11.7875,1,1,1,1,587,80,80,587.0,81.0,587.0,587,81,20.269283273941255,12028.988386761856
4492,0,1169,0,0,604441,605032,2296.345631,2298.347088,2.0014569999998457,10.254157408223227,8.7125,11.7875,1,1,1,1,591,80,80,591.0,79.0,591.0,591,79,20.523255123789568,12483.405838847362
4492,0,1170,0,0,605032,605639,2298.347088,2300.350184,2.003095999999914,10.220174457217931,8.7125,11.7875,1,1,1,1,607,80,80,607.0,81.0,607.0,607,81,20.471990574555093,12364.859197962087
4492,0,1171,0,0,605639,606204,2300.350184,2302.351365,2.001181000000088,10.21659770544191,8.7125,11.7875,1,1,1,1,565,80,80,565.0,79.0,565.0,565,79,20.445261212775222,12237.273889767555
4492,0,1172,0,0,606204,606717,2302.351365,2304.353758,2.002393000000211,10.197936791478831,8.7125,11.7875,1,1,1,1,513,80,80,513.0,80.0,513.0,513,80,20.42027724570289,11996.646013044126
4492,0,1173,0,0,606717,607344,2304.353758,2306.357013,2.0032549999996263,10.28637375140627,8.7125,11.7875,1,1,1,1,627,80,80,627.0,81.0,627.0,627,81,20.606229649369197,12224.105268677511
4492,0,1174,0,0,607344,607934,2306.357013,2308.359291,2.0022780000003877,10.208815487385499,8.7125,11.7875,1,1,1,1,590,80,80,590.0,80.0,590.0,590,80,20.440886656455405,12050.774168220061
4492,0,1175,0,0,607934,608514,2308.359291,2310.361566,2.002274999999827,10.187389843688972,8.7125,11.7875,1,1,1,1,580,79,79,581.0,80.0,580.0,580,79,20.39795599926947,11844.526850708346
4492,0,1176,0,0,608514,609088,2310.361566,2312.363843,2.002277000000049,10.318989946180265,8.7125,11.7875,1,1,1,1,574,80,80,574.0,80.0,574.0,574,80,20.661476232467976,12165.649408148523
4492,0,1177,0,0,609088,609695,2312.363843,2314.366119,2.0022759999997106,10.265705642193728,8.7125,11.7875,1,1,1,1,607,80,80,608.0,80.0,607.0,607,80,20.554776030425273,12276.029878000612
4492,0,1178,0,0,609695,610272,2314.366119,2316.368398,2.0022790000002715,10.367689564733457,8.7125,11.7875,1,1,1,1,577,80,80,577.0,80.0,577.0,577,80,20.759007093987748,12108.702133916759
4492,0,1179,0,0,610272,610864,2316.368398,2318.370674,2.0022759999997106,10.131181227591052,8.7125,11.7875,1,1,1,1,592,80,80,592.0,80.0,592.0,592,80,20.285421023654635,12266.540676711676
4492,0,1180,0,0,610864,611000,2318.370674,2318.801135,0.4304610000003777,10.048479569639767,8.7125,11.7875,1,1,1,1,136,18,18,136.0,17.0,136.0,136,17,4.325478564031073,12149.765019352302
4492,0,1181,0,0,611000,611633,2318.801135,2320.808425,2.007290000000012,10.1920573236716,8.7125,11.7875,1,1,1,1,633,80,80,634.0,80.0,633.0,633,80,20.458414745233313,12639.429280273329
4492,0,1182,0,0,611633,612191,2320.808425,2322.811649,2.0032240000000456,10.293812175335804,8.7125,11.7875,1,1,1,1,558,80,80,558.0,80.0,558.0,558,80,20.62081160112575,12257.241326980627
4492,0,1183,0,0,612191,612780,2322.811649,2324.815432,2.0037829999996575,10.243620801498471,8.7125,11.7875,1,1,1,1,589,80,80,589.0,80.0,589.0,589,80,20.52599322048627,12185.950275056817
4492,0,1184,0,0,612780,613380,2324.815432,2326.819113,2.0036810000001424,10.410076960605544,8.7125,11.7875,1,1,1,1,600,80,80,600.0,80.0,600.0,600,80,20.85847341450426,12534.430380883092
4492,0,1185,0,0,613380,613973,2326.819113,2328.822202,2.003088999999818,10.292672347106503,8.7125,11.7875,1,1,1,1,593,80,80,593.0,80.0,593.0,593,80,20.617138759091176,12253.574354410728
4492,0,1186,0,0,613973,614573,2328.822202,2330.823185,2.0009830000003603,10.343921263155806,8.7125,11.7875,1,1,1,1,600,80,80,600.0,80.0,600.0,600,80,20.69801060091777,12183.511803946165
4492,0,1187,0,0,614573,615175,2330.823185,2332.824328,2.0011429999999564,10.262036776512817,8.7125,11.7875,1,1,1,1,602,80,80,603.0,80.0,602.0,602,80,20.535803061062325,12223.014547186549
4492,0,1188,0,0,615175,615790,2332.824328,2334.8364,2.012071999999989,10.182686538605497,8.7125,11.7875,1,1,1,1,615,80,80,615.0,80.0,615.0,615,80,20.488298469106667,11999.570591907312
4492,0,1189,0,0,615790,616389,2334.8364,2336.837813,2.001412999999957,10.240581977202606,8.7125,11.7875,1,1,1,1,599,80,80,599.0,80.0,599.0,599,80,20.495633896738582,12053.484213403492
4492,0,1190,0,0,616389,616966,2336.837813,2338.84103,2.0032169999999496,10.03413185378475,8.7125,11.7875,1,1,1,1,577,80,80,577.0,80.0,577.0,577,80,20.100543509743147,11918.329367213139
4492,0,1191,0,0,616966,617620,2338.84103,2340.84603,2.005000000000109,9.947372633332256,8.7125,11.7875,1,1,1,1,654,80,80,654.0,80.0,654.0,654,80,19.944482129831158,11983.541147131516
4492,0,1192,0,0,617620,618206,2340.84603,2342.848506,2.0024759999996604,9.931986443360579,8.7125,11.7875,1,1,1,1,586,80,80,586.0,81.0,586.0,586,81,19.88856448515071,11960.692662485873
4492,0,1193,0,0,618206,618799,2342.848506,2344.848992,2.0004860000003646,9.793280009656955,8.7125,11.7875,1,1,1,1,593,80,80,593.0,79.0,593.0,593,79,19.591319553401263,11734.64848041712
4492,0,1194,0,0,618799,619367,2344.848992,2346.853061,2.0040689999996175,9.961627561330197,8.7125,11.7875,1,1,1,1,568,80,80,569.0,81.0,568.0,568,81,19.963788985201973,11754.585296217094
4492,0,1195,0,0,619367,619954,2346.853061,2348.853448,2.000387000000046,9.864388609408628,8.7125,11.7875,1,1,1,1,587,80,80,587.0,79.0,587.0,587,79,19.732594737208274,11580.759123109412
4492,0,1196,0,0,619954,620564,2348.853448,2350.857611,2.0041630000000623,9.881726474298016,8.7125,11.7875,1,1,1,1,610,80,80,610.0,81.0,610.0,610,81,19.80459057590997,11965.094655474257
4492,0,1197,0,0,620564,621127,2350.857611,2352.858769,2.001158000000032,9.91205447896439,8.7125,11.7875,1,1,1,1,563,80,80,563.0,79.0,563.0,563,79,19.835587117016985,11916.100577765283
4492,0,1198,0,0,621127,621749,2352.858769,2354.86185,2.0030809999998382,9.944026125066783,8.7125,11.7875,1,1,1,1,622,80,80,622.0,80.0,622.0,622,80,19.918689794623788,11979.046279207849
4492,0,1199,0,0,621749,622355,2354.86185,2356.864442,2.002592000000277,9.90426143510311,8.7125,11.7875,1,1,1,1,606,80,80,606.0,81.0,606.0,606,81,19.834194715847843,11720.809830458104
4492,0,1200,0,0,622355,622915,2356.864442,2358.864525,2.000082999999904,9.952548969687122,8.7125,11.7875,1,1,1,1,560,80,80,560.0,79.0,560.0,560,79,19.905924000937375,12064.499323278662
4492,0,1201,0,0,622915,623506,2358.864525,2360.868996,2.004471000000194,10.023243875504061,8.7125,11.7875,1,1,1,1,591,80,80,591.0,81.0,591.0,591,81,20.091301674376155,12209.70520401524
4492,0,1202,0,0,623506,624000,2360.868996,2362.525249,1.6562529999996514,10.010647890388352,8.7125,11.7875,1,1,1,1,494,67,67,494.0,66.0,494.0,494,66,16.580165600396867,11841.186098986162
4492,0,1203,0,0,624000,624553,2362.525249,2364.53017,2.004921000000195,9.849218624384223,8.7125,11.7875,1,1,1,1,553,80,80,553.0,80.0,553.0,553,80,19.746905253621662,11766.04963487225
4492,0,1204,0,0,624553,625156,2364.53017,2366.530625,2.0004549999998744,9.860101140057829,8.7125,11.7875,1,1,1,1,603,80,80,603.0,80.0,603.0,603,80,19.724688626134594,12155.234684110128
4492,0,1205,0,0,625156,625771,2366.530625,2368.531791,2.001166000000012,9.935811270835963,8.7125,11.7875,1,1,1,1,615,80,80,615.0,80.0,615.0,615,80,19.883207697614125,12022.490887812333
4492,0,1206,0,0,625771,626354,2368.531791,2370.534851,2.003060000000005,9.932475883535137,8.7125,11.7875,1,1,1,1,583,80,80,583.0,80.0,583.0,583,80,19.895345143275335,11640.689744690595
4492,0,1207,0,0,626354,626888,2370.534851,2372.537194,2.00234300000011,9.912650577581497,8.7125,11.7875,1,1,1,1,534,80,80,534.0,80.0,534.0,534,80,19.848526495468832,11679.817094273418
4492,0,1208,0,0,626888,627501,2372.537194,2374.53911,2.001916000000165,9.962037254211504,8.7125,11.7875,1,1,1,1,613,80,80,613.0,80.0,613.0,613,80,19.943161771803716,12016.48820429929
4492,0,1209,0,0,627501,628123,2374.53911,2376.546112,2.0070019999998294,9.874093748604924,8.7125,11.7875,1,1,1,1,622,80,80,622.0,80.0,622.0,622,80,19.81732590163665,11799.689287804404
4492,0,1210,0,0,628123,628700,2376.546112,2378.54955,2.0034380000001875,9.925384990406997,8.7125,11.7875,1,1,1,1,577,80,80,577.0,80.0,577.0,577,80,19.884893454411213,11864.60474444319
4492,0,1211,0,0,628700,629245,2378.54955,2380.566391,2.0168409999996584,9.789556752848286,8.7125,11.7875,1,1,1,1,545,80,80,545.0,81.0,545.0,545,81,19.743979430968466,11486.279781105166
4492,0,1212,0,0,629245,629816,2380.566391,2382.568668,2.002277000000049,9.813730027777538,8.7125,11.7875,1,1,1,1,571,80,80,571.0,80.0,571.0,571,80,19.64980591882704,11708.170248172168
4492,0,1213,0,0,629816,630389,2382.568668,2384.570945,2.002277000000049,9.926553542361649,8.7125,11.7875,1,1,1,1,573,80,80,573.0,80.0,573.0,573,80,19.87570984713966,11904.44678733233
4492,0,1214,0,0,630389,630964,2384.570945,2386.573221,2.0022760000001654,9.765597470303073,8.7125,11.7875,1,1,1,1,575,80,80,575.0,80.0,575.0,575,80,19.55342144045062,11502.41025712644
4492,0,1215,0,0,630964,631557,2386.573221,2388.574833,2.001612000000023,9.91823100053056,8.7125,11.7875,1,1,1,1,593,80,80,594.0,79.0,593.0,593,79,19.85245018943533,11991.834581327314
4492,0,1216,0,0,631557,632150,2388.574833,2390.57498,2.0001469999997425,9.919520489747704,8.7125,11.7875,1,1,1,1,593,80,80,593.0,80.0,593.0,593,80,19.840499149006064,12010.617219635902
4492,0,1217,0,0,632150,632741,2390.57498,2392.580051,2.0050710000000436,9.95352316134274,8.7125,11.7875,1,1,1,1,591,80,80,592.0,81.0,591.0,591,81,19.957520638636197,12042.466326628572
4492,0,1218,0,0,632741,633297,2392.580051,2394.582328,2.002277000000049,9.944663589905591,8.7125,11.7875,1,1,1,1,556,80,80,557.0,80.0,557.0,556,80,19.91197117880438,11772.097467033493
4492,0,1219,0,0,633297,633883,2394.582328,2396.582668,2.000340000000051,10.168357096704996,8.7125,11.7875,1,1,1,1,586,80,80,585.0,79.0,585.0,586,79,20.34017143482197,12282.411989961392
4492,0,1220,0,0,633883,634494,2396.582668,2398.586882,2.0042140000000472,10.186765595341562,8.7125,11.7875,1,1,1,1,611,80,80,612.0,81.0,611.0,611,81,20.416458220901404,12174.8475961147
4492,0,1221,0,0,634494,635078,2398.586882,2400.589157,2.002274999999827,10.191553077167917,8.7125,11.7875,1,1,1,1,584,80,80,584.0,80.0,584.0,584,80,20.406291937582864,12389.906481378504
4492,0,1222,0,0,635078,635648,2400.589157,2402.591434,2.002277000000049,10.161255595301835,8.7125,11.7875,1,1,1,1,570,80,80,570.0,80.0,570.0,570,80,20.345648369595438,12082.24436479039
4492,0,1223,0,0,635648,636286,2402.591434,2404.592159,2.000724999999875,10.172843201639186,8.7125,11.7875,1,1,1,1,638,80,80,638.0,79.0,638.0,638,79,20.35306171459888,12133.60156943184
4492,0,1224,0,0,636286,636843,2404.592159,2406.5927,2.0005410000003394,10.188605600345335,8.7125,11.7875,1,1,1,1,557,80,80,557.0,80.0,557.0,557,80,20.382723236325546,12201.699440299328
4492,0,1225,0,0,636843,637000,2406.5927,2407.050068,0.45736799999986033,10.129060432998719,8.7125,11.7875,1,1,1,1,157,19,19,157.0,19.0,157.0,157,19,4.632708112119872,12364.22312011712
4492,0,1226,0,0,637000,637608,2407.050068,2409.050193,2.0001250000000255,10.143277156722853,8.7125,11.7875,1,1,1,1,608,80,80,612.0,80.0,608.0,608,80,20.28782222309019,12596.71270545575
4492,0,1227,0,0,637608,638240,2409.050193,2411.051054,2.0008609999999862,10.329542054673407,8.7125,11.7875,1,1,1,1,632,79,79,632.0,80.0,632.0,632,80,20.667977845056157,12307.201749646862
4492,0,1228,0,0,638240,638820,2411.051054,2413.051394,2.000340000000051,10.275820332591758,8.7125,11.7875,1,1,1,1,580,80,80,580.0,79.0,580.0,580,79,20.555134444097348,12219.922613155451
4492,0,1229,0,0,638820,639419,2413.051394,2415.051794,2.0003999999998996,10.210510549760928,8.7125,11.7875,1,1,1,1,599,80,80,599.0,80.0,599.0,599,80,20.425105303740565,12137.072585483513
4492,0,1230,0,0,639419,640015,2415.051794,2417.053038,2.0012440000000424,10.268974150407086,8.7125,11.7875,1,1,1,1,596,80,80,596.0,80.0,596.0,596,80,20.55072290465614,12252.379020249145
4492,0,1231,0,0,640015,640588,2417.053038,2419.05844,2.0054019999997763,10.287568818874137,8.7125,11.7875,1,1,1,1,573,80,80,573.0,80.0,573.0,573,80,20.630711084504583,12361.112634774856
4492,0,1232,0,0,640588,641185,2419.05844,2421.062437,2.003997000000254,10.235163993341963,8.7125,11.7875,1,1,1,1,597,80,80,597.0,81.0,597.0,597,81,20.511237937167607,12046.92422194092
4492,0,1233,0,0,641185,641798,2421.062437,2423.063586,2.0011490000001686,10.127614685831048,8.7125,11.7875,1,1,1,1,613,80,80,613.0,79.0,613.0,613,79,20.266866000936716,12308.428807648968
4492,0,1234,0,0,641798,642426,2423.063586,2425.066229,2.002642999999807,10.256991414657588,8.7125,11.7875,1,1,1,1,628,80,80,628.0,80.0,628.0,628,80,20.541092057621427,12524.948280848066
4492,0,1235,0,0,642426,642980,2425.066229,2427.069266,2.0030369999999493,10.2555837702246,8.7125,11.7875,1,1,1,1,554,80,80,554.0,81.0,554.0,554,81,20.542313748359447,12050.701010515837
4492,0,1236,0,0,642980,643572,2427.069266,2429.071544,2.002277999999933,10.214227682801333,8.7125,11.7875,1,1,1,1,592,80,80,593.0,80.0,592.0,592,80,20.451723376263544,12339.445371722022
4492,0,1237,0,0,643572,644169,2429.071544,2431.073819,2.0022750000002816,10.229698703916483,8.7125,11.7875,1,1,1,1,597,80,80,597.0,80.0,597.0,597,80,20.482669972388976,12142.188260851572
4492,0,1238,0,0,644169,644801,2431.073819,2433.076097,2.002277999999933,10.187843230160224,8.7125,11.7875,1,1,1,1,632,80,80,632.0,80.0,632.0,632,80,20.3988943671975,12248.049471652199
4492,0,1239,0,0,644801,645425,2433.076097,2435.078372,2.002274999999827,10.101523153185704,8.7125,11.7875,1,1,1,1,624,80,80,624.0,80.0,624.0,624,80,20.22602727154299,12084.25416089303
4492,0,1240,0,0,645425,646052,2435.078372,2437.08065,2.002277999999933,10.375136415673738,8.7125,11.7875,1,1,1,1,627,80,80,627.0,80.0,627.0,627,80,20.773907392100227,12417.356630797938
4492,0,1241,0,0,646052,646620,2437.08065,2439.082927,2.002277000000049,10.108174421466138,8.7125,11.7875,1,1,1,1,568,80,80,568.0,80.0,568.0,568,80,20.239365156088752,12129.190916141675
4492,0,1242,0,0,646620,647194,2439.082927,2441.084716,2.001788999999917,10.166809194979402,8.7125,11.7875,1,1,1,1,574,80,80,574.0,79.0,574.0,574,79,20.351806811606366,12020.247888264446
4492,0,1243,0,0,647194,647776,2441.084716,2443.086147,2.0014310000001387,10.32150063936675,8.7125,11.7875,1,1,1,1,582,80,80,582.0,80.0,582.0,582,80,20.657771346148365,12202.768918837724
4492,0,1244,0,0,647776,648373,2443.086147,2445.087074,2.000927000000047,10.233597081665094,8.7125,11.7875,1,1,1,1,597,80,80,597.0,80.0,597.0,597,80,20.476680707826745,12246.323828905015
4492,0,1245,0,0,648373,649012,2445.087074,2447.092033,2.0049589999998716,10.20804954549769,8.7125,11.7875,1,1,1,1,639,80,80,639.0,81.0,639.0,639,81,20.466720808690297,12412.722654179759
4492,0,1246,0,0,649012,649566,2447.092033,2449.09431,2.002277000000049,10.098234711463572,8.7125,11.7875,1,1,1,1,554,80,80,554.0,80.0,554.0,554,80,20.21946310336716,11929.91778859739
4492,0,1247,0,0,649566,650000,2449.09431,2450.648295,1.5539850000000115,10.188072570336542,8.7125,11.7875,1,1,1,1,434,63,63,434.0,62.0,434.0,434,62,15.832111953215644,12126.886681660286
4492,0,1248,0,0,650000,650271,2450.648295,2451.570249,0.9219539999999142,10.32352514016195,8.7125,11.7875,1,1,1,1,271,36,36,271.0,36.0,271.0,271,36,9.517815297072957,12267.423320470492
