run,component,index,segment_start,segment_end,ev_start,ev_end,t_start,t_end,dt,current,low,high,covered,nominal,stable,beam2,N,E_raw,E_tight,S,D,A,N_alt,E_alt,charge_uC,s1x_rate
4354,0,0,0,0,1,1065,0.002875,2.005134,2.002259,19.373457593215203,16.787499999999998,22.7125,1,1,1,1,1064,80,80,1065.0,80.0,1064.0,1064,80,38.79067982713348,23309.671725785724
4354,0,1,0,0,1065,2231,2.005134,4.005562,2.0004280000000003,19.528320006518705,16.787499999999998,22.7125,1,1,1,1,1166,80,80,1167.0,79.0,1166.0,1166,79,39.06499813400021,24259.308507979287
4354,0,2,0,0,2231,3288,4.005562,6.00747,2.0019079999999994,19.819505696410896,16.787499999999998,22.7125,1,1,1,1,1057,80,80,1057.0,80.0,1057.0,1057,80,39.67682700969053,24005.598658879437
4354,0,3,0,0,3288,4384,6.00747,8.010032,2.002562000000001,19.74914708177756,16.787499999999998,22.7125,1,1,1,1,1096,80,80,1096.0,80.0,1096.0,1096,80,39.548891478378664,23838.962289307383
4354,0,4,0,0,4384,5485,8.010032,10.010603,2.000570999999999,19.88397874921038,16.787499999999998,22.7125,1,1,1,1,1101,77,77,1153.0,80.0,1101.0,1101,77,39.779311250286526,23873.184205909223
4354,0,5,0,0,5485,6534,10.010603,12.011734,2.001131000000001,19.756311389789445,16.787499999999998,22.7125,1,1,1,1,1049,80,80,1050.0,80.0,1049.0,1049,80,39.534967167760755,23116.927377567976
4354,0,6,0,0,6534,7551,12.011734,14.012523,2.0007889999999993,19.775591827502748,16.787499999999998,22.7125,1,1,1,1,1017,80,80,1017.0,80.0,1017.0,1017,80,39.56678659695737,23513.723835946726
4354,0,7,0,0,7551,8620,14.012523,16.013369,2.000846000000001,19.661608938835347,16.787499999999998,22.7125,1,1,1,1,1069,80,80,1070.0,80.0,1070.0,1069,80,39.33985159883298,24050.326711800895
4354,0,8,0,0,8620,9718,16.013369,18.013335,1.9999660000000006,19.722276378729692,16.787499999999998,22.7125,1,1,1,1,1098,80,80,1097.0,80.0,1097.0,1098,80,39.443882200062546,23549.900348305913
4354,0,9,0,0,9718,10871,18.013335,20.013798,2.000463,19.93525429450766,16.787499999999998,22.7125,1,1,1,1,1153,80,80,1154.0,80.0,1153.0,1153,80,39.87973861175368,24731.274709904657
4354,0,10,0,0,10871,11909,20.013798,22.019261,2.005462999999999,19.61720057323524,16.787499999999998,22.7125,1,1,1,1,1038,80,80,1038.0,80.0,1038.0,1038,80,39.34156991320202,23623.971122877872
4354,0,11,0,0,11909,13000,22.019261,23.980132,1.960871000000001,19.653184618400417,16.787499999999998,22.7125,1,1,1,1,1091,78,78,1092.0,79.0,1091.0,1091,79,38.53735977586746,23288.120432195683
4354,0,12,0,0,13000,14092,23.980132,25.980737,2.000605,19.705517282282916,16.787499999999998,22.7125,1,1,1,1,1092,80,80,1093.0,79.0,1092.0,1092,79,39.422956402521606,24077.71649076154
4354,0,13,0,0,14092,15167,25.980737,27.980944,2.0002069999999996,19.802596709921364,16.787499999999998,22.7125,1,1,1,1,1075,80,80,1075.0,80.0,1075.0,1075,80,39.6092925573617,23656.5515469149
4354,0,14,0,0,15167,16225,27.980944,29.981734,2.0007899999999985,19.73089822028376,16.787499999999998,22.7125,1,1,1,1,1058,80,80,1058.0,80.0,1058.0,1058,80,39.47738385016157,23342.779602057206
4354,0,15,0,0,16225,17257,29.981734,31.985057,2.0033230000000017,19.60767978507199,16.787499999999998,22.7125,1,1,1,1,1032,80,80,1033.0,80.0,1032.0,1032,80,39.280515890069864,23757.526869106958
4354,0,16,0,0,17257,18322,31.985057,33.98734,2.002283000000002,19.740579520006495,16.787499999999998,22.7125,1,1,1,1,1065,80,80,1065.0,80.0,1065.0,1065,80,39.526226783057155,23656.496109690765
4354,0,17,0,0,18322,19406,33.98734,35.988174,2.0008339999999976,19.721563214839446,16.787499999999998,22.7125,1,1,1,1,1084,80,80,1084.0,80.0,1084.0,1084,80,39.45957421340006,23785.081620964087
4354,0,18,0,0,19406,20465,35.988174,37.988519,2.000344999999996,19.69617698772328,16.787499999999998,22.7125,1,1,1,1,1059,80,80,1059.0,80.0,1059.0,1059,80,39.39914915650729,23959.367009190966
4354,0,19,0,0,20465,21544,37.988519,39.990463,2.0019440000000017,19.84075308205445,16.787499999999998,22.7125,1,1,1,1,1079,80,80,1079.0,80.0,1079.0,1079,80,39.72007658810048,23670.991795974292
4354,0,20,0,0,21544,22655,39.990463,41.991146,2.000683000000002,19.78324381576612,16.787499999999998,22.7125,1,1,1,1,1111,80,80,1111.0,80.0,1111.0,1111,80,39.57999958705841,23946.822160232256
4354,0,21,0,0,22655,23735,41.991146,43.99195,2.0008040000000022,19.80304670653582,16.787499999999998,22.7125,1,1,1,1,1080,80,80,1080.0,80.0,1080.0,1080,80,39.622015062623746,23968.364717383585
4354,0,22,0,0,23735,24766,43.99195,45.992053,2.0001029999999957,19.788664608738827,16.787499999999998,22.7125,1,1,1,1,1031,80,80,1031.0,80.0,1031.0,1031,80,39.579367449932306,23431.793262647025
4354,0,23,0,0,24766,25840,45.992053,47.992129,2.000076,19.734070349361318,16.787499999999998,22.7125,1,1,1,1,1074,80,80,1074.0,80.0,1074.0,1074,80,39.46964048806922,23831.59439941282
4354,0,24,0,0,25840,26000,47.992129,48.295928,0.30379900000000504,19.896934447667924,16.787499999999998,22.7125,1,1,1,1,160,12,12,160.0,12.0,160.0,160,12,6.044668788267131,23308.174154621585
4354,0,25,0,0,26000,27145,48.295928,50.299153,2.0032249999999934,19.9243651764807,16.787499999999998,22.7125,1,1,1,1,1145,80,80,1148.0,80.0,1145.0,1145,80,39.91298643065545,24266.869672652927
4354,0,26,0,0,27145,28221,50.299153,52.301158,2.002005000000004,19.78810694685576,16.787499999999998,22.7125,1,1,1,1,1076,80,80,1076.0,80.0,1076.0,1076,80,39.615889048139934,24129.809865609677
4354,0,27,0,0,28221,29306,52.301158,54.303336,2.0021780000000007,19.79229454707859,16.787499999999998,22.7125,1,1,1,1,1085,80,80,1085.0,80.0,1085.0,1085,80,39.627696711680755,23943.425609511232
4354,0,28,0,0,29306,30367,54.303336,56.305203,2.001866999999997,19.714712571571475,16.787499999999998,22.7125,1,1,1,1,1061,80,80,1061.0,80.0,1061.0,1061,80,39.46623251151391,23487.074815659616
4354,0,29,0,0,30367,31476,56.305203,58.305772,2.0005689999999987,19.705243414932845,16.787499999999998,22.7125,1,1,1,1,1109,80,80,1109.0,80.0,1109.0,1109,80,39.42169911336873,23502.813449573612
4354,0,30,0,0,31476,32552,58.305772,60.308016,2.0022440000000046,19.621473646653854,16.787499999999998,22.7125,1,1,1,1,1076,80,80,1076.0,80.0,1076.0,1076,80,39.28697788017098,23985.088730444386
4354,0,31,0,0,32552,33660,60.308016,62.307997,1.9999809999999982,19.57812519501317,16.787499999999998,22.7125,1,1,1,1,1108,80,80,1108.0,80.0,1108.0,1108,80,39.15587840564763,23557.22379362606
4354,0,32,0,0,33660,34761,62.307997,64.309963,2.001965999999996,19.84761574318786,16.787499999999998,22.7125,1,1,1,1,1101,80,80,1101.0,80.0,1101.0,1101,80,39.734251898926686,24079.829527574442
4354,0,33,0,0,34761,35859,64.309963,66.312155,2.002192000000008,19.77524365545016,16.787499999999998,22.7125,1,1,1,1,1098,80,80,1098.0,80.0,1098.0,1098,80,39.593834644993194,23820.39284943692
4354,0,34,0,0,35859,36979,66.312155,68.315151,2.002995999999996,19.725921531513116,16.787499999999998,22.7125,1,1,1,1,1120,80,80,1120.0,80.0,1120.0,1120,80,39.510941923934524,23907.686285943702
4354,0,35,0,0,36979,38062,68.315151,70.316935,2.0017840000000007,19.70334161292511,16.787499999999998,22.7125,1,1,1,1,1083,80,80,1083.0,80.0,1083.0,1083,80,39.44183398728774,23311.7059582852
4354,0,36,0,0,38062,39000,70.316935,71.967853,1.6509180000000043,19.644078986962242,16.787499999999998,22.7125,1,1,1,1,938,66,66,939.0,66.0,938.0,938,66,32.43076359299789,23709.839010780608
4354,0,37,0,0,39000,40059,71.967853,73.968737,2.000883999999999,19.743624348360008,16.787499999999998,22.7125,1,1,1,1,1059,78,78,1091.0,80.0,1059.0,1059,78,39.50470206064392,23892.939320820205
4354,0,38,0,0,40059,41080,73.968737,75.971391,2.0026539999999926,19.845649854736198,16.787499999999998,22.7125,1,1,1,1,1021,80,80,1021.0,80.0,1021.0,1021,80,39.74397006418667,23802.414196361515
4354,0,39,0,0,41080,42141,75.971391,77.979635,2.008244000000005,19.601403738806827,16.787499999999998,22.7125,1,1,1,1,1061,80,80,1062.0,80.0,1061.0,1061,80,39.36440145003644,23492.165294655373
4354,0,40,0,0,42141,43292,77.979635,79.982327,2.002691999999996,19.759532177972325,16.787499999999998,22.7125,1,1,1,1,1151,80,80,1151.0,80.0,1151.0,1151,80,39.57225701656762,24292.801888657912
4354,0,41,0,0,43292,44442,79.982327,81.98273,2.0004030000000057,19.784840129591398,16.787499999999998,22.7125,1,1,1,1,1150,80,80,1150.0,80.0,1150.0,1150,80,39.57765354975504,23607.243140507122
4354,0,42,0,0,44442,45464,81.98273,83.983814,2.0010839999999916,19.869401331316062,16.787499999999998,22.7125,1,1,1,1,1022,80,80,1022.0,80.0,1022.0,1022,80,39.76034109367515,23381.82704973914
4354,0,43,0,0,45464,46518,83.983814,85.984204,2.00039000000001,19.649951588084594,16.787499999999998,22.7125,1,1,1,1,1054,80,80,1055.0,80.0,1054.0,1054,80,39.30756665728882,23855.848109618502
4354,0,44,0,0,46518,47587,85.984204,87.985004,2.000799999999998,19.898546322848393,16.787499999999998,22.7125,1,1,1,1,1069,80,80,1069.0,80.0,1069.0,1069,80,39.81301148275497,24260.295881647362
4354,0,45,0,0,47587,48651,87.985004,89.986084,2.0010800000000017,19.839551627012508,16.787499999999998,22.7125,1,1,1,1,1064,80,80,1064.0,80.0,1064.0,1064,80,39.70052996978234,24279.88886001557
4354,0,46,0,0,48651,49723,89.986084,91.98687,2.000785999999991,19.79811938357542,16.787499999999998,22.7125,1,1,1,1,1072,80,80,1072.0,80.0,1072.0,1072,80,39.61180008898623,23694.687987620975
4354,0,47,0,0,49723,50811,91.98687,93.986894,2.0000240000000105,19.533893140223967,16.787499999999998,22.7125,1,1,1,1,1088,80,80,1088.0,80.0,1088.0,1088,80,39.06825509388341,23377.219473366196
4354,0,48,0,0,50811,51879,93.986894,95.987008,2.0001139999999964,19.795694071508606,16.787499999999998,22.7125,1,1,1,1,1068,79,79,1068.0,80.0,1068.0,1068,80,39.593644852141324,23867.639544546004
4354,0,49,0,0,51879,52000,95.987008,96.24288,0.25587199999999655,19.80513016224717,16.787499999999998,22.7125,1,1,1,1,121,11,11,121.0,10.0,121.0,121,10,5.067578264874328,23386.693346673652
4354,0,50,0,0,52000,53132,96.24288,98.243563,2.000682999999995,19.72183933994298,16.787499999999998,22.7125,1,1,1,1,1132,80,80,1134.0,80.0,1132.0,1132,80,39.457148696154945,23535.962468816957
4354,0,51,0,0,53132,54213,98.243563,100.245241,2.0016779999999983,19.72056426433779,16.787499999999998,22.7125,1,1,1,1,1081,80,80,1081.0,80.0,1081.0,1081,80,39.47421963551119,23650.157517842552
4354,0,52,0,0,54213,55310,100.245241,102.246969,2.001728000000014,19.670988937434547,16.787499999999998,22.7125,1,1,1,1,1097,80,80,1099.0,80.0,1098.0,1097,80,39.37596934375324,23684.536560411638
4354,0,53,0,0,55310,56387,102.246969,104.250223,2.0032539999999983,19.59347226495129,16.787499999999998,22.7125,1,1,1,1,1077,80,80,1076.0,80.0,1076.0,1077,80,39.250701688652725,23376.46648902238
4354,0,54,0,0,56387,57484,104.250223,106.251399,2.001176000000001,19.98289227378502,16.787499999999998,22.7125,1,1,1,1,1097,80,80,1099.0,80.0,1097.0,1097,80,39.98928442888382,24192.774648506667
4354,0,55,0,0,57484,58596,106.251399,108.251615,2.0002159999999947,19.779274551279638,16.787499999999998,22.7125,1,1,1,1,1112,80,80,1113.0,80.0,1112.0,1112,80,39.56282142586224,24313.87410159709
4354,0,56,0,0,58596,59562,108.251615,110.253231,2.0016159999999985,19.53886362580316,16.787499999999998,22.7125,1,1,1,1,966,79,79,966.0,80.0,966.0,966,80,39.109302055225726,23391.599587533292
4354,0,57,0,0,59562,60604,110.253231,112.255508,2.0022770000000065,19.559745786210915,16.787499999999998,22.7125,1,1,1,1,1042,80,80,1042.0,80.0,1042.0,1042,80,39.16402911357727,23062.24363562077
4354,0,58,0,0,60604,61645,112.255508,114.257784,2.002275999999995,19.524315951974888,16.787499999999998,22.7125,1,1,1,1,1041,80,80,1041.0,80.0,1041.0,1041,80,39.09306924705652,23572.174865003686
4354,0,59,0,0,61645,62754,114.257784,116.260062,2.002278000000004,19.648933256809556,16.787499999999998,22.7125,1,1,1,1,1109,80,80,1109.0,80.0,1109.0,1109,80,39.342626783578,23595.12515245131
4354,0,60,0,0,62754,63788,116.260062,118.262338,2.002275999999995,19.660505659137424,16.787499999999998,22.7125,1,1,1,1,1034,80,80,1035.0,80.0,1034.0,1034,80,39.36575862915515,23713.514021044113
4354,0,61,0,0,63788,64886,118.262338,120.262712,2.0003739999999937,19.582234120239793,16.787499999999998,22.7125,1,1,1,1,1098,80,80,1098.0,79.0,1098.0,1098,79,39.17179199604061,23388.126420359466
4354,0,62,0,0,64886,65000,120.262712,120.464849,0.20213700000000756,19.58995709411088,16.787499999999998,22.7125,1,1,1,1,114,8,8,115.0,9.0,114.0,114,9,3.9598551571325515,22742.001711709523
4354,0,63,0,0,65000,66001,120.464849,122.464917,2.000067999999999,19.494967318657284,16.787499999999998,22.7125,1,1,1,1,1001,80,80,1002.0,79.0,1001.0,1001,79,38.99126029509216,23210.710835831596
4354,0,64,0,0,66001,67125,122.464917,124.466637,2.001720000000006,19.73811343126431,16.787499999999998,22.7125,1,1,1,1,1124,80,80,1124.0,80.0,1124.0,1124,80,39.510176417630646,24220.670223607627
4354,0,65,0,0,67125,68254,124.466637,126.471673,2.00503599999999,19.915012963909025,16.787499999999998,22.7125,1,1,1,1,1129,80,80,1129.0,81.0,1129.0,1129,81,39.93031793310411,24393.078229019455
4354,0,66,0,0,68254,69320,126.471673,128.472772,2.0010989999999964,19.794636083952053,16.787499999999998,22.7125,1,1,1,1,1066,80,80,1067.0,79.0,1066.0,1066,79,39.611026472960475,23683.48592448454
4354,0,67,0,0,69320,70402,128.472772,130.475298,2.0025260000000173,19.657866982917778,16.787499999999998,22.7125,1,1,1,1,1082,80,80,1082.0,80.0,1082.0,1082,80,39.3653897378349,23930.276061334327
4354,0,68,0,0,70402,71522,130.475298,132.477072,2.0017739999999833,19.664451056212563,16.787499999999998,22.7125,1,1,1,1,1120,80,80,1120.0,80.0,1120.0,1120,80,39.363786848598465,23764.420958609913
4354,0,69,0,0,71522,72627,132.477072,134.477743,2.000671000000011,19.582584672882778,16.787499999999998,22.7125,1,1,1,1,1105,80,80,1105.0,80.0,1105.0,1105,80,39.17830926008128,23492.118394278586
4354,0,70,0,0,72627,73685,134.477743,136.478908,2.001164999999986,19.524843431561518,16.787499999999998,22.7125,1,1,1,1,1058,80,80,1059.0,80.0,1058.0,1058,80,39.07243330572055,23620.740918415187
4354,0,71,0,0,73685,74738,136.478908,138.481546,2.002638000000019,19.755116871951266,16.787499999999998,22.7125,1,1,1,1,1053,80,80,1053.0,80.0,1053.0,1053,80,39.56234774221093,23162.948071493483
4354,0,72,0,0,74738,75823,138.481546,140.48224,2.0006939999999815,19.576424458362393,16.787499999999998,22.7125,1,1,1,1,1085,80,80,1086.0,80.0,1085.0,1085,80,39.16643495529843,23984.677316971232
4354,0,73,0,0,75823,76923,140.48224,142.486629,2.0043890000000033,19.663791197265603,16.787499999999998,22.7125,1,1,1,1,1100,80,80,1100.0,80.0,1100.0,1100,80,39.41388677409623,24100.611208702463
4354,0,74,0,0,76923,77989,142.486629,144.487688,2.001058999999998,20.0184690703199,16.787499999999998,22.7125,1,1,1,1,1066,80,80,1066.0,80.0,1066.0,1066,80,40.05813769938504,24147.214050160466
4354,0,75,0,0,77989,78000,144.487688,144.510899,0.023211000000003423,20.20904350903131,16.787499999999998,22.7125,1,1,1,1,11,1,1,11.0,1.0,11.0,11,1,0.4690721088882128,24514.238938430746
4354,0,76,0,0,78000,79076,144.510899,146.513951,2.0030519999999967,19.84117244004481,16.787499999999998,22.7125,1,1,1,1,1076,80,80,1077.0,80.0,1076.0,1076,80,39.742900138376626,23558.050415066646
4354,0,77,0,0,79076,80172,146.513951,148.515701,2.0017500000000155,19.742817680668683,16.787499999999998,22.7125,1,1,1,1,1096,80,80,1096.0,80.0,1096.0,1096,80,39.52018529227871,23713.250905457542
4354,0,78,0,0,80172,81328,148.515701,150.518631,2.002929999999992,19.791230306806607,16.787499999999998,22.7125,1,1,1,1,1156,80,80,1156.0,80.0,1156.0,1156,80,39.64044891841195,23671.32151398211
4354,0,79,0,0,81328,82399,150.518631,152.520479,2.0018479999999954,19.689756986103706,16.787499999999998,22.7125,1,1,1,1,1071,80,80,1071.0,80.0,1071.0,1071,80,39.415900643117766,23486.798198464672
4354,0,80,0,0,82399,83433,152.520479,154.523361,2.0028819999999996,19.85803144539616,16.787499999999998,22.7125,1,1,1,1,1034,80,80,1034.0,80.0,1034.0,1034,80,39.773293737418044,23737.793839077895
4354,0,81,0,0,83433,84496,154.523361,156.526291,2.002929999999992,19.82608598492827,16.787499999999998,22.7125,1,1,1,1,1063,80,80,1063.0,80.0,1063.0,1063,80,39.71026240179208,23438.163091071674
4354,0,82,0,0,84496,85611,156.526291,158.527245,2.0009540000000072,19.606035771619375,16.787499999999998,22.7125,1,1,1,1,1115,80,80,1115.0,80.0,1115.0,1115,80,39.23077570136502,23699.195483754163
4354,0,83,0,0,85611,86659,158.527245,160.5312,2.003955000000019,19.58294156877747,16.787499999999998,22.7125,1,1,1,1,1048,80,80,1048.0,80.0,1048.0,1048,80,39.24333367145982,23386.253683340972
4354,0,84,0,0,86659,87775,160.5312,162.531387,2.0001869999999826,19.53434858753717,16.787499999999998,22.7125,1,1,1,1,1116,80,80,1116.0,80.0,1116.0,1116,80,39.0723500982599,24043.251955942327
4354,0,85,0,0,87775,88883,162.531387,164.531825,2.0004380000000026,19.91299893038333,16.787499999999998,22.7125,1,1,1,1,1108,80,80,1109.0,80.0,1109.0,1108,80,39.83471975429802,24137.71384066886
4354,0,86,0,0,88883,89966,164.531825,166.53251,2.0006850000000043,19.660727892631712,16.787499999999998,22.7125,1,1,1,1,1083,80,80,1082.0,80.0,1082.0,1083,80,39.334923383869864,23513.4466445242
4354,0,87,0,0,89966,91000,166.53251,168.457769,1.9252590000000112,19.727350757297074,16.787499999999998,22.7125,1,1,1,1,1034,77,77,1034.0,77.0,1034.0,1034,77,37.98025959164306,23372.959170688067
4354,0,88,0,0,91000,92069,168.457769,170.461202,2.0034329999999727,19.824433030340035,16.787499999999998,22.7125,1,1,1,1,1069,80,80,1070.0,80.0,1069.0,1069,80,39.71692333927285,23815.620487433644
4354,0,89,0,0,92069,93136,170.461202,172.462837,2.0016350000000216,19.7024514810396,16.787499999999998,22.7125,1,1,1,1,1067,80,80,1067.0,80.0,1067.0,1067,80,39.43711647025111,23581.721942311906
4354,0,90,0,0,93136,94175,172.462837,174.463429,2.0005919999999833,19.6769977764191,16.787499999999998,22.7125,1,1,1,1,1039,80,80,1039.0,80.0,1039.0,1039,80,39.365644335521665,23775.46246311112
4354,0,91,0,0,94175,95232,174.463429,176.463711,2.0002819999999986,19.499153224271915,16.787499999999998,22.7125,1,1,1,1,1057,80,80,1057.0,80.0,1057.0,1057,80,39.003805209752954,23750.651158186713
4354,0,92,0,0,95232,96306,176.463711,178.47093,2.0072190000000205,19.642774291107997,16.787499999999998,22.7125,1,1,1,1,1074,80,80,1074.0,80.0,1074.0,1074,80,39.427349769824104,24102.00381722149
4354,0,93,0,0,96306,97370,178.47093,180.473156,2.002225999999979,19.88123228089629,16.787499999999998,22.7125,1,1,1,1,1064,80,80,1064.0,80.0,1064.0,1064,80,39.80672018484938,23537.302981781526
4354,0,94,0,0,97370,98454,180.473156,182.473685,2.0005290000000002,19.64859959180788,16.787499999999998,22.7125,1,1,1,1,1084,80,80,1084.0,80.0,1084.0,1084,80,39.30759329279999,23950.66504909451
4354,0,95,0,0,98454,99526,182.473685,184.474963,2.0012780000000134,19.65105401337185,16.787499999999998,22.7125,1,1,1,1,1072,80,80,1073.0,80.0,1072.0,1072,80,39.3272220737731,23515.973293065574
4354,0,96,0,0,99526,100559,184.474963,186.475063,2.0001000000000033,19.798071464562614,16.787499999999998,22.7125,1,1,1,1,1033,80,80,1033.0,80.0,1033.0,1033,80,39.59812273627176,24007.799610019458
4354,0,97,0,0,100559,101707,186.475063,188.47589,2.000826999999987,19.700123294266465,16.787499999999998,22.7125,1,1,1,1,1148,80,80,1148.0,80.0,1148.0,1148,80,39.41653859049711,23817.651401145784
4354,0,98,0,0,101707,102794,188.47589,190.478387,2.0024970000000053,19.813576388672065,16.787499999999998,22.7125,1,1,1,1,1087,80,80,1087.0,80.0,1087.0,1087,80,39.676627277586704,23411.77040464973
4354,0,99,0,0,102794,103816,190.478387,192.479014,2.0006270000000086,19.62176110540197,16.787499999999998,22.7125,1,1,1,1,1022,80,80,1022.0,80.0,1022.0,1022,80,39.25582505501734,23362.675801136244
4354,0,100,0,0,103816,104000,192.479014,192.795985,0.31697099999999523,19.77432258833627,16.787499999999998,22.7125,1,1,1,1,184,12,12,184.0,12.0,184.0,184,12,6.267886805147555,23976.956882491188
4354,0,101,0,0,104000,105045,192.795985,194.79792,2.001935000000003,19.775675748155642,16.787499999999998,22.7125,1,1,1,1,1045,79,79,1047.0,80.0,1045.0,1045,79,39.58961742888414,23451.81037346364
4354,0,102,0,0,105045,106130,194.79792,196.798697,2.0007769999999994,19.646396181116778,16.787499999999998,22.7125,1,1,1,1,1085,80,80,1085.0,80.0,1085.0,1085,80,39.30805761206648,23820.245834493307
4354,0,103,0,0,106130,107199,196.798697,198.803924,2.0052269999999908,19.885489544670385,16.787499999999998,22.7125,1,1,1,1,1069,80,80,1070.0,81.0,1069.0,1069,81,39.874920543190456,23435.75066563547
4354,0,104,0,0,107199,108328,198.803924,200.804683,2.0007590000000164,19.86780641113671,16.787499999999998,22.7125,1,1,1,1,1129,80,80,1129.0,79.0,1129.0,1129,79,39.75069248733962,23794.969808957307
4354,0,105,0,0,108328,109429,200.804683,202.807635,2.0029519999999934,19.734466213999283,16.787499999999998,22.7125,1,1,1,1,1101,80,80,1101.0,80.0,1101.0,1101,80,39.527188572262276,23690.532773626204
4354,0,106,0,0,109429,110538,202.807635,204.808638,2.001002999999997,19.908367757102194,16.787499999999998,22.7125,1,1,1,1,1109,80,80,1109.0,80.0,1109.0,1109,80,39.83670360706492,24231.84772836426
4354,0,107,0,0,110538,111635,204.808638,206.813031,2.004392999999993,19.734660462713848,16.787499999999998,22.7125,1,1,1,1,1097,80,80,1097.0,81.0,1097.0,1097,81,39.55601528884017,24005.771323288478
4354,0,108,0,0,111635,112720,206.813031,208.815309,2.002278000000018,19.84502125986996,16.787499999999998,22.7125,1,1,1,1,1085,80,80,1085.0,80.0,1085.0,1085,80,39.73524947817032,23820.368600164195
4354,0,109,0,0,112720,113794,208.815309,210.816333,2.0010239999999726,19.603794426285997,16.787499999999998,22.7125,1,1,1,1,1074,80,80,1075.0,79.0,1074.0,1074,79,39.22766313806369,23245.09850956342
4354,0,110,0,0,113794,114870,210.816333,212.817777,2.0014440000000207,19.783447699932065,16.787499999999998,22.7125,1,1,1,1,1076,80,80,1076.0,80.0,1076.0,1076,80,39.595462698343,24312.446413689064
4354,0,111,0,0,114870,115886,212.817777,214.819548,2.001770999999991,19.741987932486747,16.787499999999998,22.7125,1,1,1,1,1016,80,80,1016.0,80.0,1016.0,1016,80,39.518938925602015,23438.245433668595
4354,0,112,0,0,115886,117000,214.819548,216.824425,2.0048769999999934,19.63197367596532,16.787499999999998,22.7125,1,1,1,1,1114,80,80,1114.0,81.0,1114.0,1114,81,39.35969248754827,23465.778698643437
4354,0,113,0,0,117000,118098,216.824425,218.825331,2.0009060000000147,19.806733818934887,16.787499999999998,22.7125,1,1,1,1,1098,80,80,1099.0,79.0,1098.0,1098,79,39.63141253870981,23861.190880530943
4354,0,114,0,0,118098,119120,218.825331,220.827747,2.0024159999999824,19.69073079132741,16.787499999999998,22.7125,1,1,1,1,1022,80,80,1022.0,80.0,1022.0,1022,80,39.42903438824669,23548.553347556357
4354,0,115,0,0,119120,120170,220.827747,222.831246,2.003499000000005,19.771205558827788,16.787499999999998,22.7125,1,1,1,1,1050,80,80,1050.0,81.0,1050.0,1050,81,39.611590565906226,23229.360234270087
4354,0,116,0,0,120170,121297,222.831246,224.832783,2.0015370000000132,19.886448354519658,16.787499999999998,22.7125,1,1,1,1,1127,80,80,1127.0,79.0,1127.0,1127,79,39.80346218016075,24445.21385315369
4354,0,117,0,0,121297,122358,224.832783,226.8358,2.003017,19.755420801581398,16.787499999999998,22.7125,1,1,1,1,1061,80,80,1061.0,81.0,1061.0,1061,81,39.5704437077211,24099.645684484956
4354,0,118,0,0,122358,123503,226.8358,228.83701,2.001209999999986,19.824425165673723,16.787499999999998,22.7125,1,1,1,1,1145,80,80,1145.0,79.0,1145.0,1145,79,39.67283788579789,23831.581892954928
4354,0,119,0,0,123503,124590,228.83701,230.839123,2.0021130000000085,19.58449215622609,16.787499999999998,22.7125,1,1,1,1,1087,80,80,1087.0,80.0,1087.0,1087,80,39.2103663443786,23179.01137448276
4354,0,120,0,0,124590,125697,230.839123,232.841438,2.00231500000001,19.854753731860264,16.787499999999998,22.7125,1,1,1,1,1107,80,80,1107.0,80.0,1107.0,1107,80,39.75547121861018,23732.529596991364
4354,0,121,0,0,125697,126780,232.841438,234.84232,2.00088199999999,20.026524247268863,16.787499999999998,22.7125,1,1,1,1,1083,80,80,1083.0,80.0,1083.0,1083,80,40.07071188892405,23543.617264786346
4354,0,122,0,0,126780,127782,234.84232,236.843092,2.000772000000012,19.894499513851283,16.787499999999998,22.7125,1,1,1,1,1002,80,80,1002.0,80.0,1002.0,1002,80,39.80435758132717,23830.30150361946
4354,0,123,0,0,127782,128837,236.843092,238.843067,1.9999749999999779,20.121953828528525,16.787499999999998,22.7125,1,1,1,1,1055,80,80,1055.0,80.0,1055.0,1055,80,40.24340460821077,24059.80074750961
4354,0,124,0,0,128837,129938,238.843067,240.843232,2.0001650000000097,19.90636561454182,16.787499999999998,22.7125,1,1,1,1,1101,80,80,1101.0,80.0,1101.0,1101,80,39.81601577941001,23576.554934217813
4354,0,125,0,0,129938,130000,240.843232,240.948847,0.10561500000000024,19.96594558757994,16.787499999999998,22.7125,1,1,1,1,62,4,4,62.0,4.0,62.0,62,4,2.108703343232264,23614.069971121473
4354,0,126,0,0,130000,131082,240.948847,242.949739,2.0008919999999932,20.0584520958337,16.787499999999998,22.7125,1,1,1,1,1082,80,80,1082.0,80.0,1082.0,1082,80,40.1347963309363,23969.309687879286
4354,0,127,0,0,131082,132103,242.949739,244.950696,2.0009569999999997,19.879659195193472,16.787499999999998,22.7125,1,1,1,1,1021,80,80,1021.0,80.0,1021.0,1021,80,39.77834322423678,23623.696061434606
4354,0,128,0,0,132103,133256,244.950696,246.952187,2.0014910000000157,20.018718951606814,16.787499999999998,22.7125,1,1,1,1,1153,80,80,1153.0,80.0,1153.0,1153,80,40.06728581317111,24248.42280080181
4354,0,129,0,0,133256,134309,246.952187,248.953103,2.0009159999999895,19.85293114226134,16.787499999999998,22.7125,1,1,1,1,1053,80,80,1053.0,80.0,1053.0,1053,80,39.724047569448885,23547.715146463044
4354,0,130,0,0,134309,135418,248.953103,250.953361,2.0002580000000023,19.856742140886915,16.787499999999998,22.7125,1,1,1,1,1109,80,80,1109.0,80.0,1109.0,1109,80,39.718607321246054,24177.381117835772
4354,0,131,0,0,135418,136523,250.953361,252.957574,2.004212999999993,19.982380789296926,16.787499999999998,22.7125,1,1,1,1,1105,80,80,1105.0,80.0,1105.0,1105,80,40.048947348858746,24139.150878674158
4354,0,132,0,0,136523,137553,252.957574,254.958671,2.0010970000000157,19.777159802246562,16.787499999999998,22.7125,1,1,1,1,1030,80,80,1030.0,80.0,1030.0,1030,80,39.576015148796614,23601.554547330605
4354,0,133,0,0,137553,138672,254.958671,256.961261,2.0025899999999695,20.04488500250391,16.787499999999998,22.7125,1,1,1,1,1119,80,80,1119.0,80.0,1119.0,1119,80,40.14168625716411,24084.310817491718
4354,0,134,0,0,138672,139767,256.961261,258.96172,2.000459000000035,19.886643897948844,16.787499999999998,22.7125,1,1,1,1,1095,80,80,1096.0,80.0,1096.0,1095,80,39.782415765447695,23419.625196017107
4354,0,135,0,0,139767,140849,258.96172,260.963752,2.0020319999999856,19.93242849260164,16.787499999999998,22.7125,1,1,1,1,1082,80,80,1082.0,80.0,1081.0,1082,80,39.90535967990036,23823.795024255527
4354,0,136,0,0,140849,141942,260.963752,262.96509,2.0013379999999756,19.88549105172994,16.787499999999998,22.7125,1,1,1,1,1093,80,80,1093.0,80.0,1093.0,1093,80,39.79758889048662,23643.182710766785
4354,0,137,0,0,141942,143000,262.96509,264.9513,1.9862100000000282,19.85916716695211,16.787499999999998,22.7125,1,1,1,1,1058,78,78,1059.0,79.0,1058.0,1058,78,39.44447641867282,23705.4490713466
4354,0,138,0,0,143000,144096,264.9513,266.951281,1.9999809999999911,19.82976872348234,16.787499999999998,22.7125,1,1,1,1,1096,80,80,1096.0,80.0,1096.0,1096,80,39.659160681359026,23781.22592164636
4354,0,139,0,0,144096,145183,266.951281,268.951254,1.9999730000000113,19.839746337513237,16.787499999999998,22.7125,1,1,1,1,1087,80,80,1087.0,80.0,1087.0,1087,80,39.67895700187546,23618.318847304305
4354,0,140,0,0,145183,146271,268.951254,270.952334,2.0010800000000017,19.32175267222948,16.787499999999998,22.7125,1,1,1,1,1088,80,80,1088.0,80.0,1088.0,1088,80,38.66437283734467,23282.427489155834
4354,0,141,0,0,146271,147332,270.952334,272.952986,2.0006520000000023,19.625893249203987,16.787499999999998,22.7125,1,1,1,1,1061,80,80,1061.0,80.0,1061.0,1061,80,39.264582580806746,23896.20983559357
4354,0,142,0,0,147332,148417,272.952986,274.955049,2.002062999999964,19.49462474549753,16.787499999999998,22.7125,1,1,1,1,1085,80,80,1085.0,80.0,1085.0,1085,80,39.02946690184399,23665.089460222203
4354,0,143,0,0,148417,149583,274.955049,276.956719,2.001670000000047,19.697789666145137,16.787499999999998,22.7125,1,1,1,1,1166,80,80,1166.0,80.0,1166.0,1166,80,39.42847464103397,23898.045132313957
4354,0,144,0,0,149583,150688,276.956719,278.959674,2.002954999999986,19.72590521184239,16.787499999999998,22.7125,1,1,1,1,1105,80,80,1105.0,80.0,1105.0,1105,80,39.510100473585226,23947.118132958723
4354,0,145,0,0,150688,151799,278.959674,280.961784,2.002110000000016,19.604454337768423,16.787499999999998,22.7125,1,1,1,1,1111,80,80,1111.0,80.0,1111.0,1111,80,39.2502740741902,23159.566657176492
4354,0,146,0,0,151799,152924,280.961784,282.966544,2.004759999999976,19.410755285613135,16.787499999999998,22.7125,1,1,1,1,1125,80,80,1125.0,80.0,1125.0,1125,80,38.91390576638514,23615.794409306134
4354,0,147,0,0,152924,153967,282.966544,284.967027,2.0004829999999743,19.80374548950434,16.787499999999998,22.7125,1,1,1,1,1043,80,80,1043.0,80.0,1043.0,1043,80,39.617056188079914,23521.81948059574
4354,0,148,0,0,153967,155087,284.967027,286.969454,2.0024270000000115,19.7189835513888,16.787499999999998,22.7125,1,1,1,1,1120,80,80,1120.0,80.0,1120.0,1120,80,39.485825075857065,23396.108821944435
4354,0,149,0,0,155087,156000,286.969454,288.662749,1.6932950000000346,19.29694248452885,16.787499999999998,22.7125,1,1,1,1,913,68,68,913.0,68.0,913.0,913,68,32.67541622434055,23009.576004180726
4354,0,150,0,0,156000,157071,288.662749,290.666183,2.00343399999997,19.66142291058377,16.787499999999998,22.7125,1,1,1,1,1071,80,80,1071.0,80.0,1071.0,1071,80,39.39036314744226,23482.68023803165
4354,0,151,0,0,157071,158160,290.666183,292.66924,2.0030570000000125,19.462365030391137,16.787499999999998,22.7125,1,1,1,1,1089,80,80,1089.0,80.0,1089.0,1089,80,38.984226510680855,23017.817266308302
4354,0,152,0,0,158160,159243,292.66924,294.672127,2.002886999999987,19.291851555459978,16.787499999999998,22.7125,1,1,1,1,1083,80,80,1083.0,80.0,1083.0,1083,80,38.63939868636044,23686.308813228257
4354,0,153,0,0,159243,160375,294.672127,296.672094,1.9999670000000265,19.375433757019977,16.787499999999998,22.7125,1,1,1,1,1132,80,80,1132.0,80.0,1132.0,1132,80,38.75022812472616,23426.88654362766
4354,0,154,0,0,160375,161521,296.672094,298.674498,2.0024040000000127,19.50481513489191,16.787499999999998,22.7125,1,1,1,1,1146,80,80,1147.0,80.0,1146.0,1146,80,39.05651984536871,23541.70287314633
4354,0,155,0,0,161521,162580,298.674498,300.674484,1.9999859999999785,19.406980396846727,16.787499999999998,22.7125,1,1,1,1,1059,80,80,1059.0,80.0,1059.0,1059,80,38.813689095967675,23338.663370643844
4354,0,156,0,0,162580,163608,300.674484,302.674702,2.000218000000018,19.20132483729518,16.787499999999998,22.7125,1,1,1,1,1028,80,80,1028.0,80.0,1028.0,1028,80,38.406835563405366,23059.98646147549
4354,0,157,0,0,163608,164722,302.674702,304.67838,2.0036779999999794,19.43200258215835,16.787499999999998,22.7125,1,1,1,1,1114,80,80,1115.0,80.0,1114.0,1114,80,38.935476069813376,23604.092074674914
4354,0,158,0,0,164722,165859,304.67838,306.679814,2.0014340000000175,19.482573514639785,16.787499999999998,22.7125,1,1,1,1,1137,80,80,1138.0,80.0,1137.0,1137,80,38.99308503969951,23359.75105849086
4354,0,159,0,0,165859,166922,306.679814,308.681911,2.002096999999992,19.432155154154955,16.787499999999998,22.7125,1,1,1,1,1063,80,80,1063.0,80.0,1063.0,1063,80,38.90505953766842,23164.71179967813
4354,0,160,0,0,166922,168000,308.681911,310.685563,2.003651999999988,19.455966373413098,16.787499999999998,22.7125,1,1,1,1,1078,80,80,1078.0,80.0,1078.0,1078,80,38.98298593602158,23474.136227249182
4354,0,161,0,0,168000,169000,310.685563,312.508228,1.8226649999999722,19.571953492484578,16.787499999999998,22.7125,1,1,1,1,1000,72,72,1000.0,73.0,1000.0,1000,73,35.67311461237841,23633.525634167912
4354,0,162,0,0,169000,170098,312.508228,314.510348,2.0021200000000476,19.485904214221847,16.787499999999998,22.7125,1,1,1,1,1098,80,80,1101.0,79.0,1099.0,1098,79,39.01311854537835,23855.712944278497
4354,0,163,0,0,170098,171189,314.510348,316.510827,2.0004789999999844,19.573663721636976,16.787499999999998,22.7125,1,1,1,1,1091,80,80,1091.0,80.0,1090.0,1091,80,39.15670322819642,23477.37716816841
4354,0,164,0,0,171189,172254,316.510827,318.513283,2.002455999999995,19.45503578602459,16.787499999999998,22.7125,1,1,1,1,1065,80,80,1065.0,80.0,1065.0,1065,80,38.95785313993929,23386.2816461386
4354,0,165,0,0,172254,173300,318.513283,320.516824,2.0035409999999843,19.491826695879382,16.787499999999998,22.7125,1,1,1,1,1046,80,80,1046.0,80.0,1046.0,1046,80,39.05267395008832,23986.531845367965
4354,0,166,0,0,173300,174349,320.516824,322.516908,2.0000840000000153,19.508983398356182,16.787499999999998,22.7125,1,1,1,1,1049,80,80,1050.0,80.0,1049.0,1049,80,39.01960555131791,23374.01829123159
4354,0,167,0,0,174349,175418,322.516908,324.517095,2.0001869999999826,19.447662934179572,16.787499999999998,22.7125,1,1,1,1,1069,80,80,1070.0,80.0,1069.0,1069,80,38.898962581327396,23215.829319958786
4354,0,168,0,0,175418,176441,324.517095,326.517641,2.0005460000000426,19.445197040763574,16.787499999999998,22.7125,1,1,1,1,1023,80,80,1024.0,80.0,1023.0,1023,80,38.901011159112386,22718.797768208795
4354,0,169,0,0,176441,177530,326.517641,328.518936,2.0012949999999705,19.501719906601462,16.787499999999998,22.7125,1,1,1,1,1089,80,80,1090.0,80.0,1089.0,1089,80,39.02869454048141,23521.769654149284
4354,0,170,0,0,177530,178557,328.518936,330.520039,2.0011030000000005,19.577461257531283,16.787499999999998,22.7125,1,1,1,1,1027,80,80,1027.0,80.0,1027.0,1027,80,39.17651645482965,23458.562602724593
4354,0,171,0,0,178557,179593,330.520039,332.521285,2.0012459999999805,19.461215841441046,16.787499999999998,22.7125,1,1,1,1,1036,80,80,1036.0,80.0,1036.0,1036,80,38.94668035781979,23325.468233290885
4354,0,172,0,0,179593,180698,332.521285,334.526207,2.004922000000022,19.537780373287834,16.787499999999998,22.7125,1,1,1,1,1105,80,80,1105.0,80.0,1105.0,1105,80,39.17172570157345,23620.86904128913
4354,0,173,0,0,180698,181827,334.526207,336.531435,2.0052279999999882,19.521525400312356,16.787499999999998,22.7125,1,1,1,1,1129,80,80,1129.0,80.0,1129.0,1129,80,39.145109335417146,23685.585878513706
4354,0,174,0,0,181827,182000,336.531435,336.861244,0.32980900000001157,20.11025585424597,16.787499999999998,22.7125,1,1,1,1,173,14,14,173.0,14.0,173.0,173,14,6.6325433730335135,24007.834837738577
4354,0,175,0,0,182000,183085,336.861244,338.86319,2.0019459999999754,19.416378192975436,16.787499999999998,22.7125,1,1,1,1,1085,79,79,1088.0,80.0,1085.0,1085,80,38.87054065791381,23602.035219731493
4354,0,176,0,0,183085,184182,338.86319,340.865467,2.002277000000049,19.46102521094941,16.787499999999998,22.7125,1,1,1,1,1097,80,80,1097.0,80.0,1097.0,1097,80,38.966363176305094,23322.447393641767
4354,0,177,0,0,184182,185229,340.865467,342.866945,2.0014779999999632,19.332161279089984,16.787499999999998,22.7125,1,1,1,1,1047,80,80,1047.0,79.0,1047.0,1047,79,38.692895492549724,23076.946136805323
4354,0,178,0,0,185229,186359,342.866945,344.867036,2.0000909999999976,19.410660388412808,16.787499999999998,22.7125,1,1,1,1,1130,80,80,1131.0,80.0,1130.0,1130,80,38.82308714692135,23532.42927446804
4354,0,179,0,0,186359,187421,344.867036,346.86726,2.000224000000003,19.3049344366939,16.787499999999998,22.7125,1,1,1,1,1062,80,80,1062.0,80.0,1062.0,1062,80,38.6141931787015,23215.39987521394
4354,0,180,0,0,187421,188507,346.86726,348.86764,2.000380000000007,19.391162965688533,16.787499999999998,22.7125,1,1,1,1,1086,80,80,1086.0,80.0,1086.0,1086,80,38.78969457330459,22916.645837290835
4354,0,181,0,0,188507,189568,348.86764,350.867627,1.9999870000000328,19.592759221904092,16.787499999999998,22.7125,1,1,1,1,1061,80,80,1061.0,80.0,1061.0,1061,80,39.18526373793884,23652.65374224894
4354,0,182,0,0,189568,190610,350.867627,352.870122,2.0024949999999535,19.28409086704081,16.787499999999998,22.7125,1,1,1,1,1042,80,80,1042.0,80.0,1042.0,1042,80,38.616295540793544,23181.081600703663
4354,0,183,0,0,190610,191640,352.870122,354.870198,2.0000760000000355,19.233672567560987,16.787499999999998,22.7125,1,1,1,1,1030,80,80,1030.0,80.0,1030.0,1030,80,38.46880689423779,23285.615146624015
4354,0,184,0,0,191640,192759,354.870198,356.873134,2.002935999999977,19.380344033618865,16.787499999999998,22.7125,1,1,1,1,1119,80,80,1119.0,80.0,1119.0,1119,80,38.817588757319754,24192.485431387002
4354,0,185,0,0,192759,193833,356.873134,358.874236,2.001102000000003,19.333310385364943,16.787499999999998,22.7125,1,1,1,1,1074,80,80,1074.0,80.0,1074.0,1074,80,38.68792607877458,22552.073807332126
4354,0,186,0,0,193833,194897,358.874236,360.875961,2.0017250000000217,19.454574616899226,16.787499999999998,22.7125,1,1,1,1,1064,80,80,1066.0,80.0,1064.0,1064,80,38.94270837501335,23220.971911725883
4354,0,187,0,0,194897,195000,360.875961,361.076107,0.20014599999996108,19.221181882025075,16.787499999999998,22.7125,1,1,1,1,103,8,8,103.0,8.0,103.0,103,8,3.8470426689591477,23168.087296278227
4354,0,188,0,0,195000,196075,361.076107,363.077066,2.000959000000023,19.265210784122345,16.787499999999998,22.7125,1,1,1,1,1075,80,80,1075.0,80.0,1075.0,1075,80,38.548896905386755,23449.755842073457
4354,0,189,0,0,196075,197157,363.077066,365.081763,2.0046970000000215,19.376950134921152,16.787499999999998,22.7125,1,1,1,1,1082,80,80,1082.0,80.0,1082.0,1082,80,38.84491380462623,23541.71228868976
4354,0,190,0,0,197157,198249,365.081763,367.083664,2.0019009999999753,19.332228860419644,16.787499999999998,22.7125,1,1,1,1,1092,80,80,1092.0,80.0,1092.0,1092,80,38.70120828790277,23147.997828064712
4354,0,191,0,0,198249,199325,367.083664,369.083706,2.0000420000000076,19.35580261629753,16.787499999999998,22.7125,1,1,1,1,1076,80,80,1076.0,80.0,1076.0,1076,80,38.71241817630471,23449.507560341142
4354,0,192,0,0,199325,200408,369.083706,371.083801,2.0000949999999875,19.243650618947495,16.787499999999998,22.7125,1,1,1,1,1083,80,80,1084.0,80.0,1083.0,1083,80,38.48912938470312,22889.912729145508
4354,0,193,0,0,200408,201416,371.083801,373.085198,2.001396999999997,19.11921629561593,16.787499999999998,22.7125,1,1,1,1,1008,80,80,1013.0,80.0,1008.0,1008,80,38.26514213639712,22834.55006677839
4354,0,194,0,0,201416,202429,373.085198,375.085589,2.000391000000036,19.34808360829756,16.787499999999998,22.7125,1,1,1,1,1013,80,80,1013.0,80.0,1013.0,1013,80,38.70373231728627,22974.508483591046
4354,0,195,0,0,202429,203579,375.085589,377.085735,2.0001459999999724,19.346627109267033,16.787499999999998,22.7125,1,1,1,1,1150,80,80,1150.0,80.0,1150.0,1150,80,38.69607882609125,23204.80604915873
4354,0,196,0,0,203579,204699,377.085735,379.090904,2.0051690000000235,19.588194036956395,16.787499999999998,22.7125,1,1,1,1,1120,80,80,1120.0,80.0,1120.0,1120,80,39.27763944889011,23626.936183433638
4354,0,197,0,0,204699,205758,379.090904,381.090895,1.9999909999999659,19.337535359484622,16.787499999999998,22.7125,1,1,1,1,1059,80,80,1059.0,80.0,1059.0,1059,80,38.67489668115013,23301.104854972244
4354,0,198,0,0,205758,206847,381.090895,383.094338,2.0034430000000043,19.318745055941015,16.787499999999998,22.7125,1,1,1,1,1089,80,80,1089.0,80.0,1089.0,1089,80,38.70400455110939,23284.915018795095
4354,0,199,0,0,206847,207930,383.094338,385.096163,2.0018249999999966,19.423370067436192,16.787499999999998,22.7125,1,1,1,1,1083,80,80,1083.0,80.0,1083.0,1083,80,38.88218778524515,22949.558527843383
4354,0,200,0,0,207930,208000,385.096163,385.24043,0.14426700000001347,19.24284727315513,16.787499999999998,22.7125,1,1,1,1,70,5,5,70.0,5.0,70.0,70,5,2.7761078475568866,23955.582357709507
4354,0,201,0,0,208000,209109,385.24043,387.242375,2.001944999999978,19.44454630329044,16.787499999999998,22.7125,1,1,1,1,1109,79,79,1110.0,80.0,1109.0,1109,79,38.926912249140514,23361.28115407792
4354,0,202,0,0,209109,210157,387.242375,389.242505,2.000130000000013,19.482282628913566,16.787499999999998,22.7125,1,1,1,1,1048,80,80,1048.0,80.0,1048.0,1048,80,38.967097954569,23152.995055321255
4354,0,203,0,0,210157,211245,389.242505,391.243165,2.000659999999982,19.410767195601284,16.787499999999998,22.7125,1,1,1,1,1088,80,80,1089.0,80.0,1088.0,1088,80,38.83434549755111,23054.89188567793
4354,0,204,0,0,211245,212309,391.243165,393.247088,2.003923000000043,19.623185395525535,16.787499999999998,22.7125,1,1,1,1,1064,80,80,1064.0,80.0,1064.0,1064,80,39.32335254735881,23594.219937591908
4354,0,205,0,0,212309,213407,393.247088,395.248165,2.0010769999999525,20.024487242035764,16.787499999999998,22.7125,1,1,1,1,1098,80,80,1098.0,80.0,1098.0,1098,80,40.07054085683012,24194.971008112705
4354,0,206,0,0,213407,214506,395.248165,397.250763,2.0025980000000345,19.66252640581131,16.787499999999998,22.7125,1,1,1,1,1099,80,80,1099.0,80.0,1099.0,1099,80,39.37613605522529,23273.26802483534
4354,0,207,0,0,214506,215646,397.250763,399.256484,2.005720999999994,19.814869057474823,16.787499999999998,22.7125,1,1,1,1,1140,80,80,1140.0,80.0,1140.0,1140,80,39.7430989808272,23780.475948549247
4354,0,208,0,0,215646,216711,399.256484,401.256928,2.000444000000016,19.7525606706161,16.787499999999998,22.7125,1,1,1,1,1065,80,80,1065.0,80.0,1065.0,1065,80,39.51389147817008,23600.7606311397
4354,0,209,0,0,216711,217835,401.256928,403.257,2.0000719999999887,19.72494023079617,16.787499999999998,22.7125,1,1,1,1,1124,80,80,1124.0,80.0,1124.0,1124,80,39.45130065728881,23698.14686671293
4354,0,210,0,0,217835,218952,403.257,405.257673,2.000673000000006,19.75433201743758,16.787499999999998,22.7125,1,1,1,1,1117,80,80,1118.0,80.0,1117.0,1117,80,39.52195870032301,23821.484070610168
4354,0,211,0,0,218952,219999,405.257673,407.259353,2.001679999999965,19.758024990799257,16.787499999999998,22.7125,1,1,1,1,1047,80,80,1047.0,80.0,1047.0,1047,80,39.54924346358257,23856.960153471504
4354,0,212,0,0,219999,221000,407.259353,409.165008,1.9056550000000243,19.69631738070866,16.787499999999998,22.7125,1,1,1,1,1001,76,76,1001.0,76.0,1001.0,1001,76,37.53438569813443,24255.177353717965
4354,0,213,0,0,221000,222098,409.165008,411.165257,2.0002489999999966,19.705604269805175,16.787499999999998,22.7125,1,1,1,1,1098,80,80,1098.0,80.0,1098.0,1098,80,39.41611523507345,23451.5802782554
4354,0,214,0,0,222098,223174,411.165257,413.166736,2.0014790000000175,19.793100830475858,16.787499999999998,22.7125,1,1,1,1,1076,80,80,1076.0,80.0,1076.0,1076,80,39.615475657080424,23469.64419811529
4354,0,215,0,0,223174,224302,413.166736,415.172954,2.00621799999999,19.71812922682471,16.787499999999998,22.7125,1,1,1,1,1128,80,80,1128.0,80.0,1128.0,1128,80,39.55886578118134,23480.997578528473
4354,0,216,0,0,224302,225444,415.172954,417.173604,2.0006500000000074,19.669766300110982,16.787499999999998,22.7125,1,1,1,1,1142,80,80,1142.0,80.0,1142.0,1142,80,39.35231794831634,23660.810236672995
4354,0,217,0,0,225444,226542,417.173604,419.17475,2.0011460000000056,19.77589918469678,16.787499999999998,22.7125,1,1,1,1,1098,80,80,1098.0,80.0,1098.0,1098,80,39.574461549858825,23844.33719478732
4354,0,218,0,0,226542,227627,419.17475,421.177135,2.002385000000004,19.799166716520563,16.787499999999998,22.7125,1,1,1,1,1085,80,80,1085.0,80.0,1085.0,1085,80,39.64555444566031,23011.05931177067
4354,0,219,0,0,227627,228689,421.177135,423.177449,2.000314000000003,19.7379961354403,16.787499999999998,22.7125,1,1,1,1,1062,80,80,1062.0,80.0,1062.0,1062,80,39.48219000166682,23527.806134436858
4354,0,220,0,0,228689,229775,423.177449,425.178452,2.001002999999969,19.53635467594005,16.787499999999998,22.7125,1,1,1,1,1086,80,80,1086.0,80.0,1086.0,1086,80,39.09230431561991,23564.1825624453
4354,0,221,0,0,229775,230897,425.178452,427.180265,2.001813000000027,19.68556933310814,16.787499999999998,22.7125,1,1,1,1,1122,80,80,1122.0,80.0,1122.0,1122,80,39.406828603418035,23927.809440741647
4354,0,222,0,0,230897,232001,427.180265,429.183744,2.0034789999999703,19.61490549869577,16.787499999999998,22.7125,1,1,1,1,1104,80,80,1104.0,80.0,1104.0,1104,80,39.29805125362145,23564.01040390276
4354,0,223,0,0,232001,233084,429.183744,431.189301,2.0055570000000102,19.59420911667548,16.787499999999998,22.7125,1,1,1,1,1083,80,80,1083.0,80.0,1083.0,1083,80,39.29730325341188,23188.57055670807
4354,0,224,0,0,233084,234000,431.189301,432.8701,1.680798999999979,19.818818542064665,16.787499999999998,22.7125,1,1,1,1,916,67,67,916.0,68.0,916.0,916,68,33.311450386683646,23608.414807481735
4354,0,225,0,0,234000,235085,432.8701,434.871664,2.0015640000000303,19.783210169222237,16.787499999999998,22.7125,1,1,1,1,1085,80,80,1086.0,79.0,1085.0,1085,79,39.59736127914948,23416.688149866448
4354,0,226,0,0,235085,236183,434.871664,436.874505,2.0028409999999894,19.958791633234082,16.787499999999998,22.7125,1,1,1,1,1098,80,80,1098.0,80.0,1098.0,1098,80,39.97428619349739,23931.006005968648
4354,0,227,0,0,236183,237213,436.874505,438.874679,2.0001740000000154,19.61694081942771,16.787499999999998,22.7125,1,1,1,1,1030,80,80,1032.0,80.0,1030.0,1030,80,39.23729498655848,23267.97568611513
4354,0,228,0,0,237213,238327,438.874679,440.877284,2.00260499999996,19.94962208774273,16.787499999999998,22.7125,1,1,1,1,1114,80,80,1115.0,80.0,1114.0,1114,80,39.951212941023186,24408.208308678433
4354,0,229,0,0,238327,239402,440.877284,442.877272,1.9999880000000303,19.867211937042295,16.787499999999998,22.7125,1,1,1,1,1075,80,80,1075.0,80.0,1075.0,1075,80,39.734185467541465,23666.64199985164
4354,0,230,0,0,239402,240480,442.877272,444.878683,2.0014110000000187,19.75565677973409,16.787499999999998,22.7125,1,1,1,1,1078,80,80,1078.0,80.0,1078.0,1078,80,39.53918879118464,23070.22395699812
4354,0,231,0,0,240480,241583,444.878683,446.882554,2.0038710000000037,19.82851358482306,16.787499999999998,22.7125,1,1,1,1,1103,80,80,1103.0,80.0,1103.0,1103,80,39.73378334573317,23874.291309171054
4354,0,232,0,0,241583,242648,446.882554,448.883316,2.000761999999952,19.636698959428713,16.787499999999998,22.7125,1,1,1,1,1065,80,80,1066.0,80.0,1065.0,1065,80,39.288361083463315,23751.950506857458
4354,0,233,0,0,242648,243768,448.883316,450.884261,2.0009450000000015,19.636795275532705,16.787499999999998,22.7125,1,1,1,1,1120,80,80,1120.0,80.0,1120.0,1120,80,39.29214732260152,23445.422038086985
4354,0,234,0,0,243768,244853,450.884261,452.884535,2.000274000000047,19.622585431230494,16.787499999999998,22.7125,1,1,1,1,1085,80,80,1085.0,80.0,1085.0,1085,80,39.25054745087073,23238.31635065941
4354,0,235,0,0,244853,245983,452.884535,454.888376,2.003840999999966,19.64738044951693,16.787499999999998,22.7125,1,1,1,1,1130,80,80,1130.0,80.0,1130.0,1130,80,39.370226487339096,23561.749659778798
4354,0,236,0,0,245983,247000,454.888376,456.824247,1.93587100000002,19.62004508122951,16.787499999999998,22.7125,1,1,1,1,1017,78,78,1018.0,78.0,1017.0,1017,78,37.98187629144559,23500.532835090526
4354,0,237,0,0,247000,248102,456.824247,458.824606,2.000359000000003,19.720210362960877,16.787499999999998,22.7125,1,1,1,1,1102,79,79,1104.0,80.0,1102.0,1102,80,39.447500281441535,23918.206681900563
4354,0,238,0,0,248102,249210,458.824606,460.826302,2.0016959999999813,19.807685678356126,16.787499999999998,22.7125,1,1,1,1,1108,80,80,1108.0,79.0,1108.0,1108,79,39.648965191621755,23664.93213754758
4354,0,239,0,0,249210,250322,460.826302,462.826911,2.000608999999997,19.771312132642258,16.787499999999998,22.7125,1,1,1,1,1112,80,80,1113.0,80.0,1112.0,1112,80,39.554664994373525,23903.221469062704
4354,0,240,0,0,250322,251453,462.826911,464.827287,2.000376000000017,19.61456251247152,16.787499999999998,22.7125,1,1,1,1,1131,80,80,1131.0,80.0,1131.0,1131,80,39.2365001004473,24026.483021191812
4354,0,241,0,0,251453,252534,464.827287,466.829265,2.0019780000000083,19.78353076110001,16.787499999999998,22.7125,1,1,1,1,1081,80,80,1081.0,80.0,1081.0,1081,80,39.606193346045984,24140.62492195209
4354,0,242,0,0,252534,253559,466.829265,468.829886,2.000620999999967,20.03114315275641,16.787499999999998,22.7125,1,1,1,1,1025,80,80,1025.0,80.0,1025.0,1025,80,40.07472564541058,23857.592217616824
4354,0,243,0,0,253559,254671,468.829886,470.830326,2.000440000000026,19.713064874190486,16.787499999999998,22.7125,1,1,1,1,1112,80,80,1112.0,80.0,1112.0,1112,80,39.43480349692618,23539.32134930285
4354,0,244,0,0,254671,255750,470.830326,472.833742,2.003415999999959,19.743410797028663,16.787499999999998,22.7125,1,1,1,1,1079,80,80,1079.0,80.0,1079.0,1079,80,39.55426508533856,23625.14824679496
4354,0,245,0,0,255750,256887,472.833742,474.835565,2.0018230000000017,19.633992357083518,16.787499999999998,22.7125,1,1,1,1,1137,80,80,1137.0,80.0,1137.0,1137,80,39.30377748223327,23583.50363643537
4354,0,246,0,0,256887,257944,474.835565,476.836685,2.0011200000000144,19.428114716527595,16.787499999999998,22.7125,1,1,1,1,1057,80,80,1058.0,80.0,1057.0,1057,80,38.87798892153842,23226.9928839848
4354,0,247,0,0,257944,259019,476.836685,478.837855,2.001170000000002,19.405921248167335,16.787499999999998,22.7125,1,1,1,1,1075,80,80,1075.0,80.0,1075.0,1075,80,38.83454742419417,23738.61291144678
4354,0,248,0,0,259019,260000,478.837855,480.636078,1.7982230000000072,19.279793869380136,16.787499999999998,22.7125,1,1,1,1,981,72,72,981.0,72.0,981.0,981,72,34.66936877117769,22582.293742210968
4354,0,249,0,0,260000,261020,480.636078,482.639557,2.003479000000027,19.578031015205088,16.787499999999998,22.7125,1,1,1,1,1020,80,80,1023.0,80.0,1020.0,1020,80,39.224174000311905,23464.184051841505
4354,0,250,0,0,261020,262109,482.639557,484.644102,2.0045449999999505,19.573387469837627,16.787499999999998,22.7125,1,1,1,1,1089,80,80,1089.0,80.0,1089.0,1089,80,39.235735985725114,23677.692443921773
4354,0,251,0,0,262109,263134,484.644102,486.645503,2.001401000000044,19.568379275345848,16.787499999999998,22.7125,1,1,1,1,1025,80,80,1025.0,80.0,1025.0,1025,80,39.16417385005661,23231.226525818154
4354,0,252,0,0,263134,264185,486.645503,488.647316,2.00181299999997,19.47111332589228,16.787499999999998,22.7125,1,1,1,1,1051,80,80,1051.0,80.0,1051.0,1051,80,38.97752778024369,22670.948784926804
4354,0,253,0,0,264185,265292,488.647316,490.64908,2.001764000000037,19.447744661158072,16.787499999999998,22.7125,1,1,1,1,1107,80,80,1108.0,80.0,1107.0,1107,80,38.929795143898446,23437.328276459728
4354,0,254,0,0,265292,266373,490.64908,492.651072,2.001991999999973,19.55646545572781,16.787499999999998,22.7125,1,1,1,1,1081,80,80,1081.0,80.0,1081.0,1081,80,39.151887390642514,23160.931712015146
4354,0,255,0,0,266373,267440,492.651072,494.652881,2.00180899999998,19.485518349122305,16.787499999999998,22.7125,1,1,1,1,1067,80,80,1067.0,80.0,1067.0,1067,80,39.00628600093842,23257.463624152184
4354,0,256,0,0,267440,268491,494.652881,496.653747,2.0008660000000305,19.434150011169287,16.787499999999998,22.7125,1,1,1,1,1051,80,80,1051.0,80.0,1051.0,1051,80,38.885129996248,23364.38322206449
4354,0,257,0,0,268491,269571,496.653747,498.656381,2.0026340000000005,19.592142544018195,16.787499999999998,22.7125,1,1,1,1,1080,80,80,1080.0,80.0,1080.0,1080,80,39.235890791496786,23444.12408857534
4354,0,258,0,0,269571,270636,498.656381,500.65737,2.000989000000004,19.65105252279877,16.787499999999998,22.7125,1,1,1,1,1065,80,80,1065.0,80.0,1065.0,1065,80,39.32153993654356,23701.279717179805
4354,0,259,0,0,270636,271708,500.65737,502.657966,2.000595999999973,19.495289499488504,16.787499999999998,22.7125,1,1,1,1,1072,80,80,1072.0,80.0,1072.0,1072,80,39.00219819151789,23232.07684110166
4354,0,260,0,0,271708,272844,502.657966,504.661725,2.0037590000000023,19.534188524917056,16.787499999999998,22.7125,1,1,1,1,1136,80,80,1137.0,80.0,1137.0,1136,80,39.14180606449918,23298.211012402164
4354,0,261,0,0,272844,273000,504.661725,504.941814,0.28008900000003223,19.83735242176047,16.787499999999998,22.7125,1,1,1,1,156,11,11,155.0,11.0,155.0,156,11,5.556224202458907,24003.084733778287
4354,0,262,0,0,273000,274074,504.941814,506.94284,2.0010259999999676,19.739268712637447,16.787499999999998,22.7125,1,1,1,1,1074,80,80,1075.0,80.0,1074.0,1074,80,39.498789914972804,23165.116295340868
4354,0,263,0,0,274074,275169,506.94284,508.944152,2.0013119999999844,19.712212727598498,16.787499999999998,22.7125,1,1,1,1,1095,80,80,1096.0,80.0,1095.0,1095,80,39.45028787829506,23718.440702899083
4354,0,264,0,0,275169,276243,508.944152,510.946622,2.0024700000000166,19.620269453314396,16.787499999999998,22.7125,1,1,1,1,1074,80,80,1075.0,80.0,1074.0,1074,80,39.289000972179565,23438.054003305722
4354,0,265,0,0,276243,277280,510.946622,512.947399,2.000777000000028,19.45057770621368,16.787499999999998,22.7125,1,1,1,1,1037,80,80,1037.0,80.0,1037.0,1037,80,38.91626851130604,22787.14719331508
4354,0,266,0,0,277280,278372,512.947399,514.949853,2.0024539999999433,19.529362100503583,16.787499999999998,22.7125,1,1,1,1,1092,80,80,1092.0,80.0,1092.0,1092,80,39.10664925560013,23166.075225698725
4354,0,267,0,0,278372,279460,514.949853,516.950243,2.0003900000000385,19.55775324916116,16.787499999999998,22.7125,1,1,1,1,1088,79,79,1088.0,80.0,1088.0,1088,79,39.12313402209111,23149.485850258752
4354,0,268,0,0,279460,280527,516.950243,518.951903,2.0016600000000153,19.524799560680417,16.787499999999998,22.7125,1,1,1,1,1067,80,80,1067.0,80.0,1067.0,1067,80,39.082010288631864,23425.057202521726
4354,0,269,0,0,280527,281591,518.951903,520.953775,2.001871999999935,19.46742205906775,16.787499999999998,22.7125,1,1,1,1,1064,80,80,1064.0,80.0,1064.0,1064,80,38.9712871322281,23695.321179376875
4354,0,270,0,0,281591,282614,520.953775,522.954787,2.0010120000000597,19.577822134451196,16.787499999999998,22.7125,1,1,1,1,1023,80,80,1023.0,80.0,1023.0,1023,80,39.17545702490315,23301.209587947804
4354,0,271,0,0,282614,283732,522.954787,524.958778,2.003991000000042,19.504131472354857,16.787499999999998,22.7125,1,1,1,1,1118,80,80,1118.0,80.0,1118.0,1118,80,39.08610393341587,23778.05089942969
4354,0,272,0,0,283732,284786,524.958778,526.958903,2.000124999999912,19.62304311669884,16.787499999999998,22.7125,1,1,1,1,1054,80,80,1055.0,80.0,1054.0,1054,80,39.24853911378523,23195.050309356688
4354,0,273,0,0,284786,285969,526.958903,528.959368,2.0004650000000765,19.594894803556368,16.787499999999998,22.7125,1,1,1,1,1183,80,80,1183.0,80.0,1183.0,1183,80,39.19890123319783,23538.027408626593
4354,0,274,0,0,285969,286000,528.959368,529.021816,0.062447999999903914,19.21839357469315,16.787499999999998,22.7125,1,1,1,1,31,2,2,31.0,2.0,31.0,31,2,1.2001502419498138,24468.35767362207
4354,0,275,0,0,286000,287061,529.021816,531.024358,2.002542000000062,19.667441711385205,16.787499999999998,22.7125,1,1,1,1,1061,80,80,1063.0,80.0,1061.0,1061,80,39.38487805960176,23140.088946947708
4354,0,276,0,0,287061,288163,531.024358,533.024333,1.9999749999999494,19.819980688437855,16.787499999999998,22.7125,1,1,1,1,1102,80,80,1102.0,80.0,1102.0,1102,80,39.639465877357,24279.803497544333
4354,0,277,0,0,288163,289238,533.024333,535.026795,2.002462000000037,19.702407148407744,16.787499999999998,22.7125,1,1,1,1,1075,80,80,1075.0,80.0,1075.0,1075,80,39.45332162321574,23445.63841910565
4354,0,278,0,0,289238,290333,535.026795,537.027095,2.0003000000000384,19.52955736956185,16.787499999999998,22.7125,1,1,1,1,1095,80,80,1095.0,80.0,1095.0,1095,80,39.064973606335116,23505.47417887272
4354,0,279,0,0,290333,291372,537.027095,539.027685,2.0005899999999883,19.581911416261523,16.787499999999998,22.7125,1,1,1,1,1039,80,80,1039.0,80.0,1039.0,1039,80,39.175376160257656,23529.05892761649
4354,0,280,0,0,291372,292464,539.027685,541.031668,2.0039829999999483,19.534782254663316,16.787499999999998,22.7125,1,1,1,1,1092,80,80,1092.0,80.0,1092.0,1092,80,39.14737154704562,23329.53922263872
4354,0,281,0,0,292464,293540,541.031668,543.032091,2.000423000000069,19.84652549294082,16.787499999999998,22.7125,1,1,1,1,1076,80,80,1076.0,80.0,1076.0,1076,80,39.70144606616668,23441.542113842115
4354,0,282,0,0,293540,294639,543.032091,545.034196,2.002104999999915,19.79441443002715,16.787499999999998,22.7125,1,1,1,1,1099,80,80,1099.0,80.0,1099.0,1099,80,39.63049610242706,23637.621403473848
4354,0,283,0,0,294639,295719,545.034196,547.036061,2.001865000000066,19.578202101937862,16.787499999999998,22.7125,1,1,1,1,1080,80,80,1081.0,80.0,1080.0,1080,80,39.192917550797574,23824.783389488515
4354,0,284,0,0,295719,296826,547.036061,549.036331,2.0002700000000004,19.553862079718535,16.787499999999998,22.7125,1,1,1,1,1107,80,80,1107.0,80.0,1107.0,1107,80,39.11300370219942,23771.29087573177
4354,0,285,0,0,296826,297858,549.036331,551.03647,2.00013899999999,19.551743978686773,16.787499999999998,22.7125,1,1,1,1,1032,80,80,1032.0,80.0,1032.0,1032,80,39.106205649786716,23233.88524497559
4354,0,286,0,0,297858,298941,551.03647,553.039987,2.003516999999988,19.660720348545933,16.787499999999998,22.7125,1,1,1,1,1083,80,80,1083.0,80.0,1083.0,1083,80,39.39058745055809,23728.77295276271
4354,0,287,0,0,298941,299000,553.039987,553.163002,0.12301500000000942,19.710925161035824,16.787499999999998,22.7125,1,1,1,1,59,5,5,59.0,5.0,59.0,59,5,2.424739458685508,23582.489940249383
4354,0,288,0,0,299000,300061,553.163002,555.166462,2.0034600000000182,19.615037691576767,16.787499999999998,22.7125,1,1,1,1,1061,79,79,1073.0,80.0,1061.0,1061,79,39.29794341356683,23699.49986523293
4354,0,289,0,0,300061,301215,555.166462,557.167064,2.000601999999958,19.693306819076334,16.787499999999998,22.7125,1,1,1,1,1154,80,80,1154.0,80.0,1154.0,1154,80,39.39846900885641,23856.819097452168
4354,0,290,0,0,301215,302260,557.167064,559.16911,2.002046000000064,19.579155820770932,16.787499999999998,22.7125,1,1,1,1,1045,80,80,1045.0,80.0,1045.0,1045,80,39.19837059435304,23935.014480186004
4354,0,291,0,0,302260,303427,559.16911,561.171618,2.0025079999999207,19.595028345656733,16.787499999999998,22.7125,1,1,1,1,1167,80,80,1167.0,80.0,1167.0,1167,80,39.239201022402995,24210.14048383423
4354,0,292,0,0,303427,304480,561.171618,563.172146,2.000528000000031,19.431307093976592,16.787499999999998,22.7125,1,1,1,1,1053,80,80,1053.0,80.0,1053.0,1053,80,38.872873918098776,23115.397535050386
4354,0,293,0,0,304480,305600,563.172146,565.176675,2.0045290000000477,19.599585106255606,16.787499999999998,22.7125,1,1,1,1,1120,80,80,1120.0,80.0,1120.0,1120,80,39.28793673345899,23633.4819800556
4354,0,294,0,0,305600,306681,565.176675,567.177898,2.0012229999999818,19.477474181045707,16.787499999999998,22.7125,1,1,1,1,1081,80,80,1083.0,80.0,1081.0,1081,80,38.97876931301471,23330.733256613792
4354,0,295,0,0,306681,307720,567.177898,569.178759,2.0008609999999862,19.555277575698387,16.787499999999998,22.7125,1,1,1,1,1039,80,80,1039.0,80.0,1039.0,1039,80,39.127392245389274,23698.297882761635
4354,0,296,0,0,307720,308786,569.178759,571.178981,2.000222000000008,19.368612210646603,16.787499999999998,22.7125,1,1,1,1,1066,80,80,1066.0,80.0,1066.0,1066,80,38.74152425320426,23292.914486491907
4354,0,297,0,0,308786,309792,571.178981,573.179138,2.0001569999999447,19.441127238345707,16.787499999999998,22.7125,1,1,1,1,1006,79,79,1006.0,79.0,1006.0,1006,79,38.88530673366586,22497.733927887282
4354,0,298,0,0,309792,310832,573.179138,575.18192,2.0027820000000247,19.50715314495273,16.787499999999998,22.7125,1,1,1,1,1040,80,80,1040.0,81.0,1040.0,1040,81,39.06857518995457,23561.22633416888
4354,0,299,0,0,310832,311880,575.18192,577.183271,2.0013509999999997,19.554545644908686,16.787499999999998,22.7125,1,1,1,1,1048,80,80,1048.0,79.0,1048.0,1048,79,39.13550948098418,23319.247848078627
4354,0,300,0,0,311880,312000,577.183271,577.428062,0.2447909999999638,19.377244590899576,16.787499999999998,22.7125,1,1,1,1,120,10,10,120.0,10.0,120.0,120,10,4.743375080650367,23362.78703057239
4354,0,301,0,0,312000,313083,577.428062,579.42842,2.0003580000000056,19.70235315593414,16.787499999999998,22.7125,1,1,1,1,1083,80,80,1085.0,80.0,1083.0,1083,80,39.411759754299055,23305.828256741977
4354,0,302,0,0,313083,314176,579.42842,581.428644,2.000224000000003,19.568789432188755,16.787499999999998,22.7125,1,1,1,1,1093,80,80,1093.0,80.0,1093.0,1093,80,39.14196227321008,23907.322379893416
4354,0,303,0,0,314176,315187,581.428644,583.431348,2.0027039999999943,19.691620789066274,16.787499999999998,22.7125,1,1,1,1,1011,80,80,1011.0,80.0,1011.0,1011,80,39.4364877207463,23053.83122019037
4354,0,304,0,0,315187,316278,583.431348,585.435142,2.0037940000000845,19.57482743419459,16.787499999999998,22.7125,1,1,1,1,1091,80,80,1091.0,80.0,1091.0,1091,80,39.22392176367612,23292.314479431534
4354,0,305,0,0,316278,317377,585.435142,587.438544,2.0034019999999373,19.60186907222485,16.787499999999998,22.7125,1,1,1,1,1099,80,80,1099.0,80.0,1099.0,1099,80,39.270423703032066,23691.201266646178
4354,0,306,0,0,317377,318462,587.438544,589.44545,2.006906000000072,19.604946618751658,16.787499999999998,22.7125,1,1,1,1,1085,80,80,1086.0,80.0,1085.0,1085,80,39.34528499885346,23281.608605484427
4354,0,307,0,0,318462,319562,589.44545,591.446289,2.000838999999928,19.914097995931012,16.787499999999998,22.7125,1,1,1,1,1100,80,80,1100.0,80.0,1100.0,1100,80,39.84490392007865,23534.127433542475
4354,0,308,0,0,319562,320596,591.446289,593.446442,2.0001530000000685,19.60109931589125,16.787499999999998,22.7125,1,1,1,1,1034,80,80,1034.0,80.0,1034.0,1034,80,39.20519759997842,23334.714894309785
4354,0,309,0,0,320596,321667,593.446442,595.448437,2.0019949999999653,19.60759932344721,16.787499999999998,22.7125,1,1,1,1,1071,80,80,1071.0,80.0,1071.0,1071,80,39.25431580754412,23217.340702649508
4354,0,310,0,0,321667,322739,595.448437,597.449042,2.0006049999999505,19.416868535176263,16.787499999999998,22.7125,1,1,1,1,1072,80,80,1072.0,80.0,1072.0,1072,80,38.84548427581467,23239.96990910307
4354,0,311,0,0,322739,323787,597.449042,599.449816,2.000774000000092,19.420869211975024,16.787499999999998,22.7125,1,1,1,1,1048,80,80,1048.0,80.0,1048.0,1048,80,38.85677017672242,23392.447122962334
4354,0,312,0,0,323787,324827,599.449816,601.451607,2.001790999999912,19.432910095812172,16.787499999999998,22.7125,1,1,1,1,1040,80,80,1041.0,80.0,1040.0,1040,80,38.90062453360406,23642.328295012856
4354,0,313,0,0,324827,325000,601.451607,601.80529,0.3536830000000464,19.563240185369274,16.787499999999998,22.7125,1,1,1,1,173,14,14,173.0,14.0,173.0,173,14,6.919185478482177,23936.689069021948
4354,0,314,0,0,325000,326026,601.80529,603.808147,2.002856999999949,19.515274146158312,16.787499999999998,22.7125,1,1,1,1,1026,80,80,1027.0,80.0,1026.0,1026,80,39.0863034305512,23106.492375641985
4354,0,315,0,0,326026,327046,603.808147,605.80937,2.0012229999999818,19.377868527435453,16.787499999999998,22.7125,1,1,1,1,1020,80,80,1021.0,80.0,1020.0,1020,80,38.77943618807876,23255.779091086013
4354,0,316,0,0,327046,328112,605.80937,607.811907,2.002537000000075,19.45144679123985,16.787499999999998,22.7125,1,1,1,1,1066,80,80,1066.0,80.0,1066.0,1066,80,38.95224190299086,23330.904747327142
4354,0,317,0,0,328112,329188,607.811907,609.81237,2.000462999999968,19.342237467243898,16.787499999999998,22.7125,1,1,1,1,1076,80,80,1076.0,80.0,1076.0,1076,80,38.693430390434514,23559.545965109457
4354,0,318,0,0,329188,330265,609.81237,611.81491,2.0025400000000673,19.527959263538346,16.787499999999998,22.7125,1,1,1,1,1077,80,80,1077.0,80.0,1077.0,1077,80,39.10551954360744,23177.564493092992
4354,0,319,0,0,330265,331360,611.81491,613.817018,2.0021079999999074,19.39270360462481,16.787499999999998,22.7125,1,1,1,1,1095,80,80,1095.0,80.0,1095.0,1095,80,38.82628702844704,23347.891322547115
4354,0,320,0,0,331360,332449,613.817018,615.818747,2.0017290000000685,19.53433584638297,16.787499999999998,22.7125,1,1,1,1,1089,80,80,1089.0,80.0,1089.0,1089,80,39.102446559445525,23173.96610630031
4354,0,321,0,0,332449,333532,615.818747,617.820015,2.001267999999982,19.451475821638834,16.787499999999998,22.7125,1,1,1,1,1083,80,80,1086.0,80.0,1083.0,1083,80,38.92761611461901,23716.963445175974
4354,0,322,0,0,333532,334542,617.820015,619.823388,2.0033730000000105,19.40523300716851,16.787499999999998,22.7125,1,1,1,1,1010,80,80,1010.0,80.0,1010.0,1010,80,38.87591986526968,23305.694945474334
4354,0,323,0,0,334542,335573,619.823388,621.826068,2.002679999999941,19.452412901858477,16.787499999999998,22.7125,1,1,1,1,1031,80,80,1031.0,80.0,1031.0,1031,80,38.9569582702934,23302.774282462186
4354,0,324,0,0,335573,336644,621.826068,623.832845,2.0067770000000564,19.313552739213264,16.787499999999998,22.7125,1,1,1,1,1071,80,80,1071.0,80.0,1071.0,1071,80,38.75799342534083,22961.195987396062
4354,0,325,0,0,336644,337678,623.832845,625.83295,2.0001049999999623,19.40641020873897,16.787499999999998,22.7125,1,1,1,1,1034,80,80,1035.0,80.0,1034.0,1034,80,38.81485809054902,22940.795608231
4354,0,326,0,0,337678,338000,625.83295,626.401643,0.568693000000053,19.46569378498468,16.787499999999998,22.7125,1,1,1,1,322,23,23,322.0,23.0,322.0,322,23,11.070003795664888,23313.105665093055
4354,0,327,0,0,338000,339051,626.401643,628.401942,2.000298999999927,19.57921054796335,16.787499999999998,22.7125,1,1,1,1,1051,80,80,1052.0,80.0,1051.0,1051,80,39.1642752798798,23513.984659294292
4354,0,328,0,0,339051,340160,628.401942,630.40194,1.999998000000005,19.269790881857105,16.787499999999998,22.7125,1,1,1,1,1109,80,80,1110.0,80.0,1109.0,1109,80,38.53954322413301,23424.523424523366
4354,0,329,0,0,340160,341304,630.40194,632.404994,2.00305400000002,19.774723051042468,16.787499999999998,22.7125,1,1,1,1,1144,80,80,1144.0,80.0,1144.0,1144,80,39.60983810628386,24440.67908303995
4354,0,330,0,0,341304,342380,632.404994,634.405475,2.000481000000036,19.80720284468747,16.787499999999998,22.7125,1,1,1,1,1076,80,80,1076.0,80.0,1076.0,1076,80,39.62393295394395,23938.242852593517
4354,0,331,0,0,342380,343472,634.405475,636.407204,2.001728999999955,19.949002895531176,16.787499999999998,22.7125,1,1,1,1,1092,80,80,1092.0,80.0,1092.0,1092,80,39.93249761706829,23772.948286207113
4354,0,332,0,0,343472,344560,636.407204,638.410797,2.0035930000000235,19.650412711431766,16.787499999999998,22.7125,1,1,1,1,1088,80,80,1088.0,80.0,1088.0,1088,80,39.371429355736836,23583.632005102558
4354,0,333,0,0,344560,345634,638.410797,640.415894,2.005096999999978,19.60141462794583,16.787499999999998,22.7125,1,1,1,1,1074,80,80,1074.0,80.0,1074.0,1074,80,39.30273766625032,23442.756135987693
4354,0,334,0,0,345634,346735,640.415894,642.416625,2.0007309999999734,19.86245707453408,16.787499999999998,22.7125,1,1,1,1,1101,80,80,1101.0,80.0,1101.0,1101,80,39.73943360518933,24007.725176448326
4354,0,335,0,0,346735,347773,642.416625,644.418757,2.002132000000074,19.69635914369248,16.787499999999998,22.7125,1,1,1,1,1038,80,80,1038.0,80.0,1038.0,1038,80,39.43471092508116,23268.19610295339
4354,0,336,0,0,347773,348896,644.418757,646.420067,2.0013099999999895,19.574987546958035,16.787499999999998,22.7125,1,1,1,1,1123,80,80,1123.0,80.0,1123.0,1123,80,39.17561832760293,23283.249471596228
4354,0,337,0,0,348896,349915,646.420067,648.420138,2.0000709999999344,19.492333476418757,16.787499999999998,22.7125,1,1,1,1,1019,80,80,1019.0,80.0,1019.0,1019,80,38.98605090851379,23423.168477519815
4354,0,338,0,0,349915,350966,648.420138,650.421396,2.001258000000007,19.75803762426029,16.787499999999998,22.7125,1,1,1,1,1051,80,80,1051.0,80.0,1051.0,1051,80,39.54093085985187,23165.42894519339
4354,0,339,0,0,350966,351000,650.421396,650.478976,0.05758000000002994,19.837103959223892,16.787499999999998,22.7125,1,1,1,1,34,2,2,34.0,2.0,34.0,34,2,1.1422204459722707,24383.46648140448
4354,0,340,0,0,351000,352143,650.478976,652.482081,2.003105000000005,19.68657268504885,16.787499999999998,22.7125,1,1,1,1,1143,80,80,1145.0,80.0,1143.0,1143,80,39.43427217828503,24007.228777323147
4354,0,341,0,0,352143,353202,652.482081,654.483759,2.00167799999997,19.701043287014468,16.787499999999998,22.7125,1,1,1,1,1059,80,80,1059.0,80.0,1059.0,1059,80,39.4351449246642,24253.151605803097
4354,0,342,0,0,353202,354328,654.483759,656.486182,2.0024230000000216,19.669900034738525,16.787499999999998,22.7125,1,1,1,1,1126,80,80,1127.0,80.0,1126.0,1126,80,39.38746023726162,23709.276211869066
4354,0,343,0,0,354328,355385,656.486182,658.487109,2.000927000000047,20.038263830463826,16.787499999999998,22.7125,1,1,1,1,1057,80,80,1057.0,80.0,1057.0,1057,80,40.095103131499854,23475.119282212145
4354,0,344,0,0,355385,356451,658.487109,660.491694,2.00458500000002,19.79573694633365,16.787499999999998,22.7125,1,1,1,1,1066,80,80,1067.0,80.0,1066.0,1066,80,39.68223734656749,23533.549338142075
4354,0,345,0,0,356451,357574,660.491694,662.491962,2.000267999999892,19.788871311564158,16.787499999999998,22.7125,1,1,1,1,1123,80,80,1123.0,80.0,1123.0,1123,80,39.58304604063778,23906.296556262754
4354,0,346,0,0,357574,358658,662.491962,664.492772,2.0008100000000013,19.8680339708849,16.787499999999998,22.7125,1,1,1,1,1084,80,80,1084.0,80.0,1084.0,1084,80,39.75216104928586,23609.93797512006
4354,0,347,0,0,358658,359735,664.492772,666.497207,2.0044350000000577,19.993756788210288,16.787499999999998,22.7125,1,1,1,1,1077,80,80,1079.0,80.0,1077.0,1077,80,40.07618588777768,24027.219640446616
4354,0,348,0,0,359735,360821,666.497207,668.500136,2.0029289999999946,19.920050095440114,16.787499999999998,22.7125,1,1,1,1,1086,80,80,1086.0,80.0,1086.0,1086,80,39.898446017608876,24481.646628512608
4354,0,349,0,0,360821,361905,668.500136,670.500278,2.0001419999999825,19.93284865948235,16.787499999999998,22.7125,1,1,1,1,1084,80,80,1085.0,80.0,1084.0,1084,80,39.86852778347384,23818.308900068303
4354,0,350,0,0,361905,362968,670.500278,672.502411,2.0021330000000717,19.730282161055882,16.787499999999998,22.7125,1,1,1,1,1063,80,80,1063.0,80.0,1063.0,1063,80,39.50264901396258,23696.727440184193
4354,0,351,0,0,362968,364000,672.502411,674.37694,1.8745289999999386,19.97054798749096,16.787499999999998,22.7125,1,1,1,1,1032,75,75,1032.0,75.0,1032.0,1032,75,37.43537134844155,24375.189714323704
4354,0,352,0,0,364000,365032,674.37694,676.37761,2.0006700000000137,19.87034833744353,16.787499999999998,22.7125,1,1,1,1,1032,80,80,1037.0,80.0,1032.0,1032,80,39.75400980827362,23685.065503056314
4354,0,353,0,0,365032,366139,676.37761,678.380399,2.002789000000007,19.719928348341632,16.787499999999998,22.7125,1,1,1,1,1107,80,80,1108.0,80.0,1107.0,1107,80,39.49485557684784,23753.875221004226
4354,0,354,0,0,366139,367222,678.380399,680.380679,2.000279999999975,19.942582370030387,16.787499999999998,22.7125,1,1,1,1,1083,80,80,1084.0,80.0,1083.0,1083,80,39.890748663123304,23697.682324474867
4354,0,355,0,0,367222,368287,680.380679,682.382468,2.0017890000000307,19.663732556935557,16.787499999999998,22.7125,1,1,1,1,1065,80,80,1065.0,80.0,1065.0,1065,80,39.362643531416325,23664.831807947427
4354,0,356,0,0,368287,369376,682.382468,684.386899,2.004430999999954,19.472652264562154,16.787499999999998,22.7125,1,1,1,1,1089,80,80,1089.0,80.0,1089.0,1089,80,39.03158785130836,23712.963928417135
4354,0,357,0,0,369376,370426,684.386899,686.387073,2.0001740000000154,19.21320393244977,16.787499999999998,22.7125,1,1,1,1,1050,80,80,1050.0,80.0,1050.0,1050,80,38.42975096238479,23383.46563848927
4354,0,358,0,0,370426,371552,686.387073,688.387721,2.0006480000000693,19.57671391618158,16.787499999999998,22.7125,1,1,1,1,1126,80,80,1126.0,80.0,1126.0,1126,80,39.1661135429822,23714.316561433276
4354,0,359,0,0,371552,372649,688.387721,690.387771,2.0000499999999874,19.54192532859922,16.787499999999998,22.7125,1,1,1,1,1097,79,79,1098.0,79.0,1097.0,1097,79,39.0848277534642,23202.91992700197
4354,0,360,0,0,372649,373740,690.387771,692.389917,2.002145999999925,19.578395658212614,16.787499999999998,22.7125,1,1,1,1,1091,80,80,1092.0,80.0,1091.0,1091,80,39.198806553506074,23522.760078436717
4354,0,361,0,0,373740,374826,692.389917,694.392483,2.0025660000000016,19.51116176495102,16.787499999999998,22.7125,1,1,1,1,1086,80,80,1087.0,81.0,1087.0,1086,81,39.0723891709913,23626.686960629493
4354,0,362,0,0,374826,375140,694.392483,696.39476,2.002277000000049,5.308127136090487,16.787499999999998,22.7125,1,0,0,1,314,80,80,313.0,80.0,313.0,314,80,10.62834087767078,5748.455383545692
4354,0,363,0,0,375140,375220,696.39476,698.397036,2.002275999999938,1.0086565441846178,16.787499999999998,22.7125,1,0,0,0,80,80,80,80.0,80.0,80.0,80,80,2.019608790664279,567.3543507488654
4354,0,364,0,0,375220,375300,698.397036,700.399312,2.0022760000000517,1.0042331108223952,16.787499999999998,22.7125,1,0,0,0,80,80,80,80.0,80.0,80.0,80,80,2.0107518562053883,596.321386262418
4354,0,365,0,0,375300,375380,700.399312,702.40159,2.0022780000000466,1.0048047428818438,16.787499999999998,22.7125,1,0,0,0,80,80,80,80.0,80.0,80.0,80,80,2.0118984309683583,609.3060004654557
4354,0,366,0,0,375380,375461,702.40159,704.403867,2.0022769999999355,1.002775574716974,16.787499999999998,22.7125,1,0,0,0,81,80,80,81.0,80.0,81.0,81,80,2.007834469417503,605.3108535932037
4354,0,367,0,0,375461,375541,704.403867,706.406144,2.002277000000049,1.0031918976489727,16.787499999999998,22.7125,1,0,0,0,80,80,80,80.0,80.0,80.0,80,80,2.0086680632484786,572.3483813677987
4354,0,368,0,0,375541,375627,706.406144,708.40842,2.002275999999938,1.086821213713901,16.787499999999998,22.7125,1,0,0,0,86,80,80,86.0,80.0,86.0,86,80,2.176116032509526,703.1997586746501
4354,0,369,0,0,375627,375832,708.40842,710.410697,2.002277000000049,2.7428493095641766,16.787499999999998,22.7125,1,0,0,1,205,80,80,205.0,80.0,205.0,205,80,5.491944087007141,3536.4737246643826
4354,0,370,0,0,375832,376054,710.410697,712.412976,2.0022789999999304,2.7537231869768255,16.787499999999998,22.7125,1,0,0,1,222,80,80,222.0,80.0,222.0,222,80,5.513722109097216,3488.025395062448
4354,0,371,0,0,376054,376260,712.412976,714.415252,2.0022760000000517,2.7789666161199955,16.787499999999998,22.7125,1,0,0,1,206,80,80,206.0,80.0,206.0,206,80,5.56425816025876,3702.286797624208
4354,0,372,0,0,376260,376554,714.415252,716.417527,2.0022749999999405,4.078365117519929,16.787499999999998,22.7125,1,0,0,1,294,80,80,294.0,80.0,294.0,294,80,8.166008515681824,5085.215567292356
4354,0,373,0,0,376554,376915,716.417527,718.419805,2.0022780000000466,5.424799024183293,16.787499999999998,22.7125,1,0,0,1,361,80,80,361.0,80.0,361.0,361,80,10.861955740543635,6719.8460952973
4354,0,374,0,0,376915,377000,718.419805,718.845242,0.4254369999999881,7.017866242750329,16.787499999999998,22.7125,1,0,0,1,85,17,17,85.0,16.0,85.0,85,16,2.985659960717385,8682.83670672768
4354,0,375,0,0,377000,377475,718.845242,720.846822,2.00157999999999,7.61401752071947,16.787499999999998,22.7125,1,0,0,1,475,79,79,478.0,80.0,475.0,475,79,15.240065189122106,9359.605911330096
4354,0,376,0,0,377475,378122,720.846822,722.849843,2.0030209999999897,10.73404961385909,16.787499999999998,22.7125,1,0,0,1,647,80,80,647.0,81.0,647.0,647,81,21.50052679160217,12959.424788856499
4354,0,377,0,0,378122,378860,722.849843,724.850401,2.000558000000069,13.195340390308866,16.787499999999998,22.7125,1,0,0,1,738,80,80,739.0,79.0,738.0,738,79,26.39804378055669,16040.524693609928
4354,0,378,0,0,378860,379692,724.850401,726.850585,2.00018399999999,14.990406772750994,16.787499999999998,22.7125,1,0,0,1,832,80,80,832.0,80.0,832.0,832,80,29.98357178034712,18067.337804922037
4354,0,379,0,0,379692,380699,726.850585,728.853192,2.002607000000012,17.52476479840684,16.787499999999998,22.7125,1,1,0,1,1007,80,80,1007.0,80.0,1007.0,1007,80,35.09521665864304,21081.020889270712
4354,0,380,0,0,380699,381659,728.853192,730.853478,2.00028599999996,18.36261984474779,16.787499999999998,22.7125,1,1,1,1,960,80,80,960.0,80.0,960.0,960,80,36.73049139877003,21520.42257957155
4354,0,381,0,0,381659,382710,730.853478,732.854024,2.0005459999999857,19.236647118583612,16.787499999999998,22.7125,1,1,1,1,1051,80,80,1051.0,80.0,1051.0,1051,80,38.483797446493554,22799.775661244643
4354,0,382,0,0,382710,383635,732.854024,734.863503,2.0094790000000557,16.285865753670784,16.787499999999998,22.7125,1,0,0,1,925,80,80,925.0,81.0,925.0,925,81,32.726105228821325,19906.154779422373
4354,0,383,0,0,383635,383715,734.863503,736.865781,2.002277999999933,1.002879250282835,16.787499999999998,22.7125,1,0,0,0,80,80,80,80.0,80.0,80.0,80,80,2.0080430594971403,554.3685741940116
4354,0,384,0,0,383715,383795,736.865781,738.868057,2.0022760000000517,1.003140262579975,16.787499999999998,22.7125,1,0,0,0,80,80,80,80.0,80.0,80.0,80,80,2.0085636723979405,570.8503722763347
4354,0,385,0,0,383795,383875,738.868057,740.870335,2.002277999999933,1.00324353266644,16.787499999999998,22.7125,1,0,0,0,80,80,80,80.0,80.0,80.0,80,80,2.0087724541008356,582.3367184776735
4354,0,386,0,0,383875,383955,740.870335,742.872612,2.002277000000049,1.0027235343504224,16.787499999999998,22.7125,1,0,0,0,80,80,80,80.0,80.0,80.0,80,80,2.0077302701884037,590.3279116725463
4354,0,387,0,0,383955,384036,742.872612,744.874888,2.0022760000000517,1.0031923029724714,16.787499999999998,22.7125,1,0,0,0,81,80,80,81.0,80.0,81.0,81,80,2.00866787162704,560.8617393406159
4354,0,388,0,0,384036,384123,744.874888,746.877164,2.002275999999938,1.081461053286793,16.787499999999998,22.7125,1,0,0,0,87,80,80,87.0,80.0,87.0,87,80,2.165383511930486,675.7310181014216
4354,0,389,0,0,384123,384369,746.877164,748.87944,2.0022760000000517,2.736657777020592,16.787499999999998,22.7125,1,0,0,1,246,80,80,246.0,80.0,246.0,246,80,5.479544187141073,3455.0681324651655
4354,0,390,0,0,384369,384573,748.87944,750.881719,2.0022789999999304,2.742638599983117,16.787499999999998,22.7125,1,0,0,1,204,80,80,204.0,80.0,204.0,204,80,5.49152767333544,3471.0447445137474
4354,0,391,0,0,384573,384831,750.881719,752.883994,2.002275000000054,3.181188302806883,16.787499999999998,22.7125,1,0,0,1,258,80,80,258.0,80.0,258.0,258,80,6.369613809003567,4168.258605835749
4354,0,392,0,0,384831,385133,752.883994,754.886271,2.0022769999999355,4.062697084879045,16.787499999999998,22.7125,1,0,0,1,302,80,80,302.0,80.0,302.0,302,80,8.134644931020375,5118.672391482462
4354,0,393,0,0,385133,385510,754.886271,756.888547,2.0022760000000517,6.187248041873031,16.787499999999998,22.7125,1,0,0,1,377,80,80,377.0,80.0,377.0,377,80,12.38857826029016,7588.364441265644
4354,0,394,0,0,385510,385977,756.888547,758.890825,2.002277999999933,7.76323172522548,16.787499999999998,22.7125,1,0,0,1,467,80,80,467.0,80.0,467.0,467,80,15.544148092320029,9436.751539996261
4354,0,395,0,0,385977,386638,758.890825,760.893101,2.0022760000000517,10.474960060419196,16.787499999999998,22.7125,1,0,0,1,661,80,80,661.0,80.0,661.0,661,80,20.973761129936975,12964.746118916339
4354,0,396,0,0,386638,387387,760.893101,762.895378,2.002277000000049,13.286956128726795,16.787499999999998,22.7125,1,0,0,1,749,80,80,749.0,80.0,749.0,749,80,26.604166656559755,16161.100586981325
4354,0,397,0,0,387387,388245,762.895378,764.896421,2.0010429999999815,14.882616858321963,16.787499999999998,22.7125,1,0,0,1,858,80,80,858.0,79.0,858.0,858,79,29.7807562860271,17987.119717067715
4354,0,398,0,0,388245,389177,764.896421,766.899933,2.0035120000000006,17.649400409367548,16.787499999999998,22.7125,1,1,0,1,932,80,80,932.0,81.0,932.0,932,81,35.36078551297214,20774.020819441055
4354,0,399,0,0,389177,390000,766.899933,768.539773,1.6398399999999356,18.36707537998401,16.787499999999998,22.7125,1,1,1,1,823,66,66,823.0,65.0,823.0,823,65,30.11906489111243,21802.7368523767
4354,0,400,0,0,390000,391013,768.539773,770.544639,2.0048659999999927,19.040417842195883,16.787499999999998,22.7125,1,1,1,1,1013,80,80,1015.0,80.0,1013.0,1013,80,38.17348635761118,22118.685238814047
4354,0,401,0,0,391013,392127,770.544639,772.548332,2.0036929999999984,19.045003840493987,16.787499999999998,22.7125,1,1,1,1,1114,80,80,1114.0,80.0,1114.0,1114,80,38.160340880171134,23429.23791219515
4354,0,402,0,0,392127,393190,772.548332,774.548554,2.000222000000008,19.58146760839267,16.787499999999998,22.7125,1,1,1,1,1063,80,80,1063.0,80.0,1063.0,1063,80,39.167282302594685,23542.386795065653
4354,0,403,0,0,393190,394243,774.548554,776.553173,2.004619000000048,19.554531127802825,16.787499999999998,22.7125,1,1,1,1,1053,80,80,1054.0,80.0,1053.0,1053,80,39.199384634885064,23560.087976816976
4354,0,404,0,0,394243,395271,776.553173,778.558923,2.0057500000000346,19.6328113851999,16.787499999999998,22.7125,1,1,1,1,1028,80,80,1028.0,80.0,1028.0,1028,80,39.37851143586522,23187.336407827097
4354,0,405,0,0,395271,396354,778.558923,780.559452,2.000528999999915,19.624640106439678,16.787499999999998,22.7125,1,1,1,1,1083,80,80,1083.0,80.0,1083.0,1083,80,39.259661647494795,23234.35451323224
4354,0,406,0,0,396354,397464,780.559452,782.559934,2.0004820000000336,19.491024576070487,16.787499999999998,22.7125,1,1,1,1,1110,80,80,1110.0,80.0,1110.0,1110,80,38.99144382598752,23444.849791199926
4354,0,407,0,0,397464,398584,782.559934,784.564812,2.0048779999999624,19.717927077764546,16.787499999999998,22.7125,1,1,1,1,1120,80,80,1121.0,80.0,1120.0,1120,80,39.5320382038135,23247.798619168287
4354,0,408,0,0,398584,399632,784.564812,786.567777,2.0029650000000174,19.435522184563155,16.787499999999998,22.7125,1,1,1,1,1048,80,80,1048.0,80.0,1048.0,1048,80,38.9286706924031,22491.15685995492
4354,0,409,0,0,399632,400747,786.567777,788.569128,2.0013509999999997,19.395540830091544,16.787499999999998,22.7125,1,1,1,1,1115,80,80,1115.0,80.0,1115.0,1115,80,38.81728503584418,23776.43901544507
4354,0,410,0,0,400747,401813,788.569128,790.569164,2.000036000000023,19.5487294088973,16.787499999999998,22.7125,1,1,1,1,1066,80,80,1066.0,80.0,1066.0,1066,80,39.09816257205421,23048.085134467317
4354,0,411,0,0,401813,402911,790.569164,792.571214,2.002050000000054,19.524468505016806,16.787499999999998,22.7125,1,1,1,1,1098,80,80,1098.0,80.0,1098.0,1098,80,39.08896217047004,23737.66888938774
4354,0,412,0,0,402911,403000,792.571214,792.738735,0.16752099999996517,19.338862811675863,16.787499999999998,22.7125,1,1,1,1,89,7,7,89.0,7.0,89.0,89,7,3.2396656370747223,23346.326729191045
4354,0,413,0,0,403000,404091,792.738735,794.742416,2.0036810000000287,19.359532340121294,16.787499999999998,22.7125,1,1,1,1,1091,80,80,1093.0,80.0,1091.0,1091,80,38.7903271187879,23037.10021705019
4354,0,414,0,0,404091,405133,794.742416,796.746905,2.0044889999999214,19.360435014447546,16.787499999999998,22.7125,1,1,1,1,1042,80,80,1042.0,80.0,1042.0,1042,80,38.80777902167392,23178.475910819077
4354,0,415,0,0,405133,406204,796.746905,798.748616,2.0017110000000002,19.48516156489184,16.787499999999998,22.7125,1,1,1,1,1071,80,80,1071.0,80.0,1071.0,1071,80,39.00366224122081,23623.29027516959
4354,0,416,0,0,406204,407336,798.748616,800.748826,2.0002100000000382,19.960568837051973,16.787499999999998,22.7125,1,1,1,1,1132,80,80,1132.0,80.0,1132.0,1132,80,39.92532939355988,23748.006459321317
4354,0,417,0,0,407336,408424,800.748826,802.749441,2.000615000000039,19.956254354411453,16.787499999999998,22.7125,1,1,1,1,1088,80,80,1088.0,80.0,1088.0,1088,80,39.92478180525177,23509.27089919804
4354,0,418,0,0,408424,409512,802.749441,804.752664,2.0032229999999345,19.84719344360872,16.787499999999998,22.7125,1,1,1,1,1088,80,80,1089.0,80.0,1088.0,1088,80,39.758354391684406,24033.270384775722
4354,0,419,0,0,409512,410562,804.752664,806.753185,2.000521000000049,19.656490306354538,16.787499999999998,22.7125,1,1,1,1,1050,80,80,1050.0,80.0,1050.0,1050,80,39.323221644159275,23495.87932343567
4354,0,420,0,0,410562,411675,806.753185,808.755519,2.002334000000019,19.77515581121543,16.787499999999998,22.7125,1,1,1,1,1113,80,80,1114.0,80.0,1113.0,1113,80,39.596466836093896,24120.850966921374
4354,0,421,0,0,411675,412758,808.755519,810.759219,2.0036999999999807,19.98073930530819,16.787499999999998,22.7125,1,1,1,1,1083,80,80,1083.0,80.0,1083.0,1083,80,40.03540734604576,23990.61735788814
4354,0,422,0,0,412758,413864,810.759219,812.761692,2.002473000000009,19.83915273920608,16.787499999999998,22.7125,1,1,1,1,1106,80,80,1106.0,80.0,1106.0,1106,80,39.72736770313713,23468.980605481218
4354,0,423,0,0,413864,414971,812.761692,814.763218,2.0015260000000126,19.75291884874927,16.787499999999998,22.7125,1,1,1,1,1107,80,80,1108.0,80.0,1107.0,1107,80,39.53598065166261,23743.383798161853
4354,0,424,0,0,414971,416000,814.763218,816.639808,1.8765899999999647,19.774252184243647,16.787499999999998,22.7125,1,1,1,1,1029,75,75,1029.0,75.0,1029.0,1029,75,37.10816390642867,23075.365423454678
4354,0,425,0,0,416000,417050,816.639808,818.640802,2.0009939999999915,19.95521865134964,16.787499999999998,22.7125,1,1,1,1,1050,80,80,1051.0,80.0,1050.0,1050,80,39.93027279003945,24200.472365234582
4354,0,426,0,0,417050,418136,818.640802,820.64106,2.0002580000000307,19.86466026084751,16.787499999999998,22.7125,1,1,1,1,1086,80,80,1086.0,80.0,1086.0,1086,80,39.734445604042776,24263.37002526637
4354,0,427,0,0,418136,419107,820.64106,822.642716,2.0016559999999117,19.802351458765646,16.787499999999998,22.7125,1,1,1,1,971,80,80,971.0,80.0,971.0,971,80,39.63749561154509,23595.962543015423
4354,0,428,0,0,419107,420196,822.642716,824.643688,2.000972000000047,19.78051835027366,16.787499999999998,22.7125,1,1,1,1,1089,80,80,1089.0,80.0,1089.0,1089,80,39.580263364385246,23538.560259713227
4354,0,429,0,0,420196,421292,824.643688,826.653613,2.009924999999953,19.91550980955813,16.787499999999998,22.7125,1,1,1,1,1096,80,80,1096.0,80.0,1096.0,1096,80,40.02868105397465,23468.039852233844
4354,0,430,0,0,421292,422385,826.653613,828.659117,2.005504000000087,19.942519554113694,16.787499999999998,22.7125,1,1,1,1,1093,80,80,1093.0,80.0,1093.0,1093,80,39.994802735855046,23742.660199130954
4354,0,431,0,0,422385,423471,828.659117,830.66041,2.0012929999999187,19.774825132028923,16.787499999999998,22.7125,1,1,1,1,1086,80,80,1086.0,80.0,1086.0,1086,80,39.575219112952254,23726.161036890615
4354,0,432,0,0,423471,424575,830.66041,832.661866,2.0014560000000756,19.96877405810754,16.787499999999998,22.7125,1,1,1,1,1104,80,80,1105.0,80.0,1104.0,1104,80,39.966622651245416,23873.120368370925
4354,0,433,0,0,424575,425691,832.661866,834.669624,2.007757999999967,19.885678238005898,16.787499999999998,22.7125,1,1,1,1,1116,80,80,1116.0,80.0,1116.0,1116,80,39.92562956778238,24021.819362692513
4354,0,434,0,0,425691,426783,834.669624,836.671308,2.0016839999999547,19.936745451431726,16.787499999999998,22.7125,1,1,1,1,1092,80,80,1092.0,80.0,1092.0,1092,80,39.907064382203316,23655.581999956572
4354,0,435,0,0,426783,427862,836.671308,838.676639,2.0053310000000693,19.864774924515757,16.787499999999998,22.7125,1,1,1,1,1079,80,80,1079.0,80.0,1079.0,1079,80,39.83544896415515,23333.803746113925
4354,0,436,0,0,427862,428948,838.676639,840.683128,2.0064889999999878,19.771369831168496,16.787499999999998,22.7125,1,1,1,1,1086,80,80,1086.0,80.0,1086.0,1086,80,39.671036081170314,23454.900575084284
4354,0,437,0,0,428948,429000,840.683128,840.765034,0.08190600000000359,19.80355939660396,16.787499999999998,22.7125,1,1,1,1,52,4,4,52.0,4.0,52.0,52,4,1.622030335938689,23526.969941151023
4354,0,438,0,0,429000,430060,840.765034,842.766499,2.001464999999939,19.773714885606815,16.787499999999998,22.7125,1,1,1,1,1060,80,80,1062.0,80.0,1060.0,1060,80,39.57639826351988,23658.670024207986
4354,0,439,0,0,430060,431198,842.766499,844.766516,2.0000170000000708,19.72792605353647,16.787499999999998,22.7125,1,1,1,1,1138,80,80,1138.0,80.0,1138.0,1138,80,39.456187481817324,23539.299915949883
4354,0,440,0,0,431198,432247,844.766516,846.768386,2.00186999999994,19.779538794039457,16.787499999999998,22.7125,1,1,1,1,1049,80,80,1049.0,80.0,1049.0,1049,80,39.596065325622476,22779.700979584773
4354,0,441,0,0,432247,433318,846.768386,848.770153,2.0017670000000862,20.11342961368402,16.787499999999998,22.7125,1,1,1,1,1071,80,80,1072.0,80.0,1071.0,1071,80,40.262399657496644,24010.786470152583
4354,0,442,0,0,433318,434389,848.770153,850.770302,2.000148999999965,19.636875805019198,16.787499999999998,22.7125,1,1,1,1,1071,79,79,1072.0,80.0,1071.0,1071,80,39.27667750453293,23561.244687271213
4354,0,443,0,0,434389,435463,850.770302,852.772581,2.0022789999999304,19.338242861517028,16.787499999999998,22.7125,1,1,1,1,1074,80,80,1074.0,80.0,1074.0,1074,80,38.72055757851376,23295.454829222912
4354,0,444,0,0,435463,436545,852.772581,854.774857,2.0022760000000517,19.359035665406438,16.787499999999998,22.7125,1,1,1,1,1082,80,80,1082.0,80.0,1082.0,1082,80,38.762132495989135,22981.846658502032
4354,0,445,0,0,436545,437638,854.774857,856.777132,2.002275000000054,19.369089038991934,16.787499999999998,22.7125,1,1,1,1,1093,80,80,1093.0,80.0,1093.0,1093,80,38.782242755549305,23426.85195589953
4354,0,446,0,0,437638,438740,856.777132,858.777874,2.0007419999999456,19.70954534636068,16.787499999999998,22.7125,1,1,1,1,1102,80,80,1103.0,79.0,1102.0,1102,79,39.43371517536798,23784.67588524722
4354,0,447,0,0,438740,439860,858.777874,860.77836,2.0004860000000235,19.595993292625185,16.787499999999998,22.7125,1,1,1,1,1120,80,80,1120.0,80.0,1120.0,1120,80,39.2015102379919,23956.178648588113
4354,0,448,0,0,439860,440963,860.77836,862.7793,2.000940000000014,19.496605515903376,16.787499999999998,22.7125,1,1,1,1,1103,80,80,1103.0,80.0,1103.0,1103,80,39.01153784099188,23465.970993632825
4354,0,449,0,0,440963,441976,862.7793,864.781441,2.0021409999999378,19.416119144643815,16.787499999999998,22.7125,1,1,1,1,1013,80,80,1013.0,80.0,1013.0,1013,80,38.8738082003747,23057.81660732258
4354,0,450,0,0,441976,442000,864.781441,864.829827,0.048386000000050444,19.42021980845365,16.787499999999998,22.7125,1,1,1,1,24,2,2,24.0,2.0,24.0,24,2,0.9396667556520697,24469.88798410213
4354,0,451,0,0,442000,443068,864.829827,866.831754,2.0019270000000233,19.406931501366916,16.787499999999998,22.7125,1,1,1,1,1068,80,80,1068.0,80.0,1068.0,1068,80,38.85126015973765,23730.635532664
4354,0,452,0,0,443068,444108,866.831754,868.832318,2.0005639999999403,19.435648520671982,16.787499999999998,22.7125,1,1,1,1,1040,80,80,1040.0,80.0,1040.0,1040,80,38.8822587471077,23294.430970467023
4354,0,453,0,0,444108,445229,868.832318,870.833849,2.001531,19.370022487912625,16.787499999999998,22.7125,1,1,1,1,1121,80,80,1121.0,80.0,1121.0,1121,80,38.76970048025396,23185.751307374205
4354,0,454,0,0,445229,446299,870.833849,872.83415,2.000301000000036,19.487613823455476,16.787499999999998,22.7125,1,1,1,1,1070,80,80,1070.0,80.0,1070.0,1070,80,38.98109341867166,23373.982215676122
4354,0,455,0,0,446299,447350,872.83415,874.834953,2.000803000000019,19.46511779245737,16.787499999999998,22.7125,1,1,1,1,1051,80,80,1051.0,80.0,1051.0,1051,80,38.94586607450219,23545.046663764275
4354,0,456,0,0,447350,448486,874.834953,876.836456,2.001502999999957,19.4700386846535,16.787499999999998,22.7125,1,1,1,1,1136,80,80,1137.0,80.0,1136.0,1136,80,38.969340837449636,23536.312461185924
4354,0,457,0,0,448486,449551,876.836456,878.836468,2.0000119999999697,19.581419557851603,16.787499999999998,22.7125,1,1,1,1,1065,80,80,1065.0,80.0,1065.0,1065,80,39.16307409273759,23149.36110383373
4354,0,458,0,0,449551,450618,878.836468,880.837586,2.0011180000000195,19.46911343132058,16.787499999999998,22.7125,1,1,1,1,1067,80,80,1067.0,80.0,1067.0,1067,80,38.95999333145846,23206.52755109871
4354,0,459,0,0,450618,451676,880.837586,882.83874,2.0011540000000423,19.433359328763906,16.787499999999998,22.7125,1,1,1,1,1058,80,80,1058.0,80.0,1058.0,1058,80,38.889144754193694,23515.43159596863
4354,0,460,0,0,451676,452729,882.83874,884.838992,2.000251999999932,19.552942363856957,16.787499999999998,22.7125,1,1,1,1,1053,80,80,1053.0,80.0,1053.0,1053,80,39.110812069189706,23161.581640714056
4354,0,461,0,0,452729,453805,884.838992,886.840045,2.00105300000007,19.68026751842564,16.787499999999998,22.7125,1,1,1,1,1076,80,80,1076.0,80.0,1076.0,1076,80,39.38125835854953,23471.642180391205
4354,0,462,0,0,453805,454882,886.840045,888.84075,2.0007049999999253,19.239456316875646,16.787499999999998,22.7125,1,1,1,1,1077,80,80,1078.0,80.0,1077.0,1077,80,38.49247645045398,23301.78612039343
4354,0,463,0,0,454882,455000,888.84075,889.045604,0.20485400000006848,19.04579568877799,16.787499999999998,22.7125,1,1,1,1,118,8,8,118.0,8.0,118.0,118,8,3.901607430030708,22357.386236043567
4354,0,464,0,0,455000,456041,889.045604,891.047866,2.0022619999999733,19.44243489591104,16.787499999999998,22.7125,1,1,1,1,1041,80,80,1041.0,80.0,1041.0,1041,80,38.92884857955505,23235.220965088793
4354,0,465,0,0,456041,457115,891.047866,893.049259,2.0013930000000073,19.437673587354777,16.787499999999998,22.7125,1,1,1,1,1074,80,80,1074.0,80.0,1074.0,1074,80,38.90242385401507,23287.7800611873
4354,0,466,0,0,457115,458159,893.049259,895.049327,2.000067999999942,19.312885356896857,16.787499999999998,22.7125,1,1,1,1,1044,80,80,1044.0,80.0,1044.0,1044,80,38.6270839899953,23421.203679075592
4354,0,467,0,0,458159,459281,895.049327,897.053299,2.00397200000009,19.464901344461907,16.787499999999998,22.7125,1,1,1,1,1122,80,80,1122.0,80.0,1122.0,1122,80,39.007117277065845,24085.166858617704
4354,0,468,0,0,459281,460300,897.053299,899.055145,2.0018460000000005,19.586402046524267,16.787499999999998,22.7125,1,1,1,1,1019,80,80,1020.0,80.0,1019.0,1019,80,39.20896059122606,23336.95998593298
4354,0,469,0,0,460300,461403,899.055145,901.056082,2.000936999999908,19.43388382306446,16.787499999999998,22.7125,1,1,1,1,1103,80,80,1103.0,80.0,1103.0,1103,80,38.88597719527024,23876.313946916966
4354,0,470,0,0,461403,462511,901.056082,903.056512,2.0004300000000512,19.65055218504652,16.787499999999998,22.7125,1,1,1,1,1108,80,80,1108.0,80.0,1108.0,1108,80,39.309554107534495,24173.3027399103
4354,0,471,0,0,462511,463556,903.056512,905.057034,2.0005220000000463,19.384695724039425,16.787499999999998,22.7125,1,1,1,1,1045,79,79,1045.0,80.0,1045.0,1045,80,38.77951025924631,22891.025442359016
4354,0,472,0,0,463556,464721,905.057034,907.057664,2.000630000000001,19.52121137744496,16.787499999999998,22.7125,1,1,1,1,1165,80,80,1165.0,79.0,1165.0,1165,79,39.05472111805648,23235.180918010814
4354,0,473,0,0,464721,465813,907.057664,909.059108,2.0014439999999922,19.503874622029066,16.787499999999998,22.7125,1,1,1,1,1092,80,80,1093.0,80.0,1092.0,1092,80,39.03591283901187,23208.243648086172
4354,0,474,0,0,465813,466896,909.059108,911.062117,2.0030089999999063,19.317843335597562,16.787499999999998,22.7125,1,1,1,1,1083,80,80,1083.0,80.0,1083.0,1083,80,38.69381406178945,23675.879639084105
4354,0,475,0,0,466896,468000,911.062117,913.041121,1.9790040000000317,19.691844729430752,16.787499999999998,22.7125,1,1,1,1,1104,79,79,1104.0,80.0,1104.0,1104,80,38.970239486923674,23315.768942356488
4354,0,476,0,0,468000,469078,913.041121,915.042506,2.0013850000000275,19.511368392757134,16.787499999999998,22.7125,1,1,1,1,1078,80,80,1080.0,79.0,1078.0,1078,79,39.04976003073898,23470.74650804286
4354,0,477,0,0,469078,470219,915.042506,917.04366,2.0011540000000423,19.39014158539766,16.787499999999998,22.7125,1,1,1,1,1141,80,80,1141.0,80.0,1141.0,1141,80,38.802659394186776,23290.561346102808
4354,0,478,0,0,470219,471338,917.04366,919.044517,2.0008569999999963,19.679364413449218,16.787499999999998,22.7125,1,1,1,1,1119,80,80,1119.0,80.0,1119.0,1119,80,39.375594042201556,24190.63431319684
4354,0,479,0,0,471338,472416,919.044517,921.047935,2.0034180000000106,19.495768201977043,16.787499999999998,22.7125,1,1,1,1,1078,80,80,1078.0,80.0,1078.0,1078,80,39.05817293966902,23596.673285355202
4354,0,480,0,0,472416,473486,921.047935,923.049314,2.001378999999929,19.54719408531708,16.787499999999998,22.7125,1,1,1,1,1070,80,80,1070.0,80.0,1070.0,1070,80,39.12134375127789,23388.87337181097
4354,0,481,0,0,473486,474559,923.049314,925.051719,2.002405000000067,19.491692155832688,16.787499999999998,22.7125,1,1,1,1,1073,80,80,1073.0,80.0,1073.0,1073,80,39.03026183129987,23517.719941769235
4354,0,482,0,0,474559,475649,925.051719,927.051896,2.000177000000008,19.4634398020826,16.787499999999998,22.7125,1,1,1,1,1090,80,80,1090.0,80.0,1090.0,1090,80,38.93032463300915,23247.942557083607
4354,0,483,0,0,475649,476720,927.051896,929.056927,2.005030999999917,19.621905658627664,16.787499999999998,22.7125,1,1,1,1,1071,80,80,1072.0,80.0,1071.0,1071,80,39.34252912462398,23595.146409208613
4354,0,484,0,0,476720,477772,929.056927,931.05764,2.000713000000019,19.550720655061383,16.787499999999998,22.7125,1,1,1,1,1052,80,80,1052.0,80.0,1052.0,1052,80,39.11538097395169,23136.75174800162
4354,0,485,0,0,477772,478817,931.05764,933.063881,2.0062410000000455,19.48501742611813,16.787499999999998,22.7125,1,1,1,1,1045,80,80,1046.0,81.0,1045.0,1045,81,39.091640845992515,23157.23783932187
4354,0,486,0,0,478817,479904,933.063881,935.06439,2.0005089999999655,19.40539455887628,16.787499999999998,22.7125,1,1,1,1,1087,80,80,1087.0,79.0,1087.0,1087,79,38.82066646358362,23373.551431161173
4354,0,487,0,0,479904,480983,935.06439,937.065048,2.000658000000044,19.573804568718472,16.787499999999998,22.7125,1,1,1,1,1079,80,80,1079.0,80.0,1079.0,1079,80,39.160488700843416,23360.814292097384
4354,0,488,0,0,480983,481000,937.065048,937.090608,0.02555999999992764,19.40080730763273,16.787499999999998,22.7125,1,1,1,1,17,1,1,17.0,1.0,17.0,17,1,0.4958846347799408,23200.312989111062
4354,0,489,0,0,481000,482069,937.090608,939.091659,2.001051000000075,19.547815191574998,16.787499999999998,22.7125,1,1,1,1,1069,80,80,1070.0,80.0,1069.0,1069,80,39.11617513691817,23906.936904655708
4354,0,490,0,0,482069,483109,939.091659,941.092744,2.001084999999989,19.584196627565348,16.787499999999998,22.7125,1,1,1,1,1040,80,80,1040.0,80.0,1040.0,1040,80,39.18964210847116,23315.851150750845
4354,0,491,0,0,483109,484190,941.092744,943.096953,2.004208999999946,19.461946384631187,16.787499999999998,22.7125,1,1,1,1,1081,80,80,1081.0,80.0,1081.0,1081,80,39.0058081015959,23391.77201579339
4354,0,492,0,0,484190,485278,943.096953,945.09803,2.0010770000000093,19.449356708085524,16.787499999999998,22.7125,1,1,1,1,1088,80,80,1088.0,80.0,1088.0,1088,80,38.91966037334714,23118.050929574318
4354,0,493,0,0,485278,486360,945.09803,947.098842,2.0008119999999963,19.60460139814478,16.787499999999998,22.7125,1,1,1,1,1082,80,80,1082.0,80.0,1082.0,1082,80,39.225121732626576,23701.377240840262
4354,0,494,0,0,486360,487466,947.098842,949.10073,2.001888000000008,19.506514059126562,16.787499999999998,22.7125,1,1,1,1,1106,80,80,1106.0,80.0,1106.0,1106,80,39.04985641679741,23645.178951070095
4354,0,495,0,0,487466,488531,949.10073,951.103197,2.002467000000024,19.564776757892872,16.787499999999998,22.7125,1,1,1,1,1065,80,80,1066.0,80.0,1066.0,1065,80,39.17781982004817,23093.51415029533
4354,0,496,0,0,488531,489620,951.103197,953.103265,2.000067999999942,19.22119315297717,16.787499999999998,22.7125,1,1,1,1,1089,80,80,1088.0,80.0,1088.0,1089,80,38.44369334708608,23022.217244614352
4354,0,497,0,0,489620,490694,953.103265,955.110363,2.007098000000042,19.44267104693937,16.787499999999998,22.7125,1,1,1,1,1074,80,80,1074.0,80.0,1074.0,1074,80,39.02334617296947,23041.724918264597
4354,0,498,0,0,490694,491749,955.110363,957.110588,2.0002250000000004,19.539607242502395,16.787499999999998,22.7125,1,1,1,1,1055,80,80,1056.0,80.0,1055.0,1055,80,39.083610896635946,22714.444624979686
4354,0,499,0,0,491749,492820,957.110588,959.11386,2.003272000000038,19.409998769573306,16.787499999999998,22.7125,1,1,1,1,1071,80,80,1071.0,80.0,1071.0,1071,80,38.8835070551213,23589.40772895498
4354,0,500,0,0,492820,493896,959.11386,961.114611,2.000750999999923,19.443640930597272,16.787499999999998,22.7125,1,1,1,1,1076,80,80,1076.0,80.0,1076.0,1076,80,38.90188403553111,23033.850789029606
4354,0,501,0,0,493896,494000,961.114611,961.305059,0.19044800000006035,19.359667130072722,16.787499999999998,22.7125,1,1,1,1,104,8,8,104.0,8.0,104.0,104,8,3.687009885590669,23008.90531797977
4354,0,502,0,0,494000,495093,961.305059,963.30528,2.0002210000000105,19.555430373198323,16.787499999999998,22.7125,1,1,1,1,1093,80,80,1093.0,80.0,1093.0,1093,80,39.11518249650908,23093.448173976656
4354,0,503,0,0,495093,496140,963.30528,965.3062,2.000919999999951,19.481748611331664,16.787499999999998,22.7125,1,1,1,1,1047,80,80,1047.0,80.0,1047.0,1047,80,38.98142043138432,23329.268536473795
4354,0,504,0,0,496140,497220,965.3062,967.307213,2.001013000000057,19.704350417920498,16.787499999999998,22.7125,1,1,1,1,1080,80,80,1080.0,80.0,1080.0,1080,80,39.42866134281576,23828.930646626803
4354,0,505,0,0,497220,498289,967.307213,969.309077,2.001863999999955,19.33523723816923,16.787499999999998,22.7125,1,1,1,1,1069,80,80,1069.0,80.0,1069.0,1069,80,38.70651535854995,22880.17567627023
4354,0,506,0,0,498289,499409,969.309077,971.309654,2.000577000000021,19.476201533852485,16.787499999999998,22.7125,1,1,1,1,1120,80,80,1120.0,80.0,1120.0,1120,80,38.9636408359911,23350.26344899472
4354,0,507,0,0,499409,500512,971.309654,973.309644,1.9999900000000252,19.447163069408933,16.787499999999998,22.7125,1,1,1,1,1103,79,79,1103.0,80.0,1103.0,1103,80,38.89413166718805,23412.117060585006
4354,0,508,0,0,500512,501648,973.309644,975.309667,2.000022999999942,19.481439102817344,16.787499999999998,22.7125,1,1,1,1,1136,80,80,1136.0,79.0,1136.0,1136,79,38.963326278731984,22981.73571004
4354,0,509,0,0,501648,502732,975.309667,977.314159,2.0044920000000275,19.60197068053043,16.787499999999998,22.7125,1,1,1,1,1084,80,80,1084.0,81.0,1084.0,1084,80,39.29199341335698,23385.47622040864
4354,0,510,0,0,502732,503829,977.314159,979.315842,2.0016829999999572,19.37070044319859,16.787499999999998,22.7125,1,1,1,1,1097,80,80,1097.0,79.0,1097.0,1097,80,38.77400177524396,23704.05303936788
4354,0,511,0,0,503829,504876,979.315842,981.316851,2.0010090000000673,19.410018813112597,16.787499999999998,22.7125,1,1,1,1,1047,80,80,1047.0,80.0,1047.0,1047,80,38.83962233521015,23296.247043365838
4354,0,512,0,0,504876,505961,981.316851,983.32039,2.0035389999999325,19.429072804438434,16.787499999999998,22.7125,1,1,1,1,1085,80,80,1086.0,80.0,1086.0,1085,80,38.926905097530835,23319.735727630745
4354,0,513,0,0,505961,506994,983.32039,985.320708,2.000317999999993,19.29486817941687,16.787499999999998,22.7125,1,1,1,1,1033,80,80,1033.0,80.0,1032.0,1033,80,38.59587212691622,22722.38714044475
4354,0,514,0,0,506994,507000,985.320708,985.328703,0.007995000000050823,19.19380821973215,16.787499999999998,22.7125,1,1,1,1,6,1,1,6.0,1.0,6.0,6,1,0.1534544967180409,22138.836772842384
4354,0,515,0,0,507000,508037,985.328703,987.33192,2.0032169999999496,19.53260785335787,16.787499999999998,22.7125,1,1,1,1,1037,80,80,1042.0,80.0,1037.0,1037,80,39.128052106178075,23162.74272832208
4354,0,516,0,0,508037,509112,987.33192,989.33513,2.003210000000081,19.50708350307223,16.787499999999998,22.7125,1,1,1,1,1075,80,80,1075.0,80.0,1075.0,1075,80,39.076784744189354,22829.858077784233
4354,0,517,0,0,509112,510218,989.33513,991.335772,2.0006419999999707,19.492606093096374,16.787499999999998,22.7125,1,1,1,1,1106,80,80,1106.0,80.0,1106.0,1106,80,38.99772643930555,23449.47271925746
4354,0,518,0,0,510218,511310,991.335772,993.336255,2.000483000000031,19.528673855325117,16.787499999999998,22.7125,1,1,1,1,1092,80,80,1092.0,80.0,1092.0,1092,80,39.066780060122255,23490.327086008365
4354,0,519,0,0,511310,512417,993.336255,995.337099,2.0008439999999155,19.369212464925795,16.787499999999998,22.7125,1,1,1,1,1107,80,80,1108.0,80.0,1107.0,1107,80,38.754772545169544,23261.683569534638
4354,0,520,0,0,512417,513477,995.337099,997.340128,2.003029000000083,19.50497936754667,16.787499999999998,22.7125,1,1,1,1,1060,80,80,1060.0,80.0,1060.0,1060,80,39.06903931760098,23660.665921460964
4354,0,521,0,0,513477,514574,997.340128,999.341385,2.001256999999896,19.81297797071956,16.787499999999998,22.7125,1,1,1,1,1097,80,80,1097.0,80.0,1097.0,1097,80,39.65086085474468,24170.808646766764
4354,0,522,0,0,514574,515651,999.341385,1001.341397,2.0000120000000834,19.96137976636682,16.787499999999998,22.7125,1,1,1,1,1077,79,79,1077.0,79.0,1077.0,1077,79,39.92299906929111,23807.85715285609
4354,0,523,0,0,515651,516719,1001.341397,1003.343707,2.002309999999966,19.82753413035028,16.787499999999998,22.7125,1,1,1,1,1068,80,80,1068.0,80.0,1068.0,1068,80,39.70086986454044,23829.4769541184
4354,0,524,0,0,516719,517779,1003.343707,1005.344163,2.0004559999999856,20.02449758970859,16.787499999999998,22.7125,1,1,1,1,1060,80,80,1061.0,80.0,1060.0,1060,80,40.05812635031907,23699.09660597401
4354,0,525,0,0,517779,518907,1005.344163,1007.346481,2.0023180000000593,19.72405358671476,16.787499999999998,22.7125,1,1,1,1,1128,80,80,1128.0,80.0,1128.0,1128,80,39.49382752964448,23943.749194682652
4354,0,526,0,0,518907,520000,1007.346481,1009.324822,1.9783410000000003,19.9296011437197,16.787499999999998,22.7125,1,1,1,1,1093,79,79,1093.0,79.0,1093.0,1093,79,39.42754705626794,24114.64959781958
4354,0,527,0,0,520000,521083,1009.324822,1011.325014,2.00019199999997,19.82134155508722,16.787499999999998,22.7125,1,1,1,1,1083,79,79,1086.0,80.0,1083.0,1083,79,39.646488807753485,23817.213547499796
4354,0,528,0,0,521083,522165,1011.325014,1013.325104,2.00009,19.733047904789682,16.787499999999998,22.7125,1,1,1,1,1082,80,80,1082.0,80.0,1082.0,1082,80,39.46787178389059,23436.945337459812
4354,0,529,0,0,522165,523327,1013.325104,1015.325384,2.000279999999975,19.71790818723769,16.787499999999998,22.7125,1,1,1,1,1162,80,80,1162.0,80.0,1162.0,1162,80,39.44133738876553,23910.15257863929
4354,0,530,0,0,523327,524354,1015.325384,1017.326955,2.0015710000000126,19.854878571864692,16.787499999999998,22.7125,1,1,1,1,1027,80,80,1027.0,80.0,1027.0,1027,80,39.74094915796741,23369.143537750948
4354,0,531,0,0,524354,525460,1017.326955,1019.327153,2.000197999999955,19.783045340239383,16.787499999999998,22.7125,1,1,1,1,1106,80,80,1106.0,80.0,1106.0,1106,80,39.57000772345418,23866.63720291745
4354,0,532,0,0,525460,526567,1019.327153,1021.327297,2.000144000000091,19.727779600701453,16.787499999999998,22.7125,1,1,1,1,1107,80,80,1108.0,80.0,1107.0,1107,80,39.45840000166572,23265.824860608976
4354,0,533,0,0,526567,527681,1021.327297,1023.327934,2.0006369999999833,20.012078348680163,16.787499999999998,22.7125,1,1,1,1,1114,80,80,1114.0,80.0,1114.0,1114,80,40.03690439126876,24112.820066808923
4354,0,534,0,0,527681,528733,1023.327934,1025.332243,2.0043090000000348,19.662748843263405,16.787499999999998,22.7125,1,1,1,1,1052,80,80,1052.0,80.0,1052.0,1052,80,39.41022447129217,23336.222109464754
4354,0,535,0,0,528733,529826,1025.332243,1027.33292,2.000676999999996,19.79283357394404,16.787499999999998,22.7125,1,1,1,1,1093,80,80,1093.0,80.0,1093.0,1093,80,39.599066896218574,23956.890592534473
4354,0,536,0,0,529826,530918,1027.33292,1029.333351,2.000430999999935,19.825090650608445,16.787499999999998,22.7125,1,1,1,1,1092,80,80,1092.0,80.0,1092.0,1092,80,39.658725915287505,23570.420574366988
4354,0,537,0,0,530918,531995,1029.333351,1031.335429,2.002077999999983,19.857862077571237,16.787499999999998,22.7125,1,1,1,1,1077,80,80,1077.0,80.0,1077.0,1077,80,39.75698879253832,24041.520859826844
4354,0,538,0,0,531995,533000,1031.335429,1033.205204,1.8697750000001179,19.65319787804043,16.787499999999998,22.7125,1,1,1,1,1005,75,75,1005.0,75.0,1005.0,1005,75,36.747058062414,23283.550159777114
4354,0,539,0,0,533000,534111,1033.205204,1035.209935,2.0047309999999925,19.620967049927057,16.787499999999998,22.7125,1,1,1,1,1111,80,80,1111.0,80.0,1111.0,1111,80,39.334760894966166,23634.093551703532
4354,0,540,0,0,534111,535184,1035.209935,1037.214515,2.0045799999998053,19.60475721705122,16.787499999999998,22.7125,1,1,1,1,1073,80,80,1073.0,80.0,1073.0,1073,80,39.299304222153296,23292.160951423506
4354,0,541,0,0,535184,536208,1037.214515,1039.218566,2.0040510000001177,19.783074625077855,16.787499999999998,22.7125,1,1,1,1,1024,80,80,1024.0,80.0,1024.0,1024,80,39.646290485463396,23067.27722996934
4354,0,542,0,0,536208,537311,1039.218566,1041.218714,2.000148000000081,19.74441117427878,16.787499999999998,22.7125,1,1,1,1,1103,80,80,1103.0,80.0,1103.0,1103,80,39.49174452141233,23968.226351249035
4354,0,543,0,0,537311,538419,1041.218714,1043.220059,2.001344999999901,19.923585522060304,16.787499999999998,22.7125,1,1,1,1,1108,80,80,1108.0,80.0,1108.0,1108,80,39.873968266645534,23801.993159601345
4354,0,544,0,0,538419,539526,1043.220059,1045.220299,2.000240000000076,19.774194844872532,16.787499999999998,22.7125,1,1,1,1,1107,80,80,1109.0,80.0,1107.0,1107,80,39.55313549650964,23534.175898891237
4354,0,545,0,0,539526,540622,1045.220299,1047.220768,2.000468999999839,19.890139476527956,16.787499999999998,22.7125,1,1,1,1,1096,80,80,1096.0,80.0,1096.0,1096,80,39.78960742846539,23656.95244465363
4354,0,546,0,0,540622,541669,1047.220768,1049.220974,2.000206000000162,19.774996562556804,16.787499999999998,22.7125,1,1,1,1,1047,79,79,1047.0,80.0,1047.0,1047,80,39.554066774409876,23636.56543375841
4354,0,547,0,0,541669,542737,1049.220974,1051.223248,2.002273999999943,19.782976271765744,16.787499999999998,22.7125,1,1,1,1,1068,80,80,1068.0,80.0,1068.0,1068,80,39.61093903157234,23122.210047177017
4354,0,548,0,0,542737,543850,1051.223248,1053.22427,2.001021999999921,19.861679350082543,16.787499999999998,22.7125,1,1,1,1,1113,80,80,1113.0,79.0,1113.0,1113,79,39.743657336457545,24150.65901324519
4354,0,549,0,0,543850,544921,1053.22427,1055.227802,2.0035320000001775,19.649600948518124,16.787499999999998,22.7125,1,1,1,1,1071,80,80,1071.0,81.0,1071.0,1071,81,39.36860428758882,23358.748450234812
4354,0,550,0,0,544921,546000,1055.227802,1057.201664,1.9738619999998264,19.629568539380816,16.787499999999998,22.7125,1,1,1,1,1079,79,79,1079.0,78.0,1079.0,1079,78,38.746059416276694,23499.616487882173
4354,0,551,0,0,546000,547071,1057.201664,1059.203877,2.0022129999999834,19.62141018227076,16.787499999999998,22.7125,1,1,1,1,1071,80,80,1072.0,80.0,1071.0,1071,80,39.286242545273126,23559.431489057555
4354,0,552,0,0,547071,548165,1059.203877,1061.20904,2.0051630000000387,19.821109328254767,16.787499999999998,22.7125,1,1,1,1,1094,80,80,1094.0,80.0,1094.0,1094,80,39.74455504397338,23913.26789891848
4354,0,553,0,0,548165,549258,1061.20904,1063.211881,2.0028409999999894,19.65667832400405,16.787499999999998,22.7125,1,1,1,1,1093,79,79,1095.0,81.0,1093.0,1093,80,39.36920127112535,23592.486872397883
4354,0,554,0,0,549258,550386,1063.211881,1065.21214,2.000259000000142,19.853554644624197,16.787499999999998,22.7125,1,1,1,1,1128,80,80,1128.0,79.0,1128.0,1128,79,39.71225135990244,23356.475336442272
4354,0,555,0,0,550386,551491,1065.21214,1067.214012,2.001871999999821,19.749121501863375,16.787499999999998,22.7125,1,1,1,1,1105,80,80,1105.0,80.0,1105.0,1105,80,39.53521335917321,23769.751512586347
4354,0,556,0,0,551491,552554,1067.214012,1069.218711,2.0046990000000733,19.86635107187374,16.787499999999998,22.7125,1,1,1,1,1063,80,80,1063.0,81.0,1063.0,1063,81,39.82605412743578,23590.573946511806
4354,0,557,0,0,552554,553635,1069.218711,1071.218871,2.000160000000051,19.90558137030763,16.787499999999998,22.7125,1,1,1,1,1081,80,80,1081.0,79.0,1081.0,1081,79,39.814347633637226,24037.57699383988
4354,0,558,0,0,553635,554721,1071.218871,1073.220111,2.0012400000000525,19.833555043324953,16.787499999999998,22.7125,1,1,1,1,1086,80,80,1086.0,80.0,1086.0,1086,80,39.6917036949053,23713.797445583117
4354,0,559,0,0,554721,555847,1073.220111,1075.221242,2.0011309999999867,19.74345005810033,16.787499999999998,22.7125,1,1,1,1,1126,80,80,1126.0,80.0,1126.0,1126,80,39.509229958217475,23469.7278688903
4354,0,560,0,0,555847,556950,1075.221242,1077.224287,2.003044999999929,19.774863061444993,16.787499999999998,22.7125,1,1,1,1,1103,80,80,1103.0,80.0,1103.0,1103,80,39.609940580910916,23267.075876978124
4354,0,561,0,0,556950,558068,1077.224287,1079.228703,2.004415999999992,19.913627928664567,16.787499999999998,22.7125,1,1,1,1,1118,80,80,1118.0,80.0,1118.0,1118,80,39.915194438261096,23468.68115201644
4354,0,562,0,0,558068,559000,1079.228703,1080.899563,1.6708599999999478,19.50732541732813,16.787499999999998,22.7125,1,1,1,1,932,67,67,932.0,67.0,932.0,932,67,32.59400974679738,22826.568354021994
4354,0,563,0,0,559000,560065,1080.899563,1082.902462,2.0028990000000704,19.428248634868062,16.787499999999998,22.7125,1,1,1,1,1065,80,80,1066.0,80.0,1065.0,1065,80,38.91281976252867,23545.87026105577
4354,0,564,0,0,560065,561178,1082.902462,1084.902476,2.0000139999999647,19.380244964835548,16.787499999999998,22.7125,1,1,1,1,1113,80,80,1114.0,80.0,1113.0,1113,80,38.76076125309919,23727.833905163083
4354,0,565,0,0,561178,562235,1084.902476,1086.903604,2.001128000000108,19.47432826337441,16.787499999999998,22.7125,1,1,1,1,1057,80,80,1057.0,80.0,1057.0,1057,80,38.970623569031886,23138.449914247118
4354,0,566,0,0,562235,563351,1086.903604,1088.907748,2.0041439999999966,19.509104114289187,16.787499999999998,22.7125,1,1,1,1,1116,80,80,1116.0,80.0,1116.0,1116,80,39.09905395602618,23423.466577251973
4354,0,567,0,0,563351,564435,1088.907748,1090.908528,2.0007799999998497,19.464193606570536,16.787499999999998,22.7125,1,1,1,1,1084,80,80,1084.0,80.0,1084.0,1084,80,38.943569284150726,23323.9036775675
4354,0,568,0,0,564435,565536,1090.908528,1092.909267,2.000739000000067,19.465369753909048,16.787499999999998,22.7125,1,1,1,1,1101,80,80,1101.0,80.0,1101.0,1101,80,38.94512441606639,23342.87480775775
4354,0,569,0,0,565536,566568,1092.909267,1094.913014,2.0037469999999757,19.641012853811763,16.787499999999998,22.7125,1,1,1,1,1032,80,80,1032.0,80.0,1032.0,1032,80,39.35562058278447,23875.768747252314
4354,0,570,0,0,566568,567642,1094.913014,1096.916937,2.003922999999986,19.52376594392742,16.787499999999998,22.7125,1,1,1,1,1074,80,80,1074.0,80.0,1074.0,1074,80,39.12412362165196,23738.936076885355
4354,0,571,0,0,567642,568680,1096.916937,1098.917528,2.000590999999986,19.452159923056303,16.787499999999998,22.7125,1,1,1,1,1038,80,80,1038.0,80.0,1038.0,1038,80,38.9158160726256,23374.092955531807
4354,0,572,0,0,568680,569677,1098.917528,1100.921794,2.0042660000001433,19.38835419421706,16.787499999999998,22.7125,1,1,1,1,997,80,80,997.0,80.0,997.0,997,80,38.85941910742986,22921.109273917093
4354,0,573,0,0,569677,570741,1100.921794,1102.924829,2.0030349999999544,19.470379788335077,16.787499999999998,22.7125,1,1,1,1,1064,80,80,1064.0,80.0,1064.0,1064,80,38.99985217932772,23302.638246461527
4354,0,574,0,0,570741,571815,1102.924829,1104.925826,2.0009969999998702,19.352696823752243,16.787499999999998,22.7125,1,1,1,1,1074,80,80,1074.0,80.0,1074.0,1074,80,38.724688286234596,23409.330448772806
4354,0,575,0,0,571815,572000,1104.925826,1105.254659,0.32883300000003146,19.506154684737552,16.787499999999998,22.7125,1,1,1,1,185,13,13,185.0,13.0,185.0,185,13,6.414267363445106,23674.631195771883
4354,0,576,0,0,572000,573046,1105.254659,1107.254936,2.0002770000000965,19.613544303679536,16.787499999999998,22.7125,1,1,1,1,1046,80,80,1046.0,80.0,1046.0,1046,80,39.2325215591336,22995.815079610366
4354,0,577,0,0,573046,574126,1107.254936,1109.255735,2.0007989999999154,19.40047444330431,16.787499999999998,22.7125,1,1,1,1,1080,80,80,1080.0,80.0,1080.0,1080,80,38.8164498656879,22734.417600169694
4354,0,578,0,0,574126,575164,1109.255735,1111.257401,2.001666000000114,19.38825011771233,16.787499999999998,22.7125,1,1,1,1,1038,80,80,1038.0,80.0,1038.0,1038,80,38.8088010601241,23351.548160381073
4354,0,579,0,0,575164,576305,1111.257401,1113.258001,2.0005999999998494,19.486657045505286,16.787499999999998,22.7125,1,1,1,1,1141,80,80,1141.0,80.0,1141.0,1141,80,38.98500608523318,23448.965310408643
4354,0,580,0,0,576305,577348,1113.258001,1115.259708,2.001707000000124,19.42039141328716,16.787499999999998,22.7125,1,1,1,1,1043,80,80,1043.0,80.0,1043.0,1043,80,38.87393343471922,22743.08877373021
4354,0,581,0,0,577348,578466,1115.259708,1117.261213,2.001504999999952,19.492717772129723,16.787499999999998,22.7125,1,1,1,1,1118,80,80,1119.0,80.0,1118.0,1118,80,39.01477208450524,23346.931434096405
4354,0,582,0,0,578466,579570,1117.261213,1119.262082,2.000868999999966,19.47458497882265,16.787499999999998,22.7125,1,1,1,1,1104,80,80,1104.0,80.0,1104.0,1104,80,38.9660933719897,23585.751990760415
4354,0,583,0,0,579570,580640,1119.262082,1121.265613,2.0035310000000663,19.411414960630246,16.787499999999998,22.7125,1,1,1,1,1070,80,80,1070.0,80.0,1070.0,1070,80,38.89137162748739,22969.946559348708
4354,0,584,0,0,580640,581673,1121.265613,1123.266313,2.0007000000000517,19.370801093848186,16.787499999999998,22.7125,1,1,1,1,1033,80,80,1033.0,80.0,1033.0,1033,80,38.75516174846416,22677.063027939636
4354,0,585,0,0,581673,582724,1123.266313,1125.270006,2.0036929999998847,19.375278639532233,16.787499999999998,22.7125,1,1,1,1,1051,80,80,1051.0,80.0,1051.0,1051,80,38.82211018307862,22623.22621279937
4354,0,586,0,0,582724,583806,1125.270006,1127.271107,2.0011010000000624,19.416685540940257,16.787499999999998,22.7125,1,1,1,1,1082,80,80,1082.0,80.0,1082.0,1082,80,38.85474885266376,23521.051661059853
4354,0,587,0,0,583806,584851,1127.271107,1129.271069,1.9999619999998686,19.372564083616215,16.787499999999998,22.7125,1,1,1,1,1045,80,80,1045.0,80.0,1045.0,1045,80,38.744392009793955,22641.430187175043
4354,0,588,0,0,584851,585000,1129.271069,1129.528016,0.25694700000008197,19.499220790927748,16.787499999999998,22.7125,1,1,1,1,149,10,10,149.0,10.0,149.0,149,10,5.010266284567479,23607.981412501664
4354,0,589,0,0,585000,586075,1129.528016,1131.529096,2.0010800000000017,19.558573835378436,16.787499999999998,22.7125,1,1,1,1,1075,80,80,1077.0,80.0,1075.0,1075,80,39.13827093049986,23465.828452635556
4354,0,590,0,0,586075,587194,1131.529096,1133.530783,2.001686999999947,19.55186802812987,16.787499999999998,22.7125,1,1,1,1,1119,80,80,1119.0,80.0,1119.0,1119,80,39.13672005762055,23638.560873903487
4354,0,591,0,0,587194,588244,1133.530783,1135.532247,2.001464000000169,19.514822802931587,16.787499999999998,22.7125,1,1,1,1,1050,80,80,1050.0,80.0,1050.0,1050,80,39.05821530644971,23093.595488100756
4354,0,592,0,0,588244,589376,1135.532247,1137.532889,2.0006419999999707,19.35203435718836,16.787499999999998,22.7125,1,1,1,1,1132,80,80,1132.0,80.0,1132.0,1132,80,38.71649272043214,23311.517003042365
4354,0,593,0,0,589376,590381,1137.532889,1139.533198,2.0003090000000157,19.343920203080167,16.787499999999998,22.7125,1,1,1,1,1005,80,80,1005.0,80.0,1005.0,1005,80,38.69381767750383,22949.954232070966
4354,0,594,0,0,590381,591498,1139.533198,1141.533912,2.0007140000000163,19.455923519767182,16.787499999999998,22.7125,1,1,1,1,1117,79,79,1120.0,80.0,1117.0,1117,79,38.925738568927045,23656.554610004037
4354,0,595,0,0,591498,592577,1141.533912,1143.536208,2.0022959999998875,19.750860572031065,16.787499999999998,22.7125,1,1,1,1,1079,80,80,1079.0,80.0,1079.0,1079,80,39.54706911993344,23452.077015587423
4354,0,596,0,0,592577,593661,1143.536208,1145.538251,2.002042999999958,19.561593172628754,16.787499999999998,22.7125,1,1,1,1,1084,80,80,1084.0,80.0,1084.0,1084,80,39.16315068010954,23421.574861279696
4354,0,597,0,0,593661,594754,1145.538251,1147.539236,2.000985000000128,19.497785660608848,16.787499999999998,22.7125,1,1,1,1,1093,80,80,1093.0,80.0,1093.0,1093,80,39.01477664009508,23804.276393874494
4354,0,598,0,0,594754,595792,1147.539236,1149.540374,2.0011379999998553,19.64205347161774,16.787499999999998,22.7125,1,1,1,1,1038,80,80,1038.0,80.0,1038.0,1038,80,39.306459600084054,23096.35817220169
4354,0,599,0,0,595792,596858,1149.540374,1151.542022,2.0016480000001593,19.554431624322092,16.787499999999998,22.7125,1,1,1,1,1066,80,80,1066.0,80.0,1066.0,1066,80,39.141088951964775,23759.92182441479
4354,0,600,0,0,596858,597878,1151.542022,1153.54321,2.0011879999999564,19.448288538323776,16.787499999999998,22.7125,1,1,1,1,1020,80,80,1021.0,80.0,1020.0,1020,80,38.91968164343052,22762.97879059888
4354,0,601,0,0,597878,598000,1153.54321,1153.890001,0.34679099999993923,11.204937424897722,16.787499999999998,22.7125,1,0,0,1,122,13,13,123.0,14.0,122.0,122,14,3.885771454515634,12797.333264129627
4354,0,602,0,0,598000,598080,1153.890001,1155.892269,2.002267999999958,1.0038720733805675,16.787499999999998,22.7125,1,0,0,0,80,80,80,80.0,80.0,80.0,80,80,2.0100209286247264,578.8435913674015
4354,0,603,0,0,598080,598160,1155.892269,1157.894547,2.0022780000001603,1.0030353713042877,16.787499999999998,22.7125,1,0,0,0,80,80,80,80.0,80.0,80.0,80,80,2.0083556571844383,594.8224971756692
4354,0,604,0,0,598160,598240,1157.894547,1159.896825,2.002277999999933,1.0047006622008603,16.787499999999998,22.7125,1,0,0,0,80,80,80,80.0,80.0,80.0,80,80,2.0116900325083407,611.8031562051029
4354,0,605,0,0,598240,598320,1159.896825,1161.899101,2.002275999999938,1.0056382014198386,16.787499999999998,22.7125,1,0,0,0,80,80,80,80.0,80.0,80.0,80,80,2.013565235385613,576.3441203910129
4354,0,606,0,0,598320,598401,1161.899101,1163.901377,2.002275999999938,1.007875938297175,16.787499999999998,22.7125,1,0,0,0,81,80,80,81.0,80.0,81.0,81,80,2.018045802229608,561.8606026342197
4354,0,607,0,0,598401,598481,1163.901377,1165.903653,2.0022760000001654,1.0055861610272498,16.787499999999998,22.7125,1,0,0,0,80,80,80,80.0,80.0,80.0,80,80,2.0134610361565137,594.3236596752405
4354,0,608,0,0,598481,598579,1165.903653,1167.905932,2.0022789999998167,1.2082299262296432,16.787499999999998,22.7125,1,0,0,0,98,80,80,98.0,80.0,98.0,98,80,2.419213408462383,945.9221217423612
4354,0,609,0,0,598579,598792,1167.905932,1169.908206,2.0022740000001704,2.7467041249495705,16.787499999999998,22.7125,1,0,0,1,213,80,80,213.0,80.0,213.0,213,80,5.499654255079804,3552.460852010961
4354,0,610,0,0,598792,598991,1169.908206,1171.910483,2.002277000000049,2.7547665534939556,16.787499999999998,22.7125,1,0,0,1,199,80,80,199.0,80.0,199.0,199,80,5.515805710430868,3490.5260361078053
4354,0,611,0,0,598991,599206,1171.910483,1173.911571,2.0010879999999815,3.258152584895898,16.787499999999998,22.7125,1,0,0,1,215,80,80,215.0,79.0,215.0,215,79,6.519850039803714,4135.750151917395
4354,0,612,0,0,599206,599456,1173.911571,1175.915038,2.0034670000000006,4.0610739042024235,16.787499999999998,22.7125,1,0,0,1,250,80,80,250.0,81.0,250.0,250,81,8.136227551629418,5037.767030852016
4354,0,613,0,0,599456,599880,1175.915038,1177.917315,2.002276999999822,6.625737175646127,16.787499999999998,22.7125,1,0,0,1,424,80,80,424.0,80.0,424.0,424,80,13.26656115484002,8173.69424909813
4354,0,614,0,0,599880,600359,1177.917315,1179.919591,2.0022760000001654,8.270476993887591,16.787499999999998,22.7125,1,0,0,1,479,80,80,479.0,80.0,479.0,479,80,16.559777593414765,10134.466976579813
4354,0,615,0,0,600359,600989,1179.919591,1181.920027,2.0004359999998087,10.745172494774975,16.787499999999998,22.7125,1,0,0,1,630,80,80,630.0,79.0,630.0,630,79,21.49502988475433,13270.607007673596
4354,0,616,0,0,600989,601790,1181.920027,1183.920341,2.0003140000001167,13.700598690593722,16.787499999999998,22.7125,1,0,0,1,801,80,80,801.0,80.0,801.0,801,80,27.40549936917887,16280.943891808036
4354,0,617,0,0,601790,602627,1183.920341,1185.920959,2.0006180000000313,15.323291387320777,16.787499999999998,22.7125,1,0,0,1,837,80,80,838.0,80.0,837.0,837,80,30.656052568720042,18730.712209926838
4354,0,618,0,0,602627,603591,1185.920959,1187.924636,2.003676999999925,17.6745368323578,16.787499999999998,22.7125,1,1,0,1,964,80,80,964.0,80.0,964.0,964,80,35.414062936648406,21298.342996401912
4354,0,619,0,0,603591,604631,1187.924636,1189.924894,2.0002580000000307,18.860205069494484,16.787499999999998,22.7125,1,1,1,1,1040,80,80,1040.0,80.0,1040.0,1040,80,37.725276071898406,22620.082009420435
4354,0,620,0,0,604631,605701,1189.924894,1191.929718,2.0048240000000987,19.2700191682822,16.787499999999998,22.7125,1,1,1,1,1070,80,80,1070.0,80.0,1070.0,1070,80,38.632996909032954,22984.561238292106
4354,0,621,0,0,605701,606764,1191.929718,1193.929809,2.000090999999884,19.43061363288055,16.787499999999998,22.7125,1,1,1,1,1063,80,80,1063.0,80.0,1063.0,1063,80,38.8629954516,23320.43892003049
4354,0,622,0,0,606764,607873,1193.929809,1195.931032,2.0012229999999818,19.404371024919833,16.787499999999998,22.7125,1,1,1,1,1109,80,80,1109.0,80.0,1109.0,1109,80,38.832473595601186,23083.88420480897
4354,0,623,0,0,607873,609016,1195.931032,1197.931361,2.000328999999965,19.509847055657232,16.787499999999998,22.7125,1,1,1,1,1143,80,80,1143.0,80.0,1143.0,1143,80,39.02611285099556,23319.163997522814
4354,0,624,0,0,609016,610086,1197.931361,1199.932026,2.0006650000000263,19.429937531338982,16.787499999999998,22.7125,1,1,1,1,1070,80,80,1070.0,80.0,1070.0,1070,80,38.87279597113593,23097.819974858056
4354,0,625,0,0,610086,611000,1199.932026,1201.666831,1.7348050000000512,19.29153586147537,16.787499999999998,22.7125,1,1,1,1,914,69,69,915.0,69.0,914.0,914,69,33.46705287016812,23045.241396006364
4354,0,626,0,0,611000,612043,1201.666831,1203.667607,2.000776000000087,19.380905084516694,16.787499999999998,22.7125,1,1,1,1,1043,80,80,1045.0,80.0,1044.0,1043,80,38.776849751378904,23037.0616200904
4354,0,627,0,0,612043,613076,1203.667607,1205.669347,2.001739999999927,19.298371397399706,16.787499999999998,22.7125,1,1,1,1,1033,80,80,1032.0,80.0,1032.0,1033,80,38.63032196103086,23413.630141777507
4354,0,628,0,0,613076,614114,1205.669347,1207.671489,2.002142000000049,19.374526486175768,16.787499999999998,22.7125,1,1,1,1,1038,80,80,1038.0,80.0,1038.0,1038,80,38.79055320808766,23209.143007838036
4354,0,629,0,0,614114,615194,1207.671489,1209.673474,2.001984999999877,19.459567821836835,16.787499999999998,22.7125,1,1,1,1,1080,80,80,1080.0,80.0,1080.0,1080,80,38.95776288579873,22987.185218671882
4354,0,630,0,0,615194,616287,1209.673474,1211.674278,2.0008040000000165,19.458806639443196,16.787499999999998,22.7125,1,1,1,1,1093,80,80,1093.0,80.0,1093.0,1093,80,38.93325815942444,22852.313370025062
4354,0,631,0,0,616287,617358,1211.674278,1213.678582,2.0043040000000474,19.548216444525394,16.787499999999998,22.7125,1,1,1,1,1071,80,80,1071.0,80.0,1071.0,1071,80,39.18056841263024,23122.24093750195
4354,0,632,0,0,617358,618384,1213.678582,1215.683036,2.004453999999896,19.407815104297644,16.787499999999998,22.7125,1,1,1,1,1026,80,80,1027.0,80.0,1026.0,1026,80,38.90207261706746,23041.68616491194
4354,0,633,0,0,618384,619483,1215.683036,1217.686182,2.003146000000015,19.281423238511486,16.787499999999998,22.7125,1,1,1,1,1099,80,80,1099.0,80.0,1099.0,1099,80,38.62350583453008,23103.657946050687
4354,0,634,0,0,619483,620549,1217.686182,1219.687396,2.001214000000118,19.318649350708885,16.787499999999998,22.7125,1,1,1,1,1066,80,80,1067.0,80.0,1066.0,1066,80,38.66075154173086,23223.403394138386
4354,0,635,0,0,620549,621587,1219.687396,1221.689339,2.001942999999983,19.402666053234643,16.787499999999998,22.7125,1,1,1,1,1038,80,80,1040.0,80.0,1039.0,1038,80,38.84303148660911,22757.39119445478
4354,0,636,0,0,621587,622624,1221.689339,1223.69014,2.0008009999999103,19.306505164657406,16.787499999999998,22.7125,1,1,1,1,1037,80,80,1037.0,80.0,1036.0,1037,80,38.62847483994847,23345.150267318986
4354,0,637,0,0,622624,623709,1223.69014,1225.691379,2.0012390000001687,19.462741129305467,16.787499999999998,22.7125,1,1,1,1,1085,80,80,1085.0,80.0,1085.0,1085,80,38.94959659487358,23121.676121640692
4354,0,638,0,0,623709,624000,1225.691379,1226.153729,0.4623500000000149,19.350668233474483,16.787499999999998,22.7125,1,1,1,1,291,19,19,291.0,19.0,291.0,291,19,8.94678145774742,23467.070401210447
4354,0,639,0,0,624000,625107,1226.153729,1228.153997,2.000267999999778,19.364628899862918,16.787499999999998,22.7125,1,1,1,1,1107,80,80,1108.0,80.0,1107.0,1107,80,38.73444752026626,23110.403205972965
4354,0,640,0,0,625107,626216,1228.153997,1230.161325,2.007328000000143,19.525752432706934,16.787499999999998,22.7125,1,1,1,1,1109,80,80,1109.0,80.0,1109.0,1109,80,39.194589579245076,23414.70850802492
4354,0,641,0,0,626216,627313,1230.161325,1232.16135,2.0000250000000506,19.830795460632988,16.787499999999998,22.7125,1,1,1,1,1097,80,80,1097.0,80.0,1097.0,1097,80,39.6620866911544,23847.7019037256
4354,0,642,0,0,627313,628457,1232.16135,1234.170161,2.0088109999999233,19.795317695850418,16.787499999999998,22.7125,1,1,1,1,1144,80,80,1144.0,80.0,1144.0,1144,80,39.765051935915835,24184.455381816337
4354,0,643,0,0,628457,629550,1234.170161,1236.170269,2.0001079999999547,19.898956643796094,16.787499999999998,22.7125,1,1,1,1,1093,80,80,1093.0,80.0,1093.0,1093,80,39.80006237491034,23823.21354646903
4354,0,644,0,0,629550,630684,1236.170269,1238.171669,2.0014000000001033,19.97885499114777,16.787499999999998,22.7125,1,1,1,1,1134,80,80,1134.0,80.0,1134.0,1134,80,39.98568037928635,23786.84920555488
4354,0,645,0,0,630684,631834,1238.171669,1240.176318,2.004648999999972,19.75872591668249,16.787499999999998,22.7125,1,1,1,1,1150,80,80,1150.0,80.0,1150.0,1150,80,39.60931015015012,24157.34624864536
4354,0,646,0,0,631834,632955,1240.176318,1242.177636,2.0013179999998556,19.780411817189485,16.787499999999998,22.7125,1,1,1,1,1121,80,80,1121.0,80.0,1121.0,1121,80,39.586894217150984,24017.6723539205
4354,0,647,0,0,632955,633999,1242.177636,1244.184784,2.007148000000143,19.919177992582703,16.787499999999998,22.7125,1,1,1,1,1044,80,80,1044.0,80.0,1044.0,1044,80,39.980738269459835,23477.092870080654
4354,0,648,0,0,633999,635062,1244.184784,1246.185379,2.0005949999999757,19.777699244040626,16.787499999999998,22.7125,1,1,1,1,1063,80,80,1064.0,80.0,1063.0,1063,80,39.56716621913074,23266.07834169363
4354,0,649,0,0,635062,636149,1246.185379,1248.186029,2.0006499999999505,19.733046765532645,16.787499999999998,22.7125,1,1,1,1,1087,80,80,1088.0,80.0,1087.0,1087,80,39.478920011461014,23498.363032015175
4354,0,650,0,0,636149,637000,1248.186029,1249.756792,1.5707629999999426,19.76200933454367,16.787499999999998,22.7125,1,1,1,1,851,63,63,851.0,63.0,851.0,851,63,31.041433068356127,23901.75984537538
4354,0,651,0,0,637000,638103,1249.756792,1251.75735,2.000558000000183,19.665193111130634,16.787499999999998,22.7125,1,1,1,1,1103,80,80,1106.0,80.0,1103.0,1103,80,39.34135940001943,24146.763053105977
4354,0,652,0,0,638103,639199,1251.75735,1253.760049,2.002698999999893,19.79432348111557,16.787499999999998,22.7125,1,1,1,1,1096,80,80,1096.0,80.0,1096.0,1096,80,39.64207184130282,23659.571408385647
4354,0,653,0,0,639199,640280,1253.760049,1255.760016,1.9999669999999696,19.587326385269314,16.787499999999998,22.7125,1,1,1,1,1081,80,80,1081.0,80.0,1081.0,1081,80,39.17400638876643,23681.890751197756
4354,0,654,0,0,640280,641312,1255.760016,1257.760446,2.0004300000000512,19.688680905158503,16.787499999999998,22.7125,1,1,1,1,1032,80,80,1033.0,80.0,1032.0,1032,80,39.38582794310787,23446.459011311967
4354,0,655,0,0,641312,642433,1257.760446,1259.761431,2.0009849999999005,19.66577628148743,16.787499999999998,22.7125,1,1,1,1,1121,80,80,1121.0,80.0,1121.0,1121,80,39.35092335260924,23841.258180347366
4354,0,656,0,0,642433,643489,1259.761431,1261.761763,2.0003320000000713,19.8372098130005,16.787499999999998,22.7125,1,1,1,1,1056,79,79,1056.0,79.0,1056.0,1056,79,39.68100557965954,23286.63441868567
4354,0,657,0,0,643489,644603,1261.761763,1263.764934,2.0031710000000658,19.820290646018687,16.787499999999998,22.7125,1,1,1,1,1114,80,80,1114.0,81.0,1114.0,1114,81,39.703431433677906,24026.905341580135
4354,0,658,0,0,644603,645647,1263.764934,1265.767211,2.002277000000049,19.634840035078064,16.787499999999998,22.7125,1,1,1,1,1044,80,80,1046.0,80.0,1044.0,1044,80,39.31438860091657,23421.334810317876
4354,0,659,0,0,645647,646741,1265.767211,1267.767911,2.0006999999998243,19.78536892623338,16.787499999999998,22.7125,1,1,1,1,1094,80,80,1095.0,79.0,1094.0,1094,79,39.58458761071233,23399.31024141756
4354,0,660,0,0,646741,647947,1267.767911,1269.769843,2.0019320000001244,19.9771360215816,16.787499999999998,22.7125,1,1,1,1,1206,80,80,1206.0,80.0,1206.0,1206,80,39.99286786995799,24480.35197998581
4354,0,661,0,0,647947,648993,1269.769843,1271.772425,2.002582000000075,19.78448991560949,16.787499999999998,22.7125,1,1,1,1,1046,80,80,1047.0,80.0,1046.0,1046,80,39.620063384183595,23688.917607368
4354,0,662,0,0,648993,650000,1271.772425,1273.567615,1.7951899999998204,19.634998017056706,16.787499999999998,22.7125,1,1,1,1,1007,72,72,1009.0,72.0,1007.0,1007,72,35.248552090237354,23063.85396532074
4354,0,663,0,0,650000,651147,1273.567615,1275.571474,2.0038590000001477,19.92519384566308,16.787499999999998,22.7125,1,1,1,1,1147,80,80,1149.0,80.0,1147.0,1147,80,39.927279014380474,24214.77758664478
4354,0,664,0,0,651147,652219,1275.571474,1277.571476,2.000001999999995,19.690873488140834,16.787499999999998,22.7125,1,1,1,1,1072,80,80,1072.0,80.0,1072.0,1072,80,39.381786358029785,23545.976454023606
4354,0,665,0,0,652219,653306,1277.571476,1279.571812,2.000335999999834,19.64802860415642,16.787499999999998,22.7125,1,1,1,1,1087,80,80,1087.0,80.0,1087.0,1087,80,39.3026589459223,23655.025955641417
4354,0,666,0,0,653306,654359,1279.571812,1281.573039,2.001227000000199,19.616612517429836,16.787499999999998,22.7125,1,1,1,1,1053,80,80,1053.0,80.0,1053.0,1053,80,39.25729461842275,23432.624085121446
4354,0,667,0,0,654359,655433,1281.573039,1283.575545,2.002505999999812,19.91708872132367,16.787499999999998,22.7125,1,1,1,1,1074,80,80,1074.0,80.0,1074.0,1074,80,39.88408966697898,23865.09703341937
4354,0,668,0,0,655433,656538,1283.575545,1285.57867,2.003125000000182,19.762116736621426,16.787499999999998,22.7125,1,1,1,1,1105,80,80,1105.0,80.0,1105.0,1105,80,39.585990088049584,23834.25897035665
4354,0,669,0,0,656538,657586,1285.57867,1287.578958,2.000287999999955,19.829567676151086,16.787499999999998,22.7125,1,1,1,1,1048,80,80,1048.0,80.0,1048.0,1048,80,39.66484626779129,23275.148378634
4354,0,670,0,0,657586,658678,1287.578958,1289.584209,2.005251000000044,19.54276448398608,16.787499999999998,22.7125,1,1,1,1,1092,80,80,1092.0,80.0,1092.0,1092,80,39.188148024277325,23353.684900293767
4354,0,671,0,0,658678,659798,1289.584209,1291.585057,2.0008479999999054,19.656850421544934,16.787499999999998,22.7125,1,1,1,1,1120,80,80,1121.0,80.0,1120.0,1120,80,39.330369852246804,23617.486185858314
4354,0,672,0,0,659798,660928,1291.585057,1293.586581,2.0015240000000176,19.815670628617166,16.787499999999998,22.7125,1,1,1,1,1130,80,80,1130.0,80.0,1130.0,1130,80,39.661540339271596,23562.545340450368
4354,0,673,0,0,660928,662001,1293.586581,1295.591459,2.0048779999999624,19.799420510759226,16.787499999999998,22.7125,1,1,1,1,1073,80,80,1073.0,80.0,1073.0,1073,80,39.69542259477021,23433.3460689383
4354,0,674,0,0,662001,663000,1295.591459,1297.504891,1.913432000000057,19.84581469637561,16.787499999999998,22.7125,1,1,1,1,999,77,77,999.0,77.0,999.0,999,77,37.97361690611797,23306.812052896927
4354,0,675,0,0,663000,664061,1297.504891,1299.505579,2.0006879999998546,19.656480081450457,16.787499999999998,22.7125,1,1,1,1,1061,79,79,1062.0,80.0,1061.0,1061,80,39.326483821194415,23511.911902307314
4354,0,676,0,0,664061,665166,1299.505579,1301.506438,2.0008589999999913,19.950302851698233,16.787499999999998,22.7125,1,1,1,1,1105,80,80,1106.0,79.0,1105.0,1105,79,39.91774301354599,23963.707587591234
4354,0,677,0,0,665166,666243,1301.506438,1303.510135,2.003697000000102,19.8066092595359,16.787499999999998,22.7125,1,1,1,1,1077,80,80,1077.0,81.0,1077.0,1077,81,39.68644355350625,23652.777840161256
4354,0,678,0,0,666243,667390,1303.510135,1305.51241,2.002275000000054,19.69116718900688,16.787499999999998,22.7125,1,1,1,1,1147,80,80,1147.0,80.0,1147.0,1147,80,39.42713178336999,23919.291805570516
4354,0,679,0,0,667390,668445,1305.51241,1307.513169,2.0007590000000164,19.705056879387595,16.787499999999998,22.7125,1,1,1,1,1055,80,80,1055.0,79.0,1055.0,1055,79,39.425069896948116,23489.585702225813
4354,0,680,0,0,668445,669501,1307.513169,1309.516965,2.0037959999999657,19.704550374933984,16.787499999999998,22.7125,1,1,1,1,1056,80,80,1057.0,81.0,1056.0,1056,81,39.4838992230907,23514.868779057753
4354,0,681,0,0,669501,670602,1309.516965,1311.518649,2.0016840000000684,19.646326235322324,16.787499999999998,22.7125,1,1,1,1,1101,80,80,1101.0,79.0,1101.0,1101,79,39.32573688402772,23634.59966707951
4354,0,682,0,0,670602,671700,1311.518649,1313.521307,2.002657999999883,19.8584100934829,16.787499999999998,22.7125,1,1,1,1,1098,80,80,1099.0,80.0,1098.0,1098,80,39.769603840992204,23839.816883363404
4354,0,683,0,0,671700,672841,1313.521307,1315.521346,2.000039000000015,20.01769195786173,16.787499999999998,22.7125,1,1,1,1,1141,80,80,1141.0,80.0,1141.0,1141,80,40.03616460570993,24311.525925244274
4354,0,684,0,0,672841,673940,1315.521346,1317.521316,1.9999700000000757,19.80815086978757,16.787499999999998,22.7125,1,1,1,1,1099,80,80,1099.0,80.0,1099.0,1099,80,39.61570749504972,23853.357800366102
4354,0,685,0,0,673940,675053,1317.521316,1319.52192,2.0006039999998393,19.902924960927216,16.787499999999998,22.7125,1,1,1,1,1113,80,80,1113.0,80.0,1113.0,1113,80,39.817871288527385,24020.245885744436
4354,0,686,0,0,675053,676000,1319.52192,1321.304541,1.7826210000000628,19.630576132159828,16.787499999999998,22.7125,1,1,1,1,947,71,71,947.0,71.0,947.0,947,71,34.99387725528868,23223.668968332888
4354,0,687,0,0,676000,677119,1321.304541,1323.305658,2.001117000000022,19.91614859109293,16.787499999999998,22.7125,1,1,1,1,1119,79,79,1120.0,80.0,1119.0,1119,79,39.85454352016313,23514.866946809947
4354,0,688,0,0,677119,678202,1323.305658,1325.306265,2.0006069999999454,19.895864088994447,16.787499999999998,22.7125,1,1,1,1,1083,80,80,1083.0,80.0,1083.0,1083,80,39.80380496749058,24016.211079937893
4354,0,689,0,0,678202,679296,1325.306265,1327.308504,2.002239000000145,19.8563847983172,16.787499999999998,22.7125,1,1,1,1,1094,80,80,1094.0,80.0,1094.0,1094,80,39.75722804219913,23805.849351649103
4354,0,690,0,0,679296,680365,1327.308504,1329.31316,2.004655999999841,19.806269996052606,16.787499999999998,22.7125,1,1,1,1,1069,80,80,1069.0,80.0,1069.0,1069,80,39.704757985204196,24425.138278090548
4354,0,691,0,0,680365,681480,1329.31316,1331.314265,2.0011050000000523,19.929388725920035,16.787499999999998,22.7125,1,1,1,1,1115,80,80,1115.0,80.0,1115.0,1115,80,39.88079942638433,23788.35693279401
4354,0,692,0,0,681480,682585,1331.314265,1333.316702,2.0024370000001,19.995770698000765,16.787499999999998,22.7125,1,1,1,1,1105,79,79,1107.0,80.0,1105.0,1105,79,40.04027108919399,24110.62120805678
4354,0,693,0,0,682585,683706,1333.316702,1335.318043,2.001340999999911,19.768368009000756,16.787499999999998,22.7125,1,1,1,1,1121,79,79,1122.0,80.0,1121.0,1121,79,39.563245399498555,23738.583279911873
4354,0,694,0,0,683706,684768,1335.318043,1337.31816,2.0001170000000457,19.60249059737557,16.787499999999998,22.7125,1,1,1,1,1062,80,80,1062.0,80.0,1062.0,1062,80,39.20727468615223,23218.641709459465
4354,0,695,0,0,684768,685867,1337.31816,1339.318191,2.0000310000000354,19.71731744133757,16.787499999999998,22.7125,1,1,1,1,1099,80,80,1099.0,80.0,1099.0,1099,80,39.435246119515796,23732.632144201343
4354,0,696,0,0,685867,686919,1339.318191,1341.321726,2.003534999999829,19.613790521732568,16.787499999999998,22.7125,1,1,1,1,1052,80,80,1052.0,80.0,1052.0,1052,80,39.29691579295468,23157.56899680014
4354,0,697,0,0,686919,687925,1341.321726,1343.323794,2.0020680000000084,19.606422960117946,16.787499999999998,22.7125,1,1,1,1,1006,80,80,1006.0,80.0,1006.0,1006,80,39.25339200291637,23234.975035812873
4354,0,698,0,0,687925,688962,1343.323794,1345.326338,2.002544000000171,19.744171566521786,16.787499999999998,22.7125,1,1,1,1,1037,80,80,1037.0,80.0,1037.0,1037,80,39.53857230551148,23763.273116593664
4354,0,699,0,0,688962,689000,1345.326338,1345.407786,0.08144799999990937,19.878020264208146,16.787499999999998,22.7125,1,1,1,1,38,3,3,38.0,4.0,38.0,38,4,1.6190249944775132,24518.71132504447
4354,0,700,0,0,689000,690074,1345.407786,1347.410054,2.002267999999958,19.837521487894783,16.787499999999998,22.7125,1,1,1,1,1074,80,80,1076.0,80.0,1074.0,1074,80,39.720034474521526,23709.613298519973
4354,0,701,0,0,690074,691121,1347.410054,1349.412329,2.002275000000054,19.67378568923228,16.787499999999998,22.7125,1,1,1,1,1047,80,80,1048.0,80.0,1047.0,1047,80,39.39232924090902,23282.0167059963
4354,0,702,0,0,691121,692127,1349.412329,1351.413463,2.001134000000093,19.824650088502587,16.787499999999998,22.7125,1,1,1,1,1006,80,80,1006.0,79.0,1006.0,1006,79,39.671781330205704,23579.630349590687
4354,0,703,0,0,692127,693239,1351.413463,1353.41585,2.002386999999999,19.858834153678924,16.787499999999998,22.7125,1,1,1,1,1112,80,80,1112.0,80.0,1112.0,1112,80,39.76507134448184,24295.003912830052
4354,0,704,0,0,693239,694253,1353.41585,1355.419159,2.0033089999999447,19.85373557534973,16.787499999999998,22.7125,1,1,1,1,1014,80,80,1014.0,81.0,1014.0,1014,81,39.77316716171845,23663.848163214614
4354,0,705,0,0,694253,695288,1355.419159,1357.421436,2.002277000000049,19.807249769311067,16.787499999999998,22.7125,1,1,1,1,1035,80,80,1035.0,80.0,1035.0,1035,80,39.659600646347826,23491.25520594745
4354,0,706,0,0,695288,696368,1357.421436,1359.423714,2.002277999999933,19.667095335649986,16.787499999999998,22.7125,1,1,1,1,1080,80,80,1080.0,80.0,1080.0,1080,80,39.37899231447227,24169.47097256306
4354,0,707,0,0,696368,697465,1359.423714,1361.424593,2.000878999999941,19.665714346960215,16.787499999999998,22.7125,1,1,1,1,1097,80,80,1097.0,79.0,1097.0,1097,79,39.348714856831066,23898.496610740287
4354,0,708,0,0,697465,698580,1361.424593,1363.425658,2.0010650000001533,19.77637949445412,16.787499999999998,22.7125,1,1,1,1,1115,80,80,1115.0,80.0,1115.0,1115,80,39.573820833073114,23482.995304998287
4354,0,709,0,0,698580,699693,1363.425658,1365.426276,2.000617999999804,19.819765892507856,16.787499999999998,22.7125,1,1,1,1,1113,80,80,1114.0,80.0,1113.0,1113,80,39.651780400334246,23984.58876207487
4354,0,710,0,0,699693,700746,1365.426276,1367.426467,2.000191000000086,19.666474005998545,16.787499999999998,22.7125,1,1,1,1,1053,80,80,1053.0,80.0,1053.0,1053,80,39.336704308534536,23306.274250808045
4354,0,711,0,0,700746,701876,1367.426467,1369.426575,2.0001079999999547,19.527819031793772,16.787499999999998,22.7125,1,1,1,1,1130,80,80,1130.0,80.0,1130.0,1130,80,39.05774706804368,23671.221754025817
4354,0,712,0,0,701876,702000,1369.426575,1369.640897,0.21432200000003832,19.81484947906603,16.787499999999998,22.7125,1,1,1,1,124,9,9,124.0,9.0,124.0,124,9,4.246758170054818,23511.35207771064
4354,0,713,0,0,702000,703116,1369.640897,1371.641729,2.0008319999999458,19.97712923748459,16.787499999999998,22.7125,1,1,1,1,1116,80,80,1116.0,80.0,1116.0,1116,80,39.9708794464932,23706.138246490103
4354,0,714,0,0,703116,704235,1371.641729,1373.645045,2.0033160000000407,19.754425349911262,16.787499999999998,22.7125,1,1,1,1,1119,80,80,1119.0,80.0,1119.0,1119,80,39.574356374283525,23668.258028188782
4354,0,715,0,0,704235,705325,1373.645045,1375.646891,2.001846000000114,19.515611910149563,16.787499999999998,22.7125,1,1,1,1,1090,80,80,1090.0,80.0,1090.0,1090,80,39.06724963988745,23333.46321345265
4354,0,716,0,0,705325,706357,1375.646891,1377.651436,2.0045450000000073,19.388281396287002,16.787499999999998,22.7125,1,1,1,1,1032,80,80,1032.0,80.0,1032.0,1032,80,38.864682531519065,23296.558570648118
4354,0,717,0,0,706357,707420,1377.651436,1379.651759,2.0003229999999803,19.411713085704775,16.787499999999998,22.7125,1,1,1,1,1063,80,80,1063.0,80.0,1063.0,1063,80,38.82969615473485,23516.702052618733
4354,0,718,0,0,707420,708513,1379.651759,1381.652236,2.000476999999819,19.39794091437177,16.787499999999998,22.7125,1,1,1,1,1093,80,80,1094.0,80.0,1093.0,1093,80,38.80513464655451,22927.031902893235
4354,0,719,0,0,708513,709609,1381.652236,1383.654752,2.002516000000014,19.510551429333958,16.787499999999998,22.7125,1,1,1,1,1096,80,80,1096.0,80.0,1096.0,1096,80,39.070191406062804,23035.021942396303
4354,0,720,0,0,709609,710644,1383.654752,1385.654884,2.0001320000001215,19.441367841274918,16.787499999999998,22.7125,1,1,1,1,1035,80,80,1035.0,80.0,1035.0,1035,80,38.88530194310806,22970.483948058034
4354,0,721,0,0,710644,711721,1385.654884,1387.655346,2.0004619999999704,19.46001706376513,16.787499999999998,22.7125,1,1,1,1,1077,79,79,1077.0,79.0,1077.0,1077,79,38.92902465541192,23892.48083692702
4354,0,722,0,0,711721,712832,1387.655346,1389.657638,2.0022919999998976,19.596080715196283,16.787499999999998,22.7125,1,1,1,1,1111,80,80,1111.0,80.0,1111.0,1111,80,39.23707564739016,23492.078078523216
4354,0,723,0,0,712832,713883,1389.657638,1391.660157,2.0025190000001203,19.419410817615372,16.787499999999998,22.7125,1,1,1,1,1051,80,80,1052.0,80.0,1052.0,1051,80,38.88773913108162,23481.425145028425
4354,0,724,0,0,713883,714947,1391.660157,1393.662062,2.001905000000079,19.405529117488992,16.787499999999998,22.7125,1,1,1,1,1064,80,80,1065.0,80.0,1063.0,1064,80,38.84802576794755,22906.68138597895
4354,0,725,0,0,714947,715000,1393.662062,1393.769029,0.10696699999994053,19.406238016355367,16.787499999999998,22.7125,1,1,1,1,53,5,5,53.0,5.0,53.0,53,5,2.0758270618935057,21249.544251977375
4354,0,726,0,0,715000,716080,1393.769029,1395.769337,2.0003079999999045,19.582509270753597,16.787499999999998,22.7125,1,1,1,1,1080,80,80,1085.0,80.0,1080.0,1080,80,39.17104995436239,23401.896108000485
4354,0,727,0,0,716080,717172,1395.769337,1397.771544,2.0022069999999985,19.419180430747712,16.787499999999998,22.7125,1,1,1,1,1092,80,80,1092.0,80.0,1092.0,1092,80,38.88121899270482,23199.89891155112
4354,0,728,0,0,717172,718227,1397.771544,1399.773369,2.0018250000000535,19.50045925257369,16.787499999999998,22.7125,1,1,1,1,1055,80,80,1055.0,80.0,1055.0,1055,80,39.03650684328386,23278.75813320283
4354,0,729,0,0,718227,719277,1399.773369,1401.77404,2.000671000000011,19.487118108604683,16.787499999999998,22.7125,1,1,1,1,1050,80,80,1051.0,80.0,1050.0,1050,80,38.98731207345918,23190.719513603057
4354,0,730,0,0,719277,720375,1401.77404,1403.77408,2.000039999999899,19.546763048276535,16.787499999999998,22.7125,1,1,1,1,1098,79,79,1098.0,79.0,1098.0,1098,79,39.09430796707238,23337.533249336193
4354,0,731,0,0,720375,721434,1403.77408,1405.775267,2.0011870000000727,19.21565515714744,16.787499999999998,22.7125,1,1,1,1,1059,80,80,1060.0,80.0,1059.0,1059,80,38.45411929696638,23019.338022882584
4354,0,732,0,0,721434,722465,1405.775267,1407.7755,2.00023299999998,19.658928266012772,16.787499999999998,22.7125,1,1,1,1,1031,80,80,1031.0,80.0,1031.0,1031,80,39.3224370623102,23177.299844568337
4354,0,733,0,0,722465,723500,1407.7755,1409.777293,2.0017930000001343,19.63876028502826,16.787499999999998,22.7125,1,1,1,1,1035,80,80,1035.0,80.0,1035.0,1035,80,39.312732867249,22883.484955735647
4354,0,734,0,0,723500,724630,1409.777293,1411.777459,2.0001659999998083,19.29262113997665,16.787499999999998,22.7125,1,1,1,1,1130,80,80,1130.0,80.0,1130.0,1130,80,38.588444855060516,23717.53144489235
4354,0,735,0,0,724630,725686,1411.777459,1413.77795,2.000491000000011,19.33837543336367,16.787499999999998,22.7125,1,1,1,1,1056,80,80,1056.0,80.0,1056.0,1056,80,38.68624600906696,22463.485214379747
4354,0,736,0,0,725686,726833,1413.77795,1415.77966,2.0017100000000028,19.398551504796604,16.787499999999998,22.7125,1,1,1,1,1147,80,80,1148.0,80.0,1147.0,1147,80,38.8302745326655,23484.920393063898
4354,0,737,0,0,726833,727858,1415.77966,1417.783198,2.0035380000001624,19.4905033971236,16.787499999999998,22.7125,1,1,1,1,1025,80,80,1025.0,80.0,1025.0,1025,80,39.04996419527015,23117.60495682949
4354,0,738,0,0,727858,728000,1417.783198,1418.054541,0.271342999999888,19.692952589651508,16.787499999999998,22.7125,1,1,1,1,142,11,11,142.0,11.0,142.0,142,11,5.343544834529894,23015.15056589843
4354,0,739,0,0,728000,729124,1418.054541,1420.05633,2.001788999999917,19.440372906483883,16.787499999999998,22.7125,1,1,1,1,1124,80,80,1125.0,80.0,1124.0,1124,80,38.9155246400951,22848.062408176833
4354,0,740,0,0,729124,730205,1420.05633,1422.057007,2.0006770000002234,19.45815474018878,16.787499999999998,22.7125,1,1,1,1,1081,80,80,1081.0,80.0,1081.0,1081,80,38.92948265113955,22912.244205333936
4354,0,741,0,0,730205,731290,1422.057007,1424.058386,2.0013789999998153,19.398760429490267,16.787499999999998,22.7125,1,1,1,1,1085,80,80,1085.0,80.0,1085.0,1085,80,38.82427174961049,23069.093859785808
4354,0,742,0,0,731290,732280,1424.058386,1426.059799,2.001413000000184,19.475955695619575,16.787499999999998,22.7125,1,1,1,1,990,80,80,991.0,80.0,990.0,990,80,38.9794309166391,22826.872814354556
4354,0,743,0,0,732280,733402,1426.059799,1428.061247,2.001447999999982,19.459999887454792,16.787499999999998,22.7125,1,1,1,1,1122,80,80,1122.0,80.0,1122.0,1122,80,38.948177854745154,23435.033036082084
4354,0,744,0,0,733402,734491,1428.061247,1430.063357,2.0021099999999024,19.46700426579905,16.787499999999998,22.7125,1,1,1,1,1089,80,80,1089.0,80.0,1089.0,1089,80,38.97508391059819,23102.127255746316
4354,0,745,0,0,734491,735576,1430.063357,1432.063655,2.0002979999999297,19.40893197358592,16.787499999999998,22.7125,1,1,1,1,1085,80,80,1085.0,80.0,1085.0,1085,80,38.823647808898386,23378.51660102727
4354,0,746,0,0,735576,736656,1432.063655,1434.063922,2.0002670000001217,19.5434204945215,16.787499999999998,22.7125,1,1,1,1,1080,80,80,1080.0,80.0,1080.0,1080,80,39.09205908231888,23412.874381268677
4354,0,747,0,0,736656,737670,1434.063922,1436.066387,2.0024650000000292,19.670532204048325,16.787499999999998,22.7125,1,1,1,1,1014,80,80,1014.0,80.0,1014.0,1014,80,39.389552269978594,23489.549130696072
4354,0,748,0,0,737670,738665,1436.066387,1438.068567,2.002179999999953,19.38529958581515,16.787499999999998,22.7125,1,1,1,1,995,80,80,995.0,80.0,995.0,995,80,38.81285912472595,22755.696291043296
4354,0,749,0,0,738665,739733,1438.068567,1440.072436,2.003868999999895,19.421432837790764,16.787499999999998,22.7125,1,1,1,1,1068,80,80,1068.0,80.0,1068.0,1068,80,38.91800719923049,23334.359681197948
4354,0,750,0,0,739733,740781,1440.072436,1442.072578,2.0001420000000962,19.30405095755146,16.787499999999998,22.7125,1,1,1,1,1048,80,80,1049.0,80.0,1049.0,1048,80,38.610843090340495,23132.857567111623
4354,0,751,0,0,740781,741000,1442.072578,1442.470893,0.3983149999999114,19.36743016908197,16.787499999999998,22.7125,1,1,1,1,219,16,16,218.0,16.0,218.0,219,16,7.714337947796594,23217.805003582736
4354,0,752,0,0,741000,742074,1442.470893,1444.471441,2.0005479999999807,19.302932720515205,16.787499999999998,22.7125,1,1,1,1,1074,80,80,1074.0,80.0,1074.0,1074,80,38.61644344816159,22951.711231122896
4354,0,753,0,0,742074,743172,1444.471441,1446.4727,2.0012590000001182,19.225644424688074,16.787499999999998,22.7125,1,1,1,1,1098,79,79,1099.0,80.0,1098.0,1098,80,38.47549393570807,23526.689948675918
4354,0,754,0,0,743172,744203,1446.4727,1448.473176,2.000475999999935,19.391179176943254,16.787499999999998,22.7125,1,1,1,1,1031,80,80,1031.0,79.0,1031.0,1031,79,38.7915885551738,23361.439977286165
4354,0,755,0,0,744203,745264,1448.473176,1450.474068,2.0008920000000217,19.68792859241275,16.787499999999998,22.7125,1,1,1,1,1061,80,80,1061.0,80.0,1061.0,1061,80,39.393418817129714,23790.38948628886
4354,0,756,0,0,745264,746411,1450.474068,1452.475445,2.0013770000000477,19.545078813059607,16.787499999999998,22.7125,1,1,1,1,1147,80,80,1147.0,80.0,1147.0,1147,80,39.11707119964558,23817.6015813107
4354,0,757,0,0,746411,747412,1452.475445,1454.477036,2.001590999999962,19.4572177220854,16.787499999999998,22.7125,1,1,1,1,1001,80,80,1001.0,80.0,1001.0,1001,80,38.94539187756527,23178.56145436349
4354,0,758,0,0,747412,748532,1454.477036,1456.478592,2.001555999999937,19.486447415329636,16.787499999999998,22.7125,1,1,1,1,1120,80,80,1120.0,80.0,1120.0,1120,80,39.00321574283589,23894.909760207313
4354,0,759,0,0,748532,749547,1456.478592,1458.482208,2.0036159999999654,19.41954455482793,16.787499999999998,22.7125,1,1,1,1,1015,80,80,1015.0,80.0,1015.0,1015,80,38.909310182763875,22848.689569259175
4354,0,760,0,0,749547,750636,1458.482208,1460.482327,2.0001190000000406,19.533807981261024,16.787499999999998,22.7125,1,1,1,1,1089,80,80,1090.0,80.0,1089.0,1089,80,39.069940485671395,23484.102695889116
4354,0,761,0,0,750636,751696,1460.482327,1462.483938,2.001611000000139,19.34713145448777,16.787499999999998,22.7125,1,1,1,1,1060,80,80,1060.0,80.0,1060.0,1060,80,38.725431137751,23004.969497068512
4354,0,762,0,0,751696,752780,1462.483938,1464.487585,2.003647000000001,19.45175005434482,16.787499999999998,22.7125,1,1,1,1,1084,80,80,1084.0,80.0,1084.0,1084,80,38.974440641137335,23108.361902071563
4354,0,763,0,0,752780,753869,1464.487585,1466.491772,2.0041870000000017,19.498499464830815,16.787499999999998,22.7125,1,1,1,1,1089,80,80,1089.0,80.0,1089.0,1089,80,39.07863914691916,23509.782270816027
4354,0,764,0,0,753869,754000,1466.491772,1466.717722,0.22595000000001164,19.38374148002881,16.787499999999998,22.7125,1,1,1,1,131,9,9,133.0,9.0,131.0,131,9,4.379756387414091,22651.02898871315
4354,0,765,0,0,754000,755087,1466.717722,1468.720251,2.0025289999998677,19.545548841830893,16.787499999999998,22.7125,1,1,1,1,1087,80,80,1087.0,80.0,1087.0,1087,80,39.14052837667987,23587.174018455225
4354,0,766,0,0,755087,756214,1468.720251,1470.721359,2.001107999999931,19.604645831045115,16.787499999999998,22.7125,1,1,1,1,1127,80,80,1127.0,80.0,1127.0,1127,80,39.23101360967121,23693.373870876352
4354,0,767,0,0,756214,757285,1470.721359,1472.727554,2.0061950000001616,19.292870977399687,16.787499999999998,22.7125,1,1,1,1,1071,80,80,1071.0,81.0,1071.0,1071,81,38.705261290506314,23230.543391841893
4354,0,768,0,0,757285,758336,1472.727554,1474.72968,2.002125999999862,19.394820927216692,16.787499999999998,22.7125,1,1,1,1,1051,80,80,1052.0,79.0,1051.0,1051,79,38.8308752437224,23381.145841971596
4354,0,769,0,0,758336,759467,1474.72968,1476.731516,2.0018360000001394,19.499832633062155,16.787499999999998,22.7125,1,1,1,1,1131,80,80,1131.0,80.0,1131.0,1131,80,39.035466958841425,23839.61523321425
4354,0,770,0,0,759467,760597,1476.731516,1478.734386,2.00287000000003,19.58028397063044,16.787499999999998,22.7125,1,1,1,1,1130,80,80,1131.0,81.0,1130.0,1130,81,39.216763356256706,23583.657451556664
4354,0,771,0,0,760597,761630,1478.734386,1480.736662,2.002275999999938,19.440947243196533,16.787499999999998,22.7125,1,1,1,1,1033,80,80,1033.0,80.0,1033.0,1033,80,38.9261420823168,23356.9198252396
4354,0,772,0,0,761630,762713,1480.736662,1482.736649,1.9999869999999191,19.393737401015255,16.787499999999998,22.7125,1,1,1,1,1083,80,80,1083.0,79.0,1083.0,1083,79,38.78722268344427,23488.152672993325
4354,0,773,0,0,762713,763781,1482.736649,1484.741215,2.004566000000068,19.405337963226113,16.787499999999998,22.7125,1,1,1,1,1068,80,80,1068.0,81.0,1068.0,1068,81,38.899280699592055,22788.97277515355
4354,0,774,0,0,763781,764808,1484.741215,1486.742827,2.001612000000023,19.410580167102196,16.787499999999998,22.7125,1,1,1,1,1027,80,80,1027.0,79.0,1027.0,1027,79,38.85245018943533,23387.149957134283
4354,0,775,0,0,764808,765904,1486.742827,1488.744793,2.0019660000000385,19.66398880863916,16.787499999999998,22.7125,1,1,1,1,1096,80,80,1096.0,80.0,1096.0,1096,80,39.36663701927682,23547.852461030354
4354,0,776,0,0,765904,766954,1488.744793,1490.745576,2.000782999999956,19.56540672329327,16.787499999999998,22.7125,1,1,1,1,1050,80,80,1051.0,80.0,1050.0,1050,80,39.14613316005125,23620.252671079794
4354,0,777,0,0,766954,767000,1490.745576,1490.824492,0.0789159999999356,19.404494044257852,16.787499999999998,22.7125,1,1,1,1,46,4,4,46.0,4.0,46.0,46,4,1.5313250519939174,24519.74251104439
4354,0,778,0,0,767000,768067,1490.824492,1492.825409,2.000917000000072,19.53046834804332,16.787499999999998,22.7125,1,1,1,1,1067,79,79,1067.0,80.0,1067.0,1067,80,39.078846135562344,23150.385548225302
4354,0,779,0,0,768067,769114,1492.825409,1494.826154,2.0007450000000517,19.60754302022342,16.787499999999998,22.7125,1,1,1,1,1047,80,80,1047.0,79.0,1047.0,1047,79,39.22969365999961,23379.29121402217
4354,0,780,0,0,769114,770212,1494.826154,1496.829961,2.0038069999998243,19.60210601540686,16.787499999999998,22.7125,1,1,1,1,1098,80,80,1098.0,81.0,1098.0,1098,81,39.27883724841013,23182.37235422577
4354,0,781,0,0,770212,771285,1496.829961,1498.832239,2.0022780000001603,19.695509361568963,16.787499999999998,22.7125,1,1,1,1,1073,80,80,1073.0,80.0,1073.0,1073,80,39.43588509346591,23506.226408119266
4354,0,782,0,0,771285,772325,1498.832239,1500.834514,2.002274999999827,19.45521593158981,16.787499999999998,22.7125,1,1,1,1,1040,80,80,1040.0,80.0,1040.0,1040,80,38.954692479419464,23821.403153914485
4354,0,783,0,0,772325,773436,1500.834514,1502.835763,2.0012490000001435,19.87631793190609,16.787499999999998,22.7125,1,1,1,1,1111,80,80,1111.0,79.0,1111.0,1111,79,39.777461384910566,24146.420560358325
4354,0,784,0,0,773436,774560,1502.835763,1504.837709,2.0019459999998617,19.792275860197076,16.787499999999998,22.7125,1,1,1,1,1124,80,80,1124.0,80.0,1124.0,1124,80,39.62306748921401,24135.51614279473
4354,0,785,0,0,774560,775633,1504.837709,1506.839985,2.0022760000001654,19.869083552260488,16.787499999999998,22.7125,1,1,1,1,1073,80,80,1073.0,80.0,1073.0,1073,80,39.783389138690836,23961.731549494692
4354,0,786,0,0,775633,776735,1506.839985,1508.841474,2.0014889999999923,20.05086031158469,16.787499999999998,22.7125,1,1,1,1,1102,80,80,1102.0,80.0,1102.0,1102,80,40.13157635417156,24015.12074260722
4354,0,787,0,0,776735,777833,1508.841474,1510.841762,2.000287999999955,20.080495385428517,16.787499999999998,22.7125,1,1,1,1,1098,80,80,1098.0,80.0,1098.0,1098,80,40.16677395352599,24051.036650722835
4354,0,788,0,0,777833,778903,1510.841762,1512.841855,2.000092999999879,19.7844385224637,16.787499999999998,22.7125,1,1,1,1,1070,80,80,1070.0,80.0,1070.0,1070,80,39.57071699770677,23321.915530929225
4354,0,789,0,0,778903,780000,1512.841855,1514.782814,1.9409590000000208,19.871734704122357,16.787499999999998,22.7125,1,1,1,1,1097,78,78,1097.0,78.0,1097.0,1097,78,38.57022231958035,24111.792160472993
4354,0,790,0,0,780000,781050,1514.782814,1516.7848,2.001985999999988,19.885934847086663,16.787499999999998,22.7125,1,1,1,1,1050,80,80,1052.0,80.0,1050.0,1050,80,39.811363160781184,23512.152432634535
4354,0,791,0,0,781050,782153,1516.7848,1518.788659,2.0038590000001477,19.932473745121875,16.787499999999998,22.7125,1,1,1,1,1103,80,80,1103.0,80.0,1103.0,1103,80,39.94186690642891,23811.05656635346
4354,0,792,0,0,782153,782430,1518.788659,1520.807227,2.0185679999999593,4.615178449245824,16.787499999999998,22.7125,1,0,0,1,277,80,80,277.0,81.0,277.0,277,81,9.316051531935955,4948.557591322265
4354,0,793,0,0,782430,782511,1520.807227,1522.809505,2.002277999999933,1.0091761314851508,16.787499999999998,22.7125,1,0,0,0,81,80,80,81.0,80.0,81.0,81,80,2.0206511661963305,556.8657299336243
4354,0,794,0,0,782511,782592,1522.809505,1524.811779,2.002273999999943,1.0096461287359373,16.787499999999998,22.7125,1,0,0,0,81,80,80,81.0,80.0,81.0,81,80,2.0215881927688315,542.8827423219954
4354,0,795,0,0,782592,782672,1524.811779,1526.814057,2.0022780000001603,1.006990437183428,16.787499999999998,22.7125,1,0,0,0,80,80,80,80.0,80.0,80.0,80,80,2.016274798581435,544.3799512354991
4354,0,796,0,0,782672,782752,1526.814057,1528.816334,2.002277000000049,1.0139122131491234,16.787499999999998,22.7125,1,0,0,0,80,80,80,80.0,80.0,80.0,80,80,2.030133104406559,562.3597534207167
4354,0,797,0,0,782752,782982,1528.816334,1530.818612,2.002277999999933,2.790829229356969,16.787499999999998,22.7125,1,0,0,1,230,80,80,230.0,80.0,230.0,230,80,5.588015967699903,3647.845104426181
4354,0,798,0,0,782982,783204,1530.818612,1532.820889,2.002277000000049,2.8074314043976076,16.787499999999998,22.7125,1,0,0,1,222,79,79,222.0,80.0,222.0,222,79,5.621255330104759,3616.8821796383927
4354,0,799,0,0,783204,783455,1532.820889,1534.823165,2.002275999999938,3.4696987457221247,16.787499999999998,22.7125,1,0,0,1,251,80,80,251.0,80.0,251.0,251,80,6.9472945257875836,4393.500196776205
4354,0,800,0,0,783455,783734,1534.823165,1536.825441,2.002275999999938,4.119683247999586,16.787499999999998,22.7125,1,0,0,1,279,80,80,279.0,80.0,279.0,279,80,8.248742895069881,5234.043658316998
4354,0,801,0,0,783734,784175,1536.825441,1538.827718,2.002277000000049,6.751258539656868,16.787499999999998,22.7125,1,0,0,1,441,80,80,441.0,80.0,441.0,441,80,13.517889695009217,8412.921888429815
4354,0,802,0,0,784175,784700,1538.827718,1540.827842,2.0001239999999143,8.590861970913691,16.787499999999998,22.7125,1,0,0,1,525,80,80,525.0,79.0,525.0,525,79,17.182789208709437,10544.84621953484
4354,0,803,0,0,784700,785325,1540.827842,1542.832272,2.004430000000184,10.840224953098128,16.787499999999998,22.7125,1,0,0,1,625,79,79,626.0,81.0,625.0,625,80,21.728472102739033,13252.146495511224
4354,0,804,0,0,785325,786161,1542.832272,1544.833896,2.0016239999999925,14.28692910297138,16.787499999999998,22.7125,1,0,0,1,836,80,80,836.0,79.0,836.0,836,79,28.597060178806714,17256.987326291117
4354,0,805,0,0,786161,787070,1544.833896,1546.83413,2.000233999999864,15.998254823234376,16.787499999999998,22.7125,1,0,0,1,909,80,80,909.0,80.0,909.0,909,80,32.000253238096775,19546.713034576285
4354,0,806,0,0,787070,788042,1546.83413,1548.835353,2.0012229999999818,17.964592910110216,16.787499999999998,22.7125,1,1,0,1,972,80,80,972.0,80.0,972.0,972,80,35.95115651734886,21608.286532785398
4354,0,807,0,0,788042,789116,1548.835353,1550.836312,2.000958999999966,19.265158709478214,16.787499999999998,22.7125,1,1,1,1,1074,80,80,1074.0,80.0,1074.0,1074,80,38.548792706158565,23437.261832951495
4354,0,808,0,0,789116,790179,1550.836312,1552.836698,2.0003860000001623,19.61076705766537,16.787499999999998,22.7125,1,1,1,1,1063,80,80,1063.0,80.0,1063.0,1063,80,39.229103871417465,23883.890409149095
4354,0,809,0,0,790179,791246,1552.836698,1554.845682,2.0089839999998276,19.46852952521601,16.787499999999998,22.7125,1,1,1,1,1067,80,80,1067.0,80.0,1067.0,1067,80,39.111964319683466,23315.765581012103
4354,0,810,0,0,791246,792310,1554.845682,1556.847661,2.0019790000001194,19.526975826565067,16.787499999999998,22.7125,1,1,1,1,1064,80,80,1064.0,80.0,1064.0,1064,80,39.09259553829179,23778.471202743465
4354,0,811,0,0,792310,793000,1556.847661,1558.122565,1.2749039999998786,19.399806044791703,16.787499999999998,22.7125,1,1,1,1,690,51,51,691.0,51.0,690.0,690,51,24.732890325725748,23138.21275955116
4354,0,812,0,0,793000,794081,1558.122565,1560.123492,2.000927000000047,19.58062453437802,16.787499999999998,22.7125,1,1,1,1,1081,79,79,1084.0,80.0,1081.0,1081,79,39.179400307701144,23189.751550155957
4354,0,813,0,0,794081,795174,1560.123492,1562.124421,2.000929000000042,19.667102436013405,16.787499999999998,22.7125,1,1,1,1,1093,80,80,1094.0,80.0,1093.0,1093,80,39.352475610190595,22728.44263839399
4354,0,814,0,0,795174,796237,1562.124421,1564.125146,2.0007250000001022,19.494461510020063,16.787499999999998,22.7125,1,1,1,1,1063,80,80,1062.0,80.0,1063.0,1063,80,39.003056504636334,23353.0345249835
4354,0,815,0,0,796237,797309,1564.125146,1566.125679,2.000532999999905,19.750440383172837,16.787499999999998,22.7125,1,1,1,1,1072,79,79,1073.0,80.0,1072.0,1072,79,39.51140775106978,23482.241982512776
4354,0,816,0,0,797309,798368,1566.125679,1568.127214,2.0015350000001035,19.450312213862933,16.787499999999998,22.7125,1,1,1,1,1059,80,80,1059.0,80.0,1059.0,1059,80,38.930480656974396,23569.910094001632
4354,0,817,0,0,798368,799436,1568.127214,1570.127259,2.000045,19.46658725733532,16.787499999999998,22.7125,1,1,1,1,1068,80,80,1068.0,80.0,1068.0,1068,80,38.93405051109585,23454.97226312408
4354,0,818,0,0,799436,800519,1570.127259,1572.128774,2.0015149999999267,19.58185248629637,16.787499999999998,22.7125,1,1,1,1,1083,80,80,1083.0,80.0,1083.0,1083,80,39.193371479108464,23586.633125408367
4354,0,819,0,0,800519,801590,1572.128774,1574.128947,2.0001729999999043,19.733956144345974,16.787499999999998,22.7125,1,1,1,1,1071,80,80,1071.0,80.0,1071.0,1071,80,39.47132626310122,24166.909562324017
4354,0,820,0,0,801590,802624,1574.128947,1576.129378,2.0004310000001624,19.620174926647877,16.787499999999998,22.7125,1,1,1,1,1034,80,80,1034.0,80.0,1034.0,1034,80,39.248806148691074,23390.459356006882
4354,0,821,0,0,802624,803774,1576.129378,1578.133842,2.004463999999871,19.602397770985625,16.787499999999998,22.7125,1,1,1,1,1150,80,80,1150.0,80.0,1150.0,1150,80,39.292300645618525,23738.515633108436
4354,0,822,0,0,803774,804815,1578.133842,1580.13522,2.0013779999999315,19.599111307756115,16.787499999999998,22.7125,1,1,1,1,1041,80,80,1041.0,80.0,1041.0,1041,80,39.225230190892034,23563.264910477486
4354,0,823,0,0,804815,805856,1580.13522,1582.135666,2.000446000000011,19.407406033731025,16.787499999999998,22.7125,1,1,1,1,1041,80,80,1041.0,80.0,1041.0,1041,80,38.823467770555,22988.373592688706
4354,0,824,0,0,805856,806000,1582.135666,1582.406333,0.2706670000000031,19.55032671520821,16.787499999999998,22.7125,1,1,1,1,144,11,11,144.0,11.0,144.0,144,11,5.291628281025623,24727.802059356785
4354,0,825,0,0,806000,807037,1582.406333,1584.407569,2.0012360000000626,19.506714934779477,16.787499999999998,22.7125,1,1,1,1,1037,80,80,1039.0,80.0,1037.0,1037,80,39.03754016921812,23806.287714191883
4354,0,826,0,0,807037,808029,1584.407569,1586.410431,2.00286200000005,19.602732236027837,16.787499999999998,22.7125,1,1,1,1,992,80,80,992.0,80.0,992.0,992,80,39.26156749171787,23302.653902265276
4354,0,827,0,0,808029,809077,1586.410431,1588.41406,2.0036290000000463,19.40553439770155,16.787499999999998,22.7125,1,1,1,1,1048,80,80,1048.0,80.0,1048.0,1048,80,38.881491479733086,23101.0830847422
4354,0,828,0,0,809077,810225,1588.41406,1590.414395,2.00033499999995,19.666738959965965,16.787499999999998,22.7125,1,1,1,1,1148,80,80,1148.0,80.0,1148.0,1148,80,39.34006627748386,23864.002779535025
4354,0,829,0,0,810225,811304,1590.414395,1592.415499,2.001103999999941,19.59598880015767,16.787499999999998,22.7125,1,1,1,1,1079,80,80,1079.0,80.0,1079.0,1079,80,39.21361157195133,23737.89668103277
4354,0,830,0,0,811304,812336,1592.415499,1594.415934,2.0004350000001523,19.5935189642242,16.787499999999998,22.7125,1,1,1,1,1032,79,79,1032.0,80.0,1032.0,1032,80,39.19556110920166,23293.433678173224
4354,0,831,0,0,812336,813390,1594.415934,1596.417827,2.001892999999882,19.608692702617578,16.787499999999998,22.7125,1,1,1,1,1054,80,80,1054.0,79.0,1054.0,1054,79,39.25450466051916,22803.416566221418
4354,0,832,0,0,813390,814452,1596.417827,1598.419972,2.0021449999999277,19.636173956428163,16.787499999999998,22.7125,1,1,1,1,1062,80,80,1062.0,80.0,1062.0,1062,80,39.31446750599207,23048.780183254294
4354,0,833,0,0,814452,815575,1598.419972,1600.420822,2.0008500000001277,19.462634035946643,16.787499999999998,22.7125,1,1,1,1,1123,80,80,1123.0,80.0,1123.0,1123,80,38.94181131082587,23661.44388634679
4354,0,834,0,0,815575,816687,1600.420822,1602.423488,2.002665999999863,19.418259607802824,16.787499999999998,22.7125,1,1,1,1,1112,80,80,1112.0,80.0,1112.0,1112,80,38.88828829571867,23412.790749931948
4354,0,835,0,0,816687,817746,1602.423488,1604.423933,2.000445000000127,19.513675210234172,16.787499999999998,22.7125,1,1,1,1,1059,80,80,1059.0,80.0,1059.0,1059,80,39.036034005937836,23797.205121858875
4354,0,836,0,0,817746,818771,1604.423933,1606.424129,2.00019599999996,19.69189953864085,16.787499999999998,22.7125,1,1,1,1,1025,80,80,1025.0,80.0,1025.0,1025,80,39.38765868958944,23320.71456997261
4354,0,837,0,0,818771,819000,1606.424129,1606.853243,0.42911400000002686,19.48545556739586,16.787499999999998,22.7125,1,1,1,1,229,17,17,229.0,17.0,229.0,229,17,8.361481780346367,22756.190662619698
4354,0,838,0,0,819000,820094,1606.853243,1608.853459,2.0002159999999094,19.664876152947063,16.787499999999998,22.7125,1,1,1,1,1094,79,79,1096.0,80.0,1094.0,1094,79,39.333999919141206,23325.980794075298
4354,0,839,0,0,820094,821164,1608.853459,1610.854647,2.001188000000184,19.536701166578318,16.787499999999998,22.7125,1,1,1,1,1070,80,80,1070.0,80.0,1070.0,1070,80,39.096611934146495,23406.596481687728
4354,0,840,0,0,821164,822218,1610.854647,1612.861911,2.00726399999985,19.60413167393262,16.787499999999998,22.7125,1,1,1,1,1054,80,80,1054.0,81.0,1054.0,1054,81,39.35066776034,23443.353739220907
4354,0,841,0,0,822218,823290,1612.861911,1614.862102,2.000191000000086,19.673298403763194,16.787499999999998,22.7125,1,1,1,1,1072,80,80,1072.0,79.0,1072.0,1072,79,39.35035440752472,23471.758447067292
4354,0,842,0,0,823290,824358,1614.862102,1616.863437,2.0013349999999264,19.67762558218417,16.787499999999998,22.7125,1,1,1,1,1068,80,80,1068.0,80.0,1068.0,1068,80,39.38152079451902,23029.627723495414
4354,0,843,0,0,824358,825463,1616.863437,1618.866706,2.0032690000000457,19.61179217032569,16.787499999999998,22.7125,1,1,1,1,1105,80,80,1105.0,80.0,1105.0,1105,80,39.28769528925841,23919.403734595257
4354,0,844,0,0,825463,826511,1618.866706,1620.868547,2.001841000000013,19.482711449043823,16.787499999999998,22.7125,1,1,1,1,1048,80,80,1049.0,80.0,1048.0,1048,80,39.00129056986407,23045.286813488034
4354,0,845,0,0,826511,827627,1620.868547,1622.868858,2.0003110000000106,19.845750701874955,16.787499999999998,22.7125,1,1,1,1,1116,80,80,1116.0,80.0,1116.0,1116,80,39.697673432219744,24268.22629081165
4354,0,846,0,0,827627,828637,1622.868858,1624.872134,2.0032759999999143,19.639916123735887,16.787499999999998,22.7125,1,1,1,1,1010,80,80,1010.0,80.0,1010.0,1010,80,39.34417261269118,23622.80584402849
4354,0,847,0,0,828637,829668,1624.872134,1626.872519,2.000385000000051,19.591920334797386,16.787499999999998,22.7125,1,1,1,1,1031,80,80,1032.0,80.0,1031.0,1031,80,39.191383558925736,23231.02802710419
4354,0,848,0,0,829668,830727,1626.872519,1628.873407,2.0008880000000318,19.53777896334951,16.787499999999998,22.7125,1,1,1,1,1059,80,80,1059.0,80.0,1059.0,1059,80,39.09290747441992,23080.75214604679
4354,0,849,0,0,830727,831864,1628.873407,1630.874879,2.0014719999999215,19.654009537383875,16.787499999999998,22.7125,1,1,1,1,1137,80,80,1137.0,80.0,1137.0,1137,80,39.33694977680352,23195.927797142213
4354,0,850,0,0,831864,832000,1630.874879,1631.117078,0.2421990000000278,19.448769132984214,16.787499999999998,22.7125,1,1,1,1,136,10,10,136.0,10.0,136.0,136,10,4.710472435239353,23113.225075245387
4354,0,851,0,0,832000,833083,1631.117078,1633.117049,1.9999709999999595,19.55753828207562,16.787499999999998,22.7125,1,1,1,1,1083,80,80,1084.0,80.0,1083.0,1083,80,39.11450939554197,23742.34426399231
4354,0,852,0,1,833083,834166,1633.117049,1635.118821,2.0017720000000736,18.501774890333177,16.787499999999998,22.7125,1,1,1,1,1083,80,80,1083.0,80.0,1083.0,1083,80,39.48444917249799,22170.246916875283
4354,0,853,1,1,834166,835246,1635.118821,1637.121095,2.002273999999943,19.69544424415462,16.787499999999998,22.7125,1,1,1,1,1080,80,80,1080.0,80.0,1080.0,1080,80,39.43567592851832,23558.214310329826
4354,0,854,1,1,835246,836356,1637.121095,1639.1217,2.0006049999999505,19.759528244165416,16.787499999999998,22.7125,1,1,1,1,1110,80,80,1111.0,80.0,1110.0,1110,80,39.531011002916784,23433.411393054183
4354,0,855,1,1,836356,837478,1639.1217,1641.122562,2.0008620000000974,19.530843705684614,16.787499999999998,22.7125,1,1,1,1,1122,80,80,1122.0,80.0,1122.0,1122,80,39.078522998646804,23468.385126009547
4354,0,856,1,1,837478,838581,1641.122562,1643.125867,2.003304999999955,19.597867618217933,16.787499999999998,22.7125,1,1,1,1,1103,80,80,1103.0,80.0,1103.0,1103,80,39.26050618891168,23251.077594275983
4354,0,857,1,1,838581,839709,1643.125867,1645.126513,2.0006459999999606,19.63855556878778,16.787499999999998,22.7125,1,1,1,1,1128,80,80,1128.0,80.0,1128.0,1128,80,39.289797644472856,23675.352861026353
4354,0,858,1,1,839709,840844,1645.126513,1647.129714,2.00320099999999,19.604857012108184,16.787499999999998,22.7125,1,1,1,1,1135,80,80,1138.0,80.0,1135.0,1135,80,39.27246917151206,23819.37708697242
4354,0,859,1,1,840844,841922,1647.129714,1649.131254,2.0015399999999772,19.45401239024508,16.787499999999998,22.7125,1,1,1,1,1078,80,80,1079.0,80.0,1078.0,1078,80,38.937983959571284,23494.908920131766
4354,0,860,1,1,841922,842974,1649.131254,1651.13448,2.0032260000000406,19.606851413127874,16.787499999999998,22.7125,1,1,1,1,1052,80,80,1052.0,80.0,1052.0,1052,80,39.27695452891567,23678.30689098436
4354,0,861,1,1,842974,844050,1651.13448,1653.134504,2.000024000000167,19.505290795110493,16.787499999999998,22.7125,1,1,1,1,1076,80,80,1076.0,80.0,1076.0,1076,80,39.011049717202695,22955.22453730364
4354,0,862,1,1,844050,845000,1653.134504,1654.901663,1.7671589999999924,19.57830568598469,16.787499999999998,22.7125,1,1,1,1,950,70,70,950.0,70.0,950.0,950,70,34.59797909773988,23323.31159788122
4354,0,863,1,1,845000,846083,1654.901663,1656.901671,2.00000799999998,19.436830386053664,16.787499999999998,22.7125,1,1,1,1,1083,80,80,1085.0,80.0,1083.0,1083,80,38.87381626675051,23831.40467438154
4354,0,864,1,1,846083,847225,1656.901671,1658.902203,2.000532000000021,19.650705930248815,16.787499999999998,22.7125,1,1,1,1,1142,80,80,1142.0,80.0,1142.0,1142,80,39.31186603605238,24146.57701051495
4354,0,865,1,1,847225,848316,1658.902203,1660.902404,2.0002009999998336,19.700498459758453,16.787499999999998,22.7125,1,1,1,1,1091,80,80,1091.0,80.0,1091.0,1091,80,39.40495671970348,23973.590654141255
4354,0,866,1,1,848316,849390,1660.902404,1662.904356,2.001952000000074,19.657618880445863,16.787499999999998,22.7125,1,1,1,1,1074,80,80,1074.0,80.0,1074.0,1074,80,39.35360943294654,23994.081776185558
4354,0,867,1,1,849390,850446,1662.904356,1664.904765,2.0004089999999906,19.519388099190284,16.787499999999998,22.7125,1,1,1,1,1056,80,80,1056.0,80.0,1056.0,1056,80,39.04675962811234,23292.236737587275
4354,0,868,1,1,850446,851525,1664.904765,1666.905064,2.000299000000041,19.956303281695142,16.787499999999998,22.7125,1,1,1,1,1079,80,80,1079.0,80.0,1079.0,1079,80,39.918573498071055,24242.875690083838
4354,0,869,1,1,851525,852580,1666.905064,1668.905966,2.0009019999999964,19.581908310211773,16.787499999999998,22.7125,1,1,1,1,1055,80,80,1055.0,80.0,1055.0,1055,80,39.18147950171988,23671.824007372717
4354,0,870,1,1,852580,853639,1668.905966,1670.908783,2.00281700000005,19.502341333756398,16.787499999999998,22.7125,1,1,1,1,1059,80,80,1059.0,80.0,1059.0,1059,80,39.0596207630515,23961.74987530004
4354,0,871,1,1,853639,854692,1670.908783,1672.910436,2.0016529999998056,19.507115873837915,16.787499999999998,22.7125,1,1,1,1,1053,80,80,1053.0,80.0,1053.0,1053,80,39.046477010211674,23354.69734264857
4354,0,872,1,1,854692,855822,1672.910436,1674.911271,2.000835000000052,19.516314560583552,16.787499999999998,22.7125,1,1,1,1,1130,80,80,1130.0,80.0,1130.0,1130,80,39.0489252438274,23766.577453912374
4354,0,873,1,1,855822,856894,1674.911271,1676.911973,2.0007020000000466,19.495360472122893,16.787499999999998,22.7125,1,1,1,1,1072,80,80,1073.0,80.0,1072.0,1072,80,39.00440668729789,23508.74842930077
4354,0,874,1,1,856894,857943,1676.911973,1678.912017,2.0000440000001163,19.67295892752724,16.787499999999998,22.7125,1,1,1,1,1049,79,79,1050.0,80.0,1049.0,1049,80,39.346783465251065,23368.98588230923
4354,0,875,1,1,857943,858000,1678.912017,1679.019408,0.1073910000000069,19.579736771406175,16.787499999999998,22.7125,1,1,1,1,57,5,5,57.0,4.0,57.0,57,4,2.1026875116185693,23474.965313665372
4354,0,876,1,1,858000,859048,1679.019408,1681.021618,2.0022099999998773,19.465156844659596,16.787499999999998,22.7125,1,1,1,1,1048,79,79,1057.0,80.0,1048.0,1048,79,38.97333168594196,23287.267569337313
4354,0,877,1,1,859048,860062,1681.021618,1683.024924,2.003306000000066,19.73044068907392,16.787499999999998,22.7125,1,1,1,1,1014,80,80,1014.0,80.0,1014.0,1014,80,39.52611021506891,23331.43314101713
4354,0,878,1,1,860062,861122,1683.024924,1685.028067,2.003142999999909,19.6335607793674,16.787499999999998,22.7125,1,1,1,1,1060,80,80,1061.0,80.0,1060.0,1060,80,39.32882984026219,23558.477852056563
4354,0,879,1,1,861122,862177,1685.028067,1687.028612,2.000545000000102,19.78949129896441,16.787499999999998,22.7125,1,1,1,1,1055,80,80,1055.0,80.0,1055.0,1055,80,39.589767870689684,23162.68816747318
4354,0,880,1,1,862177,863277,1687.028612,1689.029556,2.0009439999998904,19.807194508204873,16.787499999999998,22.7125,1,1,1,1,1100,80,80,1100.0,80.0,1100.0,1100,80,39.63308700802372,23900.21909658772
4354,0,881,1,1,863277,864374,1689.029556,1691.033287,2.003731000000016,19.53175468122626,16.787499999999998,22.7125,1,1,1,1,1097,80,80,1097.0,80.0,1097.0,1097,80,39.13638233916936,23787.125118092008
4354,0,882,1,1,864374,865486,1691.033287,1693.033513,2.0002260000001115,19.489952246940295,16.787499999999998,22.7125,1,1,1,1,1112,80,80,1113.0,80.0,1112.0,1112,80,38.98430922309126,24132.27305314365
4354,0,883,1,1,865486,866655,1693.033513,1695.034165,2.0006519999999455,19.755422763751916,16.787499999999998,22.7125,1,1,1,1,1169,80,80,1169.0,80.0,1169.0,1169,80,39.52372606314384,24253.593328575545
4354,0,884,1,1,866655,867710,1695.034165,1697.038127,2.0039620000000014,19.587865507825672,16.787499999999998,22.7125,1,1,1,1,1055,80,80,1055.0,80.0,1055.0,1055,80,39.25333813879479,23261.918140164318
4354,0,885,1,1,867710,868810,1697.038127,1699.04049,2.0023630000000594,19.5528254783556,16.787499999999998,22.7125,1,1,1,1,1100,80,80,1100.0,80.0,1100.0,1100,80,39.151854283318244,23850.320845919836
4354,0,886,1,1,868810,869854,1699.04049,1701.041388,2.0008980000000065,19.507373908818952,16.787499999999998,22.7125,1,1,1,1,1044,80,80,1044.0,80.0,1044.0,1044,80,39.03226543940764,23153.104256188897
4354,0,887,1,1,869854,870896,1701.041388,1703.044019,2.0026309999998375,19.651487137474984,16.787499999999998,22.7125,1,1,1,1,1042,80,80,1042.0,80.0,1042.0,1042,80,39.35467733760379,23498.58760800358
4354,0,888,1,1,870896,871000,1703.044019,1703.255665,0.21164599999997336,19.34563900104269,16.787499999999998,22.7125,1,1,1,1,104,8,8,104.0,8.0,104.0,104,8,4.0944271120133635,21758.029917884483
4354,0,889,1,1,871000,872035,1703.255665,1705.263372,2.007706999999982,19.587807597396722,16.787499999999998,22.7125,1,1,1,1,1035,80,80,1038.0,80.0,1035.0,1035,80,39.326578427946515,23318.143533892355
4354,0,890,1,1,872035,873174,1705.263372,1707.263644,2.0002720000002228,19.852437101374782,16.787499999999998,22.7125,1,1,1,1,1139,80,80,1139.0,80.0,1139.0,1139,80,39.710274065644626,24045.229848737894
4354,0,891,1,1,873174,874282,1707.263644,1709.2647,2.001055999999835,19.489654340284225,16.787499999999998,22.7125,1,1,1,1,1108,80,80,1108.0,80.0,1108.0,1108,80,38.99988975554879,23795.935745928113
4354,0,892,1,1,874282,875379,1709.2647,1711.267317,2.0026170000001002,19.518474490164287,16.787499999999998,22.7125,1,1,1,1,1097,80,80,1097.0,80.0,1097.0,1097,80,39.0880288280714,23313.99363932178
4354,0,893,1,1,875379,876453,1711.267317,1713.268195,2.000878000000057,19.835285986746246,16.787499999999998,22.7125,1,1,1,1,1074,80,80,1075.0,80.0,1074.0,1074,80,39.687987354591314,23902.506799514333
4354,0,894,1,1,876453,877524,1713.268195,1715.273487,2.0052919999998267,19.635173183586613,16.787499999999998,22.7125,1,1,1,1,1071,80,80,1071.0,80.0,1071.0,1071,80,39.37425570365667,23407.064906260064
4354,0,895,1,1,877524,878631,1715.273487,1717.274047,2.0005600000001778,19.562566132622127,16.787499999999998,22.7125,1,1,1,1,1107,80,80,1107.0,80.0,1107.0,1107,80,39.13608730228225,22916.5833566581
4354,0,896,1,1,878631,879743,1717.274047,1719.277204,2.0031569999998737,19.549156542457098,16.787499999999998,22.7125,1,1,1,1,1112,80,80,1112.0,80.0,1112.0,1112,80,39.160029772116104,23500.404611322512
4354,0,897,1,1,879743,880877,1719.277204,1721.27736,2.000156000000061,19.906818992823595,16.787499999999998,22.7125,1,1,1,1,1134,80,80,1134.0,80.0,1134.0,1134,80,39.81674344940984,23331.18016794619
4354,0,898,1,1,880877,881991,1721.27736,1723.279207,2.001846999999998,19.857945267622476,16.787499999999998,22.7125,1,1,1,1,1114,80,80,1115.0,80.0,1114.0,1114,80,39.752568160154624,24047.791864213425
4354,0,899,1,1,881991,883075,1723.279207,1725.279426,2.0002190000000155,19.79445659479057,16.787499999999998,22.7125,1,1,1,1,1084,80,80,1084.0,80.0,1084.0,1084,80,39.59324817557717,24034.368236677896
4354,0,900,1,1,883075,884000,1725.279426,1726.921871,1.6424449999999524,19.796261516573406,16.787499999999998,22.7125,1,1,1,1,925,66,66,925.0,66.0,925.0,925,66,32.51427074658568,23905.214482068586
4354,0,901,1,1,884000,885088,1726.921871,1728.922525,2.0006539999999404,19.70821638573385,16.787499999999998,22.7125,1,1,1,1,1088,80,80,1088.0,80.0,1088.0,1088,80,39.4293219449828,24168.097032271166
4354,0,902,1,1,885088,886252,1728.922525,1730.925114,2.0025889999999436,19.717455912278034,16.787499999999998,22.7125,1,1,1,1,1164,80,80,1164.0,80.0,1164.0,1164,80,39.48596031791021,24008.920452474948
4354,0,903,1,1,886252,887404,1730.925114,1732.926,2.000886000000037,19.724753095886967,16.787499999999998,22.7125,1,1,1,1,1152,80,80,1152.0,80.0,1152.0,1152,80,39.466982323017874,23525.078390272676
4354,0,904,1,1,887404,888491,1732.926,1734.926907,2.0009070000000975,19.700488979908638,16.787499999999998,22.7125,1,1,1,1,1087,80,80,1087.0,80.0,1087.0,1087,80,39.418846303324244,23636.28094658957
4354,0,905,1,1,888491,889582,1734.926907,1736.927322,2.0004149999999754,19.65200031689499,16.787499999999998,22.7125,1,1,1,1,1091,79,79,1091.0,79.0,1091.0,1091,79,39.31215621392039,23727.57652787076
4354,0,906,1,1,889582,890674,1736.927322,1738.927484,2.0001620000000457,19.51521086518946,16.787499999999998,22.7125,1,1,1,1,1092,80,80,1092.0,80.0,1092.0,1092,80,39.03358319454128,23799.07227514517
4354,0,907,1,1,890674,891777,1738.927484,1740.928176,2.0006919999998445,19.69675231913517,16.787499999999998,22.7125,1,1,1,1,1103,80,80,1103.0,80.0,1103.0,1103,80,39.40713479087208,23256.953094231205
4354,0,908,1,1,891777,892833,1740.928176,1742.929543,2.001367000000073,19.442661441737464,16.787499999999998,22.7125,1,1,1,1,1056,80,80,1057.0,80.0,1057.0,1056,80,38.91190100166568,23685.31108986921
4354,0,909,1,1,892833,893908,1742.929543,1744.932898,2.003355000000056,19.58115541709103,16.787499999999998,22.7125,1,1,1,1,1075,80,80,1074.0,80.0,1074.0,1075,80,39.22800561060649,23539.013305179902
4354,0,910,1,1,893908,895014,1744.932898,1746.933434,2.000536000000011,19.410812578898543,16.787499999999998,22.7125,1,1,1,1,1106,80,80,1106.0,80.0,1106.0,1106,80,38.83202935333975,23046.823451314922
4354,0,911,1,1,895014,896089,1746.933434,1748.933872,2.000438000000031,19.613075033639333,16.787499999999998,22.7125,1,1,1,1,1075,80,80,1075.0,80.0,1075.0,1075,80,39.23474059414366,24192.701798305796
4354,0,912,1,1,896089,897000,1748.933872,1750.72027,1.7863979999999628,19.850499475742904,16.787499999999998,22.7125,1,1,1,1,911,72,72,912.0,72.0,911.0,911,72,35.46089256246705,23831.195511862912
4354,0,913,1,1,897000,898128,1750.72027,1752.720947,2.000676999999996,19.68846127658314,16.787499999999998,22.7125,1,1,1,1,1128,79,79,1130.0,80.0,1128.0,1128,80,39.39025164144914,24227.299059268487
4354,0,914,1,1,898128,899257,1752.720947,1754.722906,2.0019589999999425,19.780593784131426,16.787499999999998,22.7125,1,1,1,1,1129,80,80,1129.0,79.0,1129.0,1129,79,39.59993775148541,23767.719518732083
4354,0,915,1,1,899257,900316,1754.722906,1756.723697,2.0007909999999356,19.68188209931275,16.787499999999998,22.7125,1,1,1,1,1059,80,80,1061.0,80.0,1059.0,1059,80,39.379332567365054,24058.48486923499
4354,0,916,1,1,900316,901387,1756.723697,1758.726347,2.0026500000001306,19.81098465133757,16.787499999999998,22.7125,1,1,1,1,1071,80,80,1072.0,80.0,1071.0,1071,80,39.67446841200217,23755.0245924135
4354,0,917,1,1,901387,902508,1758.726347,1760.727139,2.0007920000000468,19.886855267333058,16.787499999999998,22.7125,1,1,1,1,1121,80,80,1122.0,80.0,1121.0,1121,80,39.789460924039304,23928.524304374907
4354,0,918,1,1,902508,903605,1760.727139,1762.727643,2.0005039999998644,19.736348043712045,16.787499999999998,22.7125,1,1,1,1,1097,80,80,1098.0,80.0,1097.0,1097,80,39.482643206836656,23489.58062568392
4354,0,919,1,1,903605,904728,1762.727643,1764.72987,2.002226999999948,19.684817199302184,16.787499999999998,22.7125,1,1,1,1,1123,80,80,1124.0,80.0,1123.0,1123,80,39.41347248650345,23521.808466273415
4354,0,920,1,1,904728,905785,1764.72987,1766.731139,2.001269000000093,19.672801221826198,16.787499999999998,22.7125,1,1,1,1,1057,80,80,1057.0,80.0,1057.0,1057,80,39.37056722840498,23937.81145862839
4354,0,921,1,1,905785,906858,1766.731139,1768.731512,2.0003730000000814,19.8602476084175,16.787499999999998,22.7125,1,1,1,1,1073,80,80,1073.0,80.0,1073.0,1073,80,39.727903089195024,23852.55149914444
4354,0,922,1,1,906858,907967,1768.731512,1770.733571,2.0020589999999174,19.67947877523669,16.787499999999998,22.7125,1,1,1,1,1109,80,80,1110.0,80.0,1109.0,1109,80,39.39947759726783,23320.991039725566
4354,0,923,1,1,907967,909038,1770.733571,1772.733817,2.000246000000061,19.69526698898481,16.787499999999998,22.7125,1,1,1,1,1071,80,80,1071.0,80.0,1071.0,1071,80,39.39537901365111,24021.545349921227
4354,0,924,1,1,909038,910000,1772.733817,1774.489663,1.7558460000000196,19.87092164954958,16.787499999999998,22.7125,1,1,1,1,962,70,70,962.0,70.0,962.0,962,70,34.89027829467523,23842.06815404058
4354,0,925,1,1,910000,911123,1774.489663,1776.490765,2.001101999999946,19.67109446535795,16.787499999999998,22.7125,1,1,1,1,1123,80,80,1123.0,80.0,1123.0,1123,80,39.36386647681502,24024.262631290803
4354,0,926,1,1,911123,912186,1776.490765,1778.49308,2.002314999999953,19.64055964838334,16.787499999999998,22.7125,1,1,1,1,1063,80,80,1063.0,80.0,1063.0,1063,80,39.326587192350416,23541.750423884903
4354,0,927,1,1,912186,913271,1778.49308,1780.49698,2.0038999999999305,19.85360453440752,16.787499999999998,22.7125,1,1,1,1,1085,80,80,1085.0,80.0,1085.0,1085,80,39.78463812649716,23906.88158091804
4354,0,928,1,1,913271,914378,1780.49698,1782.500224,2.003243999999995,19.78602552632335,16.787499999999998,22.7125,1,1,1,1,1107,80,80,1107.0,80.0,1107.0,1107,80,39.63623691945395,23345.633382653392
4354,0,929,1,1,914378,915513,1782.500224,1784.500868,2.000644000000193,19.69503281212408,16.787499999999998,22.7125,1,1,1,1,1135,80,80,1135.0,80.0,1135.0,1135,80,39.40274922538083,23265.50850625874
4354,0,930,1,1,915513,916518,1784.500868,1786.502167,2.0012990000000173,19.671572009457442,16.787499999999998,22.7125,1,1,1,1,1005,80,80,1005.0,80.0,1005.0,1005,80,39.368697390957095,23265.88880522081
4354,0,931,1,1,916518,917621,1786.502167,1788.502304,2.000136999999995,19.885021743000337,16.787499999999998,22.7125,1,1,1,1,1103,80,80,1103.0,80.0,1103.0,1103,80,39.77276773397898,23632.881147641445
4354,0,932,1,1,917621,918713,1788.502304,1790.505059,2.002754999999979,19.897831252454637,16.787499999999998,22.7125,1,1,1,1,1092,80,80,1092.0,80.0,1092.0,1092,80,39.85048103000736,23720.325251965663
4354,0,933,1,1,918713,919861,1790.505059,1792.507161,2.0021019999999226,19.941366599114076,16.787499999999998,22.7125,1,1,1,1,1148,80,80,1148.0,80.0,1148.0,1148,80,39.924649950815365,24617.127399104495
4354,0,934,1,1,919861,920918,1792.507161,1794.50857,2.001408999999967,19.813310000285494,16.787499999999998,22.7125,1,1,1,1,1057,80,80,1057.0,80.0,1057.0,1057,80,39.65453695436008,23704.300320424652
4354,0,935,1,1,920918,922018,1794.50857,1796.509363,2.0007929999999305,19.664416163451595,16.787499999999998,22.7125,1,1,1,1,1100,80,80,1100.0,80.0,1100.0,1100,80,39.34442620891787,23871.03513456997
4354,0,936,1,1,922018,923000,1796.509363,1798.338393,1.8290300000001025,19.82963608487409,16.787499999999998,22.7125,1,1,1,1,982,73,73,982.0,73.0,982.0,982,73,36.26899928831699,23989.218328839626
4354,0,937,1,1,923000,924068,1798.338393,1800.339642,2.001248999999916,19.817221775042945,16.787499999999998,22.7125,1,1,1,1,1068,80,80,1068.0,80.0,1068.0,1068,80,39.65919526007929,23884.084389299886
4354,0,938,1,1,924068,925134,1800.339642,1802.340569,2.000927000000047,19.75330681769852,16.787499999999998,22.7125,1,1,1,1,1066,80,80,1066.0,80.0,1066.0,1066,80,39.524924950819695,23689.519907522306
4354,0,939,1,1,925134,926194,1802.340569,1804.34295,2.002381000000014,19.689458452395417,16.787499999999998,22.7125,1,1,1,1,1060,80,80,1060.0,80.0,1060.0,1060,80,39.4257975053697,23377.169479734213
4354,0,940,1,1,926194,927286,1804.34295,1806.348031,2.0050810000000183,19.901318576523774,16.787499999999998,22.7125,1,1,1,1,1092,80,80,1092.0,80.0,1092.0,1092,80,39.90375575273356,23617.00100893658
4354,0,941,1,1,927286,928382,1806.348031,1808.351847,2.003815999999915,19.89909710665382,16.787499999999998,22.7125,1,1,1,1,1096,80,80,1096.0,80.0,1096.0,1096,80,39.87412916786707,23350.447346463938
4354,0,942,1,1,928382,929474,1808.351847,1810.352808,2.0009610000001885,19.893315455888455,16.787499999999998,22.7125,1,1,1,1,1092,80,80,1092.0,80.0,1092.0,1092,80,39.80574838793109,23500.707909847104
4354,0,943,1,1,929474,930549,1810.352808,1812.355103,2.0022950000000037,19.636746842636466,16.787499999999998,22.7125,1,1,1,1,1075,80,80,1075.0,80.0,1075.0,1075,80,39.31856001927372,23468.070389228316
4354,0,944,1,1,930549,931614,1812.355103,1814.355808,2.0007049999999253,19.88068073853368,16.787499999999998,22.7125,1,1,1,1,1065,80,80,1066.0,80.0,1065.0,1065,80,39.7753773569857,23748.128784604312
4354,0,945,1,1,931614,931889,1814.355808,1814.840851,0.4850429999999051,19.811134836207167,16.787499999999998,22.7125,1,1,1,1,275,19,19,275.0,19.0,275.0,275,19,9.60925227435655,23105.16799541936
