run,component,index,segment_start,segment_end,ev_start,ev_end,t_start,t_end,dt,current,low,high,covered,nominal,stable,beam2,N,E_raw,E_tight,S,D,A,N_alt,E_alt,charge_uC,s1x_rate
4254,0,0,0,0,1,685,0.012729,2.013652,2.000923,39.317829469870965,33.7875,45.7125,1,1,1,1,684,80,80,684.0,80.0,684.0,684,80,78.67194929634262,45830.349293800915
4254,0,1,0,0,685,1327,2.013652,4.018721,2.005069,39.41839780583457,33.7875,45.7125,1,1,1,1,642,80,80,642.0,81.0,642.0,642,81,79.03660747014693,45702.16785557006
4254,0,2,0,0,1327,2038,4.018721,6.020996,2.002275,39.52954716078815,33.7875,45.7125,1,1,1,1,711,80,80,711.0,80.0,711.0,711,80,79.14902404136708,45809.8912487046
4254,0,3,0,0,2038,2733,6.020996,8.02327,2.002274,39.62381205236105,33.7875,45.7125,1,1,1,1,695,80,80,695.0,80.0,695.0,695,80,79.33772865332915,46340.81049846325
4254,0,4,0,0,2733,3437,8.02327,10.025547,2.0022769999999994,39.55266583069367,33.7875,45.7125,1,1,1,1,704,80,80,704.0,80.0,704.0,704,80,79.19539308148381,46363.71491057432
4254,0,5,0,0,3437,4117,10.025547,12.026228,2.000681,39.705728524903556,33.7875,45.7125,1,1,1,1,680,80,80,680.0,79.0,680.0,680,79,79.43849665093256,45605.471337009745
4254,0,6,0,0,4117,4838,12.026228,14.028229,2.002001,39.652142131984505,33.7875,45.7125,1,1,1,1,721,80,80,721.0,80.0,721.0,721,80,79.38362820037509,46681.295363988334
4254,0,7,0,0,4838,5525,14.028229,16.031438,2.003209000000002,39.945384620633526,33.7875,45.7125,1,1,1,1,687,80,80,689.0,80.0,687.0,687,80,80.01895398051477,45778.04912018662
4254,0,8,0,0,5525,6248,16.031438,18.034653,2.0032149999999973,40.16248436151032,33.7875,45.7125,1,1,1,1,723,80,80,723.0,81.0,723.0,723,81,80.45409111024276,46398.91374615312
4254,0,9,0,0,6248,6933,18.034653,20.035297,2.000644000000001,39.705625975056826,33.7875,45.7125,1,1,1,1,685,80,80,685.0,79.0,685.0,685,79,79.43682237324163,45068.9877859329
4254,0,10,0,0,6933,7606,20.035297,22.039208,2.0039109999999987,39.922306646919964,33.7875,45.7125,1,1,1,1,673,80,80,673.0,81.0,673.0,673,81,80.00074943513596,45937.66888848859
4254,0,11,0,0,7606,8309,22.039208,24.040429,2.001221000000001,39.806595511129295,33.7875,45.7125,1,1,1,1,703,80,80,703.0,79.0,703.0,703,79,79.66179487537772,46547.08300582492
4254,0,12,0,0,8309,8990,24.040429,26.041399,2.000969999999999,40.504362044302255,33.7875,45.7125,1,1,1,1,681,80,80,681.0,80.0,681.0,681,80,81.0480133197874,47527.449187144266
4254,0,13,0,0,8990,9672,26.041399,28.045715,2.004316000000003,39.84659087995072,33.7875,45.7125,1,1,1,1,682,80,80,682.0,80.0,682.0,682,80,79.86515964613932,45884.980212700924
4254,0,14,0,0,9672,10394,28.045715,30.048311,2.0025960000000005,39.76279729018017,33.7875,45.7125,1,1,1,1,722,80,80,722.0,81.0,722.0,722,81,79.62881880212558,46498.64475910267
4254,0,15,0,0,10394,11081,30.048311,32.050098,2.0017869999999967,39.86826882887243,33.7875,45.7125,1,1,1,1,687,80,80,687.0,79.0,687.0,687,79,79.80778225414201,45801.576291583544
4254,0,16,0,0,11081,11774,32.050098,34.052865,2.0027669999999986,39.68122109485412,33.7875,45.7125,1,1,1,1,693,80,80,694.0,81.0,693.0,693,81,79.47224012847755,45712.257092312815
4254,0,17,0,0,11774,12525,34.052865,36.053976,2.0011110000000016,39.65578944013196,33.7875,45.7125,1,1,1,1,751,80,80,750.0,79.0,751.0,751,79,79.35563646233209,46599.61391447047
4254,0,18,0,0,12525,13000,36.053976,37.353592,1.2996160000000003,40.529280325843985,33.7875,45.7125,1,1,1,1,475,52,52,475.0,52.0,475.0,475,52,52.67250117995218,47530.96299214536
4254,0,19,0,0,13000,13713,37.353592,39.35752,2.003928000000002,39.68038925307075,33.7875,45.7125,1,1,1,1,713,80,80,713.0,80.0,713.0,713,80,79.5166430751276,46212.23916228523
4254,0,20,0,0,13713,14405,39.35752,41.357815,2.0002950000000013,39.448622429837926,33.7875,45.7125,1,1,1,1,692,80,80,692.0,80.0,692.0,692,80,78.9088822032927,45678.262456287666
4254,0,21,0,0,14405,15101,41.357815,43.359057,2.0012419999999977,39.58796583872425,33.7875,45.7125,1,1,1,1,696,80,80,696.0,80.0,696.0,696,80,79.22509993102017,45380.318822011584
4254,0,22,0,0,15101,15811,43.359057,45.363923,2.004866,39.48972688024591,33.7875,45.7125,1,1,1,1,710,80,80,711.0,80.0,710.0,710,80,79.17161077149103,46025.51991005883
4254,0,23,0,0,15811,16511,45.363923,47.367723,2.0037999999999982,39.494512796219674,33.7875,45.7125,1,1,1,1,700,80,80,700.0,80.0,700.0,700,80,79.13910474106501,45964.66713244839
4254,0,24,0,0,16511,17207,47.367723,49.370281,2.0025580000000005,39.18738606251643,33.7875,45.7125,1,1,1,1,696,80,80,696.0,81.0,696.0,696,81,78.47501345858086,44876.103463669955
4254,0,25,0,0,17207,17889,49.370281,51.372557,2.002276000000002,38.86289008630734,33.7875,45.7125,1,1,1,1,682,80,80,682.0,80.0,682.0,682,80,77.81423211045126,45361.37875098134
4254,0,26,0,0,17889,18596,51.372557,53.3735,2.0009429999999995,39.181053807246805,33.7875,45.7125,1,1,1,1,707,80,80,707.0,79.0,707.0,707,79,78.39905534823379,45355.61482760879
4254,0,27,0,0,18596,19294,53.3735,55.373671,2.0001710000000017,39.323839774239644,33.7875,45.7125,1,1,1,1,698,80,80,699.0,80.0,699.0,698,80,78.65440392508071,46445.528907278385
4254,0,28,0,0,19294,19967,55.373671,57.375461,2.0017899999999997,39.14795163247098,33.7875,45.7125,1,1,1,1,673,80,80,672.0,80.0,672.0,673,80,78.36597809836394,45260.99141268565
4254,0,29,0,0,19967,20644,57.375461,59.377545,2.0020839999999964,39.18901981242981,33.7875,45.7125,1,1,1,1,677,80,80,677.0,80.0,677.0,677,80,78.45970954214863,44581.546029037825
4254,0,30,0,0,20644,21296,59.377545,61.383293,2.005748000000004,39.54294265086344,33.7875,45.7125,1,1,1,1,652,80,80,652.0,80.0,652.0,652,80,79.31317813608439,45901.57886234952
4254,0,31,0,0,21296,21982,61.383293,63.385909,2.002615999999996,39.093796585505224,33.7875,45.7125,1,1,1,1,686,80,80,686.0,80.0,686.0,686,80,78.28986254287793,44909.75803648836
4254,0,32,0,0,21982,22649,63.385909,65.388494,2.0025849999999963,39.045644467066765,33.7875,45.7125,1,1,1,1,667,80,80,667.0,81.0,667.0,667,81,78.19222192508096,44989.35126349202
4254,0,33,0,0,22649,23377,65.388494,67.390769,2.0022750000000116,38.599012437825024,33.7875,45.7125,1,1,1,1,728,80,80,728.0,80.0,728.0,728,80,77.28583762894641,44922.40076912486
4254,0,34,0,0,23377,24028,67.390769,69.393046,2.0022769999999923,38.65777968826374,33.7875,45.7125,1,1,1,1,651,80,80,651.0,80.0,651.0,651,80,77.40358314087734,44115.77419108362
4254,0,35,0,0,24028,24682,69.393046,71.395104,2.0020580000000052,38.341487771009135,33.7875,45.7125,1,1,1,1,654,80,80,654.0,79.0,654.0,654,79,76.7618823238513,44447.76325161397
4254,0,36,0,0,24682,25379,71.395104,73.395845,2.0007409999999908,39.31243082122785,33.7875,45.7125,1,1,1,1,697,80,80,697.0,80.0,697.0,697,80,78.65399215369371,45346.199233184314
4254,0,37,0,0,25379,26000,73.395845,75.199657,1.8038120000000077,39.84835581853957,33.7875,45.7125,1,1,1,1,621,72,72,621.0,73.0,621.0,621,73,71.87894240575179,44922.08722416729
4254,0,38,0,0,26000,26733,75.199657,77.201925,2.002268000000001,39.507099066986356,33.7875,45.7125,1,1,1,1,733,80,80,733.0,80.0,733.0,733,80,79.10380023465677,46135.68213645724
4254,0,39,0,0,26733,27442,77.201925,79.2042,2.0022749999999974,39.65236254841711,33.7875,45.7125,1,1,1,1,709,80,80,709.0,80.0,709.0,709,80,79.39493422163196,45296.97469128872
4254,0,40,0,0,27442,28106,79.2042,81.206477,2.0022770000000065,39.54943932797018,33.7875,45.7125,1,1,1,1,664,80,80,664.0,80.0,664.0,664,80,79.18893272929063,45740.42452667623
4254,0,41,0,0,28106,28807,81.206477,83.208754,2.0022769999999923,39.669184211299815,33.7875,45.7125,1,1,1,1,701,80,80,701.0,80.0,701.0,701,80,79.42869515504844,46251.34284616981
4254,0,42,0,0,28807,29520,83.208754,85.209764,2.001010000000008,39.54853155465738,33.7875,45.7125,1,1,1,1,713,80,80,713.0,79.0,713.0,713,79,79.13700712618538,46200.1689146979
4254,0,43,0,0,29520,30243,85.209764,87.212468,2.0027039999999943,39.307540411678,33.7875,45.7125,1,1,1,1,723,80,80,723.0,80.0,723.0,723,80,78.72136841262909,46377.79721816118
4254,0,44,0,0,30243,30911,87.212468,89.213413,2.0009450000000015,39.37624404504922,33.7875,45.7125,1,1,1,1,668,80,80,669.0,80.0,668.0,668,80,78.78969864072087,45269.11034536178
4254,0,45,0,0,30911,31633,89.213413,91.214006,2.000592999999995,39.637309251207135,33.7875,45.7125,1,1,1,1,722,80,80,722.0,80.0,722.0,722,80,79.29812342679998,46788.627172043605
4254,0,46,0,0,31633,32325,91.214006,93.216531,2.0025250000000057,39.61991023089616,33.7875,45.7125,1,1,1,1,692,80,80,692.0,80.0,692.0,692,80,79.33986073512551,45594.43702325801
4254,0,47,0,0,32325,33071,93.216531,95.222415,2.0058839999999947,39.51113246294454,33.7875,45.7125,1,1,1,1,746,80,80,746.0,81.0,746.0,746,81,79.25474842930089,46216.03243258346
4254,0,48,0,0,33071,33818,95.222415,97.224558,2.002143000000004,39.59126249786959,33.7875,45.7125,1,1,1,1,747,80,80,747.0,79.0,747.0,747,79,79.26736907127224,46178.51971612409
4254,0,49,0,0,33818,34516,97.224558,99.226104,2.0015460000000047,39.662934544199096,33.7875,45.7125,1,1,1,1,698,80,80,698.0,80.0,698.0,698,80,79.38718798520358,46581.492506292525
4254,0,50,0,0,34516,35200,99.226104,101.227161,2.0010569999999888,39.33473643408927,33.7875,45.7125,1,1,1,1,684,80,80,684.0,80.0,684.0,684,80,78.71104968458894,45246.08744278674
4254,0,51,0,0,35200,35865,101.227161,103.229316,2.002155000000002,39.37161080015783,33.7875,45.7125,1,1,1,1,665,80,80,665.0,80.0,665.0,665,80,78.82806742159028,45575.89197639539
4254,0,52,0,0,35865,36582,103.229316,105.229973,2.000657000000004,39.86364795216655,33.7875,45.7125,1,1,1,1,717,80,80,717.0,80.0,717.0,717,80,79.75348632103805,45506.55109796423
4254,0,53,0,0,36582,37291,105.229973,107.232654,2.0026809999999955,39.799984078360865,33.7875,45.7125,1,1,1,1,709,80,80,709.0,80.0,709.0,709,80,79.70667191403572,45898.473096813825
4254,0,54,0,0,37291,37989,107.232654,109.232648,1.999994000000001,39.774006420383316,33.7875,45.7125,1,1,1,1,698,80,80,698.0,80.0,698.0,698,80,79.54777419672791,46224.138672416
4254,0,55,0,0,37989,38655,109.232648,111.23494,2.002291999999997,39.76880522367449,33.7875,45.7125,1,1,1,1,666,80,80,666.0,80.0,666.0,666,80,79.62876054892149,46656.03218711363
4254,0,56,0,0,38655,39000,111.23494,112.18134,0.9464000000000112,39.407372126274204,33.7875,45.7125,1,1,1,1,345,38,38,345.0,38.0,345.0,345,38,37.29513698030678,45368.76584953454
4254,0,57,0,0,39000,39685,112.18134,114.184005,2.0026649999999933,39.090347296920115,33.7875,45.7125,1,1,1,1,685,80,80,689.0,80.0,685.0,685,80,78.28487036938623,45834.425627851044
4254,0,58,0,0,39685,40393,114.184005,116.188285,2.0042799999999943,40.173530100206904,33.7875,45.7125,1,1,1,1,708,80,80,709.0,80.0,708.0,708,80,80.51900290924277,46349.81140359644
4254,0,59,0,0,40393,41145,116.188285,118.188974,2.0006890000000084,39.8874918043478,33.7875,45.7125,1,1,1,1,752,80,80,752.0,80.0,752.0,752,80,79.80246609054939,46719.90499272981
4254,0,60,0,0,41145,41861,118.188974,120.192708,2.0037339999999944,39.88275816871107,33.7875,45.7125,1,1,1,1,716,80,80,716.0,80.0,716.0,716,80,79.9144385564241,45085.82476516357
4254,0,61,0,0,41861,42560,120.192708,122.193358,2.0006500000000074,39.827589291269085,33.7875,45.7125,1,1,1,1,699,80,80,699.0,80.0,699.0,699,80,79.6810665155781,46266.96323694782
4254,0,62,0,0,42560,43265,122.193358,124.196878,2.0035199999999946,39.53209451916893,33.7875,45.7125,1,1,1,1,705,80,80,705.0,80.0,705.0,705,80,79.2033420110447,44572.552307938146
4254,0,63,0,0,43265,43978,124.196878,126.206507,2.009629000000004,39.9324564383991,33.7875,45.7125,1,1,1,1,713,80,80,713.0,80.0,713.0,713,80,80.2494224998436,46107.51536726422
4254,0,64,0,0,43978,44706,126.206507,128.208563,2.002055999999996,40.01944045618226,33.7875,45.7125,1,1,1,1,728,80,80,728.0,80.0,728.0,728,80,80.12116088194216,46647.54632238069
4254,0,65,0,0,44706,45396,128.208563,130.212194,2.003631000000013,39.574327519703765,33.7875,45.7125,1,1,1,1,690,80,80,690.0,81.0,690.0,690,81,79.29234942263247,46747.62967831871
4254,0,66,0,0,45396,46043,130.212194,132.214473,2.0022789999999873,39.53743074261018,33.7875,45.7125,1,1,1,1,647,80,80,648.0,80.0,647.0,647,80,79.16496728988204,44653.11777229875
4254,0,67,0,0,46043,46709,132.214473,134.216749,2.002275999999995,39.74351760812804,33.7875,45.7125,1,1,1,1,666,80,80,666.0,80.0,666.0,666,80,79.57749146233164,45174.09188343676
4254,0,68,0,0,46709,47410,134.216749,136.218132,2.001383000000004,39.53114828603567,33.7875,45.7125,1,1,1,1,701,80,80,701.0,79.0,701.0,701,79,79.11696815015148,46032.66840979453
4254,0,69,0,0,47410,48170,136.218132,138.221301,2.003169000000014,39.72011171633936,33.7875,45.7125,1,1,1,1,760,80,80,761.0,81.0,760.0,760,81,79.56609646670859,46454.8922232719
4254,0,70,0,0,48170,48881,138.221301,140.222846,2.001544999999993,39.91528616952629,33.7875,45.7125,1,1,1,1,711,80,80,711.0,79.0,711.0,711,79,79.89224145618391,46204.30717270925
4254,0,71,0,0,48881,49545,140.222846,142.222962,2.0001159999999913,39.441716408999035,33.7875,45.7125,1,1,1,1,664,79,79,665.0,80.0,664.0,664,79,78.88800805710162,45417.365792784214
4254,0,72,0,0,49545,50219,142.222962,144.227071,2.0041089999999997,39.583547772145174,33.7875,45.7125,1,1,1,1,674,80,80,674.0,80.0,674.0,674,80,79.32974434208609,45646.21984133598
4254,0,73,0,0,50219,50915,144.227071,146.230408,2.003337000000016,39.88661874747499,33.7875,45.7125,1,1,1,1,696,80,80,696.0,81.0,696.0,696,81,79.90633914171121,45596.92153641612
4254,0,74,0,0,50915,51613,146.230408,148.232683,2.0022749999999974,39.025639788580285,33.7875,45.7125,1,1,1,1,698,80,80,698.0,80.0,698.0,698,80,78.14006290767975,45055.24965351918
4254,0,75,0,0,51613,52000,148.232683,149.345934,1.113250999999991,39.26107998281041,33.7875,45.7125,1,1,1,1,387,45,45,387.0,44.0,387.0,387,44,43.70743655194292,47156.48133260192
4254,0,76,0,0,52000,52689,149.345934,151.354952,2.0090179999999975,39.43465056012429,33.7875,45.7125,1,1,1,1,689,80,80,690.0,80.0,689.0,689,80,79.22492279899961,46276.83773863655
4254,0,77,0,0,52689,53365,151.354952,153.359379,2.0044269999999926,39.42461967567242,33.7875,45.7125,1,1,1,1,676,80,80,677.0,80.0,676.0,676,80,79.02377214264834,45265.305246836295
4254,0,78,0,0,53365,54005,153.359379,155.361962,2.0025830000000155,39.298508773511706,33.7875,45.7125,1,1,1,1,640,80,80,640.0,80.0,640.0,640,80,78.69852559518586,43966.71698501351
4254,0,79,0,0,54005,54689,155.361962,157.363943,2.0019810000000007,39.81008582693121,33.7875,45.7125,1,1,1,1,684,80,80,684.0,80.0,684.0,684,80,79.69903543388591,45177.25193196138
4254,0,80,0,0,54689,55348,157.363943,159.366705,2.00276199999999,39.65925991071413,33.7875,45.7125,1,1,1,1,659,80,80,659.0,80.0,659.0,659,80,79.42805869730091,45936.06229796674
4254,0,81,0,0,55348,56045,159.366705,161.367141,2.0004360000000077,39.8952208268549,33.7875,45.7125,1,1,1,1,697,80,80,698.0,80.0,697.0,697,80,79.80783596999026,46399.88482510795
4254,0,82,0,0,56045,56784,161.367141,163.3749,2.007758999999993,39.68750719346111,33.7875,45.7125,1,1,1,1,739,80,80,739.0,81.0,739.0,739,81,79.68294975523622,46307.35063321859
4254,0,83,0,0,56784,57446,163.3749,165.377177,2.0022769999999923,39.635410013437685,33.7875,45.7125,1,1,1,1,662,80,80,662.0,80.0,662.0,662,80,79.36106985547576,45623.55757969569
4254,0,84,0,0,57446,58102,165.377177,167.378832,2.0016549999999995,39.360366857382076,33.7875,45.7125,1,1,1,1,656,80,80,656.0,79.0,656.0,656,79,78.7858751219128,44605.089288613686
4254,0,85,0,0,58102,58816,167.378832,169.380838,2.002006000000023,39.93481716300525,33.7875,45.7125,1,1,1,1,714,80,80,714.0,80.0,714.0,714,80,79.94974356924013,46740.119659980504
4254,0,86,0,0,58816,59490,169.380838,171.381246,2.000407999999993,39.69361920023492,33.7875,45.7125,1,1,1,1,674,80,80,674.0,80.0,674.0,674,80,79.40343339710307,45870.14249093201
4254,0,87,0,0,59490,60219,171.381246,173.381459,2.0002130000000022,39.836717674396226,33.7875,45.7125,1,1,1,1,729,80,80,729.0,80.0,729.0,729,80,79.68192056965745,46010.099924358
4254,0,88,0,0,60219,60915,173.381459,175.382593,2.0011340000000075,40.05221409086957,33.7875,45.7125,1,1,1,1,696,80,80,696.0,80.0,696.0,696,80,80.1498473925185,45816.02231534703
4254,0,89,0,0,60915,61600,175.382593,177.383601,2.0010079999999846,39.58851116613583,33.7875,45.7125,1,1,1,1,685,80,80,685.0,80.0,685.0,685,80,79.21692755152617,45587.52388796082
4254,0,90,0,0,61600,62324,177.383601,179.384325,2.000723999999991,39.60290514856563,33.7875,45.7125,1,1,1,1,724,80,80,724.0,80.0,724.0,724,80,79.23448280045886,46237.26211111598
4254,0,91,0,0,62324,63036,179.384325,181.386392,2.002067000000011,39.27361313892012,33.7875,45.7125,1,1,1,1,712,80,80,712.0,80.0,712.0,712,80,78.62840483619857,45364.1161859216
4254,0,92,0,0,63036,63757,181.386392,183.389171,2.002779000000004,39.19463307531614,33.7875,45.7125,1,1,1,1,721,80,80,721.0,80.0,721.0,721,80,78.49818803594917,46639.19483877144
4254,0,93,0,0,63757,64485,183.389171,185.390273,2.001102000000003,39.36259934874034,33.7875,45.7125,1,1,1,1,728,80,80,728.0,80.0,728.0,728,80,78.76857628196285,44664.889645805095
4254,0,94,0,0,64485,65000,185.390273,186.851603,1.4613300000000038,39.37216675443833,33.7875,45.7125,1,1,1,1,515,58,58,515.0,59.0,515.0,515,59,57.535728443263906,45418.89922194154
4254,0,95,0,0,65000,65687,186.851603,188.852381,2.000777999999997,39.102869151764985,33.7875,45.7125,1,1,1,1,687,80,80,689.0,79.0,687.0,687,79,78.23616033573035,45286.88340235656
4254,0,96,0,0,65687,66333,188.852381,190.853095,2.000713999999988,38.525702042095496,33.7875,45.7125,1,1,1,1,646,80,80,647.0,80.0,646.0,646,80,77.07891143544839,44349.667168821
4254,0,97,0,0,66333,66995,190.853095,192.854605,2.001509999999996,39.58378397790972,33.7875,45.7125,1,1,1,1,662,80,80,663.0,80.0,662.0,662,80,79.2273394696258,45424.70434821719
4254,0,98,0,0,66995,67679,192.854605,194.854998,2.0003930000000025,39.59807094983043,33.7875,45.7125,1,1,1,1,684,80,80,684.0,80.0,684.0,684,80,79.21170394154433,44970.66326466844
4254,0,99,0,0,67679,68361,194.854998,196.857338,2.002340000000004,39.25813712929295,33.7875,45.7125,1,1,1,1,682,80,80,682.0,80.0,682.0,682,80,78.60813829946892,46228.91217275779
4254,0,100,0,0,68361,69077,196.857338,198.859498,2.0021600000000035,39.65442091947796,33.7875,45.7125,1,1,1,1,716,80,80,716.0,80.0,716.0,716,80,79.39449538814188,45529.82778599105
4254,0,101,0,0,69077,69749,198.859498,200.859911,2.000413000000009,40.03496293056625,33.7875,45.7125,1,1,1,1,672,80,80,673.0,80.0,673.0,672,80,80.08646030082309,46555.386312726216
4254,0,102,0,0,69749,70390,200.859911,202.862343,2.002431999999999,39.32773610829923,33.7875,45.7125,1,1,1,1,641,80,80,640.0,80.0,640.0,641,80,78.75111727081367,44661.69138327796
4254,0,103,0,0,70390,71050,202.862343,204.872087,2.0097439999999835,38.256975525503684,33.7875,45.7125,1,1,1,1,660,80,79,660.0,81.0,660.0,660,80,76.88672702052736,43866.781042760034
4254,0,104,0,0,71050,71130,204.872087,206.874365,2.002278000000018,0.9827916788440082,33.7875,45.7125,1,0,0,0,80,80,80,80.0,80.0,80.0,80,80,1.9678221571321046,650.7587857430327
4254,0,105,0,0,71130,71210,206.874365,208.87664,2.0022749999999974,0.9834693896898914,33.7875,45.7125,1,0,0,0,80,80,80,80.0,80.0,80.0,80,80,1.9691761722415322,636.775667678017
4254,0,106,0,0,71210,71290,208.87664,210.878916,2.002275999999995,0.985238367561308,33.7875,45.7125,1,0,0,0,80,80,80,80.0,80.0,80.0,80,80,1.9727191376468909,636.2759180053116
4254,0,107,0,0,71290,71370,210.878916,212.881193,2.0022769999999923,0.9867471418332302,33.7875,45.7125,1,0,0,0,80,80,80,80.0,80.0,80.0,80,80,1.975741106908572,600.3165396196454
4254,0,108,0,0,71370,71450,212.881193,214.88347,2.0022769999999923,0.9874757069643086,33.7875,45.7125,1,0,0,0,80,80,80,80.0,80.0,80.0,80,80,1.977199896113234,618.2960699243935
4254,0,109,0,0,71450,71530,214.88347,216.885746,2.0022760000000233,0.9849261252063195,33.7875,45.7125,1,0,0,0,80,80,80,80.0,80.0,80.0,80,80,1.9720939422732044,604.3122926110017
4254,0,110,0,0,71530,71610,216.885746,218.888022,2.002275999999995,0.985810811878766,33.7875,45.7125,1,0,0,0,80,80,80,80.0,80.0,80.0,80,80,1.9738653291651644,623.2906951888766
4254,0,111,0,0,71610,71690,218.888022,220.890298,2.002275999999995,0.9843016404963766,33.7875,45.7125,1,0,0,0,80,80,80,80.0,80.0,80.0,80,80,1.970843551526741,631.7810331842379
4254,0,112,0,0,71690,71770,220.890298,222.892578,2.0022799999999847,1.0100079594788731,33.7875,45.7125,1,0,0,0,80,80,80,80.0,80.0,80.0,80,80,2.0223187371057065,682.2222666160629
4254,0,113,0,0,71770,71859,222.892578,224.894852,2.002274,2.8193525854403534,33.7875,45.7125,1,0,0,1,89,80,80,89.0,80.0,89.0,89,80,5.645116378659623,3610.8944130523596
4254,0,114,0,0,71859,71949,224.894852,226.897128,2.0022760000000233,2.814614284979924,33.7875,45.7125,1,0,0,1,90,80,80,90.0,80.0,90.0,90,80,5.635634632072652,3734.2504230185614
4254,0,115,0,0,71949,72041,226.897128,228.899405,2.0022769999999923,3.667450501269005,33.7875,45.7125,1,0,0,1,92,80,80,92.0,80.0,92.0,92,80,7.343251787329791,4650.705172161512
4254,0,116,0,0,72041,72138,228.899405,230.901681,2.002275999999995,4.442125519905883,33.7875,45.7125,1,0,0,1,97,80,80,97.0,80.0,97.0,97,80,8.894361317495168,5445.30324490731
4254,0,117,0,0,72138,72241,230.901681,232.903957,2.002275999999995,6.988513965137075,33.7875,45.7125,1,0,0,1,103,80,80,103.0,80.0,103.0,103,80,13.992933788058508,8623.186813406366
4254,0,118,0,0,72241,72358,232.903957,234.906233,2.002275999999995,9.080902026231486,33.7875,45.7125,1,0,0,1,117,80,80,117.0,80.0,117.0,117,80,18.18247218547458,10901.59398604391
4254,0,119,0,0,72358,72495,234.906233,236.90851,2.0022770000000207,10.962104795456437,33.7875,45.7125,1,0,0,1,137,80,80,137.0,80.0,137.0,137,80,21.9491703035319,13627.485108204168
4254,0,120,0,0,72495,72663,236.90851,238.910788,2.00227799999999,14.388747677893337,33.7875,45.7125,1,0,0,1,168,80,80,168.0,80.0,168.0,168,80,28.810272922995864,17315.77732962165
4254,0,121,0,0,72663,72864,238.910788,240.910992,2.0002039999999965,16.169569582510512,33.7875,45.7125,1,0,0,1,201,80,80,201.0,79.0,201.0,201,79,32.34243775721552,18883.073926459532
4254,0,122,0,0,72864,73066,240.910992,242.915341,2.004349000000019,17.913428088955296,33.7875,45.7125,1,0,0,1,202,80,80,202.0,81.0,202.0,202,81,35.904761676669295,20524.868673070214
4254,0,123,0,0,73066,73312,242.915341,244.916116,2.000774999999976,20.59624033985282,33.7875,45.7125,1,0,0,1,246,80,80,246.0,79.0,246.0,246,79,41.20844276596836,23948.719871050256
4254,0,124,0,0,73312,73589,244.916116,246.919893,2.0037770000000137,21.8039283091571,33.7875,45.7125,1,0,0,1,277,80,80,277.0,81.0,277.0,277,81,43.690210055538046,25192.42410707362
4254,0,125,0,0,73589,73876,246.919893,248.922169,2.002275999999995,22.812384071061814,33.7875,45.7125,1,0,0,1,287,80,80,287.0,80.0,287.0,287,80,45.67668912826957,27030.239587349664
4254,0,126,0,0,73876,74247,248.922169,250.924447,2.00227799999999,27.639727542888963,33.7875,45.7125,1,0,0,1,371,80,80,371.0,80.0,371.0,371,80,55.342418385120254,31882.18618992983
4254,0,127,0,0,74247,74638,250.924447,252.926722,2.002275000000026,28.65778333470534,33.7875,45.7125,1,0,0,1,391,80,80,391.0,80.0,391.0,391,80,57.380763126497186,33061.39266584218
4254,0,128,0,0,74638,75110,252.926722,254.92761,2.000887999999975,30.36416929518322,33.7875,45.7125,1,0,0,1,472,80,80,472.0,79.0,472.0,472,79,60.75530197270018,35748.6276093419
4254,0,129,0,0,75110,75599,254.92761,256.928557,2.000947000000025,32.50689315504973,33.7875,45.7125,1,0,0,1,489,80,80,489.0,80.0,489.0,489,80,65.04457033791732,37765.118216524
4254,0,130,0,0,75599,76096,256.928557,258.93031,2.001753000000008,34.00251021893437,33.7875,45.7125,1,1,0,1,497,80,80,497.0,80.0,497.0,497,80,68.06462683828249,39370.991326102514
4254,0,131,0,0,76096,76738,258.93031,260.931182,2.0008719999999585,35.95877251222824,33.7875,45.7125,1,1,1,1,642,80,80,642.0,80.0,642.0,642,80,71.94890107408537,41930.71820686268
4254,0,132,0,0,76738,77396,260.931182,262.931533,2.0003510000000233,38.25090109049056,33.7875,45.7125,1,1,1,1,658,80,80,658.0,80.0,658.0,658,80,76.51522824726453,44530.18495254031
4254,0,133,0,0,77396,78000,262.931533,264.70167,1.770136999999977,39.349958411588055,33.7875,45.7125,1,1,1,1,604,71,71,604.0,71.0,604.0,604,71,69.65481733281194,45081.82135055142
4254,0,134,0,0,78000,78684,264.70167,266.717403,2.0157330000000115,39.71813626342179,33.7875,45.7125,1,1,1,1,684,80,80,685.0,81.0,684.0,684,81,80.06115796467566,46125.156456732846
4254,0,135,0,0,78684,79417,266.717403,268.718211,2.0008080000000064,39.66301573276606,33.7875,45.7125,1,1,1,1,733,80,80,733.0,79.0,733.0,733,79,79.35807918224418,46402.25348959006
4254,0,136,0,0,79417,80079,268.718211,270.721543,2.0033320000000003,40.02403203660845,33.7875,45.7125,1,1,1,1,662,80,80,662.0,80.0,662.0,662,80,80.18142414796239,45557.10186828743
4254,0,137,0,0,80079,80811,270.721543,272.724233,2.0026900000000296,40.70199994417889,33.7875,45.7125,1,1,1,1,732,80,80,732.0,81.0,732.0,732,81,81.51348826820868,47484.13383998452
4254,0,138,0,0,80811,81503,272.724233,274.724386,2.0001529999999548,39.73668512884435,33.7875,45.7125,1,1,1,1,692,80,80,692.0,79.0,692.0,692,79,79.47944997051127,45421.02529156622
4254,0,139,0,0,81503,82202,274.724386,276.725271,2.0008850000000393,39.6036917629243,33.7875,45.7125,1,1,1,1,699,80,80,699.0,80.0,699.0,699,80,79.24243279306029,45201.99811583285
4254,0,140,0,0,82202,82883,276.725271,278.728467,2.0031960000000026,39.364306292020345,33.7875,45.7125,1,1,1,1,681,80,80,681.0,80.0,681.0,681,80,78.8544209069496,45522.25543581351
4254,0,141,0,0,82883,83571,278.728467,280.72924,2.000772999999981,39.2967541587433,33.7875,45.7125,1,1,1,1,688,80,80,688.0,80.0,688.0,688,80,78.62388470845144,45569.387431758056
4254,0,142,0,0,83571,84259,280.72924,282.729463,2.0002230000000054,39.60016987318158,33.7875,45.7125,1,1,1,1,688,80,80,688.0,80.0,688.0,688,80,79.20917058424493,46325.83466943423
4254,0,143,0,0,84259,84988,282.729463,284.731037,2.001574000000005,39.84000647476672,33.7875,45.7125,1,1,1,1,729,80,80,729.0,80.0,729.0,729,80,79.74272111972459,46216.62751414625
4254,0,144,0,0,84988,85654,284.731037,286.731792,2.0007549999999696,39.71546424485211,33.7875,45.7125,1,1,1,1,666,80,80,666.0,80.0,666.0,666,80,79.46091366520704,45231.425137011465
4254,0,145,0,0,85654,86345,286.731792,288.732172,2.000380000000007,39.08982722166801,33.7875,45.7125,1,1,1,1,691,80,80,691.0,80.0,691.0,691,80,78.19450857768061,45901.77866205405
4254,0,146,0,0,86345,87039,288.732172,290.736892,2.0047200000000203,39.894682563944976,33.7875,45.7125,1,1,1,1,694,80,80,694.0,80.0,694.0,694,80,79.97766802959268,46032.862444630206
4254,0,147,0,0,87039,87760,290.736892,292.73708,2.00018799999998,40.31815162401762,33.7875,45.7125,1,1,1,1,721,80,80,721.0,80.0,721.0,721,80,80.64388306054025,47229.560421320864
4254,0,148,0,0,87760,88466,292.73708,294.737458,2.000378000000012,39.930751261503055,33.7875,45.7125,1,1,1,1,706,80,80,706.0,80.0,706.0,706,80,79.8765963469832,46235.76144108736
4254,0,149,0,0,88466,89136,294.737458,296.737598,2.0001399999999876,39.941575115062605,33.7875,45.7125,1,1,1,1,670,80,80,670.0,80.0,670.0,670,80,79.88874205064167,45923.785335026834
4254,0,150,0,0,89136,89898,296.737598,298.73782,2.000222000000008,39.82460980372895,33.7875,45.7125,1,1,1,1,762,80,80,762.0,80.0,762.0,762,80,79.65806067083395,47397.73885098735
4254,0,151,0,0,89898,90642,298.73782,300.738519,2.0006989999999973,39.72672640112036,33.7875,45.7125,1,1,1,1,744,80,80,744.0,80.0,744.0,744,80,79.48122178399535,45875.96634976082
4254,0,152,0,0,90642,91000,300.738519,301.732223,0.9937039999999797,40.149669015717386,33.7875,45.7125,1,1,1,1,358,39,39,359.0,40.0,358.0,358,39,39.89688669959287,46237.1088372402
4254,0,153,0,0,91000,91735,301.732223,303.733691,2.0014680000000453,40.19362488006652,33.7875,45.7125,1,1,1,1,735,79,79,735.0,79.0,735.0,735,79,80.44625400145924,46459.89843454799
4254,0,154,0,0,91735,92432,303.733691,305.734462,2.000770999999986,39.753582874858594,33.7875,45.7125,1,1,1,1,697,80,80,697.0,80.0,697.0,697,80,79.53781576211259,46248.6711372769
4254,0,155,0,0,92432,93167,305.734462,307.734877,2.0004149999999754,40.28317834505782,33.7875,45.7125,1,1,1,1,735,80,80,736.0,80.0,735.0,735,80,80.58307420912752,46771.29495629714
4254,0,156,0,0,93167,93892,307.734877,309.735971,2.0010940000000232,40.26999127205204,33.7875,45.7125,1,1,1,1,725,80,80,725.0,80.0,725.0,725,80,80.58403791455748,46529.54833705909
4254,0,157,0,0,93892,94584,309.735971,311.73939,2.003419000000008,39.97637683378685,33.7875,45.7125,1,1,1,1,692,80,80,692.0,80.0,692.0,692,80,80.08943289996932,46267.90501637432
4254,0,158,0,0,94584,95286,311.73939,313.743926,2.0045359999999732,40.07454501048298,33.7875,45.7125,1,1,1,1,702,80,80,702.0,80.0,702.0,702,80,80.3308681571325,45413.00330849694
4254,0,159,0,0,95286,95993,313.743926,315.74444,2.0005140000000097,40.05232743577088,33.7875,45.7125,1,1,1,1,707,80,80,707.0,80.0,707.0,707,80,80.12524176784427,46034.16921851062
4254,0,160,0,0,95993,96704,315.74444,317.750426,2.005986000000007,39.77124331074226,33.7875,45.7125,1,1,1,1,711,80,80,711.0,81.0,711.0,711,81,79.78055728394247,46286.46461141786
4254,0,161,0,0,96704,97387,317.750426,319.752702,2.002275999999995,39.0169296480962,33.7875,45.7125,1,1,1,1,683,80,80,683.0,80.0,683.0,683,80,78.1226618280707,46070.571689417564
4254,0,162,0,0,97387,98101,319.752702,321.754166,2.0014639999999986,39.64429975863485,33.7875,45.7125,1,1,1,1,714,80,80,714.0,79.0,714.0,714,79,79.34663877211642,45906.39651774904
4254,0,163,0,0,98101,98815,321.754166,323.754346,2.0001800000000003,40.09065728942162,33.7875,45.7125,1,1,1,1,714,80,80,714.0,80.0,714.0,714,80,80.18853089715594,46989.27096561309
4254,0,164,0,0,98815,99525,323.754346,325.75574,2.001394000000005,40.250759619107434,33.7875,45.7125,1,1,1,1,710,80,80,710.0,80.0,710.0,710,80,80.55762879712347,46476.60580575328
4254,0,165,0,0,99525,100239,325.75574,327.756043,2.000302999999974,39.32980048161704,33.7875,45.7125,1,1,1,1,714,80,80,714.0,80.0,714.0,714,80,78.67151789277887,45691.07780171363
4254,0,166,0,0,100239,100940,327.756043,329.758913,2.00287000000003,39.23073515117918,33.7875,45.7125,1,1,1,1,701,80,80,702.0,80.0,701.0,701,80,78.57406251224347,44643.935951908345
4254,0,167,0,0,100940,101670,329.758913,331.758955,2.0000420000000076,39.32151858686122,33.7875,45.7125,1,1,1,1,730,80,80,730.0,80.0,730.0,730,80,78.64468867750293,45508.5443205691
4254,0,168,0,0,101670,102361,331.758955,333.759584,2.0006290000000035,39.03826725660137,33.7875,45.7125,1,1,1,1,691,80,80,691.0,80.0,691.0,691,80,78.10108958330784,45863.57590537768
4254,0,169,0,0,102361,103070,333.759584,335.762615,2.0030309999999645,38.89861786448743,33.7875,45.7125,1,1,1,1,709,80,80,709.0,80.0,709.0,709,80,77.91513743972064,45958.849363789996
4254,0,170,0,0,103070,103784,335.762615,337.766363,2.00374800000003,40.07759296381844,33.7875,45.7125,1,1,1,1,714,80,80,714.0,80.0,714.0,714,80,80.30539674606734,47044.8379736367
4254,0,171,0,0,103784,104000,337.766363,338.362909,0.5965459999999894,40.669333595474555,33.7875,45.7125,1,1,1,1,216,24,24,216.0,24.0,216.0,216,24,24.261128279045806,49111.04927365287
4254,0,172,0,0,104000,104748,338.362909,340.366128,2.0032190000000014,39.39392171728797,33.7875,45.7125,1,1,1,1,748,80,80,748.0,80.0,748.0,748,80,78.91465246858388,45576.64439085289
4254,0,173,0,0,104748,105430,340.366128,342.369719,2.0035909999999717,39.37795811664184,33.7875,45.7125,1,1,1,1,682,80,80,682.0,80.0,682.0,682,80,78.89732248087967,46353.77180272886
4254,0,174,0,0,105430,106186,342.369719,344.376631,2.006912,39.480400124374505,33.7875,45.7125,1,1,1,1,756,80,80,756.0,80.0,756.0,756,80,79.23368877440953,45666.1776899037
4254,0,175,0,0,106186,106879,344.376631,346.377354,2.0007230000000504,39.12154213045676,33.7875,45.7125,1,1,1,1,693,80,80,693.0,80.0,693.0,693,80,78.27136913587492,45301.62346311694
4254,0,176,0,0,106879,107570,346.377354,348.377438,2.0000839999999585,39.267505421228265,33.7875,45.7125,1,1,1,1,691,80,80,691.0,80.0,691.0,691,80,78.5383093129094,46123.56281036292
4254,0,177,0,0,107570,108271,348.377438,350.382991,2.0055530000000203,39.7132857114351,33.7875,45.7125,1,1,1,1,701,80,80,701.0,80.0,701.0,701,80,79.64709929842684,47041.389581825584
4254,0,178,0,0,108271,108990,350.382991,352.383054,2.0000630000000115,39.532833899695675,33.7875,45.7125,1,1,1,1,719,80,80,719.0,80.0,719.0,719,80,79.06815836792703,46743.027594630505
4254,0,179,0,0,108990,109699,352.383054,354.388585,2.005530999999962,39.3877477438423,33.7875,45.7125,1,1,1,1,709,80,80,709.0,80.0,709.0,709,80,78.99334912045379,45687.15218064529
4254,0,180,0,0,109699,110362,354.388585,356.390064,2.0014790000000175,39.370891471510355,33.7875,45.7125,1,1,1,1,663,79,79,663.0,80.0,663.0,663,79,78.800012491507,46027.46269133935
4254,0,181,0,0,110362,111024,356.390064,358.391377,2.001312999999982,39.51211461617757,33.7875,45.7125,1,1,1,1,662,80,80,662.0,80.0,662.0,662,80,79.07610863884474,45326.24332126
4254,0,182,0,0,111024,111686,358.391377,360.395686,2.0043090000000348,39.188982168125456,33.7875,45.7125,1,1,1,1,662,80,80,662.0,80.0,662.0,662,80,78.546829660414,45654.63708440086
4254,0,183,0,0,111686,112372,360.395686,362.400043,2.0043569999999704,39.490244989308465,33.7875,45.7125,1,1,1,1,686,80,80,686.0,80.0,686.0,686,80,79.15254897603336,44925.62951609984
4254,0,184,0,0,112372,113094,362.400043,364.400019,1.9999760000000038,39.8531903287288,33.7875,45.7125,1,1,1,1,722,80,80,722.0,80.0,722.0,722,80,79.70542418088917,45351.54421853054
4254,0,185,0,0,113094,113773,364.400019,366.402489,2.0024700000000166,39.950741189429095,33.7875,45.7125,1,1,1,1,679,80,80,680.0,80.0,680.0,679,80,80.00016070959646,45280.07910230827
4254,0,186,0,0,113773,114539,366.402489,368.403515,2.0010260000000244,40.398931845514085,33.7875,45.7125,1,1,1,1,766,80,80,765.0,80.0,765.0,766,80,80.83931299510186,46822.48006772469
4254,0,187,0,0,114539,115198,368.403515,370.410297,2.006781999999987,39.21465632422475,33.7875,45.7125,1,1,1,1,659,80,80,659.0,81.0,659.0,659,81,78.69526644763937,46108.645582828925
4254,0,188,0,0,115198,115908,370.410297,372.412116,2.001819000000012,39.939883134192726,33.7875,45.7125,1,1,1,1,710,80,80,710.0,79.0,710.0,710,79,79.95241691580668,46056.61151182972
4254,0,189,0,0,115908,116568,372.412116,374.414254,2.002138000000002,38.75079857970889,33.7875,45.7125,1,1,1,1,660,80,80,660.0,80.0,660.0,660,80,77.58444636678178,44423.01180038534
4254,0,190,0,0,116568,117000,374.414254,375.686555,1.2723009999999704,39.11868091663236,33.7875,45.7125,1,1,1,1,432,51,51,432.0,51.0,432.0,432,51,49.77073684891184,44564.926067024484
4254,0,191,0,0,117000,117686,375.686555,377.691945,2.005389999999977,39.38733410894383,33.7875,45.7125,1,1,1,1,686,79,79,692.0,80.0,686.0,686,79,78.986965948734,45952.6575878014
4254,0,192,0,0,117686,118383,377.691945,379.695855,2.003910000000019,39.038881159366,33.7875,45.7125,1,1,1,1,697,80,80,697.0,81.0,697.0,697,81,78.23040434406539,45899.76595755255
4254,0,193,0,0,118383,119086,379.695855,381.698131,2.002275999999995,39.144272488534384,33.7875,45.7125,1,1,1,1,703,80,80,703.0,80.0,703.0,703,80,78.37763734125292,45537.678122296944
4254,0,194,0,0,119086,119783,381.698131,383.698981,2.000850000000014,39.08834541662374,33.7875,45.7125,1,1,1,1,697,80,80,697.0,79.0,697.0,697,79,78.20991592685277,45741.06004947865
4254,0,195,0,0,119783,120477,383.698981,385.699694,2.000713000000019,39.216055487836435,33.7875,45.7125,1,1,1,1,694,80,80,694.0,80.0,694.0,694,80,78.46007202323563,46118.55873381096
4254,0,196,0,0,120477,121149,385.699694,387.704692,2.0049980000000005,39.007770769863505,33.7875,45.7125,1,1,1,1,672,80,80,672.0,80.0,672.0,672,80,78.21050237803502,45520.24490797496
4254,0,197,0,0,121149,121804,387.704692,389.707238,2.0025459999999953,38.824114575064655,33.7875,45.7125,1,1,1,1,655,80,80,655.0,81.0,655.0,655,81,77.74707534583649,45209.9477365315
4254,0,198,0,0,121804,122505,389.707238,391.709514,2.002275999999995,39.02692140345547,33.7875,45.7125,1,1,1,1,701,80,80,701.0,80.0,701.0,701,80,78.14266808002503,45099.177136418875
4254,0,199,0,0,122505,123156,391.709514,393.711754,2.002239999999972,38.68789386646622,33.7875,45.7125,1,1,1,1,651,80,80,651.0,80.0,651.0,651,79,77.46244861519153,45401.150711204085
4254,0,200,0,0,123156,123791,393.711754,395.712242,2.0004880000000185,38.834793219071464,33.7875,45.7125,1,1,1,1,635,80,80,635.0,79.0,635.0,635,80,77.68853781723374,44081.744054450304
4254,0,201,0,0,123791,124485,395.712242,397.713931,2.001688999999999,39.15038576800085,33.7875,45.7125,1,1,1,1,694,80,80,694.0,80.0,694.0,694,80,78.36689653756366,45035.46754765603
4254,0,202,0,0,124485,125298,397.713931,399.717591,2.003660000000025,39.38461734230228,33.7875,45.7125,1,1,1,1,813,80,80,813.0,80.0,813.0,813,80,78.91338238407843,46939.60053102764
4254,0,203,0,0,125298,125953,399.717591,401.720896,2.003304999999955,38.849476237652674,33.7875,45.7125,1,1,1,1,655,80,80,655.0,81.0,655.0,655,81,77.82734999426975,44175.49998627368
4254,0,204,0,0,125953,126653,401.720896,403.721256,2.0003600000000006,39.67211618486768,33.7875,45.7125,1,1,1,1,700,80,80,700.0,79.0,700.0,700,79,79.35851433156131,45610.790057789585
4254,0,205,0,0,126653,127391,403.721256,405.722602,2.0013460000000123,39.69816983035976,33.7875,45.7125,1,1,1,1,738,80,80,738.0,80.0,738.0,738,80,79.44977339731122,46040.514733584016
4254,0,206,0,0,127391,128117,405.722602,407.724637,2.002034999999978,39.49132442146744,33.7875,45.7125,1,1,1,1,726,80,80,727.0,80.0,726.0,726,80,79.06301368813183,45654.0470071707
4254,0,207,0,0,128117,128848,407.724637,409.726269,2.001632000000029,39.550617247955806,33.7875,45.7125,1,1,1,1,731,80,80,731.0,80.0,731.0,731,80,79.1657811032619,44918.846221482614
4254,0,208,0,0,128848,129577,409.726269,411.729364,2.0030949999999734,39.75418799567147,33.7875,45.7125,1,1,1,1,729,80,80,729.0,80.0,729.0,729,80,79.63141520318823,46149.08429205865
4254,0,209,0,0,129577,130000,411.729364,412.967788,1.238424000000009,39.74339894169167,33.7875,45.7125,1,1,1,1,423,50,50,423.0,50.0,423.0,423,50,49.219179090965554,45023.352260614774
4254,0,210,0,0,130000,130660,412.967788,414.969899,2.0021110000000135,39.41082878118296,33.7875,45.7125,1,1,1,1,660,80,80,661.0,80.0,660.0,660,80,78.9048538219231,45235.25418920299
4254,0,211,0,0,130660,131459,414.969899,416.97142,2.001521000000025,39.90201864522514,33.7875,45.7125,1,1,1,1,799,80,80,799.0,80.0,799.0,799,80,79.86472826081081,46758.939826261536
4254,0,212,0,0,131459,132116,416.97142,418.972263,2.000842999999975,40.14977220690151,33.7875,45.7125,1,1,1,1,657,80,80,657.0,80.0,657.0,657,80,80.33339067177258,45100.98993274391
4254,0,213,0,0,132116,132867,418.972263,420.975911,2.0036479999999983,40.58392577236612,33.7875,45.7125,1,1,1,1,751,80,80,751.0,80.0,751.0,751,80,81.31590170594973,46856.034592902586
4254,0,214,0,0,132867,133607,420.975911,422.979128,2.0032170000000065,40.05263879111705,33.7875,45.7125,1,1,1,1,740,80,80,740.0,80.0,740.0,740,80,80.23412692122474,47073.2826248977
4254,0,215,0,0,133607,134298,422.979128,424.979475,2.0003469999999766,39.79192063719765,33.7875,45.7125,1,1,1,1,691,80,80,691.0,80.0,691.0,691,80,79.59764907085628,45379.6266347794
4254,0,216,0,0,134298,134994,424.979475,426.980845,2.0013700000000085,40.18652450902729,33.7875,45.7125,1,1,1,1,696,80,80,696.0,80.0,696.0,696,80,80.42810455663312,45970.010542778
4254,0,217,0,0,134994,135704,426.980845,428.997701,2.0168560000000184,40.20140338006487,33.7875,45.7125,1,1,1,1,710,80,80,711.0,80.0,710.0,710,80,81.08044161550424,46920.5535744739
4254,0,218,0,0,135704,136366,428.997701,430.999482,2.001780999999994,39.922002611774886,33.7875,45.7125,1,1,1,1,662,80,80,662.0,80.0,662.0,662,80,79.91510631020174,45552.435556137396
4254,0,219,0,0,136366,137074,430.999482,433.005171,2.005689000000018,40.39995479243542,33.7875,45.7125,1,1,1,1,708,80,80,708.0,80.0,708.0,708,80,81.0297449276859,46963.91115471997
4254,0,220,0,0,137074,137778,433.005171,435.007559,2.0023879999999963,39.77674286848369,33.7875,45.7125,1,1,1,1,704,80,80,704.0,80.0,704.0,704,80,79.64847259893759,45510.16086792378
4254,0,221,0,0,137778,138429,435.007559,437.007969,2.000409999999988,39.837136814586884,33.7875,45.7125,1,1,1,1,651,80,79,651.0,80.0,651.0,651,79,79.6906068552671,46384.99107682953
4254,0,222,0,0,138429,139140,437.007969,439.009186,2.001216999999997,39.87243648990663,33.7875,45.7125,1,1,1,1,711,80,80,711.0,80.0,711.0,711,80,79.79339773502215,46509.19915231589
4254,0,223,0,0,139140,139832,439.009186,441.009194,2.00000799999998,39.439824251331714,33.7875,45.7125,1,1,1,1,692,80,80,692.0,80.0,692.0,692,80,78.87996402125646,45192.31923072354
4254,0,224,0,0,139832,140509,441.009194,443.009495,2.000301000000036,39.62884640039992,33.7875,45.7125,1,1,1,1,677,80,80,677.0,80.0,677.0,677,80,79.26962108356747,46207.04583960031
4254,0,225,0,0,140509,141204,443.009495,445.0104,2.000904999999989,39.7087518218421,33.7875,45.7125,1,1,1,1,695,80,80,695.0,80.0,695.0,695,80,79.45344006408232,45411.451318278734
4254,0,226,0,0,141204,141860,445.0104,447.013898,2.003497999999979,39.180531956600085,33.7875,45.7125,1,1,1,1,656,80,80,656.0,80.0,656.0,656,80,78.49811741398298,44898.971698499794
4254,0,227,0,0,141860,142570,447.013898,449.013871,1.9999730000000113,39.132598225837,33.7875,45.7125,1,1,1,1,710,80,80,710.0,80.0,710.0,710,80,78.26413987152227,45845.618915855106
4254,0,228,0,0,142570,143000,449.013871,450.241292,1.2274209999999925,39.6816395118264,33.7875,45.7125,1,1,1,1,430,49,49,430.0,49.0,430.0,430,49,48.706077651244414,45980.96333694824
4254,0,229,0,0,143000,143666,450.241292,452.244092,2.002800000000036,39.60606808278072,33.7875,45.7125,1,1,1,1,666,80,80,668.0,80.0,666.0,666,80,79.32303315619538,45450.36948272337
4254,0,230,0,0,143666,144345,452.244092,454.250967,2.0068749999999795,39.35298311424115,33.7875,45.7125,1,1,1,1,679,80,80,679.0,80.0,679.0,679,80,78.97651798739025,46335.22267206525
4254,0,231,0,0,144345,145017,454.250967,456.2529,2.001933000000008,39.22459618963522,33.7875,45.7125,1,1,1,1,672,80,80,672.0,80.0,672.0,672,80,78.52501352370382,45280.736168492964
4254,0,232,0,0,145017,145674,456.2529,458.257794,2.004893999999979,39.62960757699703,33.7875,45.7125,1,1,1,1,657,80,80,657.0,80.0,657.0,657,80,79.45316245347567,44869.70383471692
4254,0,233,0,0,145674,146461,458.257794,460.259556,2.001761999999985,39.774494999904334,33.7875,45.7125,1,1,1,1,787,80,80,787.0,80.0,787.0,787,80,79.61907265999616,46646.40451762032
4254,0,234,0,0,146461,147189,460.259556,462.260286,2.0007300000000328,39.354049988175476,33.7875,45.7125,1,1,1,1,728,80,80,728.0,80.0,728.0,728,80,78.73682843284405,45651.83707946525
4254,0,235,0,0,147189,147867,462.260286,464.260465,2.000179000000003,39.627605209139915,33.7875,45.7125,1,1,1,1,678,80,80,678.0,80.0,678.0,678,80,79.26230375961313,45698.90994755963
4254,0,236,0,0,147867,148575,464.260465,466.266078,2.0056129999999825,39.721091388206176,33.7875,45.7125,1,1,1,1,708,80,80,708.0,80.0,708.0,708,80,79.66513726237463,46600.71509309165
4254,0,237,0,0,148575,149317,466.266078,468.268378,2.002299999999991,40.085257049735276,33.7875,45.7125,1,1,1,1,742,80,80,742.0,80.0,742.0,742,80,80.26271019068372,46767.21769964562
4254,0,238,0,0,149317,149998,468.268378,470.269697,2.0013190000000236,39.19283658190636,33.7875,45.7125,1,1,1,1,681,80,80,693.0,80.0,681.0,681,80,78.4373685152641,45813.785808258915
4254,0,239,0,0,149998,150701,470.269697,472.270198,2.0005009999999857,38.99491664047572,33.7875,45.7125,1,1,1,1,703,80,80,704.0,80.0,703.0,703,80,78.0093697341872,45326.14580047731
4254,0,240,0,0,150701,151383,472.270198,474.271854,2.0016560000000254,39.498869666768805,33.7875,45.7125,1,1,1,1,682,80,80,682.0,80.0,682.0,682,80,79.06314946170824,45517.81125228253
4254,0,241,0,0,151383,152040,474.271854,476.273886,2.0020319999999856,39.19700697814088,33.7875,45.7125,1,1,1,1,657,80,80,657.0,80.0,657.0,657,80,78.47366227446037,45420.85241394776
4254,0,242,0,0,152040,152664,476.273886,478.274633,2.00074699999999,38.66417588003287,33.7875,45.7125,1,1,1,1,624,80,80,624.0,80.0,624.0,624,80,77.35723389944906,43034.92645496929
4254,0,243,0,0,152664,153330,478.274633,480.275024,2.000390999999979,38.78655701392267,33.7875,45.7125,1,1,1,1,666,80,80,666.0,80.0,666.0,666,80,77.58827957163521,44697.76158761009
4254,0,244,0,0,153330,153993,480.275024,482.275831,2.000807000000009,39.211461913421395,33.7875,45.7125,1,1,1,1,663,80,80,663.0,80.0,663.0,663,80,78.45456747660864,45705.058009093125
4254,0,245,0,0,153993,154654,482.275831,484.280627,2.004795999999999,38.9997275771005,33.7875,45.7125,1,1,1,1,661,80,80,661.0,80.0,661.0,661,80,78.1864978476624,45099.35175449275
4254,0,246,0,0,154654,155338,484.280627,486.281545,2.000918000000013,38.716504845959314,33.7875,45.7125,1,1,1,1,684,80,80,684.0,80.0,684.0,684,80,77.4685514433695,45537.59824240644
4254,0,247,0,0,155338,156000,486.281545,488.087697,1.8061519999999973,39.16035433946346,33.7875,45.7125,1,1,1,1,662,72,72,662.0,72.0,662.0,662,72,70.72955231093147,46326.665751276814
4254,0,248,0,0,156000,156665,488.087697,490.088387,2.00069000000002,38.70016667267364,33.7875,45.7125,1,1,1,1,665,80,80,665.0,80.0,665.0,665,80,77.42703646035079,44076.29367868041
4254,0,249,0,0,156665,157319,490.088387,492.09793,2.009543000000008,38.537258865851605,33.7875,45.7125,1,1,1,1,654,80,80,654.0,80.0,654.0,654,80,77.44227879305981,43761.69109095931
4254,0,250,0,0,157319,158023,492.09793,494.098071,2.000140999999985,39.03617987070108,33.7875,45.7125,1,1,1,1,704,80,80,704.0,80.0,704.0,704,80,78.07786384276187,46173.7447509954
4254,0,251,0,0,158023,158680,494.098071,496.103212,2.0051409999999805,39.08897964481307,33.7875,45.7125,1,1,1,1,657,80,80,657.0,81.0,657.0,657,81,78.37891573397792,45840.16784854576
4254,0,252,0,0,158680,159333,496.103212,498.103882,2.0006700000000137,39.631572445320785,33.7875,45.7125,1,1,1,1,653,80,80,653.0,79.0,653.0,653,79,79.28969804418011,45835.64505890495
4254,0,253,0,0,159333,159997,498.103882,500.104227,2.0003449999999816,39.5169217104468,33.7875,45.7125,1,1,1,1,664,80,80,664.0,80.0,664.0,664,80,79.04747675888211,45692.618023391384
4254,0,254,0,0,159997,160685,500.104227,502.104924,2.0006970000000024,39.63947738866538,33.7875,45.7125,1,1,1,1,688,79,79,688.0,80.0,688.0,688,79,79.30658349307123,46663.23786160517
4254,0,255,0,0,160685,161368,502.104924,504.105587,2.0006630000000314,39.920142489071424,33.7875,45.7125,1,1,1,1,683,80,80,683.0,80.0,683.0,683,80,79.86675203261257,45434.938317946886
4254,0,256,0,0,161368,162049,504.105587,506.105753,2.000165999999979,39.811236944503975,33.7875,45.7125,1,1,1,1,681,80,80,681.0,80.0,681.0,681,80,79.62908255434013,46065.17659034349
4254,0,257,0,0,162049,162761,506.105753,508.109508,2.0037550000000124,39.81375158017842,33.7875,45.7125,1,1,1,1,712,80,80,713.0,80.0,712.0,712,80,79.77700379754242,45668.75690890325
4254,0,258,0,0,162761,163503,508.109508,510.114594,2.0050860000000057,39.820865015829916,33.7875,45.7125,1,1,1,1,742,80,80,742.0,80.0,742.0,742,80,79.84425895113236,46509.22703564821
4254,0,259,0,0,163503,164168,510.114594,512.119829,2.0052349999999706,39.70718591388339,33.7875,45.7125,1,1,1,1,665,80,80,665.0,80.0,665.0,665,80,79.62223894602357,46020.54123332245
4254,0,260,0,0,164168,164850,512.119829,514.123074,2.0032449999999926,39.757675496972595,33.7875,45.7125,1,1,1,1,682,80,80,683.0,80.0,682.0,682,80,79.6443646509324,45667.404635978295
4254,0,261,0,0,164850,165509,514.123074,516.125151,2.0020769999999857,39.28866728227657,33.7875,45.7125,1,1,1,1,659,80,80,659.0,80.0,659.0,659,80,78.65893712649631,45447.30297585989
4254,0,262,0,0,165509,166251,516.125151,518.128243,2.003092000000038,39.71283997045318,33.7875,45.7125,1,1,1,1,742,80,80,743.0,81.0,743.0,742,80,79.54847204209727,46374.804552161484
4254,0,263,0,0,166251,166930,518.128243,520.128481,2.0002379999999675,40.00891184154423,33.7875,45.7125,1,1,1,1,679,80,80,679.0,79.0,678.0,679,80,80.0273458041047,45838.545213120386
4254,0,264,0,0,166930,167602,520.128481,522.129391,2.00091000000009,39.641475137250914,33.7875,45.7125,1,1,1,1,672,80,80,672.0,80.0,672.0,672,80,79.31902401688058,45035.50884347419
4254,0,265,0,0,167602,168287,522.129391,524.131395,2.0020039999999426,39.3370397074917,33.7875,45.7125,1,1,1,1,685,80,80,686.0,80.0,686.0,685,80,78.75291084255514,45803.60478800374
4254,0,266,0,0,168287,168978,524.131395,526.137359,2.005963999999949,40.32925196640671,33.7875,45.7125,1,1,1,1,691,80,80,691.0,81.0,690.0,691,81,80.89902759153847,46816.89202797377
4254,0,267,0,0,168978,169000,526.137359,526.21466,0.07730100000003404,39.974184616415734,33.7875,45.7125,1,1,1,1,22,4,4,22.0,3.0,22.0,22,3,3.0900444450344366,45911.4371094609
4254,0,268,0,0,169000,169682,526.21466,528.214722,2.000062000000071,39.88936017975487,33.7875,45.7125,1,1,1,1,682,79,79,683.0,80.0,682.0,682,80,79.78119349984263,45306.59549553804
4254,0,269,0,0,169682,170408,528.214722,530.215984,2.001261999999997,39.768920649977915,33.7875,45.7125,1,1,1,1,726,80,80,726.0,79.0,726.0,726,79,79.58802967781594,46489.16533667263
4254,0,270,0,0,170408,171134,530.215984,532.216897,2.0009129999999686,39.92403158314653,33.7875,45.7125,1,1,1,1,726,80,80,727.0,80.0,726.0,726,80,79.8845138071265,46087.96084587458
4254,0,271,0,0,171134,171832,532.216897,534.220214,2.003317000000038,39.71146998285221,33.7875,45.7125,1,1,1,1,698,80,80,698.0,80.0,698.0,698,80,79.55466291163975,46048.62834988084
4254,0,272,0,0,171832,172543,534.220214,536.223827,2.003612999999973,39.60255636199927,33.7875,45.7125,1,1,1,1,711,80,80,711.0,81.0,711.0,711,81,79.34819676013285,45625.57739443756
4254,0,273,0,0,172543,173256,536.223827,538.226103,2.002275999999938,39.64901225535608,33.7875,45.7125,1,1,1,1,713,80,80,713.0,80.0,713.0,713,80,79.38826566260468,46179.44778841821
4254,0,274,0,0,173256,173922,538.226103,540.227367,2.001263999999992,39.23514527086064,33.7875,45.7125,1,1,1,1,666,80,80,666.0,79.0,666.0,666,79,78.51988376534428,45470.76247811402
4254,0,275,0,0,173922,174654,540.227367,542.229579,2.002211999999986,39.09550518048188,33.7875,45.7125,1,1,1,1,732,80,80,732.0,80.0,732.0,732,80,78.27748961842372,45990.63435839993
4254,0,276,0,0,174654,175314,542.229579,544.232545,2.002966000000015,38.97182104832014,33.7875,45.7125,1,1,1,1,660,80,80,660.0,80.0,660.0,660,80,78.05923251786953,44864.46599692622
4254,0,277,0,0,175314,175981,544.232545,546.235209,2.0026640000000953,39.57284378587132,33.7875,45.7125,1,1,1,1,667,80,80,667.0,81.0,667.0,667,81,79.25110962759209,45965.77358957649
4254,0,278,0,0,175981,176682,546.235209,548.237485,2.002275999999938,39.372937973163765,33.7875,45.7125,1,1,1,1,701,80,80,701.0,80.0,701.0,701,80,78.83548875315319,45552.66107170181
4254,0,279,0,0,176682,177387,548.237485,550.239762,2.002277000000049,39.42839343547735,33.7875,45.7125,1,1,1,1,705,80,80,706.0,80.0,705.0,705,80,78.94656532281078,46485.57617152757
4254,0,280,0,0,177387,178095,550.239762,552.242038,2.002275999999938,39.56871392973445,33.7875,45.7125,1,1,1,1,708,80,80,708.0,80.0,708.0,708,80,79.22748625237,46406.68918770583
4254,0,281,0,0,178095,178748,552.242038,554.242349,2.0003110000000106,39.26426910288244,33.7875,45.7125,1,1,1,1,653,80,80,653.0,79.0,653.0,653,79,78.54074939345446,45689.89522129285
4254,0,282,0,0,178748,179467,554.242349,556.242954,2.000605000000064,39.59066593020276,33.7875,45.7125,1,1,1,1,719,80,80,719.0,80.0,719.0,719,80,79.20528421329436,46605.40186593406
4254,0,283,0,0,179467,180097,556.242954,558.248868,2.0059139999999616,39.265982593566605,33.7875,45.7125,1,1,1,1,630,80,80,630.0,81.0,630.0,630,81,78.76418420819027,45059.75829472337
4254,0,284,0,0,180097,180785,558.248868,560.251146,2.002277999999933,39.355101039968886,33.7875,45.7125,1,1,1,1,688,80,80,688.0,80.0,688.0,688,80,78.79985300010594,44872.39034739582
4254,0,285,0,0,180785,181438,560.251146,562.253343,2.0021970000000238,39.55522735127557,33.7875,45.7125,1,1,1,1,653,80,80,653.0,79.0,653.0,653,79,79.19735753704299,45525.490248960974
4254,0,286,0,0,181438,182000,562.253343,564.049777,1.7964339999999765,39.65885654585401,33.7875,45.7125,1,1,1,1,562,72,72,562.0,72.0,562.0,562,72,71.24451830009275,45436.6817817972
4254,0,287,0,0,182000,182693,564.049777,566.053407,2.0036300000000438,39.648246600076554,33.7875,45.7125,1,1,1,1,693,80,80,693.0,80.0,693.0,693,80,79.44041633531378,45848.784456210975
4254,0,288,0,0,182693,183360,566.053407,568.053768,2.000360999999998,39.30564180550014,33.7875,45.7125,1,1,1,1,667,80,80,667.0,80.0,667.0,667,80,78.6254729476932,45577.77321193529
4254,0,289,0,0,183360,184044,568.053768,570.056463,2.002695000000017,39.09658046634476,33.7875,45.7125,1,1,1,1,684,80,80,684.0,80.0,684.0,684,80,78.29852621704777,45927.113214942474
4254,0,290,0,0,184044,184708,570.056463,572.064031,2.007567999999992,39.32347866632353,33.7875,45.7125,1,1,1,1,664,80,80,664.0,80.0,664.0,664,80,78.94455741919228,45784.252388960354
4254,0,291,0,0,184708,185395,572.064031,574.065424,2.0013930000000073,39.326186560565475,33.7875,45.7125,1,1,1,1,687,80,80,687.0,80.0,687.0,687,80,78.70715449901036,45341.91935317035
4254,0,292,0,0,185395,186062,574.065424,576.066177,2.0007530000000315,39.440365080320944,33.7875,45.7125,1,1,1,1,667,80,80,667.0,80.0,667.0,667,80,78.91042875554922,45700.29383936876
4254,0,293,0,0,186062,186767,576.066177,578.067616,2.001439000000005,39.312063325183715,33.7875,45.7125,1,1,1,1,705,80,80,705.0,80.0,705.0,705,80,78.68069670949262,45194.98221029958
4254,0,294,0,0,186767,187450,578.067616,580.069118,2.0015019999999595,38.8893500103031,33.7875,45.7125,1,1,1,1,683,80,80,683.0,80.0,683.0,683,80,77.83711182431944,45331.45607648748
4254,0,295,0,0,187450,188165,580.069118,582.07162,2.0025020000000495,39.24940900173757,33.7875,45.7125,1,1,1,1,715,80,80,715.0,80.0,715.0,715,80,78.59702002480117,46326.046116307356
4254,0,296,0,0,188165,188878,582.07162,584.076298,2.004677999999899,39.30582354337922,33.7875,45.7125,1,1,1,1,713,80,80,713.0,80.0,713.0,713,80,78.79551972929039,45016.705924844064
4254,0,297,0,0,188878,189571,584.076298,586.077466,2.001168000000007,39.238111719456754,33.7875,45.7125,1,1,1,1,693,80,80,693.0,80.0,693.0,693,80,78.52205355340266,45735.79029846554
4254,0,298,0,0,189571,190295,586.077466,588.079346,2.0018800000000283,39.62636782984843,33.7875,45.7125,1,1,1,1,724,80,80,724.0,80.0,724.0,724,80,79.327233231219,46614.18266829115
4254,0,299,0,0,190295,190968,588.079346,590.082942,2.003596000000016,39.22797872486611,33.7875,45.7125,1,1,1,1,673,80,80,673.0,80.0,673.0,673,80,78.59702126122647,45486.21578401997
4254,0,300,0,0,190968,191655,590.082942,592.083878,2.0009360000000243,39.21837193010129,33.7875,45.7125,1,1,1,1,687,80,80,687.0,80.0,687.0,687,80,78.47345225633035,45969.986046529666
4254,0,301,0,0,191655,192405,592.083878,594.089618,2.005739999999946,39.88373914224831,33.7875,45.7125,1,1,1,1,750,80,80,750.0,81.0,750.0,750,81,79.99641094716935,46835.581880005644
4254,0,302,0,0,192405,193136,594.089618,596.091423,2.0018049999999903,39.55799066058958,33.7875,45.7125,1,1,1,1,731,80,80,731.0,79.0,731.0,731,79,79.1873834943217,46386.636060955214
4254,0,303,0,0,193136,193882,596.091423,598.094171,2.002747999999997,40.21358333820224,33.7875,45.7125,1,1,1,1,746,80,80,746.0,81.0,746.0,746,81,80.53767360341953,47697.463684897026
4254,0,304,0,0,193882,194601,598.094171,600.094859,2.000688000000082,40.56264670127844,33.7875,45.7125,1,1,1,1,719,80,80,719.0,79.0,719.0,719,79,81.15320050348964,47252.24522763975
4254,0,305,0,0,194601,195000,600.094859,601.113125,1.018265999999926,40.43240993543544,33.7875,45.7125,1,1,1,1,399,41,41,399.0,41.0,399.0,399,41,41.17094833531155,47908.896103772044
4254,0,306,0,0,195000,195738,601.113125,603.113712,2.000586999999996,40.104676057456345,33.7875,45.7125,1,1,1,1,738,80,80,739.0,80.0,738.0,738,80,80.23289355975794,47451.0731100423
4254,0,307,0,0,195738,196493,603.113712,605.115774,2.0020620000000235,40.19856736509446,33.7875,45.7125,1,1,1,1,755,80,80,755.0,80.0,755.0,755,80,80.48002417609678,47915.09953238155
4254,0,308,0,0,196493,197221,605.115774,607.116761,2.000987000000009,40.486522719262304,33.7875,45.7125,1,1,1,1,728,80,80,728.0,80.0,728.0,728,80,81.01300563645054,47160.72618162915
4254,0,309,0,0,197221,197900,607.116761,609.118224,2.001463000000058,39.99750489992749,33.7875,45.7125,1,1,1,1,679,80,80,679.0,80.0,679.0,679,80,80.05352614952426,46006.34635763805
4254,0,310,0,0,197900,198604,609.118224,611.119887,2.001662999999894,40.29889004836715,33.7875,45.7125,1,1,1,1,704,80,80,705.0,80.0,704.0,704,80,80.66479715087917,46833.55789661145
4254,0,311,0,0,198604,199304,611.119887,613.121011,2.0011240000000043,39.78300128619361,33.7875,45.7125,1,1,1,1,700,80,80,700.0,80.0,700.0,700,80,79.6107186658337,46254.00524904994
4254,0,312,0,0,199304,200019,613.121011,615.1253,2.0042890000000853,39.84603332579498,33.7875,45.7125,1,1,1,1,715,80,80,715.0,80.0,715.0,715,80,79.8629662885287,46997.71340360397
4254,0,313,0,0,200019,200705,615.1253,617.126104,2.0008040000000165,39.77042880090711,33.7875,45.7125,1,1,1,1,686,79,79,688.0,80.0,686.0,686,79,79.57283302657015,45374.759346742234
4254,0,314,0,0,200705,201439,617.126104,619.129209,2.0031049999998913,39.75253396152808,33.7875,45.7125,1,1,1,1,734,79,79,735.0,80.0,734.0,734,79,79.62849954100238,45988.10346936631
4254,0,315,0,0,201439,202085,619.129209,621.141184,2.0119750000000067,39.2283909286125,33.7875,45.7125,1,1,1,1,646,80,80,646.0,80.0,646.0,646,80,78.92654183859486,44665.067905913194
4254,0,316,0,0,202085,202769,621.141184,623.147655,2.006471000000033,39.438661718449445,33.7875,45.7125,1,1,1,1,684,80,80,685.0,81.0,684.0,684,81,79.13253101687951,46070.93748177695
4254,0,317,0,0,202769,203463,623.147655,625.148284,2.0006290000000035,39.28066262896688,33.7875,45.7125,1,1,1,1,694,80,80,694.0,79.0,694.0,694,79,78.58603279472663,44674.94972831037
4254,0,318,0,0,203463,204150,625.148284,627.150787,2.002503000000047,39.219729836076304,33.7875,45.7125,1,1,1,1,687,80,80,687.0,80.0,687.0,687,80,78.5376266559324,45359.23291999955
4254,0,319,0,0,204150,204884,627.150787,629.151364,2.0005769999999075,39.50095476662209,33.7875,45.7125,1,1,1,1,734,80,80,734.0,80.0,734.0,734,80,79.02470158414144,46441.10174214954
4254,0,320,0,0,204884,205592,629.151364,631.152312,2.0009480000001076,39.74925010125585,33.7875,45.7125,1,1,1,1,708,80,80,708.0,80.0,708.0,708,80,79.53618249161082,46436.48910416213
4254,0,321,0,0,205592,206286,631.152312,633.15489,2.0025779999999713,39.85171236304178,33.7875,45.7125,1,1,1,1,694,80,80,694.0,80.0,694.0,694,80,79.80616244055273,45700.09258066418
4254,0,322,0,0,206286,206901,633.15489,635.158651,2.0037609999999404,38.94041829098233,33.7875,45.7125,1,1,1,1,615,80,80,615.0,80.0,615.0,615,80,78.02729149515653,44035.690883295276
4254,0,323,0,0,206901,207655,635.158651,637.163037,2.0043860000000677,39.36173981992213,33.7875,45.7125,1,1,1,1,754,80,80,754.0,80.0,754.0,754,80,78.8961202306964,46872.20924512386
4254,0,324,0,0,207655,208000,637.163037,638.290255,1.1272179999999707,38.99754289052384,33.7875,45.7125,1,1,1,1,345,46,46,345.0,46.0,345.0,345,46,43.958732301969576,45167.83798697441
4254,0,325,0,0,208000,208686,638.290255,640.291204,2.0009489999999914,38.923218189976424,33.7875,45.7125,1,1,1,1,686,79,79,687.0,79.0,686.0,686,79,77.88337451401458,45687.821128874544
4254,0,326,0,0,208686,209407,640.291204,642.294425,2.003221000000053,38.952632182295346,33.7875,45.7125,1,1,1,1,721,80,80,721.0,81.0,721.0,721,81,78.03073079285241,45776.77650144321
4254,0,327,0,0,209407,210098,642.294425,644.296702,2.0022769999999355,39.02055308317529,33.7875,45.7125,1,1,1,1,691,80,80,691.0,80.0,691.0,691,80,78.12995596572,44523.31021132584
4254,0,328,0,0,210098,210790,644.296702,646.296739,2.0000370000000203,39.28613722870741,33.7875,45.7125,1,1,1,1,692,80,80,692.0,79.0,692.0,692,79,78.57372804449187,45841.65192943884
4254,0,329,0,0,210790,211466,646.296739,648.298418,2.0016789999999673,38.987437165443666,33.7875,45.7125,1,1,1,1,676,80,80,676.0,80.0,676.0,676,80,78.0403342378886,44962.25418761023
4254,0,330,0,0,211466,212115,648.298418,650.303319,2.004901000000018,39.20038693223276,33.7875,45.7125,1,1,1,1,649,80,80,649.0,80.0,649.0,649,80,78.59289496082056,45006.212276815255
4254,0,331,0,0,212115,212789,650.303319,652.304429,2.0011100000000397,38.71968184311793,33.7875,45.7125,1,1,1,1,674,80,80,674.0,80.0,674.0,674,80,77.48234253308328,45432.78480443264
4254,0,332,0,0,212789,213453,652.304429,654.304775,2.0003459999999222,39.02162459988561,33.7875,45.7125,1,1,1,1,664,80,80,664.0,80.0,664.0,664,80,78.05675068188066,45467.134185787625
4254,0,333,0,0,213453,214138,654.304775,656.307079,2.0023040000000947,38.50629392518047,33.7875,45.7125,1,1,1,1,685,80,80,685.0,80.0,685.0,685,80,77.10130635156747,45048.104583517656
4254,0,334,0,0,214138,214844,656.307079,658.310504,2.003424999999993,38.72046304068889,33.7875,45.7125,1,1,1,1,706,80,80,706.0,80.0,706.0,706,80,77.57354366729123,46138.98698478871
4254,0,335,0,0,214844,215529,658.310504,660.314914,2.004410000000007,38.614662421262615,33.7875,45.7125,1,1,1,1,685,80,80,685.0,81.0,685.0,685,81,77.39961550380394,44582.69515717826
4254,0,336,0,0,215529,216177,660.314914,662.315991,2.0010770000000093,39.128037637748356,33.7875,45.7125,1,1,1,1,648,80,80,648.0,79.0,648.0,648,79,78.29821617203197,45009.76224303192
4254,0,337,0,0,216177,216914,662.315991,664.31705,2.001058999999941,38.88604459509295,33.7875,45.7125,1,1,1,1,737,80,80,737.0,80.0,737.0,737,80,77.81326951141091,46398.93176563147
4254,0,338,0,0,216914,217554,664.31705,666.317256,2.0002060000000483,38.67562351893542,33.7875,45.7125,1,1,1,1,640,80,80,640.0,80.0,640.0,640,80,77.35921421631792,44585.90765151082
4254,0,339,0,0,217554,218274,666.317256,668.318196,2.0009399999999005,39.07675368506973,33.7875,45.7125,1,1,1,1,720,80,80,720.0,80.0,720.0,720,80,78.19023951860072,45685.527801935365
4254,0,340,0,0,218274,218952,668.318196,670.320078,2.0018820000000233,39.04919099334213,33.7875,45.7125,1,1,1,1,678,80,80,678.0,80.0,678.0,678,80,78.17187256413308,45554.13356031921
4254,0,341,0,0,218952,219665,670.320078,672.320876,2.0007980000000316,39.4592202142932,33.7875,45.7125,1,1,1,1,713,80,80,713.0,80.0,713.0,713,80,78.94992888631896,46376.49577818377
4254,0,342,0,0,219665,220319,672.320876,674.32095,2.0000740000000405,39.1502726072567,33.7875,45.7125,1,1,1,1,654,80,80,654.0,80.0,654.0,654,80,78.30344233468713,46191.29092223494
4254,0,343,0,0,220319,220975,674.32095,676.32688,2.005929999999921,39.23684111713643,33.7875,45.7125,1,1,1,1,656,80,80,656.0,80.0,656.0,656,80,78.70635670209595,45301.181995385465
4254,0,344,0,0,220975,221000,676.32688,676.372127,0.04524700000001758,39.16356640279215,33.7875,45.7125,1,1,1,1,25,2,2,25.0,2.0,25.0,25,2,1.7720338890285348,49572.3473379258
4254,0,345,0,0,221000,221288,676.372127,678.38546,2.0133329999999887,15.614853220838732,33.7875,45.7125,1,0,0,1,288,80,80,288.0,81.0,288.0,288,81,31.43789927967009,17584.27443448262
4254,0,346,0,0,221288,221368,678.38546,680.387736,2.0022760000000517,0.9867475389436751,33.7875,45.7125,1,0,0,0,80,80,80,80.0,80.0,80.0,80,80,1.9757409152844048,685.719651037102
4254,0,347,0,0,221368,221448,680.387736,682.390014,2.002277999999933,0.983936566335372,33.7875,45.7125,1,0,0,0,80,80,80,80.0,80.0,80.0,80,80,1.9701145401704707,666.241151328659
4254,0,348,0,0,221448,221528,682.390014,684.39229,2.0022760000000517,0.9845618424588349,33.7875,45.7125,1,0,0,0,80,80,80,80.0,80.0,80.0,80,80,1.9713645476695092,648.2622775281562
4254,0,349,0,0,221528,221608,684.39229,686.394566,2.0022760000000517,0.9879444679710874,33.7875,45.7125,1,0,0,0,80,80,80,80.0,80.0,80.0,80,80,1.9781374975500512,692.2122624453193
4254,0,350,0,0,221608,221688,686.394566,688.396844,2.002277999999933,0.9885161163006927,33.7875,45.7125,1,0,0,0,80,80,80,80.0,80.0,80.0,80,80,1.9792840723130212,626.7860906427788
4254,0,351,0,0,221688,221768,688.396844,690.399118,2.0022740000000567,0.9897146385010158,33.7875,45.7125,1,0,0,0,80,80,80,80.0,80.0,80.0,80,80,1.9816798880892748,638.7737142868377
4254,0,352,0,0,221768,221848,690.399118,692.401395,2.0022769999999355,0.9882563124619151,33.7875,45.7125,1,0,0,0,80,80,80,80.0,80.0,80.0,80,80,1.9787628845479048,658.7500131100954
4254,0,353,0,0,221848,221928,692.401395,694.403672,2.002277000000049,0.9910664922531713,33.7875,45.7125,1,0,0,0,80,80,80,80.0,80.0,80.0,80,80,1.9843896429083543,668.7386410571401
4254,0,354,0,0,221928,222008,694.403672,696.405947,2.0022749999999405,0.9895581186528727,33.7875,45.7125,1,0,0,0,80,80,80,80.0,80.0,80.0,80,80,1.9813674820252345,630.7824849234183
4254,0,355,0,0,222008,222088,696.405947,698.408225,2.0022780000000466,0.9887242776627075,33.7875,45.7125,1,0,0,0,80,80,80,80.0,80.0,80.0,80,80,1.9797008692294185,668.2388759203112
4254,0,356,0,0,222088,222168,698.408225,700.410502,2.0022769999999355,0.9880481509958925,33.7875,45.7125,1,0,0,0,80,80,80,80.0,80.0,80.0,80,80,1.9783460876315075,652.7568363418459
4254,0,357,0,0,222168,222248,700.410502,702.412777,2.002275000000054,0.9878407848427622,33.7875,45.7125,1,0,0,0,80,80,80,80.0,80.0,80.0,80,80,1.9779289074722328,641.2705547439614
4254,0,358,0,0,222248,222328,702.412777,704.415055,2.0022780000000466,0.9877875515334373,33.7875,45.7125,1,0,0,0,80,80,80,80.0,80.0,80.0,80,80,1.9778252831092686,639.2718693408059
4254,0,359,0,0,222328,222408,704.415055,706.417331,2.002275999999938,0.9871118216911935,33.7875,45.7125,1,0,0,0,80,80,80,80.0,80.0,80.0,80,80,1.9764703098881,655.7537522299826
4254,0,360,0,0,222408,222488,706.417331,708.419607,2.0022760000000517,0.9880485487560798,33.7875,45.7125,1,0,0,0,80,80,80,80.0,80.0,80.0,80,80,1.9783458960082498,676.7298813949551
4254,0,361,0,0,222488,222568,708.419607,710.421883,2.002275999999938,0.9935127899682253,33.7875,45.7125,1,0,0,0,80,80,80,80.0,80.0,80.0,80,80,1.9892868150454888,634.7776230649717
4254,0,362,0,0,222568,222648,710.421883,712.424161,2.0022780000000466,0.9955415622701731,33.7875,45.7125,1,0,0,0,80,80,80,80.0,80.0,80.0,80,80,1.9933509682196018,683.2218103579863
4254,0,363,0,0,222648,222728,712.424161,714.426437,2.002275999999938,0.9959586884155465,33.7875,45.7125,1,0,0,0,80,80,80,80.0,80.0,80.0,80,80,1.994184178805881,640.7708028264034
4254,0,364,0,0,222728,222808,714.426437,716.428713,2.0022760000000517,0.9952821633130503,33.7875,45.7125,1,0,0,0,80,80,80,80.0,80.0,80.0,80,80,1.9928295888312277,631.2816015374341
4254,0,365,0,0,222808,222888,716.428713,718.43099,2.0022769999999355,0.9940327931440354,33.7875,45.7125,1,0,0,0,80,80,80,80.0,80.0,80.0,80,80,1.9903289989597397,663.7443270836367
4254,0,366,0,0,222888,222968,718.43099,720.433265,2.002275000000054,0.9945019584090754,33.7875,45.7125,1,0,0,0,80,80,80,80.0,80.0,80.0,80,80,1.9912664087751182,681.7245383376224
4254,0,367,0,0,222968,223048,720.433265,722.435543,2.0022780000000466,0.9976231758907733,33.7875,45.7125,1,0,0,0,80,80,80,80.0,80.0,80.0,80,80,1.9975189373762987,646.7633365596434
4254,0,368,0,0,223048,223128,722.435543,724.437818,2.0022749999999405,0.9976764239368175,33.7875,45.7125,1,0,0,0,80,80,80,80.0,80.0,80.0,80,80,1.997622561739263,632.7802125082907
4254,0,369,0,0,223128,223208,724.437818,726.440096,2.0022780000000466,0.9976752162312883,33.7875,45.7125,1,0,0,0,80,80,80,80.0,80.0,80.0,80,80,1.997623136605398,638.7724381928834
4254,0,370,0,0,223208,223288,726.440096,728.442372,2.002275999999938,0.9975719405829285,33.7875,45.7125,1,0,0,0,80,80,80,80.0,80.0,80.0,80,80,1.997414354904322,627.2861483631822
4254,0,371,0,0,223288,223368,728.442372,730.444649,2.002277000000049,0.9971031747678193,33.7875,45.7125,1,0,0,0,80,80,80,80.0,80.0,80.0,80,80,1.9964767534656858,681.7238573883466
4254,0,372,0,0,223368,223448,730.444649,732.446927,2.002277999999933,0.9980394986149391,33.7875,45.7125,1,0,0,0,80,80,80,80.0,80.0,80.0,80,80,1.9983525312090933,669.2377382161942
4254,0,373,0,0,223448,223528,732.446927,734.449203,2.0022760000000517,0.9979362233303561,33.7875,45.7125,1,0,0,0,80,80,80,80.0,80.0,80.0,80,80,1.9981437495043792,627.2861483631465
4254,0,374,0,0,223528,223608,734.449203,736.451478,2.0022749999999405,0.9977284643553042,33.7875,45.7125,1,0,0,0,80,80,80,80.0,80.0,80.0,80,80,1.9977267609683622,630.7824849234183
4254,0,375,0,0,223608,223688,736.451478,738.453754,2.0022760000000517,0.9974678597978904,33.7875,45.7125,1,0,0,0,80,80,80,80.0,80.0,80.0,80,80,1.9972059564461233,650.7594357620859
4254,0,376,0,0,223688,223768,738.453754,740.456032,2.0022780000000466,0.9971548128261383,33.7875,45.7125,1,0,0,0,80,80,80,80.0,80.0,80.0,80,80,1.9965811443144048,633.7781267136584
4254,0,377,0,0,223768,223848,740.456032,742.458309,2.0022769999999355,0.9966868518358203,33.7875,45.7125,1,0,0,0,80,80,80,80.0,80.0,80.0,80,80,1.9956431596328912,618.296069924411
4254,0,378,0,0,223848,223928,742.458309,744.460584,2.002275000000054,0.9970519389149297,33.7875,45.7125,1,0,0,0,80,80,80,80.0,80.0,80.0,80,80,1.996372170990071,632.7802125082547
4254,0,379,0,0,223928,224008,744.460584,746.462862,2.002277999999933,0.9981435792959691,33.7875,45.7125,1,0,0,0,80,80,80,80.0,80.0,80.0,80,80,1.998560929667292,666.7405824765815
4254,0,380,0,0,224008,224088,746.462862,748.465137,2.002275000000054,0.9985090706325609,33.7875,45.7125,1,0,0,0,80,80,80,80.0,80.0,80.0,80,80,1.999289749401214,602.3148668389543
4254,0,381,0,0,224088,224168,748.465137,750.467414,2.0022769999999355,0.9978317398989431,33.7875,45.7125,1,0,0,0,80,80,80,80.0,80.0,80.0,80,80,1.9979355426694383,615.2994815402863
4254,0,382,0,0,224168,224248,750.467414,752.469692,2.0022780000000466,0.9970507321451082,33.7875,45.7125,1,0,0,0,80,80,80,80.0,80.0,80.0,80,80,1.9963727458598441,652.2570791867911
4254,0,383,0,0,224248,224328,752.469692,754.471968,2.002275999999938,0.997155617442959,33.7875,45.7125,1,0,0,0,80,80,80,80.0,80.0,80.0,80,80,1.9965807610715274,625.7878534228242
4254,0,384,0,0,224328,224408,754.471968,756.474244,2.0022760000000517,0.9961668499854855,33.7875,45.7125,1,0,0,0,80,80,80,80.0,80.0,80.0,80,80,1.9946009757222782,601.8151343770634
4254,0,385,0,0,224408,224488,756.474244,758.47652,2.0022760000000517,0.9972596982279055,33.7875,45.7125,1,0,0,0,80,80,80,80.0,80.0,80.0,80,80,1.996789159529726,642.2690977667248
4254,0,386,0,0,224488,224568,758.47652,760.478796,2.002275999999938,0.9975719405829285,33.7875,45.7125,1,0,0,0,80,80,80,80.0,80.0,80.0,80,80,1.997414354904322,608.8071774321012
4254,0,387,0,0,224568,224648,760.478796,762.481072,2.0022760000000517,0.9974678597978904,33.7875,45.7125,1,0,0,0,80,80,80,80.0,80.0,80.0,80,80,1.9972059564461233,614.3009255467119
4254,0,388,0,0,224648,224728,762.481072,764.483349,2.0022769999999355,0.9965827711028091,33.7875,45.7125,1,0,0,0,80,80,80,80.0,80.0,80.0,80,80,1.9954347611746925,614.8000501429322
4254,0,389,0,0,224728,224808,764.483349,766.485625,2.0022760000000517,0.996531132732959,33.7875,45.7125,1,0,0,0,80,80,80,80.0,80.0,80.0,80,80,1.9953303703223355,613.8014938999261
4254,0,390,0,0,224808,224888,766.485625,768.487902,2.0022769999999355,0.9972072555008763,33.7875,45.7125,1,0,0,0,80,80,80,80.0,80.0,80.0,80,80,1.9966851519238844,643.2676397921174
4254,0,391,0,0,224888,224968,768.487902,770.49018,2.0022780000000466,0.9988201037226185,33.7875,45.7125,1,0,0,0,80,80,80,80.0,80.0,80.0,80,80,1.9999155196419451,617.7963299801382
4254,0,392,0,0,224968,225048,770.49018,772.492456,2.002275999999938,0.999289273535303,33.7875,45.7125,1,0,0,0,80,80,80,80.0,80.0,80.0,80,80,2.0008529294573236,612.3031989596029
4254,0,393,0,0,225048,225128,772.492456,774.494732,2.0022760000000517,0.9986127484328065,33.7875,45.7125,1,0,0,0,80,80,80,80.0,80.0,80.0,80,80,1.9994983394826704,629.7833065970763
4254,0,394,0,0,225128,225208,774.494732,776.497009,2.002277000000049,0.9964786903697523,33.7875,45.7125,1,0,0,0,80,80,80,80.0,80.0,80.0,80,80,1.995226362716494,624.7886780899792
4254,0,395,0,0,225208,225288,776.497009,778.499285,2.002275999999938,0.9976760213679209,33.7875,45.7125,1,0,0,0,80,80,80,80.0,80.0,80.0,80,80,1.9976227533588826,606.3100191981713
4254,0,396,0,0,225288,225368,778.499285,780.501561,2.0022760000000517,0.9967392943029436,33.7875,45.7125,1,0,0,0,80,80,80,80.0,80.0,80.0,80,80,1.9957471672387328,627.7855800099325
4254,0,397,0,0,225368,225448,780.501561,782.503839,2.002277999999933,0.9960099253348538,33.7875,45.7125,1,0,0,0,80,80,80,80.0,80.0,80.0,80,80,1.9942887612778577,647.2627677076027
4254,0,398,0,0,225448,225528,782.503839,784.506116,2.002277000000049,0.9970511344013137,33.7875,45.7125,1,0,0,0,80,80,80,80.0,80.0,80.0,80,80,1.9963725542365864,601.8148338116906
4254,0,399,0,0,225528,225608,784.506116,786.508394,2.002277999999933,1.0007455963217196,33.7875,45.7125,1,0,0,0,80,80,80,80.0,80.0,80.0,80,80,2.003770891111344,624.7883660510887
4254,0,400,0,0,225608,225688,786.508394,788.510672,2.0022780000000466,1.0027751696017588,33.7875,45.7125,1,0,0,0,80,80,80,80.0,80.0,80.0,80,80,2.0078346610389417,610.8042939092231
4254,0,401,0,0,225688,225768,788.510672,790.51295,2.0022780000000466,1.0018384434724885,33.7875,45.7125,1,0,0,0,80,80,80,80.0,80.0,80.0,80,80,2.005959074918792,569.8509397795777
4254,0,402,0,0,225768,225848,790.51295,792.515226,2.002275999999938,1.0025157778700668,33.7875,45.7125,1,0,0,0,80,80,80,80.0,80.0,80.0,80,80,2.0073132816505677,597.3202495560238
4254,0,403,0,0,225848,225928,792.515226,794.517504,2.0022780000000466,0.9987160230415886,33.7875,45.7125,1,0,0,0,80,80,80,80.0,80.0,80.0,80,80,1.9997071211837465,609.3060004654557
4254,0,404,0,0,225928,226008,794.517504,796.51978,2.002275999999938,0.9978841829379057,33.7875,45.7125,1,0,0,0,80,80,80,80.0,80.0,80.0,80,80,1.99803955027528,573.347530510297
4254,0,405,0,0,226008,226088,796.51978,798.522055,2.002275000000054,0.9962713326376276,33.7875,45.7125,1,0,0,0,80,80,80,80.0,80.0,80.0,80,80,1.9948091825572192,616.7983918292775
4254,0,406,0,0,226088,226168,798.522055,800.524332,2.0022769999999355,0.9969990940348539,33.7875,45.7125,1,0,0,0,80,80,80,80.0,80.0,80.0,80,80,1.9962683550074871,583.3358721096221
4254,0,407,0,0,226168,226248,800.524332,802.526609,2.002277000000049,0.9952817619401237,33.7875,45.7125,1,0,0,0,80,80,80,80.0,80.0,80.0,80,80,1.9928297804508475,607.8080105799398
4254,0,408,0,0,226248,226328,802.526609,804.528887,2.0022780000000466,0.9932517872875128,33.7875,45.7125,1,0,0,0,80,80,80,80.0,80.0,80.0,80,80,1.9887662021465076,615.7986053884482
4254,0,409,0,0,226328,226408,804.528887,806.531162,2.0022749999999405,0.9891938357234649,33.7875,45.7125,1,0,0,0,80,80,80,80.0,80.0,80.0,80,80,1.9806380874215392,590.328501329755
4254,0,410,0,0,226408,226488,806.531162,808.533438,2.0022760000000517,0.9819077824415291,33.7875,45.7125,1,0,0,0,80,80,80,80.0,80.0,80.0,80,80,1.9660503869963577,553.8696962856127
4254,0,411,0,0,226488,226568,808.533438,810.535715,2.0022769999999355,0.9872675454983088,33.7875,45.7125,1,0,0,0,80,80,80,80.0,80.0,80.0,80,80,1.9767830991986557,588.3301860831633
4254,0,412,0,0,226568,226648,810.535715,812.537993,2.0022780000000466,0.9854457362102621,33.7875,45.7125,1,0,0,0,80,80,80,80.0,80.0,80.0,80,80,1.973136317807075,579.8395627380279
4254,0,413,0,0,226648,226728,812.537993,814.540267,2.002273999999943,0.983677946941673,33.7875,45.7125,1,0,0,0,80,80,80,80.0,80.0,80.0,80,80,1.9695927775355813,569.8520781871175
4254,0,414,0,0,226728,226808,814.540267,816.542545,2.0022780000000466,0.9821151544173018,33.7875,45.7125,1,0,0,0,80,80,80,80.0,80.0,80.0,80,80,1.9664675671556324,591.3264791402455
4254,0,415,0,0,226808,226888,816.542545,818.544821,2.002275999999938,0.9835210346089561,33.7875,45.7125,1,0,0,0,80,80,80,80.0,80.0,80.0,80,80,1.9692805630911607,579.3407102717288
4254,0,416,0,0,226888,226968,818.544821,820.547097,2.0022760000000517,0.9859148926637359,33.7875,45.7125,1,0,0,0,80,80,80,80.0,80.0,80.0,80,80,1.9740737276224536,572.8480988634785
4254,0,417,0,0,226968,227048,820.547097,822.549374,2.0022769999999355,0.9833645180103897,33.7875,45.7125,1,0,0,0,80,80,80,80.0,80.0,80.0,80,80,1.9689681570271205,573.3472441625395
4254,0,418,0,0,227048,227128,822.549374,824.55165,2.0022760000000517,0.9827924691139645,33.7875,45.7125,1,0,0,0,80,80,80,80.0,80.0,80.0,80,80,1.9678217738874082,582.8367317991974
4254,0,419,0,0,227128,227208,824.55165,826.553928,2.0022780000000466,0.9834161629301769,33.7875,45.7125,1,0,0,0,80,80,80,80.0,80.0,80.0,80,80,1.9690725478794775,575.8441135546478
4254,0,420,0,0,227208,227288,826.553928,828.556204,2.002275999999938,0.9847700040288646,33.7875,45.7125,1,0,0,0,80,80,80,80.0,80.0,80.0,80,80,1.9717813445859065,563.8583292213635
4254,0,421,0,0,227288,227368,828.556204,830.55848,2.0022760000000517,0.9854985695237664,33.7875,45.7125,1,0,0,0,80,80,80,80.0,80.0,80.0,80,80,1.973240133793297,575.8446887441942
4254,0,422,0,0,227368,227448,830.55848,832.560757,2.0022769999999355,0.9847696079060407,33.7875,45.7125,1,0,0,0,80,80,80,80.0,80.0,80.0,80,80,1.9717815362091642,590.3279116725798
4254,0,423,0,0,227448,227528,832.560757,834.563034,2.002277000000049,0.9847175675394899,33.7875,45.7125,1,0,0,0,80,80,80,80.0,80.0,80.0,80,80,1.9716773369800649,566.8546359969035
4254,0,424,0,0,227528,227608,834.563034,836.56531,2.002275999999938,0.984822044421361,33.7875,45.7125,1,0,0,0,80,80,80,80.0,80.0,80.0,80,80,1.9718855438150058,574.845825450655
4254,0,425,0,0,227608,227688,836.56531,838.567586,2.0022760000000517,0.9857067310937513,33.7875,45.7125,1,0,0,0,80,80,80,80.0,80.0,80.0,80,80,1.9736569307060563,545.8787899370376
4254,0,426,0,0,227688,227769,838.567586,840.569866,2.0022800000000416,1.1111222401002625,33.7875,45.7125,1,0,0,0,81,80,80,81.0,80.0,81.0,81,80,2.224777838906448,771.1209221487344
4254,0,427,0,0,227769,227857,840.569866,842.57214,2.002273999999943,2.7550826365107355,33.7875,45.7125,1,0,0,1,88,80,80,88.0,80.0,88.0,88,80,5.516430330935691,3528.4881090201447
4254,0,428,0,0,227857,227945,842.57214,844.574416,2.0022760000000517,2.7295802836411105,33.7875,45.7125,1,0,0,1,88,80,80,88.0,80.0,88.0,88,80,5.465373092007212,3486.53232621268
4254,0,429,0,0,227945,228036,844.574416,846.576694,2.002277999999933,3.609059503274442,33.7875,45.7125,1,0,0,1,91,80,80,91.0,80.0,91.0,91,80,7.226340444096422,4525.8450624739935
4254,0,430,0,0,228036,228126,846.576694,848.578969,2.002275000000054,4.346581434400792,33.7875,45.7125,1,0,0,1,90,80,80,90.0,80.0,90.0,90,80,8.703051341566606,5401.855389494303
4254,0,431,0,0,228126,228233,848.578969,850.581245,2.002275999999938,7.1937612731422576,33.7875,45.7125,1,0,0,1,107,80,80,107.0,80.0,107.0,107,80,14.403895546940475,8940.325909115703
4254,0,432,0,0,228233,228359,850.581245,852.583522,2.002277000000049,9.316796568015707,33.7875,45.7125,1,0,0,1,126,80,80,126.0,80.0,126.0,126,80,18.654807481816533,11505.401100846404
4254,0,433,0,0,228359,228498,852.583522,854.585799,2.0022769999999355,11.178904962319177,33.7875,45.7125,1,0,0,1,139,80,80,139.0,80.0,139.0,139,80,22.383264291238447,13578.540831264045
4254,0,434,0,0,228498,228687,854.585799,856.588076,2.002277000000049,14.80721135545445,33.7875,45.7125,1,0,0,1,189,80,80,189.0,80.0,189.0,189,80,29.64813873116509,17747.294704977947
4254,0,435,0,0,228687,228876,856.588076,858.590351,2.002275000000054,16.215387638271984,33.7875,45.7125,1,0,0,1,189,80,80,189.0,80.0,189.0,189,80,32.4676652834205,18988.90012610604
4254,0,436,0,0,228876,229093,858.590351,860.592628,2.0022769999999355,17.643307249276816,33.7875,45.7125,1,0,0,1,217,80,80,217.0,80.0,217.0,217,80,35.326788309157564,21461.06657570425
4254,0,437,0,0,229093,229355,860.592628,862.594904,2.0022760000000517,19.960466481484914,33.7875,45.7125,1,0,0,1,262,80,80,262.0,80.0,262.0,262,80,39.966362984683656,23357.41925688506
4254,0,438,0,0,229355,229645,862.594904,864.597181,2.0022769999999355,21.645003272090516,33.7875,45.7125,1,0,0,1,290,80,80,290.0,80.0,290.0,290,80,43.33929221663129,25477.493873226154
4254,0,439,0,0,229645,229950,864.597181,866.599458,2.002277000000049,23.961059783420364,33.7875,45.7125,1,0,0,1,305,80,80,305.0,80.0,305.0,305,80,47.976678899969556,27967.65882043225
4254,0,440,0,0,229950,230330,866.599458,868.601735,2.0022769999999355,26.935010608116553,33.7875,45.7125,1,0,0,1,380,80,80,380.0,80.0,380.0,380,80,53.93135223538775,31809.285128881795
4254,0,441,0,0,230330,230702,868.601735,870.604011,2.0022760000000517,28.172232255813867,33.7875,45.7125,1,0,0,1,372,80,80,372.0,80.0,372.0,372,80,56.40858451224267,33370.52434329646
4254,0,442,0,0,230702,231134,870.604011,872.604785,2.0007739999999785,29.94779456247099,33.7875,45.7125,1,0,0,1,432,80,80,433.0,79.0,432.0,432,79,59.918768717932835,35330.826969963004
4254,0,443,0,0,231134,231625,872.604785,874.608564,2.0037790000000086,31.885878005343713,33.7875,45.7125,1,0,0,1,491,80,80,491.0,81.0,491.0,491,81,63.892252743669815,37348.929198279686
4254,0,444,0,0,231625,232131,874.608564,876.60994,2.0013760000000502,33.1680489070984,33.7875,45.7125,1,0,0,1,506,80,80,506.0,79.0,506.0,506,79,66.3817370494944,38849.771357305195
4254,0,445,0,0,232131,232703,876.60994,878.610483,2.0005429999999933,35.58364937456014,33.7875,45.7125,1,1,0,1,572,80,80,572.0,80.0,572.0,572,80,71.18662067073092,41079.34695730123
4254,0,446,0,0,232703,233406,878.610483,880.613527,2.0030439999999317,38.06114970039799,33.7875,45.7125,1,1,1,1,703,80,80,703.0,80.0,703.0,703,80,76.23815754047973,44829.26985128787
4254,0,447,0,0,233406,234000,880.613527,882.342646,1.7291189999999688,38.97896894244555,33.7875,45.7125,1,1,1,1,594,70,70,594.0,70.0,594.0,594,70,67.39927579879077,44530.76971567682
4254,0,448,0,0,234000,234719,882.342646,884.344634,2.0019880000000967,39.40215216904675,33.7875,45.7125,1,1,1,1,719,79,79,721.0,80.0,719.0,719,80,78.88263581660794,46021.254872654354
4254,0,449,0,0,234719,235399,884.344634,886.345151,2.0005169999999453,39.17320970335881,33.7875,45.7125,1,1,1,1,680,80,80,680.0,79.0,680.0,680,79,78.36667195613336,44752.43149645939
4254,0,450,0,0,235399,236072,886.345151,888.346983,2.001832000000036,39.032463885670424,33.7875,45.7125,1,1,1,1,673,80,80,673.0,80.0,673.0,673,80,78.13643524518193,44497.740070094995
4254,0,451,0,0,236072,236812,888.346983,890.347914,2.000930999999923,39.51982963731097,33.7875,45.7125,1,1,1,1,740,80,80,740.0,80.0,740.0,740,80,79.07645223601139,46348.42480825354
4254,0,452,0,0,236812,237497,890.347914,892.353741,2.0058270000000675,39.62289961419113,33.7875,45.7125,1,1,1,1,685,80,80,685.0,81.0,685.0,685,81,79.47668186443843,45380.2845409883
4254,0,453,0,0,237497,238195,892.353741,894.356016,2.0022749999999405,39.58471000438535,33.7875,45.7125,1,1,1,1,698,80,80,698.0,80.0,698.0,698,80,79.2594752240293,45569.16507472885
4254,0,454,0,0,238195,238867,894.356016,896.358292,2.0022760000000517,39.23778907384894,33.7875,45.7125,1,1,1,1,672,80,80,674.0,80.0,672.0,672,80,78.56488335563336,44252.14106346863
4254,0,455,0,0,238867,239518,896.358292,898.360569,2.002277000000049,38.890816449474656,33.7875,45.7125,1,1,1,1,651,79,79,652.0,80.0,651.0,651,79,77.87018728800831,45000.766627193836
4254,0,456,0,0,239518,240216,898.360569,900.362845,2.002275999999938,39.31319560257813,33.7875,45.7125,1,1,1,1,698,80,80,698.0,80.0,698.0,698,80,78.71586803834361,45592.116171797905
4254,0,457,0,0,240216,240945,900.362845,902.365121,2.0022760000000517,39.387353161882984,33.7875,45.7125,1,1,1,1,729,80,80,729.0,80.0,729.0,729,80,78.86435193956277,45995.157510751575
4254,0,458,0,0,240945,241623,902.365121,904.3674,2.0022789999999304,39.65753978853373,33.7875,45.7125,1,1,1,1,678,80,80,678.0,80.0,678.0,678,80,79.4054591102431,45196.99802075692
4254,0,459,0,0,241623,242277,904.3674,906.369675,2.002275000000054,39.18873446011688,33.7875,45.7125,1,1,1,1,654,80,80,654.0,80.0,654.0,654,80,78.46662329113315,44225.69327389974
4254,0,460,0,0,242277,242921,906.369675,908.37056,2.0008849999999256,39.1829651492077,33.7875,45.7125,1,1,1,1,644,80,80,644.0,79.0,644.0,644,79,78.40060722257113,44069.49924658502
4254,0,461,0,0,242921,243608,908.37056,910.374227,2.003667000000064,38.95206495735834,33.7875,45.7125,1,1,1,1,687,80,80,687.0,81.0,687.0,687,81,78.04696713691737,44897.68010352874
4254,0,462,0,0,243608,244362,910.374227,912.376507,2.002279999999928,40.12468574821409,33.7875,45.7125,1,1,1,1,754,80,80,754.0,80.0,754.0,754,80,80.34085577993028,46652.31635935202
4254,0,463,0,0,244362,245032,912.376507,914.378781,2.0022740000000567,39.58769598389256,33.7875,45.7125,1,1,1,1,670,80,80,670.0,80.0,670.0,670,80,79.26541438845379,44904.44364757144
4254,0,464,0,0,245032,245733,914.378781,916.381057,2.0022760000000517,39.455109752913025,33.7875,45.7125,1,1,1,1,701,80,80,701.0,80.0,701.0,701,80,79.00001933562453,45131.14076181189
4254,0,465,0,0,245733,246448,916.381057,918.382847,2.0017899999999145,39.533248138353926,33.7875,45.7125,1,1,1,1,715,80,80,715.0,79.0,715.0,715,79,79.13726079087064,45081.152368632
4254,0,466,0,0,246448,247000,918.382847,920.034904,1.6520570000000134,39.119287771660666,33.7875,45.7125,1,1,1,1,552,66,66,552.0,66.0,552.0,552,66,64.62729319818754,44451.25077403468
4254,0,467,0,0,247000,247663,920.034904,922.036998,2.0020940000000564,39.372179998479325,33.7875,45.7125,1,1,1,1,663,79,79,665.0,80.0,663.0,663,79,78.82680534187602,45139.73869358654
4254,0,468,0,0,247663,248358,922.036998,924.039111,2.0021130000000085,39.43499035599809,33.7875,45.7125,1,1,1,1,695,80,80,696.0,80.0,696.0,695,80,78.95330684661894,45900.0066429815
4254,0,469,0,0,248358,249046,924.039111,926.042042,2.0029309999999896,39.275274746576294,33.7875,45.7125,1,1,1,1,688,80,80,687.0,81.0,687.0,688,81,78.66566532343495,46153.36224762634
4254,0,470,0,0,249046,249717,926.042042,928.044317,2.0022749999999405,39.509719761345835,33.7875,45.7125,1,1,1,1,671,80,80,671.0,80.0,671.0,671,80,79.1093241351482,45379.88038606221
4254,0,471,0,0,249717,250382,928.044317,930.046595,2.0022780000000466,39.36535298704812,33.7875,45.7125,1,1,1,1,665,80,80,667.0,80.0,666.0,665,80,78.82038024820213,45082.65086066865
4254,0,472,0,0,250382,251040,930.046595,932.04887,2.0022749999999405,38.98697375764567,33.7875,45.7125,1,1,1,1,658,80,80,657.0,80.0,657.0,658,80,78.0626428805881,45284.988325780774
4254,0,473,0,0,251040,251787,932.04887,934.049551,2.000680999999986,39.71374913451355,33.7875,45.7125,1,1,1,1,747,80,80,747.0,79.0,747.0,747,79,79.45454333218731,46671.10848756031
4254,0,474,0,0,251787,252509,934.049551,936.052349,2.002798000000098,39.541125932828876,33.7875,45.7125,1,1,1,1,722,80,80,722.0,80.0,722.0,722,80,79.19288793602027,46045.082928980104
4254,0,475,0,0,252509,253188,936.052349,938.053928,2.0015789999999924,39.38168838943307,33.7875,45.7125,1,1,1,1,679,80,80,679.0,80.0,679.0,679,80,78.82556046483296,45203.311985187866
4254,0,476,0,0,253188,253844,938.053928,940.057978,2.0040500000000065,39.19953351886612,33.7875,45.7125,1,1,1,1,656,80,80,656.0,81.0,656.0,656,81,78.55782514848397,44991.891419874606
4254,0,477,0,0,253844,254503,940.057978,942.060253,2.0022749999999405,39.385707444091736,33.7875,45.7125,1,1,1,1,659,80,80,659.0,80.0,659.0,659,80,78.8610173726156,45021.78771647385
4254,0,478,0,0,254503,255215,942.060253,944.061198,2.0009450000000015,39.21866506775139,33.7875,45.7125,1,1,1,1,712,80,80,712.0,79.0,712.0,712,79,78.47439177399065,46248.147750188
4254,0,479,0,0,255215,255915,944.061198,946.063294,2.0020960000000514,39.4030556312496,33.7875,45.7125,1,1,1,1,700,80,80,700.0,80.0,700.0,700,80,78.88870006710567,45232.59623914022
4254,0,480,0,0,255915,256655,946.063294,948.067082,2.003787999999986,39.78309440219721,33.7875,45.7125,1,1,1,1,740,80,80,740.0,81.0,740.0,740,81,79.71688716598874,46944.58695231265
4254,0,481,0,0,256655,257304,948.067082,950.069359,2.0022769999999355,39.632287591448474,33.7875,45.7125,1,1,1,1,649,80,80,649.0,80.0,649.0,649,80,79.35481790174163,44466.37503202747
4254,0,482,0,0,257304,257992,950.069359,952.069751,2.0003920000000335,39.651482289255995,33.7875,45.7125,1,1,1,1,688,80,80,688.0,79.0,688.0,688,79,79.31850795957143,45374.60657711013
4254,0,483,0,0,257992,258644,952.069751,954.069816,2.0000649999999496,40.01209543554372,33.7875,45.7125,1,1,1,1,652,80,80,652.0,80.0,652.0,652,80,80.02679165728841,45684.51525325542
4254,0,484,0,0,258644,259348,954.069816,956.07619,2.0063740000000507,39.95771892535957,33.7875,45.7125,1,1,1,1,704,80,80,704.0,81.0,704.0,704,81,80.1701283511502,46550.14468887537
4254,0,485,0,0,259348,260000,956.07619,957.973815,1.8976249999999482,39.308483776848284,33.7875,45.7125,1,1,1,1,652,76,76,653.0,75.0,652.0,652,75,74.59276152704115,45326.65832290487
4254,0,486,0,0,260000,260706,957.973815,959.975431,2.0016160000000127,39.966611418111455,33.7875,45.7125,1,1,1,1,706,80,80,708.0,80.0,706.0,706,80,79.99780888027453,46036.30266744441
4254,0,487,0,0,260706,261395,959.975431,961.977715,2.0022840000000315,39.90504843447881,33.7875,45.7125,1,1,1,1,689,80,80,689.0,80.0,689.0,689,80,79.9012399995845,46103.849403979926
4254,0,488,0,0,261395,262092,961.977715,963.981216,2.0035010000000284,39.43047878802927,33.7875,45.7125,1,1,1,1,697,80,80,697.0,80.0,697.0,697,80,78.99900368229646,45722.46282881751
4254,0,489,0,0,262092,262806,963.981216,965.981602,2.000385999999935,39.557422719385805,33.7875,45.7125,1,1,1,1,714,80,80,714.0,80.0,714.0,714,80,79.13011460394046,46641.9980943693
4254,0,490,0,0,262806,263472,965.981602,967.985323,2.0037210000000414,39.182069089779326,33.7875,45.7125,1,1,1,1,666,80,80,666.0,80.0,666.0,666,80,78.50993465864303,44665.40002325581
4254,0,491,0,0,263472,264202,967.985323,969.985943,2.0006200000000263,39.68443327322047,33.7875,45.7125,1,1,1,1,730,80,80,730.0,80.0,730.0,730,80,79.39347089507282,45773.81011886255
4254,0,492,0,0,264202,264932,969.985943,971.989207,2.0032639999999446,39.549501399816414,33.7875,45.7125,1,1,1,1,730,80,80,730.0,80.0,730.0,730,80,79.22809237219917,45200.23321938721
4254,0,493,0,0,264932,265590,971.989207,973.993323,2.0041160000000673,39.75197023706074,33.7875,45.7125,1,1,1,1,658,80,80,658.0,80.0,658.0,658,80,79.66755958362046,45436.99067319304
4254,0,494,0,0,265590,266309,973.993323,975.994194,2.000870999999961,39.58813613908898,33.7875,45.7125,1,1,1,1,719,80,80,719.0,80.0,719.0,719,80,79.21075354475397,46055.942636982494
4254,0,495,0,0,266309,266982,975.994194,978.001117,2.006923000000029,39.49897978304342,33.7875,45.7125,1,1,1,1,673,80,80,673.0,81.0,673.0,673,81,79.27141100312656,45050.05922000929
4254,0,496,0,0,266982,267582,978.001117,980.001689,2.0005720000000338,38.96098656848992,33.7875,45.7125,1,1,1,1,600,80,80,600.0,79.0,600.0,600,79,77.94425882129872,44898.65898352995
4254,0,497,0,0,267582,268264,980.001689,982.004295,2.0026059999999006,39.33312907421659,33.7875,45.7125,1,1,1,1,682,80,80,682.0,80.0,682.0,682,80,78.7687602827973,45140.18234241008
4254,0,498,0,0,268264,268916,982.004295,984.006178,2.0018830000000207,39.0578119838961,33.7875,45.7125,1,1,1,1,652,80,80,652.0,80.0,652.0,652,80,78.18916982775772,44201.384396590154
4254,0,499,0,0,268916,269617,984.006178,986.010223,2.004045000000019,39.12975029337919,33.7875,45.7125,1,1,1,1,701,80,80,701.0,81.0,701.0,701,81,78.41778042669466,45652.66748002122
4254,0,500,0,0,269617,270325,986.010223,988.012499,2.0022760000000517,39.82355573178606,33.7875,45.7125,1,1,1,1,708,80,80,708.0,80.0,708.0,708,80,79.73774987641809,45691.50306950572
4254,0,501,0,0,270325,271019,988.012499,990.014222,2.00172299999997,38.85608308559979,33.7875,45.7125,1,1,1,1,694,80,80,694.0,79.0,694.0,694,79,77.77911520235648,45303.471059682764
4254,0,502,0,0,271019,271736,990.014222,992.017053,2.0028310000000147,39.35313205966865,33.7875,45.7125,1,1,1,1,717,80,80,717.0,81.0,717.0,717,81,78.81767283619774,45608.441251408294
4254,0,503,0,0,271736,272440,992.017053,994.017208,2.0001549999999497,39.22251433688417,33.7875,45.7125,1,1,1,1,704,80,80,704.0,79.0,704.0,704,79,78.45110816348824,45276.991033196064
4254,0,504,0,0,272440,273000,994.017208,995.786631,1.7694230000000744,39.30657637509987,33.7875,45.7125,1,1,1,1,560,71,71,560.0,71.0,560.0,560,71,69.54996028936148,45325.51006740425
4254,0,505,0,0,273000,273707,995.786631,997.787048,2.0004169999999704,39.4068491540297,33.7875,45.7125,1,1,1,1,707,80,80,707.0,80.0,707.0,707,80,78.8301309641538,45969.4153768946
4254,0,506,0,0,273707,274415,997.787048,999.79201,2.0049619999999777,39.46955156190431,33.7875,45.7125,1,1,1,1,708,80,80,708.0,80.0,708.0,708,80,79.13495103865716,46537.04159979144
4254,0,507,0,0,274415,275130,999.79201,1001.794266,2.0022559999999885,39.936932425209484,33.7875,45.7125,1,1,1,1,715,80,80,715.0,80.0,715.0,715,80,79.96396256997105,46294.779488736975
4254,0,508,0,0,275130,275901,1001.794266,1003.80011,2.0058440000000246,40.292484549268146,33.7875,45.7125,1,1,1,1,771,80,80,771.0,80.0,771.0,771,80,80.82043837824313,47159.69935847396
4254,0,509,0,0,275901,276651,1003.80011,1005.801827,2.001716999999985,40.406863149530665,33.7875,45.7125,1,1,1,1,750,80,80,750.0,80.0,750.0,750,80,80.88310488308707,46939.70226560533
4254,0,510,0,0,276651,277331,1005.801827,1007.803172,2.001345000000015,40.67929491195405,33.7875,45.7125,1,1,1,1,680,80,80,680.0,80.0,680.0,680,80,81.41330347556504,46424.779335896266
4254,0,511,0,0,277331,278044,1007.803172,1009.803413,2.00024099999996,40.04161883191498,33.7875,45.7125,1,1,1,1,713,80,80,713.0,80.0,713.0,713,80,80.09288769396517,46234.92869109365
4254,0,512,0,0,278044,278771,1009.803413,1011.806105,2.0026920000000246,40.519647830668376,33.7875,45.7125,1,1,1,1,727,80,80,727.0,80.0,727.0,727,80,81.14837455329689,46772.544155566036
4254,0,513,0,0,278771,279474,1011.806105,1013.811943,2.0058380000000398,40.10107230566887,33.7875,45.7125,1,1,1,1,703,80,80,703.0,80.0,703.0,703,80,80.4362546714583,46638.8611642606
4254,0,514,0,0,279474,280167,1013.811943,1015.815402,2.003458999999907,40.125006276430554,33.7875,45.7125,1,1,1,1,693,80,80,693.0,80.0,693.0,693,80,80.38880494956902,46993.7243537324
4254,0,515,0,0,280167,280839,1015.815402,1017.816232,2.0008300000000645,40.04384478086563,33.7875,45.7125,1,1,1,1,672,80,80,672.0,80.0,672.0,672,80,80.12092595290233,46181.33474607889
4254,0,516,0,0,280839,281508,1017.816232,1019.819576,2.00334399999997,40.07268533143726,33.7875,45.7125,1,1,1,1,669,80,80,669.0,80.0,669.0,669,80,80.27937372262022,45430.540136891796
4254,0,517,0,0,281508,282142,1019.819576,1021.823223,2.003647000000001,40.2254249526556,33.7875,45.7125,1,1,1,1,634,80,80,634.0,80.0,634.0,634,80,80.59755203011446,46255.65281708802
4254,0,518,0,0,282142,282871,1021.823223,1023.824656,2.00143300000002,40.282570032423614,33.7875,45.7125,1,1,1,1,729,80,80,729.0,80.0,729.0,729,80,80.62286498770482,47292.61484146562
4254,0,519,0,0,282871,283614,1023.824656,1025.828706,2.0040500000000065,40.25304255132172,33.7875,45.7125,1,1,1,1,743,80,80,743.0,80.0,743.0,743,80,80.66910992497651,47314.18876774516
4254,0,520,0,0,283614,284380,1025.828706,1027.829907,2.0012010000000373,40.02359574838287,33.7875,45.7125,1,1,1,1,766,80,80,766.0,80.0,766.0,766,80,80.09525983525964,46373.15292166967
4254,0,521,0,0,284380,285110,1027.829907,1029.83505,2.005142999999862,39.81620479239878,33.7875,45.7125,1,1,1,1,730,80,80,730.0,81.0,730.0,730,81,79.83718432603928,46974.704547259964
4254,0,522,0,0,285110,285758,1029.83505,1031.836479,2.001429000000144,38.93907539079513,33.7875,45.7125,1,1,1,1,648,80,79,648.0,79.0,648.0,648,78,77.93379472032757,45412.552731070384
4254,0,523,0,0,285758,286000,1031.836479,1032.499265,0.6627859999998691,38.73121612429057,33.7875,45.7125,1,1,1,1,242,27,27,242.0,27.0,242.0,242,27,25.670507810147683,46392.04811206947
4254,0,524,0,0,286000,286736,1032.499265,1034.499858,2.0005929999999807,39.045633062899235,33.7875,45.7125,1,1,1,1,736,80,80,736.0,80.0,736.0,736,80,78.11442018620437,46316.76707856165
4254,0,525,0,0,286736,287399,1034.499858,1036.509448,2.0095900000001166,39.19476590160498,33.7875,45.7125,1,1,1,1,663,80,80,663.0,80.0,663.0,663,80,78.76540960821148,45594.37497200657
4254,0,526,0,0,287399,288116,1036.509448,1038.511448,2.0019999999999527,39.29329386878714,33.7875,45.7125,1,1,1,1,717,80,80,717.0,80.0,717.0,717,80,78.66517432530964,45783.21678321787
4254,0,527,0,0,288116,288802,1038.511448,1040.512363,2.0009150000000773,39.008603635993005,33.7875,45.7125,1,1,1,1,686,80,80,686.0,80.0,686.0,686,80,78.05290014431739,45107.363381251336
4254,0,528,0,0,288802,289470,1040.512363,1042.512455,2.000091999999995,39.56753329494816,33.7875,45.7125,1,1,1,1,668,80,80,668.0,80.0,668.0,668,80,79.13870680295804,45096.42556442415
4254,0,529,0,0,289470,290180,1042.512455,1044.514571,2.002115999999887,39.250902019667684,33.7875,45.7125,1,1,1,1,710,80,80,710.0,80.0,710.0,710,80,78.5848589480047,45794.54936677254
4254,0,530,0,0,290180,290859,1044.514571,1046.51482,2.000249000000167,39.15092741376422,33.7875,45.7125,1,1,1,1,679,80,80,679.0,80.0,679.0,679,80,78.31160340845963,45870.289148997115
4254,0,531,0,0,290859,291565,1046.51482,1048.515671,2.0008510000000115,39.21299940501427,33.7875,45.7125,1,1,1,1,706,80,80,706.0,80.0,706.0,706,80,78.45936907252326,45846.99210485912
4254,0,532,0,0,291565,292278,1048.515671,1050.518391,2.002719999999954,39.39609319405307,33.7875,45.7125,1,1,1,1,713,80,80,713.0,80.0,713.0,713,80,78.89934376159363,46148.737716706346
4254,0,533,0,0,292278,292953,1050.518391,1052.520204,2.0018129999998564,39.2904400102879,33.7875,45.7125,1,1,1,1,675,80,80,675.0,80.0,675.0,675,80,78.65211358830857,44711.968600466884
4254,0,534,0,0,292953,293630,1052.520204,1054.52099,2.000786000000062,38.64717726598119,33.7875,45.7125,1,1,1,1,677,80,80,677.0,80.0,677.0,677,80,77.32473121329531,44147.649973559026
4254,0,535,0,0,293630,294336,1054.52099,1056.524424,2.00343399999997,39.61923620376133,33.7875,45.7125,1,1,1,1,706,80,80,706.0,80.0,706.0,706,80,79.37452486464463,45863.25279495175
4254,0,536,0,0,294336,295013,1056.524424,1058.527228,2.002803999999969,39.28347601791035,33.7875,45.7125,1,1,1,1,677,80,80,677.0,80.0,677.0,677,80,78.67710290257673,45100.7687222521
4254,0,537,0,0,295013,295703,1058.527228,1060.534162,2.006934000000001,38.663948943550565,33.7875,45.7125,1,1,1,1,690,80,80,690.0,80.0,690.0,690,80,77.59599370907381,44690.557835982625
4254,0,538,0,0,295703,296401,1060.534162,1062.5347,2.000538000000006,39.18165505934868,33.7875,45.7125,1,1,1,1,698,80,80,699.0,80.0,698.0,698,80,78.38438984911772,45612.730175582634
4254,0,539,0,0,296401,297090,1062.5347,1064.538006,2.003306000000066,39.072543425093926,33.7875,45.7125,1,1,1,1,689,80,79,689.0,80.0,689.0,689,79,78.27426067875058,45836.731882197215
4254,0,540,0,0,297090,297781,1064.538006,1066.548573,2.0105670000000373,38.65491195933505,33.7875,45.7125,1,1,1,1,691,80,80,691.0,80.0,691.0,691,80,77.71829037334828,44530.224558544105
4254,0,541,0,0,297781,298501,1066.548573,1068.550656,2.002082999999857,39.275538760883705,33.7875,45.7125,1,1,1,1,720,80,80,720.0,80.0,720.0,720,80,78.63288846900105,46115.47073723048
4254,0,542,0,0,298501,299000,1068.550656,1069.936266,1.3856100000000424,39.02382887114029,33.7875,45.7125,1,1,1,1,499,56,56,499.0,56.0,499.0,499,56,54.07180752214481,45129.581916988245
4254,0,543,0,0,299000,299648,1069.936266,1071.941586,2.0053199999999833,39.29787379720232,33.7875,45.7125,1,1,1,1,648,80,80,648.0,80.0,648.0,648,80,78.80481228300778,44422.33658468511
4254,0,544,0,0,299648,300318,1071.941586,1073.946321,2.0047349999999824,39.59001075919763,33.7875,45.7125,1,1,1,1,670,80,80,670.0,80.0,670.0,670,80,79.36748021934181,45328.18552077995
4254,0,545,0,0,300318,301083,1073.946321,1075.954928,2.008607000000211,39.34032837858377,33.7875,45.7125,1,1,1,1,765,80,80,765.0,80.0,765.0,765,80,79.0192589635335,46039.867430507955
4254,0,546,0,0,301083,301754,1075.954928,1077.955635,2.0007069999999203,39.38590516281201,33.7875,45.7125,1,1,1,1,671,78,78,682.0,80.0,671.0,671,78,78.7996561605687,44718.691942400146
4254,0,547,0,0,301754,302457,1077.955635,1079.956466,2.000831000000062,39.61459818431253,33.7875,45.7125,1,1,1,1,703,80,80,703.0,80.0,703.0,703,80,79.26211609971506,46262.777815816095
4254,0,548,0,0,302457,303134,1079.956466,1081.956969,2.0005029999999806,39.759143277195875,33.7875,45.7125,1,1,1,1,677,80,80,677.0,80.0,677.0,677,80,79.53828540346149,46403.82943689707
4254,0,549,0,0,303134,303813,1081.956969,1083.958781,2.0018119999999726,39.445315595441286,33.7875,45.7125,1,1,1,1,679,80,80,679.0,80.0,679.0,679,80,78.96210610274284,44988.74020137817
4254,0,550,0,0,303813,304524,1083.958781,1085.960051,2.001269999999977,40.10573716710046,33.7875,45.7125,1,1,1,1,711,80,80,711.0,80.0,711.0,711,80,80.2624086204014,45876.36850599922
4254,0,551,0,0,304524,305222,1085.960051,1087.968863,2.0088120000000345,39.91599245193775,33.7875,45.7125,1,1,1,1,698,80,80,698.0,80.0,698.0,698,80,80.18372462936532,46027.70194522853
4254,0,552,0,0,305222,305913,1087.968863,1089.970988,2.002124999999978,39.54446456672964,33.7875,45.7125,1,1,1,1,691,80,80,691.0,80.0,691.0,691,80,79.17296112066106,46289.817069364304
4254,0,553,0,0,305913,306579,1089.970988,1091.976063,2.0050750000000335,39.409653777478766,33.7875,45.7125,1,1,1,1,666,80,80,666.0,80.0,666.0,666,80,79.01931154787599,45631.70953704898
4254,0,554,0,0,306579,307255,1091.976063,1093.980314,2.00425099999984,39.30791801978318,33.7875,45.7125,1,1,1,1,676,80,80,676.0,80.0,676.0,676,80,78.78293399906397,45704.85433212073
4254,0,555,0,0,307255,307954,1093.980314,1095.981062,2.000748000000158,39.46895100015237,33.7875,45.7125,1,1,1,1,699,80,80,699.0,80.0,699.0,699,80,78.96742477565567,45855.84991212925
4254,0,556,0,0,307954,308621,1095.981062,1097.98665,2.005587999999989,39.67425362251032,33.7875,45.7125,1,1,1,1,667,80,80,667.0,80.0,667.0,667,80,79.57020697426196,44721.547994902496
4254,0,557,0,0,308621,309310,1097.98665,1099.98982,2.0031699999999546,39.46822485953476,33.7875,45.7125,1,1,1,1,689,80,80,689.0,81.0,689.0,689,81,79.06156399187603,45929.20221449107
4254,0,558,0,0,309310,310106,1099.98982,1101.992095,2.002275000000054,40.74443073036196,33.7875,45.7125,1,1,1,1,796,80,80,796.0,80.0,796.0,796,80,81.58155504064052,47942.9648774506
4254,0,559,0,0,310106,310849,1101.992095,1103.994373,2.002277999999933,39.993375816385466,33.7875,45.7125,1,1,1,1,743,80,80,743.0,80.0,743.0,743,80,80.07785654287727,46787.209368530814
4254,0,560,0,0,310849,311529,1103.994373,1105.996649,2.002275999999938,39.908277490772115,33.7875,45.7125,1,1,1,1,680,80,80,680.0,80.0,680.0,680,80,79.90738622110803,45527.19005771573
4254,0,561,0,0,311529,312000,1105.996649,1107.37322,1.3765710000000126,39.781880864024615,33.7875,45.7125,1,1,1,1,471,55,55,471.0,55.0,471.0,471,55,54.762583522868226,46036.8553456374
4254,0,562,0,0,312000,312725,1107.37322,1109.375491,2.0022710000000643,39.54497770152398,33.7875,45.7125,1,1,1,1,725,80,80,725.0,80.0,725.0,725,80,79.1797620474099,45810.98163035726
4254,0,563,0,0,312725,313438,1109.375491,1111.375774,2.0002830000000813,39.63644210703304,33.7875,45.7125,1,1,1,1,713,80,80,713.0,79.0,713.0,713,79,79.28410132718273,45710.03203046583
4254,0,564,0,0,313438,314113,1111.375774,1113.37758,2.0018059999999878,39.56786099124485,33.7875,45.7125,1,1,1,1,675,80,80,675.0,80.0,675.0,675,80,79.20718153943744,45697.235396437296
4254,0,565,0,0,314113,314833,1113.37758,1115.382318,2.004737999999861,39.71583884112042,33.7875,45.7125,1,1,1,1,720,80,80,720.0,81.0,720.0,720,81,79.6198513266645,45813.46789456096
4254,0,566,0,0,314833,315538,1115.382318,1117.384598,2.0022800000001553,39.617136814138235,33.7875,45.7125,1,1,1,1,705,80,80,705.0,80.0,705.0,705,80,79.32460070021625,45553.56893141465
4254,0,567,0,0,315538,316237,1117.384598,1119.385498,2.0009000000000015,39.3733758174977,33.7875,45.7125,1,1,1,1,699,80,80,699.0,79.0,699.0,699,79,78.78218767323415,46368.634114648376
4254,0,568,0,0,316237,316932,1119.385498,1121.38915,2.0036519999998745,38.98948645375538,33.7875,45.7125,1,1,1,1,695,80,80,695.0,81.0,695.0,695,81,78.12136251203628,45511.895279223
4254,0,569,0,0,316932,317621,1121.38915,1123.389873,2.0007230000001073,39.19065333514736,33.7875,45.7125,1,1,1,1,689,80,80,689.0,79.0,689.0,689,79,78.40964151266235,45106.19411082652
4254,0,570,0,0,317621,318322,1123.389873,1125.390183,2.0003099999998994,38.96465809652361,33.7875,45.7125,1,1,1,1,701,80,80,701.0,80.0,701.0,701,80,77.94139523705235,45506.946423306676
4254,0,571,0,0,318322,319019,1125.390183,1127.392828,2.0026450000000295,39.82025966943956,33.7875,45.7125,1,1,1,1,697,80,80,697.0,80.0,697.0,697,80,79.7458439257025,46193.9085559341
4254,0,572,0,0,319019,319712,1127.392828,1129.397676,2.004848000000038,39.29325556967165,33.7875,45.7125,1,1,1,1,693,80,80,693.0,80.0,693.0,693,80,78.7770048423481,46052.36905740397
4254,0,573,0,0,319712,320386,1129.397676,1131.39918,2.0015039999998407,39.17340529912438,33.7875,45.7125,1,1,1,1,674,80,80,674.0,80.0,674.0,674,80,78.40572739981144,45652.66919277067
4254,0,574,0,0,320386,321091,1131.39918,1133.402808,2.0036280000001625,39.50849580097187,33.7875,45.7125,1,1,1,1,705,80,80,705.0,81.0,705.0,705,81,79.16032842471759,46530.59350338109
4254,0,575,0,0,321091,321824,1133.402808,1135.405085,2.002277000000049,39.43333727029538,33.7875,45.7125,1,1,1,1,733,80,80,733.0,80.0,733.0,733,80,78.95646424956067,45791.36652920538
4254,0,576,0,0,321824,322475,1135.405085,1137.40736,2.002274999999827,39.64060141384244,33.7875,45.7125,1,1,1,1,651,80,80,651.0,80.0,651.0,651,80,79.37138519589644,45471.27642307269
4254,0,577,0,0,322475,323132,1137.40736,1139.40888,2.0015200000000277,39.328180567138546,33.7875,45.7125,1,1,1,1,657,80,80,657.0,79.0,657.0,657,79,78.7161399687393,46626.56381150261
4254,0,578,0,0,323132,323872,1139.40888,1141.411914,2.0030340000000706,39.63803412910815,33.7875,45.7125,1,1,1,1,740,80,80,740.0,81.0,740.0,740,81,79.39633005376527,46268.31097225346
4254,0,579,0,0,323872,324572,1141.411914,1143.412535,2.00062099999991,39.445767199164514,33.7875,45.7125,1,1,1,1,700,80,80,700.0,79.0,700.0,700,79,78.91603021975607,45902.7471969974
4254,0,580,0,0,324572,325000,1143.412535,1144.625583,1.2130480000000716,40.30029570924689,33.7875,45.7125,1,1,1,1,428,49,49,429.0,49.0,428.0,428,49,48.88619310951617,47118.49819627634
4254,0,581,0,0,325000,325718,1144.625583,1146.627222,2.0016390000000683,39.63241724953624,33.7875,45.7125,1,1,1,1,718,80,80,719.0,80.0,718.0,718,80,79.32979203094874,45876.90387727101
4254,0,582,0,0,325718,326396,1146.627222,1148.627998,2.0007759999998598,39.96221827419205,33.7875,45.7125,1,1,1,1,678,80,80,679.0,80.0,678.0,678,80,79.95544722976047,45843.212833423844
4254,0,583,0,0,326396,327136,1148.627998,1150.629795,2.001797000000124,39.55013184657717,33.7875,45.7125,1,1,1,1,740,80,80,740.0,80.0,740.0,740,80,79.17133528008708,46223.96776496031
4254,0,584,0,0,327136,327894,1150.629795,1152.630995,2.001199999999926,40.3143133813381,33.7875,45.7125,1,1,1,1,758,80,80,758.0,80.0,758.0,758,80,80.67700393873383,46670.4977013809
4254,0,585,0,0,327894,328588,1152.630995,1154.63101,2.000015000000076,39.61744943498166,33.7875,45.7125,1,1,1,1,694,80,80,694.0,80.0,694.0,694,80,79.23549313170952,46163.65377259495
4254,0,586,0,0,328588,329316,1154.63101,1156.632211,2.0012010000000373,39.215599133115795,33.7875,45.7125,1,1,1,1,728,80,80,728.0,80.0,728.0,728,80,78.47829620078846,44662.18036069257
4254,0,587,0,0,329316,329957,1156.632211,1158.63444,2.002228999999943,39.608617430167165,33.7875,45.7125,1,1,1,1,641,80,80,641.0,80.0,641.0,641,80,79.30552246858133,45434.36340198978
4254,0,588,0,0,329957,330685,1158.63444,1160.635147,2.0007069999999203,39.636728240107296,33.7875,45.7125,1,1,1,1,728,80,80,728.0,80.0,728.0,728,80,79.3014796470743,45290.98963516577
4254,0,589,0,0,330685,331425,1160.635147,1162.636045,2.0008980000000065,39.61083052442378,33.7875,45.7125,1,1,1,1,740,79,79,740.0,80.0,740.0,740,80,79.25723157465836,45873.902617724496
4254,0,590,0,0,331425,332158,1162.636045,1164.637544,2.001498999999967,39.40902481258383,33.7875,45.7125,1,1,1,1,733,79,79,733.0,79.0,733.0,733,78,78.87712375335832,46079.96306768153
4254,0,591,0,0,332158,332848,1164.637544,1166.638319,2.000774999999976,39.46451500408336,33.7875,45.7125,1,1,1,1,690,79,79,690.0,80.0,690.0,690,79,78.95961500729754,46330.54691307174
4254,0,592,0,0,332848,333555,1166.638319,1168.639487,2.001168000000007,39.83867794199733,33.7875,45.7125,1,1,1,1,707,80,80,708.0,80.0,707.0,707,80,79.72388745983335,46217.50897475858
4254,0,593,0,0,333555,334264,1168.639487,1170.640034,2.000547000000097,39.71097951459069,33.7875,45.7125,1,1,1,1,709,80,80,709.0,80.0,709.0,709,80,79.44368093497906,45920.440759450066
4254,0,594,0,0,334264,334964,1170.640034,1172.640927,2.0008929999999054,39.69175154285775,33.7875,45.7125,1,1,1,1,700,80,80,700.0,80.0,700.0,700,80,79.41894781983865,45996.46257946044
4254,0,595,0,0,334964,335632,1172.640927,1174.647594,2.006667000000107,39.60421258715003,33.7875,45.7125,1,1,1,1,668,80,80,669.0,80.0,668.0,668,80,79.4724664596215,46380.88930549765
4254,0,596,0,0,335632,336299,1174.647594,1176.647992,2.0003979999999046,39.606463000850226,33.7875,45.7125,1,1,1,1,667,80,80,667.0,80.0,667.0,667,80,79.22868937397288,45909.364036558916
4254,0,597,0,0,336299,336957,1176.647992,1178.64812,2.0001280000001316,39.50540305943241,33.7875,45.7125,1,1,1,1,658,80,80,658.0,80.0,658.0,658,80,79.01586281046184,45030.118072440404
4254,0,598,0,0,336957,337698,1178.64812,1180.653945,2.005824999999959,39.79987489183484,33.7875,45.7125,1,1,1,1,741,79,79,749.0,80.0,741.0,741,79,79.83158405491122,45812.5708872917
4254,0,599,0,0,337698,338000,1180.653945,1181.562037,0.9080919999998969,39.754402081452554,33.7875,45.7125,1,1,1,1,302,37,37,302.0,37.0,302.0,302,37,36.100654494948685,46069.1207498852
4254,0,600,0,0,338000,338682,1181.562037,1183.568642,2.006605000000036,39.555371646312715,33.7875,45.7125,1,1,1,1,682,80,80,684.0,80.0,682.0,682,80,79.37200652235333,45306.87404845416
4254,0,601,0,0,338682,339377,1183.568642,1185.576715,2.0080729999999676,39.631516715227264,33.7875,45.7125,1,1,1,1,695,80,80,695.0,80.0,695.0,695,80,79.58297866489738,45357.9127850439
4254,0,602,0,0,339377,340127,1185.576715,1187.582142,2.0054270000000542,39.853251359307386,33.7875,45.7125,1,1,1,1,750,79,79,756.0,80.0,750.0,750,79,79.92278631374211,46335.26924689729
4254,0,603,0,0,340127,340823,1187.582142,1189.588848,2.006706000000122,39.98577412708728,33.7875,45.7125,1,1,1,1,696,80,80,696.0,80.0,696.0,696,80,80.23969285547355,45370.871467965146
4254,0,604,0,0,340823,341532,1189.588848,1191.593189,2.0043409999998403,39.90416549649751,33.7875,45.7125,1,1,1,1,709,80,80,709.0,80.0,709.0,709,80,79.98155497540574,45598.528394124194
4254,0,605,0,0,341532,342232,1191.593189,1193.593431,2.000242000000071,39.72867438911378,33.7875,45.7125,1,1,1,1,700,80,79,700.0,80.0,700.0,700,79,79.4669631174329,45553.488027947
4254,0,606,0,0,342232,342920,1193.593431,1195.597223,2.003791999999976,39.52758635626691,33.7875,45.7125,1,1,1,1,688,80,80,688.0,80.0,688.0,688,80,79.20506131999718,44343.92392024775
4254,0,607,0,0,342920,343663,1195.597223,1197.598906,2.0016829999999572,40.05002693416861,33.7875,45.7125,1,1,1,1,743,80,80,743.0,80.0,743.0,743,80,80.16745806366816,46416.940144869084
4254,0,608,0,0,343663,344297,1197.598906,1199.603074,2.0041680000001634,39.545474329129554,33.7875,45.7125,1,1,1,1,634,80,80,634.0,81.0,634.0,634,81,79.25577419526962,44833.56684668784
4254,0,609,0,0,344297,344983,1199.603074,1201.603961,2.0008869999999206,40.071872346404014,33.7875,45.7125,1,1,1,1,686,80,80,686.0,79.0,686.0,686,79,80.17928844357812,45871.655920601035
4254,0,610,0,0,344983,345691,1201.603961,1203.60763,2.0036689999999453,39.55823937574103,33.7875,45.7125,1,1,1,1,708,80,80,708.0,81.0,708.0,708,81,79.26161793174833,46028.06152114073
4254,0,611,0,0,345691,346384,1203.60763,1205.609904,2.002273999999943,39.57869298700019,33.7875,45.7125,1,1,1,1,693,80,80,693.0,80.0,693.0,693,80,79.24738792185235,46530.09528166607
4254,0,612,0,0,346384,347070,1205.609904,1207.612005,2.0021010000000388,39.51334502593331,33.7875,45.7125,1,1,1,1,686,80,80,686.0,79.0,686.0,686,79,79.10970758977055,44897.33534921478
4254,0,613,0,0,347070,347709,1207.612005,1209.61424,2.002235000000155,39.86506369977341,33.7875,45.7125,1,1,1,1,639,80,80,639.0,80.0,639.0,639,80,79.81922581692197,46037.5530344804
4254,0,614,0,0,347709,348427,1209.61424,1211.616734,2.0024939999998423,39.76184692718189,33.7875,45.7125,1,1,1,1,718,80,80,718.0,81.0,718.0,718,81,79.62285990059172,46138.46533373247
4254,0,615,0,0,348427,349174,1211.616734,1213.619011,2.002277000000049,40.20285816981347,33.7875,45.7125,1,1,1,1,747,80,80,747.0,80.0,747.0,747,80,80.49725824768393,46341.24049769224
4254,0,616,0,0,349174,349818,1213.619011,1215.621287,2.002275999999938,39.57298124191914,33.7875,45.7125,1,1,1,1,644,80,80,644.0,80.0,644.0,644,80,79.23603058914159,45517.20142478001
4254,0,617,0,0,349818,350526,1215.621287,1217.622703,2.001416000000063,39.81575147244308,33.7875,45.7125,1,1,1,1,708,80,80,708.0,79.0,708.0,708,79,79.68788204897282,46369.67027344494
4254,0,618,0,0,350526,351000,1217.622703,1218.969403,1.3467000000000553,39.46212750313301,33.7875,45.7125,1,1,1,1,474,54,54,474.0,54.0,474.0,474,54,53.1436471084744,45671.6417910429
4254,0,619,0,0,351000,351722,1218.969403,1220.972328,2.0029250000000047,39.506584393846886,33.7875,45.7125,1,1,1,1,722,80,80,723.0,80.0,722.0,722,80,79.12872554704518,46670.744036846
4254,0,620,0,0,351722,352410,1220.972328,1222.972469,2.000140999999985,39.919935425682304,33.7875,45.7125,1,1,1,1,688,80,80,688.0,80.0,688.0,688,80,79.84549956225965,46674.70943298532
4254,0,621,0,0,352410,353109,1222.972469,1224.973515,2.00104599999986,39.3833268502674,33.7875,45.7125,1,1,1,1,699,80,79,699.0,80.0,699.0,699,79,78.80784866041358,45077.424506986
4254,0,622,0,0,353109,353749,1224.973515,1226.974291,2.000776000000087,39.54230201028396,33.7875,45.7125,1,1,1,1,640,80,79,640.0,80.0,640.0,640,79,79.11528884692962,45413.37960870984
4254,0,623,0,0,353749,354434,1226.974291,1228.975345,2.0010540000000674,39.51611042222671,33.7875,45.7125,1,1,1,1,685,80,80,685.0,80.0,685.0,685,80,79.0738708248391,46024.245222766054
4254,0,624,0,0,354434,355162,1228.975345,1230.975637,2.000291999999945,40.004346767061136,33.7875,45.7125,1,1,1,1,728,80,80,729.0,80.0,728.0,728,80,80.02037480337458,46012.28220679908
4254,0,625,0,0,355162,355846,1230.975637,1232.977934,2.0022969999999987,39.68861707015335,33.7875,45.7125,1,1,1,1,684,80,80,684.0,80.0,684.0,684,80,79.46839889371768,45609.61735446842
4254,0,626,0,0,355846,356552,1232.977934,1234.979207,2.001273000000083,39.26105499031532,33.7875,45.7125,1,1,1,1,706,80,79,706.0,80.0,706.0,706,79,78.57208930363413,45731.891650962265
4254,0,627,0,0,356552,357273,1234.979207,1236.984094,2.004886999999826,39.473619524907086,33.7875,45.7125,1,1,1,1,721,80,80,721.0,80.0,721.0,721,80,79.14014662842237,45583.61643324932
4254,0,628,0,0,357273,357998,1236.984094,1238.989655,2.0055610000001707,39.762849144693575,33.7875,45.7125,1,1,1,1,725,79,79,729.0,80.0,725.0,725,79,79.74681949348451,46544.08417395036
4254,0,629,0,0,357998,358724,1238.989655,1240.99389,2.0042349999998805,39.11368548022999,33.7875,45.7125,1,1,1,1,726,80,80,726.0,80.0,726.0,726,80,78.3930174184643,46282.9957564884
4254,0,630,0,0,358724,359427,1240.99389,1242.994861,2.000970999999936,39.82544882654867,33.7875,45.7125,1,1,1,1,703,80,80,703.0,80.0,703.0,703,80,79.6895681639071,46270.03589757321
4254,0,631,0,0,359427,360106,1242.994861,1244.995684,2.000823000000082,39.50263148057541,33.7875,45.7125,1,1,1,1,679,80,80,679.0,80.0,679.0,679,80,79.03777362686378,44851.54358981095
4254,0,632,0,0,360106,360810,1244.995684,1246.996304,2.0006200000000263,39.88485046034552,33.7875,45.7125,1,1,1,1,704,80,80,704.0,80.0,704.0,704,80,79.79442952797399,46026.23186812028
4254,0,633,0,0,360810,361501,1246.996304,1248.997224,2.000919999999951,40.03241825838466,33.7875,45.7125,1,1,1,1,691,80,80,691.0,80.0,691.0,691,80,80.10166634156485,45756.45203206637
4254,0,634,0,0,361501,362195,1248.997224,1250.99876,2.0015359999999873,40.10136973708042,33.7875,45.7125,1,1,1,1,694,80,80,694.0,80.0,694.0,694,80,80.26433517807891,46103.09282471091
4254,0,635,0,0,362195,362897,1250.99876,1253.006694,2.0079339999999775,40.03284286573335,33.7875,45.7125,1,1,1,1,702,80,80,702.0,80.0,702.0,702,80,80.38330630676501,46627.52859406786
4254,0,636,0,0,362897,363618,1253.006694,1255.015915,2.009221000000025,39.81367555085209,33.7875,45.7125,1,1,1,1,721,80,80,721.0,80.0,721.0,721,80,79.99447300395695,46557.845055371625
4254,0,637,0,0,363618,364000,1255.015915,1256.025004,1.009089000000131,40.14555930293563,33.7875,45.7125,1,1,1,1,382,41,41,382.0,41.0,382.0,382,41,40.51044229144463,46499.36725104913
4254,0,638,0,0,364000,364655,1256.025004,1258.028768,2.003763999999819,40.16526143167265,33.7875,45.7125,1,1,1,1,655,80,80,657.0,80.0,655.0,655,80,80.48170490736811,45301.74212133175
4254,0,639,0,0,364655,365423,1258.028768,1260.030174,2.001406000000088,39.95256280307312,33.7875,45.7125,1,1,1,1,768,80,80,768.0,80.0,768.0,768,80,79.96129890945303,47085.39896452586
4254,0,640,0,0,365423,366138,1260.030174,1262.033456,2.003281999999899,40.36956866744259,33.7875,45.7125,1,1,1,1,715,80,80,715.0,80.0,715.0,715,80,80.8716302592511,47913.374153017314
4254,0,641,0,0,366138,366827,1262.033456,1264.03589,2.002434000000221,40.48071705164087,33.7875,45.7125,1,1,1,1,689,80,80,689.0,80.0,689.0,689,80,81.05996416859125,46472.9424290587
4254,0,642,0,0,366827,367565,1264.03589,1266.051649,2.015758999999889,40.436666397728814,33.7875,45.7125,1,1,1,1,738,80,80,738.0,80.0,738.0,738,80,81.51057422121812,47906.52057116218
4254,0,643,0,0,367565,368270,1266.051649,1268.05251,2.0008609999999862,40.00193012141186,33.7875,45.7125,1,1,1,1,705,80,80,705.0,80.0,705.0,705,80,80.03830190465669,46689.40021320854
4254,0,644,0,0,368270,368990,1268.05251,1270.05329,2.000780000000077,40.25305375354848,33.7875,45.7125,1,1,1,1,720,80,80,720.0,80.0,720.0,720,80,80.53750488902733,47551.954737650485
4254,0,645,0,0,368990,369689,1270.05329,1272.053892,2.0006019999998443,40.13963762511629,33.7875,45.7125,1,1,1,1,699,80,80,699.0,80.0,699.0,699,80,80.30343931207608,46341.551193094485
4254,0,646,0,0,369689,370416,1272.053892,1274.060365,2.006473000000142,39.84955685853163,33.7875,45.7125,1,1,1,1,727,80,80,727.0,80.0,727.0,727,80,79.95705989861744,46470.59790986144
4254,0,647,0,0,370416,371100,1274.060365,1276.062403,2.0020379999998568,39.95885199765094,33.7875,45.7125,1,1,1,1,684,80,80,685.0,80.0,684.0,684,80,79.9991401356674,45326.312487578405
4254,0,648,0,0,371100,371788,1276.062403,1278.062472,2.000069000000167,40.44770984164908,33.7875,45.7125,1,1,1,1,688,80,80,688.0,80.0,688.0,688,80,80.89821057528752,46342.901169905774
4254,0,649,0,0,371788,372533,1278.062472,1280.067461,2.0049890000000232,40.1443204891009,33.7875,45.7125,1,1,1,1,745,80,80,745.0,80.0,745.0,745,80,80.4889209931207,46849.63358901167
4254,0,650,0,0,372533,373228,1280.067461,1282.06889,2.0014289999999164,40.02296282672874,33.7875,45.7125,1,1,1,1,695,80,80,695.0,80.0,695.0,695,80,80.10311846733384,46670.653817849096
4254,0,651,0,0,373228,373935,1282.06889,1284.073515,2.0046250000000327,40.442399914404845,33.7875,45.7125,1,1,1,1,707,80,80,707.0,80.0,707.0,707,80,81.07184592841804,45803.0803766283
4254,0,652,0,0,373935,374651,1284.073515,1286.075038,2.0015229999999065,39.82503432821254,33.7875,45.7125,1,1,1,1,716,80,80,716.0,80.0,716.0,716,80,79.71072218370682,45769.14679471796
4254,0,653,0,0,374651,375362,1286.075038,1288.078668,2.0036300000001575,40.19263729515984,33.7875,45.7125,1,1,1,1,711,80,80,711.0,81.0,711.0,711,81,80.53117386371014,46894.386688157305
4254,0,654,0,0,375362,376130,1288.078668,1290.079707,2.0010389999999916,40.35373201203527,33.7875,45.7125,1,1,1,1,768,80,80,769.0,79.0,768.0,768,79,80.74939155163156,47219.9692259873
4254,0,655,0,0,376130,376824,1290.079707,1292.079944,2.00023699999997,40.305447616222175,33.7875,45.7125,1,1,1,1,694,80,80,694.0,80.0,694.0,694,80,80.62044762352889,46716.46409900497
4254,0,656,0,0,376824,377000,1292.079944,1292.573458,0.49351400000000467,40.4597342100488,33.7875,45.7125,1,1,1,1,176,20,20,176.0,20.0,176.0,176,20,19.96744526893599,46428.267485825694
4254,0,657,0,0,377000,377761,1292.573458,1294.578374,2.0049159999998665,40.12202404343885,33.7875,45.7125,1,1,1,1,761,80,80,761.0,80.0,761.0,761,80,80.44128795706638,46510.67675653554
4254,0,658,0,0,377761,378459,1294.578374,1296.582643,2.004269000000022,39.82267021465687,33.7875,45.7125,1,1,1,1,698,80,80,699.0,80.0,699.0,698,80,79.81534340845974,45941.936935610436
4254,0,659,0,0,378459,379137,1296.582643,1298.585322,2.0026789999999437,39.9727629694157,33.7875,45.7125,1,1,1,1,678,80,80,678.0,80.0,677.0,678,80,80.05261297082325,45496.55736141567
4254,0,660,0,0,379137,379838,1298.585322,1300.58695,2.0016279999999824,40.16163966903176,33.7875,45.7125,1,1,1,1,701,80,80,701.0,80.0,701.0,701,80,80.38866248744307,46468.67449895826
4254,0,661,0,0,379838,380539,1300.58695,1302.59288,2.005930000000035,39.89623850985624,33.7875,45.7125,1,1,1,1,701,80,80,702.0,80.0,701.0,701,80,80.02906171407813,46042.48403483591
4254,0,662,0,0,380539,381281,1302.59288,1304.594412,2.0015319999999974,40.15579986059953,33.7875,45.7125,1,1,1,1,742,80,80,742.0,80.0,742.0,742,80,80.37311840658367,46869.59788801784
4254,0,663,0,0,381281,381967,1304.594412,1306.599726,2.0053139999999985,39.87491992377901,33.7875,45.7125,1,1,1,1,686,80,80,686.0,81.0,686.0,686,81,79.96173517202988,46097.02021728271
4254,0,664,0,0,381967,382672,1306.599726,1308.59974,2.000014000000192,40.13736756119077,33.7875,45.7125,1,1,1,1,705,80,80,705.0,79.0,705.0,705,79,80.27529704553308,45937.67843624653
4254,0,665,0,0,382672,383386,1308.59974,1310.604279,2.004538999999795,39.71939872420351,33.7875,45.7125,1,1,1,1,714,80,80,714.0,81.0,714.0,714,81,79.61908379921078,46168.72008976102
4254,0,666,0,0,383386,384112,1310.604279,1312.606554,2.002275000000054,39.740154734403255,33.7875,45.7125,1,1,1,1,726,80,80,726.0,80.0,726.0,726,80,79.57071832082875,46791.77435666802
4254,0,667,0,0,384112,384804,1312.606554,1314.60883,2.002275999999938,39.63829193450186,33.7875,45.7125,1,1,1,1,692,80,80,692.0,80.0,692.0,692,80,79.36680062144296,45982.67171958454
4254,0,668,0,0,384804,385504,1314.60883,1316.609547,2.0007170000001224,39.603251362392925,33.7875,45.7125,1,1,1,1,700,80,80,700.0,79.0,700.0,700,79,79.23489825601428,46267.41313238921
4254,0,669,0,0,385504,386151,1316.609547,1318.612489,2.0029420000000755,40.137654932641446,33.7875,45.7125,1,1,1,1,647,75,75,690.0,80.0,647.0,647,75,80.39339484609809,45707.763879331775
4254,0,670,0,0,386151,386871,1318.612489,1320.615661,2.0031719999999495,40.15756847443536,33.7875,45.7125,1,1,1,1,720,80,80,720.0,81.0,720.0,720,81,80.44251675606938,46479.78306406157
4254,0,671,0,0,386871,387603,1320.615661,1322.617938,2.002277000000049,39.453216690300515,33.7875,45.7125,1,1,1,1,732,80,80,732.0,80.0,732.0,732,80,78.99626835500385,47002.98709918642
4254,0,672,0,0,387603,388294,1322.617938,1324.618298,2.0003600000000006,40.02659025595461,33.7875,45.7125,1,1,1,1,691,80,80,691.0,79.0,691.0,691,79,80.06759008439985,46735.587594233024
4254,0,673,0,0,388294,389005,1324.618298,1326.620867,2.002568999999994,39.76265438960932,33.7875,45.7125,1,1,1,1,711,80,80,711.0,80.0,711.0,711,80,79.6274590383473,46736.96636670211
4254,0,674,0,0,389005,389715,1326.620867,1328.623049,2.002181999999948,39.92362123368439,33.7875,45.7125,1,1,1,1,710,80,80,710.0,80.0,710.0,710,80,79.93435580890218,46656.09819686843
4254,0,675,0,0,389715,390000,1328.623049,1329.433997,0.8109480000000531,39.68463451326766,33.7875,45.7125,1,1,1,1,285,33,33,285.0,33.0,285.0,285,33,32.1821749892697,46811.87942999738
4254,0,676,0,0,390000,390691,1329.433997,1331.434172,2.0001749999998992,39.593822287712385,33.7875,45.7125,1,1,1,1,691,80,80,691.0,80.0,691.0,691,80,79.19457349432196,44903.57093754523
4254,0,677,0,0,390691,391386,1331.434172,1333.43713,2.002958000000035,39.585843480598726,33.7875,45.7125,1,1,1,1,695,80,80,695.0,80.0,695.0,695,80,79.28878188621457,46966.53649252673
4254,0,678,0,0,391386,392062,1333.43713,1335.438182,2.0010520000000724,39.753442852963296,33.7875,45.7125,1,1,1,1,676,80,80,677.0,80.0,676.0,676,80,79.5487063278124,46428.57856767172
4254,0,679,0,0,392062,392775,1335.438182,1337.440483,2.0023009999999886,40.07602609137566,33.7875,45.7125,1,1,1,1,713,80,80,713.0,80.0,713.0,713,80,80.24426711878914,46203.34305381685
4254,0,680,0,0,392775,393419,1337.440483,1339.442936,2.002452999999832,38.56853975533788,33.7875,45.7125,1,1,1,1,644,80,80,644.0,80.0,644.0,644,80,77.23168813868688,44783.07356028207
4254,0,681,0,0,393419,394062,1339.442936,1341.450302,2.0073660000000473,38.62416099405144,33.7875,45.7125,1,1,1,1,643,80,80,643.0,80.0,643.0,643,80,77.53282755798864,44768.119017656914
4254,0,682,0,0,394062,394724,1341.450302,1343.450802,2.000500000000102,38.599025845287265,33.7875,45.7125,1,1,1,1,662,80,80,662.0,80.0,662.0,662,80,77.21735120350058,45266.18345413416
4254,0,683,0,0,394724,395411,1343.450802,1345.46033,2.0095280000000457,38.6005459898382,33.7875,45.7125,1,1,1,1,687,80,80,687.0,80.0,687.0,687,80,77.56887798186654,44348.72268512704
4254,0,684,0,0,395411,396074,1345.46033,1347.461722,2.001391999999896,38.799324725322975,33.7875,45.7125,1,1,1,1,663,80,80,663.0,80.0,663.0,663,80,77.6526581106591,45267.99347654268
4254,0,685,0,0,396074,396750,1347.461722,1349.461797,2.0000749999999243,38.73696238553334,33.7875,45.7125,1,1,1,1,676,80,80,676.0,80.0,676.0,676,80,77.47683004324062,44407.33472494949
4254,0,686,0,0,396750,397368,1349.461797,1351.466726,2.0049290000001747,38.92392529604512,33.7875,45.7125,1,1,1,1,618,80,80,618.0,80.0,618.0,618,80,78.03970661987842,44015.02497095524
4254,0,687,0,0,397368,398018,1351.466726,1353.478025,2.011298999999781,39.43039930439825,33.7875,45.7125,1,1,1,1,650,80,80,650.0,81.0,650.0,650,81,79.30632269052876,44919.726007923164
4254,0,688,0,0,398018,398691,1353.478025,1355.47859,2.0005650000000514,39.30009075525571,33.7875,45.7125,1,1,1,1,673,80,80,673.0,79.0,673.0,673,79,78.62238606179017,45842.04962098089
4254,0,689,0,0,398691,399372,1355.47859,1357.482576,2.003986000000168,39.57088672083438,33.7875,45.7125,1,1,1,1,681,80,80,681.0,81.0,681.0,681,81,79.29950299614575,45251.81313641532
4254,0,690,0,0,399372,400027,1357.482576,1359.482836,2.0002599999997983,39.85714420114219,33.7875,45.7125,1,1,1,1,655,80,80,655.0,79.0,655.0,655,79,79.72465125977033,46468.959035330096
4254,0,691,0,0,400027,400722,1359.482836,1361.482853,2.0000170000000708,40.17237038558491,33.7875,45.7125,1,1,1,1,695,80,80,695.0,80.0,695.0,695,80,80.34542370146664,46511.604651358815
4254,0,692,0,0,400722,401421,1361.482853,1363.484286,2.0014330000001337,39.33592101666313,33.7875,45.7125,1,1,1,1,699,80,80,699.0,80.0,699.0,699,80,78.72821040814597,45435.44550329385
4254,0,693,0,0,401421,402146,1363.484286,1365.486336,2.0020499999998265,39.76854067136493,33.7875,45.7125,1,1,1,1,725,80,80,725.0,80.0,725.0,725,80,79.6186068511015,46279.563447470355
4254,0,694,0,0,402146,402851,1365.486336,1367.493959,2.007622999999967,40.06756063668935,33.7875,45.7125,1,1,1,1,705,80,80,705.0,81.0,705.0,705,81,80.44055628810747,46148.60459359229
4254,0,695,0,0,402851,403000,1367.493959,1367.918509,0.42455000000018117,39.98343156173679,33.7875,45.7125,1,1,1,1,149,17,17,149.0,16.0,149.0,149,16,16.974965869543666,46020.49228593019
4254,0,696,0,0,403000,403719,1367.918509,1369.92172,2.0032109999999648,39.93031227694006,33.7875,45.7125,1,1,1,1,719,79,79,720.0,81.0,719.0,719,80,79.98884078660194,46864.758630020326
4254,0,697,0,0,403719,404471,1369.92172,1371.923997,2.002277000000049,40.117876251309845,33.7875,45.7125,1,1,1,1,752,80,80,752.0,80.0,752.0,752,80,80.3271009068485,46726.30210505225
4254,0,698,0,0,404471,405167,1371.923997,1373.926273,2.002275999999938,39.66566518095486,33.7875,45.7125,1,1,1,1,696,80,80,696.0,80.0,696.0,696,80,79.4216094158619,46108.02906292782
4254,0,699,0,0,405167,405827,1373.926273,1375.92855,2.002277000000049,39.357254254464216,33.7875,45.7125,1,1,1,1,660,80,80,660.0,80.0,660.0,660,80,78.80412497686484,44954.3195072399
4254,0,700,0,0,405827,406467,1375.92855,1377.930824,2.002273999999943,39.18766108719638,33.7875,45.7125,1,1,1,1,640,80,80,640.0,80.0,640.0,640,80,78.46443491570244,44418.995602001785
4254,0,701,0,0,406467,407104,1377.930824,1379.931745,2.000921000000062,39.31698329229574,33.7875,45.7125,1,1,1,1,637,80,80,637.0,79.0,637.0,637,79,78.6701775262045,43827.31752028055
4254,0,702,0,0,407104,407769,1379.931745,1381.933616,2.0018709999999373,39.62165233379179,33.7875,45.7125,1,1,1,1,665,80,79,665.0,80.0,665.0,665,79,79.31743677909981,45404.524067736056
4254,0,703,0,0,407769,408440,1381.933616,1383.935783,2.002166999999872,39.65927909883677,33.7875,45.7125,1,1,1,1,671,80,80,671.0,80.0,671.0,671,80,79.40449985547457,46149.4970199818
4254,0,704,0,0,408440,409159,1383.935783,1385.939935,2.0041520000002038,39.677015507362555,33.7875,45.7125,1,1,1,1,719,80,80,719.0,81.0,719.0,719,81,79.51876998312218,45867.77849184626
4254,0,705,0,0,409159,409846,1385.939935,1387.942213,2.002277999999933,39.68815921926494,33.7875,45.7125,1,1,1,1,687,80,80,687.0,80.0,687.0,687,80,79.46672806522838,45961.64968101487
4254,0,706,0,0,409846,410528,1387.942213,1389.94449,2.002277000000049,38.67146630465362,33.7875,45.7125,1,1,1,1,682,80,80,682.0,80.0,682.0,682,80,77.4309875380859,44062.834462962834
4254,0,707,0,0,410528,411147,1389.94449,1391.944652,2.0001619999998184,39.15475791746208,33.7875,45.7125,1,1,1,1,619,80,80,619.0,79.0,619.0,619,79,78.3158589056984,44555.391013331966
4254,0,708,0,0,411147,411770,1391.944652,1393.946136,2.0014840000001186,38.83284743576555,33.7875,45.7125,1,1,1,1,623,80,80,623.0,80.0,623.0,623,80,77.7233228171317,44589.414654323846
4254,0,709,0,0,411770,412438,1393.946136,1395.947698,2.0015619999999217,38.98194816496379,33.7875,45.7125,1,1,1,1,668,80,80,668.0,80.0,668.0,668,80,78.02478613295534,45122.75912512504
4254,0,710,0,0,412438,413113,1395.947698,1397.947729,2.0000310000000354,38.65627573701997,33.7875,45.7125,1,1,1,1,675,80,80,675.0,80.0,675.0,675,80,77.31374981858971,44735.80659499698
4254,0,711,0,0,413113,413819,1397.947729,1399.948705,2.000976000000037,38.675238959369196,33.7875,45.7125,1,1,1,1,706,80,80,706.0,80.0,706.0,706,80,77.38822495196655,45263.411455209025
4254,0,712,0,0,413819,414499,1399.948705,1401.949057,2.000352000000021,38.84247326560305,33.7875,45.7125,1,1,1,1,680,80,80,680.0,80.0,680.0,680,80,77.69861908179882,45352.517956839125
4254,0,713,0,0,414499,415196,1401.949057,1403.960425,2.0113679999999476,38.928822651035546,33.7875,45.7125,1,1,1,1,697,79,79,698.0,81.0,697.0,697,80,78.30018815796939,44417.53075518867
4254,0,714,0,0,415196,415869,1403.960425,1405.96167,2.001244999999926,38.83220340201345,33.7875,45.7125,1,1,1,1,673,80,80,673.0,79.0,673.0,673,79,77.712752897256,45086.93338397014
4254,0,715,0,0,415869,416000,1405.96167,1406.347978,0.3863080000000991,38.94683690323265,33.7875,45.7125,1,1,1,1,131,16,16,131.0,16.0,131.0,131,16,15.045474670419935,43465.317829285676
4254,0,716,0,0,416000,416654,1406.347978,1408.355675,2.0076970000000074,38.89284224615185,33.7875,45.7125,1,1,1,1,654,80,80,654.0,80.0,654.0,654,80,78.0850426990728,44311.467318026414
4254,0,717,0,0,416654,417343,1408.355675,1410.360009,2.0043339999999716,38.69191632546123,33.7875,45.7125,1,1,1,1,689,80,80,689.0,80.0,689.0,689,80,77.551523416274,45242.958508911826
4254,0,718,0,0,417343,418061,1410.360009,1412.367745,2.0077360000000226,39.15371268202549,33.7875,45.7125,1,1,1,1,718,80,80,718.0,80.0,718.0,718,80,78.6103184853564,46618.678949821566
4254,0,719,0,0,418061,418757,1412.367745,1414.372264,2.004519000000073,39.39318919472321,33.7875,45.7125,1,1,1,1,696,80,80,696.0,81.0,696.0,696,81,78.96439621142054,45550.07959515309
4254,0,720,0,0,418757,419428,1414.372264,1416.372928,2.000663999999915,39.0844617567603,33.7875,45.7125,1,1,1,1,671,80,80,671.0,79.0,671.0,671,79,78.19487559612026,45755.80907139024
4254,0,721,0,0,419428,420100,1416.372928,1418.37586,2.0029320000001007,39.35172955525881,33.7875,45.7125,1,1,1,1,672,80,80,672.0,80.0,672.0,672,80,78.81883838157955,45061.43992906172
4254,0,722,0,0,420100,420833,1418.37586,1420.379092,2.003231999999798,39.9304158494709,33.7875,45.7125,1,1,1,1,733,80,80,733.0,81.0,733.0,733,81,79.98988680295588,46838.309292188555
4254,0,723,0,0,420833,421531,1420.379092,1422.381368,2.0022760000001654,40.11425336426751,33.7875,45.7125,1,1,1,1,698,80,80,698.0,80.0,698.0,698,80,80.3198067691992,46831.70551911538
4254,0,724,0,0,421531,422147,1422.381368,1424.383646,2.002277999999933,39.68503679883404,33.7875,45.7125,1,1,1,1,616,80,80,616.0,80.0,616.0,616,80,79.4604761114897,45692.95572343254
4254,0,725,0,0,422147,422861,1424.383646,1426.384849,2.0012030000000323,39.93483156502119,33.7875,45.7125,1,1,1,1,714,80,80,714.0,79.0,714.0,714,79,79.91770473241922,45889.397527386536
4254,0,726,0,0,422861,423592,1426.384849,1428.38514,2.000291000000061,39.78917447364367,33.7875,45.7125,1,1,1,1,731,80,80,731.0,80.0,731.0,731,80,79.5899275970587,45967.811683398664
4254,0,727,0,0,423592,424264,1428.38514,1430.390475,2.005334999999832,40.30177973035217,33.7875,45.7125,1,1,1,1,672,80,79,672.0,81.0,672.0,672,80,80.81856945555774,45979.848753454025
4254,0,728,0,0,424264,424992,1430.390475,1432.390767,2.0002920000001723,40.140619462677854,33.7875,45.7125,1,1,1,1,728,80,80,728.0,79.0,728.0,728,79,80.2929599862473,46577.699655846234
4254,0,729,0,0,424992,425702,1432.390767,1434.395029,2.004261999999926,39.43590778323498,33.7875,45.7125,1,1,1,1,710,80,80,710.0,81.0,710.0,710,81,79.03989140543854,46264.90947790429
4254,0,730,0,0,425702,426414,1434.395029,1436.397307,2.002277999999933,38.84239960521503,33.7875,45.7125,1,1,1,1,712,80,80,712.0,80.0,712.0,712,80,77.77328219672927,45333.86472807624
4254,0,731,0,0,426414,427148,1436.397307,1438.399467,2.0021600000000035,39.02068834534386,33.7875,45.7125,1,1,1,1,734,80,80,735.0,79.0,735.0,734,79,78.12566137751128,46093.219323130936
4254,0,732,0,0,427148,427805,1438.399467,1440.400526,2.001058999999941,38.79023203723068,33.7875,45.7125,1,1,1,1,657,80,80,656.0,80.0,656.0,657,80,77.6215429301883,44913.71818622172
4254,0,733,0,0,427805,428494,1440.400526,1442.404135,2.003609000000097,38.75774930164173,33.7875,45.7125,1,1,1,1,689,80,80,690.0,81.0,690.0,689,81,77.6553753205153,44251.14880198468
4254,0,734,0,0,428494,429000,1442.404135,1443.90585,1.5017150000001038,39.18215834269124,33.7875,45.7125,1,1,1,1,506,60,60,505.0,60.0,505.0,506,60,58.84043491559714,44907.32262779245
4254,0,735,0,0,429000,429620,1443.90585,1445.908118,2.002267999999958,38.49209919635698,33.7875,45.7125,1,1,1,1,620,80,80,620.0,80.0,620.0,620,80,77.07149847369146,44453.58962936123
4254,0,736,0,0,429620,430313,1445.908118,1447.910394,2.002275999999938,38.80330383690043,33.7875,45.7125,1,1,1,1,693,80,80,693.0,80.0,693.0,693,80,77.69492399333103,45290.45945713918
4254,0,737,0,0,430313,430987,1447.910394,1449.912195,2.001801000000114,38.51238180915023,33.7875,45.7125,1,1,1,1,674,80,80,674.0,79.0,674.0,674,79,77.0941244179412,44902.06568984374
4254,0,738,0,0,430987,431700,1449.912195,1451.914948,2.0027529999999842,38.558732946872716,33.7875,45.7125,1,1,1,1,713,80,80,713.0,81.0,713.0,713,81,77.22361808554706,44364.43235885838
4254,0,739,0,0,431700,432371,1451.914948,1453.91718,2.0022319999998217,38.707303048259426,33.7875,45.7125,1,1,1,1,671,80,80,673.0,79.0,672.0,671,79,77.50100079691765,44520.315328097815
4254,0,740,0,0,432371,433070,1453.91718,1455.919502,2.0023220000000492,39.5509486070803,33.7875,45.7125,1,1,1,1,699,80,79,698.0,81.0,698.0,699,80,79.19373451682623,47049.375674840354
4254,0,741,0,0,433070,433756,1455.919502,1457.920133,2.000631000000112,39.446873069895815,33.7875,45.7125,1,1,1,1,686,80,80,687.0,79.0,686.0,686,79,78.91863711670157,45847.03526037278
4254,0,742,0,0,433756,434463,1457.920133,1459.922263,2.002129999999852,39.42185427214483,33.7875,45.7125,1,1,1,1,707,80,80,707.0,80.0,707.0,707,80,78.92767709388136,45742.28446704598
4254,0,743,0,0,434463,435141,1459.922263,1461.924369,2.00210600000014,39.04812234665151,33.7875,45.7125,1,1,1,1,678,80,80,678.0,80.0,678.0,678,80,78.17848003897234,44790.33577642429
4254,0,744,0,0,435141,435842,1461.924369,1463.926979,2.002610000000004,39.13642304950831,33.7875,45.7125,1,1,1,1,701,80,80,701.0,80.0,701.0,701,80,78.3749921631752,45825.19811645793
4254,0,745,0,0,435842,436493,1463.926979,1465.927779,2.0008000000000266,39.72181426481142,33.7875,45.7125,1,1,1,1,651,80,80,651.0,80.0,651.0,651,80,79.4754059810366,45591.76329468152
4254,0,746,0,0,436493,437143,1465.927779,1467.929618,2.0018389999997908,39.77921866963362,33.7875,45.7125,1,1,1,1,650,80,80,650.0,80.0,650.0,650,80,79.63159132239525,46136.57741706983
4254,0,747,0,0,437143,437859,1467.929618,1469.931054,2.0014360000000124,39.379282245317405,33.7875,45.7125,1,1,1,1,716,80,80,716.0,80.0,716.0,716,80,78.8151131399427,45746.653902497725
4254,0,748,0,0,437859,438577,1469.931054,1471.937714,2.0066600000000108,40.01348053131638,33.7875,45.7125,1,1,1,1,718,80,80,718.0,81.0,718.0,718,81,80.29345084297529,47169.92415257168
4254,0,749,0,0,438577,439319,1471.937714,1473.93999,2.0022760000001654,39.62830017913811,33.7875,45.7125,1,1,1,1,742,80,80,742.0,80.0,742.0,742,80,79.34679436949227,46424.668726984855
4254,0,750,0,0,439319,440025,1473.93999,1475.942265,2.002274999999827,40.03397493718438,33.7875,45.7125,1,1,1,1,706,80,80,706.0,80.0,706.0,706,80,80.15902716734126,45851.84352799088
4254,0,751,0,0,440025,440716,1475.942265,1477.944534,2.0022690000000694,39.80376274635513,33.7875,45.7125,1,1,1,1,691,80,80,692.0,80.0,692.0,691,79,79.69784023038665,46492.75397061872
4254,0,752,0,0,440716,441405,1477.944534,1479.945472,2.000938000000133,40.33919933699416,33.7875,45.7125,1,1,1,1,689,80,80,688.0,79.0,688.0,689,80,80.71623684297083,46292.28891649509
4254,0,753,0,0,441405,442000,1479.945472,1481.743299,1.7978269999998702,39.549047202058695,33.7875,45.7125,1,1,1,1,595,72,72,597.0,72.0,595.0,595,72,71.1023448841297,44546.555369346315
4254,0,754,0,0,442000,442698,1481.743299,1483.744873,2.0015740000001188,40.366683779246486,33.7875,45.7125,1,1,1,1,698,80,80,698.0,80.0,698.0,698,80,80.79690471876529,46312.052414746846
4254,0,755,0,0,442698,443389,1483.744873,1485.744862,1.999988999999914,40.028925992740604,33.7875,45.7125,1,1,1,1,691,80,80,691.0,80.0,691.0,691,80,80.05741166729422,46155.753856648196
4254,0,756,0,0,443389,444070,1485.744862,1487.74882,2.0039580000000115,39.92579454052738,33.7875,45.7125,1,1,1,1,681,80,80,681.0,80.0,681.0,681,80,80.00961537584953,46539.39853030825
4254,0,757,0,0,444070,444799,1487.74882,1489.757973,2.0091529999999693,39.89203202971276,33.7875,45.7125,1,1,1,1,729,80,80,730.0,81.0,729.0,729,81,80.14919582859147,47113.88331301869
4254,0,758,0,0,444799,445492,1489.757973,1491.758732,2.0007590000000164,40.31560550024541,33.7875,45.7125,1,1,1,1,693,80,80,693.0,79.0,693.0,693,79,80.66181054506887,46684.28331448177
4254,0,759,0,0,445492,446139,1491.758732,1493.759377,2.000645000000077,39.97612437983804,33.7875,45.7125,1,1,1,1,647,80,80,647.0,80.0,647.0,647,80,79.97803335990466,46483.0092295217
4254,0,760,0,0,446139,446771,1493.759377,1495.764803,2.005425999999943,39.5356998637346,33.7875,45.7125,1,1,1,1,632,80,80,632.0,81.0,632.0,632,81,79.28592043492972,45589.31618519087
4254,0,761,0,0,446771,447466,1495.764803,1497.765308,2.0005049999999756,40.37153634727912,33.7875,45.7125,1,1,1,1,695,80,80,695.0,79.0,695.0,695,79,80.76346032041329,47077.612902742636
4254,0,762,0,0,447466,448203,1497.765308,1499.76571,2.0004019999998945,40.05711155475694,33.7875,45.7125,1,1,1,1,737,80,80,737.0,80.0,737.0,737,80,80.13032606835623,47018.04937207869
4254,0,763,0,0,448203,448922,1499.76571,1501.768082,2.0023720000001504,40.339744960150604,33.7875,45.7125,1,1,1,1,719,80,80,719.0,80.0,719.0,719,80,80.77517579535197,46861.42235308572
4254,0,764,0,0,448922,449571,1501.768082,1503.772085,2.0040030000000115,40.55597224172051,33.7875,45.7125,1,1,1,1,649,80,80,649.0,80.0,649.0,649,80,81.27429004032456,46216.49767989343
4254,0,765,0,0,449571,450278,1503.772085,1505.773841,2.0017559999998866,39.795070831427964,33.7875,45.7125,1,1,1,1,707,80,80,707.0,80.0,707.0,707,80,79.66002180723444,46065.05488181637
4254,0,766,0,0,450278,451000,1505.773841,1507.774785,2.0009440000001177,39.81957840146379,33.7875,45.7125,1,1,1,1,722,80,80,722.0,80.0,722.0,722,80,79.67674648493994,46742.43756946446
4254,0,767,0,0,451000,451751,1507.774785,1509.777433,2.0026479999999083,39.94523013913839,33.7875,45.7125,1,1,1,1,751,80,80,752.0,80.0,751.0,751,80,79.99623524767958,47090.15263790957
4254,0,768,0,0,451751,452488,1509.777433,1511.77987,2.0024370000001,40.04157516555198,33.7875,45.7125,1,1,1,1,737,80,80,737.0,80.0,737.0,737,80,80.18073164978705,45927.53729580277
4254,0,769,0,1,452488,453199,1511.77987,1513.780308,2.000438000000031,33.845929616592095,33.7875,45.7125,1,1,1,1,711,80,80,711.0,80.0,711.0,711,80,79.81679748693568,39151.9777914828
4254,0,770,1,1,453199,453924,1513.780308,1515.787569,2.0072609999999713,40.339914232460174,33.7875,45.7125,1,1,1,1,725,80,80,726.0,81.0,725.0,725,81,80.97273658216,46226.175868510036
4254,0,771,1,1,453924,454626,1515.787569,1517.787716,2.00014699999997,40.12413591993046,33.7875,45.7125,1,1,1,1,702,80,80,702.0,79.0,702.0,702,79,80.2541700878428,46580.07636438792
4254,0,772,1,1,454626,455000,1517.787716,1518.969753,1.1820370000000366,39.96618501325198,33.7875,45.7125,1,1,1,1,374,48,48,375.0,48.0,374.0,374,48,47.24150943451241,44769.32617168359
4254,0,773,1,1,455000,455696,1518.969753,1520.98484,2.015086999999994,40.127471648473254,33.7875,45.7125,1,1,1,1,696,80,80,696.0,80.0,696.0,696,80,80.86034646170447,46559.77632727534
4254,0,774,1,1,455696,456435,1520.98484,1522.986457,2.0016169999998965,40.12541905836827,33.7875,45.7125,1,1,1,1,739,80,80,739.0,80.0,739.0,739,80,80.31572091935232,46611.81434810197
4254,0,775,1,1,456435,457148,1522.986457,1524.99804,2.0115829999999733,39.57222939226443,33.7875,45.7125,1,1,1,1,713,80,79,713.0,81.0,713.0,713,80,79.60282391757937,46333.65861612533
4254,0,776,1,1,457148,457841,1524.99804,1526.999473,2.0014330000001337,39.91370855320191,33.7875,45.7125,1,1,1,1,693,80,80,693.0,79.0,693.0,693,79,79.8846134507694,46151.93214061816
4254,0,777,1,1,457841,458547,1526.999473,1529.000489,2.001015999999936,40.016551263940016,33.7875,45.7125,1,1,1,1,706,80,80,706.0,80.0,706.0,706,80,80.07375934396259,46007.12837878505
4254,0,778,1,1,458547,459204,1529.000489,1531.003572,2.0030830000000606,39.40948418847905,33.7875,45.7125,1,1,1,1,657,80,80,657.0,80.0,657.0,657,80,78.94046781671204,45333.618227500934
4254,0,779,1,1,459204,459918,1531.003572,1533.007148,2.003575999999839,39.45418116446871,33.7875,45.7125,1,1,1,1,714,80,80,714.0,81.0,714.0,714,81,79.04945048077207,46232.83568979037
4254,0,780,1,1,459918,460619,1533.007148,1535.007473,2.0003249999999753,40.456049507408295,33.7875,45.7125,1,1,1,1,701,80,80,701.0,79.0,701.0,701,79,80.92524723090901,46339.9697549154
4254,0,781,1,1,460619,461268,1535.007473,1537.00831,2.000837000000047,39.28477528710359,33.7875,45.7125,1,1,1,1,649,80,80,649.0,80.0,649.0,649,80,78.60243193112547,44398.91905237554
4254,0,782,1,1,461268,461998,1537.00831,1539.010881,2.002570999999989,39.8923324562786,33.7875,45.7125,1,1,1,1,730,80,80,730.0,80.0,730.0,730,80,79.88722809930186,47006.57305034404
4254,0,783,1,1,461998,462715,1539.010881,1541.011615,2.000733999999966,39.93274229876928,33.7875,45.7125,1,1,1,1,717,80,80,717.0,80.0,717.0,717,80,79.89479523038608,46692.86371901592
4254,0,784,1,1,462715,463434,1541.011615,1543.015558,2.003943000000163,39.50491543282731,33.7875,45.7125,1,1,1,1,719,80,80,719.0,80.0,719.0,719,80,79.16559874721133,44598.573911529784
4254,0,785,1,1,463434,464152,1543.015558,1545.016513,2.0009549999999763,39.902055252778986,33.7875,45.7125,1,1,1,1,718,80,80,719.0,80.0,718.0,718,80,79.84221696832537,46269.40635846438
4254,0,786,1,1,464152,464869,1545.016513,1547.022619,2.0061060000000452,40.08878061756475,33.7875,45.7125,1,1,1,1,717,80,80,717.0,80.0,717.0,717,80,80.42234332958469,46604.217324507226
4254,0,787,1,1,464869,465578,1547.022619,1549.022908,2.000288999999839,39.7352987552724,33.7875,45.7125,1,1,1,1,709,80,80,709.0,80.0,709.0,709,80,79.48208101187629,45332.44946105653
4254,0,788,1,1,465578,466299,1549.022908,1551.024927,2.0020190000000184,39.59765838960296,33.7875,45.7125,1,1,1,1,721,80,80,721.0,80.0,721.0,721,80,79.27526445149851,46265.29518451081
4254,0,789,1,1,466299,467046,1551.024927,1553.02908,2.0041530000000876,40.46669703505228,33.7875,45.7125,1,1,1,1,747,80,80,747.0,80.0,747.0,747,80,81.10145226289751,47081.23581383052
4254,0,790,1,1,467046,467744,1553.02908,1555.032187,2.003107,39.63592032388917,33.7875,45.7125,1,1,1,1,698,80,80,699.0,81.0,698.0,698,81,79.39498945222294,45556.22839918187
4254,0,791,1,1,467744,468000,1555.032187,1555.712525,0.6803379999998924,39.678979255869834,33.7875,45.7125,1,1,1,1,256,28,28,256.0,27.0,256.0,256,27,26.995117388978542,45224.579547232206
4254,0,792,1,1,468000,468689,1555.712525,1557.712559,2.0000340000001415,40.36620251718227,33.7875,45.7125,1,1,1,1,689,80,80,689.0,80.0,689.0,689,80,80.73377748525672,46309.71273488023
4254,0,793,1,1,468689,469459,1557.712559,1559.717195,2.0046359999998913,39.87004479789867,33.7875,45.7125,1,1,1,1,770,80,80,771.0,80.0,771.0,770,80,79.92492712347303,46816.97824443195
4254,0,794,1,1,469459,470178,1559.717195,1561.719362,2.0021670000000995,39.93042430435355,33.7875,45.7125,1,1,1,1,719,80,80,718.0,80.0,718.0,719,80,79.94737783817982,46010.14800463469
4254,0,795,1,1,470178,470887,1561.719362,1563.720868,2.001506000000063,40.67015528002295,33.7875,45.7125,1,1,1,1,709,80,80,709.0,80.0,709.0,709,80,81.40155981390126,46627.88919943136
4254,0,796,1,1,470887,471587,1563.720868,1565.723574,2.002705999999989,40.06452648403867,33.7875,45.7125,1,1,1,1,700,80,80,701.0,80.0,700.0,700,80,80.23746757674235,45209.831098523944
4254,0,797,1,1,471587,472261,1565.723574,1567.724548,2.0009739999998146,40.232922518909554,33.7875,45.7125,1,1,1,1,674,80,80,674.0,80.0,674.0,674,80,80.50503190434392,46095.051709821586
4254,0,798,1,1,472261,473001,1567.724548,1569.725467,2.000919000000067,40.149243932623136,33.7875,45.7125,1,1,1,1,740,80,80,740.0,80.0,740.0,740,80,80.33538502042211,46924.43822063604
4254,0,799,1,1,473001,473761,1569.725467,1571.726168,2.0007009999999354,40.171045042930686,33.7875,45.7125,1,1,1,1,760,79,79,760.0,80.0,760.0,760,80,80.37024998843117,46908.058725418254
4254,0,800,1,1,473761,474472,1571.726168,1573.728445,2.002277000000049,40.23382218788429,33.7875,45.7125,1,1,1,1,711,80,80,711.0,80.0,711.0,711,80,80.55925678888889,46543.51021362065
4254,0,801,1,1,474472,475173,1573.728445,1575.730054,2.001609000000144,40.71862037105476,33.7875,45.7125,1,1,1,1,701,80,80,701.0,79.0,701.0,701,79,81.50275700229395,46684.94196418645
4254,0,802,1,1,475173,475950,1575.730054,1577.730694,2.0006399999999758,40.69340600212941,33.7875,45.7125,1,1,1,1,777,80,80,777.0,80.0,777.0,777,80,81.41285578409588,47368.84197056999
4254,0,803,1,1,475950,476641,1577.730694,1579.735273,2.0045789999999215,39.96421833251792,33.7875,45.7125,1,1,1,1,691,80,80,691.0,81.0,691.0,691,81,80.11143282077683,45590.12141701753
4254,0,804,1,1,476641,477335,1579.735273,1581.737551,2.002277999999933,39.77517066860604,33.7875,45.7125,1,1,1,1,694,80,80,694.0,80.0,694.0,694,80,79.64094917599141,46580.9443044388
4254,0,805,1,1,477335,478005,1581.737551,1583.739827,2.0022760000001654,39.94220782667512,33.7875,45.7125,1,1,1,1,670,80,80,670.0,80.0,670.0,670,80,79.97532411837165,46101.53645151437
4254,0,806,1,1,478005,478701,1583.739827,1585.742105,2.002277999999933,39.50487313997108,33.7875,45.7125,1,1,1,1,696,80,80,696.0,80.0,696.0,696,80,79.09973838095175,45254.95460670448
4254,0,807,1,1,478701,479344,1585.742105,1587.744379,2.002273999999943,39.6815249052877,33.7875,45.7125,1,1,1,1,643,80,80,643.0,80.0,643.0,643,80,79.45328559821064,45778.94933460785
4254,0,808,1,1,479344,480069,1587.744379,1589.74666,2.002281000000039,39.6582289312494,33.7875,45.7125,1,1,1,1,725,80,80,725.0,80.0,725.0,725,80,79.40691828269337,45778.28986041331
4254,0,809,1,1,480069,480767,1589.74666,1591.748433,2.0017729999999574,40.18003427827316,33.7875,45.7125,1,1,1,1,698,80,80,698.0,79.0,698.0,698,79,80.43130775731697,46655.140218197565
4254,0,810,1,1,480767,481000,1591.748433,1592.416059,0.6676259999999274,41.13504927335299,33.7875,45.7125,1,1,1,1,233,27,27,233.0,27.0,233.0,233,27,27.462828406169137,46696.8033000563
4254,0,811,1,1,481000,481709,1592.416059,1594.417156,2.0010970000000725,40.31387915659969,33.7875,45.7125,1,1,1,1,709,80,80,711.0,80.0,709.0,709,80,80.67198263863975,47001.71955682138
4254,0,812,1,1,481709,482438,1594.417156,1596.417662,2.0005060000000867,40.03113139925702,33.7875,45.7125,1,1,1,1,729,80,80,729.0,80.0,729.0,729,80,80.08251855100389,46211.30853893764
4254,0,813,1,1,482438,483150,1596.417662,1598.422152,2.0044900000000325,39.78128895929189,33.7875,45.7125,1,1,1,1,712,80,80,712.0,80.0,712.0,712,80,79.74119590601185,46497.612859130495
4254,0,814,1,1,483150,483826,1598.422152,1600.424529,2.0023769999997967,39.58343187058395,33.7875,45.7125,1,1,1,1,676,80,80,676.0,80.0,676.0,676,80,79.26095355871803,45250.220113399824
4254,0,815,1,1,483826,484504,1600.424529,1602.424621,2.000091999999995,39.4009263918135,33.7875,45.7125,1,1,1,1,678,80,80,678.0,80.0,678.0,678,80,78.80547766885138,45190.42124062304
4254,0,816,1,1,484504,485254,1602.424621,1604.429204,2.004583000000139,39.365167654494975,33.7875,45.7125,1,1,1,1,750,80,80,750.0,80.0,750.0,750,80,78.91074587235926,46151.74328027006
4254,0,817,1,1,485254,485983,1604.429204,1606.431431,2.002226999999948,39.814637717616016,33.7875,45.7125,1,1,1,1,729,80,80,729.0,80.0,729.0,729,80,79.71794263342599,47040.620269331324
4254,0,818,1,1,485983,486619,1606.431431,1608.434345,2.002913999999919,38.40680875104859,33.7875,45.7125,1,1,1,1,636,80,80,637.0,80.0,637.0,636,80,76.92553494279127,43928.99545362585
4254,0,819,1,1,486619,487299,1608.434345,1610.434331,1.9999860000000353,38.69303808342179,33.7875,45.7125,1,1,1,1,680,80,80,679.0,80.0,679.0,680,80,77.38553446430888,45512.81858972932
4254,0,820,1,1,487299,488036,1610.434331,1612.44051,2.0061789999999746,39.43918022282815,33.7875,45.7125,1,1,1,1,737,80,80,737.0,80.0,737.0,737,80,79.12205514025118,46187.30432329377
4254,0,821,1,1,488036,488701,1612.44051,1614.449744,2.009234000000106,39.13441390635543,33.7875,45.7125,1,1,1,1,665,80,80,665.0,81.0,665.0,665,81,78.63019499072834,45597.974153331656
4254,0,822,1,1,488701,489414,1614.449744,1616.45202,2.002275999999938,39.50210222733932,33.7875,45.7125,1,1,1,1,713,80,80,713.0,80.0,713.0,713,80,79.09411123934842,45903.26208774557
4254,0,823,1,1,489414,490116,1616.45202,1618.454295,2.002275000000054,38.939252693891056,33.7875,45.7125,1,1,1,1,702,80,80,702.0,80.0,702.0,702,80,77.96709218766046,45461.78721703938
4254,0,824,1,1,490116,490774,1618.454295,1620.456573,2.002277999999933,38.56970822091638,33.7875,45.7125,1,1,1,1,658,80,80,658.0,80.0,658.0,658,80,77.22727823715832,44658.13438493705
4254,0,825,1,1,490774,491412,1620.456573,1622.458659,2.002085999999963,37.70584505295921,33.7875,45.7125,1,1,1,1,638,80,80,638.0,79.0,638.0,638,79,75.49034449869941,43579.546532966924
4254,0,826,1,1,491412,492079,1622.458659,1624.461125,2.0024660000001404,38.564023705272824,33.7875,45.7125,1,1,1,1,667,80,80,667.0,81.0,667.0,667,81,77.22314629300672,45424.491601851725
4254,0,827,1,1,492079,492736,1624.461125,1626.462479,2.001353999999992,38.45513134476788,33.7875,45.7125,1,1,1,1,657,80,80,657.0,79.0,657.0,657,79,76.96233093737828,44886.11210210705
4254,0,828,1,1,492736,493442,1626.462479,1628.46338,2.0009009999998852,39.1496891533475,33.7875,45.7125,1,1,1,1,706,80,80,706.0,80.0,706.0,706,80,78.33465217661433,46446.57581759684
4254,0,829,1,1,493442,494000,1628.46338,1630.219573,1.7561930000001666,39.05129018981891,33.7875,45.7125,1,1,1,1,558,71,71,559.0,71.0,558.0,558,71,68.58160247233172,45214.84825414545
4254,0,830,1,1,494000,494617,1630.219573,1632.219948,2.000374999999849,38.88646150416329,33.7875,45.7125,1,1,1,1,617,79,79,619.0,80.0,617.0,617,80,77.78750543138449,44257.20177467059
4254,0,831,1,1,494617,495307,1632.219948,1634.220263,2.0003150000000005,39.0674938054868,33.7875,45.7125,1,1,1,1,690,80,80,690.0,79.0,690.0,690,79,78.14729387152329,44822.94038688905
4254,0,832,1,1,495307,495997,1634.220263,1636.222579,2.0023160000000644,39.54248005525532,33.7875,45.7125,1,1,1,1,690,80,80,690.0,80.0,690.0,690,80,79.17654049432167,46696.425539224074
4254,0,833,1,1,495997,496664,1636.222579,1638.223381,2.0008020000000215,39.62532494085334,33.7875,45.7125,1,1,1,1,667,80,80,667.0,80.0,667.0,667,80,79.28242939231131,46211.969000430334
4254,0,834,1,1,496664,497325,1638.223381,1640.224805,2.0014240000000427,39.360045811807545,33.7875,45.7125,1,1,1,1,661,80,80,661.0,80.0,661.0,661,80,78.77614032885322,46404.460024461594
4254,0,835,1,1,497325,497982,1640.224805,1642.22545,2.0006449999998495,39.70159584746054,33.7875,45.7125,1,1,1,1,657,80,80,658.0,80.0,657.0,657,80,79.4287992242389,45677.76891952689
4254,0,836,1,1,497982,498673,1642.22545,1644.232064,2.006614000000127,39.85886938778692,33.7875,45.7125,1,1,1,1,691,80,80,691.0,80.0,691.0,691,80,79.98136533771321,45731.76505296693
4254,0,837,1,1,498673,499374,1644.232064,1646.235882,2.00381799999991,39.20675383293239,33.7875,45.7125,1,1,1,1,701,80,80,701.0,81.0,701.0,701,81,78.5631990519978,45384.860301686116
4254,0,838,1,1,499374,500041,1646.235882,1648.236537,2.0006550000000516,40.29102499487738,33.7875,45.7125,1,1,1,1,667,80,80,667.0,79.0,667.0,667,79,80.60844061112584,46014.43027408405
4254,0,839,1,1,500041,500722,1648.236537,1650.240354,2.0038170000000264,39.53718366545744,33.7875,45.7125,1,1,1,1,681,80,80,681.0,80.0,681.0,681,80,79.22528076096933,45202.73058867092
4254,0,840,1,1,500722,501428,1650.240354,1652.242649,2.0022950000000037,39.919453472518974,33.7875,45.7125,1,1,1,1,706,80,80,706.0,80.0,706.0,706,80,79.9305220907554,46549.584351956044
4254,0,841,1,1,501428,502135,1652.242649,1654.243013,2.0003639999999905,39.76017374507547,33.7875,45.7125,1,1,1,1,707,80,80,709.0,80.0,707.0,707,80,79.53482019339572,46124.605321831645
4254,0,842,1,1,502135,502839,1654.243013,1656.247125,2.0041120000000774,39.517822003369574,33.7875,45.7125,1,1,1,1,704,80,80,704.0,80.0,704.0,704,80,79.19814129082079,46193.027136206176
4254,0,843,1,1,502839,503538,1656.247125,1658.248553,2.0014279999998053,39.90042774000752,33.7875,45.7125,1,1,1,1,699,80,80,699.0,80.0,699.0,699,80,79.85783329082187,46250.97680256747
4254,0,844,1,1,503538,504294,1658.248553,1660.250876,2.0023230000001604,39.691798986050756,33.7875,45.7125,1,1,1,1,756,80,80,757.0,80.0,757.0,756,80,79.47580202115205,46764.682820899776
4254,0,845,1,1,504294,504996,1660.250876,1662.254096,2.0032199999998284,39.37528046657763,33.7875,45.7125,1,1,1,1,702,80,80,701.0,81.0,701.0,702,81,78.87734933625325,44949.131897648644
4254,0,846,1,1,504996,505674,1662.254096,1664.256372,2.0022760000001654,39.46260356943025,33.7875,45.7125,1,1,1,1,678,80,80,678.0,80.0,678.0,678,80,79.015024024593,45791.38939886031
4254,0,847,1,1,505674,506351,1664.256372,1666.256614,2.0002419999998438,39.01827790466291,33.7875,45.7125,1,1,1,1,677,80,80,677.0,79.0,677.0,677,79,78.04599823257013,45198.0310382479
4254,0,848,1,1,506351,507000,1666.256614,1667.970453,1.7138390000000072,39.69073114084692,33.7875,45.7125,1,1,1,1,649,69,69,650.0,69.0,649.0,649,69,68.02352296769823,46555.131491347594
4254,0,849,1,1,507000,507721,1667.970453,1669.973069,2.002615999999989,39.48314872792861,33.7875,45.7125,1,1,1,1,721,80,80,722.0,80.0,721.0,721,80,79.06958537292667,46796.29045208892
4254,0,850,1,1,507721,508430,1669.973069,1671.976996,2.0039270000002034,39.29484736770012,33.7875,45.7125,1,1,1,1,709,80,80,710.0,80.0,710.0,709,80,78.74400560102367,45875.92262591934
4254,0,851,1,1,508430,509164,1671.976996,1673.978594,2.001597999999831,39.34727043589534,33.7875,45.7125,1,1,1,1,734,80,80,733.0,80.0,733.0,734,80,78.75741780993849,45462.67532242123
4254,0,852,1,1,509164,509831,1673.978594,1675.982603,2.0040089999999964,39.50850825610516,33.7875,45.7125,1,1,1,1,667,80,80,667.0,80.0,667.0,667,80,79.17540612180892,45640.014590752915
4254,0,853,1,1,509831,510541,1675.982603,1677.986081,2.0034780000000865,40.252414099810345,33.7875,45.7125,1,1,1,1,710,80,80,710.0,80.0,710.0,710,80,80.64482609586412,45873.72559119493
4254,0,854,1,1,510541,511246,1677.986081,1679.98654,2.0004590000000917,39.3321655208506,33.7875,45.7125,1,1,1,1,705,80,80,705.0,80.0,705.0,705,80,78.68238450567878,46667.28985697569
4254,0,855,1,1,511246,511926,1679.98654,1681.988691,2.0021509999999125,39.61030917234932,33.7875,45.7125,1,1,1,1,680,80,80,680.0,80.0,680.0,680,80,79.30582011972729,45523.53943334143
4254,0,856,1,1,511926,512633,1681.988691,1683.993405,2.0047139999999217,39.69411779285186,33.7875,45.7125,1,1,1,1,707,80,80,707.0,80.0,707.0,707,80,79.5753536569755,46152.718043573106
4254,0,857,1,1,512633,513334,1683.993405,1685.995241,2.0018360000001394,39.650605870618485,33.7875,45.7125,1,1,1,1,701,80,80,701.0,80.0,701.0,701,80,79.3740102536176,46848.9926247672
4254,0,858,1,1,513334,514025,1685.995241,1688.000055,2.0048139999998966,39.73461058694259,33.7875,45.7125,1,1,1,1,691,80,80,691.0,80.0,691.0,691,80,79.66050358924986,46378.367269983544
4254,0,859,1,1,514025,514719,1688.000055,1690.005726,2.0056710000001203,39.18073531473867,33.7875,45.7125,1,1,1,1,694,80,80,694.0,80.0,694.0,694,80,78.58366457945522,45494.50034427108
4254,0,860,1,1,514719,515416,1690.005726,1692.012935,2.0072089999998752,39.66754544254131,33.7875,45.7125,1,1,1,1,697,80,80,697.0,81.0,697.0,697,81,79.62105422017339,45135.80798013841
4254,0,861,1,1,515416,516137,1692.012935,1694.0144,2.001465000000053,40.42426513154188,33.7875,45.7125,1,1,1,1,721,80,80,721.0,79.0,721.0,721,79,80.90775181150093,47559.66254718293
4254,0,862,1,1,516137,516854,1694.0144,1696.017204,2.002803999999969,39.828923658347016,33.7875,45.7125,1,1,1,1,717,80,80,717.0,80.0,717.0,717,80,79.76952761862776,46313.06907715454
4254,0,863,1,1,516854,517567,1696.017204,1698.019262,2.0020580000000336,39.81527602563916,33.7875,45.7125,1,1,1,1,713,80,80,713.0,80.0,713.0,713,80,79.71249188933871,46152.50906816808
4254,0,864,1,1,517567,518286,1698.019262,1700.022041,2.0027789999999186,40.22362945968807,33.7875,45.7125,1,1,1,1,719,80,80,720.0,81.0,720.0,719,81,80.5590403856404,45901.71956067231
4254,0,865,1,1,518286,518949,1700.022041,1702.02236,2.0003189999999904,39.81341565793121,33.7875,45.7125,1,1,1,1,663,80,80,662.0,79.0,662.0,663,79,79.63953179545933,45887.18099463158
4254,0,866,1,1,518949,519642,1702.02236,1704.023252,2.0008920000000217,39.48940243881779,33.7875,45.7125,1,1,1,1,693,80,80,693.0,80.0,693.0,693,80,79.01402942460845,46095.44143312033
4254,0,867,1,1,519642,520000,1704.023252,1704.986335,0.963083000000097,39.150444568357386,33.7875,45.7125,1,1,1,1,358,39,39,358.0,39.0,358.0,358,39,37.70512760623387,47021.90776910759
4254,0,868,1,1,520000,520715,1704.986335,1706.989846,2.0035109999998895,40.38276319774146,33.7875,45.7125,1,1,1,1,715,80,80,715.0,80.0,715.0,715,80,80.90731027706352,47155.21901302524
4254,0,869,1,1,520715,521426,1706.989846,1708.992349,2.0025030000001607,39.948941225103084,33.7875,45.7125,1,1,1,1,711,79,79,712.0,80.0,711.0,711,79,79.99787465010013,45245.87478769956
4254,0,870,1,1,521426,522148,1708.992349,1710.994924,2.002574999999979,39.78699116171705,33.7875,45.7125,1,1,1,1,722,80,80,722.0,80.0,722.0,722,80,79.67643382567621,46038.2257843032
4254,0,871,1,1,522148,522879,1710.994924,1712.998566,2.0036419999999,39.67536487516262,33.7875,45.7125,1,1,1,1,731,80,80,731.0,80.0,731.0,731,80,79.49522742919362,46169.92456736514
4254,0,872,1,1,522879,523624,1712.998566,1714.998684,2.0001179999999295,39.78046096582932,33.7875,45.7125,1,1,1,1,745,80,80,745.0,80.0,745.0,745,80,79.56561602604779,46599.750614715376
4254,0,873,1,1,523624,524308,1714.998684,1716.998891,2.000207000000046,39.702641879669684,33.7875,45.7125,1,1,1,1,684,80,80,685.0,80.0,684.0,684,80,79.41350220621098,46064.232351950515
4254,0,874,1,1,524308,525002,1716.998891,1719.002279,2.0033880000000863,39.39186300120462,33.7875,45.7125,1,1,1,1,694,80,80,694.0,80.0,694.0,694,80,78.9171856342582,45381.12437530627
4254,0,875,1,1,525002,525674,1719.002279,1721.015475,2.01319599999988,40.26906905892761,33.7875,45.7125,1,1,1,1,672,80,80,672.0,80.0,672.0,672,80,81.06952875314892,46592.08542039901
4254,0,876,1,1,525674,526378,1721.015475,1723.016189,2.0007140000000163,39.89730782532402,33.7875,45.7125,1,1,1,1,704,80,80,704.0,80.0,704.0,704,80,79.82310232843884,46514.39436121267
4254,0,877,1,1,526378,527048,1723.016189,1725.016206,2.0000170000000708,40.0811968352501,33.7875,45.7125,1,1,1,1,670,80,80,670.0,80.0,670.0,670,80,80.16307505084842,46477.104944606326
4254,0,878,1,1,527048,527770,1725.016206,1727.01629,2.0000840000000153,40.15884028900765,33.7875,45.7125,1,1,1,1,722,80,80,722.0,80.0,722.0,722,80,80.32105392059748,46590.04321818448
4254,0,879,1,1,527770,528480,1727.01629,1729.017409,2.001119000000017,40.011793761971276,33.7875,45.7125,1,1,1,1,710,80,80,710.0,80.0,710.0,710,80,80.0683607211613,46081.71727918191
4254,0,880,1,1,528480,529164,1729.017409,1731.018442,2.0010330000000067,40.351040509344,33.7875,45.7125,1,1,1,1,684,80,80,684.0,80.0,684.0,684,80,80.7437636435352,45842.822182342665
4254,0,881,1,1,529164,529918,1731.018442,1733.022274,2.003831999999875,40.048932965707266,33.7875,45.7125,1,1,1,1,754,80,80,754.0,80.0,754.0,754,80,80.25133344253118,46549.810562964274
4254,0,882,1,1,529918,530596,1733.022274,1735.028082,2.0058080000001155,39.89091311383353,33.7875,45.7125,1,1,1,1,678,80,80,678.0,80.0,678.0,678,80,80.01351265103585,45945.07550074319
4254,0,883,1,1,530596,531317,1735.028082,1737.029135,2.0010529999999562,40.05002632483783,33.7875,45.7125,1,1,1,1,721,80,80,721.0,80.0,721.0,721,80,80.14222532739223,46476.030370011205
4254,0,884,1,1,531317,532019,1737.029135,1739.041405,2.012269999999944,40.33396016398142,33.7875,45.7125,1,1,1,1,702,80,80,702.0,81.0,702.0,702,81,81.16281801916921,47311.24550880481
4254,0,885,1,1,532019,532695,1739.041405,1741.041643,2.0002380000000812,40.340798990714035,33.7875,45.7125,1,1,1,1,676,80,80,676.0,79.0,676.0,676,79,80.69119909159053,46082.51618057264
4254,0,886,1,1,532695,533000,1741.041643,1741.944712,0.9030689999999595,39.83599581096499,33.7875,45.7125,1,1,1,1,305,36,36,305.0,37.0,305.0,305,37,35.974652901008085,46025.276030958725
4254,0,887,1,1,533000,533683,1741.944712,1743.945543,2.000831000000062,39.921181229400105,33.7875,45.7125,1,1,1,1,683,80,80,684.0,79.0,683.0,683,79,79.87553696040413,46405.71842399339
4254,0,888,1,1,533683,534374,1743.945543,1745.949259,2.0037159999999403,39.82476736841385,33.7875,45.7125,1,1,1,1,691,80,80,691.0,81.0,691.0,691,81,79.7975235723643,46055.429012895416
4254,0,889,1,1,534374,535157,1745.949259,1747.949872,2.0006129999999303,40.382440293096685,33.7875,45.7125,1,1,1,1,783,80,80,783.0,79.0,783.0,783,79,80.7896350220908,47541.42855215042
4254,0,890,1,1,535157,535889,1747.949872,1749.95273,2.00285800000006,40.13626078099827,33.7875,45.7125,1,1,1,1,732,80,80,732.0,80.0,732.0,732,80,80.38723099530762,46479.08139268845
4254,0,891,1,1,535889,536582,1749.95273,1751.952694,1.999964000000091,39.736618864222685,33.7875,45.7125,1,1,1,1,693,80,80,693.0,80.0,693.0,693,80,79.47180721016775,46088.32958993052
4254,0,892,1,1,536582,537292,1751.952694,1753.956701,2.0040070000000014,39.99850054053255,33.7875,45.7125,1,1,1,1,710,80,80,710.0,80.0,710.0,710,80,80.15727507272823,46011.316327737346
4254,0,893,1,1,537292,538019,1753.956701,1755.960119,2.0034180000000106,40.793537241852526,33.7875,45.7125,1,1,1,1,727,80,80,727.0,80.0,727.0,727,80,81.72650679399521,47523.78185680647
4254,0,894,1,1,538019,538707,1755.960119,1757.962917,2.0027979999999843,39.57088527897861,33.7875,45.7125,1,1,1,1,688,80,80,688.0,81.0,688.0,688,81,79.2524898949705,45552.2723709534
4254,0,895,1,1,538707,539400,1757.962917,1759.965195,2.002277999999933,39.8149294887595,33.7875,45.7125,1,1,1,1,693,80,80,693.0,80.0,693.0,693,80,79.72055738689232,46547.482417527994
4254,0,896,1,1,539400,540158,1759.965195,1761.967471,2.002275999999938,40.171862078765336,33.7875,45.7125,1,1,1,1,758,80,80,758.0,80.0,758.0,758,80,80.43515531562298,47106.89235649976
4254,0,897,1,1,540158,540906,1761.967471,1763.967644,2.0001730000001317,40.052350734084634,33.7875,45.7125,1,1,1,1,748,80,80,748.0,79.0,748.0,748,79,80.11163052485063,46741.95682073193
4254,0,898,1,1,540906,541599,1763.967644,1765.967954,2.0003099999998994,39.92366335297004,33.7875,45.7125,1,1,1,1,693,80,80,693.0,80.0,693.0,693,80,79.85970304157672,46266.32871905087
4254,0,899,1,1,541599,542252,1765.967954,1767.973123,2.0051690000000235,39.6926371463574,33.7875,45.7125,1,1,1,1,653,80,80,653.0,80.0,653.0,653,80,79.59044553412241,45519.35522641679
4254,0,900,1,1,542252,543006,1767.973123,1769.975243,2.0021200000001045,39.94400397805898,33.7875,45.7125,1,1,1,1,754,80,80,754.0,80.0,754.0,754,80,79.9726892445542,47185.48338760667
4254,0,901,1,1,543006,543701,1769.975243,1771.978853,2.0036099999999806,39.91740614089284,33.7875,45.7125,1,1,1,1,695,80,80,695.0,81.0,695.0,695,81,79.9789141179499,46282.95925853879
4254,0,902,1,1,543701,544420,1771.978853,1773.981129,2.002275999999938,39.81538539016641,33.7875,45.7125,1,1,1,1,719,80,80,719.0,80.0,719.0,719,80,79.7213905974786,46592.977191957
4254,0,903,1,1,544420,545138,1773.981129,1775.983407,2.002277999999933,39.5947468080405,33.7875,45.7125,1,1,1,1,718,80,80,718.0,80.0,718.0,718,80,79.27969044930796,45438.745269139974
4254,0,904,1,1,545138,545873,1775.983407,1777.984007,2.0006000000000768,39.95056059612098,33.7875,45.7125,1,1,1,1,735,80,80,735.0,79.0,735.0,735,79,79.92509152860293,46105.668299508376
4254,0,905,1,1,545873,546000,1777.984007,1778.338146,0.35413900000003196,39.189795981258136,33.7875,45.7125,1,1,1,1,127,15,15,127.0,15.0,127.0,127,15,13.878635159009718,44835.50244395158
4254,0,906,1,1,546000,546678,1778.338146,1780.338358,2.0002119999999195,39.550584644802186,33.7875,45.7125,1,1,1,1,678,79,79,678.0,80.0,678.0,678,80,79.10955401354295,45234.705121258965
4254,0,907,1,1,546678,547367,1780.338358,1782.340634,2.002275999999938,39.560387466935055,33.7875,45.7125,1,1,1,1,689,80,80,689.0,80.0,689.0,689,80,79.21081437574321,46221.40004674823
4254,0,908,1,1,547367,548111,1782.340634,1784.340883,2.000249000000167,39.941128085567534,33.7875,45.7125,1,1,1,1,744,80,80,744.0,79.0,744.0,744,79,79.89220151203335,46421.72049579439
4254,0,909,1,1,548111,548833,1784.340883,1786.345187,2.00430399999982,39.779712130562466,33.7875,45.7125,1,1,1,1,722,80,80,722.0,81.0,722.0,722,81,79.73063614212879,45862.803247415686
4254,0,910,1,1,548833,549517,1786.345187,1788.347464,2.002277000000049,39.64654665186877,33.7875,45.7125,1,1,1,1,684,80,80,684.0,80.0,684.0,684,80,79.38336849046755,46424.14610965302
4254,0,911,1,1,549517,550247,1788.347464,1790.349502,2.002038000000084,39.731460494000444,33.7875,45.7125,1,1,1,1,730,80,80,730.0,79.0,730.0,730,79,79.54389370448916,47008.098747374446
4254,0,912,1,1,550247,550924,1790.349502,1792.350411,2.000908999999865,39.52822967078952,33.7875,45.7125,1,1,1,1,677,80,80,677.0,80.0,677.0,677,80,79.09239050234464,45812.178364936226
4254,0,913,1,1,550924,551603,1792.350411,1794.353193,2.0027820000000247,40.16103274711816,33.7875,45.7125,1,1,1,1,679,80,80,679.0,80.0,679.0,679,80,80.43379348734015,46674.57566524906
4254,0,914,1,1,551603,552284,1794.353193,1796.354225,2.001032000000123,39.66989700231183,33.7875,45.7125,1,1,1,1,681,80,80,681.0,80.0,681.0,681,80,79.38073333833745,45656.94101843168
4254,0,915,1,1,552284,552968,1796.354225,1798.355539,2.0013139999998657,39.47169221262969,33.7875,45.7125,1,1,1,1,684,80,80,684.0,80.0,684.0,684,80,78.99525022882153,44850.03352797513
4254,0,916,1,1,552968,553606,1798.355539,1800.355535,1.99999600000001,39.662473439982634,33.7875,45.7125,1,1,1,1,638,80,80,638.0,80.0,638.0,638,80,79.32478823007114,45308.090616181005
4254,0,917,1,1,553606,554288,1800.355535,1802.360933,2.005398000000014,39.901055977809754,33.7875,45.7125,1,1,1,1,682,80,80,682.0,80.0,682.0,682,80,80.01749785579159,45322.67410259678
4254,0,918,1,1,554288,555025,1802.360933,1804.36103,2.000097000000096,39.933312707239985,33.7875,45.7125,1,1,1,1,737,80,80,737.0,80.0,737.0,737,80,79.87049894581287,47284.206715972
4254,0,919,1,1,555025,555724,1804.36103,1806.363502,2.002471999999898,39.49289492025714,33.7875,45.7125,1,1,1,1,699,80,80,699.0,80.0,699.0,699,80,79.08341627674963,46262.81915552613
4254,0,920,1,1,555724,556447,1806.363502,1808.367964,2.004462000000103,39.125184653434225,33.7875,45.7125,1,1,1,1,723,80,80,724.0,80.0,723.0,723,80,78.42494588079717,46166.50253284683
4254,0,921,1,1,556447,557163,1808.367964,1810.368292,2.0003280000000814,39.30613080777923,33.7875,45.7125,1,1,1,1,716,80,80,716.0,80.0,716.0,716,80,78.62515402646386,44967.62530944742
4254,0,922,1,1,557163,557808,1810.368292,1812.369065,2.000772999999981,39.33987597293735,33.7875,45.7125,1,1,1,1,645,80,80,645.0,80.0,645.0,645,80,78.71016167000198,45280.499087103264
4254,0,923,1,1,557808,558469,1812.369065,1814.369762,2.0006969999999455,39.60135375696534,33.7875,45.7125,1,1,1,1,661,80,80,661.0,80.0,661.0,661,80,79.23030965749786,45771.54861530881
4254,0,924,1,1,558469,559000,1814.369762,1816.014199,1.6444369999999253,38.93722498714392,33.7875,45.7125,1,1,1,1,531,66,66,531.0,66.0,531.0,531,66,64.02981344618456,44368.376532517395
4254,0,925,1,1,559000,559664,1816.014199,1818.020052,2.0058530000001156,39.33194952854999,33.7875,45.7125,1,1,1,1,664,80,80,664.0,80.0,664.0,664,80,78.89410895769834,45583.101054760606
4254,0,926,1,1,559664,560357,1818.020052,1820.020456,2.0004039999998895,39.581758728565205,33.7875,45.7125,1,1,1,1,693,80,80,693.0,80.0,693.0,693,80,79.17950848765031,46092.18937774824
4254,0,927,1,1,560357,561085,1820.020456,1822.025936,2.005480000000034,39.26118946122568,33.7875,45.7125,1,1,1,1,728,80,80,728.0,80.0,728.0,728,80,78.73753024070174,45650.41785507631
4254,0,928,1,1,561085,561715,1822.025936,1824.038043,2.0121070000000145,39.37150438009373,33.7875,45.7125,1,1,1,1,630,80,80,630.0,81.0,630.0,630,81,79.219679563721,45269.46131592373
4254,0,929,1,1,561715,562391,1824.038043,1826.038441,2.0003979999999046,38.89669489803182,33.7875,45.7125,1,1,1,1,676,80,80,676.0,79.0,676.0,676,79,77.8088706806302,45692.4072109672
4254,0,930,1,1,562391,563086,1826.038441,1828.042596,2.0041550000000825,39.71179077534614,33.7875,45.7125,1,1,1,1,695,80,80,695.0,81.0,695.0,695,81,79.58858404136845,47058.23651364097
4254,0,931,1,1,563086,563804,1828.042596,1830.044872,2.002275999999938,39.78936519391831,33.7875,45.7125,1,1,1,1,718,80,80,718.0,80.0,718.0,718,80,79.66929098301625,45715.475788554046
4254,0,932,1,1,563804,564469,1830.044872,1832.045076,2.000204000000167,39.47796632631025,33.7875,45.7125,1,1,1,1,665,80,80,665.0,79.0,665.0,665,79,78.96398615775979,45122.39751544966
4254,0,933,1,1,564469,565168,1832.045076,1834.048072,2.002995999999939,39.85404822646339,33.7875,45.7125,1,1,1,1,699,80,80,699.0,80.0,699.0,699,80,79.82749918141053,45920.21152313973
4254,0,934,1,1,565168,565866,1834.048072,1836.051704,2.003631999999925,40.02862505597455,33.7875,45.7125,1,1,1,1,698,80,80,699.0,81.0,698.0,698,81,80.20263407815219,47020.61057120445
4254,0,935,1,1,565866,566570,1836.051704,1838.053977,2.0022730000000593,39.613944056683856,33.7875,45.7125,1,1,1,1,704,80,80,704.0,80.0,704.0,704,80,79.31793060820928,46249.43751426367
4254,0,936,1,1,566570,567271,1838.053977,1840.056255,2.002277999999933,39.94778847809432,33.7875,45.7125,1,1,1,1,701,80,80,701.0,80.0,701.0,701,80,79.98657801833906,46605.91586183493
4254,0,937,1,1,567271,567966,1840.056255,1842.056599,2.000344000000041,40.03498293239819,33.7875,45.7125,1,1,1,1,695,80,80,695.0,79.0,695.0,695,79,80.08373789892357,46112.56863819328
4254,0,938,1,1,567966,568660,1842.056599,1844.058861,2.0022619999999733,40.15403144106068,33.7875,45.7125,1,1,1,1,694,80,80,694.0,80.0,694.0,694,80,80.39889130124357,46680.70412363679
4254,0,939,1,1,568660,569343,1844.058861,1846.060724,2.0018629999999575,40.07423831897713,33.7875,45.7125,1,1,1,1,683,80,80,683.0,80.0,683.0,683,80,80.22313494393893,46114.54430198368
4254,0,940,1,1,569343,570065,1846.060724,1848.064845,2.0041210000001684,39.88694801285656,33.7875,45.7125,1,1,1,1,722,80,80,722.0,80.0,722.0,722,80,79.93827013848204,46449.29123540554
4254,0,941,1,1,570065,570783,1848.064845,1850.064913,2.0000679999998283,40.417982100584524,33.7875,45.7125,1,1,1,1,718,80,80,719.0,80.0,718.0,718,80,80.83871262394678,46946.40382227407
4254,0,942,1,1,570783,571517,1850.064913,1852.065791,2.000878000000057,39.765684192240855,33.7875,45.7125,1,1,1,1,734,80,80,734.0,80.0,734.0,734,80,79.56628265520703,45878.359400222
4254,0,943,1,1,571517,572000,1852.065791,1853.402303,1.3365120000000843,39.15468941611567,33.7875,45.7125,1,1,1,1,483,54,54,483.0,54.0,483.0,483,54,52.33071226091852,46084.135421153056
4254,0,944,1,1,572000,572734,1853.402303,1855.414671,2.012367999999924,39.67280160224965,33.7875,45.7125,1,1,1,1,734,80,80,734.0,80.0,734.0,734,80,79.83627641470957,45765.48623313603
4254,0,945,1,1,572734,573389,1855.414671,1857.415649,2.000978000000032,39.431629600416635,33.7875,45.7125,1,1,1,1,655,80,80,655.0,80.0,655.0,655,80,78.90182333458506,45116.43806178707
4254,0,946,1,1,573389,574053,1857.415649,1859.419687,2.004038000000037,39.40353407828281,33.7875,45.7125,1,1,1,1,664,80,80,664.0,80.0,664.0,664,80,78.96617962717573,44913.32000690523
4254,0,947,1,1,574053,574758,1859.419687,1861.430557,2.0108699999998407,39.719364906316876,33.7875,45.7125,1,1,1,1,705,80,80,705.0,81.0,705.0,705,81,79.87047930916015,46057.676528073585
4254,0,948,1,1,574758,575424,1861.430557,1863.432011,2.0014540000001944,39.689217935327,33.7875,45.7125,1,1,1,1,666,80,80,666.0,79.0,666.0,666,79,79.43614399353828,46855.43609795224
4254,0,949,1,1,575424,576101,1863.432011,1865.43511,2.003098999999793,39.58015742015678,33.7875,45.7125,1,1,1,1,677,80,80,677.0,81.0,677.0,677,81,79.28297374815156,45354.22363048926
4254,0,950,1,1,576101,576763,1865.43511,1867.437389,2.002279000000044,39.07791476535815,33.7875,45.7125,1,1,1,1,662,80,80,662.0,80.0,662.0,662,80,78.24488809846662,45073.13915792855
4254,0,951,1,1,576763,577503,1867.437389,1869.437609,2.0002200000001267,39.9022693197169,33.7875,45.7125,1,1,1,1,740,80,80,740.0,79.0,740.0,740,79,79.81331713868713,46647.868734436255
4254,0,952,1,1,577503,578250,1869.437609,1871.441395,2.003785999999991,39.75219321900351,33.7875,45.7125,1,1,1,1,747,80,80,747.0,80.0,747.0,747,80,79.65488824153726,47513.55683690795
4254,0,953,1,1,578250,578945,1871.441395,1873.444215,2.0028199999999288,39.55578131240218,33.7875,45.7125,1,1,1,1,695,80,80,695.0,81.0,695.0,695,81,79.22310992810526,46435.52590847071
4254,0,954,1,1,578945,579630,1873.444215,1875.446493,2.002277999999933,39.18248323048061,33.7875,45.7125,1,1,1,1,685,80,80,685.0,80.0,685.0,685,80,78.45422415775101,45622.53593157547
4254,0,955,1,1,579630,580316,1875.446493,1877.448769,2.0022760000001654,39.73617991278271,33.7875,45.7125,1,1,1,1,686,80,80,686.0,80.0,686.0,686,80,79.56279937105137,45859.81153446998
4254,0,956,1,1,580316,581017,1877.448769,1879.451046,2.002276999999822,39.266756057115444,33.7875,45.7125,1,1,1,1,701,80,80,702.0,80.0,701.0,701,80,78.62292251776671,45878.267592350196
4254,0,957,1,1,581017,581694,1879.451046,1881.453322,2.0022760000001654,39.18533235821056,33.7875,45.7125,1,1,1,1,677,80,80,677.0,80.0,677.0,677,80,78.45985053287586,46050.5944235422
4254,0,958,1,1,581694,582413,1881.453322,1883.455599,2.002276999999822,39.39638861008086,33.7875,45.7125,1,1,1,1,719,80,80,719.0,80.0,719.0,719,80,78.88248279702384,46034.58961972205
4254,0,959,1,1,582413,583109,1883.455599,1885.456215,2.0006160000000364,39.3203959776193,33.7875,45.7125,1,1,1,1,696,80,80,696.0,79.0,696.0,696,79,78.66501331915788,46027.8234303826
4254,0,960,1,1,583109,583811,1885.456215,1887.457619,2.001404000000093,39.265890693069665,33.7875,45.7125,1,1,1,1,702,80,80,702.0,80.0,702.0,702,80,78.58691069667111,45598.489860116075
4254,0,961,1,1,583811,584408,1887.457619,1889.462428,2.004809000000023,38.88923771501394,33.7875,45.7125,1,1,1,1,597,79,79,597.0,81.0,597.0,597,80,77.9654937742016,45262.665919795334
4254,0,962,1,1,584408,585000,1889.462428,1891.180538,1.7181100000000242,38.85634036642686,33.7875,45.7125,1,1,1,1,592,69,69,592.0,68.0,592.0,592,68,66.75946694696904,45732.81105400637
4254,0,963,1,1,585000,585642,1891.180538,1893.18577,2.005231999999978,38.7247677824113,33.7875,45.7125,1,1,1,1,642,80,80,642.0,80.0,642.0,642,80,77.65214354985801,44319.06133554669
4254,0,964,1,1,585642,586353,1893.18577,1895.185835,2.0000649999999496,39.276056003694045,33.7875,45.7125,1,1,1,1,711,80,79,711.0,80.0,711.0,711,79,78.55466495102155,45672.51564324275
4254,0,965,1,1,586353,587026,1895.185835,1897.187871,2.002036000000089,38.97515835204482,33.7875,45.7125,1,1,1,1,673,80,80,673.0,80.0,673.0,673,80,78.02967012650333,44632.56404979532
4254,0,966,1,1,587026,587701,1897.187871,1899.189038,2.001166999999896,39.31378782551024,33.7875,45.7125,1,1,1,1,675,80,80,675.0,80.0,675.0,675,80,78.6734548414097,46049.13033245342
4254,0,967,1,1,587701,588381,1899.189038,1901.189357,2.0003189999999904,39.23978619736523,33.7875,45.7125,1,1,1,1,680,80,80,680.0,80.0,680.0,680,80,78.4920898865239,46548.57550220762
4254,0,968,1,1,588381,589096,1901.189357,1903.19443,2.0050730000000385,39.522982696236646,33.7875,45.7125,1,1,1,1,715,80,80,716.0,80.0,715.0,715,80,79.24646548369492,46307.54092244931
4254,0,969,1,1,589096,589807,1903.19443,1905.194591,2.0001609999999346,39.04944045663928,33.7875,45.7125,1,1,1,1,711,80,80,712.0,80.0,711.0,711,80,78.1051678731892,46204.2805554168
4254,0,970,1,1,589807,590490,1905.194591,1907.195196,2.0006049999999505,39.07592115076439,33.7875,45.7125,1,1,1,1,683,80,80,683.0,80.0,683.0,683,80,78.17548323381925,45965.095558594665
4254,0,971,1,1,590490,591181,1907.195196,1909.198886,2.003690000000006,39.34019143817917,33.7875,45.7125,1,1,1,1,691,80,80,691.0,80.0,691.0,691,80,78.82554818276549,45302.41704056003
4254,0,972,1,1,591181,591854,1909.198886,1911.205893,2.007007000000158,39.28068198919731,33.7875,45.7125,1,1,1,1,673,80,80,673.0,80.0,673.0,673,80,78.83660371709266,45383.00065719394
4254,0,973,1,1,591854,592505,1911.205893,1913.209204,2.0033109999999397,38.810402339696786,33.7875,45.7125,1,1,1,1,651,80,80,651.0,80.0,651.0,651,80,77.74930592153396,44317.63215996052
4254,0,974,1,1,592505,593198,1913.209204,1915.210663,2.001459000000068,39.03871325102341,33.7875,45.7125,1,1,1,1,693,80,80,693.0,80.0,693.0,693,80,78.13438398468134,45825.07061098773
4254,0,975,1,1,593198,593891,1915.210663,1917.215094,2.0044309999998404,38.90542473604347,33.7875,45.7125,1,1,1,1,693,80,80,693.0,80.0,693.0,693,80,77.98323940909177,44899.52510213979
4254,0,976,1,1,593891,594495,1917.215094,1919.215972,2.000878000000057,39.220128130239246,33.7875,45.7125,1,1,1,1,604,72,72,693.0,80.0,604.0,604,72,78.47469153297425,46321.165008559925
4254,0,977,1,1,594495,595149,1919.215972,1921.216739,2.000766999999996,39.00241313374844,33.7875,45.7125,1,1,1,1,654,80,80,654.0,80.0,654.0,654,80,78.03474111837568,44258.0270466277
4254,0,978,1,1,595149,595846,1921.216739,1923.217216,2.0004770000000462,39.29337299250767,33.7875,45.7125,1,1,1,1,697,80,80,697.0,80.0,697.0,697,80,78.60548892393126,45352.68338501162
4254,0,979,1,1,595846,596572,1923.217216,1925.217468,2.000252000000046,38.84794789212728,33.7875,45.7125,1,1,1,1,726,80,80,726.0,80.0,726.0,726,80,77.70568546712457,45682.24403725026
4254,0,980,1,1,596572,597210,1925.217468,1927.219142,2.0016739999998663,39.02006910109173,33.7875,45.7125,1,1,1,1,638,80,80,638.0,80.0,638.0,638,80,78.10545779785025,44202.00292355594
4254,0,981,1,1,597210,597911,1927.219142,1929.227022,2.007880000000114,39.366127597930884,33.7875,45.7125,1,1,1,1,701,80,80,701.0,80.0,701.0,701,80,79.04246028134366,45561.98577603981
4254,0,982,1,1,597911,598000,1929.227022,1929.482469,0.25544700000000375,39.61524872018382,33.7875,45.7125,1,1,1,1,89,10,10,89.0,10.0,89.0,89,10,10.11959643982118,47230.93244391135
4254,0,983,1,1,598000,598718,1929.482469,1931.485207,2.0027379999999084,39.59605012845545,33.7875,45.7125,1,1,1,1,718,79,79,719.0,81.0,718.0,718,80,79.30051424216072,46098.39130230925
4254,0,984,1,1,598718,599428,1931.485207,1933.486529,2.001322000000073,39.66360371659564,33.7875,45.7125,1,1,1,1,710,80,80,710.0,79.0,710.0,710,79,79.37964271730743,45990.10054353905
4254,0,985,1,1,599428,600090,1933.486529,1935.489759,2.0032300000000305,39.829961367106534,33.7875,45.7125,1,1,1,1,662,80,80,662.0,81.0,662.0,662,81,79.78857350943144,45273.882679471964
4254,0,986,1,1,600090,600813,1935.489759,1937.489855,2.000095999999985,40.262534239244594,33.7875,45.7125,1,1,1,1,723,80,80,723.0,79.0,723.0,723,79,80.52893368178047,46695.758603587376
4254,0,987,1,1,600813,601517,1937.489855,1939.489867,2.0000119999999697,39.86227109354086,33.7875,45.7125,1,1,1,1,704,80,80,704.0,80.0,704.0,704,80,79.72502053432981,46445.221328672735
4254,0,988,1,1,601517,602223,1939.489867,1941.490879,2.001011999999946,39.90712079639877,33.7875,45.7125,1,1,1,1,706,80,80,707.0,80.0,706.0,706,80,79.85462759903749,46025.21124311223
4254,0,989,1,1,602223,602908,1941.490879,1943.491142,2.000263000000132,39.283803839946685,33.7875,45.7125,1,1,1,1,685,80,80,685.0,80.0,685.0,685,80,78.577939320312,45188.05777040021
4254,0,990,1,1,602908,603605,1943.491142,1945.491829,2.000686999999971,39.70123515844221,33.7875,45.7125,1,1,1,1,697,80,80,697.0,80.0,697.0,697,80,79.42974506544124,46551.50955646803
4254,0,991,1,1,603605,604333,1945.491829,1947.493485,2.0016559999999117,39.48491852164316,33.7875,45.7125,1,1,1,1,728,80,80,728.0,80.0,728.0,728,80,79.03522406835691,46934.1385332965
4254,0,992,1,1,604333,604981,1947.493485,1949.494217,2.000731999999971,39.59550836424769,33.7875,45.7125,1,1,1,1,648,80,80,648.0,80.0,648.0,648,80,79.22000064062013,45478.85473916613
4254,0,993,1,1,604981,605699,1949.494217,1951.494513,2.000296000000162,39.73453527002097,33.7875,45.7125,1,1,1,1,718,80,80,718.0,80.0,718.0,718,80,79.48083196248626,46777.0769926013
4254,0,994,1,1,605699,606424,1951.494513,1953.495834,2.0013209999999617,39.89005510474558,33.7875,45.7125,1,1,1,1,725,80,80,725.0,80.0,725.0,725,80,79.83280497227679,45551.912961489805
4254,0,995,1,1,606424,607096,1953.495834,1955.497857,2.0020230000000083,39.53210457022518,33.7875,45.7125,1,1,1,1,672,80,80,672.0,80.0,672.0,672,80,79.14418258800288,45336.64198663033
4254,0,996,1,1,607096,607793,1955.497857,1957.500998,2.003140999999914,39.784698307354596,33.7875,45.7125,1,1,1,1,697,80,80,698.0,80.0,697.0,697,80,79.69436035209219,46043.18917140828
4254,0,997,1,1,607793,608460,1957.500998,1959.509037,2.0080390000000534,39.54215355754848,33.7875,45.7125,1,1,1,1,667,80,80,667.0,80.0,667.0,667,80,79.40218648755399,44810.882657158356
4254,0,998,1,1,608460,609127,1959.509037,1961.510189,2.0011520000000473,39.84165048659293,33.7875,45.7125,1,1,1,1,667,80,80,667.0,80.0,667.0,667,80,79.72919855454529,45309.40178457101
4254,0,999,1,1,609127,609870,1961.510189,1963.513095,2.002905999999939,40.0209026728065,33.7875,45.7125,1,1,1,1,743,80,80,744.0,80.0,743.0,743,80,80.15810608878382,46964.76020342585
4254,0,1000,1,1,609870,610541,1963.513095,1965.513125,2.0000299999999243,39.647839958342516,33.7875,45.7125,1,1,1,1,671,80,80,671.0,80.0,671.0,671,80,79.29686935187783,44704.82942756028
4254,0,1001,1,1,610541,611000,1965.513125,1966.800366,1.2872409999999945,39.89421436721631,33.7875,45.7125,1,1,1,1,459,51,51,459.0,52.0,459.0,459,52,51.35346839626436,46527.41794271644
4254,0,1002,1,1,611000,611686,1966.800366,1968.800769,2.0004030000000057,39.869987512354115,33.7875,45.7125,1,1,1,1,686,79,79,688.0,79.0,686.0,686,78,79.75604262966954,46590.611991683545
4254,0,1003,1,1,611686,612430,1968.800769,1970.804912,2.004143000000113,39.80956423536577,33.7875,45.7125,1,1,1,1,744,80,80,745.0,81.0,745.0,744,81,79.78405949535954,46520.1335433623
4254,0,1004,1,1,612430,613129,1970.804912,1972.806061,2.0011489999999412,39.97459180296014,33.7875,45.7125,1,1,1,1,699,79,79,698.0,79.0,698.0,699,78,79.9951144118968,46255.92597053129
4254,0,1005,1,1,613129,613818,1972.806061,1974.809118,2.003056999999899,39.8318762676864,33.7875,45.7125,1,1,1,1,689,80,80,689.0,80.0,689.0,689,80,79.78551858112041,45695.15495565259
4254,0,1006,1,1,613818,614466,1974.809118,1976.811,2.0018820000000233,39.970487229576314,33.7875,45.7125,1,1,1,1,648,80,80,648.0,80.0,648.0,648,80,80.01619891611335,46016.198756969156
4254,0,1007,1,1,614466,615185,1976.811,1978.811498,2.000498000000107,40.21057294932785,33.7875,45.7125,1,1,1,1,719,80,80,719.0,80.0,719.0,719,80,80.44117076399561,47058.282487658056
4254,0,1008,1,1,615185,615917,1978.811498,1980.815878,2.004380000000083,40.0039332648604,33.7875,45.7125,1,1,1,1,732,80,80,732.0,80.0,732.0,732,80,80.18308375742345,46881.329887544336
4254,0,1009,1,1,615917,616613,1980.815878,1982.815937,2.0000589999999647,39.56958962640754,33.7875,45.7125,1,1,1,1,696,80,80,696.0,80.0,696.0,696,80,79.14151385860168,45336.1625832046
4254,0,1010,1,1,616613,617291,1982.815937,1984.816242,2.0003050000000258,39.2536033271593,33.7875,45.7125,1,1,1,1,678,80,80,678.0,80.0,678.0,678,80,78.51917900332774,45272.0960053586
4254,0,1011,1,1,617291,617993,1984.816242,1986.816723,2.0004809999998088,39.582273969366085,33.7875,45.7125,1,1,1,1,702,80,80,702.0,80.0,702.0,702,80,79.1835870125069,45393.58284333052
4254,0,1012,1,1,617993,618696,1986.816723,1988.81898,2.0022570000000997,39.64912647358909,33.7875,45.7125,1,1,1,1,703,80,80,703.0,80.0,703.0,703,80,79.38774102563912,46870.1070841532
4254,0,1013,1,1,618696,619312,1988.81898,1990.819165,2.0001850000001014,39.3717535600689,33.7875,45.7125,1,1,1,1,616,80,80,616.0,80.0,616.0,616,80,78.7507908945554,45334.30657663936
4254,0,1014,1,1,619312,619979,1990.819165,1992.819209,2.000043999999889,39.51476477520839,33.7875,45.7125,1,1,1,1,667,80,80,668.0,80.0,668.0,667,80,79.03126820006582,45092.50796482728
4254,0,1015,1,1,619979,620665,1992.819209,1994.829179,2.0099700000000666,39.29314808266884,33.7875,45.7125,1,1,1,1,686,80,80,685.0,80.0,685.0,686,80,78.97804885172809,45664.860669560716
4254,0,1016,1,1,620665,621335,1994.829179,1996.830215,2.0010359999998855,39.37034832920406,33.7875,45.7125,1,1,1,1,670,80,80,670.0,80.0,670.0,670,80,78.78148433926981,44758.81493386682
4254,0,1017,1,1,621335,622080,1996.830215,1998.831313,2.0010979999999563,40.302767977630296,33.7875,45.7125,1,1,1,1,745,80,80,745.0,80.0,745.0,745,80,80.64978839449759,46484.480020469775
4254,0,1018,1,1,622080,622800,1998.831313,2000.833638,2.0023250000001553,39.5737868489963,33.7875,45.7125,1,1,1,1,720,80,80,720.0,80.0,720.0,720,80,79.23958275241603,47017.34233952665
4254,0,1019,1,1,622800,623459,2000.833638,2002.834442,2.0008040000000165,39.31015743737256,33.7875,45.7125,1,1,1,1,659,80,80,659.0,80.0,659.0,659,80,78.6519202413183,46050.9875030234
4254,0,1020,1,1,623459,624000,2002.834442,2004.443171,1.608728999999812,39.29053335041912,33.7875,45.7125,1,1,1,1,541,64,64,542.0,65.0,541.0,541,65,63.207820426279795,45215.81944504544
4254,0,1021,1,1,624000,624695,2004.443171,2006.445439,2.0022680000001856,39.59119667726463,33.7875,45.7125,1,1,1,1,695,80,80,696.0,80.0,695.0,695,80,79.27218618859479,46407.37403783679
4254,0,1022,1,1,624695,625368,2006.445439,2008.447717,2.002277999999933,39.329341071413964,33.7875,45.7125,1,1,1,1,673,80,80,673.0,80.0,673.0,673,80,78.74827438178181,44857.40741295814
4254,0,1023,1,1,625368,625995,2008.447717,2010.449992,2.002275000000054,39.453932432725736,33.7875,45.7125,1,1,1,1,627,80,80,627.0,80.0,627.0,627,80,78.9976225617429,45214.568428411454
4254,0,1024,1,1,625995,626626,2010.449992,2012.452268,2.002275999999938,38.75433382756151,33.7875,45.7125,1,1,1,1,631,80,80,631.0,80.0,631.0,631,80,77.59687251891592,44488.37223240091
4254,0,1025,1,1,626626,627296,2012.452268,2014.454546,2.002277999999933,39.19955246216953,33.7875,45.7125,1,1,1,1,670,80,80,670.0,80.0,670.0,670,80,78.48840150484466,45849.77710388022
4254,0,1026,1,1,627296,627952,2014.454546,2016.455662,2.0011160000001382,38.91555990781571,33.7875,45.7125,1,1,1,1,656,80,80,656.0,79.0,656.0,656,79,77.87454958049057,44465.188424855856
4254,0,1027,1,1,627952,628611,2016.455662,2018.456523,2.0008609999999862,39.10521289674121,33.7875,45.7125,1,1,1,1,659,80,80,659.0,80.0,659.0,659,80,78.24409538178588,45123.074516420995
4254,0,1028,1,1,628611,629275,2018.456523,2020.457445,2.000921999999946,39.10871338380841,33.7875,45.7125,1,1,1,1,664,80,80,664.0,80.0,664.0,664,80,78.2534850013617,44679.90256491878
4254,0,1029,1,1,629275,629935,2020.457445,2022.461981,2.0045359999999164,39.312441014706614,33.7875,45.7125,1,1,1,1,660,80,80,660.0,80.0,660.0,660,80,78.80320326185029,45219.94117342057
4254,0,1030,1,1,629935,630574,2022.461981,2024.46539,2.003409000000147,38.912171086270774,33.7875,45.7125,1,1,1,1,639,80,80,641.0,80.0,639.0,639,80,77.95699376378616,45267.34181587152
4254,0,1031,1,1,630574,631260,2024.46539,2026.466706,2.0013159999998607,39.05679620609222,33.7875,45.7125,1,1,1,1,686,80,80,686.0,80.0,686.0,686,80,78.1649911559798,45411.61915459944
4254,0,1032,1,1,631260,631911,2026.466706,2028.467532,2.000825999999961,38.78269687633566,33.7875,45.7125,1,1,1,1,651,80,80,651.0,80.0,651.0,651,80,77.59742826028378,44441.14580678267
4254,0,1033,1,1,631911,632533,2028.467532,2030.472251,2.004719000000023,39.123208131925246,33.7875,45.7125,1,1,1,1,622,80,80,622.0,80.0,622.0,622,80,78.43103868303297,45659.266959608285
4254,0,1034,1,1,632533,633221,2030.472251,2032.473597,2.0013460000000123,39.33314509500759,33.7875,45.7125,1,1,1,1,688,80,80,688.0,80.0,688.0,688,80,78.71923260331096,45115.63717618016
4254,0,1035,1,1,633221,633926,2032.473597,2034.474588,2.0009910000001128,38.93761078235573,33.7875,45.7125,1,1,1,1,705,80,80,705.0,80.0,705.0,705,80,77.91380873700837,44985.209828527426
4254,0,1036,1,1,633926,634624,2034.474588,2036.475559,2.000970999999936,39.38151514305618,33.7875,45.7125,1,1,1,1,698,80,80,698.0,80.0,698.0,698,80,78.80126973731967,45354.480399767366
4254,0,1037,1,1,634624,635276,2036.475559,2038.476119,2.0005599999999504,38.665115720292825,33.7875,45.7125,1,1,1,1,652,80,80,652.0,80.0,652.0,652,80,77.35188390538679,44860.93893709873
4254,0,1038,1,1,635276,635927,2038.476119,2040.477884,2.0017649999999776,39.09456260143788,33.7875,45.7125,1,1,1,1,651,80,80,651.0,80.0,651.0,651,80,78.25812710587343,45283.0377192133
4254,0,1039,1,1,635927,636616,2040.477884,2042.48529,2.0074060000001737,39.18690192820627,33.7875,45.7125,1,1,1,1,689,80,80,689.0,80.0,689.0,689,80,78.66402205209306,45829.79227918619
4254,0,1040,1,1,636616,637000,2042.48529,2043.565131,1.0798409999999876,39.47636660132584,33.7875,45.7125,1,1,1,1,384,44,44,384.0,44.0,384.0,384,44,42.62819918713649,46980.06465766773
4254,0,1041,1,1,637000,637686,2043.565131,2045.567052,2.0019210000000385,39.14311225808705,33.7875,45.7125,1,1,1,1,686,80,80,686.0,80.0,686.0,686,80,78.36141843482619,45317.47256759795
4254,0,1042,1,1,637686,638401,2045.567052,2047.567191,2.00013899999999,39.594166806063626,33.7875,45.7125,1,1,1,1,715,79,79,715.0,80.0,715.0,715,80,79.19383720131009,45655.826920029285
4254,0,1043,1,1,638401,639076,2047.567191,2049.56947,2.0022789999998167,39.139842739646674,33.7875,45.7125,1,1,1,1,675,80,80,675.0,80.0,675.0,675,80,78.36888518088381,45450.20948629453
4254,0,1044,1,1,639076,639766,2049.56947,2051.571745,2.0022750000002816,39.30790701844727,33.7875,45.7125,1,1,1,1,690,80,80,690.0,80.0,690.0,690,80,78.70523952537042,45358.404814517104
4254,0,1045,1,1,639766,640459,2051.571745,2053.574021,2.0022759999997106,39.14073374185017,33.7875,45.7125,1,1,1,1,693,80,80,693.0,80.0,693.0,693,80,78.37055179369054,45089.68793513634
4254,0,1046,1,1,640459,641114,2053.574021,2055.576298,2.002277000000049,39.48334806250725,33.7875,45.7125,1,1,1,1,655,80,80,655.0,80.0,655.0,655,80,79.0565997085505,45018.74615749858
4254,0,1047,1,1,641114,641804,2055.576298,2057.578062,2.001764000000094,39.437615939172034,33.7875,45.7125,1,1,1,1,690,80,80,690.0,79.0,690.0,690,79,78.94479983286874,45457.406567405415
4254,0,1048,1,1,641804,642446,2057.578062,2059.578339,2.0002770000000965,39.38417274872553,33.7875,45.7125,1,1,1,1,642,80,80,642.0,80.0,642.0,642,80,78.77925491330097,45020.76462409739
4254,0,1049,1,1,642446,643098,2059.578339,2061.579593,2.00125399999979,39.28032622691549,33.7875,45.7125,1,1,1,1,652,80,80,652.0,80.0,652.0,652,80,78.60990998291527,45141.19646981817
4254,0,1050,1,1,643098,643833,2061.579593,2063.579716,2.000123000000258,39.24486299593791,33.7875,45.7125,1,1,1,1,735,80,80,735.0,80.0,735.0,735,80,78.4945531100384,46184.65964342598
4254,0,1051,1,1,643833,644524,2063.579716,2065.583115,2.0033989999997175,39.66392650966888,33.7875,45.7125,1,1,1,1,691,80,80,691.0,80.0,691.0,691,80,79.46267070552858,46368.69640047394
4254,0,1052,1,1,644524,645224,2065.583115,2067.589958,2.006843000000117,39.37847817997048,33.7875,45.7125,1,1,1,1,700,80,80,700.0,81.0,700.0,700,81,79.02642328613729,45014.482946595585
4254,0,1053,1,1,645224,645963,2067.589958,2069.592234,2.0022760000001654,40.04556004617255,33.7875,45.7125,1,1,1,1,739,80,80,739.0,80.0,739.0,739,80,80.18226378702093,47348.617273538795
4254,0,1054,1,1,645963,646640,2069.592234,2071.59362,2.0013859999999113,39.311172948166686,33.7875,45.7125,1,1,1,1,677,80,80,677.0,79.0,677.0,677,79,78.67683118203422,45781.27357741288
4254,0,1055,1,1,646640,647346,2071.59362,2073.596787,2.0031669999998485,39.37007512244337,33.7875,45.7125,1,1,1,1,706,80,80,706.0,81.0,706.0,706,81,78.86483527279051,46051.5773273057
4254,0,1056,1,1,647346,648046,2073.596787,2075.597519,2.000731999999971,39.364010306249526,33.7875,45.7125,1,1,1,1,700,80,80,700.0,79.0,700.0,700,79,78.75683506803762,45900.20052660793
4254,0,1057,1,1,648046,648690,2075.597519,2077.599612,2.002093000000059,39.41789520928835,33.7875,45.7125,1,1,1,1,644,80,80,644.0,80.0,644.0,644,80,78.91829207325645,44913.99750161324
4254,0,1058,1,1,648690,649368,2077.599612,2079.603617,2.004005000000234,38.995079239043825,33.7875,45.7125,1,1,1,1,678,80,80,678.0,81.0,678.0,678,81,78.14633377044811,44842.20348751102
4254,0,1059,1,1,649368,650000,2079.603617,2081.424887,1.8212699999999131,39.23101887483683,33.7875,45.7125,1,1,1,1,632,73,73,632.0,72.0,632.0,632,72,71.45027774617483,46427.49290330595
4254,0,1060,1,1,650000,650704,2081.424887,2083.427515,2.0026279999997314,40.25791868847173,33.7875,45.7125,1,1,1,1,704,80,80,704.0,80.0,704.0,704,80,80.62163518724265,46453.460153364715
4254,0,1061,1,1,650704,651396,2083.427515,2085.430982,2.0034670000000006,39.31178299255793,33.7875,45.7125,1,1,1,1,692,80,80,692.0,80.0,692.0,692,80,78.7598599367484,44812.31784701219
4254,0,1062,1,1,651396,652118,2085.430982,2087.435787,2.004805000000033,39.917739206786884,33.7875,45.7125,1,1,1,1,722,80,80,722.0,80.0,722.0,722,80,80.02728315046988,45255.2742037248
4254,0,1063,1,1,652118,652772,2087.435787,2089.439799,2.00401200000033,39.08785932114338,33.7875,45.7125,1,1,1,1,654,80,80,654.0,81.0,654.0,654,81,78.33253913390217,45623.97829952363
4254,0,1064,1,1,652772,653465,2089.439799,2091.442077,2.002277999999933,39.57148477583029,33.7875,45.7125,1,1,1,1,693,80,80,693.0,80.0,693.0,693,80,79.23311339397333,45627.53024305469
4254,0,1065,1,1,653465,654143,2091.442077,2093.444353,2.0022759999997106,39.17351918912278,33.7875,45.7125,1,1,1,1,678,80,80,678.0,80.0,678.0,678,80,78.4361973079067,45692.00250116029
4254,0,1066,1,1,654143,654822,2093.444353,2095.444849,2.000496000000112,39.06105955640466,33.7875,45.7125,1,1,1,1,679,80,80,679.0,79.0,679.0,679,79,78.14149339834694,45404.73962457057
4254,0,1067,1,1,654822,655501,2095.444849,2097.445508,2.000658999999814,39.26309760672682,33.7875,45.7125,1,1,1,1,679,80,80,679.0,80.0,679.0,679,80,78.55206959476345,45571.48419596167
4254,0,1068,1,1,655501,656164,2097.445508,2099.44583,2.000322000000324,39.261137129157206,33.7875,45.7125,1,1,1,1,663,80,80,663.0,80.0,663.0,663,80,78.5349163444771,46148.070160696654
4254,0,1069,1,1,656164,656862,2099.44583,2101.450944,2.0051140000000487,39.04439629341057,33.7875,45.7125,1,1,1,1,698,80,80,699.0,80.0,698.0,698,80,78.28846562946273,45535.06683410409
4254,0,1070,1,1,656862,657553,2101.450944,2103.452757,2.0018129999998564,39.586618330933895,33.7875,45.7125,1,1,1,1,691,80,80,691.0,80.0,691.0,691,80,79.24500720089418,46193.62547850705
4254,0,1071,1,1,657553,658221,2103.452757,2105.454082,2.001325000000179,39.058079251990875,33.7875,45.7125,1,1,1,1,668,80,80,668.0,80.0,668.0,668,80,78.16791045900027,45617.778221923894
4254,0,1072,1,1,658221,658882,2105.454082,2107.455084,2.0010019999999713,39.22114642727226,33.7875,45.7125,1,1,1,1,661,80,80,661.0,80.0,661.0,661,80,78.48159244326234,46050.92848482976
4254,0,1073,1,1,658882,659552,2107.455084,2109.456209,2.0011249999997744,38.994064009000354,33.7875,45.7125,1,1,1,1,670,80,80,670.0,80.0,670.0,670,80,78.03199633999611,45270.0356049773
4254,0,1074,1,1,659552,660202,2109.456209,2111.463211,2.0070019999998294,39.08530866540668,33.7875,45.7125,1,1,1,1,650,80,80,650.0,80.0,650.0,650,80,78.44429266208317,45461.339849191856
4254,0,1075,1,1,660202,660853,2111.463211,2113.467119,2.0039080000001377,39.26838715054027,33.7875,45.7125,1,1,1,1,651,80,80,651.0,81.0,651.0,651,81,78.69023515806475,45466.65814997182
4254,0,1076,1,1,660853,661520,2113.467119,2115.469394,2.0022750000002816,39.608440435208635,33.7875,45.7125,1,1,1,1,667,80,80,667.0,80.0,667.0,667,80,79.3069900724222,46080.583336448304
4254,0,1077,1,1,661520,662227,2115.469394,2117.47167,2.0022759999997106,40.04030396653948,33.7875,45.7125,1,1,1,1,707,80,80,707.0,80.0,707.0,707,80,80.17173966488917,46276.337527899945
4254,0,1078,1,1,662227,662946,2117.47167,2119.473948,2.002277999999933,39.752533120482006,33.7875,45.7125,1,1,1,1,719,80,80,719.0,80.0,719.0,719,80,79.59562251140596,46160.42327788803
4254,0,1079,1,1,662946,663000,2119.473948,2119.684761,0.2108130000001438,39.66230789515295,33.7875,45.7125,1,1,1,1,54,9,9,54.0,8.0,54.0,54,8,8.36133011430502,45106.3264599124
4254,0,1080,1,1,663000,663640,2119.684761,2121.685906,2.0011450000001787,39.390604326294884,33.7875,45.7125,1,1,1,1,640,80,80,640.0,80.0,640.0,640,80,78.8263108945539,45496.95299440664
4254,0,1081,1,1,663640,664338,2121.685906,2123.689202,2.003295999999864,39.79583468596778,33.7875,45.7125,1,1,1,1,698,80,80,698.0,80.0,698.0,698,80,79.72283644304844,46269.24827883962
4254,0,1082,1,1,664338,665030,2123.689202,2125.694144,2.004942000000028,40.31036954543659,33.7875,45.7125,1,1,1,1,692,80,80,693.0,80.0,692.0,692,80,80.81995293716318,46692.123762182986
4254,0,1083,1,1,665030,665761,2125.694144,2127.695958,2.00181399999974,39.916142414259,33.7875,45.7125,1,1,1,1,731,80,80,731.0,80.0,731.0,731,80,79.90469271084294,46139.15178933307
4254,0,1084,1,1,665761,666372,2127.695958,2129.696242,2.0002840000001925,39.73992962333135,33.7875,45.7125,1,1,1,1,611,80,80,611.0,80.0,611.0,611,80,79.49114538668073,45839.490792303084
4254,0,1085,1,1,666372,667088,2129.696242,2131.697556,2.001314000000093,39.65105754142873,33.7875,45.7125,1,1,1,1,716,80,80,716.0,80.0,716.0,716,80,79.3542165724648,46067.73349908896
4254,0,1086,1,1,667088,667791,2131.697556,2133.697698,2.000141999999869,40.41170100670121,33.7875,45.7125,1,1,1,1,703,80,80,703.0,80.0,703.0,703,80,80.82914047494705,46360.20842520485
4254,0,1087,1,1,667791,668517,2133.697698,2135.697988,2.00028999999995,40.137169237792975,33.7875,45.7125,1,1,1,1,726,79,79,726.0,80.0,726.0,726,79,80.2859782546584,47070.674752162115
4254,0,1088,1,1,668517,669186,2135.697988,2137.713142,2.015154000000166,40.49171817583392,33.7875,45.7125,1,1,1,1,669,80,80,669.0,80.0,669.0,669,80,81.59704784891801,46283.80758988758
4254,0,1089,1,1,669186,669913,2137.713142,2139.717248,2.004105999999865,40.120017210691856,33.7875,45.7125,1,1,1,1,727,80,80,727.0,80.0,727.0,727,80,80.4047672120505,47224.548002953125
4254,0,1090,1,1,669913,670695,2139.717248,2141.724245,2.0069969999999557,40.258440387464034,33.7875,45.7125,1,1,1,1,782,80,80,782.0,81.0,782.0,782,81,80.79856908231159,47487.863708815756
4254,0,1091,1,1,670695,671456,2141.724245,2143.726521,2.0022760000001654,39.97837589945997,33.7875,45.7125,1,1,1,1,761,80,80,761.0,80.0,761.0,761,80,80.04774258247926,46722.829420116046
4254,0,1092,1,1,671456,672198,2143.726521,2145.726535,2.0000139999997373,40.20113704291602,33.7875,45.7125,1,1,1,1,742,80,80,742.0,79.0,742.0,742,79,80.40283690174692,47933.664464355046
4254,0,1093,1,1,672198,672927,2145.726535,2147.729593,2.0030580000002374,40.08509020664521,33.7875,45.7125,1,1,1,1,729,80,80,729.0,80.0,729.0,729,80,80.29276061915152,46279.738280164136
4254,0,1094,1,1,672927,673560,2147.729593,2149.733352,2.003759000000173,39.64695446712294,33.7875,45.7125,1,1,1,1,633,80,80,633.0,81.0,633.0,633,81,79.442941836096,45224.50055121009
4254,0,1095,1,1,673560,674269,2149.733352,2151.733538,2.0001859999997578,40.012447543748266,33.7875,45.7125,1,1,1,1,709,80,80,709.0,79.0,709.0,709,79,80.03233740273572,46716.65535105801
4254,0,1096,1,1,674269,675015,2151.733538,2153.737905,2.004367000000002,40.01755190948916,33.7875,45.7125,1,1,1,1,746,80,80,746.0,81.0,746.0,746,81,80.20986046816688,46569.81480936371
4254,0,1097,1,1,675015,675730,2153.737905,2155.739158,2.001252999999906,40.1025877360271,33.7875,45.7125,1,1,1,1,715,80,80,715.0,79.0,715.0,715,79,80.25542401448183,46809.67373940446
4254,0,1098,1,1,675730,676000,2155.739158,2156.466015,0.7268570000001091,39.556001715430185,33.7875,45.7125,1,1,1,1,270,29,29,270.0,30.0,270.0,270,30,28.75155673887639,45670.60646041108
4254,0,1099,1,1,676000,676712,2156.466015,2158.466625,2.0006100000000515,39.652703351234905,33.7875,45.7125,1,1,1,1,712,80,80,713.0,79.0,712.0,712,79,79.32959485151514,46327.869999648916
4254,0,1100,1,1,676712,677384,2158.466625,2160.470559,2.0039339999998447,39.5080038461532,33.7875,45.7125,1,1,1,1,672,80,80,672.0,81.0,672.0,672,81,79.17143217942794,45630.245307483725
4254,0,1101,1,1,677384,678031,2160.470559,2162.472837,2.002277999999933,39.64397697016769,33.7875,45.7125,1,1,1,1,647,80,80,647.0,80.0,647.0,647,80,79.37826291986858,45322.37781167402
4254,0,1102,1,1,678031,678716,2162.472837,2164.47304,2.000203000000056,40.06623510671771,33.7875,45.7125,1,1,1,1,685,80,80,685.0,79.0,685.0,685,79,80.14060365916521,45669.86450875109
4254,0,1103,1,1,678716,679427,2164.47304,2166.476229,2.0031890000000203,39.83727474368484,33.7875,45.7125,1,1,1,1,711,80,80,711.0,80.0,711.0,711,80,79.80159055652621,45892.32468828407
4254,0,1104,1,1,679427,680157,2166.476229,2168.479665,2.003435999999965,39.2513802791448,33.7875,45.7125,1,1,1,1,730,80,80,730.0,81.0,730.0,730,81,78.63762830093037,46300.95495938059
4254,0,1105,1,1,680157,680826,2168.479665,2170.481899,2.002234000000044,39.51062896598742,33.7875,45.7125,1,1,1,1,669,80,80,669.0,79.0,669.0,669,79,79.10952467708557,45344.35036064616
4254,0,1106,1,1,680826,681517,2170.481899,2172.484218,2.0023190000001705,39.681990432673466,33.7875,45.7125,1,1,1,1,691,80,80,691.0,81.0,691.0,691,81,79.45600340116653,46232.39353968679
4254,0,1107,1,1,681517,682166,2172.484218,2174.484691,2.0004730000000563,39.48138214082708,33.7875,45.7125,1,1,1,1,649,80,80,649.0,79.0,649.0,649,79,78.98143897540285,44964.86580923485
4254,0,1108,1,1,682166,682890,2174.484691,2176.485407,2.0007160000000113,39.97617080260403,33.7875,45.7125,1,1,1,1,724,80,80,724.0,80.0,724.0,724,80,79.98096454350161,46835.232986590534
4254,0,1109,1,1,682890,683550,2176.485407,2178.485723,2.000315999999657,39.17519935279049,33.7875,45.7125,1,1,1,1,660,80,80,660.0,80.0,660.0,660,80,78.36277806856378,46211.69855163677
4254,0,1110,1,1,683550,684224,2178.485723,2180.487106,2.00138300000026,39.456853511029074,33.7875,45.7125,1,1,1,1,674,80,80,674.0,80.0,674.0,674,80,78.96827585047868,46124.10518126116
4254,0,1111,1,1,684224,684919,2180.487106,2182.495602,2.008495999999923,39.65615377453265,33.7875,45.7125,1,1,1,1,695,80,80,695.0,81.0,695.0,695,81,79.64922623152961,45021.74761612842
4254,0,1112,1,1,684919,685646,2182.495602,2184.497699,2.002097000000049,39.67622048849571,33.7875,45.7125,1,1,1,1,727,80,80,728.0,79.0,727.0,727,79,79.43564201136178,46743.98892760826
4254,0,1113,1,1,685646,686363,2184.497699,2186.500154,2.002454999999827,40.3055064821481,33.7875,45.7125,1,1,1,1,717,80,80,717.0,81.0,717.0,717,81,80.70996298269893,46896.934013502476
4254,0,1114,1,1,686363,687043,2186.500154,2188.500578,2.0004240000002937,39.55881055914328,33.7875,45.7125,1,1,1,1,680,80,80,680.0,79.0,680.0,680,79,79.13439405398094,45300.39631597436
4254,0,1115,1,1,687043,687724,2188.500578,2190.504707,2.004128999999921,39.55721051853593,33.7875,45.7125,1,1,1,1,681,80,80,681.0,81.0,681.0,681,81,79.27775275929889,45865.31106530749
4254,0,1116,1,1,687724,688415,2190.504707,2192.506564,2.0018569999997453,39.65924885920127,33.7875,45.7125,1,1,1,1,691,80,80,691.0,79.0,691.0,691,79,79.39214494352927,46232.07351974281
4254,0,1117,1,1,688415,689000,2192.506564,2194.227727,1.7211630000001605,39.33921583625304,33.7875,45.7125,1,1,1,1,585,69,69,585.0,69.0,585.0,585,69,67.70920274638047,46021.788755621994
4254,0,1118,1,1,689000,689692,2194.227727,2196.230276,2.002548999999817,39.01220910574815,33.7875,45.7125,1,1,1,1,692,80,80,694.0,80.0,692.0,692,80,78.12386033250368,44940.22368491768
4254,0,1119,1,1,689692,690397,2196.230276,2198.2385,2.0082240000001548,39.019562185278104,33.7875,45.7125,1,1,1,1,705,80,80,705.0,81.0,705.0,705,81,78.36002124997322,44842.1092467738
4254,0,1120,1,1,690397,691006,2198.2385,2200.239929,2.0014289999999164,39.352555097613006,33.7875,45.7125,1,1,1,1,609,80,80,609.0,79.0,609.0,609,79,78.76134499645559,45043.816193331746
4254,0,1121,1,1,691006,691722,2200.239929,2202.240904,2.000974999999926,38.97885094265621,33.7875,45.7125,1,1,1,1,716,80,80,716.0,80.0,716.0,716,80,77.99570626497734,46125.01405564958
4254,0,1122,1,1,691722,692446,2202.240904,2204.241798,2.000894000000244,39.181852392500964,33.7875,45.7125,1,1,1,1,724,80,80,724.0,80.0,724.0,724,80,78.39873336105666,45238.77826610953
4254,0,1123,1,1,692446,693101,2204.241798,2206.244588,2.0027900000000045,38.77190729217197,33.7875,45.7125,1,1,1,1,655,80,80,655.0,80.0,655.0,655,80,77.65198820568912,45161.999011379026
4254,0,1124,1,1,693101,693807,2206.244588,2208.249883,2.0052949999999328,38.845096416501924,33.7875,45.7125,1,1,1,1,706,80,80,706.0,81.0,706.0,706,81,77.89587761853181,46116.9054927096
4254,0,1125,1,1,693807,694446,2208.249883,2210.252159,2.0022760000001654,38.745539001225275,33.7875,45.7125,1,1,1,1,639,80,80,639.0,80.0,639.0,639,80,77.57926284921996,44467.89553487763
4254,0,1126,1,1,694446,695144,2210.252159,2212.25222,2.0000609999997323,38.779483693346556,33.7875,45.7125,1,1,1,1,698,80,80,698.0,79.0,698.0,698,79,77.56133293519088,45740.104926805856
4254,0,1127,1,1,695144,695808,2212.25222,2214.256713,2.004493000000366,38.665210222764244,33.7875,45.7125,1,1,1,1,664,80,80,664.0,81.0,664.0,664,81,77.50414323506993,45130.614075471196
4254,0,1128,1,1,695808,696448,2214.256713,2216.25899,2.0022769999995944,38.58377828710042,33.7875,45.7125,1,1,1,1,640,80,80,640.0,80.0,640.0,640,80,77.25541183735186,44853.43436498456
4254,0,1129,1,1,696448,697151,2216.25899,2218.261266,2.0022760000001654,38.55439463958678,33.7875,45.7125,1,1,1,1,703,80,80,703.0,80.0,703.0,703,80,77.19653908138571,45589.11958191201
4254,0,1130,1,1,697151,697831,2218.261266,2220.262712,2.0014460000002146,39.024700593899496,33.7875,45.7125,1,1,1,1,680,80,80,680.0,79.0,680.0,680,79,78.10583090486762,45217.807525154465
4254,0,1131,1,1,697831,698534,2220.262712,2222.265818,2.0031059999996614,38.910797536121926,33.7875,45.7125,1,1,1,1,703,80,80,703.0,81.0,703.0,703,81,77.94245200937439,46346.52384847117
4254,0,1132,1,1,698534,699258,2222.265818,2224.265891,2.0000730000001568,39.084440576767626,33.7875,45.7125,1,1,1,1,724,80,80,724.0,79.0,724.0,724,79,78.17173431770061,46025.32007581362
4254,0,1133,1,1,699258,699936,2224.265891,2226.266705,2.000813999999991,39.80059270539823,33.7875,45.7125,1,1,1,1,678,80,80,678.0,80.0,678.0,678,80,79.63358309325122,46078.74595039839
4254,0,1134,1,1,699936,700652,2226.266705,2228.27161,2.0049049999997806,39.68682042754785,33.7875,45.7125,1,1,1,1,716,80,80,716.0,80.0,716.0,716,80,79.5683047092898,46554.82429342548
4254,0,1135,1,1,700652,701368,2228.27161,2230.271746,2.0001360000001114,39.70597198014885,33.7875,45.7125,1,1,1,1,716,80,80,716.0,80.0,716.0,716,80,79.4173439724982,46100.36517516552
4254,0,1136,1,1,701368,702000,2230.271746,2231.973495,1.7017490000002908,39.570840997518104,33.7875,45.7125,1,1,1,1,632,68,68,633.0,68.0,632.0,632,68,67.33963909669546,46337.62088297776
4254,0,1137,1,1,702000,702714,2231.973495,2233.975805,2.002309999999852,39.50617031545798,33.7875,45.7125,1,1,1,1,714,80,79,715.0,80.0,714.0,714,79,79.10359988434357,47102.596501044776
4254,0,1138,1,1,702714,703462,2233.975805,2235.981416,2.0056110000000444,40.20715914787419,33.7875,45.7125,1,1,1,1,748,80,80,748.0,81.0,748.0,748,81,80.63992066572246,46765.29995098647
4254,0,1139,1,1,703462,704228,2235.981416,2237.983001,2.0015849999999773,40.059631028072886,33.7875,45.7125,1,1,1,1,766,80,80,766.0,79.0,766.0,766,79,80.18275657131744,47086.68380308659
4254,0,1140,1,1,704228,704911,2237.983001,2239.983581,2.0005799999999,39.776787468949735,33.7875,45.7125,1,1,1,1,683,80,80,683.0,80.0,683.0,683,80,79.57664547463355,46430.53514481033
4254,0,1141,1,1,704911,705592,2239.983581,2241.984472,2.000891000000138,39.65893080789369,33.7875,45.7125,1,1,1,1,681,80,80,681.0,80.0,681.0,681,80,79.35319772314688,46028.4943057836
4254,0,1142,1,1,705592,706338,2241.984472,2243.988018,2.003545999999915,40.21038465259534,33.7875,45.7125,1,1,1,1,746,80,80,747.0,80.0,746.0,746,80,80.56335532917001,47554.68554253511
4254,0,1143,1,1,706338,707081,2243.988018,2245.991376,2.0033579999999347,39.84506093054927,33.7875,45.7125,1,1,1,1,743,80,80,743.0,80.0,743.0,743,80,79.82392157570575,46569.310128296114
4254,0,1144,1,1,707081,707752,2245.991376,2247.991961,2.0005850000002283,39.74621917279637,33.7875,45.7125,1,1,1,1,671,80,80,671.0,80.0,671.0,671,80,79.51568988381769,46528.89029958206
4254,0,1145,1,1,707752,708429,2247.991961,2249.992614,2.000652999999602,39.76654112101833,33.7875,45.7125,1,1,1,1,677,80,80,678.0,80.0,677.0,677,80,79.55904979337356,46045.96599211274
4254,0,1146,1,1,708429,709127,2249.992614,2251.99281,2.0001960000004146,39.49244944631269,33.7875,45.7125,1,1,1,1,698,80,80,698.0,80.0,698.0,698,80,78.99263941273966,45147.57553758796
4254,0,1147,1,1,709127,709778,2251.99281,2253.992982,2.0001720000000205,39.325695634647246,33.7875,45.7125,1,1,1,1,651,80,80,651.0,80.0,651.0,651,80,78.65815528894018,45377.59752661225
4254,0,1148,1,1,709778,710444,2253.992982,2255.994589,2.0016069999996944,38.98971767583693,33.7875,45.7125,1,1,1,1,666,80,80,666.0,80.0,666.0,666,80,78.04209182797058,44861.953420433536
4254,0,1149,1,1,710444,711116,2255.994589,2257.996813,2.0022240000002967,39.66924041151285,33.7875,45.7125,1,1,1,1,672,80,80,672.0,80.0,672.0,672,80,79.42670521371474,46404.89775369101
4254,0,1150,1,1,711116,711806,2257.996813,2259.99695,2.000136999999995,39.33106907815045,33.7875,45.7125,1,1,1,1,690,80,80,690.0,80.0,690.0,690,80,78.66752651277056,45448.3867855053
4254,0,1151,1,1,711806,712487,2259.99695,2262.008705,2.0117549999999937,39.28274582940903,33.7875,45.7125,1,1,1,1,681,80,80,681.0,80.0,681.0,681,80,79.0272603360354,46231.275677207355
4254,0,1152,1,1,712487,713197,2262.008705,2264.013285,2.0045799999998053,39.53873745305773,33.7875,45.7125,1,1,1,1,710,80,80,711.0,81.0,711.0,710,81,79.2585623236373,46314.43993255895
4254,0,1153,1,1,713197,713924,2264.013285,2266.015121,2.001835999999912,39.72019916851234,33.7875,45.7125,1,1,1,1,727,80,80,726.0,79.0,726.0,727,79,79.51332462269056,47143.222521727126
4254,0,1154,1,1,713924,714672,2266.015121,2268.017837,2.002715999999964,40.11344272731324,33.7875,45.7125,1,1,1,1,748,80,80,748.0,81.0,748.0,748,81,80.33583356507006,47228.3638818493
4254,0,1155,1,1,714672,715000,2268.017837,2268.943971,0.9261340000002747,38.91549928328154,33.7875,45.7125,1,1,1,1,328,38,38,328.0,37.0,328.0,328,37,36.040967013235786,45297.98063777764
4254,0,1156,1,1,715000,715667,2268.943971,2270.946168,2.0021969999997964,39.87565269029295,33.7875,45.7125,1,1,1,1,667,79,79,667.0,80.0,667.0,667,80,79.83891218954523,46444.98018926682
4254,0,1157,1,1,715667,716404,2270.946168,2272.948444,2.0022760000001654,39.44022620065689,33.7875,45.7125,1,1,1,1,737,80,80,737.0,80.0,737.0,737,80,78.97021835614578,46301.30911022873
4254,0,1158,1,1,716404,717116,2272.948444,2274.95072,2.0022759999997106,39.11955330210422,33.7875,45.7125,1,1,1,1,712,80,80,712.0,80.0,712.0,712,80,78.3281427075126,46737.31293788345
4254,0,1159,1,1,717116,717790,2274.95072,2276.952997,2.002277000000049,39.51243862738387,33.7875,45.7125,1,1,1,1,674,80,80,674.0,80.0,674.0,674,80,79.11484707752243,46606.43856968726
4254,0,1160,1,1,717790,718474,2276.952997,2278.954533,2.0015360000002147,39.149251115266416,33.7875,45.7125,1,1,1,1,684,80,80,684.0,79.0,684.0,684,79,78.35863548025372,45434.6062224163
4254,0,1161,1,1,718474,719220,2278.954533,2280.95566,2.0011269999999968,39.66708557544856,33.7875,45.7125,1,1,1,1,746,80,80,746.0,80.0,746.0,746,80,79.37887595634675,46138.00123630342
4254,0,1162,1,1,719220,719924,2280.95566,2282.958186,2.0025259999997616,39.832865276530896,33.7875,45.7125,1,1,1,1,704,80,80,704.0,80.0,704.0,704,80,79.7663483707438,46404.391253851914
4254,0,1163,1,1,719924,720618,2282.958186,2284.960784,2.0025980000000345,39.55952068122772,33.7875,45.7125,1,1,1,1,694,80,80,694.0,80.0,694.0,694,80,79.22181699718931,46008.23530234146
4254,0,1164,1,1,720618,721266,2284.960784,2286.964099,2.0033149999999296,39.65341046699449,33.7875,45.7125,1,1,1,1,648,80,80,648.0,80.0,648.0,648,80,79.43827198968211,45694.26176113253
4254,0,1165,1,1,721266,721925,2286.964099,2288.96666,2.0025610000002416,39.31012549116015,33.7875,45.7125,1,1,1,1,659,80,80,659.0,81.0,659.0,659,81,78.72092421371781,45428.32902467841
4254,0,1166,1,1,721925,722660,2288.96666,2290.968938,2.002277999999933,39.58298569108411,33.7875,45.7125,1,1,1,1,735,80,80,735.0,80.0,735.0,735,80,79.2561414235679,46248.3231599224
4254,0,1167,1,1,722660,723333,2290.968938,2292.969078,2.0001400000001013,39.119292360171556,33.7875,45.7125,1,1,1,1,673,80,79,673.0,79.0,673.0,673,78,78.24406142128282,46524.743267968886
4254,0,1168,1,1,723333,724024,2292.969078,2294.96921,2.0001320000001215,39.197071362986534,33.7875,45.7125,1,1,1,1,691,80,80,691.0,80.0,691.0,691,80,78.39931673939282,45247.51366409542
4254,0,1169,1,1,724024,724729,2294.96921,2296.971474,2.002263999999741,39.39362479206608,33.7875,45.7125,1,1,1,1,705,80,80,705.0,80.0,705.0,705,80,78.87643675065192,45852.09542798146
4254,0,1170,1,1,724729,725348,2296.971474,2298.972826,2.0013520000002245,39.536547563301994,33.7875,45.7125,1,1,1,1,619,80,80,619.0,80.0,619.0,619,80,79.12654853891581,45735.58274605853
4254,0,1171,1,1,725348,726031,2298.972826,2300.973147,2.0003209999999854,39.425244110308704,33.7875,45.7125,1,1,1,1,683,80,80,684.0,80.0,683.0,683,80,78.86314372398192,46365.058408125835
4254,0,1172,1,1,726031,726710,2300.973147,2302.974637,2.0014899999996487,39.6247850530126,33.7875,45.7125,1,1,1,1,679,80,80,679.0,80.0,679.0,679,80,79.30861103573989,45912.79496775709
4254,0,1173,1,1,726710,727404,2302.974637,2304.975832,2.00119500000028,39.88286987088794,33.7875,45.7125,1,1,1,1,694,80,80,694.0,80.0,694.0,694,80,79.81339977128664,46510.7098508576
4254,0,1174,1,1,727404,728000,2304.975832,2306.770665,1.794832999999926,39.66282786615863,33.7875,45.7125,1,1,1,1,596,72,72,596.0,72.0,596.0,596,72,71.1881523274933,47263.45013714563
4254,0,1175,1,1,728000,728715,2306.770665,2308.781989,2.0113240000000587,39.85094127776764,33.7875,45.7125,1,1,1,1,715,80,80,716.0,80.0,715.0,715,80,80.15315461457067,46317.25172075572
4254,0,1176,1,1,728715,729448,2308.781989,2310.788644,2.006655000000137,39.70752303189453,33.7875,45.7125,1,1,1,1,733,80,80,733.0,80.0,733.0,733,80,79.67929962956987,46651.26790603946
4254,0,1177,1,1,729448,730086,2310.788644,2312.788816,2.0001720000000205,39.25781567467871,33.7875,45.7125,1,1,1,1,638,80,80,638.0,80.0,638.0,638,80,78.52238369364932,46082.03694482227
4254,0,1178,1,1,730086,730792,2312.788816,2314.789604,2.0007879999998295,40.1020204318578,33.7875,45.7125,1,1,1,1,706,80,80,706.0,80.0,706.0,706,80,80.2356412558147,47427.81344150809
4254,0,1179,1,1,730792,731495,2314.789604,2316.793251,2.003647000000001,39.238738190762206,33.7875,45.7125,1,1,1,1,703,79,79,703.0,80.0,703.0,703,79,78.62058005970903,45467.58984990867
4254,0,1180,1,1,731495,732215,2316.793251,2318.794397,2.0011460000000625,39.509720391192005,33.7875,45.7125,1,1,1,1,720,80,80,720.0,80.0,720.0,720,80,79.06471892195987,45911.69260013869
4254,0,1181,1,1,732215,732868,2318.794397,2320.795454,2.001056999999946,39.63566106740223,33.7875,45.7125,1,1,1,1,653,80,80,653.0,80.0,653.0,653,80,79.31321702855348,46066.65377348196
4254,0,1182,1,1,732868,733587,2320.795454,2322.795955,2.0005009999999857,39.474425574232846,33.7875,45.7125,1,1,1,1,719,80,80,719.0,80.0,719.0,719,80,78.96862783568213,45738.54249510531
4254,0,1183,1,1,733587,734244,2322.795955,2324.796482,2.0005270000001474,39.96539748876013,33.7875,45.7125,1,1,1,1,657,80,80,657.0,80.0,657.0,657,80,79.95185674200184,45872.91248755615
4254,0,1184,1,1,734244,734909,2324.796482,2326.797743,2.001260999999886,39.7148430351385,33.7875,45.7125,1,1,1,1,665,80,80,665.0,80.0,665.0,665,80,79.47976648733311,46526.16525281076
4254,0,1185,1,1,734909,735589,2326.797743,2328.806562,2.0088190000001305,39.65660331993285,33.7875,45.7125,1,1,1,1,680,80,80,680.0,80.0,680.0,680,80,79.66293822454463,45856.29665987529
4254,0,1186,1,1,735589,736287,2328.806562,2330.808047,2.001484999999775,39.64846717729119,33.7875,45.7125,1,1,1,1,698,80,80,698.0,80.0,698.0,698,80,79.3558123283292,46236.1696440445
4254,0,1187,1,1,736287,737026,2330.808047,2332.808145,2.00009799999998,39.81013538349581,33.7875,45.7125,1,1,1,1,739,80,80,739.0,80.0,739.0,739,80,79.62417216025642,46503.2213421547
4254,0,1188,1,1,737026,737725,2332.808145,2334.811186,2.0030409999999392,39.717019483036985,33.7875,45.7125,1,1,1,1,699,80,80,699.0,80.0,699.0,699,80,79.5548184223153,46065.956712819556
4254,0,1189,1,1,737725,738432,2334.811186,2336.815189,2.0040030000000115,39.60029411765859,33.7875,45.7125,1,1,1,1,707,80,80,707.0,80.0,707.0,707,80,79.35910821266589,46507.4154080605
4254,0,1190,1,1,738432,739134,2336.815189,2338.818093,2.002903999999944,39.933646045640664,33.7875,45.7125,1,1,1,1,702,80,80,702.0,80.0,702.0,702,80,79.98325939939241,47377.7075686117
4254,0,1191,1,1,739134,739857,2338.818093,2340.825622,2.007528999999977,39.37458597010526,33.7875,45.7125,1,1,1,1,723,80,80,723.0,81.0,723.0,723,81,79.04562319797697,46100.45483776377
4254,0,1192,1,1,739857,740496,2340.825622,2342.826914,2.001292000000376,39.845437089895675,33.7875,45.7125,1,1,1,1,639,80,80,639.0,79.0,639.0,639,79,79.74235448452237,45330.21668001619
4254,0,1193,1,1,740496,741000,2342.826914,2344.254649,1.4277349999997568,40.340731435899315,33.7875,45.7125,1,1,1,1,504,58,58,504.0,58.0,504.0,504,58,57.59587419661693,47012.92606822094
4254,0,1194,1,1,741000,741729,2344.254649,2346.255046,2.0003970000002482,39.97308701998548,33.7875,45.7125,1,1,1,1,729,79,79,729.0,79.0,729.0,729,79,79.96204335552466,46536.26255187768
4254,0,1195,1,1,741729,742452,2346.255046,2348.259075,2.0040289999997185,39.78504055955577,33.7875,45.7125,1,1,1,1,723,80,80,723.0,81.0,723.0,723,81,79.73037504751119,46443.93868552455
4254,0,1196,1,1,742452,743110,2348.259075,2350.261351,2.0022760000001654,39.48742683665093,33.7875,45.7125,1,1,1,1,658,80,80,658.0,80.0,658.0,658,80,79.06472705678607,45181.08392648792
4254,0,1197,1,1,743110,743810,2350.261351,2352.263628,2.002277000000049,39.85538464265568,33.7875,45.7125,1,1,1,1,700,80,80,700.0,80.0,700.0,700,80,79.80151999615191,45681.49162178747
4254,0,1198,1,1,743810,744535,2352.263628,2354.265904,2.0022759999997106,39.702509778846654,33.7875,45.7125,1,1,1,1,725,80,80,725.0,80.0,725.0,725,80,79.49538246993325,46734.81577964952
4254,0,1199,1,1,744535,745254,2354.265904,2356.265977,2.0000730000001568,39.8424622994092,33.7875,45.7125,1,1,1,1,719,80,80,720.0,79.0,719.0,719,79,79.68783309857827,46827.29080388199
4254,0,1200,1,1,745254,745964,2356.265977,2358.269052,2.0030750000000808,40.416116703061945,33.7875,45.7125,1,1,1,1,710,80,80,711.0,80.0,710.0,710,80,80.95651296498545,46835.98966588681
4254,0,1201,1,1,745964,746689,2358.269052,2360.272733,2.0036809999996876,39.934407847454146,33.7875,45.7125,1,1,1,1,725,80,80,725.0,81.0,725.0,725,81,80.01581425017503,45979.87404183319
4254,0,1202,1,1,746689,747417,2360.272733,2362.27368,2.0009469999999965,39.65188970117582,33.7875,45.7125,1,1,1,1,728,80,80,729.0,79.0,728.0,728,79,79.34132974190288,47060.216987256616
4254,0,1203,1,1,747417,748176,2362.27368,2364.275235,2.0015550000002804,40.152269140434484,33.7875,45.7125,1,1,1,1,759,80,80,759.0,80.0,759.0,759,80,80.3669750593981,47072.401208054136
4254,0,1204,1,1,748176,748921,2364.275235,2366.279564,2.0043289999998706,40.41455255568999,33.7875,45.7125,1,1,1,1,745,80,80,745.0,81.0,745.0,745,81,81.00405970939028,46974.32407554153
4254,0,1205,1,1,748921,749638,2366.279564,2368.281839,2.0022750000002816,39.63258718938652,33.7875,45.7125,1,1,1,1,717,80,80,717.0,80.0,717.0,717,80,79.35533851463697,46351.27542419845
4254,0,1206,1,1,749638,750347,2368.281839,2370.28343,2.0015909999997348,39.75075432209217,33.7875,45.7125,1,1,1,1,709,80,80,709.0,79.0,709.0,709,79,79.5647520943021,46382.602639606346
4254,0,1207,1,1,750347,750999,2370.28343,2372.286393,2.002962999999909,39.18329874758577,33.7875,45.7125,1,1,1,1,652,80,80,652.0,81.0,652.0,652,81,78.48269760936091,45349.81425019041
4254,0,1208,1,1,750999,751693,2372.286393,2374.286511,2.0001179999999295,39.38994529624026,33.7875,45.7125,1,1,1,1,694,80,80,694.0,79.0,694.0,694,79,78.78453860602167,46481.2576058029
4254,0,1209,1,1,751693,752375,2374.286511,2376.290239,2.0037280000001374,39.51677814306494,33.7875,45.7125,1,1,1,1,682,80,80,682.0,80.0,682.0,682,80,79.18087483505951,45781.163910467745
4254,0,1210,1,1,752375,753090,2376.290239,2378.293222,2.0029829999998583,39.48812262406492,33.7875,45.7125,1,1,1,1,715,79,79,728.0,81.0,715.0,715,80,79.09403831791133,46811.18112335783
4254,0,1211,1,1,753090,753787,2378.293222,2380.293306,2.0000840000002427,39.329188774045896,33.7875,45.7125,1,1,1,1,697,80,80,697.0,79.0,697.0,697,79,78.66168119995564,45804.07622879283
4254,0,1212,1,1,753787,754000,2380.293306,2380.971276,0.6779700000001867,39.38609848295513,33.7875,45.7125,1,1,1,1,213,27,27,213.0,28.0,213.0,213,28,26.702593188500032,44801.39239198141
4254,0,1213,1,1,754000,754700,2380.971276,2382.973543,2.002266999999847,39.26101858016468,33.7875,45.7125,1,1,1,1,700,80,80,701.0,80.0,700.0,700,80,78.61104188943864,46298.021192981294
4254,0,1214,1,1,754700,755356,2382.973543,2384.975819,2.0022759999997106,39.002670580557755,33.7875,45.7125,1,1,1,1,656,80,80,656.0,80.0,656.0,656,80,78.09411123934842,45688.007047986
4254,0,1215,1,1,755356,756004,2384.975819,2386.976078,2.0002590000003693,39.404164447401,33.7875,45.7125,1,1,1,1,648,80,80,648.0,79.0,648.0,648,79,78.81853457340912,45323.13065457186
4254,0,1216,1,1,756004,756694,2386.976078,2388.977609,2.0015309999998863,39.27507276180202,33.7875,45.7125,1,1,1,1,690,80,80,690.0,80.0,690.0,690,80,78.61027566000121,45637.56444442039
4254,0,1217,1,1,756694,757347,2388.977609,2390.98265,2.005040999999892,39.2815925173968,33.7875,45.7125,1,1,1,1,653,80,80,653.0,81.0,653.0,653,81,78.76120354267186,45067.906342067254
4254,0,1218,1,1,757347,758042,2390.98265,2392.982959,2.0003090000000157,39.55820878664733,33.7875,45.7125,1,1,1,1,695,80,80,695.0,79.0,695.0,695,79,79.12864105981134,46476.319408651
4254,0,1219,1,1,758042,758728,2392.982959,2394.985617,2.002657999999883,39.32633736402041,33.7875,45.7125,1,1,1,1,686,80,80,686.0,80.0,686.0,686,80,78.75720413275121,46368.37642773026
4254,0,1220,1,1,758728,759437,2394.985617,2396.989478,2.0038610000001427,39.2948873062773,33.7875,45.7125,1,1,1,1,709,80,80,709.0,81.0,709.0,709,81,78.74149217245576,46051.098354623115
4254,0,1221,1,1,759437,760151,2396.989478,2398.990647,2.001169000000118,39.48151562424139,33.7875,45.7125,1,1,1,1,714,80,80,714.0,79.0,714.0,714,79,79.00918514025398,46068.07321120533
4254,0,1222,1,1,760151,760838,2398.990647,2400.993263,2.0026159999997617,39.09645019492627,33.7875,45.7125,1,1,1,1,687,80,80,687.0,80.0,687.0,687,80,78.29517670355563,45494.49320289603
4254,0,1223,1,1,760838,761566,2400.993263,2402.993978,2.0007150000001275,38.94785143148214,33.7875,45.7125,1,1,1,1,728,80,80,728.0,80.0,728.0,728,80,77.92355057674285,45828.11644836679
4254,0,1224,1,1,761566,762245,2402.993978,2404.996523,2.0025449999998273,39.51300407529872,33.7875,45.7125,1,1,1,1,679,80,80,679.0,80.0,679.0,679,80,79.12656874596723,46888.33459423289
4254,0,1225,1,1,762245,762763,2404.996523,2407.000863,2.0043400000004112,27.086994965838887,33.7875,45.7125,1,0,0,1,518,80,80,518.0,81.0,518.0,518,81,54.29154748984729,31392.87745591421
4254,0,1226,1,1,762763,762843,2407.000863,2409.00314,2.0022769999995944,0.998820506862687,33.7875,45.7125,1,0,0,0,80,80,80,80.0,80.0,80.0,80,80,1.9999153280223254,691.7124853355857
4254,0,1227,1,1,762843,762923,2409.00314,2411.005415,2.0022750000002816,0.9993937577467451,33.7875,45.7125,1,0,0,0,80,80,80,80.0,80.0,80.0,80,80,2.0010611362959025,703.2001098749183
4254,0,1228,1,1,762923,763003,2411.005415,2413.007692,2.002277000000049,0.9886205950274088,33.7875,45.7125,1,0,0,0,80,80,80,80.0,80.0,80.0,80,80,1.979492279147962,733.664722713173
4254,0,1229,1,1,763003,763083,2413.007692,2415.009968,2.0022759999997106,0.9935648303608127,33.7875,45.7125,1,0,0,0,80,80,80,80.0,80.0,80.0,80,80,1.98939101427095,736.1622473626079
4254,0,1230,1,1,763083,763163,2415.009968,2417.012247,2.0022790000002715,0.9933554675579777,33.7875,45.7125,1,0,0,0,80,80,80,80.0,80.0,80.0,80,80,1.988974792227964,737.659437071357
4254,0,1231,1,1,763163,763243,2417.012247,2419.014522,2.002274999999827,0.9962192922192319,33.7875,45.7125,1,0,0,0,80,80,80,80.0,80.0,80.0,80,80,1.9947049833281199,672.235332309556
4254,0,1232,1,1,763243,763323,2419.014522,2421.016799,2.002277000000049,0.9975715380663696,33.7875,45.7125,1,0,0,0,80,80,80,80.0,80.0,80.0,80,80,1.9974145465239417,692.2119167327827
4254,0,1233,1,1,763323,763403,2421.016799,2423.019074,2.002274999999827,0.9971039793335081,33.7875,45.7125,1,0,0,0,80,80,80,80.0,80.0,80.0,80,80,1.9964763702155324,709.6927245259133
4254,0,1234,1,1,763403,763483,2423.019074,2425.021351,2.002277000000049,0.9978837802654029,33.7875,45.7125,1,0,0,0,80,80,80,80.0,80.0,80.0,80,80,1.9980397418985376,701.2016818851565
4254,0,1235,1,1,763483,763563,2425.021351,2427.023629,2.002277999999933,0.9994445878088445,33.7875,45.7125,1,0,0,0,80,80,80,80.0,80.0,80.0,80,80,2.001165910391137,708.6927989020743
4254,0,1236,1,1,763563,763643,2427.023629,2429.025904,2.0022750000002816,1.0001743640240472,33.7875,45.7125,1,0,0,0,80,80,80,80.0,80.0,80.0,80,80,2.0026241247251164,683.722265922417
4254,0,1237,1,1,763643,763723,2429.025904,2431.02818,2.0022759999997106,1.0014229296277388,33.7875,45.7125,1,0,0,0,80,80,80,80.0,80.0,80.0,80,80,2.00512509784312,673.2338598675681
4254,0,1238,1,1,763723,763807,2431.02818,2433.030457,2.002277000000049,1.780831094341931,33.7875,45.7125,1,0,0,0,84,80,80,84.0,80.0,84.0,84,80,3.56571714108577,1981.7437847010692
4254,0,1239,1,1,763807,763894,2433.030457,2435.032734,2.002277000000049,2.760230791977042,33.7875,45.7125,1,0,0,1,87,80,80,87.0,80.0,87.0,87,80,5.526746629460831,3631.365690161662
4254,0,1240,1,1,763894,763981,2435.032734,2437.03501,2.0022760000001654,2.7910920275714606,33.7875,45.7125,1,0,0,1,87,80,80,87.0,80.0,87.0,87,80,5.588536580602522,3659.835107647195
4254,0,1241,1,1,763981,764072,2437.03501,2439.037287,2.002277000000049,3.7803260562195207,33.7875,45.7125,1,0,0,1,91,80,80,91.0,80.0,91.0,91,80,7.569259914875147,4846.482279924187
4254,0,1242,1,1,764072,764168,2439.037287,2441.039563,2.0022759999997106,4.776120758947097,33.7875,45.7125,1,0,0,1,96,80,80,96.0,80.0,96.0,96,80,9.563111968745943,5978.696243675562
4254,0,1243,1,1,764168,764275,2441.039563,2443.041838,2.0022750000002816,6.799246357684001,33.7875,45.7125,1,0,0,1,107,80,80,107.0,80.0,107.0,107,80,13.613961000839481,8337.016643566769
4254,0,1244,1,1,764275,764402,2443.041838,2445.044118,2.0022799999997005,9.748457089231263,33.7875,45.7125,1,0,0,1,127,80,80,127.0,80.0,127.0,127,80,19.519140660617268,11995.325329126592
4254,0,1245,1,1,764402,764549,2445.044118,2447.046396,2.0022780000003877,11.689519296058688,33.7875,45.7125,1,0,0,1,147,80,80,147.0,80.0,147.0,147,80,23.405667317085317,14061.483969755722
4254,0,1246,1,1,764549,764721,2447.046396,2449.048671,2.002274999999827,14.774700692884435,33.7875,45.7125,1,0,0,1,172,80,80,172.0,80.0,172.0,172,80,29.583013829847914,17426.677154737994
4254,0,1247,1,1,764721,764915,2449.048671,2451.050946,2.002274999999827,16.63550993671797,33.7875,45.7125,1,0,0,1,194,80,80,194.0,80.0,194.0,194,80,33.30886565854598,19535.77805246701
4254,0,1248,1,1,764915,765115,2451.050946,2453.052958,2.002012000000377,18.01884813869617,33.7875,45.7125,1,0,0,1,200,80,80,200.0,79.0,200.0,200,79,36.07395019986143,21744.125409833607
4254,0,1249,1,1,765115,765369,2453.052958,2455.055499,2.0025409999998374,20.342794309934025,33.7875,45.7125,1,0,0,1,254,80,80,254.0,81.0,254.0,254,81,40.73727966019942,24279.652701245042
4254,0,1250,1,1,765369,765647,2455.055499,2457.057775,2.0022760000001654,22.021474185902825,33.7875,45.7125,1,0,0,1,278,80,80,278.0,80.0,278.0,278,80,44.09306924705743,26201.183053682744
4254,0,1251,1,1,765647,765942,2457.057775,2459.060051,2.0022759999997106,23.44035548731667,33.7875,45.7125,1,0,0,1,295,80,80,295.0,80.0,295.0,295,80,46.9340612237138,27445.267285832695
4254,0,1252,1,1,765942,766291,2459.060051,2461.060599,2.0005479999999807,27.18396598177598,33.7875,45.7125,1,0,0,1,349,80,80,349.0,79.0,349.0,349,79,54.38282877691381,32455.607163637476
4254,0,1253,1,1,766291,766695,2461.060599,2463.062932,2.0023329999999078,28.546428130765676,33.7875,45.7125,1,0,0,1,404,80,80,404.0,80.0,404.0,404,80,57.15945507836295,33506.41476717564
4254,0,1254,1,1,766695,767000,2463.062932,2464.497777,1.434845000000223,30.228715218194115,33.7875,45.7125,1,0,0,1,305,58,58,305.0,58.0,305.0,305,58,43.37352088725311,35811.53364997056
4254,0,1255,1,1,767000,767489,2464.497777,2466.518532,2.0207550000000083,32.16372889778841,33.7875,45.7125,1,0,0,1,489,80,80,489.0,81.0,489.0,489,81,64.99501598885399,37906.624009342886
4254,0,1256,1,1,767489,767971,2466.518532,2468.520809,2.002277000000049,33.06520966137344,33.7875,45.7125,1,0,0,1,482,80,80,482.0,80.0,482.0,482,80,66.20570880515152,38392.29037740438
4254,0,1257,1,1,767971,768563,2468.520809,2470.521482,2.000673000000006,35.100163247864735,33.7875,45.7125,1,1,0,1,592,80,80,592.0,79.0,592.0,592,79,70.22394890559372,40326.430156252296
4254,0,1258,1,1,768563,769190,2470.521482,2472.525363,2.003881000000092,37.37293666598635,33.7875,45.7125,1,1,1,1,627,80,80,627.0,81.0,627.0,627,81,74.89091769917286,43190.688469023866
4254,0,1259,1,1,769190,769837,2472.525363,2474.526144,2.0007809999997335,38.62836858961282,33.7875,45.7125,1,1,1,1,647,80,80,647.0,79.0,647.0,647,79,77.28690593507781,44883.473003798
4254,0,1260,1,1,769837,770514,2474.526144,2476.529914,2.0037700000002587,38.894066836243745,33.7875,45.7125,1,1,1,1,677,80,80,677.0,81.0,677.0,677,81,77.93476430447481,44080.408430103555
4254,0,1261,1,1,770514,771274,2476.529914,2478.53219,2.0022759999997106,39.142399034410055,33.7875,45.7125,1,1,1,1,760,80,80,760.0,80.0,760.0,760,80,78.37388616900716,45615.09002755524
4254,0,1262,1,1,771274,771995,2478.53219,2480.534468,2.002277999999933,39.09744931407908,33.7875,45.7125,1,1,1,1,721,80,80,721.0,80.0,721.0,721,80,78.28396261768648,45709.43695131398
4254,0,1263,1,1,771995,772647,2480.534468,2482.536222,2.0017540000003464,39.082908076522735,33.7875,45.7125,1,1,1,1,652,80,80,652.0,79.0,652.0,652,79,78.23436757382296,45081.463556453185
4254,0,1264,1,1,772647,773356,2482.536222,2484.53902,2.0027979999999843,39.07564189440173,33.7875,45.7125,1,1,1,1,709,80,80,709.0,81.0,709.0,709,81,78.26061743481841,45895.29248581271
4254,0,1265,1,1,773356,774089,2484.53902,2486.539023,2.0000029999996514,39.26413853617371,33.7875,45.7125,1,1,1,1,733,80,80,733.0,79.0,733.0,733,79,78.52839486475568,45802.931295611044
4254,0,1266,1,1,774089,774778,2486.539023,2488.540824,2.0018010000003414,39.53365658696944,33.7875,45.7125,1,1,1,1,689,80,80,689.0,80.0,689.0,689,80,79.13851328946475,46754.39766489478
4254,0,1267,1,1,774778,775481,2488.540824,2490.541668,2.000843999999688,39.684126077586455,33.7875,45.7125,1,1,1,1,703,80,80,703.0,80.0,703.0,703,80,79.40174555756676,45533.284953756614
4254,0,1268,1,1,775481,776178,2490.541668,2492.545374,2.0037059999999656,40.02637376430134,33.7875,45.7125,1,1,1,1,697,80,80,697.0,80.0,697.0,697,80,80.20108526977128,46943.01459395821
4254,0,1269,1,1,776178,776926,2492.545374,2494.54557,2.0001960000004146,40.173949815679386,33.7875,45.7125,1,1,1,1,748,80,80,748.0,80.0,748.0,748,80,80.35577372553234,47409.85383431441
4254,0,1270,1,1,776926,777654,2494.54557,2496.548674,2.003103999999894,40.03506825490826,33.7875,45.7125,1,1,1,1,728,80,80,728.0,80.0,728.0,728,80,80.19440536167531,46767.4169688668
4254,0,1271,1,1,777654,778332,2496.548674,2498.548753,2.0000789999999142,39.89167973770177,33.7875,45.7125,1,1,1,1,678,80,80,678.0,80.0,678.0,678,80,79.78651091810025,45809.19053697575
4254,0,1272,1,1,778332,779067,2498.548753,2500.552258,2.003505000000132,40.02917395833925,33.7875,45.7125,1,1,1,1,735,80,80,735.0,80.0,735.0,735,80,80.19865017141274,46242.460088691514
4254,0,1273,1,1,779067,779760,2500.552258,2502.557643,2.005384999999933,40.19831511517206,33.7875,45.7125,1,1,1,1,693,80,80,694.0,80.0,694.0,693,80,80.61309815723507,46267.42495830132
4254,0,1274,1,1,779760,780000,2502.557643,2503.174458,0.6168149999998604,40.511080833263506,33.7875,45.7125,1,1,1,1,240,25,25,239.0,25.0,239.0,240,25,24.987842324160738,48063.0334865506
4254,0,1275,1,1,780000,780714,2503.174458,2505.17755,2.003091999999924,39.968150168672665,33.7875,45.7125,1,1,1,1,714,80,80,716.0,80.0,714.0,714,80,80.0598818576691,47200.52798373893
4254,0,1276,1,1,780714,781495,2505.17755,2507.179623,2.0020730000001095,40.270586943476786,33.7875,45.7125,1,1,1,1,781,80,80,781.0,80.0,781.0,781,80,80.62465481369873,47237.538291558216
4254,0,1277,1,1,781495,782192,2507.179623,2509.184305,2.00468200000023,40.29810821587678,33.7875,45.7125,1,1,1,1,697,80,80,697.0,80.0,697.0,697,80,80.78489217442984,46826.87827794594
4254,0,1278,1,1,782192,782283,2509.184305,2511.194328,2.010022999999819,2.0114592353225373,33.7875,45.7125,1,0,0,1,91,80,80,91.0,81.0,91.0,91,81,4.0430793265550165,1861.6702395944408
4254,0,1279,1,1,782283,782363,2511.194328,2513.196604,2.0022760000001654,0.995334203705501,33.7875,45.7125,1,0,0,0,80,80,80,80.0,80.0,80.0,80,80,1.992933788060327,687.7173776242067
4254,0,1280,1,1,782363,782443,2513.196604,2515.19888,2.0022759999997106,0.9969474558730657,33.7875,45.7125,1,0,0,0,80,80,80,80.0,80.0,80.0,80,80,1.99616396415513,694.7094206793674
4254,0,1281,1,1,782443,782523,2515.19888,2517.201158,2.002277999999933,0.9965823690805191,33.7875,45.7125,1,0,0,0,80,80,80,80.0,80.0,80.0,80,80,1.9954349527979502,659.748546405666
4254,0,1282,1,1,782523,782603,2517.201158,2519.203432,2.002273999999943,0.996167653616269,33.7875,45.7125,1,0,0,0,80,80,80,80.0,80.0,80.0,80,80,1.9946005924721248,699.2050039105736
4254,0,1283,1,1,782603,782683,2519.203432,2521.20571,2.0022780000003877,0.997206853166516,33.7875,45.7125,1,0,0,0,80,80,80,80.0,80.0,80.0,80,80,1.996685343547142,671.2354628077319
4254,0,1284,1,1,782683,782763,2521.20571,2523.207985,2.002274999999827,0.9961152113822582,33.7875,45.7125,1,0,0,0,80,80,80,80.0,80.0,80.0,80,80,1.9944965848699212,669.7381728284656
4254,0,1285,1,1,782763,782844,2523.207985,2525.210264,2.0022789999998167,1.1311061801043978,33.7875,45.7125,1,0,0,0,81,80,80,81.0,80.0,81.0,81,80,2.264790151195484,877.0006577505736
4254,0,1286,1,1,782844,782929,2525.210264,2527.212539,2.0022750000002816,2.795360640145283,33.7875,45.7125,1,0,0,1,85,80,80,85.0,80.0,85.0,85,80,5.597080725754495,3601.4034036278663
4254,0,1287,1,1,782929,783011,2527.212539,2529.214816,2.002277000000049,2.788592791722586,33.7875,45.7125,1,0,0,1,82,80,80,82.0,80.0,82.0,82,80,5.583535209225374,3621.8764936119337
4254,0,1288,1,1,783011,783098,2529.214816,2531.217091,2.002274999999827,3.9821944241564897,33.7875,45.7125,1,0,0,1,87,80,80,87.0,80.0,87.0,87,80,7.973448340620962,5015.295101822112
4254,0,1289,1,1,783098,783201,2531.217091,2533.219369,2.002277999999933,5.242085388635397,33.7875,45.7125,1,0,0,1,103,80,80,103.0,80.0,103.0,103,80,10.496112247783458,6379.733483562436
4254,0,1290,1,1,783201,783306,2533.219369,2535.221644,2.0022750000002816,6.966400181863658,33.7875,45.7125,1,0,0,1,105,80,80,105.0,80.0,105.0,105,80,13.948648924138979,8596.221797703902
4254,0,1291,1,1,783306,783442,2535.221644,2537.223922,2.002277999999933,10.211157302710948,33.7875,45.7125,1,0,0,1,136,80,80,136.0,80.0,136.0,136,80,20.445575621750322,12456.312260335895
4254,0,1292,1,1,783442,783584,2537.223922,2539.226198,2.0022759999997106,12.187973660218358,33.7875,45.7125,1,0,0,1,142,80,80,142.0,80.0,142.0,142,80,24.403687148485915,14607.376805197799
4254,0,1293,1,1,783584,783740,2539.226198,2541.228474,2.0022760000001654,14.753981333417672,33.7875,45.7125,1,0,0,1,156,80,80,156.0,80.0,156.0,156,80,29.541542728358763,17603.966685909978
4254,0,1294,1,1,783740,783954,2541.228474,2543.230751,2.002277000000049,17.544326472182203,33.7875,45.7125,1,0,0,1,214,80,80,214.0,80.0,214.0,214,80,35.128601375748985,20504.156018372578
4254,0,1295,1,1,783954,784161,2543.230751,2545.233027,2.0022760000001654,19.088269503247684,33.7875,45.7125,1,0,0,1,207,80,80,207.0,80.0,207.0,207,80,38.219983907882124,22383.5275456512
4254,0,1296,1,1,784161,784429,2545.233027,2547.235303,2.0022759999997106,20.34254704319538,33.7875,45.7125,1,0,0,1,268,80,80,268.0,80.0,268.0,268,80,40.731393723457586,24443.683088648653
4254,0,1297,1,1,784429,784703,2547.235303,2549.23758,2.002277000000049,22.94138084210993,33.7875,45.7125,1,0,0,1,274,80,80,274.0,80.0,274.0,274,80,45.93499920840259,26593.223614913768
4254,0,1298,1,1,784703,785011,2549.23758,2551.239856,2.0022760000001654,24.900504819969434,33.7875,45.7125,1,0,0,1,308,80,80,308.0,80.0,308.0,308,80,49.857683188907686,29878.99770061423
4254,0,1299,1,1,785011,785389,2551.239856,2553.241329,2.0014729999998053,26.781083736779912,33.7875,45.7125,1,0,0,1,378,80,80,378.0,79.0,378.0,378,79,53.601616009895224,31715.14179806881
4254,0,1300,1,1,785389,785848,2553.241329,2555.244411,2.0030820000001768,28.970292061685118,33.7875,45.7125,1,0,0,1,459,80,80,459.0,81.0,459.0,459,81,58.02987056350685,34689.543413596584
4254,0,1301,1,1,785848,786284,2555.244411,2557.246687,2.0022759999997106,30.63062039733911,33.7875,45.7125,1,0,0,1,436,80,80,436.0,80.0,436.0,436,80,61.330956086691,35562.03040939925
4254,0,1302,1,1,786284,786779,2557.246687,2559.247375,2.000688000000082,33.715101246182755,33.7875,45.7125,1,0,0,1,495,80,80,495.0,79.0,495.0,495,79,67.45339848203002,39605.87557879927
4254,0,1303,1,1,786779,787319,2559.247375,2561.251243,2.0038680000002387,34.31100592248183,33.7875,45.7125,1,1,0,1,540,80,80,540.0,81.0,540.0,540,81,68.75472681588144,39923.288360306404
4254,0,1304,1,1,787319,787900,2561.251243,2563.252165,2.0009219999997185,34.74571482722006,33.7875,45.7125,1,1,1,1,581,80,80,581.0,79.0,581.0,581,79,69.52346520349965,40770.70470513667
4254,0,1305,1,1,787900,788542,2563.252165,2565.252666,2.0005009999999857,38.750057690052934,33.7875,45.7125,1,1,1,1,642,80,79,642.0,80.0,642.0,642,79,77.5195291590062,44662.81196560294
4254,0,1306,1,1,788542,789250,2565.252666,2567.255764,2.0030980000001364,39.171723605633936,33.7875,45.7125,1,1,1,1,708,80,80,708.0,80.0,708.0,708,80,78.4648012109974,45476.556813492796
4254,0,1307,1,1,789250,789907,2567.255764,2569.260345,2.004581000000144,39.12121002270715,33.7875,45.7125,1,1,1,1,657,80,80,657.0,81.0,657.0,657,81,78.42163430852816,45433.434717775664
4254,0,1308,1,1,789907,790565,2569.260345,2571.262621,2.0022759999997106,39.15530505174911,33.7875,45.7125,1,1,1,1,658,80,80,658.0,80.0,658.0,658,80,78.39972757778014,45488.23438927159
4254,0,1309,1,1,790565,791225,2571.262621,2573.264639,2.0020180000001346,38.85694376064402,33.7875,45.7125,1,1,1,1,660,80,80,661.0,79.0,660.0,660,79,77.79230083379662,45369.222454540315
4254,0,1310,1,1,791225,791958,2573.264639,2575.265681,2.0010419999998703,38.94125772528614,33.7875,45.7125,1,1,1,1,733,80,80,733.0,80.0,733.0,733,80,77.9230922411225,45333.3813083413
4254,0,1311,1,1,791958,792666,2575.265681,2577.267835,2.002154000000246,38.79779803742537,33.7875,45.7125,1,1,1,1,708,80,80,708.0,80.0,708.0,708,80,77.67916653183056,46302.63206526002
4254,0,1312,1,1,792666,793000,2577.267835,2578.192936,0.9251009999998132,39.16024465206293,33.7875,45.7125,1,1,1,1,334,37,37,334.0,37.0,334.0,334,37,36.227181487862254,45931.201025627015
4254,0,1313,1,1,793000,793718,2578.192936,2580.193904,2.0009680000002845,39.53899484223526,33.7875,45.7125,1,1,1,1,718,80,80,719.0,80.0,718.0,718,80,79.11626343148237,46735.38007603655
4254,0,1314,1,1,793718,794435,2580.193904,2582.194701,2.000796999999693,39.45549016228316,33.7875,45.7125,1,1,1,1,717,80,80,717.0,80.0,717.0,717,80,78.9424263502151,46675.399853165676
4254,0,1315,1,1,794435,795117,2582.194701,2584.202334,2.007633000000169,39.21960238701775,33.7875,45.7125,1,1,1,1,682,80,80,682.0,81.0,682.0,682,81,78.73856799906935,45240.340241464626
4254,0,1316,1,1,795117,795854,2584.202334,2586.202909,2.000575000000026,39.42172124237789,33.7875,45.7125,1,1,1,1,737,80,80,737.0,79.0,737.0,737,79,78.86610997446405,46758.05705859504
4254,0,1317,1,1,795854,796520,2586.202909,2588.203357,2.0004479999997784,39.61829148541456,33.7875,45.7125,1,1,1,1,666,80,80,666.0,80.0,666.0,666,80,79.25433196540689,46150.66225166074
4254,0,1318,1,1,796520,797258,2588.203357,2590.209169,2.0058120000003328,39.711974737573584,33.7875,45.7125,1,1,1,1,738,80,80,738.0,81.0,738.0,738,81,79.65475547233655,46714.2483941588
4254,0,1319,1,1,797258,797951,2590.209169,2592.211383,2.00221399999964,39.11081871079429,33.7875,45.7125,1,1,1,1,693,80,80,693.0,79.0,693.0,693,79,78.30822877419996,45846.747650359306
4254,0,1320,1,1,797951,798706,2592.211383,2594.213724,2.0023410000003423,39.07603419650629,33.7875,45.7125,1,1,1,1,755,80,80,756.0,81.0,755.0,755,81,78.24354538907937,45362.403306921486
4254,0,1321,1,1,798706,799355,2594.213724,2596.214429,2.0007049999999253,39.664579061921536,33.7875,45.7125,1,1,1,1,649,80,80,649.0,79.0,649.0,649,79,79.35712165207951,44480.32068695951
4254,0,1322,1,1,799355,800045,2596.214429,2598.214434,2.0000049999998737,39.12186787184628,33.7875,45.7125,1,1,1,1,690,80,80,690.0,80.0,690.0,690,80,78.24393135303399,45123.88719028488
4254,0,1323,1,1,800045,800713,2598.214434,2600.216532,2.0020979999999327,39.24729776334924,33.7875,45.7125,1,1,1,1,668,80,80,668.0,80.0,668.0,668,80,78.57693635740725,44969.327175794104
4254,0,1324,1,1,800713,801390,2600.216532,2602.217643,2.001111000000037,39.84225457813857,33.7875,45.7125,1,1,1,1,677,80,80,677.0,80.0,677.0,677,80,79.72877390110807,45631.15189512141
4254,0,1325,1,1,801390,801650,2602.217643,2604.225106,2.007462999999916,12.120071673557186,33.7875,45.7125,1,0,0,1,260,80,80,260.0,81.0,260.0,260,81,24.330595442006597,13529.51461621018
4254,0,1326,1,1,801650,801730,2604.225106,2606.227383,2.002277000000049,1.0042847453455899,33.7875,45.7125,1,0,0,0,80,80,80,80.0,80.0,80.0,80,80,2.0108562470559264,670.2369352492024
4254,0,1327,1,1,801730,801810,2606.227383,2608.229659,2.0022760000001654,1.0038167876823794,33.7875,45.7125,1,0,0,0,80,80,80,80.0,80.0,80.0,80,80,2.0099182623671368,634.7776230648997
4254,0,1328,1,1,801810,801890,2608.229659,2610.231935,2.0022759999997106,1.0066269688773586,33.7875,45.7125,1,0,0,0,80,80,80,80.0,80.0,80.0,80,80,2.0155450207385,621.792400248607
4254,0,1329,1,1,801890,801970,2610.231935,2612.23421,2.0022750000002816,1.0026723041114147,33.7875,45.7125,1,0,0,0,80,80,80,80.0,80.0,80.0,80,80,2.007625687721884,611.3046409708096
4254,0,1330,1,1,801970,802050,2612.23421,2614.236489,2.0022789999998167,1.0030349660597087,33.7875,45.7125,1,0,0,0,80,80,80,80.0,80.0,80.0,80,80,2.008355848811334,619.2943141291066
4254,0,1331,1,1,802050,802132,2614.236489,2616.238764,2.0022750000002816,1.5041337766503822,33.7875,45.7125,1,0,0,0,82,80,80,82.0,80.0,82.0,82,80,3.0116894576494815,1468.3297748808664
4254,0,1332,1,1,802132,802223,2616.238764,2618.241041,2.002277000000049,2.784793844967678,33.7875,45.7125,1,0,0,1,91,80,80,91.0,80.0,91.0,91,80,5.575928665522952,3635.3611413404947
4254,0,1333,1,1,802223,802308,2618.241041,2620.243316,2.002274999999827,2.7949963572164664,33.7875,45.7125,1,0,0,1,85,80,80,85.0,80.0,85.0,85,80,5.596351331143524,3676.3181880613984
4254,0,1334,1,1,802308,802398,2620.243316,2622.245594,2.002277999999933,3.440761042048905,33.7875,45.7125,1,0,0,1,90,80,80,90.0,80.0,90.0,90,80,6.889360137749463,4330.567483636283
4254,0,1335,1,1,802398,802491,2622.245594,2624.247871,2.002277000000049,4.080755092056263,33.7875,45.7125,1,0,0,1,93,80,80,93.0,80.0,93.0,93,80,8.170802063454175,5225.051279118595
4254,0,1336,1,1,802491,802594,2624.247871,2626.250148,2.002277000000049,6.879329881627114,33.7875,45.7125,1,0,0,1,103,80,80,103.0,80.0,103.0,103,80,13.774323997393367,8221.140231845842
4254,0,1337,1,1,802594,802719,2626.250148,2628.252424,2.0022759999997106,8.550662467088966,33.7875,45.7125,1,0,0,1,125,80,80,125.0,80.0,125.0,125,80,17.120786241954193,10629.403738547071
4254,0,1338,1,1,802719,802860,2628.252424,2630.254699,2.0022750000002816,10.67282286733173,33.7875,45.7125,1,0,0,1,141,80,80,141.0,80.0,141.0,141,80,21.369926406696322,13176.012286022795
4254,0,1339,1,1,802860,803045,2630.254699,2632.256976,2.002277000000049,14.220143980904945,33.7875,45.7125,1,0,0,1,185,80,80,185.0,80.0,185.0,185,80,28.47266722965287,16937.216978469594
4254,0,1340,1,1,803045,803226,2632.256976,2634.259253,2.002277000000049,15.748153222241934,33.7875,45.7125,1,0,0,1,181,80,80,181.0,80.0,181.0,181,80,31.532164989373996,18736.168871739064
4254,0,1341,1,1,803226,803443,2634.259253,2636.26153,2.002277000000049,17.909597804684907,33.7875,45.7125,1,0,0,1,217,80,80,217.0,80.0,217.0,217,80,35.85997576356749,21195.868503708007
4254,0,1342,1,1,803443,803680,2636.26153,2638.263805,2.002274999999827,20.200434724321198,33.7875,45.7125,1,0,0,1,237,80,80,237.0,80.0,237.0,237,80,40.446825437640655,23763.968485849404
4254,0,1343,1,1,803680,803943,2638.263805,2640.2641,2.0002949999998236,21.663291197060488,33.7875,45.7125,1,0,0,1,263,80,80,263.0,79.0,263.0,263,79,43.33297306501481,25520.23576522688
4254,0,1344,1,1,803943,804232,2640.2641,2642.267891,2.003791000000092,23.02897396533271,33.7875,45.7125,1,0,0,1,289,80,80,289.0,80.0,289.0,289,80,46.14525077097642,26962.891838518848
4254,0,1345,1,1,804232,804613,2642.267891,2644.268319,2.000427999999829,26.085216299298203,33.7875,45.7125,1,0,0,1,381,80,80,381.0,80.0,381.0,381,80,52.18159707116138,30825.903256705704
4254,0,1346,1,1,804613,804971,2644.268319,2646.27045,2.0021310000001904,27.471402291034483,33.7875,45.7125,1,0,0,1,358,80,80,358.0,80.0,358.0,358,80,55.00134614035778,32491.380434144325
4254,0,1347,1,1,804971,805440,2646.27045,2648.275189,2.0047389999999723,30.25329735963002,33.7875,45.7125,1,0,0,1,469,80,80,469.0,81.0,469.0,469,81,60.64996509545017,35789.19749653246
4254,0,1348,1,1,805440,805927,2648.275189,2650.277465,2.0022760000001654,32.28269469751618,33.7875,45.7125,1,0,0,1,487,80,80,487.0,80.0,487.0,487,80,64.63886480816291,37400.43830121013
4254,0,1349,1,1,805927,806000,2650.277465,2650.562271,0.28480599999966216,33.04332270760905,33.7875,45.7125,1,0,0,1,73,12,12,73.0,11.0,73.0,73,11,9.410936567059252,38359.44467466612
4254,0,1350,1,1,806000,806562,2650.562271,2652.566349,2.0040780000003906,33.95533002122777,33.7875,45.7125,1,1,0,1,562,80,80,564.0,80.0,562.0,562,80,68.04912987830176,39847.75043685148
4254,0,1351,1,1,806562,807155,2652.566349,2654.567401,2.0010519999996177,35.45045458366326,33.7875,45.7125,1,1,1,1,593,80,80,593.0,80.0,593.0,593,80,70.93820304553083,40807.03549933515
4254,0,1352,1,1,807155,807794,2654.567401,2656.568767,2.0013660000004165,38.594121202706646,33.7875,45.7125,1,1,1,1,639,80,80,639.0,80.0,639.0,639,80,77.24096197499603,44119.86613142305
4254,0,1353,1,1,807794,808541,2656.568767,2658.572723,2.0039560000000165,39.88418478760597,33.7875,45.7125,1,1,1,1,747,80,80,747.0,80.0,747.0,747,80,79.92615141022543,47526.991610593854
4254,0,1354,1,1,808541,809259,2658.572723,2660.57285,2.000126999999793,39.34105886855521,33.7875,45.7125,1,1,1,1,718,80,80,718.0,80.0,718.0,718,80,78.68711405157228,45628.102615488635
4254,0,1355,1,1,809259,809936,2660.57285,2662.577399,2.00454899999977,39.051084820604906,33.7875,45.7125,1,1,1,1,677,80,80,677.0,80.0,677.0,677,80,78.27981302604894,45643.184576685584
4254,0,1356,1,1,809936,810605,2662.577399,2664.579479,2.0020800000002055,39.57511910442786,33.7875,45.7125,1,1,1,1,669,80,80,669.0,80.0,669.0,669,80,79.23255445659743,44983.21745384338
4254,0,1357,1,1,810605,811337,2664.579479,2666.584011,2.0045319999999265,39.55475437766013,33.7875,45.7125,1,1,1,1,732,80,80,732.0,80.0,732.0,732,80,79.28877090215974,45747.33653541244
4254,0,1358,1,1,811337,812029,2666.584011,2668.584171,2.000160000000051,39.41136695309977,33.7875,45.7125,1,1,1,1,692,80,80,692.0,80.0,692.0,692,80,78.82903972490749,45233.38132949249
4254,0,1359,1,1,812029,812634,2668.584171,2670.589245,2.0050740000001497,39.292122236097704,33.7875,45.7125,1,1,1,1,605,80,80,605.0,80.0,605.0,605,80,78.7836127004266,45417.2763698463
4254,0,1360,1,1,812634,813283,2670.589245,2672.592205,2.0029599999998027,38.98218567332443,33.7875,45.7125,1,1,1,1,649,80,80,649.0,80.0,649.0,649,80,78.07975861623709,45096.75679994054
4254,0,1361,1,1,813283,813993,2672.592205,2674.599832,2.0076269999999568,39.24359380235244,33.7875,45.7125,1,1,1,1,710,80,80,710.0,80.0,710.0,710,80,78.78649849463545,45293.77219971736
4254,0,1362,1,1,813993,814675,2674.599832,2676.60138,2.0015480000001844,39.87816039387962,33.7875,45.7125,1,1,1,1,682,80,80,682.0,80.0,682.0,682,80,79.8180521800532,46155.77542981307
4254,0,1363,1,1,814675,815313,2676.60138,2678.602128,2.0007479999999305,39.39942401794028,33.7875,45.7125,1,1,1,1,638,80,80,638.0,80.0,638.0,638,80,78.82831880504091,45022.161711521454
4254,0,1364,1,1,815313,815960,2678.602128,2680.605757,2.003628999999819,39.70053156985062,33.7875,45.7125,1,1,1,1,647,80,80,647.0,80.0,647.0,647,80,79.54513636876072,46185.19696012005
4254,0,1365,1,1,815960,816626,2680.605757,2682.612095,2.0063380000001416,39.80075769572305,33.7875,45.7125,1,1,1,1,666,80,80,667.0,80.0,666.0,666,80,79.85377259372035,46322.703353070836
4254,0,1366,1,1,816626,817360,2682.612095,2684.613319,2.001224000000093,39.518653540788534,33.7875,45.7125,1,1,1,1,734,80,80,734.0,80.0,734.0,734,80,79.08567791352107,46274.67989590156
4254,0,1367,1,1,817360,818121,2684.613319,2686.616432,2.0031129999997574,40.012313145056154,33.7875,45.7125,1,1,1,1,761,80,80,761.0,80.0,761.0,761,80,80.14918462092464,46433.72590563351
4254,0,1368,1,1,818121,818841,2686.616432,2688.617236,2.000804000000244,39.80157185084531,33.7875,45.7125,1,1,1,1,720,80,80,720.0,80.0,720.0,720,80,79.63514416546968,45945.03009789505
4254,0,1369,1,1,818841,819000,2688.617236,2688.990297,0.3730609999997796,40.120494524384014,33.7875,45.7125,1,1,1,1,159,15,15,158.0,15.0,159.0,159,15,14.967391807746026,47375.630258886464
4254,0,1370,1,1,819000,819698,2688.990297,2690.990716,2.0004189999999653,39.62261343890495,33.7875,45.7125,1,1,1,1,698,80,80,699.0,80.0,698.0,698,80,79.26182875284576,45891.88564995713
4254,0,1371,1,1,819698,820354,2690.990716,2692.990843,2.000127000000248,39.76215331275229,33.7875,45.7125,1,1,1,1,656,80,80,656.0,80.0,656.0,656,80,79.52935641899239,45490.111377921865
4254,0,1372,1,1,820354,821049,2692.990843,2694.992718,2.0018749999999272,39.576341387775756,33.7875,45.7125,1,1,1,1,695,80,80,695.0,80.0,695.0,695,80,79.22688841565105,46375.02341554961
4254,0,1373,1,1,821049,821769,2694.992718,2696.996221,2.0035029999999097,39.7638142408365,33.7875,45.7125,1,1,1,1,720,80,80,721.0,80.0,720.0,720,80,79.66692112296005,46996.186179908014
4254,0,1374,1,1,821769,822448,2696.996221,2698.999325,2.0031040000003486,39.79942272324765,33.7875,45.7125,1,1,1,1,679,80,80,679.0,80.0,679.0,679,80,79.72238285464118,46341.078645933434
4254,0,1375,1,1,822448,823192,2698.999325,2701.000024,2.000698999999713,39.75453787513897,33.7875,45.7125,1,1,1,1,744,80,80,744.0,80.0,744.0,744,80,79.53686417224526,45918.45150120692
4254,0,1376,1,1,823192,823912,2701.000024,2703.000906,2.0008820000002743,39.96125704802045,33.7875,45.7125,1,1,1,1,720,80,80,721.0,80.0,720.0,720,80,79.95775992477138,45848.28090811324
4254,0,1377,1,1,823912,824634,2703.000906,2705.001356,2.0004500000000007,39.97625216779073,33.7875,45.7125,1,1,1,1,722,80,80,722.0,80.0,722.0,722,80,79.97049364905979,46531.030518133404
4254,0,1378,1,1,824634,825287,2705.001356,2707.002655,2.0012989999995625,39.903768282492535,33.7875,45.7125,1,1,1,1,653,80,80,653.0,80.0,653.0,653,80,79.8593715599709,45659.843931376556
4254,0,1379,1,1,825287,825994,2707.002655,2709.002718,2.0000630000004094,40.00109048439745,33.7875,45.7125,1,1,1,1,707,80,80,707.0,80.0,707.0,707,80,80.00470103751286,45259.074339149054
4254,0,1380,1,1,825994,826657,2709.002718,2711.007278,2.004559999999856,39.66632777486434,33.7875,45.7125,1,1,1,1,663,80,80,663.0,80.0,663.0,663,80,79.51353400437802,46139.80125314616
4254,0,1381,1,1,826657,827411,2711.007278,2713.008295,2.001017000000047,40.16504394339392,33.7875,45.7125,1,1,1,1,754,80,80,754.0,80.0,754.0,754,80,80.37093573648599,46876.16347087396
4254,0,1382,1,1,827411,828154,2713.008295,2715.016211,2.007916000000023,40.49163353740317,33.7875,45.7125,1,1,1,1,743,80,80,743.0,80.0,743.0,743,80,81.30379884589638,46006.406642508424
4254,0,1383,1,1,828154,828837,2715.016211,2717.01865,2.0024389999998675,39.38868974632158,33.7875,45.7125,1,1,1,1,683,80,80,683.0,80.0,683.0,683,80,78.87344850692898,45252.81419309452
4254,0,1384,1,1,828837,829519,2717.01865,2719.020077,2.001427000000149,39.806266575830726,33.7875,45.7125,1,1,1,1,682,80,80,683.0,80.0,682.0,682,80,79.66933669407445,45878.2658573074
4254,0,1385,1,1,829519,830234,2719.020077,2721.028767,2.0086899999996604,39.05532186677887,33.7875,45.7125,1,1,1,1,715,80,80,715.0,80.0,715.0,715,80,78.45003448057105,45779.08985458958
4254,0,1386,1,1,830234,830882,2721.028767,2723.031409,2.002642000000378,38.785736982878355,33.7875,45.7125,1,1,1,1,648,80,80,648.0,80.0,648.0,648,80,77.67394588288153,43946.94608421444
4254,0,1387,1,1,830882,831573,2723.031409,2725.034256,2.002846999999747,38.867628876896525,33.7875,45.7125,1,1,1,1,691,80,80,691.0,80.0,691.0,691,80,77.84591389319394,44727.82993409448
4254,0,1388,1,1,831573,832000,2725.034256,2726.338951,1.3046950000002653,39.17004620773531,33.7875,45.7125,1,1,1,1,427,52,52,427.0,53.0,427.0,427,53,51.104963437013794,45671.97697545241
4254,0,1389,1,1,832000,832664,2726.338951,2728.341221,2.002269999999953,38.97296764743952,33.7875,45.7125,1,1,1,1,664,80,80,664.0,80.0,664.0,664,80,78.03440393143683,45432.434187198596
4254,0,1390,1,1,832664,833375,2728.341221,2730.343497,2.0022759999997106,39.09067088426883,33.7875,45.7125,1,1,1,1,711,80,80,711.0,80.0,711.0,711,80,78.27031213545706,45536.17982736305
4254,0,1391,1,1,833375,834035,2730.343497,2732.344877,2.001380000000154,39.115166303716755,33.7875,45.7125,1,1,1,1,660,80,80,660.0,79.0,660.0,660,79,78.28431153693236,44354.89512236216
4254,0,1392,1,1,834035,834712,2732.344877,2734.346369,2.001491999999871,39.195504541860615,33.7875,45.7125,1,1,1,1,677,80,80,677.0,80.0,677.0,677,80,78.44948877648858,44995.93303395957
4254,0,1393,1,1,834712,835378,2734.346369,2736.34802,2.001651000000038,39.13847561002536,33.7875,45.7125,1,1,1,1,666,80,80,667.0,80.0,667.0,666,80,78.34156884328695,45040.319216485936
4254,0,1394,1,1,835378,836112,2736.34802,2738.352603,2.0045829999999114,39.20849842404995,33.7875,45.7125,1,1,1,1,734,80,80,733.0,81.0,733.0,734,81,78.59668939637777,46186.164404269664
4254,0,1395,1,1,836112,836808,2738.352603,2740.354555,2.001952000000074,39.346280208695546,33.7875,45.7125,1,1,1,1,696,80,80,696.0,79.0,696.0,696,79,78.76936435635434,46217.89133805235
4254,0,1396,1,1,836808,837461,2740.354555,2742.357157,2.0026020000000244,38.70705511899733,33.7875,45.7125,1,1,1,1,653,80,80,653.0,81.0,653.0,653,81,77.51482599541487,44570.01441125042
4254,0,1397,1,1,837461,838132,2742.357157,2744.35877,2.0016129999999066,38.73238462559099,33.7875,45.7125,1,1,1,1,671,80,80,671.0,79.0,671.0,671,79,77.52724458757439,44470.134836256635
4254,0,1398,1,1,838132,838752,2744.35877,2746.36171,2.002940000000308,38.82457873202759,33.7875,45.7125,1,1,1,1,620,80,80,620.0,81.0,620.0,620,81,77.76330172554299,44226.487064009096
4254,0,1399,1,1,838752,839460,2746.36171,2748.363986,2.0022759999997106,38.892969433175764,33.7875,45.7125,1,1,1,1,708,80,80,708.0,80.0,708.0,708,80,77.87445926477085,46095.04384011662
4254,0,1400,1,1,839460,840133,2748.363986,2750.366261,2.0022750000002816,39.304680512501086,33.7875,45.7125,1,1,1,1,673,80,80,673.0,80.0,673.0,673,80,78.69877917318081,44643.717771029165
4254,0,1401,1,1,840133,840775,2750.366261,2752.367108,2.000846999999794,38.516696287545464,33.7875,45.7125,1,1,1,1,642,80,80,642.0,79.0,642.0,642,79,77.06601621683512,44323.22911247543
4254,0,1402,1,1,840775,841433,2752.367108,2754.370816,2.003708000000188,38.96687279888381,33.7875,45.7125,1,1,1,1,658,79,79,660.0,81.0,658.0,658,80,78.07823476211342,45382.36110251168
4254,0,1403,1,1,841433,842086,2754.370816,2756.37242,2.001604000000043,39.49416447117382,33.7875,45.7125,1,1,1,1,653,80,80,653.0,79.0,653.0,653,79,79.05167758215975,45261.20051718425
4254,0,1404,1,1,842086,842774,2756.37242,2758.375368,2.002947999999833,39.12418056564359,33.7875,45.7125,1,1,1,1,688,80,80,688.0,81.0,688.0,688,81,78.36369921559526,45812.971679747876
4254,0,1405,1,1,842774,843456,2758.375368,2760.375603,2.000234999999975,39.367023440339665,33.7875,45.7125,1,1,1,1,682,80,80,682.0,79.0,682.0,682,79,78.74329813118675,45836.61419783233
4254,0,1406,1,1,843456,844125,2760.375603,2762.376488,2.0008849999999256,40.01837749445805,33.7875,45.7125,1,1,1,1,669,80,80,669.0,80.0,669.0,669,80,80.07217125299212,46934.23160251763
4254,0,1407,1,1,844125,844833,2762.376488,2764.377442,2.0009540000000925,39.64206574797389,33.7875,45.7125,1,1,1,1,708,80,80,708.0,80.0,708.0,708,80,79.3219500266714,47017.57261785911
4254,0,1408,1,1,844833,845000,2764.377442,2764.856474,0.4790320000001884,39.98915349523871,33.7875,45.7125,1,1,1,1,167,19,19,167.0,19.0,167.0,167,19,19.156084177142475,48042.71948427443
4254,0,1409,1,1,845000,845740,2764.856474,2766.856577,2.0001029999998536,40.18075810666326,33.7875,45.7125,1,1,1,1,740,79,79,741.0,80.0,740.0,740,79,80.36565483140294,47472.55516341256
4254,0,1410,1,1,845740,846435,2766.856577,2768.862294,2.005717000000004,40.08020584688305,33.7875,45.7125,1,1,1,1,695,80,80,695.0,81.0,695.0,695,81,80.3895502305968,46884.97928670885
4254,0,1411,1,1,846435,847153,2768.862294,2770.863166,2.000872000000072,40.554924263710404,33.7875,45.7125,1,1,1,1,718,80,80,718.0,79.0,718.0,718,79,81.1452124213829,47935.60007836411
4254,0,1412,1,1,847153,847866,2770.863166,2772.864472,2.0013060000001133,39.60690743727909,33.7875,45.7125,1,1,1,1,713,80,80,713.0,80.0,713.0,713,80,79.26554149568256,46757.46737380226
4254,0,1413,1,1,847866,848570,2772.864472,2774.867324,2.0028519999996206,40.24027522041398,33.7875,45.7125,1,1,1,1,704,80,80,704.0,80.0,704.0,704,80,80.59531570573745,46313.95629832737
4254,0,1414,1,1,848570,849242,2774.867324,2776.871398,2.0040740000004007,39.565362015168546,33.7875,45.7125,1,1,1,1,672,80,80,672.0,81.0,672.0,672,81,79.29191331520269,45901.997630816826
4254,0,1415,1,1,849242,849914,2776.871398,2778.873676,2.002277999999933,39.64803611672787,33.7875,45.7125,1,1,1,1,672,80,80,672.0,80.0,672.0,672,80,79.38639045972377,45814.81692352564
4254,0,1416,1,1,849914,850631,2778.873676,2780.875463,2.0017869999996947,39.44174568639754,33.7875,45.7125,1,1,1,1,717,80,80,717.0,79.0,717.0,717,79,78.95397377232439,46303.627708649394
4254,0,1417,1,1,850631,851385,2780.875463,2782.878227,2.0027640000002975,39.708906962656755,33.7875,45.7125,1,1,1,1,754,80,80,754.0,81.0,754.0,754,81,79.52756934416539,45717.817975550985
4254,0,1418,1,1,851385,852066,2782.878227,2784.878231,2.00000399999999,39.48027986803273,33.7875,45.7125,1,1,1,1,681,80,80,681.0,79.0,681.0,681,79,78.96071765718807,45500.40899918223
4254,0,1419,1,1,852066,852798,2784.878231,2786.88218,2.0039489999999205,39.66572827475907,33.7875,45.7125,1,1,1,1,732,80,80,732.0,80.0,732.0,732,80,79.48809651046759,46490.20509005154
4254,0,1420,1,1,852798,853545,2786.88218,2788.885057,2.0028769999998985,39.489994247788374,33.7875,45.7125,1,1,1,1,747,80,80,747.0,81.0,747.0,747,81,79.0936012090242,46943.97109757851
4254,0,1421,1,1,853545,854215,2788.885057,2790.885738,2.000680999999986,39.632657646446575,33.7875,45.7125,1,1,1,1,670,80,80,670.0,79.0,670.0,670,79,79.29230513275252,45191.11242621919
4254,0,1422,1,1,854215,854860,2790.885738,2792.88961,2.0038720000002286,39.609838256538154,33.7875,45.7125,1,1,1,1,645,80,80,645.0,81.0,645.0,645,81,79.37304580681666,46001.44120981255
4254,0,1423,1,1,854860,855536,2792.88961,2794.891886,2.0022759999997106,39.32672610463159,33.7875,45.7125,1,1,1,1,676,80,80,676.0,80.0,676.0,676,80,78.74295983786578,45346.895233231146
4254,0,1424,1,1,855536,856219,2794.891886,2796.894163,2.002277000000049,39.74995086011536,33.7875,45.7125,1,1,1,1,683,80,80,683.0,80.0,683.0,683,80,79.59041235834593,46256.836591539395
4254,0,1425,1,1,856219,856958,2796.894163,2798.89567,2.001506999999947,39.81920803111555,33.7875,45.7125,1,1,1,1,739,80,80,739.0,79.0,739.0,739,79,79.69842360873008,46935.63399978241
4254,0,1426,1,1,856958,857648,2798.89567,2800.898716,2.0030460000002677,39.47549420181897,33.7875,45.7125,1,1,1,1,690,80,80,690.0,81.0,690.0,690,81,79.07123075898562,45154.23010754017
4254,0,1427,1,1,857648,858000,2800.898716,2801.912731,1.0140149999997448,39.0950724096212,33.7875,45.7125,1,1,1,1,352,41,41,352.0,40.0,352.0,352,40,39.64298984943889,45764.60900480928
4254,0,1428,1,1,858000,858707,2801.912731,2803.91296,2.0002290000002176,39.28926094672165,33.7875,45.7125,1,1,1,1,707,80,80,708.0,80.0,707.0,707,80,78.58751913420565,46362.69147182143
4254,0,1429,1,1,858707,859419,2803.91296,2805.913121,2.0001609999999346,39.778463775055336,33.7875,45.7125,1,1,1,1,712,80,80,712.0,80.0,712.0,712,80,79.56333188277495,45020.37585974477
4254,0,1430,1,1,859419,860099,2805.913121,2807.914769,2.001647999999932,39.36487659957638,33.7875,45.7125,1,1,1,1,680,80,80,680.0,80.0,680.0,680,80,78.79462651578069,45322.65413299595
4254,0,1431,1,1,860099,860790,2807.914769,2809.918311,2.003541999999925,39.396078962622774,33.7875,45.7125,1,1,1,1,691,80,80,691.0,80.0,691.0,691,80,78.93169883692462,45746.482978646534
4254,0,1432,1,1,860790,861453,2809.918311,2811.918667,2.0003560000000107,39.16770016583376,33.7875,45.7125,1,1,1,1,663,80,80,663.0,80.0,663.0,663,80,78.349344032933,46727.68247251964
4254,0,1433,1,1,861453,862132,2811.918667,2813.919141,2.00047399999994,39.040027063758984,33.7875,45.7125,1,1,1,1,679,80,80,679.0,80.0,679.0,679,80,78.09855910034094,46006.096555117816
4254,0,1434,1,1,862132,862810,2813.919141,2815.930804,2.011663000000226,39.591175133217966,33.7875,45.7125,1,1,1,1,678,80,80,678.0,80.0,678.0,678,80,79.6441021420178,45192.95726967677
4254,0,1435,1,1,862810,863479,2815.930804,2817.931942,2.0011380000000827,39.40917421998391,33.7875,45.7125,1,1,1,1,669,80,80,669.0,80.0,669.0,669,80,78.86319608023041,44322.78033798585
4254,0,1436,1,1,863479,864147,2817.931942,2819.932254,2.000311999999667,39.154440712506975,33.7875,45.7125,1,1,1,1,668,80,80,668.0,80.0,668.0,668,80,78.32109761050378,45480.40505681871
4254,0,1437,1,1,864147,864849,2819.932254,2821.938598,2.006344000000354,39.25937395560481,33.7875,45.7125,1,1,1,1,702,80,80,702.0,80.0,702.0,702,80,78.76780937959848,45845.57782712425
4254,0,1438,1,1,864849,865537,2821.938598,2823.938948,2.0003499999997985,38.94669290694671,33.7875,45.7125,1,1,1,1,688,80,80,688.0,80.0,688.0,688,80,77.90701715640898,44791.161546733834
4254,0,1439,1,1,865537,866218,2823.938948,2825.942046,2.0030980000001364,39.22145380498163,33.7875,45.7125,1,1,1,1,681,80,80,681.0,80.0,681.0,681,80,78.56441567385627,44882.97626975509
4254,0,1440,1,1,866218,866902,2825.942046,2827.943014,2.0009679999998298,39.148957507987184,33.7875,45.7125,1,1,1,1,684,80,80,684.0,80.0,684.0,684,80,78.33581120683812,44864.785443848996
4254,0,1441,1,1,866902,867577,2827.943014,2829.943848,2.0008339999999407,39.72999577432033,33.7875,45.7125,1,1,1,1,675,80,80,675.0,80.0,675.0,675,80,79.49312636510876,45949.33912558599
4254,0,1442,1,1,867577,868299,2829.943848,2831.944265,2.0004170000001977,39.15979219400412,33.7875,45.7125,1,1,1,1,722,80,80,722.0,80.0,722.0,722,80,78.3359140213579,45378.53857470269
4254,0,1443,1,1,868299,869015,2831.944265,2833.948821,2.004555999999866,39.173988625051564,33.7875,45.7125,1,1,1,1,716,80,80,716.0,80.0,716.0,716,80,78.52645394227875,45230.46500073137
4254,0,1444,1,1,869015,869691,2833.948821,2835.952942,2.004120999999941,39.719376237091254,33.7875,45.7125,1,1,1,1,676,80,80,676.0,80.0,676.0,676,80,79.6024360236479,45711.81081381947
4254,0,1445,1,1,869691,870419,2835.952942,2837.956066,2.003124000000298,39.328053015382324,33.7875,45.7125,1,1,1,1,728,80,80,728.0,80.0,728.0,728,80,78.77896686839813,46237.27737273689
4254,0,1446,1,1,870419,871000,2837.956066,2839.605145,1.6490789999998015,38.768575116418944,33.7875,45.7125,1,1,1,1,581,66,66,581.0,66.0,581.0,581,66,63.93244308439898,44849.88287402174
4254,0,1447,1,1,871000,871635,2839.605145,2841.612388,2.0072430000000168,39.13441932254458,33.7875,45.7125,1,1,1,1,635,80,80,635.0,80.0,635.0,635,80,78.55228924423864,45013.483668892724
4254,0,1448,1,1,871635,872359,2841.612388,2843.619742,2.00735399999985,39.68608032651026,33.7875,45.7125,1,1,1,1,724,80,80,724.0,80.0,724.0,724,80,79.66401208774187,46458.17329679118
4254,0,1449,1,1,872359,873096,2843.619742,2845.624567,2.0048249999999825,39.53122637198905,33.7875,45.7125,1,1,1,1,737,80,80,737.0,81.0,737.0,737,81,79.25319091122947,46434.47682466091
4254,0,1450,1,1,873096,873803,2845.624567,2847.625872,2.0013050000002295,40.03277201497401,33.7875,45.7125,1,1,1,1,707,80,80,707.0,79.0,707.0,707,79,80.11778679743293,45966.00718030957
4254,0,1451,1,1,873803,874500,2847.625872,2849.629125,2.0032529999998587,39.81645049840937,33.7875,45.7125,1,1,1,1,697,80,80,697.0,81.0,697.0,697,81,79.76242391028791,46127.47366408862
4254,0,1452,1,1,874500,875185,2849.629125,2851.631397,2.0022720000001755,40.02888262374252,33.7875,45.7125,1,1,1,1,685,80,80,686.0,80.0,685.0,685,80,80.14871086881612,46289.415224301134
4254,0,1453,1,1,875185,875864,2851.631397,2853.633321,2.00192399999969,39.82261271784385,33.7875,45.7125,1,1,1,1,679,80,80,679.0,79.0,679.0,679,79,79.72184414255025,45659.075968924975
4254,0,1454,1,1,875864,876583,2853.633321,2855.635546,2.0022250000001804,40.03143105227971,33.7875,45.7125,1,1,1,1,719,80,80,720.0,80.0,719.0,719,80,80.15193203865783,46861.86617387734
4254,0,1455,1,1,876583,877229,2855.635546,2857.637873,2.0023270000001503,40.09252497160642,33.7875,45.7125,1,1,1,1,646,80,80,646.0,80.0,646.0,646,80,80.278345248822,44903.75448165722
4254,0,1456,1,1,877229,877893,2857.637873,2859.637862,1.999988999999914,39.58508693601672,33.7875,45.7125,1,1,1,1,664,80,80,664.0,80.0,664.0,664,80,79.16973843607411,44952.247237361735
4254,0,1457,1,1,877893,878622,2859.637862,2861.641502,2.003639999999905,40.14526914979708,33.7875,45.7125,1,1,1,1,729,80,80,729.0,80.0,729.0,729,80,80.43666707929515,46721.96602184247
4254,0,1458,1,1,878622,879385,2861.641502,2863.642114,2.000612000000274,39.70360173818781,33.7875,45.7125,1,1,1,1,763,80,80,763.0,80.0,763.0,763,80,79.43150208065344,45871.96317926086
4254,0,1459,1,1,879385,880085,2863.642114,2865.645564,2.0034499999997024,39.50517568042851,33.7875,45.7125,1,1,1,1,700,80,80,700.0,80.0,700.0,700,80,79.1466442169476,46619.5812223983
4254,0,1460,1,1,880085,880804,2865.645564,2867.649026,2.003462000000127,39.405133811421415,33.7875,45.7125,1,1,1,1,719,80,80,719.0,80.0,719.0,719,80,78.94668819609797,46698.664611554435
4254,0,1461,1,1,880804,881509,2867.649026,2869.649586,2.0005599999999504,39.328366500644314,33.7875,45.7125,1,1,1,1,705,80,80,705.0,80.0,705.0,705,80,78.67875688652566,45775.682808814665
4254,0,1462,1,1,881509,882216,2869.649586,2871.654164,2.0045780000000377,39.34125031327236,33.7875,45.7125,1,1,1,1,707,80,80,707.0,81.0,707.0,707,81,78.86260487047548,45164.61818896461
4254,0,1463,1,1,882216,882869,2871.654164,2873.655174,2.001009999999951,39.404080172086736,33.7875,45.7125,1,1,1,1,653,80,80,654.0,79.0,653.0,653,79,78.84795846515044,45490.52728372283
4254,0,1464,1,1,882869,883551,2873.655174,2875.658714,2.0035400000001573,39.95837184063856,33.7875,45.7125,1,1,1,1,682,80,80,682.0,81.0,682.0,682,81,80.05819631759368,45746.02952773232
4254,0,1465,1,1,883551,884000,2875.658714,2876.846395,1.187680999999884,39.781558274221474,33.7875,45.7125,1,1,1,1,449,48,48,449.0,47.0,449.0,449,47,47.24780091267894,46822.3369743268
4254,0,1466,1,1,884000,884732,2876.846395,2878.847044,2.0006490000000667,39.249959726037794,33.7875,45.7125,1,1,1,1,732,80,80,732.0,80.0,732.0,732,80,78.52539267594693,45819.63152956713
4254,0,1467,1,1,884732,885449,2878.847044,2880.847083,2.000039000000015,40.0566885059628,33.7875,45.7125,1,1,1,1,717,79,79,718.0,80.0,717.0,717,79,80.11493922278169,46538.59249744595
4254,0,1468,1,1,885449,886162,2880.847083,2882.847188,2.000105000000076,38.89366471462144,33.7875,45.7125,1,1,1,1,713,80,80,713.0,80.0,713.0,713,80,77.79141326404351,45544.6089080306
4254,0,1469,1,1,886162,886849,2882.847188,2884.849586,2.00239799999963,38.88717702155419,33.7875,45.7125,1,1,1,1,687,80,80,687.0,80.0,687.0,687,80,77.86760549359315,45225.77429662671
4254,0,1470,1,1,886849,887540,2884.849586,2886.850316,2.0007300000002033,38.752623161147035,33.7875,45.7125,1,1,1,1,691,80,80,691.0,80.0,691.0,691,80,77.5335357372096,45312.460951748006
4254,0,1471,1,1,887540,888183,2886.850316,2888.863383,2.0130669999998645,39.12921072783508,33.7875,45.7125,1,1,1,1,643,80,80,643.0,80.0,643.0,643,80,78.76972285224474,45309.96732846256
4254,0,1472,1,1,888183,888848,2888.863383,2890.863409,2.0000260000001617,38.95901462346009,33.7875,45.7125,1,1,1,1,665,80,80,665.0,80.0,665.0,665,80,77.91904218131094,45177.912687131415
4254,0,1473,1,1,888848,889518,2890.863409,2892.870364,2.0069549999998344,39.061506024234596,33.7875,45.7125,1,1,1,1,670,80,80,670.0,80.0,670.0,670,80,78.39468482286611,45235.69287802043
4254,0,1474,1,1,889518,890176,2892.870364,2894.872729,2.0023650000002817,38.7708331415188,33.7875,45.7125,1,1,1,1,658,80,80,658.0,80.0,658.0,658,80,77.63335930342146,45164.592868926135
4254,0,1475,1,1,890176,890819,2894.872729,2896.874213,2.0014839999998912,39.04817167060606,33.7875,45.7125,1,1,1,1,643,80,80,643.0,80.0,643.0,643,80,78.15429082796618,44692.83791427004
4254,0,1476,1,1,890819,891488,2896.874213,2898.874501,2.0002879999997276,38.92518197980206,33.7875,45.7125,1,1,1,1,669,80,80,669.0,80.0,669.0,669,80,77.86157441200339,45293.97766722209
4254,0,1477,1,1,891488,892182,2898.874501,2900.881392,2.006890999999996,38.851116728276644,33.7875,45.7125,1,1,1,1,694,80,80,694.0,80.0,694.0,694,80,77.96995650192548,45231.65433498889
4254,0,1478,1,1,892182,892850,2900.881392,2902.884162,2.002770000000055,38.723334630946354,33.7875,45.7125,1,1,1,1,668,80,80,668.0,80.0,668.0,668,80,77.5539328988234,46264.92308153081
4254,0,1479,1,1,892850,893531,2902.884162,2904.884357,2.000195000000076,39.862861240413814,33.7875,45.7125,1,1,1,1,681,80,80,682.0,80.0,682.0,681,80,79.73349573877931,46118.50344591227
4254,0,1480,1,1,893531,894276,2904.884357,2906.885933,2.0015760000001137,39.41709491240987,33.7875,45.7125,1,1,1,1,745,80,80,745.0,80.0,744.0,745,80,78.89631116640521,46980.47938224412
4254,0,1481,1,1,894276,894949,2906.885933,2908.891852,2.0059190000001763,40.14158885155606,33.7875,45.7125,1,1,1,1,673,80,80,673.0,80.0,673.0,673,80,80.520775767538,45686.291420536894
4254,0,1482,1,1,894949,895618,2908.891852,2910.893578,2.0017259999999624,40.26556206897139,33.7875,45.7125,1,1,1,1,669,80,80,669.0,80.0,669.0,669,80,80.60062249806651,45552.68803023077
4254,0,1483,1,1,895618,896342,2910.893578,2912.893992,2.000413999999637,39.76658135017786,33.7875,45.7125,1,1,1,1,724,80,80,724.0,80.0,724.0,724,80,79.54962606502522,46430.38890950416
4254,0,1484,1,1,896342,896983,2912.893992,2914.898325,2.0043330000003152,40.07562111771226,33.7875,45.7125,1,1,1,1,641,80,80,641.0,80.0,641.0,641,80,80.32488990173442,45510.40171467798
4254,0,1485,1,1,896983,897000,2914.898325,2914.931703,0.033378000000084285,40.31915814230482,33.7875,45.7125,1,1,1,1,17,2,2,17.0,2.0,17.0,17,2,1.3457728604844306,46617.53250632365
4254,0,1486,1,1,897000,897681,2914.931703,2916.936582,2.004878999999619,39.743151431574425,33.7875,45.7125,1,1,1,1,681,80,80,683.0,80.0,681.0,681,80,79.68020969897043,44956.32903532689
4254,0,1487,1,1,897681,898400,2916.936582,2918.938171,2.001588999999967,40.42286591127735,33.7875,45.7125,1,1,1,1,719,79,79,719.0,80.0,719.0,719,79,80.90996375647956,46738.865970986815
4254,0,1488,1,1,898400,899075,2918.938171,2920.945996,2.007825000000139,39.84169102992996,33.7875,45.7125,1,1,1,1,675,80,80,675.0,80.0,675.0,675,80,79.99514329218073,45293.29000286066
4254,0,1489,1,1,899075,899726,2920.945996,2922.946345,2.0003489999999147,39.75312569345794,33.7875,45.7125,1,1,1,1,651,80,80,651.0,80.0,651.0,651,80,79.52012522777659,45804.00720074542
4254,0,1490,1,1,899726,900473,2922.946345,2924.946758,2.000413000000208,40.08580165608121,33.7875,45.7125,1,1,1,1,747,80,80,747.0,80.0,747.0,747,80,80.1881587482494,46463.405306799315
4254,0,1491,1,1,900473,901270,2924.946758,2926.949755,2.0029970000000503,40.241277662000584,33.7875,45.7125,1,1,1,1,797,80,80,797.0,80.0,797.0,797,80,80.60315843315038,47192.28236487505
4254,0,1492,1,1,901270,901920,2926.949755,2928.949926,2.000170999999682,39.32957024188183,33.7875,45.7125,1,1,1,1,650,80,80,650.0,80.0,650.0,650,80,78.66586584025936,45570.603713389755
4254,0,1493,1,1,901920,902633,2928.949926,2930.960524,2.0105980000003,39.68024649852487,33.7875,45.7125,1,1,1,1,713,80,80,713.0,80.0,713.0,713,80,79.78102424945973,46019.144553006714
4254,0,1494,1,2,902633,903338,2930.960524,2932.961295,2.000770999999986,35.04044968104805,33.7875,45.7125,1,1,1,1,705,80,80,705.0,80.0,705.0,705,80,79.36224006133853,40611.66616929392
4254,0,1495,2,2,903338,904041,2932.961295,2934.966551,2.0052559999999175,39.597493782174105,33.7875,45.7125,1,1,1,1,703,80,80,703.0,80.0,703.0,703,80,79.40311199166172,45774.205388241586
4254,0,1496,2,2,904041,904775,2934.966551,2936.96657,2.0000190000000657,39.87640740633632,33.7875,45.7125,1,1,1,1,734,80,80,734.0,80.0,734.0,734,80,79.75357246441126,45732.065545375815
4254,0,1497,2,2,904775,905489,2936.96657,2938.974891,2.008320999999796,39.61938270585451,33.7875,45.7125,1,1,1,1,714,80,80,714.0,80.0,714.0,714,80,79.56843829520221,46347.6705168195
4254,0,1498,2,2,905489,906242,2938.974891,2940.982993,2.0081020000002354,39.62980557705669,33.7875,45.7125,1,1,1,1,753,80,80,753.0,81.0,753.0,753,81,79.58069183891348,46555.404058154934
4254,0,1499,2,2,906242,906994,2940.982993,2942.98395,2.000956999999744,40.10718986642177,33.7875,45.7125,1,1,1,1,752,80,80,752.0,79.0,752.0,752,79,80.25276231353928,46668.66904186944
4254,0,1500,2,2,906994,907702,2942.98395,2944.986992,2.0030420000002778,40.07183152147235,33.7875,45.7125,1,1,1,1,708,80,80,708.0,80.0,708.0,708,80,80.26556155444996,47198.211520271114
4254,0,1501,2,2,907702,908403,2944.986992,2946.989822,2.0028299999999035,39.898488120399385,33.7875,45.7125,1,1,1,1,701,80,80,701.0,81.0,701.0,701,81,79.90988896218187,47334.0223583652
4254,0,1502,2,2,908403,909095,2946.989822,2948.992099,2.002277000000049,40.10507432114947,33.7875,45.7125,1,1,1,1,692,80,80,692.0,80.0,692.0,692,80,80.30146789652645,45845.305120119614
4254,0,1503,2,2,909095,909794,2948.992099,2950.992502,2.0004030000000057,39.74835942064384,33.7875,45.7125,1,1,1,1,699,80,80,699.0,79.0,699.0,699,79,79.51273743013735,45926.24586145879
4254,0,1504,2,2,909794,910000,2950.992502,2951.645122,0.6526199999998425,40.66905200228412,33.7875,45.7125,1,1,1,1,206,26,26,206.0,27.0,206.0,206,27,26.541436717729084,46417.51708499174
4254,0,1505,2,2,910000,910680,2951.645122,2953.647392,2.002269999999953,39.38185023653554,33.7875,45.7125,1,1,1,1,680,80,80,681.0,80.0,680.0,680,80,78.8530972731096,45250.14108986407
4254,0,1506,2,2,910680,911439,2953.647392,2955.64874,2.0013480000002346,40.209768417686455,33.7875,45.7125,1,1,1,1,759,80,80,759.0,79.0,759.0,759,79,80.4737396032142,46266.31650267177
4254,0,1507,2,2,911439,912145,2955.64874,2957.648895,2.0001549999997223,39.40839135582313,33.7875,45.7125,1,1,1,1,706,80,80,706.0,80.0,706.0,706,80,78.8228910122998,45683.45953189262
4254,0,1508,2,2,912145,912832,2957.648895,2959.654207,2.005312000000231,39.57976562712043,33.7875,45.7125,1,1,1,1,687,80,80,688.0,81.0,688.0,687,80,79.36977896926692,45774.42313215571
4254,0,1509,2,2,912832,913525,2959.654207,2961.654899,2.000692000000072,39.241828839046896,33.7875,45.7125,1,1,1,1,693,80,80,696.0,79.0,692.0,693,80,78.51081302364764,45861.132048309635
4254,0,1510,2,2,913525,914208,2961.654899,2963.65552,2.0006209999996827,39.28482936167727,33.7875,45.7125,1,1,1,1,683,80,80,683.0,80.0,683.0,683,80,78.59405460237758,45987.22096789676
4254,0,1511,2,2,914208,914879,2963.65552,2965.661051,2.0055310000002464,39.0615164572476,33.7875,45.7125,1,1,1,1,671,80,80,671.0,81.0,671.0,671,81,78.3390821620269,44775.174255590646
4254,0,1512,2,2,914879,915590,2965.661051,2967.663006,2.00195500000018,39.03767662217678,33.7875,45.7125,1,1,1,1,711,80,80,711.0,79.0,711.0,711,79,78.15167190216016,45518.50566071256
4254,0,1513,2,2,915590,916229,2967.663006,2969.665603,2.002596999999696,38.89420650550411,33.7875,45.7125,1,1,1,1,639,80,80,639.0,81.0,639.0,639,81,77.88942126529582,44016.34477631465
4254,0,1514,2,2,916229,916859,2969.665603,2971.667879,2.0022760000001654,38.8121507036204,33.7875,45.7125,1,1,1,1,630,80,80,630.0,80.0,630.0,630,80,77.71263786224881,45482.24120949983
4254,0,1515,2,2,916859,917543,2971.667879,2973.670157,2.002277999999933,38.99820838471696,33.7875,45.7125,1,1,1,1,684,80,80,684.0,80.0,684.0,684,80,78.08525468813605,45856.26970880321
4254,0,1516,2,2,917543,918218,2973.670157,2975.670169,2.0000119999999697,39.58249784251485,33.7875,45.7125,1,1,1,1,675,80,80,675.0,79.0,675.0,675,79,79.16547067499778,45561.726629640914
4254,0,1517,2,2,918218,918341,2975.670169,2977.674709,2.0045399999999063,3.3305842574909827,33.7875,45.7125,1,0,0,1,123,80,80,123.0,81.0,123.0,123,81,6.676289367504069,3367.3561016494136
4254,0,1518,2,2,918341,918421,2977.674709,2979.676986,2.002277000000049,1.009540822362654,33.7875,45.7125,1,0,0,0,80,80,80,80.0,80.0,80.0,80,80,2.02138036917313,676.2301120174515
4254,0,1519,2,2,918421,918501,2979.676986,2981.679265,2.0022790000002715,1.0107889729236668,33.7875,45.7125,1,0,0,0,80,80,80,80.0,80.0,80.0,80,80,2.023881533910753,691.2123635116847
4254,0,1520,2,2,918501,918583,2981.679265,2983.681539,2.002273999999943,1.1942856257420489,33.7875,45.7125,1,0,0,0,82,80,80,82.0,80.0,82.0,82,80,2.391287056991132,976.8892768922013
4254,0,1521,2,2,918583,918666,2983.681539,2985.683815,2.0022759999997106,2.813053073205447,33.7875,45.7125,1,0,0,1,83,80,80,83.0,80.0,83.0,83,80,5.632508655209676,3609.8919429694233
4254,0,1522,2,2,918666,918754,2985.683815,2987.686092,2.002277000000049,2.8010824796839264,33.7875,45.7125,1,0,0,1,88,80,80,88.0,80.0,88.0,88,80,5.608543024180108,3654.8389658373044
4254,0,1523,2,2,918754,918843,2987.686092,2989.688369,2.002277000000049,3.48765103499211,33.7875,45.7125,1,0,0,1,89,80,80,89.0,80.0,89.0,89,80,6.983243451395538,4561.80638343235
4254,0,1524,2,2,918843,918929,2989.688369,2991.690643,2.002273999999943,4.1187504435987154,33.7875,45.7125,1,0,0,1,86,80,80,86.0,80.0,86.0,86,80,8.246866925706854,5140.655075179667
4254,0,1525,2,2,918929,919038,2991.690643,2993.692921,2.002277999999933,6.648995994458642,33.7875,45.7125,1,0,0,1,109,80,80,109.0,80.0,109.0,109,80,13.313138401790638,8275.07468992845
4254,0,1526,2,2,919038,919147,2993.692921,2995.695199,2.002277999999933,8.46150901425586,33.7875,45.7125,1,0,0,1,109,80,80,109.0,80.0,109.0,109,80,16.942293346044607,10228.849340601399
4254,0,1527,2,2,919147,919286,2995.695199,2997.697474,2.0022750000002816,10.706753220185133,33.7875,45.7125,1,0,0,1,139,80,80,139.0,80.0,139.0,139,80,21.437864303952665,12914.80940430079
4254,0,1528,2,2,919286,919461,2997.697474,2999.699751,2.002277000000049,14.255947753060788,33.7875,45.7125,1,0,0,1,175,80,80,175.0,80.0,175.0,175,80,28.54435629915679,16772.40461734274
4254,0,1529,2,2,919461,919654,2999.699751,3001.702027,2.0022759999997106,15.976254031979225,33.7875,45.7125,1,0,0,1,193,80,80,193.0,80.0,193.0,193,80,31.98887001813273,19020.354836199156
4254,0,1530,2,2,919654,919861,3001.702027,3003.704305,2.0022780000003877,18.04047041216832,33.7875,45.7125,1,0,0,1,207,80,80,207.0,80.0,207.0,207,80,36.122037015942624,21340.193519577064
4254,0,1531,2,2,919861,920091,3003.704305,3005.706581,2.0022759999997106,19.688555430695637,33.7875,45.7125,1,0,0,1,230,80,80,230.0,80.0,230.0,230,80,39.421922013541916,23384.388565815487
4254,0,1532,2,2,920091,920368,3005.706581,3007.708857,2.0022760000001654,21.242221348664902,33.7875,45.7125,1,0,0,1,277,80,80,277.0,80.0,277.0,277,80,42.53278999312897,25409.08446188028
4254,0,1533,2,2,920368,920697,3007.708857,3009.711132,2.002274999999827,23.9902782006245,33.7875,45.7125,1,0,0,1,329,80,80,329.0,80.0,329.0,329,80,48.0351342841459,28371.22772846133
4254,0,1534,2,2,920697,921030,3009.711132,3011.713409,2.002277000000049,26.21341888614859,33.7875,45.7125,1,0,0,1,333,80,80,333.0,80.0,333.0,333,80,52.48652572710125,30750.98999788665
4254,0,1535,2,2,921030,921396,3011.713409,3013.715685,2.0022760000001654,27.491543921962137,33.7875,45.7125,1,0,0,1,366,80,80,366.0,80.0,366.0,366,80,55.04565859789727,32047.030479311892
4254,0,1536,2,2,921396,921804,3013.715685,3015.717836,2.002150999999685,30.29928535414871,33.7875,45.7125,1,0,0,1,408,80,80,408.0,79.0,408.0,408,79,60.66374447107955,34792.0811167644
4254,0,1537,2,2,921804,922249,3015.717836,3017.72024,2.002404000000297,31.84426049990599,33.7875,45.7125,1,0,0,1,445,80,80,445.0,81.0,445.0,445,81,63.765074602066306,36556.05961633574
4254,0,1538,2,2,922249,922778,3017.72024,3019.722515,2.002274999999827,33.39273285115077,33.7875,45.7125,1,0,0,1,529,80,80,529.0,80.0,529.0,529,80,66.86143416953564,39259.841929808244
4254,0,1539,2,2,922778,923000,3019.722515,3020.435662,0.7131469999999354,36.36219579459591,33.7875,45.7125,1,1,0,1,222,29,29,222.0,28.0,222.0,222,28,25.93159084432409,41716.5044514002
4254,0,1540,2,2,923000,923605,3020.435662,3022.435998,2.000336000000061,36.31653182796595,33.7875,45.7125,1,1,1,1,605,80,80,605.0,80.0,605.0,605,80,72.64526601062971,42133.92150118651
4254,0,1541,2,2,923605,924309,3022.435998,3024.438335,2.0023369999998977,38.084356288540924,33.7875,45.7125,1,1,1,1,704,80,80,705.0,80.0,704.0,704,80,76.2577157177293,44213.836132481454
4254,0,1542,2,2,924309,924989,3024.438335,3026.439225,2.000890000000254,38.83499709201802,33.7875,45.7125,1,1,1,1,680,80,80,680.0,80.0,680.0,680,80,77.70455733145354,44858.53795060628
4254,0,1543,2,2,924989,925713,3026.439225,3028.43996,2.000735000000077,39.400668304047684,33.7875,45.7125,1,1,1,1,724,80,80,725.0,80.0,724.0,724,80,78.83029609930236,46830.28986847153
4254,0,1544,2,2,925713,926439,3028.43996,3030.449035,2.009074999999939,39.45656492620777,33.7875,45.7125,1,1,1,1,726,80,80,726.0,80.0,726.0,726,80,79.27119817912171,45774.79685925254
4254,0,1545,2,2,926439,927137,3030.449035,3032.452035,2.0029999999997017,39.75845739570874,33.7875,45.7125,1,1,1,1,698,80,80,698.0,80.0,698.0,698,80,79.63619016359735,46692.4613080449
4254,0,1546,2,2,927137,927813,3032.452035,3034.45217,2.0001350000002276,39.83128285162068,33.7875,45.7125,1,1,1,1,676,80,80,676.0,80.0,676.0,676,80,79.66794292643317,45387.93631429362
4254,0,1547,2,2,927813,928476,3034.45217,3036.453477,2.001306999999997,39.468080880635654,33.7875,45.7125,1,1,1,1,663,80,80,663.0,80.0,663.0,663,80,78.98774654298904,45709.62875760697
4254,0,1548,2,2,928476,929190,3036.453477,3038.455766,2.002289000000019,40.1857053590908,33.7875,45.7125,1,1,1,1,714,80,80,714.0,80.0,714.0,714,80,80.4633957977494,46260.055366632456
4254,0,1549,2,2,929190,929894,3038.455766,3040.457521,2.0017549999997755,40.267948580710005,33.7875,45.7125,1,1,1,1,704,80,80,704.0,80.0,704.0,704,80,80.60656741117418,46101.54589348364
4254,0,1550,2,2,929894,930646,3040.457521,3042.458253,2.000731999999971,40.19276814582764,33.7875,45.7125,1,1,1,1,752,80,80,752.0,80.0,752.0,752,80,80.41495739793754,48293.3246431813
4254,0,1551,2,2,930646,931363,3042.458253,3044.459748,2.001495000000432,39.68440016558271,33.7875,45.7125,1,1,1,1,717,80,80,717.0,80.0,717.0,717,80,79.42812850943301,46443.78327199416
4254,0,1552,2,2,931363,932071,3044.459748,3046.46238,2.0026319999997213,39.860684958273254,33.7875,45.7125,1,1,1,1,708,80,80,708.0,80.0,708.0,708,80,79.82628323935205,46058.38716250057
4254,0,1553,2,2,932071,932804,3046.46238,3048.462631,2.0002509999999347,40.29172684087213,33.7875,45.7125,1,1,1,1,733,80,80,733.0,80.0,733.0,733,80,80.59356690518325,47300.06384198937
4254,0,1554,2,2,932804,933505,3048.462631,3050.462777,2.0001460000003135,39.91061515351312,33.7875,45.7125,1,1,1,1,701,80,80,702.0,80.0,701.0,701,80,79.8270572568581,46444.609543496044
4254,0,1555,2,2,933505,934207,3050.462777,3052.464875,2.0020979999999327,39.934656332421206,33.7875,45.7125,1,1,1,1,702,80,80,702.0,80.0,702.0,702,80,79.95309557383007,45773.48361568868
4254,0,1556,2,2,934207,934914,3052.464875,3054.466213,2.0013380000000325,39.793762498364664,33.7875,45.7125,1,1,1,1,707,80,80,707.0,80.0,707.0,707,80,79.64076905095135,45554.02435770396
4254,0,1557,2,2,934914,935571,3054.466213,3056.476807,2.0105939999998554,39.90737080926964,33.7875,45.7125,1,1,1,1,657,80,80,657.0,80.0,657.0,657,80,80.23752030488686,47049.279964033914
4254,0,1558,2,2,935571,936000,3056.476807,3057.711703,1.2348959999999352,39.49069685952565,33.7875,45.7125,1,1,1,1,429,49,49,429.0,49.0,429.0,429,49,48.76690358904307,45369.00273383584
4254,0,1559,2,2,936000,936735,3057.711703,3059.713696,2.0019929999998567,39.65646363684377,33.7875,45.7125,1,1,1,1,735,80,80,736.0,80.0,735.0,735,80,79.39196260570316,45541.6177778876
4254,0,1560,2,2,936735,937421,3059.713696,3061.720266,2.0065700000000106,39.77104443070482,33.7875,45.7125,1,1,1,1,686,80,80,686.0,81.0,686.0,686,81,79.80338462331565,45428.26813916261
4254,0,1561,2,2,937421,938042,3061.720266,3063.720398,2.0001320000001215,39.409571665360545,33.7875,45.7125,1,1,1,1,621,80,80,621.0,79.0,621.0,621,79,78.82434539418318,45977.965454277226
4254,0,1562,2,2,938042,938738,3063.720398,3065.721833,2.0014350000001286,39.66960098569369,33.7875,45.7125,1,1,1,1,696,80,80,696.0,80.0,696.0,696,80,79.3961278488132,46387.71681318356
4254,0,1563,2,2,938738,939445,3065.721833,3067.724249,2.002415999999812,39.11625923041734,33.7875,45.7125,1,1,1,1,707,80,80,707.0,80.0,707.0,707,80,78.32702334312489,45392.166263158375
4254,0,1564,2,2,939445,940139,3067.724249,3069.72937,2.0051210000001447,39.35091529175004,33.7875,45.7125,1,1,1,1,694,80,80,694.0,81.0,694.0,694,81,78.90334662071837,46718.87631718646
4254,0,1565,2,2,940139,940825,3069.72937,3071.731647,2.002277000000049,38.76513896436367,33.7875,45.7125,1,1,1,1,686,80,80,686.0,80.0,686.0,686,80,77.61854615014454,45331.39021224225
4254,0,1566,2,2,940825,941493,3071.731647,3073.733925,2.002277999999933,38.842139403512455,33.7875,45.7125,1,1,1,1,668,80,80,668.0,80.0,668.0,668,80,77.77276120058377,45562.10476267684
4254,0,1567,2,2,941493,942126,3073.733925,3075.73483,2.000904999999875,38.731492666602136,33.7875,45.7125,1,1,1,1,633,80,80,633.0,79.0,633.0,633,79,77.49803733406588,45423.945664589606
4254,0,1568,2,2,942126,942804,3075.73483,3077.738478,2.0036480000003394,39.20579969106616,33.7875,45.7125,1,1,1,1,678,80,80,678.0,81.0,678.0,678,81,78.55462213941792,46204.223496334846
4254,0,1569,2,2,942804,943502,3077.738478,3079.738542,2.0000639999998384,39.408925310975484,33.7875,45.7125,1,1,1,1,698,80,80,698.0,79.0,698.0,698,79,78.82037279316864,46388.51556750559
4254,0,1570,2,2,943502,944165,3079.738542,3081.74303,2.0044880000000376,38.6793415918529,33.7875,45.7125,1,1,1,1,663,80,80,663.0,81.0,663.0,663,81,77.53227606877044,44996.527791634726
4254,0,1571,2,2,944165,944871,3081.74303,3083.743111,2.0000810000001366,39.00520099994349,33.7875,45.7125,1,1,1,1,706,80,80,706.0,79.0,706.0,706,79,78.01356142117584,45772.146228074635
4254,0,1572,2,2,944871,945565,3083.743111,3085.746403,2.003291999999874,38.65144973499527,33.7875,45.7125,1,1,1,1,694,80,80,694.0,80.0,694.0,694,80,77.43014004251745,45478.14297666328
4254,0,1573,2,2,945565,946243,3085.746403,3087.749859,2.0034559999999146,38.892383186820965,33.7875,45.7125,1,1,1,1,678,80,80,678.0,81.0,678.0,678,81,77.91917844992713,44723.71741630653
4254,0,1574,2,2,946243,946953,3087.749859,3089.752135,2.0022760000001654,39.03712132038142,33.7875,45.7125,1,1,1,1,710,80,80,710.0,80.0,710.0,710,80,78.16309112889576,45383.853175083
4254,0,1575,2,2,946953,947671,3089.752135,3091.754412,2.0022769999995944,39.20810656406807,33.7875,45.7125,1,1,1,1,718,80,80,718.0,80.0,718.0,718,80,78.50548998676823,46039.583933700815
4254,0,1576,2,2,947671,948352,3091.754412,3093.756689,2.002277000000049,39.88671294329204,33.7875,45.7125,1,1,1,1,681,80,80,681.0,80.0,681.0,681,80,79.86424793195329,46816.69918797334
4254,0,1577,2,2,948352,949000,3093.756689,3095.729195,1.9725060000000667,39.75847168979099,33.7875,45.7125,1,1,1,1,648,79,79,648.0,78.0,648.0,648,78,78.42382395894674,45037.12536235479
4254,0,1578,2,2,949000,949704,3095.729195,3097.73354,2.004345000000285,39.92550475302634,33.7875,45.7125,1,1,1,1,704,80,80,706.0,80.0,704.0,704,80,80.02448582422221,46950.500038659324
4254,0,1579,2,2,949704,950461,3097.73354,3099.734224,2.0006839999996373,39.25938030850925,33.7875,45.7125,1,1,1,1,757,80,80,757.0,80.0,757.0,757,80,78.5456140331371,46986.43064072939
4254,0,1580,2,2,950461,951212,3099.734224,3101.736219,2.001995000000079,39.702798709249805,33.7875,45.7125,1,1,1,1,751,80,80,751.0,80.0,751.0,751,80,79.48480450193165,47681.93726757371
4254,0,1581,2,2,951212,951948,3101.736219,3103.736902,2.0006830000002083,40.07026182391162,33.7875,45.7125,1,1,1,1,736,80,79,736.0,80.0,736.0,736,79,80.1678916366509,45877.33289081301
4254,0,1582,2,2,951948,952676,3103.736902,3105.740613,2.0037109999998393,40.287278034541046,33.7875,45.7125,1,1,1,1,728,80,80,728.0,80.0,728.0,728,80,80.72406215786759,46832.10303282635
4254,0,1583,2,2,952676,953355,3105.740613,3107.740669,2.0000559999998586,39.81346806045051,33.7875,45.7125,1,1,1,1,679,80,80,679.0,80.0,679.0,679,80,79.62916567511274,46306.70341230773
4254,0,1584,2,2,953355,954068,3107.740669,3109.749873,2.009204000000409,40.35336467934067,33.7875,45.7125,1,1,1,1,713,80,80,713.0,81.0,713.0,713,81,81.07814172720828,45551.87029290275
4254,0,1585,2,2,954068,954776,3109.749873,3111.751643,2.0017699999998513,39.92144013244625,33.7875,45.7125,1,1,1,1,708,80,80,708.0,79.0,708.0,708,79,79.91354121391487,46474.869740283306
4254,0,1586,2,2,954776,955458,3111.751643,3113.752854,2.0012109999997847,39.942899446172476,33.7875,45.7125,1,1,1,1,682,80,80,682.0,80.0,682.0,682,80,79.93416974355932,46908.59684461563
4254,0,1587,2,2,955458,956186,3113.752854,3115.756702,2.003848000000289,40.02464291899683,33.7875,45.7125,1,1,1,1,728,80,80,728.0,81.0,728.0,728,81,80.203300663954,47153.277094862664
4254,0,1588,2,2,956186,956884,3115.756702,3117.757935,2.0012329999999565,40.02899866119255,33.7875,45.7125,1,1,1,1,698,80,80,698.0,79.0,698.0,698,79,80.10735307773575,46988.53157028794
4254,0,1589,2,2,956884,957588,3117.757935,3119.761255,2.0033199999998033,40.30113728414519,33.7875,45.7125,1,1,1,1,704,80,80,704.0,81.0,704.0,704,81,80.73607434406586,46428.9279795585
4254,0,1590,2,2,957588,958327,3119.761255,3121.763531,2.0022760000001654,40.29290803170693,33.7875,45.7125,1,1,1,1,739,80,80,739.0,80.0,739.0,739,80,80.67752272210782,47142.352003416214
4254,0,1591,2,2,958327,959031,3121.763531,3123.765083,2.0015519999997196,39.72622434779641,33.7875,45.7125,1,1,1,1,704,80,80,704.0,79.0,704.0,704,79,79.51410379576555,46222.13162586481
4254,0,1592,2,2,959031,959724,3123.765083,3125.768084,2.00300100000004,39.880116061684845,33.7875,45.7125,1,1,1,1,693,80,80,693.0,81.0,693.0,693,81,79.87991235166555,46564.130522150575
4254,0,1593,2,2,959724,960393,3125.768084,3127.77036,2.0022760000001654,39.74263292145224,33.7875,45.7125,1,1,1,1,669,80,80,669.0,80.0,669.0,669,80,79.57572007544513,44995.79478553034
4254,0,1594,2,2,960393,961147,3127.77036,3129.772637,2.002277000000049,40.11288037612531,33.7875,45.7125,1,1,1,1,754,80,79,754.0,80.0,754.0,754,79,80.31709778086224,47574.33661775951
4254,0,1595,2,2,961147,961814,3129.772637,3131.773086,2.000449000000117,39.768337076105695,33.7875,45.7125,1,1,1,1,667,80,80,668.0,79.0,667.0,667,79,79.55453013555962,46066.65803526839
4254,0,1596,2,2,961814,962000,3131.773086,3132.253108,0.48002199999973527,40.055769017089894,33.7875,45.7125,1,1,1,1,186,20,20,186.0,20.0,186.0,186,20,19.22765035511111,48647.77031055426
4254,0,1597,2,2,962000,962719,3132.253108,3134.253507,2.000399000000016,39.68556682658357,33.7875,45.7125,1,1,1,1,719,80,80,720.0,80.0,719.0,719,80,79.38696819433244,45783.86611870895
4254,0,1598,2,2,962719,963408,3134.253507,3136.255008,2.0015010000001894,39.70666780960634,33.7875,45.7125,1,1,1,1,689,79,79,689.0,80.0,689.0,689,80,79.47293532760523,46081.41589736466
4254,0,1599,2,2,963408,964085,3136.255008,3138.256228,2.001220000000103,39.95334251649688,33.7875,45.7125,1,1,1,1,677,80,80,677.0,79.0,677.0,677,79,79.95542811087216,45217.417375398676
4254,0,1600,2,2,964085,964744,3138.256228,3140.259376,2.0031479999997828,40.165485848712876,33.7875,45.7125,1,1,1,1,659,80,80,659.0,80.0,659.0,659,80,80.45741264686512,46869.22783539219
4254,0,1601,2,2,964744,965455,3140.259376,3142.259758,2.0003820000001724,39.92608790786992,33.7875,45.7125,1,1,1,1,711,80,80,711.0,80.0,711.0,711,80,79.86742758132459,45934.22656272256
4254,0,1602,2,2,965455,966180,3142.259758,3144.264114,2.004355999999916,40.17113032098845,33.7875,45.7125,1,1,1,1,725,80,80,725.0,81.0,725.0,725,81,80.51724608565564,46303.650648888666
4254,0,1603,2,2,966180,966923,3144.264114,3146.266389,2.002274999999827,40.91793348560165,33.7875,45.7125,1,1,1,1,743,80,80,743.0,80.0,743.0,743,80,81.92895526987559,46491.61578704626
4254,0,1604,2,2,966923,967622,3146.266389,3148.268666,2.002277000000049,40.55324595749557,33.7875,45.7125,1,1,1,1,699,80,80,699.0,80.0,699.0,699,80,81.19883165604551,47296.15332943328
4254,0,1605,2,2,967622,968299,3148.268666,3150.269932,2.0012660000002143,40.352352562261736,33.7875,45.7125,1,1,1,1,677,80,80,677.0,79.0,677.0,677,79,80.75579120287148,45493.20280262107
4254,0,1606,2,2,968299,969029,3150.269932,3152.27047,2.0005379999997785,40.33399694976088,33.7875,45.7125,1,1,1,1,730,80,80,730.0,80.0,730.0,730,80,80.68969358986942,46147.586299290604
4254,0,1607,2,2,969029,969772,3152.27047,3154.272991,2.002520999999888,40.193716154175334,33.7875,45.7125,1,1,1,1,743,80,80,743.0,80.0,743.0,743,80,80.48876066677622,46883.90284047221
4254,0,1608,2,2,969772,970469,3154.272991,3156.277773,2.0047819999999774,40.6474609828931,33.7875,45.7125,1,1,1,1,697,80,80,697.0,81.0,697.0,697,81,81.48929812420101,46952.23720085329
4254,0,1609,2,2,970469,971183,3156.277773,3158.278233,2.000460000000203,40.166589856674435,33.7875,45.7125,1,1,1,1,714,80,80,714.0,79.0,714.0,714,79,80.35165634469013,46569.28906351067
4254,0,1610,2,2,971183,971917,3158.278233,3160.27911,2.000876999999946,40.003538619359524,33.7875,45.7125,1,1,1,1,734,80,80,735.0,80.0,734.0,734,80,80.04216034208366,46673.03387464723
4254,0,1611,2,2,971917,972625,3160.27911,3162.28247,2.003360000000157,39.96579375075111,33.7875,45.7125,1,1,1,1,708,80,80,708.0,80.0,708.0,708,80,80.06587256850617,46585.735963577536
4254,0,1612,2,2,972625,973341,3162.28247,3164.286331,2.003860999999688,39.94555367064357,33.7875,45.7125,1,1,1,1,716,80,80,716.0,80.0,716.0,716,80,80.04533712400007,46965.33342383262
4254,0,1613,2,2,973341,973960,3164.286331,3166.289157,2.0028260000003684,39.06058300389824,33.7875,45.7125,1,1,1,1,619,80,80,619.0,81.0,619.0,619,81,78.23155121537275,44994.9221749585
4254,0,1614,2,2,973960,974584,3166.289157,3168.28985,2.0006929999999556,39.190977710146356,33.7875,45.7125,1,1,1,1,624,80,80,624.0,79.0,624.0,624,79,78.40911476784095,45045.39177175209
4254,0,1615,2,2,974584,975000,3168.28985,3169.53588,1.2460299999997915,39.26932282203495,33.7875,45.7125,1,1,1,1,416,50,50,416.0,50.0,416.0,416,50,48.93075431593752,46055.07090520261
4254,0,1616,2,2,975000,975743,3169.53588,3171.543861,2.0079810000002,39.78163261101469,33.7875,45.7125,1,1,1,1,743,80,80,747.0,80.0,743.0,743,80,79.88076243190153,46394.86130595396
4254,0,1617,2,2,975743,976453,3171.543861,3173.546918,2.003056999999899,39.8608514643541,33.7875,45.7125,1,1,1,1,710,80,80,710.0,80.0,710.0,710,80,79.84355755163415,45722.61298605313
4254,0,1618,2,2,976453,977150,3173.546918,3175.549684,2.002766000000065,39.29831723324618,33.7875,45.7125,1,1,1,1,697,80,80,697.0,81.0,697.0,697,81,78.70533361195703,46164.15497366991
4254,0,1619,2,2,977150,977870,3175.549684,3177.549679,1.9999950000001263,39.4947840972266,33.7875,45.7125,1,1,1,1,720,80,80,720.0,79.0,720.0,720,79,78.98937072053377,46009.615024034654
4254,0,1620,2,2,977870,978547,3177.549679,3179.554237,2.0045579999996335,39.355104037068934,33.7875,45.7125,1,1,1,1,677,80,80,677.0,81.0,677.0,677,81,78.88958863832522,45416.4958060663
4254,0,1621,2,2,978547,979263,3179.554237,3181.554499,2.0002620000000206,39.341490102349596,33.7875,45.7125,1,1,1,1,716,80,80,716.0,79.0,716.0,716,79,78.69328767510888,45376.05573669802
4254,0,1622,2,2,979263,979917,3181.554499,3183.555374,2.0008750000001783,39.566653803034974,33.7875,45.7125,1,1,1,1,654,80,80,654.0,80.0,654.0,654,80,79.1679284281563,45230.2117823412
4254,0,1623,2,2,979917,980608,3183.555374,3185.56107,2.005696000000171,39.54546947760401,33.7875,45.7125,1,1,1,1,691,80,80,691.0,81.0,691.0,691,81,79.31618994935707,45700.34541625062
4254,0,1624,2,2,980608,981296,3185.56107,3187.563326,2.002255999999761,39.592317503872216,33.7875,45.7125,1,1,1,1,688,80,80,689.0,80.0,689.0,688,79,79.27395527601766,45979.63497175735
4254,0,1625,2,2,981296,981971,3187.563326,3189.563516,2.0001900000002024,39.45625735576605,33.7875,45.7125,1,1,1,1,675,80,80,674.0,79.0,674.0,675,80,78.9200114004343,45197.70621790473
4254,0,1626,2,2,981971,982651,3189.563516,3191.565304,2.001788000000033,39.50658421530511,33.7875,45.7125,1,1,1,1,680,80,80,680.0,80.0,680.0,680,80,79.08380620318349,46292.6144027232
4254,0,1627,2,2,982651,983302,3191.565304,3193.565275,1.9999709999997322,39.84787104562031,33.7875,45.7125,1,1,1,1,651,80,80,651.0,80.0,651.0,651,80,79.6945865029702,45333.15733078737
4254,0,1628,2,2,983302,983980,3193.565275,3195.565831,2.0005559999999605,39.325788410503804,33.7875,45.7125,1,1,1,1,678,80,80,678.0,80.0,678.0,678,80,78.67344195935584,44918.512653483216
4254,0,1629,2,2,983980,984660,3195.565831,3197.569456,2.0036250000002838,39.42014556649277,33.7875,45.7125,1,1,1,1,680,80,80,680.0,80.0,680.0,680,80,78.98318916067365,45457.60808533887
4254,0,1630,2,2,984660,985382,3197.569456,3199.577008,2.0075520000000324,39.18899682584265,33.7875,45.7125,1,1,1,1,722,80,80,722.0,81.0,722.0,722,81,78.67394895572215,45493.21761030276
4254,0,1631,2,2,985382,986036,3199.577008,3201.579285,2.0022769999995944,39.30068637608152,33.7875,45.7125,1,1,1,1,654,80,80,654.0,80.0,654.0,654,80,78.69086041502305,44989.27970506491
4254,0,1632,2,2,986036,986708,3201.579285,3203.581562,2.002277000000049,39.11547471167927,33.7875,45.7125,1,1,1,1,672,80,80,672.0,80.0,672.0,672,80,78.32001535927702,45253.978345652366
4254,0,1633,2,2,986708,987376,3203.581562,3205.581567,2.0000050000003284,38.83891557307046,33.7875,45.7125,1,1,1,1,668,80,80,668.0,79.0,668.0,668,79,77.67802534073417,45311.386721525756
4254,0,1634,2,2,987376,988000,3205.581567,3207.491928,1.9103609999997389,39.14238821412392,33.7875,45.7125,1,1,1,1,624,77,77,624.0,77.0,624.0,624,77,74.77609189110808,45562.06915866263
4254,0,1635,2,2,988000,988684,3207.491928,3209.493054,2.001126000000113,39.27616149804636,33.7875,45.7125,1,1,1,1,684,80,80,684.0,80.0,684.0,684,80,78.59654795394454,45648.30000709343
4254,0,1636,2,2,988684,989366,3209.493054,3211.500952,2.007897999999841,38.98398723607501,33.7875,45.7125,1,1,1,1,682,80,80,682.0,80.0,682.0,682,80,78.27587000333006,44538.61700146476
4254,0,1637,2,2,989366,990048,3211.500952,3213.502624,2.001672000000326,38.941190856216565,33.7875,45.7125,1,1,1,1,682,80,80,682.0,80.0,682.0,682,80,77.94749138355837,45086.307846632866
4254,0,1638,2,2,990048,990720,3213.502624,3215.506158,2.003533999999945,38.866744938822436,33.7875,45.7125,1,1,1,1,672,80,80,672.0,80.0,672.0,672,80,77.87084495426097,44802.33427533671
4254,0,1639,2,2,990720,991415,3215.506158,3217.514258,2.008100000000013,39.11333715001058,33.7875,45.7125,1,1,1,1,695,80,80,695.0,80.0,695.0,695,80,78.54349233093672,45584.38324784592
4254,0,1640,2,2,991415,992087,3217.514258,3219.515462,2.0012039999996887,39.06584435795139,33.7875,45.7125,1,1,1,1,672,80,80,672.0,80.0,672.0,672,80,78.17872399250336,44982.92028199724
4254,0,1641,2,2,992087,992799,3219.515462,3221.522697,2.007235000000037,38.94873020434004,33.7875,45.7125,1,1,1,1,712,80,80,712.0,80.0,712.0,712,80,78.17925447170273,45819.74706499155
4254,0,1642,2,2,992799,993466,3221.522697,3223.525769,2.0030719999999747,38.85163208359628,33.7875,45.7125,1,1,1,1,667,80,80,667.0,80.0,667.0,667,80,77.82261638095952,44300.454501885666
4254,0,1643,2,2,993466,994116,3223.525769,3225.528925,2.0031560000002173,38.79159523429055,33.7875,45.7125,1,1,1,1,650,80,80,650.0,80.0,650.0,650,80,77.70561674314376,45791.74063327572
4254,0,1644,2,2,994116,994810,3225.528925,3227.533793,2.0048679999999877,39.01797971387973,33.7875,45.7125,1,1,1,1,694,80,80,694.0,81.0,694.0,694,81,78.22589895300916,45073.29160822586
4254,0,1645,2,2,994810,995478,3227.533793,3229.536069,2.0022760000001654,38.904990763833595,33.7875,45.7125,1,1,1,1,668,80,80,668.0,80.0,668.0,668,80,77.89852928665641,45358.382161096924
4254,0,1646,2,2,995478,996206,3229.536069,3231.536126,2.0000569999997424,39.61172429202718,33.7875,45.7125,1,1,1,1,728,80,80,729.0,79.0,728.0,728,79,79.22570645232918,45743.69630466121
4254,0,1647,2,2,996206,996893,3231.536126,3233.538182,2.0020559999998113,39.364388102376125,33.7875,45.7125,1,1,1,1,687,80,80,687.0,80.0,687.0,687,80,78.80970938668179,45834.382255046134
4254,0,1648,2,2,996893,997523,3233.538182,3235.538955,2.0007730000002084,39.90400096248601,33.7875,45.7125,1,1,1,1,630,80,80,630.0,80.0,630.0,630,80,79.83884771772136,45797.79915062351
4254,0,1649,2,2,997523,998209,3235.538955,3237.542203,2.003247999999985,39.75865654695716,33.7875,45.7125,1,1,1,1,686,80,80,690.0,80.0,686.0,686,80,79.64644921038416,46503.47835115807
4254,0,1650,2,2,998209,998915,3237.542203,3239.542554,2.000351000000137,39.68292027232018,33.7875,45.7125,1,1,1,1,706,80,80,706.0,80.0,706.0,706,80,79.37976924965915,46171.3969198374
4254,0,1651,2,2,998915,999630,3239.542554,3241.545003,2.0024490000000696,39.99897913849824,33.7875,45.7125,1,1,1,1,715,80,80,715.0,80.0,715.0,715,80,80.09591577691026,46719.7916151656
4254,0,1652,2,2,999630,1000354,3241.545003,3243.546198,2.001194999999825,39.7512927624716,33.7875,45.7125,1,1,1,1,724,80,80,724.0,80.0,724.0,724,80,79.55008831978193,46930.4590507213
4254,0,1653,2,2,1000354,1001000,3243.546198,3245.389534,1.8433359999999084,39.87603915534414,33.7875,45.7125,1,1,1,1,646,74,74,646.0,74.0,646.0,646,74,73.50493851245847,47143.87393291528
4254,0,1654,2,2,1001000,1001747,3245.389534,3247.390095,2.000561000000289,39.79851827444918,33.7875,45.7125,1,1,1,1,747,80,80,747.0,80.0,747.0,747,80,79.61936351766053,45745.668340024014
4254,0,1655,2,2,1001747,1002405,3247.390095,3249.390587,2.0004919999996673,39.86869104057475,33.7875,45.7125,1,1,1,1,658,80,80,658.0,80.0,658.0,658,80,79.75699747713224,45808.73105216878
4254,0,1656,2,2,1002405,1003132,3249.390587,3251.392502,2.001915000000281,39.81217273222446,33.7875,45.7125,1,1,1,1,727,80,80,728.0,80.0,727.0,727,80,79.70058577523741,47044.45493439371
4254,0,1657,2,2,1003132,1003796,3251.392502,3253.39524,2.002737999999681,40.079653991204125,33.7875,45.7125,1,1,1,1,664,80,80,664.0,80.0,664.0,664,80,80.26904607501638,45863.21326105293
4254,0,1658,2,2,1003796,1004500,3253.39524,3255.401626,2.0063860000000204,40.26923962879535,33.7875,45.7125,1,1,1,1,704,80,80,704.0,80.0,704.0,704,80,80.7956386218575,46798.57215909553
4254,0,1659,2,2,1004500,1005186,3255.401626,3257.402995,2.001369000000068,39.34805414851471,33.7875,45.7125,1,1,1,1,686,80,80,686.0,80.0,686.0,686,80,78.74997578316834,45556.31670121647
4254,0,1660,2,2,1005186,1005944,3257.402995,3259.40685,2.0038549999999304,40.09465094287646,33.7875,45.7125,1,1,1,1,758,80,80,758.0,80.0,758.0,758,80,80.34386676513532,47191.538309909294
4254,0,1661,2,2,1005944,1006630,3259.40685,3261.418748,2.011898000000201,39.68937920445912,33.7875,45.7125,1,1,1,1,686,80,80,686.0,80.0,686.0,686,80,79.85098264270346,44940.15104144989
4254,0,1662,2,2,1006630,1007313,3261.418748,3263.420534,2.001785999999811,39.58761816705661,33.7875,45.7125,1,1,1,1,683,80,80,683.0,80.0,683.0,683,80,79.2459398201463,46171.76861063507
4254,0,1663,2,2,1007313,1008008,3263.420534,3265.420638,2.000104000000192,39.693006884551,33.7875,45.7125,1,1,1,1,695,80,80,695.0,80.0,695.0,695,80,79.39014184182452,45243.647330334476
4254,0,1664,2,2,1008008,1008713,3265.420638,3267.425297,2.0046589999997195,40.01408987125267,33.7875,45.7125,1,1,1,1,705,80,80,705.0,80.0,705.0,705,80,80.21460538719839,46048.23064671493
4254,0,1665,2,2,1008713,1009431,3267.425297,3269.42574,2.0004430000003595,40.24240519215469,33.7875,45.7125,1,1,1,1,718,80,80,718.0,80.0,718.0,718,80,80.5026377698232,46578.68282174661
4254,0,1666,2,2,1009431,1010158,3269.42574,3271.430648,2.0049079999998867,40.2370936318525,33.7875,45.7125,1,1,1,1,727,80,80,727.0,80.0,727.0,727,80,80.67167091924057,47346.31214998662
4254,0,1667,2,2,1010158,1010833,3271.430648,3273.433286,2.0026379999999335,39.846309617792585,33.7875,45.7125,1,1,1,1,675,80,80,675.0,80.0,675.0,675,80,79.79773380035476,45853.519208165955
4254,0,1668,2,2,1010833,1011505,3273.433286,3275.438258,2.00497200000018,40.03947112288329,33.7875,45.7125,1,1,1,1,672,80,80,672.0,81.0,672.0,672,81,80.278018496203,47104.398465410755
4254,0,1669,2,2,1011505,1012198,3275.438258,3277.440535,2.002277000000049,39.663147528784044,33.7875,45.7125,1,1,1,1,693,80,80,693.0,80.0,693.0,693,80,79.4166080444993,46046.07654185597
4254,0,1670,2,2,1012198,1012852,3277.440535,3279.442811,2.0022759999997106,39.6196094336002,33.7875,45.7125,1,1,1,1,654,80,80,654.0,80.0,654.0,654,80,79.32939309826179,45530.186647601615
4254,0,1671,2,2,1012852,1013545,3279.442811,3281.44446,2.0016490000002705,39.743933872739355,33.7875,45.7125,1,1,1,1,693,80,80,693.0,79.0,693.0,693,79,79.55340549245011,46239.87522287249
4254,0,1672,2,2,1013545,1014000,3281.44446,3282.74658,1.3021199999998316,40.032871193289516,33.7875,45.7125,1,1,1,1,455,52,52,455.0,53.0,455.0,455,53,52.127602238193504,46531.80966424587
4254,0,1673,2,2,1014000,1014697,3282.74658,3284.746957,2.000376999999844,39.89951725000429,33.7875,45.7125,1,1,1,1,697,80,80,697.0,79.0,697.0,697,79,79.8140766180004,46612.21359774046
4254,0,1674,2,2,1014697,1015375,3284.746957,3286.748956,2.001999000000069,39.64052289229329,33.7875,45.7125,1,1,1,1,678,80,80,678.0,80.0,678.0,678,80,79.36028718984744,45580.941848620736
4254,0,1675,2,2,1015375,1015998,3286.748956,3288.753398,2.0044419999999263,39.35622683374958,33.7875,45.7125,1,1,1,1,623,80,80,623.0,81.0,623.0,623,81,78.887274027089,44797.00585000878
4254,0,1676,2,2,1015998,1016691,3288.753398,3290.755674,2.0022760000001654,39.32048125752316,33.7875,45.7125,1,1,1,1,693,80,80,693.0,80.0,693.0,693,80,78.73045593038842,45894.27231809821
4254,0,1677,2,2,1016691,1017385,3290.755674,3292.756316,2.0006419999999707,39.82889360796997,33.7875,45.7125,1,1,1,1,694,80,80,694.0,79.0,694.0,694,79,79.68335736563313,45902.7652123675
4254,0,1678,2,2,1017385,1018146,3292.756316,3294.760227,2.003911000000244,39.72383053854035,33.7875,45.7125,1,1,1,1,761,80,80,761.0,81.0,761.0,761,81,79.60302097832027,47095.40493564261
4254,0,1679,2,2,1018146,1018806,3294.760227,3296.762503,2.0022759999997106,39.66654986763177,33.7875,45.7125,1,1,1,1,660,80,80,660.0,80.0,660.0,660,80,79.4233808027493,46471.61530179328
4254,0,1680,2,2,1018806,1019495,3296.762503,3298.764781,2.002277999999933,39.97641066537757,33.7875,45.7125,1,1,1,1,689,80,80,689.0,80.0,689.0,689,80,80.0438875942491,46044.555251570004
4254,0,1681,2,2,1019495,1020165,3298.764781,3300.767056,2.0022750000002816,39.26580631989143,33.7875,45.7125,1,1,1,1,670,80,80,670.0,80.0,670.0,670,80,78.62094234916731,45274.00082405626
4254,0,1682,2,2,1020165,1020849,3300.767056,3302.768882,2.00182599999971,39.754490750658945,33.7875,45.7125,1,1,1,1,684,80,80,684.0,79.0,684.0,684,79,79.58157320141618,46635.42185984872
4254,0,1683,2,2,1020849,1021520,3302.768882,3304.771611,2.002729000000272,39.858035229679565,33.7875,45.7125,1,1,1,1,671,80,80,671.0,81.0,671.0,671,81,79.82484303750971,46323.791186919145
4254,0,1684,2,2,1021520,1022162,3304.771611,3306.773245,2.00163399999974,39.7826484007902,33.7875,45.7125,1,1,1,1,642,80,80,642.0,79.0,642.0,642,79,79.63030164905649,45319.47398975626
4254,0,1685,2,2,1022162,1022839,3306.773245,3308.776162,2.0029170000002523,39.392393248885654,33.7875,45.7125,1,1,1,1,677,80,80,677.0,81.0,677.0,677,81,78.89969410888443,45639.43488421561
4254,0,1686,2,2,1022839,1023519,3308.776162,3310.778438,2.0022759999997106,39.899742866407244,33.7875,45.7125,1,1,1,1,680,80,80,680.0,80.0,680.0,680,80,79.89029754756484,46139.99268832736
4254,0,1687,2,2,1023519,1024243,3310.778438,3312.780715,2.002277000000049,39.976898898446215,33.7875,45.7125,1,1,1,1,724,80,80,724.0,80.0,724.0,724,80,80.0448251956841,46697.83451540307
4254,0,1688,2,2,1024243,1024911,3312.780715,3314.78108,2.000365000000329,39.687123632961644,33.7875,45.7125,1,1,1,1,668,80,80,668.0,79.0,668.0,668,79,79.38873306606547,45244.242925658626
4254,0,1689,2,2,1024911,1025556,3314.78108,3316.784297,2.0032169999999496,39.75370314478728,33.7875,45.7125,1,1,1,1,645,80,80,645.0,80.0,645.0,645,80,79.63529395258229,45934.11497606216
4254,0,1690,2,2,1025556,1026249,3316.784297,3318.787546,2.003248999999869,39.46220264997421,33.7875,45.7125,1,1,1,1,693,80,80,693.0,81.0,693.0,693,81,79.052617996349,45382.27649184198
4254,0,1691,2,2,1026249,1026898,3318.787546,3320.789822,2.0022760000001654,39.68252626811914,33.7875,45.7125,1,1,1,1,649,80,80,649.0,80.0,649.0,649,80,79.45536996603187,44822.492004095635
4254,0,1692,2,2,1026898,1027000,3320.789822,3321.05993,0.27010799999970914,39.71363210939997,33.7875,45.7125,1,1,1,1,102,11,11,102.0,10.0,102.0,102,10,10.726969741794164,47240.36311406452
4254,0,1693,2,2,1027000,1027704,3321.05993,3323.061635,2.001705000000129,40.406583683072895,33.7875,45.7125,1,1,1,1,704,80,80,704.0,80.0,704.0,704,80,80.88206059133518,47351.13315897891
4254,0,1694,2,2,1027704,1028407,3323.061635,3325.064162,2.0025270000001,39.96324235830382,33.7875,45.7125,1,1,1,1,703,80,80,703.0,80.0,703.0,703,80,80.02747183004976,46973.14942569828
4254,0,1695,2,2,1028407,1029126,3325.064162,3327.065441,2.0012790000000678,40.250093767285165,33.7875,45.7125,1,1,1,1,719,80,80,719.0,80.0,719.0,719,80,80.55166740450659,46595.702048538384
4254,0,1696,2,2,1029126,1029809,3327.065441,3329.065409,1.999967999999626,39.38111051623969,33.7875,45.7125,1,1,1,1,683,80,80,684.0,80.0,683.0,683,80,78.76096083692391,46075.73721180401
4254,0,1697,2,2,1029809,1030479,3329.065409,3331.065612,2.000203000000056,39.264920170516156,33.7875,45.7125,1,1,1,1,670,80,80,670.0,80.0,670.0,670,80,78.53781111982244,46127.31807721387
4254,0,1698,2,2,1030479,1030755,3331.065612,3333.078795,2.0131830000000264,14.632488347192872,33.7875,45.7125,1,0,0,1,276,80,80,276.0,81.0,276.0,276,81,29.457876788263093,16369.103057198261
4254,0,1699,2,2,1030755,1030835,3333.078795,3335.081071,2.0022760000001654,0.9876842660085613,33.7875,45.7125,1,0,0,0,80,80,80,80.0,80.0,80.0,80,80,1.9776165014045546,691.2133991517082
4254,0,1700,2,2,1030835,1030915,3335.081071,3337.083346,2.002274999999827,0.9870601785655502,33.7875,45.7125,1,0,0,0,80,80,80,80.0,80.0,80.0,80,80,1.976365919035743,709.6927245259133
4254,0,1701,2,2,1030915,1030995,3337.083346,3339.085625,2.0022790000002715,0.9872147104440931,33.7875,45.7125,1,0,0,0,80,80,80,80.0,80.0,80.0,80,80,1.9766792832087958,676.7288674554427
4254,0,1702,2,2,1030995,1031075,3339.085625,3341.0879,2.002274999999827,0.9876846635873922,33.7875,45.7125,1,0,0,0,80,80,80,80.0,80.0,80.0,80,80,1.9776163097849349,669.2387409322475
4254,0,1703,2,2,1031075,1031155,3341.0879,3343.090177,2.002277000000049,0.9873195858647693,33.7875,45.7125,1,0,0,0,80,80,80,80.0,80.0,80.0,80,80,1.976887298427755,675.7306806200974
4254,0,1704,2,2,1031155,1031235,3343.090177,3345.092453,2.0022760000001654,0.9876322256160651,33.7875,45.7125,1,0,0,0,80,80,80,80.0,80.0,80.0,80,80,1.9775123021827312,689.7151042113504
4254,0,1705,2,2,1031235,1031315,3345.092453,3347.09473,2.0022769999995944,0.9876318280639835,33.7875,45.7125,1,0,0,0,80,80,80,80.0,80.0,80.0,80,80,1.977512493802351,675.2312492228966
4254,0,1706,2,2,1031315,1031395,3347.09473,3349.097007,2.002277000000049,0.9880481509958474,33.7875,45.7125,1,0,0,0,80,80,80,80.0,80.0,80.0,80,80,1.9783460876351455,670.2369352492024
4254,0,1707,2,2,1031395,1031475,3349.097007,3351.099285,2.002277999999933,1.4693168223188529,33.7875,45.7125,1,0,0,0,80,80,80,80.0,80.0,80.0,80,80,2.9419807483645855,1442.3571552002752
4254,0,1708,2,2,1031475,1031562,3351.099285,3353.101558,2.0022730000000593,2.77923069508291,33.7875,45.7125,1,0,0,1,87,80,80,87.0,80.0,87.0,87,80,5.564778581538121,3690.3059672680906
4254,0,1709,2,2,1031562,1031651,3353.101558,3355.103836,2.002277999999933,2.8050362423175663,33.7875,45.7125,1,0,0,1,89,80,80,89.0,80.0,89.0,89,80,5.616462357196724,3607.391181444456
4254,0,1710,2,2,1031651,1031738,3355.103836,3357.106113,2.002277000000049,3.433737215292324,33.7875,45.7125,1,0,0,1,87,80,80,87.0,80.0,87.0,87,80,6.875293050223263,4373.520746629854
4254,0,1711,2,2,1031738,1031829,3357.106113,3359.108389,2.0022760000001654,4.084295781101733,33.7875,45.7125,1,0,0,1,91,80,80,91.0,80.0,91.0,91,80,8.177887419398758,5218.56127726604
4254,0,1712,2,2,1031829,1031935,3359.108389,3361.110666,2.002277000000049,6.840091445281901,33.7875,45.7125,1,0,0,1,106,80,80,106.0,80.0,106.0,106,80,13.695757778783445,8427.904830350439
4254,0,1713,2,2,1031935,1032047,3361.110666,3363.112941,2.002274999999827,8.51788117821302,33.7875,45.7125,1,0,0,1,112,80,80,112.0,80.0,112.0,112,80,17.055140536103863,10411.157308562411
4254,0,1714,2,2,1032047,1032181,3363.112941,3365.115218,2.002277000000049,10.577110164047966,33.7875,45.7125,1,0,0,1,134,80,80,134.0,80.0,134.0,134,80,21.178304407934775,12809.915910735313
4254,0,1715,2,2,1032181,1032367,3365.115218,3367.116019,2.0008010000001377,14.323609702482402,33.7875,45.7125,1,0,0,1,186,80,80,186.0,79.0,186.0,186,79,28.658692616343615,17360.5471008849
4254,0,1716,2,2,1032367,1032552,3367.116019,3369.11977,2.0037509999997383,15.727713161047783,33.7875,45.7125,1,0,0,1,185,80,80,185.0,81.0,185.0,185,81,31.514420974155655,18413.465545372066
4254,0,1717,2,2,1032552,1032776,3369.11977,3371.122047,2.002277000000049,17.971473800460046,33.7875,45.7125,1,0,0,1,224,80,80,224.0,80.0,224.0,224,80,35.983868646770134,21683.812978922964
4254,0,1718,2,2,1032776,1033015,3371.122047,3373.124323,2.0022760000001654,20.167795405188606,33.7875,45.7125,1,0,0,1,239,80,80,239.0,80.0,239.0,239,80,40.38149271272414,24076.600828255454
4254,0,1719,2,2,1033015,1033282,3373.124323,3375.1266,2.002277000000049,21.602798534853267,33.7875,45.7125,1,0,0,1,267,80,80,267.0,80.0,267.0,267,80,43.25478664197726,25492.976246542683
4254,0,1720,2,2,1033282,1033566,3375.1266,3377.128877,2.002277000000049,24.058531389885324,33.7875,45.7125,1,0,0,1,284,80,80,284.0,80.0,284.0,284,80,48.17184405574517,28139.46322112206
4254,0,1721,2,2,1033566,1033896,3377.128877,3379.131153,2.0022759999997106,26.2335715141577,33.7875,45.7125,1,0,0,1,330,80,80,330.0,80.0,330.0,330,80,52.52685063707759,30514.274755332845
4254,0,1722,2,2,1033896,1034291,3379.131153,3381.132609,2.001455999999962,27.50064627870208,33.7875,45.7125,1,0,0,1,395,80,80,395.0,79.0,395.0,395,79,55.04133349838958,32280.49979614902
4254,0,1723,2,2,1034291,1034722,3381.132609,3383.135706,2.0030970000002526,29.62203147124857,33.7875,45.7125,1,0,0,1,431,80,80,431.0,81.0,431.0,431,81,59.33580237397109,34325.34719985669
4254,0,1724,2,2,1034722,1035224,3383.135706,3385.137984,2.002277999999933,32.09615006255195,33.7875,45.7125,1,0,0,1,502,80,80,502.0,80.0,502.0,502,80,64.26541515495046,37774.974304268704
4254,0,1725,2,2,1035224,1035752,3385.137984,3387.138397,2.000413000000208,33.662359940080584,33.7875,45.7125,1,0,0,1,528,80,80,528.0,79.0,528.0,528,79,67.33862243482145,40077.72395000016
4254,0,1726,2,2,1035752,1036341,3387.138397,3389.140174,2.0017769999999473,36.213019475502165,33.7875,45.7125,1,1,0,1,589,80,80,589.0,80.0,589.0,589,80,72.49038948661473,41954.72322841266
4254,0,1727,2,2,1036341,1037026,3389.140174,3391.140601,2.000426999999945,37.48917149447005,33.7875,45.7125,1,1,1,1,685,80,80,685.0,80.0,685.0,685,80,74.99435086516314,43808.646853897895
4254,0,1728,2,2,1037026,1037664,3391.140601,3393.142022,2.0014209999999366,37.76615522731029,33.7875,45.7125,1,1,1,1,638,80,80,638.0,80.0,638.0,638,80,75.58597616119368,44097.168961454285
4254,0,1729,2,2,1037664,1038344,3393.142022,3395.146449,2.0044269999998505,39.64602185993764,33.7875,45.7125,1,1,1,1,680,80,80,680.0,80.0,680.0,680,80,79.46755665863748,45999.180813273255
4254,0,1730,2,2,1038344,1039049,3395.146449,3397.146722,2.0002730000001065,39.784477830100535,33.7875,45.7125,1,1,1,1,705,80,80,705.0,80.0,705.0,705,80,79.57981682264654,45674.765394521215
4254,0,1731,2,2,1039049,1039765,3397.146722,3399.150108,2.003385999999864,39.67973410211321,33.7875,45.7125,1,1,1,1,716,80,80,716.0,80.0,716.0,716,80,79.49382378389419,46367.000667872446
4254,0,1732,2,2,1039765,1040000,3399.150108,3399.824369,0.674261000000115,39.1238681241223,33.7875,45.7125,1,1,1,1,235,27,27,235.0,27.0,235.0,235,27,26.379698445249232,43782.74881684535
4254,0,1733,2,2,1040000,1040748,3399.824369,3401.831963,2.0075940000001538,39.8862182461549,33.7875,45.7125,1,1,1,1,748,80,80,749.0,81.0,748.0,748,81,80.0753324336838,46705.65861423815
4254,0,1734,2,2,1040748,1041431,3401.831963,3403.832181,2.0002180000001317,40.09104535697458,33.7875,45.7125,1,1,1,1,683,80,80,683.0,79.0,683.0,683,79,80.19083056184172,45812.00649128943
4254,0,1735,2,2,1041431,1042115,3403.832181,3405.834201,2.002019999999902,39.66196885649178,33.7875,45.7125,1,1,1,1,684,80,80,684.0,80.0,684.0,684,80,79.40405489006662,45481.06412523574
4254,0,1736,2,2,1042115,1042800,3405.834201,3407.838792,2.004590999999891,39.518041303835325,33.7875,45.7125,1,1,1,1,685,80,80,685.0,81.0,685.0,685,81,79.21750993528985,45212.2153596444
4254,0,1737,2,2,1042800,1043524,3407.838792,3409.839997,2.001205000000027,39.56463870379458,33.7875,45.7125,1,1,1,1,724,80,80,724.0,79.0,724.0,724,79,79.17695279723557,45815.39622377455
4254,0,1738,2,2,1043524,1044225,3409.839997,3411.843347,2.003349999999955,39.68923381095429,33.7875,45.7125,1,1,1,1,701,80,80,701.0,81.0,701.0,701,81,79.51142655516742,46321.41163551156
4254,0,1739,2,2,1044225,1044950,3411.843347,3413.845622,2.002274999999827,39.640289171331524,33.7875,45.7125,1,1,1,1,725,80,80,725.0,80.0,725.0,725,80,79.37076000051457,46082.58106404364
4254,0,1740,2,2,1044950,1045672,3413.845622,3415.8479,2.0022780000003877,39.38892726129474,33.7875,45.7125,1,1,1,1,722,80,80,722.0,80.0,722.0,722,80,78.86758249890408,45796.33797104211
4254,0,1741,2,2,1045672,1046325,3415.8479,3417.850176,2.0022759999997106,39.00912358922728,33.7875,45.7125,1,1,1,1,653,80,80,653.0,80.0,653.0,653,80,78.10703194372763,44757.066458376845
4254,0,1742,2,2,1046325,1047079,3417.850176,3419.851036,2.0008600000001024,39.30005322989647,33.7875,45.7125,1,1,1,1,754,80,80,754.0,79.0,754.0,754,79,78.63390450557927,47165.71874093898
4254,0,1743,2,2,1047079,1047770,3419.851036,3421.853078,2.002042000000074,39.57414909397158,33.7875,45.7125,1,1,1,1,691,80,80,691.0,80.0,691.0,691,80,79.22910860039701,46129.40188067812
4254,0,1744,2,2,1047770,1048480,3421.853078,3423.853318,2.000239999999849,39.73173533649533,33.7875,45.7125,1,1,1,1,710,80,80,710.0,80.0,710.0,710,80,79.47300628946687,47111.84657841415
4254,0,1745,2,2,1048480,1049170,3423.853318,3425.85803,2.0047119999999268,39.17194271332623,33.7875,45.7125,1,1,1,1,690,80,80,690.0,80.0,690.0,690,80,78.5284636207216,46063.47445418762
4254,0,1746,2,2,1049170,1049809,3425.85803,3427.858113,2.000082999999904,39.26252360292787,33.7875,45.7125,1,1,1,1,639,80,80,639.0,80.0,639.0,639,80,78.52830599530716,44904.1364783383
4254,0,1747,2,2,1049809,1050502,3427.858113,3429.863835,2.0057220000003326,38.78190330318335,33.7875,45.7125,1,1,1,1,693,80,80,693.0,81.0,693.0,693,81,77.78571665707568,45525.750826876734
4254,0,1748,2,2,1050502,1051135,3429.863835,3431.866111,2.0022759999997106,38.90223262304009,33.7875,45.7125,1,1,1,1,633,80,80,633.0,80.0,633.0,633,80,77.89300672752142,44184.21835951327
4254,0,1749,2,2,1051135,1051849,3431.866111,3433.868388,2.002277000000049,38.98886049997118,33.7875,45.7125,1,1,1,1,714,80,80,714.0,80.0,714.0,714,80,78.06649863530765,44903.87693610714
4254,0,1750,2,2,1051849,1052497,3433.868388,3435.870667,2.0022790000002715,38.85669138831032,33.7875,45.7125,1,1,1,1,648,80,80,648.0,80.0,648.0,648,80,77.80193717630755,44966.26094564633
4254,0,1751,2,2,1052497,1053000,3435.870667,3437.397408,1.5267409999996744,38.81029895562905,33.7875,45.7125,1,1,1,1,503,61,61,503.0,61.0,503.0,503,61,59.25327463779831,45606.29471535437
4254,0,1752,2,2,1053000,1053709,3437.397408,3439.399677,2.0022690000000694,38.705550504134386,33.7875,45.7125,1,1,1,1,709,80,80,709.0,80.0,709.0,709,80,77.49892390237073,45827.50869138803
4254,0,1753,2,2,1053709,1054399,3439.399677,3441.401475,2.0017980000002353,39.24695656726473,33.7875,45.7125,1,1,1,1,690,80,80,690.0,79.0,690.0,690,79,78.56447916245088,44939.59930022381
4254,0,1754,2,2,1054399,1055023,3441.401475,3443.40423,2.002754999999979,38.65411388544424,33.7875,45.7125,1,1,1,1,624,80,80,626.0,81.0,624.0,624,81,77.41471985464159,44237.06344510483
4254,0,1755,2,2,1055023,1055723,3443.40423,3445.406279,2.0020489999997153,39.15784923709349,33.7875,45.7125,1,1,1,1,700,80,80,700.0,79.0,700.0,700,79,78.3959329072677,46502.35833389354
4254,0,1756,2,2,1055723,1056403,3445.406279,3447.40712,2.0008410000000367,39.26141839470633,33.7875,45.7125,1,1,1,1,680,80,80,680.0,80.0,680.0,680,80,78.55585564229114,45729.27084161026
4254,0,1757,2,2,1056403,1057121,3447.40712,3449.409882,2.002762000000075,39.32430516530402,33.7875,45.7125,1,1,1,1,718,80,80,718.0,80.0,718.0,718,80,78.7572240614827,45870.15331826575
4254,0,1758,2,2,1057121,1057783,3449.409882,3451.413335,2.0034530000002633,39.30347474148616,33.7875,45.7125,1,1,1,1,662,80,80,662.0,81.0,662.0,662,81,78.74266438126506,45783.45486516926
4254,0,1759,2,2,1057783,1058424,3451.413335,3453.41334,2.0000049999998737,39.0523671599046,33.7875,45.7125,1,1,1,1,641,80,80,641.0,79.0,641.0,641,79,78.10492958163377,44634.88841278179
4254,0,1760,2,2,1058424,1059064,3453.41334,3455.414352,2.0010119999997187,39.02078174619035,33.7875,45.7125,1,1,1,1,640,80,80,640.0,80.0,640.0,640,80,78.08105252349924,44960.25011344892
4254,0,1761,2,2,1059064,1059741,3455.414352,3457.417708,2.003356000000167,39.051496268012805,33.7875,45.7125,1,1,1,1,677,80,80,677.0,80.0,677.0,677,80,78.23404935750295,45852.06024290857
4254,0,1762,2,2,1059741,1060392,3457.417708,3459.417802,2.00009399999999,39.33420281200539,33.7875,45.7125,1,1,1,1,651,80,80,651.0,80.0,651.0,651,80,78.67210303907632,44316.91710489629
4254,0,1763,2,2,1060392,1061048,3459.417802,3461.422026,2.0042240000002494,39.030455452176234,33.7875,45.7125,1,1,1,1,656,80,80,656.0,80.0,656.0,656,80,78.22577554819873,45106.23563034309
4254,0,1764,2,2,1061048,1061747,3461.422026,3463.42378,2.0017539999998917,39.2320426809196,33.7875,45.7125,1,1,1,1,699,80,80,699.0,80.0,699.0,699,80,78.53289836469048,45913.73365558654
4254,0,1765,2,2,1061747,1062452,3463.42378,3465.425074,2.0012940000001436,39.38466606655593,33.7875,45.7125,1,1,1,1,705,80,80,705.0,80.0,705.0,705,80,78.82029589101148,44768.03508129919
4254,0,1766,2,2,1062452,1063127,3465.425074,3467.429385,2.0043109999996886,39.24649347835361,33.7875,45.7125,1,1,1,1,675,80,80,675.0,80.0,675.0,675,80,78.66217859007884,44891.73586335353
4254,0,1767,2,2,1063127,1063834,3467.429385,3469.433824,2.004439000000275,39.575243050274366,33.7875,45.7125,1,1,1,1,707,80,80,708.0,81.0,707.0,707,81,79.32616060445434,45792.36384843211
4254,0,1768,2,2,1063834,1064537,3469.433824,3471.434004,2.0001800000000003,39.16138800086922,33.7875,45.7125,1,1,1,1,703,80,80,703.0,79.0,703.0,703,79,78.32982505157997,45492.90563849253
4254,0,1769,2,2,1064537,1065194,3471.434004,3473.434942,2.000937999999678,39.349197877134515,33.7875,45.7125,1,1,1,1,657,80,80,657.0,80.0,657.0,657,80,78.73530530185963,44687.041777413586
4254,0,1770,2,2,1065194,1065912,3473.434942,3475.440654,2.0057120000001305,39.59643141899825,33.7875,45.7125,1,1,1,1,718,80,80,718.0,81.0,718.0,718,81,79.41903765426832,45902.90131384467
4254,0,1771,2,2,1065912,1066000,3475.440654,3475.741003,0.30034900000009657,39.444003306643225,33.7875,45.7125,1,1,1,1,88,12,12,88.0,12.0,88.0,88,12,11.846966949146008,45114.18383279333
4254,0,1772,2,2,1066000,1066686,3475.741003,3477.743271,2.002267999999731,39.0855702035736,33.7875,45.7125,1,1,1,1,686,80,80,686.0,80.0,686.0,686,80,78.2597864803538,44815.679019997355
4254,0,1773,2,2,1066686,1067337,3477.743271,3479.744475,2.0012040000001434,39.34487821346794,33.7875,45.7125,1,1,1,1,651,80,80,651.0,79.0,651.0,651,79,78.73712766030803,44858.49518589488
4254,0,1774,2,2,1067337,1068054,3479.744475,3481.746376,2.001901000000089,39.18883707574279,33.7875,45.7125,1,1,1,1,717,80,80,717.0,80.0,717.0,717,80,78.4521721307683,45981.29477931022
4254,0,1775,2,2,1068054,1068668,3481.746376,3483.747285,2.000908999999865,39.46896724430363,33.7875,45.7125,1,1,1,1,614,80,80,614.0,80.0,614.0,614,80,78.97381177982606,44651.70579971704
4254,0,1776,2,2,1068668,1069393,3483.747285,3485.748352,2.0010670000001483,39.51111641244096,33.7875,45.7125,1,1,1,1,725,80,80,725.0,80.0,725.0,725,80,79.06439118609705,46230.33611567886
4254,0,1777,2,2,1069393,1070062,3485.748352,3487.750493,2.0021409999999378,39.27440653935029,33.7875,45.7125,1,1,1,1,669,80,80,669.0,80.0,669.0,669,80,78.63289958309906,44487.875729033454
4254,0,1778,2,2,1070062,1070803,3487.750493,3489.755787,2.005294000000049,39.84445023901806,33.7875,45.7125,1,1,1,1,741,80,80,741.0,80.0,741.0,741,80,79.89983699760342,46568.73256489957
4254,0,1779,2,2,1070803,1071501,3489.755787,3491.759212,2.003424999999879,38.64031478868537,33.7875,45.7125,1,1,1,1,698,80,80,698.0,81.0,698.0,698,81,77.41297265551111,44989.455557360736
4254,0,1780,2,2,1071501,1071721,3491.759212,3493.76149,2.002277999999933,10.888150092470688,33.7875,45.7125,1,0,0,1,220,80,80,220.0,80.0,220.0,220,80,21.801103390855133,11990.342999324172
4254,0,1781,2,2,1071721,1071801,3493.76149,3495.763765,2.0022750000002816,0.9797745199772151,33.7875,45.7125,1,0,0,0,80,80,80,80.0,80.0,80.0,80,80,1.9617780269909417,662.7461262812618
4254,0,1782,2,2,1071801,1071881,3495.763765,3497.766042,2.002277000000049,0.981230862983616,33.7875,45.7125,1,0,0,0,80,80,80,80.0,80.0,80.0,80,80,1.9646959886449622,636.2756002291235
4254,0,1783,2,2,1071881,1071961,3497.766042,3499.768319,2.0022769999995944,0.9811267822507839,33.7875,45.7125,1,0,0,0,80,80,80,80.0,80.0,80.0,80,80,1.9644875901867636,661.7466014943329
4254,0,1784,2,2,1071961,1072041,3499.768319,3501.770595,2.0022760000001654,0.9784731165367361,33.7875,45.7125,1,0,0,0,80,80,80,80.0,80.0,80.0,80,80,1.9591732378903544,658.7503421106236
4254,0,1785,2,2,1072041,1072121,3501.770595,3503.772872,2.002277000000049,0.9750380593694511,33.7875,45.7125,1,0,0,0,80,80,80,80.0,80.0,80.0,80,80,1.9522962804039707,679.7261317989302
4254,0,1786,2,2,1072121,1072201,3503.772872,3505.775148,2.0022760000001654,0.9784210761442397,33.7875,45.7125,1,0,0,0,80,80,80,80.0,80.0,80.0,80,80,1.959069038653979,658.7503421106236
4254,0,1787,2,2,1072201,1072281,3505.775148,3507.777425,2.002277000000049,0.9806584189520544,33.7875,45.7125,1,0,0,0,80,80,80,80.0,80.0,80.0,80,80,1.9635497971175937,642.2687769973727
4254,0,1788,2,2,1072281,1072361,3507.777425,3509.779701,2.0022759999997106,0.9749864102396694,33.7875,45.7125,1,0,0,0,80,80,80,80.0,80.0,80.0,80,80,1.9521918895479757,636.775349652188
4254,0,1789,2,2,1072361,1072441,3509.779701,3511.781977,2.0022760000001654,0.9774323086868122,33.7875,45.7125,1,0,0,0,80,80,80,80.0,80.0,80.0,80,80,1.957089253308368,662.2463636381251
4254,0,1790,2,2,1072441,1072524,3511.781977,3513.784256,2.0022789999998167,2.007152834809109,33.7875,45.7125,1,0,0,1,83,80,80,83.0,80.0,83.0,83,80,4.018879970928538,2415.247825103516
4254,0,1791,2,2,1072524,1072610,3513.784256,3515.786532,2.0022760000001654,2.7650197909308702,33.7875,45.7125,1,0,0,1,86,80,80,86.0,80.0,86.0,86,80,5.536332766903797,3582.9226340421637
4254,0,1792,2,2,1072610,1072700,3515.786532,3517.788806,2.002273999999943,3.0275143633503623,33.7875,45.7125,1,0,0,1,90,80,80,90.0,80.0,90.0,90,80,6.0619132943684235,4000.451486659782
4254,0,1793,2,2,1072700,1072796,3517.788806,3519.791087,2.002281000000039,4.041769166006846,33.7875,45.7125,1,0,0,1,96,80,80,96.0,80.0,96.0,96,80,8.092757607475505,5208.060207333435
4254,0,1794,2,2,1072796,1072893,3519.791087,3521.793365,2.002277999999933,5.917933290903807,33.7875,45.7125,1,0,0,1,97,80,80,97.0,80.0,97.0,97,80,11.849347633848083,7212.784638297221
4254,0,1795,2,2,1072893,1073003,3521.793365,3523.795636,2.002270999999837,7.358174769053399,33.7875,45.7125,1,0,0,1,110,80,80,110.0,80.0,110.0,110,80,14.733059953010525,9060.212129128115
4254,0,1796,2,2,1073003,1073134,3523.795636,3525.797915,2.0022790000002715,10.583500749066332,33.7875,45.7125,1,0,0,1,131,80,80,131.0,80.0,131.0,131,80,21.191121296345955,12709.018073903062
4254,0,1797,2,2,1073134,1073313,3525.797915,3527.800189,2.002273999999943,12.968436188772705,33.7875,45.7125,1,0,0,1,179,80,80,179.0,80.0,179.0,179,80,25.96636260143714,15689.66085560762
4254,0,1798,2,2,1073313,1073475,3527.800189,3529.802466,2.002277000000049,14.777548346546268,33.7875,45.7125,1,0,0,1,162,80,80,162.0,80.0,162.0,162,80,29.58874517068034,17737.306077030866
4254,0,1799,2,2,1073475,1073690,3529.802466,3531.804742,2.0022759999997106,17.303596282987296,33.7875,45.7125,1,0,0,1,215,80,80,215.0,80.0,215.0,215,80,34.64657555111626,20635.51678190518
4254,0,1800,2,2,1073690,1073919,3531.804742,3533.806596,2.001854000000094,18.876083693172664,33.7875,45.7125,1,0,0,1,229,80,80,229.0,79.0,229.0,229,79,37.78716364550928,22649.004372945215
4254,0,1801,2,2,1073919,1074172,3533.806596,3535.809296,2.0027000000000044,20.175897127811453,33.7875,45.7125,1,0,0,1,253,80,80,253.0,81.0,253.0,253,81,40.406269177867216,24003.09582064208
4254,0,1802,2,2,1074172,1074472,3535.809296,3537.811294,2.001998000000185,23.490322597857002,33.7875,45.7125,1,0,0,1,300,80,80,300.0,79.0,300.0,300,79,47.027578860273934,27888.139748388778
4254,0,1803,2,2,1074472,1074823,3537.811294,3539.811666,2.0003719999999703,25.06325967310932,33.7875,45.7125,1,0,0,1,351,80,80,351.0,80.0,351.0,351,80,50.13584287882259,30010.917969258164
4254,0,1804,2,2,1074823,1075164,3539.811666,3541.813418,2.001752000000124,26.946293032505572,33.7875,45.7125,1,0,0,1,341,80,80,341.0,80.0,341.0,341,80,53.93979597040743,31858.09231113347
4254,0,1805,2,2,1075164,1075622,3541.813418,3543.816791,2.0033730000000105,29.767407091166604,33.7875,45.7125,1,0,0,1,458,80,80,458.0,80.0,458.0,458,80,59.6352196464577,34533.259657587296
4254,0,1806,2,2,1075622,1076058,3543.816791,3545.817299,2.000507999999627,31.17218720412458,33.7875,45.7125,1,0,0,1,436,80,80,436.0,80.0,436.0,436,80,62.360209879334434,35836.89742805996
4254,0,1807,2,2,1076058,1076590,3545.817299,3547.819121,2.0018220000001747,32.96706769206635,33.7875,45.7125,1,0,0,1,532,80,80,532.0,80.0,532.0,532,80,65.99420138147252,38323.08766713189
4254,0,1808,2,2,1076590,1077202,3547.819121,3549.825231,2.0061099999998078,35.2526883808573,33.7875,45.7125,1,1,0,1,612,80,80,612.0,81.0,612.0,612,81,70.72077068770886,41568.5082074303
4254,0,1809,2,2,1077202,1077840,3549.825231,3551.827507,2.0022760000001654,36.57639136119917,33.7875,45.7125,1,1,1,1,638,80,80,638.0,80.0,638.0,638,80,73.23603058914887,43090.96248468886
4254,0,1810,2,2,1077840,1078528,3551.827507,3553.829785,2.002277999999933,38.63226071021543,33.7875,45.7125,1,1,1,1,688,80,80,688.0,80.0,688.0,688,80,77.35252571033197,45552.11613971839
4254,0,1811,2,2,1078528,1079000,3553.829785,3555.19104,1.3612550000002557,39.19119332654115,33.7875,45.7125,1,1,1,1,472,55,55,472.0,54.0,472.0,472,54,53.3492078717245,44765.308483706984
4254,0,1812,2,2,1079000,1079690,3555.19104,3557.192716,2.0016759999998612,39.223361008118935,33.7875,45.7125,1,1,1,1,690,80,80,691.0,80.0,690.0,690,80,78.51246036928205,46244.24732074842
4254,0,1813,2,2,1079690,1080378,3557.192716,3559.193054,2.0003379999998288,39.085486955646246,33.7875,45.7125,1,1,1,1,688,80,80,688.0,80.0,688.0,688,80,78.18418480588298,46076.71303550094
4254,0,1814,2,2,1080378,1081101,3559.193054,3561.193184,2.000130000000354,39.38668854034474,33.7875,45.7125,1,1,1,1,723,80,80,723.0,80.0,723.0,723,80,78.778497350213,45719.0282631548
4254,0,1815,2,2,1081101,1081792,3561.193184,3563.194075,2.000890999999683,39.835313623544,33.7875,45.7125,1,1,1,1,691,80,80,691.0,80.0,691.0,691,80,79.70612051151693,45298.81937597518
4254,0,1816,2,2,1081792,1082483,3563.194075,3565.19604,2.0019649999999274,39.54016677182072,33.7875,45.7125,1,1,1,1,691,80,80,691.0,80.0,691.0,691,80,79.15802997133869,45507.28908847223
4254,0,1817,2,2,1082483,1083171,3565.19604,3567.197026,2.0009860000000117,39.43126442196328,33.7875,45.7125,1,1,1,1,688,80,80,688.0,80.0,688.0,688,80,78.90140807064017,46482.084332423845
4254,0,1818,2,2,1083171,1083848,3567.197026,3569.197258,2.0002320000003238,39.24377671262128,33.7875,45.7125,1,1,1,1,677,79,79,677.0,80.0,677.0,677,80,78.49665798144997,45334.241228010214
4254,0,1819,2,2,1083848,1084570,3569.197258,3571.199534,2.0022759999997106,39.772608187539035,33.7875,45.7125,1,1,1,1,722,80,80,722.0,80.0,722.0,722,80,79.63573883130448,46393.70396489466
4254,0,1820,2,2,1084570,1085348,3571.199534,3573.20155,2.002016000000367,40.57240443468233,33.7875,45.7125,1,1,1,1,778,80,80,778.0,79.0,778.0,778,79,81.22660283671576,47226.895289539476
4254,0,1821,2,2,1085348,1086050,3573.20155,3575.202878,2.0013279999998304,40.083650278454606,33.7875,45.7125,1,1,1,1,702,80,80,702.0,80.0,702.0,702,80,80.22053164447425,46577.07282364905
4254,0,1822,2,2,1086050,1086769,3575.202878,3577.206362,2.003483999999844,40.24314053983606,33.7875,45.7125,1,1,1,1,719,80,80,719.0,81.0,719.0,719,81,80.62648818131129,47630.527620888126
4254,0,1823,2,2,1086769,1087492,3577.206362,3579.20864,2.002277999999933,40.08980656735977,33.7875,45.7125,1,1,1,1,723,80,80,723.0,80.0,723.0,723,80,80.2709377140709,46617.40277823715
4254,0,1824,2,2,1087492,1088246,3579.20864,3581.210319,2.0016789999999673,40.411270512137094,33.7875,45.7125,1,1,1,1,754,80,80,754.0,79.0,754.0,754,79,80.8903915474657,47826.84935996309
4254,0,1825,2,2,1088246,1088870,3581.210319,3583.213193,2.002874000000247,40.269333410002204,33.7875,45.7125,1,1,1,1,624,80,80,624.0,81.0,624.0,624,81,80.65440088423202,45210.532464842436
4254,0,1826,2,2,1088870,1089576,3583.213193,3585.215469,2.0022760000001654,39.873462468187654,33.7875,45.7125,1,1,1,1,706,80,80,706.0,80.0,706.0,706,80,79.83767693696427,45490.232115848405
4254,0,1827,2,2,1089576,1090288,3585.215469,3587.217746,2.0022769999995944,40.454733543709644,33.7875,45.7125,1,1,1,1,712,80,80,712.0,80.0,712.0,712,80,81.00158251568791,46146.46225273462
4254,0,1828,2,2,1090288,1090996,3587.217746,3589.220023,2.002277000000049,40.277432015015975,33.7875,45.7125,1,1,1,1,708,80,80,708.0,80.0,708.0,708,80,80.64657574273588,46538.51589964711
4254,0,1829,2,2,1090996,1091730,3589.220023,3591.220846,2.0008230000003095,39.64959611663735,33.7875,45.7125,1,1,1,1,734,80,80,734.0,79.0,734.0,734,79,79.33182385089458,47358.51197231606
4254,0,1830,2,2,1091730,1092000,3591.220846,3592.04828,0.8274339999998119,39.91881095530778,33.7875,45.7125,1,1,1,1,270,34,34,270.0,34.0,270.0,270,34,33.03018142399378,45835.67994548039
4254,0,1831,2,2,1092000,1092701,3592.04828,3594.050515,2.002234999999928,40.14275692037768,33.7875,45.7125,1,1,1,1,701,79,79,701.0,80.0,701.0,701,80,80.37523290247191,46390.658439195875
4254,0,1832,2,2,1092701,1093350,3594.050515,3596.051132,2.0006170000001475,39.954337349558884,33.7875,45.7125,1,1,1,1,649,80,80,649.0,79.0,649.0,649,79,79.93332652526442,44217.35894476228
4254,0,1833,2,2,1093350,1094026,3596.051132,3598.051614,2.00048199999992,39.596474046567856,33.7875,45.7125,1,1,1,1,676,80,80,676.0,80.0,676.0,676,80,79.21203359361971,46201.36547092336
4254,0,1834,2,2,1094026,1094670,3598.051614,3600.057345,2.005731000000196,39.5783948880731,33.7875,45.7125,1,1,1,1,644,80,80,644.0,81.0,644.0,644,81,79.38361355726374,45801.2564994962
4254,0,1835,2,2,1094670,1095400,3600.057345,3602.058401,2.0010559999996076,39.41447841163226,33.7875,45.7125,1,1,1,1,730,80,80,730.0,79.0,730.0,730,79,78.87057851244754,45468.492635897164
4254,0,1836,2,2,1095400,1096084,3602.058401,3604.059089,2.000688000000082,39.822878257792674,33.7875,45.7125,1,1,1,1,684,80,80,684.0,80.0,684.0,684,80,79.67315465582942,45427.872811750894
4254,0,1837,2,2,1096084,1096801,3604.059089,3606.059223,2.000134000000344,39.64646562208882,33.7875,45.7125,1,1,1,1,717,80,80,717.0,80.0,717.0,717,80,79.29824387058034,45626.44302830926
4254,0,1838,2,2,1096801,1097470,3606.059223,3608.062436,2.0032129999999597,39.58462594523648,33.7875,45.7125,1,1,1,1,669,80,80,669.0,80.0,669.0,669,80,79.29643729364034,45546.829019181605
4254,0,1839,2,2,1097470,1098128,3608.062436,3610.063521,2.0010849999998754,39.6015231193703,33.7875,45.7125,1,1,1,1,658,80,79,658.0,80.0,658.0,658,79,79.24601389131567,45805.150705744985
4254,0,1840,2,2,1098128,1098809,3610.063521,3612.065427,2.0019059999999627,40.20918013731509,33.7875,45.7125,1,1,1,1,681,80,80,681.0,80.0,681.0,681,80,80.49499897197529,46579.60963202155
4254,0,1841,2,2,1098809,1099508,3612.065427,3614.066153,2.0007260000002134,39.768742810271455,33.7875,45.7125,1,1,1,1,699,80,80,700.0,80.0,699.0,699,80,79.56635772783193,47324.32127137344
4254,0,1842,2,2,1099508,1100212,3614.066153,3616.068656,2.002502999999706,39.40335956291925,33.7875,45.7125,1,1,1,1,704,80,80,704.0,80.0,704.0,704,80,78.90534573482,45625.89918717396
4254,0,1843,2,2,1100212,1100908,3616.068656,3618.072042,2.003385999999864,40.104668538274325,33.7875,45.7125,1,1,1,1,696,80,80,696.0,80.0,696.0,696,80,80.34513148420956,45661.69475079002
4254,0,1844,2,2,1100908,1101648,3618.072042,3620.073212,2.001170000000002,40.19781134246736,33.7875,45.7125,1,1,1,1,740,80,80,741.0,80.0,740.0,740,80,80.44265412419918,47069.96407101841
4254,0,1845,2,2,1101648,1102313,3620.073212,3622.07915,2.005938000000242,39.553708105234314,33.7875,45.7125,1,1,1,1,665,80,79,665.0,80.0,665.0,665,79,79.3422861292056,45460.02917337874
4254,0,1846,2,2,1102313,1102927,3622.07915,3624.083798,2.0046480000000884,39.02608714298928,33.7875,45.7125,1,1,1,1,614,80,80,614.0,80.0,614.0,614,80,78.23356753902044,44518.040074864046
4254,0,1847,2,2,1102927,1103611,3624.083798,3626.086087,2.002289000000019,39.34838088024953,33.7875,45.7125,1,1,1,1,684,80,80,684.0,80.0,684.0,684,80,78.78683020433527,45251.20999016583
4254,0,1848,2,2,1103611,1104286,3626.086087,3628.089217,2.0031300000000556,39.065243849402535,33.7875,45.7125,1,1,1,1,675,80,80,675.0,81.0,675.0,675,81,78.25276191205194,45205.75299655913
4254,0,1849,2,2,1104286,1104959,3628.089217,3630.090023,2.0008060000000114,39.02878959275066,33.7875,45.7125,1,1,1,1,673,80,80,673.0,79.0,673.0,673,79,78.08903638990887,45628.11187091576
4254,0,1850,2,2,1104959,1105000,3630.090023,3630.211608,0.12158499999986816,38.589833115401596,33.7875,45.7125,1,1,1,1,41,5,5,41.0,5.0,41.0,41,5,4.691944859325304,45038.450466800496
4254,0,1851,2,2,1105000,1105643,3630.211608,3632.21162,2.0000119999999697,38.57802330251827,33.7875,45.7125,1,1,1,1,643,80,80,645.0,80.0,643.0,643,80,77.15650954130979,44572.23256660528
4254,0,1852,2,2,1105643,1106373,3632.21162,3634.21281,2.0011899999999514,38.93261233906859,33.7875,45.7125,1,1,1,1,730,80,80,730.0,80.0,730.0,730,80,77.91155448682548,45047.69662051189
4254,0,1853,2,2,1106373,1107057,3634.21281,3636.215013,2.0022030000000086,38.97405722387853,33.7875,45.7125,1,1,1,1,684,80,80,684.0,80.0,684.0,684,80,78.03397429581673,45317.083232818855
4254,0,1854,2,2,1107057,1107707,3636.215013,3638.216918,2.001905000000079,38.74799944388651,33.7875,45.7125,1,1,1,1,650,80,80,650.0,80.0,650.0,650,80,77.56981382671802,44727.397154208855
4254,0,1855,2,2,1107707,1108350,3638.216918,3640.217094,2.0001760000000104,39.170426278719425,33.7875,45.7125,1,1,1,1,643,80,80,643.0,80.0,643.0,643,80,78.34774655246292,44988.541008391025
4254,0,1856,2,2,1108350,1109037,3640.217094,3642.2173,2.0002059999997073,39.222717319369494,33.7875,45.7125,1,1,1,1,687,80,80,687.0,80.0,687.0,687,80,78.45351451849274,45271.33705229024
4254,0,1857,2,2,1109037,1109703,3642.2173,3644.21743,2.000130000000354,39.21904287797137,33.7875,45.7125,1,1,1,1,666,80,80,666.0,80.0,666.0,666,80,78.44318423152436,45380.550264224796
4254,0,1858,2,2,1109703,1110370,3644.21743,3646.217564,2.000133999999889,39.173641200469156,33.7875,45.7125,1,1,1,1,667,80,80,667.0,80.0,667.0,667,80,78.35253166886105,45550.948086480734
4254,0,1859,2,2,1110370,1111044,3646.217564,3648.218101,2.0005369999998948,39.539606994861245,33.7875,45.7125,1,1,1,1,674,80,80,674.0,80.0,674.0,674,80,79.10044675867539,44833.46221539752
4254,0,1860,2,2,1111044,1111720,3648.218101,3650.226587,2.0084860000001754,39.5469364195198,33.7875,45.7125,1,1,1,1,676,80,80,676.0,80.0,676.0,676,80,79.42946814150491,45924.64174507163
4254,0,1861,2,2,1111720,1112407,3650.226587,3652.233914,2.0073269999998047,39.675451025029865,33.7875,45.7125,1,1,1,1,687,80,80,688.0,80.0,688.0,687,80,79.6416040797194,46719.3436844167
4254,0,1862,2,2,1112407,1113091,3652.233914,3654.235765,2.001850999999988,39.96735552813052,33.7875,45.7125,1,1,1,1,684,80,80,683.0,80.0,683.0,684,80,80.00869063133723,45706.69845058426
4254,0,1863,2,2,1113091,1113753,3654.235765,3656.23888,2.0031149999999798,40.013157702408755,33.7875,45.7125,1,1,1,1,662,80,80,662.0,80.0,662.0,662,80,80.15095639106585,45188.119503873175
4254,0,1864,2,2,1113753,1114464,3656.23888,3658.239268,2.00038799999993,40.116512151879945,33.7875,45.7125,1,1,1,1,711,80,80,711.0,80.0,711.0,711,80,80.24858951047645,47115.35962023533
4254,0,1865,2,2,1114464,1115152,3658.239268,3660.240535,2.001267000000098,39.67005137178196,33.7875,45.7125,1,1,1,1,688,79,79,693.0,80.0,688.0,688,79,79.39036469865823,46278.6824546627
4254,0,1866,2,2,1115152,1115865,3660.240535,3662.244172,2.0036370000002535,40.111889728638026,33.7875,45.7125,1,1,1,1,713,80,80,713.0,80.0,713.0,713,80,80.36966640023456,46365.68400363352
4254,0,1867,2,2,1115865,1116515,3662.244172,3664.250955,2.006782999999814,39.51709135853843,33.7875,45.7125,1,1,1,1,650,80,80,650.0,80.0,650.0,650,80,79.302227147753,45937.20397273076
4254,0,1868,2,2,1116515,1117206,3664.250955,3666.253506,2.0025510000000395,39.42807207034733,33.7875,45.7125,1,1,1,1,691,80,80,691.0,80.0,691.0,691,80,78.9567251525441,45512.94823452596
4254,0,1869,2,2,1117206,1117906,3666.253506,3668.255527,2.002020999999786,39.90630990459485,33.7875,45.7125,1,1,1,1,700,80,80,700.0,80.0,700.0,700,80,79.89327046149992,46064.45187138889
4254,0,1870,2,2,1117906,1118000,3668.255527,3668.576651,0.32112400000005437,39.88852908326797,33.7875,45.7125,1,1,1,1,94,13,13,94.0,13.0,94.0,94,13,12.809164013335248,44920.3422976718
4254,0,1871,2,2,1118000,1118712,3668.576651,3670.57704,2.0003890000002684,39.679773967348694,33.7875,45.7125,1,1,1,1,712,80,80,713.0,80.0,712.0,712,80,79.37498336678254,46280.998345815526
4254,0,1872,2,2,1118712,1119394,3670.57704,3672.578841,2.0018009999998867,39.7177671317879,33.7875,45.7125,1,1,1,1,682,80,80,682.0,80.0,682.0,682,80,79.5070659621706,46632.50742706457
4254,0,1873,2,2,1119394,1120140,3672.578841,3674.57992,2.001079000000118,40.1449555445797,33.7875,45.7125,1,1,1,1,746,80,80,746.0,80.0,746.0,746,80,80.33322749620129,46207.071285039
4254,0,1874,2,2,1120140,1120832,3674.57992,3676.580264,2.000344000000041,39.75025541287759,33.7875,45.7125,1,1,1,1,692,80,80,692.0,80.0,692.0,692,80,79.51418491361255,45910.60337621835
4254,0,1875,2,2,1120832,1121555,3676.580264,3678.582269,2.0020049999998264,40.16056674857242,33.7875,45.7125,1,1,1,1,723,80,80,723.0,80.0,723.0,723,80,80.40165543346666,47262.61922423181
4254,0,1876,2,2,1121555,1122285,3678.582269,3680.584661,2.0023919999998725,39.561905534808034,33.7875,45.7125,1,1,1,1,730,80,80,730.0,80.0,730.0,730,80,79.21844314764894,45726.81073436461
4254,0,1877,2,2,1122285,1122923,3680.584661,3682.598633,2.0139720000001944,39.75756129934929,33.7875,45.7125,1,1,1,1,638,80,80,638.0,80.0,638.0,638,80,80.07061524517485,45193.27974767832
4254,0,1878,2,2,1122923,1123581,3682.598633,3684.603039,2.0044060000000172,39.81455500578144,33.7875,45.7125,1,1,1,1,658,80,80,658.0,80.0,658.0,658,80,79.80453294092149,45689.346369946616
4254,0,1879,2,2,1123581,1124286,3684.603039,3686.605747,2.002707999999984,40.19289464913346,33.7875,45.7125,1,1,1,1,705,80,80,705.0,81.0,705.0,705,81,80.49463165696943,46757.19076370631
4254,0,1880,2,2,1124286,1124993,3686.605747,3688.606374,2.000626999999895,40.65231505185398,33.7875,45.7125,1,1,1,1,707,80,80,707.0,79.0,707.0,707,79,81.3301191052451,46579.89720222955
4254,0,1881,2,2,1124993,1125749,3688.606374,3690.6103,2.003925999999865,40.232070601190415,33.7875,45.7125,1,1,1,1,756,80,80,756.0,81.0,756.0,756,81,80.62209231156157,46361.99141086361
4254,0,1882,2,2,1125749,1126461,3690.6103,3692.612577,2.002277000000049,39.97939683603849,33.7875,45.7125,1,1,1,1,712,80,80,712.0,80.0,712.0,712,80,80.04982675868087,45977.65444041845
4254,0,1883,2,2,1126461,1127142,3692.612577,3694.614852,2.0022750000002816,39.948056206253604,33.7875,45.7125,1,1,1,1,681,80,80,681.0,80.0,681.0,681,80,79.98699424038932,46710.86638947539
4254,0,1884,2,2,1127142,1127901,3694.614852,3696.615616,2.00076399999989,39.9385522151629,33.7875,45.7125,1,1,1,1,759,80,80,759.0,79.0,759.0,759,79,79.90761748421937,46917.577485403155
4254,0,1885,2,2,1127901,1128548,3696.615616,3698.619407,2.003791000000092,39.83394415184574,33.7875,45.7125,1,1,1,1,647,80,80,647.0,81.0,647.0,647,81,79.81889878597576,45497.758997817546
4254,0,1886,2,2,1128548,1129262,3698.619407,3700.621682,2.002274999999827,40.077428686620884,33.7875,45.7125,1,1,1,1,714,80,80,714.0,80.0,714.0,714,80,80.24603352349368,46145.50948296712
4254,0,1887,2,2,1129262,1129956,3700.621682,3702.623958,2.0022760000001654,39.76990208712024,33.7875,45.7125,1,1,1,1,694,80,80,694.0,80.0,694.0,694,80,79.63032047139131,45799.87973685567
4254,0,1888,2,2,1129956,1130609,3702.623958,3704.626123,2.002164999999877,39.71375579220096,33.7875,45.7125,1,1,1,1,653,80,80,653.0,79.0,653.0,653,79,79.51349186568405,45349.90872380926
4254,0,1889,2,2,1130609,1131000,3704.626123,3705.668237,1.0421139999998559,39.763500157158816,33.7875,45.7125,1,1,1,1,391,42,42,391.0,42.0,391.0,391,42,41.43810020276578,45794.414046838065
4254,0,1890,2,2,1131000,1131712,3705.668237,3707.671704,2.0034670000000006,39.80171206874443,33.7875,45.7125,1,1,1,1,712,80,80,713.0,80.0,712.0,712,80,79.7414166732342,46475.43483371574
4254,0,1891,2,2,1131712,1131990,3707.671704,3708.378027,0.7063230000003387,39.66433314521297,33.7875,45.7125,1,1,1,1,278,28,28,278.0,28.0,278.0,278,28,28.015830780146644,47063.45397216863
