Start run, End run, Columns (Dead/OFF),   ,  ,  ,  ,  ,  ,  ,  , Rows (crate drop out),   ,   ,   , Blocks (Dead/Missing),    ,     ,     ,    ,    ,     ,    ,    ,    ,    ,    ,    ,    ,    ,    ,    ,    ,    ,    ,    ,    ,    ,    ,    ,    ,    ,    ,    ,    ,    ,    ,     ,    ,     ,     ,    ,    ,    ,    ,    ,    ,    ,    ,     ,    ,    ,    ,    ,    ,    ,    ,    ,    ,    ,    ,    ,    ,    ,    ,    ,    ,    ,    ,    ,    ,    ,    ,    ,    ,    ,    ,    ,    ,    ,    ,    ,    ,    ,     ,    ,    ,    ,    ,    ,    ,    ,    ,    ,    ,    ,    ,    ,    ,    ,    ,    ,    ,    ,    ,    ,  ,    ,    , , 
     1622,    1688,                   ,   ,  ,  ,  ,  ,  ,  ,  ,                    32, 33, 34, 35,                      ,    ,     ,     ,    ,    ,     ,    ,    ,    ,    ,    ,    ,    ,    ,    ,    ,    ,    ,    ,    ,    ,    ,    ,    ,    ,    ,    ,    ,    ,    ,    ,     ,    ,     ,     ,    ,    ,    ,    ,    ,    ,    ,    ,     ,    ,    ,    ,    ,    ,    ,    ,    ,    ,    ,    ,    ,    ,    ,    ,    ,    ,    ,    ,    ,    ,    ,    ,    ,    ,    ,    ,    ,    ,    ,    ,    ,    ,    ,     ,    ,    ,    ,    ,    ,    ,    ,    ,    ,    ,    ,    ,    ,    ,    ,    ,    ,    ,    ,    ,    ,  ,    ,    , , 
     1689,    1701,                   ,   ,  ,  ,  ,  ,  ,  ,  ,                      ,   ,   ,   ,                      ,    ,     ,     ,    ,    ,     ,    ,    ,    ,    ,    ,    ,    ,    ,    ,    ,    ,    ,    ,    ,    ,    ,    ,    ,    ,    ,    ,    ,    ,    ,    ,     ,    ,     ,     ,    ,    ,    ,    ,    ,    ,    ,    ,     ,    ,    ,    ,    ,    ,    ,    ,    ,    ,    ,    ,    ,    ,    ,    ,    ,    ,    ,    ,    ,    ,    ,    ,    ,    ,    ,    ,    ,    ,    ,    ,    ,    ,    ,     ,    ,    ,    ,    ,    ,    ,    ,    ,    ,    ,    ,    ,    ,    ,    ,    ,    ,    ,    ,    ,    ,  ,    ,    , , 
     1702,    1722,                  0,   ,  ,  ,  ,  ,  ,  ,  ,                      ,   ,   ,   ,                      ,    ,     ,     ,    ,    ,     ,    ,    ,    ,    ,    ,    ,    ,    ,    ,    ,    ,    ,    ,    ,    ,    ,    ,    ,    ,    ,    ,    ,    ,    ,    ,     ,    ,     ,     ,    ,    ,    ,    ,    ,    ,    ,    ,     ,    ,    ,    ,    ,    ,    ,    ,    ,    ,    ,    ,    ,    ,    ,    ,    ,    ,    ,    ,    ,    ,    ,    ,    ,    ,    ,    ,    ,    ,    ,    ,    ,    ,    ,     ,    ,    ,    ,    ,    ,    ,    ,    ,    ,    ,    ,    ,    ,    ,    ,    ,    ,    ,    ,    ,    ,  ,    ,    , , 
     1723,    1770,                  0,   ,  ,  ,  ,  ,  ,  ,  ,                    32, 33, 34, 35,                      ,    ,     ,     ,    ,    ,     ,    ,    ,    ,    ,    ,    ,    ,    ,    ,    ,    ,    ,    ,    ,    ,    ,    ,    ,    ,    ,    ,    ,    ,    ,    ,     ,    ,     ,     ,    ,    ,    ,    ,    ,    ,    ,    ,     ,    ,    ,    ,    ,    ,    ,    ,    ,    ,    ,    ,    ,    ,    ,    ,    ,    ,    ,    ,    ,    ,    ,    ,    ,    ,    ,    ,    ,    ,    ,    ,    ,    ,    ,     ,    ,    ,    ,    ,    ,    ,    ,    ,    ,    ,    ,    ,    ,    ,    ,    ,    ,    ,    ,    ,    ,  ,    ,    , , 
     1771,    1941,                  0,   ,  ,  ,  ,  ,  ,  ,  ,                      ,   ,   ,   ,                      ,    ,     ,     ,    ,    ,     ,    ,    ,    ,    ,    ,    ,    ,    ,    ,    ,    ,    ,    ,    ,    ,    ,    ,    ,    ,    ,    ,    ,    ,    ,    ,     ,    ,     ,     ,    ,    ,    ,    ,    ,    ,    ,    ,     ,    ,    ,    ,    ,    ,    ,    ,    ,    ,    ,    ,    ,    ,    ,    ,    ,    ,    ,    ,    ,    ,    ,    ,    ,    ,    ,    ,    ,    ,    ,    ,    ,    ,    ,     ,    ,    ,    ,    ,    ,    ,    ,    ,    ,    ,    ,    ,    ,    ,    ,    ,    ,    ,    ,    ,    ,  ,    ,    , , 
     1942,    1944,                  0,   ,  ,  ,  ,  ,  ,  ,  ,                      ,   ,   ,   ,                   481,    ,     ,     ,    ,    ,     ,    ,    ,    ,    ,    ,    ,    ,    ,    ,    ,    ,    ,    ,    ,    ,    ,    ,    ,    ,    ,    ,    ,    ,    ,    ,     ,    ,     ,     ,    ,    ,    ,    ,    ,    ,    ,    ,     ,    ,    ,    ,    ,    ,    ,    ,    ,    ,    ,    ,    ,    ,    ,    ,    ,    ,    ,    ,    ,    ,    ,    ,    ,    ,    ,    ,    ,    ,    ,    ,    ,    ,    ,     ,    ,    ,    ,    ,    ,    ,    ,    ,    ,    ,    ,    ,    ,    ,    ,    ,    ,    ,    ,    ,    ,  ,    ,    , , 
     1945,    1952,                  0,   ,  ,  ,  ,  ,  ,  ,  ,                      ,   ,   ,   ,                   481, 541,     ,     ,    ,    ,     ,    ,    ,    ,    ,    ,    ,    ,    ,    ,    ,    ,    ,    ,    ,    ,    ,    ,    ,    ,    ,    ,    ,    ,    ,    ,     ,    ,     ,     ,    ,    ,    ,    ,    ,    ,    ,    ,     ,    ,    ,    ,    ,    ,    ,    ,    ,    ,    ,    ,    ,    ,    ,    ,    ,    ,    ,    ,    ,    ,    ,    ,    ,    ,    ,    ,    ,    ,    ,    ,    ,    ,    ,     ,    ,    ,    ,    ,    ,    ,    ,    ,    ,    ,    ,    ,    ,    ,    ,    ,    ,    ,    ,    ,    ,  ,    ,    , , 
     1953,    1957,                  0,   ,  ,  ,  ,  ,  ,  ,  ,                      ,   ,   ,   ,                   481, 541,  571,     ,    ,    ,     ,    ,    ,    ,    ,    ,    ,    ,    ,    ,    ,    ,    ,    ,    ,    ,    ,    ,    ,    ,    ,    ,    ,    ,    ,    ,     ,    ,     ,     ,    ,    ,    ,    ,    ,    ,    ,    ,     ,    ,    ,    ,    ,    ,    ,    ,    ,    ,    ,    ,    ,    ,    ,    ,    ,    ,    ,    ,    ,    ,    ,    ,    ,    ,    ,    ,    ,    ,    ,    ,    ,    ,    ,     ,    ,    ,    ,    ,    ,    ,    ,    ,    ,    ,    ,    ,    ,    ,    ,    ,    ,    ,    ,    ,    ,  ,    ,    , , 
     1958,    1970,                   ,   ,  ,  ,  ,  ,  ,  ,  ,                      ,   ,   ,   ,                   734,    ,     ,     ,    ,    ,     ,    ,    ,    ,    ,    ,    ,    ,    ,    ,    ,    ,    ,    ,    ,    ,    ,    ,    ,    ,    ,    ,    ,    ,    ,    ,     ,    ,     ,     ,    ,    ,    ,    ,    ,    ,    ,    ,     ,    ,    ,    ,    ,    ,    ,    ,    ,    ,    ,    ,    ,    ,    ,    ,    ,    ,    ,    ,    ,    ,    ,    ,    ,    ,    ,    ,    ,    ,    ,    ,    ,    ,    ,     ,    ,    ,    ,    ,    ,    ,    ,    ,    ,    ,    ,    ,    ,    ,    ,    ,    ,    ,    ,    ,    ,  ,    ,    , , 
     1971,    1995,                   ,   ,  ,  ,  ,  ,  ,  ,  ,                      ,   ,   ,   ,                      ,    ,     ,     ,    ,    ,     ,    ,    ,    ,    ,    ,    ,    ,    ,    ,    ,    ,    ,    ,    ,    ,    ,    ,    ,    ,    ,    ,    ,    ,    ,    ,     ,    ,     ,     ,    ,    ,    ,    ,    ,    ,    ,    ,     ,    ,    ,    ,    ,    ,    ,    ,    ,    ,    ,    ,    ,    ,    ,    ,    ,    ,    ,    ,    ,    ,    ,    ,    ,    ,    ,    ,    ,    ,    ,    ,    ,    ,    ,     ,    ,    ,    ,    ,    ,    ,    ,    ,    ,    ,    ,    ,    ,    ,    ,    ,    ,    ,    ,    ,    ,  ,    ,    , , 
     1996,    2003,                  0,   ,  ,  ,  ,  ,  ,  ,  ,                      ,   ,   ,   ,                   451,    ,     ,     ,    ,    ,     ,    ,    ,    ,    ,    ,    ,    ,    ,    ,    ,    ,    ,    ,    ,    ,    ,    ,    ,    ,    ,    ,    ,    ,    ,    ,     ,    ,     ,     ,    ,    ,    ,    ,    ,    ,    ,    ,     ,    ,    ,    ,    ,    ,    ,    ,    ,    ,    ,    ,    ,    ,    ,    ,    ,    ,    ,    ,    ,    ,    ,    ,    ,    ,    ,    ,    ,    ,    ,    ,    ,    ,    ,     ,    ,    ,    ,    ,    ,    ,    ,    ,    ,    ,    ,    ,    ,    ,    ,    ,    ,    ,    ,    ,    ,  ,    ,    , , 
     2004,    2006,                  0,   ,  ,  ,  ,  ,  ,  ,  ,                      ,   ,   ,   ,                   451, 331,     ,     ,    ,    ,     ,    ,    ,    ,    ,    ,    ,    ,    ,    ,    ,    ,    ,    ,    ,    ,    ,    ,    ,    ,    ,    ,    ,    ,    ,    ,     ,    ,     ,     ,    ,    ,    ,    ,    ,    ,    ,    ,     ,    ,    ,    ,    ,    ,    ,    ,    ,    ,    ,    ,    ,    ,    ,    ,    ,    ,    ,    ,    ,    ,    ,    ,    ,    ,    ,    ,    ,    ,    ,    ,    ,    ,    ,     ,    ,    ,    ,    ,    ,    ,    ,    ,    ,    ,    ,    ,    ,    ,    ,    ,    ,    ,    ,    ,    ,  ,    ,    , , 
     2007,    2012,                  0,   ,  ,  ,  ,  ,  ,  ,  ,                      ,   ,   ,   ,                   451, 331,  271,     ,    ,    ,     ,    ,    ,    ,    ,    ,    ,    ,    ,    ,    ,    ,    ,    ,    ,    ,    ,    ,    ,    ,    ,    ,    ,    ,    ,    ,     ,    ,     ,     ,    ,    ,    ,    ,    ,    ,    ,    ,     ,    ,    ,    ,    ,    ,    ,    ,    ,    ,    ,    ,    ,    ,    ,    ,    ,    ,    ,    ,    ,    ,    ,    ,    ,    ,    ,    ,    ,    ,    ,    ,    ,    ,    ,     ,    ,    ,    ,    ,    ,    ,    ,    ,    ,    ,    ,    ,    ,    ,    ,    ,    ,    ,    ,    ,    ,  ,    ,    , , 
     2013,    2027,                  0,   ,  ,  ,  ,  ,  ,  ,  ,                      ,   ,   ,   ,                   451, 331,  271,  391,    ,    ,     ,    ,    ,    ,    ,    ,    ,    ,    ,    ,    ,    ,    ,    ,    ,    ,    ,    ,    ,    ,    ,    ,    ,    ,    ,    ,     ,    ,     ,     ,    ,    ,    ,    ,    ,    ,    ,    ,     ,    ,    ,    ,    ,    ,    ,    ,    ,    ,    ,    ,    ,    ,    ,    ,    ,    ,    ,    ,    ,    ,    ,    ,    ,    ,    ,    ,    ,    ,    ,    ,    ,    ,    ,     ,    ,    ,    ,    ,    ,    ,    ,    ,    ,    ,    ,    ,    ,    ,    ,    ,    ,    ,    ,    ,    ,  ,    ,    , , 
     2028,    2028,                  0,   ,  ,  ,  ,  ,  ,  ,  ,                      ,   ,   ,   ,                   451, 331,  271,  391, 751,    ,     ,    ,    ,    ,    ,    ,    ,    ,    ,    ,    ,    ,    ,    ,    ,    ,    ,    ,    ,    ,    ,    ,    ,    ,    ,    ,     ,    ,     ,     ,    ,    ,    ,    ,    ,    ,    ,    ,     ,    ,    ,    ,    ,    ,    ,    ,    ,    ,    ,    ,    ,    ,    ,    ,    ,    ,    ,    ,    ,    ,    ,    ,    ,    ,    ,    ,    ,    ,    ,    ,    ,    ,    ,     ,    ,    ,    ,    ,    ,    ,    ,    ,    ,    ,    ,    ,    ,    ,    ,    ,    ,    ,    ,    ,    ,  ,    ,    , , 
     2029,    2191,                  0,  1,  ,  ,  ,  ,  ,  ,  ,                      ,   ,   ,   ,                      ,    ,     ,     ,    ,    ,     ,    ,    ,    ,    ,    ,    ,    ,    ,    ,    ,    ,    ,    ,    ,    ,    ,    ,    ,    ,    ,    ,    ,    ,    ,    ,     ,    ,     ,     ,    ,    ,    ,    ,    ,    ,    ,    ,     ,    ,    ,    ,    ,    ,    ,    ,    ,    ,    ,    ,    ,    ,    ,    ,    ,    ,    ,    ,    ,    ,    ,    ,    ,    ,    ,    ,    ,    ,    ,    ,    ,    ,    ,     ,    ,    ,    ,    ,    ,    ,    ,    ,    ,    ,    ,    ,    ,    ,    ,    ,    ,    ,    ,    ,    ,  ,    ,    , , 
     2192,    2202,                  0,  1,  ,  ,  ,  ,  ,  ,  ,                      ,   ,   ,   ,                   542,    ,     ,     ,    ,    ,     ,    ,    ,    ,    ,    ,    ,    ,    ,    ,    ,    ,    ,    ,    ,    ,    ,    ,    ,    ,    ,    ,    ,    ,    ,    ,     ,    ,     ,     ,    ,    ,    ,    ,    ,    ,    ,    ,     ,    ,    ,    ,    ,    ,    ,    ,    ,    ,    ,    ,    ,    ,    ,    ,    ,    ,    ,    ,    ,    ,    ,    ,    ,    ,    ,    ,    ,    ,    ,    ,    ,    ,    ,     ,    ,    ,    ,    ,    ,    ,    ,    ,    ,    ,    ,    ,    ,    ,    ,    ,    ,    ,    ,    ,    ,  ,    ,    , , 
     2203,    2210,                  0,  1,  ,  ,  ,  ,  ,  ,  ,                      ,   ,   ,   ,                   542, 572,     ,     ,    ,    ,     ,    ,    ,    ,    ,    ,    ,    ,    ,    ,    ,    ,    ,    ,    ,    ,    ,    ,    ,    ,    ,    ,    ,    ,    ,    ,     ,    ,     ,     ,    ,    ,    ,    ,    ,    ,    ,    ,     ,    ,    ,    ,    ,    ,    ,    ,    ,    ,    ,    ,    ,    ,    ,    ,    ,    ,    ,    ,    ,    ,    ,    ,    ,    ,    ,    ,    ,    ,    ,    ,    ,    ,    ,     ,    ,    ,    ,    ,    ,    ,    ,    ,    ,    ,    ,    ,    ,    ,    ,    ,    ,    ,    ,    ,    ,  ,    ,    , , 
     2211,    2252,                  0,  1,  ,  ,  ,  ,  ,  ,  ,                      ,   ,   ,   ,                   542, 572,  482,  632,    ,    ,     ,    ,    ,    ,    ,    ,    ,    ,    ,    ,    ,    ,    ,    ,    ,    ,    ,    ,    ,    ,    ,    ,    ,    ,    ,    ,     ,    ,     ,     ,    ,    ,    ,    ,    ,    ,    ,    ,     ,    ,    ,    ,    ,    ,    ,    ,    ,    ,    ,    ,    ,    ,    ,    ,    ,    ,    ,    ,    ,    ,    ,    ,    ,    ,    ,    ,    ,    ,    ,    ,    ,    ,    ,     ,    ,    ,    ,    ,    ,    ,    ,    ,    ,    ,    ,    ,    ,    ,    ,    ,    ,    ,    ,    ,    ,  ,    ,    , , 
     2253,    2256,                  0,  1,  ,  ,  ,  ,  ,  ,  ,                      ,   ,   ,   ,                   542, 572,  482,  632, 422, 452,     ,    ,    ,    ,    ,    ,    ,    ,    ,    ,    ,    ,    ,    ,    ,    ,    ,    ,    ,    ,    ,    ,    ,    ,    ,    ,     ,    ,     ,     ,    ,    ,    ,    ,    ,    ,    ,    ,     ,    ,    ,    ,    ,    ,    ,    ,    ,    ,    ,    ,    ,    ,    ,    ,    ,    ,    ,    ,    ,    ,    ,    ,    ,    ,    ,    ,    ,    ,    ,    ,    ,    ,    ,     ,    ,    ,    ,    ,    ,    ,    ,    ,    ,    ,    ,    ,    ,    ,    ,    ,    ,    ,    ,    ,    ,  ,    ,    , , 
     2257,    2272,                  0,  1,  ,  ,  ,  ,  ,  ,  ,                      ,   ,   ,   ,                   542, 572,  482,  632, 422, 452,  392,    ,    ,    ,    ,    ,    ,    ,    ,    ,    ,    ,    ,    ,    ,    ,    ,    ,    ,    ,    ,    ,    ,    ,    ,    ,     ,    ,     ,     ,    ,    ,    ,    ,    ,    ,    ,    ,     ,    ,    ,    ,    ,    ,    ,    ,    ,    ,    ,    ,    ,    ,    ,    ,    ,    ,    ,    ,    ,    ,    ,    ,    ,    ,    ,    ,    ,    ,    ,    ,    ,    ,    ,     ,    ,    ,    ,    ,    ,    ,    ,    ,    ,    ,    ,    ,    ,    ,    ,    ,    ,    ,    ,    ,    ,  ,    ,    , , 
     2273,    2285,                  0,  1,  ,  ,  ,  ,  ,  ,  ,                      ,   ,   ,   ,                   542, 572,  482,  632, 422, 452,  392, 602,    ,    ,    ,    ,    ,    ,    ,    ,    ,    ,    ,    ,    ,    ,    ,    ,    ,    ,    ,    ,    ,    ,    ,    ,     ,    ,     ,     ,    ,    ,    ,    ,    ,    ,    ,    ,     ,    ,    ,    ,    ,    ,    ,    ,    ,    ,    ,    ,    ,    ,    ,    ,    ,    ,    ,    ,    ,    ,    ,    ,    ,    ,    ,    ,    ,    ,    ,    ,    ,    ,    ,     ,    ,    ,    ,    ,    ,    ,    ,    ,    ,    ,    ,    ,    ,    ,    ,    ,    ,    ,    ,    ,    ,  ,    ,    , , 
     2286,    2300,                  0,  1,  ,  ,  ,  ,  ,  ,  ,                      ,   ,   ,   ,                   542, 572,  482,  632, 422, 452,  392, 602, 332,    ,    ,    ,    ,    ,    ,    ,    ,    ,    ,    ,    ,    ,    ,    ,    ,    ,    ,    ,    ,    ,    ,    ,     ,    ,     ,     ,    ,    ,    ,    ,    ,    ,    ,    ,     ,    ,    ,    ,    ,    ,    ,    ,    ,    ,    ,    ,    ,    ,    ,    ,    ,    ,    ,    ,    ,    ,    ,    ,    ,    ,    ,    ,    ,    ,    ,    ,    ,    ,    ,     ,    ,    ,    ,    ,    ,    ,    ,    ,    ,    ,    ,    ,    ,    ,    ,    ,    ,    ,    ,    ,    ,  ,    ,    , , 
     2301,    2302,                  0,  1,  ,  ,  ,  ,  ,  ,  ,                      ,   ,   ,   ,                   542, 572,  482,  632, 422, 452,  392, 602, 332, 302,    ,    ,    ,    ,    ,    ,    ,    ,    ,    ,    ,    ,    ,    ,    ,    ,    ,    ,    ,    ,    ,    ,     ,    ,     ,     ,    ,    ,    ,    ,    ,    ,    ,    ,     ,    ,    ,    ,    ,    ,    ,    ,    ,    ,    ,    ,    ,    ,    ,    ,    ,    ,    ,    ,    ,    ,    ,    ,    ,    ,    ,    ,    ,    ,    ,    ,    ,    ,    ,     ,    ,    ,    ,    ,    ,    ,    ,    ,    ,    ,    ,    ,    ,    ,    ,    ,    ,    ,    ,    ,    ,  ,    ,    , , 
     2303,    2337,                  0,  1,  ,  ,  ,  ,  ,  ,  ,                      ,   ,   ,   ,                   542, 572,  482,  632, 422, 452,  392, 602, 332, 302, 662,    ,    ,    ,    ,    ,    ,    ,    ,    ,    ,    ,    ,    ,    ,    ,    ,    ,    ,    ,    ,    ,     ,    ,     ,     ,    ,    ,    ,    ,    ,    ,    ,    ,     ,    ,    ,    ,    ,    ,    ,    ,    ,    ,    ,    ,    ,    ,    ,    ,    ,    ,    ,    ,    ,    ,    ,    ,    ,    ,    ,    ,    ,    ,    ,    ,    ,    ,    ,     ,    ,    ,    ,    ,    ,    ,    ,    ,    ,    ,    ,    ,    ,    ,    ,    ,    ,    ,    ,    ,    ,  ,    ,    , , 
     2338,    2343,                  0,  1,  ,  ,  ,  ,  ,  ,  ,                      ,   ,   ,   ,                   542, 572,  482,  632, 422, 452,  392, 602, 332, 302, 662, 692,    ,    ,    ,    ,    ,    ,    ,    ,    ,    ,    ,    ,    ,    ,    ,    ,    ,    ,    ,    ,     ,    ,     ,     ,    ,    ,    ,    ,    ,    ,    ,    ,     ,    ,    ,    ,    ,    ,    ,    ,    ,    ,    ,    ,    ,    ,    ,    ,    ,    ,    ,    ,    ,    ,    ,    ,    ,    ,    ,    ,    ,    ,    ,    ,    ,    ,    ,     ,    ,    ,    ,    ,    ,    ,    ,    ,    ,    ,    ,    ,    ,    ,    ,    ,    ,    ,    ,    ,    ,  ,    ,    , , 
     2344,    2349,                  0,  1,  ,  ,  ,  ,  ,  ,  ,                      ,   ,   ,   ,                   542, 572,  482,  632, 422, 452,  392, 602, 332, 302, 662, 692, 842,    ,    ,    ,    ,    ,    ,    ,    ,    ,    ,    ,    ,    ,    ,    ,    ,    ,    ,    ,     ,    ,     ,     ,    ,    ,    ,    ,    ,    ,    ,    ,     ,    ,    ,    ,    ,    ,    ,    ,    ,    ,    ,    ,    ,    ,    ,    ,    ,    ,    ,    ,    ,    ,    ,    ,    ,    ,    ,    ,    ,    ,    ,    ,    ,    ,    ,     ,    ,    ,    ,    ,    ,    ,    ,    ,    ,    ,    ,    ,    ,    ,    ,    ,    ,    ,    ,    ,    ,  ,    ,    , , 
     2350,    2376,                  0,  1, 2,  ,  ,  ,  ,  ,  ,                      ,   ,   ,   ,                      ,    ,     ,     ,    ,    ,     ,    ,    ,    ,    ,    ,    ,    ,    ,    ,    ,    ,    ,    ,    ,    ,    ,    ,    ,    ,    ,    ,    ,    ,    ,    ,     ,    ,     ,     ,    ,    ,    ,    ,    ,    ,    ,    ,     ,    ,    ,    ,    ,    ,    ,    ,    ,    ,    ,    ,    ,    ,    ,    ,    ,    ,    ,    ,    ,    ,    ,    ,    ,    ,    ,    ,    ,    ,    ,    ,    ,    ,    ,     ,    ,    ,    ,    ,    ,    ,    ,    ,    ,    ,    ,    ,    ,    ,    ,    ,    ,    ,    ,    ,    ,  ,    ,    , , 
     2377,    2405,                  0,  1, 2,  ,  ,  ,  ,  ,  ,                      ,   ,   ,   ,                   393,    ,     ,     ,    ,    ,     ,    ,    ,    ,    ,    ,    ,    ,    ,    ,    ,    ,    ,    ,    ,    ,    ,    ,    ,    ,    ,    ,    ,    ,    ,    ,     ,    ,     ,     ,    ,    ,    ,    ,    ,    ,    ,    ,     ,    ,    ,    ,    ,    ,    ,    ,    ,    ,    ,    ,    ,    ,    ,    ,    ,    ,    ,    ,    ,    ,    ,    ,    ,    ,    ,    ,    ,    ,    ,    ,    ,    ,    ,     ,    ,    ,    ,    ,    ,    ,    ,    ,    ,    ,    ,    ,    ,    ,    ,    ,    ,    ,    ,    ,    ,  ,    ,    , , 
     2406,    2415,                  0,  1, 2,  ,  ,  ,  ,  ,  ,                      ,   ,   ,   ,                   393, 453,  513,     ,    ,    ,     ,    ,    ,    ,    ,    ,    ,    ,    ,    ,    ,    ,    ,    ,    ,    ,    ,    ,    ,    ,    ,    ,    ,    ,    ,    ,     ,    ,     ,     ,    ,    ,    ,    ,    ,    ,    ,    ,     ,    ,    ,    ,    ,    ,    ,    ,    ,    ,    ,    ,    ,    ,    ,    ,    ,    ,    ,    ,    ,    ,    ,    ,    ,    ,    ,    ,    ,    ,    ,    ,    ,    ,    ,     ,    ,    ,    ,    ,    ,    ,    ,    ,    ,    ,    ,    ,    ,    ,    ,    ,    ,    ,    ,    ,    ,  ,    ,    , , 
     2416,    2421,                  0,  1, 2,  ,  ,  ,  ,  ,  ,                      ,   ,   ,   ,                   393, 453,  513,  483,    ,    ,     ,    ,    ,    ,    ,    ,    ,    ,    ,    ,    ,    ,    ,    ,    ,    ,    ,    ,    ,    ,    ,    ,    ,    ,    ,    ,     ,    ,     ,     ,    ,    ,    ,    ,    ,    ,    ,    ,     ,    ,    ,    ,    ,    ,    ,    ,    ,    ,    ,    ,    ,    ,    ,    ,    ,    ,    ,    ,    ,    ,    ,    ,    ,    ,    ,    ,    ,    ,    ,    ,    ,    ,    ,     ,    ,    ,    ,    ,    ,    ,    ,    ,    ,    ,    ,    ,    ,    ,    ,    ,    ,    ,    ,    ,    ,  ,    ,    , , 
     2422,    2422,                  0,  1, 2,  ,  ,  ,  ,  ,  ,                      ,   ,   ,   ,                   393, 453,  513,  483, 363,    ,     ,    ,    ,    ,    ,    ,    ,    ,    ,    ,    ,    ,    ,    ,    ,    ,    ,    ,    ,    ,    ,    ,    ,    ,    ,    ,     ,    ,     ,     ,    ,    ,    ,    ,    ,    ,    ,    ,     ,    ,    ,    ,    ,    ,    ,    ,    ,    ,    ,    ,    ,    ,    ,    ,    ,    ,    ,    ,    ,    ,    ,    ,    ,    ,    ,    ,    ,    ,    ,    ,    ,    ,    ,     ,    ,    ,    ,    ,    ,    ,    ,    ,    ,    ,    ,    ,    ,    ,    ,    ,    ,    ,    ,    ,    ,  ,    ,    , , 
     2423,    2441,                  0,  1, 2,  ,  ,  ,  ,  ,  ,                      ,   ,   ,   ,                   393, 453,  513,  483, 363, 603,     ,    ,    ,    ,    ,    ,    ,    ,    ,    ,    ,    ,    ,    ,    ,    ,    ,    ,    ,    ,    ,    ,    ,    ,    ,    ,     ,    ,     ,     ,    ,    ,    ,    ,    ,    ,    ,    ,     ,    ,    ,    ,    ,    ,    ,    ,    ,    ,    ,    ,    ,    ,    ,    ,    ,    ,    ,    ,    ,    ,    ,    ,    ,    ,    ,    ,    ,    ,    ,    ,    ,    ,    ,     ,    ,    ,    ,    ,    ,    ,    ,    ,    ,    ,    ,    ,    ,    ,    ,    ,    ,    ,    ,    ,    ,  ,    ,    , , 
     2442,    2458,                  0,  1, 2,  ,  ,  ,  ,  ,  ,                      ,   ,   ,   ,                   393, 453,  513,  483, 363, 603,  633,    ,    ,    ,    ,    ,    ,    ,    ,    ,    ,    ,    ,    ,    ,    ,    ,    ,    ,    ,    ,    ,    ,    ,    ,    ,     ,    ,     ,     ,    ,    ,    ,    ,    ,    ,    ,    ,     ,    ,    ,    ,    ,    ,    ,    ,    ,    ,    ,    ,    ,    ,    ,    ,    ,    ,    ,    ,    ,    ,    ,    ,    ,    ,    ,    ,    ,    ,    ,    ,    ,    ,    ,     ,    ,    ,    ,    ,    ,    ,    ,    ,    ,    ,    ,    ,    ,    ,    ,    ,    ,    ,    ,    ,    ,  ,    ,    , , 
     2459,    2466,                  0,  1, 2,  ,  ,  ,  ,  ,  ,                      ,   ,   ,   ,                   393, 453,  513,  483, 363, 603,  633, 573,    ,    ,    ,    ,    ,    ,    ,    ,    ,    ,    ,    ,    ,    ,    ,    ,    ,    ,    ,    ,    ,    ,    ,    ,     ,    ,     ,     ,    ,    ,    ,    ,    ,    ,    ,    ,     ,    ,    ,    ,    ,    ,    ,    ,    ,    ,    ,    ,    ,    ,    ,    ,    ,    ,    ,    ,    ,    ,    ,    ,    ,    ,    ,    ,    ,    ,    ,    ,    ,    ,    ,     ,    ,    ,    ,    ,    ,    ,    ,    ,    ,    ,    ,    ,    ,    ,    ,    ,    ,    ,    ,    ,    ,  ,    ,    , , 
     2467,    2471,                  0,  1, 2,  ,  ,  ,  ,  ,  ,                      ,   ,   ,   ,                   393, 453,  513,  483, 363, 603,  633, 573, 543,    ,    ,    ,    ,    ,    ,    ,    ,    ,    ,    ,    ,    ,    ,    ,    ,    ,    ,    ,    ,    ,    ,    ,     ,    ,     ,     ,    ,    ,    ,    ,    ,    ,    ,    ,     ,    ,    ,    ,    ,    ,    ,    ,    ,    ,    ,    ,    ,    ,    ,    ,    ,    ,    ,    ,    ,    ,    ,    ,    ,    ,    ,    ,    ,    ,    ,    ,    ,    ,    ,     ,    ,    ,    ,    ,    ,    ,    ,    ,    ,    ,    ,    ,    ,    ,    ,    ,    ,    ,    ,    ,    ,  ,    ,    , , 
     2472,    2523,                  0,  1, 2,  ,  ,  ,  ,  ,  ,                      ,   ,   ,   ,                   393, 453,  513,  483, 363, 603,  633, 573, 543, 663, 454,    ,    ,    ,    ,    ,    ,    ,    ,    ,    ,    ,    ,    ,    ,    ,    ,    ,    ,    ,    ,    ,     ,    ,     ,     ,    ,    ,    ,    ,    ,    ,    ,    ,     ,    ,    ,    ,    ,    ,    ,    ,    ,    ,    ,    ,    ,    ,    ,    ,    ,    ,    ,    ,    ,    ,    ,    ,    ,    ,    ,    ,    ,    ,    ,    ,    ,    ,    ,     ,    ,    ,    ,    ,    ,    ,    ,    ,    ,    ,    ,    ,    ,    ,    ,    ,    ,    ,    ,    ,    ,  ,    ,    , , 
     2524,    2579,                  0,  1, 2, 3,  ,  ,  ,  ,  ,                      ,   ,   ,   ,                   454,    ,     ,     ,    ,    ,     ,    ,    ,    ,    ,    ,    ,    ,    ,    ,    ,    ,    ,    ,    ,    ,    ,    ,    ,    ,    ,    ,    ,    ,    ,    ,     ,    ,     ,     ,    ,    ,    ,    ,    ,    ,    ,    ,     ,    ,    ,    ,    ,    ,    ,    ,    ,    ,    ,    ,    ,    ,    ,    ,    ,    ,    ,    ,    ,    ,    ,    ,    ,    ,    ,    ,    ,    ,    ,    ,    ,    ,    ,     ,    ,    ,    ,    ,    ,    ,    ,    ,    ,    ,    ,    ,    ,    ,    ,    ,    ,    ,    ,    ,    ,  ,    ,    , , 
     2580,    2650,                  0,  1, 2, 3,  ,  ,  ,  ,  ,                      ,   ,   ,   ,                   454, 544,     ,     ,    ,    ,     ,    ,    ,    ,    ,    ,    ,    ,    ,    ,    ,    ,    ,    ,    ,    ,    ,    ,    ,    ,    ,    ,    ,    ,    ,    ,     ,    ,     ,     ,    ,    ,    ,    ,    ,    ,    ,    ,     ,    ,    ,    ,    ,    ,    ,    ,    ,    ,    ,    ,    ,    ,    ,    ,    ,    ,    ,    ,    ,    ,    ,    ,    ,    ,    ,    ,    ,    ,    ,    ,    ,    ,    ,     ,    ,    ,    ,    ,    ,    ,    ,    ,    ,    ,    ,    ,    ,    ,    ,    ,    ,    ,    ,    ,    ,  ,    ,    , , 
     2651,    2659,                  0,  1, 2, 3,  ,  ,  ,  ,  ,                      ,   ,   ,   ,                   454, 544,  604,     ,    ,    ,     ,    ,    ,    ,    ,    ,    ,    ,    ,    ,    ,    ,    ,    ,    ,    ,    ,    ,    ,    ,    ,    ,    ,    ,    ,    ,     ,    ,     ,     ,    ,    ,    ,    ,    ,    ,    ,    ,     ,    ,    ,    ,    ,    ,    ,    ,    ,    ,    ,    ,    ,    ,    ,    ,    ,    ,    ,    ,    ,    ,    ,    ,    ,    ,    ,    ,    ,    ,    ,    ,    ,    ,    ,     ,    ,    ,    ,    ,    ,    ,    ,    ,    ,    ,    ,    ,    ,    ,    ,    ,    ,    ,    ,    ,    ,  ,    ,    , , 
     2660,    2671,                  0,  1, 2, 3,  ,  ,  ,  ,  ,                      ,   ,   ,   ,                   454, 544,  604,  724,    ,    ,     ,    ,    ,    ,    ,    ,    ,    ,    ,    ,    ,    ,    ,    ,    ,    ,    ,    ,    ,    ,    ,    ,    ,    ,    ,    ,     ,    ,     ,     ,    ,    ,    ,    ,    ,    ,    ,    ,     ,    ,    ,    ,    ,    ,    ,    ,    ,    ,    ,    ,    ,    ,    ,    ,    ,    ,    ,    ,    ,    ,    ,    ,    ,    ,    ,    ,    ,    ,    ,    ,    ,    ,    ,     ,    ,    ,    ,    ,    ,    ,    ,    ,    ,    ,    ,    ,    ,    ,    ,    ,    ,    ,    ,    ,    ,  ,    ,    , , 
     2672,    2688,                  0,  1, 2, 3,  ,  ,  ,  ,  ,                      ,   ,   ,   ,                   454, 544,  604,  724, 634,    ,     ,    ,    ,    ,    ,    ,    ,    ,    ,    ,    ,    ,    ,    ,    ,    ,    ,    ,    ,    ,    ,    ,    ,    ,    ,    ,     ,    ,     ,     ,    ,    ,    ,    ,    ,    ,    ,    ,     ,    ,    ,    ,    ,    ,    ,    ,    ,    ,    ,    ,    ,    ,    ,    ,    ,    ,    ,    ,    ,    ,    ,    ,    ,    ,    ,    ,    ,    ,    ,    ,    ,    ,    ,     ,    ,    ,    ,    ,    ,    ,    ,    ,    ,    ,    ,    ,    ,    ,    ,    ,    ,    ,    ,    ,    ,  ,    ,    , , 
     2689,    2698,                  0,  1, 2, 3,  ,  ,  ,  ,  ,                      ,   ,   ,   ,                   454, 544,  604,  724, 634, 754,     ,    ,    ,    ,    ,    ,    ,    ,    ,    ,    ,    ,    ,    ,    ,    ,    ,    ,    ,    ,    ,    ,    ,    ,    ,    ,     ,    ,     ,     ,    ,    ,    ,    ,    ,    ,    ,    ,     ,    ,    ,    ,    ,    ,    ,    ,    ,    ,    ,    ,    ,    ,    ,    ,    ,    ,    ,    ,    ,    ,    ,    ,    ,    ,    ,    ,    ,    ,    ,    ,    ,    ,    ,     ,    ,    ,    ,    ,    ,    ,    ,    ,    ,    ,    ,    ,    ,    ,    ,    ,    ,    ,    ,    ,    ,  ,    ,    , , 
     2699,    2712,                  0,  1, 2, 3,  ,  ,  ,  ,  ,                      ,   ,   ,   ,                   454, 544,  604,  724, 634, 754,  484,    ,    ,    ,    ,    ,    ,    ,    ,    ,    ,    ,    ,    ,    ,    ,    ,    ,    ,    ,    ,    ,    ,    ,    ,    ,     ,    ,     ,     ,    ,    ,    ,    ,    ,    ,    ,    ,     ,    ,    ,    ,    ,    ,    ,    ,    ,    ,    ,    ,    ,    ,    ,    ,    ,    ,    ,    ,    ,    ,    ,    ,    ,    ,    ,    ,    ,    ,    ,    ,    ,    ,    ,     ,    ,    ,    ,    ,    ,    ,    ,    ,    ,    ,    ,    ,    ,    ,    ,    ,    ,    ,    ,    ,    ,  ,    ,    , , 
     2713,    2720,                  0,  1, 2, 3,  ,  ,  ,  ,  ,                      ,   ,   ,   ,                   454, 544,  604,  724, 634, 754,  484, 814,    ,    ,    ,    ,    ,    ,    ,    ,    ,    ,    ,    ,    ,    ,    ,    ,    ,    ,    ,    ,    ,    ,    ,    ,     ,    ,     ,     ,    ,    ,    ,    ,    ,    ,    ,    ,     ,    ,    ,    ,    ,    ,    ,    ,    ,    ,    ,    ,    ,    ,    ,    ,    ,    ,    ,    ,    ,    ,    ,    ,    ,    ,    ,    ,    ,    ,    ,    ,    ,    ,    ,     ,    ,    ,    ,    ,    ,    ,    ,    ,    ,    ,    ,    ,    ,    ,    ,    ,    ,    ,    ,    ,    ,  ,    ,    , , 
     2721,    2723,                  0,  1, 2, 3,  ,  ,  ,  ,  ,                      ,   ,   ,   ,                   454, 544,  604,  724, 634, 754,  484, 814, 334,    ,    ,    ,    ,    ,    ,    ,    ,    ,    ,    ,    ,    ,    ,    ,    ,    ,    ,    ,    ,    ,    ,    ,     ,    ,     ,     ,    ,    ,    ,    ,    ,    ,    ,    ,     ,    ,    ,    ,    ,    ,    ,    ,    ,    ,    ,    ,    ,    ,    ,    ,    ,    ,    ,    ,    ,    ,    ,    ,    ,    ,    ,    ,    ,    ,    ,    ,    ,    ,    ,     ,    ,    ,    ,    ,    ,    ,    ,    ,    ,    ,    ,    ,    ,    ,    ,    ,    ,    ,    ,    ,    ,  ,    ,    , , 
     2724,    2726,                  0,  1, 2, 3,  ,  ,  ,  ,  ,                      ,   ,   ,   ,                   454, 544,  604,  724, 634, 754,  484, 814, 334, 514,    ,    ,    ,    ,    ,    ,    ,    ,    ,    ,    ,    ,    ,    ,    ,    ,    ,    ,    ,    ,    ,    ,     ,    ,     ,     ,    ,    ,    ,    ,    ,    ,    ,    ,     ,    ,    ,    ,    ,    ,    ,    ,    ,    ,    ,    ,    ,    ,    ,    ,    ,    ,    ,    ,    ,    ,    ,    ,    ,    ,    ,    ,    ,    ,    ,    ,    ,    ,    ,     ,    ,    ,    ,    ,    ,    ,    ,    ,    ,    ,    ,    ,    ,    ,    ,    ,    ,    ,    ,    ,    ,  ,    ,    , , 
     2727,    2727,                  0,  1, 2, 3,  ,  ,  ,  ,  ,                      ,   ,   ,   ,                   454, 544,  604,  724, 634, 754,  484, 814, 334, 514, 574,    ,    ,    ,    ,    ,    ,    ,    ,    ,    ,    ,    ,    ,    ,    ,    ,    ,    ,    ,    ,    ,     ,    ,     ,     ,    ,    ,    ,    ,    ,    ,    ,    ,     ,    ,    ,    ,    ,    ,    ,    ,    ,    ,    ,    ,    ,    ,    ,    ,    ,    ,    ,    ,    ,    ,    ,    ,    ,    ,    ,    ,    ,    ,    ,    ,    ,    ,    ,     ,    ,    ,    ,    ,    ,    ,    ,    ,    ,    ,    ,    ,    ,    ,    ,    ,    ,    ,    ,    ,    ,  ,    ,    , , 
     2728,    2777,                  0,  1, 2, 3,  ,  ,  ,  ,  ,                      ,   ,   ,   ,                   454, 544,  604,  724, 634, 754,  484, 814, 334, 514, 574, 424,    ,    ,    ,    ,    ,    ,    ,    ,    ,    ,    ,    ,    ,    ,    ,    ,    ,    ,    ,    ,     ,    ,     ,     ,    ,    ,    ,    ,    ,    ,    ,    ,     ,    ,    ,    ,    ,    ,    ,    ,    ,    ,    ,    ,    ,    ,    ,    ,    ,    ,    ,    ,    ,    ,    ,    ,    ,    ,    ,    ,    ,    ,    ,    ,    ,    ,    ,     ,    ,    ,    ,    ,    ,    ,    ,    ,    ,    ,    ,    ,    ,    ,    ,    ,    ,    ,    ,    ,    ,  ,    ,    , , 
     2778,    2807,                  0,  1, 2, 3,  ,  ,  ,  ,  ,                      ,   ,   ,   ,                   454, 544,  604,  724, 634, 754,  484, 814, 334, 514, 574, 424, 694,    ,    ,    ,    ,    ,    ,    ,    ,    ,    ,    ,    ,    ,    ,    ,    ,    ,    ,    ,     ,    ,     ,     ,    ,    ,    ,    ,    ,    ,    ,    ,     ,    ,    ,    ,    ,    ,    ,    ,    ,    ,    ,    ,    ,    ,    ,    ,    ,    ,    ,    ,    ,    ,    ,    ,    ,    ,    ,    ,    ,    ,    ,    ,    ,    ,    ,     ,    ,    ,    ,    ,    ,    ,    ,    ,    ,    ,    ,    ,    ,    ,    ,    ,    ,    ,    ,    ,    ,  ,    ,    , , 
     2808,    2810,                  0,  1, 2, 3,  ,  ,  ,  ,  ,                      ,   ,   ,   ,                   454, 544,  604,  724, 634, 754,  484, 814, 334, 514, 574, 424, 694, 545,    ,    ,    ,    ,    ,    ,    ,    ,    ,    ,    ,    ,    ,    ,    ,    ,    ,    ,     ,    ,     ,     ,    ,    ,    ,    ,    ,    ,    ,    ,     ,    ,    ,    ,    ,    ,    ,    ,    ,    ,    ,    ,    ,    ,    ,    ,    ,    ,    ,    ,    ,    ,    ,    ,    ,    ,    ,    ,    ,    ,    ,    ,    ,    ,    ,     ,    ,    ,    ,    ,    ,    ,    ,    ,    ,    ,    ,    ,    ,    ,    ,    ,    ,    ,    ,    ,    ,  ,    ,    , , 
     2811,    2816,                  0,  1, 2, 3,  ,  ,  ,  ,  ,                      ,   ,   ,   ,                   454, 544,  604,  724, 634, 754,  484, 814, 334, 514, 574, 424, 694, 545, 274,    ,    ,    ,    ,    ,    ,    ,    ,    ,    ,    ,    ,    ,    ,    ,    ,    ,     ,    ,     ,     ,    ,    ,    ,    ,    ,    ,    ,    ,     ,    ,    ,    ,    ,    ,    ,    ,    ,    ,    ,    ,    ,    ,    ,    ,    ,    ,    ,    ,    ,    ,    ,    ,    ,    ,    ,    ,    ,    ,    ,    ,    ,    ,    ,     ,    ,    ,    ,    ,    ,    ,    ,    ,    ,    ,    ,    ,    ,    ,    ,    ,    ,    ,    ,    ,    ,  ,    ,    , , 
     2817,    2818,                  0,  1, 2, 3,  ,  ,  ,  ,  ,                      ,   ,   ,   ,                   454, 544,  604,  724, 634, 754,  484, 814, 334, 514, 574, 424, 694, 545, 274, 515,    ,    ,    ,    ,    ,    ,    ,    ,    ,    ,    ,    ,    ,    ,    ,    ,     ,    ,     ,     ,    ,    ,    ,    ,    ,    ,    ,    ,     ,    ,    ,    ,    ,    ,    ,    ,    ,    ,    ,    ,    ,    ,    ,    ,    ,    ,    ,    ,    ,    ,    ,    ,    ,    ,    ,    ,    ,    ,    ,    ,    ,    ,    ,     ,    ,    ,    ,    ,    ,    ,    ,    ,    ,    ,    ,    ,    ,    ,    ,    ,    ,    ,    ,    ,    ,  ,    ,    , , 
     2819,    2819,                  0,  1, 2, 3,  ,  ,  ,  ,  ,                      ,   ,   ,   ,                   454, 544,  604,  724, 634, 754,  484, 814, 334, 514, 574, 424, 694, 545, 274, 515, 575,    ,    ,    ,    ,    ,    ,    ,    ,    ,    ,    ,    ,    ,    ,    ,     ,    ,     ,     ,    ,    ,    ,    ,    ,    ,    ,    ,     ,    ,    ,    ,    ,    ,    ,    ,    ,    ,    ,    ,    ,    ,    ,    ,    ,    ,    ,    ,    ,    ,    ,    ,    ,    ,    ,    ,    ,    ,    ,    ,    ,    ,    ,     ,    ,    ,    ,    ,    ,    ,    ,    ,    ,    ,    ,    ,    ,    ,    ,    ,    ,    ,    ,    ,    ,  ,    ,    , , 
     2820,    2823,                  0,  1, 2, 3,  ,  ,  ,  ,  ,                      ,   ,   ,   ,                   454, 544,  604,  724, 634, 754,  484, 814, 334, 514, 574, 424, 694, 545, 274, 515, 575, 395,    ,    ,    ,    ,    ,    ,    ,    ,    ,    ,    ,    ,    ,    ,     ,    ,     ,     ,    ,    ,    ,    ,    ,    ,    ,    ,     ,    ,    ,    ,    ,    ,    ,    ,    ,    ,    ,    ,    ,    ,    ,    ,    ,    ,    ,    ,    ,    ,    ,    ,    ,    ,    ,    ,    ,    ,    ,    ,    ,    ,    ,     ,    ,    ,    ,    ,    ,    ,    ,    ,    ,    ,    ,    ,    ,    ,    ,    ,    ,    ,    ,    ,    ,  ,    ,    , , 
     2824,    2827,                  0,  1, 2, 3,  ,  ,  ,  ,  ,                      ,   ,   ,   ,                   454, 544,  604,  724, 634, 754,  484, 814, 334, 514, 574, 424, 694, 545, 274, 515, 575, 395, 485,    ,    ,    ,    ,    ,    ,    ,    ,    ,    ,    ,    ,    ,     ,    ,     ,     ,    ,    ,    ,    ,    ,    ,    ,    ,     ,    ,    ,    ,    ,    ,    ,    ,    ,    ,    ,    ,    ,    ,    ,    ,    ,    ,    ,    ,    ,    ,    ,    ,    ,    ,    ,    ,    ,    ,    ,    ,    ,    ,    ,     ,    ,    ,    ,    ,    ,    ,    ,    ,    ,    ,    ,    ,    ,    ,    ,    ,    ,    ,    ,    ,    ,  ,    ,    , , 
     2828,    2828,                  0,  1, 2, 3,  ,  ,  ,  ,  ,                      ,   ,   ,   ,                   454, 544,  604,  724, 634, 754,  484, 814, 334, 514, 574, 424, 694, 274,    ,    ,    ,    ,    ,    ,    ,    ,    ,    ,    ,    ,    ,    ,    ,    ,    ,    ,     ,    ,     ,     ,    ,    ,    ,    ,    ,    ,    ,    ,     ,    ,    ,    ,    ,    ,    ,    ,    ,    ,    ,    ,    ,    ,    ,    ,    ,    ,    ,    ,    ,    ,    ,    ,    ,    ,    ,    ,    ,    ,    ,    ,    ,    ,    ,     ,    ,    ,    ,    ,    ,    ,    ,    ,    ,    ,    ,    ,    ,    ,    ,    ,    ,    ,    ,    ,    ,  ,    ,    , , 
     2829,    2829,                  0,  1, 2, 3,  ,  ,  ,  ,  ,                      ,   ,   ,   ,                   454, 544,  604,  724, 634, 754,  484, 814, 334, 514, 574, 424, 694, 274, 664,    ,    ,    ,    ,    ,    ,    ,    ,    ,    ,    ,    ,    ,    ,    ,    ,    ,     ,    ,     ,     ,    ,    ,    ,    ,    ,    ,    ,    ,     ,    ,    ,    ,    ,    ,    ,    ,    ,    ,    ,    ,    ,    ,    ,    ,    ,    ,    ,    ,    ,    ,    ,    ,    ,    ,    ,    ,    ,    ,    ,    ,    ,    ,    ,     ,    ,    ,    ,    ,    ,    ,    ,    ,    ,    ,    ,    ,    ,    ,    ,    ,    ,    ,    ,    ,    ,  ,    ,    , , 
     2830,    2972,                  0,  1, 2, 3,  ,  ,  ,  ,  ,                      ,   ,   ,   ,                   454, 544,  604,  724, 634, 754,  484, 814, 334, 514, 574, 424, 694, 274, 664, 364,    ,    ,    ,    ,    ,    ,    ,    ,    ,    ,    ,    ,    ,    ,    ,    ,     ,    ,     ,     ,    ,    ,    ,    ,    ,    ,    ,    ,     ,    ,    ,    ,    ,    ,    ,    ,    ,    ,    ,    ,    ,    ,    ,    ,    ,    ,    ,    ,    ,    ,    ,    ,    ,    ,    ,    ,    ,    ,    ,    ,    ,    ,    ,     ,    ,    ,    ,    ,    ,    ,    ,    ,    ,    ,    ,    ,    ,    ,    ,    ,    ,    ,    ,    ,    ,  ,    ,    , , 
     2973,    2976,                  0,  1, 2, 3,  ,  ,  ,  ,  ,                      ,   ,   ,   ,                   454, 544,  604,  724, 634, 754,  484, 814, 334, 514, 574, 424, 694, 274, 664, 364, 904,    ,    ,    ,    ,    ,    ,    ,    ,    ,    ,    ,    ,    ,    ,    ,     ,    ,     ,     ,    ,    ,    ,    ,    ,    ,    ,    ,     ,    ,    ,    ,    ,    ,    ,    ,    ,    ,    ,    ,    ,    ,    ,    ,    ,    ,    ,    ,    ,    ,    ,    ,    ,    ,    ,    ,    ,    ,    ,    ,    ,    ,    ,     ,    ,    ,    ,    ,    ,    ,    ,    ,    ,    ,    ,    ,    ,    ,    ,    ,    ,    ,    ,    ,    ,  ,    ,    , , 
     2977,    2985,                  0,  1, 2, 3,  ,  ,  ,  ,  ,                      ,   ,   ,   ,                   454, 544,  604,  724, 634, 754,  484, 814, 334, 514, 574, 424, 694, 274, 664, 364, 904, 394, 304,    ,    ,    ,    ,    ,    ,    ,    ,    ,    ,    ,    ,    ,     ,    ,     ,     ,    ,    ,    ,    ,    ,    ,    ,    ,     ,    ,    ,    ,    ,    ,    ,    ,    ,    ,    ,    ,    ,    ,    ,    ,    ,    ,    ,    ,    ,    ,    ,    ,    ,    ,    ,    ,    ,    ,    ,    ,    ,    ,    ,     ,    ,    ,    ,    ,    ,    ,    ,    ,    ,    ,    ,    ,    ,    ,    ,    ,    ,    ,    ,    ,    ,  ,    ,    , , 
     2986,    2986,                  0,  1, 2, 3,  ,  ,  ,  ,  ,                      ,   ,   ,   ,                   454, 544,  604,  724, 634, 754,  484, 814, 334, 514, 574, 424, 694, 274, 664, 364, 904, 394, 304, 635,    ,    ,    ,    ,    ,    ,    ,    ,    ,    ,    ,    ,     ,    ,     ,     ,    ,    ,    ,    ,    ,    ,    ,    ,     ,    ,    ,    ,    ,    ,    ,    ,    ,    ,    ,    ,    ,    ,    ,    ,    ,    ,    ,    ,    ,    ,    ,    ,    ,    ,    ,    ,    ,    ,    ,    ,    ,    ,    ,     ,    ,    ,    ,    ,    ,    ,    ,    ,    ,    ,    ,    ,    ,    ,    ,    ,    ,    ,    ,    ,    ,  ,    ,    , , 
     2987,    3002,                  0,  1, 2, 3,  ,  ,  ,  ,  ,                      ,   ,   ,   ,                   454, 544,  604,  724, 634, 754,  484, 814, 334, 514, 574, 424, 694, 274, 664, 364, 904, 394, 304, 635, 605,    ,    ,    ,    ,    ,    ,    ,    ,    ,    ,    ,     ,    ,     ,     ,    ,    ,    ,    ,    ,    ,    ,    ,     ,    ,    ,    ,    ,    ,    ,    ,    ,    ,    ,    ,    ,    ,    ,    ,    ,    ,    ,    ,    ,    ,    ,    ,    ,    ,    ,    ,    ,    ,    ,    ,    ,    ,    ,     ,    ,    ,    ,    ,    ,    ,    ,    ,    ,    ,    ,    ,    ,    ,    ,    ,    ,    ,    ,    ,    ,  ,    ,    , , 
     3003,    3003,                  0,  1, 2, 3,  ,  ,  ,  ,  ,                      ,   ,   ,   ,                   454, 544,  604,  724, 634, 754,  484, 814, 334, 514, 574, 424, 694, 274, 664, 364, 904, 394, 304, 635, 605, 784,    ,    ,    ,    ,    ,    ,    ,    ,    ,    ,     ,    ,     ,     ,    ,    ,    ,    ,    ,    ,    ,    ,     ,    ,    ,    ,    ,    ,    ,    ,    ,    ,    ,    ,    ,    ,    ,    ,    ,    ,    ,    ,    ,    ,    ,    ,    ,    ,    ,    ,    ,    ,    ,    ,    ,    ,    ,     ,    ,    ,    ,    ,    ,    ,    ,    ,    ,    ,    ,    ,    ,    ,    ,    ,    ,    ,    ,    ,    ,  ,    ,    , , 
     3004,    3016,                  0,  1, 2, 3,  ,  ,  ,  ,  ,                      ,   ,   ,   ,                   454, 544,  604,  724, 634, 754,  484, 814, 334, 514, 574, 424, 694, 274, 664, 364, 904, 394, 304, 635, 605, 784, 516,    ,    ,    ,    ,    ,    ,    ,    ,    ,     ,    ,     ,     ,    ,    ,    ,    ,    ,    ,    ,    ,     ,    ,    ,    ,    ,    ,    ,    ,    ,    ,    ,    ,    ,    ,    ,    ,    ,    ,    ,    ,    ,    ,    ,    ,    ,    ,    ,    ,    ,    ,    ,    ,    ,    ,    ,     ,    ,    ,    ,    ,    ,    ,    ,    ,    ,    ,    ,    ,    ,    ,    ,    ,    ,    ,    ,    ,    ,  ,    ,    , , 
     3017,    3024,                  0,  1, 2, 3,  ,  ,  ,  ,  ,                      ,   ,   ,   ,                   454, 544,  604,  724, 634, 754,  484, 814, 334, 514, 574, 424, 694, 274, 664, 364, 904, 394, 304, 635, 605, 784, 516, 606,    ,    ,    ,    ,    ,    ,    ,    ,     ,    ,     ,     ,    ,    ,    ,    ,    ,    ,    ,    ,     ,    ,    ,    ,    ,    ,    ,    ,    ,    ,    ,    ,    ,    ,    ,    ,    ,    ,    ,    ,    ,    ,    ,    ,    ,    ,    ,    ,    ,    ,    ,    ,    ,    ,    ,     ,    ,    ,    ,    ,    ,    ,    ,    ,    ,    ,    ,    ,    ,    ,    ,    ,    ,    ,    ,    ,    ,  ,    ,    , , 
     3025,    3033,                  0,  1, 2, 3,  ,  ,  ,  ,  ,                      ,   ,   ,   ,                   454, 544,  604,  724, 634, 754,  484, 814, 334, 514, 574, 424, 694, 274, 664, 364, 904, 394, 304, 635, 605, 784, 516, 606, 666,    ,    ,    ,    ,    ,    ,    ,     ,    ,     ,     ,    ,    ,    ,    ,    ,    ,    ,    ,     ,    ,    ,    ,    ,    ,    ,    ,    ,    ,    ,    ,    ,    ,    ,    ,    ,    ,    ,    ,    ,    ,    ,    ,    ,    ,    ,    ,    ,    ,    ,    ,    ,    ,    ,     ,    ,    ,    ,    ,    ,    ,    ,    ,    ,    ,    ,    ,    ,    ,    ,    ,    ,    ,    ,    ,    ,  ,    ,    , , 
     3034,    3034,                  0,  1, 2, 3,  ,  ,  ,  ,  ,                      ,   ,   ,   ,                   454, 544,  604,  724, 634, 754,  484, 814, 334, 514, 574, 424, 694, 274, 664, 364, 904, 394, 304, 635, 605, 784, 516, 606, 666, 934,    ,    ,    ,    ,    ,    ,     ,    ,     ,     ,    ,    ,    ,    ,    ,    ,    ,    ,     ,    ,    ,    ,    ,    ,    ,    ,    ,    ,    ,    ,    ,    ,    ,    ,    ,    ,    ,    ,    ,    ,    ,    ,    ,    ,    ,    ,    ,    ,    ,    ,    ,    ,    ,     ,    ,    ,    ,    ,    ,    ,    ,    ,    ,    ,    ,    ,    ,    ,    ,    ,    ,    ,    ,    ,    ,  ,    ,    , , 
     3035,    3057,                  0,  1, 2, 3,  ,  ,  ,  ,  ,                      ,   ,   ,   ,                   454, 544,  604,  724, 634, 754,  484, 814, 334, 514, 574, 424, 694, 274, 664, 364, 904, 394, 304, 635, 605, 784, 516, 606, 666, 934, 547,    ,    ,    ,    ,    ,     ,    ,     ,     ,    ,    ,    ,    ,    ,    ,    ,    ,     ,    ,    ,    ,    ,    ,    ,    ,    ,    ,    ,    ,    ,    ,    ,    ,    ,    ,    ,    ,    ,    ,    ,    ,    ,    ,    ,    ,    ,    ,    ,    ,    ,    ,    ,     ,    ,    ,    ,    ,    ,    ,    ,    ,    ,    ,    ,    ,    ,    ,    ,    ,    ,    ,    ,    ,    ,  ,    ,    , , 
     3058,    3058,                  0,  1, 2, 3,  ,  ,  ,  ,  ,                      ,   ,   ,   ,                   454, 544,  604,  724, 634, 754,  484, 814, 334, 514, 574, 424, 694, 274, 664, 364, 904, 394, 304, 635, 605, 784, 516, 606, 666, 934, 547, 154, 244, 755,    ,    ,     ,    ,     ,     ,    ,    ,    ,    ,    ,    ,    ,    ,     ,    ,    ,    ,    ,    ,    ,    ,    ,    ,    ,    ,    ,    ,    ,    ,    ,    ,    ,    ,    ,    ,    ,    ,    ,    ,    ,    ,    ,    ,    ,    ,    ,    ,    ,     ,    ,    ,    ,    ,    ,    ,    ,    ,    ,    ,    ,    ,    ,    ,    ,    ,    ,    ,    ,    ,    ,  ,    ,    , , 
     3059,    3062,                  0,  1, 2, 3,  ,  ,  ,  ,  ,                      ,   ,   ,   ,                   454, 544,  604,  724, 634, 754,  484, 814, 334, 514, 574, 424, 694, 274, 664, 364, 904, 394, 304, 635, 605, 784, 516, 606, 666, 934, 547, 154, 244, 755, 425,    ,     ,    ,     ,     ,    ,    ,    ,    ,    ,    ,    ,    ,     ,    ,    ,    ,    ,    ,    ,    ,    ,    ,    ,    ,    ,    ,    ,    ,    ,    ,    ,    ,    ,    ,    ,    ,    ,    ,    ,    ,    ,    ,    ,    ,    ,    ,    ,     ,    ,    ,    ,    ,    ,    ,    ,    ,    ,    ,    ,    ,    ,    ,    ,    ,    ,    ,    ,    ,    ,  ,    ,    , , 
     3063,    3064,                  0,  1, 2, 3,  ,  ,  ,  ,  ,                      ,   ,   ,   ,                   454, 544,  604,  724, 634, 754,  484, 814, 334, 514, 574, 424, 694, 274, 664, 364, 904, 394, 304, 635, 605, 784, 516, 606, 666, 934, 547, 154, 244, 755, 425, 456,     ,    ,     ,     ,    ,    ,    ,    ,    ,    ,    ,    ,     ,    ,    ,    ,    ,    ,    ,    ,    ,    ,    ,    ,    ,    ,    ,    ,    ,    ,    ,    ,    ,    ,    ,    ,    ,    ,    ,    ,    ,    ,    ,    ,    ,    ,    ,     ,    ,    ,    ,    ,    ,    ,    ,    ,    ,    ,    ,    ,    ,    ,    ,    ,    ,    ,    ,    ,    ,  ,    ,    , , 
     3065,    3069,                  0,  1, 2, 3,  ,  ,  ,  ,  ,                      ,   ,   ,   ,                   454, 544,  604,  724, 634, 754,  484, 814, 334, 514, 574, 424, 694, 274, 664, 364, 904, 394, 304, 635, 605, 784, 516, 606, 666, 934, 547, 154, 244, 755, 425, 456,  815,    ,     ,     ,    ,    ,    ,    ,    ,    ,    ,    ,     ,    ,    ,    ,    ,    ,    ,    ,    ,    ,    ,    ,    ,    ,    ,    ,    ,    ,    ,    ,    ,    ,    ,    ,    ,    ,    ,    ,    ,    ,    ,    ,    ,    ,    ,     ,    ,    ,    ,    ,    ,    ,    ,    ,    ,    ,    ,    ,    ,    ,    ,    ,    ,    ,    ,    ,    ,  ,    ,    , , 
     3070,    3070,                  0,  1, 2, 3,  ,  ,  ,  ,  ,                      ,   ,   ,   ,                   454, 544,  604,  724, 634, 754,  484, 814, 334, 514, 574, 424, 694, 274, 664, 364, 904, 394, 304, 635, 605, 784, 516, 606, 666, 934, 547, 154, 244, 755, 425, 456,  815, 874,     ,     ,    ,    ,    ,    ,    ,    ,    ,    ,     ,    ,    ,    ,    ,    ,    ,    ,    ,    ,    ,    ,    ,    ,    ,    ,    ,    ,    ,    ,    ,    ,    ,    ,    ,    ,    ,    ,    ,    ,    ,    ,    ,    ,    ,     ,    ,    ,    ,    ,    ,    ,    ,    ,    ,    ,    ,    ,    ,    ,    ,    ,    ,    ,    ,    ,    ,  ,    ,    , , 
     3071,    3072,                  0,  1, 2, 3,  ,  ,  ,  ,  ,                      ,   ,   ,   ,                   454, 544,  604,  724, 634, 754,  484, 814, 334, 514, 574, 424, 694, 274, 664, 364, 904, 394, 304, 635, 605, 784, 516, 606, 666, 934, 547, 154, 244, 755, 425, 456,  815, 874, 1054,     ,    ,    ,    ,    ,    ,    ,    ,    ,     ,    ,    ,    ,    ,    ,    ,    ,    ,    ,    ,    ,    ,    ,    ,    ,    ,    ,    ,    ,    ,    ,    ,    ,    ,    ,    ,    ,    ,    ,    ,    ,    ,    ,    ,     ,    ,    ,    ,    ,    ,    ,    ,    ,    ,    ,    ,    ,    ,    ,    ,    ,    ,    ,    ,    ,    ,  ,    ,    , , 
     3073,    3079,                  0,  1, 2, 3,  ,  ,  ,  ,  ,                      ,   ,   ,   ,                   454, 544,  604,  724, 634, 754,  484, 814, 334, 514, 574, 424, 694, 274, 664, 364, 904, 394, 304, 635, 605, 784, 516, 606, 666, 934, 547, 154, 244, 755, 425, 456,  815, 874, 1054, 1024, 184,    ,    ,    ,    ,    ,    ,    ,     ,    ,    ,    ,    ,    ,    ,    ,    ,    ,    ,    ,    ,    ,    ,    ,    ,    ,    ,    ,    ,    ,    ,    ,    ,    ,    ,    ,    ,    ,    ,    ,    ,    ,    ,     ,    ,    ,    ,    ,    ,    ,    ,    ,    ,    ,    ,    ,    ,    ,    ,    ,    ,    ,    ,    ,    ,  ,    ,    , , 
     3080,    3081,                  0,  1, 2, 3,  ,  ,  ,  ,  ,                      ,   ,   ,   ,                   454, 544,  604,  724, 634, 754,  484, 814, 334, 514, 574, 424, 694, 274, 664, 364, 904, 394, 304, 635, 605, 784, 516, 606, 666, 934, 547, 154, 244, 755, 425, 456,  815, 874, 1054, 1024, 184, 214, 215, 305,    ,    ,    ,    ,     ,    ,    ,    ,    ,    ,    ,    ,    ,    ,    ,    ,    ,    ,    ,    ,    ,    ,    ,    ,    ,    ,    ,    ,    ,    ,    ,    ,    ,    ,    ,    ,    ,    ,    ,     ,    ,    ,    ,    ,    ,    ,    ,    ,    ,    ,    ,    ,    ,    ,    ,    ,    ,    ,    ,    ,    ,  ,    ,    , , 
     3082,    3095,                  0,  1, 2, 3, 4,  ,  ,  ,  ,                      ,   ,   ,   ,                      ,    ,     ,     ,    ,    ,     ,    ,    ,    ,    ,    ,    ,    ,    ,    ,    ,    ,    ,    ,    ,    ,    ,    ,    ,    ,    ,    ,    ,    ,    ,    ,     ,    ,     ,     ,    ,    ,    ,    ,    ,    ,    ,    ,     ,    ,    ,    ,    ,    ,    ,    ,    ,    ,    ,    ,    ,    ,    ,    ,    ,    ,    ,    ,    ,    ,    ,    ,    ,    ,    ,    ,    ,    ,    ,    ,    ,    ,    ,     ,    ,    ,    ,    ,    ,    ,    ,    ,    ,    ,    ,    ,    ,    ,    ,    ,    ,    ,    ,    ,    ,  ,    ,    , , 
     3096,    3102,                  0,  1, 2, 3, 4,  ,  ,  ,  ,                      ,   ,   ,   ,                   455, 725,  576,     ,    ,    ,     ,    ,    ,    ,    ,    ,    ,    ,    ,    ,    ,    ,    ,    ,    ,    ,    ,    ,    ,    ,    ,    ,    ,    ,    ,    ,     ,    ,     ,     ,    ,    ,    ,    ,    ,    ,    ,    ,     ,    ,    ,    ,    ,    ,    ,    ,    ,    ,    ,    ,    ,    ,    ,    ,    ,    ,    ,    ,    ,    ,    ,    ,    ,    ,    ,    ,    ,    ,    ,    ,    ,    ,    ,     ,    ,    ,    ,    ,    ,    ,    ,    ,    ,    ,    ,    ,    ,    ,    ,    ,    ,    ,    ,    ,    ,  ,    ,    , , 
     3103,    3108,                  0,  1, 2, 3, 4,  ,  ,  ,  ,                      ,   ,   ,   ,                   455, 725,  576,  875,    ,    ,     ,    ,    ,    ,    ,    ,    ,    ,    ,    ,    ,    ,    ,    ,    ,    ,    ,    ,    ,    ,    ,    ,    ,    ,    ,    ,     ,    ,     ,     ,    ,    ,    ,    ,    ,    ,    ,    ,     ,    ,    ,    ,    ,    ,    ,    ,    ,    ,    ,    ,    ,    ,    ,    ,    ,    ,    ,    ,    ,    ,    ,    ,    ,    ,    ,    ,    ,    ,    ,    ,    ,    ,    ,     ,    ,    ,    ,    ,    ,    ,    ,    ,    ,    ,    ,    ,    ,    ,    ,    ,    ,    ,    ,    ,    ,  ,    ,    , , 
     3109,    3113,                  0,  1, 2, 3, 4,  ,  ,  ,  ,                      ,   ,   ,   ,                   455, 725,  576,  875, 517,    ,     ,    ,    ,    ,    ,    ,    ,    ,    ,    ,    ,    ,    ,    ,    ,    ,    ,    ,    ,    ,    ,    ,    ,    ,    ,    ,     ,    ,     ,     ,    ,    ,    ,    ,    ,    ,    ,    ,     ,    ,    ,    ,    ,    ,    ,    ,    ,    ,    ,    ,    ,    ,    ,    ,    ,    ,    ,    ,    ,    ,    ,    ,    ,    ,    ,    ,    ,    ,    ,    ,    ,    ,    ,     ,    ,    ,    ,    ,    ,    ,    ,    ,    ,    ,    ,    ,    ,    ,    ,    ,    ,    ,    ,    ,    ,  ,    ,    , , 
     3114,    3118,                  0,  1, 2, 3, 4,  ,  ,  ,  ,                      ,   ,   ,   ,                      ,    ,     ,     ,    ,    ,     ,    ,    ,    ,    ,    ,    ,    ,    ,    ,    ,    ,    ,    ,    ,    ,    ,    ,    ,    ,    ,    ,    ,    ,    ,    ,     ,    ,     ,     ,    ,    ,    ,    ,    ,    ,    ,    ,     ,    ,    ,    ,    ,    ,    ,    ,    ,    ,    ,    ,    ,    ,    ,    ,    ,    ,    ,    ,    ,    ,    ,    ,    ,    ,    ,    ,    ,    ,    ,    ,    ,    ,    ,     ,    ,    ,    ,    ,    ,    ,    ,    ,    ,    ,    ,    ,    ,    ,    ,    ,    ,    ,    ,    ,    ,  ,    ,    , , 
     3119,    3119,                  0,  1, 2, 3, 4,  ,  ,  ,  ,                      ,   ,   ,   ,                   365,    ,     ,     ,    ,    ,     ,    ,    ,    ,    ,    ,    ,    ,    ,    ,    ,    ,    ,    ,    ,    ,    ,    ,    ,    ,    ,    ,    ,    ,    ,    ,     ,    ,     ,     ,    ,    ,    ,    ,    ,    ,    ,    ,     ,    ,    ,    ,    ,    ,    ,    ,    ,    ,    ,    ,    ,    ,    ,    ,    ,    ,    ,    ,    ,    ,    ,    ,    ,    ,    ,    ,    ,    ,    ,    ,    ,    ,    ,     ,    ,    ,    ,    ,    ,    ,    ,    ,    ,    ,    ,    ,    ,    ,    ,    ,    ,    ,    ,    ,    ,  ,    ,    , , 
     3120,    3120,                  0,  1, 2, 3, 4,  ,  ,  ,  ,                      ,   ,   ,   ,                   365, 426,  546,  607,    ,    ,     ,    ,    ,    ,    ,    ,    ,    ,    ,    ,    ,    ,    ,    ,    ,    ,    ,    ,    ,    ,    ,    ,    ,    ,    ,    ,     ,    ,     ,     ,    ,    ,    ,    ,    ,    ,    ,    ,     ,    ,    ,    ,    ,    ,    ,    ,    ,    ,    ,    ,    ,    ,    ,    ,    ,    ,    ,    ,    ,    ,    ,    ,    ,    ,    ,    ,    ,    ,    ,    ,    ,    ,    ,     ,    ,    ,    ,    ,    ,    ,    ,    ,    ,    ,    ,    ,    ,    ,    ,    ,    ,    ,    ,    ,    ,  ,    ,    , , 
     3121,    3130,                  0,  1, 2, 3, 4,  ,  ,  ,  ,                      ,   ,   ,   ,                   365, 426,  546,  607, 245,    ,     ,    ,    ,    ,    ,    ,    ,    ,    ,    ,    ,    ,    ,    ,    ,    ,    ,    ,    ,    ,    ,    ,    ,    ,    ,    ,     ,    ,     ,     ,    ,    ,    ,    ,    ,    ,    ,    ,     ,    ,    ,    ,    ,    ,    ,    ,    ,    ,    ,    ,    ,    ,    ,    ,    ,    ,    ,    ,    ,    ,    ,    ,    ,    ,    ,    ,    ,    ,    ,    ,    ,    ,    ,     ,    ,    ,    ,    ,    ,    ,    ,    ,    ,    ,    ,    ,    ,    ,    ,    ,    ,    ,    ,    ,    ,  ,    ,    , , 
     3131,    3136,                  0,  1, 2, 3, 4,  ,  ,  ,  ,                      ,   ,   ,   ,                   365, 426,  546,  607, 245, 636,     ,    ,    ,    ,    ,    ,    ,    ,    ,    ,    ,    ,    ,    ,    ,    ,    ,    ,    ,    ,    ,    ,    ,    ,    ,    ,     ,    ,     ,     ,    ,    ,    ,    ,    ,    ,    ,    ,     ,    ,    ,    ,    ,    ,    ,    ,    ,    ,    ,    ,    ,    ,    ,    ,    ,    ,    ,    ,    ,    ,    ,    ,    ,    ,    ,    ,    ,    ,    ,    ,    ,    ,    ,     ,    ,    ,    ,    ,    ,    ,    ,    ,    ,    ,    ,    ,    ,    ,    ,    ,    ,    ,    ,    ,    ,  ,    ,    , , 
     3137,    3138,                  0,  1, 2, 3, 4,  ,  ,  ,  ,                      ,   ,   ,   ,                   365, 426,  546,  607, 245, 636,  577,    ,    ,    ,    ,    ,    ,    ,    ,    ,    ,    ,    ,    ,    ,    ,    ,    ,    ,    ,    ,    ,    ,    ,    ,    ,     ,    ,     ,     ,    ,    ,    ,    ,    ,    ,    ,    ,     ,    ,    ,    ,    ,    ,    ,    ,    ,    ,    ,    ,    ,    ,    ,    ,    ,    ,    ,    ,    ,    ,    ,    ,    ,    ,    ,    ,    ,    ,    ,    ,    ,    ,    ,     ,    ,    ,    ,    ,    ,    ,    ,    ,    ,    ,    ,    ,    ,    ,    ,    ,    ,    ,    ,    ,    ,  ,    ,    , , 
     3139,    3140,                  0,  1, 2, 3, 4,  ,  ,  ,  ,                      ,   ,   ,   ,                   365, 426,  546,  607, 245, 636,  577, 275,    ,    ,    ,    ,    ,    ,    ,    ,    ,    ,    ,    ,    ,    ,    ,    ,    ,    ,    ,    ,    ,    ,    ,    ,     ,    ,     ,     ,    ,    ,    ,    ,    ,    ,    ,    ,     ,    ,    ,    ,    ,    ,    ,    ,    ,    ,    ,    ,    ,    ,    ,    ,    ,    ,    ,    ,    ,    ,    ,    ,    ,    ,    ,    ,    ,    ,    ,    ,    ,    ,    ,     ,    ,    ,    ,    ,    ,    ,    ,    ,    ,    ,    ,    ,    ,    ,    ,    ,    ,    ,    ,    ,    ,  ,    ,    , , 
     3141,    3150,                  0,  1, 2, 3, 4,  ,  ,  ,  ,                      ,   ,   ,   ,                   365, 426,  546,  607, 245, 636,  577, 275, 726,    ,    ,    ,    ,    ,    ,    ,    ,    ,    ,    ,    ,    ,    ,    ,    ,    ,    ,    ,    ,    ,    ,    ,     ,    ,     ,     ,    ,    ,    ,    ,    ,    ,    ,    ,     ,    ,    ,    ,    ,    ,    ,    ,    ,    ,    ,    ,    ,    ,    ,    ,    ,    ,    ,    ,    ,    ,    ,    ,    ,    ,    ,    ,    ,    ,    ,    ,    ,    ,    ,     ,    ,    ,    ,    ,    ,    ,    ,    ,    ,    ,    ,    ,    ,    ,    ,    ,    ,    ,    ,    ,    ,  ,    ,    , , 
     3151,    3164,                  0,  1, 2, 3, 4,  ,  ,  ,  ,                      ,   ,   ,   ,                   365, 426,  546,  607, 245, 636,  577, 275, 726, 125, 905,    ,    ,    ,    ,    ,    ,    ,    ,    ,    ,    ,    ,    ,    ,    ,    ,    ,    ,    ,    ,    ,     ,    ,     ,     ,    ,    ,    ,    ,    ,    ,    ,    ,     ,    ,    ,    ,    ,    ,    ,    ,    ,    ,    ,    ,    ,    ,    ,    ,    ,    ,    ,    ,    ,    ,    ,    ,    ,    ,    ,    ,    ,    ,    ,    ,    ,    ,    ,     ,    ,    ,    ,    ,    ,    ,    ,    ,    ,    ,    ,    ,    ,    ,    ,    ,    ,    ,    ,    ,    ,  ,    ,    , , 
     3165,    3165,                  0,  1, 2, 3, 4,  ,  ,  ,  ,                      ,   ,   ,   ,                   365, 426,  546,  607, 245, 636,  577, 275, 726, 125, 905, 396,    ,    ,    ,    ,    ,    ,    ,    ,    ,    ,    ,    ,    ,    ,    ,    ,    ,    ,    ,    ,     ,    ,     ,     ,    ,    ,    ,    ,    ,    ,    ,    ,     ,    ,    ,    ,    ,    ,    ,    ,    ,    ,    ,    ,    ,    ,    ,    ,    ,    ,    ,    ,    ,    ,    ,    ,    ,    ,    ,    ,    ,    ,    ,    ,    ,    ,    ,     ,    ,    ,    ,    ,    ,    ,    ,    ,    ,    ,    ,    ,    ,    ,    ,    ,    ,    ,    ,    ,    ,  ,    ,    , , 
     3166,    3183,                  0,  1, 2, 3, 4,  ,  ,  ,  ,                      ,   ,   ,   ,                   365, 426,  546,  607, 245, 636,  577, 275, 726, 125, 905, 396, 486,    ,    ,    ,    ,    ,    ,    ,    ,    ,    ,    ,    ,    ,    ,    ,    ,    ,    ,    ,     ,    ,     ,     ,    ,    ,    ,    ,    ,    ,    ,    ,     ,    ,    ,    ,    ,    ,    ,    ,    ,    ,    ,    ,    ,    ,    ,    ,    ,    ,    ,    ,    ,    ,    ,    ,    ,    ,    ,    ,    ,    ,    ,    ,    ,    ,    ,     ,    ,    ,    ,    ,    ,    ,    ,    ,    ,    ,    ,    ,    ,    ,    ,    ,    ,    ,    ,    ,    ,  ,    ,    , , 
     3184,    3192,                  0,  1, 2, 3, 4,  ,  ,  ,  ,                      ,   ,   ,   ,                   365, 426,  546,  607, 245, 636,  577, 275, 726, 125, 905, 396, 486, 755,    ,    ,    ,    ,    ,    ,    ,    ,    ,    ,    ,    ,    ,    ,    ,    ,    ,    ,     ,    ,     ,     ,    ,    ,    ,    ,    ,    ,    ,    ,     ,    ,    ,    ,    ,    ,    ,    ,    ,    ,    ,    ,    ,    ,    ,    ,    ,    ,    ,    ,    ,    ,    ,    ,    ,    ,    ,    ,    ,    ,    ,    ,    ,    ,    ,     ,    ,    ,    ,    ,    ,    ,    ,    ,    ,    ,    ,    ,    ,    ,    ,    ,    ,    ,    ,    ,    ,  ,    ,    , , 
     3193,    3195,                  0,  1, 2, 3, 4,  ,  ,  ,  ,                      ,   ,   ,   ,                   365, 426,  546,  607, 245, 636,  577, 275, 726, 125, 905, 396, 486, 755, 757, 518,    ,    ,    ,    ,    ,    ,    ,    ,    ,    ,    ,    ,    ,    ,    ,    ,     ,    ,     ,     ,    ,    ,    ,    ,    ,    ,    ,    ,     ,    ,    ,    ,    ,    ,    ,    ,    ,    ,    ,    ,    ,    ,    ,    ,    ,    ,    ,    ,    ,    ,    ,    ,    ,    ,    ,    ,    ,    ,    ,    ,    ,    ,    ,     ,    ,    ,    ,    ,    ,    ,    ,    ,    ,    ,    ,    ,    ,    ,    ,    ,    ,    ,    ,    ,    ,  ,    ,    , , 
     3196,    3203,                  0,  1, 2, 3, 4,  ,  ,  ,  ,                      ,   ,   ,   ,                   365, 426,  546,  607, 245, 636,  577, 275, 726, 125, 905, 396, 486, 755, 757, 518, 335,    ,    ,    ,    ,    ,    ,    ,    ,    ,    ,    ,    ,    ,    ,    ,     ,    ,     ,     ,    ,    ,    ,    ,    ,    ,    ,    ,     ,    ,    ,    ,    ,    ,    ,    ,    ,    ,    ,    ,    ,    ,    ,    ,    ,    ,    ,    ,    ,    ,    ,    ,    ,    ,    ,    ,    ,    ,    ,    ,    ,    ,    ,     ,    ,    ,    ,    ,    ,    ,    ,    ,    ,    ,    ,    ,    ,    ,    ,    ,    ,    ,    ,    ,    ,  ,    ,    , , 
     3204,    3207,                  0,  1, 2, 3, 4,  ,  ,  ,  ,                      ,   ,   ,   ,                   365, 426,  546,  607, 245, 636,  577, 275, 726, 125, 905, 396, 486, 755, 757, 518, 335, 366,    ,    ,    ,    ,    ,    ,    ,    ,    ,    ,    ,    ,    ,    ,     ,    ,     ,     ,    ,    ,    ,    ,    ,    ,    ,    ,     ,    ,    ,    ,    ,    ,    ,    ,    ,    ,    ,    ,    ,    ,    ,    ,    ,    ,    ,    ,    ,    ,    ,    ,    ,    ,    ,    ,    ,    ,    ,    ,    ,    ,    ,     ,    ,    ,    ,    ,    ,    ,    ,    ,    ,    ,    ,    ,    ,    ,    ,    ,    ,    ,    ,    ,    ,  ,    ,    , , 
     3208,    3219,                  0,  1, 2, 3, 4,  ,  ,  ,  ,                      ,   ,   ,   ,                   365, 426,  546,  607, 245, 636,  577, 275, 726, 125, 905, 396, 486, 755, 757, 518, 335, 366, 336,    ,    ,    ,    ,    ,    ,    ,    ,    ,    ,    ,    ,    ,     ,    ,     ,     ,    ,    ,    ,    ,    ,    ,    ,    ,     ,    ,    ,    ,    ,    ,    ,    ,    ,    ,    ,    ,    ,    ,    ,    ,    ,    ,    ,    ,    ,    ,    ,    ,    ,    ,    ,    ,    ,    ,    ,    ,    ,    ,    ,     ,    ,    ,    ,    ,    ,    ,    ,    ,    ,    ,    ,    ,    ,    ,    ,    ,    ,    ,    ,    ,    ,  ,    ,    , , 
     3220,    3223,                  0,  1, 2, 3, 4,  ,  ,  ,  ,                      ,   ,   ,   ,                   365, 426,  546,  607, 245, 636,  577, 275, 726, 125, 905, 396, 486, 755, 757, 518, 335, 366, 336, 548,    ,    ,    ,    ,    ,    ,    ,    ,    ,    ,    ,    ,     ,    ,     ,     ,    ,    ,    ,    ,    ,    ,    ,    ,     ,    ,    ,    ,    ,    ,    ,    ,    ,    ,    ,    ,    ,    ,    ,    ,    ,    ,    ,    ,    ,    ,    ,    ,    ,    ,    ,    ,    ,    ,    ,    ,    ,    ,    ,     ,    ,    ,    ,    ,    ,    ,    ,    ,    ,    ,    ,    ,    ,    ,    ,    ,    ,    ,    ,    ,    ,  ,    ,    , , 
     3224,    3226,                  0,  1, 2, 3, 4,  ,  ,  ,  ,                      ,   ,   ,   ,                   365, 426,  546,  607, 245, 636,  577, 275, 726, 125, 905, 396, 486, 755, 757, 518, 335, 366, 336, 548, 696, 307,    ,    ,    ,    ,    ,    ,    ,    ,    ,    ,     ,    ,     ,     ,    ,    ,    ,    ,    ,    ,    ,    ,     ,    ,    ,    ,    ,    ,    ,    ,    ,    ,    ,    ,    ,    ,    ,    ,    ,    ,    ,    ,    ,    ,    ,    ,    ,    ,    ,    ,    ,    ,    ,    ,    ,    ,    ,     ,    ,    ,    ,    ,    ,    ,    ,    ,    ,    ,    ,    ,    ,    ,    ,    ,    ,    ,    ,    ,    ,  ,    ,    , , 
     3227,    3227,                  0,  1, 2, 3, 4,  ,  ,  ,  ,                      ,   ,   ,   ,                   365, 426,  546,  607, 245, 636,  577, 275, 726, 125, 905, 396, 486, 755, 757, 518, 335, 366, 336, 548, 696, 307, 155,    ,    ,    ,    ,    ,    ,    ,    ,    ,     ,    ,     ,     ,    ,    ,    ,    ,    ,    ,    ,    ,     ,    ,    ,    ,    ,    ,    ,    ,    ,    ,    ,    ,    ,    ,    ,    ,    ,    ,    ,    ,    ,    ,    ,    ,    ,    ,    ,    ,    ,    ,    ,    ,    ,    ,    ,     ,    ,    ,    ,    ,    ,    ,    ,    ,    ,    ,    ,    ,    ,    ,    ,    ,    ,    ,    ,    ,    ,  ,    ,    , , 
     3228,    3228,                  0,  1, 2, 3, 4,  ,  ,  ,  ,                      ,   ,   ,   ,                   365, 426,  546,  607, 245, 636,  577, 275, 726, 125, 905, 396, 486, 755, 757, 518, 335, 366, 336, 548, 696, 307, 155, 427,    ,    ,    ,    ,    ,    ,    ,    ,     ,    ,     ,     ,    ,    ,    ,    ,    ,    ,    ,    ,     ,    ,    ,    ,    ,    ,    ,    ,    ,    ,    ,    ,    ,    ,    ,    ,    ,    ,    ,    ,    ,    ,    ,    ,    ,    ,    ,    ,    ,    ,    ,    ,    ,    ,    ,     ,    ,    ,    ,    ,    ,    ,    ,    ,    ,    ,    ,    ,    ,    ,    ,    ,    ,    ,    ,    ,    ,  ,    ,    , , 
     3229,    3232,                  0,  1, 2, 3, 4,  ,  ,  ,  ,                      ,   ,   ,   ,                   365, 426,  546,  607, 245, 636,  577, 275, 726, 125, 905, 396, 486, 755, 757, 518, 335, 366, 336, 548, 696, 307, 155, 427,   5,    ,    ,    ,    ,    ,    ,    ,     ,    ,     ,     ,    ,    ,    ,    ,    ,    ,    ,    ,     ,    ,    ,    ,    ,    ,    ,    ,    ,    ,    ,    ,    ,    ,    ,    ,    ,    ,    ,    ,    ,    ,    ,    ,    ,    ,    ,    ,    ,    ,    ,    ,    ,    ,    ,     ,    ,    ,    ,    ,    ,    ,    ,    ,    ,    ,    ,    ,    ,    ,    ,    ,    ,    ,    ,    ,    ,  ,    ,    , , 
     3233,    3236,                  0,  1, 2, 3, 4,  ,  ,  ,  ,                      ,   ,   ,   ,                   365, 426,  546,  607, 245, 636,  577, 275, 726, 125, 905, 396, 486, 755, 757, 518, 335, 366, 336, 548, 696, 307, 155, 427,   5, 457,    ,    ,    ,    ,    ,    ,     ,    ,     ,     ,    ,    ,    ,    ,    ,    ,    ,    ,     ,    ,    ,    ,    ,    ,    ,    ,    ,    ,    ,    ,    ,    ,    ,    ,    ,    ,    ,    ,    ,    ,    ,    ,    ,    ,    ,    ,    ,    ,    ,    ,    ,    ,    ,     ,    ,    ,    ,    ,    ,    ,    ,    ,    ,    ,    ,    ,    ,    ,    ,    ,    ,    ,    ,    ,    ,  ,    ,    , , 
     3237,    3238,                  0,  1, 2, 3, 4,  ,  ,  ,  ,                      ,   ,   ,   ,                   365, 426,  546,  607, 245, 636,  577, 275, 726, 125, 905, 396, 486, 755, 757, 518, 335, 366, 336, 548, 696, 307, 155, 427,   5, 457, 397,    ,    ,    ,    ,    ,     ,    ,     ,     ,    ,    ,    ,    ,    ,    ,    ,    ,     ,    ,    ,    ,    ,    ,    ,    ,    ,    ,    ,    ,    ,    ,    ,    ,    ,    ,    ,    ,    ,    ,    ,    ,    ,    ,    ,    ,    ,    ,    ,    ,    ,    ,    ,     ,    ,    ,    ,    ,    ,    ,    ,    ,    ,    ,    ,    ,    ,    ,    ,    ,    ,    ,    ,    ,    ,  ,    ,    , , 
     3239,    3250,                  0,  1, 2, 3, 4,  ,  ,  ,  ,                      ,   ,   ,   ,                   365, 426,  546,  607, 245, 636,  577, 275, 726, 125, 905, 396, 486, 755, 757, 518, 335, 366, 336, 548, 696, 307, 155, 427,   5, 457, 397, 757, 785,    ,    ,    ,     ,    ,     ,     ,    ,    ,    ,    ,    ,    ,    ,    ,     ,    ,    ,    ,    ,    ,    ,    ,    ,    ,    ,    ,    ,    ,    ,    ,    ,    ,    ,    ,    ,    ,    ,    ,    ,    ,    ,    ,    ,    ,    ,    ,    ,    ,    ,     ,    ,    ,    ,    ,    ,    ,    ,    ,    ,    ,    ,    ,    ,    ,    ,    ,    ,    ,    ,    ,    ,  ,    ,    , , 
     3251,    3254,                  0,  1, 2, 3, 4,  ,  ,  ,  ,                      ,   ,   ,   ,                   365, 426,  546,  607, 245, 636,  577, 275, 726, 125, 905, 396, 486, 755, 757, 518, 335, 366, 336, 548, 696, 307, 155, 427,   5, 457, 397, 757, 785, 697,    ,    ,     ,    ,     ,     ,    ,    ,    ,    ,    ,    ,    ,    ,     ,    ,    ,    ,    ,    ,    ,    ,    ,    ,    ,    ,    ,    ,    ,    ,    ,    ,    ,    ,    ,    ,    ,    ,    ,    ,    ,    ,    ,    ,    ,    ,    ,    ,    ,     ,    ,    ,    ,    ,    ,    ,    ,    ,    ,    ,    ,    ,    ,    ,    ,    ,    ,    ,    ,    ,    ,  ,    ,    , , 
     3255,    3258,                  0,  1, 2, 3, 4,  ,  ,  ,  ,                      ,   ,   ,   ,                   365, 426,  546,  607, 245, 636,  577, 275, 726, 125, 905, 396, 486, 755, 757, 518, 335, 366, 336, 548, 696, 307, 155, 427,   5, 457, 397, 757, 785, 697, 816,    ,     ,    ,     ,     ,    ,    ,    ,    ,    ,    ,    ,    ,     ,    ,    ,    ,    ,    ,    ,    ,    ,    ,    ,    ,    ,    ,    ,    ,    ,    ,    ,    ,    ,    ,    ,    ,    ,    ,    ,    ,    ,    ,    ,    ,    ,    ,    ,     ,    ,    ,    ,    ,    ,    ,    ,    ,    ,    ,    ,    ,    ,    ,    ,    ,    ,    ,    ,    ,    ,  ,    ,    , , 
     3259,    3260,                  0,  1, 2, 3, 4,  ,  ,  ,  ,                      ,   ,   ,   ,                   365, 426,  546,  607, 245, 636,  577, 275, 726, 125, 905, 396, 486, 755, 757, 518, 335, 366, 336, 548, 696, 307, 155, 427,   5, 457, 397, 757, 785, 697, 816, 669,     ,    ,     ,     ,    ,    ,    ,    ,    ,    ,    ,    ,     ,    ,    ,    ,    ,    ,    ,    ,    ,    ,    ,    ,    ,    ,    ,    ,    ,    ,    ,    ,    ,    ,    ,    ,    ,    ,    ,    ,    ,    ,    ,    ,    ,    ,    ,     ,    ,    ,    ,    ,    ,    ,    ,    ,    ,    ,    ,    ,    ,    ,    ,    ,    ,    ,    ,    ,    ,  ,    ,    , , 
     3261,    3262,                  0,  1, 2, 3, 4,  ,  ,  ,  ,                      ,   ,   ,   ,                   365, 426,  546,  607, 245, 636,  577, 275, 726, 125, 905, 396, 486, 755, 757, 518, 335, 366, 336, 548, 696, 307, 155, 427,   5, 457, 397, 757, 785, 697, 816, 669, 1056,    ,     ,     ,    ,    ,    ,    ,    ,    ,    ,    ,     ,    ,    ,    ,    ,    ,    ,    ,    ,    ,    ,    ,    ,    ,    ,    ,    ,    ,    ,    ,    ,    ,    ,    ,    ,    ,    ,    ,    ,    ,    ,    ,    ,    ,    ,     ,    ,    ,    ,    ,    ,    ,    ,    ,    ,    ,    ,    ,    ,    ,    ,    ,    ,    ,    ,    ,    ,  ,    ,    , , 
     3263,    3264,                  0,  1, 2, 3, 4,  ,  ,  ,  ,                      ,   ,   ,   ,                   365, 426,  546,  607, 245, 636,  577, 275, 726, 125, 905, 396, 486, 755, 757, 518, 335, 366, 336, 548, 696, 307, 155, 427,   5, 457, 397, 757, 785, 697, 816, 669, 1056, 608,     ,     ,    ,    ,    ,    ,    ,    ,    ,    ,     ,    ,    ,    ,    ,    ,    ,    ,    ,    ,    ,    ,    ,    ,    ,    ,    ,    ,    ,    ,    ,    ,    ,    ,    ,    ,    ,    ,    ,    ,    ,    ,    ,    ,    ,     ,    ,    ,    ,    ,    ,    ,    ,    ,    ,    ,    ,    ,    ,    ,    ,    ,    ,    ,    ,    ,    ,  ,    ,    , , 
     3265,    3266,                  0,  1, 2, 3, 4,  ,  ,  ,  ,                      ,   ,   ,   ,                   365, 426,  546,  607, 245, 636,  577, 275, 726, 125, 905, 396, 486, 755, 757, 518, 335, 366, 336, 548, 696, 307, 155, 427,   5, 457, 397, 757, 785, 697, 816, 669, 1056, 608,  756,     ,    ,    ,    ,    ,    ,    ,    ,    ,     ,    ,    ,    ,    ,    ,    ,    ,    ,    ,    ,    ,    ,    ,    ,    ,    ,    ,    ,    ,    ,    ,    ,    ,    ,    ,    ,    ,    ,    ,    ,    ,    ,    ,    ,     ,    ,    ,    ,    ,    ,    ,    ,    ,    ,    ,    ,    ,    ,    ,    ,    ,    ,    ,    ,    ,    ,  ,    ,    , , 
     3267,    3267,                  0,  1, 2, 3, 4,  ,  ,  ,  ,                      ,   ,   ,   ,                   365, 426,  546,  607, 245, 636,  577, 275, 726, 125, 905, 396, 486, 755, 757, 518, 335, 366, 336, 548, 696, 307, 155, 427,   5, 457, 397, 757, 785, 697, 816, 669, 1056, 608,  756,  578,    ,    ,    ,    ,    ,    ,    ,    ,     ,    ,    ,    ,    ,    ,    ,    ,    ,    ,    ,    ,    ,    ,    ,    ,    ,    ,    ,    ,    ,    ,    ,    ,    ,    ,    ,    ,    ,    ,    ,    ,    ,    ,    ,     ,    ,    ,    ,    ,    ,    ,    ,    ,    ,    ,    ,    ,    ,    ,    ,    ,    ,    ,    ,    ,    ,  ,    ,    , , 
     3268,    3279,                  0,  1, 2, 3, 4,  ,  ,  ,  ,                      ,   ,   ,   ,                   365, 426,  546,  607, 245, 636,  577, 275, 726, 125, 905, 396, 486, 755, 757, 518, 335, 366, 336, 548, 696, 307, 155, 427,   5, 457, 397, 757, 785, 697, 816, 669, 1056, 608,  756,  578, 906,    ,    ,    ,    ,    ,    ,    ,     ,    ,    ,    ,    ,    ,    ,    ,    ,    ,    ,    ,    ,    ,    ,    ,    ,    ,    ,    ,    ,    ,    ,    ,    ,    ,    ,    ,    ,    ,    ,    ,    ,    ,    ,     ,    ,    ,    ,    ,    ,    ,    ,    ,    ,    ,    ,    ,    ,    ,    ,    ,    ,    ,    ,    ,    ,  ,    ,    , , 
     3280,    3282,                  0,  1, 2, 3, 4,  ,  ,  ,  ,                      ,   ,   ,   ,                   365, 426,  546,  607, 245, 636,  577, 275, 726, 125, 905, 396, 486, 755, 757, 518, 335, 366, 336, 548, 696, 307, 155, 427,   5, 457, 397, 757, 785, 697, 816, 669, 1056, 608,  756,  578, 906, 367, 185,    ,    ,    ,    ,    ,     ,    ,    ,    ,    ,    ,    ,    ,    ,    ,    ,    ,    ,    ,    ,    ,    ,    ,    ,    ,    ,    ,    ,    ,    ,    ,    ,    ,    ,    ,    ,    ,    ,    ,    ,     ,    ,    ,    ,    ,    ,    ,    ,    ,    ,    ,    ,    ,    ,    ,    ,    ,    ,    ,    ,    ,    ,  ,    ,    , , 
     3283,    3283,                  0,  1, 2, 3, 4,  ,  ,  ,  ,                      ,   ,   ,   ,                   365, 426,  546,  607, 245, 636,  577, 275, 726, 125, 905, 396, 486, 755, 757, 518, 335, 366, 336, 548, 696, 307, 155, 427,   5, 457, 397, 757, 785, 697, 816, 669, 1056, 608,  756,  578, 906, 367, 185, 246,    ,    ,    ,    ,     ,    ,    ,    ,    ,    ,    ,    ,    ,    ,    ,    ,    ,    ,    ,    ,    ,    ,    ,    ,    ,    ,    ,    ,    ,    ,    ,    ,    ,    ,    ,    ,    ,    ,    ,     ,    ,    ,    ,    ,    ,    ,    ,    ,    ,    ,    ,    ,    ,    ,    ,    ,    ,    ,    ,    ,    ,  ,    ,    , , 
     3284,    3285,                  0,  1, 2, 3, 4,  ,  ,  ,  ,                      ,   ,   ,   ,                   365, 426,  546,  607, 245, 636,  577, 275, 726, 125, 905, 396, 486, 755, 757, 518, 335, 366, 336, 548, 696, 307, 155, 427,   5, 457, 397, 757, 785, 697, 816, 669, 1056, 608,  756,  578, 906, 367, 185, 246, 519,    ,    ,    ,     ,    ,    ,    ,    ,    ,    ,    ,    ,    ,    ,    ,    ,    ,    ,    ,    ,    ,    ,    ,    ,    ,    ,    ,    ,    ,    ,    ,    ,    ,    ,    ,    ,    ,    ,     ,    ,    ,    ,    ,    ,    ,    ,    ,    ,    ,    ,    ,    ,    ,    ,    ,    ,    ,    ,    ,    ,  ,    ,    , , 
     3286,    3289,                  0,  1, 2, 3, 4,  ,  ,  ,  ,                      ,   ,   ,   ,                   365, 426,  546,  607, 245, 636,  577, 275, 726, 125, 905, 396, 486, 755, 757, 518, 335, 366, 336, 548, 696, 307, 155, 427,   5, 457, 397, 757, 785, 697, 816, 669, 1056, 608,  756,  578, 906, 367, 185, 246, 519, 759,    ,    ,     ,    ,    ,    ,    ,    ,    ,    ,    ,    ,    ,    ,    ,    ,    ,    ,    ,    ,    ,    ,    ,    ,    ,    ,    ,    ,    ,    ,    ,    ,    ,    ,    ,    ,    ,     ,    ,    ,    ,    ,    ,    ,    ,    ,    ,    ,    ,    ,    ,    ,    ,    ,    ,    ,    ,    ,    ,  ,    ,    , , 
     3290,    3291,                  0,  1, 2, 3, 4,  ,  ,  ,  ,                      ,   ,   ,   ,                   365, 426,  546,  607, 245, 636,  577, 275, 726, 125, 905, 396, 486, 755, 757, 518, 335, 366, 336, 548, 696, 307, 155, 427,   5, 457, 397, 757, 785, 697, 816, 669, 1056, 608,  756,  578, 906, 367, 185, 246, 519, 759,  65,    ,     ,    ,    ,    ,    ,    ,    ,    ,    ,    ,    ,    ,    ,    ,    ,    ,    ,    ,    ,    ,    ,    ,    ,    ,    ,    ,    ,    ,    ,    ,    ,    ,    ,    ,    ,     ,    ,    ,    ,    ,    ,    ,    ,    ,    ,    ,    ,    ,    ,    ,    ,    ,    ,    ,    ,    ,    ,  ,    ,    , , 
     3292,    3295,                  0,  1, 2, 3, 4,  ,  ,  ,  ,                      ,   ,   ,   ,                   365, 426,  546,  607, 245, 636,  577, 275, 726, 125, 905, 396, 486, 755, 757, 518, 335, 366, 336, 548, 696, 307, 155, 427,   5, 457, 397, 757, 785, 697, 816, 669, 1056, 608,  756,  578, 906, 367, 185, 246, 519, 759,  65,  35,     ,    ,    ,    ,    ,    ,    ,    ,    ,    ,    ,    ,    ,    ,    ,    ,    ,    ,    ,    ,    ,    ,    ,    ,    ,    ,    ,    ,    ,    ,    ,    ,    ,    ,    ,     ,    ,    ,    ,    ,    ,    ,    ,    ,    ,    ,    ,    ,    ,    ,    ,    ,    ,    ,    ,    ,    ,  ,    ,    , , 
     3296,    3296,                  0,  1, 2, 3, 4,  ,  ,  ,  ,                      ,   ,   ,   ,                   365, 426,  546,  607, 245, 636,  577, 275, 726, 125, 905, 396, 486, 755, 757, 518, 335, 366, 336, 548, 696, 307, 155, 427,   5, 457, 397, 757, 785, 697, 816, 669, 1056, 608,  756,  578, 906, 367, 185, 246, 519, 759,  65,  35,  936,    ,    ,    ,    ,    ,    ,    ,    ,    ,    ,    ,    ,    ,    ,    ,    ,    ,    ,    ,    ,    ,    ,    ,    ,    ,    ,    ,    ,    ,    ,    ,    ,    ,    ,     ,    ,    ,    ,    ,    ,    ,    ,    ,    ,    ,    ,    ,    ,    ,    ,    ,    ,    ,    ,    ,    ,  ,    ,    , , 
     3297,    3298,                  0,  1, 2, 3, 4,  ,  ,  ,  ,                      ,   ,   ,   ,                   365, 426,  546,  607, 245, 636,  577, 275, 726, 125, 905, 396, 486, 755, 757, 518, 335, 366, 336, 548, 696, 307, 155, 427,   5, 457, 397, 757, 785, 697, 816, 669, 1056, 608,  756,  578, 906, 367, 185, 246, 519, 759,  65,  35,  936, 156,    ,    ,    ,    ,    ,    ,    ,    ,    ,    ,    ,    ,    ,    ,    ,    ,    ,    ,    ,    ,    ,    ,    ,    ,    ,    ,    ,    ,    ,    ,    ,    ,    ,     ,    ,    ,    ,    ,    ,    ,    ,    ,    ,    ,    ,    ,    ,    ,    ,    ,    ,    ,    ,    ,    ,  ,    ,    , , 
     3299,    3306,                  0,  1, 2, 3, 4,  ,  ,  ,  ,                      ,   ,   ,   ,                   365, 426,  546,  607, 245, 636,  577, 275, 726, 125, 905, 396, 486, 755, 757, 518, 335, 366, 336, 548, 696, 307, 155, 427,   5, 457, 397, 757, 785, 697, 816, 669, 1056, 608,  756,  578, 906, 367, 185, 246, 519, 759,  65,  35,  936, 156, 276,    ,    ,    ,    ,    ,    ,    ,    ,    ,    ,    ,    ,    ,    ,    ,    ,    ,    ,    ,    ,    ,    ,    ,    ,    ,    ,    ,    ,    ,    ,    ,    ,     ,    ,    ,    ,    ,    ,    ,    ,    ,    ,    ,    ,    ,    ,    ,    ,    ,    ,    ,    ,    ,    ,  ,    ,    , , 
     3307,    3308,                  0,  1, 2, 3, 4,  ,  ,  ,  ,                      ,   ,   ,   ,                   365, 426,  546,  607, 245, 636,  577, 275, 726, 125, 905, 396, 486, 755, 757, 518, 335, 366, 336, 548, 696, 307, 155, 427,   5, 457, 397, 757, 785, 697, 816, 669, 1056, 608,  756,  578, 906, 367, 185, 246, 519, 759,  65,  35,  936, 156, 276, 698,    ,    ,    ,    ,    ,    ,    ,    ,    ,    ,    ,    ,    ,    ,    ,    ,    ,    ,    ,    ,    ,    ,    ,    ,    ,    ,    ,    ,    ,    ,    ,     ,    ,    ,    ,    ,    ,    ,    ,    ,    ,    ,    ,    ,    ,    ,    ,    ,    ,    ,    ,    ,    ,  ,    ,    , , 
     3309,    3309,                  0,  1, 2, 3, 4,  ,  ,  ,  ,                      ,   ,   ,   ,                   365, 426,  546,  607, 245, 636,  577, 275, 726, 125, 905, 396, 486, 755, 757, 518, 335, 366, 336, 548, 696, 307, 155, 427,   5, 457, 397, 757, 785, 697, 816, 669, 1056, 608,  756,  578, 906, 367, 185, 246, 519, 759,  65,  35,  936, 156, 276, 698, 965,   6,    ,    ,    ,    ,    ,    ,    ,    ,    ,    ,    ,    ,    ,    ,    ,    ,    ,    ,    ,    ,    ,    ,    ,    ,    ,    ,    ,    ,    ,     ,    ,    ,    ,    ,    ,    ,    ,    ,    ,    ,    ,    ,    ,    ,    ,    ,    ,    ,    ,    ,    ,  ,    ,    , , 
     3310,    3318,                  0,  1, 2, 3, 4,  ,  ,  ,  ,                      ,   ,   ,   ,                   365, 426,  546,  607, 245, 636,  577, 275, 726, 125, 905, 396, 486, 755, 757, 518, 335, 366, 336, 548, 696, 307, 155, 427,   5, 457, 397, 757, 785, 697, 816, 669, 1056, 608,  756,  578, 906, 367, 185, 246, 519, 759,  65,  35,  936, 156, 276, 698, 965,   6, 637,    ,    ,    ,    ,    ,    ,    ,    ,    ,    ,    ,    ,    ,    ,    ,    ,    ,    ,    ,    ,    ,    ,    ,    ,    ,    ,    ,    ,     ,    ,    ,    ,    ,    ,    ,    ,    ,    ,    ,    ,    ,    ,    ,    ,    ,    ,    ,    ,    ,    ,  ,    ,    , , 
     3319,    3319,                  0,  1, 2, 3, 4,  ,  ,  ,  ,                      ,   ,   ,   ,                   365, 426,  546,  607, 245, 636,  577, 275, 726, 125, 905, 396, 486, 755, 757, 518, 335, 366, 336, 548, 696, 307, 155, 427,   5, 457, 397, 757, 785, 697, 816, 669, 1056, 608,  756,  578, 906, 367, 185, 246, 519, 759,  65,  35,  936, 156, 276, 698, 965,   6, 637, 729, 458,    ,    ,    ,    ,    ,    ,    ,    ,    ,    ,    ,    ,    ,    ,    ,    ,    ,    ,    ,    ,    ,    ,    ,    ,    ,    ,     ,    ,    ,    ,    ,    ,    ,    ,    ,    ,    ,    ,    ,    ,    ,    ,    ,    ,    ,    ,    ,    ,  ,    ,    , , 
     3320,    3324,                  0,  1, 2, 3, 4,  ,  ,  ,  ,                      ,   ,   ,   ,                   365, 426,  546,  607, 245, 636,  577, 275, 726, 125, 905, 396, 486, 755, 757, 518, 335, 366, 336, 548, 696, 307, 155, 427,   5, 457, 397, 757, 785, 697, 816, 669, 1056, 608,  756,  578, 906, 367, 185, 246, 519, 759,  65,  35,  936, 156, 276, 698, 965,   6, 637, 729, 458, 876,    ,    ,    ,    ,    ,    ,    ,    ,    ,    ,    ,    ,    ,    ,    ,    ,    ,    ,    ,    ,    ,    ,    ,    ,    ,     ,    ,    ,    ,    ,    ,    ,    ,    ,    ,    ,    ,    ,    ,    ,    ,    ,    ,    ,    ,    ,    ,  ,    ,    , , 
     3325,    3326,                  0,  1, 2, 3, 4,  ,  ,  ,  ,                      ,   ,   ,   ,                   365, 426,  546,  607, 245, 636,  577, 275, 726, 125, 905, 396, 486, 755, 757, 518, 335, 366, 336, 548, 696, 307, 155, 427,   5, 457, 397, 757, 785, 697, 816, 669, 1056, 608,  756,  578, 906, 367, 185, 246, 519, 759,  65,  35,  936, 156, 276, 698, 965,   6, 637, 729, 458, 876, 308,    ,    ,    ,    ,    ,    ,    ,    ,    ,    ,    ,    ,    ,    ,    ,    ,    ,    ,    ,    ,    ,    ,    ,    ,     ,    ,    ,    ,    ,    ,    ,    ,    ,    ,    ,    ,    ,    ,    ,    ,    ,    ,    ,    ,    ,    ,  ,    ,    , , 
     3327,    3330,                  0,  1, 2, 3, 4,  ,  ,  ,  ,                      ,   ,   ,   ,                   365, 426,  546,  607, 245, 636,  577, 275, 726, 125, 905, 396, 486, 755, 757, 518, 335, 366, 336, 548, 696, 307, 155, 427,   5, 457, 397, 757, 785, 697, 816, 669, 1056, 608,  756,  578, 906, 367, 185, 246, 519, 759,  65,  35,  936, 156, 276, 698, 965,   6, 637, 729, 458, 876, 308, 609,    ,    ,    ,    ,    ,    ,    ,    ,    ,    ,    ,    ,    ,    ,    ,    ,    ,    ,    ,    ,    ,    ,    ,     ,    ,    ,    ,    ,    ,    ,    ,    ,    ,    ,    ,    ,    ,    ,    ,    ,    ,    ,    ,    ,    ,  ,    ,    , , 
     3331,    3343,                  0,  1, 2, 3, 4,  ,  ,  ,  ,                      ,   ,   ,   ,                   365, 426,  546,  607, 245, 636,  577, 275, 726, 125, 905, 396, 486, 755, 757, 518, 335, 366, 336, 548, 696, 307, 155, 427,   5, 457, 397, 757, 785, 697, 816, 669, 1056, 608,  756,  578, 906, 367, 185, 246, 519, 759,  65,  35,  936, 156, 276, 698, 965,   6, 637, 729, 458, 876, 308, 609,  95,    ,    ,    ,    ,    ,    ,    ,    ,    ,    ,    ,    ,    ,    ,    ,    ,    ,    ,    ,    ,    ,    ,     ,    ,    ,    ,    ,    ,    ,    ,    ,    ,    ,    ,    ,    ,    ,    ,    ,    ,    ,    ,    ,    ,  ,    ,    , , 
     3344,    3385,                  0,  1, 2, 3, 4, 5, 6, 7, 8,                      ,   ,   ,   ,                   669, 519,  759,  729, 609,    ,     ,    ,    ,    ,    ,    ,    ,    ,    ,    ,    ,    ,    ,    ,    ,    ,    ,    ,    ,    ,    ,    ,    ,    ,    ,    ,     ,    ,     ,     ,    ,    ,    ,    ,    ,    ,    ,    ,     ,    ,    ,    ,    ,    ,    ,    ,    ,    ,    ,    ,    ,    ,    ,    ,    ,    ,    ,    ,    ,    ,    ,    ,    ,    ,    ,    ,    ,    ,    ,    ,    ,    ,    ,     ,    ,    ,    ,    ,    ,    ,    ,    ,    ,    ,    ,    ,    ,    ,    ,    ,    ,    ,    ,    ,    ,  ,    ,    , , 
     3386,    3388,                  0,  1, 2, 3, 4, 5, 6, 7, 8,                      ,   ,   ,   ,                   669, 519,  759,  729, 609, 550,     ,    ,    ,    ,    ,    ,    ,    ,    ,    ,    ,    ,    ,    ,    ,    ,    ,    ,    ,    ,    ,    ,    ,    ,    ,    ,     ,    ,     ,     ,    ,    ,    ,    ,    ,    ,    ,    ,     ,    ,    ,    ,    ,    ,    ,    ,    ,    ,    ,    ,    ,    ,    ,    ,    ,    ,    ,    ,    ,    ,    ,    ,    ,    ,    ,    ,    ,    ,    ,    ,    ,    ,    ,     ,    ,    ,    ,    ,    ,    ,    ,    ,    ,    ,    ,    ,    ,    ,    ,    ,    ,    ,    ,    ,    ,  ,    ,    , , 
     3389,    3404,                  0,  1, 2, 3, 4, 5, 6, 7, 8,                      ,   ,   ,   ,                   669, 519,  759,  729, 609, 550,  610,    ,    ,    ,    ,    ,    ,    ,    ,    ,    ,    ,    ,    ,    ,    ,    ,    ,    ,    ,    ,    ,    ,    ,    ,    ,     ,    ,     ,     ,    ,    ,    ,    ,    ,    ,    ,    ,     ,    ,    ,    ,    ,    ,    ,    ,    ,    ,    ,    ,    ,    ,    ,    ,    ,    ,    ,    ,    ,    ,    ,    ,    ,    ,    ,    ,    ,    ,    ,    ,    ,    ,    ,     ,    ,    ,    ,    ,    ,    ,    ,    ,    ,    ,    ,    ,    ,    ,    ,    ,    ,    ,    ,    ,    ,  ,    ,    , , 
     3405,    3420,                  0,  1, 2, 3, 4, 5, 6, 7, 8,                      ,   ,   ,   ,                   669, 519,  759,  729, 609, 550,  610, 639,    ,    ,    ,    ,    ,    ,    ,    ,    ,    ,    ,    ,    ,    ,    ,    ,    ,    ,    ,    ,    ,    ,    ,    ,     ,    ,     ,     ,    ,    ,    ,    ,    ,    ,    ,    ,     ,    ,    ,    ,    ,    ,    ,    ,    ,    ,    ,    ,    ,    ,    ,    ,    ,    ,    ,    ,    ,    ,    ,    ,    ,    ,    ,    ,    ,    ,    ,    ,    ,    ,    ,     ,    ,    ,    ,    ,    ,    ,    ,    ,    ,    ,    ,    ,    ,    ,    ,    ,    ,    ,    ,    ,    ,  ,    ,    , , 
     3421,    3421,                  0,  1, 2, 3, 4, 5, 6, 7, 8,                      ,   ,   ,   ,                   669, 519,  759,  729, 609, 550,  610, 639, 490,    ,    ,    ,    ,    ,    ,    ,    ,    ,    ,    ,    ,    ,    ,    ,    ,    ,    ,    ,    ,    ,    ,    ,     ,    ,     ,     ,    ,    ,    ,    ,    ,    ,    ,    ,     ,    ,    ,    ,    ,    ,    ,    ,    ,    ,    ,    ,    ,    ,    ,    ,    ,    ,    ,    ,    ,    ,    ,    ,    ,    ,    ,    ,    ,    ,    ,    ,    ,    ,    ,     ,    ,    ,    ,    ,    ,    ,    ,    ,    ,    ,    ,    ,    ,    ,    ,    ,    ,    ,    ,    ,    ,  ,    ,    , , 
     3422,    3422,                  0,  1, 2, 3, 4, 5, 6, 7, 8,                      ,   ,   ,   ,                   669, 519,  759,  729, 609, 550,  610, 639, 490, 551,    ,    ,    ,    ,    ,    ,    ,    ,    ,    ,    ,    ,    ,    ,    ,    ,    ,    ,    ,    ,    ,    ,     ,    ,     ,     ,    ,    ,    ,    ,    ,    ,    ,    ,     ,    ,    ,    ,    ,    ,    ,    ,    ,    ,    ,    ,    ,    ,    ,    ,    ,    ,    ,    ,    ,    ,    ,    ,    ,    ,    ,    ,    ,    ,    ,    ,    ,    ,    ,     ,    ,    ,    ,    ,    ,    ,    ,    ,    ,    ,    ,    ,    ,    ,    ,    ,    ,    ,    ,    ,    ,  ,    ,    , , 
     3423,    3429,                  0,  1, 2, 3, 4, 5, 6, 7, 8,                      ,   ,   ,   ,                   669, 519,  759,  729, 609, 550,  610, 639, 490, 551, 699,    ,    ,    ,    ,    ,    ,    ,    ,    ,    ,    ,    ,    ,    ,    ,    ,    ,    ,    ,    ,    ,     ,    ,     ,     ,    ,    ,    ,    ,    ,    ,    ,    ,     ,    ,    ,    ,    ,    ,    ,    ,    ,    ,    ,    ,    ,    ,    ,    ,    ,    ,    ,    ,    ,    ,    ,    ,    ,    ,    ,    ,    ,    ,    ,    ,    ,    ,    ,     ,    ,    ,    ,    ,    ,    ,    ,    ,    ,    ,    ,    ,    ,    ,    ,    ,    ,    ,    ,    ,    ,  ,    ,    , , 
     3430,    3430,                  0,  1, 2, 3, 4, 5, 6, 7, 8,                      ,   ,   ,   ,                   669, 519,  759,  729, 609, 550,  610, 639, 490, 551, 699, 579,    ,    ,    ,    ,    ,    ,    ,    ,    ,    ,    ,    ,    ,    ,    ,    ,    ,    ,    ,    ,     ,    ,     ,     ,    ,    ,    ,    ,    ,    ,    ,    ,     ,    ,    ,    ,    ,    ,    ,    ,    ,    ,    ,    ,    ,    ,    ,    ,    ,    ,    ,    ,    ,    ,    ,    ,    ,    ,    ,    ,    ,    ,    ,    ,    ,    ,    ,     ,    ,    ,    ,    ,    ,    ,    ,    ,    ,    ,    ,    ,    ,    ,    ,    ,    ,    ,    ,    ,    ,  ,    ,    , , 
     3431,    3431,                  0,  1, 2, 3, 4, 5, 6, 7, 8,                      ,   ,   ,   ,                   669, 519,  759,  729, 609, 550,  610, 639, 490, 551, 699, 579, 549,    ,    ,    ,    ,    ,    ,    ,    ,    ,    ,    ,    ,    ,    ,    ,    ,    ,    ,    ,     ,    ,     ,     ,    ,    ,    ,    ,    ,    ,    ,    ,     ,    ,    ,    ,    ,    ,    ,    ,    ,    ,    ,    ,    ,    ,    ,    ,    ,    ,    ,    ,    ,    ,    ,    ,    ,    ,    ,    ,    ,    ,    ,    ,    ,    ,    ,     ,    ,    ,    ,    ,    ,    ,    ,    ,    ,    ,    ,    ,    ,    ,    ,    ,    ,    ,    ,    ,    ,  ,    ,    , , 
     3432,    3432,                  0,  1, 2, 3, 4, 5, 6, 7, 8,                      ,   ,   ,   ,                   669, 519,  759,  729, 609, 550,  610, 639, 490, 551, 699, 579, 549, 459,    ,    ,    ,    ,    ,    ,    ,    ,    ,    ,    ,    ,    ,    ,    ,    ,    ,    ,     ,    ,     ,     ,    ,    ,    ,    ,    ,    ,    ,    ,     ,    ,    ,    ,    ,    ,    ,    ,    ,    ,    ,    ,    ,    ,    ,    ,    ,    ,    ,    ,    ,    ,    ,    ,    ,    ,    ,    ,    ,    ,    ,    ,    ,    ,    ,     ,    ,    ,    ,    ,    ,    ,    ,    ,    ,    ,    ,    ,    ,    ,    ,    ,    ,    ,    ,    ,    ,  ,    ,    , , 
     3433,    3433,                  0,  1, 2, 3, 4, 5, 6, 7, 8,                      ,   ,   ,   ,                   669, 519,  759,  729, 609, 550,  610, 639, 490, 551, 699, 579, 549, 459, 461,    ,    ,    ,    ,    ,    ,    ,    ,    ,    ,    ,    ,    ,    ,    ,    ,    ,     ,    ,     ,     ,    ,    ,    ,    ,    ,    ,    ,    ,     ,    ,    ,    ,    ,    ,    ,    ,    ,    ,    ,    ,    ,    ,    ,    ,    ,    ,    ,    ,    ,    ,    ,    ,    ,    ,    ,    ,    ,    ,    ,    ,    ,    ,    ,     ,    ,    ,    ,    ,    ,    ,    ,    ,    ,    ,    ,    ,    ,    ,    ,    ,    ,    ,    ,    ,    ,  ,    ,    , , 
     3434,    3434,                  0,  1, 2, 3, 4, 5, 6, 7, 8,                      ,   ,   ,   ,                   669, 519,  759,  729, 609, 550,  610, 639, 490, 551, 699, 579, 549, 459, 461, 549,    ,    ,    ,    ,    ,    ,    ,    ,    ,    ,    ,    ,    ,    ,    ,    ,     ,    ,     ,     ,    ,    ,    ,    ,    ,    ,    ,    ,     ,    ,    ,    ,    ,    ,    ,    ,    ,    ,    ,    ,    ,    ,    ,    ,    ,    ,    ,    ,    ,    ,    ,    ,    ,    ,    ,    ,    ,    ,    ,    ,    ,    ,    ,     ,    ,    ,    ,    ,    ,    ,    ,    ,    ,    ,    ,    ,    ,    ,    ,    ,    ,    ,    ,    ,    ,  ,    ,    , , 
     3435,    3436,                  0,  1, 2, 3, 4, 5, 6, 7, 8,                      ,   ,   ,   ,                   669, 519,  759,  729, 609, 550,  610, 639, 490, 551, 699, 579, 549, 459, 461, 549, 429,    ,    ,    ,    ,    ,    ,    ,    ,    ,    ,    ,    ,    ,    ,    ,     ,    ,     ,     ,    ,    ,    ,    ,    ,    ,    ,    ,     ,    ,    ,    ,    ,    ,    ,    ,    ,    ,    ,    ,    ,    ,    ,    ,    ,    ,    ,    ,    ,    ,    ,    ,    ,    ,    ,    ,    ,    ,    ,    ,    ,    ,    ,     ,    ,    ,    ,    ,    ,    ,    ,    ,    ,    ,    ,    ,    ,    ,    ,    ,    ,    ,    ,    ,    ,  ,    ,    , , 
     3437,    3461,                  0,  1, 2, 3, 4, 5, 6, 7, 8,                      ,   ,   ,   ,                   669, 519,  759,  729, 609, 550,  610, 639, 490, 551, 699, 579, 549, 459, 461, 549, 429, 430, 580,    ,    ,    ,    ,    ,    ,    ,    ,    ,    ,    ,    ,    ,     ,    ,     ,     ,    ,    ,    ,    ,    ,    ,    ,    ,     ,    ,    ,    ,    ,    ,    ,    ,    ,    ,    ,    ,    ,    ,    ,    ,    ,    ,    ,    ,    ,    ,    ,    ,    ,    ,    ,    ,    ,    ,    ,    ,    ,    ,    ,     ,    ,    ,    ,    ,    ,    ,    ,    ,    ,    ,    ,    ,    ,    ,    ,    ,    ,    ,    ,    ,    ,  ,    ,    , , 
     3462,    3465,                  0,  1, 2, 3, 4, 5, 6, 7, 8,                      ,   ,   ,   ,                   669, 519,  759,  729, 609, 550,  610, 639, 490, 551, 699, 579, 549, 459, 461, 549, 429, 430, 580, 399,    ,    ,    ,    ,    ,    ,    ,    ,    ,    ,    ,    ,     ,    ,     ,     ,    ,    ,    ,    ,    ,    ,    ,    ,     ,    ,    ,    ,    ,    ,    ,    ,    ,    ,    ,    ,    ,    ,    ,    ,    ,    ,    ,    ,    ,    ,    ,    ,    ,    ,    ,    ,    ,    ,    ,    ,    ,    ,    ,     ,    ,    ,    ,    ,    ,    ,    ,    ,    ,    ,    ,    ,    ,    ,    ,    ,    ,    ,    ,    ,    ,  ,    ,    , , 
     3466,    3476,                  0,  1, 2, 3, 4, 5, 6, 7, 8,                      ,   ,   ,   ,                   669, 519,  759,  729, 609, 550,  610, 639, 490, 551, 699, 579, 549, 459, 461, 549, 429, 430, 580, 399, 462,    ,    ,    ,    ,    ,    ,    ,    ,    ,    ,    ,     ,    ,     ,     ,    ,    ,    ,    ,    ,    ,    ,    ,     ,    ,    ,    ,    ,    ,    ,    ,    ,    ,    ,    ,    ,    ,    ,    ,    ,    ,    ,    ,    ,    ,    ,    ,    ,    ,    ,    ,    ,    ,    ,    ,    ,    ,    ,     ,    ,    ,    ,    ,    ,    ,    ,    ,    ,    ,    ,    ,    ,    ,    ,    ,    ,    ,    ,    ,    ,  ,    ,    , , 
     3477,    3478,                  0,  1, 2, 3, 4, 5, 6, 7, 8,                      ,   ,   ,   ,                   669, 519,  759,  729, 609, 550,  610, 639, 490, 551, 699, 579, 549, 459, 461, 549, 429, 430, 580, 399, 462, 339,    ,    ,    ,    ,    ,    ,    ,    ,    ,    ,     ,    ,     ,     ,    ,    ,    ,    ,    ,    ,    ,    ,     ,    ,    ,    ,    ,    ,    ,    ,    ,    ,    ,    ,    ,    ,    ,    ,    ,    ,    ,    ,    ,    ,    ,    ,    ,    ,    ,    ,    ,    ,    ,    ,    ,    ,    ,     ,    ,    ,    ,    ,    ,    ,    ,    ,    ,    ,    ,    ,    ,    ,    ,    ,    ,    ,    ,    ,    ,  ,    ,    , , 
     3479,    3479,                  0,  1, 2, 3, 4, 5, 6, 7, 8,                      ,   ,   ,   ,                   669, 519,  759,  729, 609, 550,  610, 639, 490, 551, 699, 579, 549, 459, 461, 549, 429, 430, 580, 399, 462, 339, 520, 611,    ,    ,    ,    ,    ,    ,    ,    ,     ,    ,     ,     ,    ,    ,    ,    ,    ,    ,    ,    ,     ,    ,    ,    ,    ,    ,    ,    ,    ,    ,    ,    ,    ,    ,    ,    ,    ,    ,    ,    ,    ,    ,    ,    ,    ,    ,    ,    ,    ,    ,    ,    ,    ,    ,    ,     ,    ,    ,    ,    ,    ,    ,    ,    ,    ,    ,    ,    ,    ,    ,    ,    ,    ,    ,    ,    ,    ,  ,    ,    , , 
     3480,    3482,                  0,  1, 2, 3, 4, 5, 6, 7, 8,                      ,   ,   ,   ,                   669, 519,  759,  729, 609, 550,  610, 639, 490, 551, 699, 579, 549, 459, 461, 549, 429, 430, 580, 399, 462, 339, 520, 611, 671,    ,    ,    ,    ,    ,    ,    ,     ,    ,     ,     ,    ,    ,    ,    ,    ,    ,    ,    ,     ,    ,    ,    ,    ,    ,    ,    ,    ,    ,    ,    ,    ,    ,    ,    ,    ,    ,    ,    ,    ,    ,    ,    ,    ,    ,    ,    ,    ,    ,    ,    ,    ,    ,    ,     ,    ,    ,    ,    ,    ,    ,    ,    ,    ,    ,    ,    ,    ,    ,    ,    ,    ,    ,    ,    ,    ,  ,    ,    , , 
     3483,    3491,                  0,  1, 2, 3, 4, 5, 6, 7, 8,                      ,   ,   ,   ,                   669, 519,  759,  729, 609, 550,  610, 639, 490, 551, 699, 579, 549, 459, 461, 549, 429, 430, 580, 399, 462, 339, 520, 611, 671, 309,    ,    ,    ,    ,    ,    ,     ,    ,     ,     ,    ,    ,    ,    ,    ,    ,    ,    ,     ,    ,    ,    ,    ,    ,    ,    ,    ,    ,    ,    ,    ,    ,    ,    ,    ,    ,    ,    ,    ,    ,    ,    ,    ,    ,    ,    ,    ,    ,    ,    ,    ,    ,    ,     ,    ,    ,    ,    ,    ,    ,    ,    ,    ,    ,    ,    ,    ,    ,    ,    ,    ,    ,    ,    ,    ,  ,    ,    , , 
     3492,    3492,                  0,  1, 2, 3, 4, 5, 6, 7, 8,                      ,   ,   ,   ,                   669, 519,  759,  729, 609, 550,  610, 639, 490, 551, 699, 579, 549, 459, 461, 549, 429, 430, 580, 399, 462, 339, 520, 611, 671, 309, 701,    ,    ,    ,    ,    ,     ,    ,     ,     ,    ,    ,    ,    ,    ,    ,    ,    ,     ,    ,    ,    ,    ,    ,    ,    ,    ,    ,    ,    ,    ,    ,    ,    ,    ,    ,    ,    ,    ,    ,    ,    ,    ,    ,    ,    ,    ,    ,    ,    ,    ,    ,    ,     ,    ,    ,    ,    ,    ,    ,    ,    ,    ,    ,    ,    ,    ,    ,    ,    ,    ,    ,    ,    ,    ,  ,    ,    , , 
     3493,    3493,                  0,  1, 2, 3, 4, 5, 6, 7, 8,                      ,   ,   ,   ,                   669, 519,  759,  729, 609, 550,  610, 639, 490, 551, 699, 579, 549, 459, 461, 549, 429, 430, 580, 399, 462, 339, 520, 611, 671, 309, 701, 730,    ,    ,    ,    ,     ,    ,     ,     ,    ,    ,    ,    ,    ,    ,    ,    ,     ,    ,    ,    ,    ,    ,    ,    ,    ,    ,    ,    ,    ,    ,    ,    ,    ,    ,    ,    ,    ,    ,    ,    ,    ,    ,    ,    ,    ,    ,    ,    ,    ,    ,    ,     ,    ,    ,    ,    ,    ,    ,    ,    ,    ,    ,    ,    ,    ,    ,    ,    ,    ,    ,    ,    ,    ,  ,    ,    , , 
     3494,    3494,                  0,  1, 2, 3, 4, 5, 6, 7, 8,                      ,   ,   ,   ,                   669, 519,  759,  729, 609, 550,  610, 639, 490, 551, 699, 579, 549, 459, 461, 549, 429, 430, 580, 399, 462, 339, 520, 611, 671, 309, 701, 730, 491,    ,    ,    ,     ,    ,     ,     ,    ,    ,    ,    ,    ,    ,    ,    ,     ,    ,    ,    ,    ,    ,    ,    ,    ,    ,    ,    ,    ,    ,    ,    ,    ,    ,    ,    ,    ,    ,    ,    ,    ,    ,    ,    ,    ,    ,    ,    ,    ,    ,    ,     ,    ,    ,    ,    ,    ,    ,    ,    ,    ,    ,    ,    ,    ,    ,    ,    ,    ,    ,    ,    ,    ,  ,    ,    , , 
     3495,    3496,                  0,  1, 2, 3, 4, 5, 6, 7, 8,                      ,   ,   ,   ,                   669, 519,  759,  729, 609, 550,  610, 639, 490, 551, 699, 579, 549, 459, 461, 549, 429, 430, 580, 399, 462, 339, 520, 611, 671, 309, 701, 730, 491, 340,    ,    ,     ,    ,     ,     ,    ,    ,    ,    ,    ,    ,    ,    ,     ,    ,    ,    ,    ,    ,    ,    ,    ,    ,    ,    ,    ,    ,    ,    ,    ,    ,    ,    ,    ,    ,    ,    ,    ,    ,    ,    ,    ,    ,    ,    ,    ,    ,    ,     ,    ,    ,    ,    ,    ,    ,    ,    ,    ,    ,    ,    ,    ,    ,    ,    ,    ,    ,    ,    ,    ,  ,    ,    , , 
     3497,    3501,                  0,  1, 2, 3, 4, 5, 6, 7, 8,                      ,   ,   ,   ,                   669, 519,  759,  729, 609, 550,  610, 639, 490, 551, 699, 579, 549, 459, 461, 549, 429, 430, 580, 399, 462, 339, 520, 611, 671, 309, 701, 730, 491, 340, 310,    ,     ,    ,     ,     ,    ,    ,    ,    ,    ,    ,    ,    ,     ,    ,    ,    ,    ,    ,    ,    ,    ,    ,    ,    ,    ,    ,    ,    ,    ,    ,    ,    ,    ,    ,    ,    ,    ,    ,    ,    ,    ,    ,    ,    ,    ,    ,    ,     ,    ,    ,    ,    ,    ,    ,    ,    ,    ,    ,    ,    ,    ,    ,    ,    ,    ,    ,    ,    ,    ,  ,    ,    , , 
     3502,    3512,                  0,  1, 2, 3, 4, 5, 6, 7, 8,                      ,   ,   ,   ,                   669, 519,  759,  729, 609, 550,  610, 639, 490, 551, 699, 579, 549, 459, 461, 549, 429, 430, 580, 399, 462, 339, 520, 611, 671, 309, 701, 730, 491, 340, 310, 279,     ,    ,     ,     ,    ,    ,    ,    ,    ,    ,    ,    ,     ,    ,    ,    ,    ,    ,    ,    ,    ,    ,    ,    ,    ,    ,    ,    ,    ,    ,    ,    ,    ,    ,    ,    ,    ,    ,    ,    ,    ,    ,    ,    ,    ,    ,    ,     ,    ,    ,    ,    ,    ,    ,    ,    ,    ,    ,    ,    ,    ,    ,    ,    ,    ,    ,    ,    ,    ,  ,    ,    , , 
     3513,    3514,                  0,  1, 2, 3, 4, 5, 6, 7, 8,                      ,   ,   ,   ,                   669, 519,  759,  729, 609, 550,  610, 639, 490, 551, 699, 579, 549, 459, 461, 549, 429, 430, 580, 399, 462, 339, 520, 611, 671, 309, 701, 730, 491, 340, 310, 279,  670,    ,     ,     ,    ,    ,    ,    ,    ,    ,    ,    ,     ,    ,    ,    ,    ,    ,    ,    ,    ,    ,    ,    ,    ,    ,    ,    ,    ,    ,    ,    ,    ,    ,    ,    ,    ,    ,    ,    ,    ,    ,    ,    ,    ,    ,    ,     ,    ,    ,    ,    ,    ,    ,    ,    ,    ,    ,    ,    ,    ,    ,    ,    ,    ,    ,    ,    ,    ,  ,    ,    , , 
     3515,    3516,                  0,  1, 2, 3, 4, 5, 6, 7, 8,                      ,   ,   ,   ,                   669, 519,  759,  729, 609, 550,  610, 639, 490, 551, 699, 579, 549, 459, 461, 549, 429, 430, 580, 399, 462, 339, 520, 611, 671, 309, 701, 730, 491, 340, 310, 279,  670, 789,     ,     ,    ,    ,    ,    ,    ,    ,    ,    ,     ,    ,    ,    ,    ,    ,    ,    ,    ,    ,    ,    ,    ,    ,    ,    ,    ,    ,    ,    ,    ,    ,    ,    ,    ,    ,    ,    ,    ,    ,    ,    ,    ,    ,    ,     ,    ,    ,    ,    ,    ,    ,    ,    ,    ,    ,    ,    ,    ,    ,    ,    ,    ,    ,    ,    ,    ,  ,    ,    , , 
     3517,    3533,                  0,  1, 2, 3, 4, 5, 6, 7, 8,                      ,   ,   ,   ,                   669, 519,  759,  729, 609, 550,  610, 639, 490, 551, 699, 579, 549, 459, 461, 549, 429, 430, 580, 399, 462, 339, 520, 611, 671, 309, 701, 730, 491, 340, 310, 279,  670, 789,  849,     ,    ,    ,    ,    ,    ,    ,    ,    ,     ,    ,    ,    ,    ,    ,    ,    ,    ,    ,    ,    ,    ,    ,    ,    ,    ,    ,    ,    ,    ,    ,    ,    ,    ,    ,    ,    ,    ,    ,    ,    ,    ,    ,    ,     ,    ,    ,    ,    ,    ,    ,    ,    ,    ,    ,    ,    ,    ,    ,    ,    ,    ,    ,    ,    ,    ,  ,    ,    , , 
     3534,    3538,                  0,  1, 2, 3, 4, 5, 6, 7, 8,                      ,   ,   ,   ,                   669, 519,  759,  729, 609, 550,  610, 639, 490, 551, 699, 579, 549, 459, 461, 549, 429, 430, 580, 399, 462, 339, 520, 611, 671, 309, 701, 730, 491, 340, 310, 279,  670, 789,  849,  249,    ,    ,    ,    ,    ,    ,    ,    ,     ,    ,    ,    ,    ,    ,    ,    ,    ,    ,    ,    ,    ,    ,    ,    ,    ,    ,    ,    ,    ,    ,    ,    ,    ,    ,    ,    ,    ,    ,    ,    ,    ,    ,    ,     ,    ,    ,    ,    ,    ,    ,    ,    ,    ,    ,    ,    ,    ,    ,    ,    ,    ,    ,    ,    ,    ,  ,    ,    , , 
     3539,    3540,                  0,  1, 2, 3, 4, 5, 6, 7, 8,                      ,   ,   ,   ,                   669, 519,  759,  729, 609, 550,  610, 639, 490, 551, 699, 579, 549, 459, 461, 549, 429, 430, 580, 399, 462, 339, 520, 611, 671, 309, 701, 730, 491, 340, 310, 279,  670, 789,  849,  249, 523,    ,    ,    ,    ,    ,    ,    ,     ,    ,    ,    ,    ,    ,    ,    ,    ,    ,    ,    ,    ,    ,    ,    ,    ,    ,    ,    ,    ,    ,    ,    ,    ,    ,    ,    ,    ,    ,    ,    ,    ,    ,    ,     ,    ,    ,    ,    ,    ,    ,    ,    ,    ,    ,    ,    ,    ,    ,    ,    ,    ,    ,    ,    ,    ,  ,    ,    , , 
     3541,    3550,                  0,  1, 2, 3, 4, 5, 6, 7, 8,                      ,   ,   ,   ,                   669, 519,  759,  729, 609, 550,  610, 639, 490, 551, 699, 579, 549, 459, 461, 549, 429, 430, 580, 399, 462, 339, 520, 611, 671, 309, 701, 730, 491, 340, 310, 279,  670, 789,  849,  249, 523, 159,    ,    ,    ,    ,    ,    ,     ,    ,    ,    ,    ,    ,    ,    ,    ,    ,    ,    ,    ,    ,    ,    ,    ,    ,    ,    ,    ,    ,    ,    ,    ,    ,    ,    ,    ,    ,    ,    ,    ,    ,    ,     ,    ,    ,    ,    ,    ,    ,    ,    ,    ,    ,    ,    ,    ,    ,    ,    ,    ,    ,    ,    ,    ,  ,    ,    , , 
     3551,    3551,                  0,  1, 2, 3, 4, 5, 6, 7, 8,                      ,   ,   ,   ,                   669, 519,  759,  729, 609, 550,  610, 639, 490, 551, 699, 579, 549, 459, 461, 549, 429, 430, 580, 399, 462, 339, 520, 611, 671, 309, 701, 730, 491, 340, 310, 279,  670, 789,  849,  249, 523, 159, 369, 250,    ,    ,    ,    ,     ,    ,    ,    ,    ,    ,    ,    ,    ,    ,    ,    ,    ,    ,    ,    ,    ,    ,    ,    ,    ,    ,    ,    ,    ,    ,    ,    ,    ,    ,    ,    ,    ,    ,    ,     ,    ,    ,    ,    ,    ,    ,    ,    ,    ,    ,    ,    ,    ,    ,    ,    ,    ,    ,    ,    ,    ,  ,    ,    , , 
     3552,    3556,                  0,  1, 2, 3, 4, 5, 6, 7, 8,                      ,   ,   ,   ,                   669, 519,  759,  729, 609, 550,  610, 639, 490, 551, 699, 579, 549, 459, 461, 549, 429, 430, 580, 399, 462, 339, 520, 611, 671, 309, 701, 730, 491, 340, 310, 279,  670, 789,  849,  249, 523, 159, 369, 250, 640,    ,    ,    ,     ,    ,    ,    ,    ,    ,    ,    ,    ,    ,    ,    ,    ,    ,    ,    ,    ,    ,    ,    ,    ,    ,    ,    ,    ,    ,    ,    ,    ,    ,    ,    ,    ,    ,    ,     ,    ,    ,    ,    ,    ,    ,    ,    ,    ,    ,    ,    ,    ,    ,    ,    ,    ,    ,    ,    ,    ,  ,    ,    , , 
     3557,    3559,                  0,  1, 2, 3, 4, 5, 6, 7, 8,                      ,   ,   ,   ,                   669, 519,  759,  729, 609, 550,  610, 639, 490, 551, 699, 579, 549, 459, 461, 549, 429, 430, 580, 399, 462, 339, 520, 611, 671, 309, 701, 730, 491, 340, 310, 279,  670, 789,  849,  249, 523, 159, 369, 250, 640, 760,    ,    ,     ,    ,    ,    ,    ,    ,    ,    ,    ,    ,    ,    ,    ,    ,    ,    ,    ,    ,    ,    ,    ,    ,    ,    ,    ,    ,    ,    ,    ,    ,    ,    ,    ,    ,    ,     ,    ,    ,    ,    ,    ,    ,    ,    ,    ,    ,    ,    ,    ,    ,    ,    ,    ,    ,    ,    ,    ,  ,    ,    , , 
     3560,    3560,                  0,  1, 2, 3, 4, 5, 6, 7, 8,                      ,   ,   ,   ,                   669, 519,  759,  729, 609, 550,  610, 639, 490, 551, 699, 579, 549, 459, 461, 549, 429, 430, 580, 399, 462, 339, 520, 611, 671, 309, 701, 730, 491, 340, 310, 279,  670, 789,  849,  249, 523, 159, 369, 250, 640, 760, 432,    ,     ,    ,    ,    ,    ,    ,    ,    ,    ,    ,    ,    ,    ,    ,    ,    ,    ,    ,    ,    ,    ,    ,    ,    ,    ,    ,    ,    ,    ,    ,    ,    ,    ,    ,    ,     ,    ,    ,    ,    ,    ,    ,    ,    ,    ,    ,    ,    ,    ,    ,    ,    ,    ,    ,    ,    ,    ,  ,    ,    , , 
     3561,    3565,                  0,  1, 2, 3, 4, 5, 6, 7, 8,                      ,   ,   ,   ,                   669, 519,  759,  729, 609, 550,  610, 639, 490, 551, 699, 579, 549, 459, 461, 549, 429, 430, 580, 399, 462, 339, 520, 611, 671, 309, 701, 730, 491, 340, 310, 279,  670, 789,  849,  249, 523, 159, 369, 250, 640, 760, 432, 489,     ,    ,    ,    ,    ,    ,    ,    ,    ,    ,    ,    ,    ,    ,    ,    ,    ,    ,    ,    ,    ,    ,    ,    ,    ,    ,    ,    ,    ,    ,    ,    ,    ,    ,    ,     ,    ,    ,    ,    ,    ,    ,    ,    ,    ,    ,    ,    ,    ,    ,    ,    ,    ,    ,    ,    ,    ,  ,    ,    , , 
     3566,    3566,                  0,  1, 2, 3, 4, 5, 6, 7, 8,                      ,   ,   ,   ,                   669, 519,  759,  729, 609, 550,  610, 639, 490, 551, 699, 579, 549, 459, 461, 549, 429, 430, 580, 399, 462, 339, 520, 611, 671, 309, 701, 730, 491, 340, 310, 279,  670, 789,  849,  249, 523, 159, 369, 250, 640, 760, 432, 489, 1059,    ,    ,    ,    ,    ,    ,    ,    ,    ,    ,    ,    ,    ,    ,    ,    ,    ,    ,    ,    ,    ,    ,    ,    ,    ,    ,    ,    ,    ,    ,    ,    ,    ,    ,     ,    ,    ,    ,    ,    ,    ,    ,    ,    ,    ,    ,    ,    ,    ,    ,    ,    ,    ,    ,    ,    ,  ,    ,    , , 
     3567,    3567,                  0,  1, 2, 3, 4, 5, 6, 7, 8,                      ,   ,   ,   ,                   669, 519,  759,  729, 609, 550,  610, 639, 490, 551, 699, 579, 549, 459, 461, 549, 429, 430, 580, 399, 462, 339, 520, 611, 671, 309, 701, 730, 491, 340, 310, 279,  670, 789,  849,  249, 523, 159, 369, 250, 640, 760, 432, 489, 1059, 552,    ,    ,    ,    ,    ,    ,    ,    ,    ,    ,    ,    ,    ,    ,    ,    ,    ,    ,    ,    ,    ,    ,    ,    ,    ,    ,    ,    ,    ,    ,    ,    ,    ,     ,    ,    ,    ,    ,    ,    ,    ,    ,    ,    ,    ,    ,    ,    ,    ,    ,    ,    ,    ,    ,    ,  ,    ,    , , 
     3568,    3571,                  0,  1, 2, 3, 4, 5, 6, 7, 8,                      ,   ,   ,   ,                   669, 519,  759,  729, 609, 550,  610, 639, 490, 551, 699, 579, 549, 459, 461, 549, 429, 430, 580, 399, 462, 339, 520, 611, 671, 309, 701, 730, 491, 340, 310, 279,  670, 789,  849,  249, 523, 159, 369, 250, 640, 760, 432, 489, 1059, 552, 341, 581,    ,    ,    ,    ,    ,    ,    ,    ,    ,    ,    ,    ,    ,    ,    ,    ,    ,    ,    ,    ,    ,    ,    ,    ,    ,    ,    ,    ,    ,    ,    ,     ,    ,    ,    ,    ,    ,    ,    ,    ,    ,    ,    ,    ,    ,    ,    ,    ,    ,    ,    ,    ,    ,  ,    ,    , , 
     3572,    3572,                  0,  1, 2, 3, 4, 5, 6, 7, 8,                      ,   ,   ,   ,                   669, 519,  759,  729, 609, 550,  610, 639, 490, 551, 699, 579, 549, 459, 461, 549, 429, 430, 580, 399, 462, 339, 520, 611, 671, 309, 701, 730, 491, 340, 310, 279,  670, 789,  849,  249, 523, 159, 369, 250, 640, 760, 432, 489, 1059, 552, 341, 581, 431,    ,    ,    ,    ,    ,    ,    ,    ,    ,    ,    ,    ,    ,    ,    ,    ,    ,    ,    ,    ,    ,    ,    ,    ,    ,    ,    ,    ,    ,    ,     ,    ,    ,    ,    ,    ,    ,    ,    ,    ,    ,    ,    ,    ,    ,    ,    ,    ,    ,    ,    ,    ,  ,    ,    , , 
     3573,    3573,                  0,  1, 2, 3, 4, 5, 6, 7, 8,                      ,   ,   ,   ,                   669, 519,  759,  729, 609, 550,  610, 639, 490, 551, 699, 579, 549, 459, 461, 549, 429, 430, 580, 399, 462, 339, 520, 611, 671, 309, 701, 730, 491, 340, 310, 279,  670, 789,  849,  249, 523, 159, 369, 250, 640, 760, 432, 489, 1059, 552, 341, 581, 431, 521, 879,    ,    ,    ,    ,    ,    ,    ,    ,    ,    ,    ,    ,    ,    ,    ,    ,    ,    ,    ,    ,    ,    ,    ,    ,    ,    ,    ,    ,     ,    ,    ,    ,    ,    ,    ,    ,    ,    ,    ,    ,    ,    ,    ,    ,    ,    ,    ,    ,    ,    ,  ,    ,    , , 
     3574,    3574,                  0,  1, 2, 3, 4, 5, 6, 7, 8,                      ,   ,   ,   ,                   669, 519,  759,  729, 609, 550,  610, 639, 490, 551, 699, 579, 549, 459, 461, 549, 429, 430, 580, 399, 462, 339, 520, 611, 671, 309, 701, 730, 491, 340, 310, 279,  670, 789,  849,  249, 523, 159, 369, 250, 640, 760, 432, 489, 1059, 552, 341, 581, 431, 521, 879, 641,    ,    ,    ,    ,    ,    ,    ,    ,    ,    ,    ,    ,    ,    ,    ,    ,    ,    ,    ,    ,    ,    ,    ,    ,    ,    ,    ,     ,    ,    ,    ,    ,    ,    ,    ,    ,    ,    ,    ,    ,    ,    ,    ,    ,    ,    ,    ,    ,    ,  ,    ,    , , 
     3575,    3575,                  0,  1, 2, 3, 4, 5, 6, 7, 8,                      ,   ,   ,   ,                   669, 519,  759,  729, 609, 550,  610, 639, 490, 551, 699, 579, 549, 459, 461, 549, 429, 430, 580, 399, 462, 339, 520, 611, 671, 309, 701, 730, 491, 340, 310, 279,  670, 789,  849,  249, 523, 159, 369, 250, 640, 760, 432, 489, 1059, 552, 341, 581, 431, 521, 879, 641, 791,    ,    ,    ,    ,    ,    ,    ,    ,    ,    ,    ,    ,    ,    ,    ,    ,    ,    ,    ,    ,    ,    ,    ,    ,    ,    ,     ,    ,    ,    ,    ,    ,    ,    ,    ,    ,    ,    ,    ,    ,    ,    ,    ,    ,    ,    ,    ,    ,  ,    ,    , , 
     3576,    3580,                  0,  1, 2, 3, 4, 5, 6, 7, 8,                      ,   ,   ,   ,                   669, 519,  759,  729, 609, 550,  610, 639, 490, 551, 699, 579, 549, 459, 461, 549, 429, 430, 580, 399, 462, 339, 520, 611, 671, 309, 701, 730, 491, 340, 310, 279,  670, 789,  849,  249, 523, 159, 369, 250, 640, 760, 432, 489, 1059, 552, 341, 581, 431, 521, 879, 641, 791, 460,    ,    ,    ,    ,    ,    ,    ,    ,    ,    ,    ,    ,    ,    ,    ,    ,    ,    ,    ,    ,    ,    ,    ,    ,    ,     ,    ,    ,    ,    ,    ,    ,    ,    ,    ,    ,    ,    ,    ,    ,    ,    ,    ,    ,    ,    ,    ,  ,    ,    , , 
     3581,    3583,                  0,  1, 2, 3, 4, 5, 6, 7, 8,                      ,   ,   ,   ,                   669, 519,  759,  729, 609, 550,  610, 639, 490, 551, 699, 579, 549, 459, 461, 549, 429, 430, 580, 399, 462, 339, 520, 611, 671, 309, 701, 730, 491, 340, 310, 279,  670, 789,  849,  249, 523, 159, 369, 250, 640, 760, 432, 489, 1059, 552, 341, 581, 431, 521, 879, 641, 791, 460, 402,    ,    ,    ,    ,    ,    ,    ,    ,    ,    ,    ,    ,    ,    ,    ,    ,    ,    ,    ,    ,    ,    ,    ,    ,     ,    ,    ,    ,    ,    ,    ,    ,    ,    ,    ,    ,    ,    ,    ,    ,    ,    ,    ,    ,    ,    ,  ,    ,    , , 
     3584,    3585,                  0,  1, 2, 3, 4, 5, 6, 7, 8,                      ,   ,   ,   ,                   669, 519,  759,  729, 609, 550,  610, 639, 490, 551, 699, 579, 549, 459, 461, 549, 429, 430, 580, 399, 462, 339, 520, 611, 671, 309, 701, 730, 491, 340, 310, 279,  670, 789,  849,  249, 523, 159, 369, 250, 640, 760, 432, 489, 1059, 552, 341, 581, 431, 521, 879, 641, 791, 460, 402, 700, 820,    ,    ,    ,    ,    ,    ,    ,    ,    ,    ,    ,    ,    ,    ,    ,    ,    ,    ,    ,    ,    ,    ,     ,    ,    ,    ,    ,    ,    ,    ,    ,    ,    ,    ,    ,    ,    ,    ,    ,    ,    ,    ,    ,    ,  ,    ,    , , 
     3586,    3588,                  0,  1, 2, 3, 4, 5, 6, 7, 8,                      ,   ,   ,   ,                   669, 519,  759,  729, 609, 550,  610, 639, 490, 551, 699, 579, 549, 459, 461, 549, 429, 430, 580, 399, 462, 339, 520, 611, 671, 309, 701, 730, 491, 340, 310, 279,  670, 789,  849,  249, 523, 159, 369, 250, 640, 760, 432, 489, 1059, 552, 341, 581, 431, 521, 879, 641, 791, 460, 402, 700, 820, 251,    ,    ,    ,    ,    ,    ,    ,    ,    ,    ,    ,    ,    ,    ,    ,    ,    ,    ,    ,    ,    ,     ,    ,    ,    ,    ,    ,    ,    ,    ,    ,    ,    ,    ,    ,    ,    ,    ,    ,    ,    ,    ,    ,  ,    ,    , , 
     3589,    3589,                  0,  1, 2, 3, 4, 5, 6, 7, 8,                      ,   ,   ,   ,                   669, 519,  759,  729, 609, 550,  610, 639, 490, 551, 699, 579, 549, 459, 461, 549, 429, 430, 580, 399, 462, 339, 520, 611, 671, 309, 701, 730, 491, 340, 310, 279,  670, 789,  849,  249, 523, 159, 369, 250, 640, 760, 432, 489, 1059, 552, 341, 581, 431, 521, 879, 641, 791, 460, 402, 700, 820, 251, 731, 969,    ,    ,    ,    ,    ,    ,    ,    ,    ,    ,    ,    ,    ,    ,    ,    ,    ,    ,    ,     ,    ,    ,    ,    ,    ,    ,    ,    ,    ,    ,    ,    ,    ,    ,    ,    ,    ,    ,    ,    ,    ,  ,    ,    , , 
     3590,    3593,                  0,  1, 2, 3, 4, 5, 6, 7, 8,                      ,   ,   ,   ,                   669, 519,  759,  729, 609, 550,  610, 639, 490, 551, 699, 579, 549, 459, 461, 549, 429, 430, 580, 399, 462, 339, 520, 611, 671, 309, 701, 730, 491, 340, 310, 279,  670, 789,  849,  249, 523, 159, 369, 250, 640, 760, 432, 489, 1059, 552, 341, 581, 431, 521, 879, 641, 791, 460, 402, 700, 820, 251, 731, 969, 850,    ,    ,    ,    ,    ,    ,    ,    ,    ,    ,    ,    ,    ,    ,    ,    ,    ,    ,     ,    ,    ,    ,    ,    ,    ,    ,    ,    ,    ,    ,    ,    ,    ,    ,    ,    ,    ,    ,    ,    ,  ,    ,    , , 
     3594,    3594,                  0,  1, 2, 3, 4, 5, 6, 7, 8,                      ,   ,   ,   ,                   669, 519,  759,  729, 609, 550,  610, 639, 490, 551, 699, 579, 549, 459, 461, 549, 429, 430, 580, 399, 462, 339, 520, 611, 671, 309, 701, 730, 491, 340, 310, 279,  670, 789,  849,  249, 523, 159, 369, 250, 640, 760, 432, 489, 1059, 552, 341, 581, 431, 521, 879, 641, 791, 460, 402, 700, 820, 251, 731, 969, 850, 582,    ,    ,    ,    ,    ,    ,    ,    ,    ,    ,    ,    ,    ,    ,    ,    ,    ,     ,    ,    ,    ,    ,    ,    ,    ,    ,    ,    ,    ,    ,    ,    ,    ,    ,    ,    ,    ,    ,    ,  ,    ,    , , 
     3595,    3596,                  0,  1, 2, 3, 4, 5, 6, 7, 8,                      ,   ,   ,   ,                   669, 519,  759,  729, 609, 550,  610, 639, 490, 551, 699, 579, 549, 459, 461, 549, 429, 430, 580, 399, 462, 339, 520, 611, 671, 309, 701, 730, 491, 340, 310, 279,  670, 789,  849,  249, 523, 159, 369, 250, 640, 760, 432, 489, 1059, 552, 341, 581, 431, 521, 879, 641, 791, 460, 402, 700, 820, 251, 731, 969, 850, 582, 190,    ,    ,    ,    ,    ,    ,    ,    ,    ,    ,    ,    ,    ,    ,    ,    ,     ,    ,    ,    ,    ,    ,    ,    ,    ,    ,    ,    ,    ,    ,    ,    ,    ,    ,    ,    ,    ,    ,  ,    ,    , , 
     3597,    3599,                  0,  1, 2, 3, 4, 5, 6, 7, 8,                      ,   ,   ,   ,                   669, 519,  759,  729, 609, 550,  610, 639, 490, 551, 699, 579, 549, 459, 461, 549, 429, 430, 580, 399, 462, 339, 520, 611, 671, 309, 701, 730, 491, 340, 310, 279,  670, 789,  849,  249, 523, 159, 369, 250, 640, 760, 432, 489, 1059, 552, 341, 581, 431, 521, 879, 641, 791, 460, 402, 700, 820, 251, 731, 969, 850, 582, 190, 642,    ,    ,    ,    ,    ,    ,    ,    ,    ,    ,    ,    ,    ,    ,    ,     ,    ,    ,    ,    ,    ,    ,    ,    ,    ,    ,    ,    ,    ,    ,    ,    ,    ,    ,    ,    ,    ,  ,    ,    , , 
     3600,    3603,                  0,  1, 2, 3, 4, 5, 6, 7, 8,                      ,   ,   ,   ,                   669, 519,  759,  729, 609, 550,  610, 639, 490, 551, 699, 579, 549, 459, 461, 549, 429, 430, 580, 399, 462, 339, 520, 611, 671, 309, 701, 730, 491, 340, 310, 279,  670, 789,  849,  249, 523, 159, 369, 250, 640, 760, 432, 489, 1059, 552, 341, 581, 431, 521, 879, 641, 791, 460, 402, 700, 820, 251, 731, 969, 850, 582, 190, 642, 909,    ,    ,    ,    ,    ,    ,    ,    ,    ,    ,    ,    ,    ,    ,     ,    ,    ,    ,    ,    ,    ,    ,    ,    ,    ,    ,    ,    ,    ,    ,    ,    ,    ,    ,    ,    ,  ,    ,    , , 
     3604,    3604,                  0,  1, 2, 3, 4, 5, 6, 7, 8,                      ,   ,   ,   ,                   669, 519,  759,  729, 609, 550,  610, 639, 490, 551, 699, 579, 549, 459, 461, 549, 429, 430, 580, 399, 462, 339, 520, 611, 671, 309, 701, 730, 491, 340, 310, 279,  670, 789,  849,  249, 523, 159, 369, 250, 640, 760, 432, 489, 1059, 552, 341, 581, 431, 521, 879, 641, 791, 460, 402, 700, 820, 251, 731, 969, 850, 582, 190, 642, 909, 761,    ,    ,    ,    ,    ,    ,    ,    ,    ,    ,    ,    ,    ,     ,    ,    ,    ,    ,    ,    ,    ,    ,    ,    ,    ,    ,    ,    ,    ,    ,    ,    ,    ,    ,    ,  ,    ,    , , 
     3605,    3605,                  0,  1, 2, 3, 4, 5, 6, 7, 8,                      ,   ,   ,   ,                   669, 519,  759,  729, 609, 550,  610, 639, 490, 551, 699, 579, 549, 459, 461, 549, 429, 430, 580, 399, 462, 339, 520, 611, 671, 309, 701, 730, 491, 340, 310, 279,  670, 789,  849,  249, 523, 159, 369, 250, 640, 760, 432, 489, 1059, 552, 341, 581, 431, 521, 879, 641, 791, 460, 402, 700, 820, 251, 731, 969, 850, 582, 190, 642, 909, 761, 583, 372,    ,    ,    ,    ,    ,    ,    ,    ,    ,    ,    ,     ,    ,    ,    ,    ,    ,    ,    ,    ,    ,    ,    ,    ,    ,    ,    ,    ,    ,    ,    ,    ,    ,  ,    ,    , , 
     3606,    3612,                  0,  1, 2, 3, 4, 5, 6, 7, 8,                      ,   ,   ,   ,                   669, 519,  759,  729, 609, 550,  610, 639, 490, 551, 699, 579, 549, 459, 461, 549, 429, 430, 580, 399, 462, 339, 520, 611, 671, 309, 701, 730, 491, 340, 310, 279,  670, 789,  849,  249, 523, 159, 369, 250, 640, 760, 432, 489, 1059, 552, 341, 581, 431, 521, 879, 641, 791, 460, 402, 700, 820, 251, 731, 969, 850, 582, 190, 642, 909, 761, 583, 372, 219,    ,    ,    ,    ,    ,    ,    ,    ,    ,    ,     ,    ,    ,    ,    ,    ,    ,    ,    ,    ,    ,    ,    ,    ,    ,    ,    ,    ,    ,    ,    ,    ,  ,    ,    , , 
     3613,    3613,                  0,  1, 2, 3, 4, 5, 6, 7, 8,                      ,   ,   ,   ,                   669, 519,  759,  729, 609, 550,  610, 639, 490, 551, 699, 579, 549, 459, 461, 549, 429, 430, 580, 399, 462, 339, 520, 611, 671, 309, 701, 730, 491, 340, 310, 279,  670, 789,  849,  249, 523, 159, 369, 250, 640, 760, 432, 489, 1059, 552, 341, 581, 431, 521, 879, 641, 791, 460, 402, 700, 820, 251, 731, 969, 850, 582, 190, 642, 909, 761, 583, 372, 219, 370, 792,    ,    ,    ,    ,    ,    ,    ,    ,     ,    ,    ,    ,    ,    ,    ,    ,    ,    ,    ,    ,    ,    ,    ,    ,    ,    ,    ,    ,    ,    ,  ,    ,    , , 
     3614,    3614,                  0,  1, 2, 3, 4, 5, 6, 7, 8,                      ,   ,   ,   ,                   669, 519,  759,  729, 609, 550,  610, 639, 490, 551, 699, 579, 549, 459, 461, 549, 429, 430, 580, 399, 462, 339, 520, 611, 671, 309, 701, 730, 491, 340, 310, 279,  670, 789,  849,  249, 523, 159, 369, 250, 640, 760, 432, 489, 1059, 552, 341, 581, 431, 521, 879, 641, 791, 460, 402, 700, 820, 251, 731, 969, 850, 582, 190, 642, 909, 761, 583, 372, 219, 370, 792, 464, 189, 401,    ,    ,    ,    ,    ,     ,    ,    ,    ,    ,    ,    ,    ,    ,    ,    ,    ,    ,    ,    ,    ,    ,    ,    ,    ,    ,    ,  ,    ,    , , 
     3615,    3615,                  0,  1, 2, 3, 4, 5, 6, 7, 8,                      ,   ,   ,   ,                   669, 519,  759,  729, 609, 550,  610, 639, 490, 551, 699, 579, 549, 459, 461, 549, 429, 430, 580, 399, 462, 339, 520, 611, 671, 309, 701, 730, 491, 340, 310, 279,  670, 789,  849,  249, 523, 159, 369, 250, 640, 760, 432, 489, 1059, 552, 341, 581, 431, 521, 879, 641, 791, 460, 402, 700, 820, 251, 731, 969, 850, 582, 190, 642, 909, 761, 583, 372, 219, 370, 792, 464, 189, 401, 673,    ,    ,    ,    ,     ,    ,    ,    ,    ,    ,    ,    ,    ,    ,    ,    ,    ,    ,    ,    ,    ,    ,    ,    ,    ,    ,  ,    ,    , , 
     3616,    3619,                  0,  1, 2, 3, 4, 5, 6, 7, 8,                      ,   ,   ,   ,                   669, 519,  759,  729, 609, 550,  610, 639, 490, 551, 699, 579, 549, 459, 461, 549, 429, 430, 580, 399, 462, 339, 520, 611, 671, 309, 701, 730, 491, 340, 310, 279,  670, 789,  849,  249, 523, 159, 369, 250, 640, 760, 432, 489, 1059, 552, 341, 581, 431, 521, 879, 641, 791, 460, 402, 700, 820, 251, 731, 969, 850, 582, 190, 642, 909, 761, 583, 372, 219, 370, 792, 464, 189, 401, 673, 643, 614, 553,    ,     ,    ,    ,    ,    ,    ,    ,    ,    ,    ,    ,    ,    ,    ,    ,    ,    ,    ,    ,    ,    ,    ,  ,    ,    , , 
     3620,    3620,                  0,  1, 2, 3, 4, 5, 6, 7, 8,                      ,   ,   ,   ,                   669, 519,  759,  729, 609, 550,  610, 639, 490, 551, 699, 579, 549, 459, 461, 549, 429, 430, 580, 399, 462, 339, 520, 611, 671, 309, 701, 730, 491, 340, 310, 279,  670, 789,  849,  249, 523, 159, 369, 250, 640, 760, 432, 489, 1059, 552, 341, 581, 431, 521, 879, 641, 791, 460, 402, 700, 820, 251, 731, 969, 850, 582, 190, 642, 909, 761, 583, 372, 219, 370, 792, 464, 189, 401, 673, 643, 614, 553, 672,     ,    ,    ,    ,    ,    ,    ,    ,    ,    ,    ,    ,    ,    ,    ,    ,    ,    ,    ,    ,    ,    ,  ,    ,    , , 
     3621,    3621,                  0,  1, 2, 3, 4, 5, 6, 7, 8,                      ,   ,   ,   ,                   669, 519,  759,  729, 609, 550,  610, 639, 490, 551, 699, 579, 549, 459, 461, 549, 429, 430, 580, 399, 462, 339, 520, 611, 671, 309, 701, 730, 491, 340, 310, 279,  670, 789,  849,  249, 523, 159, 369, 250, 640, 760, 432, 489, 1059, 552, 341, 581, 431, 521, 879, 641, 791, 460, 402, 700, 820, 251, 731, 969, 850, 582, 190, 642, 909, 761, 583, 372, 219, 370, 792, 464, 189, 401, 673, 643, 614, 553, 672, 1029,    ,    ,    ,    ,    ,    ,    ,    ,    ,    ,    ,    ,    ,    ,    ,    ,    ,    ,    ,    ,    ,  ,    ,    , , 
     3622,    3629,                  0,  1, 2, 3, 4, 5, 6, 7, 8,                      ,   ,   ,   ,                   669, 519,  759,  729, 609, 550,  610, 639, 490, 551, 699, 579, 549, 459, 461, 549, 429, 430, 580, 399, 462, 339, 520, 611, 671, 309, 701, 730, 491, 340, 310, 279,  670, 789,  849,  249, 523, 159, 369, 250, 640, 760, 432, 489, 1059, 552, 341, 581, 431, 521, 879, 641, 791, 460, 402, 700, 820, 251, 731, 969, 850, 582, 190, 642, 909, 761, 583, 372, 219, 370, 792, 464, 189, 401, 673, 643, 614, 553, 672, 1029, 371, 160,    ,    ,    ,    ,    ,    ,    ,    ,    ,    ,    ,    ,    ,    ,    ,    ,    ,    ,    ,  ,    ,    , , 
     3630,    3630,                  0,  1, 2, 3, 4, 5, 6, 7, 8,                      ,   ,   ,   ,                   669, 519,  759,  729, 609, 550,  610, 639, 490, 551, 699, 579, 549, 459, 461, 549, 429, 430, 580, 399, 462, 339, 520, 611, 671, 309, 701, 730, 491, 340, 310, 279,  670, 789,  849,  249, 523, 159, 369, 250, 640, 760, 432, 489, 1059, 552, 341, 581, 431, 521, 879, 641, 791, 460, 402, 700, 820, 251, 731, 969, 850, 582, 190, 642, 909, 761, 583, 372, 219, 370, 792, 464, 189, 401, 673, 643, 614, 553, 672, 1029, 371, 160, 130,    ,    ,    ,    ,    ,    ,    ,    ,    ,    ,    ,    ,    ,    ,    ,    ,    ,    ,  ,    ,    , , 
     3631,    3631,                  0,  1, 2, 3, 4, 5, 6, 7, 8,                      ,   ,   ,   ,                   669, 519,  759,  729, 609, 550,  610, 639, 490, 551, 699, 579, 549, 459, 461, 549, 429, 430, 580, 399, 462, 339, 520, 611, 671, 309, 701, 730, 491, 340, 310, 279,  670, 789,  849,  249, 523, 159, 369, 250, 640, 760, 432, 489, 1059, 552, 341, 581, 431, 521, 879, 641, 791, 460, 402, 700, 820, 251, 731, 969, 850, 582, 190, 642, 909, 761, 583, 372, 219, 370, 792, 464, 189, 401, 673, 643, 614, 553, 672, 1029, 371, 160, 130, 339, 465,    ,    ,    ,    ,    ,    ,    ,    ,    ,    ,    ,    ,    ,    ,    ,    ,  ,    ,    , , 
     3632,    3634,                  0,  1, 2, 3, 4, 5, 6, 7, 8,                      ,   ,   ,   ,                   669, 519,  759,  729, 609, 550,  610, 639, 490, 551, 699, 579, 549, 459, 461, 549, 429, 430, 580, 399, 462, 339, 520, 611, 671, 309, 701, 730, 491, 340, 310, 279,  670, 789,  849,  249, 523, 159, 369, 250, 640, 760, 432, 489, 1059, 552, 341, 581, 431, 521, 879, 641, 791, 460, 402, 700, 820, 251, 731, 969, 850, 582, 190, 642, 909, 761, 583, 372, 219, 370, 792, 464, 189, 401, 673, 643, 614, 553, 672, 1029, 371, 160, 130, 339, 465, 555, 702,    ,    ,    ,    ,    ,    ,    ,    ,    ,    ,    ,    ,    ,    ,  ,    ,    , , 
     3635,    3639,                  0,  1, 2, 3, 4, 5, 6, 7, 8,                      ,   ,   ,   ,                   669, 519,  759,  729, 609, 550,  610, 639, 490, 551, 699, 579, 549, 459, 461, 549, 429, 430, 580, 399, 462, 339, 520, 611, 671, 309, 701, 730, 491, 340, 310, 279,  670, 789,  849,  249, 523, 159, 369, 250, 640, 760, 432, 489, 1059, 552, 341, 581, 431, 521, 879, 641, 791, 460, 402, 700, 820, 251, 731, 969, 850, 582, 190, 642, 909, 761, 583, 372, 219, 370, 792, 464, 189, 401, 673, 643, 614, 553, 672, 1029, 371, 160, 130, 339, 465, 555, 702, 463,    ,    ,    ,    ,    ,    ,    ,    ,    ,    ,    ,    ,    ,  ,    ,    , , 
     3640,    3640,                  0,  1, 2, 3, 4, 5, 6, 7, 8,                      ,   ,   ,   ,                   669, 519,  759,  729, 609, 550,  610, 639, 490, 551, 699, 579, 549, 459, 461, 549, 429, 430, 580, 399, 462, 339, 520, 611, 671, 309, 701, 730, 491, 340, 310, 279,  670, 789,  849,  249, 523, 159, 369, 250, 640, 760, 432, 489, 1059, 552, 341, 581, 431, 521, 879, 641, 791, 460, 402, 700, 820, 251, 731, 969, 850, 582, 190, 642, 909, 761, 583, 372, 219, 370, 792, 464, 189, 401, 673, 643, 614, 553, 672, 1029, 371, 160, 130, 339, 465, 555, 702, 463, 819,    ,    ,    ,    ,    ,    ,    ,    ,    ,    ,    ,    ,  ,    ,    , , 
     3641,    3644,                  0,  1, 2, 3, 4, 5, 6, 7, 8,                      ,   ,   ,   ,                   669, 519,  759,  729, 609, 550,  610, 639, 490, 551, 699, 579, 549, 459, 461, 549, 429, 430, 580, 399, 462, 339, 520, 611, 671, 309, 701, 730, 491, 340, 310, 279,  670, 789,  849,  249, 523, 159, 369, 250, 640, 760, 432, 489, 1059, 552, 341, 581, 431, 521, 879, 641, 791, 460, 402, 700, 820, 251, 731, 969, 850, 582, 190, 642, 909, 761, 583, 372, 219, 370, 792, 464, 189, 401, 673, 643, 614, 553, 672, 1029, 371, 160, 130, 339, 465, 555, 702, 463, 819, 851, 311,    ,    ,    ,    ,    ,    ,    ,    ,    ,    ,  ,    ,    , , 
     3645,    3645,                  0,  1, 2, 3, 4, 5, 6, 7, 8,                      ,   ,   ,   ,                   669, 519,  759,  729, 609, 550,  610, 639, 490, 551, 699, 579, 549, 459, 461, 549, 429, 430, 580, 399, 462, 339, 520, 611, 671, 309, 701, 730, 491, 340, 310, 279,  670, 789,  849,  249, 523, 159, 369, 250, 640, 760, 432, 489, 1059, 552, 341, 581, 431, 521, 879, 641, 791, 460, 402, 700, 820, 251, 731, 969, 850, 582, 190, 642, 909, 761, 583, 372, 219, 370, 792, 464, 189, 401, 673, 643, 614, 553, 672, 1029, 371, 160, 130, 339, 465, 555, 702, 463, 819, 851, 311, 252,    ,    ,    ,    ,    ,    ,    ,    ,    ,  ,    ,    , , 
     3646,    3648,                  0,  1, 2, 3, 4, 5, 6, 7, 8,                      ,   ,   ,   ,                   669, 519,  759,  729, 609, 550,  610, 639, 490, 551, 699, 579, 549, 459, 461, 549, 429, 430, 580, 399, 462, 339, 520, 611, 671, 309, 701, 730, 491, 340, 310, 279,  670, 789,  849,  249, 523, 159, 369, 250, 640, 760, 432, 489, 1059, 552, 341, 581, 431, 521, 879, 641, 791, 460, 402, 700, 820, 251, 731, 969, 850, 582, 190, 642, 909, 761, 583, 372, 219, 370, 792, 464, 189, 401, 673, 643, 614, 553, 672, 1029, 371, 160, 130, 339, 465, 555, 702, 463, 819, 851, 311, 252, 613, 129, 400,    ,    ,    ,    ,    ,    ,  ,    ,    , , 
     3649,    3649,                  0,  1, 2, 3, 4, 5, 6, 7, 8,                      ,   ,   ,   ,                   669, 519,  759,  729, 609, 550,  610, 639, 490, 551, 699, 579, 549, 459, 461, 549, 429, 430, 580, 399, 462, 339, 520, 611, 671, 309, 701, 730, 491, 340, 310, 279,  670, 789,  849,  249, 523, 159, 369, 250, 640, 760, 432, 489, 1059, 552, 341, 581, 431, 521, 879, 641, 791, 460, 402, 700, 820, 251, 731, 969, 850, 582, 190, 642, 909, 761, 583, 372, 219, 370, 792, 464, 189, 401, 673, 643, 614, 553, 672, 1029, 371, 160, 130, 339, 465, 555, 702, 463, 819, 851, 311, 252, 613, 129, 400, 939,    ,    ,    ,    ,    ,  ,    ,    , , 
     3650,    3652,                  0,  1, 2, 3, 4, 5, 6, 7, 8,                      ,   ,   ,   ,                   669, 519,  759,  729, 609, 550,  610, 639, 490, 551, 699, 579, 549, 459, 461, 549, 429, 430, 580, 399, 462, 339, 520, 611, 671, 309, 701, 730, 491, 340, 310, 279,  670, 789,  849,  249, 523, 159, 369, 250, 640, 760, 432, 489, 1059, 552, 341, 581, 431, 521, 879, 641, 791, 460, 402, 700, 820, 251, 731, 969, 850, 582, 190, 642, 909, 761, 583, 372, 219, 370, 792, 464, 189, 401, 673, 643, 614, 553, 672, 1029, 371, 160, 130, 339, 465, 555, 702, 463, 819, 851, 311, 252, 613, 129, 400, 939, 762, 404,    ,    ,    ,  ,    ,    , , 
     3653,    3657,                  0,  1, 2, 3, 4, 5, 6, 7, 8,                      ,   ,   ,   ,                   669, 519,  759,  729, 609, 550,  610, 639, 490, 551, 699, 579, 549, 459, 461, 549, 429, 430, 580, 399, 462, 339, 520, 611, 671, 309, 701, 730, 491, 340, 310, 279,  670, 789,  849,  249, 523, 159, 369, 250, 640, 760, 432, 489, 1059, 552, 341, 581, 431, 521, 879, 641, 791, 460, 402, 700, 820, 251, 731, 969, 850, 582, 190, 642, 909, 761, 583, 372, 219, 370, 792, 464, 189, 401, 673, 643, 614, 553, 672, 1029, 371, 160, 130, 339, 465, 555, 702, 463, 819, 851, 311, 252, 613, 129, 400, 939, 762, 404, 732,    ,    ,  ,    ,    , , 
     3658,    3662,                  0,  1, 2, 3, 4, 5, 6, 7, 8,                      ,   ,   ,   ,                   669, 519,  759,  729, 609, 550,  610, 639, 490, 551, 699, 579, 549, 459, 461, 549, 429, 430, 580, 399, 462, 339, 520, 611, 671, 309, 701, 730, 491, 340, 310, 279,  670, 789,  849,  249, 523, 159, 369, 250, 640, 760, 432, 489, 1059, 552, 341, 581, 431, 521, 879, 641, 791, 460, 402, 700, 820, 251, 731, 969, 850, 582, 190, 642, 909, 761, 583, 372, 219, 370, 792, 464, 189, 401, 673, 643, 614, 553, 672, 1029, 371, 160, 130, 339, 465, 555, 702, 463, 819, 851, 311, 252, 613, 129, 400, 939, 762, 404, 732, 821,    ,  ,    ,    , , 
     3663,    3663,                  0,  1, 2, 3, 4, 5, 6, 7, 8,                      ,   ,   ,   ,                   669, 519,  759,  729, 609, 550,  610, 639, 490, 551, 699, 579, 549, 459, 461, 549, 429, 430, 580, 399, 462, 339, 520, 611, 671, 309, 701, 730, 491, 340, 310, 279,  670, 789,  849,  249, 523, 159, 369, 250, 640, 760, 432, 489, 1059, 552, 341, 581, 431, 521, 879, 641, 791, 460, 402, 700, 820, 251, 731, 969, 850, 582, 190, 642, 909, 761, 583, 372, 219, 370, 792, 464, 189, 401, 673, 643, 614, 553, 672, 1029, 371, 160, 130, 339, 465, 555, 702, 463, 819, 851, 311, 252, 613, 129, 400, 939, 762, 404, 732, 821, 733,  ,    ,    , , 
     3664,    3665,                  0,  1, 2, 3, 4, 5, 6, 7, 8,                      ,   ,   ,   ,                   669, 519,  759,  729, 609, 550,  610, 639, 490, 551, 699, 579, 549, 459, 461, 549, 429, 430, 580, 399, 462, 339, 520, 611, 671, 309, 701, 730, 491, 340, 310, 279,  670, 789,  849,  249, 523, 159, 369, 250, 640, 760, 432, 489, 1059, 552, 341, 581, 431, 521, 879, 641, 791, 460, 402, 700, 820, 251, 731, 969, 850, 582, 190, 642, 909, 761, 583, 372, 219, 370, 792, 464, 189, 401, 673, 643, 614, 553, 672, 1029, 371, 160, 130, 339, 465, 555, 702, 463, 819, 851, 311, 252, 613, 129, 400, 939, 762, 404, 732, 821, 733, 9,    ,    , , 
     3666,    3727,                  0,  1, 2, 3, 4, 5, 6, 7, 8,                      ,   ,   ,   ,                   669, 519,  759,  729, 609, 550,  610, 639, 490, 551, 699, 579, 549, 459, 461, 549, 429, 430, 580, 399, 462, 339, 520, 611, 671, 309, 701, 730, 491, 340, 310, 279,  670, 789,  849,  249, 523, 159, 369, 250, 640, 760, 432, 489, 1059, 552, 341, 581, 431, 521, 879, 641, 791, 460, 402, 700, 820, 251, 731, 969, 850, 582, 190, 642, 909, 761, 583, 372, 219, 370, 792, 464, 189, 401, 673, 643, 614, 553, 672, 1029, 371, 160, 130, 339, 465, 555, 702, 463, 819, 851, 311, 252, 613, 129, 400, 939, 762, 404, 732, 821, 733, 9, 910, 941, , 
     3728,    4360,                   ,   ,  ,  ,  ,  ,  ,  ,  ,                      ,   ,   ,   ,                      ,    ,     ,     ,    ,    ,     ,    ,    ,    ,    ,    ,    ,    ,    ,    ,    ,    ,    ,    ,    ,    ,    ,    ,    ,    ,    ,    ,    ,    ,    ,    ,     ,    ,     ,     ,    ,    ,    ,    ,    ,    ,    ,    ,     ,    ,    ,    ,    ,    ,    ,    ,    ,    ,    ,    ,    ,    ,    ,    ,    ,    ,    ,    ,    ,    ,    ,    ,    ,    ,    ,    ,    ,    ,    ,    ,    ,    ,    ,     ,    ,    ,    ,    ,    ,    ,    ,    ,    ,    ,    ,    ,    ,    ,    ,    ,    ,    ,    ,    ,    ,  ,    ,    , , 
     4361,    4410,                   ,   ,  ,  ,  ,  ,  ,  ,  ,                      ,   ,   ,   ,                   620,    ,     ,     ,    ,    ,     ,    ,    ,    ,    ,    ,    ,    ,    ,    ,    ,    ,    ,    ,    ,    ,    ,    ,    ,    ,    ,    ,    ,    ,    ,    ,     ,    ,     ,     ,    ,    ,    ,    ,    ,    ,    ,    ,     ,    ,    ,    ,    ,    ,    ,    ,    ,    ,    ,    ,    ,    ,    ,    ,    ,    ,    ,    ,    ,    ,    ,    ,    ,    ,    ,    ,    ,    ,    ,    ,    ,    ,    ,     ,    ,    ,    ,    ,    ,    ,    ,    ,    ,    ,    ,    ,    ,    ,    ,    ,    ,    ,    ,    ,    ,  ,    ,    , , 
     4411,    4412,                   ,   ,  ,  ,  ,  ,  ,  ,  ,                      ,   ,   ,   ,                   620, 500,     ,     ,    ,    ,     ,    ,    ,    ,    ,    ,    ,    ,    ,    ,    ,    ,    ,    ,    ,    ,    ,    ,    ,    ,    ,    ,    ,    ,    ,    ,     ,    ,     ,     ,    ,    ,    ,    ,    ,    ,    ,    ,     ,    ,    ,    ,    ,    ,    ,    ,    ,    ,    ,    ,    ,    ,    ,    ,    ,    ,    ,    ,    ,    ,    ,    ,    ,    ,    ,    ,    ,    ,    ,    ,    ,    ,    ,     ,    ,    ,    ,    ,    ,    ,    ,    ,    ,    ,    ,    ,    ,    ,    ,    ,    ,    ,    ,    ,    ,  ,    ,    , , 
     4413,    4427,                   ,   ,  ,  ,  ,  ,  ,  ,  ,                      ,   ,   ,   ,                   500,    ,     ,     ,    ,    ,     ,    ,    ,    ,    ,    ,    ,    ,    ,    ,    ,    ,    ,    ,    ,    ,    ,    ,    ,    ,    ,    ,    ,    ,    ,    ,     ,    ,     ,     ,    ,    ,    ,    ,    ,    ,    ,    ,     ,    ,    ,    ,    ,    ,    ,    ,    ,    ,    ,    ,    ,    ,    ,    ,    ,    ,    ,    ,    ,    ,    ,    ,    ,    ,    ,    ,    ,    ,    ,    ,    ,    ,    ,     ,    ,    ,    ,    ,    ,    ,    ,    ,    ,    ,    ,    ,    ,    ,    ,    ,    ,    ,    ,    ,    ,  ,    ,    , , 
     4428,    4457,                   ,   ,  ,  ,  ,  ,  ,  ,  ,                      ,   ,   ,   ,                   500, 560,     ,     ,    ,    ,     ,    ,    ,    ,    ,    ,    ,    ,    ,    ,    ,    ,    ,    ,    ,    ,    ,    ,    ,    ,    ,    ,    ,    ,    ,    ,     ,    ,     ,     ,    ,    ,    ,    ,    ,    ,    ,    ,     ,    ,    ,    ,    ,    ,    ,    ,    ,    ,    ,    ,    ,    ,    ,    ,    ,    ,    ,    ,    ,    ,    ,    ,    ,    ,    ,    ,    ,    ,    ,    ,    ,    ,    ,     ,    ,    ,    ,    ,    ,    ,    ,    ,    ,    ,    ,    ,    ,    ,    ,    ,    ,    ,    ,    ,    ,  ,    ,    , , 
     4458,    4459,                   ,   ,  ,  ,  ,  ,  ,  ,  ,                      ,   ,   ,   ,                   500, 560,  501,  651,    ,    ,     ,    ,    ,    ,    ,    ,    ,    ,    ,    ,    ,    ,    ,    ,    ,    ,    ,    ,    ,    ,    ,    ,    ,    ,    ,    ,     ,    ,     ,     ,    ,    ,    ,    ,    ,    ,    ,    ,     ,    ,    ,    ,    ,    ,    ,    ,    ,    ,    ,    ,    ,    ,    ,    ,    ,    ,    ,    ,    ,    ,    ,    ,    ,    ,    ,    ,    ,    ,    ,    ,    ,    ,    ,     ,    ,    ,    ,    ,    ,    ,    ,    ,    ,    ,    ,    ,    ,    ,    ,    ,    ,    ,    ,    ,    ,  ,    ,    , , 
     4460,    4463,                   ,   ,  ,  ,  ,  ,  ,  ,  ,                      ,   ,   ,   ,                   501, 651,     ,     ,    ,    ,     ,    ,    ,    ,    ,    ,    ,    ,    ,    ,    ,    ,    ,    ,    ,    ,    ,    ,    ,    ,    ,    ,    ,    ,    ,    ,     ,    ,     ,     ,    ,    ,    ,    ,    ,    ,    ,    ,     ,    ,    ,    ,    ,    ,    ,    ,    ,    ,    ,    ,    ,    ,    ,    ,    ,    ,    ,    ,    ,    ,    ,    ,    ,    ,    ,    ,    ,    ,    ,    ,    ,    ,    ,     ,    ,    ,    ,    ,    ,    ,    ,    ,    ,    ,    ,    ,    ,    ,    ,    ,    ,    ,    ,    ,    ,  ,    ,    , , 
     4464,    4535,                   ,   ,  ,  ,  ,  ,  ,  ,  ,                      ,   ,   ,   ,                      ,    ,     ,     ,    ,    ,     ,    ,    ,    ,    ,    ,    ,    ,    ,    ,    ,    ,    ,    ,    ,    ,    ,    ,    ,    ,    ,    ,    ,    ,    ,    ,     ,    ,     ,     ,    ,    ,    ,    ,    ,    ,    ,    ,     ,    ,    ,    ,    ,    ,    ,    ,    ,    ,    ,    ,    ,    ,    ,    ,    ,    ,    ,    ,    ,    ,    ,    ,    ,    ,    ,    ,    ,    ,    ,    ,    ,    ,    ,     ,    ,    ,    ,    ,    ,    ,    ,    ,    ,    ,    ,    ,    ,    ,    ,    ,    ,    ,    ,    ,    ,  ,    ,    , , 
     4536,    4568,                   ,   ,  ,  ,  ,  ,  ,  ,  ,                      ,   ,   ,   ,                   384,    ,     ,     ,    ,    ,     ,    ,    ,    ,    ,    ,    ,    ,    ,    ,    ,    ,    ,    ,    ,    ,    ,    ,    ,    ,    ,    ,    ,    ,    ,    ,     ,    ,     ,     ,    ,    ,    ,    ,    ,    ,    ,    ,     ,    ,    ,    ,    ,    ,    ,    ,    ,    ,    ,    ,    ,    ,    ,    ,    ,    ,    ,    ,    ,    ,    ,    ,    ,    ,    ,    ,    ,    ,    ,    ,    ,    ,    ,     ,    ,    ,    ,    ,    ,    ,    ,    ,    ,    ,    ,    ,    ,    ,    ,    ,    ,    ,    ,    ,    ,  ,    ,    , , 
     4569,    4572,                  0,   ,  ,  ,  ,  ,  ,  ,  ,                      ,   ,   ,   ,                   384,    ,     ,     ,    ,    ,     ,    ,    ,    ,    ,    ,    ,    ,    ,    ,    ,    ,    ,    ,    ,    ,    ,    ,    ,    ,    ,    ,    ,    ,    ,    ,     ,    ,     ,     ,    ,    ,    ,    ,    ,    ,    ,    ,     ,    ,    ,    ,    ,    ,    ,    ,    ,    ,    ,    ,    ,    ,    ,    ,    ,    ,    ,    ,    ,    ,    ,    ,    ,    ,    ,    ,    ,    ,    ,    ,    ,    ,    ,     ,    ,    ,    ,    ,    ,    ,    ,    ,    ,    ,    ,    ,    ,    ,    ,    ,    ,    ,    ,    ,    ,  ,    ,    , , 
     4573,    4589,                  0,   ,  ,  ,  ,  ,  ,  ,  ,                      ,   ,   ,   ,                      ,    ,     ,     ,    ,    ,     ,    ,    ,    ,    ,    ,    ,    ,    ,    ,    ,    ,    ,    ,    ,    ,    ,    ,    ,    ,    ,    ,    ,    ,    ,    ,     ,    ,     ,     ,    ,    ,    ,    ,    ,    ,    ,    ,     ,    ,    ,    ,    ,    ,    ,    ,    ,    ,    ,    ,    ,    ,    ,    ,    ,    ,    ,    ,    ,    ,    ,    ,    ,    ,    ,    ,    ,    ,    ,    ,    ,    ,    ,     ,    ,    ,    ,    ,    ,    ,    ,    ,    ,    ,    ,    ,    ,    ,    ,    ,    ,    ,    ,    ,    ,  ,    ,    , , 
     4590,    4635,                  0,  1,  ,  ,  ,  ,  ,  ,  ,                      ,   ,   ,   ,                      ,    ,     ,     ,    ,    ,     ,    ,    ,    ,    ,    ,    ,    ,    ,    ,    ,    ,    ,    ,    ,    ,    ,    ,    ,    ,    ,    ,    ,    ,    ,    ,     ,    ,     ,     ,    ,    ,    ,    ,    ,    ,    ,    ,     ,    ,    ,    ,    ,    ,    ,    ,    ,    ,    ,    ,    ,    ,    ,    ,    ,    ,    ,    ,    ,    ,    ,    ,    ,    ,    ,    ,    ,    ,    ,    ,    ,    ,    ,     ,    ,    ,    ,    ,    ,    ,    ,    ,    ,    ,    ,    ,    ,    ,    ,    ,    ,    ,    ,    ,    ,  ,    ,    , , 
     4636,    4636,                  0,   ,  ,  ,  ,  ,  ,  ,  ,                      ,   ,   ,   ,                      ,    ,     ,     ,    ,    ,     ,    ,    ,    ,    ,    ,    ,    ,    ,    ,    ,    ,    ,    ,    ,    ,    ,    ,    ,    ,    ,    ,    ,    ,    ,    ,     ,    ,     ,     ,    ,    ,    ,    ,    ,    ,    ,    ,     ,    ,    ,    ,    ,    ,    ,    ,    ,    ,    ,    ,    ,    ,    ,    ,    ,    ,    ,    ,    ,    ,    ,    ,    ,    ,    ,    ,    ,    ,    ,    ,    ,    ,    ,     ,    ,    ,    ,    ,    ,    ,    ,    ,    ,    ,    ,    ,    ,    ,    ,    ,    ,    ,    ,    ,    ,  ,    ,    , , 
     4637,    4644,                   ,   ,  ,  ,  ,  ,  ,  ,  ,                      ,   ,   ,   ,                      ,    ,     ,     ,    ,    ,     ,    ,    ,    ,    ,    ,    ,    ,    ,    ,    ,    ,    ,    ,    ,    ,    ,    ,    ,    ,    ,    ,    ,    ,    ,    ,     ,    ,     ,     ,    ,    ,    ,    ,    ,    ,    ,    ,     ,    ,    ,    ,    ,    ,    ,    ,    ,    ,    ,    ,    ,    ,    ,    ,    ,    ,    ,    ,    ,    ,    ,    ,    ,    ,    ,    ,    ,    ,    ,    ,    ,    ,    ,     ,    ,    ,    ,    ,    ,    ,    ,    ,    ,    ,    ,    ,    ,    ,    ,    ,    ,    ,    ,    ,    ,  ,    ,    , , 
     4645,    4655,                 24, 25,  ,  ,  ,  ,  ,  ,  ,                      ,   ,   ,   ,                      ,    ,     ,     ,    ,    ,     ,    ,    ,    ,    ,    ,    ,    ,    ,    ,    ,    ,    ,    ,    ,    ,    ,    ,    ,    ,    ,    ,    ,    ,    ,    ,     ,    ,     ,     ,    ,    ,    ,    ,    ,    ,    ,    ,     ,    ,    ,    ,    ,    ,    ,    ,    ,    ,    ,    ,    ,    ,    ,    ,    ,    ,    ,    ,    ,    ,    ,    ,    ,    ,    ,    ,    ,    ,    ,    ,    ,    ,    ,     ,    ,    ,    ,    ,    ,    ,    ,    ,    ,    ,    ,    ,    ,    ,    ,    ,    ,    ,    ,    ,    ,  ,    ,    , , 
     4656,    4714,                   ,   ,  ,  ,  ,  ,  ,  ,  ,                      ,   ,   ,   ,                      ,    ,     ,     ,    ,    ,     ,    ,    ,    ,    ,    ,    ,    ,    ,    ,    ,    ,    ,    ,    ,    ,    ,    ,    ,    ,    ,    ,    ,    ,    ,    ,     ,    ,     ,     ,    ,    ,    ,    ,    ,    ,    ,    ,     ,    ,    ,    ,    ,    ,    ,    ,    ,    ,    ,    ,    ,    ,    ,    ,    ,    ,    ,    ,    ,    ,    ,    ,    ,    ,    ,    ,    ,    ,    ,    ,    ,    ,    ,     ,    ,    ,    ,    ,    ,    ,    ,    ,    ,    ,    ,    ,    ,    ,    ,    ,    ,    ,    ,    ,    ,  ,    ,    , , 
     4715,    4786,                   ,   ,  ,  ,  ,  ,  ,  ,  ,                      ,   ,   ,   ,                  1075,    ,     ,     ,    ,    ,     ,    ,    ,    ,    ,    ,    ,    ,    ,    ,    ,    ,    ,    ,    ,    ,    ,    ,    ,    ,    ,    ,    ,    ,    ,    ,     ,    ,     ,     ,    ,    ,    ,    ,    ,    ,    ,    ,     ,    ,    ,    ,    ,    ,    ,    ,    ,    ,    ,    ,    ,    ,    ,    ,    ,    ,    ,    ,    ,    ,    ,    ,    ,    ,    ,    ,    ,    ,    ,    ,    ,    ,    ,     ,    ,    ,    ,    ,    ,    ,    ,    ,    ,    ,    ,    ,    ,    ,    ,    ,    ,    ,    ,    ,    ,  ,    ,    , , 
     4787,    4814,                   ,   ,  ,  ,  ,  ,  ,  ,  ,                      ,   ,   ,   ,                  1075, 846,     ,     ,    ,    ,     ,    ,    ,    ,    ,    ,    ,    ,    ,    ,    ,    ,    ,    ,    ,    ,    ,    ,    ,    ,    ,    ,    ,    ,    ,    ,     ,    ,     ,     ,    ,    ,    ,    ,    ,    ,    ,    ,     ,    ,    ,    ,    ,    ,    ,    ,    ,    ,    ,    ,    ,    ,    ,    ,    ,    ,    ,    ,    ,    ,    ,    ,    ,    ,    ,    ,    ,    ,    ,    ,    ,    ,    ,     ,    ,    ,    ,    ,    ,    ,    ,    ,    ,    ,    ,    ,    ,    ,    ,    ,    ,    ,    ,    ,    ,  ,    ,    , , 
     4815,    4819,                   ,   ,  ,  ,  ,  ,  ,  ,  ,                      ,   ,   ,   ,                  1075, 115,     ,     ,    ,    ,     ,    ,    ,    ,    ,    ,    ,    ,    ,    ,    ,    ,    ,    ,    ,    ,    ,    ,    ,    ,    ,    ,    ,    ,    ,    ,     ,    ,     ,     ,    ,    ,    ,    ,    ,    ,    ,    ,     ,    ,    ,    ,    ,    ,    ,    ,    ,    ,    ,    ,    ,    ,    ,    ,    ,    ,    ,    ,    ,    ,    ,    ,    ,    ,    ,    ,    ,    ,    ,    ,    ,    ,    ,     ,    ,    ,    ,    ,    ,    ,    ,    ,    ,    ,    ,    ,    ,    ,    ,    ,    ,    ,    ,    ,    ,  ,    ,    , , 
     4820,    4839,                   ,   ,  ,  ,  ,  ,  ,  ,  ,                      ,   ,   ,   ,                  1075,  28,     ,     ,    ,    ,     ,    ,    ,    ,    ,    ,    ,    ,    ,    ,    ,    ,    ,    ,    ,    ,    ,    ,    ,    ,    ,    ,    ,    ,    ,    ,     ,    ,     ,     ,    ,    ,    ,    ,    ,    ,    ,    ,     ,    ,    ,    ,    ,    ,    ,    ,    ,    ,    ,    ,    ,    ,    ,    ,    ,    ,    ,    ,    ,    ,    ,    ,    ,    ,    ,    ,    ,    ,    ,    ,    ,    ,    ,     ,    ,    ,    ,    ,    ,    ,    ,    ,    ,    ,    ,    ,    ,    ,    ,    ,    ,    ,    ,    ,    ,  ,    ,    , , 
     4840,    4965,                   ,   ,  ,  ,  ,  ,  ,  ,  ,                      ,   ,   ,   ,                  1075,  28,  749,     ,    ,    ,     ,    ,    ,    ,    ,    ,    ,    ,    ,    ,    ,    ,    ,    ,    ,    ,    ,    ,    ,    ,    ,    ,    ,    ,    ,    ,     ,    ,     ,     ,    ,    ,    ,    ,    ,    ,    ,    ,     ,    ,    ,    ,    ,    ,    ,    ,    ,    ,    ,    ,    ,    ,    ,    ,    ,    ,    ,    ,    ,    ,    ,    ,    ,    ,    ,    ,    ,    ,    ,    ,    ,    ,    ,     ,    ,    ,    ,    ,    ,    ,    ,    ,    ,    ,    ,    ,    ,    ,    ,    ,    ,    ,    ,    ,    ,  ,    ,    , , 
     4966,    4974,                   ,   ,  ,  ,  ,  ,  ,  ,  ,                      ,   ,   ,   ,                    28, 749,     ,     ,    ,    ,     ,    ,    ,    ,    ,    ,    ,    ,    ,    ,    ,    ,    ,    ,    ,    ,    ,    ,    ,    ,    ,    ,    ,    ,    ,    ,     ,    ,     ,     ,    ,    ,    ,    ,    ,    ,    ,    ,     ,    ,    ,    ,    ,    ,    ,    ,    ,    ,    ,    ,    ,    ,    ,    ,    ,    ,    ,    ,    ,    ,    ,    ,    ,    ,    ,    ,    ,    ,    ,    ,    ,    ,    ,     ,    ,    ,    ,    ,    ,    ,    ,    ,    ,    ,    ,    ,    ,    ,    ,    ,    ,    ,    ,    ,    ,  ,    ,    , , 
     4975,    5034,                   ,   ,  ,  ,  ,  ,  ,  ,  ,                      ,   ,   ,   ,                    28, 749, 1076,     ,    ,    ,     ,    ,    ,    ,    ,    ,    ,    ,    ,    ,    ,    ,    ,    ,    ,    ,    ,    ,    ,    ,    ,    ,    ,    ,    ,    ,     ,    ,     ,     ,    ,    ,    ,    ,    ,    ,    ,    ,     ,    ,    ,    ,    ,    ,    ,    ,    ,    ,    ,    ,    ,    ,    ,    ,    ,    ,    ,    ,    ,    ,    ,    ,    ,    ,    ,    ,    ,    ,    ,    ,    ,    ,    ,     ,    ,    ,    ,    ,    ,    ,    ,    ,    ,    ,    ,    ,    ,    ,    ,    ,    ,    ,    ,    ,    ,  ,    ,    , , 
     5035,    5108,                   ,   ,  ,  ,  ,  ,  ,  ,  ,                      ,   ,   ,   ,                    28, 749, 1076, 1079,    ,    ,     ,    ,    ,    ,    ,    ,    ,    ,    ,    ,    ,    ,    ,    ,    ,    ,    ,    ,    ,    ,    ,    ,    ,    ,    ,    ,     ,    ,     ,     ,    ,    ,    ,    ,    ,    ,    ,    ,     ,    ,    ,    ,    ,    ,    ,    ,    ,    ,    ,    ,    ,    ,    ,    ,    ,    ,    ,    ,    ,    ,    ,    ,    ,    ,    ,    ,    ,    ,    ,    ,    ,    ,    ,     ,    ,    ,    ,    ,    ,    ,    ,    ,    ,    ,    ,    ,    ,    ,    ,    ,    ,    ,    ,    ,    ,  ,    ,    , , 
     5109,    5181,                   ,   ,  ,  ,  ,  ,  ,  ,  ,                      ,   ,   ,   ,                    28, 749, 1076, 1079, 596,    ,     ,    ,    ,    ,    ,    ,    ,    ,    ,    ,    ,    ,    ,    ,    ,    ,    ,    ,    ,    ,    ,    ,    ,    ,    ,    ,     ,    ,     ,     ,    ,    ,    ,    ,    ,    ,    ,    ,     ,    ,    ,    ,    ,    ,    ,    ,    ,    ,    ,    ,    ,    ,    ,    ,    ,    ,    ,    ,    ,    ,    ,    ,    ,    ,    ,    ,    ,    ,    ,    ,    ,    ,    ,     ,    ,    ,    ,    ,    ,    ,    ,    ,    ,    ,    ,    ,    ,    ,    ,    ,    ,    ,    ,    ,    ,  ,    ,    , , 
     5182,    5319,                   ,   ,  ,  ,  ,  ,  ,  ,  ,                      ,   ,   ,   ,                    28, 749, 1076, 1079, 596, 419,     ,    ,    ,    ,    ,    ,    ,    ,    ,    ,    ,    ,    ,    ,    ,    ,    ,    ,    ,    ,    ,    ,    ,    ,    ,    ,     ,    ,     ,     ,    ,    ,    ,    ,    ,    ,    ,    ,     ,    ,    ,    ,    ,    ,    ,    ,    ,    ,    ,    ,    ,    ,    ,    ,    ,    ,    ,    ,    ,    ,    ,    ,    ,    ,    ,    ,    ,    ,    ,    ,    ,    ,    ,     ,    ,    ,    ,    ,    ,    ,    ,    ,    ,    ,    ,    ,    ,    ,    ,    ,    ,    ,    ,    ,    ,  ,    ,    , , 
     5320,    5350,                   ,   ,  ,  ,  ,  ,  ,  ,  ,                      ,   ,   ,   ,                    28, 749, 1076, 1079, 596, 419, 1077,    ,    ,    ,    ,    ,    ,    ,    ,    ,    ,    ,    ,    ,    ,    ,    ,    ,    ,    ,    ,    ,    ,    ,    ,    ,     ,    ,     ,     ,    ,    ,    ,    ,    ,    ,    ,    ,     ,    ,    ,    ,    ,    ,    ,    ,    ,    ,    ,    ,    ,    ,    ,    ,    ,    ,    ,    ,    ,    ,    ,    ,    ,    ,    ,    ,    ,    ,    ,    ,    ,    ,    ,     ,    ,    ,    ,    ,    ,    ,    ,    ,    ,    ,    ,    ,    ,    ,    ,    ,    ,    ,    ,    ,    ,  ,    ,    , , 
     5351,    5356,                   ,   ,  ,  ,  ,  ,  ,  ,  ,                      ,   ,   ,   ,                      ,    ,     ,     ,    ,    ,     ,    ,    ,    ,    ,    ,    ,    ,    ,    ,    ,    ,    ,    ,    ,    ,    ,    ,    ,    ,    ,    ,    ,    ,    ,    ,     ,    ,     ,     ,    ,    ,    ,    ,    ,    ,    ,    ,     ,    ,    ,    ,    ,    ,    ,    ,    ,    ,    ,    ,    ,    ,    ,    ,    ,    ,    ,    ,    ,    ,    ,    ,    ,    ,    ,    ,    ,    ,    ,    ,    ,    ,    ,     ,    ,    ,    ,    ,    ,    ,    ,    ,    ,    ,    ,    ,    ,    ,    ,    ,    ,    ,    ,    ,    ,  ,    ,    , , 
     5357,    5384,                  0,  1,  ,  ,  ,  ,  ,  ,  ,                      ,   ,   ,   ,                      ,    ,     ,     ,    ,    ,     ,    ,    ,    ,    ,    ,    ,    ,    ,    ,    ,    ,    ,    ,    ,    ,    ,    ,    ,    ,    ,    ,    ,    ,    ,    ,     ,    ,     ,     ,    ,    ,    ,    ,    ,    ,    ,    ,     ,    ,    ,    ,    ,    ,    ,    ,    ,    ,    ,    ,    ,    ,    ,    ,    ,    ,    ,    ,    ,    ,    ,    ,    ,    ,    ,    ,    ,    ,    ,    ,    ,    ,    ,     ,    ,    ,    ,    ,    ,    ,    ,    ,    ,    ,    ,    ,    ,    ,    ,    ,    ,    ,    ,    ,    ,  ,    ,    , , 
     5385,    5523,                  0,  1, 2,  ,  ,  ,  ,  ,  ,                      ,   ,   ,   ,                      ,    ,     ,     ,    ,    ,     ,    ,    ,    ,    ,    ,    ,    ,    ,    ,    ,    ,    ,    ,    ,    ,    ,    ,    ,    ,    ,    ,    ,    ,    ,    ,     ,    ,     ,     ,    ,    ,    ,    ,    ,    ,    ,    ,     ,    ,    ,    ,    ,    ,    ,    ,    ,    ,    ,    ,    ,    ,    ,    ,    ,    ,    ,    ,    ,    ,    ,    ,    ,    ,    ,    ,    ,    ,    ,    ,    ,    ,    ,     ,    ,    ,    ,    ,    ,    ,    ,    ,    ,    ,    ,    ,    ,    ,    ,    ,    ,    ,    ,    ,    ,  ,    ,    , , 
     5524,    5524,                   ,   ,  ,  ,  ,  ,  ,  ,  ,                      ,   ,   ,   ,                      ,    ,     ,     ,    ,    ,     ,    ,    ,    ,    ,    ,    ,    ,    ,    ,    ,    ,    ,    ,    ,    ,    ,    ,    ,    ,    ,    ,    ,    ,    ,    ,     ,    ,     ,     ,    ,    ,    ,    ,    ,    ,    ,    ,     ,    ,    ,    ,    ,    ,    ,    ,    ,    ,    ,    ,    ,    ,    ,    ,    ,    ,    ,    ,    ,    ,    ,    ,    ,    ,    ,    ,    ,    ,    ,    ,    ,    ,    ,     ,    ,    ,    ,    ,    ,    ,    ,    ,    ,    ,    ,    ,    ,    ,    ,    ,    ,    ,    ,    ,    ,  ,    ,    , , 
     5525,    5725,                  0,   ,  ,  ,  ,  ,  ,  ,  ,                      ,   ,   ,   ,                      ,    ,     ,     ,    ,    ,     ,    ,    ,    ,    ,    ,    ,    ,    ,    ,    ,    ,    ,    ,    ,    ,    ,    ,    ,    ,    ,    ,    ,    ,    ,    ,     ,    ,     ,     ,    ,    ,    ,    ,    ,    ,    ,    ,     ,    ,    ,    ,    ,    ,    ,    ,    ,    ,    ,    ,    ,    ,    ,    ,    ,    ,    ,    ,    ,    ,    ,    ,    ,    ,    ,    ,    ,    ,    ,    ,    ,    ,    ,     ,    ,    ,    ,    ,    ,    ,    ,    ,    ,    ,    ,    ,    ,    ,    ,    ,    ,    ,    ,    ,    ,  ,    ,    , , 
     5726,    5730,                   ,   ,  ,  ,  ,  ,  ,  ,  ,                      ,   ,   ,   ,                      ,    ,     ,     ,    ,    ,     ,    ,    ,    ,    ,    ,    ,    ,    ,    ,    ,    ,    ,    ,    ,    ,    ,    ,    ,    ,    ,    ,    ,    ,    ,    ,     ,    ,     ,     ,    ,    ,    ,    ,    ,    ,    ,    ,     ,    ,    ,    ,    ,    ,    ,    ,    ,    ,    ,    ,    ,    ,    ,    ,    ,    ,    ,    ,    ,    ,    ,    ,    ,    ,    ,    ,    ,    ,    ,    ,    ,    ,    ,     ,    ,    ,    ,    ,    ,    ,    ,    ,    ,    ,    ,    ,    ,    ,    ,    ,    ,    ,    ,    ,    ,  ,    ,    , , 
     5731,    5897,                  0,   ,  ,  ,  ,  ,  ,  ,  ,                      ,   ,   ,   ,                      ,    ,     ,     ,    ,    ,     ,    ,    ,    ,    ,    ,    ,    ,    ,    ,    ,    ,    ,    ,    ,    ,    ,    ,    ,    ,    ,    ,    ,    ,    ,    ,     ,    ,     ,     ,    ,    ,    ,    ,    ,    ,    ,    ,     ,    ,    ,    ,    ,    ,    ,    ,    ,    ,    ,    ,    ,    ,    ,    ,    ,    ,    ,    ,    ,    ,    ,    ,    ,    ,    ,    ,    ,    ,    ,    ,    ,    ,    ,     ,    ,    ,    ,    ,    ,    ,    ,    ,    ,    ,    ,    ,    ,    ,    ,    ,    ,    ,    ,    ,    ,  ,    ,    , , 
     5898,    5898,                  0,  1,  ,  ,  ,  ,  ,  ,  ,                      ,   ,   ,   ,                      ,    ,     ,     ,    ,    ,     ,    ,    ,    ,    ,    ,    ,    ,    ,    ,    ,    ,    ,    ,    ,    ,    ,    ,    ,    ,    ,    ,    ,    ,    ,    ,     ,    ,     ,     ,    ,    ,    ,    ,    ,    ,    ,    ,     ,    ,    ,    ,    ,    ,    ,    ,    ,    ,    ,    ,    ,    ,    ,    ,    ,    ,    ,    ,    ,    ,    ,    ,    ,    ,    ,    ,    ,    ,    ,    ,    ,    ,    ,     ,    ,    ,    ,    ,    ,    ,    ,    ,    ,    ,    ,    ,    ,    ,    ,    ,    ,    ,    ,    ,    ,  ,    ,    , , 
     5899,    6145,                  0,  1, 2,  ,  ,  ,  ,  ,  ,                      ,   ,   ,   ,                      ,    ,     ,     ,    ,    ,     ,    ,    ,    ,    ,    ,    ,    ,    ,    ,    ,    ,    ,    ,    ,    ,    ,    ,    ,    ,    ,    ,    ,    ,    ,    ,     ,    ,     ,     ,    ,    ,    ,    ,    ,    ,    ,    ,     ,    ,    ,    ,    ,    ,    ,    ,    ,    ,    ,    ,    ,    ,    ,    ,    ,    ,    ,    ,    ,    ,    ,    ,    ,    ,    ,    ,    ,    ,    ,    ,    ,    ,    ,     ,    ,    ,    ,    ,    ,    ,    ,    ,    ,    ,    ,    ,    ,    ,    ,    ,    ,    ,    ,    ,    ,  ,    ,    , , 
     6146,    6403,                   ,   ,  ,  ,  ,  ,  ,  ,  ,                      ,   ,   ,   ,                      ,    ,     ,     ,    ,    ,     ,    ,    ,    ,    ,    ,    ,    ,    ,    ,    ,    ,    ,    ,    ,    ,    ,    ,    ,    ,    ,    ,    ,    ,    ,    ,     ,    ,     ,     ,    ,    ,    ,    ,    ,    ,    ,    ,     ,    ,    ,    ,    ,    ,    ,    ,    ,    ,    ,    ,    ,    ,    ,    ,    ,    ,    ,    ,    ,    ,    ,    ,    ,    ,    ,    ,    ,    ,    ,    ,    ,    ,    ,     ,    ,    ,    ,    ,    ,    ,    ,    ,    ,    ,    ,    ,    ,    ,    ,    ,    ,    ,    ,    ,    ,  ,    ,    , , 
     6404,    7012,                  0,  1, 2,  ,  ,  ,  ,  ,  ,                      ,   ,   ,   ,                      ,    ,     ,     ,    ,    ,     ,    ,    ,    ,    ,    ,    ,    ,    ,    ,    ,    ,    ,    ,    ,    ,    ,    ,    ,    ,    ,    ,    ,    ,    ,    ,     ,    ,     ,     ,    ,    ,    ,    ,    ,    ,    ,    ,     ,    ,    ,    ,    ,    ,    ,    ,    ,    ,    ,    ,    ,    ,    ,    ,    ,    ,    ,    ,    ,    ,    ,    ,    ,    ,    ,    ,    ,    ,    ,    ,    ,    ,    ,     ,    ,    ,    ,    ,    ,    ,    ,    ,    ,    ,    ,    ,    ,    ,    ,    ,    ,    ,    ,    ,    ,  ,    ,    , , 
