run,component,index,segment_start,segment_end,ev_start,ev_end,t_start,t_end,dt,current,low,high,covered,nominal,stable,beam2,N,E_raw,E_tight,S,D,A,N_alt,E_alt,charge_uC,s1x_rate
4352,0,0,0,0,1,1155,0.001463,2.003307,2.0018439999999997,20.550209272435833,33.3625,45.137499999999996,1,0,0,1,1154,80,80,1154.0,80.0,1154.0,1154,80,41.13831313077003,24322.574586231498
4352,0,1,0,0,1155,2417,2.003307,4.003292,1.9999850000000001,23.0049642645947,33.3625,45.137499999999996,1,0,0,1,1262,80,80,1262.0,80.0,1262.0,1262,80,46.00958345472543,27645.20733905504
4352,0,2,0,0,2417,3756,4.003292,6.003878,2.000586,24.43365982138599,33.3625,45.137499999999996,1,0,0,1,1339,79,79,1339.0,79.0,1339.0,1339,79,48.88163776742732,29153.95789033813
4352,0,3,0,0,3756,5231,6.003878,8.00441,2.0005319999999998,26.70400324487949,33.3625,45.137499999999996,1,0,0,1,1475,80,80,1475.0,80.0,1475.0,1475,80,53.42221301948524,32181.939604065323
4352,0,4,0,0,5231,6756,8.00441,10.006678,2.002268000000001,29.54397815679977,33.3625,45.137499999999996,1,0,0,1,1525,80,80,1526.0,80.0,1525.0,1525,80,59.15496205605919,34097.83305731299
4352,0,5,0,0,6756,8424,10.006678,12.007225,2.000546999999999,30.936469892104302,33.3625,45.137499999999996,1,0,0,1,1668,80,80,1668.0,80.0,1668.0,1668,80,61.88986203323955,36433.53542806044
4352,0,6,0,0,8424,10145,12.007225,14.008678,2.0014529999999997,32.424431150352476,33.3625,45.137499999999996,1,0,0,1,1721,80,80,1722.0,80.0,1721.0,1721,80,64.89597499916641,38224.72973384836
4352,0,7,0,0,10145,11970,14.008678,16.008916,2.0002379999999995,34.75409275530348,33.3625,45.137499999999996,1,1,0,1,1825,80,80,1825.0,80.0,1825.0,1825,80,69.51645698468269,41343.58011396645
4352,0,8,0,0,11970,13000,16.008916,17.166603,1.1576869999999992,35.1245428809974,33.3625,45.137499999999996,1,1,1,1,1030,46,46,1031.0,46.0,1030.0,1030,46,40.66322667427323,40355.46741044862
4352,0,9,0,0,13000,14948,17.166603,19.167687,2.0010840000000023,37.76258954194702,33.3625,45.137499999999996,1,1,1,1,1948,79,79,1952.0,80.0,1948.0,1948,79,75.56611373095757,44154.56822402253
4352,0,10,0,0,14948,16994,19.167687,21.16987,2.0021829999999987,38.319537907660255,33.3625,45.137499999999996,1,1,1,1,2046,80,80,2049.0,80.0,2047.0,2046,80,76.72272736657283,44731.17592148173
4352,0,11,0,0,16994,19050,21.16987,23.173799,2.0039289999999994,38.75252677405225,33.3625,45.137499999999996,1,1,1,1,2056,80,80,2056.0,80.0,2055.0,2056,80,77.65731222579973,45509.09737820054
4352,0,12,0,0,19050,21155,23.173799,25.174861,2.001062000000001,38.758045768100374,33.3625,45.137499999999996,1,1,1,1,2105,80,80,2106.0,80.0,2105.0,2105,80,77.55725258080645,46196.46967460276
4352,0,13,0,0,21155,23242,25.174861,27.175919,2.0010580000000004,39.00853743680627,33.3625,45.137499999999996,1,1,1,1,2087,80,80,2088.0,80.0,2087.0,2087,80,78.05834590622067,45868.23570331294
4352,0,14,0,0,23242,25256,27.175919,29.176774,2.0008550000000014,39.17183236535868,33.3625,45.137499999999996,1,1,1,1,2014,80,80,2014.0,80.0,2014.0,2014,80,78.37715664738982,46040.31776415579
4352,0,15,0,0,25256,26000,29.176774,29.924424,0.7476499999999966,39.17633570077372,33.3625,45.137499999999996,1,1,1,1,744,30,30,745.0,30.0,744.0,744,30,29.29018738668333,44539.55727947589
4352,0,16,0,0,26000,28143,29.924424,31.924676,2.0002520000000032,39.472751942685186,33.3625,45.137499999999996,1,1,1,1,2143,80,80,2146.0,80.0,2143.0,2143,80,78.95545101886012,47302.53987997505
4352,0,17,0,0,28143,30152,31.924676,33.925466,2.0007899999999985,39.500415508740595,33.3625,45.137499999999996,1,1,1,1,2009,80,80,2011.0,80.0,2009.0,2009,80,79.0320363457331,45474.03775508678
4352,0,18,0,0,30152,32186,33.925466,35.926392,2.0009259999999998,39.442387487607725,33.3625,45.137499999999996,1,1,1,1,2034,80,80,2035.0,80.0,2035.0,2034,80,78.92129862602906,45828.28150566288
4352,0,19,0,0,32186,34315,35.926392,37.928116,2.001724000000003,39.72454510680476,33.3625,45.137499999999996,1,1,1,1,2129,80,80,2130.0,80.0,2128.0,2129,80,79.51757532937381,46131.73444490842
4352,0,20,0,0,34315,36345,37.928116,39.929274,2.0011579999999967,39.70724445190401,33.3625,45.137499999999996,1,1,1,1,2030,79,79,2031.0,80.0,2030.0,2030,79,79.46046989288311,46137.28651111014
4352,0,21,0,0,36345,38396,39.929274,41.92982,2.000546,39.65771590963982,33.3625,45.137499999999996,1,1,1,1,2051,80,80,2051.0,80.0,2051.0,2051,80,79.33708493216636,47041.657627467706
4352,0,22,0,0,38396,39000,41.92982,42.432932,0.5031120000000016,39.18203969971556,33.3625,45.137499999999996,1,1,1,1,604,20,20,605.0,20.0,604.0,604,20,19.712954357403305,47526.19695018192
4352,0,23,0,0,39000,41042,42.432932,44.433476,2.000543999999998,39.42889190991154,33.3625,45.137499999999996,1,1,1,1,2042,80,80,2046.0,80.0,2042.0,2042,80,78.87923313702208,46480.85720683979
4352,0,24,0,0,41042,43148,44.433476,46.435674,2.002198,39.24253683266069,33.3625,45.137499999999996,1,1,1,1,2106,80,80,2105.0,80.0,2106.0,2106,80,78.57132876127957,46652.22920010908
4352,0,25,0,0,43148,45178,46.435674,48.437021,2.0013470000000027,38.78993609781509,33.3625,45.137499999999996,1,1,1,1,2030,80,80,2032.0,80.0,2030.0,2030,80,77.63212223955406,45605.784504136405
4352,0,26,0,0,45178,47176,48.437021,50.437018,1.9999970000000005,39.31338576402466,33.3625,45.137499999999996,1,1,1,1,1998,80,80,2001.0,80.0,1998.0,1998,80,78.62665358789195,45746.56861985292
4352,0,27,0,0,47176,49209,50.437018,52.437561,2.0005430000000004,38.920140620448194,33.3625,45.137499999999996,1,1,1,1,2033,80,80,2034.0,80.0,2033.0,2033,80,77.86141487725331,46372.90975500151
4352,0,28,0,0,49209,51153,52.437561,54.437533,1.9999719999999996,39.39957985857567,33.3625,45.137499999999996,1,1,1,1,1944,79,79,1944.0,80.0,1944.0,1944,79,78.79805652891537,46374.64924508944
4352,0,29,0,0,51153,52000,54.437533,55.279059,0.8415259999999947,39.268778708859614,33.3625,45.137499999999996,1,1,1,1,847,33,33,847.0,33.0,847.0,847,33,33.04569827175169,47152.434981213
4352,0,30,0,0,52000,54009,55.279059,57.279955,2.0008960000000044,39.006368417970855,33.3625,45.137499999999996,1,1,1,1,2009,80,80,2009.0,80.0,2009.0,2009,80,78.04768654204418,45662.04340455466
4352,0,31,0,0,54009,55935,57.279955,59.281379,2.001424,38.80651682347901,33.3625,45.137499999999996,1,1,1,1,1926,80,80,1949.0,80.0,1926.0,1926,80,77.66829412691459,44776.61904723837
4352,0,32,0,0,55935,58075,59.281379,61.281885,2.0005060000000014,39.23144833822498,33.3625,45.137499999999996,1,1,1,1,2140,80,80,2140.0,80.0,2140.0,2140,80,78.48274778930909,45912.88404033776
4352,0,33,0,0,58075,60239,61.281885,63.282793,2.0009079999999955,38.82595277215655,33.3625,45.137499999999996,1,1,1,1,2164,80,80,2165.0,80.0,2164.0,2164,80,77.68715950942988,45883.66881435839
4352,0,34,0,0,60239,62293,63.282793,65.284565,2.0017720000000025,39.142888365584504,33.3625,45.137499999999996,1,1,1,1,2054,80,80,2054.0,80.0,2054.0,2054,80,78.35513792935308,46004.73980053666
4352,0,35,0,0,62293,64215,65.284565,67.284688,2.000123000000002,39.30133550496133,33.3625,45.137499999999996,1,1,1,1,1922,77,77,2005.0,80.0,1922.0,1922,77,78.6075050741897,46313.65171041976
4352,0,36,0,0,64215,65000,67.284688,68.072119,0.787430999999998,39.37462721803237,33.3625,45.137499999999996,1,1,1,1,785,31,31,785.0,31.0,785.0,785,31,31.004802084922176,46476.453174944974
4352,0,37,0,0,65000,67182,68.072119,70.072995,2.000876000000005,39.36775280652551,33.3625,45.137499999999996,1,1,1,1,2182,80,80,2188.0,80.0,2182.0,2182,80,78.76999176450954,47688.11260667815
4352,0,38,0,0,67182,69220,70.072995,72.073231,2.000236000000001,39.57647168750059,33.3625,45.137499999999996,1,1,1,1,2038,80,80,2039.0,80.0,2038.0,2038,80,79.16228342231943,45997.572286470175
4352,0,39,0,0,69220,71217,72.073231,74.077671,2.0044399999999882,39.49776692990724,33.3625,45.137499999999996,1,1,1,1,1997,80,80,1997.0,80.0,1997.0,1997,80,79.17090394498291,45832.252399672994
4352,0,40,0,0,71217,73283,74.077671,76.078284,2.0006130000000013,39.21941237019812,33.3625,45.137499999999996,1,1,1,1,2066,80,80,2068.0,80.0,2066.0,2066,80,78.46286624017921,47024.58696409548
4352,0,41,0,0,73283,75299,76.078284,78.078799,2.000515000000007,38.93537098916198,33.3625,45.137499999999996,1,1,1,1,2016,80,80,2016.0,80.0,2016.0,2016,80,77.89079369438377,45735.723051314126
4352,0,42,0,0,75299,77364,78.078799,80.080045,2.0012459999999948,39.538735680373115,33.3625,45.137499999999996,1,1,1,1,2065,80,80,2066.0,80.0,2065.0,2065,80,79.12673662540374,46827.826264237505
4352,0,43,0,0,77364,78000,80.080045,80.71101,0.6309650000000033,39.52860039203142,33.3625,45.137499999999996,1,1,1,1,636,24,24,654.0,25.0,636.0,636,24,24.94116334635828,47002.60711766872
4352,0,44,0,0,78000,79942,80.71101,82.712229,2.001218999999992,39.20212702573073,33.3625,45.137499999999996,1,1,1,1,1942,80,80,1944.0,80.0,1942.0,1942,80,78.45204144430545,45030.054181976266
4352,0,45,0,0,79942,82027,82.712229,84.712217,1.9999880000000019,39.10302600775693,33.3625,45.137499999999996,1,1,1,1,2085,80,80,2086.0,80.0,2085.0,2085,80,78.2055827792019,45678.27406964437
4352,0,46,0,0,82027,84085,84.712217,86.71247,2.0002530000000007,39.26290160113229,33.3625,45.137499999999996,1,1,1,1,2058,80,80,2058.0,80.0,2058.0,2058,80,78.53573671636968,46246.649798800434
4352,0,47,0,0,84085,86166,86.71247,88.714952,2.0024820000000005,39.23517724954513,33.3625,45.137499999999996,1,1,1,1,2081,80,80,2082.0,80.0,2081.0,2081,80,78.56773620902368,46339.99206984131
4352,0,48,0,0,86166,88263,88.714952,90.715211,2.000259,39.3733254692939,33.3625,45.137499999999996,1,1,1,1,2097,80,80,2098.0,80.0,2097.0,2097,80,78.75684862988419,46171.02085279957
4352,0,49,0,0,88263,90338,90.715211,92.715386,2.0001749999999987,39.10298266870808,33.3625,45.137499999999996,1,1,1,1,2075,80,80,2075.0,80.0,2075.0,2075,80,78.21280835938296,45876.485807491874
4352,0,50,0,0,90338,91000,92.715386,93.356611,0.6412250000000057,38.81257156689131,33.3625,45.137499999999996,1,1,1,1,662,26,26,663.0,26.0,662.0,662,26,24.887591202980275,45923.03793520174
4352,0,51,0,0,91000,93137,93.356611,95.357999,2.0013880000000057,39.29431735092725,33.3625,45.137499999999996,1,1,1,1,2137,80,80,2139.0,80.0,2137.0,2137,80,78.64317521433759,46139.47920143407
4352,0,52,0,0,93137,95206,95.357999,97.358247,2.000247999999999,39.38192793988306,33.3625,45.137499999999996,1,1,1,1,2069,79,79,2069.0,80.0,2069.0,2069,80,78.77362259789516,46623.71865888632
4352,0,53,0,0,95206,97240,97.358247,99.358405,2.000157999999999,39.18406141246718,33.3625,45.137499999999996,1,1,1,1,2034,80,80,2034.0,79.0,2034.0,2034,79,78.37431390663733,45769.38421864675
4352,0,54,0,0,97240,99297,99.358405,101.358827,2.0004220000000004,39.13760921765919,33.3625,45.137499999999996,1,1,1,1,2057,80,80,2062.0,80.0,2057.0,2057,80,78.29173450640837,45554.3880241269
4352,0,55,0,0,99297,101265,101.358827,103.358797,1.9999699999999905,39.123903771654604,33.3625,45.137499999999996,1,1,1,1,1968,80,80,1968.0,80.0,1968.0,1968,80,78.24663382619565,44790.171852578
4352,0,56,0,0,101265,103330,103.358797,105.359606,2.000809000000004,39.49264707228461,33.3625,45.137499999999996,1,1,1,1,2065,80,80,2065.0,80.0,2065.0,2065,80,79.01724369605063,46211.80732393738
4352,0,57,0,0,103330,104000,105.359606,106.011593,0.6519870000000054,39.26311689279252,33.3625,45.137499999999996,1,1,1,1,670,26,26,671.0,26.0,670.0,670,26,25.599041793581364,46092.943570960386
4352,0,58,0,0,104000,106097,106.011593,108.011662,2.0000689999999963,39.4389398093744,33.3625,45.137499999999996,1,1,1,1,2097,80,80,2099.0,80.0,2097.0,2097,80,78.88060090559566,46232.4049820282
4352,0,59,0,0,106097,108318,108.011662,110.012018,2.0003559999999965,39.42591199302115,33.3625,45.137499999999996,1,1,1,1,2221,80,80,2224.0,80.0,2221.0,2221,80,78.8658596107116,46975.63833637621
4352,0,60,0,0,108318,110487,110.012018,112.012135,2.000117000000003,39.70629524794654,33.3625,45.137499999999996,1,1,1,1,2169,80,80,2171.0,80.0,2169.0,2169,80,79.41723613243721,47627.71377874387
4352,0,61,0,0,110487,112561,112.012135,114.012189,2.0000540000000058,39.311489350754385,33.3625,45.137499999999996,1,1,1,1,2074,80,80,2075.0,80.0,2074.0,2074,80,78.62510152193408,45562.26981871476
4352,0,62,0,0,112561,114679,114.012189,116.014944,2.0027549999999934,39.58073160312128,33.3625,45.137499999999996,1,1,1,1,2118,80,80,2118.0,80.0,2118.0,2118,80,79.27050812180914,46408.072879608495
4352,0,63,0,0,114679,116767,116.014944,118.015688,2.0007439999999974,39.146288274520394,33.3625,45.137499999999996,1,1,1,1,2088,79,79,2090.0,80.0,2088.0,2088,79,78.32170138751735,46155.33021715927
4352,0,64,0,0,116767,117000,118.015688,118.23199,0.21630199999999888,38.543617335634515,33.3625,45.137499999999996,1,1,1,1,233,8,8,233.0,9.0,233.0,233,9,8.337061516932408,46435.07688324681
4352,0,65,0,0,117000,119028,118.23199,120.232662,2.0006720000000087,38.89649813142605,33.3625,45.137499999999996,1,1,1,1,2028,80,80,2030.0,79.0,2028.0,2028,79,77.81913470959717,45213.308328401465
4352,0,66,0,0,119028,121068,120.232662,122.232832,2.000169999999997,39.1547583637219,33.3625,45.137499999999996,1,1,1,1,2040,80,80,2040.0,80.0,2040.0,2040,80,78.3161730363654,46109.08072813817
4352,0,67,0,0,121068,123123,122.232832,124.232821,1.9999889999999994,39.384919116325754,33.3625,45.137499999999996,1,1,1,1,2055,80,80,2056.0,80.0,2055.0,2055,80,78.76940499854118,46296.25462940048
4352,0,68,0,0,123123,125209,124.232821,126.233663,2.000842000000006,39.26202380030672,33.3625,45.137499999999996,1,1,1,1,2086,80,80,2086.0,80.0,2086.0,2086,80,78.55710622465358,46677.34883613985
4352,0,69,0,0,125209,127247,126.233663,128.234829,2.0011659999999836,39.223258935383285,33.3625,45.137499999999996,1,1,1,1,2038,80,80,2039.0,80.0,2038.0,2038,80,78.49225219068467,46806.21197841697
4352,0,70,0,0,127247,129255,128.234829,130.237558,2.0027290000000164,39.25413902099106,33.3625,45.137499999999996,1,1,1,1,2008,80,80,2008.0,80.0,2008.0,2008,80,78.61540258737114,46108.584835990914
4352,0,71,0,0,129255,130000,130.237558,130.973082,0.7355239999999981,38.90246241119261,33.3625,45.137499999999996,1,1,1,1,745,30,30,745.0,30.0,745.0,745,30,28.61369476253003,45749.696814787945
4352,0,72,0,0,130000,132036,130.973082,132.973746,2.0006640000000004,39.224667370628836,33.3625,45.137499999999996,1,1,1,1,2036,79,79,2041.0,80.0,2036.0,2036,80,78.47537992039179,46004.72643082496
4352,0,73,0,0,132036,134131,132.973746,134.976023,2.0022769999999923,39.342943153676295,33.3625,45.137499999999996,1,1,1,1,2095,80,80,2095.0,80.0,2095.0,2095,80,78.77547018891346,47293.156741050494
4352,0,74,0,0,134131,136240,134.976023,136.976465,2.0004419999999925,39.24874047234867,33.3625,45.137499999999996,1,1,1,1,2109,80,80,2109.0,79.0,2109.0,2109,79,78.51482888798546,46107.310284427316
4352,0,75,0,0,136240,138282,136.976465,138.976529,2.000064000000009,39.11550967161781,33.3625,45.137499999999996,1,1,1,1,2042,80,80,2042.0,80.0,2042.0,2042,80,78.23352273585533,46143.02342325025
4352,0,76,0,0,138282,140287,138.976529,140.979679,2.003150000000005,39.03952311110824,33.3625,45.137499999999996,1,1,1,1,2005,80,80,2006.0,80.0,2005.0,2005,80,78.20202072001666,45577.7150987194
4352,0,77,0,0,140287,142355,140.979679,142.981095,2.001416000000006,39.24207198575461,33.3625,45.137499999999996,1,1,1,1,2068,80,80,2069.0,80.0,2068.0,2068,80,78.53971074544097,45691.650311579266
4352,0,78,0,0,142355,143000,142.981095,143.552488,0.5713930000000005,39.21666292344492,33.3625,45.137499999999996,1,1,1,1,645,23,23,645.0,23.0,645.0,645,23,22.408126677815744,47632.71513651721
4352,0,79,0,0,143000,145090,143.552488,145.553198,2.000709999999998,38.928209541046954,33.3625,45.137499999999996,1,1,1,1,2090,80,80,2092.0,80.0,2090.0,2090,80,77.88405811086795,46100.63427483248
4352,0,80,0,0,145090,147134,145.553198,147.553298,2.0001000000000033,39.22999556492941,33.3625,45.137499999999996,1,1,1,1,2044,80,80,2044.0,80.0,2044.0,2044,80,78.46391412941557,46776.16119194032
4352,0,81,0,0,147134,149203,147.553298,149.553562,2.000263999999987,39.67916817953901,33.3625,45.137499999999996,1,1,1,1,2069,80,80,2070.0,80.0,2069.0,2069,80,79.3688116594767,46668.839713158166
4352,0,82,0,0,149203,151254,149.553562,151.555308,2.001745999999997,39.61948173990387,33.3625,45.137499999999996,1,1,1,1,2051,80,80,2053.0,80.0,2051.0,2051,80,79.30813909492554,46207.66071219832
4352,0,83,0,0,151254,153281,151.555308,153.556772,2.0014639999999986,39.05251662628847,33.3625,45.137499999999996,1,1,1,1,2027,80,80,2028.0,80.0,2027.0,2027,80,78.16220613691803,46212.17268959125
4352,0,84,0,0,153281,155128,153.556772,155.556805,2.000033000000002,39.23026135375629,33.3625,45.137499999999996,1,1,1,1,1847,70,70,2127.0,80.0,1847.0,1847,70,78.46181730613716,46894.72623701704
4352,0,85,0,0,155128,156000,155.556805,156.381401,0.8245960000000139,38.97512744707861,33.3625,45.137499999999996,1,1,1,1,872,33,33,873.0,33.0,872.0,872,33,32.138734192351876,46674.97780731334
4352,0,86,0,0,156000,158061,156.381401,158.382537,2.0011360000000025,38.82295684976634,33.3625,45.137499999999996,1,1,1,1,2061,80,80,2064.0,80.0,2061.0,2061,80,77.69001657851368,46318.19126736008
4352,0,87,0,0,158061,160009,158.382537,160.382774,2.0002369999999985,38.68784207417782,33.3625,45.137499999999996,1,1,1,1,1948,80,80,1948.0,80.0,1948.0,1948,80,77.38485316692731,45099.655690800675
4352,0,88,0,0,160009,162143,160.382774,162.383015,2.0002409999999884,39.14504040509468,33.3625,45.137499999999996,1,1,1,1,2134,80,80,2134.0,80.0,2134.0,2134,80,78.29951476492624,45652.49887388596
4352,0,89,0,0,162143,164160,162.383015,164.383678,2.000663000000003,39.34244507214374,33.3625,45.137499999999996,1,1,1,1,2017,79,79,2017.0,79.0,2017.0,2017,79,78.7109741853701,45251.49912803899
4352,0,90,0,0,164160,166155,164.383678,166.384096,2.0004179999999963,38.869378055847605,33.3625,45.137499999999996,1,1,1,1,1995,80,80,1996.0,80.0,1995.0,1995,80,77.75500351172286,46156.35332215576
4352,0,91,0,0,166155,168219,166.384096,168.386503,2.002407000000005,38.84428073375941,33.3625,45.137499999999996,1,1,1,1,2064,80,80,2064.0,80.0,2064.0,2064,80,77.78205965124562,46539.98912309024
4352,0,92,0,0,168219,169000,168.386503,169.144478,0.7579749999999876,39.35464086419019,33.3625,45.137499999999996,1,1,1,1,781,31,31,781.0,31.0,781.0,781,31,29.829833909034278,46922.391899469745
4352,0,93,0,0,169000,171072,169.144478,171.145423,2.0009450000000015,38.807637021547926,33.3625,45.137499999999996,1,1,1,1,2072,80,80,2074.0,80.0,2072.0,2072,80,77.65194726008122,45464.518015237765
4352,0,94,0,0,171072,173078,171.145423,173.148846,2.003422999999998,39.27384225926715,33.3625,45.137499999999996,1,1,1,1,2006,80,80,2006.0,80.0,2006.0,2006,80,78.68211888058795,46000.270536976015
4352,0,95,0,0,173078,175069,173.148846,175.150045,2.001199000000014,38.6517894359882,33.3625,45.137499999999996,1,1,1,1,1991,80,80,1992.0,80.0,1991.0,1991,80,77.34992236751077,45334.82177434596
4352,0,96,0,0,175069,177118,175.150045,177.150293,2.000247999999999,38.98685345303315,33.3625,45.137499999999996,1,1,1,1,2049,80,80,2051.0,80.0,2049.0,2049,80,77.98337564572284,46528.23049941809
4352,0,97,0,0,177118,178643,177.150293,179.151259,2.0009660000000054,28.08541236768733,33.3625,45.137499999999996,1,0,0,1,1525,79,79,1525.0,80.0,1525.0,1525,80,56.19795524372239,33246.9417271457
4352,0,98,0,0,178643,178723,179.151259,181.153533,2.002274,0.9923687011693901,33.3625,45.137499999999996,1,0,0,0,80,80,80,80.0,80.0,80.0,80,80,1.9869940487651547,735.6635505430326
4352,0,99,0,0,178723,178803,181.153533,183.15581,2.0022769999999923,0.9922634206828226,33.3625,45.137499999999996,1,0,0,0,80,80,80,80.0,80.0,80.0,80,80,1.9867862251749102,688.2164655539694
4352,0,100,0,0,178803,178883,183.15581,185.158087,2.0022769999999923,0.9908583307871718,33.3625,45.137499999999996,1,0,0,0,80,80,80,80.0,80.0,80.0,80,80,1.983972845993776,681.723857388366
4352,0,101,0,0,178883,178963,185.158087,187.160364,2.0022769999999923,0.9908583307871718,33.3625,45.137499999999996,1,0,0,0,80,80,80,80.0,80.0,80.0,80,80,1.983972845993776,678.2278376068872
4352,0,102,0,0,178963,179063,187.160364,189.162641,2.0022770000000207,1.3066913151095607,33.3625,45.137499999999996,1,0,0,0,100,80,80,100.0,80.0,100.0,100,80,2.6163579663434575,1265.0597294979534
4352,0,103,0,0,179063,179272,189.162641,191.164918,2.0022769999999923,2.7752184175307235,33.3625,45.137499999999996,1,0,0,1,209,80,80,209.0,80.0,209.0,209,80,5.55675600739778,3758.720696487064
4352,0,104,0,0,179272,179499,191.164918,193.167194,2.002275999999995,2.809826568870311,33.3625,45.137499999999996,1,0,0,1,227,80,80,227.0,80.0,227.0,227,80,5.626048303010975,3695.7941862160956
4352,0,105,0,0,179499,179775,193.167194,195.169471,2.0022769999999923,3.5451556399808766,33.3625,45.137499999999996,1,0,0,1,276,80,80,276.0,80.0,276.0,276,80,7.098383599353838,4604.757483604933
4352,0,106,0,0,179775,180082,195.169471,197.171748,2.0022770000000207,4.152830999666555,33.3625,45.137499999999996,1,0,0,1,307,80,80,307.0,80.0,307.0,307,80,8.315117995519358,5536.696471067632
4352,0,107,0,0,180082,180495,197.171748,199.174026,2.00227799999999,6.856220630389214,33.3625,45.137499999999996,1,0,0,1,413,80,80,413.0,80.0,413.0,413,80,13.728059731374742,8596.208918042394
4352,0,108,0,0,180495,181005,199.174026,201.174492,2.0004659999999888,8.531035972588425,33.3625,45.137499999999996,1,0,0,1,510,80,80,510.0,79.0,510.0,510,79,17.06604740793955,10496.054419320357
4352,0,109,0,0,181005,181631,201.174492,203.175843,2.0013509999999997,10.624920630467566,33.3625,45.137499999999996,1,0,0,1,626,80,80,626.0,80.0,626.0,626,80,21.264195528707205,12802.851673694422
4352,0,110,0,0,181631,182000,203.175843,204.073061,0.8972180000000094,14.285992559200434,33.3625,45.137499999999996,1,0,0,1,369,36,36,369.0,36.0,369.0,369,36,12.81764967198069,17087.26307318828
4352,0,111,0,0,182000,182860,204.073061,206.073443,2.000382000000002,14.576443913071088,33.3625,45.137499999999996,1,0,0,1,860,80,80,861.0,80.0,860.0,860,80,29.158456027716966,18100.042891807647
4352,0,112,0,0,182860,183795,206.073443,208.075381,2.0019379999999956,17.581773513731566,33.3625,45.137499999999996,1,0,0,1,935,80,80,936.0,80.0,935.0,935,80,35.197620504533006,21471.693928583252
4352,0,113,0,0,183795,184802,208.075381,210.076082,2.0007010000000207,18.719201613332302,33.3625,45.137499999999996,1,0,0,1,1007,80,80,1007.0,80.0,1007.0,1007,80,37.451525386995854,22969.949032863744
4352,0,114,0,0,184802,185907,210.076082,212.076844,2.0007619999999804,20.072919130284205,33.3625,45.137499999999996,1,0,0,1,1105,80,80,1105.0,80.0,1105.0,1105,80,40.161133824944955,23732.45793352756
4352,0,115,0,0,185907,187088,212.076844,214.078757,2.001913000000002,22.36969008555631,33.3625,45.137499999999996,1,0,0,1,1181,80,80,1182.0,80.0,1181.0,1181,80,44.78217338824652,27334.854211946247
4352,0,116,0,0,187088,188349,214.078757,216.081102,2.002344999999991,23.858673223359585,33.3625,45.137499999999996,1,0,0,1,1261,80,80,1261.0,80.0,1261.0,1261,80,47.77329503542751,28633.926720919848
4352,0,117,0,0,188349,189778,216.081102,218.081402,2.00030000000001,26.739427228043407,33.3625,45.137499999999996,1,0,0,1,1429,80,80,1429.0,80.0,1429.0,1429,80,53.48687628425523,31911.21331800214
4352,0,118,0,0,189778,191353,218.081402,220.083325,2.001923000000005,28.807642516480154,33.3625,45.137499999999996,1,0,0,1,1575,80,80,1575.0,80.0,1575.0,1575,80,57.670682129519264,34508.81976979126
4352,0,119,0,0,191353,193019,220.083325,222.086201,2.0028759999999863,30.192817435415645,33.3625,45.137499999999996,1,0,0,1,1666,80,80,1666.0,80.0,1666.0,1666,80,60.47246941377489,35430.051585819834
4352,0,120,0,0,193019,194761,222.086201,224.087915,2.001714000000021,32.52683701739973,33.3625,45.137499999999996,1,0,0,1,1742,80,80,1742.0,80.0,1742.0,1742,80,65.10942503344813,38606.91387480888
4352,0,121,0,0,194761,195000,224.087915,224.377692,0.28977699999998663,32.59447325336666,33.3625,45.137499999999996,1,0,0,1,239,11,11,239.0,12.0,239.0,239,12,9.445128675940396,38512.37330775222
4352,0,122,0,0,195000,196775,224.377692,226.379472,2.0017799999999966,34.047236430973804,33.3625,45.137499999999996,1,1,0,1,1775,80,80,1780.0,79.0,1775.0,1775,79,68.15507694279495,40326.60931770731
4352,0,123,0,0,196775,198589,226.379472,228.379959,2.000487000000021,35.61037105413112,33.3625,45.137499999999996,1,1,1,1,1814,80,80,1814.0,80.0,1814.0,1814,80,71.23808435896626,41460.904269809864
4352,0,124,0,0,198589,200648,228.379959,230.380785,2.0008259999999893,38.68697731713034,33.3625,45.137499999999996,1,1,1,1,2059,79,79,2061.0,80.0,2059.0,2059,79,77.40591007752391,45754.10355523193
4352,0,125,0,0,200648,202782,230.380785,232.384283,2.0034980000000076,38.65852112318352,33.3625,45.137499999999996,1,1,1,1,2134,80,80,2136.0,80.0,2134.0,2134,80,77.45226975325659,46186.22030069391
4352,0,126,0,0,202782,204792,232.384283,234.384589,2.000305999999995,39.02745397063773,33.3625,45.137499999999996,1,1,1,1,2010,80,80,2013.0,80.0,2010.0,2010,80,78.06685034219026,46292.917183671016
4352,0,127,0,0,204792,206824,234.384589,236.385936,2.0013469999999813,38.667063762201195,33.3625,45.137499999999996,1,1,1,1,2032,80,80,2033.0,80.0,2032.0,2032,80,77.38621205928939,45424.90632559014
4352,0,128,0,0,206824,208000,236.385936,237.480031,1.09409500000001,39.52665392099762,33.3625,45.137499999999996,1,1,1,1,1176,44,44,1177.0,44.0,1176.0,1176,44,43.24591442169458,46618.43806981984
4352,0,129,0,0,208000,210178,237.480031,239.480262,2.0002310000000136,39.77155647426519,33.3625,45.137499999999996,1,1,1,1,2178,80,80,2184.0,80.0,2178.0,2178,80,79.55230017807662,46764.09874659445
4352,0,130,0,0,210178,212240,239.480262,241.480778,2.000515999999976,39.795919425946856,33.3625,45.137499999999996,1,1,1,1,2062,80,80,2064.0,80.0,2062.0,2062,80,79.61237354631612,46957.384994671935
4352,0,131,0,0,212240,214317,241.480778,243.481582,2.0008040000000165,39.566019986483816,33.3625,45.137499999999996,1,1,1,1,2077,80,80,2077.0,80.0,2077.0,2077,80,79.16385105303743,47835.77002045138
4352,0,132,0,0,214317,216380,243.481582,245.481579,1.9999970000000076,39.76764298391197,33.3625,45.137499999999996,1,1,1,1,2063,80,80,2063.0,80.0,2063.0,2063,80,79.53516666489577,47279.0709186062
4352,0,133,0,0,216380,218398,245.481579,247.482873,2.0012940000000015,39.44334436719784,33.3625,45.137499999999996,1,1,1,1,2018,80,80,2018.0,80.0,2018.0,2018,80,78.93772842200633,46560.37543709217
4352,0,134,0,0,218398,220509,247.482873,249.485153,2.0022799999999847,39.58487183525055,33.3625,45.137499999999996,1,1,1,1,2111,80,80,2113.0,80.0,2111.0,2111,80,79.25999717828563,46447.050362587004
4352,0,135,0,0,220509,221000,249.485153,249.942906,0.45775299999999675,39.397363896656735,33.3625,45.137499999999996,1,1,1,1,491,18,18,491.0,18.0,491.0,491,18,18.034261515786056,47108.37504068822
4352,0,136,0,0,221000,223013,249.942906,251.943213,2.0003069999999923,39.71749222463941,33.3625,45.137499999999996,1,1,1,1,2013,80,80,2017.0,80.0,2013.0,2013,80,79.44717771939213,46716.82896675378
4352,0,137,0,0,223013,225194,251.943213,253.944793,2.0015800000000183,39.49827982356339,33.3625,45.137499999999996,1,1,1,1,2181,80,80,2185.0,80.0,2181.0,2181,80,79.05896692924944,48537.655252350196
4352,0,138,0,0,225194,227260,253.944793,255.945429,2.000635999999986,39.43583752203859,33.3625,45.137499999999996,1,1,1,1,2066,80,80,2071.0,80.0,2066.0,2066,80,78.89675623673975,46274.78461849165
4352,0,139,0,0,227260,229304,255.945429,257.945885,2.0004559999999856,39.26174950815004,33.3625,45.137499999999996,1,1,1,1,2044,79,79,2046.0,80.0,2044.0,2044,79,78.54140237407591,45645.09291881484
4352,0,140,0,0,229304,231402,257.945885,259.94818,2.0022950000000037,39.33780352498247,33.3625,45.137499999999996,1,1,1,1,2098,80,80,2098.0,80.0,2098.0,2098,80,78.76588730905496,46700.41127805834
4352,0,141,0,0,231402,233464,259.94818,261.949232,2.0010520000000156,39.27614884344692,33.3625,45.137499999999996,1,1,1,1,2062,80,80,2062.0,80.0,2062.0,2062,80,78.59361619547781,46966.795465584735
4352,0,142,0,0,233464,234000,261.949232,262.451707,0.502475000000004,39.32167562272462,33.3625,45.137499999999996,1,1,1,1,536,20,20,536.0,20.0,536.0,536,20,19.75815895852793,45614.20966217188
4352,0,143,0,0,234000,236051,262.451707,264.453778,2.002071000000001,39.371745331544744,33.3625,45.137499999999996,1,1,1,1,2051,80,80,2053.0,80.0,2051.0,2051,80,78.82502954767187,45747.62833086337
4352,0,144,0,0,236051,238097,264.453778,266.453994,2.000216000000023,39.15381021437948,33.3625,45.137499999999996,1,1,1,1,2046,80,80,2048.0,80.0,2046.0,2046,80,78.31607765176705,45871.54587304518
4352,0,145,0,0,238097,240178,266.453994,268.456694,2.0027000000000044,39.207826197163705,33.3625,45.137499999999996,1,1,1,1,2081,80,80,2083.0,80.0,2081.0,2081,80,78.52151352506007,46094.77205772197
4352,0,146,0,0,240178,242208,268.456694,270.457313,2.000618999999972,39.30872268331954,33.3625,45.137499999999996,1,1,1,1,2030,80,80,2031.0,80.0,2030.0,2030,80,78.64177746597852,45811.821241326455
4352,0,147,0,0,242208,244333,270.457313,272.457359,2.0000459999999975,39.66362272646582,33.3625,45.137499999999996,1,1,1,1,2125,79,79,2126.0,80.0,2125.0,2125,80,79.32906997957616,46844.422578280755
4352,0,148,0,0,244333,246317,272.457359,274.459635,2.002275999999995,39.69017620581944,33.3625,45.137499999999996,1,1,1,1,1984,76,76,2112.0,80.0,1984.0,1984,76,79.470687252684,46903.12424460975
4352,0,149,0,0,246317,247000,274.459635,275.144476,0.6848410000000058,39.293967650778555,33.3625,45.137499999999996,1,1,1,1,683,28,28,683.0,27.0,683.0,683,27,26.910120099926644,47266.44578814605
4352,0,150,0,0,247000,249048,275.144476,277.145298,2.000822000000028,39.16351782241244,33.3625,45.137499999999996,1,1,1,1,2048,80,80,2050.0,80.0,2048.0,2048,80,78.35922805647533,45360.85668790064
4352,0,151,0,0,249048,251172,277.145298,279.146031,2.0007329999999683,39.34998106548185,33.3625,45.137499999999996,1,1,1,1,2124,80,80,2125.0,80.0,2124.0,2124,80,78.72880566708409,45632.275770930675
4352,0,152,0,0,251172,253167,279.146031,281.146432,2.0004010000000108,39.44435448075156,33.3625,45.137499999999996,1,1,1,1,1995,80,80,1996.0,80.0,1995.0,1995,80,78.90452614764945,46108.75519458324
4352,0,153,0,0,253167,255195,281.146432,283.146819,2.0003869999999893,39.33409520315671,33.3625,45.137499999999996,1,1,1,1,2028,79,79,2029.0,80.0,2028.0,2028,79,78.68341270115707,46289.54297343489
4352,0,154,0,0,255195,257337,283.146819,285.146789,1.999970000000019,39.61338699178085,33.3625,45.137499999999996,1,1,1,1,2142,79,79,2142.0,80.0,2142.0,2142,80,79.22558558195306,47447.71171567529
4352,0,155,0,0,257337,259424,285.146789,287.147733,2.000944000000004,39.47536241980992,33.3625,45.137499999999996,1,1,1,1,2087,80,80,2087.0,79.0,2087.0,2087,79,78.98798958174484,46351.12227028833
4352,0,156,0,0,259424,260000,287.147733,287.702193,0.554460000000006,39.22451898025014,33.3625,45.137499999999996,1,1,1,1,576,23,23,577.0,23.0,576.0,576,23,21.748426793788894,46557.01042455673
4352,0,157,0,0,260000,262118,287.702193,289.703096,2.000902999999994,39.37482727835255,33.3625,45.137499999999996,1,1,1,1,2118,80,80,2122.0,80.0,2118.0,2118,80,78.78521002573689,45722.856130457236
4352,0,158,0,0,262118,264213,289.703096,291.704252,2.0011559999999804,39.59741726112605,33.3625,45.137499999999996,1,1,1,1,2095,79,79,2095.0,80.0,2095.0,2095,80,79.24060913660469,46459.64632442494
4352,0,159,0,0,264213,266250,291.704252,293.704882,2.000630000000001,39.17475792822456,33.3625,45.137499999999996,1,1,1,1,2037,80,80,2037.0,79.0,2037.0,2037,79,78.37419595394385,45765.58384109003
4352,0,160,0,0,266250,268272,293.704882,295.705827,2.0009450000000015,38.92251449144845,33.3625,45.137499999999996,1,1,1,1,2022,80,80,2023.0,80.0,2022.0,2022,80,77.88181075909051,45458.52084889886
4352,0,161,0,0,268272,270370,295.705827,297.706711,2.000883999999985,39.13252241415232,33.3625,45.137499999999996,1,1,1,1,2098,80,80,2098.0,80.0,2098.0,2098,80,78.29963797811797,45670.81350043315
4352,0,162,0,0,270370,272477,297.706711,299.706717,2.0000060000000417,38.893131785436594,33.3625,45.137499999999996,1,1,1,1,2107,80,80,2107.0,80.0,2107.0,2107,80,77.7864969296661,46521.36043591772
4352,0,163,0,0,272477,273000,299.706717,300.167104,0.4603869999999688,38.703875755784956,33.3625,45.137499999999996,1,1,1,1,523,19,19,523.0,19.0,523.0,523,19,17.81876124757764,47223.31429862588
4352,0,164,0,0,273000,275048,300.167104,302.167101,1.9999970000000076,39.07581116571201,33.3625,45.137499999999996,1,1,1,1,2048,80,80,2052.0,80.0,2048.0,2048,80,78.15150510399144,45688.068532102625
4352,0,165,0,0,275048,277093,302.167101,304.167724,2.0006230000000187,38.804946004083355,33.3625,45.137499999999996,1,1,1,1,2045,79,79,2045.0,79.0,2045.0,2045,79,77.6340674895273,46131.130152956925
4352,0,166,0,0,277093,279084,304.167724,306.168436,2.0007119999999645,39.16008783898946,33.3625,45.137499999999996,1,1,1,1,1991,80,80,1991.0,80.0,1991.0,1991,80,78.34805766051977,45068.95545185994
4352,0,167,0,0,279084,281229,306.168436,308.169521,2.001084999999989,39.38417723874035,33.3625,45.137499999999996,1,1,1,1,2145,78,78,2148.0,80.0,2145.0,2145,78,78.81108630978451,47236.37426696043
4352,0,168,0,0,281229,283302,308.169521,310.169596,2.000075000000038,39.284404605223564,33.3625,45.137499999999996,1,1,1,1,2073,80,80,2073.0,80.0,2073.0,2073,80,78.57175554079367,46205.26730247528
4352,0,169,0,0,283302,285323,310.169596,312.169712,2.0001159999999913,38.982328653155434,33.3625,45.137499999999996,1,1,1,1,2021,80,80,2021.0,80.0,2021.0,2021,80,77.96917925643356,45502.36086307014
4352,0,170,0,0,285323,286000,312.169712,312.813923,0.6442109999999843,39.365625699547344,33.3625,45.137499999999996,1,1,1,1,677,26,26,677.0,26.0,677.0,677,26,25.35976909753117,46458.380872106696
4352,0,171,0,0,286000,288163,312.813923,314.814265,2.000341999999989,39.038162910007976,33.3625,45.137499999999996,1,1,1,1,2163,80,80,2166.0,80.0,2163.0,2163,80,78.08967687173026,46746.50634741485
4352,0,172,0,0,288163,290189,314.814265,316.815039,2.0007740000000354,38.984570332226866,33.3625,45.137499999999996,1,1,1,1,2026,80,80,2027.0,80.0,2026.0,2026,80,77.999314721892,45077.05517964468
4352,0,173,0,0,290189,292297,316.815039,318.815251,2.0002119999999763,38.924205276712726,33.3625,45.137499999999996,1,1,1,1,2108,80,80,2108.0,80.0,2108.0,2108,80,77.85666248494272,45805.644601672764
4352,0,174,0,0,292297,294284,318.815251,320.815482,2.000230999999985,39.17685596346682,33.3625,45.137499999999996,1,1,1,1,1987,80,80,1987.0,80.0,1987.0,1987,80,78.36276178066146,46563.621901670704
4352,0,175,0,0,294284,296359,320.815482,322.815586,2.0001040000000216,39.35672136004392,33.3625,45.137499999999996,1,1,1,1,2075,80,80,2075.0,80.0,2075.0,2075,80,78.71753581911071,47064.55264326204
4352,0,176,0,0,296359,298383,322.815586,324.816075,2.000489000000016,39.4391900486882,33.3625,45.137499999999996,1,1,1,1,2024,79,79,2024.0,79.0,2024.0,2024,79,78.89766586131009,45260.93370170957
4352,0,177,0,0,298383,299000,324.816075,325.407244,0.5911689999999794,38.942478192339934,33.3625,45.137499999999996,1,1,1,1,617,24,24,619.0,24.0,617.0,617,24,23.021585890486676,45942.869128795566
4352,0,178,0,0,299000,301093,325.407244,327.408194,2.000949999999989,38.836546234891046,33.3625,45.137499999999996,1,1,1,1,2093,80,80,2099.0,80.0,2093.0,2093,80,77.70998718870396,46376.97093880433
4352,0,179,0,0,301093,303096,327.408194,329.408482,2.000288000000012,39.25940497807847,33.3625,45.137499999999996,1,1,1,1,2003,80,80,2003.0,80.0,2003.0,2003,80,78.53011666479142,46408.81713033296
4352,0,180,0,0,303096,305213,329.408482,331.409138,2.000655999999992,39.30753051146577,33.3625,45.137499999999996,1,1,1,1,2117,80,80,2117.0,80.0,2117.0,2117,80,78.64084676294624,46225.837925160726
4352,0,181,0,0,305213,307240,331.409138,333.409256,2.000118000000043,38.9616075380522,33.3625,45.137499999999996,1,1,1,1,2027,80,80,2027.0,80.0,2027.0,2027,80,77.92781254579495,44954.84766398685
4352,0,182,0,0,307240,309318,333.409256,335.409583,2.00032699999997,39.153106717182574,33.3625,45.137499999999996,1,1,1,1,2078,80,80,2078.0,80.0,2078.0,2078,80,78.31901650025975,44838.668877639175
4352,0,183,0,0,309318,311324,335.409583,337.410907,2.001324000000011,39.14541192444762,33.3625,45.137499999999996,1,1,1,1,2006,80,80,2006.0,80.0,2006.0,2006,80,78.34265237428372,45095.14701267736
4352,0,184,0,0,311324,312000,337.410907,338.075256,0.6643490000000156,39.183852831764774,33.3625,45.137499999999996,1,1,1,1,676,26,26,676.0,26.0,676.0,676,26,26.031753444931383,45986.37162093912
4352,0,185,0,0,312000,314011,338.075256,340.07665,2.001393999999948,39.301905496846274,33.3625,45.137499999999996,1,1,1,1,2011,80,80,2015.0,80.0,2012.0,2011,80,78.65859784995337,45073.08406041106
4352,0,186,0,0,314011,316094,340.07665,342.077331,2.000681000000043,39.29990651140377,33.3625,45.137499999999996,1,1,1,1,2083,80,80,2084.0,80.0,2083.0,2083,80,78.6265762591429,46488.17077784915
4352,0,187,0,0,316094,318145,342.077331,344.077341,2.0000099999999748,39.18923921010329,33.3625,45.137499999999996,1,1,1,1,2051,80,80,2050.0,80.0,2050.0,2051,80,78.37887031259743,46051.269743651865
4352,0,188,0,0,318145,320243,344.077341,346.077794,2.000452999999993,39.27253819028343,33.3625,45.137499999999996,1,1,1,1,2098,80,80,2103.0,80.0,2098.0,2098,80,78.56286684036604,45701.14868982191
4352,0,189,0,0,320243,322405,346.077794,348.080634,2.002839999999992,39.316902246387656,33.3625,45.137499999999996,1,1,1,1,2162,80,80,2162.0,80.0,2162.0,2162,80,78.74546449515401,47464.60026762017
4352,0,190,0,0,322405,324429,348.080634,350.081708,2.001074000000017,39.39215135824431,33.3625,45.137499999999996,1,1,1,1,2024,80,80,2024.0,80.0,2024.0,2024,80,78.82660988704811,45943.828164275394
4352,0,191,0,0,324429,325000,350.081708,350.650763,0.5690549999999917,39.04227618457094,33.3625,45.137499999999996,1,1,1,1,571,23,23,571.0,23.0,571.0,571,23,22.217202474210353,45649.3660542485
4352,0,192,0,0,325000,327076,350.650763,352.651062,2.000299000000041,39.34081802988566,33.3625,45.137499999999996,1,1,1,1,2076,80,80,2079.0,80.0,2076.0,2076,80,78.69339896436395,46568.03807830634
4352,0,193,0,0,327076,329104,352.651062,354.651127,2.0000649999999496,39.27037733027448,33.3625,45.137499999999996,1,1,1,1,2028,80,80,2029.0,80.0,2029.0,2028,80,78.54330723507337,46754.4804793856
4352,0,194,0,0,329104,331174,354.651127,356.652156,2.001029000000017,39.25868503325633,33.3625,45.137499999999996,1,1,1,1,2070,79,79,2069.0,79.0,2069.0,2070,79,78.55776725341275,46465.59345216847
4352,0,195,0,0,331174,333282,356.652156,358.65243,2.0002739999999903,39.55743901816324,33.3625,45.137499999999996,1,1,1,1,2108,80,80,2110.0,80.0,2108.0,2108,80,79.1257167746171,46782.590785062675
4352,0,196,0,0,333282,335382,358.65243,360.655536,2.0031060000000025,39.219425249883955,33.3625,45.137499999999996,1,1,1,1,2100,80,80,2101.0,80.0,2100.0,2100,80,78.56066603459476,45391.50698964502
4352,0,197,0,0,335382,337401,360.655536,362.65585,2.000314000000003,38.93504471835011,33.3625,45.137499999999996,1,1,1,1,2019,80,80,2023.0,80.0,2020.0,2019,80,77.88231504074247,45896.79420331001
4352,0,198,0,0,337401,338000,362.65585,363.243582,0.5877320000000168,39.22599966795102,33.3625,45.137499999999996,1,1,1,1,599,24,24,599.0,24.0,598.0,599,24,23.054375236844862,46500.786072562354
4352,0,199,0,0,338000,340081,363.243582,365.247552,2.003969999999981,39.06761598129802,33.3625,45.137499999999996,1,1,1,1,2081,80,79,2085.0,80.0,2081.0,2081,79,78.29033039804017,46639.42074981206
4352,0,200,0,0,340081,342282,365.247552,367.249739,2.002186999999992,40.1586509568273,33.3625,45.137499999999996,1,1,1,1,2201,80,80,2203.0,80.0,2201.0,2201,80,80.40512888329613,47497.56141659115
4352,0,201,0,0,342282,344377,367.249739,369.251211,2.0014720000000352,39.11722967352873,33.3625,45.137499999999996,1,1,1,1,2095,80,80,2096.0,80.0,2095.0,2095,80,78.29203990913811,45508.00610750407
4352,0,202,0,0,344377,346480,369.251211,371.251395,2.00018399999999,39.52779713944361,33.3625,45.137499999999996,1,1,1,1,2103,80,80,2104.0,80.0,2103.0,2103,80,79.06286739356074,47238.6540438282
4352,0,203,0,0,346480,348591,371.251395,373.252562,2.0011670000000095,39.654268533987214,33.3625,45.137499999999996,1,1,1,1,2111,80,80,2113.0,80.0,2111.0,2111,80,79.35481359935329,46824.17809208305
4352,0,204,0,0,348591,350682,373.252562,375.25334,2.0007779999999684,39.03610341789463,33.3625,45.137499999999996,1,1,1,1,2091,80,80,2091.0,80.0,2091.0,2091,80,78.10257692424784,46671.34484685531
4352,0,205,0,0,350682,351000,375.25334,375.540445,0.28710499999999683,38.96314996564622,33.3625,45.137499999999996,1,1,1,1,318,11,11,319.0,11.0,318.0,318,11,11.186515170886196,48243.67391720852
4352,0,206,0,0,351000,353075,375.540445,377.541149,2.0007040000000416,39.102850085400995,33.3625,45.137499999999996,1,1,1,1,2075,80,80,2077.0,80.0,2075.0,2075,80,78.23322857726453,45377.527110456176
4352,0,207,0,0,353075,355142,377.541149,379.543838,2.0026889999999753,39.58842934668864,33.3625,45.137499999999996,1,1,1,1,2067,80,80,2068.0,80.0,2067.0,2067,80,79.28331197988882,46893.951082769796
4352,0,208,0,0,355142,357199,379.543838,381.544169,2.000331000000017,39.386448548547946,33.3625,45.137499999999996,1,1,1,1,2057,80,80,2059.0,80.0,2057.0,2057,80,78.7859340115665,45889.405303421896
4352,0,209,0,0,357199,359279,381.544169,383.544532,2.000362999999993,39.42275346864091,33.3625,45.137499999999996,1,1,1,1,2080,80,80,2082.0,80.0,2080.0,2080,80,78.85981739679119,46735.017594306795
4352,0,210,0,0,359279,361326,383.544532,385.545847,2.001314999999977,39.35421308489089,33.3625,45.137499999999996,1,1,1,1,2047,80,80,2049.0,80.0,2047.0,2047,80,78.7601769599878,46801.228192464
4352,0,211,0,0,361326,363376,385.545847,387.546594,2.0007470000000467,38.882964642787336,33.3625,45.137499999999996,1,1,1,1,2050,79,79,2052.0,80.0,2050.0,2050,79,77.79497486016407,45510.50182756634
4352,0,212,0,0,363376,364000,387.546594,388.118379,0.5717849999999771,38.74252155404217,33.3625,45.137499999999996,1,1,1,1,624,23,23,624.0,23.0,624.0,624,23,22.152392686777603,46246.40380562809
4352,0,213,0,0,364000,366032,388.118379,390.121887,2.0035080000000107,38.666598459741024,33.3625,45.137499999999996,1,1,1,1,2032,80,80,2036.0,80.0,2032.0,2032,80,77.46883934687867,46057.215643760595
4352,0,214,0,0,366032,368031,390.121887,392.123537,2.0016499999999837,39.08961385641914,33.3625,45.137499999999996,1,1,1,1,1999,80,80,2001.0,80.0,1999.0,1999,80,78.24372557570132,45387.555266905176
4352,0,215,0,0,368031,370145,392.123537,394.12491,2.001373000000001,38.90491233342967,33.3625,45.137499999999996,1,1,1,1,2114,80,80,2114.0,80.0,2114.0,2114,80,77.86324111149406,46146.32055094175
4352,0,216,0,0,370145,372227,394.12491,396.125375,2.0004650000000197,38.96233102228618,33.3625,45.137499999999996,1,1,1,1,2082,80,80,2085.0,80.0,2082.0,2082,80,77.94277952849916,45387.94730225178
4352,0,217,0,0,372227,374275,396.125375,398.126015,2.0006399999999758,38.59019239924338,33.3625,45.137499999999996,1,1,1,1,2048,80,80,2048.0,80.0,2048.0,2048,80,77.20508252162108,45854.826455534785
4352,0,218,0,0,374275,376257,398.126015,400.12728,2.0012649999999894,39.278028707642875,33.3625,45.137499999999996,1,1,1,1,1982,79,79,1983.0,79.0,1982.0,1982,79,78.60574412159986,45558.68413228657
4352,0,219,0,0,376257,377000,400.12728,400.829723,0.7024430000000166,39.14052377408471,33.3625,45.137499999999996,1,1,1,1,743,29,29,743.0,29.0,743.0,743,29,27.49398694143929,45922.58731313322
4352,0,220,0,0,377000,379044,400.829723,402.830087,2.0003639999999905,38.94886990711504,33.3625,45.137499999999996,1,1,1,1,2044,79,79,2047.0,79.0,2044.0,2044,79,77.9119172028768,45928.64098734052
4352,0,221,0,0,379044,381129,402.830087,404.831605,2.0015180000000328,38.74899899199847,33.3625,45.137499999999996,1,1,1,1,2085,80,80,2088.0,80.0,2085.0,2085,80,77.55681896446731,45914.650780057185
4352,0,222,0,0,381129,383195,404.831605,406.832589,2.00098399999996,38.95956533014052,33.3625,45.137499999999996,1,1,1,1,2066,80,80,2071.0,80.0,2066.0,2066,80,77.9574668725636,46720.51350735532
4352,0,223,0,0,383195,385182,406.832589,408.83275,2.0001609999999914,38.73155419902958,33.3625,45.137499999999996,1,1,1,1,1987,80,80,1988.0,80.0,1987.0,1987,80,77.46934417828561,46049.79299166437
4352,0,224,0,0,385182,387199,408.83275,410.832936,2.000186000000042,38.77738474489761,33.3625,45.137499999999996,1,1,1,1,2017,80,80,2018.0,80.0,2017.0,2017,80,77.56198208335991,45967.225048069566
4352,0,225,0,0,387199,389360,410.832936,412.833677,2.000741000000005,38.5609639026364,33.3625,45.137499999999996,1,1,1,1,2161,80,80,2161.0,80.0,2161.0,2161,80,77.1505014795257,45434.1666412593
4352,0,226,0,0,389360,390000,412.833677,413.45203,0.6183529999999564,39.21268356703572,33.3625,45.137499999999996,1,1,1,1,640,25,25,640.0,25.0,640.0,640,25,24.24728052172577,45711.753642340205
4352,0,227,0,0,390000,392051,413.45203,415.452419,2.000389000000041,38.456452457726726,33.3625,45.137499999999996,1,1,1,1,2051,80,79,2055.0,80.0,2051.0,2051,79,76.92786447546132,45292.190668913965
4352,0,228,0,0,392051,394149,415.452419,417.452803,2.000383999999997,38.654957438335494,33.3625,45.137499999999996,1,1,1,1,2098,80,80,2099.0,80.0,2098.0,2098,80,77.3247583803277,45636.23784233435
4352,0,229,0,0,394149,396137,417.452803,419.453181,2.000377999999955,38.28341230117992,33.3625,45.137499999999996,1,1,1,1,1988,80,80,1990.0,80.0,1988.0,1988,80,76.58129573220867,45507.89900708868
4352,0,230,0,0,396137,398222,419.453181,421.454795,2.0016140000000178,39.254711369046014,33.3625,45.137499999999996,1,1,1,1,2085,80,80,2091.0,80.0,2086.0,2085,80,78.57277984224311,46781.74713006562
4352,0,231,0,0,398222,400363,421.454795,423.455989,2.001193999999998,39.00642014674938,33.3625,45.137499999999996,1,1,1,1,2141,79,79,2142.0,80.0,2140.0,2141,79,78.05941395915397,47150.85094198768
4352,0,232,0,0,400363,402399,423.455989,425.456346,2.000357000000008,39.02021299571044,33.3625,45.137499999999996,1,1,1,1,2036,79,79,2036.0,80.0,2036.0,2036,80,78.05435620745993,45820.32107268834
4352,0,233,0,0,402399,403000,425.456346,426.010397,0.5540510000000154,40.16226537562934,33.3625,45.137499999999996,1,1,1,1,601,23,23,601.0,22.0,601.0,601,22,22.251943293633303,46950.55148352638
4352,0,234,0,0,403000,405087,426.010397,428.010788,2.000390999999979,39.8542861701322,33.3625,45.137499999999996,1,1,1,1,2087,80,80,2088.0,80.0,2087.0,2087,80,79.72415536615517,46886.33372175789
4352,0,235,0,0,405087,407177,428.010788,430.011526,2.0007380000000126,39.3051982252432,33.3625,45.137499999999996,1,1,1,1,2090,79,79,2091.0,80.0,2090.0,2090,80,78.63940368677686,45417.24103805667
4352,0,236,0,0,407177,409299,430.011526,432.011667,2.000140999999985,39.565057870828966,33.3625,45.137499999999996,1,1,1,1,2122,80,80,2124.0,79.0,2122.0,2122,79,79.13569441481741,47206.671929629316
4352,0,237,0,0,409299,411385,432.011667,434.012015,2.000348000000031,39.559160259933066,33.3625,45.137499999999996,1,1,1,1,2086,80,80,2087.0,80.0,2086.0,2086,80,79.13208710763865,47796.183464076516
4352,0,238,0,0,411385,413559,434.012015,436.012681,2.000665999999967,40.2518469828245,33.3625,45.137499999999996,1,1,1,1,2174,80,80,2178.0,80.0,2174.0,2174,80,80.53050169573908,47911.545455364154
4352,0,239,0,0,413559,415645,436.012681,438.013211,2.000530000000026,40.094719000225076,33.3625,45.137499999999996,1,1,1,1,2086,80,80,2088.0,80.0,2086.0,2086,80,80.2106882015214,46634.64181991711
4352,0,240,0,0,415645,416000,438.013211,438.357163,0.3439520000000016,39.695609137945986,33.3625,45.137499999999996,1,1,1,1,355,14,14,355.0,14.0,355.0,355,14,13.653384154215018,45163.278597013326
4352,0,241,0,0,416000,418031,438.357163,440.357956,2.0007929999999874,39.51941747016683,33.3625,45.137499999999996,1,1,1,1,2031,80,80,2032.0,80.0,2031.0,2031,80,79.07017383838684,45884.80667415399
4352,0,242,0,0,418031,420153,440.357956,442.357998,2.0000420000000076,39.236129111935576,33.3625,45.137499999999996,1,1,1,1,2122,80,80,2122.0,80.0,2122.0,2122,80,78.47390614129472,46255.02864439829
4352,0,243,0,0,420153,422374,442.357998,444.358512,2.0005140000000097,39.727986492133205,33.3625,45.137499999999996,1,1,1,1,2221,80,80,2221.0,80.0,2221.0,2221,80,79.47639316932327,47373.82492699353
4352,0,244,0,0,422374,424489,444.358512,446.360123,2.0016109999999685,39.32223667239247,33.3625,45.137499999999996,1,1,1,1,2115,80,80,2117.0,80.0,2115.0,2115,80,78.70782146806232,46569.987874767605
4352,0,245,0,0,424489,426610,446.360123,448.361311,2.0011880000000133,39.300932870757286,33.3625,45.137499999999996,1,1,1,1,2121,80,80,2121.0,80.0,2121.0,2121,80,78.6485552497652,46045.648884562266
4352,0,246,0,0,426610,428638,448.361311,450.362596,2.0012849999999958,38.990805608344935,33.3625,45.137499999999996,1,1,1,1,2028,80,80,2028.0,80.0,2028.0,2028,80,78.03171440189726,45514.25708981989
4352,0,247,0,0,428638,429000,450.362596,450.719117,0.35652099999998654,39.24985669190303,33.3625,45.137499999999996,1,1,1,1,362,14,14,363.0,14.0,362.0,362,14,13.993398157654156,43411.18755978072
4352,0,248,0,0,429000,431171,450.719117,452.719555,2.000438000000031,39.55238864072473,33.3625,45.137499999999996,1,1,1,1,2171,80,80,2179.0,80.0,2171.0,2171,80,79.12210122767465,46933.22162446351
4352,0,249,0,0,431171,433289,452.719555,454.720302,2.00074699999999,39.615524208825015,33.3625,45.137499999999996,1,1,1,1,2118,80,80,2118.0,80.0,2118.0,2118,80,79.26064121423224,47339.81857776145
4352,0,250,0,0,433289,435377,454.720302,456.720584,2.00028199999997,39.29072543430599,33.3625,45.137499999999996,1,1,1,1,2088,80,80,2090.0,80.0,2088.0,2088,80,78.59253085318414,46558.93519013889
4352,0,251,0,0,435377,437434,456.720584,458.720666,2.0000820000000203,38.93333917114715,33.3625,45.137499999999996,1,1,1,1,2057,80,80,2058.0,80.0,2057.0,2057,80,77.8698708761076,46504.09333217291
4352,0,252,0,0,437434,439488,458.720666,460.721446,2.00078000000002,39.24844398836962,33.3625,45.137499999999996,1,1,1,1,2054,79,79,2054.0,80.0,2054.0,2054,80,78.52750176305199,45922.5901898255
4352,0,253,0,0,439488,441558,460.721446,462.721478,2.000031999999976,39.17635863455074,33.3625,45.137499999999996,1,1,1,1,2070,80,80,2070.0,79.0,2070.0,2070,79,78.35397091257619,46279.259531848045
4352,0,254,0,0,441558,442000,462.721478,463.1535,0.43202200000001767,38.96382112817454,33.3625,45.137499999999996,1,1,1,1,442,18,18,444.0,18.0,442.0,442,18,16.83322793143816,45328.710111983186
4352,0,255,0,0,442000,444113,463.1535,465.154592,2.0010919999999714,38.521324769826165,33.3625,45.137499999999996,1,1,1,1,2113,80,80,2116.0,80.0,2113.0,2113,80,77.0847148262983,46234.25609617215
4352,0,256,0,0,444113,446264,465.154592,467.156047,2.0014550000000213,38.70622049649628,33.3625,45.137499999999996,1,1,1,1,2151,80,80,2151.0,80.0,2151.0,2151,80,77.46875854381506,46234.36449982588
4352,0,257,0,0,446264,448300,467.156047,469.156039,1.9999920000000202,38.824005733034106,33.3625,45.137499999999996,1,1,1,1,2036,79,79,2036.0,80.0,2036.0,2036,80,77.64770087402212,45494.68197872746
4352,0,258,0,0,448300,450361,469.156039,471.157094,2.001054999999951,38.45683916816811,33.3625,45.137499999999996,1,1,1,1,2061,80,80,2061.0,79.0,2061.0,2061,79,76.95425030165643,45203.65507195065
4352,0,259,0,0,450361,452405,471.157094,473.157563,2.0004690000000096,38.53972051051145,33.3625,45.137499999999996,1,1,1,1,2044,80,80,2048.0,80.0,2044.0,2044,80,77.09751614994093,45430.84646650339
4352,0,260,0,0,452405,454493,473.157563,475.157575,2.0000120000000265,38.530091944799494,33.3625,45.137499999999996,1,1,1,1,2088,80,80,2088.0,80.0,2088.0,2088,80,77.06064625070212,45394.22763463359
4352,0,261,0,0,454493,455000,475.157575,475.658994,0.5014189999999985,38.542925179590824,33.3625,45.137499999999996,1,1,1,1,507,20,20,507.0,20.0,507.0,507,20,19.326155000624567,44954.41935786252
4352,0,262,0,0,455000,456950,475.658994,477.65976,2.0007659999999987,39.017848113427554,33.3625,45.137499999999996,1,1,1,1,1950,80,80,1953.0,80.0,1950.0,1950,80,78.06558389851125,45228.17760797618
4352,0,263,0,0,456950,459018,477.65976,479.659814,2.0000539999999773,38.913771632323915,33.3625,45.137499999999996,1,1,1,1,2068,80,80,2068.0,80.0,2068.0,2068,80,77.829644608315,45243.77841798322
4352,0,264,0,0,459018,461082,479.659814,481.659906,2.000091999999995,39.08011172342599,33.3625,45.137499999999996,1,1,1,1,2064,80,80,2064.0,80.0,2064.0,2064,80,78.16381881713096,46151.87701365748
4352,0,265,0,0,461082,463159,481.659906,483.660124,2.000218000000018,39.552862901848734,33.3625,45.137499999999996,1,1,1,1,2077,80,80,2078.0,80.0,2077.0,2077,80,79.11434832781015,46295.45379553587
4352,0,266,0,0,463159,465277,483.660124,485.661677,2.0015530000000012,39.089260400042285,33.3625,45.137499999999996,1,1,1,1,2118,80,80,2118.0,80.0,2118.0,2118,80,78.23922642148682,47041.971908812775
4352,0,267,0,0,465277,467313,485.661677,487.662563,2.00088599999998,39.29444154405731,33.3625,45.137499999999996,1,1,1,1,2036,80,80,2036.0,80.0,2036.0,2036,80,78.62369796332132,46379.95368052
4352,0,268,0,0,467313,468000,487.662563,488.328165,0.6656020000000353,38.91805117085629,33.3625,45.137499999999996,1,1,1,1,687,27,27,688.0,27.0,687.0,687,27,25.903932695426192,46007.974735650394
4352,0,269,0,0,468000,470067,488.328165,490.328917,2.000751999999977,39.27169747246873,33.3625,45.137499999999996,1,1,1,1,2067,79,79,2070.0,79.0,2067.0,2067,79,78.57292726143714,45258.48281046378
4352,0,270,0,0,470067,472198,490.328917,492.331511,2.0025939999999878,39.360368293893345,33.3625,45.137499999999996,1,1,1,1,2131,80,80,2133.0,80.0,2131.0,2131,80,78.82283738314072,45906.95867459932
4352,0,271,0,0,472198,474239,492.331511,494.334348,2.0028369999999995,38.91761068876493,33.3625,45.137499999999996,1,1,1,1,2041,80,80,2042.0,80.0,2041.0,2041,80,77.94563063905298,46310.80811868366
4352,0,272,0,0,474239,476336,494.334348,496.334498,2.000150000000019,39.16660902146379,33.3625,45.137499999999996,1,1,1,1,2097,80,80,2097.0,80.0,2097.0,2097,80,78.339093034283,46659.00057495643
4352,0,273,0,0,476336,478399,496.334498,498.3359,2.0014019999999846,39.05038843054991,33.3625,45.137499999999996,1,1,1,1,2063,80,80,2063.0,80.0,2063.0,2063,80,78.15552550567736,46307.03876582551
4352,0,274,0,0,478399,480394,498.3359,500.336758,2.000857999999994,38.868632112164214,33.3625,45.137499999999996,1,1,1,1,1995,80,80,1996.0,80.0,1995.0,1995,80,77.77061351068187,45146.132309239474
4352,0,275,0,0,480394,481000,500.336758,500.944024,0.6072660000000383,39.18470049625774,33.3625,45.137499999999996,1,1,1,1,606,25,25,608.0,25.0,606.0,606,25,23.7955363315632,45344.214891000425
4352,0,276,0,0,481000,483028,500.944024,502.944403,2.0003790000000095,39.07583452609568,33.3625,45.137499999999996,1,1,1,1,2028,79,79,2031.0,79.0,2028.0,2028,79,78.16647879347875,45591.360437196934
4352,0,277,0,0,483028,485101,502.944403,504.946739,2.002335999999957,39.4692326394144,33.3625,45.137499999999996,1,1,1,1,2073,80,80,2079.0,81.0,2073.0,2073,81,79.03066540627333,46312.906525179584
4352,0,278,0,0,485101,487168,504.946739,506.949013,2.002274,39.19463450675526,33.3625,45.137499999999996,1,1,1,1,2067,80,80,2070.0,80.0,2067.0,2067,80,78.47839761237992,45737.49646651757
4352,0,279,0,0,487168,489146,506.949013,508.949089,2.0000760000000355,39.30329650099047,33.3625,45.137499999999996,1,1,1,1,1978,80,80,1978.0,79.0,1978.0,1978,79,78.60958005251814,46033.75071747192
4352,0,280,0,0,489146,491167,508.949089,510.949395,2.0003059999999664,39.12585508698781,33.3625,45.137499999999996,1,1,1,1,2021,80,80,2023.0,80.0,2021.0,2021,80,78.26368268563238,46339.90999377173
4352,0,281,0,0,491167,493234,510.949395,512.950306,2.0009109999999737,39.09757478548701,33.3625,45.137499999999996,1,1,1,1,2067,80,80,2067.0,80.0,2067.0,2067,80,78.23076746160223,46499.31955994106
4352,0,282,0,0,493234,494000,512.950306,513.721436,0.7711300000000847,39.03692412702174,33.3625,45.137499999999996,1,1,1,1,766,31,31,767.0,31.0,766.0,766,31,30.102543302073173,45158.40390076404
4352,0,283,0,0,494000,496047,513.721436,515.721788,2.000351999999907,39.06760817556955,33.3625,45.137499999999996,1,1,1,1,2047,80,80,2050.0,80.0,2047.0,2047,80,78.14896814921303,45903.4209979065
4352,0,284,0,0,496047,498138,515.721788,517.721946,2.000158000000056,39.63583357908676,33.3625,45.137499999999996,1,1,1,1,2091,80,80,2092.0,80.0,2091.0,2091,80,79.27792961988234,46711.30980652398
4352,0,285,0,0,498138,500187,517.721946,519.722401,2.000454999999988,39.28151030151449,33.3625,45.137499999999996,1,1,1,1,2049,80,80,2049.0,80.0,2049.0,2049,80,78.580893690214,45544.1387084441
4352,0,286,0,0,500187,502194,519.722401,521.722806,2.0004050000000007,39.24810856701798,33.3625,45.137499999999996,1,1,1,1,2007,80,80,2007.0,80.0,2007.0,2007,80,78.51211261800563,46802.022590425426
4352,0,287,0,0,502194,504391,521.722806,523.723508,2.0007020000000466,39.004559424544695,33.3625,45.137499999999996,1,1,1,1,2197,80,80,2199.0,80.0,2197.0,2197,80,78.03650004980591,47030.49229720259
4352,0,288,0,0,504391,506521,523.723508,525.7235,1.9999919999999065,39.30473079858533,33.3625,45.137499999999996,1,1,1,1,2130,79,79,2131.0,80.0,2130.0,2130,79,78.60914715932086,47445.18978076134
4352,0,289,0,0,506521,507000,525.7235,526.164015,0.4405150000000049,39.336792453714544,33.3625,45.137499999999996,1,1,1,1,479,17,17,480.0,17.0,479.0,479,17,17.328447127747495,46858.790279558634
4352,0,290,0,0,507000,509020,526.164015,528.165834,2.0018190000000686,38.958749841910645,33.3625,45.137499999999996,1,1,1,1,2020,80,80,2023.0,80.0,2020.0,2020,80,77.98836564978774,46020.64422407663
4352,0,291,0,0,509020,511055,528.165834,530.165913,2.000079000000028,38.7557967109455,33.3625,45.137499999999996,1,1,1,1,2035,80,80,2038.0,80.0,2035.0,2035,80,77.51465512983123,44693.234617231996
4352,0,292,0,0,511055,513171,530.165913,532.167034,2.0011209999998982,38.99080906295285,33.3625,45.137499999999996,1,1,1,1,2116,80,80,2116.0,80.0,2116.0,2116,80,78.02532682286255,45355.0784785151
4352,0,293,0,0,513171,515266,532.167034,534.168795,2.0017610000001014,39.36500767794609,33.3625,45.137499999999996,1,1,1,1,2095,80,80,2095.0,80.0,2095.0,2095,80,78.79933713441642,46253.27399224748
4352,0,294,0,0,515266,517287,534.168795,536.170023,2.001227999999969,38.8614812559903,33.3625,45.137499999999996,1,1,1,1,2021,80,80,2021.0,80.0,2021.0,2021,80,77.77068441096344,45135.28693382333
4352,0,295,0,0,517287,519355,536.170023,538.170085,2.000061999999957,39.060481008907416,33.3625,45.137499999999996,1,1,1,1,2068,80,80,2070.0,80.0,2068.0,2068,80,78.12338376763728,45943.07576465228
4352,0,296,0,0,519355,520000,538.170085,538.797546,0.6274610000000393,39.14014468660883,33.3625,45.137499999999996,1,1,1,1,645,25,25,645.0,25.0,645.0,645,25,24.558914325207297,47328.837967615735
4352,0,297,0,0,520000,522056,538.797546,540.798196,2.0006499999999505,39.10645239890755,33.3625,45.137499999999996,1,1,1,1,2056,80,80,2060.0,80.0,2056.0,2056,80,78.23832399187086,45882.58815884951
4352,0,298,0,0,522056,524231,540.798196,542.798184,1.9999880000000303,39.50555004424059,33.3625,45.137499999999996,1,1,1,1,2175,80,80,2175.0,80.0,2175.0,2175,80,79.01062602188176,46077.27646365808
4352,0,299,0,0,524231,526292,542.798184,544.799127,2.0009430000000066,39.17688780236094,33.3625,45.137499999999996,1,1,1,1,2061,80,80,2061.0,80.0,2061.0,2061,80,78.39071940991926,45580.50879010531
4352,0,300,0,1,526292,528361,544.799127,546.801574,2.002446999999961,36.600230934929826,33.3625,45.137499999999996,1,1,1,1,2069,80,80,2070.0,80.0,2069.0,2069,80,78.58919454339048,43126.16700697354
4352,0,301,1,1,528361,530471,546.801574,548.801843,2.000269000000003,39.51211266528743,33.3625,45.137499999999996,1,1,1,1,2110,80,80,2111.0,80.0,2110.0,2110,80,79.03485408888082,47452.1176901706
4352,0,302,1,1,530471,532561,548.801843,550.802837,2.0009939999999915,39.182403388654485,33.3625,45.137499999999996,1,1,1,1,2090,80,80,2090.0,80.0,2090.0,2090,80,78.40375408627733,46461.40867988629
4352,0,303,1,1,532561,533000,550.802837,551.249396,0.44655900000009296,39.148351651942335,33.3625,45.137499999999996,1,1,1,1,439,17,17,439.0,18.0,439.0,439,18,17.482048765345098,46961.31978080306
4352,0,304,1,1,533000,535121,551.249396,553.250033,2.0006369999999833,39.29941246103479,33.3625,45.137499999999996,1,1,1,1,2121,80,80,2122.0,79.0,2121.0,2121,79,78.62385864780663,45766.92323495005
4352,0,305,1,1,535121,537210,553.250033,555.250346,2.0003130000000056,39.193333556364905,33.3625,45.137499999999996,1,1,1,1,2089,80,80,2089.0,80.0,2089.0,2089,80,78.39893462613327,45870.8212164795
4352,0,306,1,1,537210,539219,555.250346,557.251296,2.000949999999989,39.02536974576568,33.3625,45.137499999999996,1,1,1,1,2009,80,80,2009.0,80.0,2009.0,2009,80,78.08781359278873,45844.22399360329
4352,0,307,1,1,539219,541286,557.251296,559.25135,2.0000539999999773,39.57088632744712,33.3625,45.137499999999996,1,1,1,1,2067,80,80,2068.0,80.0,2067.0,2067,80,79.14390948275468,46315.249488264344
4352,0,308,1,1,541286,543331,559.25135,561.25205,2.0007000000000517,39.4487482835202,33.3625,45.137499999999996,1,1,1,1,2045,80,80,2045.0,80.0,2045.0,2045,80,78.9251106908414,46586.694656868895
4352,0,309,1,1,543331,545391,561.25205,563.253378,2.001327999999944,39.84961790893517,33.3625,45.137499999999996,1,1,1,1,2060,80,80,2060.0,80.0,2060.0,2060,80,79.75215611045132,47293.09738333878
4352,0,310,1,1,545391,546000,563.253378,563.84484,0.5914619999999786,39.46324983262266,33.3625,45.137499999999996,1,1,1,1,609,24,24,609.0,24.0,609.0,609,24,23.341012672502984,46347.86342994308
4352,0,311,1,1,546000,548122,563.84484,565.845872,2.0010320000000092,39.894538823926865,33.3625,45.137499999999996,1,1,1,1,2122,80,80,2126.0,80.0,2122.0,2122,80,79.83024881191886,47268.10965541759
4352,0,312,1,1,548122,550254,565.845872,567.84605,2.0001780000000053,40.071317853086086,33.3625,45.137499999999996,1,1,1,1,2132,80,80,2132.0,80.0,2132.0,2132,80,80.14976840075178,47156.30308902495
4352,0,313,1,1,550254,552260,567.84605,569.846988,2.000938000000019,39.639256692101696,33.3625,45.137499999999996,1,1,1,1,2006,80,80,2006.0,80.0,2006.0,2006,80,79.31569500698242,46833.03530644083
4352,0,314,1,1,552260,554379,569.846988,571.847,2.0000119999999697,40.010337309446996,33.3625,45.137499999999996,1,1,1,1,2119,79,79,2123.0,79.0,2119.0,2119,79,80.02115474293896,46626.22024267925
4352,0,315,1,1,554379,556421,571.847,573.847047,2.000046999999995,39.50178539112145,33.3625,45.137499999999996,1,1,1,1,2042,80,80,2043.0,80.0,2042.0,2042,80,79.00542736615535,46361.4105068532
4352,0,316,1,1,556421,558450,573.847047,575.848425,2.001378000000045,39.498758791786344,33.3625,45.137499999999996,1,1,1,1,2029,80,80,2029.0,80.0,2029.0,2029,80,79.0519468731909,46739.79628036178
4352,0,317,1,1,558450,559000,575.848425,576.406124,0.5576989999999569,39.88306130248882,33.3625,45.137499999999996,1,1,1,1,550,23,23,550.0,23.0,550.0,550,23,22.242743405335204,46811.98998026179
4352,0,318,1,1,559000,561104,576.406124,578.406706,2.0005820000000085,40.03743060701589,33.3625,45.137499999999996,1,1,1,1,2104,80,80,2105.0,80.0,2104.0,2104,80,80.09816299864542,47227.75672279346
4352,0,319,1,1,561104,563145,578.406706,580.407547,2.0008410000000367,39.355210360832174,33.3625,45.137499999999996,1,1,1,1,2041,79,79,2041.0,80.0,2041.0,2041,80,78.74351845357887,46232.55920885183
4352,0,320,1,1,563145,565244,580.407547,582.407665,2.0001179999999295,39.491794033439646,33.3625,45.137499999999996,1,1,1,1,2099,80,80,2100.0,79.0,2099.0,2099,79,78.98824809857251,45625.80807732505
4352,0,321,1,1,565244,567317,582.407665,584.408327,2.000662000000034,39.09101093362768,33.3625,45.137499999999996,1,1,1,1,2073,80,80,2073.0,80.0,2073.0,2073,80,78.20790011649297,46175.71583805682
4352,0,322,1,1,567317,569321,584.408327,586.409036,2.000709000000029,39.31024415015603,33.3625,45.137499999999996,1,1,1,1,2004,80,80,2004.0,80.0,2004.0,2004,80,78.64835926341402,46867.385511835375
4352,0,323,1,1,569321,571232,586.409036,588.411356,2.0023199999999406,39.105531949928924,33.3625,45.137499999999996,1,1,1,1,1911,80,80,1912.0,80.0,1911.0,1911,80,78.30178873398108,45199.06907986869
4352,0,324,1,1,571232,572000,588.411356,589.172274,0.7609180000000606,38.97092191463987,33.3625,45.137499999999996,1,1,1,1,768,31,31,768.0,31.0,768.0,768,31,29.653675961446424,46170.54662919947
4352,0,325,1,1,572000,574079,589.172274,591.172671,2.000397000000021,39.43088975920244,33.3625,45.137499999999996,1,1,1,1,2079,80,80,2081.0,80.0,2079.0,2079,80,78.87743358164153,46893.69160221647
4352,0,326,1,1,574079,576120,591.172671,593.173498,2.0008269999999584,39.049109046957874,33.3625,45.137499999999996,1,1,1,1,2041,80,80,2041.0,80.0,2041.0,2041,80,78.13051170709514,46996.06712624428
4352,0,327,1,1,576120,578145,593.173498,595.173794,2.0002960000000485,38.83032398544715,33.3625,45.137499999999996,1,1,1,1,2025,79,79,2027.0,79.0,2025.0,2025,79,77.67214174679611,45445.774025443134
4352,0,328,1,1,578145,580195,595.173794,597.1739,2.0001059999999597,38.774291473649896,33.3625,45.137499999999996,1,1,1,1,2050,80,80,2051.0,80.0,2050.0,2050,80,77.55269302219313,45820.0715362095
4352,0,329,1,1,580195,582269,597.1739,599.174105,2.000205000000051,39.08552051308775,33.3625,45.137499999999996,1,1,1,1,2074,80,80,2074.0,80.0,2074.0,2074,80,78.17905355788389,46788.20420906738
4352,0,330,1,1,582269,584327,599.174105,601.174375,2.0002700000000004,38.97949844969324,33.3625,45.137499999999996,1,1,1,1,2058,80,80,2058.0,80.0,2058.0,2058,80,77.96952136396794,45780.31965684632
4352,0,331,1,1,584327,585000,601.174375,601.855119,0.6807439999998905,39.21413748879795,33.3625,45.137499999999996,1,1,1,1,673,27,27,673.0,27.0,673.0,673,27,26.694788810669706,46853.14890767326
4352,0,332,1,1,585000,587005,601.855119,603.85898,2.003861000000029,39.12978975119007,33.3625,45.137499999999996,1,1,1,1,2005,79,79,2009.0,80.0,2005.0,2005,79,78.41065962061111,46030.63785362292
4352,0,333,1,1,587005,589020,603.85898,605.860659,2.001679000000081,38.62939659222719,33.3625,45.137499999999996,1,1,1,1,2015,80,80,2016.0,80.0,2015.0,2015,80,77.32365194133672,45074.6598230767
4352,0,334,1,1,589020,591088,605.860659,607.863773,2.0031139999999823,38.67827571808022,33.3625,45.137499999999996,1,1,1,1,2068,80,80,2070.0,81.0,2068.0,2068,81,77.47699558674503,46257.97633085327
4352,0,335,1,1,591088,593191,607.863773,609.864571,2.000797999999918,38.92770362420698,33.3625,45.137499999999996,1,1,1,1,2103,80,80,2103.0,79.0,2103.0,2103,79,77.88647155590297,46057.62300842153
4352,0,336,1,1,593191,595271,609.864571,611.864924,2.0003530000000183,37.987910595225884,33.3625,45.137499999999996,1,1,1,1,2080,80,80,2081.0,80.0,2080.0,2080,80,75.9892309228926,45131.534284198424
4352,0,337,1,1,595271,597218,611.864924,613.865091,2.000167000000033,38.201108796192635,33.3625,45.137499999999996,1,1,1,1,1947,80,80,1950.0,80.0,1947.0,1947,80,76.40859717755666,44913.74970189915
4352,0,338,1,1,597218,598000,613.865091,614.657287,0.7921959999999899,38.05893402246917,33.3625,45.137499999999996,1,1,1,1,782,32,32,782.0,32.0,782.0,782,32,30.150135296862572,45265.31312957962
4352,0,339,1,1,598000,599967,614.657287,616.657697,2.000409999999988,38.37234383883701,33.3625,45.137499999999996,1,1,1,1,1967,80,80,1969.0,80.0,1967.0,1967,80,76.76042033864724,45320.709254603076
4352,0,340,1,1,599967,602004,616.657697,618.657936,2.000238999999965,38.553090077821395,33.3625,45.137499999999996,1,1,1,1,2037,80,80,2037.0,80.0,2037.0,2037,80,77.11539434417136,45829.523371957854
4352,0,341,1,1,602004,604031,618.657936,620.65907,2.001134000000093,38.873867937842334,33.3625,45.137499999999996,1,1,1,1,2027,80,80,2027.0,80.0,2027.0,2027,80,77.79181884192803,46150.33276132219
4352,0,342,1,1,604031,606098,620.65907,622.659549,2.0004789999999275,38.70646809832854,33.3625,45.137499999999996,1,1,1,1,2067,80,80,2073.0,80.0,2067.0,2067,80,77.43147659487295,45077.204009641326
4352,0,343,1,1,606098,608102,622.659549,624.661879,2.002330000000029,39.33961713544999,33.3625,45.137499999999996,1,1,1,1,2004,80,79,2004.0,80.0,2004.0,2004,79,78.77089557882573,46410.43184689769
4352,0,344,1,1,608102,610091,624.661879,626.6619,2.000020999999947,38.86627100278007,33.3625,45.137499999999996,1,1,1,1,1989,80,80,1990.0,80.0,1989.0,1989,80,77.73335819724889,46166.01525684103
4352,0,345,1,1,610091,611000,626.6619,627.594718,0.9328179999999975,38.334528827963766,33.3625,45.137499999999996,1,1,1,1,909,37,37,910.0,37.0,909.0,909,37,35.759138512243226,44627.14055689332
4352,0,346,1,1,611000,613008,627.594718,629.595678,2.0009600000000773,38.81614815093878,33.3625,45.137499999999996,1,1,1,1,2008,80,80,2009.0,80.0,2008.0,2008,80,77.66955980410421,45799.01647209162
4352,0,347,1,1,613008,615078,629.595678,631.597574,2.001895999999988,38.62689565228105,33.3625,45.137499999999996,1,1,1,1,2070,80,80,2071.0,80.0,2070.0,2070,80,77.32702789871837,46379.032677022464
4352,0,348,1,1,615078,617155,631.597574,633.597897,2.0003229999999803,38.83719939785145,33.3625,45.137499999999996,1,1,1,1,2077,80,80,2078.0,80.0,2077.0,2077,80,77.68694321110888,45783.10602837687
4352,0,349,1,1,617155,619158,633.597897,635.598482,2.000585000000001,39.044330070861776,33.3625,45.137499999999996,1,1,1,1,2003,80,80,2003.0,80.0,2003.0,2003,80,78.11150107481444,45607.65975952032
4352,0,350,1,1,619158,621228,635.598482,637.599171,2.0006889999999657,38.7490385289585,33.3625,45.137499999999996,1,1,1,1,2070,80,80,2071.0,80.0,2070.0,2070,80,77.52477514546263,44713.096338312214
4352,0,351,1,1,621228,623246,637.599171,639.599304,2.0001330000000053,38.56991840703206,33.3625,45.137499999999996,1,1,1,1,2018,79,79,2021.0,79.0,2018.0,2018,79,77.14496661321391,45039.504872925834
4352,0,352,1,1,623246,624000,639.599304,640.338263,0.7389590000000226,39.37298825570228,33.3625,45.137499999999996,1,1,1,1,754,30,30,755.0,30.0,754.0,754,30,29.09502402844737,45532.97273596907
4352,0,353,1,1,624000,626093,640.338263,642.341794,2.0035310000000663,39.4344679284278,33.3625,45.137499999999996,1,1,1,1,2093,80,80,2099.0,80.0,2094.0,2093,80,79.00817896311491,46793.88539533299
4352,0,354,1,1,626093,628208,642.341794,644.343369,2.0015750000000025,39.227569080481715,33.3625,45.137499999999996,1,1,1,1,2115,80,80,2114.0,80.0,2114.0,2115,80,78.51692158226433,46651.26213107172
4352,0,355,1,1,628208,630294,644.343369,646.345081,2.0017119999999977,39.30688411724049,33.3625,45.137499999999996,1,1,1,1,2086,80,80,2087.0,80.0,2086.0,2086,80,78.68106162008917,46803.436258562724
4352,0,356,1,1,630294,632423,646.345081,648.345114,2.0000329999999167,39.12293791880115,33.3625,45.137499999999996,1,1,1,1,2129,80,80,2129.0,80.0,2129.0,2129,80,78.2471668945509,46824.227400249845
4352,0,357,1,1,632423,634432,648.345114,650.345601,2.000487000000021,39.36396367097991,33.3625,45.137499999999996,1,1,1,1,2009,80,80,2009.0,80.0,2009.0,2009,80,78.74709759226971,46967.56339831202
4352,0,358,1,1,634432,636488,650.345601,652.346382,2.000780999999961,39.26217339684416,33.3625,45.137499999999996,1,1,1,1,2056,80,80,2057.0,80.0,2056.0,2056,80,78.55501055111017,46229.447400790894
4352,0,359,1,1,636488,637000,652.346382,652.818036,0.47165400000005775,39.256115539174786,33.3625,45.137499999999996,1,1,1,1,512,19,19,514.0,19.0,512.0,512,19,18.51530391851702,45331.959444841734
4352,0,360,1,1,637000,639184,652.818036,654.818362,2.0003259999999727,39.02456530168109,33.3625,45.137499999999996,1,1,1,1,2184,80,80,2187.0,80.0,2184.0,2184,80,78.06185261164865,45939.01194105423
4352,0,361,1,1,639184,641300,654.818362,656.818826,2.0004639999999654,39.695430302558734,33.3625,45.137499999999996,1,1,1,1,2116,79,79,2117.0,79.0,2116.0,2116,79,79.40927928477686,45925.845203913486
4352,0,362,1,1,641300,643361,656.818826,658.818884,2.000058000000081,38.95928003093484,33.3625,45.137499999999996,1,1,1,1,2061,80,80,2062.0,80.0,2061.0,2061,80,77.9208197001135,46411.1540765299
4352,0,363,1,1,643361,645405,658.818884,660.819723,2.000838999999928,39.27322702365323,33.3625,45.137499999999996,1,1,1,1,2044,80,80,2045.0,80.0,2044.0,2044,80,78.57940428477741,45616.363935330766
4352,0,364,1,1,645405,647532,660.819723,662.819858,2.000135,39.15247069499478,33.3625,45.137499999999996,1,1,1,1,2127,80,80,2130.0,80.0,2127.0,2127,80,78.31022697353183,46506.3608206446
4352,0,365,1,1,647532,649664,662.819858,664.821508,2.0016500000000406,39.57275178945301,33.3625,45.137499999999996,1,1,1,1,2132,80,80,2132.0,80.0,2132.0,2132,80,79.21079861935868,47166.58756525771
4352,0,366,1,1,649664,650000,664.821508,665.138557,0.31704899999999725,39.88900815983401,33.3625,45.137499999999996,1,1,1,1,336,13,13,336.0,13.0,336.0,336,13,12.646770148068754,47396.4592223919
4352,0,367,1,1,650000,652037,665.138557,667.138782,2.0002250000000004,39.20171743912111,33.3625,45.137499999999996,1,1,1,1,2037,80,80,2039.0,80.0,2037.0,2037,80,78.41225526466587,46676.7488657526
4352,0,368,1,1,652037,654039,667.138782,669.139874,2.0010919999999714,39.00162936732129,33.3625,45.137499999999996,1,1,1,1,2002,80,80,2002.0,80.0,2002.0,2002,80,78.04584851390973,45117.86564535828
4352,0,369,1,1,654039,656172,669.139874,671.140799,2.000925000000052,39.07636820684722,33.3625,45.137499999999996,1,1,1,1,2133,80,80,2133.0,80.0,2133.0,2133,80,78.18888205428811,46310.081587264685
4352,0,370,1,1,656172,658142,671.140799,673.141751,2.000951999999984,39.119430142603896,33.3625,45.137499999999996,1,1,1,1,1970,80,80,1970.0,80.0,1970.0,1970,80,78.27610198270122,45031.065212958994
4352,0,371,1,1,658142,660158,673.141751,675.141932,2.0001809999999978,39.40647502165881,33.3625,45.137499999999996,1,1,1,1,2016,80,80,2018.0,80.0,2016.0,2016,80,78.820082615297,46673.776023269944
4352,0,372,1,1,660158,662240,675.141932,677.142446,2.000513999999953,39.17931016319916,33.3625,45.137499999999996,1,1,1,1,2082,79,79,2082.0,79.0,2082.0,2082,79,78.37875849182092,46318.59612079805
4352,0,373,1,1,662240,663000,677.142446,677.873687,0.7312410000000682,38.765974841856,33.3625,45.137499999999996,1,1,1,1,760,30,30,762.0,30.0,760.0,760,30,28.347270209334965,46628.9499631405
4352,0,374,1,1,663000,665012,677.873687,679.873815,2.000128000000018,39.08983103147426,33.3625,45.137499999999996,1,1,1,1,2012,80,80,2016.0,80.0,2012.0,2012,80,78.18466556132262,46073.55129271685
4352,0,375,1,1,665012,667079,679.873815,681.876004,2.0021889999999303,39.533630804272505,33.3625,45.137499999999996,1,1,1,1,2067,80,80,2067.0,80.0,2067.0,2067,80,79.15380072637345,46712.37330741666
4352,0,376,1,1,667079,669044,681.876004,683.875975,1.9999710000000732,39.070898229023214,33.3625,45.137499999999996,1,1,1,1,1965,80,80,1967.0,80.0,1965.0,1965,80,78.14066340200225,46129.16887294697
4352,0,377,1,1,669044,671106,683.875975,685.876807,2.0008319999999458,39.086351833811996,33.3625,45.137499999999996,1,1,1,1,2062,79,79,2062.0,79.0,2062.0,2062,79,78.20522351234831,46551.134727954435
4352,0,378,1,1,671106,673210,685.876807,687.877919,2.0011120000000346,39.72721066888763,33.3625,45.137499999999996,1,1,1,1,2104,80,80,2104.0,80.0,2104.0,2104,80,79.49859799604019,46881.43392273814
4352,0,379,1,1,673210,675351,687.877919,689.877968,2.00004899999999,40.32786942843709,33.3625,45.137499999999996,1,1,1,1,2141,80,80,2142.0,80.0,2141.0,2141,80,80.65771492247586,47505.33611926532
4352,0,380,1,1,675351,676000,689.877968,690.490508,0.6125399999999672,40.156264117118795,33.3625,45.137499999999996,1,1,1,1,649,25,25,650.0,25.0,649.0,649,25,24.59731802229726,47698.10951121814
4352,0,381,1,1,676000,678078,690.490508,692.491723,2.001215000000002,39.862531161845034,33.3625,45.137499999999996,1,1,1,1,2078,80,80,2081.0,80.0,2078.0,2078,80,79.77349529905041,46553.218919506355
4352,0,382,1,1,678078,680131,692.491723,694.492137,2.000413999999978,39.695063383732666,33.3625,45.137499999999996,1,1,1,1,2053,80,80,2053.0,80.0,2053.0,2053,80,79.40656052370468,45915.995388954994
4352,0,383,1,1,680131,682172,694.492137,696.493576,2.001439000000005,39.871991810186735,33.3625,45.137499999999996,1,1,1,1,2041,80,80,2042.0,80.0,2041.0,2041,80,79.80135941658955,46903.25310938768
4352,0,384,1,1,682172,684235,696.493576,698.496524,2.0029480000000603,39.87882522680674,33.3625,45.137499999999996,1,1,1,1,2063,80,80,2068.0,80.0,2063.0,2063,80,79.87521323038527,47106.065659216896
4352,0,385,1,1,684235,686326,698.496524,700.496738,2.000214000000028,39.46933068106432,33.3625,45.137499999999996,1,1,1,1,2091,80,80,2091.0,80.0,2091.0,2091,80,78.94710779889647,46248.551404999016
4352,0,386,1,1,686326,688448,700.496738,702.496826,2.000088000000005,39.78944244115018,33.3625,45.137499999999996,1,1,1,1,2122,80,80,2122.0,80.0,2122.0,2122,80,79.58238635323505,46836.93917467619
4352,0,387,1,1,688448,689000,702.496826,703.003487,0.5066609999998946,40.1391743447292,33.3625,45.137499999999996,1,1,1,1,552,20,20,552.0,20.0,552.0,552,20,20.336954212671117,47104.474194786984
4352,0,388,1,1,689000,691095,703.003487,705.00346,1.9999730000000682,40.158818185880136,33.3625,45.137499999999996,1,1,1,1,2095,80,80,2103.0,80.0,2095.0,2095,80,80.31655208367374,47351.63924712822
4352,0,389,1,1,691095,693231,705.00346,707.003764,2.0003040000000283,40.150433502555515,33.3625,45.137499999999996,1,1,1,1,2136,80,80,2136.0,80.0,2136.0,2136,80,80.31307273689526,47803.73383245679
4352,0,390,1,1,693231,695337,707.003764,709.003782,2.0000179999999546,39.729247162315666,33.3625,45.137499999999996,1,1,1,1,2106,79,79,2106.0,80.0,2106.0,2106,80,79.45920945107719,46060.585454731954
4352,0,391,1,1,695337,697481,709.003782,711.004841,2.0010590000000548,40.13202442363864,33.3625,45.137499999999996,1,1,1,1,2144,80,80,2144.0,79.0,2144.0,2144,79,80.30654866114492,47946.61226880235
4352,0,392,1,1,697481,699475,711.004841,713.006482,2.0016409999999496,38.83106595205658,33.3625,45.137499999999996,1,1,1,1,1994,80,80,1995.0,80.0,1994.0,1994,80,77.72585368333966,45621.56750386423
4352,0,393,1,1,699475,701555,713.006482,715.00674,2.0002580000000307,38.98301299928332,33.3625,45.137499999999996,1,1,1,1,2080,80,80,2081.0,80.0,2080.0,2080,80,77.97608361592211,45472.13409470108
4352,0,394,1,1,701555,702000,715.00674,715.413957,0.407216999999946,38.79925384026239,33.3625,45.137499999999996,1,1,1,1,445,17,17,445.0,17.0,445.0,445,17,15.799715751069016,46007.4112819516
4352,0,395,1,1,702000,704022,715.413957,717.414167,2.0002100000000382,38.42611979477624,33.3625,45.137499999999996,1,1,1,1,2022,80,80,2024.0,80.0,2022.0,2022,80,76.86030907470922,44877.28788477124
4352,0,396,1,1,704022,706033,717.414167,719.41505,2.0008829999999307,38.666612333304926,33.3625,45.137499999999996,1,1,1,1,2011,78,78,2012.0,79.0,2011.0,2011,78,77.3673672852965,45749.301683308404
4352,0,397,1,1,706033,708051,719.41505,721.416485,2.001435000000015,38.7184234993061,33.3625,45.137499999999996,1,1,1,1,2018,80,80,2019.0,80.0,2019.0,2018,80,77.49240793633362,45877.083192808816
4352,0,398,1,1,708051,710012,721.416485,723.418089,2.001604000000043,38.70548783072726,33.3625,45.137499999999996,1,1,1,1,1961,80,80,1961.0,80.0,1960.0,1961,80,77.47305926393528,44101.63049234419
4352,0,399,1,1,710012,712093,723.418089,725.418203,2.0001139999999396,38.73146999955286,33.3625,45.137499999999996,1,1,1,1,2081,80,80,2081.0,80.0,2081.0,2081,80,77.46735538668509,46023.37666753134
4352,0,400,1,1,712093,714195,725.418203,727.418443,2.000240000000076,39.11208478052195,33.3625,45.137499999999996,1,1,1,1,2102,80,80,2103.0,80.0,2102.0,2102,80,78.23355646139316,46306.943166818215
4352,0,401,1,1,714195,715000,727.418443,728.19227,0.773826999999983,38.8588521104446,33.3625,45.137499999999996,1,1,1,1,805,31,31,807.0,31.0,805.0,805,31,30.070028952068242,46966.570047311354
4352,0,402,1,1,715000,716985,728.19227,730.192534,2.0002640000000156,38.67367414638885,33.3625,45.137499999999996,1,1,1,1,1985,80,80,1987.0,80.0,1985.0,1985,80,77.35755814275399,45571.48456403719
4352,0,403,1,1,716985,718950,730.192534,732.193014,2.000479999999925,38.6529553799048,33.3625,45.137499999999996,1,1,1,1,1965,80,80,1967.0,80.0,1966.0,1965,80,77.32446417838946,44723.26641606182
4352,0,404,1,1,718950,720220,732.193014,734.207443,2.0144290000000638,24.407662866390325,33.3625,45.137499999999996,1,0,0,1,1270,80,80,1269.0,81.0,1269.0,1270,81,49.16750390028028,28083.392365776213
4352,0,405,1,1,720220,720301,734.207443,736.209719,2.002275999999938,1.0179197340489403,33.3625,45.137499999999996,1,0,0,0,81,80,80,81.0,80.0,81.0,81,80,2.0381562534130353,783.6082538071917
4352,0,406,1,1,720301,720381,736.209719,738.211995,2.0022760000000517,1.0174513705164276,33.3625,45.137499999999996,1,0,0,0,80,80,80,80.0,80.0,80.0,80,80,2.0372184603511414,735.6628157156965
4352,0,407,1,1,720381,720461,738.211995,740.214271,2.0022760000000517,1.0165146434514962,33.3625,45.137499999999996,1,0,0,0,80,80,80,80.0,80.0,80.0,80,80,2.0353428742309916,752.6434917064187
4352,0,408,1,1,720461,720541,740.214271,742.21655,2.0022789999999304,1.0159409640617272,33.3625,45.137499999999996,1,0,0,0,80,80,80,80.0,80.0,80.0,80,80,2.034197257580672,753.1417949247095
4352,0,409,1,1,720541,720623,742.21655,744.218827,2.002277000000049,1.0498721064044825,33.3625,45.137499999999996,1,0,0,0,82,80,80,82.0,80.0,82.0,82,80,2.1021347715941374,833.5510021839931
4352,0,410,1,1,720623,720806,744.218827,746.221105,2.002277999999933,2.758824419940239,33.3625,45.137499999999996,1,0,0,1,183,80,80,183.0,80.0,183.0,183,80,5.523933441909321,3727.7540880937863
4352,0,411,1,1,720806,721034,746.221105,748.223379,2.0022740000000567,2.7924476756454215,33.3625,45.137499999999996,1,0,0,1,228,80,80,228.0,80.0,228.0,228,80,5.591245377305313,3822.653642808019
4352,0,412,1,1,721034,721247,748.223379,750.225658,2.0022789999999304,3.1263318389719172,33.3625,45.137499999999996,1,0,0,1,213,80,80,213.0,80.0,213.0,213,80,6.259788588205993,4246.66092987056
4352,0,413,1,1,721247,721504,750.225658,752.227935,2.002277000000049,4.17297062150416,33.3625,45.137499999999996,1,0,0,1,257,80,80,257.0,80.0,257.0,257,80,8.355443097112584,5410.3403275369665
4352,0,414,1,1,721504,721900,752.227935,754.228887,2.000951999999984,6.102271453413627,33.3625,45.137499999999996,1,0,0,1,396,80,80,396.0,79.0,396.0,396,79,12.210352269252326,7930.225212798772
4352,0,415,1,1,721900,722393,754.228887,756.23087,2.0019829999999956,7.47501255011649,33.3625,45.137499999999996,1,0,0,1,493,80,80,493.0,80.0,493.0,493,80,14.964848050120054,9413.66634981418
4352,0,416,1,1,722393,723044,756.23087,758.234763,2.003893000000062,10.641480753201742,33.3625,45.137499999999996,1,0,0,1,651,80,80,651.0,81.0,651.0,651,81,21.324388790977537,13173.857087179398
4352,0,417,1,1,723044,723771,758.234763,760.237041,2.002277999999933,12.870522783708893,33.3625,45.137499999999996,1,0,0,1,727,80,80,727.0,80.0,727.0,727,80,25.770364618318126,15359.50552320958
4352,0,418,1,1,723771,724645,760.237041,762.237658,2.000617000000034,14.480274664118644,33.3625,45.137499999999996,1,0,0,1,874,80,80,875.0,79.0,874.0,874,79,28.969483657707315,17673.547710531002
4352,0,419,1,1,724645,725607,762.237658,764.23856,2.0009019999999964,17.557605057578687,33.3625,45.137499999999996,1,0,0,1,962,80,80,963.0,80.0,962.0,962,80,35.13104707491948,21507.799982208064
4352,0,420,1,1,725607,726628,764.23856,766.238789,2.0002289999999903,19.07801881426693,33.3625,45.137499999999996,1,0,0,1,1021,80,80,1021.0,80.0,1021.0,1021,80,38.16040649484057,22801.389240932025
4352,0,421,1,1,726628,727758,766.238789,768.240075,2.00128600000005,20.472059189395956,33.3625,45.137499999999996,1,0,0,1,1130,80,80,1130.0,80.0,1130.0,1130,80,40.97044544691016,24915.979025485987
4352,0,422,1,1,727758,728000,768.240075,768.663898,0.4238229999999703,22.807872724416473,33.3625,45.137499999999996,1,0,0,1,242,17,17,242.0,17.0,242.0,242,17,9.666501041680021,26860.269499297578
4352,0,423,1,1,728000,729252,768.663898,770.664125,2.0002269999999953,22.81091609038714,33.3625,45.137499999999996,1,0,0,1,1252,80,80,1254.0,80.0,1252.0,1252,80,45.62701025872593,27318.399361672513
4352,0,424,1,1,729252,730599,770.664125,772.66409,1.9999649999999747,25.39676285717756,33.3625,45.137499999999996,1,0,0,1,1347,80,80,1347.0,80.0,1347.0,1347,80,50.79263682765304,30471.533251832294
4352,0,425,1,1,730599,732052,772.66409,774.664574,2.0004840000000286,26.97809618745769,33.3625,45.137499999999996,1,0,0,1,1453,80,80,1453.0,80.0,1453.0,1453,80,53.96924977347226,32107.729929356636
4352,0,426,1,1,732052,733581,774.664574,776.666498,2.001924000000031,29.68867083324169,33.3625,45.137499999999996,1,0,0,1,1529,80,80,1530.0,80.0,1529.0,1529,80,59.43446266916726,35155.18071615052
4352,0,427,1,1,733581,735277,776.666498,778.667386,2.000887999999918,30.788592709060584,33.3625,45.137499999999996,1,0,0,1,1696,80,80,1696.0,80.0,1696.0,1696,80,61.60452568844266,37124.51671458025
4352,0,428,1,1,735277,736987,778.667386,780.671626,2.0042399999999816,32.037051616250615,33.3625,45.137499999999996,1,0,0,1,1710,80,80,1711.0,80.0,1710.0,1710,80,64.20994033135503,37799.8642877104
4352,0,429,1,1,736987,738855,780.671626,782.672386,2.000760000000014,35.30035046201019,33.3625,45.137499999999996,1,1,0,1,1868,80,80,1868.0,80.0,1868.0,1868,80,70.62752919037302,41373.27815430108
4352,0,430,1,1,738855,740664,782.672386,784.674483,2.002097000000049,36.660001937066774,33.3625,45.137499999999996,1,1,1,1,1809,80,80,1810.0,80.0,1809.0,1809,80,73.39687989819868,41860.609151303834
4352,0,431,1,1,740664,741000,784.674483,784.987495,0.3130119999999579,38.01449240394681,33.3625,45.137499999999996,1,1,1,1,336,12,12,336.0,12.0,336.0,336,12,11.89899229634102,45483.87921230469
4352,0,432,1,1,741000,743018,784.987495,786.987961,2.000466000000074,38.251109215735966,33.3625,45.137499999999996,1,1,1,1,2018,80,80,2022.0,80.0,2018.0,2018,80,76.52004344837042,44733.077193012374
4352,0,433,1,1,743018,745056,786.987961,788.988536,2.0005749999999125,38.34164206002882,33.3625,45.137499999999996,1,1,1,1,2038,80,80,2040.0,80.0,2038.0,2038,80,76.70533056424028,44815.11565425136
4352,0,434,1,1,745056,747054,788.988536,790.988712,2.0001760000000104,38.61311364670745,33.3625,45.137499999999996,1,1,1,1,1998,80,79,2002.0,80.0,1998.0,1998,79,77.23302320141738,44997.540216460715
4352,0,435,1,1,747054,749101,790.988712,792.989751,2.0010389999999916,39.24807528681426,33.3625,45.137499999999996,1,1,1,1,2047,80,80,2047.0,80.0,2047.0,2047,80,78.53692932385093,45347.44200387917
4352,0,436,1,1,749101,751114,792.989751,794.989929,2.0001780000000053,39.16330238637509,33.3625,45.137499999999996,1,1,1,1,2013,80,80,2014.0,80.0,2013.0,2013,80,78.33357584057376,45697.43292846924
4352,0,437,1,1,751114,753215,794.989929,796.990033,2.0001040000000785,38.83741940677868,33.3625,45.137499999999996,1,1,1,1,2101,80,80,2101.0,80.0,2101.0,2101,80,77.67887790517852,45296.144600479
4352,0,438,1,1,753215,754000,796.990033,797.784055,0.7940219999999272,39.90906324602755,33.3625,45.137499999999996,1,1,1,1,785,32,32,786.0,32.0,785.0,785,32,31.68867421673349,46006.2819418144
4352,0,439,1,1,754000,756129,797.784055,799.784717,2.000662000000034,39.673656464952735,33.3625,45.137499999999996,1,1,1,1,2129,80,80,2133.0,80.0,2129.0,2129,80,79.37357689048804,47092.412411491
4352,0,440,1,1,756129,758162,799.784717,801.784813,2.000095999999985,39.27440828177361,33.3625,45.137499999999996,1,1,1,1,2033,80,80,2033.0,80.0,2033.0,2033,80,78.55258690674236,46034.29035406335
4352,0,441,1,1,758162,760193,801.784813,803.784967,2.000154000000066,39.724318699898106,33.3625,45.137499999999996,1,1,1,1,2031,79,79,2032.0,79.0,2031.0,2031,79,79.45475494487982,46615.41061338123
4352,0,442,1,1,760193,762262,803.784967,805.787614,2.002646999999911,39.451113940177805,33.3625,45.137499999999996,1,1,1,1,2069,80,80,2072.0,80.0,2069.0,2069,80,79.0066549789517,45239.12601671889
4352,0,443,1,1,762262,764257,805.787614,807.788632,2.0010180000000446,39.61148681552116,33.3625,45.137499999999996,1,1,1,1,1995,80,80,1998.0,80.0,1995.0,1995,80,79.26329812462063,46394.38525790269
4352,0,444,1,1,764257,766447,807.788632,809.78919,2.0005579999999554,39.64237450513716,33.3625,45.137499999999996,1,1,1,1,2190,80,80,2191.0,80.0,2190.0,2190,80,79.30686945524576,46850.92859092417
4352,0,445,1,1,766447,767000,809.78919,810.341648,0.5524580000000014,39.166794181703175,33.3625,45.137499999999996,1,1,1,1,553,22,22,553.0,22.0,553.0,553,22,21.638008780035307,45751.89426164511
4352,0,446,1,1,767000,769085,810.341648,812.342582,2.0009340000000293,39.321363797441755,33.3625,45.137499999999996,1,1,1,1,2085,80,80,2087.0,80.0,2085.0,2085,80,78.67945374867122,45760.130019280325
4352,0,447,1,1,769085,771150,812.342582,814.346409,2.003827000000001,39.297578796581135,33.3625,45.137499999999996,1,1,1,1,2065,80,80,2066.0,80.0,2065.0,2065,80,78.74554942721807,45908.154745893706
4352,0,448,1,1,771150,773213,814.346409,816.346987,2.0005780000000186,38.810814670808604,33.3625,45.137499999999996,1,1,1,1,2063,80,80,2063.0,80.0,2063.0,2063,80,77.64406199249788,44687.5852878514
4352,0,449,1,1,773213,775276,816.346987,818.347174,2.0001869999999826,39.06576195441484,33.3625,45.137499999999996,1,1,1,1,2063,80,80,2065.0,80.0,2064.0,2063,80,78.13882920631295,46160.18402279427
4352,0,450,1,1,775276,777377,818.347174,820.348991,2.00181699999996,39.022448567236324,33.3625,45.137499999999996,1,1,1,1,2101,80,80,2101.0,80.0,2100.0,2101,80,78.11580092351869,46713.06118391535
4352,0,451,1,1,777377,779368,820.348991,822.348997,2.0000060000000985,38.968259204108676,33.3625,45.137499999999996,1,1,1,1,1991,80,80,1991.0,80.0,1991.0,1991,80,77.93675221777812,44781.86565440083
4352,0,452,1,1,779368,780000,822.348997,822.966928,0.6179309999999987,38.824174795349805,33.3625,45.137499999999996,1,1,1,1,632,25,25,632.0,25.0,632.0,632,25,23.990661155465205,44420.8172109832
4352,0,453,1,1,780000,782080,822.966928,824.967248,2.000319999999988,38.887942172245275,33.3625,45.137499999999996,1,1,1,1,2080,80,80,2084.0,80.0,2080.0,2080,80,77.7883284859854,46434.07054871249
4352,0,454,1,1,782080,784148,824.967248,826.967665,2.0004169999999704,39.32366341395932,33.3625,45.137499999999996,1,1,1,1,2068,80,80,2068.0,80.0,2068.0,2068,80,78.6637247955623,45063.1043427452
4352,0,455,1,1,784148,786176,826.967665,828.967659,1.9999940000000151,39.13646152556642,33.3625,45.137499999999996,1,1,1,1,2028,80,80,2029.0,80.0,2028.0,2028,80,78.27268823236591,46591.13977341897
4352,0,456,1,1,786176,788214,828.967659,830.967806,2.00014699999997,38.559126430049375,33.3625,45.137499999999996,1,1,1,1,2038,80,80,2038.0,80.0,2038.0,2038,80,77.12392105168328,45416.16191210014
4352,0,457,1,1,788214,790277,830.967806,832.968398,2.0005919999999833,38.362307812426025,33.3625,45.137499999999996,1,1,1,1,2063,79,79,2063.0,79.0,2063.0,2063,79,76.74732611107538,45525.02459272093
4352,0,458,1,1,790277,792359,832.968398,834.968492,2.00009399999999,38.38436728338849,33.3625,45.137499999999996,1,1,1,1,2082,80,80,2083.0,80.0,2082.0,2082,80,76.77234269730252,45188.876122822454
4352,0,459,1,1,792359,793000,834.968492,835.547045,0.5785530000000563,38.4608443171956,33.3625,45.137499999999996,1,1,1,1,641,23,23,641.0,23.0,641.0,641,23,22.251636862249143,46678.523834458334
4352,0,460,1,1,793000,795046,835.547045,837.548646,2.001600999999937,38.51345174904292,33.3625,45.137499999999996,1,1,1,1,2046,79,79,2054.0,80.0,2046.0,2046,79,77.08856353433293,46112.08727413851
4352,0,461,1,1,795046,797136,837.548646,839.549438,2.0007920000000468,38.68513168753824,33.3625,45.137499999999996,1,1,1,1,2090,80,80,2098.0,80.0,2090.0,2090,80,77.40090199937549,45512.47705908354
4352,0,462,1,1,797136,799124,839.549438,841.552441,2.003003000000035,38.700904997574554,33.3625,45.137499999999996,1,1,1,1,1988,80,80,1988.0,80.0,1988.0,1988,80,77.51802881285766,45811.71371186084
4352,0,463,1,1,799124,801086,841.552441,843.553271,2.000829999999951,38.56441289743876,33.3625,45.137499999999996,1,1,1,1,1962,78,78,2015.0,80.0,1962.0,1962,78,77.16083425758188,44049.719366464
4352,0,464,1,1,801086,803050,843.553271,845.554667,2.0013959999999997,38.20275863014981,33.3625,45.137499999999996,1,1,1,1,1964,80,80,1965.0,80.0,1964.0,1964,80,76.45884831134754,45231.92811417631
4352,0,465,1,1,803050,805059,845.554667,847.555155,2.0004880000000185,38.5716501737082,33.3625,45.137499999999996,1,1,1,1,2009,80,80,2009.0,80.0,2009.0,2009,80,77.16212331270071,44957.03048456135
4352,0,466,1,1,805059,806000,847.555155,848.512963,0.957808,39.063114880954494,33.3625,45.137499999999996,1,1,1,1,941,39,39,943.0,39.0,941.0,941,39,37.41496393789566,45582.204366637154
4352,0,467,1,1,806000,808077,848.512963,850.513414,2.000450999999998,38.55058731505189,33.3625,45.137499999999996,1,1,1,1,2077,79,79,2081.0,79.0,2077.0,2077,79,77.11856094498216,45663.70283501074
4352,0,468,1,1,808077,810089,850.513414,852.513578,2.0001640000000407,38.46685205323558,33.3625,45.137499999999996,1,1,1,1,2012,80,80,2012.0,80.0,2012.0,2012,80,76.9400126702094,45089.80263618292
4352,0,469,1,1,810089,812047,852.513578,854.516577,2.0029989999999316,38.40784013939843,33.3625,45.137499999999996,1,1,1,1,1958,80,80,1961.0,80.0,1958.0,1958,80,76.93086539137221,44745.90351767677
4352,0,470,1,1,812047,814024,854.516577,856.516612,2.0000350000000253,38.12890783867314,33.3625,45.137499999999996,1,1,1,1,1977,80,80,1978.0,80.0,1977.0,1977,80,76.25915018912201,45346.206441386705
4352,0,471,1,1,814024,816059,856.516612,858.517026,2.000413999999978,38.492905228282645,33.3625,45.137499999999996,1,1,1,1,2035,80,80,2036.0,80.0,2035.0,2035,80,77.00174651933048,45620.556544795734
4352,0,472,1,1,816059,818103,858.517026,860.51774,2.0007140000000163,38.43310198580009,33.3625,45.137499999999996,1,1,1,1,2044,80,80,2045.0,80.0,2044.0,2044,80,76.89364520641902,45487.76086936927
4352,0,473,1,1,818103,819000,860.51774,861.392797,0.8750569999999698,38.487048189645805,33.3625,45.137499999999996,1,1,1,1,897,35,35,897.0,35.0,897.0,897,35,33.6783609276863,46335.26730258875
4352,0,474,1,1,819000,821016,861.392797,863.393004,2.000207000000046,38.19597277042789,33.3625,45.137499999999996,1,1,1,1,2016,80,80,2018.0,80.0,2016.0,2016,80,76.3998521072208,45847.75475738156
4352,0,475,1,1,821016,822949,863.393004,865.392973,1.9999689999999646,38.21779269833621,33.3625,45.137499999999996,1,1,1,1,1933,80,80,1933.0,80.0,1933.0,1933,80,76.43440064509923,44152.18435885834
4352,0,476,1,1,822949,825046,865.392973,867.394308,2.00133500000004,38.81109760740308,33.3625,45.137499999999996,1,1,1,1,2097,80,80,2098.0,80.0,2097.0,2097,80,77.67400803011333,46278.10936199994
4352,0,477,1,1,825046,827042,867.394308,869.396056,2.0017480000000205,39.21789687125281,33.3625,45.137499999999996,1,1,1,1,1996,80,80,1996.0,80.0,1996.0,1996,80,78.50434662623593,44745.892090312605
4352,0,478,1,1,827042,829145,869.396056,871.396057,2.0000009999999975,38.72359227928967,33.3625,45.137499999999996,1,1,1,1,2103,80,80,2103.0,80.0,2103.0,2103,80,77.44722328217176,46389.976805011655
4352,0,479,1,1,829145,831251,871.396057,873.397871,2.0018139999999676,38.876447718062884,33.3625,45.137499999999996,1,1,1,1,2106,80,80,2107.0,80.0,2106.0,2106,80,77.82341731228371,46208.588809950124
4352,0,480,1,1,831251,832000,873.397871,874.110296,0.7124249999999392,38.74135150148156,33.3625,45.137499999999996,1,1,1,1,749,28,28,749.0,28.0,749.0,749,28,27.600307343440363,44226.40979752632
4352,0,481,1,1,832000,834115,874.110296,876.110573,2.0002770000000965,38.98738494047345,33.3625,45.137499999999996,1,1,1,1,2115,80,80,2118.0,80.0,2115.0,2115,80,77.9855693865793,46566.05060198938
4352,0,482,1,1,834115,836110,876.110573,878.112028,2.0014549999999645,38.529470890734174,33.3625,45.137499999999996,1,1,1,1,1995,80,80,1996.0,80.0,1995.0,1995,80,77.11500216161221,45900.10767166968
4352,0,483,1,1,836110,838171,878.112028,880.113009,2.0009810000000243,38.92317160305283,33.3625,45.137499999999996,1,1,1,1,2061,80,80,2063.0,80.0,2061.0,2061,80,77.88452683744981,45649.608866850256
4352,0,484,1,1,838171,840179,880.113009,882.113416,2.0004069999999956,39.04065106334281,33.3625,45.137499999999996,1,1,1,1,2008,80,80,2009.0,80.0,2008.0,2008,80,78.09719167166986,45399.26125033566
4352,0,485,1,1,840179,842309,882.113416,884.114637,2.001220999999987,39.4776830476267,33.3625,45.137499999999996,1,1,1,1,2130,80,80,2132.0,80.0,2130.0,2130,80,79.00356834625563,47227.66750898607
4352,0,486,1,1,842309,844424,884.114637,886.114616,1.9999789999999393,39.106170820119374,33.3625,45.137499999999996,1,1,1,1,2115,80,80,2118.0,80.0,2115.0,2115,80,78.21152041064852,46715.4905126518
4352,0,487,1,1,844424,845000,886.114616,886.662993,0.5483770000000732,39.70671409473577,33.3625,45.137499999999996,1,1,1,1,576,22,22,577.0,22.0,576.0,576,22,21.774248755133158,48160.29848078325
4352,0,488,1,1,845000,847107,886.662993,888.663899,2.0009059999999863,39.141624170602974,33.3625,45.137499999999996,1,1,1,1,2107,80,80,2110.0,80.0,2107.0,2107,80,78.31871065270388,46269.53989842633
4352,0,489,1,1,847107,849163,888.663899,890.663966,2.0000669999999445,39.63075131184528,33.3625,45.137499999999996,1,1,1,1,2056,80,80,2057.0,80.0,2056.0,2056,80,79.26415788402664,46302.44886796421
4352,0,490,1,1,849163,851222,890.663966,892.664026,2.000060000000076,39.90325795800634,33.3625,45.137499999999996,1,1,1,1,2059,80,80,2059.0,80.0,2059.0,2059,80,79.80891011149288,46851.59445216466
4352,0,491,1,1,851222,853289,892.664026,894.664612,2.0005859999999984,39.952557610842,33.3625,45.137499999999996,1,1,1,1,2067,79,79,2068.0,79.0,2067.0,2067,79,79.92852742044488,46355.417862566304
4352,0,492,1,1,853289,855395,894.664612,896.665979,2.0013669999999593,39.817450496927094,33.3625,45.137499999999996,1,1,1,1,2106,80,80,2106.0,80.0,2106.0,2106,80,79.6893314486806,46494.720858294306
4352,0,493,1,1,855395,857481,896.665979,898.667381,2.0014019999999846,39.40025258496804,33.3625,45.137499999999996,1,1,1,1,2086,80,80,2089.0,80.0,2086.0,2086,80,78.85574432406065,46845.16154175959
4352,0,494,1,1,857481,858000,898.667381,899.197528,0.5301470000000563,39.62304292586787,33.3625,45.137499999999996,1,1,1,1,519,22,22,521.0,22.0,519.0,519,22,21.006037338021997,47377.425506505424
4352,0,495,1,1,858000,860115,899.197528,901.201957,2.004428999999959,39.75712534259526,33.3625,45.137499999999996,1,1,1,1,2115,80,80,2119.0,80.0,2115.0,2115,80,79.69033499333091,46605.79147478005
4352,0,496,1,1,860115,862176,901.201957,903.201996,2.000039000000015,39.6529243672764,33.3625,45.137499999999996,1,1,1,1,2061,80,80,2063.0,80.0,2061.0,2061,80,79.30739519860435,46349.09619262389
4352,0,497,1,1,862176,864327,903.201996,905.204516,2.002520000000004,39.78891120892992,33.3625,45.137499999999996,1,1,1,1,2151,80,80,2152.0,80.0,2151.0,2151,80,79.67809047410628,46606.27609212383
4352,0,498,1,1,864327,866434,905.204516,907.20469,2.0001740000000154,39.47444005871511,33.3625,45.137499999999996,1,1,1,1,2107,80,80,2108.0,80.0,2107.0,2107,80,78.9557486699996,46793.4289716791
4352,0,499,1,1,866434,868610,907.20469,909.205038,2.000347999999917,39.64182796390736,33.3625,45.137499999999996,1,1,1,1,2176,79,79,2176.0,79.0,2176.0,2176,79,79.29745128394279,46686.876483493805
4352,0,500,1,1,868610,870691,909.205038,911.205616,2.0005780000000186,39.71786731846401,33.3625,45.137499999999996,1,1,1,1,2081,80,80,2084.0,80.0,2081.0,2081,80,79.45869156423578,46412.08690688348
4352,0,501,1,1,870691,871000,911.205616,911.506883,0.3012670000000526,39.49733118117229,33.3625,45.137499999999996,1,1,1,1,309,12,12,310.0,12.0,309.0,309,12,11.899242472958576,47565.7805202611
4352,0,502,1,1,871000,872940,911.506883,913.509532,2.0026490000000194,39.30273520748197,33.3625,45.137499999999996,1,1,1,1,1940,79,79,1943.0,80.0,1940.0,1940,79,78.70958336052718,45821.309675334574
4352,0,503,1,1,872940,874968,913.509532,915.510143,2.0006109999999353,39.587006077376216,33.3625,45.137499999999996,1,1,1,1,2028,80,80,2028.0,80.0,2028.0,2028,80,79.19819981546607,45315.656067072974
4352,0,504,1,1,874968,877088,915.510143,917.510534,2.000391000000036,39.61394553559352,33.3625,45.137499999999996,1,1,1,1,2120,80,80,2120.0,80.0,2120.0,2120,80,79.2433801238949,46369.93467776966
4352,0,505,1,1,877088,879159,917.510534,919.513621,2.003086999999937,39.6012531355271,33.3625,45.137499999999996,1,1,1,1,2071,80,80,2071.0,80.0,2071.0,2071,80,79.32475533948309,47325.9523924837
4352,0,506,1,1,879159,881161,919.513621,921.513896,2.0002750000001015,38.96148168993035,33.3625,45.137499999999996,1,1,1,1,2002,80,80,2004.0,80.0,2002.0,2002,80,77.93367778733227,45325.26777567854
4352,0,507,1,1,881161,883151,921.513896,923.514612,2.0007160000000113,39.049442031752,33.3625,45.137499999999996,1,1,1,1,1990,80,80,1990.0,80.0,1990.0,1990,80,78.12684346400056,45920.06061829839
4352,0,508,1,1,883151,884000,923.514612,924.305964,0.7913519999999608,39.14203446941108,33.3625,45.137499999999996,1,1,1,1,849,32,32,851.0,32.0,849.0,849,32,30.975127261437592,46996.78524853901
4352,0,509,1,1,884000,886046,924.305964,926.306116,2.0001519999999573,38.82112375985505,33.3625,45.137499999999996,1,1,1,1,2046,80,80,2050.0,80.0,2046.0,2046,80,77.64814833051787,46335.47850363472
4352,0,510,1,1,886046,888078,926.306116,928.308413,2.0022969999999987,38.823558698477214,33.3625,45.137499999999996,1,1,1,1,2032,80,80,2035.0,80.0,2032.0,2032,80,77.7362951112882,45857.33285321811
4352,0,511,1,1,888078,890077,928.308413,930.309074,2.0006610000000364,38.74410950230789,33.3625,45.137499999999996,1,1,1,1,1999,78,78,2001.0,80.0,1999.0,1999,78,77.513828860996,44455.30752086354
4352,0,512,1,1,890077,892080,930.309074,932.311302,2.0022279999999455,38.915286346003796,33.3625,45.137499999999996,1,1,1,1,2003,79,79,2007.0,80.0,2003.0,2003,79,77.9172759499852,45531.278156135304
4352,0,513,1,1,892080,894067,932.311302,934.311271,1.9999690000000783,39.14872303897655,33.3625,45.137499999999996,1,1,1,1,1987,80,80,1988.0,80.0,1987.0,1987,80,78.29623246753908,45915.711693529454
4352,0,514,1,1,894067,896248,934.311271,936.311811,2.000540000000001,39.492931420343105,33.3625,45.137499999999996,1,1,1,1,2181,79,79,2181.0,79.0,2181.0,2181,79,79.00718902365043,47307.72691373327
4352,0,515,1,1,896248,897000,936.311811,937.02968,0.7178689999999506,39.05559247351631,33.3625,45.137499999999996,1,1,1,1,752,29,29,752.0,29.0,752.0,752,29,28.036799113368033,46395.651574315496
4352,0,516,1,1,897000,898988,937.02968,939.030116,2.000436000000036,38.74297644459692,33.3625,45.137499999999996,1,1,1,1,1988,80,80,1992.0,80.0,1988.0,1988,80,77.50284482692223,45142.65890035891
4352,0,517,1,1,898988,901022,939.030116,941.030618,2.000501999999983,38.93765413542273,33.3625,45.137499999999996,1,1,1,1,2034,80,80,2035.0,80.0,2034.0,2034,80,77.89485497322312,46698.27873203865
4352,0,518,1,1,901022,903179,941.030618,943.030611,1.9999930000000177,38.844096938344364,33.3625,45.137499999999996,1,1,1,1,2157,80,80,2157.0,80.0,2157.0,2157,80,77.68792196801223,46819.663868823125
4352,0,519,1,1,903179,905237,943.030611,945.031757,2.001145999999949,39.03026187095238,33.3625,45.137499999999996,1,1,1,1,2058,80,79,2059.0,80.0,2058.0,2058,79,78.10525242200674,46337.44864192936
4352,0,520,1,1,905237,907362,945.031757,947.032905,2.0011480000000574,38.83579469606488,33.3625,45.137499999999996,1,1,1,1,2125,80,80,2126.0,80.0,2125.0,2125,80,77.71617288444395,45982.60598416377
4352,0,521,1,1,907362,909456,947.032905,949.033634,2.0007289999999784,39.1859532851525,33.3625,45.137499999999996,1,1,1,1,2094,80,80,2094.0,80.0,2094.0,2094,80,78.40047313024843,46355.103564751145
4352,0,522,1,1,909456,910000,949.033634,949.582199,0.5485649999999396,39.0625419779035,33.3625,45.137499999999996,1,1,1,1,544,22,22,544.0,22.0,544.0,544,22,21.42834334010695,45411.20924594669
4352,0,523,1,1,910000,912067,949.582199,951.582281,2.0000820000000203,39.309222478281036,33.3625,45.137499999999996,1,1,1,1,2067,80,80,2070.0,80.0,2067.0,2067,80,78.62166831280774,45848.62020657107
4352,0,524,1,1,912067,914125,951.582281,953.584398,2.0021169999999984,38.922065199623404,33.3625,45.137499999999996,1,1,1,1,2058,80,80,2058.0,80.0,2058.0,2058,80,77.9265284112771,45443.89763435407
4352,0,525,1,1,914125,916161,953.584398,955.586639,2.0022410000000264,39.38528013043733,33.3625,45.137499999999996,1,1,1,1,2036,80,80,2038.0,80.0,2036.0,2036,80,78.8588226736465,46825.03255102596
4352,0,526,1,1,916161,918145,955.586639,957.587644,2.0010049999999637,38.845430061725,33.3625,45.137499999999996,1,1,1,1,1984,79,79,1985.0,80.0,1984.0,1984,79,77.72989978065743,45034.37022896076
4352,0,527,1,1,918145,920192,957.587644,959.588735,2.0010910000000877,39.05158505176654,33.3625,45.137499999999996,1,1,1,1,2047,79,79,2048.0,80.0,2047.0,2047,80,78.14577538282902,45255.31322663289
4352,0,528,1,1,920192,922162,959.588735,961.589014,2.0002789999999777,39.15925089713965,33.3625,45.137499999999996,1,1,1,1,1970,80,80,1971.0,79.0,1970.0,1970,79,78.32942722527514,45122.70538259963
4352,0,529,1,1,922162,923000,961.589014,962.430166,0.8411519999999655,38.947845943165994,33.3625,45.137499999999996,1,1,1,1,838,34,34,838.0,34.0,838.0,838,34,32.76105851078319,45278.38012630483
4352,0,530,1,1,923000,925122,962.430166,964.431138,2.000972000000047,39.33895084933821,33.3625,45.137499999999996,1,1,1,1,2122,80,80,2125.0,80.0,2122.0,2122,80,78.71613915890339,46000.64368716696
4352,0,531,1,1,925122,927198,964.431138,966.434633,2.00349499999993,38.780435175413324,33.3625,45.137499999999996,1,1,1,1,2076,80,80,2077.0,80.0,2076.0,2076,80,77.69640797176544,45573.360552436214
4352,0,532,1,1,927198,929226,966.434633,968.436844,2.0022109999999884,39.24509355444205,33.3625,45.137499999999996,1,1,1,1,2028,80,80,2028.0,80.0,2028.0,2028,80,78.57695801072987,45357.856889209244
4352,0,533,1,1,929226,931274,968.436844,970.436961,2.0001170000000457,38.794396942438816,33.3625,45.137499999999996,1,1,1,1,2048,80,80,2049.0,80.0,2048.0,2048,80,77.59333282932494,44902.37321116612
4352,0,534,1,1,931274,933288,970.436961,972.437231,2.0002700000000004,39.666703790966125,33.3625,45.137499999999996,1,1,1,1,2014,80,80,2015.0,80.0,2014.0,2014,80,79.34411759195791,46590.710254115686
4352,0,535,1,1,933288,935427,972.437231,974.437373,2.0001419999999825,39.525289001865815,33.3625,45.137499999999996,1,1,1,1,2139,80,80,2141.0,80.0,2139.0,2139,80,79.05619059476885,46020.73252799091
4352,0,536,1,1,935427,936000,974.437373,974.985157,0.5477839999999787,39.3507907117255,33.3625,45.137499999999996,1,1,1,1,573,22,22,574.0,22.0,573.0,573,22,21.55573353922955,45240.45974325822
4352,0,537,1,1,936000,938108,974.985157,976.986005,2.000848000000019,39.41209824564825,33.3625,45.137499999999996,1,1,1,1,2108,80,80,2111.0,80.0,2108.0,2108,80,78.85761795061262,46149.932428649816
4352,0,538,1,1,938108,940177,976.986005,978.98647,2.0004650000000765,39.36022746624357,33.3625,45.137499999999996,1,1,1,1,2069,80,80,2071.0,80.0,2069.0,2069,80,78.7387574382592,45776.85688077347
4352,0,539,1,1,940177,942150,978.98647,980.988069,2.001598999999942,39.5144090927532,33.3625,45.137499999999996,1,1,1,1,1973,79,79,1976.0,80.0,1973.0,1973,80,79.09200172564306,45586.55355043775
4352,0,540,1,1,942150,944155,980.988069,982.990346,2.002277000000049,38.94150376645109,33.3625,45.137499999999996,1,1,1,1,2005,79,79,2007.0,80.0,2005.0,2005,79,77.97167733698006,45213.52440246668
4352,0,541,1,1,944155,946191,982.990346,984.991422,2.001075999999898,38.86868845617835,33.3625,45.137499999999996,1,1,1,1,2036,79,79,2039.0,79.0,2036.0,2036,78,77.77919962113083,45512.51426732649
4352,0,542,1,1,946191,948264,984.991422,986.99162,2.0001980000000685,38.54027975675415,33.3625,45.137499999999996,1,1,1,1,2073,80,80,2074.0,80.0,2073.0,2073,80,77.08819048890291,45546.4908973996
4352,0,543,1,1,948264,949000,986.99162,987.750547,0.7589269999999715,38.095643887026675,33.3625,45.137499999999996,1,1,1,1,736,31,31,736.0,31.0,736.0,736,31,28.91181272824906,44191.338560890916
4352,0,544,1,1,949000,951021,987.750547,989.751824,2.001277000000073,38.82742023760775,33.3625,45.137499999999996,1,1,1,1,2021,80,80,2025.0,80.0,2021.0,2021,80,77.70442309086502,45566.90553081691
4352,0,545,1,1,951021,953034,989.751824,991.75491,2.0030859999999393,38.72942852731546,33.3625,45.137499999999996,1,1,1,1,2013,80,80,2013.0,80.0,2013.0,2013,80,77.57837607106194,45849.254600153356
4352,0,546,1,1,953034,955135,991.75491,993.755696,2.000785999999948,38.94257018979763,33.3625,45.137499999999996,1,1,1,1,2101,80,80,2101.0,80.0,2101.0,2101,80,77.91574923976441,45950.94128007812
4352,0,547,1,1,955135,957146,993.755696,995.756302,2.0006060000000616,38.67048115795183,33.3625,45.137499999999996,1,1,1,1,2011,80,80,2013.0,80.0,2011.0,2011,80,77.36439662749035,45105.832932620026
4352,0,548,1,1,957146,959220,995.756302,997.757138,2.0008360000000494,38.70407476562271,33.3625,45.137499999999996,1,1,1,1,2074,79,79,2075.0,80.0,2074.0,2074,80,77.44050613775471,45831.84228992168
4352,0,549,1,1,959220,961232,997.757138,999.757848,2.0007099999999127,38.49067600435169,33.3625,45.137499999999996,1,1,1,1,2012,80,80,2013.0,79.0,2012.0,2012,79,77.00868038866611,44757.61104807988
4352,0,550,1,1,961232,962000,999.757848,1000.505825,0.7479769999999917,38.548287218904356,33.3625,45.137499999999996,1,1,1,1,768,30,30,768.0,30.0,768.0,768,30,28.83323222913168,45732.68964152692
4352,0,551,1,1,962000,963996,1000.505825,1002.507725,2.0019000000000915,38.73872671331966,33.3625,45.137499999999996,1,1,1,1,1996,80,80,1998.0,80.0,1996.0,1996,80,77.5510570073966,44365.35291472898
4352,0,552,1,1,963996,966041,1002.507725,1004.508105,2.00037999999995,38.83239983819655,33.3625,45.137499999999996,1,1,1,1,2045,80,80,2046.0,80.0,2045.0,2045,80,77.67955598833214,45285.39577480392
4352,0,553,1,1,966041,968043,1004.508105,1006.508893,2.000787999999943,38.32513377933849,33.3625,45.137499999999996,1,1,1,1,2002,80,80,2002.0,80.0,2002.0,2002,80,76.68046776409028,44752.367567179805
4352,0,554,1,1,968043,970108,1006.508893,1008.508953,2.000060000000076,38.67035756875465,33.3625,45.137499999999996,1,1,1,1,2065,80,80,2065.0,80.0,2065.0,2065,80,77.3430353589647,45600.63198103884
4352,0,555,1,1,970108,972174,1008.508953,1010.510862,2.001908999999955,38.589066009757026,33.3625,45.137499999999996,1,1,1,1,2066,80,80,2070.0,80.0,2066.0,2066,80,77.25179854652379,46674.94876140828
4352,0,556,1,1,972174,974279,1010.510862,1012.511114,2.000252000000046,39.04512008917234,33.3625,45.137499999999996,1,1,1,1,2105,80,80,2105.0,80.0,2105.0,2105,80,78.10007954861067,46813.601486211664
4352,0,557,1,1,974279,975000,1012.511114,1013.21672,0.7056059999999889,39.53328979709254,33.3625,45.137499999999996,1,1,1,1,721,28,28,722.0,28.0,721.0,721,28,27.8949264805633,47260.085656868745
4352,0,558,1,1,975000,976996,1013.21672,1015.21685,2.000130000000013,39.34990860323657,33.3625,45.137499999999996,1,1,1,1,1996,80,80,2002.0,80.0,1996.0,1996,80,78.70493269459257,46495.97776144521
4352,0,559,1,1,976996,978975,1015.21685,1017.220046,2.0031960000000026,39.25574787298998,33.3625,45.137499999999996,1,1,1,1,1979,80,80,1979.0,80.0,1979.0,1979,80,78.63695711618493,45904.64437828344
4352,0,560,1,1,978975,981024,1017.220046,1019.222294,2.0022480000000087,38.854063474563354,33.3625,45.137499999999996,1,1,1,1,2049,80,80,2049.0,80.0,2049.0,2049,80,77.79547088381514,46005.78949261011
4352,0,561,1,1,981024,983062,1019.222294,1021.225418,2.003123999999957,38.85718280454058,33.3625,45.137499999999996,1,1,1,1,2038,80,80,2038.0,80.0,2038.0,2038,80,77.83575544816267,45887.32399991312
4352,0,562,1,1,983062,985136,1021.225418,1023.225902,2.0004840000000286,39.18317631861595,33.3625,45.137499999999996,1,1,1,1,2074,80,80,2074.0,80.0,2074.0,2074,80,78.38531729457463,46223.3139580215
4352,0,563,1,1,985136,987148,1023.225902,1025.225962,2.000059999999962,39.118244517685525,33.3625,45.137499999999996,1,1,1,1,2012,80,80,2013.0,80.0,2012.0,2012,80,78.23883613004,45178.64464066163
4352,0,564,1,1,987148,988000,1025.225962,1026.111813,0.8858510000000024,39.01483385017888,33.3625,45.137499999999996,1,1,1,1,852,35,35,852.0,35.0,852.0,852,35,34.56132958101807,45470.40077846036
4352,0,565,1,1,988000,990029,1026.111813,1028.111814,2.000001000000111,38.885413600898424,33.3625,45.137499999999996,1,1,1,1,2029,80,80,2034.0,80.0,2029.0,2029,80,77.77086608721584,45487.47725625884
4352,0,566,1,1,990029,992040,1028.111814,1030.112751,2.0009369999997944,38.813884213693115,33.3625,45.137499999999996,1,1,1,1,2011,80,80,2011.0,80.0,2011.0,2011,80,77.66413703688886,45465.19955401362
4352,0,567,1,1,992040,994131,1030.112751,1032.112786,2.0000350000000253,38.94909771583898,33.3625,45.137499999999996,1,1,1,1,2091,80,80,2092.0,80.0,2091.0,2091,80,77.89955865009688,45275.20768386496
4352,0,568,1,1,994131,996215,1032.112786,1034.113435,2.0006490000000667,38.97548382524838,33.3625,45.137499999999996,1,1,1,1,2084,80,80,2087.0,80.0,2084.0,2084,80,77.976262739503,45945.59065583065
4352,0,569,1,1,996215,998182,1034.113435,1036.113556,2.0001210000000356,38.861315792498694,33.3625,45.137499999999996,1,1,1,1,1967,80,80,1967.0,80.0,1967.0,1967,80,77.72733380420686,45727.23350237229
4352,0,570,1,1,998182,1000234,1036.113556,1038.114598,2.0010419999998703,39.40782718818317,33.3625,45.137499999999996,1,1,1,1,2052,79,79,2071.0,80.0,2052.0,2052,79,78.8567173322881,46304.87516004462
4352,0,571,1,1,1000234,1001000,1038.114598,1038.910624,0.7960260000002108,39.01647923162633,33.3625,45.137499999999996,1,1,1,1,766,32,32,767.0,32.0,766.0,766,32,31.058131896839768,45405.55207994516
4352,0,572,1,1,1001000,1003158,1038.910624,1040.911439,2.000814999999875,39.26348844694525,33.3625,45.137499999999996,1,1,1,1,2158,80,80,2159.0,80.0,2158.0,2158,80,78.55897663696669,47286.23086092713
4352,0,573,1,1,1003158,1005260,1040.911439,1042.912097,2.0006579999999303,39.05108936269616,33.3625,45.137499999999996,1,1,1,1,2102,80,80,2103.0,80.0,2102.0,2102,80,78.12787434219354,47009.53386336059
4352,0,574,1,1,1005260,1007440,1042.912097,1044.912804,2.0007070000001477,39.94119495726812,33.3625,45.137499999999996,1,1,1,1,2180,80,80,2181.0,80.0,2180.0,2180,80,79.91062833937758,47974.04117644059
4352,0,575,1,1,1007440,1009480,1044.912804,1046.912905,2.0001009999998587,39.55844752810981,33.3625,45.137499999999996,1,1,1,1,2040,79,79,2040.0,79.0,2040.0,2040,79,79.12089045941684,46257.1640132206
4352,0,576,1,1,1009480,1011537,1046.912905,1048.913533,2.000628000000006,39.36172372040844,33.3625,45.137499999999996,1,1,1,1,2057,80,80,2057.0,80.0,2057.0,2057,80,78.74816660331271,45496.714031793876
4352,0,577,1,1,1011537,1013680,1048.913533,1050.914119,2.000586000000112,39.286971654304246,33.3625,45.137499999999996,1,1,1,1,2143,80,80,2144.0,80.0,2143.0,2143,80,78.59696547400381,46150.47790996979
4352,0,578,1,1,1013680,1014000,1050.914119,1051.219094,0.3049750000000131,39.90639956404082,33.3625,45.137499999999996,1,1,1,1,320,13,13,320.0,13.0,320.0,320,13,12.170454207043804,45433.23223214823
4352,0,579,1,1,1014000,1016181,1051.219094,1053.220208,2.001113999999916,39.368821209497206,33.3625,45.137499999999996,1,1,1,1,2181,79,79,2185.0,80.0,2181.0,2181,80,78.78149928581843,46580.05490941741
4352,0,580,1,1,1016181,1018315,1053.220208,1055.221606,2.0013980000001084,39.993747554889616,33.3625,45.137499999999996,1,1,1,1,2134,80,80,2134.0,79.0,2134.0,2134,79,80.04340636886627,47880.53150847298
4352,0,581,1,1,1018315,1020420,1055.221606,1057.222011,2.0004050000000007,40.52981213551832,33.3625,45.137499999999996,1,1,1,1,2105,80,80,2107.0,80.0,2105.0,2105,80,81.07603884494893,46720.03919206359
4352,0,582,1,1,1020420,1022437,1057.222011,1059.222455,2.000444000000016,39.413924721403,33.3625,45.137499999999996,1,1,1,1,2017,80,80,2018.0,80.0,2017.0,2017,80,78.84534922538296,45789.33476768121
4352,0,583,1,1,1022437,1024475,1059.222455,1061.223082,2.000626999999895,39.16216014602019,33.3625,45.137499999999996,1,1,1,1,2038,80,80,2038.0,80.0,2038.0,2038,80,78.3488749664466,46429.94421249182
4352,0,584,1,1,1024475,1026492,1061.223082,1063.223355,2.0002730000001065,39.206928240069956,33.3625,45.137499999999996,1,1,1,1,2017,80,80,2017.0,80.0,2017.0,2017,80,78.42455997155048,45829.24430814949
4352,0,585,1,1,1026492,1027000,1063.223355,1063.714417,0.4910619999998289,38.638617443830235,33.3625,45.137499999999996,1,1,1,1,508,20,20,509.0,20.0,508.0,508,20,18.97395675919688,45261.08719470809
4352,0,586,1,1,1027000,1028999,1063.714417,1065.715551,2.001134000000093,38.802688123826165,33.3625,45.137499999999996,1,1,1,1,1999,80,80,2003.0,80.0,1999.0,1999,80,77.64937849598937,45821.01948195161
4352,0,587,1,1,1028999,1031124,1065.715551,1067.715625,2.0000740000000405,38.79600833668732,33.3625,45.137499999999996,1,1,1,1,2125,80,80,2125.0,80.0,2125.0,2125,80,77.59488757799409,46644.274161855064
4352,0,588,1,1,1031124,1031359,1067.715625,1069.738992,2.0233670000000075,4.138939352744282,33.3625,45.137499999999996,1,0,0,1,235,80,80,235.0,81.0,235.0,235,81,8.37459330134152,4407.999142024144
4352,0,589,1,1,1031359,1031439,1069.738992,1071.741267,2.002275000000054,1.0156824087332124,33.3625,45.137499999999996,1,0,0,0,80,80,80,80.0,80.0,80.0,80,80,2.0336754949457827,750.6461400157118
4352,0,590,1,1,1031439,1031519,1071.741267,1073.743546,2.0022789999998167,1.0160450446908231,33.3625,45.137499999999996,1,0,0,0,80,80,80,80.0,80.0,80.0,80,80,2.034405656035233,721.1782174213145
4352,0,591,1,1,1031519,1031599,1073.743546,1075.745821,2.002275000000054,1.0158385299886727,33.3625,45.137499999999996,1,0,0,0,80,80,80,80.0,80.0,80.0,80,80,2.0339880926330807,746.6506848459675
4352,0,592,1,1,1031599,1031679,1075.745821,1077.748098,2.002277000000049,1.0159417874428411,33.3625,45.137499999999996,1,0,0,0,80,80,80,80.0,80.0,80.0,80,80,2.0341968743377947,755.1402727993993
4352,0,593,1,1,1031679,1031759,1077.748098,1079.750374,2.002275999999938,1.015161593246642,33.3625,45.137499999999996,1,0,0,0,80,80,80,80.0,80.0,80.0,80,80,2.032633694281685,721.1792979589451
4352,0,594,1,1,1031759,1031840,1079.750374,1081.752652,2.002277999999933,1.0149526092823167,33.3625,45.137499999999996,1,0,0,0,81,80,80,81.0,80.0,81.0,81,80,2.0322172806118033,715.6848349729897
4352,0,595,1,1,1031840,1031964,1081.752652,1083.754927,2.002275000000054,1.6302277106441028,33.3625,45.137499999999996,1,0,0,0,124,80,80,124.0,80.0,124.0,124,80,3.2641641893278575,1862.8809728932833
4352,0,596,1,1,1031964,1032163,1083.754927,1085.757204,2.002277000000049,2.741079937102987,33.3625,45.137499999999996,1,0,0,1,199,80,80,199.0,80.0,199.0,199,80,5.48840131322504,3736.745715003377
4352,0,597,1,1,1032163,1032386,1085.757204,1087.759481,2.002277000000049,2.7561196030231008,33.3625,45.137499999999996,1,0,0,1,223,80,80,224.0,80.0,223.0,223,80,5.518514890383813,3828.641092116531
4352,0,598,1,1,1032386,1032660,1087.759481,1089.761759,2.002277999999933,4.084708215581617,33.3625,45.137499999999996,1,0,0,1,274,80,80,274.0,80.0,274.0,274,80,8.178721396478068,5196.581094133956
4352,0,599,1,1,1032660,1033000,1089.761759,1091.763769,2.0020099999999275,5.3726715492861326,33.3625,45.137499999999996,1,0,0,1,340,80,80,340.0,79.0,340.0,340,79,10.75614216838585,6926.538828477631
4352,0,600,1,1,1033000,1033410,1091.763769,1093.766311,2.002542000000176,6.98063863975644,33.3625,45.137499999999996,1,0,0,1,410,80,80,410.0,81.0,410.0,410,81,13.979022062936565,8695.448085482587
4352,0,601,1,1,1033410,1034026,1093.766311,1095.768589,2.002277999999933,10.536669632632323,33.3625,45.137499999999996,1,0,0,1,616,80,80,616.0,80.0,616.0,616,80,21.09734179868974,12788.43397370438
4352,0,602,1,1,1034026,1034742,1095.768589,1097.770865,2.002275999999938,12.300484988793768,33.3625,45.137499999999996,1,0,0,1,716,80,80,716.0,80.0,716.0,716,80,24.6289658814203,14824.629571548037
4352,0,603,1,1,1034742,1035530,1097.770865,1099.772226,2.001361000000088,14.536971344203764,33.3625,45.137499999999996,1,0,0,1,788,80,80,789.0,79.0,788.0,788,79,29.09372750640614,17630.5024430867
4352,0,604,1,1,1035530,1036487,1099.772226,1101.772503,2.000276999999869,17.06898685722093,33.3625,45.137499999999996,1,0,0,1,957,80,80,957.0,80.0,957.0,957,80,34.142701823795505,20618.14438700375
4352,0,605,1,1,1036487,1037507,1101.772503,1103.773206,2.0007030000001578,18.357634652937286,33.3625,45.137499999999996,1,0,0,1,1020,80,80,1020.0,80.0,1020.0,1020,80,36.72817472303723,22217.190657482144
4352,0,606,1,1,1037507,1038596,1103.773206,1105.774292,2.0010859999999866,20.257781787228026,33.3625,45.137499999999996,1,0,0,1,1089,80,80,1090.0,80.0,1089.0,1089,80,40.53756352547498,24381.760703937925
4352,0,607,1,1,1038596,1039819,1105.774292,1107.774683,2.000391000000036,22.528299637864283,33.3625,45.137499999999996,1,0,0,1,1223,80,80,1223.0,80.0,1223.0,1223,80,45.06540784088429,27362.650601806854
4352,0,608,1,1,1039819,1040000,1107.774683,1108.041575,0.2668919999998707,23.071632318466918,33.3625,45.137499999999996,1,0,0,1,181,11,11,181.0,11.0,181.0,181,11,6.157634092734952,28393.50748618794
4352,0,609,1,1,1040000,1041321,1108.041575,1110.042645,2.001070000000027,24.513610639272546,33.3625,45.137499999999996,1,0,0,1,1321,80,80,1323.0,80.0,1321.0,1321,80,49.05345084192959,29046.460143822664
4352,0,610,1,1,1041321,1042786,1110.042645,1112.043165,2.0005200000000514,26.780989234139483,33.3625,45.137499999999996,1,0,0,1,1465,80,80,1465.0,80.0,1465.0,1465,80,53.575904582685325,32469.05804490749
4352,0,611,1,1,1042786,1044318,1112.043165,1114.043996,2.000831000000062,29.25967381366748,33.3625,45.137499999999996,1,0,0,1,1532,80,80,1532.0,80.0,1532.0,1532,80,58.543662416275765,34944.980360659065
4352,0,612,1,1,1044318,1045977,1114.043996,1116.044865,2.000868999999966,30.422886189315847,33.3625,45.137499999999996,1,0,0,1,1659,80,80,1660.0,80.0,1659.0,1659,80,60.872209866727644,36140.79682378068
4352,0,613,1,1,1045977,1047715,1116.044865,1118.045218,2.0003529999999046,32.3381314969831,33.3625,45.137499999999996,1,0,0,1,1738,80,80,1739.0,80.0,1738.0,1738,80,64.68767835438484,38033.787036589856
4352,0,614,1,1,1047715,1049554,1118.045218,1120.046196,2.000978000000032,34.85410350093672,33.3625,45.137499999999996,1,1,0,1,1839,79,79,1840.0,80.0,1839.0,1839,80,69.74229431509593,40671.111826316286
4352,0,615,1,1,1049554,1051470,1120.046196,1122.046687,2.000491000000011,36.36430914379719,33.3625,45.137499999999996,1,1,1,1,1916,80,80,1917.0,79.0,1916.0,1916,79,72.74647316338087,42978.948668101744
4352,0,616,1,1,1051470,1053000,1122.046687,1123.518586,1.471898999999894,38.45199966736665,33.3625,45.137499999999996,1,1,1,1,1530,59,59,1530.0,59.0,1530.0,1530,59,56.59745985839254,45346.86143546861
4352,0,617,1,1,1053000,1055073,1123.518586,1125.51908,2.000494000000117,38.93551726431795,33.3625,45.137499999999996,1,1,1,1,2073,79,79,2085.0,80.0,2073.0,2073,79,77.89026867417124,46502.51387906915
4352,0,618,1,1,1055073,1057070,1125.51908,1127.520024,2.0009439999998904,39.1539553035063,33.3625,45.137499999999996,1,1,1,1,1997,80,80,1998.0,80.0,1997.0,1997,80,78.34487194081157,45426.558664312935
4352,0,619,1,1,1057070,1059172,1127.520024,1129.52014,2.000116000000162,39.471150983961856,33.3625,45.137499999999996,1,1,1,1,2102,80,80,2104.0,80.0,2102.0,2102,80,78.94688062144269,45905.83746142352
4352,0,620,1,2,1059172,1061177,1129.52014,1131.520363,2.0002230000000054,35.55597945558675,33.3625,45.137499999999996,1,1,1,1,2005,80,80,2005.0,80.0,2005.0,2005,80,77.99618736031698,41879.40451585138
4352,0,621,2,2,1061177,1063275,1131.520363,1133.522438,2.002074999999877,39.41533332529209,33.3625,45.137499999999996,1,1,1,1,2098,80,80,2100.0,80.0,2098.0,2098,80,78.91245346723008,46646.60414819911
4352,0,622,2,2,1063275,1065461,1133.522438,1135.522747,2.0003090000000157,39.17231446337947,33.3625,45.137499999999996,1,1,1,1,2186,80,80,2191.0,80.0,2186.0,2186,80,78.35673317193141,46404.83045369454
4352,0,623,2,2,1065461,1066000,1135.522747,1136.062119,0.5393719999999576,39.27029354630785,33.3625,45.137499999999996,1,1,1,1,539,21,21,539.0,21.0,539.0,539,21,21.181296770657355,46898.98622843231
4352,0,624,2,2,1066000,1068064,1136.062119,1138.062384,2.0002650000001267,38.789040265385275,33.3625,45.137499999999996,1,1,1,1,2064,79,79,2070.0,80.0,2064.0,2064,79,77.58835962644662,45667.44906299626
4352,0,625,2,2,1068064,1070201,1138.062384,1140.065354,2.002970000000005,39.31280220332628,33.3625,45.137499999999996,1,1,1,1,2137,80,80,2137.0,80.0,2137.0,2137,80,78.74236342919903,46622.765193687264
4352,0,626,2,2,1070201,1072260,1140.065354,1142.065337,1.9999829999999292,38.986002358253884,33.3625,45.137499999999996,1,1,1,1,2059,80,80,2060.0,80.0,2059.0,2059,80,77.97134195446415,45928.890395569986
4352,0,627,2,2,1072260,1074251,1142.065337,1144.065707,2.0003699999999753,38.909321543671616,33.3625,45.137499999999996,1,1,1,1,1991,80,80,1991.0,80.0,1991.0,1991,80,77.83303953631548,45206.6367721977
4352,0,628,2,2,1074251,1076216,1144.065707,1146.067916,2.0022089999999935,39.179195181142,33.3625,45.137499999999996,1,1,1,1,1965,80,80,1966.0,80.0,1966.0,1965,80,78.44493720444007,45386.3707535029
4352,0,629,2,2,1076216,1078292,1146.067916,1148.068706,2.000790000000052,38.875310752720566,33.3625,45.137499999999996,1,1,1,1,2076,80,80,2076.0,80.0,2075.0,2076,80,77.7813330009376,44865.778017681856
4352,0,630,2,2,1078292,1079000,1148.068706,1148.7915,0.7227940000000217,38.8400830525597,33.3625,45.137499999999996,1,1,1,1,708,29,29,708.0,29.0,708.0,708,29,28.07337898989499,45595.28717725799
4352,0,631,2,2,1079000,1081073,1148.7915,1150.792523,2.001023000000032,38.81675465465749,33.3625,45.137499999999996,1,1,1,1,2073,80,80,2077.0,80.0,2073.0,2073,80,77.67321884932608,44906.530309745845
4352,0,632,2,2,1081073,1083191,1150.792523,1152.794251,2.0017279999999573,39.15842396196028,33.3625,45.137499999999996,1,1,1,1,2118,80,80,2118.0,80.0,2118.0,2118,80,78.38451368052483,46034.22642836687
4352,0,633,2,2,1083191,1085331,1152.794251,1154.79663,2.002379000000019,39.29604026002697,33.3625,45.137499999999996,1,1,1,1,2140,80,80,2140.0,80.0,2140.0,2140,80,78.68556579983124,46654.00506097952
4352,0,634,2,2,1085331,1087379,1154.79663,1156.797251,2.00062099999991,39.15607909167948,33.3625,45.137499999999996,1,1,1,1,2048,80,80,2048.0,80.0,2048.0,2048,80,78.33647410847334,46335.612792230095
4352,0,635,2,2,1087379,1089503,1156.797251,1158.79816,2.0009090000000924,39.316332646733144,33.3625,45.137499999999996,1,1,1,1,2124,80,80,2125.0,80.0,2124.0,2124,80,78.66840383984527,46426.89897441398
4352,0,636,2,2,1089503,1091494,1158.79816,1160.799124,2.00096399999984,38.693695829922845,33.3625,45.137499999999996,1,1,1,1,1991,80,80,1994.0,80.0,1991.0,1991,80,77.42469238262129,46035.31098011127
4352,0,637,2,2,1091494,1092000,1160.799124,1161.318138,0.5190140000001975,39.17955307154522,33.3625,45.137499999999996,1,1,1,1,506,20,20,506.0,21.0,506.0,506,21,20.334736557881115,45060.441529498436
4352,0,638,2,2,1092000,1094043,1161.318138,1163.318132,1.9999940000000151,39.27848550066408,33.3625,45.137499999999996,1,1,1,1,2043,80,80,2047.0,79.0,2043.0,2043,79,78.55673533041409,46344.63903391675
4352,0,639,2,2,1094043,1096183,1163.318132,1165.321335,2.003202999999985,39.347940318021955,33.3625,45.137499999999996,1,1,1,1,2140,79,79,2143.0,80.0,2140.0,2140,79,78.82191208888253,47548.85051589915
4352,0,640,2,2,1096183,1098235,1165.321335,1167.321678,2.00034299999993,39.361730799889,33.3625,45.137499999999996,1,1,1,1,2052,80,80,2056.0,80.0,2052.0,2052,80,78.73696267343621,45878.13190038069
4352,0,641,2,2,1098235,1100235,1167.321678,1169.323648,2.0019700000000284,39.03155614861954,33.3625,45.137499999999996,1,1,1,1,2000,80,80,2003.0,80.0,2000.0,2000,80,78.14000446285354,44838.3342407722
4352,0,642,2,2,1100235,1102267,1169.323648,1171.323807,2.0001589999999396,39.02150404243563,33.3625,45.137499999999996,1,1,1,1,2032,80,80,2032.0,80.0,2032.0,2032,80,78.04921250401094,46225.82504691017
4352,0,643,2,2,1102267,1104271,1171.323807,1173.324024,2.0002170000000206,38.908688642928404,33.3625,45.137499999999996,1,1,1,1,2004,80,80,2010.0,80.0,2004.0,2004,80,77.82582047129108,45446.06910150202
4352,0,644,2,2,1104271,1105000,1173.324024,1174.02596,0.7019359999999324,39.277911976853055,33.3625,45.137499999999996,1,1,1,1,729,28,28,729.0,28.0,729.0,729,28,27.570580421379418,44922.898953755095
4352,0,645,2,2,1105000,1107001,1174.02596,1176.026014,2.000054000000091,39.06318929232435,33.3625,45.137499999999996,1,1,1,1,2001,80,80,2002.0,80.0,2001.0,2001,80,78.12848799687345,45527.27076368731
4352,0,646,2,2,1107001,1109039,1176.026014,1178.026317,2.000303000000031,39.38189220418281,33.3625,45.137499999999996,1,1,1,1,2038,80,80,2038.0,80.0,2038.0,2038,80,78.77571712170175,45407.62074545636
4352,0,647,2,2,1109039,1111006,1178.026317,1180.026781,2.0004639999999654,38.817338719191284,33.3625,45.137499999999996,1,1,1,1,1967,80,80,1969.0,80.0,1967.0,1967,80,77.65268868354906,45102.03632757279
4352,0,648,2,2,1111006,1113008,1180.026781,1182.027917,2.0011359999998604,38.96026554177058,33.3625,45.137499999999996,1,1,1,1,2002,80,79,2002.0,80.0,2002.0,2002,79,77.96478994518839,45086.390929954934
4352,0,649,2,2,1113008,1115107,1182.027917,1184.02866,2.000743000000057,39.53232668098284,33.3625,45.137499999999996,1,1,1,1,2099,80,80,2099.0,80.0,2099.0,2099,80,79.09402588069497,45862.96190964926
4352,0,650,2,2,1115107,1117188,1184.02866,1186.031456,2.0027959999999894,39.22697489374604,33.3625,45.137499999999996,1,1,1,1,2081,80,80,2081.0,80.0,2081.0,2081,80,78.56362840929796,46276.30572459726
4352,0,651,2,2,1117188,1118000,1186.031456,1186.839818,0.8083619999999883,39.23001517763075,33.3625,45.137499999999996,1,1,1,1,812,32,32,812.0,32.0,812.0,812,32,31.712053529015975,44754.70148275219
4352,0,652,2,2,1118000,1120083,1186.839818,1188.841092,2.0012739999999667,39.237970031513,33.3625,45.137499999999996,1,1,1,1,2083,80,80,2087.0,80.0,2083.0,2083,80,78.52592923684279,46426.92604810813
4352,0,653,2,2,1120083,1122187,1188.841092,1190.847303,2.006211000000121,39.3564397220592,33.3625,45.137499999999996,1,1,1,1,2104,80,80,2107.0,80.0,2104.0,2104,80,78.95732229123678,46361.02583426887
4352,0,654,2,2,1122187,1124214,1190.847303,1192.848297,2.0009939999999915,38.84324716030341,33.3625,45.137499999999996,1,1,1,1,2027,80,80,2027.0,80.0,2027.0,2027,80,77.72510450828122,46034.1210418424
4352,0,655,2,2,1124214,1126342,1192.848297,1194.849663,2.001365999999962,39.03395833693489,33.3625,45.137499999999996,1,1,1,1,2128,80,80,2129.0,80.0,2128.0,2128,80,78.12123706095736,47262.719562539685
4352,0,656,2,2,1126342,1128362,1194.849663,1196.852846,2.0031830000000355,38.874718024795726,33.3625,45.137499999999996,1,1,1,1,2020,80,80,2022.0,80.0,2020.0,2020,80,77.87317427706876,45385.7685493529
4352,0,657,2,2,1128362,1130380,1196.852846,1198.853824,2.000978000000032,38.97160655751978,33.3625,45.137499999999996,1,1,1,1,2018,80,80,2020.0,80.0,2018.0,2018,80,77.98132734625688,45195.39944966839
4352,0,658,2,2,1130380,1131000,1198.853824,1199.453397,0.5995729999999639,39.35794178814005,33.3625,45.137499999999996,1,1,1,1,620,24,24,620.0,24.0,620.0,620,24,23.59795923173806,45739.21774329673
4352,0,659,2,2,1131000,1133017,1199.453397,1201.454689,2.0012919999999212,39.176701644841295,33.3625,45.137499999999996,1,1,1,1,2017,80,80,2022.0,80.0,2017.0,2017,80,78.40401958820439,45890.85450798964
4352,0,660,2,2,1133017,1135111,1201.454689,1203.455562,2.0008730000001833,39.099771828774166,33.3625,45.137499999999996,1,1,1,1,2094,80,80,2095.0,80.0,2094.0,2094,80,78.23367775836232,45564.61104727369
4352,0,661,2,2,1135111,1137114,1203.455562,1205.456958,2.001395999999886,38.88770306680851,33.3625,45.137499999999996,1,1,1,1,2003,80,80,2004.0,80.0,2003.0,2003,80,77.82969336709357,45289.88765841701
4352,0,662,2,2,1137114,1139251,1205.456958,1207.457531,2.0005730000000312,39.315091011617845,33.3625,45.137499999999996,1,1,1,1,2137,80,80,2137.0,80.0,2137.0,2137,80,78.65270957038592,46935.55296407506
4352,0,663,2,2,1139251,1141291,1207.457531,1209.457724,2.000193000000081,39.320856726602194,33.3625,45.137499999999996,1,1,1,1,2040,80,80,2040.0,80.0,2040.0,2040,80,78.64930237855879,46023.55872658102
4352,0,664,2,2,1141291,1143355,1209.457724,1211.458388,2.000663999999915,39.13649199756874,33.3625,45.137499999999996,1,1,1,1,2064,80,80,2065.0,80.0,2064.0,2064,80,78.29897062582313,45002.05931630889
4352,0,665,2,2,1143355,1144000,1211.458388,1212.055131,0.5967430000000604,40.23375606100115,33.3625,45.137499999999996,1,1,1,1,645,24,24,645.0,24.0,645.0,645,24,24.009212293109158,48129.596828110414
4352,0,666,2,2,1144000,1146121,1212.055131,1214.05564,2.0005089999999655,39.94986902232325,33.3625,45.137499999999996,1,1,1,1,2121,80,80,2122.0,80.0,2121.0,2121,80,79.92007252798066,46234.73326038603
4352,0,667,2,2,1146121,1148255,1214.05564,1216.055747,2.000107000000071,39.79339031864728,33.3625,45.137499999999996,1,1,1,1,2134,80,80,2137.0,80.0,2134.0,2134,80,79.59103853005945,46619.505856435026
4352,0,668,2,2,1148255,1150355,1216.055747,1218.057041,2.001293999999916,40.0112274417966,33.3625,45.137499999999996,1,1,1,1,2100,79,79,2100.0,79.0,2100.0,2100,79,80.07422941189725,46206.10465029319
4352,0,669,2,2,1150355,1152466,1218.057041,1220.057166,2.0001250000000255,40.028822043312836,33.3625,45.137499999999996,1,1,1,1,2111,80,80,2112.0,80.0,2111.0,2111,80,80.06264768938127,47055.05905880823
4352,0,670,2,2,1152466,1154564,1220.057166,1222.058803,2.001636999999846,39.52980024263489,33.3625,45.137499999999996,1,1,1,1,2098,80,80,2098.0,80.0,2098.0,2098,80,79.12431076826033,47381.71806376845
4352,0,671,2,2,1154564,1156641,1222.058803,1224.059884,2.001081000000113,39.72199113484284,33.3625,45.137499999999996,1,1,1,1,2077,80,80,2077.0,80.0,2077.0,2077,80,79.48692174210737,46460.88789009278
4352,0,672,2,2,1156641,1157000,1224.059884,1224.433029,0.37314500000002226,39.49967812366617,33.3625,45.137499999999996,1,1,1,1,359,15,15,359.0,15.0,359.0,359,15,14.739107393455924,45180.82782832142
4352,0,673,2,2,1157000,1159156,1224.433029,1226.434059,2.0010299999999006,39.43763971297604,33.3625,45.137499999999996,1,1,1,1,2156,80,80,2159.0,80.0,2156.0,2156,80,78.91590019485011,46562.52030204676
4352,0,674,2,2,1159156,1161293,1226.434059,1228.434123,2.000064000000066,39.46097116035223,33.3625,45.137499999999996,1,1,1,1,2137,80,80,2137.0,80.0,2137.0,2137,80,78.92446782286424,46981.99657610802
4352,0,675,2,2,1161293,1163266,1228.434123,1230.434345,2.0002219999998943,39.40739030286279,33.3625,45.137499999999996,1,1,1,1,1973,80,80,1975.0,80.0,1973.0,1973,80,78.82352904637082,45782.91809609375
4352,0,676,2,2,1163266,1165291,1230.434345,1232.434754,2.000409000000218,39.33840481955076,33.3625,45.137499999999996,1,1,1,1,2025,80,80,2027.0,80.0,2026.0,2025,80,78.69289904668403,46286.5344037094
4352,0,677,2,2,1165291,1167359,1232.434754,1234.435734,2.0009799999997995,38.870596120210905,33.3625,45.137499999999996,1,1,1,1,2068,80,80,2068.0,80.0,2067.0,2068,80,77.7792854246145,45742.586132799515
4352,0,678,2,2,1167359,1169403,1234.435734,1236.436945,2.001211000000012,39.480534831511996,33.3625,45.137499999999996,1,1,1,1,2044,80,80,2044.0,80.0,2044.0,2044,80,79.00888059070712,46376.41907824784
4352,0,679,2,2,1169403,1170000,1236.436945,1237.028961,0.5920160000000578,39.548297170542284,33.3625,45.137499999999996,1,1,1,1,597,23,23,605.0,23.0,597.0,597,23,23.41322469771694,47610.199724327125
4352,0,680,2,2,1170000,1172095,1237.028961,1239.029116,2.0001549999999497,39.54040154807764,33.3625,45.137499999999996,1,1,1,1,2095,79,79,2098.0,80.0,2095.0,2095,79,79.08693185839365,45482.97506943326
4352,0,681,2,2,1172095,1174212,1239.029116,1241.029485,2.0003690000000915,39.264438455242015,33.3625,45.137499999999996,1,1,1,1,2117,80,80,2118.0,80.0,2117.0,2117,80,78.54336548827996,46144.48634226774
4352,0,682,2,2,1174212,1176326,1241.029485,1243.029907,2.0004220000000714,39.2851242001553,33.3625,45.137499999999996,1,1,1,1,2114,80,80,2114.0,80.0,2114.0,2114,80,78.58682672272698,45965.80121594179
4352,0,683,2,2,1176326,1178440,1243.029907,1245.030017,2.0001099999999497,39.17285863698768,33.3625,45.137499999999996,1,1,1,1,2114,80,80,2115.0,80.0,2114.0,2114,80,78.3500262884263,45585.99277039878
4352,0,684,2,2,1178440,1180454,1245.030017,1247.031268,2.001250999999911,39.27299130271026,33.3625,45.137499999999996,1,1,1,1,2014,80,80,2014.0,80.0,2014.0,2014,80,78.59511311753886,46119.15247013198
4352,0,685,2,2,1180454,1182566,1247.031268,1249.032118,2.0008500000001277,39.07496150386749,33.3625,45.137499999999996,1,1,1,1,2112,80,80,2113.0,80.0,2112.0,2112,80,78.18313672501972,45911.48761775952
4352,0,686,2,2,1182566,1183000,1249.032118,1249.431298,0.3991799999998875,39.06494612278657,33.3625,45.137499999999996,1,1,1,1,434,16,15,434.0,16.0,434.0,434,15,15.593945193286345,46475.274312353395
4352,0,687,2,2,1183000,1184984,1249.431298,1251.432969,2.0016709999999875,39.228560005917736,33.3625,45.137499999999996,1,1,1,1,1984,80,80,1985.0,80.0,1984.0,1984,80,78.52267093560658,45923.630806461486
4352,0,688,2,2,1184984,1187066,1251.432969,1253.4345,2.0015310000001136,39.329995811461366,33.3625,45.137499999999996,1,1,1,1,2082,80,80,2082.0,80.0,2082.0,2082,80,78.72020584651182,46088.21946799463
4352,0,689,2,2,1187066,1188414,1253.4345,1255.450174,2.01567399999999,25.768657702814387,33.3625,45.137499999999996,1,0,0,1,1348,80,80,1348.0,81.0,1348.0,1348,81,51.94121334646479,29816.82553825683
4352,0,690,2,2,1188414,1188494,1255.450174,1257.452453,2.002279000000044,1.0123501823594934,33.3625,45.137499999999996,1,0,0,0,80,80,80,80.0,80.0,80.0,80,80,2.027007510783733,719.1804938272679
4352,0,691,2,2,1188494,1188575,1257.452453,1259.454726,2.002272999999832,1.012196520336482,33.3625,45.137499999999996,1,0,0,0,81,80,80,81.0,80.0,81.0,81,80,2.0266937633641646,720.6809461048125
4352,0,692,2,2,1188575,1188655,1259.454726,1261.457005,2.002279000000044,1.0109450938673332,33.3625,45.137499999999996,1,0,0,0,80,80,80,80.0,80.0,80.0,80,80,2.024194131605327,732.165697188038
4352,0,693,2,2,1188655,1188736,1261.457005,1263.459281,2.002275999999938,1.0113106042019235,33.3625,45.137499999999996,1,0,0,0,81,80,80,81.0,80.0,81.0,81,80,2.0249229513356113,721.1792979589451
4352,0,694,2,2,1188736,1188817,1263.459281,1265.461557,2.0022760000001654,1.0124554928367466,33.3625,45.137499999999996,1,0,0,0,81,80,80,81.0,80.0,81.0,81,80,2.0272153343757964,723.1770245460068
4352,0,695,2,2,1188817,1188923,1265.461557,1267.462543,2.0009860000000117,1.4088507764650804,33.3625,45.137499999999996,1,0,0,0,106,80,80,106.0,79.0,106.0,106,79,2.8190906797972275,1368.3254155701159
4352,0,696,2,2,1188923,1189149,1267.462543,1269.466112,2.0035689999999704,2.774488510071987,33.3625,45.137499999999996,1,0,0,1,226,80,80,226.0,81.0,226.0,226,81,5.558879169635475,3737.33073330647
4352,0,697,2,2,1189149,1189368,1269.466112,1271.468389,2.002276999999822,2.769493977215329,33.3625,45.137499999999996,1,0,0,1,219,80,80,219.0,80.0,219.0,219,80,5.545294092218683,3696.7912032154686
4352,0,698,2,2,1189368,1189629,1271.468389,1273.470666,2.002277000000049,3.9671509719745712,33.3625,45.137499999999996,1,0,0,1,261,80,80,261.0,80.0,261.0,261,80,7.943335146715981,5243.030809423342
4352,0,699,2,2,1189629,1189953,1273.470666,1275.472941,2.002275000000054,5.11891328516373,33.3625,45.137499999999996,1,0,0,1,324,80,80,324.0,80.0,324.0,324,80,10.249472098053957,6782.7845825371805
4352,0,700,2,2,1189953,1190382,1275.472941,1277.475218,2.002277000000049,6.978831062385792,33.3625,45.137499999999996,1,0,0,1,429,80,80,429.0,80.0,429.0,429,80,13.973552923103853,8751.036944438541
4352,0,701,2,2,1190382,1190971,1277.475218,1279.476521,2.001303000000007,10.154861455734878,33.3625,45.137499999999996,1,0,0,1,589,80,80,589.0,79.0,589.0,589,79,20.322954695948283,12343.458236958577
4352,0,702,2,2,1190971,1191685,1279.476521,1281.477848,2.0013269999999466,11.977696247170098,33.3625,45.137499999999996,1,0,0,1,714,80,80,714.0,80.0,714.0,714,80,23.971286897256505,14571.831589740597
4352,0,703,2,2,1191685,1192502,1281.477848,1283.479773,2.0019250000000284,14.601687257435792,33.3625,45.137499999999996,1,0,0,1,817,80,80,817.0,80.0,817.0,817,80,29.23148276284337,17770.39599385566
4352,0,704,2,2,1192502,1193450,1283.479773,1285.480607,2.0008339999999407,16.981797080041897,33.3625,45.137499999999996,1,0,0,1,948,80,80,948.0,80.0,948.0,948,80,33.97775697884936,20673.878992460755
4352,0,705,2,2,1193450,1194505,1285.480607,1287.484597,2.0039899999999307,18.35529208163818,33.3625,45.137499999999996,1,0,0,1,1055,80,80,1055.0,80.0,1055.0,1055,80,36.78382177867752,22572.46792648744
4352,0,706,2,2,1194505,1195611,1287.484597,1289.488881,2.004284000000098,20.240893161582765,33.3625,45.137499999999996,1,0,0,1,1106,80,80,1106.0,81.0,1106.0,1106,81,40.56849830946885,24576.856373646446
4352,0,707,2,2,1195611,1196000,1289.488881,1290.180095,0.6912139999999454,20.395341141034255,33.3625,45.137499999999996,1,0,0,1,389,28,28,389.0,27.0,389.0,389,27,14.097545331460424,24789.717800856688
4352,0,708,2,2,1196000,1197242,1290.180095,1292.180181,2.0000860000000102,23.307904614014163,33.3625,45.137499999999996,1,0,0,1,1242,80,80,1245.0,80.0,1242.0,1242,80,46.6178137078241,27926.79914763651
4352,0,709,2,2,1197242,1198461,1292.180181,1294.181121,2.000940000000128,24.661469891685552,33.3625,45.137499999999996,1,0,0,1,1219,80,80,1220.0,80.0,1219.0,1219,80,49.34612156507501,29155.796775513645
4352,0,710,2,2,1198461,1199878,1294.181121,1296.183112,2.0019909999998617,25.965589280724338,33.3625,45.137499999999996,1,0,0,1,1417,80,80,1417.0,80.0,1417.0,1417,80,51.98287604970392,31375.265922776045
4352,0,711,2,2,1199878,1201436,1296.183112,1298.185124,2.00201200000015,29.025333184814958,33.3625,45.137499999999996,1,0,0,1,1558,80,80,1559.0,80.0,1559.0,1558,80,58.10906534000242,34784.50678617051
4352,0,712,2,2,1201436,1203152,1298.185124,1300.185089,1.9999649999999747,30.639743011956153,33.3625,45.137499999999996,1,0,0,1,1716,80,80,1716.0,80.0,1715.0,1716,80,61.27841363290645,36450.13787741332
4352,0,713,2,2,1203152,1204898,1300.185089,1302.185799,2.0007100000000264,32.50754420703063,33.3625,45.137499999999996,1,0,0,1,1746,80,80,1746.0,80.0,1746.0,1746,80,65.03816877045028,38034.49775329708
4352,0,714,2,2,1204898,1206762,1302.185799,1304.187174,2.0013749999998254,34.506365892155905,33.3625,45.137499999999996,1,1,0,1,1864,80,80,1864.0,80.0,1864.0,1864,80,69.06017803740542,41112.23533820857
4352,0,715,2,2,1206762,1208609,1304.187174,1306.187448,2.0002739999999903,36.05692869540264,33.3625,45.137499999999996,1,1,1,1,1847,80,80,1847.0,80.0,1847.0,1847,80,72.12373698926967,42034.24130894088
4352,0,716,2,2,1208609,1209000,1306.187448,1306.567586,0.3801379999999881,38.353344836119355,33.3625,45.137499999999996,1,1,1,1,391,15,15,391.0,15.0,391.0,391,15,14.5795637993142,45165.17685682709
4352,0,717,2,2,1209000,1210992,1306.567586,1308.569661,2.0020750000001044,37.59019762359491,33.3625,45.137499999999996,1,1,1,1,1992,80,80,1994.0,80.0,1992.0,1992,80,75.25839490726503,44184.158935102525
4352,0,718,2,2,1210992,1213033,1308.569661,1310.57056,2.0008989999998903,39.98992560487292,33.3625,45.137499999999996,1,1,1,1,2041,80,80,2041.0,80.0,2041.0,2041,80,80.0158021528623,46704.50632440974
4352,0,719,2,2,1213033,1215119,1310.57056,1312.572151,2.0015910000001895,39.70416223114728,33.3625,45.137499999999996,1,1,1,1,2086,80,80,2088.0,80.0,2086.0,2086,80,79.471493784411,46827.24892347694
4352,0,720,2,2,1215119,1217179,1312.572151,1314.573137,2.0009860000000117,39.93466321936855,33.3625,45.137499999999996,1,1,1,1,2060,80,80,2062.0,80.0,2060.0,2060,80,79.90870201666985,46760.9468532011
4352,0,721,2,2,1217179,1219313,1314.573137,1316.57315,2.0000129999998535,39.842193037157976,33.3625,45.137499999999996,1,1,1,1,2134,80,80,2134.0,80.0,2134.0,2134,80,79.68490402281896,46792.1958507304
4352,0,722,2,2,1219313,1221413,1316.57315,1318.573559,2.0004089999999906,39.838510946310144,33.3625,45.137499999999996,1,1,1,1,2100,80,80,2101.0,80.0,2100.0,2100,80,79.69331584360043,47895.20543048969
4352,0,723,2,2,1221413,1222000,1318.573559,1319.143234,0.5696749999999611,39.510678066001894,33.3625,45.137499999999996,1,1,1,1,587,22,22,589.0,22.0,587.0,587,22,22.508245527249528,45964.80449379346
4352,0,724,2,2,1222000,1224092,1319.143234,1321.143433,2.000199000000066,39.8465284433372,33.3625,45.137499999999996,1,1,1,1,2092,80,80,2094.0,80.0,2092.0,2092,80,79.70098634583701,47222.80133126598
4352,0,725,2,2,1224092,1226182,1321.143433,1323.143645,2.000212000000147,39.90211558091379,33.3625,45.137499999999996,1,1,1,1,2090,80,80,2090.0,80.0,2090.0,2090,80,79.81269041033374,47523.96245997575
4352,0,726,2,2,1226182,1228261,1323.143645,1325.144395,2.0007499999999254,39.752123236688625,33.3625,45.137499999999996,1,1,1,1,2079,80,80,2079.0,80.0,2079.0,2079,80,79.53406056579843,46555.54167187478
4352,0,727,2,2,1228261,1230350,1325.144395,1327.145013,2.0006180000000313,39.46025319741211,33.3625,45.137499999999996,1,1,1,1,2089,80,80,2090.0,80.0,2089.0,2089,80,78.94489283129951,46982.982258481396
4352,0,728,2,2,1230350,1232347,1327.145013,1329.145185,2.0001720000000205,39.2996480675066,33.3625,45.137499999999996,1,1,1,1,1997,80,80,2001.0,80.0,1997.0,1997,80,78.6060556744851,45431.0929260079
4352,0,729,2,2,1232347,1234392,1329.145185,1331.145362,2.000176999999894,39.124042237435454,33.3625,45.137499999999996,1,1,1,1,2045,80,80,2045.0,80.0,2045.0,2045,80,78.25500943034422,45976.431085851335
4352,0,730,2,2,1234392,1235000,1331.145362,1331.708747,0.5633849999999256,39.589005255843084,33.3625,45.137499999999996,1,1,1,1,608,22,22,608.0,22.0,608.0,608,22,22.303851726057474,46000.51474569508
4352,0,731,2,2,1235000,1236996,1331.708747,1333.70873,1.9999830000001566,39.12589101213579,33.3625,45.137499999999996,1,1,1,1,1996,80,80,2000.0,80.0,1996.0,1996,80,78.25111688413017,46111.891951077974
4352,0,732,2,2,1236996,1239065,1333.70873,1335.710667,2.001936999999998,39.219833770788796,33.3625,45.137499999999996,1,1,1,1,2069,80,80,2069.0,80.0,2069.0,2069,80,78.51563635958883,46130.3227823853
4352,0,733,2,2,1239065,1241179,1335.710667,1337.712042,2.0013750000000528,39.14572088076757,33.3625,45.137499999999996,1,1,1,1,2114,80,80,2117.0,80.0,2114.0,2114,80,78.34526712774823,47026.169508461695
4352,0,734,2,2,1241179,1243224,1337.712042,1339.713498,2.001455999999962,39.135814513301604,33.3625,45.137499999999996,1,1,1,1,2045,80,80,2045.0,80.0,2045.0,2045,80,78.3286107725362,46092.44470025909
4352,0,735,2,2,1243224,1245262,1339.713498,1341.714375,2.000876999999946,38.79999218462012,33.3625,45.137499999999996,1,1,1,1,2038,80,80,2038.0,80.0,2038.0,2038,80,77.63401196238556,44970.78031283404
4352,0,736,2,2,1245262,1247256,1341.714375,1343.715124,2.0007490000000416,38.67424096331049,33.3625,45.137499999999996,1,1,1,1,1994,80,80,1995.0,80.0,1994.0,1994,80,77.37744893310446,45612.9179622222
4352,0,737,2,2,1247256,1248000,1343.715124,1344.434333,0.7192089999998643,38.54578907555263,33.3625,45.137499999999996,1,1,1,1,744,29,29,744.0,29.0,744.0,744,29,27.722478415234946,45315.061407749556
4352,0,738,2,2,1248000,1249898,1344.434333,1346.43535,2.001017000000047,38.78375195712733,33.3625,45.137499999999996,1,1,1,1,1898,80,80,1899.0,80.0,1898.0,1898,80,77.60694698999578,44560.3410665666
4352,0,739,2,2,1249898,1251923,1346.43535,1348.436242,2.0008920000000217,38.46985090684733,33.3625,45.137499999999996,1,1,1,1,2025,80,80,2027.0,80.0,2026.0,2025,80,76.97401692070707,45624.15162837325
4352,0,740,2,2,1251923,1253988,1348.436242,1350.437666,2.0014240000000427,38.87070994261006,33.3625,45.137499999999996,1,1,1,1,2065,80,80,2064.0,80.0,2064.0,2065,80,77.7967717761785,45792.89545843262
4352,0,741,2,2,1253988,1256132,1350.437666,1352.437759,2.000092999999879,38.80444603751501,33.3625,45.137499999999996,1,1,1,1,2144,80,80,2144.0,80.0,2144.0,2144,80,77.61250088850647,46339.84519720114
4352,0,742,2,2,1256132,1258241,1352.437759,1354.437736,1.9999770000001718,39.088599862908836,33.3625,45.137499999999996,1,1,1,1,2109,79,79,2113.0,80.0,2109.0,2109,80,78.17630068802828,45781.02648180061
4352,0,743,2,2,1258241,1260254,1354.437736,1356.438711,2.000974999999926,38.45212012363871,33.3625,45.137499999999996,1,1,1,1,2013,80,80,2013.0,79.0,2013.0,2013,79,76.94173106439848,45798.17339047384
4352,0,744,2,2,1260254,1261000,1356.438711,1357.126614,0.6879030000000057,38.59354375129005,33.3625,45.137499999999996,1,1,1,1,746,28,28,748.0,28.0,746.0,746,28,26.54861452714249,46433.87221744888
4352,0,745,2,2,1261000,1263041,1357.126614,1359.126916,2.0003019999999196,38.72993147077355,33.3625,45.137499999999996,1,1,1,1,2041,80,80,2044.0,80.0,2041.0,2041,80,77.47155938085052,45627.110306345574
4352,0,746,2,2,1263041,1265101,1359.126916,1361.127628,2.0007120000000214,38.48569001693353,33.3625,45.137499999999996,1,1,1,1,2060,79,79,2062.0,80.0,2060.0,2060,79,76.99878184516274,45237.895309269414
4352,0,747,2,2,1265101,1267168,1361.127628,1363.127813,2.0001850000001014,38.93014597696875,33.3625,45.137499999999996,1,1,1,1,2067,80,80,2067.0,80.0,2067.0,2067,80,77.86749403095018,46104.735311981305
4352,0,748,2,2,1267168,1269285,1363.127813,1365.128036,2.0002230000000054,38.90305056124296,33.3625,45.137499999999996,1,1,1,1,2117,80,80,2118.0,80.0,2117.0,2117,80,77.81477650276065,46328.33439071531
4352,0,749,2,2,1269285,1271455,1365.128036,1367.129497,2.0014609999998356,39.31402814729938,33.3625,45.137499999999996,1,1,1,1,2170,80,80,2170.0,80.0,2170.0,2170,80,78.6854940897174,46679.90033281072
4352,0,750,2,2,1271455,1272396,1367.129497,1369.154472,2.0249750000000404,18.054472307794825,33.3625,45.137499999999996,1,0,0,1,941,80,80,941.0,81.0,941.0,941,81,36.55985506147408,20766.67613180368
4352,0,751,2,2,1272396,1272477,1369.154472,1371.156748,2.0022760000001654,1.0059504437747233,33.3625,45.137499999999996,1,0,0,0,81,80,80,81.0,80.0,81.0,81,80,2.014190430760209,724.1758878395786
4352,0,752,2,2,1272477,1272557,1371.156748,1373.159025,2.002276999999822,1.0063143196394002,33.3625,45.137499999999996,1,0,0,0,80,80,80,80.0,80.0,80.0,80,80,2.014920016983524,690.7136225407988
4352,0,753,2,2,1272557,1272637,1373.159025,1375.161302,2.002277000000049,1.00782349026797,33.3625,45.137499999999996,1,0,0,0,80,80,80,80.0,80.0,80.0,80,80,2.0179417946201283,733.664722713173
4352,0,754,2,2,1272637,1272717,1375.161302,1377.163579,2.002277000000049,1.0093326608966315,33.3625,45.137499999999996,1,0,0,0,80,80,80,80.0,80.0,80.0,80,80,2.0209635722640087,698.2050935010319
4352,0,755,2,2,1272717,1272798,1377.163579,1379.165855,2.002275999999938,1.0089167461470987,33.3625,45.137499999999996,1,0,0,0,81,80,80,81.0,80.0,81.0,81,80,2.0201297868115944,726.1736144268048
4352,0,756,2,2,1272798,1272878,1379.165855,1381.168133,2.002277999999933,1.009124091144636,33.3625,45.137499999999996,1,0,0,0,80,80,80,80.0,80.0,80.0,80,80,2.020546966967231,726.6723202272855
4352,0,757,2,2,1272878,1272958,1381.168133,1383.17041,2.002277000000049,1.0117785581223941,33.3625,45.137499999999996,1,0,0,0,80,80,80,80.0,80.0,80.0,80,80,2.025860936024401,728.1709773422779
4352,0,758,2,2,1272958,1273039,1383.17041,1385.172687,2.002277000000049,1.0104775489597546,33.3625,45.137499999999996,1,0,0,0,81,80,80,81.0,80.0,81.0,81,80,2.023255955296918,728.1709773422779
4352,0,759,2,2,1273039,1273120,1385.172687,1387.174962,2.002275000000054,1.009905922281175,33.3625,45.137499999999996,1,0,0,0,81,80,80,81.0,80.0,81.0,81,80,2.022109380537586,695.7086314317276
4352,0,760,2,2,1273120,1273200,1387.174962,1389.17724,2.002277999999933,1.0114138661272962,33.3625,45.137499999999996,1,0,0,0,80,80,80,80.0,80.0,80.0,80,80,2.0251317330403253,710.1910923458419
4352,0,761,2,2,1273200,1273280,1389.17724,1391.179517,2.002277000000049,1.0117265177558885,33.3625,45.137499999999996,1,0,0,0,80,80,80,80.0,80.0,80.0,80,80,2.0257567367953015,689.2153283486581
4352,0,762,2,2,1273280,1273360,1391.179517,1393.181795,2.002277999999933,1.0122465115755366,33.3625,45.137499999999996,1,0,0,0,80,80,80,80.0,80.0,80.0,80,80,2.0267989207059145,674.7314808433421
4352,0,763,2,2,1273360,1273440,1393.181795,1395.184072,2.002277000000049,1.0125071232534726,33.3625,45.137499999999996,1,0,0,0,80,80,80,80.0,80.0,80.0,80,80,2.0273197252245154,709.6920156401762
4352,0,764,2,2,1273440,1273520,1395.184072,1397.186348,2.002275999999938,1.0134442602942675,33.3625,45.137499999999996,1,0,0,0,80,80,80,80.0,80.0,80.0,80,80,2.0291951197214075,745.6514486514577
4352,0,765,2,2,1273520,1273601,1397.186348,1399.188624,2.002275999999938,1.0133922199017713,33.3625,45.137499999999996,1,0,0,0,81,80,80,81.0,80.0,81.0,81,80,2.029090920499584,710.6912333764396
4352,0,766,2,2,1273601,1273681,1399.188624,1401.190902,2.0022780000001603,1.0138077217908932,33.3625,45.137499999999996,1,0,0,0,80,80,80,80.0,80.0,80.0,80,80,2.029924897571618,710.6905234936837
4352,0,767,2,2,1273681,1273761,1401.190902,1403.193179,2.002277000000049,1.0131316076515393,33.3625,45.137499999999996,1,0,0,0,80,80,80,80.0,80.0,80.0,80,80,2.0285701159737073,708.1937214481139
4352,0,768,2,2,1273761,1273841,1403.193179,1405.195456,2.002276999999822,1.0121948810545323,33.3625,45.137499999999996,1,0,0,0,80,80,80,80.0,80.0,80.0,80,80,2.0266945298499195,683.2221515804865
4352,0,769,2,2,1273841,1273921,1405.195456,1407.197733,2.002277000000049,1.013443849850573,33.3625,45.137499999999996,1,0,0,0,80,80,80,80.0,80.0,80.0,80,80,2.029195311348303,683.721582977763
4352,0,770,2,2,1273921,1274000,1407.197733,1409.174991,1.9772580000001199,1.011932729686703,33.3625,45.137499999999996,1,0,0,0,79,79,79,79.0,79.0,79.0,79,79,2.0008520852352376,697.9362329043131
4352,0,771,2,2,1274000,1274081,1409.174991,1411.177258,2.002266999999847,1.013604076184834,33.3625,45.137499999999996,1,0,0,0,81,80,80,81.0,80.0,81.0,81,80,2.0295059928103,691.7159399820832
4352,0,772,2,2,1274081,1274161,1411.177258,1413.179534,2.0022760000001654,1.0149534316765636,33.3625,45.137499999999996,1,0,0,0,80,80,80,80.0,80.0,80.0,80,80,2.032216897365288,702.2008953809984
4352,0,773,2,2,1274161,1274241,1413.179534,1415.181811,2.002276999999822,1.0162019892754626,33.3625,45.137499999999996,1,0,0,0,80,80,80,80.0,80.0,80.0,80,80,2.0347178704832913,683.2221515804865
4352,0,774,2,2,1274241,1274321,1415.181811,1417.18409,2.002279000000044,1.0154726012309603,33.3625,45.137499999999996,1,0,0,0,80,80,80,80.0,80.0,80.0,80,80,2.0332594645224162,668.737973079661
4352,0,775,2,2,1274321,1274401,1417.18409,1419.186364,2.002273999999943,1.017139952740695,33.3625,45.137499999999996,1,0,0,0,80,80,80,80.0,80.0,80.0,80,80,2.036592881733668,640.2720107238252
4352,0,776,2,2,1274401,1274482,1419.186364,1421.188644,2.0022800000001553,1.0173456401620862,33.3625,45.137499999999996,1,0,0,0,81,80,80,81.0,80.0,81.0,81,80,2.0370108283823356,681.2234053178847
4352,0,777,2,2,1274482,1274562,1421.188644,1423.190919,2.002274999999827,1.0178160658912658,33.3625,45.137499999999996,1,0,0,0,80,80,80,80.0,80.0,80.0,80,80,2.037947663331579,719.6813624502752
4352,0,778,2,2,1274562,1274642,1423.190919,1425.193198,2.002279000000044,1.0183868588443297,33.3625,45.137499999999996,1,0,0,0,80,80,80,80.0,80.0,80.0,80,80,2.0390946213374264,705.1964286695155
4352,0,779,2,2,1274642,1274722,1425.193198,1427.195473,2.002275000000054,1.0179721871466325,33.3625,45.137499999999996,1,0,0,0,80,80,80,80.0,80.0,80.0,80,80,2.038260261018877,715.186475384231
4352,0,780,2,2,1274722,1274802,1427.195473,1429.19775,2.002277000000049,1.0173468773384917,33.3625,45.137499999999996,1,0,0,0,80,80,80,80.0,80.0,80.0,80,80,2.0370102535162005,710.1914470375303
4352,0,781,2,2,1274802,1274882,1429.19775,1431.200026,2.002275999999938,1.016983006984009,33.3625,45.137499999999996,1,0,0,0,80,80,80,80.0,80.0,80.0,80,80,2.0362806672928855,684.2213560967831
4352,0,782,2,2,1274882,1274964,1431.200026,1433.202305,2.002279000000044,1.016669528465023,33.3625,45.137499999999996,1,0,0,0,82,80,80,82.0,80.0,82.0,82,80,2.0356560467844247,693.7095180042189
4352,0,783,2,2,1274964,1275044,1433.202305,1435.20458,2.002275000000054,1.015786489570186,33.3625,45.137499999999996,1,0,0,0,80,80,80,80.0,80.0,80.0,80,80,2.0338838934039813,678.2285150640962
4352,0,784,2,2,1275044,1275124,1435.20458,1437.206857,2.002276999999822,1.013339769117655,33.3625,45.137499999999996,1,0,0,0,80,80,80,80.0,80.0,80.0,80,80,2.0289869128901046,661.2471700969036
4352,0,785,2,2,1275124,1275204,1437.206857,1439.209134,2.002277000000049,1.0127152847194947,33.3625,45.137499999999996,1,0,0,0,80,80,80,80.0,80.0,80.0,80,80,2.0277365221409127,703.698838871927
4352,0,786,2,2,1275204,1275285,1439.209134,1441.211411,2.002277000000049,1.0088122572315759,33.3625,45.137499999999996,1,0,0,0,81,80,80,81.0,80.0,81.0,81,80,2.0199215799730155,687.2176027592417
4352,0,787,2,2,1275285,1275365,1441.211411,1443.213689,2.002277999999933,1.0124546729375963,33.3625,45.137499999999996,1,0,0,0,80,80,80,80.0,80.0,80.0,80,80,2.027215717622312,682.2229480621801
4352,0,788,2,2,1275365,1275445,1443.213689,1445.215966,2.002277000000049,1.0087081764985646,33.3625,45.137499999999996,1,0,0,0,80,80,80,80.0,80.0,80.0,80,80,2.019713181514817,690.2141911433663
4352,0,789,2,2,1275445,1275525,1445.215966,1447.218241,2.002275000000054,1.0096457201887408,33.3625,45.137499999999996,1,0,0,0,80,80,80,80.0,80.0,80.0,80,80,2.021588384392089,682.7234021300585
4352,0,790,2,2,1275525,1275606,1447.218241,1449.220519,2.002277999999933,1.010008776933391,33.3625,45.137499999999996,1,0,0,0,81,80,80,81.0,80.0,81.0,81,80,2.0223183538619196,669.7371693641168
4352,0,791,2,2,1275606,1275686,1449.220519,1451.222797,2.002277999999933,1.0131832377048064,33.3625,45.137499999999996,1,0,0,0,80,80,80,80.0,80.0,80.0,80,80,2.0286745068224263,707.1945054583067
4352,0,792,2,2,1275686,1275766,1451.222797,1453.225073,2.0022760000001654,1.0141207853966248,33.3625,45.137499999999996,1,0,0,0,80,80,80,80.0,80.0,80.0,80,80,2.0305497096996987,697.7060105599251
4352,0,793,2,2,1275766,1275846,1453.225073,1455.227349,2.002275999999938,1.01464118932168,33.3625,45.137499999999996,1,0,0,0,80,80,80,80.0,80.0,80.0,80,80,2.031591701990692,690.7139675050007
4352,0,794,2,2,1275846,1275926,1455.227349,1457.229626,2.002277000000049,1.0122469214209446,33.3625,45.137499999999996,1,0,0,0,80,80,80,80.0,80.0,80.0,80,80,2.026798729079019,661.7466014941826
4352,0,795,2,2,1275926,1276006,1457.229626,1459.231904,2.002277999999933,1.010581220679056,33.3625,45.137499999999996,1,0,0,0,80,80,80,80.0,80.0,80.0,80,80,2.023464545382012,663.7439955890463
4352,0,796,2,2,1276006,1276086,1459.231904,1461.23418,2.002275999999938,1.0104779579219845,33.3625,45.137499999999996,1,0,0,0,80,80,80,80.0,80.0,80.0,80,80,2.023255763677298,699.7037371471482
4352,0,797,2,2,1276086,1276167,1461.23418,1463.236457,2.002277000000049,1.0108938718917992,33.3625,45.137499999999996,1,0,0,0,81,80,80,81.0,80.0,81.0,81,80,2.0240895491297124,696.7067993089696
4352,0,798,2,2,1276167,1276247,1463.236457,1465.238735,2.002277999999933,1.0126628342996564,33.3625,45.137499999999996,1,0,0,0,80,80,80,80.0,80.0,80.0,80,80,2.027632514538709,670.2366005120392
4352,0,799,2,2,1276247,1276425,1465.238735,1467.24101,2.002275000000054,2.215214054854478,33.3625,45.137499999999996,1,0,0,1,178,80,80,178.0,80.0,178.0,178,80,4.435467721683381,2683.4475783795206
4352,0,800,2,2,1276425,1276639,1467.24101,1469.243287,2.002277000000049,2.8016549237154877,33.3625,45.137499999999996,1,0,0,1,214,80,80,215.0,80.0,214.0,214,80,5.609689215692924,3712.273576533026
4352,0,801,2,2,1276639,1276873,1469.243287,1471.245055,2.0017680000000837,3.368661748320177,33.3625,45.137499999999996,1,0,0,1,234,80,80,234.0,79.0,234.0,234,79,6.743279290611099,4324.676985544597
4352,0,802,2,2,1276873,1277155,1471.245055,1473.247841,2.0027860000000146,4.108381611993916,33.3625,45.137499999999996,1,0,0,1,282,80,80,282.0,81.0,282.0,282,81,8.228209175162192,5294.624587948949
4352,0,803,2,2,1277155,1277600,1473.247841,1475.250118,2.002276999999822,6.7310148370869385,33.3625,45.137499999999996,1,0,0,1,445,80,80,445.0,80.0,445.0,445,80,13.477356194955064,8560.753582047602
4352,0,804,2,2,1277600,1278123,1475.250118,1477.252229,2.0021110000000135,8.322302718358493,33.3625,45.137499999999996,1,0,0,1,523,80,80,523.0,79.0,523.0,523,79,16.66217381775641,10379.54439089534
4352,0,805,2,2,1278123,1278783,1477.252229,1479.254673,2.0024439999999686,10.490592734711376,33.3625,45.137499999999996,1,0,0,1,660,80,80,661.0,81.0,661.0,660,81,21.00682447806321,13044.559548232264
4352,0,806,2,2,1278783,1279132,1479.254673,1481.25695,2.002277000000049,5.7931953922890465,33.3625,45.137499999999996,1,0,0,1,349,80,80,348.0,80.0,348.0,349,80,11.599581890484842,6818.237436678174
4352,0,807,2,2,1279132,1279212,1481.25695,1483.259226,2.002275999999938,1.0105820387069768,33.3625,45.137499999999996,1,0,0,0,80,80,80,80.0,80.0,80.0,80,80,2.0234641621354967,637.2747812989016
4352,0,808,2,2,1279212,1279293,1483.259226,1485.261504,2.0022780000001603,1.010268978635873,33.3625,45.137499999999996,1,0,0,0,81,80,80,81.0,80.0,81.0,81,80,2.022839350007416,652.7565103346765
4352,0,809,2,2,1279293,1279373,1485.261504,1487.263781,2.002277000000049,1.009801024195182,33.3625,45.137499999999996,1,0,0,0,80,80,80,80.0,80.0,80.0,80,80,2.0219013653259026,635.2767374344153
4352,0,810,2,2,1279373,1279453,1487.263781,1489.266062,2.0022809999998117,1.017969710921452,33.3625,45.137499999999996,1,0,0,0,80,80,80,80.0,80.0,80.0,80,80,2.038261410751147,645.7635067206459
4352,0,811,2,2,1279453,1279533,1489.266062,1491.268338,2.0022760000001654,1.017815653263854,33.3625,45.137499999999996,1,0,0,0,80,80,80,80.0,80.0,80.0,80,80,2.0379478549511987,672.7344282206293
4352,0,812,2,2,1279533,1279613,1491.268338,1493.270615,2.002276999999822,1.0200529763968764,33.3625,45.137499999999996,1,0,0,0,80,80,80,80.0,80.0,80.0,80,80,2.0424286134220893,627.285835076821
4352,0,813,2,2,1279613,1279693,1493.270615,1495.272892,2.002277000000049,1.0203131782293102,33.3625,45.137499999999996,1,0,0,0,80,80,80,80.0,80.0,80.0,80,80,2.042949609567586,657.7511503153498
4352,0,814,2,2,1279693,1279774,1495.272892,1497.27517,2.002277999999933,1.0175546263080673,33.3625,45.137499999999996,1,0,0,0,81,80,80,81.0,80.0,81.0,81,80,2.0374272420522175,643.2673185242224
4352,0,815,2,2,1279774,1279854,1497.27517,1499.277447,2.002277000000049,1.0175029984380086,33.3625,45.137499999999996,1,0,0,0,80,80,80,80.0,80.0,80.0,80,80,2.0373228512034984,641.2699142026645
4352,0,816,2,2,1279854,1279934,1499.277447,1501.279725,2.0022780000001603,1.0170862632433384,33.3625,45.137499999999996,1,0,0,0,80,80,80,80.0,80.0,80.0,80,80,2.0364894489975995,666.2411513285833
4352,0,817,2,2,1279934,1280014,1501.279725,1503.282001,2.002275999999938,1.0167228050215278,33.3625,45.137499999999996,1,0,0,0,80,80,80,80.0,80.0,80.0,80,80,2.035759671147389,640.7708028264034
4352,0,818,2,2,1280014,1280133,1503.282001,1505.284277,2.002275999999938,1.634806546698823,33.3625,45.137499999999996,1,0,0,0,119,80,80,119.0,80.0,119.0,119,80,3.2733339131009416,1701.56362059981
4352,0,819,2,2,1280133,1280337,1505.284277,1507.286219,2.001942000000099,2.7361975513647447,33.3625,45.137499999999996,1,0,0,1,204,80,80,204.0,79.0,204.0,204,79,5.477708798374806,3517.08491055168
4352,0,820,2,2,1280337,1280562,1507.286219,1509.288831,2.002611999999999,2.7979923504887516,33.3625,45.137499999999996,1,0,0,1,225,80,80,225.0,81.0,225.0,225,81,5.6032930569999735,3637.7490996758247
4352,0,821,2,2,1280562,1280804,1509.288831,1511.291108,2.002276999999822,3.5121620476166173,33.3625,45.137499999999996,1,0,0,1,242,80,80,242.0,80.0,242.0,242,80,7.032321288214007,4434.950808504912
4352,0,822,2,2,1280804,1281093,1511.291108,1513.293383,2.002275000000054,4.246195467139712,33.3625,45.137499999999996,1,0,0,1,289,80,80,289.0,80.0,289.0,289,80,8.502051028968708,5365.896292966605
4352,0,823,2,2,1281093,1281552,1513.293383,1515.295661,2.0022780000001603,7.020147703010904,33.3625,45.137499999999996,1,0,0,1,459,80,80,459.0,80.0,459.0,459,80,14.056287302490091,8692.099698442777
4352,0,824,2,2,1281552,1282071,1515.295661,1517.297938,2.002276999999822,8.843697596114415,33.3625,45.137499999999996,1,0,0,1,519,80,80,519.0,80.0,519.0,519,80,17.707532291657117,10878.11526577089
4352,0,825,2,2,1282071,1282713,1517.297938,1519.300214,2.0022760000001654,10.544173782438543,33.3625,45.137499999999996,1,0,0,1,642,80,80,642.0,80.0,642.0,642,80,21.112346104404423,12961.749529034887
4352,0,826,2,2,1282713,1283520,1519.300214,1521.302028,2.0018139999999676,14.566257818871447,33.3625,45.137499999999996,1,0,0,1,807,80,80,807.0,79.0,807.0,807,79,29.158938829423278,17533.097480585395
4352,0,827,2,2,1283520,1284411,1521.302028,1523.302194,2.0001660000000356,16.02046384500376,33.3625,45.137499999999996,1,0,0,1,891,80,80,891.0,80.0,891.0,891,80,32.04358708700602,18970.425454686923
4352,0,828,2,2,1284411,1285385,1523.302194,1525.303395,2.00120099999981,17.465973527172824,33.3625,45.137499999999996,1,0,0,1,974,80,80,975.0,80.0,974.0,974,80,34.95292368855007,20590.6353234902
4352,0,829,2,2,1285385,1286446,1525.303395,1527.306174,2.002779000000146,20.054197346791643,33.3625,45.137499999999996,1,0,0,1,1061,80,80,1062.0,80.0,1061.0,1061,80,40.16412530801608,23487.3643072933
4352,0,830,2,2,1286446,1287000,1527.306174,1528.319271,1.0130970000000161,19.928131755737706,33.3625,45.137499999999996,1,0,0,1,554,41,41,554.0,41.0,554.0,554,41,20.189130497339647,23749.94694486275
4352,0,831,2,2,1287000,1288272,1528.319271,1530.320004,2.0007329999998547,23.060442168255424,33.3625,45.137499999999996,1,0,0,1,1272,80,80,1274.0,80.0,1272.0,1272,80,46.137787640618626,27867.786456265803
4352,0,832,2,2,1288272,1289633,1530.320004,1532.320363,2.000359000000117,24.618310001630867,33.3625,45.137499999999996,1,0,0,1,1361,80,80,1362.0,80.0,1361.0,1361,80,49.24545797655446,28738.341467704868
4352,0,833,2,2,1289633,1290977,1532.320363,1534.320414,2.000050999999985,26.206380491543783,33.3625,45.137499999999996,1,0,0,1,1344,80,80,1344.0,80.0,1344.0,1344,80,52.414097508495615,31082.20740371144
4352,0,834,2,2,1290977,1292491,1534.320414,1536.321922,2.001508000000058,29.421640882815193,33.3625,45.137499999999996,1,0,0,1,1514,80,80,1514.0,80.0,1514.0,1514,80,58.887649600081204,34459.017900502025
4352,0,835,2,2,1292491,1294113,1536.321922,1538.323846,2.001923999999917,30.506993745187085,33.3625,45.137499999999996,1,0,0,1,1622,80,80,1623.0,80.0,1622.0,1622,80,61.07268294633832,35147.68792421836
4352,0,836,2,2,1294113,1295829,1538.323846,1540.324123,2.0002770000000965,32.48192979304721,33.3625,45.137499999999996,1,0,0,1,1716,79,79,1717.0,80.0,1716.0,1716,80,64.97285708064737,38424.17825131034
4352,0,837,2,2,1295829,1297629,1540.324123,1542.324147,2.0000239999999394,34.8687617424125,33.3625,45.137499999999996,1,1,0,1,1800,80,80,1800.0,79.0,1800.0,1800,79,69.73836033510452,40900.00919989084
4352,0,838,2,2,1297629,1299554,1542.324147,1544.324151,2.00000399999999,36.17800450946996,33.3625,45.137499999999996,1,1,1,1,1925,80,80,1925.0,80.0,1925.0,1925,80,72.35615373095789,42308.41538316945
4352,0,839,2,2,1299554,1300000,1544.324151,1544.781414,0.45726300000001174,37.695442058181264,33.3625,45.137499999999996,1,1,1,1,446,19,19,446.0,19.0,446.0,446,19,17.23673092185345,44248.058557109325
4352,0,840,2,2,1300000,1302052,1544.781414,1546.781465,2.000050999999985,37.26267873724526,33.3625,45.137499999999996,1,1,1,1,2052,79,79,2056.0,80.0,2052.0,2052,80,74.5272578711083,44843.856481660056
4352,0,841,2,2,1302052,1304139,1546.781465,1548.782267,2.0008020000000215,39.24405655199473,33.3625,45.137499999999996,1,1,1,1,2087,80,80,2088.0,79.0,2087.0,2087,79,78.51958683734847,45772.14536970625
4352,0,842,2,2,1304139,1306263,1548.782267,1550.785024,2.002756999999974,39.120661629390675,33.3625,45.137499999999996,1,1,1,1,2124,80,80,2126.0,80.0,2124.0,2124,80,78.34917892289377,46184.83420604756
4352,0,843,2,2,1306263,1308392,1550.785024,1552.785575,2.000551000000087,38.81388806429196,33.3625,45.137499999999996,1,1,1,1,2129,80,80,2129.0,80.0,2129.0,2129,80,77.64916258091398,45547.45167706099
4352,0,844,2,2,1308392,1310487,1552.785575,1554.785973,2.0003979999999046,39.514994280128874,33.3625,45.137499999999996,1,1,1,1,2095,80,80,2096.0,80.0,2095.0,2095,80,79.04571552798006,46963.15433229011
4352,0,845,2,2,1310487,1312622,1554.785973,1556.787563,2.0015900000000784,39.81949094712541,33.3625,45.137499999999996,1,1,1,1,2135,80,80,2135.0,80.0,2135.0,2135,80,79.70229488486075,47086.56617988514
4352,0,846,2,2,1312622,1313000,1556.787563,1557.147288,0.35972499999979846,39.290411513691275,33.3625,45.137499999999996,1,1,1,1,378,15,15,379.0,15.0,378.0,378,15,14.133743281752686,48197.92897354844
4352,0,847,2,2,1313000,1315050,1557.147288,1559.147609,2.0003210000002127,39.2814722497704,33.3625,45.137499999999996,1,1,1,1,2050,80,80,2053.0,80.0,2050.0,2050,80,78.57555385214073,45680.66825274058
4352,0,848,2,2,1315050,1317095,1559.147609,1561.147801,2.00019199999997,39.45012302513923,33.3625,45.137499999999996,1,1,1,1,2045,79,79,2045.0,80.0,2045.0,2045,80,78.90782047389803,45812.10203820502
4352,0,849,2,2,1317095,1319186,1561.147801,1563.149124,2.0013229999999567,39.495413483731284,33.3625,45.137499999999996,1,1,1,1,2091,80,80,2091.0,79.0,2091.0,2091,79,79.04307939949649,46856.50442232565
4352,0,850,2,2,1319186,1321313,1563.149124,1565.150087,2.000962999999956,39.751609363403844,33.3625,45.137499999999996,1,1,1,1,2127,80,80,2128.0,80.0,2127.0,2127,80,79.54149952662556,47421.16670823103
4352,0,851,2,2,1321313,1323299,1565.150087,1567.153054,2.002967000000126,39.48328630890331,33.3625,45.137499999999996,1,1,1,1,1986,78,78,2041.0,80.0,1986.0,1986,78,79.08371952828747,45986.77861392334
4352,0,852,2,2,1323299,1325368,1567.153054,1569.153582,2.000527999999804,39.814589031442175,33.3625,45.137499999999996,1,1,1,1,2069,80,80,2071.0,80.0,2069.0,2069,80,79.65020016588824,47038.081946370774
4352,0,853,2,2,1325368,1326000,1569.153582,1569.744248,0.5906660000000556,39.91397744632502,33.3625,45.137499999999996,1,1,1,1,632,24,24,632.0,24.0,632.0,632,24,23.575829402310774,47439.66979646257
4352,0,854,2,2,1326000,1328146,1569.744248,1571.746095,2.001846999999998,39.52926510155726,33.3625,45.137499999999996,1,1,1,1,2146,80,80,2150.0,80.0,2146.0,2146,80,79.13154075575585,46953.638315016135
4352,0,855,2,2,1328146,1330153,1571.746095,1573.749271,2.0031759999999394,39.2010518797672,33.3625,45.137499999999996,1,1,1,1,2007,80,80,2007.0,80.0,2007.0,2007,80,78.52660630030005,44963.597806684345
4352,0,856,2,2,1330153,1332191,1573.749271,1575.749764,2.000493000000006,39.57240163030863,33.3625,45.137499999999996,1,1,1,1,2038,80,80,2038.0,80.0,2038.0,2038,80,79.16431245462445,46331.07938893049
4352,0,857,2,2,1332191,1334358,1575.749764,1577.750219,2.000455000000102,39.631279640105774,33.3625,45.137499999999996,1,1,1,1,2167,80,80,2167.0,80.0,2167.0,2167,80,79.28059151245543,46519.4168326682
4352,0,858,2,2,1334358,1336361,1577.750219,1579.751301,2.0010819999999967,38.96698751652137,33.3625,45.137499999999996,1,1,1,1,2003,80,80,2004.0,80.0,2003.0,2003,80,77.9761373135334,45620.81913684704
4352,0,859,2,2,1336361,1338489,1579.751301,1581.751478,2.000176999999894,39.56669348689076,33.3625,45.137499999999996,1,1,1,1,2128,80,80,2128.0,80.0,2128.0,2128,80,79.14039027852414,46312.40135248275
4352,0,860,2,2,1338489,1339000,1581.751478,1582.237632,0.4861540000001696,39.004685256027564,33.3625,45.137499999999996,1,1,1,1,511,19,19,511.0,19.0,511.0,511,19,18.962283755965473,43294.92300792065
4352,0,861,2,2,1339000,1341091,1582.237632,1584.238613,2.0009809999999106,39.06111582012866,33.3625,45.137499999999996,1,1,1,1,2091,80,80,2095.0,80.0,2091.0,2091,80,78.16055059487553,46595.14508133969
4352,0,862,2,2,1341091,1343154,1584.238613,1586.239107,2.000494000000117,39.14032236152687,33.3625,45.137499999999996,1,1,1,1,2063,80,80,2064.0,80.0,2063.0,2063,80,78.29998004230583,46256.07474953416
4352,0,863,2,2,1343154,1344275,1586.239107,1588.253623,2.014515999999958,20.98713018270941,33.3625,45.137499999999996,1,0,0,1,1121,80,80,1121.0,81.0,1121.0,1121,81,42.27890954715258,24221.2025121672
4352,0,864,2,2,1344275,1344356,1588.253623,1590.255901,2.002277999999933,1.0054812673085853,33.3625,45.137499999999996,1,0,0,0,81,80,80,81.0,80.0,81.0,81,80,2.0132530209448305,613.3014496488705
4352,0,865,2,2,1344356,1344437,1590.255901,1592.258178,2.002277000000049,1.0051173912096794,33.3625,45.137499999999996,1,0,0,0,81,80,80,81.0,80.0,81.0,81,80,2.0125234347215155,620.7932269111463
4352,0,866,2,2,1344437,1344517,1592.258178,1594.260454,2.002275999999938,1.005221878279869,33.3625,45.137499999999996,1,0,0,0,80,80,80,80.0,80.0,80.0,80,80,2.0127316415528185,627.7855800099682
4352,0,867,2,2,1344517,1344597,1594.260454,1596.26273,2.002275999999938,1.0046494339624108,33.3625,45.137499999999996,1,0,0,0,80,80,80,80.0,80.0,80.0,80,80,2.011585450040002,629.2838749503261
4352,0,868,2,2,1344597,1344677,1596.26273,1598.265009,2.002279000000044,1.0050124980115458,33.3625,45.137499999999996,1,0,0,0,80,80,80,80.0,80.0,80.0,80,80,2.0123154195025563,611.3034197531778
4352,0,869,2,2,1344677,1344758,1598.265009,1600.267284,2.002275000000054,1.0046498400140058,33.3625,45.137499999999996,1,0,0,0,81,80,80,81.0,80.0,81.0,81,80,2.011585258413106,615.3000961406234
4352,0,870,2,2,1344758,1344892,1600.267284,1602.269561,2.002277000000049,1.6545811651993814,33.3625,45.137499999999996,1,0,0,0,134,80,80,134.0,80.0,134.0,134,80,3.31292981171282,1773.9803234017636
4352,0,871,2,2,1344892,1345117,1602.269561,1604.269917,2.0003560000000107,2.763322585389207,33.3625,45.137499999999996,1,0,0,1,225,80,80,225.0,79.0,225.0,225,79,5.527628913616354,3689.3432968931334
4352,0,872,2,2,1345117,1345340,1604.269917,1606.27249,2.002572999999984,2.7578738847440154,33.3625,45.137499999999996,1,0,0,1,223,80,80,223.0,80.0,223.0,223,80,5.522843778991955,3567.4105263578695
4352,0,873,2,2,1345340,1345588,1606.27249,1608.276393,2.0039030000000366,3.495012223928365,33.3625,45.137499999999996,1,0,0,1,248,80,80,248.0,81.0,248.0,248,81,7.003665480566269,4497.223668011793
4352,0,874,2,2,1345588,1345873,1608.276393,1610.276628,2.000234999999975,4.15677073151787,33.3625,45.137499999999996,1,0,0,1,285,80,80,285.0,79.0,285.0,285,79,8.314518304156081,5410.364282196909
4352,0,875,2,2,1345873,1346312,1610.276628,1612.277517,2.0008889999999155,7.053582139809063,33.3625,45.137499999999996,1,0,0,1,439,80,80,439.0,80.0,439.0,439,80,14.113434914143,8790.092803749105
4352,0,876,2,2,1346312,1346846,1612.277517,1614.283222,2.0057050000000345,8.659860189935499,33.3625,45.137499999999996,1,0,0,1,534,80,80,534.0,81.0,534.0,534,81,17.369124882257893,10781.24649437461
4352,0,877,2,2,1346846,1347458,1614.283222,1616.2855,2.002277999999933,10.462147865014831,33.3625,45.137499999999996,1,0,0,1,612,80,80,612.0,80.0,612.0,612,80,20.948128502866894,12685.051726084415
4352,0,878,2,2,1347458,1348230,1616.2855,1618.286167,2.0006670000000213,14.23632890687896,33.3625,45.137499999999996,1,0,0,1,772,80,80,772.0,79.0,772.0,772,79,28.482153445140284,17304.229039615104
4352,0,879,2,2,1348230,1349076,1618.286167,1620.290052,2.003885000000082,15.852250897337957,33.3625,45.137499999999996,1,0,0,1,846,80,80,846.0,81.0,846.0,846,81,31.766087789415906,18988.614616107432
4352,0,880,2,2,1349076,1350057,1620.290052,1622.290957,2.000904999999875,17.79593110146736,33.3625,45.137499999999996,1,0,0,1,981,80,80,981.0,79.0,981.0,981,79,35.607967520576494,20890.547027471373
4352,0,881,2,2,1350057,1351152,1622.290957,1624.294388,2.0034310000000914,20.13994765913547,33.3625,45.137499999999996,1,0,0,1,1095,80,80,1096.0,80.0,1096.0,1095,80,40.348995478692814,23412.835281074247
4352,0,882,2,2,1351152,1352000,1624.294388,1625.79632,1.501931999999897,20.99598887401812,33.3625,45.137499999999996,1,0,0,1,848,60,60,847.0,61.0,847.0,848,61,31.534547561532236,24836.011217553496
4352,0,883,2,2,1352000,1353311,1625.79632,1627.796314,1.9999940000000151,23.49209866041584,33.3625,45.137499999999996,1,0,0,1,1311,80,80,1312.0,79.0,1311.0,1311,79,46.98405636823736,28238.584715753932
4352,0,884,2,2,1353311,1354657,1627.796314,1629.797843,2.0015290000001187,25.19725289433606,33.3625,45.137499999999996,1,0,0,1,1346,80,80,1346.0,80.0,1346.0,1346,80,50.43303238834778,29904.138286278365
4352,0,885,2,2,1354657,1356121,1629.797843,1631.801219,2.0033759999998892,26.561978450919188,33.3625,45.137499999999996,1,0,0,1,1464,80,80,1464.0,80.0,1464.0,1464,80,53.21363014108647,31462.89064060041
4352,0,886,2,2,1356121,1357635,1631.801219,1633.805195,2.003975999999966,28.957921485576797,33.3625,45.137499999999996,1,0,0,1,1514,80,80,1515.0,80.0,1514.0,1514,80,58.0309796669826,34018.870485475454
4352,0,887,2,2,1357635,1359254,1633.805195,1635.805732,2.000537000000122,31.033971616558013,33.3625,45.137499999999996,1,0,0,1,1619,80,80,1621.0,80.0,1619.0,1619,80,62.084608475881396,36704.14493708215
4352,0,888,2,2,1359254,1361065,1635.805732,1637.806814,2.0010819999999967,32.70612539837168,33.3625,45.137499999999996,1,0,0,1,1811,80,80,1811.0,80.0,1811.0,1811,80,65.44763882442203,38558.63977588131
4352,0,889,2,2,1361065,1363031,1637.806814,1639.807269,2.0004549999998744,35.655472663862,33.3625,45.137499999999996,1,1,0,1,1966,80,80,1967.0,80.0,1966.0,1966,80,71.32716856778279,42486.33435893601
4352,0,890,2,2,1363031,1365000,1639.807269,1641.789509,1.982240000000047,36.680486677094464,33.3625,45.137499999999996,1,1,1,1,1969,79,79,1971.0,80.0,1969.0,1969,80,72.70952791080344,43350.95649366271
4352,0,891,2,2,1365000,1366950,1641.789509,1643.789664,2.0001549999999497,37.45725570835406,33.3625,45.137499999999996,1,1,1,1,1950,80,80,1954.0,79.0,1950.0,1950,79,74.92031729134033,44242.07123948005
4352,0,892,2,2,1366950,1368953,1643.789664,1645.789664,2.0,38.50651245180786,33.3625,45.137499999999996,1,1,1,1,2003,80,80,2004.0,80.0,2004.0,2003,80,77.01302490361559,45401.0
4352,0,893,2,2,1368953,1371066,1645.789664,1647.789973,2.0003090000000157,38.715054694258875,33.3625,45.137499999999996,1,1,1,1,2113,80,80,2113.0,80.0,2112.0,2113,80,77.44207234041824,44914.56070037144
4352,0,894,2,2,1371066,1373106,1647.789973,1649.79056,2.000586999999996,38.76517131734191,33.3625,45.137499999999996,1,1,1,1,2040,80,80,2041.0,80.0,2040.0,2040,80,77.55309779024537,46011.49562603385
4352,0,895,2,2,1373106,1375193,1649.79056,1651.792281,2.0017210000000887,39.26568905071892,33.3625,45.137499999999996,1,1,1,1,2087,80,80,2089.0,80.0,2087.0,2087,80,78.59895435229555,46166.773491408596
4352,0,896,2,2,1375193,1377302,1651.792281,1653.793965,2.0016840000000684,39.22055016755054,33.3625,45.137499999999996,1,1,1,1,2109,80,80,2111.0,80.0,2109.0,2109,80,78.50714774158405,45656.557178853844
4352,0,897,2,2,1377302,1378000,1653.793965,1654.41989,0.6259249999998246,38.97868975320136,33.3625,45.137499999999996,1,1,1,1,698,25,25,698.0,25.0,698.0,698,25,24.397736383762094,46615.808603280224
4352,0,898,2,2,1378000,1380100,1654.41989,1656.419988,2.0000980000002073,39.21591629766328,33.3625,45.137499999999996,1,1,1,1,2100,80,80,2103.0,80.0,2100.0,2100,80,78.43567575512861,46072.24246011468
4352,0,899,2,2,1380100,1382210,1656.419988,1658.420177,2.000188999999864,39.11224364347329,33.3625,45.137499999999996,1,1,1,1,2110,80,80,2111.0,80.0,2110.0,2110,80,78.23187950099236,46014.65161542547
4352,0,900,2,2,1382210,1384247,1658.420177,1660.422767,2.0025900000000547,39.037170268169476,33.3625,45.137499999999996,1,1,1,1,2037,80,80,2038.0,80.0,2037.0,2037,80,78.17544680733408,45471.11490619523
4352,0,901,2,2,1384247,1386336,1660.422767,1662.424363,2.001596000000063,39.199724925853666,33.3625,45.137499999999996,1,1,1,1,2089,80,80,2090.0,80.0,2089.0,2089,80,78.46201261269016,45637.581210192824
4352,0,902,2,2,1386336,1388354,1662.424363,1664.428301,2.0039379999998346,38.771644564022935,33.3625,45.137499999999996,1,1,1,1,2018,80,80,2018.0,80.0,2018.0,2018,80,77.69597186433384,45859.70224628087
4352,0,903,2,2,1388354,1390506,1664.428301,1666.428674,2.0003730000000814,39.52574744085884,33.3625,45.137499999999996,1,1,1,1,2152,80,80,2153.0,80.0,2152.0,2152,80,79.066237985513,47530.635536470516
4352,0,904,2,2,1390506,1391000,1666.428674,1666.936255,0.5075810000000729,39.231460284684644,33.3625,45.137499999999996,1,1,1,1,494,20,20,494.0,20.0,494.0,494,20,19.91314384276484,46181.79167462264
4352,0,905,2,2,1391000,1393100,1666.936255,1668.938136,2.001880999999912,39.63202165303374,33.3625,45.137499999999996,1,1,1,1,2100,80,80,2102.0,80.0,2100.0,2100,80,79.33859113879589,45141.54437751493
4352,0,906,2,2,1393100,1395144,1668.938136,1670.939687,2.001551000000063,39.4018629596291,33.3625,45.137499999999996,1,1,1,1,2044,80,80,2044.0,80.0,2044.0,2044,80,78.86483820871217,45263.89784721805
4352,0,907,2,2,1395144,1397208,1670.939687,1672.942425,2.0027379999999084,39.42482470486309,33.3625,45.137499999999996,1,1,1,1,2064,80,80,2064.0,80.0,2064.0,2064,80,78.95759457976237,46643.14553376641
4352,0,908,2,2,1397208,1399298,1672.942425,1674.94252,2.000095000000101,39.74028044676326,33.3625,45.137499999999996,1,1,1,1,2090,80,80,2090.0,80.0,2090.0,2090,80,79.48433622017183,46049.812633897556
4352,0,909,2,2,1399298,1401330,1674.94252,1676.943613,2.0010929999998552,39.369232345400306,33.3625,45.137499999999996,1,1,1,1,2032,80,80,2032.0,80.0,2032.0,2032,80,78.7814952617482,46208.247192912415
4352,0,910,2,2,1401330,1403346,1676.943613,1678.943686,2.0000730000001568,39.44875988305165,33.3625,45.137499999999996,1,1,1,1,2016,80,80,2016.0,80.0,2016.0,2016,80,78.90039952558436,46189.314090032094
4352,0,911,2,2,1403346,1404000,1678.943686,1679.585627,0.6419409999998607,39.66598292672968,33.3625,45.137499999999996,1,1,1,1,654,26,26,654.0,26.0,654.0,654,26,25.463220745965373,45437.19749946854
4352,0,912,2,2,1404000,1406106,1679.585627,1681.586794,2.001167000000123,39.4810341989016,33.3625,45.137499999999996,1,1,1,1,2106,80,80,2108.0,80.0,2106.0,2106,80,79.00814276471647,45854.743757014956
4352,0,913,2,2,1406106,1408235,1681.586794,1683.58703,2.000235999999859,39.3124619945494,33.3625,45.137499999999996,1,1,1,1,2129,79,79,2129.0,80.0,2129.0,2129,80,78.63420173012128,46457.51801287776
4352,0,914,2,2,1408235,1410318,1683.58703,1685.589209,2.002179000000069,39.99471934403083,33.3625,45.137499999999996,1,1,1,1,2083,80,80,2084.0,79.0,2083.0,2083,79,80.07658718151652,46546.78727526199
4352,0,915,2,2,1410318,1412449,1685.589209,1687.590393,2.0011839999999665,39.48507421482967,33.3625,45.137499999999996,1,1,1,1,2131,80,80,2134.0,80.0,2131.0,2131,80,79.01689875753073,46558.937109232116
4352,0,916,2,2,1412449,1414500,1687.590393,1689.591017,2.000624000000016,39.45164583985807,33.3625,45.137499999999996,1,1,1,1,2051,80,80,2051.0,80.0,2051.0,2051,80,78.9279095067177,46164.596645846126
4352,0,917,2,2,1414500,1416603,1689.591017,1691.591225,2.0002079999999296,39.125053767776194,33.3625,45.137499999999996,1,1,1,1,2103,80,80,2104.0,80.0,2103.0,2103,80,78.25824554673454,46191.196115605606
4352,0,918,2,2,1416603,1417000,1691.591225,1691.964162,0.37293700000009267,39.2975214430287,33.3625,45.137499999999996,1,1,1,1,397,15,15,397.0,15.0,397.0,397,15,14.655499754400807,45275.743624247
4352,0,919,2,2,1417000,1419022,1691.964162,1693.964139,1.9999769999999444,39.195978403174415,33.3625,45.137499999999996,1,1,1,1,2022,80,79,2025.0,80.0,2022.0,2022,79,78.39105529884546,45421.022341758195
4352,0,920,2,2,1419022,1421075,1693.964139,1695.96417,2.0000310000000354,39.163874412952055,33.3625,45.137499999999996,1,1,1,1,2053,80,80,2054.0,80.0,2053.0,2053,80,78.32896290600911,45948.28780153826
4352,0,921,2,2,1421075,1423152,1695.96417,1697.965677,2.001506999999947,39.210309745216435,33.3625,45.137499999999996,1,1,1,1,2077,79,79,2078.0,80.0,2077.0,2077,79,78.4797094272144,46169.7111226703
4352,0,922,2,2,1423152,1425231,1697.965677,1699.966385,2.0007080000000315,39.08277311823842,33.3625,45.137499999999996,1,1,1,1,2079,80,80,2079.0,80.0,2079.0,2079,80,78.1932168398489,45310.95992018754
4352,0,923,2,2,1425231,1427316,1699.966385,1701.96869,2.0023049999999785,38.922539860494844,33.3625,45.137499999999996,1,1,1,1,2085,80,80,2085.0,80.0,2085.0,2085,80,77.9347961753665,46105.86299290118
4352,0,924,2,2,1427316,1429435,1701.96869,1703.9691,2.0004100000001017,39.194984408729816,33.3625,45.137499999999996,1,1,1,1,2119,80,80,2119.0,80.0,2119.0,2119,80,78.40603876107343,46327.00296438995
4352,0,925,2,2,1429435,1430000,1703.9691,1704.500918,0.5318179999999302,39.851038050942144,33.3625,45.137499999999996,1,1,1,1,565,21,21,565.0,21.0,565.0,565,21,21.193499354172673,48003.26427462657
4352,0,926,2,2,1430000,1432049,1704.500918,1706.501471,2.0005530000000817,39.3235553461564,33.3625,45.137499999999996,1,1,1,1,2049,80,80,2051.0,80.0,2049.0,2049,80,78.66885661842389,46315.693710687105
4352,0,927,2,2,1432049,1434102,1706.501471,1708.501997,2.000526000000036,38.97562871120082,33.3625,45.137499999999996,1,1,1,1,2053,80,80,2053.0,80.0,2053.0,2053,80,77.97175860310381,45897.42897617843
4352,0,928,2,2,1434102,1436119,1708.501997,1710.502663,2.00066599999991,38.87468757128287,33.3625,45.137499999999996,1,1,1,1,2017,80,80,2017.0,80.0,2017.0,2017,80,77.77526568448229,45944.700414763945
4352,0,929,2,2,1436119,1438128,1710.502663,1712.502966,2.000303000000031,38.84743113064659,33.3625,45.137499999999996,1,1,1,1,2009,80,80,2009.0,80.0,2009.0,2009,80,77.70663303292531,44943.19110654666
4352,0,930,2,2,1438128,1440144,1712.502966,1714.504266,2.001299999999901,38.72820744561448,33.3625,45.137499999999996,1,1,1,1,2016,80,80,2020.0,80.0,2016.0,2016,80,77.50676156090776,44500.57462649498
4352,0,931,2,2,1440144,1442101,1714.504266,1716.506534,2.0022680000001856,39.01219295696979,33.3625,45.137499999999996,1,1,1,1,1957,80,80,1958.0,80.0,1957.0,1957,80,78.11286556757113,45518.382154632425
4352,0,932,2,2,1442101,1443000,1716.506534,1717.409026,0.9024919999999383,38.6491565913135,33.3625,45.137499999999996,1,1,1,1,899,36,36,900.0,36.0,899.0,899,36,34.88055463040655,45246.93847702006
4352,0,933,2,2,1443000,1444962,1717.409026,1719.410614,2.001587999999856,39.22528527520837,33.3625,45.137499999999996,1,1,1,1,1962,80,80,1963.0,80.0,1962.0,1962,80,78.51286030342453,45104.18727530666
4352,0,934,2,2,1444962,1446910,1719.410614,1721.410653,2.000039000000015,38.81590828312985,33.3625,45.137499999999996,1,1,1,1,1948,80,80,1949.0,80.0,1948.0,1948,80,77.63333038668497,44711.12813300107
4352,0,935,2,2,1446910,1448920,1721.410653,1723.412426,2.0017730000001848,38.86011446325019,33.3625,45.137499999999996,1,1,1,1,2010,80,80,2010.0,80.0,2010.0,2010,80,77.78912790944742,44851.23937628877
4352,0,936,2,2,1448920,1450961,1723.412426,1725.412527,2.0001009999998587,38.822265053350165,33.3625,45.137499999999996,1,1,1,1,2041,80,80,2043.0,80.0,2041.0,2041,80,77.64845115546632,45729.1906758741
4352,0,937,2,2,1450961,1452997,1725.412527,1727.415199,2.002672000000075,38.86518114081405,33.3625,45.137499999999996,1,1,1,1,2036,80,80,2036.0,80.0,2036.0,2036,80,77.8342100456357,45099.24740546461
4352,0,938,2,2,1452997,1455109,1727.415199,1729.415499,2.0002999999999247,39.08773649046048,33.3625,45.137499999999996,1,1,1,1,2112,80,80,2112.0,80.0,2112.0,2112,80,78.1871993018649,46754.486826977714
4352,0,939,2,2,1455109,1456000,1729.415499,1730.278795,0.8632959999999912,39.12958091431684,33.3625,45.137499999999996,1,1,1,1,891,34,34,892.0,34.0,891.0,891,34,33.780410685008974,45244.041441174755
4352,0,940,2,2,1456000,1458025,1730.278795,1732.279059,2.0002640000000156,38.72925709807109,33.3625,45.137499999999996,1,1,1,1,2025,80,80,2030.0,80.0,2025.0,2025,80,77.46873872001743,45021.55715445526
4352,0,941,2,2,1458025,1460080,1732.279059,1734.279294,2.000234999999975,38.93996098081218,33.3625,45.137499999999996,1,1,1,1,2055,80,80,2055.0,80.0,2055.0,2055,80,77.8890728524566,45870.61020330168
4352,0,942,2,2,1460080,1462051,1734.279294,1736.279424,2.0001300000001265,39.42774036817712,33.3625,45.137499999999996,1,1,1,1,1971,80,80,1972.0,80.0,1971.0,1971,80,78.86060634260502,45317.554358963804
4352,0,943,2,2,1462051,1464100,1736.279424,1738.280273,2.0008490000000165,38.9287993735663,33.3625,45.137499999999996,1,1,1,1,2049,80,80,2049.0,80.0,2049.0,2049,80,77.89064929779852,44657.54287305002
4352,0,944,2,2,1464100,1466152,1738.280273,1740.284308,2.0040349999999307,39.23570184258739,33.3625,45.137499999999996,1,1,1,1,2052,79,79,2055.0,80.0,2052.0,2052,79,78.62971974210814,45315.07683249201
4352,0,945,2,2,1466152,1468230,1740.284308,1742.287051,2.0027430000000095,39.324572360105144,33.3625,45.137499999999996,1,1,1,1,2078,80,80,2078.0,80.0,2078.0,2078,80,78.75701202219352,46117.74950655155
4352,0,946,2,2,1468230,1469000,1742.287051,1743.038995,0.7519440000000941,39.485971630189965,33.3625,45.137499999999996,1,1,1,1,770,30,30,770.0,30.0,770.0,770,30,29.691239451494766,45160.277893028935
4352,0,947,2,2,1469000,1471060,1743.038995,1745.039094,2.0000989999998637,38.78833641483056,33.3625,45.137499999999996,1,1,1,1,2060,80,80,2064.0,80.0,2060.0,2060,80,77.58051287496346,44651.78973641109
4352,0,948,2,2,1471060,1473223,1745.039094,1747.0392,2.0001059999999597,39.151837369729705,33.3625,45.137499999999996,1,1,1,1,2163,80,80,2164.0,80.0,2163.0,2163,80,78.30782483422081,46847.517081595615
4352,0,949,2,2,1473223,1475250,1747.0392,1749.040728,2.0015280000000075,39.0796466402241,33.3625,45.137499999999996,1,1,1,1,2027,80,80,2027.0,80.0,2027.0,2027,80,78.21900698051468,45899.9324516068
4352,0,950,2,2,1475250,1477304,1749.040728,1751.041439,2.0007110000001376,38.66700346497953,33.3625,45.137499999999996,1,1,1,1,2054,80,80,2054.0,80.0,2054.0,2054,80,77.36149916942668,45097.96767248933
4352,0,951,2,2,1477304,1479408,1751.041439,1753.042475,2.0010359999998855,38.728761321477215,33.3625,45.137499999999996,1,1,1,1,2104,80,80,2104.0,80.0,2104.0,2104,80,77.4976456396762,45786.78244669524
4352,0,952,2,2,1479408,1481397,1753.042475,1755.04271,2.000234999999975,39.0679026007926,33.3625,45.137499999999996,1,1,1,1,1989,79,79,1990.0,79.0,1989.0,1989,79,78.14498615869525,44891.225281030034
4352,0,953,2,2,1481397,1482000,1755.04271,1755.612099,0.569389000000001,39.17247616562337,33.3625,45.137499999999996,1,1,1,1,603,23,23,603.0,23.0,603.0,603,23,22.304377031468903,46209.18212329348
4352,0,954,2,2,1482000,1484004,1755.612099,1757.612269,2.0001700000000255,39.11120678791435,33.3625,45.137499999999996,1,1,1,1,2004,80,80,2006.0,80.0,2004.0,2004,80,78.22906248098298,44994.67545258596
4352,0,955,2,2,1484004,1486138,1757.612269,1759.612974,2.0007049999999253,38.83528922549683,33.3625,45.137499999999996,1,1,1,1,2134,79,79,2135.0,80.0,2134.0,2134,79,77.69795732989587,45791.35854611421
4352,0,956,2,2,1486138,1488229,1759.612974,1761.613229,2.000255000000152,39.05756412977963,33.3625,45.137499999999996,1,1,1,1,2091,80,80,2093.0,80.0,2091.0,2091,80,78.12508793841698,46660.550779772035
4352,0,957,2,2,1488229,1490410,1761.613229,1763.616245,2.0030159999998887,39.13768488427368,33.3625,45.137499999999996,1,1,1,1,2181,80,80,2182.0,80.0,2181.0,2181,80,78.39340902615368,47119.943125768965
4352,0,958,2,2,1490410,1492613,1763.616245,1765.616225,1.9999800000000505,39.1968576984916,33.3625,45.137499999999996,1,1,1,1,2203,80,80,2203.0,80.0,2203.0,2203,80,78.3929314598281,46128.46128461168
4352,0,959,2,2,1492613,1494693,1765.616225,1767.618037,2.0018119999999726,39.17396614784595,33.3625,45.137499999999996,1,1,1,1,2080,80,80,2081.0,80.0,2080.0,2080,80,78.41891552235029,45576.20795559286
4352,0,960,2,2,1494693,1495000,1767.618037,1767.920557,0.3025199999999586,39.03831561196099,33.3625,45.137499999999996,1,1,1,1,307,12,12,307.0,12.0,307.0,307,12,11.809871238925552,44337.56445855426
4352,0,961,2,2,1495000,1496992,1767.920557,1769.921431,2.000874000000067,38.89634018024022,33.3625,45.137499999999996,1,1,1,1,1992,80,80,1999.0,80.0,1992.0,1992,80,77.82667576180393,46078.86353663295
4352,0,962,2,2,1496992,1497203,1769.921431,1771.937495,2.016063999999915,3.698052876267852,33.3625,45.137499999999996,1,0,0,1,211,80,80,211.0,81.0,211.0,211,81,7.455511273939919,3570.32316434414
4352,0,963,2,2,1497203,1497285,1771.937495,1773.939774,2.002279000000044,1.0117777388997242,33.3625,45.137499999999996,1,0,0,0,82,80,80,82.0,80.0,82.0,82,80,2.0258613192636403,645.7641517490677
4352,0,964,2,2,1497285,1497365,1773.939774,1775.942049,2.002275000000054,1.008136548052623,33.3625,45.137499999999996,1,0,0,0,80,80,80,80.0,80.0,80.0,80,80,2.018566606755485,659.7495349040288
4352,0,965,2,2,1497365,1497445,1775.942049,1777.944328,2.002279000000044,1.0066257477618037,33.3625,45.137499999999996,1,0,0,0,80,80,80,80.0,80.0,80.0,80,80,2.0155455956046353,663.7436640947494
4352,0,966,2,2,1497445,1497525,1777.944328,1779.946603,2.002275000000054,1.0064712546610446,33.3625,45.137499999999996,1,0,0,0,80,80,80,80.0,80.0,80.0,80,80,2.0152322314243065,637.7745314704351
4352,0,967,2,2,1497525,1497605,1779.946603,1781.948879,2.002275999999938,1.0063147265222891,33.3625,45.137499999999996,1,0,0,0,80,80,80,80.0,80.0,80.0,80,80,2.0149198253639042,648.7617091749789
4352,0,968,2,2,1497605,1497687,1781.948879,1783.951158,2.002279000000044,1.0071461509070483,33.3625,45.137499999999996,1,0,0,0,82,80,80,82.0,80.0,82.0,82,80,2.0165875878956285,645.7641517490677
4352,0,969,2,2,1497687,1497768,1783.951158,1785.953438,2.002279999999928,1.0061049378388518,33.3625,45.137499999999996,1,0,0,0,81,80,80,81.0,80.0,81.0,81,80,2.014503794933262,657.2507341630778
4352,0,970,2,2,1497768,1497848,1785.953438,1787.955714,2.002275999999938,1.005742282204831,33.3625,45.137499999999996,1,0,0,0,80,80,80,80.0,80.0,80.0,80,80,2.0137736338438117,631.2816015374699
4352,0,971,2,2,1497848,1497928,1787.955714,1789.957991,2.002277000000049,1.0057418756077463,33.3625,45.137499999999996,1,0,0,0,80,80,80,80.0,80.0,80.0,80,80,2.0137738254634314,666.7409154677237
4352,0,972,2,2,1497928,1498008,1789.957991,1791.96027,2.002279000000044,1.0060533043020348,33.3625,45.137499999999996,1,0,0,0,80,80,80,80.0,80.0,80.0,80,80,2.0143994040845428,661.2465096022936
4352,0,973,2,2,1498008,1498089,1791.96027,1793.962546,2.002275999999938,1.0069392112322435,33.3625,45.137499999999996,1,0,0,0,81,80,80,81.0,80.0,81.0,81,80,2.01617021610582,627.7855800099682
4352,0,974,2,2,1498089,1498270,1793.962546,1795.964825,2.002279000000044,2.3992766047506424,33.3625,45.137499999999996,1,0,0,1,181,80,80,181.0,80.0,181.0,181,80,4.804021160882257,3062.5102695477826
4352,0,975,2,2,1498270,1498493,1795.964825,1797.965258,2.00043299999993,2.7454093849930694,33.3625,45.137499999999996,1,0,0,1,223,80,80,223.0,79.0,223.0,223,79,5.492007532251591,3692.2006385618806
4352,0,976,2,2,1498493,1498698,1797.965258,1799.969377,2.004118999999946,2.7466395780127635,33.3625,45.137499999999996,1,0,0,1,205,80,80,205.0,81.0,205.0,205,81,5.504592564444465,3671.937644421413
4352,0,977,2,2,1498698,1498996,1799.969377,1801.971653,2.0022760000001654,4.222723225141593,33.3625,45.137499999999996,1,0,0,1,298,80,80,298.0,80.0,298.0,298,80,8.45505736834457,5555.178207199748
4352,0,978,2,2,1498996,1499347,1801.971653,1803.973677,2.002023999999892,5.349734663706602,33.3625,45.137499999999996,1,0,0,1,351,80,80,351.0,79.0,351.0,351,79,10.71029719037324,6772.1465876536595
4352,0,979,2,2,1499347,1499772,1803.973677,1805.976208,2.00253100000009,7.196251823581609,33.3625,45.137499999999996,1,0,0,1,425,80,80,425.0,81.0,425.0,425,81,14.410717360529816,8918.214000182368
4352,0,980,2,2,1499772,1500388,1805.976208,1807.978485,2.002277000000049,10.280740276798658,33.3625,45.137499999999996,1,0,0,1,616,80,80,616.0,80.0,616.0,616,80,20.58488979921094,12767.963673357568
4352,0,981,2,2,1500388,1501095,1807.978485,1809.97861,2.000124999999798,12.101943945009797,33.3625,45.137499999999996,1,0,0,1,707,80,80,707.0,79.0,707.0,707,79,24.20540063300723,14789.575651523273
4352,0,982,2,2,1501095,1501967,1809.97861,1811.981042,2.002431999999999,14.995648403347309,33.3625,45.137499999999996,1,0,0,1,872,80,80,872.0,80.0,872.0,872,80,30.027766223611252,18046.555388647415
4352,0,983,2,2,1501967,1502953,1811.981042,1813.981932,2.0008900000000267,17.23040877891945,33.3625,45.137499999999996,1,0,0,1,986,80,80,986.0,80.0,986.0,986,80,34.476152621653455,20824.732993817473
4352,0,984,2,2,1502953,1503949,1813.981932,1815.982064,2.0001320000001215,18.50764807676172,33.3625,45.137499999999996,1,0,0,1,996,80,80,999.0,80.0,996.0,996,80,37.01773916307138,22539.01242517857
4352,0,985,2,2,1503949,1505051,1815.982064,1817.985081,2.003017,20.457290030182865,33.3625,45.137499999999996,1,0,0,1,1102,80,80,1102.0,80.0,1102.0,1102,80,40.9762997043872,24490.05674939354
4352,0,986,2,2,1505051,1506331,1817.985081,1819.985439,2.0003580000000056,22.488871145289895,33.3625,45.137499999999996,1,0,0,1,1280,80,80,1280.0,80.0,1280.0,1280,80,44.98579330644861,27252.12187018516
4352,0,987,2,2,1506331,1507672,1819.985439,1821.986158,2.00071899999989,24.069148654085073,33.3625,45.137499999999996,1,0,0,1,1341,80,80,1341.0,80.0,1341.0,1341,80,48.155603026047174,28853.62712105157
4352,0,988,2,2,1507672,1508000,1821.986158,1822.413675,0.42751700000007986,26.335205190361844,33.3625,45.137499999999996,1,0,0,1,328,17,17,328.0,17.0,328.0,328,17,11.258747917367145,32253.68815742397
4352,0,989,2,2,1508000,1509400,1822.413675,1824.416488,2.00281300000006,26.42054363723756,33.3625,45.137499999999996,1,0,0,1,1400,80,80,1400.0,80.0,1400.0,1400,80,52.91540826372511,31348.40846349515
4352,0,990,2,2,1509400,1511022,1824.416488,1826.420231,2.003742999999986,29.43906355971502,33.3625,45.137499999999996,1,0,0,1,1622,80,80,1622.0,80.0,1622.0,1622,80,58.98831753433478,35155.20703004352
4352,0,991,2,2,1511022,1512608,1826.420231,1828.420247,2.0000159999999596,30.754210016336113,33.3625,45.137499999999996,1,0,0,1,1586,80,80,1586.0,80.0,1586.0,1586,80,61.50891210003465,35432.216542268376
4352,0,992,2,2,1512608,1514350,1828.420247,1830.420496,2.0002489999999398,32.78785590876226,33.3625,45.137499999999996,1,0,0,1,1742,80,80,1742.0,80.0,1742.0,1742,80,65.58387599364505,38388.22066652817
4352,0,993,2,2,1514350,1516249,1830.420496,1832.424259,2.0037629999999353,34.73260414063405,33.3625,45.137499999999996,1,1,0,1,1899,80,80,1899.0,80.0,1899.0,1899,80,69.5959070706449,40736.853609934224
4352,0,994,2,2,1516249,1518163,1832.424259,1834.424369,2.000110000000177,36.07482125577701,33.3625,45.137499999999996,1,1,1,1,1914,80,80,1915.0,80.0,1915.0,1914,80,72.1536107419015,42458.16480093219
4352,0,995,2,2,1518163,1520203,1834.424369,1836.427113,2.0027439999998933,37.66584076469103,33.3625,45.137499999999996,1,1,1,1,2040,80,80,2039.0,80.0,2039.0,2040,80,75.43503659643466,44250.78791897753
4352,0,996,2,2,1520203,1521000,1836.427113,1837.188598,0.7614849999999933,37.87362460440484,33.3625,45.137499999999996,1,1,1,1,797,31,31,798.0,31.0,797.0,797,31,28.840197031888238,46292.441742122704
4352,0,997,2,2,1521000,1522966,1837.188598,1839.188975,2.0003770000000713,38.42219855879215,33.3625,45.137499999999996,1,1,1,1,1966,79,79,1967.0,80.0,1966.0,1966,80,76.85888228644035,44564.59957297891
4352,0,998,2,2,1522966,1524927,1839.188975,1841.189405,2.0004300000000512,38.17069247637971,33.3625,45.137499999999996,1,1,1,1,1961,80,80,1961.0,79.0,1961.0,1961,79,76.35779835052381,44087.52118294454
4352,0,999,2,2,1524927,1527044,1841.189405,1843.191001,2.001595999999836,39.259383476509115,33.3625,45.137499999999996,1,1,1,1,2117,80,80,2117.0,80.0,2117.0,2117,80,78.58142492904153,47020.47765883211
4352,0,1000,2,2,1527044,1529142,1843.191001,1845.191118,2.0001170000000457,39.30249475857276,33.3625,45.137499999999996,1,1,1,1,2098,80,80,2099.0,80.0,2098.0,2098,80,78.60958790903533,46598.77397172159
4352,0,1001,2,2,1529142,1531116,1845.191118,1847.192683,2.001565000000028,38.4963368662193,33.3625,45.137499999999996,1,1,1,1,1974,80,80,1974.0,80.0,1974.0,1974,80,77.05292049963464,44750.482747249654
4352,0,1002,2,2,1531116,1533199,1847.192683,1849.193269,2.000586000000112,39.441662184933435,33.3625,45.137499999999996,1,1,1,1,2083,80,80,2083.0,80.0,2083.0,2083,80,78.9064371839122,46042.00969115791
4352,0,1003,2,2,1533199,1534000,1849.193269,1850.0108,0.8175309999999172,39.79538714191572,33.3625,45.137499999999996,1,1,1,1,801,33,33,801.0,33.0,801.0,801,33,32.53396264551702,45522.432788486025
4352,0,1004,2,2,1534000,1534181,1850.0108,1852.028576,2.0177759999999125,3.255719312628413,33.3625,45.137499999999996,1,0,0,1,181,80,80,182.0,81.0,181.0,181,81,6.569312291758251,3270.432396856879
4352,0,1005,2,2,1534181,1534261,1852.028576,1854.030853,2.002277000000049,1.011049992991316,33.3625,45.137499999999996,1,0,0,0,80,80,80,80.0,80.0,80.0,80,80,2.0244021468170104,668.239209659786
4352,0,1006,2,2,1534261,1534341,1854.030853,1856.033131,2.002277999999933,1.0079271633127906,33.3625,45.137499999999996,1,0,0,0,80,80,80,80.0,80.0,80.0,80,80,2.0181503847052227,646.7633365596802
4352,0,1007,2,2,1534341,1534422,1856.033131,1858.035406,2.002275000000054,1.0080845076341363,33.3625,45.137499999999996,1,0,0,0,81,80,80,81.0,80.0,81.0,81,80,2.0184624075263855,657.7518073191567
4352,0,1008,2,2,1534422,1534502,1858.035406,1860.037684,2.002277999999933,1.0066781951404304,33.3625,45.137499999999996,1,0,0,0,80,80,80,80.0,80.0,80.0,80,80,2.015649603206839,636.275282453307
4352,0,1009,2,2,1534502,1534582,1860.037684,1862.039959,2.002275000000054,1.0064192142425579,33.3625,45.137499999999996,1,0,0,0,80,80,80,80.0,80.0,80.0,80,80,2.015128032195207,648.762033187232
4352,0,1010,2,2,1534582,1534662,1862.039959,1864.042238,2.002279000000044,1.0069379896489505,33.3625,45.137499999999996,1,0,0,0,80,80,80,80.0,80.0,80.0,80,80,2.0161707909792312,673.7322820645726
4352,0,1011,2,2,1534662,1534836,1864.042238,1866.044513,2.002275000000054,2.2877583982251086,33.3625,45.137499999999996,1,0,0,1,174,80,80,174.0,80.0,174.0,174,80,4.580721446807729,2796.319186924797
4352,0,1012,2,2,1534836,1535030,1866.044513,1868.046791,2.002277999999933,2.7620509210521695,33.3625,45.137499999999996,1,0,0,1,194,80,80,194.0,80.0,194.0,194,80,5.530393794098927,3647.845104426181
4352,0,1013,2,2,1535030,1535244,1868.046791,1870.049067,2.002275999999938,3.099431353111705,33.3625,45.137499999999996,1,0,0,1,214,80,80,214.0,80.0,214.0,214,80,6.2059170119828195,4089.3463238835475
4352,0,1014,2,2,1535244,1535545,1870.049067,1872.051345,2.0022780000001603,4.045677960194922,33.3625,45.137499999999996,1,0,0,1,301,80,80,301.0,80.0,301.0,301,80,8.100571974784543,5280.984958132264
4352,0,1015,2,2,1535545,1535948,1872.051345,1874.053621,2.002275999999938,6.102890565637041,33.3625,45.137499999999996,1,0,0,1,403,80,80,403.0,80.0,403.0,403,80,12.219671310202102,7615.833181839303
4352,0,1016,2,2,1535948,1536407,1874.053621,1876.054993,2.0013719999999466,7.640352294860258,33.3625,45.137499999999996,1,0,0,1,459,80,80,459.0,79.0,459.0,459,79,15.291187153066858,9536.957647054374
4352,0,1017,2,2,1536407,1536992,1876.054993,1878.057661,2.002668000000085,10.751985207052714,33.3625,45.137499999999996,1,0,0,1,585,80,80,585.0,80.0,585.0,585,80,21.53265671063855,13045.597173370168
4352,0,1018,2,2,1536992,1537817,1878.057661,1880.060452,2.0027909999998883,13.351958810117248,33.3625,45.137499999999996,1,0,0,1,825,80,80,825.0,81.0,825.0,825,81,26.741182937272242,16206.383991141267
4352,0,1019,2,2,1537817,1538667,1880.060452,1882.061371,2.000919000000067,14.7344345935224,33.3625,45.137499999999996,1,0,0,1,850,80,80,850.0,79.0,850.0,850,79,29.48241013243387,17988.234406289706
4352,0,1020,2,2,1538667,1539683,1882.061371,1884.06263,2.001258999999891,17.8316068936875,33.3625,45.137499999999996,1,0,0,1,1016,80,80,1016.0,80.0,1016.0,1016,80,35.68566378045216,21600.902232046104
4352,0,1021,2,2,1539683,1540699,1884.06263,1886.067282,2.0046520000000783,19.254503127943103,33.3625,45.137499999999996,1,0,0,1,1016,80,80,1016.0,81.0,1016.0,1016,81,38.59857820443722,23049.38712554508
4352,0,1022,2,2,1540699,1541861,1886.067282,1888.067638,2.0003560000000107,20.662918576714972,33.3625,45.137499999999996,1,0,0,1,1162,80,80,1163.0,79.0,1162.0,1162,79,41.33319315244444,25002.049635164807
4352,0,1023,2,2,1541861,1543090,1888.067638,1890.071296,2.0036580000000868,23.657768134328872,33.3625,45.137499999999996,1,0,0,1,1229,80,80,1230.0,80.0,1229.0,1229,80,47.40207638449647,28392.070902318428
4352,0,1024,2,2,1543090,1544429,1890.071296,1892.071407,2.0001109999998334,24.853064967129367,33.3625,45.137499999999996,1,0,0,1,1339,80,80,1341.0,80.0,1339.0,1339,80,49.70888862446736,29716.850714787804
4352,0,1025,2,2,1544429,1545918,1892.071407,1894.07205,2.000643000000082,26.350608329280398,33.3625,45.137499999999996,1,0,0,1,1489,80,80,1489.0,80.0,1489.0,1489,80,52.71816009972099,31537.360738521274
4352,0,1026,2,2,1545918,1547000,1894.07205,1895.448561,1.3765109999999368,29.119035050784493,33.3625,45.137499999999996,1,0,0,1,1082,55,55,1082.0,55.0,1082.0,1082,55,40.08267205678567,34991.36585178194
4352,0,1027,2,2,1547000,1548537,1895.448561,1897.449629,2.001068000000032,29.634064127688028,33.3625,45.137499999999996,1,0,0,1,1537,80,80,1539.0,80.0,1537.0,1537,80,59.29977743586642,35115.24845732323
4352,0,1028,2,2,1548537,1550238,1897.449629,1899.451371,2.0017420000001493,32.28006388815013,33.3625,45.137499999999996,1,0,0,1,1701,80,80,1704.0,80.0,1701.0,1701,80,64.61635964759625,37228.57391211976
4352,0,1029,2,2,1550238,1552071,1899.451371,1901.453922,2.002550999999812,33.96021044164425,33.3625,45.137499999999996,1,1,0,1,1833,80,80,1836.0,80.0,1833.0,1833,80,68.00705338011903,40179.25136488786
4352,0,1030,2,2,1552071,1553829,1901.453922,1903.454465,2.000543000000107,34.90211095699211,33.3625,45.137499999999996,1,1,1,1,1758,80,80,1759.0,80.0,1758.0,1758,80,69.82317376024002,40351.044691364135
4352,0,1031,2,2,1553829,1555814,1903.454465,1905.454721,2.000256000000036,38.225880807376846,33.3625,45.137499999999996,1,1,1,1,1985,80,80,1985.0,80.0,1985.0,1985,80,76.46154744024534,44279.332245471785
4352,0,1032,2,2,1555814,1557781,1905.454721,1907.455554,2.0008329999998296,38.34823197758757,33.3625,45.137499999999996,1,1,1,1,1967,80,80,1968.0,80.0,1967.0,1967,80,76.72840803240251,44041.156858172326
4352,0,1033,2,2,1557781,1559826,1907.455554,1909.456259,2.0007050000001527,38.268228512122406,33.3625,45.137499999999996,1,1,1,1,2045,80,80,2046.0,80.0,2045.0,2045,80,76.5634361253542,46083.25565237902
4352,0,1034,2,2,1559826,1560000,1909.456259,1909.612848,0.15658899999993992,38.84719466054208,33.3625,45.137499999999996,1,1,1,1,174,6,6,174.0,6.0,174.0,174,6,6.083043364698824,48687.96658771003
4352,0,1035,2,2,1560000,1562155,1909.612848,1911.613886,2.001038000000108,38.64655225921493,33.3625,45.137499999999996,1,1,1,1,2155,80,80,2160.0,80.0,2155.0,2155,80,77.33321963968046,45973.63968100308
4352,0,1036,2,2,1562155,1564285,1911.613886,1913.615795,2.0019089999998414,38.74240511179389,33.3625,45.137499999999996,1,1,1,1,2130,80,80,2131.0,80.0,2130.0,2130,80,77.55876947494107,45719.36087005316
4352,0,1037,2,2,1564285,1566181,1913.615795,1915.616236,2.000441000000137,38.14121010902644,33.3625,45.137499999999996,1,1,1,1,1896,80,80,1896.0,80.0,1896.0,1896,80,76.29924049171677,44091.77776300024
4352,0,1038,2,2,1566181,1568270,1915.616236,1917.616605,2.000368999999864,38.55674366284329,33.3625,45.137499999999996,1,1,1,1,2089,80,80,2089.0,80.0,2089.0,2089,80,77.12771476409398,45504.10449272418
4352,0,1039,2,2,1568270,1570321,1917.616605,1919.617458,2.0008530000000064,38.443152222470815,33.3625,45.137499999999996,1,1,1,1,2051,80,80,2052.0,80.0,2051.0,2051,80,76.91909645378473,44606.47533826809
4352,0,1040,2,2,1570321,1572374,1919.617458,1921.61793,2.000471999999945,38.405173536908165,33.3625,45.137499999999996,1,1,1,1,2053,80,80,2055.0,80.0,2053.0,2053,80,76.82847431572009,45722.20955854544
4352,0,1041,2,2,1572374,1573000,1921.61793,1922.258442,0.6405120000001716,38.658556451691936,33.3625,45.137499999999996,1,1,1,1,626,25,25,626.0,26.0,626.0,626,26,24.761269309994532,43318.47022380934
4352,0,1042,2,2,1573000,1575005,1922.258442,1924.258431,1.999988999999914,38.6145699799594,33.3625,45.137499999999996,1,1,1,1,2005,80,80,2006.0,79.0,2005.0,2005,79,77.22871519964247,45520.75036412896
4352,0,1043,2,2,1575005,1577028,1924.258431,1926.258683,2.000252000000046,38.64843150779898,33.3625,45.137499999999996,1,1,1,1,2023,80,80,2029.0,80.0,2023.0,2023,80,77.30660242033628,45611.25298212321
4352,0,1044,2,2,1577028,1579099,1926.258683,1928.260103,2.001420000000053,39.298481915496566,33.3625,45.137499999999996,1,1,1,1,2071,80,80,2072.0,80.0,2071.0,2071,80,78.65276767531759,46497.98642963373
4352,0,1045,2,2,1579099,1581195,1928.260103,1930.264706,2.004602999999861,39.43188297600679,33.3625,45.137499999999996,1,1,1,1,2096,80,80,2096.0,80.0,2096.0,2096,80,79.04527090934425,46434.131845560674
4352,0,1046,2,2,1581195,1583274,1930.264706,1932.264742,2.0000360000001365,39.828868690655746,33.3625,45.137499999999996,1,1,1,1,2079,80,80,2085.0,80.0,2079.0,2079,80,79.65917122059182,47115.15192726209
4352,0,1047,2,2,1583274,1585460,1932.264742,1934.265666,2.000923999999941,40.368434249148635,33.3625,45.137499999999996,1,1,1,1,2186,80,80,2186.0,80.0,2186.0,2186,80,80.77416893154441,47663.47947248512
4352,0,1048,2,2,1585460,1586000,1934.265666,1934.751088,0.4854219999999714,40.14057751474191,33.3625,45.137499999999996,1,1,1,1,540,20,20,540.0,20.0,540.0,540,20,19.4851194183575,46755.194449368464
4352,0,1049,2,2,1586000,1588077,1934.751088,1936.751621,2.000532999999905,39.92512009861325,33.3625,45.137499999999996,1,1,1,1,2077,80,80,2080.0,80.0,2077.0,2077,80,79.87152028623677,45826.28729443821
4352,0,1050,2,2,1588077,1590148,1936.751621,1938.751959,2.000338000000056,40.004108409668476,33.3625,45.137499999999996,1,1,1,1,2071,79,79,2071.0,79.0,2071.0,2071,79,80.02173820797907,46078.71269755282
4352,0,1051,2,2,1590148,1592239,1938.751959,1940.752256,2.000297000000046,39.82609302446598,33.3625,45.137499999999996,1,1,1,1,2091,80,80,2093.0,80.0,2091.0,2091,80,79.66401439856418,46945.02866324243
4352,0,1052,2,2,1592239,1594310,1940.752256,1942.752788,2.000532000000021,39.74487114592529,33.3625,45.137499999999996,1,1,1,1,2071,79,79,2076.0,80.0,2071.0,2071,79,79.51088656330103,46056.24903775547
4352,0,1053,2,2,1594310,1596476,1942.752788,1944.754676,2.001888000000008,39.60440108901045,33.3625,45.137499999999996,1,1,1,1,2166,80,80,2166.0,80.0,2166.0,2166,80,79.28357528727793,46988.64272127093
4352,0,1054,2,2,1596476,1598535,1944.754676,1946.755087,2.0004109999999855,39.516978553863595,33.3625,45.137499999999996,1,1,1,1,2059,80,80,2059.0,80.0,2059.0,2059,80,79.0501985859155,46795.383548681086
4352,0,1055,2,2,1598535,1599000,1946.755087,1947.220939,0.4658520000000408,39.66570410925319,33.3625,45.137499999999996,1,1,1,1,465,19,19,465.0,19.0,465.0,465,19,18.47834759070247,46420.322334127806
4352,0,1056,2,2,1599000,1601094,1947.220939,1949.222334,2.0013950000000023,39.429284851194595,33.3625,45.137499999999996,1,1,1,1,2094,80,80,2097.0,80.0,2094.0,2094,80,78.91357355475338,47046.684937256214
4352,0,1057,2,2,1601094,1603227,1949.222334,1951.222673,2.00033899999994,38.97842094867881,33.3625,45.137499999999996,1,1,1,1,2133,80,80,2133.0,80.0,2133.0,2133,80,77.97005558206001,46549.60984113333
4352,0,1058,2,2,1603227,1605232,1951.222673,1953.225443,2.002770000000055,39.194548208331724,33.3625,45.137499999999996,1,1,1,1,2005,80,80,2006.0,80.0,2005.0,2005,80,78.49766531520436,44236.732126004266
4352,0,1059,2,2,1605232,1607298,1953.225443,1955.225978,2.0005349999999,39.555688722238244,33.3625,45.137499999999996,1,1,1,1,2066,80,80,2067.0,80.0,2066.0,2066,80,79.13253973794053,45329.87425863808
4352,0,1060,2,2,1607298,1609432,1955.225978,1957.22625,2.0002719999999954,39.598944032410266,33.3625,45.137499999999996,1,1,1,1,2134,80,80,2137.0,80.0,2134.0,2134,80,79.20865897759359,46342.69739315464
4352,0,1061,2,2,1609432,1611474,1957.22625,1959.227629,2.0013790000000427,38.99158648903829,33.3625,45.137499999999996,1,1,1,1,2042,80,80,2042.0,80.0,2042.0,2042,80,78.03694237584568,45254.297162105766
4352,0,1062,2,2,1611474,1612000,1959.227629,1959.713185,0.4855560000000878,39.022657475053116,33.3625,45.137499999999996,1,1,1,1,526,19,19,527.0,19.0,526.0,526,19,18.947685472958256,47090.34591271834
4352,0,1063,2,2,1612000,1614046,1959.713185,1961.716329,2.0031440000000202,39.00525567805495,33.3625,45.137499999999996,1,1,1,1,2046,80,80,2050.0,80.0,2046.0,2046,80,78.1331438799607,45119.07281753039
4352,0,1064,2,3,1614046,1615944,1961.716329,1963.718377,2.0020479999998315,31.067211397518737,33.3625,45.137499999999996,1,0,0,1,1898,80,80,1898.0,80.0,1898.0,1898,80,78.00716539246787,36536.03838530458
4352,0,1065,3,3,1615944,1617974,1963.718377,1965.719669,2.0012920000001486,39.15681244053803,33.3625,45.137499999999996,1,1,0,1,2030,80,80,2030.0,80.0,2030.0,2030,80,78.36421548275393,46205.15147214556
4352,0,1066,3,3,1617974,1620011,1965.719669,1967.720311,2.0006419999999707,39.07827491293243,33.3625,45.137499999999996,1,1,1,1,2037,80,80,2037.0,80.0,2037.0,2037,80,78.18163807835663,45933.25542500924
4352,0,1067,3,3,1620011,1622080,1967.720311,1969.720932,2.00062099999991,38.86258889288802,33.3625,45.137499999999996,1,1,1,1,2069,80,80,2076.0,80.0,2069.0,2069,80,77.74931145347364,45551.356303869696
4352,0,1068,3,3,1622080,1624132,1969.720932,1971.721325,2.000393000000031,38.928201537177166,33.3625,45.137499999999996,1,1,1,1,2052,80,80,2053.0,80.0,2052.0,2052,80,77.87170185756258,44799.6968595664
4352,0,1069,3,3,1624132,1625000,1971.721325,1972.573315,0.8519900000001144,38.74578959820012,33.3625,45.137499999999996,1,1,1,1,868,34,34,868.0,34.0,868.0,868,34,33.01102527977491,45193.01869739648
4352,0,1070,3,3,1625000,1626988,1972.573315,1974.574063,2.0007479999999305,38.80274189415364,33.3625,45.137499999999996,1,1,1,1,1988,80,80,1992.0,80.0,1988.0,1988,80,77.63450823924359,44927.697041308114
4352,0,1071,3,3,1626988,1629005,1974.574063,1976.574209,2.000146000000086,38.810768381792265,33.3625,45.137499999999996,1,1,1,1,2017,80,80,2017.0,80.0,2017.0,2017,80,77.62720313577302,45247.69691812303
4352,0,1072,3,3,1629005,1630947,1976.574209,1978.576186,2.001976999999897,39.087944650126836,33.3625,45.137499999999996,1,1,1,1,1942,80,80,1942.0,80.0,1942.0,1942,80,78.2531661668254,45661.86324818152
4352,0,1073,3,3,1630947,1632989,1978.576186,1980.57652,2.0003340000000662,38.853708066471114,33.3625,45.137499999999996,1,1,1,1,2042,80,80,2044.0,80.0,2042.0,2042,80,77.72039327144012,45295.93557875685
4352,0,1074,3,3,1632989,1635127,1980.57652,1982.576575,2.000054999999975,38.81528670824996,33.3625,45.137499999999996,1,1,1,1,2138,79,79,2139.0,79.0,2138.0,2138,79,77.63270825726795,46009.23474604506
4352,0,1075,3,3,1635127,1637147,1982.576575,1984.577591,2.001015999999936,39.065539119174446,33.3625,45.137499999999996,1,1,1,1,2020,80,80,2020.0,80.0,2020.0,2020,80,78.17076882609399,46294.48240294079
4352,0,1076,3,3,1637147,1638000,1984.577591,1985.433842,0.8562509999999293,39.02001262425715,33.3625,45.137499999999996,1,1,1,1,853,35,35,856.0,35.0,853.0,853,35,33.410924829528085,46682.5732174366
4352,0,1077,3,3,1638000,1640100,1985.433842,1987.434365,2.0005230000001575,39.23820028163505,33.3625,45.137499999999996,1,1,1,1,2100,80,80,2104.0,80.0,2100.0,2100,80,78.49692214202514,46121.93911291834
4352,0,1078,3,3,1640100,1642120,1987.434365,1989.434826,2.0004609999998593,38.88333955648482,33.3625,45.137499999999996,1,1,1,1,2020,79,79,2020.0,80.0,2020.0,2020,80,77.78460433249711,44566.7273693445
4352,0,1079,3,3,1642120,1644228,1989.434826,1991.436688,2.0018620000000737,39.33976439581995,33.3625,45.137499999999996,1,1,1,1,2108,80,80,2108.0,79.0,2108.0,2108,79,78.75277943295077,45492.64634624997
4352,0,1080,3,3,1644228,1646282,1991.436688,1993.437004,2.0003159999998843,39.04450207026939,33.3625,45.137499999999996,1,1,1,1,2054,80,80,2055.0,80.0,2054.0,2054,80,78.10134220319014,45179.861581872676
4352,0,1081,3,3,1646282,1648242,1993.437004,1995.438419,2.001415000000179,38.089890111974434,33.3625,45.137499999999996,1,1,1,1,1960,80,80,1962.0,80.0,1961.0,1960,80,76.23367741846596,44099.79939192626
4352,0,1082,3,3,1648242,1650264,1995.438419,1997.438907,2.000487999999905,38.2672542993828,33.3625,45.137499999999996,1,1,1,1,2022,80,80,2021.0,80.0,2021.0,2022,80,76.55318301886291,45762.833868538255
4352,0,1083,3,3,1650264,1651000,1997.438907,1998.107139,0.6682319999999891,38.65632445440176,33.3625,45.137499999999996,1,1,1,1,736,27,27,736.0,27.0,736.0,736,27,25.831393002816185,46004.9803062417
4352,0,1084,3,3,1651000,1653038,1998.107139,2000.107451,2.0003120000001218,38.548720887816756,33.3625,45.137499999999996,1,1,1,1,2038,80,80,2046.0,80.0,2038.0,2038,80,77.10946897655231,44914.49333903637
4352,0,1085,3,3,1653038,1655107,2000.107451,2002.107625,2.0001740000000154,38.654567655197845,33.3625,45.137499999999996,1,1,1,1,2069,80,80,2070.0,80.0,2069.0,2069,80,77.31586120517022,44421.135361223234
4352,0,1086,3,3,1655107,1657092,2002.107625,2004.110228,2.002602999999908,38.23781225764123,33.3625,45.137499999999996,1,1,1,1,1985,80,80,1988.0,80.0,1985.0,1985,80,76.5751575405884,44639.90116863108
4352,0,1087,3,3,1657092,1659084,2004.110228,2006.110359,2.0001310000000103,38.21304570180518,33.3625,45.137499999999996,1,1,1,1,1992,80,80,1994.0,80.0,1992.0,1992,80,76.43109731259756,43920.12323192808
4352,0,1088,3,3,1659084,1661129,2006.110359,2008.111648,2.0012890000000425,38.40659895650595,33.3625,45.137499999999996,1,1,1,1,2045,80,80,2047.0,80.0,2046.0,2045,80,76.8627040190695,45652.077236220284
4352,0,1089,3,3,1661129,1663223,2008.111648,2010.111856,2.0002079999999296,38.53237809230255,33.3625,45.137499999999996,1,1,1,1,2094,80,80,2093.0,80.0,2093.0,2094,80,77.07277091924334,46559.15784758549
4352,0,1090,3,3,1663223,1664000,2010.111856,2010.803581,0.6917249999999058,38.79033982352063,33.3625,45.137499999999996,1,1,1,1,777,27,27,777.0,27.0,777.0,777,27,26.832247814418224,47079.40294192697
4352,0,1091,3,3,1664000,1666041,2010.803581,2012.80426,2.0006790000002184,38.2914831445734,33.3625,45.137499999999996,1,1,1,1,2041,80,80,2045.0,80.0,2041.0,2041,80,76.6089662062077,45605.017096690695
4352,0,1092,3,3,1666041,1668135,2012.80426,2014.805302,2.0010419999998703,38.79352808619699,33.3625,45.137499999999996,1,1,1,1,2094,80,80,2094.0,80.0,2094.0,2094,80,77.62747902865522,46350.85120652441
4352,0,1093,3,3,1668135,1670263,2014.805302,2016.805496,2.000193999999965,38.87865852765189,33.3625,45.137499999999996,1,1,1,1,2128,80,80,2129.0,80.0,2128.0,2128,80,77.76485951506038,45625.07436778712
4352,0,1094,3,3,1670263,1672224,2016.805496,2018.806126,2.000630000000001,39.24741400373645,33.3625,45.137499999999996,1,1,1,1,1961,80,80,1965.0,80.0,1961.0,1961,80,78.51955387829366,45942.528103647324
4352,0,1095,3,3,1672224,1674313,2018.806126,2020.806116,1.9999900000000252,38.80059942187752,33.3625,45.137499999999996,1,1,1,1,2089,80,80,2091.0,80.0,2089.0,2089,80,77.60081083776458,45871.2293561462
4352,0,1096,3,3,1674313,1676396,2020.806116,2022.806185,2.0000689999999395,38.773754880793824,33.3625,45.137499999999996,1,1,1,1,2083,80,80,2084.0,80.0,2083.0,2083,80,77.55018515067059,45595.426957771335
4352,0,1097,3,3,1676396,1677000,2022.806185,2023.440379,0.6341939999999795,38.62296837442869,33.3625,45.137499999999996,1,1,1,1,604,25,25,604.0,25.0,604.0,604,25,24.494454805251735,45732.06305957
4352,0,1098,3,3,1677000,1679065,2023.440379,2025.440837,2.000458000000208,39.31541285162411,33.3625,45.137499999999996,1,1,1,1,2065,80,80,2066.0,80.0,2065.0,2065,80,78.64883216234011,46550.33997214154
4352,0,1099,3,3,1679065,1681128,2025.440837,2027.44092,2.000082999999904,39.15978742675843,33.3625,45.137499999999996,1,1,1,1,2063,80,80,2063.0,80.0,2063.0,2063,80,78.32282511587255,46043.58919105078
4352,0,1100,3,3,1681128,1683251,2027.44092,2029.441541,2.00062099999991,39.444933864083644,33.3625,45.137499999999996,1,1,1,1,2123,80,80,2123.0,80.0,2123.0,2123,80,78.91436303209048,47087.379368708134
4352,0,1101,3,3,1683251,1685327,2029.441541,2031.442954,2.001413000000184,39.53612933278156,33.3625,45.137499999999996,1,1,1,1,2076,80,80,2077.0,80.0,2076.0,2076,80,79.12812321631645,46497.64941068707
4352,0,1102,3,3,1685327,1687407,2031.442954,2033.444349,2.0013950000000023,39.86625213070386,33.3625,45.137499999999996,1,1,1,1,2080,80,80,2082.0,80.0,2080.0,2080,80,79.7881176831288,46077.86069216716
4352,0,1103,3,3,1687407,1689448,2033.444349,2035.445031,2.0006819999998697,38.95651129687963,33.3625,45.137499999999996,1,1,1,1,2041,80,80,2042.0,80.0,2041.0,2041,80,77.93959093446028,45822.87439983264
4352,0,1104,3,3,1689448,1690000,2035.445031,2035.993993,0.5489620000000741,39.261065963630145,33.3625,45.137499999999996,1,1,1,1,552,22,22,552.0,22.0,552.0,552,22,21.552833293528238,46005.00581096067
4352,0,1105,3,3,1690000,1692108,2035.993993,2037.99411,2.0001170000000457,39.50759894211828,33.3625,45.137499999999996,1,1,1,1,2108,80,80,2110.0,80.0,2108.0,2108,80,79.01982027331542,45918.3137786429
4352,0,1106,3,3,1692108,1694194,2037.99411,2039.996102,2.001991999999973,39.47582552302291,33.3625,45.137499999999996,1,1,1,1,2086,80,80,2086.0,80.0,2086.0,2086,80,79.0302868904837,46007.676354351686
4352,0,1107,3,3,1694194,1696235,2039.996102,2041.996433,2.00033099999996,39.5957501600441,33.3625,45.137499999999996,1,1,1,1,2041,80,80,2041.0,80.0,2041.0,2041,80,79.2046065133909,46705.770195033656
4352,0,1108,3,3,1696235,1698420,2041.996433,2043.996869,2.000436000000036,39.83547559352631,33.3625,45.137499999999996,1,1,1,1,2185,79,79,2186.0,80.0,2185.0,2185,80,79.68831945441343,47112.72942498451
4352,0,1109,3,3,1698420,1700412,2043.996869,2045.997339,2.0004699999999502,38.93712800405412,33.3625,45.137499999999996,1,1,1,1,1992,80,80,1992.0,79.0,1992.0,1992,79,77.89255645826779,45945.20287732497
4352,0,1110,3,3,1700412,1702453,2045.997339,2047.997478,2.00013899999999,39.01350485926597,33.3625,45.137499999999996,1,1,1,1,2041,80,80,2043.0,80.0,2041.0,2041,80,78.03243259570445,45717.322646076325
4352,0,1111,3,3,1702453,1703000,2047.997478,2048.552095,0.5546170000000075,38.7396463201683,33.3625,45.137499999999996,1,1,1,1,547,23,23,547.0,23.0,547.0,547,23,21.485666423155635,45054.515097805626
4352,0,1112,3,3,1703000,1705124,2048.552095,2050.552151,2.0000559999998586,39.31936915165422,33.3625,45.137499999999996,1,1,1,1,2124,79,79,2128.0,79.0,2124.0,2124,79,78.64094018797186,46474.198722439054
4352,0,1113,3,3,1705124,1707136,2050.552151,2052.552118,1.999967000000197,39.17335342050265,33.3625,45.137499999999996,1,1,1,1,2012,80,80,2012.0,80.0,2012.0,2012,80,78.34541412034741,45032.74304025573
4352,0,1114,3,3,1707136,1709136,2052.552118,2054.553314,2.001195999999709,39.30358822480056,33.3625,45.137499999999996,1,1,1,1,2000,79,79,2005.0,80.0,2000.0,2000,79,78.65418354110443,45465.31174358395
4352,0,1115,3,3,1709136,1711069,2054.553314,2056.556174,2.002860000000055,39.069183664004186,33.3625,45.137499999999996,1,1,1,1,1933,80,80,1933.0,80.0,1933.0,1933,80,78.25010519329226,46018.19398260361
4352,0,1116,3,3,1711069,1713123,2056.556174,2058.557653,2.0014790000000175,39.26645687428252,33.3625,45.137499999999996,1,1,1,1,2054,80,80,2054.0,80.0,2054.0,2054,80,78.59098883828119,45924.03917303114
4352,0,1117,3,3,1713123,1715195,2058.557653,2060.559572,2.001919000000271,39.407875808104194,33.3625,45.137499999999996,1,1,1,1,2072,80,80,2074.0,80.0,2072.0,2072,80,78.89137532989844,46164.70496557927
4352,0,1118,3,3,1715195,1716000,2060.559572,2061.313878,0.754305999999815,39.66103146414122,33.3625,45.137499999999996,1,1,1,1,805,30,30,805.0,30.0,805.0,805,30,29.916553999581083,44972.46475569374
4352,0,1119,3,3,1716000,1718094,2061.313878,2063.314717,2.000839000000269,39.46398788724169,33.3625,45.137499999999996,1,1,1,1,2094,80,80,2097.0,80.0,2094.0,2094,80,78.96108606032794,46155.63770997446
4352,0,1120,3,3,1718094,1720162,2063.314717,2065.314705,1.9999879999995755,39.30704932214169,33.3625,45.137499999999996,1,1,1,1,2068,80,80,2069.0,80.0,2068.0,2068,80,78.61362695967546,45910.77546466253
4352,0,1121,3,3,1720162,1722246,2065.314705,2067.316422,2.001717000000099,39.29606309834955,33.3625,45.137499999999996,1,1,1,1,2084,80,80,2084.0,80.0,2084.0,2084,80,78.65959753704374,46825.8000506542
4352,0,1122,3,3,1722246,1724309,2067.316422,2069.316892,2.0004699999999502,40.002679412539734,33.3625,45.137499999999996,1,1,1,1,2063,80,80,2064.0,80.0,2063.0,2063,80,80.02416008440196,46703.524671703315
4352,0,1123,3,3,1724309,1726402,2069.316892,2071.317871,2.0009790000003704,39.03673190635588,33.3625,45.137499999999996,1,1,1,1,2093,80,80,2095.0,80.0,2093.0,2093,80,78.11168077326147,46119.42454167831
4352,0,1124,3,3,1726402,1728447,2071.317871,2073.318166,2.0002949999998236,39.004955454340134,33.3625,45.137499999999996,1,1,1,1,2045,80,80,2045.0,80.0,2045.0,2045,80,78.02141737053171,45506.78774881106
4352,0,1125,3,3,1728447,1729000,2073.318166,2073.849107,0.5309409999999843,38.634616535551146,33.3625,45.137499999999996,1,1,1,1,553,21,21,553.0,21.0,553.0,553,21,20.512701938001555,45053.970215147645
4352,0,1126,3,3,1729000,1731155,2073.849107,2075.850014,2.0009070000000975,38.71567511680415,33.3625,45.137499999999996,1,1,1,1,2155,79,79,2162.0,80.0,2155.0,2155,79,77.46646535094624,46052.11536567942
4352,0,1127,3,3,1731155,1733190,2075.850014,2077.852811,2.0027970000001005,39.116398336649155,33.3625,45.137499999999996,1,1,1,1,2035,80,80,2038.0,80.0,2035.0,2035,80,78.3422052394526,45466.914520041435
4352,0,1128,3,3,1733190,1735298,2077.852811,2079.854645,2.0018339999996897,38.53517344320767,33.3625,45.137499999999996,1,1,1,1,2108,80,80,2108.0,80.0,2108.0,2108,80,77.14102039450518,45720.07469151497
4352,0,1129,3,3,1735298,1737416,2079.854645,2081.855117,2.0004720000001726,38.431998507659095,33.3625,45.137499999999996,1,1,1,1,2118,80,80,2118.0,80.0,2118.0,2118,80,76.88213691861893,46494.52729155518
4352,0,1130,3,3,1737416,1739410,2081.855117,2083.855374,2.000257000000147,38.90484091877998,33.3625,45.137499999999996,1,1,1,1,1994,80,80,1994.0,80.0,1994.0,1994,80,77.8196803816827,44936.22569499489
4352,0,1131,3,3,1739410,1741479,2083.855374,2085.856188,2.000813999999991,38.80537412697453,33.3625,45.137499999999996,1,1,1,1,2069,80,80,2069.0,80.0,2069.0,2069,80,77.64233582848101,45647.42149944993
4352,0,1132,3,3,1741479,1742000,2085.856188,2086.372423,0.5162349999995968,40.1511945708153,33.3625,45.137499999999996,1,1,1,1,521,21,21,521.0,21.0,521.0,521,21,20.72745192925504,46207.63799436038
4352,0,1133,3,3,1742000,1744063,2086.372423,2088.375251,2.002828000000136,39.67299484605398,33.3625,45.137499999999996,1,1,1,1,2063,80,80,2067.0,80.0,2063.0,2063,80,79.45818492153194,46625.07214797959
4352,0,1134,3,3,1744063,1746152,2088.375251,2090.377167,2.001916000000165,39.34542282547389,33.3625,45.137499999999996,1,1,1,1,2089,80,80,2089.0,80.0,2089.0,2089,80,78.76623148108774,45793.629702741004
4352,0,1135,3,3,1746152,1748211,2090.377167,2092.377368,2.0002009999998336,39.71859709203024,33.3625,45.137499999999996,1,1,1,1,2059,80,80,2063.0,80.0,2059.0,2059,80,79.4451776220667,45968.880127551005
4352,0,1136,3,3,1748211,1750316,2092.377368,2094.379168,2.001800000000003,39.78056251405614,33.3625,45.137499999999996,1,1,1,1,2105,79,79,2105.0,80.0,2105.0,2105,80,79.63273004064104,46874.81266859819
4352,0,1137,3,3,1750316,1752364,2094.379168,2096.379213,2.0000450000002274,39.02632221799888,33.3625,45.137499999999996,1,1,1,1,2048,80,80,2049.0,79.0,2048.0,2048,79,78.05440062050184,44822.491493936286
4352,0,1138,3,3,1752364,1754429,2096.379213,2098.379224,2.000010999999631,39.39454316272797,33.3625,45.137499999999996,1,1,1,1,2065,80,80,2065.0,80.0,2065.0,2065,80,78.78951966541354,46241.245673157326
4352,0,1139,3,3,1754429,1755000,2098.379224,2098.921829,0.5426050000000942,39.783507874404265,33.3625,45.137499999999996,1,1,1,1,571,22,22,572.0,22.0,571.0,571,22,21.586730290189735,46285.97230028408
4352,0,1140,3,3,1755000,1757085,2098.921829,2100.922642,2.0008130000001074,39.593027821757374,33.3625,45.137499999999996,1,1,1,1,2085,80,80,2086.0,80.0,2085.0,2085,80,79.21824477514019,47569.16313518299
4352,0,1141,3,3,1757085,1759243,2100.922642,2102.922834,2.00019199999997,39.667305468320315,33.3625,45.137499999999996,1,1,1,1,2158,80,80,2158.0,80.0,2158.0,2158,80,79.3422270592855,45965.58730361954
4352,0,1142,3,3,1759243,1761299,2102.922834,2104.923782,2.0009479999998803,39.24584174380935,33.3625,45.137499999999996,1,1,1,1,2056,80,80,2057.0,80.0,2056.0,2056,80,78.52888854558114,44881.226298737085
4352,0,1143,3,3,1761299,1763483,2104.923782,2106.924508,2.0007260000002134,39.76285769013576,33.3625,45.137499999999996,1,1,1,1,2184,80,80,2184.0,80.0,2184.0,2184,80,79.55458321496553,46734.03554509215
4352,0,1144,3,3,1763483,1765593,2106.924508,2108.926862,2.002353999999741,39.80541166494459,33.3625,45.137499999999996,1,1,1,1,2110,80,80,2111.0,80.0,2110.0,2110,80,79.70452526894223,47631.43779771825
4352,0,1145,3,3,1765593,1767687,2108.926862,2110.927551,2.0006890000004205,40.000561114960945,33.3625,45.137499999999996,1,1,1,1,2094,80,80,2095.0,80.0,2094.0,2094,80,80.02868261655385,46630.43581485198
4352,0,1146,3,3,1767687,1768000,2110.927551,2111.238245,0.31069399999978486,40.390093476617025,33.3625,45.137499999999996,1,1,1,1,313,12,12,313.0,12.0,313.0,313,12,12.54895970261714,46689.02521455208
4352,0,1147,3,3,1768000,1770085,2111.238245,2113.242987,2.0047420000000784,39.62979104967517,33.3625,45.137499999999996,1,1,1,1,2085,80,80,2087.0,80.0,2085.0,2085,80,79.44750656851102,46367.56250928866
4352,0,1148,3,3,1770085,1772108,2113.242987,2115.244081,2.001093999999739,39.14942052101781,33.3625,45.137499999999996,1,1,1,1,2023,80,80,2023.0,80.0,2023.0,2023,80,78.34167050807446,45491.116359357366
4352,0,1149,3,3,1772108,1774201,2115.244081,2117.244465,2.0003840000003947,38.84820990351167,33.3625,45.137499999999996,1,1,1,1,2093,79,79,2095.0,80.0,2093.0,2093,79,77.71133751963498,45070.346493464356
4352,0,1150,3,3,1774201,1776373,2117.244465,2119.246497,2.002031999999872,38.841527778228894,33.3625,45.137499999999996,1,1,1,1,2172,80,80,2172.0,80.0,2172.0,2172,80,77.76198154089798,45841.425112089055
4352,0,1151,3,3,1776373,1778404,2119.246497,2121.246865,2.0003679999999804,39.06682841462763,33.3625,45.137499999999996,1,1,1,1,2031,80,80,2031.0,80.0,2031.0,2031,80,78.14803342211235,45726.08640010283
4352,0,1152,3,3,1778404,1780425,2121.246865,2123.247416,2.000551000000087,39.217444697297736,33.3625,45.137499999999996,1,1,1,1,2021,80,80,2022.0,80.0,2021.0,2021,80,78.4564982066222,45424.48555422784
4352,0,1153,3,3,1780425,1781000,2123.247416,2123.849611,0.6021949999999379,38.854667588410635,33.3625,45.137499999999996,1,1,1,1,575,23,23,592.0,24.0,575.0,575,23,23.398086548404535,45931.96555933353
4352,0,1154,3,3,1781000,1783091,2123.849611,2125.85045,2.0008389999998144,39.33613696720526,33.3625,45.137499999999996,1,1,1,1,2091,80,80,2096.0,80.0,2091.0,2091,80,78.70527695331839,45988.70773710855
4352,0,1155,3,3,1783091,1785081,2125.85045,2127.850791,2.000340999999935,38.66370205048238,33.3625,45.137499999999996,1,1,1,1,1990,79,79,1993.0,80.0,1990.0,1990,79,77.34058842336526,44967.33306971308
4352,0,1156,3,3,1785081,1787153,2127.850791,2129.852149,2.001357999999982,38.97663465469157,33.3625,45.137499999999996,1,1,1,1,2072,80,80,2073.0,80.0,2073.0,2072,80,78.00619957924937,45850.86726113011
4352,0,1157,3,3,1787153,1789259,2129.852149,2131.852459,2.000310000000354,39.27429021190406,33.3625,45.137499999999996,1,1,1,1,2106,80,80,2105.0,80.0,2105.0,2106,80,78.56075545378553,46466.79764635659
4352,0,1158,3,3,1789259,1791274,2131.852459,2133.852488,2.000028999999813,38.85548813918927,33.3625,45.137499999999996,1,1,1,1,2015,80,80,2015.0,80.0,2015.0,2015,80,77.7121030875278,44929.8485172007
4352,0,1159,3,3,1791274,1793250,2133.852488,2135.852996,2.0005080000000817,38.81826010628904,33.3625,45.137499999999996,1,1,1,1,1976,80,80,1976.0,80.0,1976.0,1976,80,77.65623988871812,45117.54014480138
4352,0,1160,3,3,1793250,1794000,2135.852996,2136.602185,0.7491890000001149,38.287764737308905,33.3625,45.137499999999996,1,1,1,1,750,29,29,750.0,30.0,750.0,750,30,28.68477217578038,45461.15866623079
4352,0,1161,3,3,1794000,1796131,2136.602185,2138.602575,2.0003899999996975,38.794754352385084,33.3625,45.137499999999996,1,1,1,1,2131,80,80,2136.0,79.0,2131.0,2131,79,77.60463865895872,46067.016931705286
4352,0,1162,3,3,1796131,1798224,2138.602575,2140.603047,2.0004720000001726,38.941725039331054,33.3625,45.137499999999996,1,1,1,1,2093,80,80,2093.0,80.0,2093.0,2093,80,77.90183057288232,45735.206491264114
4352,0,1163,3,3,1798224,1799881,2140.603047,2142.609012,2.005964999999833,31.031496162728498,33.3625,45.137499999999996,1,0,0,1,1657,80,80,1659.0,81.0,1657.0,1657,81,62.24809520006238,36315.18994598912
4352,0,1164,3,3,1799881,1799961,2142.609012,2144.611288,2.0022760000001654,1.0070432920171433,33.3625,45.137499999999996,1,0,0,0,80,80,80,80.0,80.0,80.0,80,80,2.0163786145712947,689.2156725645646
4352,0,1165,3,3,1799961,1800041,2144.611288,2146.613565,2.002277000000049,1.0065745214718356,33.3625,45.137499999999996,1,0,0,0,80,80,80,80.0,80.0,80.0,80,80,2.0154410131362965,690.2141911433663
4352,0,1166,3,3,1800041,1800121,2146.613565,2148.615842,2.002277000000049,1.0053775930422073,33.3625,45.137499999999996,1,0,0,0,80,80,80,80.0,80.0,80.0,80,80,2.013044430859736,713.687466819009
4352,0,1167,3,3,1800121,1800201,2148.615842,2150.618118,2.0022759999997106,1.0044933127850146,33.3625,45.137499999999996,1,0,0,0,80,80,80,80.0,80.0,80.0,80,80,2.011272852352704,719.1815713718829
4352,0,1168,3,3,1800201,1800281,2150.618118,2152.620395,2.002277000000049,1.0034000591149952,33.3625,45.137499999999996,1,0,0,0,80,80,80,80.0,80.0,80.0,80,80,2.009084860168514,699.2039562957401
4352,0,1169,3,3,1800281,1800361,2152.620395,2154.622671,2.0022760000001654,1.0038167876823794,33.3625,45.137499999999996,1,0,0,0,80,80,80,80.0,80.0,80.0,80,80,2.0099182623671368,685.7196510370632
4352,0,1170,3,3,1800361,1800441,2154.622671,2156.624948,2.002277000000049,1.0039725031465565,33.3625,45.137499999999996,1,0,0,0,80,80,80,80.0,80.0,80.0,80,80,2.0102310516813304,669.7375038518483
4352,0,1171,3,3,1800441,1800603,2156.624948,2158.627225,2.002277000000049,2.098017128193472,33.3625,45.137499999999996,1,0,0,1,162,80,80,162.0,80.0,162.0,162,80,4.200811441391124,2541.6063811350155
4352,0,1172,3,3,1800603,1800805,2158.627225,2160.629503,2.002277999999933,2.744513326298612,33.3625,45.137499999999996,1,0,0,1,202,80,80,202.0,80.0,202.0,202,80,5.495278653950663,3667.8223503430822
4352,0,1173,3,3,1800805,1801024,2160.629503,2162.631779,2.0022759999997106,2.7308292530614517,33.3625,45.137499999999996,1,0,0,1,219,80,80,219.0,80.0,219.0,219,80,5.467873873509234,3694.7953229230484
4352,0,1174,3,3,1801024,1801291,2162.631779,2164.633615,2.0018360000003668,4.013632168173865,33.3625,45.137499999999996,1,0,0,1,267,80,80,267.0,79.0,267.0,267,79,8.03463336500863,5093.823869686694
4352,0,1175,3,3,1801291,1801629,2164.633615,2166.636334,2.0027189999996153,5.270577706865969,33.3625,45.137499999999996,1,0,0,1,338,80,80,338.0,81.0,338.0,338,81,10.555486114521045,6752.32022066131
4352,0,1176,3,3,1801629,1802046,2166.636334,2168.63861,2.0022760000001654,6.946465327999578,33.3625,45.137499999999996,1,0,0,1,417,80,80,417.0,80.0,417.0,417,80,13.908740811093594,8777.011760615693
4352,0,1177,3,3,1802046,1802638,2168.63861,2170.640888,2.002277999999933,10.348075438605933,33.3625,45.137499999999996,1,0,0,1,592,80,80,592.0,80.0,592.0,592,80,20.719723793066805,12728.502235953676
4352,0,1178,3,3,1802638,1803352,2170.640888,2172.642032,2.001144000000295,12.106449280854338,33.3625,45.137499999999996,1,0,0,1,714,80,80,714.0,79.0,714.0,714,79,24.22674833968631,14824.020660180191
4352,0,1179,3,3,1803352,1804167,2172.642032,2174.642103,2.0000709999999344,14.521425229688237,33.3625,45.137499999999996,1,0,0,1,815,80,80,815.0,80.0,815.0,815,80,29.043881480567507,17688.87204504298
4352,0,1180,3,3,1804167,1805159,2174.642103,2176.643822,2.0017189999998664,17.342818201253053,33.3625,45.137499999999996,1,0,0,1,992,80,80,992.0,80.0,992.0,992,80,34.7154487069929,20937.004644509445
4352,0,1181,3,3,1805159,1806198,2176.643822,2178.645561,2.001738999999816,18.52917376519882,33.3625,45.137499999999996,1,0,0,1,1039,80,80,1039.0,80.0,1039.0,1039,80,37.09056976357533,22410.514058028606
4352,0,1182,3,3,1806198,1807000,2178.645561,2180.078411,1.432850000000144,20.095322252375833,33.3625,45.137499999999996,1,0,0,1,802,58,58,802.0,58.0,802.0,802,58,28.793582489321125,24361.238091912266
4352,0,1183,3,3,1807000,1808195,2180.078411,2182.078893,2.00048199999992,21.71863193443114,33.3625,45.137499999999996,1,0,0,1,1195,79,79,1197.0,80.0,1195.0,1195,80,43.44773224944947,25997.234666446428
4352,0,1184,3,3,1808195,1809471,2182.078893,2184.080245,2.0013520000002245,23.40954173975735,33.3625,45.137499999999996,1,0,0,1,1276,80,80,1276.0,79.0,1276.0,1276,79,46.85073317994829,27546.878310259173
4352,0,1185,3,3,1809471,1810899,2184.080245,2186.083446,2.00320099999999,26.307633438506535,33.3625,45.137499999999996,1,0,0,1,1428,80,80,1428.0,81.0,1428.0,1428,81,52.699477611648035,31508.57053286231
4352,0,1186,3,3,1810899,1812385,2186.083446,2188.083824,2.0003779999997278,27.716481661139426,33.3625,45.137499999999996,1,0,0,1,1486,80,80,1487.0,79.0,1486.0,1486,79,55.44344015233219,33062.751140039036
4352,0,1187,3,3,1812385,1813984,2188.083824,2190.087691,2.003867000000355,29.756892027117985,33.3625,45.137499999999996,1,0,0,1,1599,80,80,1600.0,80.0,1599.0,1599,80,59.628853955713566,34627.54763663842
4352,0,1188,3,3,1813984,1815704,2190.087691,2192.088295,2.0006039999998393,32.219149193626315,33.3625,45.137499999999996,1,0,0,1,1720,80,80,1720.0,80.0,1720.0,1720,80,64.45775875335676,38003.522936076355
4352,0,1189,3,3,1815704,1817429,2192.088295,2194.088589,2.00029399999994,33.649452856574676,33.3625,45.137499999999996,1,1,0,1,1725,80,80,1725.0,80.0,1725.0,1725,80,67.3087986522878,39067.757039716336
4352,0,1190,3,3,1817429,1819293,2194.088589,2196.088919,2.000329999999849,34.97045196931119,33.3625,45.137499999999996,1,1,1,1,1864,80,80,1867.0,80.0,1864.0,1864,80,69.95244418777293,40965.740652795386
4352,0,1191,3,3,1819293,1820000,2196.088919,2196.785303,0.6963840000003074,36.603984754318084,33.3625,45.137499999999996,1,1,1,1,707,28,28,707.0,28.0,707.0,707,28,25.490429319164832,43253.43488648031
4352,0,1192,3,3,1820000,1821953,2196.785303,2198.785544,2.0002409999997326,37.935901954985454,33.3625,45.137499999999996,1,1,1,1,1953,80,80,1956.0,80.0,1953.0,1953,80,75.88094646233367,44600.12568486094
4352,0,1193,3,3,1821953,1823874,2198.785544,2200.786358,2.000813999999991,38.32062820714366,33.3625,45.137499999999996,1,1,1,1,1921,80,80,1922.0,80.0,1921.0,1921,80,76.67244940565433,45245.58504688612
4352,0,1194,3,3,1823874,1825908,2200.786358,2202.787919,2.001561000000038,39.2562142644241,33.3625,45.137499999999996,1,1,1,1,2034,80,80,2034.0,80.0,2034.0,2034,80,78.57370747931418,45312.13387950619
4352,0,1195,3,3,1825908,1827971,2202.787919,2204.788574,2.000655000000279,39.08036594752198,33.3625,45.137499999999996,1,1,1,1,2063,80,80,2064.0,80.0,2063.0,2063,80,78.18632953475753,45659.04666221176
4352,0,1196,3,3,1827971,1830027,2204.788574,2206.790355,2.001780999999937,38.68209393394842,33.3625,45.137499999999996,1,1,1,1,2056,80,80,2058.0,80.0,2056.0,2056,80,77.43308067719045,44729.6682304422
4352,0,1197,3,3,1830027,1832048,2206.790355,2208.791711,2.0013559999997597,38.53693821014425,33.3625,45.137499999999996,1,1,1,1,2021,79,79,2022.0,80.0,2021.0,2021,79,77.12613250849245,45572.10211477166
4352,0,1198,3,3,1832048,1833000,2208.791711,2209.748956,0.9572450000000572,38.53931598162342,33.3625,45.137499999999996,1,1,1,1,952,38,38,955.0,38.0,952.0,952,38,36.8915675268363,44346.01382091049
4352,0,1199,3,3,1833000,1835060,2209.748956,2211.751488,2.0025319999999738,38.54230975740644,33.3625,45.137499999999996,1,1,1,1,2060,80,80,2062.0,80.0,2060.0,2060,80,77.18220864312025,44964.07548044235
4352,0,1200,3,3,1835060,1837044,2211.751488,2213.751704,2.0002159999999094,38.3030111972682,33.3625,45.137499999999996,1,1,1,1,1984,80,80,1984.0,80.0,1984.0,1984,80,76.61429584494908,45068.13264167674
4352,0,1201,3,3,1837044,1839049,2213.751704,2215.751803,2.0000990000003185,38.22495907119909,33.3625,45.137499999999996,1,1,1,1,2005,80,80,2006.0,80.0,2005.0,2005,80,76.45370241336059,44983.2733279631
4352,0,1202,3,3,1839049,1841087,2215.751803,2217.752838,2.0010349999997743,38.653795939807324,33.3625,45.137499999999996,1,1,1,1,2038,80,80,2038.0,80.0,2038.0,2038,80,77.34759855840821,45651.87515461264
4352,0,1203,3,3,1841087,1843087,2217.752838,2219.753064,2.0002260000001115,38.38903578147827,33.3625,45.137499999999996,1,1,1,1,2000,80,80,2001.0,80.0,2000.0,2000,80,76.78674748505,44981.91704337159
4352,0,1204,3,3,1843087,1845131,2219.753064,2221.753124,2.0000599999998485,38.9531457924167,33.3625,45.137499999999996,1,1,1,1,2044,80,80,2044.0,80.0,2044.0,2044,80,77.90862877356994,44608.661740151176
4352,0,1205,3,3,1845131,1846000,2221.753124,2222.611024,0.8578999999999724,38.72541789399065,33.3625,45.137499999999996,1,1,1,1,869,34,34,869.0,34.0,869.0,869,34,33.22253601124976,45296.65462175225
4352,0,1206,3,3,1846000,1848055,2222.611024,2224.612018,2.0009939999999915,39.200681269224305,33.3625,45.137499999999996,1,1,1,1,2055,80,80,2061.0,80.0,2056.0,2055,80,78.44032801562571,45695.789192771386
4352,0,1207,3,3,1848055,1850193,2224.612018,2226.614069,2.0020510000003924,38.92552793699902,33.3625,45.137499999999996,1,1,1,1,2138,80,80,2138.0,80.0,2137.0,2138,80,77.9308921318152,46281.03879470695
4352,0,1208,3,3,1850193,1852304,2226.614069,2228.614324,2.0002549999999246,38.709322607893895,33.3625,45.137499999999996,1,1,1,1,2111,80,80,2112.0,80.0,2111.0,2111,80,77.42851609304489,46573.061934605095
4352,0,1209,3,3,1852304,1854308,2228.614324,2230.615783,2.001459000000068,38.679383842804114,33.3625,45.137499999999996,1,1,1,1,2004,80,80,2007.0,80.0,2004.0,2004,80,77.41520090663107,44468.06054982739
4352,0,1210,3,3,1854308,1856371,2230.615783,2232.616239,2.000455999999758,38.83291115742573,33.3625,45.137499999999996,1,1,1,1,2063,80,80,2066.0,80.0,2063.0,2063,80,77.68353012233274,45509.1239197518
4352,0,1211,3,3,1856371,1858459,2232.616239,2234.616767,2.000528000000031,38.780736720974474,33.3625,45.137499999999996,1,1,1,1,2088,80,80,2090.0,80.0,2088.0,2088,80,77.5819496709446,45185.07114121802
4352,0,1212,3,3,1858459,1859000,2234.616767,2235.138886,0.5221190000002025,39.351823978720155,33.3625,45.137499999999996,1,1,1,1,541,20,20,541.0,20.0,541.0,541,20,20.546334983955603,46204.0262851776
4352,0,1213,3,3,1859000,1860985,2235.138886,2237.13948,2.000593999999637,38.94087242512517,33.3625,45.137499999999996,1,1,1,1,1985,79,79,1989.0,80.0,1985.0,1985,79,77.90487572846177,44477.790096349454
4352,0,1214,3,3,1860985,1862964,2237.13948,2239.139772,2.0002920000001723,38.893536766510906,33.3625,45.137499999999996,1,1,1,1,1979,80,80,1980.0,80.0,1979.0,1979,80,77.7984304457641,44935.439425839955
4352,0,1215,3,3,1862964,1865058,2239.139772,2241.141672,2.001900000000205,39.16314377344041,33.3625,45.137499999999996,1,1,1,1,2094,80,80,2095.0,80.0,2094.0,2094,80,78.40069752006093,46711.62395723583
4352,0,1216,3,3,1865058,1867166,2241.141672,2243.142731,2.0010589999997137,38.880577030654116,33.3625,45.137499999999996,1,1,1,1,2108,80,80,2110.0,80.0,2108.0,2108,80,77.80232859237003,46120.57915334491
4352,0,1217,3,3,1867166,1869237,2243.142731,2245.143892,2.0011610000001383,39.29885707072521,33.3625,45.137499999999996,1,1,1,1,2071,80,80,2073.0,80.0,2071.0,2071,80,78.64334011451865,46496.009066733546
4352,0,1218,3,3,1869237,1871208,2245.143892,2247.14469,2.0007980000000316,38.8641674454954,33.3625,45.137499999999996,1,1,1,1,1971,80,80,1972.0,80.0,1971.0,1971,80,77.75934849662008,45509.341772632004
4352,0,1219,3,3,1871208,1872000,2247.14469,2247.91947,0.7747799999997369,39.23856129289042,33.3625,45.137499999999996,1,1,1,1,792,31,31,793.0,31.0,792.0,792,31,30.401252518495312,45960.14352462905
4352,0,1220,3,3,1872000,1874036,2247.91947,2249.920133,2.0006630000002588,38.81672583967632,33.3625,45.137499999999996,1,1,1,1,2036,80,80,2044.0,80.0,2036.0,2036,80,77.65918716859596,44964.09440269969
4352,0,1221,3,3,1874036,1876062,2249.920133,2251.921485,2.0013519999997698,39.4477256646408,33.3625,45.137499999999996,1,1,1,1,2026,80,80,2026.0,80.0,2026.0,2026,80,78.94878465437796,45796.54153792564
4352,0,1222,3,3,1876062,1878021,2251.921485,2253.922278,2.000793000000158,39.04039514868466,33.3625,45.137499999999996,1,1,1,1,1959,76,76,2068.0,80.0,1959.0,1959,76,78.1117493307247,46156.19906706626
4352,0,1223,3,3,1878021,1880035,2253.922278,2255.923306,2.001028000000133,38.80973245251319,33.3625,45.137499999999996,1,1,1,1,2014,80,80,2017.0,80.0,2015.0,2014,80,77.65936130999762,44991.37443353817
4352,0,1224,3,3,1880035,1881981,2255.923306,2257.924916,2.0016099999998005,38.76929924750546,33.3625,45.137499999999996,1,1,1,1,1946,80,80,1945.0,80.0,1945.0,1946,80,77.60101706678688,44161.94963055181
4352,0,1225,3,3,1881981,1884037,2257.924916,2259.926155,2.0012390000001687,38.783011463261566,33.3625,45.137499999999996,1,1,1,1,2056,80,80,2056.0,80.0,2056.0,2056,80,77.61407507772674,46051.97080408299
4352,0,1226,3,3,1884037,1885000,2259.926155,2260.858962,0.9328069999996842,39.019730424111366,33.3625,45.137499999999996,1,1,1,1,963,37,37,964.0,37.0,963.0,963,37,36.397877677707584,47368.85550817582
4352,0,1227,3,3,1885000,1886986,2260.858962,2262.861319,2.002357000000302,38.96550639479457,33.3625,45.137499999999996,1,1,1,1,1986,80,80,1991.0,80.0,1986.0,1986,80,78.02285448816838,46045.73510117631
4352,0,1228,3,3,1886986,1889018,2262.861319,2264.86373,2.002410999999938,39.27564132676066,33.3625,45.137499999999996,1,1,1,1,2032,80,80,2033.0,80.0,2033.0,2032,80,78.64597622475412,45130.0956696716
4352,0,1229,3,3,1889018,1891064,2264.86373,2266.865423,2.0016930000001594,38.936255497074065,33.3625,45.137499999999996,1,1,1,1,2046,80,80,2048.0,80.0,2045.0,2046,80,77.93843007470423,45511.97411390895
4352,0,1230,3,3,1891064,1893142,2266.865423,2268.866602,2.0011789999998655,39.75702422104315,33.3625,45.137499999999996,1,1,1,1,2078,80,80,2079.0,80.0,2078.0,2078,80,79.56092197363614,46183.77466483819
4352,0,1231,3,3,1893142,1895265,2268.866602,2270.867196,2.000594000000092,39.183584543014234,33.3625,45.137499999999996,1,1,1,1,2123,80,80,2126.0,80.0,2123.0,2123,80,78.39044413524971,46694.13184284053
4352,0,1232,3,3,1895265,1897335,2270.867196,2272.867818,2.000622000000021,39.99007136424586,33.3625,45.137499999999996,1,1,1,1,2070,80,80,2073.0,80.0,2070.0,2070,80,80.00501655288099,46589.01081763522
4352,0,1233,3,3,1897335,1898000,2272.867818,2273.493638,0.6258199999997487,39.807376012049374,33.3625,45.137499999999996,1,1,1,1,665,25,25,665.0,25.0,665.0,665,25,24.912252055844874,45995.653702361
4352,0,1234,3,3,1898000,1900072,2273.493638,2275.493934,2.000296000000162,39.69999833709817,33.3625,45.137499999999996,1,1,1,1,2072,80,80,2072.0,80.0,2072.0,2072,80,79.4117478737171,45884.70906305495
4352,0,1235,3,3,1900072,1902214,2275.493934,2277.495578,2.001643999999942,40.133105373046696,33.3625,45.137499999999996,1,1,1,1,2142,80,80,2143.0,80.0,2142.0,2142,80,80.33218957133067,47188.21129032072
4352,0,1236,3,3,1902214,1904329,2277.495578,2279.495771,2.000192999999854,40.03153108703315,33.3625,45.137499999999996,1,1,1,1,2115,80,80,2117.0,80.0,2115.0,2115,80,80.07078825955978,46874.976564764926
4352,0,1237,3,3,1904329,1906433,2279.495771,2281.496785,2.001013999999941,40.01346667588718,33.3625,45.137499999999996,1,1,1,1,2104,80,80,2105.0,80.0,2104.0,2104,80,80.06750700698467,47259.53941351874
4352,0,1238,3,3,1906433,1908585,2281.496785,2283.496991,2.000206000000162,40.26585255643529,33.3625,45.137499999999996,1,1,1,1,2152,80,80,2153.0,80.0,2152.0,2152,80,80.53999987849966,47233.63493559781
4352,0,1239,3,3,1908585,1910605,2283.496991,2285.499995,2.0030040000001463,39.79494947988685,33.3625,45.137499999999996,1,1,1,1,2020,80,80,2020.0,80.0,2020.0,2020,80,79.70944298802351,46636.95129914527
4352,0,1240,3,3,1910605,1911000,2285.499995,2285.846898,0.34690299999965646,40.00775884872566,33.3625,45.137499999999996,1,1,1,1,395,13,13,395.0,14.0,395.0,395,14,13.878811567890807,46724.876982949274
4352,0,1241,3,3,1911000,1913160,2285.846898,2287.848576,2.0016780000000836,40.07854903962771,33.3625,45.137499999999996,1,1,1,1,2160,80,80,2164.0,79.0,2160.0,2160,79,80.22434988454916,46768.2614286594
4352,0,1242,3,3,1913160,1915349,2287.848576,2289.848831,2.0002549999999246,40.29425129951808,33.3625,45.137499999999996,1,1,1,1,2189,80,80,2192.0,80.0,2190.0,2189,80,80.5987776331167,46987.50909259247
4352,0,1243,3,3,1915349,1917476,2289.848831,2291.850016,2.0011850000000777,40.278790813888335,33.3625,45.137499999999996,1,1,1,1,2127,80,80,2126.0,80.0,2126.0,2127,80,80.60531199489196,47051.62191401412
4352,0,1244,3,3,1917476,1919546,2291.850016,2293.85021,2.0001940000001923,39.63986425722286,33.3625,45.137499999999996,1,1,1,1,2070,80,80,2071.0,80.0,2070.0,2070,80,79.28741864812037,46197.01888916331
4352,0,1245,3,3,1919546,1921566,2293.85021,2295.850449,2.000238999999965,39.66012669389588,33.3625,45.137499999999996,1,1,1,1,2020,80,80,2020.0,80.0,2020.0,2020,80,79.32973215807579,46173.48226886968
4352,0,1246,3,3,1921566,1923678,2295.850449,2297.85065,2.0002009999998336,39.86711816649586,33.3625,45.137499999999996,1,1,1,1,2112,80,80,2114.0,80.0,2112.0,2112,80,79.74224962374137,46312.34560927012
4352,0,1247,3,3,1923678,1924000,2297.85065,2298.127094,0.2764440000000832,39.772357830244886,33.3625,45.137499999999996,1,1,1,1,322,11,11,323.0,11.0,322.0,322,11,10.994829688032041,47177.72858154301
4352,0,1248,3,3,1924000,1926047,2298.127094,2300.127109,2.000015000000076,39.80234957995923,33.3625,45.137499999999996,1,1,1,1,2047,80,80,2049.0,80.0,2047.0,2047,80,79.60529619516456,46233.153251348864
4352,0,1249,3,3,1926047,1928063,2300.127109,2302.127317,2.0002079999999296,39.58983819043383,33.3625,45.137499999999996,1,1,1,1,2016,80,80,2020.0,80.0,2016.0,2016,80,79.18791106720164,45661.75117787911
4352,0,1250,3,3,1928063,1930091,2302.127317,2304.128007,2.0006899999998495,39.51300492640119,33.3625,45.137499999999996,1,1,1,1,2028,80,80,2028.0,80.0,2028.0,2028,80,79.05327382619726,46871.829218923
4352,0,1251,3,3,1930091,1932111,2304.128007,2306.131079,2.0030720000004294,39.46993838261753,33.3625,45.137499999999996,1,1,1,1,2020,80,80,2020.0,80.0,2020.0,2020,80,79.06112841596769,46099.19164162856
4352,0,1252,3,3,1932111,1934150,2306.131079,2308.132639,2.0015599999996994,38.81545015707335,33.3625,45.137499999999996,1,1,1,1,2039,80,80,2040.0,80.0,2039.0,2039,80,77.69145241637307,45199.2445892272
4352,0,1253,3,3,1934150,1936246,2308.132639,2310.132666,2.0000270000000455,38.769824093723756,33.3625,45.137499999999996,1,1,1,1,2096,80,80,2096.0,80.0,2096.0,2096,80,77.54069497270393,46917.366615549625
4352,0,1254,3,3,1936246,1937000,2310.132666,2310.837668,0.7050020000001496,38.884159623668545,33.3625,45.137499999999996,1,1,1,1,754,28,28,754.0,28.0,754.0,754,28,27.413410303008277,45486.39578326472
4352,0,1255,3,3,1937000,1939067,2310.837668,2312.837989,2.0003209999999854,38.70768708898482,33.3625,45.137499999999996,1,1,1,1,2067,80,80,2071.0,80.0,2067.0,2067,80,77.427799345518,45461.703396605175
4352,0,1256,3,3,1939067,1941217,2312.837989,2314.837954,1.9999649999999747,38.59919250342687,33.3625,45.137499999999996,1,1,1,1,2150,80,80,2154.0,80.0,2150.0,2150,80,77.19703403511085,45991.30484783542
4352,0,1257,3,3,1941217,1943202,2314.837954,2316.838226,2.000271999999768,38.71383985724413,33.3625,45.137499999999996,1,1,1,1,1985,80,80,1985.0,80.0,1985.0,1985,80,77.43820987892104,45100.366350181605
4352,0,1258,3,3,1943202,1945252,2316.838226,2318.840234,2.0020079999999325,39.15078809234522,33.3625,45.137499999999996,1,1,1,1,2050,80,80,2050.0,80.0,2050.0,2050,80,78.38019096717471,45374.44405816713
4352,0,1259,3,3,1945252,1947282,2318.840234,2320.840855,2.0006210000001374,38.947484904246544,33.3625,45.137499999999996,1,1,1,1,2030,80,80,2032.0,80.0,2030.0,2030,80,77.91915619662905,45519.86608157854
4352,0,1260,3,3,1947282,1949344,2320.840855,2322.840842,1.9999870000001465,38.91011933720664,33.3625,45.137499999999996,1,1,1,1,2062,80,80,2065.0,80.0,2062.0,2062,80,77.81973284286505,45407.295147415134
4352,0,1261,3,3,1949344,1950000,2322.840842,2323.418548,0.5777060000000347,39.72811842066001,33.3625,45.137499999999996,1,1,1,1,656,23,23,656.0,23.0,656.0,656,23,22.951172380329808,48105.7839108445
4352,0,1262,3,3,1950000,1952138,2323.418548,2325.420278,2.0017299999999523,39.087903117706375,33.3625,45.137499999999996,1,1,1,1,2138,80,80,2140.0,80.0,2138.0,2138,80,78.2434283078037,46474.29973073403
4352,0,1263,3,3,1952138,1954123,2325.420278,2327.420848,2.0005700000001525,38.60075497061767,33.3625,45.137499999999996,1,1,1,1,1985,80,80,1985.0,80.0,1985.0,1985,80,77.22351237158,45280.59503041288
4352,0,1264,3,3,1954123,1956118,2327.420848,2329.421442,2.000593999999637,38.50987612134721,33.3625,45.137499999999996,1,1,1,1,1995,79,79,1995.0,80.0,1995.0,1995,80,77.04262710909825,45306.543956453155
4352,0,1265,3,3,1956118,1958132,2329.421442,2331.421955,2.0005129999999554,38.61414170621578,33.3625,45.137499999999996,1,1,1,1,2014,80,80,2015.0,79.0,2014.0,2014,79,77.24809246712539,45913.22325823529
4352,0,1266,3,3,1958132,1960259,2331.421955,2333.422453,2.0004980000003343,39.21597846518184,33.3625,45.137499999999996,1,1,1,1,2127,80,80,2129.0,80.0,2127.0,2127,80,78.45148648765462,46660.38156498252
4352,0,1267,3,3,1960259,1962303,2333.422453,2335.423085,2.0006319999997686,38.60664797289302,33.3625,45.137499999999996,1,1,1,1,2044,80,80,2045.0,80.0,2044.0,2044,80,77.23769534729945,45930.98580848983
4352,0,1268,3,3,1962303,1963000,2335.423085,2336.091972,0.668887000000268,39.1462852527176,33.3625,45.137499999999996,1,1,1,1,697,26,26,699.0,27.0,697.0,697,26,26.18444130384887,44414.07891017182
4352,0,1269,3,3,1963000,1965120,2336.091972,2338.095072,2.003099999999904,38.976821567917845,33.3625,45.137499999999996,1,1,1,1,2120,80,80,2122.0,80.0,2120.0,2120,80,78.07447128268541,46245.81898058232
4352,0,1270,3,3,1965120,1967100,2338.095072,2340.095156,2.000083999999788,38.73355889835572,33.3625,45.137499999999996,1,1,1,1,1980,80,80,1980.0,80.0,1980.0,1980,80,77.47037141564942,44827.11726107979
4352,0,1271,3,3,1967100,1969166,2340.095156,2342.09779,2.0026339999999436,38.581252881224614,33.3625,45.137499999999996,1,1,1,1,2066,80,80,2067.0,80.0,2066.0,2066,80,77.26412878253905,45790.69365645574
4352,0,1272,3,3,1969166,1971305,2342.09779,2344.100748,2.002958000000035,39.221476679399885,33.3625,45.137499999999996,1,1,1,1,2139,80,80,2140.0,80.0,2139.0,2139,80,78.558970486818,45551.129878908294
4352,0,1273,3,3,1971305,1973337,2344.100748,2346.101051,2.000303000000258,39.30073330041916,33.3625,45.137499999999996,1,1,1,1,2032,80,80,2034.0,80.0,2032.0,2032,80,78.61337472303421,45963.03659994918
4352,0,1274,3,3,1973337,1975401,2346.101051,2348.101906,2.000854999999774,39.06950036987167,33.3625,45.137499999999996,1,1,1,1,2064,80,80,2064.0,80.0,2064.0,2064,80,78.1724051625497,46105.78977487645
4352,0,1275,3,3,1975401,1976000,2348.101906,2348.717188,0.6152820000002066,39.48619444552704,33.3625,45.137499999999996,1,1,1,1,599,24,24,599.0,24.0,599.0,599,24,24.29514469084097,46492.502624797075
4352,0,1276,3,3,1976000,1978002,2348.717188,2350.717918,2.0007299999997485,39.30514630004658,33.3625,45.137499999999996,1,1,1,1,2002,79,79,2004.0,80.0,2002.0,2002,79,78.6389853568835,45886.25151820163
4352,0,1277,3,3,1978002,1980070,2350.717918,2352.718641,2.0007230000001073,39.394601698050685,33.3625,45.137499999999996,1,1,1,1,2068,80,80,2070.0,80.0,2068.0,2068,80,78.81768569313863,46384.23210009333
4352,0,1278,3,3,1980070,1982071,2352.718641,2354.719735,2.0010940000001938,39.2979794593322,33.3625,45.137499999999996,1,1,1,1,2001,80,80,2001.0,80.0,2001.0,2001,80,78.63895090820733,45587.06387605538
4352,0,1279,3,3,1982071,1984146,2354.719735,2356.721187,2.001451999999972,39.31123654680023,33.3625,45.137499999999996,1,1,1,1,2075,80,80,2076.0,80.0,2075.0,2075,80,78.67955300906033,46220.94359495071
4352,0,1280,3,3,1984146,1986162,2356.721187,2358.722362,2.0011749999998756,39.07427012581169,33.3625,45.137499999999996,1,1,1,1,2016,80,80,2018.0,80.0,2016.0,2016,80,78.19445251901925,46497.682611468656
4352,0,1281,3,3,1986162,1988270,2358.722362,2360.722666,2.000304000000142,39.57330959675302,33.3625,45.137499999999996,1,1,1,1,2108,80,80,2108.0,80.0,2108.0,2108,80,79.15864947963564,44788.69211879477
4352,0,1282,3,3,1988270,1989000,2360.722666,2361.404064,0.6813979999997173,39.72658352231125,33.3625,45.137499999999996,1,1,1,1,730,27,27,732.0,27.0,730.0,730,27,27.06961455893179,47952.88509800962
4352,0,1283,3,3,1989000,1991061,2361.404064,2363.405001,2.000937000000249,39.544864037851696,33.3625,45.137499999999996,1,1,1,1,2061,80,80,2065.0,80.0,2061.0,2061,80,79.1267816133186,45416.22249975321
4352,0,1284,3,3,1991061,1993105,2363.405001,2365.406616,2.001615000000129,39.46870055628743,33.3625,45.137499999999996,1,1,1,1,2044,80,80,2044.0,80.0,2044.0,2044,80,79.00114306397154,46006.84946905077
4352,0,1285,3,3,1993105,1995188,2365.406616,2367.406725,2.000108999999611,38.78986263536353,33.3625,45.137499999999996,1,1,1,1,2083,80,80,2083.0,80.0,2083.0,2083,80,77.58395336574176,46144.48512556963
4352,0,1286,3,3,1995188,1997250,2367.406725,2369.407155,2.0004300000000512,39.181936973994524,33.3625,45.137499999999996,1,1,1,1,2062,80,80,2062.0,80.0,2062.0,2062,80,78.38072218089656,46724.4542423367
4352,0,1287,3,3,1997250,1999280,2369.407155,2371.409323,2.0021679999999833,39.026726338017426,33.3625,45.137499999999996,1,1,1,1,2030,80,80,2031.0,80.0,2030.0,2030,80,78.13806261873106,45595.57439735365
4352,0,1288,3,3,1999280,2001267,2371.409323,2373.409469,2.0001460000003135,39.549955850715946,33.3625,45.137499999999996,1,1,1,1,1987,80,80,1987.0,80.0,1987.0,1987,80,79.10568599500402,46168.129726522726
4352,0,1289,3,3,2001267,2002000,2373.409469,2374.144068,0.7345989999998892,39.4801469053115,33.3625,45.137499999999996,1,1,1,1,733,29,29,733.0,29.0,733.0,733,29,29.002076436489006,44684.242695681525
4352,0,1290,3,3,2002000,2004078,2374.144068,2376.144433,2.0003649999998743,38.938484600533876,33.3625,45.137499999999996,1,1,1,1,2078,80,80,2083.0,80.0,2078.0,2078,80,77.89118174793839,45538.18928045918
4352,0,1291,3,3,2004078,2006064,2376.144433,2378.146217,2.0017840000000433,39.431237712952004,33.3625,45.137499999999996,1,1,1,1,1986,80,80,1986.0,80.0,1986.0,1986,80,78.9328207539802,45938.023283230366
4352,0,1292,3,3,2006064,2008080,2378.146217,2380.14621,1.999992999999904,39.169720668422464,33.3625,45.137499999999996,1,1,1,1,2016,80,80,2018.0,80.0,2016.0,2016,80,78.3391671487916,45665.65982981159
4352,0,1293,3,3,2008080,2010161,2380.14621,2382.148265,2.0020549999999275,39.46069302220786,33.3625,45.137499999999996,1,1,1,1,2081,80,80,2081.0,80.0,2081.0,2081,80,79.00247776857577,45894.84304876905
4352,0,1294,3,3,2010161,2012272,2382.148265,2384.148926,2.0006610000000364,39.314620125373054,33.3625,45.137499999999996,1,1,1,1,2111,80,80,2111.0,80.0,2111.0,2111,80,78.65522721465095,47197.90109368767
4352,0,1295,3,3,2012272,2014348,2384.148926,2386.150211,2.00128500000028,39.40171175847873,33.3625,45.137499999999996,1,1,1,1,2076,80,80,2079.0,80.0,2076.0,2076,80,78.85405471657577,46288.25979307647
4352,0,1296,3,3,2014348,2015000,2386.150211,2386.818644,0.6684329999998226,38.84475950413983,33.3625,45.137499999999996,1,1,1,1,652,27,27,653.0,27.0,652.0,652,27,25.965119129628874,45247.61644025359
4352,0,1297,3,3,2015000,2017104,2386.818644,2388.818737,2.0000930000001063,39.13859742663574,33.3625,45.137499999999996,1,1,1,1,2104,80,80,2112.0,80.0,2104.0,2104,80,78.2808347428363,45588.38014032105
4352,0,1298,3,3,2017104,2019190,2388.818737,2390.818958,2.000220999999783,39.28254093073707,33.3625,45.137499999999996,1,1,1,1,2086,80,80,2088.0,80.0,2087.0,2086,80,78.57376330300758,46350.37828320474
4352,0,1299,3,3,2019190,2021244,2390.818958,2392.819819,2.0008609999999862,39.224105133452,33.3625,45.137499999999996,1,1,1,1,2054,80,80,2053.0,80.0,2053.0,2054,80,78.48198222141946,45266.51276625444
4352,0,1300,3,3,2021244,2023343,2392.819819,2394.820044,2.0002250000002277,39.13534999662829,33.3625,45.137499999999996,1,1,1,1,2099,79,79,2102.0,79.0,2099.0,2099,79,78.27950544701889,45922.83368120564
4352,0,1301,3,3,2023343,2025447,2394.820044,2396.821104,2.0010600000000522,39.724488864497744,33.3625,45.137499999999996,1,1,1,1,2104,80,80,2104.0,80.0,2104.0,2104,80,79.49108568720112,47341.409053200565
4352,0,1302,3,3,2025447,2027524,2396.821104,2398.821444,2.000340000000051,39.588592709895806,33.3625,45.137499999999996,1,1,1,1,2077,79,79,2080.0,80.0,2077.0,2077,79,79.19064554131182,46771.548836696566
4352,0,1303,3,3,2027524,2028000,2398.821444,2399.282571,0.46112700000003315,39.105303891197984,33.3625,45.137499999999996,1,1,1,1,476,19,19,476.0,19.0,476.0,476,19,18.032511467434233,45217.47804834352
4352,0,1304,3,3,2028000,2030192,2399.282571,2401.282902,2.0003309999997327,39.51651975908193,33.3625,45.137499999999996,1,1,1,1,2192,80,80,2197.0,80.0,2192.0,2192,80,79.04611948620004,47043.71426529538
4352,0,1305,3,3,2030192,2032291,2401.282902,2403.283001,2.0000989999998637,39.09497956672291,33.3625,45.137499999999996,1,1,1,1,2099,80,80,2099.0,80.0,2099.0,2099,80,78.19382953642344,46152.715440588836
4352,0,1306,3,3,2032291,2034357,2403.283001,2405.283019,2.000018000000182,39.012310820115005,33.3625,45.137499999999996,1,1,1,1,2066,80,80,2066.0,80.0,2066.0,2066,80,78.02532386183157,46165.584509735214
4352,0,1307,3,3,2034357,2036398,2405.283019,2407.283466,2.0004469999998946,39.11159939493439,33.3625,45.137499999999996,1,1,1,1,2041,78,78,2044.0,79.0,2041.0,2041,78,78.24068167479709,46514.60398601158
4352,0,1308,3,3,2036398,2038395,2407.283466,2409.284535,2.001068999999916,39.1872947728878,33.3625,45.137499999999996,1,1,1,1,1997,80,80,1999.0,80.0,1997.0,1997,80,78.4164807638881,46092.863364533594
4352,0,1309,3,3,2038395,2040430,2409.284535,2411.285156,2.0006210000001374,39.39628792873381,33.3625,45.137499999999996,1,1,1,1,2035,80,80,2036.0,80.0,2035.0,2035,80,78.81704095227178,46518.05614356423
4352,0,1310,3,3,2040430,2041000,2411.285156,2411.852046,0.5668900000000576,39.74961185929275,33.3625,45.137499999999996,1,1,1,1,570,23,23,571.0,23.0,570.0,570,23,22.533657466919976,45130.44858790488
4352,0,1311,3,3,2041000,2043130,2411.852046,2413.852657,2.0006109999999353,39.86581013895506,33.3625,45.137499999999996,1,1,1,1,2130,80,80,2132.0,80.0,2130.0,2130,80,79.75597828789614,46283.3604333891
4352,0,1312,3,3,2043130,2045319,2413.852657,2415.853373,2.0007160000000113,40.175588834726796,33.3625,45.137499999999996,1,1,1,1,2189,80,80,2189.0,80.0,2189.0,2189,80,80.3799433910608,47295.568186588935
4352,0,1313,3,3,2045319,2047415,2415.853373,2417.854055,2.0006819999998697,39.82815321463604,33.3625,45.137499999999996,1,1,1,1,2096,79,79,2098.0,80.0,2096.0,2096,79,79.68346922975616,46644.094363824974
4352,0,1314,3,3,2047415,2049463,2417.854055,2419.855527,2.0014720000003763,40.21619159924092,33.3625,45.137499999999996,1,1,1,1,2048,80,80,2049.0,80.0,2048.0,2048,80,80.4915814325359,46855.51434143589
4352,0,1315,3,3,2049463,2051521,2419.855527,2421.856678,2.001150999999936,39.93982158740315,33.3625,45.137499999999996,1,1,1,1,2058,80,80,2058.0,80.0,2058.0,2058,80,79.92561390945048,46973.466769875435
4352,0,1316,3,3,2051521,2053607,2421.856678,2423.857315,2.000637000000097,39.63180633308623,33.3625,45.137499999999996,1,1,1,1,2086,80,80,2088.0,80.0,2086.0,2086,80,79.28885812680528,46155.7993778959
4352,0,1317,3,3,2053607,2054000,2423.857315,2424.235378,0.3780629999996563,39.80222903421429,33.3625,45.137499999999996,1,1,1,1,393,15,15,393.0,15.0,393.0,393,15,15.047750115350937,48148.059979465186
4352,0,1318,3,3,2054000,2056044,2424.235378,2426.235891,2.0005129999999554,39.85014852167115,33.3625,45.137499999999996,1,1,1,1,2044,80,80,2046.0,80.0,2044.0,2044,80,79.72074016953411,47441.83117030588
4352,0,1319,3,3,2056044,2058058,2426.235891,2428.237057,2.001166000000012,39.671627316756016,33.3625,45.137499999999996,1,1,1,1,2014,80,80,2020.0,80.0,2014.0,2014,80,79.38951175096736,46539.367548718816
4352,0,1320,3,3,2058058,2060142,2428.237057,2430.237076,2.0000190000000657,40.04072802930623,33.3625,45.137499999999996,1,1,1,1,2084,80,80,2087.0,80.0,2084.0,2084,80,80.0822168324521,47246.55115776245
4352,0,1321,3,3,2060142,2062324,2430.237076,2432.238364,2.0012879999999313,39.788191588113456,33.3625,45.137499999999996,1,1,1,1,2182,79,79,2184.0,80.0,2182.0,2182,80,79.62763036698743,47673.79807404195
4352,0,1322,3,3,2062324,2064320,2432.238364,2434.240641,2.002277000000049,39.2872079211477,33.3625,45.137499999999996,1,1,1,1,1996,80,80,1997.0,80.0,1996.0,1996,80,78.66387281473726,45802.85345134452
4352,0,1323,3,3,2064320,2066333,2434.240641,2436.240794,2.0001529999999548,39.113986073647574,33.3625,45.137499999999996,1,1,1,1,2013,80,80,2013.0,79.0,2013.0,2013,79,78.23395658716618,45726.00196085103
4352,0,1324,3,3,2066333,2067000,2436.240794,2436.904062,0.6632680000002438,39.32155378697475,33.3625,45.137499999999996,1,1,1,1,667,27,27,667.0,27.0,667.0,667,27,26.080728337183245,45366.27728156483
4352,0,1325,3,3,2067000,2069155,2436.904062,2438.905482,2.001420000000053,39.72669721159329,33.3625,45.137499999999996,1,1,1,1,2155,80,80,2156.0,80.0,2155.0,2155,80,79.50980633322615,46821.756552846244
4352,0,1326,3,3,2069155,2071221,2438.905482,2440.905604,2.0001219999999194,39.53386145508428,33.3625,45.137499999999996,1,1,1,1,2066,80,80,2070.0,80.0,2066.0,2066,80,79.07254604126501,46011.693286711365
4352,0,1327,3,3,2071221,2073367,2440.905604,2442.906709,2.001104999999825,39.68163076484937,33.3625,45.137499999999996,1,1,1,1,2146,80,80,2148.0,80.0,2146.0,2146,80,79.40710973169189,47274.880628456915
4352,0,1328,3,3,2073367,2075497,2442.906709,2444.907498,2.000789000000168,39.59563569400883,33.3625,45.137499999999996,1,1,1,1,2130,80,80,2131.0,80.0,2130.0,2130,80,79.22251234458236,46248.7548662014
4352,0,1329,3,3,2075497,2077547,2444.907498,2446.909266,2.0017680000000837,39.28606154318427,33.3625,45.137499999999996,1,1,1,1,2050,80,80,2052.0,80.0,2050.0,2050,80,78.64158084317751,46168.187322405065
4352,0,1330,3,3,2077547,2079600,2446.909266,2448.909377,2.0001109999998334,39.36101251127163,33.3625,45.137499999999996,1,1,1,1,2053,80,80,2054.0,80.0,2053.0,2053,80,78.72639409491967,46214.435098855865
4352,0,1331,3,3,2079600,2080000,2448.909377,2449.348052,0.4386749999998756,40.198140490037744,33.3625,45.137499999999996,1,1,1,1,400,17,17,400.0,17.0,400.0,400,17,17.63391927946941,45591.83906082105
4352,0,1332,3,3,2080000,2082149,2449.348052,2451.348126,2.0000740000000405,38.58272040672981,33.3625,45.137499999999996,1,1,1,1,2149,80,80,2150.0,80.0,2149.0,2149,80,77.16829593476723,45295.82405450907
4352,0,1333,3,3,2082149,2084238,2451.348126,2453.348157,2.0000310000000354,38.65189943723773,33.3625,45.137499999999996,1,1,1,1,2089,80,80,2089.0,80.0,2089.0,2089,80,77.30499708335265,45158.30004634848
4352,0,1334,3,3,2084238,2086282,2453.348157,2455.349525,2.001368000000184,38.39702057629887,33.3625,45.137499999999996,1,1,1,1,2044,80,80,2044.0,80.0,2044.0,2044,80,76.84656827675644,45556.839122036334
4352,0,1335,3,3,2086282,2088318,2455.349525,2457.35126,2.001734999999826,38.46622368761162,33.3625,45.137499999999996,1,1,1,1,2036,80,80,2039.0,80.0,2036.0,2036,80,76.99918627331499,45711.34540786266
4352,0,1336,3,3,2088318,2090389,2457.35126,2459.351816,2.0005559999999605,38.63743126904805,33.3625,45.137499999999996,1,1,1,1,2071,80,80,2072.0,80.0,2071.0,2071,80,77.2963449498784,45243.422328593544
4352,0,1337,3,3,2090389,2092471,2459.351816,2461.354909,2.0030930000002627,38.20972641504943,33.3625,45.137499999999996,1,1,1,1,2082,80,80,2082.0,80.0,2082.0,2082,80,76.53763551391603,44808.20411233439
4352,0,1338,3,3,2092471,2093000,2461.354909,2462.030447,0.6755379999999604,38.346446928875395,33.3625,45.137499999999996,1,1,1,1,529,22,22,637.0,27.0,529.0,529,22,25.90448206543806,44084.86273163278
4352,0,1339,3,3,2093000,2094993,2462.030447,2464.031883,2.0014360000000124,38.53394775544779,33.3625,45.137499999999996,1,1,1,1,1993,80,80,1994.0,80.0,1993.0,1993,80,77.12323025988007,45583.271211270025
4352,0,1340,3,3,2094993,2097032,2464.031883,2466.03456,2.0026769999999487,38.75264781592074,33.3625,45.137499999999996,1,1,1,1,2039,80,80,2040.0,80.0,2039.0,2039,80,77.60903647003579,46026.893003715704
4352,0,1341,3,3,2097032,2098995,2466.03456,2468.035297,2.0007369999998446,38.4550569526017,33.3625,45.137499999999996,1,1,1,1,1963,80,80,1963.0,80.0,1963.0,1963,80,76.93845528217207,43893.325309626816
4352,0,1342,3,3,2098995,2101019,2468.035297,2470.039088,2.003791000000092,38.51753766022355,33.3625,45.137499999999996,1,1,1,1,2024,80,80,2024.0,80.0,2024.0,2024,80,77.18109530571382,45634.49980561635
4352,0,1343,3,3,2101019,2103132,2470.039088,2472.040821,2.0017330000000584,38.953179808415314,33.3625,45.137499999999996,1,1,1,1,2113,80,80,2113.0,80.0,2113.0,2113,80,77.973865477441,46234.437859593316
4352,0,1344,3,3,2103132,2105167,2472.040821,2474.040897,2.000075999999808,38.902926177920136,33.3625,45.137499999999996,1,1,1,1,2035,80,80,2036.0,80.0,2035.0,2035,80,77.80880897822499,45532.26977375297
4352,0,1345,3,3,2105167,2106000,2474.040897,2474.883649,0.8427520000000186,38.672235208614744,33.3625,45.137499999999996,1,1,1,1,833,33,33,833.0,33.0,833.0,833,33,32.591103566534,45430.92155224687
4352,0,1346,3,3,2106000,2108102,2474.883649,2476.885619,2.001970000000256,39.07933653101536,33.3625,45.137499999999996,1,1,1,1,2102,80,80,2104.0,80.0,2102.0,2102,80,78.23565935500665,45341.83828927926
4352,0,1347,3,3,2108102,2110265,2476.885619,2478.885718,2.0000989999998637,38.80792490023856,33.3625,45.137499999999996,1,1,1,1,2163,80,80,2164.0,80.0,2163.0,2163,80,77.61969178503205,46027.72162778256
4352,0,1348,3,3,2110265,2112211,2478.885718,2480.885723,2.0000049999998737,38.7024670239224,33.3625,45.137499999999996,1,1,1,1,1946,80,80,1948.0,80.0,1947.0,1946,80,77.40512756018143,45264.38683903576
4352,0,1349,3,3,2112211,2114232,2480.885723,2482.885844,2.0001210000000356,38.77608597964114,33.3625,45.137499999999996,1,1,1,1,2021,80,80,2021.0,80.0,2020.0,2021,80,77.55686386568414,45764.73123375954
4352,0,1350,3,3,2114232,2116264,2482.885844,2484.885888,2.000043999999889,38.99508255395027,33.3625,45.137499999999996,1,1,1,1,2032,80,80,2032.0,80.0,2032.0,2032,80,77.99188089152449,46509.97678051341
4352,0,1351,3,3,2116264,2118323,2484.885888,2486.886043,2.000155000000177,39.13561891435094,33.3625,45.137499999999996,1,1,1,1,2059,80,80,2059.0,80.0,2059.0,2059,80,78.27730384963797,46139.424194620835
4352,0,1352,3,3,2118323,2119000,2486.886043,2487.564809,0.678765999999996,39.00332752620142,33.3625,45.137499999999996,1,1,1,1,677,27,27,677.0,27.0,677.0,677,27,26.47413261164911,45090.64979683747
4352,0,1353,3,3,2119000,2121093,2487.564809,2489.564953,2.000144000000091,39.04601982213423,33.3625,45.137499999999996,1,1,1,1,2093,80,80,2095.0,80.0,2093.0,2093,80,78.09766227113141,46220.17214760327
4352,0,1354,3,3,2121093,2123094,2489.564953,2491.565699,2.000746000000163,38.67440282609013,33.3625,45.137499999999996,1,1,1,1,2001,80,80,2002.0,80.0,2001.0,2001,80,77.37765675669652,44974.72442778477
4352,0,1355,3,3,2123094,2125120,2491.565699,2493.567278,2.001578999999765,38.628453746525,33.3625,45.137499999999996,1,1,1,1,2026,80,80,2026.0,80.0,2026.0,2026,80,77.31790182150144,45188.82342391213
4352,0,1356,3,3,2125120,2127163,2493.567278,2495.568267,2.000989000000118,38.81860865623332,33.3625,45.137499999999996,1,1,1,1,2043,80,80,2046.0,80.0,2043.0,2043,80,77.67560891642643,45523.488634867375
4352,0,1357,3,3,2127163,2129157,2495.568267,2497.570594,2.0023269999996955,39.026868957417534,33.3625,45.137499999999996,1,1,1,1,1994,80,80,1995.0,80.0,1994.0,1994,80,78.14455343889131,46027.447065346474
4352,0,1358,3,3,2129157,2131187,2497.570594,2499.573445,2.0028510000001916,39.043709816067356,33.3625,45.137499999999996,1,1,1,1,2030,80,80,2031.0,80.0,2030.0,2030,80,78.19873324882064,46176.17586130529
4352,0,1359,3,3,2131187,2132000,2499.573445,2500.361511,0.7880660000000717,39.288315045131874,33.3625,45.137499999999996,1,1,1,1,813,31,31,813.0,31.0,813.0,813,31,30.96178528436576,47568.350874161035
4352,0,1360,3,3,2132000,2134103,2500.361511,2502.362316,2.0008050000001276,39.00714428395225,33.3625,45.137499999999996,1,1,1,1,2103,80,80,2107.0,80.0,2103.0,2103,80,78.04568931905669,45686.61113901363
4352,0,1361,3,3,2134103,2136144,2502.362316,2504.362598,2.00028199999997,39.69740978192447,33.3625,45.137499999999996,1,1,1,1,2041,80,80,2041.0,80.0,2041.0,2041,80,79.40601423340559,46384.959720680075
4352,0,1362,3,3,2136144,2138250,2504.362598,2506.362575,1.9999769999999444,38.98038771923426,33.3625,45.137499999999996,1,1,1,1,2106,80,80,2106.0,80.0,2106.0,2106,80,77.95987888955278,46328.53277812824
4352,0,1363,3,3,2138250,2140312,2506.362575,2508.363899,2.0013239999998405,38.73295182726052,33.3625,45.137499999999996,1,1,1,1,2062,80,80,2062.0,80.0,2062.0,2062,80,77.5171860827395,45452.41050424981
4352,0,1364,3,4,2140312,2142345,2508.363899,2510.364981,2.001082000000224,32.25957592377455,32.9375,44.5625,1,0,0,1,2033,80,80,2035.0,80.0,2034.0,2033,80,77.52599664448644,37916.186180259654
4352,0,1365,4,4,2142345,2144278,2510.364981,2512.367303,2.002321999999822,38.750845953898676,32.9375,44.5625,1,1,0,1,1933,80,80,1932.0,80.0,1932.0,1933,80,77.59167137209442,45068.67526801785
4352,0,1366,4,4,2144278,2145000,2512.367303,2513.088156,0.7208529999998063,38.90989124495747,32.9375,44.5625,1,1,1,1,722,29,29,722.0,29.0,722.0,722,29,28.048311833597836,45951.11624701416
4352,0,1367,4,4,2145000,2147006,2513.088156,2515.088465,2.0003090000000157,38.75068532561892,32.9375,44.5625,1,1,1,1,2006,80,80,2008.0,80.0,2006.0,2006,80,77.51334461300576,45294.0020766788
4352,0,1368,4,4,2147006,2148997,2515.088465,2517.088757,2.0002920000001723,38.81591967305691,32.9375,44.5625,1,1,1,1,1991,80,80,1992.0,80.0,1991.0,1991,80,77.64317359466804,45576.345853501465
4352,0,1369,4,4,2148997,2151036,2517.088757,2519.0895,2.000743000000057,39.28958055815612,32.9375,44.5625,1,1,1,1,2039,80,80,2040.0,80.0,2039.0,2039,80,78.60835327467066,46688.65516460502
4352,0,1370,4,4,2151036,2153120,2519.0895,2521.090596,2.0010959999999614,38.755463868049674,32.9375,44.5625,1,1,1,1,2084,80,80,2084.0,80.0,2084.0,2084,80,77.55340372449427,44982.849398530474
4352,0,1371,4,4,2153120,2155283,2521.090596,2523.091675,2.001079000000118,39.63725820628093,32.9375,44.5625,1,1,1,1,2163,79,79,2164.0,80.0,2163.0,2163,80,79.31728501417092,46944.17361833014
4352,0,1372,4,4,2155283,2157336,2523.091675,2525.093367,2.001691999999821,39.738034826041805,32.9375,44.5625,1,1,1,1,2053,80,80,2054.0,79.0,2053.0,2053,79,79.54330640700937,46859.85656135329
4352,0,1373,4,4,2157336,2158000,2525.093367,2525.696191,0.6028240000000551,39.2158604960504,32.9375,44.5625,1,1,1,1,664,25,25,665.0,25.0,664.0,664,25,23.64026188767457,46393.30882645257
4352,0,1374,4,4,2158000,2160034,2525.696191,2527.696388,2.0001969999998437,39.14423027242926,32.9375,44.5625,1,1,1,1,2034,79,79,2035.0,79.0,2034.0,2034,79,78.29617195820902,46460.42364827428
4352,0,1375,4,4,2160034,2162082,2527.696388,2529.697321,2.000933000000259,39.50531338810669,32.9375,44.5625,1,1,1,1,2048,80,80,2049.0,80.0,2048.0,2048,80,79.04748523361923,46589.26610735488
4352,0,1376,4,4,2162082,2164095,2529.697321,2531.697685,2.0003639999999905,39.397991042967035,32.9375,44.5625,1,1,1,1,2013,80,80,2013.0,80.0,2013.0,2013,80,78.81032295466866,45521.71504786151
4352,0,1377,4,4,2164095,2166118,2531.697685,2533.697819,2.000133999999889,39.71814988875281,32.9375,44.5625,1,1,1,1,2023,80,80,2026.0,80.0,2023.0,2023,80,79.44162200958817,46190.905209353536
4352,0,1378,4,4,2166118,2168248,2533.697819,2535.697824,2.0000049999998737,39.48583486856629,32.9375,44.5625,1,1,1,1,2130,80,80,2132.0,80.0,2130.0,2130,80,78.97186716629949,47001.38249654673
4352,0,1379,4,4,2168248,2170264,2535.697824,2537.851363,2.1535390000003645,39.370451945224325,32.9375,44.5625,1,1,1,1,2016,76,76,2294.0,86.0,2016.0,2016,76,84.78580371168209,47287.74356999467
4352,0,1380,4,4,2170264,2171000,2537.851363,2538.539967,0.6886039999999412,39.40895187971526,32.9375,44.5625,1,1,1,1,736,28,28,736.0,28.0,736.0,736,28,27.13716190017294,47992.750550393
4352,0,1381,4,4,2171000,2173072,2538.539967,2540.540315,2.000348000000031,39.50420472893715,32.9375,44.5625,1,1,1,1,2072,80,80,2075.0,80.0,2072.0,2072,80,79.02215692112804,46110.97669005522
4352,0,1382,4,4,2173072,2175125,2540.540315,2542.540586,2.0002709999998842,39.75341816171113,32.9375,44.5625,1,1,1,1,2053,80,80,2053.0,80.0,2053.0,2053,80,79.51760949974414,46371.716632398995
4352,0,1383,4,4,2175125,2177192,2542.540586,2544.540747,2.0001609999999346,39.97371741214433,32.9375,44.5625,1,1,1,1,2067,79,79,2068.0,79.0,2067.0,2067,79,79.95387059278437,47106.207950261545
4352,0,1384,4,4,2177192,2179352,2544.540747,2546.540754,2.000007000000096,39.86648612495009,32.9375,44.5625,1,1,1,1,2160,80,80,2161.0,80.0,2160.0,2160,80,79.73325131530873,46023.33891831158
4352,0,1385,4,4,2179352,2181429,2546.540754,2548.541032,2.0002779999999802,39.71952385656049,32.9375,44.5625,1,1,1,1,2077,80,80,2079.0,80.0,2077.0,2077,80,79.45008974075608,47473.90112774371
4352,0,1386,4,4,2181429,2183483,2548.541032,2550.545986,2.004953999999998,39.353709275483006,32.9375,44.5625,1,1,1,1,2054,80,80,2054.0,80.0,2054.0,2054,80,78.90237682672159,46387.09915539214
4352,0,1387,4,4,2183483,2184000,2550.545986,2551.015372,0.4693859999997585,39.47150794108561,32.9375,44.5625,1,1,1,1,517,19,19,517.0,19.0,517.0,517,19,18.527373226417694,45872.693263137546
4352,0,1388,4,4,2184000,2186101,2551.015372,2553.015634,2.0002620000000206,39.78344533531691,32.9375,44.5625,1,1,1,1,2101,80,80,2104.0,80.0,2101.0,2101,80,79.57731393331778,45917.984743998066
4352,0,1389,4,4,2186101,2188180,2553.015634,2555.015683,2.0000490000002173,39.725300050505,32.9375,44.5625,1,1,1,1,2079,80,80,2080.0,80.0,2079.0,2079,80,79.45254664072127,46430.86244386508
4352,0,1390,4,4,2188180,2190358,2555.015683,2557.016394,2.0007110000001376,39.919605992227076,32.9375,44.5625,1,1,1,1,2178,80,80,2179.0,80.0,2178.0,2178,80,79.86759482431808,46998.79192946584
4352,0,1391,4,4,2190358,2192432,2557.016394,2559.01638,1.999985999999808,39.108327017332144,32.9375,44.5625,1,1,1,1,2074,80,80,2074.0,80.0,2074.0,2074,80,78.21610651808442,46058.822411761306
4352,0,1392,4,4,2192432,2194559,2559.01638,2561.017045,2.0006650000000263,39.06569268984658,32.9375,44.5625,1,1,1,1,2127,80,80,2128.0,80.0,2127.0,2127,80,78.15736406533688,46535.526937292736
4352,0,1393,4,4,2194559,2196562,2561.017045,2563.017719,2.00067399999989,39.00312350422189,32.9375,44.5625,1,1,1,1,2003,80,80,2004.0,80.0,2003.0,2003,80,78.0325351136853,45776.57329480217
4352,0,1394,4,4,2196562,2197000,2563.017719,2563.447276,0.4295569999999316,38.80474580828108,32.9375,44.5625,1,1,1,1,438,17,17,438.0,17.0,438.0,438,17,16.668850195172126,46634.0904699567
4352,0,1395,4,4,2197000,2199085,2563.447276,2565.447384,2.000108000000182,39.079540148300374,32.9375,44.5625,1,1,1,1,2085,80,80,2088.0,80.0,2085.0,2085,80,78.1633008869394,47299.94580292234
4352,0,1396,4,4,2199085,2201137,2565.447384,2567.448609,2.0012249999999767,39.34592525217872,32.9375,44.5625,1,1,1,1,2052,79,79,2054.0,80.0,2052.0,2052,79,78.74004926279304,47178.10341166091
4352,0,1397,4,4,2201137,2203132,2567.448609,2569.448859,2.000250000000051,39.0068705072375,32.9375,44.5625,1,1,1,1,1995,80,80,1995.0,80.0,1995.0,1995,80,78.02349273209984,45005.37432820783
4352,0,1398,4,4,2203132,2205200,2569.448859,2571.449096,2.0002369999997427,39.30020047772284,32.9375,44.5625,1,1,1,1,2068,80,80,2068.0,80.0,2068.0,2068,80,78.60971510295349,46566.98181266119
4352,0,1399,4,4,2205200,2207251,2571.449096,2573.449797,2.00070100000039,39.14472976382215,32.9375,44.5625,1,1,1,1,2051,80,80,2051.0,80.0,2051.0,2051,80,78.3168999832269,45735.46971785497
4352,0,1400,4,4,2207251,2209364,2573.449797,2575.450049,2.0002519999998185,39.4296709897281,32.9375,44.5625,1,1,1,1,2113,79,79,2115.0,79.0,2113.0,2113,79,78.86927825653402,46055.19704517649
4352,0,1401,4,4,2209364,2210000,2575.450049,2576.065534,0.6154849999998078,39.44936350831207,32.9375,44.5625,1,1,1,1,636,25,25,636.0,25.0,636.0,636,25,24.280491498910123,48136.022811293944
4352,0,1402,4,4,2210000,2211982,2576.065534,2578.066141,2.0006069999999454,38.897651490615694,32.9375,44.5625,1,1,1,1,1982,80,80,1987.0,80.0,1982.0,1982,80,77.81891385567724,45560.17248765124
4352,0,1403,4,4,2211982,2214066,2578.066141,2580.067563,2.001422000000275,39.32962833259338,32.9375,44.5625,1,1,1,1,2084,80,80,2084.0,80.0,2084.0,2084,80,78.71518339669274,46470.95914803935
4352,0,1404,4,4,2214066,2216173,2580.067563,2582.070474,2.00291100000004,39.304122084909196,32.9375,44.5625,1,1,1,1,2107,80,80,2109.0,80.0,2107.0,2107,80,78.72265846921073,46156.3194770003
4352,0,1405,4,4,2216173,2218206,2582.070474,2584.071356,2.0008819999998195,39.06059140944098,32.9375,44.5625,1,1,1,1,2033,80,80,2034.0,80.0,2033.0,2033,80,78.15563426050358,45563.40653772098
4352,0,1406,4,4,2218206,2220252,2584.071356,2586.072461,2.0011050000002797,38.95430519739938,32.9375,44.5625,1,1,1,1,2046,80,80,2046.0,80.0,2046.0,2046,80,77.95165490204818,45921.62830035763
4352,0,1407,4,4,2220252,2222391,2586.072461,2588.07265,2.000188999999864,38.98273624036822,32.9375,44.5625,1,1,1,1,2139,80,80,2140.0,80.0,2139.0,2139,80,77.97284021787345,46537.102243841124
4352,0,1408,4,4,2222391,2223000,2588.07265,2588.675412,0.6027619999999843,39.23785296169041,32.9375,44.5625,1,1,1,1,609,24,24,609.0,24.0,609.0,609,24,23.6510867268953,44875.09166138659
4352,0,1409,4,4,2223000,2225083,2588.675412,2590.676101,2.0006889999999657,39.11371439859031,32.9375,44.5625,1,1,1,1,2083,80,80,2086.0,80.0,2083.0,2083,80,78.25437814640463,45932.67619305228
4352,0,1410,4,4,2225083,2227144,2590.676101,2592.676182,2.0000810000001366,39.404945152078774,32.9375,44.5625,1,1,1,1,2061,80,80,2062.0,80.0,2061.0,2061,80,78.81308210472343,47662.56966592528
4352,0,1411,4,4,2227144,2229178,2592.676182,2594.676621,2.000438999999915,39.18707455055868,32.9375,44.5625,1,1,1,1,2034,80,80,2034.0,80.0,2034.0,2034,80,78.39135222684126,46161.367579818194
4352,0,1412,4,4,2229178,2231147,2594.676621,2596.676734,2.0001130000000558,39.517680130460924,32.9375,44.5625,1,1,1,1,1969,80,80,1969.0,80.0,1969.0,1969,80,79.03982575878035,45928.90501686527
4352,0,1413,4,4,2231147,2233211,2596.676734,2598.677626,2.0008920000000217,39.53944784806407,32.9375,44.5625,1,1,1,1,2064,79,79,2064.0,80.0,2064.0,2064,80,79.11416488360555,46831.61310055664
4352,0,1414,4,4,2233211,2235312,2598.677626,2600.679903,2.002277000000049,39.4549340223952,32.9375,44.5625,1,1,1,1,2101,80,80,2102.0,80.0,2101.0,2101,80,78.99970692956413,46208.39174599605
4352,0,1415,4,4,2235312,2236000,2600.679903,2601.37577,0.6958669999999074,39.31258421795531,32.9375,44.5625,1,1,1,1,688,28,28,689.0,27.0,688.0,688,27,27.356330041991896,46258.83969207375
4352,0,1416,4,4,2236000,2238033,2601.37577,2603.379272,2.003502000000026,39.116951678587675,32.9375,44.5625,1,1,1,1,2033,80,80,2035.0,80.0,2033.0,2033,80,78.37089092195674,45140.45905619203
4352,0,1417,4,4,2238033,2240117,2603.379272,2605.380229,2.000956999999744,39.50676861323465,32.9375,44.5625,1,1,1,1,2084,80,80,2086.0,80.0,2084.0,2084,80,79.05134520401771,46442.777131148694
4352,0,1418,4,4,2240117,2242171,2605.380229,2607.382188,2.00195900000017,39.6637440590022,32.9375,44.5625,1,1,1,1,2054,80,80,2054.0,80.0,2054.0,2054,80,79.40518939262256,46529.92393949731
4352,0,1419,4,4,2242171,2244258,2607.382188,2609.384224,2.002035999999862,39.211450056755204,32.9375,44.5625,1,1,1,1,2087,80,80,2087.0,80.0,2087.0,2087,80,78.5027346258139,47242.40722944369
4352,0,1420,4,4,2244258,2246388,2609.384224,2611.385113,2.0008889999999155,39.1816373659749,32.9375,44.5625,1,1,1,1,2130,80,80,2132.0,80.0,2130.0,2130,80,78.39810720756941,46355.89480476124
4352,0,1421,4,4,2246388,2248476,2611.385113,2613.385719,2.0006060000000616,39.50262455877436,32.9375,44.5625,1,1,1,1,2088,80,80,2088.0,80.0,2088.0,2088,80,79.0291877080308,46277.97777273344
4352,0,1422,4,4,2248476,2249000,2613.385719,2613.831421,0.44570199999998295,39.36446522392487,32.9375,44.5625,1,1,1,1,524,18,18,524.0,18.0,524.0,524,18,17.544820879236795,47592.33748109906
4352,0,1423,4,4,2249000,2251137,2613.831421,2615.83376,2.00233900000012,39.26315236022391,32.9375,44.5625,1,1,1,1,2137,80,80,2141.0,80.0,2137.0,2137,80,78.61814123381919,46904.64501764905
4352,0,1424,4,4,2251137,2253264,2615.83376,2617.834123,2.0003630000001067,39.28789204414291,32.9375,44.5625,1,1,1,1,2127,80,80,2129.0,80.0,2127.0,2127,80,78.59004559309687,47017.466329858624
4352,0,1425,4,4,2253264,2255442,2617.834123,2619.834156,2.000032999999803,39.11033002013368,32.9375,44.5625,1,1,1,1,2178,80,80,2181.0,80.0,2178.0,2178,80,78.22195068115252,46546.73197892693
4352,0,1426,4,4,2255442,2257480,2619.834156,2621.835148,2.000992000000224,38.87723790114602,32.9375,44.5625,1,1,1,1,2038,80,80,2038.0,80.0,2038.0,2038,80,77.79304202229832,46736.81853799992
4352,0,1427,4,4,2257480,2259518,2621.835148,2623.836245,2.001096999999845,38.844694382383395,32.9375,44.5625,1,1,1,1,2038,80,80,2038.0,80.0,2038.0,2038,80,77.7320013944991,45910.81791637642
4352,0,1428,4,4,2259518,2261566,2623.836245,2625.83755,2.0013050000002295,38.80063860576024,32.9375,44.5625,1,1,1,1,2048,80,80,2048.0,80.0,2048.0,2048,80,77.65191204490839,46092.4246928826
4352,0,1429,4,4,2261566,2262000,2625.83755,2626.306157,0.4686069999997926,38.352963694090796,32.9375,44.5625,1,1,1,1,434,18,18,436.0,18.0,434.0,434,18,17.972467257786775,45635.25512851807
4352,0,1430,4,4,2262000,2264063,2626.306157,2628.306992,2.0008349999998245,38.65930704393897,32.9375,44.5625,1,1,1,1,2063,80,80,2064.0,80.0,2063.0,2063,80,77.35089460924792,46019.786739040486
4352,0,1431,4,4,2264063,2266153,2628.306992,2630.308826,2.0018340000001444,38.61038841396958,32.9375,44.5625,1,1,1,1,2090,80,80,2090.0,80.0,2090.0,2090,80,77.29158828029176,45180.06987592052
4352,0,1432,4,4,2266153,2268230,2630.308826,2632.309839,2.001013000000057,39.07028399207073,32.9375,44.5625,1,1,1,1,2077,80,80,2079.0,80.0,2077.0,2077,80,78.18014618182497,44971.22207601721
4352,0,1433,4,4,2268230,2270331,2632.309839,2634.310742,2.0009030000001076,39.036072234171925,32.9375,44.5625,1,1,1,1,2101,80,80,2101.0,80.0,2101.0,2101,80,78.10739404158085,45018.1742943037
4352,0,1434,4,4,2270331,2272377,2634.310742,2636.310873,2.000130999999783,38.916136046182686,32.9375,44.5625,1,1,1,1,2046,80,80,2047.0,80.0,2046.0,2046,80,77.83737010617915,45698.50674781298
4352,0,1435,4,4,2272377,2274483,2636.310873,2638.311571,2.000698000000284,39.21405648569493,32.9375,44.5625,1,1,1,1,2106,80,80,2106.0,80.0,2106.0,2106,80,78.45548438282276,46718.69517537716
4352,0,1436,4,4,2274483,2275000,2638.311571,2638.782553,0.4709819999998217,39.28486193177985,32.9375,44.5625,1,1,1,1,517,19,19,517.0,19.0,517.0,517,19,18.50246284234163,45403.0090322095
4352,0,1437,4,4,2275000,2276963,2638.782553,2640.783238,2.000684999999976,38.32678449211893,32.9375,44.5625,1,1,1,1,1963,80,80,1965.0,80.0,1963.0,1963,80,76.67982283161837,44916.616059000335
4352,0,1438,4,4,2276963,2278991,2640.783238,2642.78497,2.0017320000001746,38.12823889801296,32.9375,44.5625,1,1,1,1,2028,80,80,2028.0,80.0,2028.0,2028,80,76.32251590580563,45866.279801687735
4352,0,1439,4,4,2278991,2281004,2642.78497,2644.78505,2.000079999999798,38.38140457501811,32.9375,44.5625,1,1,1,1,2013,79,79,2015.0,80.0,2013.0,2013,79,76.7658796623873,45108.195672177666
4352,0,1440,4,4,2281004,2282983,2644.78505,2646.785908,2.00085799999988,38.76583157464733,32.9375,44.5625,1,1,1,1,1979,80,80,1979.0,80.0,1979.0,1979,80,77.56492423277814,44317.987583329406
4352,0,1441,4,4,2282983,2285061,2646.785908,2648.788069,2.002161000000342,38.73250474790058,32.9375,44.5625,1,1,1,1,2078,80,80,2079.0,80.0,2078.0,2078,80,77.54871043856838,46864.8625160434
4352,0,1442,4,4,2285061,2287104,2648.788069,2650.788262,2.000192999999854,38.450825023521816,32.9375,44.5625,1,1,1,1,2043,80,80,2043.0,80.0,2043.0,2043,80,76.90907105627412,44796.67712066113
4352,0,1443,4,4,2287104,2288000,2650.788262,2651.659888,0.8716260000001057,38.41615337410863,32.9375,44.5625,1,1,1,1,896,34,34,896.0,34.0,896.0,896,34,33.484518100871355,45060.610858321386
4352,0,1444,4,4,2288000,2290017,2651.659888,2653.660749,2.0008609999999862,38.10829914844745,32.9375,44.5625,1,1,1,1,2017,80,80,2019.0,80.0,2017.0,2017,80,76.24940954246267,45312.49297177596
4352,0,1445,4,4,2290017,2292057,2653.660749,2655.660895,2.0001459999998588,38.61806597517423,32.9375,44.5625,1,1,1,1,2040,80,80,2042.0,80.0,2040.0,2040,80,77.24177018797491,45776.65830394704
4352,0,1446,4,4,2292057,2293995,2655.660895,2657.662793,2.001897999999983,38.60338260476721,32.9375,44.5625,1,1,1,1,1938,80,80,1938.0,80.0,1938.0,1938,80,77.28003442971385,45542.77990187351
4352,0,1447,4,4,2293995,2296042,2657.662793,2659.664547,2.0017539999998917,38.97609334417407,32.9375,44.5625,1,1,1,1,2047,80,80,2047.0,80.0,2047.0,2047,80,78.02055075607495,46657.081739317146
4352,0,1448,4,4,2296042,2298094,2659.664547,2661.666158,2.001611000000139,38.72555152130516,32.9375,44.5625,1,1,1,1,2052,80,80,2052.0,80.0,2052.0,2052,80,77.51348990612314,45166.618288965095
4352,0,1449,4,4,2298094,2300197,2661.666158,2663.668083,2.0019250000000284,39.05330106304876,32.9375,44.5625,1,1,1,1,2103,80,80,2103.0,80.0,2103.0,2103,80,78.18177973064303,46215.51756434367
4352,0,1450,4,4,2300197,2301000,2663.668083,2664.44821,0.7801269999999931,38.798765223209706,32.9375,44.5625,1,1,1,1,803,31,31,803.0,31.0,803.0,803,31,30.267964317288715,46630.869076445655
4352,0,1451,4,4,2301000,2303019,2664.44821,2666.449002,2.0007919999998194,38.835275419121324,32.9375,44.5625,1,1,1,1,2019,80,80,2025.0,80.0,2019.0,2019,80,77.70130837637407,44991.18349134149
4352,0,1452,4,4,2303019,2305090,2666.449002,2668.452321,2.003319000000374,39.142301017443636,32.9375,44.5625,1,1,1,1,2071,80,80,2071.0,80.0,2071.0,2071,80,78.41451533198415,46231.27919217194
4352,0,1453,4,4,2305090,2307112,2668.452321,2670.453761,2.0014400000000023,38.83452992515802,32.9375,44.5625,1,1,1,1,2022,80,80,2022.0,80.0,2022.0,2022,80,77.72498157341033,45657.62650891353
4352,0,1454,4,4,2307112,2309141,2670.453761,2672.45489,2.0011289999997643,39.467252684962645,32.9375,44.5625,1,1,1,1,2029,80,80,2032.0,80.0,2030.0,2029,80,78.979063898194,45544.29024816028
4352,0,1455,4,4,2309141,2311157,2672.45489,2674.456043,2.0011530000001585,39.53650283844354,32.9375,44.5625,1,1,1,1,2016,80,80,2018.0,80.0,2015.0,2016,80,79.11859126466152,46286.31593885758
4352,0,1456,4,4,2311157,2313259,2674.456043,2676.457399,2.0013559999997597,39.25558194812075,32.9375,44.5625,1,1,1,1,2102,80,80,2103.0,80.0,2102.0,2102,80,78.5643944653566,46425.52349507592
4352,0,1457,4,4,2313259,2314000,2676.457399,2677.189187,0.7317880000000514,39.2128658171738,32.9375,44.5625,1,1,1,1,741,29,29,742.0,29.0,741.0,741,29,28.695504650619114,45770.08641846771
4352,0,1458,4,4,2314000,2316067,2677.189187,2679.189346,2.000159000000167,39.40857340587579,32.9375,44.5625,1,1,1,1,2067,80,80,2070.0,80.0,2067.0,2067,80,78.82341277493106,46231.82456994283
4352,0,1459,4,4,2316067,2318168,2679.189346,2681.189642,2.0002959999997074,39.24721550005585,32.9375,44.5625,1,1,1,1,2101,80,80,2101.0,80.0,2101.0,2101,80,78.50604817588464,47301.999304109915
4352,0,1460,4,4,2318168,2320302,2681.189642,2683.189645,2.000003000000106,39.32775207000366,32.9375,44.5625,1,1,1,1,2134,80,80,2134.0,80.0,2134.0,2134,80,78.65562212327495,45636.431545350264
4352,0,1461,4,4,2320302,2322311,2683.189645,2685.18973,2.0000850000001265,38.746251393878815,32.9375,44.5625,1,1,1,1,2009,80,80,2009.0,80.0,2009.0,2009,80,77.49579621912562,45549.56414352102
4352,0,1462,4,4,2322311,2324315,2685.18973,2687.190065,2.0003349999997226,38.77044749766854,32.9375,44.5625,1,1,1,1,2004,80,80,2006.0,80.0,2004.0,2004,80,77.55388309524278,45350.90372363258
4352,0,1463,4,4,2324315,2326425,2687.190065,2689.191516,2.0014510000000882,39.04646955589889,32.9375,44.5625,1,1,1,1,2110,80,80,2111.0,80.0,2110.0,2110,80,78.14959553912922,46291.41557799612
4352,0,1464,4,4,2326425,2327000,2689.191516,2689.73581,0.5442940000002636,39.01569140599952,32.9375,44.5625,1,1,1,1,575,22,22,576.0,22.0,575.0,575,22,21.236006738152355,46868.05292725557
4352,0,1465,4,4,2327000,2329006,2689.73581,2691.736196,2.0003859999997076,38.898802307861295,32.9375,44.5625,1,1,1,1,2006,80,80,2011.0,80.0,2006.0,2006,80,77.81261955339869,46245.574604108166
4352,0,1466,4,4,2329006,2331140,2691.736196,2693.73623,2.0000340000001415,39.08941897086151,32.9375,44.5625,1,1,1,1,2134,80,80,2138.0,80.0,2134.0,2134,80,78.1801669819688,46516.709215940034
4352,0,1467,4,4,2331140,2333222,2693.73623,2695.737375,2.0011450000001787,39.094014719864184,32.9375,44.5625,1,1,1,1,2082,79,79,2084.0,79.0,2082.0,2082,79,78.23279208659369,46630.30415086946
4352,0,1468,4,4,2333222,2335311,2695.737375,2697.738373,2.0009979999999814,39.07224179275455,32.9375,44.5625,1,1,1,1,2089,80,80,2090.0,80.0,2089.0,2089,80,78.1834776828182,46635.229020719096
4352,0,1469,4,4,2335311,2337346,2697.738373,2699.738772,2.000399000000016,39.06606970145332,32.9375,44.5625,1,1,1,1,2035,79,79,2037.0,80.0,2035.0,2035,79,78.1477267647133,45477.92715353251
4352,0,1470,4,4,2337346,2339436,2699.738772,2701.739321,2.0005489999998645,38.92294124453472,32.9375,44.5625,1,1,1,1,2090,80,80,2090.0,80.0,2090.0,2090,80,77.86725118380855,46216.81348470158
4352,0,1471,4,4,2339436,2340000,2701.739321,2702.253471,0.5141499999999724,39.319582956648084,32.9375,44.5625,1,1,1,1,564,21,21,564.0,21.0,564.0,564,21,20.21616357716266,47192.45356413752
4352,0,1472,4,4,2340000,2342048,2702.253471,2704.254097,2.000626000000011,39.07629424306519,32.9375,44.5625,1,1,1,1,2048,80,80,2049.0,80.0,2048.0,2048,80,78.17705024633324,46031.09226811982
4352,0,1473,4,4,2342048,2344067,2704.254097,2706.254081,1.9999840000000404,39.213764297588845,32.9375,44.5625,1,1,1,1,2019,80,80,2019.0,80.0,2019.0,2019,80,78.42690117495658,45696.36557092364
4352,0,1474,4,4,2344067,2346176,2706.254081,2708.255138,2.001056999999946,39.35348238806006,32.9375,44.5625,1,1,1,1,2109,80,80,2109.0,80.0,2109.0,2109,80,78.74856140700285,47108.60310326119
4352,0,1475,4,4,2346176,2348265,2708.255138,2710.256154,2.0010160000001633,39.36360589443354,32.9375,44.5625,1,1,1,1,2089,80,80,2090.0,80.0,2089.0,2089,80,78.76720521246898,46969.13967704023
4352,0,1476,4,4,2348265,2350306,2710.256154,2712.256784,2.000630000000001,39.058299874572526,32.9375,44.5625,1,1,1,1,2041,79,79,2042.0,80.0,2041.0,2041,80,78.14120647805976,44665.930231976905
4352,0,1477,4,4,2350306,2352350,2712.256784,2714.258271,2.0014869999999974,39.3839062803831,32.9375,44.5625,1,1,1,1,2044,80,80,2047.0,79.0,2044.0,2044,79,78.82637642940972,45691.028720146634
4352,0,1478,4,4,2352350,2353000,2714.258271,2714.844822,0.5865509999998721,39.424683632915986,32.9375,44.5625,1,1,1,1,650,24,24,652.0,24.0,650.0,650,24,23.124587609563605,46371.074297044805
4352,0,1479,4,4,2353000,2355086,2714.844822,2716.846692,2.0018700000000536,39.49721821652344,32.9375,44.5625,1,1,1,1,2086,80,80,2092.0,80.0,2087.0,2086,80,79.06829623111116,46754.78427670003
4352,0,1480,4,4,2355086,2357070,2716.846692,2718.847352,2.000659999999698,38.9613124938809,32.9375,44.5625,1,1,1,1,1984,80,80,1983.0,80.0,1983.0,1984,80,77.94833945400023,46024.81181210896
4352,0,1481,4,4,2357070,2359183,2718.847352,2720.847757,2.000405000000228,39.49053108216431,32.9375,44.5625,1,1,1,1,2113,80,80,2113.0,80.0,2113.0,2113,80,78.99705582942988,47067.96873632553
4352,0,1482,4,4,2359183,2361274,2720.847757,2722.851029,2.0032719999999244,38.8348727964341,32.9375,44.5625,1,1,1,1,2091,80,80,2093.0,80.0,2091.0,2091,80,77.7968132966489,46000.24360146973
4352,0,1483,4,4,2361274,2363223,2722.851029,2724.851448,2.0004189999999653,38.45207613026186,32.9375,44.5625,1,1,1,1,1949,80,80,1950.0,80.0,1949.0,1949,80,76.9202636804257,44788.61678478437
4352,0,1484,4,4,2363223,2365187,2724.851448,2726.851932,2.0004840000001423,38.55912185891358,32.9375,44.5625,1,1,1,1,1964,79,79,1966.0,80.0,1964.0,1964,79,77.13690633281658,45285.04102006992
4352,0,1485,4,4,2365187,2366000,2726.851932,2727.639099,0.787166999999954,38.95014507186775,32.9375,44.5625,1,1,1,1,813,31,31,814.0,31.0,813.0,813,31,30.660268845778774,45121.302087107404
4352,0,1486,4,4,2366000,2368058,2727.639099,2729.63986,2.0007610000002387,38.86904899930087,32.9375,44.5625,1,1,1,1,2058,78,78,2113.0,80.0,2058.0,2058,78,77.76767734490568,46989.62044941339
4352,0,1487,4,4,2368058,2370086,2729.63986,2731.640177,2.0003169999999955,38.71885956815668,32.9375,44.5625,1,1,1,1,2028,80,80,2028.0,80.0,2028.0,2028,80,77.4499930148013,45681.759441128685
4352,0,1488,4,4,2370086,2372073,2731.640177,2733.641765,2.0015879999996287,38.46304793669435,32.9375,44.5625,1,1,1,1,1987,80,80,1987.0,80.0,1987.0,1987,80,76.98717519349884,45000.7693891134
4352,0,1489,4,4,2372073,2374108,2733.641765,2735.642003,2.0002380000000812,38.78680031751484,32.9375,44.5625,1,1,1,1,2035,80,80,2037.0,80.0,2035.0,2035,80,77.58283189350914,46340.98542273281
4352,0,1490,4,4,2374108,2376116,2735.642003,2737.643211,2.0012080000001333,38.482707341501744,32.9375,44.5625,1,1,1,1,2008,80,80,2011.0,80.0,2008.0,2008,80,77.01190179347759,45014.81105412031
4352,0,1491,4,4,2376116,2378145,2737.643211,2739.643185,1.9999739999998383,38.34008121703682,32.9375,44.5625,1,1,1,1,2029,80,80,2031.0,80.0,2029.0,2029,80,76.67916559195146,44929.08407809665
4352,0,1492,4,4,2378145,2379000,2739.643185,2740.48333,0.8401450000001205,38.918767851532216,32.9375,44.5625,1,1,1,1,855,33,33,856.0,33.0,855.0,855,33,32.69740821662708,47831.029167577304
4352,0,1493,4,4,2379000,2381114,2740.48333,2742.484599,2.0012689999998656,38.79435620590399,32.9375,44.5625,1,1,1,1,2114,80,80,2116.0,80.0,2114.0,2114,80,77.63794244983,45754.968472507266
4352,0,1494,4,4,2381114,2383069,2742.484599,2744.486014,2.001415000000179,38.43819011048195,32.9375,44.5625,1,1,1,1,1955,80,80,1955.0,80.0,1955.0,1955,80,76.93077025997627,43928.92028889168
4352,0,1495,4,4,2383069,2385064,2744.486014,2746.48615,2.0001360000001114,38.77313971617101,32.9375,44.5625,1,1,1,1,1995,80,79,1996.0,80.0,1995.0,1995,79,77.5515525793453,45201.92626901119
4352,0,1496,4,4,2385064,2387138,2746.48615,2748.486903,2.000752999999804,38.7143177119329,32.9375,44.5625,1,1,1,1,2074,80,80,2079.0,80.0,2074.0,2074,80,77.4577873051021,46028.17039385122
4352,0,1497,4,4,2387138,2389191,2748.486903,2750.487801,2.000898000000234,38.4909311502148,32.9375,44.5625,1,1,1,1,2053,80,80,2054.0,80.0,2053.0,2053,80,77.01642715661728,45409.611084617696
4352,0,1498,4,4,2389191,2391192,2750.487801,2752.488377,2.00057599999991,38.82043684787716,32.9375,44.5625,1,1,1,1,2001,80,80,2001.0,80.0,2001.0,2001,80,77.66323426736926,46480.113727248645
4352,0,1499,4,4,2391192,2392000,2752.488377,2753.254799,0.7664219999996931,38.873388061340584,32.9375,44.5625,1,1,1,1,808,31,31,808.0,31.0,808.0,808,31,29.79341982473852,47173.75023161454
4352,0,1500,4,4,2392000,2394068,2753.254799,2755.25568,2.0008810000003905,38.84303448851231,32.9375,44.5625,1,1,1,1,2068,79,79,2070.0,80.0,2068.0,2068,80,77.72028969042003,45362.51781089544
4352,0,1501,4,4,2394068,2396048,2755.25568,2757.256877,2.0011969999995927,38.720297886874164,32.9375,44.5625,1,1,1,1,1980,80,80,1984.0,79.0,1981.0,1980,79,77.4869439703034,45721.635601102054
4352,0,1502,4,4,2396048,2398060,2757.256877,2759.257925,2.0010480000000825,39.03554866894268,32.9375,44.5625,1,1,1,1,2012,80,80,2012.0,80.0,2011.0,2012,80,78.11200659289898,45255.286230013604
4352,0,1503,4,4,2398060,2400064,2759.257925,2761.260599,2.0026740000002974,39.02669582502534,32.9375,44.5625,1,1,1,1,2004,80,80,2006.0,80.0,2004.0,2004,80,78.15774903469719,46555.255623224824
4352,0,1504,4,4,2400064,2402261,2761.260599,2763.26391,2.0033109999999397,39.22130903791444,32.9375,44.5625,1,1,1,1,2197,80,80,2198.0,80.0,2197.0,2197,80,78.57247983005072,47864.26071638547
4352,0,1505,4,4,2402261,2404386,2763.26391,2765.266662,2.002751999999873,38.79927765856863,32.9375,44.5625,1,1,1,1,2125,79,79,2130.0,80.0,2125.0,2125,79,77.70533092925325,46146.502412683076
4352,0,1506,4,4,2404386,2405000,2765.266662,2765.880151,0.613488999999845,39.17777928118215,32.9375,44.5625,1,1,1,1,614,25,25,614.0,25.0,614.0,614,25,24.035136633421644,46832.13553952436
4352,0,1507,4,4,2405000,2407101,2765.880151,2767.881103,2.000952000000325,38.90352791049679,32.9375,44.5625,1,1,1,1,2101,80,80,2103.0,80.0,2101.0,2101,80,77.84409197958303,46744.24973711754
4352,0,1508,4,4,2407101,2409095,2767.881103,2769.881819,2.0007160000000113,38.83992029155093,32.9375,44.5625,1,1,1,1,1994,80,80,1995.0,80.0,1994.0,1994,80,77.70764996603248,46541.83802198787
4352,0,1509,4,4,2409095,2411171,2769.881819,2771.881791,1.999971999999616,38.89342501790871,32.9375,44.5625,1,1,1,1,2076,80,80,2076.0,80.0,2076.0,2076,80,77.78576101989893,45394.13551790597
4352,0,1510,4,4,2411171,2413225,2771.881791,2773.881991,2.0002000000004045,38.77680210513127,32.9375,44.5625,1,1,1,1,2054,80,80,2056.0,80.0,2054.0,2054,80,77.56135957069637,46190.88091189947
4352,0,1511,4,4,2413225,2415247,2773.881991,2775.882599,2.000607999999829,38.94914300288742,32.9375,44.5625,1,1,1,1,2022,80,80,2023.0,80.0,2022.0,2022,80,77.92196708470874,45529.65898367285
4352,0,1512,4,4,2415247,2417353,2775.882599,2777.882738,2.0001389999997627,39.18130605527213,32.9375,44.5625,1,1,1,1,2106,80,80,2106.0,80.0,2106.0,2106,80,78.36805831207312,45390.3453710021
4352,0,1513,4,4,2417353,2418000,2777.882738,2778.536048,0.6533100000001468,38.89196020545232,32.9375,44.5625,1,1,1,1,647,26,26,647.0,26.0,647.0,647,26,25.408506521824165,46122.0553795185
4352,0,1514,4,4,2418000,2420083,2778.536048,2780.536312,2.000264000000243,39.39703390932685,32.9375,44.5625,1,1,1,1,2083,80,80,2086.0,80.0,2083.0,2083,80,78.8044686356152,46712.33397191003
4352,0,1515,4,4,2420083,2422162,2780.536312,2782.536701,2.0003889999998137,39.12465634640427,32.9375,44.5625,1,1,1,1,2079,79,79,2082.0,80.0,2079.0,2079,80,78.26453218412644,46172.519444972255
4352,0,1516,4,4,2422162,2424261,2782.536701,2784.537038,2.000336999999945,39.45441370804443,32.9375,44.5625,1,1,1,1,2099,80,80,2101.0,79.0,2099.0,2099,79,78.92212355350784,46771.119066438594
4352,0,1517,4,4,2424261,2426285,2784.537038,2786.539093,2.0020549999999275,38.99753444853736,32.9375,44.5625,1,1,1,1,2024,79,79,2052.0,80.0,2024.0,2024,79,78.07520883037068,46013.22141499776
4352,0,1518,4,4,2426285,2428323,2786.539093,2788.539194,2.000101000000086,39.419817454838395,32.9375,44.5625,1,1,1,1,2038,80,80,2038.0,80.0,2038.0,2038,80,78.8436163112492,46411.156236608054
4352,0,1519,4,4,2428323,2430327,2788.539194,2790.540939,2.001745000000028,39.59883592036873,32.9375,44.5625,1,1,1,1,2004,80,80,2006.0,80.0,2004.0,2004,80,79.26677180941624,46318.58703281322
4352,0,1520,4,4,2430327,2431000,2790.540939,2791.196319,0.6553800000001502,40.125438684738576,32.9375,44.5625,1,1,1,1,673,26,26,674.0,26.0,673.0,673,26,26.297410005208803,46103.02419969037
4352,0,1521,4,4,2431000,2433068,2791.196319,2793.198452,2.002132999999958,39.466345247150265,32.9375,44.5625,1,1,1,1,2068,79,79,2071.0,80.0,2068.0,2068,79,79.01687220871099,46174.25515687616
4352,0,1522,4,4,2433068,2435206,2793.198452,2795.199474,2.001021999999921,39.44316013639828,32.9375,44.5625,1,1,1,1,2138,80,80,2139.0,80.0,2138.0,2138,80,78.92663118244673,46759.106096786396
4352,0,1523,4,4,2435206,2437305,2795.199474,2797.199711,2.0002370000001974,39.768728889575996,32.9375,44.5625,1,1,1,1,2099,80,80,2100.0,80.0,2099.0,2099,80,79.54688296790118,46041.04413626531
4352,0,1524,4,4,2437305,2439387,2797.199711,2799.199942,2.000230999999985,39.66955721006251,32.9375,44.5625,1,1,1,1,2082,80,80,2083.0,80.0,2082.0,2082,80,79.3482780878403,46230.16041647224
4352,0,1525,4,4,2439387,2441457,2799.199942,2801.200285,2.0003429999997024,39.54779871210785,32.9375,44.5625,1,1,1,1,2070,80,80,2070.0,80.0,2070.0,2070,80,79.10916231916053,46008.60952347357
4352,0,1526,4,4,2441457,2443582,2801.200285,2803.200537,2.0002520000002733,39.1072670986989,32.9375,44.5625,1,1,1,1,2125,80,80,2125.0,80.0,2125.0,2125,80,78.22438922872243,47097.56570671452
4352,0,1527,4,4,2443582,2444000,2803.200537,2803.597734,0.3971969999997782,39.21075070555014,32.9375,44.5625,1,1,1,1,418,16,16,418.0,16.0,418.0,418,16,15.574392547976458,45670.032754552856
4352,0,1528,4,4,2444000,2446106,2803.597734,2805.599042,2.001307999999881,39.58369887196436,32.9375,44.5625,1,1,1,1,2106,80,80,2111.0,80.0,2106.0,2106,80,79.21917322205263,47828.22034389794
4352,0,1529,4,4,2446106,2448158,2805.599042,2807.602084,2.0030420000002778,39.51359962937942,32.9375,44.5625,1,1,1,1,2052,80,80,2056.0,80.0,2052.0,2052,80,79.1473996288405,46659.530853565244
4352,0,1530,4,4,2448158,2450188,2807.602084,2809.604178,2.0020939999999428,39.042370052643726,32.9375,44.5625,1,1,1,1,2030,80,80,2030.0,80.0,2030.0,2030,80,78.16649482816865,46012.3250956262
4352,0,1531,4,4,2450188,2452249,2809.604178,2811.611301,2.007122999999865,39.28091477616923,32.9375,44.5625,1,1,1,1,2061,80,80,2061.0,80.0,2061.0,2061,80,78.84162750828546,45548.7780270597
4352,0,1532,4,4,2452249,2454244,2811.611301,2813.612274,2.000973000000158,38.7980357354491,32.9375,44.5625,1,1,1,1,1995,80,80,2002.0,80.0,1995.0,1995,80,77.63382195968006,45841.19825704432
4352,0,1533,4,4,2454244,2456445,2813.612274,2815.614345,2.002070999999887,39.23944510846339,32.9375,44.5625,1,1,1,1,2201,80,80,2201.0,80.0,2201.0,2201,80,78.5601551077416,47084.24426506618
4352,0,1534,4,4,2456445,2457000,2815.614345,2816.161676,0.547331000000213,39.25184078067004,32.9375,44.5625,1,1,1,1,555,22,22,555.0,22.0,555.0,555,22,21.483749266335508,45875.34782424206
4352,0,1535,4,4,2457000,2458947,2816.161676,2818.163768,2.0020919999997204,38.42353968438305,32.9375,44.5625,1,1,1,1,1947,80,80,1949.0,80.0,1947.0,1947,80,76.92746141376847,44596.85169313521
4352,0,1536,4,4,2458947,2460994,2818.163768,2820.163772,2.00000399999999,38.79433771589911,32.9375,44.5625,1,1,1,1,2047,80,80,2048.0,80.0,2047.0,2047,80,77.58883060915105,46069.90786018451
4352,0,1537,4,4,2460994,2463001,2820.163772,2822.164485,2.000712999999905,38.99330484738434,32.9375,44.5625,1,1,1,1,2007,80,80,2009.0,80.0,2008.0,2007,80,78.01441192111815,45515.77362670424
4352,0,1538,4,4,2463001,2465036,2822.164485,2824.165293,2.0008080000002337,38.792366120615014,32.9375,44.5625,1,1,1,1,2035,80,80,2034.0,80.0,2034.0,2035,80,77.61607647305937,45446.13975953184
4352,0,1539,4,4,2465036,2467032,2824.165293,2826.167907,2.002613999999994,39.29592620683811,32.9375,44.5625,1,1,1,1,1996,80,80,1996.0,80.0,1996.0,1996,80,78.69457196477742,45566.44465683365
4352,0,1540,4,4,2467032,2469148,2826.167907,2828.168009,2.00010199999997,39.01146188871716,32.9375,44.5625,1,1,1,1,2116,80,80,2119.0,80.0,2116.0,2116,80,78.02690294654167,45467.68114826213
4352,0,1541,4,4,2469148,2470000,2828.168009,2828.977663,0.8096540000001369,38.92229665458381,32.9375,44.5625,1,1,1,1,852,32,32,852.0,32.0,852.0,852,32,31.513593175579445,47112.71728416527
4352,0,1542,4,4,2470000,2471999,2828.977663,2830.977932,2.000268999999662,38.820166553136026,32.9375,44.5625,1,1,1,1,1999,80,80,2002.0,80.0,1999.0,1999,80,77.650775731061,45780.34254393558
4352,0,1543,4,4,2471999,2474020,2830.977932,2832.977968,2.000036000000364,38.92209122291987,32.9375,44.5625,1,1,1,1,2021,80,80,2021.0,80.0,2021.0,2021,80,77.84558364114491,46367.66538201469
4352,0,1544,4,4,2474020,2476032,2832.977968,2834.97807,2.00010199999997,39.04980524945042,32.9375,44.5625,1,1,1,1,2012,80,80,2012.0,80.0,2012.0,2012,80,78.10359357904235,46285.639432389646
4352,0,1545,4,4,2476032,2478073,2834.97807,2836.978047,1.9999769999999444,38.99831019271792,32.9375,44.5625,1,1,1,1,2041,80,80,2042.0,80.0,2041.0,2041,80,77.99572342430474,45315.02112274417
4352,0,1546,4,4,2478073,2480176,2836.978047,2838.978597,2.0005499999997483,39.29152948866406,32.9375,44.5625,1,1,1,1,2103,80,79,2103.0,80.0,2103.0,2103,79,78.60466931853443,45830.89650346732
4352,0,1547,4,4,2480176,2482254,2838.978597,2840.979575,2.000978000000032,39.01623410424409,32.9375,44.5625,1,1,1,1,2078,80,80,2078.0,80.0,2078.0,2078,80,78.07062608544948,46610.20760847871
4352,0,1548,4,4,2482254,2483000,2840.979575,2841.694409,0.7148340000003373,39.15748169966934,32.9375,44.5625,1,1,1,1,746,28,28,746.0,28.0,746.0,746,28,27.991099273320287,46458.3385792846
4352,0,1549,4,4,2483000,2483884,2841.694409,2843.70626,2.0118509999997514,15.899783643266872,32.9375,44.5625,1,0,0,1,884,80,80,885.0,81.0,884.0,884,81,31.987995622490416,18800.100007408437
4352,0,1550,4,4,2483884,2483964,2843.70626,2845.708537,2.002277000000049,1.0005898793236936,32.9375,44.5625,1,0,0,0,80,80,80,80.0,80.0,80.0,80,80,2.0034581017971504,752.1436844152747
4352,0,1551,4,4,2483964,2484044,2845.708537,2847.710813,2.0022760000001654,0.9999137582451654,32.9375,44.5625,1,0,0,0,80,80,80,80.0,80.0,80.0,80,80,2.0021033202065155,761.1338297017365
4352,0,1552,4,4,2484044,2484124,2847.710813,2849.713091,2.002277999999933,0.9996007088303894,32.9375,44.5625,1,0,0,0,80,80,80,80.0,80.0,80.0,80,80,2.001478508071159,763.630225173553
4352,0,1553,4,4,2484124,2484284,2849.713091,2851.715368,2.002277000000049,2.093333495207969,32.9375,44.5625,1,0,0,1,160,80,80,160.0,80.0,160.0,160,80,4.191433510786737,2558.0876172477006
4352,0,1554,4,4,2484284,2484507,2851.715368,2853.717645,2.002277000000049,2.8495841012671317,32.9375,44.5625,1,0,0,1,223,80,80,223.0,80.0,223.0,223,80,5.705656705526053,3850.6160736001116
4352,0,1555,4,4,2484507,2484718,2853.717645,2855.719921,2.0022759999997106,3.2143885801361405,32.9375,44.5625,1,0,0,1,211,80,80,211.0,80.0,211.0,211,80,6.436093108684872,4299.60704718093
4352,0,1556,4,4,2484718,2485022,2855.719921,2857.722201,2.0022800000001553,4.240304789644836,32.9375,44.5625,1,0,0,1,304,80,80,304.0,80.0,304.0,304,80,8.490277474207687,5586.1318097364665
4352,0,1557,4,4,2485022,2485418,2857.722201,2859.724475,2.002273999999943,6.0888455501828105,32.9375,44.5625,1,0,0,1,396,80,80,396.0,80.0,396.0,396,80,12.191537135149701,7725.2164289205375
4352,0,1558,4,4,2485418,2485886,2859.724475,2861.726751,2.0022760000001654,7.531347299264234,32.9375,44.5625,1,0,0,1,468,80,80,468.0,80.0,468.0,468,80,15.079835944983643,9537.646158670645
4352,0,1559,4,4,2485886,2486502,2861.726751,2863.727828,2.0010769999998956,10.877021779883375,32.9375,44.5625,1,0,0,1,616,80,80,616.0,79.0,616.0,616,79,21.765758112218464,13794.071892286724
4352,0,1560,4,4,2486502,2487256,2863.727828,2865.729916,2.0020879999997305,13.300058670811541,32.9375,44.5625,1,0,0,1,754,80,80,754.0,80.0,754.0,754,80,26.62788786411693,16433.34358929499
4352,0,1561,4,4,2487256,2488101,2865.729916,2867.731583,2.0016669999999976,14.976943913923805,32.9375,44.5625,1,0,0,1,845,80,80,845.0,80.0,845.0,845,80,29.978854393353686,18348.706353254584
4352,0,1562,4,4,2488101,2489118,2867.731583,2869.73186,2.0002770000000965,17.6990444311732,32.9375,44.5625,1,0,0,1,1017,80,80,1018.0,80.0,1017.0,1017,80,35.40299149765633,21304.049389158576
4352,0,1563,4,4,2489118,2490225,2869.73186,2871.735416,2.003556000000117,19.193577241774094,32.9375,44.5625,1,0,0,1,1107,80,80,1107.0,80.0,1107.0,1107,80,38.455406844223035,23126.381294057814
4352,0,1564,4,4,2490225,2491287,2871.735416,2873.737022,2.0016059999998106,20.583604398596812,32.9375,44.5625,1,0,0,1,1062,80,80,1062.0,80.0,1062.0,1062,80,41.200266065847245,24669.690238740626
4352,0,1565,4,4,2491287,2492640,2873.737022,2875.739237,2.0022149999999783,23.547749844072015,32.9375,44.5625,1,0,0,1,1353,80,80,1353.0,80.0,1353.0,1353,80,47.147657954046736,28262.19961392788
4352,0,1566,4,4,2492640,2493982,2875.739237,2877.740121,2.000884000000042,25.19234657476925,32.9375,44.5625,1,0,0,1,1342,80,80,1342.0,80.0,1342.0,1342,80,50.406963183908374,29863.3004212132
4352,0,1567,4,4,2493982,2495459,2877.740121,2879.740241,2.0001200000001518,26.704463204749207,32.9375,44.5625,1,0,0,1,1477,80,80,1477.0,80.0,1477.0,1477,80,53.412130945085664,31904.58572485409
4352,0,1568,4,4,2495459,2496000,2879.740241,2880.47879,0.7385490000001482,28.73947036298127,32.9375,44.5625,1,0,0,1,541,30,30,541.0,30.0,541.0,541,30,21.22550709711504,34508.20460117729
4352,0,1569,4,4,2496000,2497534,2880.47879,2882.479259,2.0004690000000664,29.16612409974843,32.9375,44.5625,1,0,0,1,1534,80,80,1535.0,80.0,1534.0,1534,80,58.34592711170262,34493.91117782766
4352,0,1570,4,4,2497534,2499179,2882.479259,2884.479441,2.000181999999768,31.130090715879945,32.9375,44.5625,1,0,0,1,1645,80,80,1645.0,80.0,1645.0,1645,80,62.265847108268645,37665.57243291297
4352,0,1571,4,4,2499179,2500906,2884.479441,2886.479899,2.0004579999999805,33.08676731398866,32.9375,44.5625,1,1,0,1,1727,79,79,1727.0,80.0,1727.0,1727,80,66.18868836740148,39010.066694727284
4352,0,1572,4,4,2500906,2502793,2886.479899,2888.479922,2.0000230000000556,34.97448798287353,32.9375,44.5625,1,1,1,1,1887,80,80,1887.0,79.0,1887.0,1887,79,69.9497803789709,41628.021277754146
4352,0,1573,4,4,2502793,2504833,2888.479922,2890.480271,2.0003489999999147,37.59834905011173,32.9375,44.5625,1,1,1,1,2040,80,80,2040.0,80.0,2040.0,2040,80,75.20981992404268,44857.17242341403
4352,0,1574,4,4,2504833,2506907,2890.480271,2892.485294,2.0050230000001648,38.65743084216997,32.9375,44.5625,1,1,1,1,2074,80,80,2074.0,80.0,2074.0,2074,80,77.50903795946215,45906.206562215215
4352,0,1575,4,4,2506907,2509000,2892.485294,2894.430707,1.9454129999999168,40.04335653417635,32.9375,44.5625,1,1,1,1,2093,78,78,2093.0,78.0,2093.0,2093,78,77.90086636522028,48300.79782545096
4352,0,1576,4,4,2509000,2511048,2894.430707,2896.430861,2.0001539999998386,39.81783030746965,32.9375,44.5625,1,1,1,1,2048,80,80,2049.0,80.0,2048.0,2048,80,79.6417925607966,46647.90811107921
4352,0,1577,4,4,2511048,2513172,2896.430861,2898.430833,1.9999720000000707,39.95153090150833,32.9375,44.5625,1,1,1,1,2124,80,80,2124.0,80.0,2124.0,2124,80,79.90194316014822,46261.14765606555
4352,0,1578,4,4,2513172,2515264,2898.430833,2900.43198,2.0011469999999463,39.95031498872828,32.9375,44.5625,1,1,1,1,2092,80,80,2093.0,80.0,2093.0,2092,80,79.9464529887482,47622.188674796285
4352,0,1579,4,4,2515264,2517309,2900.43198,2902.43288,2.0009000000000015,39.575691777503884,32.9375,44.5625,1,1,1,1,2045,80,80,2045.0,80.0,2044.0,2045,80,79.18700167760835,47577.59008446196
4352,0,1580,4,4,2517309,2519414,2902.43288,2904.43577,2.002890000000207,40.133385538085065,32.9375,44.5625,1,1,1,1,2105,80,80,2105.0,80.0,2105.0,2105,80,80.38275656038604,47045.01994617291
4352,0,1581,4,4,2519414,2521512,2904.43577,2906.437233,2.001463000000058,40.261404802860696,32.9375,44.5625,1,1,1,1,2098,80,80,2099.0,80.0,2098.0,2098,80,80.58171204094833,48488.53063983555
4352,0,1582,4,4,2521512,2522000,2906.437233,2906.918195,0.4809620000000905,40.24325110004618,32.9375,44.5625,1,1,1,1,488,19,19,489.0,19.0,488.0,488,19,19.35547453557956,47775.084102269364
4352,0,1583,4,4,2522000,2524053,2906.918195,2908.919537,2.0013420000000224,39.429126464394535,32.9375,44.5625,1,1,1,1,2053,80,80,2058.0,80.0,2053.0,2053,80,78.91116681649873,47191.33461447316
4352,0,1584,4,4,2524053,2526135,2908.919537,2910.92311,2.0035729999999603,39.02222025911898,32.9375,44.5625,1,1,1,1,2082,79,79,2085.0,80.0,2082.0,2082,79,78.1838669112185,46560.319988341755
4352,0,1585,4,4,2526135,2528191,2910.92311,2912.924525,2.0014149999997244,39.05336391951391,32.9375,44.5625,1,1,1,1,2056,80,80,2056.0,80.0,2056.0,2056,80,78.16198834896204,46038.927458829225
4352,0,1586,4,4,2528191,2530185,2912.924525,2914.924652,2.000127000000248,38.912983519289774,32.9375,44.5625,1,1,1,1,1994,80,80,1995.0,80.0,1994.0,1994,80,77.83090898749651,45911.5846143713
4352,0,1587,4,4,2530185,2532176,2914.924652,2916.925587,2.0009350000000268,39.18334477813606,32.9375,44.5625,1,1,1,1,1991,80,80,1991.0,80.0,1991.0,1991,80,78.4033259836433,45989.49990879202
4352,0,1588,4,4,2532176,2534228,2916.925587,2918.926584,2.000996999999643,38.8705278810267,32.9375,44.5625,1,1,1,1,2052,80,80,2052.0,80.0,2052.0,2052,80,77.77980967833719,45713.21196384419
4352,0,1589,4,4,2534228,2535000,2918.926584,2919.670608,0.7440240000000813,39.35652427596185,32.9375,44.5625,1,1,1,1,772,30,30,772.0,30.0,772.0,772,30,29.282198617904214,46755.212197450885
4352,0,1590,4,4,2535000,2537132,2919.670608,2921.671519,2.0009110000000874,39.09502306668404,32.9375,44.5625,1,1,1,1,2132,80,80,2133.0,80.0,2132.0,2132,80,78.22566169938364,47605.815551014435
4352,0,1591,4,4,2537132,2539093,2921.671519,2923.671627,2.000108000000182,38.91606038602311,32.9375,44.5625,1,1,1,1,1961,79,79,1963.0,79.0,1961.0,1961,79,77.8363237065787,45632.03587005886
4352,0,1592,4,4,2539093,2541168,2923.671627,2925.672944,2.0013169999997444,38.90188243120133,32.9375,44.5625,1,1,1,1,2075,80,80,2075.0,80.0,2075.0,2075,80,77.85499864156009,46236.55322970415
4352,0,1593,4,4,2541168,2543126,2925.672944,2927.673312,2.0003679999999804,39.06557825391009,32.9375,44.5625,1,1,1,1,1958,80,80,1959.0,80.0,1958.0,1958,80,78.14553264061396,45347.65603129069
4352,0,1594,4,4,2543126,2545160,2927.673312,2929.673788,2.0004760000001625,38.67324212473255,32.9375,44.5625,1,1,1,1,2034,80,80,2037.0,80.0,2034.0,2034,80,77.36489271272148,45740.61373392761
4352,0,1595,4,4,2545160,2547205,2929.673788,2931.674855,2.0010670000001483,39.22034729060691,32.9375,44.5625,1,1,1,1,2045,80,80,2046.0,80.0,2046.0,2045,80,78.48254269178142,45757.588326624355
4352,0,1596,4,4,2547205,2548000,2931.674855,2932.474309,0.7994539999999688,39.19630914302143,32.9375,44.5625,1,1,1,1,795,32,32,797.0,32.0,794.0,795,32,31.335646129620727,46076.44717519887
4352,0,1597,4,4,2548000,2550015,2932.474309,2934.477132,2.0028229999998075,38.90919301661574,32.9375,44.5625,1,1,1,1,2015,80,80,2020.0,80.0,2015.0,2015,80,77.9282266851078,46201.786178813054
4352,0,1598,4,4,2550015,2552034,2934.477132,2936.477437,2.0003050000000258,38.67330211797752,32.9375,44.5625,1,1,1,1,2019,80,80,2019.0,80.0,2019.0,2019,80,77.35839959309669,45215.1046965332
4352,0,1599,4,4,2552034,2554115,2936.477437,2938.478556,2.001119000000017,38.8432280267248,32.9375,44.5625,1,1,1,1,2081,80,80,2082.0,80.0,2081.0,2081,80,77.72992162560695,45605.98345225807
4352,0,1600,4,4,2554115,2556274,2938.478556,2940.478534,1.9999779999998282,39.192989190092945,32.9375,44.5625,1,1,1,1,2159,80,80,2164.0,80.0,2159.0,2159,80,78.38511613442097,46510.01161013171
4352,0,1601,4,4,2556274,2558332,2940.478534,2942.479389,2.0008550000002288,38.96716837437141,32.9375,44.5625,1,1,1,1,2058,80,80,2059.0,80.0,2058.0,2058,80,77.9676536777115,45991.33870269934
4352,0,1602,4,4,2558332,2560405,2942.479389,2944.48086,2.0014710000000377,39.121205782603276,32.9375,44.5625,1,1,1,1,2073,79,79,2074.0,80.0,2073.0,2073,79,78.29995885891549,45388.61667243657
4352,0,1603,4,4,2560405,2561000,2944.48086,2945.045389,0.5645289999997658,39.57340061137798,32.9375,44.5625,1,1,1,1,595,22,22,595.0,22.0,595.0,595,22,22.340332273728563,47995.76283948431
4352,0,1604,4,4,2561000,2562974,2945.045389,2947.045458,2.000069000000167,38.82350829610863,32.9375,44.5625,1,1,1,1,1974,79,79,1977.0,80.0,1974.0,1974,79,77.64969541429309,45530.92918293939
4352,0,1605,4,4,2562974,2564999,2947.045458,2949.045747,2.000289000000066,39.08357465285598,32.9375,44.5625,1,1,1,1,2025,79,79,2026.0,80.0,2025.0,2025,79,78.1784444587829,46053.34529160384
4352,0,1606,4,4,2564999,2566972,2949.045747,2951.047499,2.0017519999996694,38.49114483559237,32.9375,44.5625,1,1,1,1,1973,80,80,1973.0,80.0,1973.0,1973,80,77.04972615692532,44846.21471591627
4352,0,1607,4,4,2566972,2569063,2951.047499,2953.050469,2.002970000000005,38.97788224155766,32.9375,44.5625,1,1,1,1,2091,80,80,2091.0,80.0,2091.0,2091,80,78.07152879337082,45915.815014703054
4352,0,1608,4,4,2569063,2571177,2953.050469,2955.052461,2.0019920000004277,38.73778807522888,32.9375,44.5625,1,1,1,1,2114,80,80,2117.0,80.0,2114.0,2114,80,77.55274182431458,45872.31117805684
4352,0,1609,4,4,2571177,2573190,2955.052461,2957.053083,2.0006219999995665,39.002726037279075,32.9375,44.5625,1,1,1,1,2013,80,80,2015.0,80.0,2013.0,2013,80,78.02971177014115,45226.93442340413
4352,0,1610,4,4,2573190,2574000,2957.053083,2957.894951,0.8418680000004315,38.868593652182085,32.9375,44.5625,1,1,1,1,810,34,34,810.0,34.0,810.0,810,34,32.72222520079231,45660.36480776119
4352,0,1611,4,4,2574000,2576025,2957.894951,2959.897521,2.0025699999996505,38.83327763930308,32.9375,44.5625,1,1,1,1,2025,80,80,2027.0,80.0,2025.0,2025,80,77.76635680212348,45975.42158327353
4352,0,1612,4,4,2576025,2577971,2959.897521,2961.898329,2.0008080000002337,38.773617833716294,32.9375,44.5625,1,1,1,1,1946,80,80,1946.0,80.0,1946.0,1946,80,77.57856475065637,44473.53269278692
4352,0,1613,4,4,2577971,2579965,2961.898329,2963.898423,2.00009399999999,38.64652022217744,32.9375,44.5625,1,1,1,1,1994,80,80,1994.0,80.0,1994.0,1994,80,77.29667321724992,45484.36223497518
4352,0,1614,4,4,2579965,2582024,2963.898423,2965.898427,2.00000399999999,38.8980678408344,32.9375,44.5625,1,1,1,1,2059,80,80,2059.0,80.0,2059.0,2059,80,77.79629127394583,45999.90800018423
4352,0,1615,4,4,2582024,2584124,2965.898427,2967.899273,2.0008459999999104,39.004317876363835,32.9375,44.5625,1,1,1,1,2100,80,80,2101.0,80.0,2100.0,2100,80,78.04163340564992,46715.23945371317
4352,0,1616,4,4,2584124,2585909,2967.899273,2969.899758,2.000485000000026,33.23362532616432,32.9375,44.5625,1,1,1,1,1785,79,79,1785.0,80.0,1785.0,1785,80,66.48336896061664,38807.58915962828
4352,0,1617,4,4,2585909,2585990,2969.899758,2971.902037,2.0022789999998167,0.9963217654860537,32.9375,44.5625,1,0,0,0,81,80,80,81.0,80.0,81.0,81,80,1.9949141482793493,732.6651280866124
4352,0,1618,4,4,2585990,2586070,2971.902037,2973.904311,2.002273999999943,0.996063572727314,32.9375,44.5625,1,0,0,0,80,80,80,80.0,80.0,80.0,80,80,1.9943921940139262,742.1561684365088
4352,0,1619,4,4,2586070,2586151,2973.904311,2975.906588,2.002277000000049,0.9962705289037299,32.9375,44.5625,1,0,0,0,81,80,80,81.0,80.0,81.0,81,80,1.9948095658037346,733.664722713173
4352,0,1620,4,4,2586151,2586326,2975.906588,2977.908865,2.002277000000049,2.3305855261069315,32.9375,44.5625,1,0,0,1,175,80,80,175.0,80.0,175.0,175,80,4.666477795457467,2994.590658535184
4352,0,1621,4,4,2586326,2586565,2977.908865,2979.911142,2.002277000000049,2.842246409589844,32.9375,44.5625,1,0,0,1,239,80,80,239.0,80.0,239.0,239,80,5.690964614259428,3817.653601374741
4352,0,1622,4,4,2586565,2586774,2979.911142,2981.913421,2.0022790000002715,2.855618122815253,32.9375,44.5625,1,0,0,1,209,80,80,209.0,80.0,209.0,209,80,5.717744199326262,3894.5621464336105
4352,0,1623,4,4,2586774,2587000,2981.913421,2983.349965,1.4365439999996852,4.173339943481495,32.9375,44.5625,1,0,0,1,226,58,58,226.0,57.0,226.0,226,57,5.995186455766088,5501.39779916364
4352,0,1624,4,4,2587000,2587305,2983.349965,2985.358109,2.008143999999902,4.632899801063118,32.9375,44.5625,1,0,0,1,305,80,80,305.0,80.0,305.0,305,80,9.303529938100837,6067.791951175112
4352,0,1625,4,4,2587305,2587763,2985.358109,2987.359408,2.0012990000000173,7.017396398236326,32.9375,44.5625,1,0,0,1,458,80,80,458.0,80.0,458.0,458,80,14.043908394392929,8842.25695410823
4352,0,1626,4,4,2587763,2588280,2987.359408,2989.360552,2.001144000000295,9.122691782578928,32.9375,44.5625,1,0,0,1,517,80,80,517.0,80.0,517.0,517,80,18.25581992455409,11639.342296204855
4352,0,1627,4,4,2588280,2588895,2989.360552,2991.361093,2.0005409999998847,10.841914344539907,32.9375,44.5625,1,0,0,1,615,80,80,615.0,80.0,615.0,615,80,21.689694164742832,13183.933745922488
4352,0,1628,4,4,2588895,2589658,2991.361093,2993.36134,2.000246999999945,14.199322461252748,32.9375,44.5625,1,0,0,1,763,80,80,763.0,80.0,763.0,763,80,28.402152155147633,17114.886311541
4352,0,1629,4,4,2589658,2590563,2993.36134,2995.362824,2.0014839999998912,16.115151501839915,32.9375,44.5625,1,0,0,1,905,80,80,906.0,80.0,905.0,905,80,32.25421788850508,19531.007992070947
4352,0,1630,4,4,2590563,2591550,2995.362824,2997.363422,2.000598000000082,17.618317604019325,32.9375,44.5625,1,0,0,1,987,80,80,988.0,80.0,987.0,987,80,35.24717096197128,21358.613774480556
4352,0,1631,4,4,2591550,2592702,2997.363422,2999.365388,2.001966000000266,20.42878874521635,32.9375,44.5625,1,0,0,1,1152,80,80,1152.0,80.0,1152.0,1152,80,40.89774048910476,24623.794809698793
4352,0,1632,4,4,2592702,2593813,2999.365388,3001.366872,2.0014839999998912,21.71686144964746,32.9375,44.5625,1,0,0,1,1111,80,80,1111.0,80.0,1111.0,1111,80,43.46595072168566,25923.264937417847
4352,0,1633,4,4,2593813,2595025,3001.366872,3003.368409,2.0015370000000985,23.36548774806824,32.9375,44.5625,1,0,0,1,1212,80,80,1213.0,80.0,1212.0,1212,80,46.76688825080055,27710.204707680783
4352,0,1634,4,4,2595025,2596495,3003.368409,3005.368586,2.000176999999894,26.581076016109805,32.9375,44.5625,1,0,0,1,1470,80,80,1471.0,80.0,1470.0,1470,80,53.16685688267171,31988.16904704103
4352,0,1635,4,4,2596495,2598006,3005.368586,3007.368949,2.0003630000001067,27.849205427408723,32.9375,44.5625,1,0,0,1,1511,80,80,1511.0,80.0,1511.0,1511,80,55.70852011638635,33127.98727030867
4352,0,1636,4,4,2598006,2599603,3007.368949,3009.368927,1.9999779999998282,29.492507367567928,32.9375,44.5625,1,0,0,1,1597,79,79,1597.0,79.0,1597.0,1597,79,58.984365899974364,35046.885515743685
4352,0,1637,4,4,2599603,2600000,3009.368927,3009.872594,0.5036669999999503,31.019816206756918,32.9375,44.5625,1,0,0,1,397,21,21,398.0,21.0,397.0,397,21,15.623657769407146,36166.75303325768
4352,0,1638,4,4,2600000,2601737,3009.872594,3011.873167,2.0005730000002586,32.56522741083693,32.9375,44.5625,1,0,0,1,1737,80,80,1742.0,80.0,1737.0,1737,80,65.14911469699291,38016.608241733826
4352,0,1639,4,4,2601737,2603551,3011.873167,3013.873166,1.9999989999996615,34.28390784535659,32.9375,44.5625,1,1,0,1,1814,79,79,1814.0,79.0,1814.0,1814,79,68.56778140678944,40682.52034126706
4352,0,1640,4,4,2603551,2605401,3013.873166,3015.873431,2.0002650000001267,35.932953134775424,32.9375,44.5625,1,1,1,1,1850,80,80,1850.0,80.0,1850.0,1850,80,71.87542850214231,42363.38685123953
4352,0,1641,4,4,2605401,2607481,3015.873431,3017.873813,2.0003820000001724,38.74969490590433,32.9375,44.5625,1,1,1,1,2080,80,80,2082.0,80.0,2080.0,2080,80,77.51419219527452,44608.97968487634
4352,0,1642,4,4,2607481,2609511,3017.873813,3019.874166,2.0003529999999046,38.18653136860839,32.9375,44.5625,1,1,1,1,2030,80,80,2030.0,80.0,2030.0,2030,80,76.38654258278257,45501.468990725305
4352,0,1643,4,4,2609511,2611554,3019.874166,3021.875625,2.001459000000068,38.94120180773238,32.9375,44.5625,1,1,1,1,2043,80,80,2043.0,80.0,2043.0,2043,80,77.93921882890572,45771.10997527148
4352,0,1644,4,4,2611554,2613000,3021.875625,3023.275381,1.3997559999997975,38.80267749388029,32.9375,44.5625,1,1,1,1,1446,56,56,1446.0,56.0,1446.0,1446,56,54.314280638122,46463.81226442995
4352,0,1645,4,4,2613000,2615053,3023.275381,3025.276369,2.000988000000234,38.55950828374111,32.9375,44.5625,1,1,1,1,2053,80,80,2055.0,80.0,2053.0,2053,80,77.1571133616817,46295.62995879494
4352,0,1646,4,4,2615053,2617126,3025.276369,3027.276869,2.000499999999647,38.884616633698776,32.9375,44.5625,1,1,1,1,2073,80,80,2074.0,80.0,2073.0,2073,80,77.78867557570629,46271.932017003914
4352,0,1647,4,4,2617126,2619263,3027.276869,3029.277067,2.000198000000182,39.20047281172721,32.9375,44.5625,1,1,1,1,2137,80,80,2139.0,80.0,2137.0,2137,80,78.40870731708128,46437.90264763365
4352,0,1648,4,4,2619263,2621333,3029.277067,3031.277285,2.0002180000001317,39.23774668162872,32.9375,44.5625,1,1,1,1,2070,80,80,2071.0,80.0,2070.0,2070,80,78.48404719203245,47296.84464393069
4352,0,1649,4,4,2621333,2623423,3031.277285,3033.277512,2.0002269999999953,39.06409896692635,32.9375,44.5625,1,1,1,1,2090,80,80,2090.0,80.0,2090.0,2090,80,78.13706548431946,46192.75712206675
4352,0,1650,4,4,2623423,2625556,3033.277512,3035.279292,2.0017800000000534,39.1651676657759,32.9375,44.5625,1,1,1,1,2133,80,80,2134.0,80.0,2133.0,2133,80,78.40004932999727,47148.03824595983
4352,0,1651,4,4,2625556,2626000,3035.279292,3035.681771,0.4024789999998575,38.34062687446208,32.9375,44.5625,1,1,1,1,444,16,16,445.0,16.0,444.0,444,16,15.431297163799172,47463.34591371665
4352,0,1652,4,4,2626000,2627934,3035.681771,3037.682762,2.0009909999998854,38.526852554179186,32.9375,44.5625,1,1,1,1,1934,80,80,1936.0,80.0,1934.0,1934,80,77.0918852192408,43558.41680447588
4352,0,1653,4,4,2627934,2629935,3037.682762,3039.684849,2.0020870000003015,38.48520476056775,32.9375,44.5625,1,1,1,1,2001,80,80,2001.0,80.0,2001.0,2001,80,77.05072814348387,45279.25110146879
4352,0,1654,4,4,2629935,2631960,3039.684849,3041.685241,2.00039199999992,38.43649691904471,32.9375,44.5625,1,1,1,1,2025,80,80,2026.0,80.0,2025.0,2025,80,76.88806094488245,45279.125291444696
4352,0,1655,4,4,2631960,2634072,3041.685241,3043.685245,2.00000399999999,38.554784167706,32.9375,44.5625,1,1,1,1,2112,80,80,2113.0,80.0,2112.0,2112,80,77.10972255455272,44890.41021917979
4352,0,1656,4,4,2634072,2636053,3043.685245,3045.685942,2.0006969999999455,38.80409070494159,32.9375,44.5625,1,1,1,1,1981,79,79,1981.0,80.0,1981.0,1981,80,77.63522786110116,45471.653128885824
4352,0,1657,4,4,2636053,2638106,3045.685942,3047.686077,2.000134999999773,38.6125467355734,32.9375,44.5625,1,1,1,1,2053,80,80,2054.0,79.0,2053.0,2053,79,77.23030616494361,45858.904523949845
4352,0,1658,4,4,2638106,2639000,3047.686077,3048.651743,0.9656660000000556,38.55635185200573,32.9375,44.5625,1,1,1,1,894,39,39,895.0,39.0,894.0,894,39,37.232558067524224,45350.04856751452
4352,0,1659,4,4,2639000,2641137,3048.651743,3050.654607,2.002864000000045,39.328815391646394,32.9375,44.5625,1,1,1,1,2137,80,80,2140.0,80.0,2137.0,2137,80,78.77026851057599,46806.4731304761
4352,0,1660,4,4,2641137,2642184,3050.654607,3052.668882,2.014274999999998,19.155724268786997,32.9375,44.5625,1,0,0,1,1047,80,80,1048.0,81.0,1047.0,1047,81,38.584896501517505,22379.764431371113
4352,0,1661,4,4,2642184,2642264,3052.668882,3054.671158,2.0022760000001654,1.0004341621701272,32.9375,44.5625,1,0,0,0,80,80,80,80.0,80.0,80.0,80,80,2.0031453124975087,731.1679308945816
4352,0,1662,4,4,2642264,2642344,3054.671158,3056.673439,2.002281000000039,0.9995994982435307,32.9375,44.5625,1,0,0,0,80,80,80,80.0,80.0,80.0,80,80,2.00147908294457,718.6803450664377
4352,0,1663,4,4,2642344,2642424,3056.673439,3058.675712,2.0022730000000593,0.9996547669535613,32.9375,44.5625,1,0,0,0,80,80,80,80.0,80.0,80.0,80,80,2.0015817491948837,734.6650531670539
4352,0,1664,4,4,2642424,2642504,3058.675712,3060.67799,2.002277999999933,0.9988721440631791,32.9375,44.5625,1,0,0,0,80,80,80,80.0,80.0,80.0,80,80,2.0000197188637685,741.6552546649615
4352,0,1665,4,4,2642504,2642585,3060.67799,3062.680266,2.0022759999997106,0.9988729503954251,32.9375,44.5625,1,0,0,0,81,80,80,81.0,80.0,81.0,81,80,2.000019335624529,722.178161252599
4352,0,1666,4,4,2642585,2642702,3062.680266,3064.682543,2.002277000000049,1.4629164953593115,32.9375,44.5625,1,0,0,0,117,80,80,117.0,80.0,117.0,117,80,2.929164051573025,1481.812955949615
4352,0,1667,4,4,2642702,2642913,3064.682543,3066.68482,2.002277000000049,2.858483003939587,32.9375,44.5625,1,0,0,1,211,80,80,211.0,80.0,211.0,211,80,5.723474773680209,3824.6456409376983
4352,0,1668,4,4,2642913,2643115,3066.68482,3068.687097,2.002277000000049,2.84500454901464,32.9375,44.5625,1,0,0,1,202,80,80,202.0,80.0,202.0,202,80,5.6964871733944165,3856.109818971007
4352,0,1669,4,4,2643115,2643351,3068.687097,3070.689373,2.0022760000001654,3.4430020243712076,32.9375,44.5625,1,0,0,1,236,80,80,236.0,80.0,236.0,236,80,6.893840321354219,4562.308093389346
4352,0,1670,4,4,2643351,2643655,3070.689373,3072.69165,2.002277000000049,4.254726037284435,32.9375,44.5625,1,0,0,1,304,80,80,304.0,80.0,304.0,304,80,8.519140085758409,5616.106063246855
4352,0,1671,4,4,2643655,2644024,3072.69165,3074.692476,2.000825999999961,6.676440244746098,32.9375,44.5625,1,0,0,1,369,80,80,369.0,79.0,369.0,369,79,13.358395229137386,8381.038631045541
4352,0,1672,4,4,2644024,2644496,3074.692476,3076.692794,2.0003179999998792,8.24431720410166,32.9375,44.5625,1,0,0,1,472,80,80,472.0,80.0,472.0,472,80,16.491256101071485,10222.37464243247
4352,0,1673,4,4,2644496,2645160,3076.692794,3078.692849,2.000054999999975,10.77453443621019,32.9375,44.5625,1,0,0,1,664,80,80,664.0,80.0,664.0,664,80,21.549661471814034,13746.621967896055
4352,0,1674,4,4,2645160,2645975,3078.692849,3080.696758,2.0039090000000215,14.351869488392278,32.9375,44.5625,1,0,0,1,815,80,80,815.0,80.0,815.0,815,80,28.759840434620855,17356.576571091617
4352,0,1675,4,4,2645975,2646891,3080.696758,3082.696852,2.00009399999999,15.812644992931423,32.9375,44.5625,1,0,0,1,916,80,80,916.0,80.0,916.0,916,80,31.62677637449815,19298.592966130687
4352,0,1676,4,4,2646891,2647838,3082.696852,3084.699514,2.002661999999873,17.691514354216427,32.9375,44.5625,1,0,0,1,947,80,80,947.0,80.0,947.0,947,80,35.43012351964717,21473.91821485739
4352,0,1677,4,4,2647838,2648950,3084.699514,3086.703198,2.0036840000002485,19.881310005315164,32.9375,44.5625,1,0,0,1,1112,80,80,1112.0,80.0,1112.0,1112,80,39.83586275669222,23919.44039079718
4352,0,1678,4,4,2648950,2650117,3086.703198,3088.703713,2.000514999999723,21.421645908311383,32.9375,44.5625,1,0,0,1,1167,80,80,1167.0,80.0,1167.0,1167,80,42.8543239642604,25462.443420822667
4352,0,1679,4,4,2650117,2651432,3088.703713,3090.704875,2.001162000000022,23.361499226842042,32.9375,44.5625,1,0,0,1,1315,80,80,1315.0,80.0,1315.0,1315,80,46.75014451578318,28007.227800647514
4352,0,1680,4,4,2651432,2652000,3090.704875,3091.61017,0.9052950000000237,24.215127275033495,32.9375,44.5625,1,0,0,1,568,36,36,568.0,36.0,568.0,568,36,21.921833646454616,28587.366549024708
4352,0,1681,4,4,2652000,2653447,3091.61017,3093.612923,2.0027530000002116,26.81179954765621,32.9375,44.5625,1,0,0,1,1447,80,80,1450.0,80.0,1447.0,1447,80,53.69741197947587,32737.936230774874
4352,0,1682,4,4,2653447,2654980,3093.612923,3095.613161,2.0002380000000812,28.69932718300248,32.9375,44.5625,1,0,0,1,1533,80,80,1533.0,80.0,1533.0,1533,80,57.40548480587313,33679.992080941
4352,0,1683,4,4,2654980,2656681,3095.613161,3097.614053,2.000891999999567,30.669589071314554,32.9375,44.5625,1,0,0,1,1701,80,80,1701.0,80.0,1701.0,1701,80,61.366535416062106,36897.04391842037
4352,0,1684,4,4,2656681,2658440,3097.614053,3099.615035,2.000982000000022,32.24627012908952,32.9375,44.5625,1,0,0,1,1759,80,80,1759.0,80.0,1759.0,1759,80,64.52420609544788,38860.419534008375
4352,0,1685,4,4,2658440,2660279,3099.615035,3101.615151,2.000116000000162,33.923280617065444,32.9375,44.5625,1,1,0,1,1839,80,80,1840.0,80.0,1839.0,1839,80,67.85049633469316,40557.647656432644
4352,0,1686,4,4,2660279,2662173,3101.615151,3103.615299,2.000148000000081,35.064211134172304,32.9375,44.5625,1,1,1,1,1894,80,80,1895.0,80.0,1894.0,1894,80,70.13361177159823,40618.99419442796
4352,0,1687,4,4,2662173,2664266,3103.615299,3105.615986,2.0006869999997434,38.63184111153591,32.9375,44.5625,1,1,1,1,2093,80,80,2096.0,80.0,2093.0,2093,80,77.2902222979028,45446.38916532754
4352,0,1688,4,4,2664266,2665000,3105.615986,3106.342503,0.726517000000058,38.700977792821185,32.9375,44.5625,1,1,1,1,734,29,29,734.0,29.0,734.0,734,29,28.116918283107225,45016.15240936879
4352,0,1689,4,4,2665000,2667038,3106.342503,3108.344391,2.0018880000002355,38.70455241132401,32.9375,44.5625,1,1,1,1,2038,80,80,2041.0,80.0,2038.0,2038,80,77.48217901760654,45850.217394773936
4352,0,1690,4,4,2667038,2669058,3108.344391,3110.345027,2.0006359999997585,38.656414648080286,32.9375,44.5625,1,1,1,1,2020,80,80,2021.0,80.0,2020.0,2020,80,77.33741477587319,44987.19407229045
4352,0,1691,4,4,2669058,2671165,3110.345027,3112.345318,2.0002910000002885,38.8743862457443,32.9375,44.5625,1,1,1,1,2107,80,80,2107.0,80.0,2107.0,2107,80,77.76008493789413,46236.77254958737
4352,0,1692,4,4,2671165,2673145,3112.345318,3114.345751,2.0004329999997026,38.80715500238047,32.9375,44.5625,1,1,1,1,1980,79,79,1982.0,80.0,1980.0,1980,79,77.63111350286636,44673.32822444605
4352,0,1693,4,4,2673145,2675192,3114.345751,3116.345873,2.000122000000374,38.97669006584996,32.9375,44.5625,1,1,1,1,2047,80,80,2049.0,80.0,2048.0,2047,80,77.95813528790313,46049.69096884229
4352,0,1694,4,4,2675192,2677303,3116.345873,3118.345975,2.00010199999997,38.65412885710106,32.9375,44.5625,1,1,1,1,2111,80,80,2112.0,80.0,2110.0,2111,80,77.31220043534995,45900.6590663883
4352,0,1695,4,4,2677303,2678000,3118.345975,3119.017123,0.6711479999999028,38.614494197145866,32.9375,44.5625,1,1,1,1,697,26,26,697.0,26.0,697.0,697,26,25.916040551426704,46977.71579443665
4352,0,1696,4,5,2678000,2680039,3119.017123,3121.017339,2.0002159999999094,32.45854824488215,33.3625,45.137499999999996,1,0,0,1,2039,80,80,2042.0,80.0,2039.0,2039,80,77.9788889468764,38189.34951453661
4352,0,1697,5,5,2680039,2682065,3121.017339,3123.018575,2.0012360000000626,38.91219655782666,33.3625,45.137499999999996,1,1,0,1,2026,80,80,2027.0,80.0,2026.0,2026,80,77.87248859059764,45987.079984568096
4352,0,1698,5,5,2682065,2684082,3123.018575,3125.01939,2.000814999999875,39.052518878855224,33.3625,45.137499999999996,1,1,1,1,2017,80,80,2019.0,80.0,2017.0,2017,80,78.1368655605911,46657.98687035325
4352,0,1699,5,5,2684082,2686156,3125.01939,3127.019382,1.9999920000000202,39.11790083379946,33.3625,45.137499999999996,1,1,1,1,2074,80,80,2076.0,80.0,2074.0,2074,80,78.23548872440006,46568.18627274462
4352,0,1700,5,5,2686156,2688278,3127.019382,3129.022582,2.0032000000001062,39.65577992789737,33.3625,45.137499999999996,1,1,1,1,2122,80,80,2123.0,80.0,2122.0,2122,80,79.4384583515639,47407.14856229781
4352,0,1701,5,5,2688278,2690327,3129.022582,3131.022704,2.0001219999999194,39.0843734002701,33.3625,45.137499999999996,1,1,1,1,2049,80,80,2050.0,80.0,2049.0,2049,80,78.17351509409491,45979.195269090436
4352,0,1702,5,5,2690327,2691000,3131.022704,3131.64439,0.6216859999999542,39.38194049414136,33.3625,45.137499999999996,1,1,1,1,673,25,25,673.0,25.0,673.0,673,25,24.48320105804305,44934.25941713672
4352,0,1703,5,5,2691000,2693104,3131.64439,3133.64507,2.000680000000102,39.31002994878176,33.3625,45.137499999999996,1,1,1,1,2104,80,80,2107.0,80.0,2104.0,2104,80,78.64679071793216,46032.84883139497
4352,0,1704,5,5,2693104,2695110,3133.64507,3135.646749,2.0016789999999673,39.57369086354477,33.3625,45.137499999999996,1,1,1,1,2006,80,80,2006.0,80.0,2006.0,2006,80,79.21382595405157,46075.31976905463
4352,0,1705,5,5,2695110,2697158,3135.646749,3137.647075,2.000325999999859,39.31044138805338,33.3625,45.137499999999996,1,1,1,1,2048,80,80,2048.0,80.0,2048.0,2048,80,78.63369797999621,46206.46834566291
4352,0,1706,5,5,2697158,2699191,3137.647075,3139.647949,2.0008740000002945,39.30431027700546,33.3625,45.137499999999996,1,1,1,1,2033,80,80,2035.0,80.0,2033.0,2033,80,78.64297252120741,46149.83252318057
4352,0,1707,5,5,2699191,2701273,3139.647949,3141.649164,2.0012149999997746,39.2759332635342,33.3625,45.137499999999996,1,1,1,1,2082,80,80,2082.0,80.0,2082.0,2082,80,78.59958678597468,46752.597796843686
4352,0,1708,5,5,2701273,2703327,3141.649164,3143.649782,2.0006180000000313,39.24806493426376,33.3625,45.137499999999996,1,1,1,1,2054,80,80,2055.0,80.0,2054.0,2054,80,78.52038517265464,46310.689996790265
4352,0,1709,5,5,2703327,2704000,3143.649782,3144.300059,0.6502770000001874,39.49597462802532,33.3625,45.137499999999996,1,1,1,1,673,26,26,674.0,26.0,673.0,673,26,25.683323893201305,46372.5458535229
4352,0,1710,5,5,2704000,2706076,3144.300059,3146.30026,2.0002009999998336,39.171866584658545,33.3625,45.137499999999996,1,1,1,1,2076,79,79,2079.0,79.0,2076.0,2076,79,78.35160671449557,46391.33767056797
4352,0,1711,5,5,2706076,2708232,3146.30026,3148.30094,2.000680000000102,39.444609595473885,33.3625,45.137499999999996,1,1,1,1,2156,80,80,2158.0,80.0,2156.0,2156,80,78.9160415254737,46655.137253331486
4352,0,1712,5,5,2708232,2710298,3148.30094,3150.30195,2.001009999999951,39.730527799102724,33.3625,45.137499999999996,1,1,1,1,2066,80,80,2066.0,80.0,2066.0,2066,80,79.50118343127542,46592.470802246
4352,0,1713,5,5,2710298,2712387,3150.30195,3152.302387,2.0004370000001472,39.72133045702173,33.3625,45.137499999999996,1,1,1,1,2089,80,80,2091.0,80.0,2090.0,2089,80,79.46001913545479,46745.78604574556
4352,0,1714,5,5,2712387,2714417,3152.302387,3154.302605,2.000217999999677,39.408875262132824,33.3625,45.137499999999996,1,1,1,1,2030,80,80,2031.0,80.0,2029.0,2030,80,78.82634165906347,45725.51591877224
4352,0,1715,5,5,2714417,2716454,3154.302605,3156.303252,2.000647000000299,39.75671199911928,33.3625,45.137499999999996,1,1,1,1,2037,80,80,2037.0,80.0,2037.0,2037,80,79.5391465909197,46116.5812859471
4352,0,1716,5,5,2716454,2717000,3156.303252,3156.830183,0.5269309999998768,39.69027891067108,33.3625,45.137499999999996,1,1,1,1,546,21,21,546.0,21.0,546.0,546,21,20.914038356670062,45427.20014576025
4352,0,1717,5,5,2717000,2719125,3156.830183,3158.834164,2.0039809999998397,39.83106954663016,33.3625,45.137499999999996,1,1,1,1,2125,80,80,2126.0,80.0,2125.0,2125,80,79.82070658111479,46266.406717432656
4352,0,1718,5,5,2719125,2721260,3158.834164,3160.834275,2.000111000000288,39.95913498911314,33.3625,45.137499999999996,1,1,1,1,2135,80,80,2138.0,80.0,2135.0,2135,80,79.92270544222265,48014.83517664078
4352,0,1719,5,5,2721260,2723412,3160.834275,3162.835737,2.0014619999997194,39.604199721693874,33.3625,45.137499999999996,1,1,1,1,2152,80,80,2152.0,80.0,2152.0,2152,80,79.26630078337621,46399.08227086651
4352,0,1720,5,5,2723412,2725532,3162.835737,3164.836407,2.0006699999999,39.91469110479218,33.3625,45.137499999999996,1,1,1,1,2120,80,80,2122.0,80.0,2120.0,2120,80,79.85612505262543,47526.07876361656
4352,0,1721,5,5,2725532,2727665,3164.836407,3166.837938,2.001531000000341,39.78676816951382,33.3625,45.137499999999996,1,1,1,1,2133,80,80,2134.0,80.0,2133.0,2133,80,79.6344498811086,47287.801188182384
4352,0,1722,5,5,2727665,2729837,3166.837938,3168.838263,2.0003249999999753,40.25211265652448,33.3625,45.137499999999996,1,1,1,1,2172,80,80,2173.0,80.0,2172.0,2172,80,80.51730724965455,48165.1731593622
4352,0,1723,5,5,2729837,2730000,3168.838263,3168.984177,0.14591399999972055,40.54620403010847,33.3625,45.137499999999996,1,1,1,1,163,6,6,166.0,6.0,163.0,163,6,5.916258814831963,49028.88002531423
4352,0,1724,5,5,2730000,2732070,3168.984177,3170.98414,1.999963000000207,39.723040386141975,33.3625,45.137499999999996,1,1,1,1,2070,80,80,2072.0,80.0,2070.0,2070,80,79.44461101980414,46841.36656527661
4352,0,1725,5,5,2732070,2734138,3170.98414,3172.984774,2.000633999999991,39.85597907163978,33.3625,45.137499999999996,1,1,1,1,2068,80,80,2069.0,80.0,2068.0,2068,80,79.73722683401138,47477.449648461654
4352,0,1726,5,5,2734138,2736181,3172.984774,3174.985537,2.0007630000000063,39.654581225891974,33.3625,45.137499999999996,1,1,1,1,2043,80,80,2043.0,80.0,2043.0,2043,80,79.33941889725975,46254.3539639626
4352,0,1727,5,5,2736181,2738204,3174.985537,3176.987653,2.0021160000001146,39.535845938181566,33.3625,45.137499999999996,1,1,1,1,2023,80,80,2023.0,80.0,2023.0,2023,80,79.1553497263667,46313.50031666232
4352,0,1728,5,5,2738204,2740257,3176.987653,3178.988514,2.0008609999999862,39.22759430553243,33.3625,45.137499999999996,1,1,1,1,2053,80,80,2054.0,80.0,2053.0,2053,80,78.48896356976184,46352.04544443649
4352,0,1729,5,5,2740257,2742319,3178.988514,3180.988805,2.0002909999998337,38.5495924070807,33.3625,45.137499999999996,1,1,1,1,2062,79,79,2063.0,79.0,2062.0,2062,79,77.11040274554398,45583.86754727566
4352,0,1730,5,5,2742319,2743000,3180.988805,3181.668001,0.6791960000000472,38.40912383505024,33.3625,45.137499999999996,1,1,1,1,681,28,28,682.0,28.0,681.0,681,28,26.087323272266076,44917.814592544535
4352,0,1731,5,5,2743000,2745066,3181.668001,3183.669833,2.001831999999922,38.44396470980069,33.3625,45.137499999999996,1,1,1,1,2066,80,80,2066.0,80.0,2066.0,2066,80,76.95835876294586,46769.15944994567
4352,0,1732,5,5,2745066,2747063,3183.669833,3185.670123,2.00028999999995,38.69614655119659,33.3625,45.137499999999996,1,1,1,1,1997,79,79,1997.0,80.0,1997.0,1997,80,77.40351498489326,45603.38750881236
4352,0,1733,5,5,2747063,2749089,3185.670123,3187.670754,2.0006310000003396,39.26077985982339,33.3625,45.137499999999996,1,1,1,1,2026,80,80,2028.0,79.0,2026.0,2026,79,78.54633327174815,46016.48179998429
4352,0,1734,5,5,2749089,2751102,3187.670754,3189.672026,2.0012719999999717,38.79419420560446,33.3625,45.137499999999996,1,1,1,1,2013,80,80,2017.0,80.0,2014.0,2013,80,77.63773462623067,45585.50761715613
4352,0,1735,5,5,2751102,2753147,3189.672026,3191.673244,2.0012179999998807,39.06468724962693,33.3625,45.137499999999996,1,1,1,1,2045,80,80,2047.0,80.0,2044.0,2045,80,78.17695528831973,45863.069390743774
4352,0,1736,5,5,2753147,2755255,3191.673244,3193.675264,2.002019999999902,39.1788681667442,33.3625,45.137499999999996,1,1,1,1,2108,80,80,2109.0,80.0,2108.0,2108,80,78.43687764718197,46695.837204425814
4352,0,1737,5,5,2755255,2756000,3193.675264,3194.39295,0.7176859999999579,39.11617277941825,33.3625,45.137499999999996,1,1,1,1,745,28,28,746.0,29.0,745.0,745,28,28.073129577373038,46325.27316960614
4352,0,1738,5,5,2756000,2758097,3194.39295,3196.393551,2.000601000000188,39.011154361771155,33.3625,45.137499999999996,1,1,1,1,2097,80,80,2102.0,80.0,2097.0,2097,80,78.04575442732312,46387.56053805396
4352,0,1739,5,5,2758097,2760109,3196.393551,3198.394421,2.00086999999985,38.931361196842374,33.3625,45.137499999999996,1,1,1,1,2012,77,77,2099.0,80.0,2012.0,2012,77,77.89659267792013,46932.584325821794
4352,0,1740,5,5,2760109,2762295,3198.394421,3200.396641,2.002219999999852,39.06620630260852,33.3625,45.137499999999996,1,1,1,1,2186,80,80,2192.0,80.0,2186.0,2186,80,78.2191395832051,46643.22601912222
4352,0,1741,5,5,2762295,2764354,3200.396641,3202.397227,2.000586000000112,39.045612759039706,33.3625,45.137499999999996,1,1,1,1,2059,80,80,2061.0,80.0,2060.0,2059,80,78.1141062471579,45924.54410857362
4352,0,1742,5,5,2764354,2766486,3202.397227,3204.397363,2.0001360000001114,39.27248056561967,33.3625,45.137499999999996,1,1,1,1,2132,80,80,2132.0,80.0,2131.0,2132,80,78.5503021885961,46237.85582580127
4352,0,1743,5,5,2766486,2768534,3204.397363,3206.397547,2.00018399999999,39.30035114773003,33.3625,45.137499999999996,1,1,1,1,2048,80,80,2048.0,80.0,2048.0,2048,80,78.60793356006616,45277.334485227584
4352,0,1744,5,5,2768534,2769000,3206.397547,3206.849192,0.45164500000009866,39.25805649111738,33.3625,45.137499999999996,1,1,1,1,466,18,18,467.0,18.0,466.0,466,18,17.730704923931626,46202.21634247128
4352,0,1745,5,5,2769000,2771029,3206.849192,3208.851419,2.002226999999948,38.971146393990935,33.3625,45.137499999999996,1,1,1,1,2029,80,80,2045.0,80.0,2029.0,2029,80,78.02908153099997,46208.0473392889
4352,0,1746,5,5,2771029,2773068,3208.851419,3210.852544,2.0011249999997744,39.50169760650017,33.3625,45.137499999999996,1,1,1,1,2039,80,80,2041.0,80.0,2039.0,2039,80,79.04783462280466,46604.784808550445
4352,0,1747,5,5,2773068,2775263,3210.852544,3212.853725,2.001181000000088,39.27904454148319,33.3625,45.137499999999996,1,1,1,1,2195,80,80,2197.0,80.0,2195.0,2195,80,78.60447763456614,46973.76199354075
4352,0,1748,5,5,2775263,2777336,3212.853725,3214.856926,2.00320099999999,39.31198408907593,33.3625,45.137499999999996,1,1,1,1,2073,78,78,2075.0,80.0,2073.0,2073,78,78.74980583922297,46766.15077568375
4352,0,1749,5,5,2777336,2779390,3214.856926,3216.86003,2.003103999999894,38.93247604985581,33.3625,45.137499999999996,1,1,1,1,2054,80,80,2054.0,80.0,2054.0,2054,80,77.98579850536771,46084.47689186627
4352,0,1750,5,5,2779390,2781391,3216.86003,3218.86104,2.001009999999951,39.2365082365727,33.3625,45.137499999999996,1,1,1,1,2001,80,80,2001.0,80.0,2001.0,2001,80,78.5126453464618,46741.39559522556
4352,0,1751,5,5,2781391,2782000,3218.86104,3219.407408,0.5463680000002569,39.35253529708896,33.3625,45.137499999999996,1,1,1,1,609,21,21,609.0,21.0,609.0,609,21,21.50096600521647,46624.25325053448
4352,0,1752,5,5,2782000,2784197,3219.407408,3221.407948,2.000540000000001,39.79231916958329,33.3625,45.137499999999996,1,1,1,1,2197,79,79,2203.0,80.0,2197.0,2197,79,79.60612619151652,47419.196816859425
4352,0,1753,5,5,2784197,2786225,3221.407948,3223.408009,2.000061000000187,38.91785604899426,33.3625,45.137499999999996,1,1,1,1,2028,80,80,2029.0,80.0,2028.0,2028,80,77.83808608721301,45123.12374472157
4352,0,1754,5,5,2786225,2788263,3223.408009,3225.408121,2.0001119999997172,39.51457399057252,33.3625,45.137499999999996,1,1,1,1,2038,80,80,2042.0,80.0,2038.0,2038,80,79.03357361341477,46754.38175462835
4352,0,1755,5,5,2788263,2790331,3225.408121,3227.408151,2.0000300000001516,39.21302309828399,33.3625,45.137499999999996,1,1,1,1,2068,80,80,2068.0,80.0,2068.0,2068,80,78.42722258727008,45657.815132769545
4352,0,1756,5,5,2790331,2792355,3227.408151,3229.40817,2.0000190000000657,39.482954855712094,33.3625,45.137499999999996,1,1,1,1,2024,80,80,2025.0,80.0,2024.0,2024,80,78.96665988756286,46227.56083817052
4352,0,1757,5,5,2792355,2794388,3229.40817,3231.41159,2.0034200000000055,38.82582880700271,33.3625,45.137499999999996,1,1,1,1,2033,80,80,2034.0,80.0,2033.0,2033,80,77.78444194851909,46236.93484142104
4352,0,1758,5,5,2794388,2795000,3231.41159,3232.01232,0.6007299999996576,38.96161730783509,33.3625,45.137499999999996,1,1,1,1,612,24,24,612.0,24.0,612.0,612,24,23.405412365318625,46292.01138617324
4352,0,1759,5,5,2795000,2797116,3232.01232,3234.013595,2.001275000000078,39.233629007739246,33.3625,45.137499999999996,1,1,1,1,2116,80,80,2120.0,80.0,2116.0,2116,80,78.51728089246899,46605.28912817897
4352,0,1760,5,5,2797116,2799182,3234.013595,3236.014508,2.0009130000003097,39.238921807878974,33.3625,45.137499999999996,1,1,1,1,2066,80,80,2066.0,80.0,2066.0,2066,80,78.51366875138774,45974.51263497501
4352,0,1761,5,5,2799182,2801291,3236.014508,3238.015636,2.0011279999998806,39.17937591690757,33.3625,45.137499999999996,1,1,1,1,2109,80,80,2111.0,80.0,2109.0,2109,80,78.40294616985193,46525.759471660764
4352,0,1762,5,5,2801291,2803446,3238.015636,3240.017156,2.0015199999998003,38.967872969219975,33.3625,45.137499999999996,1,1,1,1,2155,80,80,2156.0,80.0,2155.0,2155,80,77.9949771053507,46642.05204045391
4352,0,1763,5,5,2803446,2805508,3240.017156,3242.018314,2.001158000000032,38.87777785466987,33.3625,45.137499999999996,1,1,1,1,2062,80,80,2062.0,80.0,2062.0,2062,80,77.80057617610146,45691.044885010844
4352,0,1764,5,5,2805508,2807629,3242.018314,3244.0189,2.000586000000112,39.26103364613814,33.3625,45.137499999999996,1,1,1,1,2121,80,80,2122.0,80.0,2121.0,2121,80,78.54507425799966,46660.32852373993
4352,0,1765,5,5,2807629,2808000,3244.0189,3244.386603,0.3677029999998922,39.19531142146514,33.3625,45.137499999999996,1,1,1,1,371,14,14,371.0,14.0,371.0,371,14,14.412233595605358,45629.217058345785
4352,0,1766,5,5,2808000,2810098,3244.386603,3246.386982,2.0003790000000663,39.01384773138139,33.3625,45.137499999999996,1,1,1,1,2098,79,79,2100.0,80.0,2098.0,2098,79,78.04248171106155,45671.845185335864
4352,0,1767,5,5,2810098,2812116,3246.386982,3248.387849,2.0008670000001985,38.89835036145708,33.3625,45.137499999999996,1,1,1,1,2018,78,78,2021.0,80.0,2018.0,2018,78,77.83042559269234,45688.69395116763
4352,0,1768,5,5,2812116,2814168,3248.387849,3250.388105,2.0002559999998084,39.099739986020744,33.3625,45.137499999999996,1,1,1,1,2052,80,80,2055.0,80.0,2052.0,2052,80,78.20948950547609,46784.011646513725
4352,0,1769,5,5,2814168,2816286,3250.388105,3252.389122,2.001017000000047,39.2721458928581,33.3625,45.137499999999996,1,1,1,1,2118,80,80,2118.0,80.0,2118.0,2118,80,78.58423155809578,46724.240723590956
4352,0,1770,5,5,2816286,2818404,3252.389122,3254.389681,2.0005590000000666,39.3391155852243,33.3625,45.137499999999996,1,1,1,1,2118,80,80,2119.0,80.0,2118.0,2118,80,78.70022173605685,46496.50422706699
4352,0,1771,5,5,2818404,2820438,3254.389681,3256.389987,2.0003059999999095,38.88513959802587,33.3625,45.137499999999996,1,1,1,1,2034,80,80,2034.0,80.0,2034.0,2034,80,77.78217804877204,46095.947320062114
4352,0,1772,5,5,2820438,2821000,3256.389987,3256.950134,0.5601470000001427,39.31783785471136,33.3625,45.137499999999996,1,1,1,1,562,22,22,563.0,22.0,562.0,562,22,22.0237689208152,46821.63789147013
4352,0,1773,5,5,2821000,2823044,3256.950134,3258.950521,2.000387000000046,38.937641751221776,33.3625,45.137499999999996,1,1,1,1,2044,79,79,2048.0,80.0,2044.0,2044,79,77.89035236980999,45827.132449869896
4352,0,1774,5,5,2823044,2825147,3258.950521,3260.950972,2.0004509999998845,39.39915078320639,33.3625,45.137499999999996,1,1,1,1,2103,80,80,2103.0,80.0,2103.0,2103,80,78.81607058341615,46081.60859726398
4352,0,1775,5,5,2825147,2827214,3260.950972,3262.950984,2.0000119999999697,39.05832676643053,33.3625,45.137499999999996,1,1,1,1,2067,80,80,2068.0,80.0,2067.0,2067,80,78.117122232783,45341.72794963299
4352,0,1776,5,5,2827214,2829197,3262.950984,3264.950976,1.9999920000000202,39.2139208073344,33.3625,45.137499999999996,1,1,1,1,1983,80,79,1983.0,80.0,1983.0,1983,79,78.42752790330269,44801.67920671638
4352,0,1777,5,5,2829197,2831260,3264.950976,3266.951176,2.00019999999995,38.89448336608554,33.3625,45.137499999999996,1,1,1,1,2063,80,80,2063.0,80.0,2063.0,2063,80,77.79674562884611,46038.39616038512
4352,0,1778,5,5,2831260,2833370,3266.951176,3268.951154,1.9999779999998282,39.588012812210174,33.3625,45.137499999999996,1,1,1,1,2110,80,80,2110.0,80.0,2110.0,2110,80,79.1751546881278,47170.518875711685
4352,0,1779,5,5,2833370,2834000,3268.951154,3269.541965,0.5908110000000306,39.78712126136909,33.3625,45.137499999999996,1,1,1,1,630,24,24,630.0,24.0,630.0,630,24,23.506668899557553,46161.97057942148
4352,0,1780,5,5,2834000,2835975,3269.541965,3271.542769,2.000804000000244,38.688858798879025,33.3625,45.137499999999996,1,1,1,1,1975,79,79,1978.0,80.0,1975.0,1975,80,77.4088234402443,45821.079925864215
4352,0,1781,5,5,2835975,2838092,3271.542769,3273.544551,2.001781999999821,39.07721081296323,33.3625,45.137499999999996,1,1,1,1,2117,80,80,2117.0,79.0,2117.0,2117,79,78.22405721558607,45606.364729030516
4352,0,1782,5,5,2838092,2840162,3273.544551,3275.544706,2.000155000000177,39.133795569153996,33.3625,45.137499999999996,1,1,1,1,2070,80,80,2071.0,80.0,2070.0,2070,80,78.27365687662677,46516.89494063798
4352,0,1783,5,5,2840162,2842225,3275.544706,3277.545144,2.000438000000031,39.0021288204398,33.3625,45.137499999999996,1,1,1,1,2063,80,80,2064.0,80.0,2063.0,2063,80,78.02134057330841,44985.148252531995
4352,0,1784,5,5,2842225,2844338,3277.545144,3279.545393,2.0002489999997124,39.22693128879195,33.3625,45.137499999999996,1,1,1,1,2113,80,80,2116.0,80.0,2113.0,2113,80,78.46363008346816,46131.75659631039
4352,0,1785,5,5,2844338,2846424,3279.545393,3281.545553,2.000160000000051,39.44319727111114,33.3625,45.137499999999996,1,1,1,1,2086,80,80,2086.0,80.0,2086.0,2086,80,78.89270545379259,46720.76233901169
4352,0,1786,5,5,2846424,2847000,3281.545553,3282.133983,0.588430000000244,38.71804904482906,33.3625,45.137499999999996,1,1,1,1,576,24,24,576.0,24.0,576.0,576,24,22.78286159945128,45135.36019575648
4352,0,1787,5,5,2847000,2848968,3282.133983,3284.134035,2.0000519999998687,38.67520032308942,33.3625,45.137499999999996,1,1,1,1,1968,80,80,1970.0,80.0,1968.0,1968,80,77.35241175659758,45541.31592578892
4352,0,1788,5,5,2848968,2851134,3284.134035,3286.134363,2.0003280000000814,38.71135495308258,33.3625,45.137499999999996,1,1,1,1,2166,79,79,2167.0,80.0,2166.0,2166,80,77.43540723058686,46159.92977151559
4352,0,1789,5,5,2851134,2853254,3286.134363,3288.13496,2.0005969999997433,38.8335732238806,33.3625,45.137499999999996,1,1,1,1,2120,80,80,2120.0,79.0,2120.0,2120,79,77.69033009096165,46346.66552034813
4352,0,1790,5,5,2853254,2855276,3288.13496,3290.135327,2.0003670000000966,38.53453956703605,33.3625,45.137499999999996,1,1,1,1,2022,80,80,2024.0,80.0,2022.0,2022,80,77.08322131009481,45194.20686303845
4352,0,1791,5,5,2855276,2857228,3290.135327,3292.135411,2.0000840000002427,38.857863357668016,33.3625,45.137499999999996,1,1,1,1,1952,80,80,1953.0,80.0,1952.0,1952,80,77.71899077587295,45083.60648852201
4352,0,1792,5,5,2857228,2859343,3292.135411,3294.137368,2.0019569999999476,38.81028915878625,33.3625,45.137499999999996,1,1,1,1,2115,80,80,2115.0,80.0,2115.0,2115,80,77.69653005345026,46349.646870538396
4352,0,1793,5,5,2859343,2860000,3294.137368,3294.787567,0.6501989999997022,38.712383346599914,33.3625,45.137499999999996,1,1,1,1,657,26,26,657.0,26.0,657.0,657,26,25.17075293956441,46731.846711566635
4352,0,1794,5,5,2860000,2862102,3294.787567,3296.787926,2.000359000000117,38.74586684249085,33.3625,45.137499999999996,1,1,1,1,2102,80,80,2106.0,80.0,2102.0,2102,80,77.50564345117891,45553.323178486804
4352,0,1795,5,5,2862102,2864121,3296.787926,3298.788946,2.0010200000001532,38.97657270232126,33.3625,45.137499999999996,1,1,1,1,2019,80,80,2020.0,80.0,2019.0,2019,80,77.99290150879824,45971.054762067826
4352,0,1796,5,5,2864121,2866129,3298.788946,3300.789586,2.0006399999997484,38.56498425245469,33.3625,45.137499999999996,1,1,1,1,2008,80,80,2009.0,80.0,2008.0,2008,80,77.15465009481704,45218.53007038317
4352,0,1797,5,5,2866129,2868198,3300.789586,3302.790163,2.0005770000002485,38.643329939632736,33.3625,45.137499999999996,1,1,1,1,2069,80,80,2073.0,80.0,2069.0,2069,80,77.30895708064782,45494.874728635135
4352,0,1798,5,5,2868198,2870210,3302.790163,3304.790265,2.00010199999997,38.28142722301714,33.3625,45.137499999999996,1,1,1,1,2012,80,80,2012.0,80.0,2012.0,2012,80,76.56675915161031,44796.71536751693
4352,0,1799,5,5,2870210,2872259,3304.790265,3306.790251,1.999985999999808,39.1360442062467,33.3625,45.137499999999996,1,1,1,1,2049,80,80,2049.0,80.0,2049.0,2049,80,78.27154050786339,46484.82539378222
4352,0,1800,5,5,2872259,2873000,3306.790251,3307.508678,0.7184270000002471,38.37404120605592,33.3625,45.137499999999996,1,1,1,1,741,28,28,743.0,29.0,741.0,741,29,27.568947301551816,45183.43547777135
4352,0,1801,5,5,2873000,2875020,3307.508678,3309.508788,2.0001099999999497,38.55363667669001,33.3625,45.137499999999996,1,1,1,1,2020,80,80,2022.0,79.0,2020.0,2020,79,77.11151425341086,45447.500387479835
4352,0,1802,5,5,2875020,2877087,3309.508788,3311.511287,2.002498999999716,38.211013058320006,33.3625,45.137499999999996,1,1,1,1,2067,80,80,2067.0,80.0,2067.0,2067,80,76.51751543825958,46162.32018094047
4352,0,1803,5,5,2877087,2879166,3311.511287,3313.512127,2.000840000000153,38.437099346269974,33.3625,45.137499999999996,1,1,1,1,2079,79,79,2080.0,80.0,2079.0,2079,79,76.90648585600138,46194.09847863544
4352,0,1804,5,5,2879166,2881217,3313.512127,3315.512363,2.000235999999859,38.135358004417526,33.3625,45.137499999999996,1,1,1,1,2051,79,79,2055.0,80.0,2051.0,2051,79,76.27971595332201,44889.20307404043
4352,0,1805,5,5,2881217,2883334,3315.512363,3317.512882,2.0005190000001676,38.81205781361162,33.3625,45.137499999999996,1,1,1,1,2117,80,80,2117.0,80.0,2117.0,2117,80,77.64425908523845,46587.41056695397
4352,0,1806,5,5,2883334,2885397,3317.512882,3319.51411,2.001228000000083,38.69038697475185,33.3625,45.137499999999996,1,1,1,1,2063,80,80,2063.0,80.0,2063.0,2063,80,77.42828574471059,45666.460793071165
4352,0,1807,5,5,2885397,2886000,3319.51411,3320.142087,0.6279770000001008,38.503664005807046,33.3625,45.137499999999996,1,1,1,1,603,25,25,603.0,25.0,603.0,603,25,24.179415411374066,45092.41580503021
4352,0,1808,5,5,2886000,2888079,3320.142087,3322.143082,2.0009949999998753,39.193892192382684,33.3625,45.137499999999996,1,1,1,1,2079,80,80,2079.0,80.0,2079.0,2079,80,78.42678230749152,46169.03090712658
4352,0,1809,5,5,2888079,2890133,3322.143082,3324.143982,2.0009000000000015,38.98249200905333,33.3625,45.137499999999996,1,1,1,1,2054,79,79,2056.0,80.0,2054.0,2054,79,78.00006826090976,46254.68539157376
4352,0,1810,5,5,2890133,2892109,3324.143982,3326.14454,2.000557999999728,38.666872990789244,33.3625,45.137499999999996,1,1,1,1,1976,80,80,1977.0,80.0,1976.0,1976,80,77.35532209670055,45518.30039419621
4352,0,1811,5,5,2892109,2894092,3326.14454,3328.145959,2.001419000000169,39.188961584768876,33.3625,45.137499999999996,1,1,1,1,1983,80,80,1984.0,80.0,1983.0,1983,80,78.4335323060368,45942.9035099558
4352,0,1812,5,5,2894092,2896110,3328.145959,3330.14775,2.0017910000001393,38.93222453558485,33.3625,45.137499999999996,1,1,1,1,2018,80,80,2018.0,80.0,2018.0,2018,80,77.93417668531765,46246.586182070736
4352,0,1813,5,5,2896110,2898171,3330.14775,3332.149291,2.0015410000000884,38.91374072535146,33.3625,45.137499999999996,1,1,1,1,2061,80,80,2062.0,80.0,2061.0,2061,80,77.88744752516504,45759.242503648915
4352,0,1814,5,5,2898171,2899000,3332.149291,3332.93221,0.7829189999997652,38.5732468312753,33.3625,45.137499999999996,1,1,1,1,829,31,31,829.0,31.0,829.0,829,31,30.19972783589037,46787.72644425667
4352,0,1815,5,5,2899000,2901051,3332.93221,3334.933439,2.0012289999999666,38.55999041944005,33.3625,45.137499999999996,1,1,1,1,2051,80,80,2054.0,80.0,2051.0,2051,80,77.16737106710207,46050.202150779114
4352,0,1816,5,5,2901051,2903089,3334.933439,3336.933996,2.000557000000299,38.812678442466776,33.3625,45.137499999999996,1,1,1,1,2038,80,80,2038.0,80.0,2038.0,2038,80,77.64697554684244,46232.624214149444
4352,0,1817,5,5,2903089,2905187,3336.933996,3338.9346,2.0006039999998393,39.613654617123636,33.3625,45.137499999999996,1,1,1,1,2098,80,80,2098.0,80.0,2098.0,2098,80,79.25123588163115,46445.97331606228
4352,0,1818,5,5,2905187,2907312,3338.9346,3340.934665,2.000065000000177,39.49794105042285,33.3625,45.137499999999996,1,1,1,1,2125,80,80,2126.0,80.0,2125.0,2125,80,78.99844946702069,46671.48317679262
4352,0,1819,5,5,2907312,2909426,3340.934665,3342.935516,2.000850999999784,38.99635719011566,33.3625,45.137499999999996,1,1,1,1,2114,80,80,2115.0,80.0,2114.0,2114,80,78.0259002801904,46694.13164698925
4352,0,1820,5,5,2909426,2911617,3342.935516,3344.935566,2.000050000000101,39.63494181114586,33.3625,45.137499999999996,1,1,1,1,2191,80,80,2192.0,80.0,2191.0,2191,80,79.27186536938825,47712.80717981809
4352,0,1821,5,5,2911617,2912000,3344.935566,3345.295656,0.3600899999996727,39.312994135232785,33.3625,45.137499999999996,1,1,1,1,383,14,14,383.0,14.0,383.0,383,14,14.156216058137943,45438.64033995632
4352,0,1822,5,5,2912000,2914058,3345.295656,3347.295862,2.000206000000162,39.26543460333991,33.3625,45.137499999999996,1,1,1,1,2058,80,80,2060.0,80.0,2058.0,2058,80,78.53895788620866,45624.30069702451
4352,0,1823,5,5,2914058,2916073,3347.295862,3349.296222,2.0003600000000006,39.324413844749365,33.3625,45.137499999999996,1,1,1,1,2015,80,80,2016.0,80.0,2015.0,2015,80,78.66298447847657,45929.732648123325
4352,0,1824,5,5,2916073,2918079,3349.296222,3351.296316,2.00009399999999,39.223808917471644,33.3625,45.137499999999996,1,1,1,1,2006,80,80,2008.0,80.0,2006.0,2006,80,78.45130487298593,44971.386344842016
4352,0,1825,5,5,2918079,2920129,3351.296316,3353.296792,2.0004760000001625,39.26187977201715,33.3625,45.137499999999996,1,1,1,1,2050,80,80,2050.0,80.0,2050.0,2050,80,78.54244819881569,46421.45169449294
4352,0,1826,5,5,2920129,2922114,3353.296792,3355.297355,2.0005630000000565,38.981526197977594,33.3625,45.137499999999996,1,1,1,1,1985,80,80,1985.0,80.0,1985.0,1985,80,77.98499899520539,46149.00905395001
4352,0,1827,5,5,2922114,2924189,3355.297355,3357.297891,2.000536000000011,39.207945209310346,33.3625,45.137499999999996,1,1,1,1,2075,80,80,2079.0,80.0,2075.0,2075,80,78.43690587725723,46887.93403367871
4352,0,1828,5,5,2924189,2925000,3357.297891,3358.095229,0.7973379999998542,38.75042591506424,33.3625,45.137499999999996,1,1,1,1,811,32,32,812.0,32.0,811.0,811,32,30.897187098264112,45333.34671118975
4352,0,1829,5,5,2925000,2926960,3358.095229,3360.095414,2.000184999999874,39.34086134622666,33.3625,45.137499999999996,1,1,1,1,1960,80,80,1965.0,80.0,1960.0,1960,80,78.68900075179408,45499.29131555618
4352,0,1830,5,5,2926960,2929036,3360.095414,3362.095658,2.0002440000002935,39.30938830776232,33.3625,45.137499999999996,1,1,1,1,2076,79,79,2077.0,79.0,2076.0,2076,79,78.62836810627778,46456.83226645667
4352,0,1831,5,5,2929036,2931099,3362.095658,3364.096019,2.0003609999998844,39.440242913774334,33.3625,45.137499999999996,1,1,1,1,2063,80,80,2064.0,80.0,2063.0,2063,80,78.89472375523474,46223.156720214676
4352,0,1832,5,5,2931099,2933158,3364.096019,3366.096976,2.000956999999744,39.11615631313433,33.3625,45.137499999999996,1,1,1,1,2059,80,80,2059.0,80.0,2059.0,2059,80,78.26974678784609,46320.335719364215
4352,0,1833,5,5,2933158,2935232,3366.096976,3368.097354,2.0003780000001825,39.70931765137041,33.3625,45.137499999999996,1,1,1,1,2074,80,80,2075.0,80.0,2074.0,2074,80,79.43364542482595,46665.18028092265
4352,0,1834,5,5,2935232,2937248,3368.097354,3370.097745,2.000391000000036,39.553000901347986,33.3625,45.137499999999996,1,1,1,1,2016,80,80,2016.0,80.0,2016.0,2016,80,79.12146702605241,46829.84476534753
4352,0,1835,5,5,2937248,2938000,3370.097745,3370.83598,0.7382349999998041,39.54479747666302,33.3625,45.137499999999996,1,1,1,1,752,30,30,752.0,30.0,752.0,752,30,29.19335356517695,46436.43284321266
4352,0,1836,5,5,2938000,2940021,3370.83598,3372.836523,2.000543000000107,39.332605483167214,33.3625,45.137499999999996,1,1,1,1,2021,80,80,2024.0,80.0,2021.0,2021,80,78.68656857110909,47086.21609232842
4352,0,1837,5,5,2940021,2942063,3372.836523,3374.836757,2.0002340000000913,39.579167837236206,33.3625,45.137499999999996,1,1,1,1,2042,80,80,2042.0,80.0,2042.0,2042,80,79.16759719974652,46496.55990248929
4352,0,1838,5,5,2942063,2944219,3374.836757,3376.837506,2.0007489999998143,39.518615794227,33.3625,45.137499999999996,1,1,1,1,2156,79,79,2158.0,80.0,2156.0,2156,80,79.06683103168325,47459.726332492886
4352,0,1839,5,5,2944219,2946241,3376.837506,3378.838827,2.001321000000189,39.400329594802834,33.3625,45.137499999999996,1,1,1,1,2022,80,80,2024.0,79.0,2022.0,2022,79,78.85270702501293,45379.52682252943
4352,0,1840,5,5,2946241,2948295,3378.838827,3380.838862,2.0000350000000253,39.67655190213552,33.3625,45.137499999999996,1,1,1,1,2054,80,80,2054.0,80.0,2054.0,2054,80,79.35449248358782,46424.687567966976
4352,0,1841,5,5,2948295,2950387,3380.838862,3382.839865,2.001002999999855,39.118802495574734,33.3625,45.137499999999996,1,1,1,1,2092,80,80,2092.0,80.0,2092.0,2092,80,78.27684115004377,46855.501965767566
4352,0,1842,5,5,2950387,2951000,3382.839865,3383.463254,0.623388999999861,39.19498123889649,33.3625,45.137499999999996,1,1,1,1,613,25,25,613.0,25.0,613.0,613,25,24.43372015953355,45722.654714803044
4352,0,1843,5,5,2951000,2953113,3383.463254,3385.466272,2.0030180000003384,39.46038499186755,33.3625,45.137499999999996,1,1,1,1,2113,80,80,2116.0,80.0,2113.0,2113,80,79.03986142565554,45609.17575377983
4352,0,1844,5,5,2953113,2955167,3385.466272,3387.468157,2.0018849999996746,39.392093880720424,33.3625,45.137499999999996,1,1,1,1,2054,80,80,2054.0,80.0,2054.0,2054,80,78.85844185839233,46214.942416779704
4352,0,1845,5,5,2955167,2957240,3387.468157,3389.469073,2.000916000000416,39.581105183191674,33.3625,45.137499999999996,1,1,1,1,2073,80,80,2075.0,80.0,2073.0,2073,80,79.1984666587523,47039.455929174655
4352,0,1846,5,5,2957240,2959325,3389.469073,3391.46926,2.0001869999996416,39.306960617309535,33.3625,45.137499999999996,1,1,1,1,2085,80,80,2085.0,80.0,2085.0,2085,80,78.62127163623518,45730.72417729762
4352,0,1847,5,5,2959325,2961404,3391.46926,3393.469676,2.000416000000314,39.443903880136396,33.3625,45.137499999999996,1,1,1,1,2079,80,80,2080.0,80.0,2079.0,2079,80,78.9042164243001,46645.29777805484
4352,0,1848,5,5,2961404,2963429,3393.469676,3395.47118,2.0015039999998407,39.254984047768694,33.3625,45.137499999999996,1,1,1,1,2025,80,80,2026.0,80.0,2025.0,2025,80,78.56900759153359,46329.16047132925
4352,0,1849,5,5,2963429,2964000,3395.47118,3396.030443,0.5592630000001009,39.10635829258321,33.3625,45.137499999999996,1,1,1,1,571,22,22,571.0,22.0,571.0,571,22,21.870739257792593,45522.41074413185
4352,0,1850,5,5,2964000,2966043,3396.030443,3398.031212,2.0007689999997638,39.36812929746991,33.3625,45.137499999999996,1,1,1,1,2043,80,80,2047.0,80.0,2043.0,2043,80,78.76653268636437,45948.33286601844
4352,0,1851,5,5,2966043,2968187,3398.031212,3400.031354,2.0001420000003236,39.31143526810422,33.3625,45.137499999999996,1,1,1,1,2144,80,80,2145.0,80.0,2144.0,2144,80,78.62845276003645,46737.18166009457
4352,0,1852,5,5,2968187,2970225,3400.031354,3402.032078,2.000723999999991,39.07334796840656,33.3625,45.137499999999996,1,1,1,1,2038,80,80,2038.0,80.0,2038.0,2038,80,78.17498504073592,46786.063445033105
4352,0,1853,5,5,2970225,2972249,3402.032078,3404.032084,2.0000059999997575,38.68593224032194,33.3625,45.137499999999996,1,1,1,1,2024,80,80,2024.0,80.0,2024.0,2024,80,77.3720965962275,45603.86318841596
4352,0,1854,5,5,2972249,2974314,3404.032084,3406.032708,2.0006240000002435,38.83357255388823,33.3625,45.137499999999996,1,1,1,1,2065,80,80,2065.0,80.0,2065.0,2065,80,77.69137725705514,47329.23327921112
4352,0,1855,5,5,2974314,2976351,3406.032708,3408.033326,2.0006180000000313,38.82686550272702,33.3625,45.137499999999996,1,1,1,1,2037,80,80,2038.0,80.0,2037.0,2037,80,77.67772600833268,45929.80768942325
4352,0,1856,5,5,2976351,2977000,3408.033326,3408.664583,0.6312570000000051,38.481216220559624,33.3625,45.137499999999996,1,1,1,1,649,25,25,649.0,25.0,649.0,649,25,24.291537107739714,46242.655526987844
4352,0,1857,5,5,2977000,2979048,3408.664583,3410.664877,2.00029399999994,38.59376095002678,33.3625,45.137499999999996,1,1,1,1,2048,80,80,2050.0,80.0,2048.0,2048,80,77.19886846576992,44758.920438696856
4352,0,1858,5,5,2979048,2981080,3410.664877,3412.665033,2.000156000000061,38.38787200022894,33.3625,45.137499999999996,1,1,1,1,2032,79,79,2033.0,80.0,2032.0,2032,79,76.78173250849068,44825.00364971396
4352,0,1859,5,5,2981080,2983078,3412.665033,3414.667239,2.00220599999966,38.76437308478205,33.3625,45.137499999999996,1,1,1,1,1998,80,80,1999.0,80.0,1998.0,1998,80,77.61426037657657,46556.648017244894
4352,0,1860,5,5,2983078,2985153,3414.667239,3416.671395,2.0041559999999663,39.018983306467035,33.3625,45.137499999999996,1,1,1,1,2075,80,80,2075.0,80.0,2075.0,2075,80,78.20012950756063,47307.69461059997
4352,0,1861,5,5,2985153,2987319,3416.671395,3418.671774,2.0003790000000663,39.234760333380265,33.3625,45.137499999999996,1,1,1,1,2166,80,80,2167.0,80.0,2166.0,2166,80,78.48439064092236,47049.08419854282
4352,0,1862,5,5,2987319,2989444,3418.671774,3420.671961,2.0001870000000963,38.949278107713354,33.3625,45.137499999999996,1,1,1,1,2125,80,80,2126.0,80.0,2125.0,2125,80,77.90583973043249,46158.18420977416
4352,0,1863,5,5,2989444,2990000,3420.671961,3421.251829,0.5798679999998058,38.45168712980243,33.3625,45.137499999999996,1,1,1,1,556,23,23,557.0,23.0,556.0,556,23,22.296902912581572,45030.938075577105
4352,0,1864,5,5,2990000,2991988,3421.251829,3423.253064,2.001235000000179,38.93892651458265,33.3625,45.137499999999996,1,1,1,1,1988,80,80,1991.0,80.0,1988.0,1988,80,77.92594260341139,46420.33544285988
4352,0,1865,5,5,2991988,2993999,3423.253064,3425.254102,2.0010379999998804,39.20096911205871,33.3625,45.137499999999996,1,1,1,1,2011,80,80,2011.0,80.0,2011.0,2011,80,78.44262883004558,45264.50772049577
4352,0,1866,5,5,2993999,2995971,3425.254102,3427.255362,2.001260000000002,38.81280525997595,33.3625,45.137499999999996,1,1,1,1,1972,80,80,1972.0,80.0,1972.0,1972,80,77.6745146545727,45209.51800365765
4352,0,1867,5,5,2995971,2998068,3427.255362,3429.255865,2.000503000000208,39.09155041822509,33.3625,45.137499999999996,1,1,1,1,2097,80,80,2099.0,80.0,2097.0,2097,80,78.20276388632192,46283.359735021826
4352,0,1868,5,5,2998068,3000056,3429.255865,3431.256444,2.000579000000016,38.64751034647336,33.3625,45.137499999999996,1,1,1,1,1988,80,80,1988.0,80.0,1988.0,1988,80,77.31739760143682,45411.353413186516
4352,0,1869,5,5,3000056,3002037,3431.256444,3433.257627,2.0011829999998554,38.614711525727266,33.3625,45.137499999999996,1,1,1,1,1981,80,80,1982.0,80.0,1981.0,1981,80,77.27510425518267,45808.90403326764
4352,0,1870,5,5,3002037,3003000,3433.257627,3434.195906,0.9382789999999659,38.90445130237595,33.3625,45.137499999999996,1,1,1,1,963,37,37,966.0,37.0,963.0,963,37,36.503229663547245,46088.636748772566
4352,0,1871,5,5,3003000,3005075,3434.195906,3436.196358,2.000452000000223,38.841009950294385,33.3625,45.137499999999996,1,1,1,1,2075,80,80,2077.0,80.0,2075.0,2075,80,77.6995760370919,45894.62781410889
4352,0,1872,5,5,3005075,3007069,3436.196358,3438.199736,2.003377999999884,38.80146506230475,33.3625,45.137499999999996,1,1,1,1,1994,80,80,1996.0,80.0,1994.0,1994,80,77.73400147358188,46349.21617388499
4352,0,1873,5,5,3007069,3009061,3438.199736,3440.199727,1.9999910000001364,38.38299982826894,33.3625,45.137499999999996,1,1,1,1,1992,80,80,1992.0,80.0,1992.0,1992,80,76.76565420955012,45460.20457091747
4352,0,1874,5,5,3009061,3011009,3440.199727,3442.200703,2.0009759999998096,38.799696302756224,33.3625,45.137499999999996,1,1,1,1,1948,80,80,1949.0,80.0,1949.0,1948,80,77.63726110909192,44686.692893872045
4352,0,1875,5,5,3011009,3013102,3442.200703,3444.201044,2.000340999999935,38.813410817103914,33.3625,45.137499999999996,1,1,1,1,2093,80,80,2092.0,80.0,2092.0,2093,80,77.6400570072874,46245.115207858566
4352,0,1876,5,5,3013102,3015155,3444.201044,3446.201096,2.0000519999998687,38.65795579905984,33.3625,45.137499999999996,1,1,1,1,2053,80,80,2053.0,80.0,2053.0,2053,80,77.31792181181663,46259.79724527466
4352,0,1877,5,5,3015155,3016000,3446.201096,3447.015187,0.8140910000001895,38.97474559531464,33.3625,45.137499999999996,1,1,1,1,845,32,32,845.0,32.0,845.0,845,32,31.72898961644387,46014.511891166076
4352,0,1878,5,5,3016000,3018033,3447.015187,3449.017375,2.002187999999933,38.77080885369408,33.3625,45.137499999999996,1,1,1,1,2033,78,78,2039.0,80.0,2033.0,2033,78,77.62644823716255,45257.488307792795
4352,0,1879,5,5,3018033,3020000,3449.017375,3451.017653,2.0002779999999802,39.023309283090164,33.3625,45.137499999999996,1,1,1,1,1967,79,79,1971.0,80.0,1967.0,1967,79,78.05746704616467,44611.29902943535
4352,0,1880,5,5,3020000,3022110,3451.017653,3453.018865,2.0012120000001232,39.08016387624763,33.3625,45.137499999999996,1,1,1,1,2110,80,80,2112.0,80.0,2110.0,2110,80,78.20769291112083,46060.087586919486
4352,0,1881,5,5,3022110,3024150,3453.018865,3455.019116,2.0002509999999347,38.9120937953851,33.3625,45.137499999999996,1,1,1,1,2040,80,80,2041.0,80.0,2040.0,2040,80,77.83395452631521,46414.67495829425
4352,0,1882,5,5,3024150,3026261,3455.019116,3457.022228,2.0031119999998737,38.99630429548065,33.3625,45.137499999999996,1,1,1,1,2111,80,80,2111.0,80.0,2111.0,2111,80,78.11396508992766,46413.28093486828
4352,0,1883,5,5,3026261,3028224,3457.022228,3459.024127,2.0018990000003214,38.689558536384,33.3625,45.137499999999996,1,1,1,1,1963,79,79,1964.0,80.0,1963.0,1963,79,77.45258854444546,44811.95105246848
4352,0,1884,5,5,3028224,3029000,3459.024127,3459.741793,0.7176660000000084,39.87661072448938,33.3625,45.137499999999996,1,1,1,1,776,29,29,776.0,29.0,776.0,776,29,28.61808771219512,46833.763895739256
4352,0,1885,5,5,3029000,3031003,3459.741793,3461.742099,2.0003059999999095,39.56154960109558,33.3625,45.137499999999996,1,1,1,1,2003,80,80,2008.0,80.0,2003.0,2003,80,79.13520503636391,47360.75380467003
4352,0,1886,5,5,3031003,3033107,3461.742099,3463.743354,2.0012550000001283,39.69939351464538,33.3625,45.137499999999996,1,1,1,1,2104,80,80,2104.0,80.0,2104.0,2104,80,79.44860976815107,47315.809329642616
4352,0,1887,5,5,3033107,3035211,3463.743354,3465.743348,1.9999939999997878,40.003922708760996,33.3625,45.137499999999996,1,1,1,1,2104,80,80,2104.0,80.0,2104.0,2104,80,80.00760539397015,47778.14333443507
4352,0,1888,5,5,3035211,3037323,3465.743348,3467.743906,2.000558000000183,39.756076240720844,33.3625,45.137499999999996,1,1,1,1,2112,80,80,2112.0,80.0,2112.0,2112,80,79.53433637198759,46613.9946954757
4352,0,1889,5,5,3037323,3039403,3467.743906,3469.747358,2.0034519999999247,39.81859977325425,33.3625,45.137499999999996,1,1,1,1,2080,80,80,2080.0,80.0,2080.0,2080,80,79.774653352928,46242.185986988196
4352,0,1890,5,5,3039403,3041462,3469.747358,3471.748049,2.0006909999997333,39.97755332524912,33.3625,45.137499999999996,1,1,1,1,2059,80,80,2059.0,80.0,2059.0,2059,80,79.98273113984033,47669.53017733009
4352,0,1891,5,5,3041462,3042000,3471.748049,3472.250184,0.5021350000001803,39.82669447223229,33.3625,45.137499999999996,1,1,1,1,538,20,20,538.0,20.0,538.0,538,20,19.99837722882512,47921.37572563426
4352,0,1892,5,5,3042000,3044125,3472.250184,3474.250515,2.0003310000001875,39.760097244227474,33.3625,45.137499999999996,1,1,1,1,2125,80,80,2127.0,80.0,2125.0,2125,80,79.53335508065356,46925.73379105318
4352,0,1893,5,5,3044125,3046228,3474.250515,3476.250551,2.000035999999909,39.579316029331075,33.3625,45.137499999999996,1,1,1,1,2103,79,79,2104.0,80.0,2103.0,2103,80,79.1600569140428,46788.15781316149
4352,0,1894,5,5,3046228,3048267,3476.250551,3478.250804,2.0002529999997023,39.476170444240424,33.3625,45.137499999999996,1,1,1,1,2039,80,80,2040.0,79.0,2039.0,2039,79,78.96232835958654,45922.19084286521
4352,0,1895,5,5,3048267,3050437,3478.250804,3480.251184,2.000380000000405,39.269067939290565,33.3625,45.137499999999996,1,1,1,1,2170,80,80,2170.0,80.0,2170.0,2170,80,78.55305812440929,47239.52449033727
4352,0,1896,5,5,3050437,3052550,3480.251184,3482.252436,2.0012520000000222,39.75959014791634,33.3625,45.137499999999996,1,1,1,1,2113,80,80,2113.0,80.0,2113.0,2113,80,79.56895930270548,47614.69320205499
4352,0,1897,5,5,3052550,3054644,3482.252436,3484.255288,2.0028519999996206,39.350276254323425,33.3625,45.137499999999996,1,1,1,1,2094,79,79,2096.0,80.0,2094.0,2094,79,78.81277949651121,46641.98852437309
4352,0,1898,5,5,3054644,3055000,3484.255288,3484.585039,0.32975100000021484,39.60172101140786,33.3625,45.137499999999996,1,1,1,1,356,13,13,356.0,14.0,356.0,356,14,13.05870710524323,47253.83698605872
4352,0,1899,5,5,3055000,3057093,3484.585039,3486.586536,2.0014969999997447,39.56212230303982,33.3625,45.137499999999996,1,1,1,1,2093,80,80,2096.0,79.0,2093.0,2093,79,79.1834691031545,46573.14000471242
4352,0,1900,5,5,3057093,3059140,3486.586536,3488.586539,2.000003000000106,39.61304913085664,33.3625,45.137499999999996,1,1,1,1,2047,80,80,2050.0,80.0,2047.0,2047,80,79.22621710086241,46790.4298143528
4352,0,1901,5,5,3059140,3061223,3488.586539,3490.587899,2.0013600000002043,39.380978621310625,33.3625,45.137499999999996,1,1,1,1,2083,80,80,2083.0,80.0,2083.0,2083,80,78.81551537355699,45594.99540312122
4352,0,1902,5,5,3061223,3063306,3490.587899,3492.587945,2.0000460000001112,39.46559664649012,33.3625,45.137499999999996,1,1,1,1,2083,80,80,2083.0,80.0,2083.0,2083,80,78.93300871043175,47630.40450069383
4352,0,1903,5,5,3063306,3065325,3492.587945,3494.588228,2.000282999999854,39.408069711926274,33.3625,45.137499999999996,1,1,1,1,2019,80,80,2019.0,80.0,2019.0,2019,80,78.827291907568,46867.868196653595
4352,0,1904,5,5,3065325,3067353,3494.588228,3496.588317,2.0000890000001164,39.72268600677236,33.3625,45.137499999999996,1,1,1,1,2028,80,80,2028.0,80.0,2028.0,2028,80,79.44890733259672,46438.43348970701
4352,0,1905,5,5,3067353,3068000,3496.588317,3497.230817,0.6424999999999272,39.69764505688631,33.3625,45.137499999999996,1,1,1,1,647,26,26,648.0,26.0,647.0,647,26,25.505736949053244,46873.15175097807
4352,0,1906,5,5,3068000,3070059,3497.230817,3499.231271,2.0004539999999906,39.6324973746435,33.3625,45.137499999999996,1,1,1,1,2059,80,80,2061.0,80.0,2059.0,2059,80,79.28298790309054,47055.81832923948
4352,0,1907,5,5,3070059,3072076,3499.231271,3501.23492,2.0036489999997684,39.25674485670753,33.3625,45.137499999999996,1,1,1,1,2017,80,80,2017.0,80.0,2017.0,2017,80,78.6567375753948,46363.90904794739
4352,0,1908,5,5,3072076,3074121,3501.23492,3503.236391,2.0014710000000377,38.7516745093974,33.3625,45.137499999999996,1,1,1,1,2045,80,80,2046.0,80.0,2045.0,2045,80,77.56035273200541,45368.63137162531
4352,0,1909,5,5,3074121,3076151,3503.236391,3505.239384,2.0029930000000604,39.23832601199693,33.3625,45.137499999999996,1,1,1,1,2030,80,80,2031.0,80.0,2030.0,2030,80,78.59409233374754,45763.51489995084
4352,0,1910,5,5,3076151,3078175,3505.239384,3507.240413,2.001029000000017,38.732541229710584,33.3625,45.137499999999996,1,1,1,1,2024,80,80,2025.0,80.0,2025.0,2024,80,77.50493824435398,44667.51856169963
4352,0,1911,5,5,3078175,3080269,3507.240413,3509.241492,2.001079000000118,39.307333043669544,33.3625,45.137499999999996,1,1,1,1,2094,80,80,2094.0,80.0,2093.0,2094,80,78.65707869970356,46689.810847045264
4352,0,1912,5,5,3080269,3081000,3509.241492,3509.890297,0.6488049999998111,39.16372877575821,33.3625,45.137499999999996,1,1,1,1,731,26,26,731.0,26.0,731.0,731,26,25.40962304835557,45754.887832258755
4352,0,1913,5,5,3081000,3082998,3509.890297,3511.890534,2.0002370000001974,38.81969057433219,33.3625,45.137499999999996,1,1,1,1,1998,79,79,2000.0,79.0,1998.0,1998,79,77.64858141534205,45844.56741875635
4352,0,1914,5,5,3082998,3085158,3511.890534,3513.891522,2.0009879999997793,38.93720020763854,33.3625,45.137499999999996,1,1,1,1,2160,80,80,2161.0,80.0,2160.0,2160,80,77.91287036908034,46287.633908854135
4352,0,1915,5,5,3085158,3087182,3513.891522,3515.891499,1.9999769999999444,39.053432218722925,33.3625,45.137499999999996,1,1,1,1,2024,80,80,2026.0,80.0,2024.0,2024,80,78.10596620850265,45891.52775257043
4352,0,1916,5,5,3087182,3089355,3515.891499,3517.891696,2.0001970000002984,39.17793540302251,33.3625,45.137499999999996,1,1,1,1,2173,80,80,2173.0,80.0,2173.0,2173,80,78.36358885932714,47770.794576727065
4352,0,1917,5,5,3089355,3091467,3517.891696,3519.894727,2.003030999999737,39.383399485125146,33.3625,45.137499999999996,1,1,1,1,2112,80,80,2113.0,80.0,2112.0,2112,80,78.88617005407286,46895.92921927435
4352,0,1918,5,5,3091467,3093526,3519.894727,3521.895069,2.0003420000002734,39.21568803929472,33.3625,45.137499999999996,1,1,1,1,2059,80,80,2060.0,80.0,2059.0,2059,80,78.44478784390958,46513.54618359625
4352,0,1919,5,5,3093526,3094000,3521.895069,3522.306516,0.4114469999999528,39.39533278979655,33.3625,45.137499999999996,1,1,1,1,474,17,17,474.0,17.0,474.0,474,17,16.209091490367427,47775.29062066865
4352,0,1920,5,5,3094000,3096129,3522.306516,3524.306706,2.0001899999997477,39.744601329149425,33.3625,45.137499999999996,1,1,1,1,2129,80,80,2130.0,80.0,2129.0,2129,80,79.4967541325459,47412.495812903755
4352,0,1921,5,5,3096129,3098224,3524.306706,3526.307472,2.0007660000001124,38.662091901658734,33.3625,45.137499999999996,1,1,1,1,2095,79,79,2095.0,80.0,2095.0,2095,80,77.35379896571976,44883.80950095861
4352,0,1922,5,5,3098224,3100242,3526.307472,3528.309749,2.002277000000049,38.89055624764213,33.3625,45.137499999999996,1,1,1,1,2018,80,80,2019.0,80.0,2018.0,2018,80,77.86966629186645,45857.79090505347
4352,0,1923,5,5,3100242,3102339,3528.309749,3530.309872,2.000122999999803,39.05158531286709,33.3625,45.137499999999996,1,1,1,1,2097,80,80,2097.0,79.0,2097.0,2097,79,78.1079739707202,46068.16680774586
4352,0,1924,5,5,3102339,3104478,3530.309872,3532.310567,2.000695000000178,39.10328553267739,33.3625,45.137499999999996,1,1,1,1,2139,79,79,2143.0,80.0,2139.0,2139,79,78.23374784880434,47295.06496492048
4352,0,1925,5,5,3104478,3106418,3532.310567,3534.310744,2.000176999999894,39.14680775420749,33.3625,45.137499999999996,1,1,1,1,1940,80,80,1941.0,80.0,1940.0,1940,80,78.30054449338058,45590.96519958225
4352,0,1926,5,5,3106418,3107000,3534.310744,3534.880035,0.5692910000002485,39.29651084982266,33.3625,45.137499999999996,1,1,1,1,582,23,23,582.0,23.0,582.0,582,23,22.37114995821321,44838.22860362953
4352,0,1927,5,5,3107000,3109109,3534.880035,3536.880993,2.0009580000000824,39.02271490095086,33.3625,45.137499999999996,1,1,1,1,2109,80,80,2116.0,80.0,2109.0,2109,80,78.08281356278167,46734.11435922001
4352,0,1928,5,5,3109109,3111333,3536.880993,3538.8825,2.001506999999947,39.099941724858525,33.3625,45.137499999999996,1,1,1,1,2224,80,80,2224.0,80.0,2224.0,2224,80,78.25880706189491,47045.55117718924
4352,0,1929,5,5,3111333,3113363,3538.8825,3540.884971,2.0024709999997867,39.19287886374058,33.3625,45.137499999999996,1,1,1,1,2030,80,80,2031.0,80.0,2030.0,2030,80,78.48260333114013,45740.98701055334
4352,0,1930,5,5,3113363,3115369,3540.884971,3542.886004,2.0010330000000067,38.95569993360477,33.3625,45.137499999999996,1,1,1,1,2006,80,80,2014.0,80.0,2006.0,2006,80,77.95164110524638,46132.67247466668
4352,0,1931,5,5,3115369,3117476,3542.886004,3544.887808,2.001803999999993,39.5403644732917,33.3625,45.137499999999996,1,1,1,1,2107,80,80,2109.0,80.0,2107.0,2107,80,79.15205976409197,46741.838861347234
4352,0,1932,5,5,3117476,3119527,3544.887808,3546.888446,2.000637999999981,39.04017582244589,33.3625,45.137499999999996,1,1,1,1,2051,80,80,2051.0,80.0,2051.0,2051,80,78.10525927707204,45439.50479796989
4352,0,1933,5,5,3119527,3120000,3546.888446,3547.347466,0.4590200000002369,39.03308694851373,33.3625,45.137499999999996,1,1,1,1,473,18,18,474.0,18.0,473.0,473,18,17.916967571116402,44595.00675349535
4352,0,1934,5,5,3120000,3121971,3547.347466,3549.349614,2.002148000000034,39.095759938445646,33.3625,45.137499999999996,1,1,1,1,1971,80,80,1973.0,80.0,1971.0,1971,80,78.2754975692369,45974.62325462376
4352,0,1935,5,5,3121971,3124043,3549.349614,3551.351374,2.001759999999649,39.25764024335315,33.3625,45.137499999999996,1,1,1,1,2072,80,80,2072.0,80.0,2072.0,2072,80,78.58437393352506,46796.31923907782
4352,0,1936,5,5,3124043,3126000,3551.351374,3553.352761,2.00138700000025,39.301053081306655,33.3625,45.137499999999996,1,1,1,1,1957,80,80,1957.0,80.0,1957.0,1957,80,78.65661672325223,46209.45374382289
4352,0,1937,5,5,3126000,3128056,3553.352761,3555.352789,2.0000279999999293,39.483142739389514,33.3625,45.137499999999996,1,1,1,1,2056,80,80,2057.0,80.0,2056.0,2056,80,78.96739100677951,46041.355421025735
4352,0,1938,5,5,3128056,3130078,3555.352789,3557.352984,2.000195000000076,39.380205371362734,33.3625,45.137499999999996,1,1,1,1,2022,80,80,2027.0,80.0,2022.0,2022,80,78.76808988278208,45801.03439914434
4352,0,1939,5,5,3130078,3132135,3557.352984,3559.352966,1.999981999999818,39.034005932398486,33.3625,45.137499999999996,1,1,1,1,2057,80,80,2057.0,80.0,2057.0,2057,80,78.06730925268494,45816.91235221534
4352,0,1940,5,5,3132135,3133000,3559.352966,3560.21509,0.8621240000002217,38.72371704135775,33.3625,45.137499999999996,1,1,1,1,865,34,34,865.0,34.0,865.0,865,34,33.38464583057794,45950.4665222054
4352,0,1941,5,5,3133000,3135063,3560.21509,3562.215941,2.000850999999784,38.81085729360492,33.3625,45.137499999999996,1,1,1,1,2063,80,80,2070.0,80.0,2063.0,2063,80,77.65474262676435,45883.97636806034
4352,0,1942,5,5,3135063,3137160,3562.215941,3564.216063,2.0001219999999194,39.19205673468143,33.3625,45.137499999999996,1,1,1,1,2097,80,80,2098.0,80.0,2097.0,2097,80,78.38889490028669,47508.10200577956
4352,0,1943,5,5,3137160,3139198,3564.216063,3566.216405,2.0003420000002734,38.70525120187249,33.3625,45.137499999999996,1,1,1,1,2038,80,80,2039.0,80.0,2038.0,2038,80,77.42373959966062,46186.60209103612
4352,0,1944,5,5,3139198,3141221,3566.216405,3568.216524,2.0001189999998132,38.69928220260105,33.3625,45.137499999999996,1,1,1,1,2023,80,80,2023.0,80.0,2023.0,2023,80,77.40316961977805,45515.79181039153
4352,0,1945,5,5,3141221,3143275,3568.216524,3570.217176,2.000652000000173,39.02052923077678,33.3625,45.137499999999996,1,1,1,1,2054,80,80,2054.0,80.0,2054.0,2054,80,78.06649984662363,46240.9254582966
4352,0,1946,5,5,3143275,3145266,3570.217176,3572.217723,2.000547000000097,38.44457584994322,33.3625,45.137499999999996,1,1,1,1,1991,80,80,1992.0,80.0,1991.0,1991,80,76.91018088288547,45366.592237020974
4352,0,1947,5,5,3145266,3146000,3572.217723,3572.885443,0.6677199999999175,38.99776725390806,33.3625,45.137499999999996,1,1,1,1,734,26,26,736.0,27.0,734.0,734,27,26.039589150779648,45174.62409393717
4352,0,1948,5,5,3146000,3148001,3572.885443,3574.886071,2.0006279999997787,38.94401597265356,33.3625,45.137499999999996,1,1,1,1,2001,80,80,2005.0,79.0,2001.0,2001,79,77.91248878733313,45525.70492865744
4352,0,1949,5,5,3148001,3150091,3574.886071,3576.886891,2.0008200000002034,38.91102928407483,33.3625,45.137499999999996,1,1,1,1,2090,80,80,2093.0,80.0,2090.0,2090,80,77.85396561217203,45849.70162233018
4352,0,1950,5,5,3150091,3152208,3576.886891,3578.886998,2.0001069999998435,39.085707016844985,33.3625,45.137499999999996,1,1,1,1,2117,80,80,2117.0,80.0,2117.0,2117,80,78.17559620433894,47101.98004407133
4352,0,1951,5,5,3152208,3154336,3578.886998,3580.887582,2.00058399999989,38.93184717498361,33.3625,45.137499999999996,1,1,1,1,2128,80,80,2130.0,80.0,2128.0,2128,80,77.88643054870772,46652.87735981351
4352,0,1952,5,5,3154336,3156464,3580.887582,3582.890437,2.0028550000001815,39.09477314001472,33.3625,45.137499999999996,1,1,1,1,2128,80,79,2131.0,80.0,2128.0,2128,79,78.30116185735096,46785.71339412564
4352,0,1953,5,5,3156464,3158520,3582.890437,3584.890884,2.0004469999998946,39.01830983564791,33.3625,45.137499999999996,1,1,1,1,2056,80,80,2059.0,80.0,2057.0,2056,80,78.05406085579307,45937.23302842057
4352,0,1954,5,5,3158520,3159000,3584.890884,3585.376618,0.4857339999998658,38.48178318737586,33.3625,45.137499999999996,1,1,1,1,480,20,20,481.0,20.0,479.0,480,20,18.691910474735778,45669.02872767014
4352,0,1955,5,5,3159000,3160991,3585.376618,3587.376919,2.000301000000036,38.44610265695426,33.3625,45.137499999999996,1,1,1,1,1991,79,79,1996.0,80.0,1991.0,1991,80,76.9037775908073,45782.109792475414
4352,0,1956,5,5,3160991,3162975,3587.376919,3589.376965,2.0000460000001112,38.49245033030382,33.3625,45.137499999999996,1,1,1,1,1984,80,80,1985.0,79.0,1984.0,1984,79,76.98667131332331,44565.474994072654
4352,0,1957,5,5,3162975,3164985,3589.376965,3591.37757,2.000605000000178,38.82935616180201,33.3625,45.137499999999996,1,1,1,1,2010,80,80,2010.0,80.0,2010.0,2010,80,77.68220408409252,46466.94374951164
4352,0,1958,5,5,3164985,3167091,3591.37757,3593.377561,1.9999909999996817,38.711437275820025,33.3625,45.137499999999996,1,1,1,1,2106,80,80,2113.0,80.0,2106.0,2106,80,77.4225261486863,46249.70812369392
4352,0,1959,5,5,3167091,3169216,3593.377561,3595.377531,1.9999700000003031,38.968071487305885,33.3625,45.137499999999996,1,1,1,1,2125,80,80,2125.0,80.0,2125.0,2125,80,77.93497393248254,46575.198627972364
4352,0,1960,5,5,3169216,3171229,3595.377531,3597.378252,2.000720999999885,38.80649196846285,33.3625,45.137499999999996,1,1,1,1,2013,80,80,2014.0,80.0,2013.0,2013,80,77.64096341762342,45561.575052196305
4352,0,1961,5,5,3171229,3172000,3597.378252,3598.126577,0.7483250000000226,38.817151807142885,33.3625,45.137499999999996,1,1,1,1,771,30,30,771.0,30.0,771.0,771,30,29.04784512608603,46241.94033340989
4352,0,1962,5,5,3172000,3174039,3598.126577,3600.126573,1.99999600000001,38.76609778039793,33.3625,45.137499999999996,1,1,1,1,2039,80,80,2041.0,80.0,2039.0,2039,80,77.53204049640044,46485.59297118571
4352,0,1963,5,5,3174039,3176051,3600.126573,3602.128775,2.002202000000125,38.776315793449776,33.3625,45.137499999999996,1,1,1,1,2012,80,80,2012.0,80.0,2012.0,2012,80,77.63801703427453,45640.25008465395
4352,0,1964,5,5,3176051,3178076,3602.128775,3604.129029,2.000254000000041,38.97564127340536,33.3625,45.137499999999996,1,1,1,1,2025,80,80,2025.0,80.0,2025.0,2025,80,77.96118235969334,44901.79747172017
4352,0,1965,5,5,3178076,3180086,3604.129029,3606.13031,2.0012809999998353,38.808807424774464,33.3625,45.137499999999996,1,1,1,1,2010,80,80,2010.0,80.0,2010.0,2010,80,77.6673289318569,45299.98535938105
4352,0,1966,5,5,3180086,3182216,3606.13031,3608.130376,2.0000660000000607,39.488700070458215,33.3625,45.137499999999996,1,1,1,1,2130,80,80,2133.0,80.0,2131.0,2130,80,78.98000639512611,47961.91725672907
4352,0,1967,5,5,3182216,3184320,3608.130376,3610.1306,2.000223999999889,39.29269268179577,33.3625,45.137499999999996,1,1,1,1,2104,80,80,2108.0,80.0,2103.0,2104,80,78.5941869267408,45376.91778521057
4352,0,1968,5,5,3184320,3185000,3610.1306,3610.787989,0.6573889999999665,39.178699957675356,33.3625,45.137499999999996,1,1,1,1,680,26,26,680.0,26.0,680.0,680,26,25.755646386474837,46626.8830175156
4352,0,1969,5,5,3185000,3187022,3610.787989,3612.78806,2.0000709999999344,39.26671745015221,33.3625,45.137499999999996,1,1,1,1,2022,80,80,2027.0,80.0,2022.0,2022,80,78.53622283723962,45769.375187182355
4352,0,1970,5,5,3187022,3189068,3612.78806,3614.788172,2.000112000000172,39.356773095205746,33.3625,45.137499999999996,1,1,1,1,2046,80,80,2048.0,80.0,2046.0,2046,80,78.71795414900407,45681.94181125464
4352,0,1971,5,5,3189068,3191113,3614.788172,3616.789016,2.000844000000143,39.06388141257357,33.3625,45.137499999999996,1,1,1,1,2045,80,80,2045.0,80.0,2045.0,2045,80,78.1607327410602,45707.2115567198
4352,0,1972,5,5,3191113,3193187,3616.789016,3618.789159,2.0001429999997526,38.91694563350505,33.3625,45.137499999999996,1,1,1,1,2074,80,80,2075.0,80.0,2074.0,2074,80,77.83945639022568,45998.7110921626
4352,0,1973,5,5,3193187,3195237,3618.789159,3620.789715,2.0005559999999605,39.028226035417795,33.3625,45.137499999999996,1,1,1,1,2050,79,79,2050.0,79.0,2050.0,2050,79,78.07815176450822,45692.297541284424
4352,0,1974,5,5,3195237,3197298,3620.789715,3622.790844,2.001129000000219,39.414245200155705,33.3625,45.137499999999996,1,1,1,1,2061,80,80,2063.0,80.0,2061.0,2061,80,78.87298908314551,45874.60378615769
4352,0,1975,5,6,3197298,3198000,3622.790844,3623.442422,0.6515779999999722,33.38460499449035,33.3625,45.137499999999996,1,1,1,1,702,26,26,702.0,26.0,702.0,702,26,25.714103567923303,39301.93622930432
4352,0,1976,6,6,3198000,3200163,3623.442422,3625.442791,2.000368999999864,39.1940127700316,33.3625,45.137499999999996,1,1,1,1,2163,79,79,2167.0,80.0,2163.0,2163,79,78.40248813077051,46242.96817237534
4352,0,1977,6,6,3200163,3202252,3625.442791,3627.442992,2.0002009999998336,39.21260438901916,33.3625,45.137499999999996,1,1,1,1,2089,80,80,2090.0,80.0,2089.0,2089,80,78.43309051152028,46833.79320378692
4352,0,1978,6,6,3202252,3204316,3627.442992,3629.443181,2.0001890000003186,39.34130400205368,33.3625,45.137499999999996,1,1,1,1,2064,80,80,2064.0,80.0,2064.0,2064,80,78.6900435105781,46880.56978614774
4352,0,1979,6,6,3204316,3206448,3629.443181,3631.443155,1.9999739999998383,39.08584479338465,33.3625,45.137499999999996,1,1,1,1,2132,80,80,2133.0,80.0,2132.0,2132,80,78.17067335480533,45461.59100068668
4352,0,1980,6,6,3206448,3208529,3631.443155,3633.444121,2.000966000000062,39.071874167551734,33.3625,45.137499999999996,1,1,1,1,2081,80,80,2081.0,80.0,2081.0,2081,80,78.18149176555744,46299.63727519464
4352,0,1981,6,6,3208529,3210590,3633.444121,3635.444185,2.0000639999998384,39.216319199701864,33.3625,45.137499999999996,1,1,1,1,2061,80,80,2061.0,80.0,2061.0,2061,80,78.43514824382146,45643.03942274216
4352,0,1982,6,6,3210590,3211000,3635.444185,3635.847868,0.4036830000000009,38.874730770809265,33.3625,45.137499999999996,1,1,1,1,410,16,16,410.0,16.0,410.0,410,16,15.693067941756453,45235.989625522896
4352,0,1983,6,6,3211000,3213035,3635.847868,3637.850012,2.002144000000044,38.972129494977764,33.3625,45.137499999999996,1,1,1,1,2035,80,80,2039.0,80.0,2035.0,2035,80,78.02781523558951,46409.24928476571
4352,0,1984,6,6,3213035,3215108,3637.850012,3639.852442,2.002430000000004,39.143410266269036,33.3625,45.137499999999996,1,1,1,1,2073,80,80,2075.0,80.0,2073.0,2073,80,78.38193901948398,46055.54251584316
4352,0,1985,6,6,3215108,3217083,3639.852442,3641.852517,2.0000749999999243,39.0595511012105,33.3625,45.137499999999996,1,1,1,1,1975,80,80,1976.0,80.0,1975.0,1975,80,78.12203166875406,44627.326475258866
4352,0,1986,6,6,3217083,3219192,3641.852517,3643.852637,2.0001200000001518,39.04950764327191,33.3625,45.137499999999996,1,1,1,1,2109,80,80,2110.0,80.0,2109.0,2109,80,78.10370122746099,46379.21724696166
4352,0,1987,6,6,3219192,3221212,3643.852637,3645.85386,2.001223000000209,39.13576677479945,33.3625,45.137499999999996,1,1,1,1,2020,80,80,2020.0,80.0,2020.0,2020,80,78.31939659237105,46026.85457842048
4352,0,1988,6,6,3221212,3223308,3645.85386,3647.854008,2.0001479999996263,39.203844365769086,33.3625,45.137499999999996,1,1,1,1,2096,80,80,2096.0,80.0,2096.0,2096,80,78.41349090049334,46818.03546538431
4352,0,1989,6,6,3223308,3224000,3647.854008,3648.486595,0.6325870000000577,39.46282265304336,33.3625,45.137499999999996,1,1,1,1,692,25,25,692.0,25.0,692.0,692,25,24.963668593627517,47354.75120417787
4352,0,1990,6,6,3224000,3226044,3648.486595,3650.489549,2.002954000000045,39.11620850092062,33.3625,45.137499999999996,1,1,1,1,2044,80,80,2047.0,80.0,2044.0,2044,80,78.34796628175536,45837.29831039451
4352,0,1991,6,6,3226044,3228087,3650.489549,3652.491079,2.0015300000000025,38.99985218560063,33.3625,45.137499999999996,1,1,1,1,2043,80,80,2044.0,80.0,2043.0,2043,80,78.05937414504297,45916.373973909904
4352,0,1992,6,6,3228087,3230170,3652.491079,3654.492193,2.0011140000001433,38.72918582234175,33.3625,45.137499999999996,1,1,1,1,2083,80,80,2084.0,80.0,2083.0,2083,80,77.50151595770149,46525.58524901297
4352,0,1993,6,6,3230170,3232210,3654.492193,3656.492458,2.0002650000001267,38.80768945634517,33.3625,45.137499999999996,1,1,1,1,2040,80,80,2041.0,80.0,2040.0,2040,80,77.62566295040597,46272.36891111635
4352,0,1994,6,6,3232210,3234252,3656.492458,3658.493284,2.000825999999961,38.98184355446355,33.3625,45.137499999999996,1,1,1,1,2042,80,80,2044.0,80.0,2042.0,2042,80,77.99588611170475,45417.7424723598
4352,0,1995,6,6,3234252,3236234,3658.493284,3660.495012,2.00172799999973,39.024903812276804,33.3625,45.137499999999996,1,1,1,1,1982,80,80,1983.0,80.0,1982.0,1982,80,78.11724265833618,45624.580362572895
4352,0,1996,6,6,3236234,3237000,3660.495012,3661.25228,0.7572680000002947,38.92020324559588,33.3625,45.137499999999996,1,1,1,1,766,30,30,767.0,30.0,766.0,766,30,29.473024471401004,45275.91288683353
4352,0,1997,6,6,3237000,3239042,3661.25228,3663.253475,2.001194999999825,39.13506202317041,33.3625,45.137499999999996,1,1,1,1,2042,80,80,2049.0,80.0,2042.0,2042,80,78.31689044545055,46657.62207081677
4352,0,1998,6,6,3239042,3241127,3663.253475,3665.253463,1.9999880000000303,39.14126735422018,33.3625,45.137499999999996,1,1,1,1,2085,80,80,2089.0,80.0,2085.0,2085,80,78.28206501323439,46638.27982967827
4352,0,1999,6,6,3241127,3243152,3665.253463,3667.253661,2.000198000000182,39.466571298653236,33.3625,45.137499999999996,1,1,1,1,2025,80,80,2025.0,80.0,2025.0,2025,80,78.94095697843295,45532.99223376471
4352,0,2000,6,6,3243152,3245209,3667.253661,3669.25423,2.000568999999814,39.501841146380904,33.3625,45.137499999999996,1,1,1,1,2057,80,80,2059.0,80.0,2057.0,2057,80,79.0261588403664,47109.09746177651
4352,0,2001,6,6,3245209,3247202,3669.25423,3671.256645,2.002414999999928,39.274470480615975,33.3625,45.137499999999996,1,1,1,1,1993,80,80,1994.0,80.0,1993.0,1993,80,78.64378880744334,46035.41223972219
4352,0,2002,6,6,3247202,3249242,3671.256645,3673.257301,2.0006560000001627,39.044097067678905,33.3625,45.137499999999996,1,1,1,1,2040,80,80,2041.0,80.0,2040.0,2040,80,78.11380706304044,45549.05990834635
4352,0,2003,6,6,3249242,3250000,3673.257301,3674.017914,0.7606129999999212,39.252103003116964,33.3625,45.137499999999996,1,1,1,1,758,30,30,758.0,30.0,758.0,758,30,29.855659821507288,45656.59540397495
4352,0,2004,6,6,3250000,3252051,3674.017914,3676.019587,2.001672999999755,39.75569281805267,33.3625,45.137499999999996,1,1,1,1,2051,80,80,2056.0,80.0,2051.0,2051,80,79.57789691018115,45798.68939632558
4352,0,2005,6,6,3252051,3254135,3676.019587,3678.023671,2.004084000000148,39.15197364938203,33.3625,45.137499999999996,1,1,1,1,2084,80,80,2084.0,80.0,2084.0,2084,80,78.46384395915084,46772.49057424393
4352,0,2006,6,6,3254135,3256175,3678.023671,3680.024386,2.0007150000001275,39.062273378610925,33.3625,45.137499999999996,1,1,1,1,2040,80,80,2041.0,80.0,2040.0,2040,80,78.15247628268844,46769.279982403306
4352,0,2007,6,6,3256175,3258293,3680.024386,3682.024366,1.9999800000000505,39.254480448315014,33.3625,45.137499999999996,1,1,1,1,2118,80,80,2119.0,80.0,2119.0,2118,80,78.50817580703006,46433.964339642225
4352,0,2008,6,6,3258293,3260437,3682.024366,3684.02565,2.0012839999999414,39.41938178867358,33.3625,45.137499999999996,1,1,1,1,2144,80,80,2146.0,80.0,2143.0,2144,80,78.88937806355534,46740.492603749764
4352,0,2009,6,6,3260437,3262388,3684.02565,3686.027317,2.0016669999999976,39.12624341901953,33.3625,45.137499999999996,1,1,1,1,1951,80,80,1951.0,80.0,1951.0,1951,80,78.31771028581716,44984.005831139795
4352,0,2010,6,6,3262388,3263000,3686.027317,3686.579053,0.5517359999998916,39.73092155246541,33.3625,45.137499999999996,1,1,1,1,612,22,22,612.0,22.0,612.0,612,22,21.920979733666172,45601.519567338255
4352,0,2011,6,6,3263000,3265108,3686.579053,3688.580114,2.001060999999936,39.069976262818365,33.3625,45.137499999999996,1,1,1,1,2108,80,80,2112.0,80.0,2108.0,2108,80,78.18140577044687,46768.68921037539
4352,0,2012,6,6,3265108,3267219,3688.580114,3690.580451,2.000336999999945,38.946163409905594,33.3625,45.137499999999996,1,1,1,1,2111,80,80,2112.0,80.0,2111.0,2111,80,77.90545167688106,45768.28804346594
4352,0,2013,6,6,3267219,3269295,3690.580451,3692.580663,2.0002120000003742,39.36914092065391,33.3625,45.137499999999996,1,1,1,1,2076,80,80,2078.0,80.0,2076.0,2076,80,78.74662809919391,46994.51858102162
4352,0,2014,6,6,3269295,3271378,3692.580663,3694.581377,2.000713999999789,39.40274644480208,33.3625,45.137499999999996,1,1,1,1,2083,80,80,2083.0,80.0,2083.0,2083,80,78.83362645056332,45957.09331769044
4352,0,2015,6,6,3271378,3273494,3694.581377,3696.581547,2.000169999999798,39.116520496928715,33.3625,45.137499999999996,1,1,1,1,2116,80,80,2116.0,80.0,2116.0,2116,80,78.23969080233655,46500.54745347115
4352,0,2016,6,6,3273494,3275607,3696.581547,3698.581784,2.0002370000001974,39.49414436000908,33.3625,45.137499999999996,1,1,1,1,2113,80,80,2114.0,80.0,2113.0,2113,80,78.9976488322427,46611.476540025404
4352,0,2017,6,6,3275607,3276000,3698.581784,3698.946102,0.364317999999912,39.668108235685686,33.3625,45.137499999999996,1,1,1,1,393,14,14,393.0,14.0,393.0,393,14,14.45180585620983,47258.16457052399
4352,0,2018,6,6,3276000,3278125,3698.946102,3700.946269,2.000167000000147,39.75500634594293,33.3625,45.137499999999996,1,1,1,1,2125,80,80,2129.0,80.0,2125.0,2125,80,79.51665177795803,46818.090689423996
4352,0,2019,6,6,3278125,3280130,3700.946269,3702.947696,2.001427000000149,39.29293064241553,33.3625,45.137499999999996,1,1,1,1,2005,80,80,2007.0,80.0,2005.0,2005,80,78.6419322968577,46233.01274540272
4352,0,2020,6,6,3280130,3282165,3702.947696,3704.94776,2.0000639999998384,39.06591242576435,33.3625,45.137499999999996,1,1,1,1,2035,80,80,2038.0,80.0,2035.0,2035,80,78.13432506991376,46730.50462385581
4352,0,2021,6,6,3282165,3284189,3704.94776,3706.949009,2.001248999999916,38.96088810382197,33.3625,45.137499999999996,1,1,1,1,2024,80,80,2025.0,80.0,2024.0,2024,80,77.97043835687509,45740.93478622792
4352,0,2022,6,6,3284189,3286307,3706.949009,3708.949493,2.0004840000001423,39.43074587432317,33.3625,45.137499999999996,1,1,1,1,2118,80,80,2121.0,80.0,2118.0,2118,80,78.88057622965425,46819.6696399438
4352,0,2023,6,6,3286307,3288440,3708.949493,3710.950032,2.000539000000117,39.98562854232507,33.3625,45.137499999999996,1,1,1,1,2133,80,80,2134.0,80.0,2133.0,2133,80,79.99280933843693,47102.3059285495
4352,0,2024,6,6,3288440,3289000,3710.950032,3711.497983,0.5479510000000118,40.194583220642,33.3625,45.137499999999996,1,1,1,1,560,22,22,560.0,22.0,560.0,560,22,22.024662070340128,47444.02327945279
4352,0,2025,6,6,3289000,3291023,3711.497983,3713.497999,2.0000159999999596,40.06688950052094,33.3625,45.137499999999996,1,1,1,1,2023,80,80,2024.0,80.0,2023.0,2023,80,80.13442007127742,46820.125438997435
4352,0,2026,6,6,3291023,3293100,3713.497999,3715.498437,2.000438000000031,39.58775653337651,33.3625,45.137499999999996,1,1,1,1,2077,80,80,2092.0,80.0,2077.0,2077,80,79.19285250411485,47443.10995891826
4352,0,2027,6,6,3293100,3295125,3715.498437,3717.499885,2.001447999999982,39.834380856056754,33.3625,45.137499999999996,1,1,1,1,2025,79,79,2025.0,80.0,2025.0,2025,80,79.72644189558923,47315.74340177754
4352,0,2028,6,6,3295125,3297212,3717.499885,3719.5007,2.000814999999875,39.558512540559185,33.3625,45.137499999999996,1,1,1,1,2087,80,80,2087.0,79.0,2087.0,2087,79,79.1492652688321,46269.14532328365
4352,0,2029,6,6,3297212,3299306,3719.5007,3721.500764,2.0000639999998384,39.71802243247573,33.3625,45.137499999999996,1,1,1,1,2094,80,80,2095.0,80.0,2094.0,2094,80,79.43858681837446,46969.49697610056
4352,0,2030,6,6,3299306,3301301,3721.500764,3723.500912,2.000148000000081,39.509698569060575,33.3625,45.137499999999996,1,1,1,1,1995,80,80,1996.0,80.0,1995.0,1995,80,79.02524457350955,46079.09014732723
4352,0,2031,6,6,3301301,3302000,3723.500912,3724.175009,0.6740970000000743,39.590884897558986,33.3625,45.137499999999996,1,1,1,1,699,27,27,702.0,27.0,699.0,699,27,26.688096736790612,46419.13552500093
4352,0,2032,6,6,3302000,3304082,3724.175009,3726.17708,2.002070999999887,39.68110509787615,33.3625,45.137499999999996,1,1,1,1,2082,80,80,2084.0,80.0,2082.0,2082,80,79.4443897644087,47046.28357336244
4352,0,2033,6,6,3304082,3306193,3726.17708,3728.177618,2.0005380000002333,39.748190167912426,33.3625,45.137499999999996,1,1,1,1,2111,80,80,2112.0,80.0,2111.0,2111,80,79.51776486214658,47674.67551228163
4352,0,2034,6,6,3306193,3308271,3728.177618,3730.179582,2.0019640000000436,39.85966013717883,33.3625,45.137499999999996,1,1,1,1,2078,80,80,2078.0,80.0,2078.0,2078,80,79.79760464686842,46500.83617887134
4352,0,2035,6,6,3308271,3310327,3730.179582,3732.179931,2.0003489999999147,38.83049832056842,33.3625,45.137499999999996,1,1,1,1,2056,80,80,2057.0,80.0,2057.0,2056,80,77.6745484850544,45249.10403134846
4352,0,2036,6,6,3310327,3312200,3732.179931,3734.193869,2.013938000000053,35.99131635077791,33.3625,45.137499999999996,1,1,1,1,1873,80,80,1872.0,81.0,1872.0,1873,81,72.48427966886084,42332.98145225809
4352,0,2037,6,6,3312200,3312280,3734.193869,3736.196145,2.0022759999997106,1.0117269273419864,33.3625,45.137499999999996,1,0,0,0,80,80,80,80.0,80.0,80.0,80,80,2.025756545175682,753.1429233533329
4352,0,2038,6,6,3312280,3312360,3736.196145,3738.198422,2.002277000000049,1.012403042520461,33.3625,45.137499999999996,1,0,0,0,80,80,80,80.0,80.0,80.0,80,80,2.027111326766317,778.114117077688
4352,0,2039,6,6,3312360,3312440,3738.198422,3740.200699,2.002277000000049,1.0126112039864836,33.3625,45.137499999999996,1,0,0,0,80,80,80,80.0,80.0,80.0,80,80,2.027528123682714,734.1641541105271
4352,0,2040,6,6,3312440,3312520,3740.200699,3742.202975,2.0022760000001654,1.0085004230070365,33.3625,45.137499999999996,1,0,0,0,80,80,80,80.0,80.0,80.0,80,80,2.019296192971524,740.6571321835139
4352,0,2041,6,6,3312520,3312601,3742.202975,3744.205254,2.0022789999998167,1.0077185943669098,33.3625,45.137499999999996,1,0,0,0,81,80,80,81.0,80.0,81.0,81,80,2.017733779415721,732.6651280866124
4352,0,2042,6,6,3312601,3312681,3744.205254,3746.207528,2.002273999999943,1.0074083896234054,33.3625,45.137499999999996,1,0,0,0,80,80,80,80.0,80.0,80.0,80,80,2.0171076259284746,757.6385649516715
4352,0,2043,6,6,3312681,3312859,3746.207528,3748.209805,2.002277000000049,2.2233303307389205,33.3625,45.137499999999996,1,0,0,1,178,80,80,178.0,80.0,178.0,178,80,4.4517231846402865,2744.37552846078
4352,0,2044,6,6,3312859,3313075,3748.209805,3750.212083,2.002277999999933,2.8394869477385014,33.3625,45.137499999999996,1,0,0,1,216,80,80,216.0,80.0,216.0,216,80,5.68544224674406,3861.601635737025
4352,0,2045,6,6,3313075,3313303,3750.212083,3752.214359,2.0022760000001654,2.9704232201133243,33.3625,45.137499999999996,1,0,0,1,228,80,80,228.0,80.0,228.0,228,80,5.9476071234821575,4092.3429137637986
4352,0,2046,6,6,3313303,3313577,3752.214359,3754.216285,2.001925999999912,4.187409741466138,33.3625,45.137499999999996,1,0,0,1,274,80,80,274.0,79.0,274.0,274,79,8.382884434089647,5446.754775151768
4352,0,2047,6,6,3313577,3313943,3754.216285,3756.216866,2.0005810000002384,5.693566840911876,33.3625,45.137499999999996,1,0,0,1,366,80,80,366.0,80.0,366.0,366,80,11.390441644165548,7383.854990124489
4352,0,2048,6,6,3313943,3314392,3756.216866,3758.221192,2.0043259999997645,6.991283788042746,33.3625,45.137499999999996,1,0,0,1,449,80,80,449.0,81.0,449.0,449,81,14.012811869746656,8977.082570401279
4352,0,2049,6,6,3314392,3314995,3758.221192,3760.222197,2.0010050000000774,10.50815344444321,33.3625,45.137499999999996,1,0,0,1,603,80,80,603.0,79.0,603.0,603,79,21.026867583103012,12932.001669160747
4352,0,2050,6,6,3314995,3315000,3760.222197,3760.247593,0.02539600000000064,10.494200104172709,33.3625,45.137499999999996,1,0,0,1,5,1,1,5.0,1.0,5.0,5,1,0.26651070584193803,12954.796030870677
4352,0,2051,6,6,3315000,3315731,3760.247593,3762.248446,2.0008530000000064,12.563911506694943,33.3625,45.137499999999996,1,0,0,1,731,79,79,734.0,80.0,731.0,731,79,25.138540029904107,15695.305952011417
4352,0,2052,6,6,3315731,3316598,3762.248446,3764.248672,2.0002260000001115,14.63382702847756,33.3625,45.137499999999996,1,0,0,1,867,80,80,867.0,80.0,867.0,867,80,29.27096130186692,17980.96815059798
4352,0,2053,6,6,3316598,3317555,3764.248672,3766.249888,2.0012159999996584,17.30235066282868,33.3625,45.137499999999996,1,0,0,1,957,80,80,957.0,80.0,957.0,957,80,34.62574098406185,20760.87738655252
4352,0,2054,6,6,3317555,3318588,3766.249888,3768.252654,2.002766000000065,18.840520962550805,33.3625,45.137499999999996,1,0,0,1,1033,80,80,1033.0,80.0,1033.0,1033,80,37.73315480609017,22815.945547307332
4352,0,2055,6,6,3318588,3319812,3768.252654,3770.255018,2.002363999999943,20.73132278268173,33.3625,45.137499999999996,1,0,0,1,1224,80,80,1224.0,80.0,1224.0,1224,80,41.511654412417556,25166.75289807519
4352,0,2056,6,6,3319812,3321082,3770.255018,3772.261925,2.0069069999999556,23.171446720671064,33.3625,45.137499999999996,1,0,0,1,1270,80,80,1270.0,80.0,1270.0,1270,80,46.502938623845694,27806.968633823708
4352,0,2057,6,6,3321082,3322376,3772.261925,3774.263629,2.0017040000002453,24.297946355183306,33.3625,45.137499999999996,1,0,0,1,1294,80,80,1294.0,80.0,1294.0,1294,80,48.637296410961426,29006.286643775944
4352,0,2058,6,6,3322376,3323865,3774.263629,3776.265402,2.0017729999999574,26.69199142825941,33.3625,45.137499999999996,1,0,0,1,1489,80,80,1490.0,80.0,1489.0,1489,80,53.43130775731697,31820.7908688954
4352,0,2059,6,6,3323865,3325438,3776.265402,3778.266352,2.0009500000001026,29.377509007696244,33.3625,45.137499999999996,1,0,0,1,1573,80,80,1573.0,80.0,1573.0,1573,80,58.78292664895707,34516.10485019439
4352,0,2060,6,6,3325438,3327051,3778.266352,3780.268041,2.0016889999997147,30.675673328493417,33.3625,45.137499999999996,1,0,0,1,1613,80,80,1613.0,80.0,1613.0,1613,80,61.40315786922292,36146.97388056302
4352,0,2061,6,6,3327051,3328000,3780.268041,3781.393075,1.1250340000001415,32.22501685178542,33.3625,45.137499999999996,1,0,0,1,949,45,45,949.0,45.0,949.0,949,45,36.25423960883927,37759.74770539793
4352,0,2062,6,6,3328000,3329854,3781.393075,3783.394046,2.000970999999936,33.65646304180509,33.3625,45.137499999999996,1,1,0,1,1854,80,80,1858.0,80.0,1854.0,1854,80,67.34560650921776,39652.74859056056
4352,0,2063,6,6,3329854,3331700,3783.394046,3785.394696,2.0006499999999505,35.52727802507723,33.3625,45.137499999999996,1,1,1,1,1846,80,80,1847.0,80.0,1846.0,1846,80,71.07764878087619,41890.38562467302
4352,0,2064,6,6,3331700,3333701,3785.394696,3787.395149,2.000453000000107,37.511397024151904,33.3625,45.137499999999996,1,1,1,1,2001,80,80,2002.0,80.0,2001.0,2001,80,75.03978671116056,45471.20077302248
4352,0,2065,6,6,3333701,3335809,3787.395149,3789.39717,2.0020210000002407,38.304146458738046,33.3625,45.137499999999996,1,1,1,1,2108,80,80,2108.0,80.0,2108.0,2108,80,76.68570559748332,45250.274597513766
4352,0,2066,6,6,3335809,3337874,3789.39717,3791.398054,2.000883999999587,38.792253931928855,33.3625,45.137499999999996,1,1,1,1,2065,80,80,2065.0,80.0,2065.0,2065,80,77.61880021631077,46239.06233445772
4352,0,2067,6,6,3337874,3339941,3791.398054,3793.400906,2.0028520000000753,38.67826382402348,33.3625,45.137499999999996,1,1,1,1,2067,80,80,2067.0,80.0,2067.0,2067,80,77.46683805646899,45720.30284813683
4352,0,2068,6,6,3339941,3341000,3793.400906,3794.403841,1.0029349999999795,38.77256258560063,33.3625,45.137499999999996,1,1,1,1,1059,40,40,1067.0,40.0,1059.0,1059,40,38.886360056785634,45411.71661174546
4352,0,2069,6,6,3341000,3343132,3794.403841,3796.406773,2.002932000000328,38.86208580167282,33.3625,45.137499999999996,1,1,1,1,2132,80,80,2137.0,80.0,2132.0,2132,80,77.83811523893382,46364.03033152637
4352,0,2070,6,6,3343132,3345135,3796.406773,3798.407463,2.0006899999998495,38.63355424706576,33.3625,45.137499999999996,1,1,1,1,2003,80,80,2004.0,80.0,2003.0,2003,80,77.29376564655104,46037.61702213083
4352,0,2071,6,6,3345135,3347278,3798.407463,3800.408648,2.0011850000000777,38.85976079621772,33.3625,45.137499999999996,1,1,1,1,2143,80,80,2144.0,80.0,2143.0,2143,80,77.76557040898479,45940.78008779619
4352,0,2072,6,6,3347278,3349360,3800.408648,3802.408937,2.000289000000066,39.25334276489822,33.3625,45.137499999999996,1,1,1,1,2082,80,80,2082.0,80.0,2082.0,2082,80,78.51802974585735,45527.421287622434
4352,0,2073,6,6,3349360,3351397,3802.408937,3804.410769,2.001831999999922,38.9783819253214,33.3625,45.137499999999996,1,1,1,1,2037,80,80,2037.0,80.0,2037.0,2037,80,78.028172246326,45799.04807196786
4352,0,2074,6,6,3351397,3353401,3804.410769,3806.410822,2.0000529999997525,39.104105841179184,33.3625,45.137499999999996,1,1,1,1,2004,80,80,2007.0,80.0,2004.0,2004,80,78.21028419995855,45797.28637191681
4352,0,2075,6,6,3353401,3354000,3806.410822,3806.98772,0.5768980000002557,39.104181760801744,33.3625,45.137499999999996,1,1,1,1,599,23,23,600.0,23.0,599.0,599,23,22.559124249455635,45761.989121106846
4352,0,2076,6,6,3354000,3356140,3806.98772,3808.987851,2.000130999999783,39.36786221512607,33.3625,45.137499999999996,1,1,1,1,2140,80,80,2141.0,80.0,2140.0,2140,80,78.74088162019325,46680.44243102583
4352,0,2077,6,6,3356140,3358197,3808.987851,3810.992102,2.004251000000295,39.221148192503684,33.3625,45.137499999999996,1,1,1,1,2057,80,80,2058.0,80.0,2057.0,2057,80,78.60902548598824,45117.103596299414
4352,0,2078,6,6,3358197,3360125,3810.992102,3812.99325,2.00114799999983,39.21007188971913,33.3625,45.137499999999996,1,1,1,1,1928,79,79,1941.0,80.0,1928.0,1928,79,78.46515694196569,45810.204942366974
4352,0,2079,6,6,3360125,3362188,3812.99325,3814.994476,2.0012259999998605,39.3206007862982,33.3625,45.137499999999996,1,1,1,1,2063,80,80,2063.0,80.0,2063.0,2063,80,78.6894086291577,46422.04328746802
4352,0,2080,6,6,3362188,3364258,3814.994476,3816.999796,2.0053200000002107,39.30187482477816,33.3625,45.137499999999996,1,1,1,1,2070,80,80,2071.0,80.0,2071.0,2070,80,78.8128356236266,45850.53757005881
4352,0,2081,6,6,3364258,3366415,3816.999796,3819.002267,2.0024709999997867,39.641995752253756,33.3625,45.137499999999996,1,1,1,1,2157,80,80,2156.0,80.0,2156.0,2157,80,79.3819468760048,47438.8892523338
4352,0,2082,6,6,3366415,3367000,3819.002267,3819.623825,0.6215580000002774,39.249359476178526,33.3625,45.137499999999996,1,1,1,1,585,25,25,586.0,25.0,585.0,585,25,24.39575337730639,46529.84918541326
4352,0,2083,6,6,3367000,3369148,3819.623825,3821.626296,2.0024709999997867,39.60692394332572,33.3625,45.137499999999996,1,1,1,1,2148,80,80,2151.0,80.0,2148.0,2148,80,79.31171659570828,46710.28943740507
4352,0,2084,6,6,3369148,3371245,3821.626296,3823.626656,2.0003600000000006,39.75941942412437,33.3625,45.137499999999996,1,1,1,1,2097,80,80,2097.0,80.0,2097.0,2097,80,79.5331522392371,46876.5622188006
4352,0,2085,6,6,3371245,3373282,3823.626656,3825.62801,2.001353999999992,39.698011911081714,33.3625,45.137499999999996,1,1,1,1,2037,80,80,2037.0,80.0,2037.0,2037,80,79.44977493029728,45925.90816017574
4352,0,2086,6,6,3373282,3375306,3825.62801,3827.628013,2.000003000000106,39.30425517912625,33.3625,45.137499999999996,1,1,1,1,2024,80,80,2026.0,80.0,2024.0,2024,80,78.60862827101664,46192.93071060148
4352,0,2087,6,6,3375306,3377373,3827.628013,3829.6296,2.0015870000001996,39.18136756612862,33.3625,45.137499999999996,1,1,1,1,2067,80,80,2068.0,80.0,2067.0,2067,80,78.4249159625906,45303.052028211096
4352,0,2088,6,6,3377373,3379400,3829.6296,3831.629663,2.0000629999999546,39.37351829711086,33.3625,45.137499999999996,1,1,1,1,2027,79,79,2028.0,80.0,2027.0,2027,80,78.7495171258779,46486.53567412732
4352,0,2089,6,6,3379400,3380000,3831.629663,3832.217921,0.5882579999997688,39.04106579651562,33.3625,45.137499999999996,1,1,1,1,600,24,24,600.0,23.0,600.0,600,23,22.966219283320243,45111.15870929155
4352,0,2090,6,6,3380000,3382118,3832.217921,3834.219215,2.0012940000001436,38.9676700507452,33.3625,45.137499999999996,1,1,1,1,2118,80,80,2119.0,80.0,2118.0,2118,80,77.98576426654472,46077.68773603148
4352,0,2091,6,6,3382118,3384146,3834.219215,3836.220084,2.000868999999966,39.373566255015845,33.3625,45.137499999999996,1,1,1,1,2028,80,80,2028.0,80.0,2028.0,2028,80,78.78134813910583,45530.7169035062
4352,0,2092,6,6,3384146,3386217,3836.220084,3838.220501,2.000416999999743,39.61046409325465,33.3625,45.137499999999996,1,1,1,1,2071,80,80,2071.0,80.0,2071.0,2071,80,79.23744575002638,46665.27029115029
4352,0,2093,6,6,3386217,3388259,3838.220501,3840.220809,2.000308000000132,39.299385344482445,33.3625,45.137499999999996,1,1,1,1,2042,80,80,2043.0,80.0,2042.0,2042,80,78.61087489966303,45723.45858737453
4352,0,2094,6,6,3388259,3390350,3840.220809,3842.221521,2.0007120000000214,39.04691566605415,33.3625,45.137499999999996,1,1,1,1,2091,80,80,2091.0,80.0,2091.0,2091,80,78.12163273605984,45897.16061082206
4352,0,2095,6,6,3390350,3392371,3842.221521,3844.22179,2.0002690000001166,39.22357170953402,33.3625,45.137499999999996,1,1,1,1,2021,80,80,2023.0,80.0,2021.0,2021,80,78.45769455986738,46845.69925344768
4352,0,2096,6,6,3392371,3393000,3844.22179,3844.808235,0.5864449999999124,39.238637443842435,33.3625,45.137499999999996,1,1,1,1,629,23,23,630.0,23.0,629.0,629,23,23.01130273574381,45994.08299159176
4352,0,2097,6,6,3393000,3395076,3844.808235,3846.810149,2.0019139999999425,39.12706096928892,33.3625,45.137499999999996,1,1,1,1,2076,80,80,2081.0,80.0,2076.0,2076,80,78.32901113327534,45831.13959940469
4352,0,2098,6,6,3395076,3397170,3846.810149,3848.810853,2.0007040000000416,39.32554964659861,33.3625,45.137499999999996,1,1,1,1,2094,80,80,2095.0,80.0,2094.0,2094,80,78.6787844801438,46469.642685773644
4352,0,2099,6,6,3397170,3399257,3848.810853,3850.812499,2.0016460000001643,39.45190260619001,33.3625,45.137499999999996,1,1,1,1,2087,80,80,2091.0,80.0,2087.0,2087,80,78.96874304408266,46172.99962130787
4352,0,2100,6,6,3399257,3401323,3850.812499,3852.812647,2.000148000000081,39.068760061696544,33.3625,45.137499999999996,1,1,1,1,2066,80,80,2066.0,80.0,2066.0,2066,80,78.14330229988263,46053.592034187604
4352,0,2101,6,6,3401323,3403381,3852.812647,3854.813974,2.0013269999999466,39.07589873007557,33.3625,45.137499999999996,1,1,1,1,2058,80,80,2059.0,80.0,2058.0,2058,80,78.20365117776964,46091.918012400005
4352,0,2102,6,6,3403381,3405380,3854.813974,3856.815137,2.001162999999906,38.807179314352126,33.3625,45.137499999999996,1,1,1,1,1999,80,80,2000.0,80.0,1999.0,1999,80,77.65949137824646,45367.11902029184
4352,0,2103,6,6,3405380,3406000,3856.815137,3857.416947,0.6018100000001141,39.039559097614394,33.3625,45.137499999999996,1,1,1,1,620,24,24,620.0,24.0,620.0,620,24,23.494397060538176,46365.13185223693
4352,0,2104,6,6,3406000,3408146,3857.416947,3859.418916,2.0019689999999173,39.12526262060006,33.3625,45.137499999999996,1,1,1,1,2146,80,80,2149.0,80.0,2146.0,2146,80,78.32756288329256,46845.38072268046
4352,0,2105,6,6,3408146,3410147,3859.418916,3861.419579,2.000662999999804,39.242342797054214,33.3625,45.137499999999996,1,1,1,1,2001,80,80,2003.0,80.0,2001.0,2001,80,78.51070326736954,46181.1909352095
4352,0,2106,6,6,3410147,3412259,3861.419579,3863.420144,2.000565000000279,38.85825454449248,33.3625,45.137499999999996,1,1,1,1,2112,80,80,2112.0,80.0,2112.0,2112,80,77.73846400281764,47101.693771502985
4352,0,2107,6,6,3412259,3414331,3863.420144,3865.420577,2.0004329999997026,39.32428801547041,33.3625,45.137499999999996,1,1,1,1,2072,80,80,2072.0,80.0,2072.0,2072,80,78.66560344763275,46716.8857942325
4352,0,2108,6,6,3414331,3416430,3865.420577,3867.421759,2.0011819999999716,39.403781954216456,33.3625,45.137499999999996,1,1,1,1,2099,80,80,2099.0,80.0,2099.0,2099,80,78.85413917870028,46552.48747990004
4352,0,2109,6,6,3416430,3418444,3867.421759,3869.422043,2.0002840000001925,39.43050185216554,33.3625,45.137499999999996,1,1,1,1,2014,79,79,2015.0,79.0,2014.0,2014,79,78.87220196686394,44801.638167375924
4352,0,2110,6,6,3418444,3419000,3869.422043,3869.975657,0.553613999999925,39.62634413046717,33.3625,45.137499999999996,1,1,1,1,556,23,23,556.0,23.0,556.0,556,23,21.937698879439267,46133.226399627645
4352,0,2111,6,6,3419000,3421042,3869.975657,3871.978297,2.002640000000156,39.21882898672646,33.3625,45.137499999999996,1,1,1,1,2042,80,80,2044.0,80.0,2042.0,2042,80,78.54119568198803,45848.97934725805
4352,0,2112,6,6,3421042,3423143,3871.978297,3873.979776,2.0014790000000175,39.19060382933689,33.3625,45.137499999999996,1,1,1,1,2101,80,80,2102.0,80.0,2101.0,2101,80,78.43917056173086,45192.58008702525
4352,0,2113,6,6,3423143,3425182,3873.979776,3875.980094,2.0003179999998792,39.244233481560464,33.3625,45.137499999999996,1,1,1,1,2039,79,79,2040.0,80.0,2039.0,2039,80,78.50094662937045,45075.33302205222
4352,0,2114,6,6,3425182,3427216,3875.980094,3877.980252,2.0001579999998285,39.1848949404532,33.3625,45.137499999999996,1,1,1,1,2034,80,80,2035.0,79.0,2034.0,2034,79,78.3759810943011,45460.90858822543
4352,0,2115,6,6,3427216,3429359,3877.980252,3879.98181,2.0015580000003865,39.179017169978835,33.3625,45.137499999999996,1,1,1,1,2143,80,80,2143.0,80.0,2143.0,2143,80,78.41907524871931,46491.78290111105
4352,0,2116,6,6,3429359,3431367,3879.98181,3881.982122,2.000311999999667,39.11750784737977,33.3625,45.137499999999996,1,1,1,1,2008,80,80,2008.0,80.0,2008.0,2008,80,78.24722035719606,45648.87877491871
4352,0,2117,6,6,3431367,3432000,3881.982122,3882.569786,0.5876640000001316,39.292220619578316,33.3625,45.137499999999996,1,1,1,1,633,24,24,634.0,24.0,633.0,633,24,23.090623538184445,46533.39323149602
4352,0,2118,6,6,3432000,3434066,3882.569786,3884.571045,2.0012590000001182,39.49500427497747,33.3625,45.137499999999996,1,1,1,1,2066,80,80,2072.0,80.0,2067.0,2066,80,79.0397327603423,46501.227477300294
4352,0,2119,6,6,3434066,3436153,3884.571045,3886.572375,2.0013300000000527,39.3756827269926,33.3625,45.137499999999996,1,1,1,1,2087,80,80,2086.0,80.0,2086.0,2087,80,78.80373511201469,46412.63559732655
4352,0,2120,6,6,3436153,3438253,3886.572375,3888.572612,2.0002369999997427,39.30718099886911,33.3625,45.137499999999996,1,1,1,1,2100,80,80,2101.0,80.0,2100.0,2100,80,78.62367779962369,46257.51848406559
4352,0,2121,6,6,3438253,3440274,3888.572612,3890.574215,2.0016030000001592,39.14237688565244,33.3625,45.137499999999996,1,1,1,1,2021,80,80,2021.0,80.0,2021.0,2021,80,78.34749900146562,46359.34298659256
4352,0,2122,6,6,3440274,3442399,3890.574215,3892.574481,2.0002660000000105,39.193051842912645,33.3625,45.137499999999996,1,1,1,1,2125,80,80,2125.0,80.0,2125.0,2125,80,78.3965290376218,46269.846110467064
4352,0,2123,6,6,3442399,3444533,3892.574481,3894.574746,2.000264999999672,39.633931964217105,33.3625,45.137499999999996,1,1,1,1,2134,79,79,2136.0,79.0,2134.0,2134,79,79.27836692039273,46163.88328547224
4352,0,2124,6,6,3444533,3445000,3894.574746,3895.022558,0.44781200000034005,39.38139606507963,33.3625,45.137499999999996,1,1,1,1,467,18,18,468.0,18.0,467.0,467,18,17.63546173470968,47138.08473194995
4352,0,2125,6,6,3445000,3447057,3895.022558,3897.024684,2.002125999999862,39.043050208038956,33.3625,45.137499999999996,1,1,1,1,2057,80,80,2060.0,80.0,2057.0,2057,80,78.16910594081855,46236.850228210606
4352,0,2126,6,6,3447057,3449200,3897.024684,3899.025719,2.001035000000229,39.08625943805218,33.3625,45.137499999999996,1,1,1,1,2143,80,80,2143.0,80.0,2143.0,2143,80,78.21297315463016,46629.86904276503
4352,0,2127,6,6,3449200,3451185,3899.025719,3901.02594,2.000220999999783,39.477580335431796,33.3625,45.137499999999996,1,1,1,1,1985,80,80,1985.0,80.0,1985.0,1985,80,78.96388521611516,45767.94264234298
4352,0,2128,6,6,3451185,3453228,3901.02594,3903.027437,2.0014970000001995,39.137151241010564,33.3625,45.137499999999996,1,1,1,1,2043,80,80,2043.0,80.0,2043.0,2043,80,78.33289079743554,47036.293334434486
4352,0,2129,6,6,3453228,3455254,3903.027437,3905.027926,2.000489000000016,39.3319431643724,33.3625,45.137499999999996,1,1,1,1,2026,80,80,2027.0,80.0,2026.0,2026,80,78.6831196489511,46416.651128798636
4352,0,2130,6,6,3455254,3457332,3905.027926,3907.030193,2.002266999999847,39.10812321976382,33.3625,45.137499999999996,1,1,1,1,2078,80,80,2081.0,80.0,2078.0,2078,80,78.30490455485415,46291.528552389405
4352,0,2131,6,6,3457332,3458000,3907.030193,3907.647645,0.6174519999999575,39.28835599264684,33.3625,45.137499999999996,1,1,1,1,668,25,25,668.0,25.0,668.0,668,25,24.258673984368215,47969.72072323361
4352,0,2132,6,6,3458000,3460240,3907.647645,3909.648012,2.0003670000000966,39.45330397366319,33.3625,45.137499999999996,1,1,1,1,2240,80,80,2242.0,80.0,2240.0,2240,80,78.92108730989276,47538.27672621844
4352,0,2133,6,6,3460240,3462288,3909.648012,3911.648793,2.0007809999997335,39.412213795340485,33.3625,45.137499999999996,1,1,1,1,2048,80,80,2050.0,80.0,2048.0,2048,80,78.85520852963964,46222.45013322913
4352,0,2134,6,6,3462288,3464469,3911.648793,3913.648988,2.000195000000076,39.35665864143169,33.3625,45.137499999999996,1,1,1,1,2181,80,80,2181.0,80.0,2181.0,2181,80,78.72099183130194,47665.35262811695
4352,0,2135,6,6,3464469,3466524,3913.648988,3915.649082,2.00009399999999,39.39682360541245,33.3625,45.137499999999996,1,1,1,1,2055,79,79,2055.0,79.0,2055.0,2055,79,78.79735051223543,46447.81695260346
4352,0,2136,6,6,3466524,3468596,3915.649082,3917.650234,2.0011520000002747,39.24311017755602,33.3625,45.137499999999996,1,1,1,1,2072,80,80,2074.0,80.0,2072.0,2072,80,78.53142841803492,45593.73800690176
4352,0,2137,6,6,3468596,3470584,3917.650234,3919.65062,2.0003859999997076,38.96235157249791,33.3625,45.137499999999996,1,1,1,1,1988,80,80,1989.0,80.0,1988.0,1988,80,77.93974261268158,45746.67089252443
4352,0,2138,6,6,3470584,3471000,3919.65062,3920.044651,0.39403100000026825,39.127070280423354,33.3625,45.137499999999996,1,1,1,1,416,16,16,416.0,16.0,416.0,416,16,15.417278629669454,47567.323383153205
4352,0,2139,6,6,3471000,3473013,3920.044651,3922.045452,2.000800999999683,39.20210059232321,33.3625,45.137499999999996,1,1,1,1,2013,80,80,2015.0,80.0,2013.0,2013,80,78.43560206721304,45788.66164102003
4352,0,2140,6,6,3473013,3475050,3922.045452,3924.045487,2.0000350000000253,39.22021936487481,33.3625,45.137499999999996,1,1,1,1,2037,80,80,2037.0,80.0,2037.0,2037,80,78.44181143742753,45869.19728904686
4352,0,2141,6,6,3475050,3477144,3924.045487,3926.045498,2.000011000000086,38.69229632173192,33.3625,45.137499999999996,1,1,1,1,2094,80,80,2094.0,80.0,2094.0,2094,80,77.38501825873391,45654.748898879094
4352,0,2142,6,6,3477144,3479213,3926.045498,3928.047124,2.001626000000215,39.07920027912794,33.3625,45.137499999999996,1,1,1,1,2069,80,80,2071.0,80.0,2069.0,2069,80,78.22194333790685,45645.889891513296
4352,0,2143,6,6,3479213,3481351,3928.047124,3930.04768,2.0005559999999605,39.11505195512169,33.3625,45.137499999999996,1,1,1,1,2138,80,80,2139.0,80.0,2138.0,2138,80,78.25185187911848,46297.129398028264
4352,0,2144,6,6,3481351,3483338,3930.04768,3932.048626,2.000945999999658,39.29217543945251,33.3625,45.137499999999996,1,1,1,1,1987,80,80,1988.0,80.0,1987.0,1987,80,78.6215212768584,45114.16100185384
4352,0,2145,6,6,3483338,3484000,3932.048626,3932.724176,0.6755500000003849,39.03600905089673,33.3625,45.137499999999996,1,1,1,1,662,27,27,663.0,27.0,662.0,662,27,26.37077591434354,45478.49900078824
4352,0,2146,6,6,3484000,3486093,3932.724176,3934.724918,2.0007419999997182,39.249966997166716,33.3625,45.137499999999996,1,1,1,1,2093,80,80,2094.0,80.0,2093.0,2093,80,78.52905746983015,47075.03516196155
4352,0,2147,6,6,3486093,3488144,3934.724918,3936.725446,2.000528000000031,39.015852310144254,33.3625,45.137499999999996,1,1,1,1,2051,80,80,2052.0,80.0,2051.0,2051,80,78.05230499029858,45522.98193276904
4352,0,2148,6,6,3488144,3490155,3936.725446,3938.725416,1.9999700000003031,39.15115227874019,33.3625,45.137499999999996,1,1,1,1,2011,79,79,2011.0,79.0,2011.0,2011,79,78.30113002291182,45257.678865176116
4352,0,2149,6,6,3490155,3492240,3938.725416,3940.726786,2.0013699999999517,39.38729080249812,33.3625,45.137499999999996,1,1,1,1,2085,80,80,2086.0,80.0,2085.0,2085,80,78.82854219339788,45730.17483024239
4352,0,2150,6,6,3492240,3494290,3940.726786,3942.726761,1.999974999999722,39.432500514108085,33.3625,45.137499999999996,1,1,1,1,2050,80,80,2050.0,80.0,2050.0,2050,80,78.86401521568769,46969.087113595444
4352,0,2151,6,6,3494290,3496363,3942.726761,3944.7291,2.00233900000012,39.93715831678055,33.3625,45.137499999999996,1,1,1,1,2073,79,79,2078.0,80.0,2073.0,2073,79,79.96772964685806,46481.140306408866
4352,0,2152,6,6,3496363,3497000,3944.7291,3945.335428,0.6063279999998485,40.016643017723226,33.3625,45.137499999999996,1,1,1,1,637,25,25,639.0,25.0,637.0,637,25,24.26321112763253,47020.75444315143
4352,0,2153,6,6,3497000,3499123,3945.335428,3947.33624,2.0008120000002236,39.78094663640101,33.3625,45.137499999999996,1,1,1,1,2123,79,79,2124.0,80.0,2123.0,2123,80,79.59419540147064,47008.914380756156
4352,0,2154,6,6,3499123,3501190,3947.33624,3949.336358,2.0001179999999295,39.376035519855485,33.3625,45.137499999999996,1,1,1,1,2067,80,80,2069.0,79.0,2068.0,2067,79,78.75671741188853,46557.25312206744
4352,0,2155,6,6,3501190,3503327,3949.336358,3951.337831,2.0014729999998053,39.714561252368576,33.3625,45.137499999999996,1,1,1,1,2137,80,80,2136.0,80.0,2136.0,2137,80,79.48762205344974,47252.6983876421
4352,0,2156,6,6,3503327,3505406,3951.337831,3953.338519,2.000688000000082,39.53038743981068,33.3625,45.137499999999996,1,1,1,1,2079,80,80,2079.0,80.0,2079.0,2079,80,79.0879717861826,45797.245747461
4352,0,2157,6,6,3505406,3507464,3953.338519,3955.339283,2.00076399999989,39.62154295946318,33.3625,45.137499999999996,1,1,1,1,2058,80,80,2059.0,80.0,2058.0,2058,80,79.27335677773226,46808.61910750351
4352,0,2158,6,6,3507464,3509567,3955.339283,3957.339904,2.0006210000001374,39.57607997243,33.3625,45.137499999999996,1,1,1,1,2103,80,80,2103.0,80.0,2103.0,2103,80,79.17673669054057,46720.49328683123
4352,0,2159,6,6,3509567,3510000,3957.339904,3957.736095,0.39619100000027174,39.74904146778356,33.3625,45.137499999999996,1,1,1,1,433,16,16,433.0,16.0,433.0,433,16,15.748212488164427,48360.51298486553
4352,0,2160,6,6,3510000,3512085,3957.736095,3959.736786,2.0006909999997333,39.54662999919257,33.3625,45.137499999999996,1,1,1,1,2085,80,80,2087.0,80.0,2085.0,2085,80,79.12058671971317,47104.22549009945
4352,0,2161,6,6,3512085,3514158,3959.736786,3961.738331,2.0015450000000783,39.47090714326749,33.3625,45.137499999999996,1,1,1,1,2073,80,80,2074.0,80.0,2073.0,2073,80,79.00279683806002,46589.50960382922
4352,0,2162,6,6,3514158,3516325,3961.738331,3963.738809,2.00047799999993,39.886209565509894,33.3625,45.137499999999996,1,1,1,1,2167,80,80,2167.0,80.0,2167.0,2167,80,79.79148473919486,47497.148181586264
4352,0,2163,6,6,3516325,3518426,3963.738809,3965.738852,2.000043000000005,39.93469830077709,33.3625,45.137499999999996,1,1,1,1,2101,80,80,2102.0,80.0,2101.0,2101,80,79.8711137935752,46354.00338892702
4352,0,2164,6,6,3518426,3520514,3965.738852,3967.739419,2.0005670000000464,39.27708223972346,33.3625,45.137499999999996,1,1,1,1,2088,80,80,2088.0,80.0,2088.0,2088,80,78.57643458509119,46185.906295564135
4352,0,2165,6,6,3520514,3522645,3967.739419,3969.741817,2.0023980000000847,39.924747187690976,33.3625,45.137499999999996,1,1,1,1,2131,80,80,2131.0,80.0,2131.0,2131,80,79.9452339191339,47254.84144510532
4352,0,2166,6,6,3522645,3523000,3969.741817,3970.056443,0.31462599999986196,39.68072773308083,33.3625,45.137499999999996,1,1,1,1,355,12,12,355.0,12.0,355.0,355,12,12.484588643739698,49763.84659884075
4352,0,2167,6,6,3523000,3525040,3970.056443,3972.057003,2.0005599999999504,39.49654906462695,33.3625,45.137499999999996,1,1,1,1,2040,80,80,2042.0,80.0,2040.0,2040,80,79.01521619674168,45746.690926541705
4352,0,2168,6,6,3525040,3527114,3972.057003,3974.057414,2.0004109999999855,39.341074304145856,33.3625,45.137499999999996,1,1,1,1,2074,80,80,2074.0,80.0,2074.0,2074,80,78.69831778982189,46779.88673327665
4352,0,2169,6,6,3527114,3529278,3974.057414,3976.057567,2.0001529999999548,39.155037429415586,33.3625,45.137499999999996,1,1,1,1,2164,80,80,2164.0,80.0,2164.0,2164,80,78.31606557956547,47410.37310645843
4352,0,2170,6,6,3529278,3531383,3976.057567,3978.057838,2.000271000000339,39.50003996969988,33.3625,45.137499999999996,1,1,1,1,2105,80,80,2105.0,80.0,2105.0,2105,80,79.01078445024905,46728.66826544211
4352,0,2171,6,6,3531383,3533456,3978.057838,3980.058984,2.0011459999996077,39.25483882554234,33.3625,45.137499999999996,1,1,1,1,2073,80,80,2074.0,80.0,2073.0,2073,80,78.55466369635542,46459.87848963455
4352,0,2172,6,6,3533456,3535508,3980.058984,3982.059977,2.0009930000001077,39.34541374267068,33.3625,45.137499999999996,1,1,1,1,2052,80,80,2052.0,80.0,2052.0,2052,80,78.72989748118562,45786.76687024646
4352,0,2173,6,6,3535508,3536000,3982.059977,3982.557965,0.4979880000000776,39.073308921948026,33.3625,45.137499999999996,1,1,1,1,492,20,20,494.0,20.0,492.0,492,20,19.458038963435683,45408.724708218826
4352,0,2174,6,6,3536000,3538025,3982.557965,3984.558213,2.0002479999998286,38.99649068669512,33.3625,45.137499999999996,1,1,1,1,2025,80,80,2030.0,80.0,2025.0,2025,80,78.00265250308439,45556.35101247836
4352,0,2175,6,6,3538025,3539965,3984.558213,3986.562055,2.003842000000077,39.37221766508113,33.3625,45.137499999999996,1,1,1,1,1940,80,80,1942.0,80.0,1940.0,1940,80,78.8957033904444,45985.661544171875
4352,0,2176,6,6,3539965,3542094,3986.562055,3988.562269,2.000214000000142,39.36904965329107,33.3625,45.137499999999996,1,1,1,1,2129,80,80,2130.0,80.0,2129.0,2129,80,78.74652428322588,47635.90295838007
4352,0,2177,6,6,3542094,3544045,3988.562269,3990.562626,2.0003569999998945,38.80664269871295,33.3625,45.137499999999996,1,1,1,1,1951,79,79,1952.0,80.0,1951.0,1951,79,77.6271393688512,45065.4558161392
4352,0,2178,6,6,3544045,3546088,3990.562626,3992.562667,2.0000410000002375,39.22974051257181,33.3625,45.137499999999996,1,1,1,1,2043,79,79,2044.0,80.0,2043.0,2043,80,78.46108944452135,45631.064563171036
4352,0,2179,6,6,3546088,3548168,3992.562667,3994.562791,2.000123999999687,38.42125172818398,33.3625,45.137499999999996,1,1,1,1,2080,80,80,2081.0,79.0,2080.0,2080,79,76.84726769156987,46000.64795983369
4352,0,2180,6,6,3548168,3549000,3994.562791,3995.421031,0.8582400000000234,38.483479216137916,33.3625,45.137499999999996,1,1,1,1,832,35,35,832.0,35.0,832.0,832,35,33.028061202465324,44341.90902311587
4352,0,2181,6,6,3549000,3550975,3995.421031,3997.421121,2.00009,38.79309465199313,33.3625,45.137499999999996,1,1,1,1,1975,80,80,1982.0,80.0,1975.0,1975,80,77.58968068251852,45431.4555844987
4352,0,2182,6,6,3550975,3553007,3997.421121,3999.421804,2.0006830000002083,38.887639743744124,33.3625,45.137499999999996,1,1,1,1,2032,80,80,2032.0,80.0,2032.0,2032,80,77.80183974542888,45254.54557268222
4352,0,2183,6,6,3553007,3555059,3999.421804,4001.422742,2.000938000000133,38.557186294192526,33.3625,45.137499999999996,1,1,1,1,2052,79,79,2052.0,80.0,2052.0,2052,80,77.15053922912921,45583.621281615895
4352,0,2184,6,6,3555059,3557179,4001.422742,4003.423622,2.000879999999597,38.88205925456931,33.3625,45.137499999999996,1,1,1,1,2120,80,80,2122.0,79.0,2121.0,2120,79,77.79833472127211,45159.12998281665
4352,0,2185,6,6,3557179,3559242,4003.423622,4005.42437,2.000748000000385,38.64290795525155,33.3625,45.137499999999996,1,1,1,1,2063,80,80,2063.0,80.0,2062.0,2063,80,77.31472080567619,45768.38262488948
4352,0,2186,6,6,3559242,3561265,4005.42437,4007.426615,2.002244999999675,38.987607076635356,33.3625,45.137499999999996,1,1,1,1,2023,80,80,2023.0,80.0,2023.0,2023,80,78.06274133114493,45002.4847109193
4352,0,2187,6,6,3561265,3562000,4007.426615,4008.173299,0.7466840000001866,38.94753285509635,33.3625,45.137499999999996,1,1,1,1,735,30,30,737.0,30.0,735.0,735,30,29.081499622378033,45624.38729099791
4352,0,2188,6,6,3562000,3564094,4008.173299,4010.174614,2.001314999999977,39.050828107038775,33.3625,45.137499999999996,1,1,1,1,2094,80,80,2097.0,80.0,2094.0,2094,80,78.15300805305014,46004.751875642294
4352,0,2189,6,6,3564094,3566139,4010.174614,4012.174594,1.9999800000000505,39.16075230461491,33.3625,45.137499999999996,1,1,1,1,2045,80,80,2045.0,80.0,2045.0,2045,80,78.32072139417869,46182.96182961713
4352,0,2190,6,6,3566139,3568153,4012.174594,4014.17711,2.002516000000014,38.61307042396884,33.3625,45.137499999999996,1,1,1,1,2014,80,80,2016.0,80.0,2014.0,2014,80,77.32329133313033,46211.86547323434
4352,0,2191,6,6,3568153,3570242,4014.17711,4016.177205,2.000094999999874,38.20107044993752,33.3625,45.137499999999996,1,1,1,1,2089,80,80,2093.0,80.0,2089.0,2089,80,76.40577000155463,45206.352698249684
4352,0,2192,6,6,3570242,3572293,4016.177205,4018.1777,2.000495000000228,38.63803062211498,33.3625,45.137499999999996,1,1,1,1,2051,80,80,2051.0,80.0,2051.0,2051,80,77.29518706939416,45835.15579893453
4352,0,2193,6,6,3572293,3574325,4018.1777,4020.180306,2.0026060000000143,38.824934317523656,33.3625,45.137499999999996,1,1,1,1,2032,80,80,2034.0,80.0,2032.0,2032,80,77.75104641387588,45991.0736310584
4352,0,2194,6,6,3574325,3575000,4020.180306,4020.869865,0.6895589999999174,38.481827013033296,33.3625,45.137499999999996,1,1,1,1,675,27,27,685.0,28.0,675.0,675,28,26.535490153270075,46148.335385375016
4352,0,2195,6,6,3575000,3577021,4020.869865,4022.870146,2.0002810000000864,38.5998448659543,33.3625,45.137499999999996,1,1,1,1,2021,80,80,2024.0,79.0,2021.0,2021,79,77.21053628833033,44663.72474667116
4352,0,2196,6,6,3577021,3579162,4022.870146,4024.871597,2.0014509999996335,38.814273733472525,33.3625,45.137499999999996,1,1,1,1,2141,80,80,2141.0,80.0,2141.0,2141,80,77.6848669781175,47183.76817619681
4352,0,2197,6,6,3579162,3581222,4024.871597,4026.87221,2.0006130000001576,38.54956453694926,33.3625,45.137499999999996,1,1,1,1,2060,80,80,2060.0,80.0,2060.0,2060,80,77.12275995695381,46443.76498602812
4352,0,2198,6,6,3581222,3583309,4026.87221,4028.872317,2.0001069999998435,38.41433520365415,33.3625,45.137499999999996,1,1,1,1,2087,79,79,2088.0,80.0,2087.0,2087,79,76.83278074115515,45888.044989596645
4352,0,2199,6,6,3583309,3585350,4028.872317,4030.873126,2.0008090000001175,38.9906098629117,33.3625,45.137499999999996,1,1,1,1,2041,80,80,2042.0,80.0,2041.0,2041,80,78.01276312919799,45521.58651825069
4352,0,2200,6,6,3585350,3587400,4030.873126,4032.876409,2.0032830000000104,38.99137949119229,33.3625,45.137499999999996,1,1,1,1,2050,80,80,2052.0,80.0,2050.0,2050,80,78.11076768126804,46589.024116911845
4352,0,2201,6,6,3587400,3588000,4032.876409,4033.449017,0.5726079999999456,39.020305654413804,33.3625,45.137499999999996,1,1,1,1,600,23,23,600.0,23.0,600.0,600,23,22.343339180166367,45516.30434783041
4352,0,2202,6,6,3588000,3589997,4033.449017,4035.449184,2.000167000000147,39.07188114244609,33.3625,45.137499999999996,1,1,1,1,1997,80,80,2003.0,80.0,1997.0,1997,80,78.150287289056,46199.14237160858
4352,0,2203,6,6,3589997,3592046,4035.449184,4037.449864,2.000680000000102,39.15269050889905,33.3625,45.137499999999996,1,1,1,1,2049,80,80,2051.0,80.0,2049.0,2049,80,78.33200484735426,45171.14181178169
4352,0,2204,6,6,3592046,3594123,4037.449864,4039.450609,2.0007449999998244,39.075960514756474,33.3625,45.137499999999996,1,1,1,1,2077,80,80,2080.0,80.0,2077.0,2077,80,78.18103262007935,45801.43896398994
4352,0,2205,6,6,3594123,3596231,4039.450609,4041.45092,2.000311000000238,39.34329192996852,33.3625,45.137499999999996,1,1,1,1,2108,80,80,2108.0,80.0,2108.0,2108,80,78.6988196237362,46159.32222538846
4352,0,2206,6,6,3596231,3598255,4041.45092,4043.451271,2.0003509999996822,39.04918758286099,33.3625,45.137499999999996,1,1,1,1,2024,80,80,2024.0,80.0,2024.0,2024,80,78.11208143056137,46064.91560731823
4352,0,2207,6,6,3598255,3600336,4043.451271,4045.453305,2.0020340000000942,39.19124287725385,33.3625,45.137499999999996,1,1,1,1,2081,80,80,2082.0,80.0,2081.0,2081,80,78.46220074253506,46206.00848936414
4352,0,2208,6,6,3600336,3601000,4045.453305,4046.14664,0.6933349999999336,38.6966516146996,33.3625,45.137499999999996,1,1,1,1,664,27,27,664.0,27.0,664.0,664,27,26.82974294727319,45826.332148244415
4352,0,2209,6,6,3601000,3603094,4046.14664,4048.147315,2.0006750000002285,38.8120671941197,33.3625,45.137499999999996,1,1,1,1,2094,79,79,2096.0,80.0,2094.0,2094,79,77.65033253360889,45572.11940969402
4352,0,2210,6,6,3603094,3605110,4048.147315,4050.150117,2.002801999999974,38.82515960763695,33.3625,45.137499999999996,1,1,1,1,2016,80,80,2016.0,80.0,2016.0,2016,80,77.7591073125077,45721.4442565971
4352,0,2211,6,6,3605110,3607182,4050.150117,4052.150603,2.00048599999991,38.98130037687461,33.3625,45.137499999999996,1,1,1,1,2072,80,80,2073.0,80.0,2072.0,2072,80,77.98154566573794,45738.38557230799
4352,0,2212,6,6,3607182,3609151,4052.150603,4054.151427,2.0008239999997386,39.01635806948326,33.3625,45.137499999999996,1,1,1,1,1969,80,80,1970.0,80.0,1969.0,1969,80,78.06486561801285,44051.85063754309
4352,0,2213,6,6,3609151,3611233,4054.151427,4056.152797,2.0013700000004064,38.74966359879731,33.3625,45.137499999999996,1,1,1,1,2082,80,80,2085.0,80.0,2082.0,2082,80,77.55241423673579,46112.412997087624
4352,0,2214,6,6,3611233,3613355,4056.152797,4058.153786,2.000988999999663,38.84714513367966,33.3625,45.137499999999996,1,1,1,1,2122,80,80,2123.0,80.0,2122.0,2122,80,77.73271009387099,46527.49215513712
4352,0,2215,6,6,3613355,3614000,4058.153786,4058.750685,0.5968990000001213,38.63647148891972,33.3625,45.137499999999996,1,1,1,1,645,24,24,645.0,24.0,645.0,645,24,23.062071195279714,46461.79671936854
4352,0,2216,6,6,3614000,3616035,4058.750685,4060.750898,2.0002129999998033,38.5016509395533,33.3625,45.137499999999996,1,1,1,1,2035,80,80,2038.0,80.0,2035.0,2035,80,77.01150273074745,46040.09672970282
4352,0,2217,6,6,3616035,3618103,4060.750898,4062.751659,2.0007610000002387,38.98430159249544,33.3625,45.137499999999996,1,1,1,1,2068,80,80,2068.0,80.0,2068.0,2068,80,77.99827023851685,46073.96885484523
4352,0,2218,6,6,3618103,3620175,4062.751659,4064.751758,2.0000989999998637,39.32691556947942,33.3625,45.137499999999996,1,1,1,1,2072,80,80,2072.0,80.0,2072.0,2072,80,78.65772450360237,46706.688018946246
4352,0,2219,6,6,3620175,3622307,4064.751758,4066.75202,2.0002620000000206,39.522720919828764,33.3625,45.137499999999996,1,1,1,1,2132,79,79,2134.0,80.0,2132.0,2132,79,79.05579679252696,47311.30221940877
4352,0,2220,6,6,3622307,3624421,4066.75202,4068.753175,2.001154999999926,39.82925056388085,33.3625,45.137499999999996,1,1,1,1,2114,80,80,2115.0,80.0,2114.0,2114,80,79.70450391215854,47202.24070599403
4352,0,2221,6,6,3624421,3626510,4068.753175,4070.755584,2.0024090000001706,39.76914662759141,33.3625,45.137499999999996,1,1,1,1,2089,80,80,2090.0,80.0,2089.0,2089,80,79.63409712942666,46920.48427668473
4352,0,2222,6,6,3626510,3627000,4070.755584,4071.207307,0.4517230000001291,39.25938427639884,33.3625,45.137499999999996,1,1,1,1,490,18,18,490.0,18.0,490.0,490,18,17.734366843505995,46371.338187327216
4352,0,2223,6,6,3627000,3629041,4071.207307,4073.208499,2.001191999999719,39.435347844975,33.3625,45.137499999999996,1,1,1,1,2041,80,80,2042.0,80.0,2041.0,2041,80,78.9177026245743,46581.23758240743
4352,0,2224,6,6,3629041,3631115,4073.208499,4075.209202,2.0007030000001578,39.38572311728961,33.3625,45.137499999999996,1,1,1,1,2074,80,80,2074.0,80.0,2074.0,2074,80,78.79913439793745,46734.57279765794
4352,0,2225,6,6,3631115,3633163,4075.209202,4077.209177,1.9999750000001768,39.48928980372978,33.3625,45.137499999999996,1,1,1,1,2048,80,80,2048.0,80.0,2048.0,2048,80,78.97759237521677,46204.0775509653
4352,0,2226,6,6,3633163,3635266,4077.209177,4079.211198,2.002020999999786,39.52990584909753,33.3625,45.137499999999996,1,1,1,1,2103,79,79,2105.0,80.0,2103.0,2103,80,79.13970163790509,46781.22756954598
4352,0,2227,6,6,3635266,3637426,4079.211198,4081.213474,2.0022760000001654,39.75767259488364,33.3625,45.137499999999996,1,1,1,1,2160,80,80,2162.0,80.0,2161.0,2160,80,79.6058336526039,47465.4842788867
4352,0,2228,6,6,3637426,3639485,4081.213474,4083.21376,2.00028599999996,39.35524153223202,33.3625,45.137499999999996,1,1,1,1,2059,80,80,2060.0,79.0,2058.0,2059,79,78.72173866353114,46264.38419306132
4352,0,2229,6,6,3639485,3640000,4083.21376,4083.723626,0.5098659999998745,39.35937080954414,33.3625,45.137499999999996,1,1,1,1,515,21,21,515.0,21.0,515.0,515,21,20.06800495716743,47802.7560182597
4352,0,2230,6,6,3640000,3642119,4083.723626,4085.724038,2.0004119999998693,39.51445862879814,33.3625,45.137499999999996,1,1,1,1,2119,80,80,2123.0,80.0,2119.0,2119,80,79.0451972145529,47042.30928429051
4352,0,2231,6,6,3642119,3644218,4085.724038,4087.724837,2.00079900000037,39.4562841750254,33.3625,45.137499999999996,1,1,1,1,2099,80,80,2100.0,80.0,2099.0,2099,80,78.94409392113448,46120.075030016975
4352,0,2232,6,6,3644218,3646314,4087.724837,4089.725166,2.000328999999965,39.616105065430354,33.3625,45.137499999999996,1,1,1,1,2096,80,80,2098.0,80.0,2096.0,2096,80,79.24524382941308,47100.75192630894
4352,0,2233,6,6,3646314,3648446,4089.725166,4091.725427,2.000260999999682,39.799561808904315,33.3625,45.137499999999996,1,1,1,1,2132,79,79,2132.0,80.0,2132.0,2132,80,79.60951130342437,47609.286988055625
4352,0,2234,6,6,3648446,3650442,4091.725427,4093.726812,2.0013850000000275,39.3654947879504,33.3625,45.137499999999996,1,1,1,1,1996,80,80,1996.0,79.0,1996.0,1996,79,78.78551078616874,46590.73591537796
4352,0,2235,6,6,3650442,3652515,4093.726812,4095.727629,2.0008170000000973,39.349743201172686,33.3625,45.137499999999996,1,1,1,1,2073,80,80,2074.0,80.0,2073.0,2073,80,78.7316351425543,46451.02475638476
4352,0,2236,6,6,3652515,3653000,4095.727629,4096.216399,0.4887699999999313,39.48383688793917,33.3625,45.137499999999996,1,1,1,1,485,20,20,485.0,20.0,485.0,485,20,19.298514955706196,45714.75336048272
4352,0,2237,6,6,3653000,3655079,4096.216399,4098.217521,2.0011219999996683,39.63989931762513,33.3625,45.137499999999996,1,1,1,1,2079,80,80,2081.0,80.0,2079.0,2079,80,79.32427460225881,46702.3000097023
4352,0,2238,6,6,3655079,3657107,4098.217521,4100.218089,2.000568000000385,39.7650974881732,33.3625,45.137499999999996,1,1,1,1,2028,80,80,2029.0,80.0,2028.0,2028,80,79.5527815517271,46207.37710489332
4352,0,2239,6,6,3657107,3659098,4100.218089,4102.21955,2.0014609999998356,39.229011581482865,33.3625,45.137499999999996,1,1,1,1,1991,80,80,1992.0,80.0,1991.0,1991,80,78.51533674888196,45956.928463760996
4352,0,2240,6,6,3659098,3661190,4102.21955,4104.220742,2.0011920000006285,39.010364082034194,33.3625,45.137499999999996,1,1,1,1,2092,80,80,2092.0,80.0,2092.0,2092,80,78.06722851807717,45814.19473992061
4352,0,2241,6,6,3661190,3663186,4104.220742,4106.221556,2.000813999999991,38.81584188910237,33.3625,45.137499999999996,1,1,1,1,1996,80,80,1996.0,80.0,1996.0,1996,80,77.6632798734936,45557.95791113037
4352,0,2242,6,6,3663186,3665337,4106.221556,4108.221885,2.0003289999995104,38.79890074385678,33.3625,45.137499999999996,1,1,1,1,2151,80,80,2151.0,80.0,2151.0,2151,80,77.61056632603868,45236.05866836013
4352,0,2243,6,6,3665337,3666000,4108.221885,4108.870952,0.6490670000002865,38.95053700438137,33.3625,45.137499999999996,1,1,1,1,663,26,26,664.0,26.0,663.0,663,26,25.281508201820543,45924.38068795185
4352,0,2244,6,6,3666000,3668074,4108.870952,4110.871436,2.0004840000001423,38.9618586156452,33.3625,45.137499999999996,1,1,1,1,2074,79,79,2078.0,79.0,2074.0,2074,79,77.94257477085921,46343.28492504484
4352,0,2245,6,6,3668074,3670215,4110.871436,4112.871958,2.000521999999364,39.25967924009004,33.3625,45.137499999999996,1,1,1,1,2141,80,80,2141.0,80.0,2141.0,2141,80,78.53985203272896,46331.40750265653
4352,0,2246,6,6,3670215,3672245,4112.871958,4114.872255,2.0002970000005007,38.65590105867065,33.3625,45.137499999999996,1,1,1,1,2030,80,80,2030.0,80.0,2030.0,2030,80,77.32328291996964,45827.194661581285
4352,0,2247,6,6,3672245,3674305,4114.872255,4116.872865,2.0006100000000515,38.75071733370259,33.3625,45.137499999999996,1,1,1,1,2060,80,80,2061.0,80.0,2060.0,2060,80,77.52507260497077,45964.980680891145
4352,0,2248,6,6,3674305,3676263,4116.872865,4118.87415,2.0012849999993705,38.5470457100247,33.3625,45.137499999999996,1,1,1,1,1958,80,80,1958.0,80.0,1958.0,1958,80,77.14362437376985,44195.60432423559
4352,0,2249,6,6,3676263,3678241,4118.87415,4120.876337,2.002187000000049,39.16957933377947,33.3625,45.137499999999996,1,1,1,1,1978,80,80,1979.0,80.0,1978.0,1978,80,78.42482253757771,45767.95274367367
4352,0,2250,6,6,3678241,3679000,4120.876337,4121.599693,0.7233560000004218,38.72679500458425,33.3625,45.137499999999996,1,1,1,1,759,29,29,759.0,29.0,759.0,759,29,28.013259527360788,46405.91907716315
4352,0,2251,6,6,3679000,3681057,4121.599693,4123.601427,2.0017339999994874,39.022601125059595,33.3625,45.137499999999996,1,1,1,1,2057,80,80,2058.0,80.0,2057.0,2057,80,78.11286744044628,45144.359840030265
4352,0,2252,6,6,3681057,3683018,4123.601427,4125.601544,2.0001170000005004,38.816225403924975,33.3625,45.137499999999996,1,1,1,1,1961,80,80,1961.0,80.0,1961.0,1961,80,77.63699230624479,45249.85288359499
4352,0,2253,6,6,3683018,3685000,4125.601544,4127.602014,2.0004699999999502,38.837068158734624,33.3625,45.137499999999996,1,1,1,1,1982,80,80,1982.0,80.0,1982.0,1982,80,77.69238973950269,46211.64026453898
4352,0,2254,6,6,3685000,3686998,4127.602014,4129.602127,2.0001130000000558,38.526384674655034,33.3625,45.137499999999996,1,1,1,1,1998,80,80,1999.0,80.0,1998.0,1998,80,77.05712283076718,46035.39899995522
4352,0,2255,6,6,3686998,3688970,4129.602127,4131.602452,2.0003249999999753,38.56883924670093,33.3625,45.137499999999996,1,1,1,1,1972,80,80,1972.0,80.0,1972.0,1972,80,77.15021336617065,45144.16407333864
4352,0,2256,6,6,3688970,3691066,4131.602452,4133.602914,2.0004619999999704,38.48589196266668,33.3625,45.137499999999996,1,1,1,1,2096,80,80,2097.0,80.0,2096.0,2096,80,76.98956440741313,46562.24412160859
4352,0,2257,6,6,3691066,3692000,4133.602914,4134.482825,0.8799109999999928,38.87961729199929,33.3625,45.137499999999996,1,1,1,1,934,35,35,934.0,35.0,934.0,934,35,34.21060293100891,46559.254288218166
4352,0,2258,6,6,3692000,3694075,4134.482825,4136.484307,2.001481999999669,39.1507707417398,33.3625,45.137499999999996,1,1,1,1,2075,80,80,2081.0,80.0,2075.0,2075,80,78.35956292570336,46406.113070222644
4352,0,2259,6,6,3694075,3696110,4136.484307,4138.48536,2.0010529999999562,38.56320884248442,33.3625,45.137499999999996,1,1,1,1,2035,80,80,2037.0,80.0,2035.0,2035,80,77.16702474388876,45559.51291645048
4352,0,2260,6,6,3696110,3698166,4138.48536,4140.485859,2.000499000000673,38.53971838531613,33.3625,45.137499999999996,1,1,1,1,2056,80,79,2056.0,80.0,2056.0,2056,79,77.09866809012601,45009.27018707318
4352,0,2261,6,6,3698166,3700224,4140.485859,4142.487817,2.0019579999998314,39.130629363413654,33.3625,45.137499999999996,1,1,1,1,2058,80,80,2059.0,80.0,2058.0,2058,80,78.33787649910664,46628.85035550589
4352,0,2262,6,6,3700224,3702268,4142.487817,4144.48855,2.0007329999998547,39.493254595122785,33.3625,45.137499999999996,1,1,1,1,2044,80,80,2044.0,80.0,2044.0,2044,80,79.0154577458452,47264.67749570126
4352,0,2263,6,6,3702268,3704315,4144.48855,4146.488787,2.0002370000001974,39.41381627338563,33.3625,45.137499999999996,1,1,1,1,2047,80,80,2047.0,80.0,2047.0,2047,80,78.83697362124803,46213.02375668027
4352,0,2264,6,6,3704315,3705000,4146.488787,4147.187682,0.6988949999995384,39.25714547208259,33.3625,45.137499999999996,1,1,1,1,685,27,27,686.0,27.0,685.0,685,27,27.43662268470507,47572.23903450727
4352,0,2265,6,6,3705000,3707083,4147.187682,4149.188416,2.000734000000193,39.00102213732366,33.3625,45.137499999999996,1,1,1,1,2083,79,79,2087.0,80.0,2083.0,2083,79,78.03067102489877,45940.6397851944
4352,0,2266,6,6,3707083,3709144,4149.188416,4151.191391,2.0029750000003332,39.08115359370299,33.3625,45.137499999999996,1,1,1,1,2061,80,80,2062.0,80.0,2061.0,2061,80,78.2785736193473,45694.52938752844
4352,0,2267,6,6,3709144,3711227,4151.191391,4153.192662,2.001271000000088,38.877832335683806,33.3625,45.137499999999996,1,1,1,1,2083,80,80,2083.0,80.0,2083.0,2083,80,77.80507839628262,46209.13409528042
4352,0,2268,6,6,3711227,3713459,4153.192662,4155.193458,2.0007959999993545,39.14975464044988,33.3625,45.137499999999996,1,1,1,1,2232,80,80,2233.0,80.0,2232.0,2232,80,78.33067248557927,47857.95253490655
4352,0,2269,6,6,3713459,3715614,4155.193458,4157.193838,2.000380000000405,39.27323511668389,33.3625,45.137499999999996,1,1,1,1,2155,80,80,2155.0,80.0,2155.0,2155,80,78.56139406273724,46925.58413900409
4352,0,2270,6,6,3715614,3717579,4157.193838,4159.193891,2.0000529999997525,39.44779788995138,33.3625,45.137499999999996,1,1,1,1,1965,80,80,1965.0,80.0,1965.0,1965,80,78.8976865131699,46105.77819688349
4352,0,2271,6,6,3717579,3718000,4159.193891,4159.61312,0.41922900000008667,38.842587113245024,33.3625,45.137499999999996,1,1,1,1,421,17,17,421.0,17.0,421.0,421,17,16.28393895289628,46595.05902501011
4352,0,2272,6,6,3718000,3720016,4159.61312,4161.613695,2.000575000000026,38.995252209003155,33.3625,45.137499999999996,1,1,1,1,2016,80,80,2018.0,80.0,2016.0,2016,80,78.01292668803944,45889.80668057873
4352,0,2273,6,6,3720016,3722107,4161.613695,4163.613676,1.9999809999999343,39.44519941726696,33.3625,45.137499999999996,1,1,1,1,2091,80,80,2091.0,80.0,2091.0,2091,80,78.88964937574929,46094.93790191158
4352,0,2274,6,7,3722107,3724171,4163.613676,4165.615377,2.001701000000139,33.82352467381916,33.3625,45.137499999999996,1,1,1,1,2064,80,80,2066.0,80.0,2064.0,2064,80,78.72013422308373,39829.062931750355
4352,0,2275,7,7,3724171,3726135,4165.615377,4167.615502,2.0001249999995707,39.046232626776344,33.3625,45.137499999999996,1,1,1,1,1964,80,80,1964.0,80.0,1964.0,1964,80,78.09734603262041,45742.141116190054
4352,0,2276,7,7,3726135,3728257,4167.615502,4169.61548,1.9999780000007377,39.652356543834905,33.3625,45.137499999999996,1,1,1,1,2122,80,80,2125.0,80.0,2122.0,2122,80,79.30384073586902,46170.5078755696
4352,0,2277,7,7,3728257,3730360,4169.61548,4171.616274,2.000793999999587,39.79973874338528,33.3625,45.137499999999996,1,1,1,1,2103,79,79,2105.0,80.0,2103.0,2103,80,79.63107847931678,46795.42221738936
4352,0,2278,7,7,3730360,3731000,4171.616274,4172.26538,0.649105999999847,39.43749545510034,33.3625,45.137499999999996,1,1,1,1,640,26,26,640.0,25.0,640.0,640,25,25.599114924872993,45898.512723664586
4352,0,2279,7,7,3731000,3733078,4172.26538,4174.265691,2.0003109999997832,39.19352882655929,33.3625,45.137499999999996,1,1,1,1,2078,79,79,2083.0,80.0,2078.0,2078,79,78.39924684056314,45686.89568772551
4352,0,2280,7,7,3733078,3735173,4174.265691,4176.267036,2.0013450000005832,38.913784291400034,33.3625,45.137499999999996,1,1,1,1,2095,80,80,2095.0,80.0,2095.0,2095,80,77.87990762270056,46350.82906743863
4352,0,2281,7,7,3735173,3737272,4176.267036,4178.26704,2.000003999999535,39.59818105976874,33.3625,45.137499999999996,1,1,1,1,2099,80,80,2099.0,80.0,2099.0,2099,80,79.19652051225421,45728.408543193545
4352,0,2282,7,7,3737272,3739431,4178.26704,4180.268001,2.0009610000006433,39.36775500757518,33.3625,45.137499999999996,1,1,1,1,2159,80,80,2160.0,80.0,2159.0,2159,80,78.77334242773941,46945.44271476046
4352,0,2283,7,7,3739431,3741483,4180.268001,4182.268022,2.0000209999998333,39.29655720062593,33.3625,45.137499999999996,1,1,1,1,2052,80,80,2054.0,80.0,2052.0,2052,80,78.59393962894683,46106.015886837034
4352,0,2284,7,7,3741483,3743501,4182.268022,4184.268399,2.0003769999993892,39.327467115432455,33.3625,45.137499999999996,1,1,1,1,2018,80,80,2018.0,80.0,2018.0,2018,80,78.66976068593794,46146.30142219601
4352,0,2285,7,7,3743501,3744000,4184.268399,4184.78077,0.5123710000007122,39.1302554474434,33.3625,45.137499999999996,1,1,1,1,499,20,20,500.0,20.0,499.0,499,20,20.049208113894565,46651.742584898
4352,0,2286,7,7,3744000,3746034,4184.78077,4186.782738,2.0019679999995788,38.87919723858226,33.3625,45.137499999999996,1,1,1,1,2034,79,79,2039.0,80.0,2034.0,2034,79,77.83490873730625,45132.090023426455
4352,0,2287,7,7,3746034,3748221,4186.782738,4188.782979,2.0002409999997326,39.35007978038076,33.3625,45.137499999999996,1,1,1,1,2187,80,80,2188.0,80.0,2187.0,2187,80,78.70964292998542,47374.791337650146
4352,0,2288,7,7,3748221,3750219,4188.782979,4190.783013,2.0000340000005963,39.413264668976794,33.3625,45.137499999999996,1,1,1,1,1998,80,80,1999.0,80.0,1998.0,1998,80,78.82786938897334,46120.21595631499
4352,0,2289,7,7,3750219,3752281,4190.783013,4192.782977,1.9999639999996361,39.17580851956722,33.3625,45.137499999999996,1,1,1,1,2062,80,80,2062.0,80.0,2062.0,2062,80,78.35020671001985,46153.83076896224
4352,0,2290,7,7,3752281,3754332,4192.782977,4194.784949,2.0019720000000234,39.19281501266631,33.3625,45.137499999999996,1,1,1,1,2051,80,80,2052.0,80.0,2051.0,2051,80,78.46291825652588,45881.26107657796
4352,0,2291,7,7,3754332,3756462,4194.784949,4196.788324,2.003375000000233,38.83075353609065,33.3625,45.137499999999996,1,1,1,1,2130,80,80,2132.0,80.0,2130.0,2130,80,77.79256086537498,46811.50558432101
4352,0,2292,7,7,3756462,3757000,4196.788324,4197.305008,0.5166840000001685,38.46036242607454,33.3625,45.137499999999996,1,1,1,1,538,21,21,539.0,21.0,538.0,538,21,19.871853899763664,45381.70332348661
4352,0,2293,7,7,3757000,3758974,4197.305008,4199.306795,2.0017870000001494,39.001636683499314,33.3625,45.137499999999996,1,1,1,1,1974,80,80,1975.0,80.0,1974.0,1974,80,78.07296929176664,44882.89713140973
4352,0,2294,7,7,3758974,3761038,4199.306795,4201.307995,2.0011999999996988,38.93549078430986,33.3625,45.137499999999996,1,1,1,1,2064,80,80,2064.0,80.0,2064.0,2064,80,77.91770415756037,45653.1081351258
4352,0,2295,7,7,3761038,3763056,4201.307995,4203.30829,2.0002949999998236,39.31808005099836,33.3625,45.137499999999996,1,1,1,1,2018,80,80,2020.0,80.0,2018.0,2018,80,78.64775893560727,45926.725807947376
4352,0,2296,7,7,3763056,3765124,4203.30829,4205.30847,2.0001800000000003,39.24041600348914,33.3625,45.137499999999996,1,1,1,1,2068,80,80,2068.0,80.0,2068.0,2068,80,78.48789528186899,46624.8037676609
4352,0,2297,7,7,3765124,3767146,4205.30847,4207.317263,2.0087929999999687,39.316162347558944,33.3625,45.137499999999996,1,1,1,1,2022,79,79,2028.0,80.0,2022.0,2022,79,78.97803171063424,46647.41464152925
4352,0,2298,7,7,3767146,3769289,4207.317263,4209.317599,2.000336000000061,39.313944278095725,33.3625,45.137499999999996,1,1,1,1,2143,80,80,2143.0,80.0,2143.0,2143,80,78.64109804146574,45930.28371233492
4352,0,2299,7,7,3769289,3770000,4209.317599,4210.041007,0.7234079999998357,39.263164363113894,33.3625,45.137499999999996,1,1,1,1,711,29,29,711.0,29.0,711.0,711,29,28.403287205583183,45564.88178179877
4352,0,2300,7,7,3770000,3771998,4210.041007,4212.041062,2.0000550000004296,39.0461858498141,33.3625,45.137499999999996,1,1,1,1,1998,80,80,2002.0,80.0,1998.0,1998,80,78.09451923987945,46244.728269962645
4352,0,2301,7,7,3771998,3773946,4212.041062,4214.043114,2.0020519999998214,38.87491966888249,33.3625,45.137499999999996,1,1,1,1,1948,80,80,1948.0,80.0,1948.0,1948,80,77.8296106729249,45406.41302024528
4352,0,2302,7,7,3773946,3775934,4214.043114,4216.045146,2.0020320000003267,39.532031811201165,33.3625,45.137499999999996,1,1,1,1,1988,79,79,1991.0,80.0,1988.0,1988,79,79.1443927110522,46374.38362622818
4352,0,2303,7,7,3775934,3778038,4216.045146,4218.04561,2.000463999999738,39.332744830087954,33.3625,45.137499999999996,1,1,1,1,2104,80,80,2105.0,80.0,2104.0,2104,80,78.68374005376245,46061.813659237094
4352,0,2304,7,7,3778038,3780123,4218.04561,4220.046352,2.000742000000173,38.9614421757424,33.3625,45.137499999999996,1,1,1,1,2085,79,79,2089.0,80.0,2085.0,2085,80,77.95179374158033,47181.99547967296
4352,0,2305,7,7,3780123,3782125,4220.046352,4222.048628,2.002275999999256,39.359667673090584,33.3625,45.137499999999996,1,1,1,1,2002,80,80,2003.0,80.0,2002.0,2002,80,78.80891794976196,45777.4053127711
4352,0,2306,7,7,3782125,3783000,4222.048628,4222.902096,0.8534680000002481,38.794031142695395,33.3625,45.137499999999996,1,1,1,1,875,35,35,875.0,34.0,875.0,875,34,33.10946417131345,46825.422862940824
4352,0,2307,7,7,3783000,3785094,4222.902096,4224.902713,2.0006170000006023,38.74428030933165,33.3625,45.137499999999996,1,1,1,1,2094,80,80,2096.0,80.0,2094.0,2094,80,77.51246583962347,45624.42486491543
4352,0,2308,7,7,3785094,3787161,4224.902713,4226.904151,2.0014379999993253,39.68349447599816,33.3625,45.137499999999996,1,1,1,1,2067,79,79,2068.0,80.0,2067.0,2067,80,79.42405381702702,46750.886112900596
4352,0,2309,7,7,3787161,3789226,4226.904151,4228.906426,2.002274999999827,39.19929866507414,33.3625,45.137499999999996,1,1,1,1,2065,80,80,2066.0,80.0,2065.0,2065,80,78.48777573459665,45537.20143337348
4352,0,2310,7,7,3789226,3791263,4228.906426,4230.906523,2.000097000000096,38.72304526162462,33.3625,45.137499999999996,1,1,1,1,2037,79,79,2039.0,79.0,2037.0,2037,78,77.44984665865195,46353.75184303339
4352,0,2311,7,7,3791263,3793360,4230.906523,4232.906575,2.0000520000003235,38.93558742610129,33.3625,45.137499999999996,1,1,1,1,2097,80,80,2097.0,80.0,2097.0,2097,80,77.87319950276287,45934.305708044165
4352,0,2312,7,7,3793360,3795427,4232.906575,4234.90672,2.000144999999975,38.95368657227021,33.3625,45.137499999999996,1,1,1,1,2067,80,80,2068.0,80.0,2067.0,2067,80,77.91302142909262,45910.17151256591
4352,0,2313,7,7,3795427,3796000,4234.90672,4235.458413,0.5516930000003413,39.518689511948885,33.3625,45.137499999999996,1,1,1,1,573,22,22,573.0,22.0,573.0,573,22,21.80218437293661,46108.977275376456
4352,0,2314,7,7,3796000,3798110,4235.458413,4237.458621,2.000207999999475,39.426835449073586,33.3625,45.137499999999996,1,1,1,1,2110,80,80,2110.0,80.0,2110.0,2110,80,78.86187167989556,46902.62212731108
4352,0,2315,7,7,3798110,3800214,4237.458621,4239.458789,2.0001680000004853,39.35494722974986,33.3625,45.137499999999996,1,1,1,1,2104,80,80,2104.0,80.0,2104.0,2104,80,78.71650609065546,46373.10465919737
4352,0,2316,7,7,3800214,3802262,4239.458789,4241.46096,2.0021710000000894,38.50254187034372,33.3625,45.137499999999996,1,1,1,1,2048,80,80,2049.0,80.0,2049.0,2048,80,77.0886727590987,45553.05216187625
4352,0,2317,7,7,3802262,3804365,4241.46096,4243.461612,2.000651999999718,38.47579694584344,33.3625,45.137499999999996,1,1,1,1,2103,80,80,2103.0,80.0,2102.0,2103,80,76.97668011128553,45710.09850789287
4352,0,2318,7,7,3804365,3806403,4243.461612,4245.461785,2.000173000000359,38.28590980401445,33.3625,45.137499999999996,1,1,1,1,2038,80,80,2038.0,80.0,2038.0,2038,80,76.57844307043706,45264.58461342281
4352,0,2319,7,7,3806403,3808432,4245.461785,4247.461994,2.0002089999998134,38.73312985750731,33.3625,45.137499999999996,1,1,1,1,2029,80,80,2030.0,80.0,2029.0,2029,80,77.47435493915691,45591.735663627405
4352,0,2320,7,7,3808432,3809000,4247.461994,4248.008256,0.5462619999998424,38.5727201896493,33.3625,45.137499999999996,1,1,1,1,568,22,22,568.0,22.0,568.0,568,22,21.070811276236782,47023.22328847222
4352,0,2321,7,7,3809000,3810976,4248.008256,4250.012168,2.0039120000001276,38.37087728030279,33.3625,45.137499999999996,1,1,1,1,1976,78,78,2036.0,80.0,1976.0,1976,78,76.891861432523,45546.411219651454
4352,0,2322,7,7,3810976,3811434,4250.012168,4250.475485,0.4633169999997335,38.53094373625293,33.3625,45.137499999999996,1,1,1,1,458,18,18,459.0,18.0,458.0,458,18,17.852041259029647,46100.186265585515
