run,component,index,segment_start,segment_end,ev_start,ev_end,t_start,t_end,dt,current,low,high,covered,nominal,stable,beam2,N,E_raw,E_tight,S,D,A,N_alt,E_alt,charge_uC,s1x_rate
4400,0,0,0,0,1,1916,19.944412,21.944397,1.9999849999999988,39.442672209277816,33.3625,45.137499999999996,1,1,1,1,1915,77,77,1994.0,80.0,1915.0,1915,77,78.88475277847249,45812.843596327
4400,0,1,0,0,1916,3955,21.944397,23.944746,2.000349,39.47725427482354,33.3625,45.137499999999996,1,1,1,1,2039,80,80,2039.0,80.0,2039.0,2039,80,78.96828611138892,45429.07262682662
4400,0,2,0,0,3955,6030,23.944746,25.944832,2.000086000000003,39.241313465138106,33.3625,45.137499999999996,1,1,1,1,2075,80,80,2076.0,80.0,2075.0,2075,80,78.48600168323435,45853.528298283105
4400,0,3,0,0,6030,8127,25.944832,27.944819,1.9999869999999973,39.30295298367814,33.3625,45.137499999999996,1,1,1,1,2097,79,79,2097.0,79.0,2097.0,2097,79,78.60539502896734,45844.29798793698
4400,0,4,0,0,8127,10198,27.944819,29.946234,2.0014150000000015,39.395937012211014,33.3625,45.137499999999996,1,1,1,1,2071,80,80,2073.0,80.0,2071.0,2071,80,78.84761927529439,46487.1103694136
4400,0,5,0,0,10198,12257,29.946234,31.946263,2.000028999999998,39.51438240933049,33.3625,45.137499999999996,1,1,1,1,2059,80,80,2059.0,80.0,2059.0,2059,80,79.02991073575072,46953.81916962209
4400,0,6,0,0,12257,13000,31.946263,32.671484,0.7252210000000012,39.23100608690827,33.3625,45.137499999999996,1,1,1,1,743,29,29,743.0,29.0,743.0,743,29,28.451149465353865,46067.33671529085
4400,0,7,0,0,13000,15071,32.671484,34.672543,2.001058999999998,39.410826637556994,33.3625,45.137499999999996,1,1,1,1,2071,80,80,2073.0,80.0,2071.0,2071,80,78.8633893405231,45967.160388574295
4400,0,8,0,0,15071,17108,34.672543,36.67514,2.0025970000000015,39.46541435967276,33.3625,45.137499999999996,1,1,1,1,2037,80,80,2038.0,80.0,2038.0,2037,80,79.03332040043756,46800.72925306486
4400,0,9,0,0,17108,19176,36.67514,38.676577,2.001437000000003,39.41065617683896,33.3625,45.137499999999996,1,1,1,1,2068,80,80,2067.0,80.0,2067.0,2068,80,78.87794546660416,46697.4478836955
4400,0,10,0,0,19176,21277,38.676577,40.676774,2.000197,39.51232989040837,33.3625,45.137499999999996,1,1,1,1,2101,80,80,2101.0,80.0,2101.0,2101,80,79.0324437098052,46850.885187809
4400,0,11,0,0,21277,23363,40.676774,42.677408,2.000633999999998,39.50457436814978,33.3625,45.137499999999996,1,1,1,1,2086,80,80,2087.0,80.0,2086.0,2086,80,79.03419463644877,46527.25086147696
4400,0,12,0,0,23363,25297,42.677408,44.678137,2.0007289999999998,39.35005935366256,33.3625,45.137499999999996,1,1,1,1,1934,80,80,1936.0,80.0,1934.0,1934,80,78.72880490059401,45666.8544315597
4400,0,13,0,0,25297,26000,44.678137,45.353858,0.6757210000000029,39.470596384512724,33.3625,45.137499999999996,1,1,1,1,703,27,27,705.0,27.0,703.0,703,27,26.67111085953934,45902.08088841381
4400,0,14,0,0,26000,28074,45.353858,47.354282,2.0004239999999953,39.558550116290725,33.3625,45.137499999999996,1,1,1,1,2074,80,80,2078.0,80.0,2074.0,2074,80,79.13387305783067,45398.875438407165
4400,0,15,0,0,28074,30193,47.354282,49.354343,2.0000610000000023,39.359907795136884,33.3625,45.137499999999996,1,1,1,1,2119,80,80,2119.0,80.0,2119.0,2119,80,78.72221654464943,45862.601190663634
4400,0,16,0,0,30193,32246,49.354343,51.354655,2.000312000000001,39.37624626921645,33.3625,45.137499999999996,1,1,1,1,2053,80,80,2056.0,80.0,2053.0,2053,80,78.76477792726882,46648.22287723113
4400,0,17,0,0,32246,34300,51.354655,53.355263,2.0006079999999997,39.48477260662056,33.3625,45.137499999999996,1,1,1,1,2054,80,80,2070.0,80.0,2054.0,2054,80,78.99355195498583,45842.563860586386
4400,0,18,0,0,34300,36359,53.355263,55.355475,2.0002119999999977,39.47760082122349,33.3625,45.137499999999996,1,1,1,1,2059,80,80,2059.0,80.0,2059.0,2059,80,78.96357089382082,46955.02276758669
4400,0,19,0,0,36359,38466,55.355475,57.359023,2.003548000000002,39.224441305955956,33.3625,45.137499999999996,1,1,1,1,2107,80,80,2108.0,80.0,2107.0,2107,80,78.58805092966531,45797.25566844413
4400,0,20,0,0,38466,39000,57.359023,57.856366,0.49734300000000076,39.47927578849321,33.3625,45.137499999999996,1,1,1,1,534,20,20,534.0,20.0,534.0,534,20,19.634741458476583,46090.92718707203
4400,0,21,0,0,39000,41140,57.856366,59.856579,2.0002130000000022,39.7396664286096,33.3625,45.137499999999996,1,1,1,1,2140,79,79,2141.0,79.0,2140.0,2140,79,79.48779740616874,46181.58166155299
4400,0,22,0,0,41140,43205,59.856579,61.858608,2.002028999999993,39.605528815118475,33.3625,45.137499999999996,1,1,1,1,2065,79,79,2091.0,80.0,2065.0,2065,79,79.29141724820238,46482.843155618786
4400,0,23,0,0,43205,45194,61.858608,63.858845,2.0002370000000056,39.42970477301336,33.3625,45.137499999999996,1,1,1,1,1989,80,80,1989.0,80.0,1989.0,1989,80,78.8687543860583,45036.663155415954
4400,0,24,0,0,45194,47203,63.858845,65.859301,2.000456,39.30237794414738,33.3625,45.137499999999996,1,1,1,1,2009,80,80,2010.0,80.0,2009.0,2009,80,78.62267777263742,45428.642269562544
4400,0,25,0,0,47203,49221,65.859301,67.8593,1.9999990000000025,39.62234961012235,33.3625,45.137499999999996,1,1,1,1,2018,80,80,2018.0,80.0,2018.0,2018,80,79.2446595978954,45862.02293101141
4400,0,26,0,0,49221,51276,67.8593,69.859454,2.000153999999995,39.311096376099094,33.3625,45.137499999999996,1,1,1,1,2055,80,80,2056.0,80.0,2055.0,2055,80,78.62824666104007,46051.95399954215
4400,0,27,0,0,51276,52000,69.859454,70.624668,0.7652140000000003,39.49724359205318,33.3625,45.137499999999996,1,1,1,1,724,31,31,726.0,31.0,724.0,724,31,30.223843758049497,44935.142326198926
4400,0,28,0,0,52000,54067,70.624668,72.62492,2.0002520000000032,39.534846859165434,33.3625,45.137499999999996,1,1,1,1,2067,80,80,2069.0,80.0,2067.0,2067,80,79.07965649973949,45772.732635687826
4400,0,29,0,0,54067,56150,72.62492,74.625729,2.000809000000004,39.45541090997132,33.3625,45.137499999999996,1,1,1,1,2083,80,80,2083.0,80.0,2083.0,2083,80,78.94274124736876,47857.14178614741
4400,0,30,0,0,56150,58219,74.625729,76.626247,2.0005179999999996,39.568732244456854,33.3625,45.137499999999996,1,1,1,1,2069,79,79,2070.0,80.0,2070.0,2069,79,79.15796109221628,46162.54390112962
4400,0,31,0,0,58219,60230,76.626247,78.627522,2.0012749999999926,39.639382635312344,33.3625,45.137499999999996,1,1,1,1,2011,80,80,2010.0,79.0,2010.0,2011,80,79.3293054834844,46258.01051829476
4400,0,32,0,0,60230,62210,78.627522,80.628455,2.0009330000000034,39.2493631837971,33.3625,45.137499999999996,1,1,1,1,1980,80,80,1980.0,80.0,1980.0,1980,80,78.53534602344462,44936.037338581475
4400,0,33,0,0,62210,64398,80.628455,82.628469,2.000013999999993,39.402872337964,33.3625,45.137499999999996,1,1,1,1,2188,80,80,2188.0,80.0,2188.0,2188,80,78.80629631614056,46110.677225259584
4400,0,34,0,0,64398,65000,82.628469,83.204181,0.57571200000001,39.0529437376804,33.3625,45.137499999999996,1,1,1,1,602,23,23,602.0,23.0,602.0,602,23,22.483248345107768,45420.279584235774
4400,0,35,0,0,65000,67045,83.204181,85.205492,2.001311000000001,39.303839903277854,33.3625,45.137499999999996,1,1,1,1,2045,80,80,2046.0,80.0,2045.0,2045,80,78.65920714066897,46661.91311595246
4400,0,36,0,0,67045,69080,85.205492,87.205637,2.000144999999989,39.44328325323246,33.3625,45.137499999999996,1,1,1,1,2035,80,80,2035.0,80.0,2035.0,2035,80,78.89228578253642,46775.10880461192
4400,0,37,0,0,69080,71127,87.205637,89.205642,2.0000050000000016,39.133798653728824,33.3625,45.137499999999996,1,1,1,1,2047,80,80,2048.0,80.0,2047.0,2047,80,78.26779297645089,47064.882337794115
4400,0,38,0,0,71127,73149,89.205642,91.207526,2.001884000000004,39.14763187502706,33.3625,45.137499999999996,1,1,1,1,2022,80,80,2023.0,80.0,2022.0,2022,80,78.36901788850673,46000.16784189284
4400,0,39,0,0,73149,75292,91.207526,93.208809,2.001283000000001,38.97928568314932,33.3625,45.137499999999996,1,1,1,1,2143,80,80,2144.0,80.0,2143.0,2143,80,78.00858178983026,45829.600311400216
4400,0,40,0,0,75292,77329,93.208809,95.209532,2.0007229999999936,38.98899652688559,33.3625,45.137499999999996,1,1,1,1,2037,80,80,2037.0,80.0,2037.0,2037,80,78.00618209826007,45272.63394282981
4400,0,41,0,0,77329,78000,95.209532,95.865725,0.6561930000000018,39.35789757130053,33.3625,45.137499999999996,1,1,1,1,671,26,26,673.0,26.0,671.0,671,26,25.826376881004308,45408.896467959756
4400,0,42,0,0,78000,79899,95.865725,97.865891,2.000166000000007,39.192032320981696,33.3625,45.137499999999996,1,1,1,1,1899,80,80,1902.0,80.0,1899.0,1899,80,78.39057051932878,44802.281410642754
4400,0,43,0,0,79899,81861,97.865891,99.868137,2.0022459999999995,39.29832553976032,33.3625,45.137499999999996,1,1,1,1,1962,80,80,1962.0,80.0,1962.0,1962,80,78.68491511868297,45694.18542976239
4400,0,44,0,0,81861,83980,99.868137,101.868573,2.0004359999999934,39.15848448841437,33.3625,45.137499999999996,1,1,1,1,2119,80,80,2119.0,80.0,2119.0,2119,80,78.33404207606554,46347.39626761381
4400,0,45,0,0,83980,86121,101.868573,103.869046,2.0004729999999995,39.25245847571076,33.3625,45.137499999999996,1,1,1,1,2141,80,80,2144.0,80.0,2141.0,2141,80,78.52348336428031,46442.01646310648
4400,0,46,0,0,86121,88142,103.869046,105.869703,2.000657000000004,39.12032643567088,33.3625,45.137499999999996,1,1,1,1,2021,80,80,2021.0,80.0,2021.0,2021,80,78.26635492581045,46026.88016986411
4400,0,47,0,0,88142,90194,105.869703,107.870716,2.0010130000000004,39.10600623427768,33.3625,45.137499999999996,1,1,1,1,2052,80,80,2052.0,80.0,2052.0,2052,80,78.25162685287069,46173.11331810437
4400,0,48,0,0,90194,91000,107.870716,108.654502,0.7837859999999921,38.99316763848208,33.3625,45.137499999999996,1,1,1,1,806,31,31,806.0,31.0,806.0,806,31,30.562298890695274,47205.487212071115
4400,0,49,0,0,91000,93116,108.654502,110.654817,2.0003150000000005,39.32169988660775,33.3625,45.137499999999996,1,1,1,1,2116,80,80,2117.0,80.0,2116.0,2116,80,78.65578610867942,46924.60937402358
4400,0,50,0,0,93116,95194,110.654817,112.654798,1.9999810000000053,39.3395403953742,33.3625,45.137499999999996,1,1,1,1,2078,80,80,2079.0,80.0,2078.0,2078,80,78.67833333948147,47105.94750650119
4400,0,51,0,0,95194,97229,112.654798,114.656057,2.0012590000000046,39.10939726987752,33.3625,45.137499999999996,1,1,1,1,2035,80,80,2036.0,80.0,2035.0,2035,80,78.26803327091784,45989.0498930922
4400,0,52,0,0,97229,99255,114.656057,116.65656,2.000502999999995,39.269790471547715,33.3625,45.137499999999996,1,1,1,1,2026,80,80,2026.0,80.0,2026.0,2026,80,78.55933364770226,45771.48847064975
4400,0,53,0,0,99255,101280,116.65656,118.657763,2.001203000000004,39.06711342246106,33.3625,45.137499999999996,1,1,1,1,2025,80,80,2027.0,80.0,2025.0,2025,80,78.1812245823694,44874.50798344787
4400,0,54,0,0,101280,103334,118.657763,120.658384,2.0006209999999953,39.088787283898135,33.3625,45.137499999999996,1,1,1,1,2054,80,80,2056.0,80.0,2054.0,2054,80,78.20184870469893,46538.04993549514
4400,0,55,0,0,103334,104000,120.658384,121.314045,0.6556609999999949,39.42495766366913,33.3625,45.137499999999996,1,1,1,1,666,26,26,666.0,26.0,666.0,666,26,25.849407166719175,46941.941033552765
4400,0,56,0,0,104000,105994,121.314045,123.314276,2.0002310000000136,39.3837717333413,33.3625,45.137499999999996,1,1,1,1,1994,80,80,2000.0,80.0,1994.0,1994,80,78.77664111795366,46185.16561337134
4400,0,57,0,0,105994,108019,123.314276,125.314287,2.0000109999999864,39.1936481542748,33.3625,45.137499999999996,1,1,1,1,2025,80,80,2026.0,80.0,2025.0,2025,80,78.38772743867867,45279.25096412
4400,0,58,0,0,108019,110086,125.314287,127.314479,2.0001920000000126,39.276022827222526,33.3625,45.137499999999996,1,1,1,1,2067,80,80,2067.0,80.0,2067.0,2067,80,78.55958665082835,46333.551979009724
4400,0,59,0,0,110086,112144,127.314479,129.314759,2.0002800000000036,39.242214484262014,33.3625,45.137499999999996,1,1,1,1,2058,80,80,2058.0,80.0,2058.0,2058,80,78.49541678857986,46306.01715759785
4400,0,60,0,0,112144,114190,129.314759,131.315112,2.00035299999999,39.12874289467652,33.3625,45.137499999999996,1,1,1,1,2046,80,80,2049.0,80.0,2047.0,2046,80,78.27129823559426,45900.39857965092
4400,0,61,0,0,114190,116228,131.315112,133.315716,2.00060400000001,39.19750437493522,33.3625,45.137499999999996,1,1,1,1,2038,79,79,2037.0,80.0,2037.0,2038,80,78.41868404251363,45143.36670325539
4400,0,62,0,0,116228,117000,133.315716,134.048355,0.7326389999999776,39.26368429748036,33.3625,45.137499999999996,1,1,1,1,772,30,30,772.0,29.0,772.0,772,29,28.766106400021272,47084.580536937094
4400,0,63,0,0,117000,119054,134.048355,136.049513,2.0011580000000038,39.26850712934963,33.3625,45.137499999999996,1,1,1,1,2054,80,80,2055.0,80.0,2054.0,2054,80,78.58248718995492,47347.5857478519
4400,0,64,0,0,119054,121071,136.049513,138.05015,2.0006370000000118,39.17550694213488,33.3625,45.137499999999996,1,1,1,1,2017,80,80,2017.0,80.0,2017.0,2017,80,78.37596868219225,45468.51827692853
4400,0,65,0,0,121071,123081,138.05015,140.050408,2.0002580000000023,39.33771351779455,33.3625,45.137499999999996,1,1,1,1,2010,80,80,2010.0,80.0,2010.0,2010,80,78.68557616567705,45338.151378472125
4400,0,66,0,0,123081,125083,140.050408,142.050649,2.0002409999999884,39.14780135196711,33.3625,45.137499999999996,1,1,1,1,2002,78,78,2003.0,80.0,2002.0,2002,79,78.30503732405941,46008.45598105455
4400,0,67,0,0,125083,127109,142.050649,144.051109,2.000460000000004,39.123795417853025,33.3625,45.137499999999996,1,1,1,1,2026,80,80,2026.0,79.0,2026.0,2026,79,78.2655877815987,46750.247443087996
4400,0,68,0,0,127109,129093,144.051109,146.051707,2.0005979999999965,39.03590040926004,33.3625,45.137499999999996,1,1,1,1,1984,80,80,1984.0,80.0,1984.0,1984,80,78.09514428696457,45837.29464890006
4400,0,69,0,0,129093,130000,146.051707,146.929713,0.8780059999999992,39.11510890098766,33.3625,45.137499999999996,1,1,1,1,907,35,35,908.0,35.0,907.0,907,35,34.34330030572073,47258.219192124016
4400,0,70,0,0,130000,132018,146.929713,148.930934,2.0012210000000152,39.09753584230171,33.3625,45.137499999999996,1,1,1,1,2018,79,79,2020.0,80.0,2018.0,2018,79,78.2428097758675,45793.043347036284
4400,0,71,0,0,132018,134015,148.930934,150.935032,2.004097999999999,39.240557659406534,33.3625,45.137499999999996,1,1,1,1,1997,80,80,1999.0,80.0,1997.0,1997,80,78.6419231241016,46684.84275719054
4400,0,72,0,0,134015,136078,150.935032,152.936009,2.000977000000006,39.12727565078976,33.3625,45.137499999999996,1,1,1,1,2063,80,80,2063.0,80.0,2063.0,2063,80,78.29277864989035,44916.05850541997
4400,0,73,0,0,136078,138174,152.936009,154.936263,2.000253999999984,39.24959835331745,33.3625,45.137499999999996,1,1,1,1,2096,80,80,2099.0,80.0,2096.0,2096,80,78.50916610461627,45819.680900526
4400,0,74,0,0,138174,140151,154.936263,156.93799,2.0017270000000167,39.22970626529063,33.3625,45.137499999999996,1,1,1,1,1977,80,80,1978.0,80.0,1977.0,1977,80,78.52716223330208,45314.87060922855
4400,0,75,0,0,140151,142162,156.93799,158.937975,1.999984999999981,39.0977180747636,33.3625,45.137499999999996,1,1,1,1,2011,80,80,2012.0,80.0,2011.0,2011,80,78.19484968375491,45776.343322575354
4400,0,76,0,0,142162,143000,158.937975,159.782976,0.8450009999999963,39.387873162234825,33.3625,45.137499999999996,1,1,1,1,838,34,34,839.0,34.0,838.0,838,34,33.28279220996137,45594.028882806255
4400,0,77,0,0,143000,145025,159.782976,161.784307,2.0013310000000217,39.2465420342262,33.3625,45.137499999999996,1,1,1,1,2025,80,80,2029.0,80.0,2025.0,2025,80,78.54532121590091,45942.42531595173
4400,0,78,0,0,145025,147058,161.784307,163.784371,2.0000639999999805,38.98734872119016,33.3625,45.137499999999996,1,1,1,1,2033,80,80,2034.0,80.0,2033.0,2033,80,77.97719263269755,45703.037502800355
4400,0,79,0,0,147058,149092,163.784371,165.784352,1.9999810000000195,38.823228311082254,33.3625,45.137499999999996,1,1,1,1,2034,80,80,2034.0,80.0,2034.0,2034,80,77.64571898082704,45084.928306818474
4400,0,80,0,0,149092,151114,165.784352,167.784573,2.000220999999982,39.041242180053196,33.3625,45.137499999999996,1,1,1,1,2022,80,80,2022.0,80.0,2022.0,2022,80,78.09111247462715,46537.857566739294
4400,0,81,0,0,151114,153186,167.784573,169.784917,2.0003440000000126,39.35061590871386,33.3625,45.137499999999996,1,1,1,1,2072,80,80,2075.0,80.0,2072.0,2072,80,78.71476842930042,45890.60681562743
4400,0,82,0,0,153186,155247,169.784917,171.785206,2.000288999999981,39.44175984414407,33.3625,45.137499999999996,1,1,1,1,2061,80,80,2063.0,80.0,2061.0,2061,80,78.89491835688204,45153.975250576725
4400,0,83,0,0,155247,156000,171.785206,172.495388,0.7101820000000032,39.271578535877964,33.3625,45.137499999999996,1,1,1,1,753,28,28,754.0,28.0,753.0,753,28,27.88996818776741,46596.506247694044
4400,0,84,0,0,156000,158014,172.495388,174.495679,2.0002910000000043,39.27559909987241,33.3625,45.137499999999996,1,1,1,1,2014,80,80,2019.0,80.0,2014.0,2014,80,78.56262739908288,45514.37765805066
4400,0,85,0,0,158014,160163,174.495679,176.496372,2.0006930000000125,39.462374762032695,33.3625,45.137499999999996,1,1,1,1,2149,80,80,2149.0,80.0,2149.0,2149,80,78.9520969497762,46329.94667347735
4400,0,86,0,0,160163,162242,176.496372,178.496407,2.000034999999997,39.41360974942974,33.3625,45.137499999999996,1,1,1,1,2079,80,80,2079.0,80.0,2079.0,2079,80,78.8285989752003,46378.18838170339
4400,0,87,0,0,162242,164368,178.496407,180.500283,2.003875999999991,39.67091020927499,33.3625,45.137499999999996,1,1,1,1,2126,80,80,2126.0,80.0,2126.0,2126,80,79.4955848665204,46515.3532454106
4400,0,88,0,0,164368,166451,180.500283,182.501398,2.0011149999999986,39.26809712020479,33.3625,45.137499999999996,1,1,1,1,2083,80,80,2083.0,80.0,2083.0,2083,80,78.57997816869829,46032.83669354338
4400,0,89,0,0,166451,168532,182.501398,184.503143,2.0017449999999997,39.400040941354845,33.3625,45.137499999999996,1,1,1,1,2081,80,80,2082.0,80.0,2081.0,2081,80,78.86883495415259,46309.09531433825
4400,0,90,0,0,168532,169000,184.503143,184.95763,0.4544870000000003,39.694003628193435,33.3625,45.137499999999996,1,1,1,1,468,18,18,468.0,18.0,468.0,468,18,18.040408626966382,45015.58900474598
4400,0,91,0,0,169000,171075,184.95763,186.960025,2.002395000000007,39.28120939221325,33.3625,45.137499999999996,1,1,1,1,2075,80,80,2078.0,80.0,2075.0,2075,80,78.65649728092103,46521.79015628768
4400,0,92,0,0,171075,173112,186.960025,188.960664,2.0006390000000067,39.43739324670979,33.3625,45.137499999999996,1,1,1,1,2037,80,80,2039.0,80.0,2037.0,2037,80,78.89998698770432,46523.63569839421
4400,0,93,0,0,173112,175165,188.960664,190.960869,2.000204999999994,39.236958569931545,33.3625,45.137499999999996,1,1,1,1,2053,80,80,2057.0,80.0,2053.0,2053,80,78.48196071636994,45253.86147919852
4400,0,94,0,0,175165,177168,190.960869,192.964901,2.004031999999995,39.32612724103848,33.3625,45.137499999999996,1,1,1,1,2003,80,80,2003.0,80.0,2003.0,2003,80,78.81081742711285,45571.12860473297
4400,0,95,0,0,177168,179186,192.964901,194.966087,2.00118599999999,39.53163646490734,33.3625,45.137499999999996,1,1,1,1,2018,80,80,2019.0,80.0,2018.0,2018,80,79.11015745066197,46582.87635432212
4400,0,96,0,0,179186,181356,194.966087,196.967189,2.001102000000003,39.42149156308772,33.3625,45.137499999999996,1,1,1,1,2170,80,80,2170.0,80.0,2170.0,2170,80,78.88642560987773,47800.66183532866
4400,0,97,0,0,181356,182000,196.967189,197.582737,0.6155480000000182,39.85923223832845,33.3625,45.137499999999996,1,1,1,1,644,24,24,644.0,24.0,644.0,644,24,24.53527068583935,47432.53166284211
4400,0,98,0,0,182000,183999,197.582737,199.583481,2.0007439999999974,39.7328680245485,33.3625,45.137499999999996,1,1,1,1,1999,80,80,2002.0,80.0,1999.0,1999,80,79.4952973029076,47292.40722451254
4400,0,99,0,0,183999,186048,199.583481,201.584165,2.000684000000007,39.484790349663186,33.3625,45.137499999999996,1,1,1,1,2049,80,80,2050.0,80.0,2049.0,2049,80,78.9965882959259,45691.873379304125
4400,0,100,0,0,186048,188117,201.584165,203.586307,2.002141999999992,39.741532845102256,33.3625,45.137499999999996,1,1,1,1,2069,80,80,2070.0,80.0,2069.0,2069,80,79.56819205355805,45380.397594176815
4400,0,101,0,0,188117,190215,203.586307,205.586328,2.000021000000004,39.87204349937313,33.3625,45.137499999999996,1,1,1,1,2098,80,79,2099.0,80.0,2098.0,2098,79,79.74492431165982,46221.51467409584
4400,0,102,0,0,190215,190460,205.586328,207.600183,2.013854999999978,4.545590723741582,33.3625,45.137499999999996,1,0,0,1,245,80,80,245.0,81.0,245.0,245,81,9.154160606960431,4970.069841175312
4400,0,103,0,0,190460,190540,207.600183,209.602461,2.002278000000018,0.9789406936458978,33.3625,45.137499999999996,1,0,0,0,80,80,80,80.0,80.0,80.0,80,80,1.9601114141914877,726.172889079332
4400,0,104,0,0,190540,190620,209.602461,211.604739,2.00227799999999,0.9795651777320888,33.3625,45.137499999999996,1,0,0,0,80,80,80,80.0,80.0,80.0,80,80,1.9613618049388606,695.2081579081462
4400,0,105,0,0,190620,190702,211.604739,213.607014,2.0022749999999974,0.9784735095151563,33.3625,45.137499999999996,1,0,0,0,82,80,80,82.0,80.0,82.0,82,80,1.9591730462643682,661.2478305927017
4400,0,106,0,0,190702,190782,213.607014,215.609291,2.0022770000000207,0.9789931272238866,33.3625,45.137499999999996,1,0,0,0,80,80,80,80.0,80.0,80.0,80,80,1.9602154217982388,703.698838871937
4400,0,107,0,0,190782,190862,215.609291,217.611567,2.002275999999995,0.9796180051717192,33.3625,45.137499999999996,1,0,0,0,80,80,80,80.0,80.0,80.0,80,80,1.9614656209232635,726.1736144267842
4400,0,108,0,0,190862,190942,217.611567,219.613846,2.0022789999999873,0.9803974292415027,33.3625,45.137499999999996,1,0,0,0,80,80,80,80.0,80.0,80.0,80,80,1.9630291842240695,678.7265910495034
4400,0,109,0,0,190942,191023,219.613846,221.616123,2.0022769999999923,0.9815431051826718,33.3625,45.137499999999996,1,0,0,0,81,80,80,81.0,80.0,81.0,81,80,1.9653211840159202,706.1959958587175
4400,0,110,0,0,191023,191103,221.616123,223.618398,2.002275000000026,0.9809714496025127,33.3625,45.137499999999996,1,0,0,0,80,80,80,80.0,80.0,80.0,80,80,1.9641746092529502,691.213744365775
4400,0,111,0,0,191103,191184,223.618398,225.620675,2.0022769999999923,0.9812308629836383,33.3625,45.137499999999996,1,0,0,0,81,80,80,81.0,80.0,81.0,81,80,1.9646959886422337,680.2255631963036
4400,0,112,0,0,191184,191264,225.620675,227.622952,2.0022769999999923,0.9810747418841212,33.3625,45.137499999999996,1,0,0,0,80,80,80,80.0,80.0,80.0,80,80,1.9643833909558452,665.7420526730343
4400,0,113,0,0,191264,191344,227.622952,229.625227,2.0022749999999974,0.9799306412327875,33.3625,45.137499999999996,1,0,0,0,80,80,80,80.0,80.0,80.0,80,80,1.9620906246746017,708.1944288371986
4400,0,114,0,0,191344,191424,229.625227,231.627505,2.002278000000018,0.9799294601156828,33.3625,45.137499999999996,1,0,0,0,80,80,80,80.0,80.0,80.0,80,80,1.9620911995416463,675.2309119912359
4400,0,115,0,0,191424,191504,231.627505,233.629783,2.00227799999999,0.9809702669259941,33.3625,45.137499999999996,1,0,0,0,80,80,80,80.0,80.0,80.0,80,80,1.9641751841199948,685.2195349496958
4400,0,116,0,0,191504,191584,233.629783,235.632058,2.0022749999999974,0.9818040962983131,33.3625,45.137499999999996,1,0,0,0,80,80,80,80.0,80.0,80.0,80,80,1.9658417969158108,701.2023822901459
4400,0,117,0,0,191584,191664,235.632058,237.634336,2.00227799999999,0.9821671947578391,33.3625,45.137499999999996,1,0,0,0,80,80,80,80.0,80.0,80.0,80,80,1.9665717663856412,683.2218103580058
4400,0,118,0,0,191664,191744,237.634336,239.636611,2.0022749999999974,0.9808673687655503,33.3625,45.137499999999996,1,0,0,0,80,80,80,80.0,80.0,80.0,80,80,1.9639662107947515,677.7290831678974
4400,0,119,0,0,191744,191853,239.636611,241.638888,2.0022770000000207,1.3809529181130318,33.3625,45.137499999999996,1,0,0,0,109,79,79,110.0,80.0,109.0,109,79,2.7650502660208076,1411.892560320061
4400,0,120,0,0,191853,192055,241.638888,243.641166,2.00227799999999,2.491545231055092,33.3625,45.137499999999996,1,0,0,1,202,80,80,202.0,80.0,202.0,202,80,4.988766202146508,3339.1966550099605
4400,0,121,0,0,192055,192268,243.641166,245.643442,2.002275999999995,2.5099698273072506,33.3625,45.137499999999996,1,0,0,1,213,80,80,213.0,80.0,213.0,213,80,5.0256523459411255,3270.7778548012448
4400,0,122,0,0,192268,192556,245.643442,247.64572,2.002278000000018,3.947633958664925,33.3625,45.137499999999996,1,0,0,1,288,80,80,288.0,80.0,288.0,288,80,7.904260627487929,5129.657320312118
4400,0,123,0,0,192556,192913,247.64572,249.647996,2.002275999999995,5.346847743452189,33.3625,45.137499999999996,1,0,0,1,357,80,80,357.0,80.0,357.0,357,80,10.70586491236827,6754.313591133307
4400,0,124,0,0,192913,193349,249.647996,251.64812,2.0001239999999996,6.86793034315878,33.3625,45.137499999999996,1,0,0,1,436,80,80,436.0,79.0,436.0,436,79,13.736712309680115,8919.446994286356
4400,0,125,0,0,193349,193945,251.64812,253.652548,2.00442799999999,10.672585498810822,33.3625,45.137499999999996,1,0,0,1,596,80,80,596.0,81.0,596.0,596,81,21.39242920621109,13478.658250633165
4400,0,126,0,0,193945,194661,253.652548,255.654826,2.002278000000018,12.428388050692863,33.3625,45.137499999999996,1,0,0,1,716,80,80,716.0,80.0,716.0,716,80,24.885087969365486,15226.157406713615
4400,0,127,0,0,194661,195000,255.654826,256.455745,0.8009189999999649,14.61914587806026,33.3625,45.137499999999996,1,0,0,1,339,32,32,339.0,32.0,339.0,339,32,11.708751697509797,17904.43228341521
4400,0,128,0,0,195000,195880,256.455745,258.458013,2.002268000000015,15.514456770240416,33.3625,45.137499999999996,1,0,0,1,880,80,80,881.0,80.0,880.0,880,80,31.064100328436325,18390.645008560154
4400,0,129,0,0,195880,196831,258.458013,260.458937,2.0009239999999977,17.58256661331605,33.3625,45.137499999999996,1,0,0,1,951,80,80,951.0,79.0,951.0,951,79,35.18137951818244,21262.67664339078
4400,0,130,0,0,196831,197870,260.458937,262.460135,2.001197999999988,19.31239785899049,33.3625,45.137499999999996,1,0,0,1,1039,80,80,1039.0,80.0,1039.0,1039,80,38.6479319706159,23461.94629416993
4400,0,131,0,0,197870,199082,262.460135,264.463058,2.00292300000001,20.61758935819406,33.3625,45.137499999999996,1,0,0,1,1212,80,80,1213.0,80.0,1213.0,1212,80,41.29544393008291,24907.597546186127
4400,0,132,0,0,199082,200378,264.463058,266.46428,2.0012219999999843,22.985499845111125,33.3625,45.137499999999996,1,0,0,1,1296,80,80,1296.0,80.0,1295.0,1296,80,45.99908797103308,27574.651887696833
4400,0,133,0,0,200378,201699,266.46428,268.464595,2.0003150000000005,24.874511944737563,33.3625,45.137499999999996,1,0,0,1,1321,80,80,1321.0,80.0,1321.0,1321,80,49.75685936073751,29765.811884628165
4400,0,134,0,0,201699,203091,268.464595,270.464826,2.000231000000042,26.25503906580698,33.3625,45.137499999999996,1,0,0,1,1392,80,80,1393.0,80.0,1392.0,1392,80,52.51614304563918,30905.430422785517
4400,0,135,0,0,203091,204600,270.464826,272.465483,2.0006569999999897,28.724918778373386,33.3625,45.137499999999996,1,0,0,1,1509,80,80,1509.0,80.0,1509.0,1509,80,57.468709828383,33708.42678180235
4400,0,136,0,0,204600,206172,272.465483,274.465947,2.0004640000000222,30.244668831079057,33.3625,45.137499999999996,1,0,0,1,1572,80,80,1572.0,80.0,1572.0,1572,80,60.50337118849711,34687.95239504396
4400,0,137,0,0,206172,207862,274.465947,276.466838,2.0008909999999673,31.200835807006616,33.3625,45.137499999999996,1,0,0,1,1690,80,80,1692.0,80.0,1690.0,1690,80,62.429471558716614,37575.759998921094
4400,0,138,0,0,207862,208000,276.466838,276.617854,0.1510160000000269,33.676740381170674,33.3625,45.137499999999996,1,1,0,1,138,6,6,138.0,6.0,138.0,138,6,5.085726625404277,38485.988239649865
4400,0,139,0,0,208000,209764,276.617854,278.618604,2.0007499999999823,33.931444680319785,33.3625,45.137499999999996,1,1,1,1,1764,80,80,1765.0,80.0,1764.0,1764,80,67.88833794414859,40075.471698113564
4400,0,140,0,0,209764,211662,278.618604,280.619494,2.00088999999997,35.83737302702164,33.3625,45.137499999999996,1,1,1,1,1898,80,80,1899.0,80.0,1898.0,1898,80,71.70664131603553,41574.999125389826
4400,0,141,0,0,211662,213609,280.619494,282.619782,2.000288000000012,36.92994986006561,33.3625,45.137499999999996,1,1,1,1,1947,80,80,1947.0,80.0,1947.0,1947,80,73.87053554569138,42633.36079604512
4400,0,142,0,0,213609,215544,282.619782,284.620909,2.0011269999999968,37.88893782741261,33.3625,45.137499999999996,1,1,1,1,1935,80,80,1935.0,80.0,1935.0,1935,80,75.82057648775663,43570.947770931154
4400,0,143,0,0,215544,217535,284.620909,286.620907,1.999998000000005,37.80268427147651,33.3625,45.137499999999996,1,1,1,1,1991,80,80,1992.0,80.0,1991.0,1991,80,75.60529293758555,44170.54417054406
4400,0,144,0,0,217535,219569,286.620907,288.622636,2.0017290000000116,38.10044653570042,33.3625,45.137499999999996,1,1,1,1,2034,80,80,2036.0,80.0,2034.0,2034,80,76.26676874346231,44996.60043892029
4400,0,145,0,0,219569,221000,288.622636,290.094813,1.4721769999999879,38.47060906940795,33.3625,45.137499999999996,1,1,1,1,1431,59,59,1432.0,59.0,1431.0,1431,59,56.635545847973845,45989.714551986996
4400,0,146,0,0,221000,223063,290.094813,292.095149,2.0003360000000043,38.55617849115793,33.3625,45.137499999999996,1,1,1,1,2063,79,79,2063.0,79.0,2063.0,2063,79,77.12531185828993,46004.27128242445
4400,0,147,0,0,223063,225114,292.095149,294.09576,2.000610999999992,38.67908296856838,33.3625,45.137499999999996,1,1,1,1,2051,80,80,2051.0,80.0,2051.0,2051,80,77.38179885682985,45291.16354953579
4400,0,148,0,0,225114,227194,294.09576,296.09872,2.00296000000003,38.75926874240446,33.3625,45.137499999999996,1,1,1,1,2080,80,80,2081.0,80.0,2080.0,2080,80,77.63326492028682,45648.939569436545
4400,0,149,0,0,227194,229289,296.09872,298.09907,2.000349999999969,38.96502876245962,33.3625,45.137499999999996,1,1,1,1,2095,79,79,2096.0,80.0,2095.0,2095,79,77.94369528498464,46799.3101207296
4400,0,150,0,0,229289,231395,298.09907,300.099784,2.0007140000000163,38.89662307748975,33.3625,45.137499999999996,1,1,1,1,2106,80,80,2106.0,80.0,2106.0,2106,80,77.82101834385685,45120.39202004847
4400,0,151,0,0,231395,233405,300.099784,302.100071,2.0002870000000144,38.881912776088406,33.3625,45.137499999999996,1,1,1,1,2010,80,80,2010.0,80.0,2010.0,2010,80,77.77498466114412,45618.45375188628
4400,0,152,0,0,233405,234000,302.100071,302.732231,0.632159999999999,39.05699853422205,33.3625,45.137499999999996,1,1,1,1,595,25,25,595.0,25.0,595.0,595,25,24.690272193392957,46054.79625411296
4400,0,153,0,0,234000,236052,302.732231,304.733397,2.001166000000012,39.02992578011168,33.3625,45.137499999999996,1,1,1,1,2052,79,79,2056.0,80.0,2052.0,2052,79,78.1053604536828,45331.07198503245
4400,0,154,0,0,236052,238082,304.733397,306.73459,2.0011930000000007,38.907873766885615,33.3625,45.137499999999996,1,1,1,1,2030,80,80,2031.0,80.0,2030.0,2030,80,77.86216462717493,46073.01744509399
4400,0,155,0,0,238082,240187,306.73459,308.735461,2.000870999999961,39.28937076323677,33.3625,45.137499999999996,1,1,1,1,2105,80,80,2108.0,80.0,2106.0,2105,80,78.61296256840615,46404.79071364511
4400,0,156,0,0,240187,242268,308.735461,310.736715,2.001254000000017,39.16937151709377,33.3625,45.137499999999996,1,1,1,1,2081,80,80,2082.0,80.0,2080.0,2081,80,78.38786142607023,46028.64004269284
4400,0,157,0,0,242268,244378,310.736715,312.737012,2.000296999999989,39.4889022928727,33.3625,45.137499999999996,1,1,1,1,2110,80,80,2110.0,80.0,2110.0,2110,80,78.98953278972658,46634.07483988653
4400,0,158,0,0,244378,246433,312.737012,314.737242,2.0002299999999877,39.02559557062861,33.3625,45.137499999999996,1,1,1,1,2055,80,80,2055.0,80.0,2055.0,2055,80,78.06016702823763,45789.234238062905
4400,0,159,0,0,246433,247000,314.737242,315.257312,0.5200700000000325,39.58545050540488,33.3625,45.137499999999996,1,1,1,1,567,21,21,568.0,21.0,567.0,567,21,20.587205244346478,47220.566462204064
4400,0,160,0,0,247000,249031,315.257312,317.258377,2.0010649999999828,38.80204076496538,33.3625,45.137499999999996,1,1,1,1,2031,80,80,2037.0,80.0,2031.0,2031,80,77.6454057033443,46305.34240516965
4400,0,161,0,0,249031,251125,317.258377,319.259632,2.0012550000000147,39.32305365457233,33.3625,45.137499999999996,1,1,1,1,2094,80,80,2096.0,80.0,2094.0,2094,80,78.69545774148173,47074.460775862804
4400,0,162,0,0,251125,253195,319.259632,321.26072,2.0010879999999815,39.29627421955182,33.3625,45.137499999999996,1,1,1,1,2070,80,80,2070.0,80.0,2070.0,2070,80,78.63530278545295,45429.286468161736
4400,0,163,0,0,253195,255349,321.26072,323.26169,2.0009699999999953,39.50396154509857,33.3625,45.137499999999996,1,1,1,1,2154,80,80,2155.0,80.0,2154.0,2154,80,79.04624193289601,47266.57571078038
4400,0,164,0,0,255349,257418,323.26169,325.263293,2.0016029999999887,39.30974300221142,33.3625,45.137499999999996,1,1,1,1,2069,80,80,2069.0,80.0,2069.0,2069,80,78.68249952245424,46442.27651537319
4400,0,165,0,0,257418,259504,325.263293,327.263694,2.0004010000000108,39.273918714600214,33.3625,45.137499999999996,1,1,1,1,2086,80,80,2089.0,80.0,2086.0,2086,80,78.56358627060581,46059.76501711382
4400,0,166,0,0,259504,260000,327.263694,327.754465,0.4907709999999952,39.30834553716343,33.3625,45.137499999999996,1,1,1,1,496,19,19,496.0,19.0,496.0,496,19,19.291396047619855,46426.94861758381
4400,0,167,0,0,260000,262103,327.754465,329.754433,1.999968000000024,39.4728594052832,33.3625,45.137499999999996,1,1,1,1,2103,80,80,2104.0,80.0,2103.0,2103,80,78.94445567906587,45895.73433174876
4400,0,168,0,0,262103,264144,329.754433,331.75707,2.002636999999993,39.61250205301313,33.3625,45.137499999999996,1,1,1,1,2041,80,80,2041.0,80.0,2041.0,2041,80,79.3294622739395,46226.05095182019
4400,0,169,0,0,264144,266258,331.75707,333.758821,2.001751000000013,39.5437487346867,33.3625,45.137499999999996,1,1,1,1,2114,80,80,2116.0,80.0,2115.0,2114,80,79.1567385734088,45878.33351900381
4400,0,170,0,0,266258,268291,333.758821,335.758844,2.0000229999999988,39.48287627395216,33.3625,45.137499999999996,1,1,1,1,2033,80,80,2033.0,80.0,2032.0,2033,80,78.9666606540577,45892.972230819374
4400,0,171,0,0,268291,270471,335.758844,337.761278,2.002433999999994,39.441708523044966,33.3625,45.137499999999996,1,1,1,1,2180,80,80,2180.0,80.0,2180.0,2180,80,78.9794181646339,47373.84602938239
4400,0,172,0,0,270471,272574,337.761278,339.762079,2.000801000000024,39.61524137096851,33.3625,45.137499999999996,1,1,1,1,2103,80,80,2103.0,80.0,2103.0,2103,80,79.26221455027553,46538.86118609441
4400,0,173,0,0,272574,273000,339.762079,340.166372,0.4042929999999956,39.40502524226769,33.3625,45.137499999999996,1,1,1,1,426,16,16,426.0,16.0,426.0,426,16,15.931175870271545,48403.01464531964
4400,0,174,0,0,273000,275033,340.166372,342.168288,2.0019159999999943,39.38976921316017,33.3625,45.137499999999996,1,1,1,1,2033,80,80,2035.0,80.0,2033.0,2033,80,78.85500922413303,45850.57514900738
4400,0,175,0,0,275033,277054,342.168288,344.168989,2.0007009999999923,39.38352279918318,33.3625,45.137499999999996,1,1,1,1,2021,80,80,2021.0,80.0,2021.0,2021,80,78.79465344784876,45595.01894585965
4400,0,176,0,0,277054,279030,344.168989,346.169529,2.000540000000001,39.492306393726736,33.3625,45.137499999999996,1,1,1,1,1976,80,80,1977.0,80.0,1976.0,1976,80,79.00593863290669,45653.67350815278
4400,0,177,0,0,279030,281118,346.169529,348.169794,2.000265000000013,39.51151409059093,33.3625,45.137499999999996,1,1,1,1,2088,80,80,2088.0,80.0,2088.0,2088,80,79.03349873241677,46430.84791265127
4400,0,178,0,0,281118,283239,348.169794,350.170239,2.0004449999999565,39.67340765455431,33.3625,45.137499999999996,1,1,1,1,2121,80,80,2122.0,80.0,2121.0,2121,80,79.3644699755132,46862.57307749128
4400,0,179,0,0,283239,285334,350.170239,352.170577,2.0003379999999993,39.64572362919308,33.3625,45.137499999999996,1,1,1,1,2095,80,80,2096.0,80.0,2095.0,2095,80,79.30484751297263,45967.7314533844
4400,0,180,0,0,285334,286000,352.170577,352.835097,0.6645200000000386,39.44728475832623,33.3625,45.137499999999996,1,1,1,1,666,26,26,666.0,26.0,666.0,666,26,26.21350966760474,45930.89748991487
4400,0,181,0,0,286000,288024,352.835097,354.835583,2.0004859999999667,39.55613203799191,33.3625,45.137499999999996,1,1,1,1,2024,80,80,2027.0,80.0,2024.0,2024,80,79.13148835615357,46196.77418387409
4400,0,182,0,0,288024,290076,354.835583,356.839524,2.0039409999999975,39.46569681748569,33.3625,45.137499999999996,1,1,1,1,2052,80,80,2052.0,80.0,2052.0,2052,80,79.08692794612944,45407.52447302596
4400,0,183,0,0,290076,292146,356.839524,358.839499,1.9999750000000063,39.41176460834747,33.3625,45.137499999999996,1,1,1,1,2070,80,80,2072.0,80.0,2070.0,2070,80,78.82254392258073,46877.585969824475
4400,0,184,0,0,292146,294256,358.839499,360.839549,2.0000499999999874,39.585604709679316,33.3625,45.137499999999996,1,1,1,1,2110,80,80,2112.0,80.0,2110.0,2110,80,79.17318869959308,46796.83007924831
4400,0,185,0,0,294256,296355,360.839549,362.839557,2.0000080000000366,39.40627223382459,33.3625,45.137499999999996,1,1,1,1,2099,80,80,2099.0,80.0,2099.0,2099,80,78.81285971782927,46011.81595273535
4400,0,186,0,0,296355,298390,362.839557,364.840142,2.000585000000001,39.35454463684198,33.3625,45.137499999999996,1,1,1,1,2035,80,80,2036.0,80.0,2035.0,2035,80,78.73211168229682,46023.53811510131
4400,0,187,0,0,298390,299000,364.840142,365.449055,0.6089129999999727,39.64770299224579,33.3625,45.137499999999996,1,1,1,1,610,24,24,610.0,24.0,610.0,610,24,24.14200177211569,46198.718043466404
4400,0,188,0,0,299000,301100,365.449055,367.45025,2.0011949999999956,39.63163934135171,33.3625,45.137499999999996,1,1,1,1,2100,80,80,2101.0,80.0,2100.0,2100,80,79.31063849171551,46814.028617900905
4400,0,189,0,0,301100,303107,367.45025,369.450815,2.0005649999999946,39.49233612292284,33.3625,45.137499999999996,1,1,1,1,2007,80,80,2010.0,80.0,2007.0,2007,80,79.00698541575548,45778.56755466593
4400,0,190,0,0,303107,305136,369.450815,371.451149,2.0003340000000094,39.41826940627686,33.3625,45.137499999999996,1,1,1,1,2029,80,80,2029.0,80.0,2029.0,2029,80,78.84970451453592,45765.35718534983
4400,0,191,0,0,305136,307275,371.451149,373.451397,2.000247999999999,39.488197975902814,33.3625,45.137499999999996,1,1,1,1,2139,80,80,2140.0,80.0,2139.0,2139,80,78.98618902490307,47430.61860329321
4400,0,192,0,0,307275,309348,373.451397,375.451582,2.0001849999999877,39.584352421299364,33.3625,45.137499999999996,1,1,1,1,2073,80,80,2073.0,80.0,2073.0,2073,80,79.17602794779668,46736.67685739098
4400,0,193,0,0,309348,311435,375.451582,377.452882,2.0013000000000147,39.5388194453846,33.3625,45.137499999999996,1,1,1,1,2087,80,80,2088.0,80.0,2087.0,2087,80,79.12903935604845,46875.530904911466
4400,0,194,0,0,311435,312000,377.452882,378.03082,0.5779380000000174,39.65671659280062,33.3625,45.137499999999996,1,1,1,1,565,23,23,565.0,23.0,565.0,565,23,22.91912347421021,46610.536078263045
4400,0,195,0,0,312000,314036,378.03082,380.031798,2.000977999999975,39.54973377307907,33.3625,45.137499999999996,1,1,1,1,2036,80,80,2039.0,80.0,2036.0,2036,80,79.1381471857876,47542.751594470894
4400,0,196,0,0,314036,316058,380.031798,382.033048,2.0012500000000273,39.542718266957365,33.3625,45.137499999999996,1,1,1,1,2022,80,80,2022.0,80.0,2022.0,2022,80,79.13486493174969,46676.32729543971
4400,0,197,0,0,316058,318175,382.033048,384.03339,2.000341999999989,39.52812809959815,33.3625,45.137499999999996,1,1,1,1,2117,80,80,2121.0,80.0,2117.0,2117,80,79.06977481900503,47055.95343196339
4400,0,198,0,0,318175,320214,384.03339,386.034442,2.0010520000000156,39.61920065827359,33.3625,45.137499999999996,1,1,1,1,2039,80,80,2039.0,80.0,2039.0,2039,80,79.28008071564,47078.73658455616
4400,0,199,0,0,320214,322242,386.034442,388.034681,2.000238999999965,39.684714773646824,33.3625,45.137499999999996,1,1,1,1,2028,80,80,2028.0,80.0,2028.0,2028,80,79.37891419412335,45415.07289878939
4400,0,200,0,0,322242,324253,388.034681,390.035204,2.000523000000044,39.47055590076165,33.3625,45.137499999999996,1,1,1,1,2011,80,80,2011.0,80.0,2011.0,2011,80,78.96175490226051,45856.508523020224
4400,0,201,0,0,324253,325000,390.035204,390.745353,0.7101490000000013,39.5737481652995,33.3625,45.137499999999996,1,1,1,1,747,28,28,747.0,28.0,747.0,747,28,28.103257685839708,46438.14185473744
4400,0,202,0,0,325000,327087,390.745353,392.747156,2.0018029999999953,39.419465733479434,33.3625,45.137499999999996,1,1,1,1,2087,80,80,2089.0,80.0,2087.0,2087,80,78.91000476367662,46677.9198552506
4400,0,203,0,0,327087,329072,392.747156,394.74724,2.0000839999999585,39.520282133980096,33.3625,45.137499999999996,1,1,1,1,1985,80,80,1985.0,80.0,1985.0,1985,80,79.04388397165712,45714.57998764147
4400,0,204,0,0,329072,331090,394.74724,396.749251,2.0020110000000386,39.4740994686634,33.3625,45.137499999999996,1,1,1,1,2018,80,80,2020.0,80.0,2018.0,2018,80,79.02758135135991,46547.196793623116
4400,0,205,0,0,331090,333197,396.749251,398.749729,2.000477999999987,39.48196107305226,33.3625,45.137499999999996,1,1,1,1,2107,80,80,2108.0,80.0,2107.0,2107,80,78.98279452349743,46181.46263043163
4400,0,206,0,0,333197,335228,398.749729,400.750108,2.0003790000000095,39.56584274279068,33.3625,45.137499999999996,1,1,1,1,2031,80,80,2031.0,80.0,2031.0,2031,80,79.1466809399808,46291.7277175973
4400,0,207,0,0,335228,337221,400.750108,402.751512,2.0014039999999795,39.39766231359976,33.3625,45.137499999999996,1,1,1,1,1993,80,80,1993.0,80.0,1993.0,1993,80,78.85063894508676,47017.99336865568
4400,0,208,0,0,337221,338000,402.751512,403.530274,0.7787620000000288,39.58976398990508,33.3625,45.137499999999996,1,1,1,1,779,31,31,779.0,31.0,779.0,779,31,30.83100378430754,46758.83004049845
4400,0,209,0,0,338000,340141,403.530274,405.530696,2.0004219999999577,39.631044750569195,33.3625,45.137499999999996,1,1,1,1,2141,80,80,2142.0,80.0,2141.0,2141,80,79.27881380202234,46842.11631345885
4400,0,210,0,0,340141,342169,405.530696,407.530968,2.0002719999999954,39.361245818573344,33.3625,45.137499999999996,1,1,1,1,2028,80,80,2029.0,80.0,2028.0,2028,80,78.73319789600828,45762.27633041917
4400,0,211,0,0,342169,344158,407.530968,409.531254,2.000286000000017,39.51615423079076,33.3625,45.137499999999996,1,1,1,1,1989,80,80,1992.0,80.0,1989.0,1989,80,79.04361008169144,45676.96819354794
4400,0,212,0,0,344158,346313,409.531254,411.531737,2.000483000000031,39.46988285276841,33.3625,45.137499999999996,1,1,1,1,2155,79,79,2155.0,79.0,2155.0,2155,79,78.95882965895544,47311.574254816725
4400,0,213,0,0,346313,348521,411.531737,413.533711,2.0019739999999615,39.501734419471866,33.3625,45.137499999999996,1,1,1,1,2208,80,80,2208.0,80.0,2208.0,2208,80,79.08144526268552,47511.60604483466
4400,0,214,0,0,348521,350496,413.533711,415.534308,2.0005970000000275,39.58530256820817,33.3625,45.137499999999996,1,1,1,1,1975,80,80,1975.0,80.0,1975.0,1975,80,79.19423756205106,45894.30055128481
4400,0,215,0,0,350496,351000,415.534308,416.011646,0.4773379999999747,39.621986023858604,33.3625,45.137499999999996,1,1,1,1,504,19,19,504.0,19.0,504.0,504,19,18.913079564656073,47304.00680440525
4400,0,216,0,0,351000,353125,416.011646,418.012322,2.0006759999999986,39.58166376317897,33.3625,45.137499999999996,1,1,1,1,2125,79,79,2126.0,80.0,2125.0,2125,79,79.1900847310626,46709.21228624728
4400,0,217,0,0,353125,355233,418.012322,420.013704,2.001382000000035,39.67231246615834,33.3625,45.137499999999996,1,1,1,1,2108,80,80,2109.0,80.0,2108.0,2108,80,79.39945206814627,45704.41824699053
4400,0,218,0,0,355233,357311,420.013704,422.014175,2.0004710000000046,39.228954046102714,33.3625,45.137499999999996,1,1,1,1,2078,80,80,2082.0,80.0,2078.0,2078,80,78.47638492956139,46402.57219424815
4400,0,219,0,0,357311,359457,422.014175,424.018254,2.00407899999999,39.156022363609786,33.3625,45.137499999999996,1,1,1,1,2146,80,80,2147.0,80.0,2146.0,2146,80,78.47176214244064,46326.018086113596
4400,0,220,0,0,359457,361493,424.018254,426.018278,2.0000239999999962,39.35177557154515,33.3625,45.137499999999996,1,1,1,1,2036,80,80,2037.0,80.0,2036.0,2036,80,78.70449558570363,46619.44056671329
4400,0,221,0,0,361493,363580,426.018278,428.019278,2.0009999999999764,39.19488828056581,33.3625,45.137499999999996,1,1,1,1,2087,80,80,2087.0,80.0,2087.0,2087,80,78.42897144941162,46510.744627686705
4400,0,222,0,0,363580,364000,428.019278,428.380062,0.36078400000002375,39.397165668217916,33.3625,45.137499999999996,1,1,1,1,420,15,15,420.0,15.0,420.0,420,15,14.213867018443125,48089.71573018443
4400,0,223,0,0,364000,366188,428.380062,430.381057,2.000994999999989,39.22461567997847,33.3625,45.137499999999996,1,1,1,1,2188,79,79,2195.0,80.0,2188.0,2188,79,78.48825985255826,45953.1383136892
4400,0,224,0,0,366188,368308,430.381057,432.383597,2.0025400000000104,39.62247673806855,33.3625,45.137499999999996,1,1,1,1,2120,80,80,2121.0,80.0,2120.0,2120,80,79.3455945670521,46367.11376551755
4400,0,225,0,0,368308,370329,432.383597,434.384182,2.000585000000001,39.15016553057833,33.3625,45.137499999999996,1,1,1,1,2021,80,80,2022.0,80.0,2021.0,2021,80,78.32323390799138,45076.315177810466
4400,0,226,0,0,370329,372374,434.384182,436.384291,2.000109000000009,39.37933764661491,33.3625,45.137499999999996,1,1,1,1,2045,79,79,2046.0,79.0,2045.0,2045,79,78.76296764103427,45677.51057567342
4400,0,227,0,0,372374,374438,436.384291,438.387616,2.003324999999961,39.285740632972434,33.3625,45.137499999999996,1,1,1,1,2064,80,80,2064.0,81.0,2064.0,2064,81,78.70210635354852,46820.66065166751
4400,0,228,0,0,374438,376456,438.387616,440.38831,2.00069400000001,39.15830309029251,33.3625,45.137499999999996,1,1,1,1,2018,80,80,2019.0,79.0,2018.0,2018,79,78.34378204292989,45970.048393207326
4400,0,229,0,0,376456,377000,440.38831,440.932059,0.5437489999999912,39.306408086741996,33.3625,45.137499999999996,1,1,1,1,544,22,22,544.0,22.0,544.0,544,22,21.37282009075716,44967.43902057824
4400,0,230,0,0,377000,379112,440.932059,442.932395,2.0003360000000043,39.25820705447516,33.3625,45.137499999999996,1,1,1,1,2112,80,80,2113.0,80.0,2112.0,2112,80,78.52960486652046,45801.80529671005
4400,0,231,0,0,379112,381160,442.932395,444.932537,2.0001420000000394,39.550138753631096,33.3625,45.137499999999996,1,1,1,1,2048,80,80,2049.0,80.0,2048.0,2048,80,79.10589362696737,45588.763197812055
4400,0,232,0,0,381160,383218,444.932537,446.933649,2.001111999999978,39.48888324354077,33.3625,45.137499999999996,1,1,1,1,2058,80,80,2058.0,80.0,2058.0,2058,80,79.02167812524749,46176.325962765215
4400,0,233,0,0,383218,385372,446.933649,448.934513,2.0008639999999787,39.416940251927244,33.3625,45.137499999999996,1,1,1,1,2154,80,80,2154.0,80.0,2154.0,2154,80,78.86793674023102,46299.998400691395
4400,0,234,0,0,385372,387492,448.934513,450.934831,2.000317999999993,39.635960297755126,33.3625,45.137499999999996,1,1,1,1,2120,80,80,2121.0,80.0,2120.0,2120,80,79.28452483088404,47056.518013636
4400,0,235,0,0,387492,389490,450.934831,452.935751,2.000920000000008,39.492029138097834,33.3625,45.137499999999996,1,1,1,1,1998,80,80,2000.0,80.0,1998.0,1998,80,79.0203909430038,45113.24790596308
4400,0,236,0,0,389490,390000,452.935751,453.439741,0.5039900000000443,39.48502156500272,33.3625,45.137499999999996,1,1,1,1,510,20,20,510.0,20.0,510.0,510,20,19.90005601854682,47169.58669814462
4400,0,237,0,0,390000,392061,453.439741,455.44198,2.0022389999999746,39.525258481622565,33.3625,45.137499999999996,1,1,1,1,2061,80,80,2066.0,80.0,2061.0,2061,80,79.13901401698422,45944.56505941657
4400,0,238,0,0,392061,394190,455.44198,457.443736,2.0017560000000003,39.46333125580135,33.3625,45.137499999999996,1,1,1,1,2129,80,80,2130.0,80.0,2129.0,2129,80,78.99596012128859,46511.66276009663
4400,0,239,0,0,394190,396226,457.443736,459.444512,2.0007759999999735,39.04801635225457,33.3625,45.137499999999996,1,1,1,1,2036,80,80,2036.0,80.0,2036.0,2036,80,78.12633396519777,45854.20856707658
4400,0,240,0,0,396226,398277,459.444512,461.445481,2.0009689999999978,39.22897636760827,33.3625,45.137499999999996,1,1,1,1,2051,80,80,2052.0,80.0,2051.0,2051,80,78.495965613316,45253.074885218164
4400,0,241,0,0,398277,400204,461.445481,463.446288,2.000807000000009,39.13240659748677,33.3625,45.137499999999996,1,1,1,1,1927,80,80,1930.0,80.0,1927.0,1927,80,78.29639304709781,46031.92611781126
4400,0,242,0,0,400204,402285,463.446288,465.446936,2.0006480000000124,39.28206221650973,33.3625,45.137499999999996,1,1,1,1,2081,80,80,2084.0,80.0,2081.0,2081,80,78.58957920933608,46612.89742123523
4400,0,243,0,0,402285,403000,465.446936,466.129356,0.6824199999999792,39.36779623962904,33.3625,45.137499999999996,1,1,1,1,715,27,27,715.0,27.0,715.0,715,27,26.865371509846227,46508.01559157259
4400,0,244,0,0,403000,405002,466.129356,468.130649,2.0012930000000324,39.07197753175381,33.3625,45.137499999999996,1,1,1,1,2002,80,80,2004.0,80.0,2002.0,2002,80,78.19447513045816,45507.07967299067
4400,0,245,0,0,405002,407058,468.130649,470.131392,2.000743,39.39525141917749,33.3625,45.137499999999996,1,1,1,1,2056,80,80,2056.0,80.0,2056.0,2056,80,78.8197735101603,46361.27678567413
4400,0,246,0,0,407058,409137,470.131392,472.13444,2.0030479999999784,39.53657887190946,33.3625,45.137499999999996,1,1,1,1,2079,80,80,2079.0,80.0,2079.0,2079,80,79.19366523622011,45881.57647744886
4400,0,247,0,0,409137,411132,472.13444,474.135472,2.0010320000000092,39.39875421948194,33.3625,45.137499999999996,1,1,1,1,1995,80,80,1995.0,80.0,1995.0,1995,80,78.8381679533195,45405.07098337237
4400,0,248,0,0,411132,413130,474.135472,476.135758,2.000286000000017,39.44161034227048,33.3625,45.137499999999996,1,1,1,1,1998,80,80,1999.0,80.0,1998.0,1998,80,78.8945009850977,46158.89927740294
4400,0,249,0,0,413130,415242,476.135758,478.135758,2.0,38.98504741064916,33.3625,45.137499999999996,1,1,1,1,2112,80,80,2112.0,80.0,2112.0,2112,80,77.97009482129943,45924.5
4400,0,250,0,0,415242,416000,478.135758,478.874281,0.7385229999999865,39.15273703214595,33.3625,45.137499999999996,1,1,1,1,758,29,29,759.0,29.0,758.0,758,29,28.91519681119098,46514.46197342619
4400,0,251,0,0,416000,418089,478.874281,480.87488,2.0005990000000224,39.1696327442268,33.3625,45.137499999999996,1,1,1,1,2089,80,80,2093.0,80.0,2089.0,2089,80,78.36272809846923,46611.039993521415
4400,0,252,0,0,418089,420081,480.87488,482.874984,2.000103999999965,39.15943037920521,33.3625,45.137499999999996,1,1,1,1,1992,80,80,1995.0,80.0,1992.0,1992,80,78.32293333916823,46147.600324783925
4400,0,253,0,0,420081,422134,482.874984,484.875314,2.0003300000000195,39.25759496062189,33.3625,45.137499999999996,1,1,1,1,2053,80,80,2053.0,80.0,2053.0,2053,80,78.52814492758262,46416.34130368444
4400,0,254,0,0,422134,424242,484.875314,486.8782,2.0028859999999895,39.11737395625431,33.3625,45.137499999999996,1,1,1,1,2108,80,80,2110.0,80.0,2108.0,2108,80,78.34764065374475,46261.24502343143
4400,0,255,0,0,424242,426289,486.8782,488.878192,1.9999920000000202,39.067937103674666,33.3625,45.137499999999996,1,1,1,1,2047,80,80,2048.0,80.0,2047.0,2047,80,78.13556166385388,45862.68345073334
4400,0,256,0,0,426289,428254,488.878192,490.878817,2.0006250000000136,39.2832407828683,33.3625,45.137499999999996,1,1,1,1,1965,80,80,1965.0,80.0,1965.0,1965,80,78.59103359122673,45032.42736644768
4400,0,257,0,0,428254,429000,490.878817,491.65098,0.7721629999999777,39.16240901730896,33.3625,45.137499999999996,1,1,1,1,746,31,31,746.0,31.0,746.0,746,31,30.23976323403258,45209.36641615955
4400,0,258,0,0,429000,431076,491.65098,493.651279,2.000298999999984,39.068221500583796,33.3625,45.137499999999996,1,1,1,1,2076,80,80,2076.0,80.0,2076.0,2076,80,78.14812439939487,46234.0880038438
4400,0,259,0,0,431076,433136,493.651279,495.651447,2.0001680000000306,39.06139056102077,33.3625,45.137499999999996,1,1,1,1,2060,79,79,2061.0,79.0,2060.0,2060,79,78.12934343565576,46736.074169769025
4400,0,260,0,0,433136,435197,495.651447,497.651551,2.000103999999965,39.208349373398136,33.3625,45.137499999999996,1,1,1,1,2061,80,80,2064.0,80.0,2061.0,2061,80,78.42077641512878,46302.092291201676
4400,0,261,0,0,435197,437265,497.651551,499.653469,2.001917999999989,39.0548943401771,33.3625,45.137499999999996,1,1,1,1,2068,80,80,2068.0,80.0,2068.0,2068,80,78.18469596769864,45659.212814910745
4400,0,262,0,0,437265,439308,499.653469,501.656167,2.0026980000000094,39.283984212164334,33.3625,45.137499999999996,1,1,1,1,2043,80,80,2043.0,80.0,2043.0,2043,80,78.67395661373303,46172.71301014909
4400,0,263,0,0,439308,441329,501.656167,503.657134,2.000967000000003,38.96239427135588,33.3625,45.137499999999996,1,1,1,1,2021,80,80,2021.0,80.0,2021.0,2021,80,77.96246517797408,45522.98963451165
4400,0,264,0,0,441329,442000,503.657134,504.298982,0.6418480000000386,39.272177560252715,33.3625,45.137499999999996,1,1,1,1,671,26,26,671.0,26.0,671.0,671,26,25.206768622694653,46535.93997332422
4400,0,265,0,0,442000,444089,504.298982,506.299,2.0000179999999546,39.42076812139248,33.3625,45.137499999999996,1,1,1,1,2089,80,80,2094.0,80.0,2089.0,2089,80,78.84224581660965,46728.079447286036
4400,0,266,0,0,444089,446174,506.299,508.300153,2.001153000000045,39.141242532624574,33.3625,45.137499999999996,1,1,1,1,2085,80,80,2086.0,80.0,2085.0,2085,80,78.32761491789279,46462.71424523658
4400,0,267,0,0,446174,448265,508.300153,510.301619,2.0014659999999935,39.21277500893098,33.3625,45.137499999999996,1,1,1,1,2091,80,80,2092.0,80.0,2091.0,2091,80,78.48303594602476,45480.66267425992
4400,0,268,0,0,448265,450368,510.301619,512.302434,2.000814999999932,39.33186737632015,33.3625,45.137499999999996,1,1,1,1,2103,80,80,2105.0,80.0,2103.0,2103,80,78.69579022454855,46027.74369444608
4400,0,269,0,0,450368,452377,512.302434,514.303613,2.001179000000093,38.53658080903528,33.3625,45.137499999999996,1,1,1,1,2009,80,80,2010.0,80.0,2009.0,2009,80,77.11859624684803,45260.31904192269
4400,0,270,0,0,452377,454351,514.303613,516.303635,2.0000219999999445,38.90991066233942,33.3625,45.137499999999996,1,1,1,1,1974,80,80,1974.0,80.0,1974.0,1974,80,77.82067734271186,45982.49419256516
4400,0,271,0,0,454351,455000,516.303635,516.909925,0.6062900000000582,38.87624564752073,33.3625,45.137499999999996,1,1,1,1,649,24,24,649.0,24.0,649.0,649,24,23.57027897363878,46616.30572827737
4400,0,272,0,0,455000,457048,516.909925,518.911623,2.0016979999999194,38.84370829278633,33.3625,45.137499999999996,1,1,1,1,2048,80,80,2050.0,80.0,2048.0,2048,80,77.75337320224935,46165.805231360435
4400,0,273,0,0,457048,459076,518.911623,520.911691,2.0000680000000557,38.94262328080633,33.3625,45.137499999999996,1,1,1,1,2028,80,80,2028.0,80.0,2028.0,2028,80,77.88789465999798,46160.43054536017
4400,0,274,0,0,459076,461129,520.911691,522.912653,2.0009619999999586,38.75997316219393,33.3625,45.137499999999996,1,1,1,1,2053,79,79,2059.0,80.0,2053.0,2053,79,77.5572334185672,45478.62478148105
4400,0,275,0,0,461129,463067,522.912653,524.913944,2.0012910000000375,38.86989615229451,33.3625,45.137499999999996,1,1,1,1,1938,80,80,1938.0,80.0,1938.0,1938,80,77.78997334052474,45400.19417465941
4400,0,276,0,0,463067,465136,524.913944,526.913945,2.0000009999999975,38.91547506341496,33.3625,45.137499999999996,1,1,1,1,2069,80,80,2072.0,80.0,2069.0,2069,80,77.83098904230428,44698.47765076123
4400,0,277,0,0,465136,467221,526.913945,528.914138,2.0001929999999675,39.01094602654745,33.3625,45.137499999999996,1,1,1,1,2085,79,79,2086.0,79.0,2085.0,2085,79,78.02942116567647,45940.06678355613
4400,0,278,0,0,467221,468000,528.914138,529.651787,0.7376490000000331,39.07741757441783,33.3625,45.137499999999996,1,1,1,1,779,30,30,781.0,30.0,779.0,779,30,28.82541799635146,47696.12647749596
4400,0,279,0,0,468000,470074,529.651787,531.654237,2.0024499999999534,38.900586104207264,33.3625,45.137499999999996,1,1,1,1,2074,80,80,2082.0,80.0,2074.0,2074,80,77.89647864436847,45188.14452296043
4400,0,280,0,0,470074,472056,531.654237,533.65422,1.999983000000043,38.7333691803393,33.3625,45.137499999999996,1,1,1,1,1982,80,80,1982.0,80.0,1982.0,1982,80,77.46607989340555,45259.38470476902
4400,0,281,0,0,472056,474123,533.65422,535.660131,2.005910999999969,38.776656939223635,33.3625,45.137499999999996,1,1,1,1,2067,80,80,2067.0,80.0,2067.0,2067,80,77.78252269761288,45633.131280501184
4400,0,282,0,0,474123,476236,535.660131,537.661084,2.0009529999999813,38.7583240190825,33.3625,45.137499999999996,1,1,1,1,2113,80,80,2113.0,80.0,2113.0,2113,80,77.55358472095395,45741.20431614378
4400,0,283,0,0,476236,478237,537.661084,539.661224,2.0001399999999876,38.81275968596153,33.3625,45.137499999999996,1,1,1,1,2001,80,80,2001.0,80.0,2001.0,2001,80,77.6309531582774,44594.37839351273
4400,0,284,0,0,478237,480362,539.661224,541.663516,2.0022920000000113,38.641359129560364,33.3625,45.137499999999996,1,1,1,1,2125,80,80,2125.0,80.0,2125.0,2125,80,77.37128425424453,44571.42115136029
4400,0,285,0,0,480362,481000,541.663516,542.26692,0.6034040000000687,38.442018144581326,33.3625,45.137499999999996,1,1,1,1,638,24,24,638.0,24.0,638.0,638,24,23.19606751651736,44219.13013502888
4400,0,286,0,0,481000,482998,542.26692,544.270115,2.003195000000005,38.82028508457417,33.3625,45.137499999999996,1,1,1,1,1998,80,80,2000.0,80.0,1998.0,1998,80,77.7646009799937,46080.38658243444
4400,0,287,0,0,482998,485091,544.270115,546.272174,2.0020589999999174,38.891074824933845,33.3625,45.137499999999996,1,1,1,1,2093,80,80,2094.0,80.0,2093.0,2093,80,77.86222637293031,46215.92070963134
4400,0,288,0,0,485091,487115,546.272174,548.273176,2.001002000000085,38.8123171775763,33.3625,45.137499999999996,1,1,1,1,2024,80,80,2024.0,80.0,2024.0,2024,80,77.66352429696781,44917.49633433459
4400,0,289,0,0,487115,489250,548.273176,550.276185,2.00300900000002,39.028368073801396,33.3625,45.137499999999996,1,1,1,1,2135,80,80,2136.0,80.0,2135.0,2135,80,78.17417250713697,46495.04819998266
4400,0,290,0,0,489250,491301,550.276185,552.276885,2.000699999999938,38.86246812157076,33.3625,45.137499999999996,1,1,1,1,2051,80,80,2053.0,80.0,2051.0,2051,80,77.75213997082392,45524.56640176079
4400,0,291,0,0,491301,493331,552.276885,554.278332,2.0014469999999847,38.935186703402984,33.3625,45.137499999999996,1,1,1,1,2030,80,80,2033.0,80.0,2030.0,2030,80,77.92671262196382,45807.8580147267
4400,0,292,0,0,493331,494000,554.278332,554.915483,0.6371510000000171,38.83939344246684,33.3625,45.137499999999996,1,1,1,1,669,25,25,671.0,25.0,669.0,669,25,24.746558371261926,46241.78569915014
4400,0,293,0,0,494000,496064,554.915483,556.916104,2.0006210000000237,39.235350091244364,33.3625,45.137499999999996,1,1,1,1,2064,79,79,2066.0,80.0,2064.0,2064,79,78.49506533489694,45837.76737323007
4400,0,294,0,0,496064,498209,556.916104,558.917958,2.0018539999999803,39.21343603163869,33.3625,45.137499999999996,1,1,1,1,2145,80,80,2145.0,80.0,2145.0,2145,80,78.499573773679,45985.87109749308
4400,0,295,0,0,498209,500176,558.917958,560.920269,2.0023109999999633,39.345556836824024,33.3625,45.137499999999996,1,1,1,1,1967,80,80,1967.0,80.0,1967.0,1967,80,78.78204125549746,44944.56655334843
4400,0,296,0,0,500176,502186,560.920269,562.920645,2.000376000000074,39.364991351198356,33.3625,45.137499999999996,1,1,1,1,2010,79,79,2013.0,80.0,2010.0,2010,79,78.74478393914615,45411.462645021056
4400,0,297,0,0,502186,504201,562.920645,564.920997,2.000352000000021,39.57575048160661,33.3625,45.137499999999996,1,1,1,1,2015,80,80,2017.0,80.0,2015.0,2015,80,79.16543162738526,46241.86143238742
4400,0,298,0,0,504201,506195,564.920997,566.92203,2.001032999999893,39.42695803968403,33.3625,45.137499999999996,1,1,1,1,1994,80,80,1995.0,80.0,1995.0,1994,80,78.89464412702,45981.75042590748
4400,0,299,0,0,506195,507000,566.92203,567.696695,0.7746650000000272,39.07501133096617,33.3625,45.137499999999996,1,1,1,1,805,31,31,805.0,31.0,804.0,805,31,30.27004365270477,47963.958614367104
4400,0,300,0,0,507000,509078,567.696695,569.697599,2.0009039999999914,39.22717201992477,33.3625,45.137499999999996,1,1,1,1,2078,80,80,2087.0,80.0,2078.0,2078,80,78.4898054033547,45669.85722453471
4400,0,301,0,0,509078,511128,569.697599,571.698412,2.0008129999999937,39.109114914767474,33.3625,45.137499999999996,1,1,1,1,2050,80,80,2052.0,80.0,2050.0,2050,80,78.25002553996092,45696.924200312715
4400,0,302,0,0,511128,513215,571.698412,573.699892,2.001480000000015,39.24832009225096,33.3625,45.137499999999996,1,1,1,1,2087,80,80,2092.0,80.0,2087.0,2087,80,78.55472769823973,45886.54395747113
4400,0,303,0,0,513215,515227,573.699892,575.700475,2.000583000000006,39.16572563845986,33.3625,45.137499999999996,1,1,1,1,2012,80,80,2013.0,80.0,2012.0,2012,80,78.35428489496553,45644.194717239785
4400,0,304,0,0,515227,517286,575.700475,577.700489,2.0000139999999647,39.2040095015997,33.3625,45.137499999999996,1,1,1,1,2059,80,80,2059.0,80.0,2059.0,2059,80,78.40856785933283,46110.177228760214
4400,0,305,0,0,517286,519314,577.700489,579.700564,2.000075000000038,39.34061798122738,33.3625,45.137499999999996,1,1,1,1,2028,80,80,2029.0,80.0,2028.0,2028,80,78.6841865088063,45802.28241440859
4400,0,306,0,0,519314,520000,579.700564,580.406942,0.7063779999999724,39.28938197855824,33.3625,45.137499999999996,1,1,1,1,686,28,28,686.0,28.0,686.0,686,28,27.753155063248414,46116.951547190416
4400,0,307,0,0,520000,522095,580.406942,582.407179,2.0002370000000838,39.43928996622759,33.3625,45.137499999999996,1,1,1,1,2095,80,80,2095.0,80.0,2095.0,2095,80,78.88792704417938,47011.929086401295
4400,0,308,0,0,522095,524124,582.407179,584.407658,2.0004789999999275,39.2086922982835,33.3625,45.137499999999996,1,1,1,1,2029,80,80,2029.0,80.0,2029.0,2029,80,78.43616556017514,46106.95738370827
4400,0,309,0,0,524124,526178,584.407658,586.413541,2.00588300000004,39.033656960745866,33.3625,45.137499999999996,1,1,1,1,2054,80,80,2055.0,80.0,2054.0,2054,80,78.29694892539192,45988.72416785933
4400,0,310,0,0,526178,528171,586.413541,588.413906,2.000364999999988,39.40953544733971,33.3625,45.137499999999996,1,1,1,1,1993,80,80,1999.0,80.0,1993.0,1993,80,78.83345537511559,45438.70743589322
4400,0,311,0,0,528171,530208,588.413906,590.414911,2.0010049999999637,39.315861586941,33.3625,45.137499999999996,1,1,1,1,2037,80,80,2038.0,80.0,2037.0,2037,80,78.67123561477638,46079.345129073474
4400,0,312,0,1,530208,532227,590.414911,592.415771,2.0008599999999888,35.579817778154,33.3625,45.137499999999996,1,1,1,1,2019,80,80,2022.0,80.0,2019.0,2019,80,78.78728577055517,41734.16747205402
4400,0,313,1,1,532227,533000,592.415771,593.18385,0.768079000000057,39.20859203738986,33.3625,45.137499999999996,1,1,1,1,773,30,30,773.0,30.0,773.0,773,30,30.115296163487073,46738.681828298046
4400,0,314,1,1,533000,535059,593.18385,595.18417,2.000319999999988,39.11922745481513,33.3625,45.137499999999996,1,1,1,1,2059,80,80,2066.0,80.0,2059.0,2059,80,78.25097306241514,45646.69652855571
4400,0,315,1,1,535059,537057,595.18417,597.185878,2.001708000000008,39.324140483599635,33.3625,45.137499999999996,1,1,1,1,1998,80,80,1998.0,80.0,1998.0,1998,80,78.71544659914434,45260.34766309554
4400,0,316,1,1,537057,539066,597.185878,599.18655,2.0006720000000087,39.06607749745011,33.3625,45.137499999999996,1,1,1,1,2009,80,80,2009.0,80.0,2009.0,2009,80,78.15840739897976,45336.76684633944
4400,0,317,1,1,539066,541156,599.18655,601.187709,2.0011590000000297,39.14893616747245,33.3625,45.137499999999996,1,1,1,1,2090,80,80,2094.0,80.0,2091.0,2090,80,78.34324595196449,46234.706987300175
4400,0,318,1,1,541156,543220,601.187709,603.187841,2.000132000000008,39.17352389138467,33.3625,45.137499999999996,1,1,1,1,2064,80,80,2063.0,80.0,2063.0,2064,80,78.3522186879236,46266.44641453646
4400,0,319,1,1,543220,545272,603.187841,605.188357,2.000515999999948,39.07468214369909,33.3625,45.137499999999996,1,1,1,1,2052,80,80,2053.0,80.0,2052.0,2052,80,78.1695268233816,45981.63673772287
4400,0,320,1,1,545272,546000,605.188357,605.955238,0.7668810000000121,38.97225082768389,33.3625,45.137499999999996,1,1,1,1,728,31,31,728.0,31.0,728.0,728,31,29.88707868698475,45060.44614483792
4400,0,321,1,1,546000,548017,605.955238,607.955278,2.0000400000000127,39.24960958736411,33.3625,45.137499999999996,1,1,1,1,2017,79,79,2022.0,79.0,2017.0,2017,79,78.50078915911217,46168.07663846694
4400,0,322,1,1,548017,550075,607.955278,609.956144,2.0008659999999736,39.362063894043054,33.3625,45.137499999999996,1,1,1,1,2058,80,80,2059.0,80.0,2058.0,2058,80,78.75821533541603,46378.418144943855
4400,0,323,1,1,550075,552097,609.956144,611.959548,2.003404000000046,39.43721567053564,33.3625,45.137499999999996,1,1,1,1,2022,80,80,2022.0,80.0,2022.0,2022,80,79.00867562321582,46087.55897462413
4400,0,324,1,1,552097,554144,611.959548,613.960648,2.0010999999999513,39.19054392440197,33.3625,45.137499999999996,1,1,1,1,2047,80,80,2048.0,80.0,2047.0,2047,80,78.42419744711879,45937.73424616573
4400,0,325,1,1,554144,556118,613.960648,615.96074,2.000091999999995,39.12376919210231,33.3625,45.137499999999996,1,1,1,1,1974,80,80,1975.0,80.0,1974.0,1974,80,78.25113777097067,44666.94532051536
4400,0,326,1,1,556118,558110,615.96074,617.960747,2.0000069999999823,39.199352896721805,33.3625,45.137499999999996,1,1,1,1,1992,80,80,1993.0,80.0,1992.0,1992,80,78.39898018891472,45532.84063505818
4400,0,327,1,1,558110,559000,617.960747,618.824069,0.8633220000000392,38.98079744314404,33.3625,45.137499999999996,1,1,1,1,890,35,35,892.0,35.0,890.0,890,35,33.65298001021074,45185.921359583364
4400,0,328,1,1,559000,561022,618.824069,620.824044,1.9999749999999494,39.489706605859986,33.3625,45.137499999999996,1,1,1,1,2022,80,80,2026.0,80.0,2022.0,2022,80,78.9784259690532,46105.07631345509
4400,0,329,1,1,561022,562975,620.824044,622.82518,2.0011360000000877,39.48914092464788,33.3625,45.137499999999996,1,1,1,1,1953,80,80,1953.0,80.0,1953.0,1953,80,79.02314151338942,45962.8930767304
4400,0,330,1,1,562975,564945,622.82518,624.825563,2.0003829999999425,39.477888787934795,33.3625,45.137499999999996,1,1,1,1,1970,80,80,1972.0,80.0,1970.0,1970,80,78.97089760727249,45030.87658713486
4400,0,331,1,1,564945,566957,624.825563,626.825951,2.0003880000000436,39.44487002156694,33.3625,45.137499999999996,1,1,1,1,2012,79,79,2013.0,79.0,2012.0,2012,79,78.90504465270351,46247.52797957096
4400,0,332,1,1,566957,569041,626.825951,628.826243,2.000291999999945,39.433522532115475,33.3625,45.137499999999996,1,1,1,1,2084,80,80,2086.0,80.0,2084.0,2084,80,78.87855965280687,45508.35578005737
4400,0,333,1,1,569041,571154,628.826243,630.826245,2.000001999999995,39.45822894220879,33.3625,45.137499999999996,1,1,1,1,2113,80,80,2115.0,80.0,2113.0,2113,80,78.9165368008762,46960.95303904708
4400,0,334,1,1,571154,572000,630.826245,631.616001,0.7897560000000112,39.29146751505267,33.3625,45.137499999999996,1,1,1,1,846,32,32,846.0,32.0,846.0,846,32,31.030672218817926,46159.8265793479
4400,0,335,1,1,572000,574073,631.616001,633.616339,2.000338000000056,39.5507620805279,33.3625,45.137499999999996,1,1,1,1,2073,80,80,2075.0,80.0,2073.0,2073,80,79.11489231864107,45799.759840585655
4400,0,336,1,1,574073,576154,633.616339,635.616746,2.0004069999999956,39.717391537757656,33.3625,45.137499999999996,1,1,1,1,2081,80,80,2082.0,80.0,2081.0,2081,80,79.45094805387271,46627.01140317955
4400,0,337,1,1,576154,578281,635.616746,637.619299,2.0025529999999208,39.59505943695227,33.3625,45.137499999999996,1,1,1,1,2127,80,80,2127.0,80.0,2127.0,2127,80,79.29120506064282,46491.65340443108
4400,0,338,1,1,578281,580268,637.619299,639.620207,2.000908000000095,39.37384407326757,33.3625,45.137499999999996,1,1,1,1,1987,80,80,1987.0,80.0,1987.0,1987,80,78.78343959695849,46018.10777906612
4400,0,339,1,1,580268,582381,639.620207,641.620176,1.9999689999999646,39.522230964435806,33.3625,45.137499999999996,1,1,1,1,2113,80,80,2115.0,80.0,2113.0,2113,80,79.04323673971157,46219.21639785499
4400,0,340,1,1,582381,584459,641.620176,643.620985,2.000809000000004,39.559515928802455,33.3625,45.137499999999996,1,1,1,1,2078,79,79,2081.0,80.0,2078.0,2078,80,79.15103550599088,45966.90638636662
4400,0,341,1,1,584459,585000,643.620985,644.131658,0.510672999999997,39.56640390261593,33.3625,45.137499999999996,1,1,1,1,541,21,21,541.0,20.0,541.0,541,20,20.205494180161622,46687.41053472601
4400,0,342,1,1,585000,586994,644.131658,646.132761,2.0011029999999437,39.246461672929065,33.3625,45.137499999999996,1,1,1,1,1994,80,80,1998.0,80.0,1994.0,1994,80,78.53621219308116,45751.26817560245
4400,0,343,1,1,586994,589044,646.132761,648.133249,2.0004880000000185,39.31649291889717,33.3625,45.137499999999996,1,1,1,1,2050,80,80,2051.0,80.0,2050.0,2050,80,78.65217228633992,45818.820207868856
4400,0,344,1,1,589044,591122,648.133249,650.133297,2.0000479999999925,39.510309868224454,33.3625,45.137499999999996,1,1,1,1,2078,80,80,2079.0,80.0,2078.0,2078,80,79.02251623132179,46159.89216258827
4400,0,345,1,1,591122,593193,650.133297,652.133705,2.000407999999993,39.571522611638066,33.3625,45.137499999999996,1,1,1,1,2071,80,80,2071.0,80.0,2071.0,2071,80,79.15919040450171,46431.52796829463
4400,0,346,1,1,593193,595379,652.133705,654.134112,2.0004069999999956,39.76119839882469,33.3625,45.137499999999996,1,1,1,1,2186,80,80,2186.0,80.0,2186.0,2186,80,79.53857960539608,47362.36175938207
4400,0,347,1,1,595379,597470,654.134112,656.135217,2.0011050000000523,39.71000937554473,33.3625,45.137499999999996,1,1,1,1,2091,79,79,2091.0,80.0,2091.0,2091,80,79.4638983114528,45574.32018809488
4400,0,348,1,1,597470,598000,656.135217,656.645533,0.5103159999999889,39.89532727342446,33.3625,45.137499999999996,1,1,1,1,530,21,21,530.0,20.0,530.0,530,20,20.35922383286379,45140.657945274106
4400,0,349,1,1,598000,600015,656.645533,658.645835,2.0003020000000333,39.49854522149439,33.3625,45.137499999999996,1,1,1,1,2015,80,80,2021.0,80.0,2015.0,2015,80,79.00901900364624,45541.62321489379
4400,0,350,1,1,600015,602039,658.645835,660.646431,2.000595999999973,39.65188573055048,33.3625,45.137499999999996,1,1,1,1,2024,80,80,2025.0,80.0,2025.0,2024,80,79.32740398499664,45909.319022931784
4400,0,351,1,1,602039,604107,660.646431,662.646712,2.0002809999999727,39.58194091293007,33.3625,45.137499999999996,1,1,1,1,2068,80,80,2068.0,80.0,2067.0,2068,80,79.17500435125476,46204.508266589175
4400,0,352,1,1,604107,606128,662.646712,664.647204,2.0004920000000084,39.50033318311963,33.3625,45.137499999999996,1,1,1,1,2021,80,80,2023.0,80.0,2021.0,2021,80,79.0201005301642,45753.24470180317
4400,0,353,1,1,606128,608207,664.647204,666.647173,1.9999689999999646,39.22098632431967,33.3625,45.137499999999996,1,1,1,1,2079,78,78,2081.0,80.0,2079.0,2079,79,78.44075679806338,45881.71116652389
4400,0,354,1,1,608207,610227,666.647173,668.647528,2.000355000000013,39.30883245847052,33.3625,45.137499999999996,1,1,1,1,2020,80,80,2023.0,79.0,2020.0,2020,79,78.63161955246323,45238.97008281
4400,0,355,1,1,610227,611000,668.647528,669.365002,0.7174740000000384,39.54942411045095,33.3625,45.137499999999996,1,1,1,1,773,29,29,773.0,29.0,773.0,773,29,28.375683514223056,45742.42411571464
4400,0,356,1,1,611000,613039,669.365002,671.365243,2.00024099999996,39.42248951910616,33.3625,45.137499999999996,1,1,1,1,2039,80,80,2041.0,80.0,2039.0,2039,80,78.8544798581861,47067.32838693032
4400,0,357,1,1,613039,614996,671.365243,673.365598,2.000355000000013,39.44614266963212,33.3625,45.137499999999996,1,1,1,1,1957,79,79,1958.0,80.0,1957.0,1957,79,78.90628871991066,46803.192433342774
4400,0,358,1,1,614996,617004,673.365598,675.365587,1.9999890000000278,39.45671277992016,33.3625,45.137499999999996,1,1,1,1,2008,80,80,2008.0,80.0,2008.0,2008,80,78.91299153599903,45690.251296381495
4400,0,359,1,1,617004,619168,675.365587,677.366339,2.000752000000034,39.591260551094116,33.3625,45.137499999999996,1,1,1,1,2164,80,80,2169.0,80.0,2164.0,2164,80,79.21229373012466,46442.537605859405
4400,0,360,1,1,619168,621213,677.366339,679.368633,2.0022940000000062,39.48946741613459,33.3625,45.137499999999996,1,1,1,1,2045,80,80,2045.0,80.0,2045.0,2045,80,79.06952367052145,45953.29157456383
4400,0,361,1,1,621213,623321,679.368633,681.370884,2.002251000000001,39.566083127477725,33.3625,45.137499999999996,1,1,1,1,2108,80,80,2108.0,80.0,2108.0,2108,80,79.22122950807534,47812.686820982955
4400,0,362,1,1,623321,624000,681.370884,682.029964,0.6590799999999035,39.016222195334386,33.3625,45.137499999999996,1,1,1,1,679,26,26,679.0,26.0,679.0,679,26,25.71481172449785,46284.21435941686
4400,0,363,1,1,624000,626155,682.029964,684.030056,2.000091999999995,39.21025057396708,33.3625,45.137499999999996,1,1,1,1,2155,80,80,2156.0,80.0,2155.0,2155,80,78.42410849098815,45783.393963877774
4400,0,364,1,1,626155,628235,684.030056,686.030234,2.0001780000000053,39.232380327216106,33.3625,45.137499999999996,1,1,1,1,2080,80,80,2081.0,80.0,2080.0,2080,80,78.47174401813027,46346.875128113476
4400,0,365,1,1,628235,630298,686.030234,688.032587,2.0023530000000846,39.49335721595794,33.3625,45.137499999999996,1,1,1,1,2063,80,80,2064.0,80.0,2063.0,2063,80,79.07964230144717,46707.049156665205
4400,0,366,1,1,630298,632462,688.032587,690.032921,2.0003339999999525,39.18063065077061,33.3625,45.137499999999996,1,1,1,1,2164,80,80,2166.0,80.0,2164.0,2164,80,78.37434763217607,46429.24631586635
4400,0,367,1,1,632462,634571,690.032921,692.032929,2.00000799999998,39.22053785120316,33.3625,45.137499999999996,1,1,1,1,2109,80,80,2109.0,80.0,2109.0,2109,80,78.44138946670864,45646.81741273081
4400,0,368,1,1,634571,636642,692.032929,694.033023,2.00009399999999,39.23073784053582,33.3625,45.137499999999996,1,1,1,1,2071,80,80,2072.0,80.0,2071.0,2071,80,78.46516337042704,46223.827480108666
4400,0,369,1,1,636642,637000,694.033023,694.389167,0.3561440000000857,39.460311195278074,33.3625,45.137499999999996,1,1,1,1,358,14,14,358.0,14.0,358.0,358,14,14.053553070334601,48059.21200412159
4400,0,370,1,1,637000,639056,694.389167,696.3904,2.0012329999999565,39.20086483766307,33.3625,45.137499999999996,1,1,1,1,2056,80,80,2061.0,80.0,2056.0,2056,80,78.45006434166862,46063.10209755786
4400,0,371,1,1,639056,641155,696.3904,698.390603,2.000203000000056,39.25132355119822,33.3625,45.137499999999996,1,1,1,1,2099,80,80,2100.0,80.0,2099.0,2099,80,78.51061512107844,46746.75520434545
4400,0,372,1,1,641155,643175,698.390603,700.393796,2.0031929999998965,39.18771668563902,33.3625,45.137499999999996,1,1,1,1,2020,80,80,2021.0,80.0,2020.0,2020,80,78.5005597506497,44545.38329557092
4400,0,373,1,1,643175,645139,700.393796,702.39457,2.000774000000092,39.16257792552119,33.3625,45.137499999999996,1,1,1,1,1964,80,80,1965.0,80.0,1964.0,1964,80,78.3554676863605,45403.428873024044
4400,0,374,1,1,645139,647136,702.39457,704.394655,2.000084999999899,39.39356159290072,33.3625,45.137499999999996,1,1,1,1,1997,80,80,1997.0,80.0,1997.0,1997,80,78.79047163853465,46024.543956884154
4400,0,375,1,1,647136,649115,704.394655,706.394674,2.0000190000000657,38.968423951320574,33.3625,45.137499999999996,1,1,1,1,1979,80,80,1979.0,80.0,1979.0,1979,80,77.93758830269871,45319.5694640886
4400,0,376,1,1,649115,650000,706.394674,707.284742,0.890068000000042,39.29905397011467,33.3625,45.137499999999996,1,1,1,1,885,35,35,886.0,35.0,885.0,885,35,34.978830369072966,43774.18354552479
4400,0,377,1,1,650000,651955,707.284742,709.285758,2.001015999999936,39.26581249752239,33.3625,45.137499999999996,1,1,1,1,1955,80,80,1961.0,80.0,1955.0,1955,80,78.5715190605406,45369.952064352765
4400,0,378,1,1,651955,654098,709.285758,711.287653,2.0018949999999904,39.123266482074165,33.3625,45.137499999999996,1,1,1,1,2143,80,80,2143.0,80.0,2143.0,2143,80,78.32067155413097,47196.781049955396
4400,0,379,1,1,654098,656085,711.287653,713.288354,2.000701000000049,38.98832943991037,33.3625,45.137499999999996,1,1,1,1,1987,80,80,1989.0,80.0,1987.0,1987,80,78.00398969875823,46703.13055274012
4400,0,380,1,1,656085,658076,713.288354,715.288534,2.0001800000000003,38.996663845111705,33.3625,45.137499999999996,1,1,1,1,1991,80,80,1991.0,80.0,1991.0,1991,80,78.00034708971725,46094.35150836424
4400,0,381,1,1,658076,660050,715.288534,717.289033,2.0004989999999907,38.88890707810933,33.3625,45.137499999999996,1,1,1,1,1974,80,80,1974.0,80.0,1974.0,1974,80,77.79721972085099,45335.18887037705
4400,0,382,1,1,660050,662140,717.289033,719.290044,2.0010109999999486,39.11901137856335,33.3625,45.137499999999996,1,1,1,1,2090,80,80,2092.0,80.0,2090.0,2090,80,78.27757207762988,45820.837566611255
4400,0,383,1,1,662140,663000,719.290044,720.116551,0.8265069999999923,38.86616556266121,33.3625,45.137499999999996,1,1,1,1,860,33,33,861.0,33.0,860.0,860,33,32.12315790069988,47726.15355949842
4400,0,384,1,1,663000,665091,720.116551,722.11692,2.0003690000000915,39.086342732054455,33.3625,45.137499999999996,1,1,1,1,2091,80,80,2093.0,80.0,2091.0,2091,80,78.18710832458237,45877.53559468068
4400,0,385,1,1,665091,667065,722.11692,724.117108,2.00018799999998,38.93649552490713,33.3625,45.137499999999996,1,1,1,1,1974,80,80,1975.0,80.0,1974.0,1974,80,77.88031111097371,45102.76034052844
4400,0,386,1,1,667065,669079,724.117108,726.117702,2.0005939999999782,38.74987986367403,33.3625,45.137499999999996,1,1,1,1,2014,80,80,2015.0,80.0,2014.0,2014,80,77.52277715598757,45815.392828330485
4400,0,387,1,1,669079,671141,726.117702,728.118544,2.000842000000034,38.975440273581846,33.3625,45.137499999999996,1,1,1,1,2062,80,80,2063.0,80.0,2062.0,2062,80,77.98369786787589,45226.959450070746
4400,0,388,1,1,671141,673204,728.118544,730.118886,2.0003419999999323,39.08962852847762,33.3625,45.137499999999996,1,1,1,1,2063,79,79,2063.0,79.0,2063.0,2063,79,78.19262570990759,46166.605510459274
4400,0,389,1,1,673204,675300,730.118886,732.119296,2.000409999999988,38.96798082463765,33.3625,45.137499999999996,1,1,1,1,2096,80,80,2100.0,80.0,2096.0,2096,80,77.95193852141165,45958.578491409535
4400,0,390,1,1,675300,676000,732.119296,732.770559,0.6512630000000854,39.57454479591802,33.3625,45.137499999999996,1,1,1,1,700,26,26,700.0,26.0,700.0,700,26,25.773436767427484,45791.024516971
4400,0,391,1,1,676000,678019,732.770559,734.770964,2.0004050000000007,39.28582105111106,33.3625,45.137499999999996,1,1,1,1,2019,79,79,2022.0,80.0,2019.0,2019,79,78.58755285974621,46288.126654352476
4400,0,392,1,1,678019,680018,734.770964,736.772574,2.001609999999914,38.86586629585794,33.3625,45.137499999999996,1,1,1,1,1999,80,80,2000.0,80.0,1999.0,1999,80,77.79430663644962,45343.9980815463
4400,0,393,1,1,680018,682089,736.772574,738.774003,2.00142900000003,39.046844591641424,33.3625,45.137499999999996,1,1,1,1,2071,80,79,2071.0,80.0,2071.0,2071,79,78.14948712420664,45578.43420875716
4400,0,394,1,1,682089,684101,738.774003,740.775826,2.0018230000000585,39.239649986045016,33.3625,45.137499999999996,1,1,1,1,2012,80,80,2012.0,80.0,2012.0,2012,80,78.55083385401667,45954.61237082265
4400,0,395,1,1,684101,686172,740.775826,742.777122,2.001295999999911,38.99741298075614,33.3625,45.137499999999996,1,1,1,1,2071,80,80,2071.0,80.0,2071.0,2071,80,78.04536660873055,45625.934394514385
4400,0,396,1,1,686172,688176,742.777122,744.779013,2.0018910000000005,38.96724511978612,33.3625,45.137499999999996,1,1,1,1,2004,80,80,2007.0,80.0,2004.0,2004,80,78.00817730009294,45443.53313941667
4400,0,397,1,1,688176,689000,744.779013,745.601595,0.8225820000000112,39.29328298727798,33.3625,45.137499999999996,1,1,1,1,824,33,33,825.0,33.0,824.0,824,33,32.32194730624178,44408.946463695414
4400,0,398,1,1,689000,691059,745.601595,747.602268,2.000673000000006,38.91298880766039,33.3625,45.137499999999996,1,1,1,1,2059,80,80,2060.0,80.0,2059.0,2059,80,77.85216605678943,45810.08490642885
4400,0,399,1,1,691059,693125,747.602268,749.604005,2.0017370000000483,38.895374017191024,33.3625,45.137499999999996,1,1,1,1,2066,80,80,2066.0,80.0,2066.0,2066,80,77.85830929905205,45612.38564306789
4400,0,400,1,1,693125,695120,749.604005,751.604513,2.000507999999968,38.63632236515873,33.3625,45.137499999999996,1,1,1,1,1995,80,80,1995.0,80.0,1995.0,1995,80,77.29227198207809,44923.589408291016
4400,0,401,1,1,695120,697186,751.604513,753.606384,2.001871000000051,38.88580846606647,33.3625,45.137499999999996,1,1,1,1,2066,80,80,2066.0,80.0,2066.0,2066,80,77.84437227977469,46454.54177616721
4400,0,402,1,1,697186,699247,753.606384,755.60667,2.00028599999996,38.98700201584495,33.3625,45.137499999999996,1,1,1,1,2061,80,80,2061.0,80.0,2061.0,2061,80,77.98515431426495,45502.49314348139
4400,0,403,1,1,699247,701269,755.60667,757.606796,2.000126000000023,38.92139038827047,33.3625,45.137499999999996,1,1,1,1,2022,80,80,2022.0,80.0,2022.0,2022,80,77.84768487172914,45700.12089238325
4400,0,404,1,1,701269,702000,757.606796,758.32659,0.719793999999979,39.36060985249952,33.3625,45.137499999999996,1,1,1,1,731,29,29,731.0,29.0,731.0,731,29,28.33153080816919,46773.104527129966
4400,0,405,1,1,702000,703994,758.32659,760.327958,2.0013679999999567,39.332246256534184,33.3625,45.137499999999996,1,1,1,1,1994,79,79,1999.0,79.0,1994.0,1994,79,78.71829902594618,45581.82203372991
4400,0,406,1,1,703994,706070,760.327958,762.328065,2.000107000000071,39.39526636455372,33.3625,45.137499999999996,1,1,1,1,2076,80,80,2076.0,80.0,2076.0,2076,80,78.79474802261029,47124.47884038037
4400,0,407,1,1,706070,708060,762.328065,764.328272,2.000206999999932,39.273645955648455,33.3625,45.137499999999996,1,1,1,1,1990,80,80,1990.0,80.0,1990.0,1990,80,78.55542155600779,45963.74275262666
4400,0,408,1,1,708060,710072,764.328272,766.328238,1.9999660000000858,39.21651212584357,33.3625,45.137499999999996,1,1,1,1,2012,80,80,2014.0,80.0,2012.0,2012,80,78.43169089027651,45057.265973519614
4400,0,409,1,1,710072,712114,766.328238,768.328799,2.000560999999948,39.282564218699534,33.3625,45.137499999999996,1,1,1,1,2042,80,80,2042.0,80.0,2042.0,2042,80,78.58716595592341,46615.424373464455
4400,0,410,1,1,712114,714138,768.328799,770.329115,2.000315999999998,39.3588735728531,33.3625,45.137499999999996,1,1,1,1,2024,80,80,2024.0,80.0,2024.0,2024,80,78.73018454975681,45739.27319483526
4400,0,411,1,1,714138,715000,770.329115,771.163599,0.8344839999999749,39.55583657762879,33.3625,45.137499999999996,1,1,1,1,862,33,33,864.0,33.0,862.0,862,33,33.00871273064331,47679.763782171016
4400,0,412,1,1,715000,717042,771.163599,773.163708,2.000109000000066,39.28707425775478,33.3625,45.137499999999996,1,1,1,1,2042,79,79,2046.0,80.0,2042.0,2042,79,78.57843080660678,46680.455915151084
4400,0,413,1,1,717042,719125,773.163708,775.164193,2.0004849999999124,39.22211789112813,33.3625,45.137499999999996,1,1,1,1,2083,80,80,2084.0,80.0,2083.0,2083,80,78.46325850942958,45835.88479793851
4400,0,414,1,1,719125,721227,775.164193,777.164457,2.0002640000000156,39.41932960129007,33.3625,45.137499999999996,1,1,1,1,2102,80,80,2102.0,80.0,2102.0,2102,80,78.84906590559694,46721.83271808085
4400,0,415,1,1,721227,723299,777.164457,779.164554,2.0000969999999825,39.27376357627537,33.3625,45.137499999999996,1,1,1,1,2072,80,80,2072.0,80.0,2072.0,2072,80,78.55133670761643,46207.25894794143
4400,0,416,1,1,723299,725399,779.164554,781.164642,2.000088000000005,39.18740578603028,33.3625,45.137499999999996,1,1,1,1,2100,80,80,2100.0,80.0,2100.0,2100,80,78.37826006377145,46387.95892980697
4400,0,417,1,1,725399,727485,781.164642,783.164797,2.0001550000000634,39.183546845244344,33.3625,45.137499999999996,1,1,1,1,2086,80,80,2086.0,80.0,2086.0,2086,80,78.37316714025292,46091.427914335174
4400,0,418,1,1,727485,728000,783.164797,783.65966,0.4948630000000094,39.22029916228278,33.3625,45.137499999999996,1,1,1,1,515,20,20,515.0,20.0,515.0,515,20,19.40867490434539,46006.67255381705
4400,0,419,1,1,728000,730026,783.65966,785.660654,2.0009939999999915,39.39913426880145,33.3625,45.137499999999996,1,1,1,1,2026,80,80,2027.0,80.0,2026.0,2026,80,78.83743127706475,45883.69580318601
4400,0,420,1,1,730026,732174,785.660654,787.661273,2.000619000000029,39.441118926645686,33.3625,45.137499999999996,1,1,1,1,2148,80,80,2148.0,80.0,2148.0,2148,80,78.9066519059088,45718.35017062153
4400,0,421,1,1,732174,734207,787.661273,789.661282,2.0000089999999773,39.44626495044107,33.3625,45.137499999999996,1,1,1,1,2033,79,79,2033.0,79.0,2033.0,2033,79,78.8928849172662,45297.29616216778
4400,0,422,1,1,734207,736229,789.661282,791.661456,2.0001740000000154,39.25631794958264,33.3625,45.137499999999996,1,1,1,1,2022,80,80,2022.0,80.0,2022.0,2022,80,78.51946649848833,45761.0187913648
4400,0,423,1,1,736229,738339,791.661456,793.661541,2.0000850000000128,39.50859265281242,33.3625,45.137499999999996,1,1,1,1,2110,80,80,2110.0,80.0,2110.0,2110,80,79.02054353600033,46553.521475337
4400,0,424,1,1,738339,740403,793.661541,795.661922,2.0003809999999476,39.36254940031922,33.3625,45.137499999999996,1,1,1,1,2064,80,80,2064.0,80.0,2064.0,2064,80,78.7400959319566,45873.76104852146
4400,0,425,1,1,740403,741000,795.661922,796.21726,0.5553380000000061,39.28045254381529,33.3625,45.137499999999996,1,1,1,1,597,22,22,597.0,22.0,597.0,597,22,21.813927954775863,46013.418854823045
4400,0,426,1,1,741000,743028,796.21726,798.217451,2.0001909999999725,39.40273653063852,33.3625,45.137499999999996,1,1,1,1,2028,79,79,2032.0,80.0,2028.0,2028,79,78.81299898395446,46158.59185447853
4400,0,427,1,1,743028,745125,798.217451,800.218375,2.0009240000000545,39.64208440024869,33.3625,45.137499999999996,1,1,1,1,2097,80,80,2098.0,80.0,2097.0,2097,80,79.32079808648632,46454.53800344114
4400,0,428,1,1,745125,747227,800.218375,802.220043,2.001667999999995,39.63762407272694,33.3625,45.137499999999996,1,1,1,1,2102,80,80,2103.0,80.0,2102.0,2102,80,79.34136370240594,46864.41507782521
4400,0,429,1,1,747227,749246,802.220043,804.221532,2.0014889999999923,39.78791141412343,33.3625,45.137499999999996,1,1,1,1,2019,80,80,2021.0,80.0,2020.0,2019,80,79.63506702834275,47049.471668343096
4400,0,430,1,1,749246,751384,804.221532,806.222299,2.000766999999996,39.58185122975233,33.3625,45.137499999999996,1,1,1,1,2138,80,80,2141.0,80.0,2137.0,2138,80,79.19406173939933,46799.55237166556
4400,0,431,1,1,751384,753518,806.222299,808.222889,2.0005899999999883,39.8735183900162,33.3625,45.137499999999996,1,1,1,1,2134,80,80,2136.0,80.0,2135.0,2134,80,79.77056215588163,47189.579074173394
4400,0,432,1,1,753518,754000,808.222889,808.687705,0.46481600000004164,39.54565287226126,33.3625,45.137499999999996,1,1,1,1,482,19,19,484.0,19.0,481.0,482,19,18.38145218547288,46874.462152761625
4400,0,433,1,1,754000,756100,808.687705,810.688666,2.000960999999961,39.57756354125895,33.3625,45.137499999999996,1,1,1,1,2100,80,80,2102.0,80.0,2100.0,2100,80,79.19316112107845,46629.09471998795
4400,0,434,1,1,756100,758121,810.688666,812.688731,2.0000649999999496,39.61057675623558,33.3625,45.137499999999996,1,1,1,1,2021,80,80,2022.0,80.0,2021.0,2021,80,79.22372819995871,45902.008184735154
4400,0,435,1,1,758121,760238,812.688731,814.689427,2.0006960000000618,39.452889126686486,33.3625,45.137499999999996,1,1,1,1,2117,79,79,2118.0,79.0,2117.0,2117,79,78.9332374642072,46651.2653596534
4400,0,436,1,1,760238,762337,814.689427,816.690166,2.000738999999953,39.86749043883895,33.3625,45.137499999999996,1,1,1,1,2099,80,80,2101.0,80.0,2099.0,2099,80,79.76444295311012,46606.77879523625
4400,0,437,1,1,762337,764446,816.690166,818.691558,2.00139200000001,39.73750680321517,33.3625,45.137499999999996,1,1,1,1,2109,80,80,2110.0,80.0,2109.0,2109,80,79.53032821590023,45929.533045000455
4400,0,438,1,1,764446,766546,818.691558,820.691589,2.0000310000000354,39.61921798553201,33.3625,45.137499999999996,1,1,1,1,2100,80,80,2100.0,80.0,2100.0,2100,80,79.23966416682379,47113.76973656825
4400,0,439,1,1,766546,767000,820.691589,821.135095,0.44350599999995666,39.6040069962876,33.3625,45.137499999999996,1,1,1,1,454,18,18,454.0,18.0,454.0,454,18,17.564614726892614,45879.8753568204
4400,0,440,1,1,767000,769097,821.135095,823.137809,2.002713999999969,39.69053876384337,33.3625,45.137499999999996,1,1,1,1,2097,79,79,2101.0,80.0,2097.0,2097,79,79.48879764989033,46577.79393363278
4400,0,441,1,1,769097,771195,823.137809,825.138665,2.000855999999999,39.68300390940026,33.3625,45.137499999999996,1,1,1,1,2098,80,80,2098.0,80.0,2098.0,2098,80,79.39997647014752,45305.60919926274
4400,0,442,1,1,771195,773354,825.138665,827.138886,2.0002210000000105,39.795665432934236,33.3625,45.137499999999996,1,1,1,1,2159,80,80,2160.0,80.0,2159.0,2159,80,79.60012570792969,47545.24625028909
4400,0,443,1,1,773354,775408,827.138886,829.138937,2.0000510000000986,39.782047649530405,33.3625,45.137499999999996,1,1,1,1,2054,80,80,2066.0,80.0,2054.0,2054,80,79.56612418349323,46573.812367782324
4400,0,444,1,1,775408,777534,829.138937,831.142102,2.003164999999967,39.892627988262994,33.3625,45.137499999999996,1,1,1,1,2126,80,80,2127.0,80.0,2126.0,2126,80,79.91151614410774,46684.621586340385
4400,0,445,1,1,777534,779560,831.142102,833.142895,2.0007929999999305,39.671748443240965,33.3625,45.137499999999996,1,1,1,1,2026,80,80,2027.0,80.0,2026.0,2026,80,79.37495658299304,46222.172908443405
4400,0,446,1,1,779560,780000,833.142895,833.589251,0.44635600000003706,39.552419122562206,33.3625,45.137499999999996,1,1,1,1,440,18,18,444.0,18.0,440.0,440,18,17.654459589870385,46395.70208532714
4400,0,447,1,1,780000,782028,833.589251,835.589275,2.000024000000053,39.73595351845774,33.3625,45.137499999999996,1,1,1,1,2028,79,79,2033.0,80.0,2028.0,2028,80,79.47286069980328,45917.448990610894
4400,0,448,1,1,782028,784130,835.589275,837.589545,2.0002700000000004,39.660504773712375,33.3625,45.137499999999996,1,1,1,1,2102,80,80,2102.0,79.0,2102.0,2102,79,79.33171788371328,46632.70458488103
4400,0,449,1,1,784130,786218,837.589545,839.589605,2.000059999999962,39.74112882167429,33.3625,45.137499999999996,1,1,1,1,2088,80,80,2089.0,80.0,2088.0,2088,80,79.48464211107785,47096.58710238782
4400,0,450,1,1,786218,788329,839.589605,841.591058,2.0014529999999695,39.49244409765271,33.3625,45.137499999999996,1,1,1,1,2111,80,80,2111.0,80.0,2111.0,2111,80,79.04227071657806,46415.27929958956
4400,0,451,1,1,788329,790499,841.591058,843.591123,2.0000650000000633,39.6159949400465,33.3625,45.137499999999996,1,1,1,1,2170,80,79,2171.0,80.0,2170.0,2170,79,79.23456491976685,46786.979423167264
4400,0,452,1,1,790499,792585,843.591123,845.591153,2.0000299999999243,39.4815404834692,33.3625,45.137499999999996,1,1,1,1,2086,80,80,2086.0,80.0,2086.0,2086,80,78.9642654131494,46253.30620040875
4400,0,453,1,1,792585,793000,845.591153,846.009911,0.4187580000000253,39.456874208766415,33.3625,45.137499999999996,1,1,1,1,415,17,17,416.0,17.0,415.0,415,17,16.522881729913934,45799.72203515835
4400,0,454,1,1,793000,795050,846.009911,848.009936,2.0000250000000506,39.68393898124001,33.3625,45.137499999999996,1,1,1,1,2050,80,80,2059.0,80.0,2050.0,2050,80,79.3688700609564,47358.408019898554
4400,0,455,1,1,795050,797172,848.009936,850.010361,2.00042499999995,39.4659170028494,33.3625,45.137499999999996,1,1,1,1,2122,80,80,2123.0,80.0,2122.0,2122,80,78.94860702042206,45619.80579127049
4400,0,456,1,1,797172,799146,850.010361,852.010864,2.0005029999999806,39.5749653612011,33.3625,45.137499999999996,1,1,1,1,1974,80,80,1975.0,80.0,1974.0,1974,80,79.16983692997746,46695.25614308047
4400,0,457,1,1,799146,801236,852.010864,854.012501,2.0016370000000734,39.62116028781574,33.3625,45.137499999999996,1,1,1,1,2090,80,80,2092.0,80.0,2090.0,2090,80,79.30718041502405,45828.48938143961
4400,0,458,1,1,801236,803313,854.012501,856.012498,1.9999970000000076,39.43446544965572,33.3625,45.137499999999996,1,1,1,1,2077,79,79,2077.0,80.0,2077.0,2077,80,78.8688125959161,46242.56936385387
4400,0,459,1,1,803313,805499,856.012498,858.012615,2.000116999999932,39.70853540032094,33.3625,45.137499999999996,1,1,1,1,2186,80,80,2187.0,79.0,2186.0,2186,79,79.42171669928211,46680.26920425314
4400,0,460,1,1,805499,806000,858.012615,858.465294,0.4526789999999892,39.399925968112896,33.3625,45.137499999999996,1,1,1,1,501,18,18,502.0,19.0,501.0,501,19,17.83551908731897,47833.01191352044
4400,0,461,1,1,806000,808071,858.465294,860.465447,2.0001530000000685,39.29095492585847,33.3625,45.137499999999996,1,1,1,1,2071,80,80,2077.0,79.0,2071.0,2071,79,78.58792136782358,46864.914834013594
4400,0,462,1,1,808071,810172,860.465447,862.466373,2.000925999999936,39.190706579170616,33.3625,45.137499999999996,1,1,1,1,2101,80,80,2101.0,80.0,2101.0,2101,80,78.4177037526315,46259.58181362178
4400,0,463,1,1,810172,812149,862.466373,864.466945,2.0005720000000338,39.259275749812815,33.3625,45.137499999999996,1,1,1,1,1977,80,80,1978.0,80.0,1977.0,1977,80,78.54100780535737,46086.3193126758
4400,0,464,1,1,812149,814181,864.466945,866.467953,2.001007999999956,39.33111250077384,33.3625,45.137499999999996,1,1,1,1,2032,79,79,2033.0,80.0,2032.0,2032,79,78.70187076294678,45956.33800564616
4400,0,465,1,1,814181,816255,866.467953,868.468289,2.000336000000061,39.30331774200337,33.3625,45.137499999999996,1,1,1,1,2074,80,80,2076.0,80.0,2074.0,2074,80,78.6198413987695,46263.227777731925
4400,0,466,1,1,816255,818320,868.468289,870.469426,2.0011369999999715,39.230072974068094,33.3625,45.137499999999996,1,1,1,1,2065,80,80,2066.0,80.0,2065.0,2065,80,78.50475054110575,46574.522384025346
4400,0,467,1,1,818320,819000,870.469426,871.135826,0.6663999999999533,39.37390986404214,33.3625,45.137499999999996,1,1,1,1,680,27,27,680.0,27.0,680.0,680,27,26.238773533394124,44476.2905162096
4400,0,468,1,1,819000,821093,871.135826,873.138317,2.0024910000000773,39.1567414252138,33.3625,45.137499999999996,1,1,1,1,2093,80,80,2098.0,80.0,2093.0,2093,80,78.41102229331955,45896.33611336903
4400,0,469,1,1,821093,823202,873.138317,875.138707,2.000389999999925,39.3563307884997,33.3625,45.137499999999996,1,1,1,1,2109,80,80,2110.0,80.0,2109.0,2109,80,78.72801054600495,46282.47491739285
4400,0,470,1,1,823202,825290,875.138707,877.138733,2.000026000000048,39.412952663082606,33.3625,45.137499999999996,1,1,1,1,2088,80,80,2088.0,80.0,2088.0,2088,80,78.8269300629363,46207.39930380794
4400,0,471,1,1,825290,827374,877.138733,879.138795,2.000061999999957,39.31847030205938,33.3625,45.137499999999996,1,1,1,1,2084,79,79,2088.0,80.0,2084.0,2084,80,78.63937834927492,46458.559784647674
4400,0,472,1,1,827374,829472,879.138795,881.141072,2.002277000000049,39.432608705164306,33.3625,45.137499999999996,1,1,1,1,2098,80,80,2098.0,80.0,2098.0,2098,80,78.95500546035328,46683.85043627715
4400,0,473,1,1,829472,831542,881.141072,883.141925,2.0008530000000064,39.28638953913777,33.3625,45.137499999999996,1,1,1,1,2070,80,80,2072.0,79.0,2070.0,2070,79,78.60629036855244,46369.723313006856
4400,0,474,1,1,831542,832000,883.141925,883.583099,0.4411739999999327,39.539069291559834,33.3625,45.137499999999996,1,1,1,1,458,18,18,459.0,18.0,458.0,458,18,17.44360935563236,45514.92155023429
4400,0,475,1,1,832000,834059,883.583099,885.583167,2.0000680000000557,39.32522984079847,33.3625,45.137499999999996,1,1,1,1,2059,80,80,2061.0,80.0,2059.0,2059,80,78.65313379723011,46026.43510120528
4400,0,476,1,1,834059,836250,885.583167,887.583166,1.9999990000000025,39.300425931394535,33.3625,45.137499999999996,1,1,1,1,2191,79,79,2191.0,80.0,2191.0,2191,79,78.60081256236299,47327.02366351177
4400,0,477,1,1,836250,838349,887.583166,889.584842,2.001675999999975,39.48416152574185,33.3625,45.137499999999996,1,1,1,1,2099,80,80,2100.0,80.0,2099.0,2099,80,79.03449850620018,46011.941992610766
4400,0,478,1,1,838349,840425,889.584842,891.586527,2.001685000000066,39.34718232748008,33.3625,45.137499999999996,1,1,1,1,2076,80,80,2076.0,80.0,2076.0,2076,80,78.76066465718759,46439.87440581158
4400,0,479,1,1,840425,842559,891.586527,893.586786,2.0002589999999145,39.32394143001787,33.3625,45.137499999999996,1,1,1,1,2134,80,80,2134.0,80.0,2134.0,2134,80,78.65806776086538,46080.032635775635
4400,0,480,1,1,842559,844633,893.586786,895.586853,2.000067000000058,39.422464030844466,33.3625,45.137499999999996,1,1,1,1,2074,80,80,2074.0,80.0,2074.0,2074,80,78.84756936677877,46662.436808365565
4400,0,481,1,1,844633,845000,895.586853,895.940281,0.35342800000000807,39.721689649891466,33.3625,45.137499999999996,1,1,1,1,367,14,14,368.0,14.0,367.0,367,14,14.03875732958113,46289.48470409709
4400,0,482,1,1,845000,847062,895.940281,897.941244,2.000962999999956,39.41968624180066,33.3625,45.137499999999996,1,1,1,1,2062,79,79,2082.0,80.0,2063.0,2062,79,78.87733364145242,46116.794763322476
4400,0,483,1,1,847062,849082,897.941244,899.943676,2.002431999999999,39.378991901500605,33.3625,45.137499999999996,1,1,1,1,2020,80,80,2021.0,80.0,2019.0,2020,80,78.85375351130642,46169.85745333677
4400,0,484,1,1,849082,851082,899.943676,901.945039,2.0013629999999694,39.47156353244376,33.3625,45.137499999999996,1,1,1,1,2000,80,80,2000.0,80.0,2000.0,2000,80,78.99692680597946,46534.286883489614
4400,0,485,1,1,851082,853174,901.945039,903.947301,2.002262000000087,39.18217031589723,33.3625,45.137499999999996,1,1,1,1,2092,80,80,2093.0,80.0,2092.0,2092,80,78.45297070105153,46529.37527656019
4400,0,486,1,1,853174,855204,903.947301,905.949802,2.0025009999999384,39.42421254378445,33.3625,45.137499999999996,1,1,1,1,2030,80,80,2031.0,80.0,2030.0,2030,80,78.94702504314046,46622.69831575758
4400,0,487,1,1,855204,857241,905.949802,907.950132,2.0003300000000763,39.45496783329653,33.3625,45.137499999999996,1,1,1,1,2037,80,80,2042.0,80.0,2037.0,2037,80,78.92295580598147,46278.86398744031
4400,0,488,1,1,857241,858000,907.950132,908.623517,0.6733849999999393,39.44438031629082,33.3625,45.137499999999996,1,1,1,1,759,27,27,759.0,27.0,759.0,759,27,26.561254039283085,47760.1966185806
4400,0,489,1,1,858000,860031,908.623517,910.624598,2.001080999999999,39.214919161607355,33.3625,45.137499999999996,1,1,1,1,2031,79,79,2034.0,80.0,2031.0,2031,80,78.4722296508262,46041.61450735879
4400,0,490,1,1,860031,862039,910.624598,912.625164,2.000566000000049,39.18954710298499,33.3625,45.137499999999996,1,1,1,1,2008,80,80,2008.0,79.0,2008.0,2008,79,78.4012754896321,46068.462625075976
4400,0,491,1,1,862039,864101,912.625164,914.62537,2.0002059999999346,39.470685943439975,33.3625,45.137499999999996,1,1,1,1,2062,80,80,2062.0,80.0,2062.0,2062,80,78.94950284818333,45676.795290086615
4400,0,492,1,1,864101,866182,914.62537,916.627044,2.00167399999998,39.17722629658025,33.3625,45.137499999999996,1,1,1,1,2081,80,80,2081.0,80.0,2081.0,2081,80,78.42003526997723,45592.33921207995
4400,0,493,1,1,866182,868152,916.627044,918.628208,2.001164000000017,38.95644272992864,33.3625,45.137499999999996,1,1,1,1,1970,79,79,1971.0,80.0,1970.0,1970,79,77.95823075919907,44506.597160452235
4400,0,494,1,1,868152,870191,918.628208,920.628185,1.999977000000058,39.48034136908455,33.3625,45.137499999999996,1,1,1,1,2039,80,80,2041.0,80.0,2039.0,2039,80,78.95977469031641,46182.031093356236
4400,0,495,1,1,870191,871000,920.628185,921.404417,0.7762319999999363,39.33721048345404,33.3625,45.137499999999996,1,1,1,1,809,31,31,809.0,31.0,809.0,809,31,30.534801567991963,46879.02585825241
4400,0,496,1,1,871000,873004,921.404417,923.405583,2.001166000000012,39.27938959559878,33.3625,45.137499999999996,1,1,1,1,2004,80,80,2010.0,80.0,2004.0,2004,80,78.60457895946456,46203.06361391281
4400,0,497,1,1,873004,875096,923.405583,925.405948,2.000364999999988,39.67394483563979,33.3625,45.137499999999996,1,1,1,1,2092,80,80,2095.0,80.0,2092.0,2092,80,79.362370661147,46409.030351961046
4400,0,498,1,1,875096,877204,925.405948,927.410245,2.004297000000065,39.18516059300961,33.3625,45.137499999999996,1,1,1,1,2108,80,80,2108.0,80.0,2108.0,2108,80,78.53869982108881,47306.86120869159
4400,0,499,1,1,877204,879309,927.410245,929.411042,2.0007969999999204,39.101770538117215,33.3625,45.137499999999996,1,1,1,1,2105,80,80,2105.0,80.0,2105.0,2105,80,78.23470518735121,46592.432915485035
4400,0,500,1,1,879309,881337,929.411042,931.412399,2.001357000000098,39.015337800656816,33.3625,45.137499999999996,1,1,1,1,2028,80,80,2028.0,80.0,2028.0,2028,80,78.0836194147123,45547.59595614152
4400,0,501,1,1,881337,883409,931.412399,933.412478,2.0000789999999142,38.95116254823282,33.3625,45.137499999999996,1,1,1,1,2072,80,80,2072.0,80.0,2072.0,2072,80,77.90540223830612,44922.72555234261
4400,0,502,1,1,883409,884000,933.412478,934.007126,0.5946480000000065,39.05483252735157,33.3625,45.137499999999996,1,1,1,1,591,24,24,596.0,24.0,591.0,591,24,23.223878052725922,45753.117810872485
4400,0,503,1,1,884000,886047,934.007126,936.008598,2.0014720000000352,39.066001356938294,33.3625,45.137499999999996,1,1,1,1,2047,80,80,2050.0,80.0,2047.0,2047,80,78.189507867879,46089.078438268625
4400,0,504,1,1,886047,888082,936.008598,938.011107,2.002509000000032,39.28933891055053,33.3625,45.137499999999996,1,1,1,1,2035,80,80,2037.0,80.0,2035.0,2035,80,78.6772547724322,45833.00249836507
4400,0,505,1,1,888082,890084,938.011107,940.011072,1.9999649999999747,39.054655303660134,33.3625,45.137499999999996,1,1,1,1,2002,80,80,2005.0,80.0,2002.0,2002,80,78.10794369438372,46071.80625661007
4400,0,506,1,1,890084,892134,940.011072,942.012236,2.001164000000017,39.060477211557114,33.3625,45.137499999999996,1,1,1,1,2050,80,80,2051.0,80.0,2051.0,2050,80,78.16642081859027,45407.5727926343
4400,0,507,1,1,892134,894213,942.012236,944.012563,2.00032699999997,39.268332225003874,33.3625,45.137499999999996,1,1,1,1,2079,79,79,2079.0,80.0,2078.0,2079,80,78.54950519464182,46369.91851832294
4400,0,508,1,1,894213,896272,944.012563,946.012792,2.0002289999999903,39.33255076966,33.3625,45.137499999999996,1,1,1,1,2059,80,80,2060.0,79.0,2059.0,2059,79,78.67410869344894,46224.707271017694
4400,0,509,1,1,896272,897000,946.012792,946.704957,0.6921650000000454,39.330482523629186,33.3625,45.137499999999996,1,1,1,1,728,28,28,730.0,28.0,728.0,728,28,27.223183435969986,47378.87642397094
4400,0,510,1,1,897000,899033,946.704957,948.705312,2.000355000000013,39.25309576425849,33.3625,45.137499999999996,1,1,1,1,2033,80,80,2034.0,80.0,2033.0,2033,80,78.52012637751614,45450.432548222394
4400,0,511,1,1,899033,901076,948.705312,950.70557,2.000257999999917,39.417780296611156,33.3625,45.137499999999996,1,1,1,1,2043,80,80,2044.0,80.0,2043.0,2043,80,78.8457303805335,46295.5278769058
4400,0,512,1,1,901076,903104,950.70557,952.70563,2.000060000000076,39.35560324041438,33.3625,45.137499999999996,1,1,1,1,2028,80,80,2031.0,80.0,2028.0,2028,80,78.71356781702343,46045.11864643886
4400,0,513,1,1,903104,905144,952.70563,954.707321,2.001690999999937,39.22718090989338,33.3625,45.137499999999996,1,1,1,1,2040,80,80,2043.0,80.0,2040.0,2040,80,78.5206949827043,46609.09201270473
4400,0,514,1,1,905144,907215,954.707321,956.708533,2.0012120000000095,39.24917680296267,33.3625,45.137499999999996,1,1,1,1,2071,80,80,2076.0,80.0,2071.0,2071,80,78.5459236082097,46218.99129127726
4400,0,515,1,1,907215,909258,956.708533,958.710267,2.001734000000056,39.33060750229619,33.3625,45.137499999999996,1,1,1,1,2043,80,80,2043.0,80.0,2043.0,2043,80,78.72941427800106,46715.49766352442
4400,0,516,1,1,909258,910000,958.710267,959.476043,0.7657759999999598,39.062228055575524,33.3625,45.137499999999996,1,1,1,1,742,30,30,743.0,30.0,742.0,742,30,29.912916751483863,44924.364304968825
4400,0,517,1,1,910000,911969,959.476043,961.476015,1.999971999999957,39.17976850779881,33.3625,45.137499999999996,1,1,1,1,1969,80,80,1973.0,80.0,1969.0,1969,80,78.35843998207565,45819.64147498163
4400,0,518,1,1,911969,914009,961.476015,963.476137,2.000122000000033,39.37694698810241,33.3625,45.137499999999996,1,1,1,1,2040,80,80,2040.0,80.0,2040.0,2040,80,78.75869796374172,46071.189657430135
4400,0,519,1,1,914009,916087,963.476137,965.478884,2.0027469999999994,39.348323095993635,33.3625,45.137499999999996,1,1,1,1,2078,80,80,2079.0,80.0,2079.0,2078,80,78.804736035534,46221.01543529963
4400,0,520,1,1,916087,918132,965.478884,967.478973,2.0000890000000027,39.62265919819892,33.3625,45.137499999999996,1,1,1,1,2045,80,80,2045.0,80.0,2044.0,2045,80,79.24884481306799,45975.95407004382
4400,0,521,1,1,918132,920126,967.478973,969.481526,2.0025530000000344,39.261734795605676,33.3625,45.137499999999996,1,1,1,1,1994,80,80,1994.0,80.0,1994.0,1994,80,78.62370480014943,44527.660441445725
4400,0,522,1,1,920126,922197,969.481526,971.482777,2.0012510000000248,39.395244727949326,33.3625,45.137499999999996,1,1,1,1,2071,80,80,2073.0,80.0,2071.0,2071,80,78.83977290705661,46217.09120944792
4400,0,523,1,1,922197,923000,971.482777,972.286381,0.8036039999999502,39.34095537667032,33.3625,45.137499999999996,1,1,1,1,803,32,32,803.0,32.0,803.0,803,32,31.614549104509933,45467.66815496471
4400,0,524,1,1,923000,925095,972.286381,974.287366,2.0009850000000142,39.37280496602452,33.3625,45.137499999999996,1,1,1,1,2095,80,80,2098.0,80.0,2095.0,2095,80,78.78439214493847,46850.92591898457
4400,0,525,1,1,925095,927192,974.287366,976.287433,2.0000669999999445,39.26533685738704,33.3625,45.137499999999996,1,1,1,1,2097,80,80,2100.0,80.0,2097.0,2097,80,78.53330449233908,46734.43439644902
4400,0,526,1,1,927192,929144,976.287433,978.287411,1.9999780000000555,39.15037123666041,33.3625,45.137499999999996,1,1,1,1,1952,80,80,1952.0,80.0,1952.0,1952,80,78.29988116515597,45888.00476805117
4400,0,527,1,1,929144,931211,978.287411,980.287539,2.000128000000018,39.03710959580973,33.3625,45.137499999999996,1,1,1,1,2067,80,80,2067.0,80.0,2067.0,2067,80,78.07921594164509,45882.06354793252
4400,0,528,1,1,931211,933295,980.287539,982.287879,2.0003399999999374,39.41580766218287,33.3625,45.137499999999996,1,1,1,1,2084,80,80,2087.0,80.0,2084.0,2084,80,78.84501669897145,46141.15600348085
4400,0,529,1,1,933295,935414,982.287879,984.291795,2.003916000000004,39.30962139993593,33.3625,45.137499999999996,1,1,1,1,2119,80,80,2121.0,80.0,2119.0,2119,80,78.77317927727563,46435.080113138385
4400,0,530,1,1,935414,936000,984.291795,984.836061,0.5442659999999933,39.41111660137365,33.3625,45.137499999999996,1,1,1,1,586,22,22,590.0,22.0,586.0,586,22,21.450130788165552,46387.24447237254
4400,0,531,1,1,936000,938082,984.836061,986.836263,2.0002020000000584,39.101884380511066,33.3625,45.137499999999996,1,1,1,1,2082,79,78,2083.0,80.0,2082.0,2082,79,78.21166734166763,46496.80382281254
4400,0,532,1,1,938082,940121,986.836263,988.836917,2.0006539999999404,39.28288247002907,33.3625,45.137499999999996,1,1,1,1,2039,80,80,2041.0,79.0,2039.0,2039,79,78.59145594519214,45989.96128266194
4400,0,533,1,1,940121,942286,988.836917,990.837028,2.000111000000061,39.29594370412188,33.3625,45.137499999999996,1,1,1,1,2165,80,80,2165.0,80.0,2165.0,2165,80,78.59624925800017,47153.382987242774
4400,0,534,1,1,942286,944266,990.837028,992.837003,1.9999749999999494,39.62990842090221,33.3625,45.137499999999996,1,1,1,1,1980,80,80,1982.0,80.0,1980.0,1980,80,79.25882609409018,45964.57455718313
4400,0,535,1,1,944266,946296,992.837003,994.837438,2.0004350000000386,39.28549520707367,33.3625,45.137499999999996,1,1,1,1,2030,80,80,2030.0,80.0,2030.0,2030,80,78.58807960456033,45407.62384181353
4400,0,536,1,1,946296,948312,994.837438,996.839456,2.002018000000021,39.16105495975276,33.3625,45.137499999999996,1,1,1,1,2016,80,80,2017.0,80.0,2016.0,2016,80,78.4011369284126,45894.692255513706
4400,0,537,1,1,948312,949000,996.839456,997.480653,0.6411969999999201,39.39538438295073,33.3625,45.137499999999996,1,1,1,1,688,26,26,688.0,26.0,688.0,688,26,25.26020228019479,46299.34325956563
4400,0,538,1,1,949000,951065,997.480653,999.480915,2.0002620000000206,39.327633420127846,33.3625,45.137499999999996,1,1,1,1,2065,80,80,2068.0,80.0,2066.0,2065,80,78.66557068021211,45742.00779697813
4400,0,539,1,1,951065,953205,999.480915,1001.481891,2.000976000000037,39.48556562061494,33.3625,45.137499999999996,1,1,1,1,2140,80,80,2139.0,80.0,2139.0,2140,80,79.00966915327444,46440.337115486785
4400,0,540,1,1,953205,955281,1001.481891,1003.485886,2.0039950000000317,39.24610038176824,33.3625,45.137499999999996,1,1,1,1,2076,80,80,2077.0,80.0,2076.0,2076,80,78.6489889345612,47347.423521515026
4400,0,541,1,1,955281,957281,1003.485886,1005.485951,2.0000649999999496,39.37149939547976,33.3625,45.137499999999996,1,1,1,1,2000,80,80,2001.0,80.0,2001.0,2000,80,78.74555793841864,45905.00808723832
4400,0,542,1,1,957281,959409,1005.485951,1007.486515,2.000564000000054,39.432666441954154,33.3625,45.137499999999996,1,1,1,1,2128,80,80,2129.0,80.0,2127.0,2128,80,78.88757290778449,45616.13624957639
4400,0,543,1,1,959409,961445,1007.486515,1009.487019,2.000503999999978,39.38035055282815,33.3625,45.137499999999996,1,1,1,1,2036,79,79,2037.0,80.0,2036.0,2036,80,78.78054880233685,45419.05439829213
4400,0,544,1,1,961445,962000,1009.487019,1010.031638,0.5446190000000115,39.197240989336656,33.3625,45.137499999999996,1,1,1,1,555,22,22,555.0,21.0,555.0,555,21,21.34756219037081,46493.052941596725
4400,0,545,1,1,962000,964046,1010.031638,1012.032572,2.0009339999999156,39.11712448927757,33.3625,45.137499999999996,1,1,1,1,2046,80,80,2047.0,80.0,2046.0,2046,80,78.27078437282762,46060.989517897084
4400,0,546,1,1,964046,966036,1012.032572,1014.032814,2.000242000000071,39.38173293670693,33.3625,45.137499999999996,1,1,1,1,1990,80,80,1990.0,80.0,1990.0,1990,80,78.77299625278829,46232.90581839433
4400,0,547,1,1,966036,968067,1014.032814,1016.033195,2.0003809999999476,39.15320093067647,33.3625,45.137499999999996,1,1,1,1,2031,80,80,2032.0,80.0,2031.0,2031,80,78.32131923090492,46022.23276465954
4400,0,548,1,1,968067,970152,1016.033195,1018.033237,2.0000420000000076,39.194919182303984,33.3625,45.137499999999996,1,1,1,1,2085,80,80,2091.0,80.0,2085.0,2085,80,78.39148455121176,45719.53988966214
4400,0,549,1,1,970152,972187,1018.033237,1020.033329,2.000091999999995,39.65073255207951,33.3625,45.137499999999996,1,1,1,1,2035,80,80,2035.0,80.0,2035.0,2035,80,79.30511297155317,47052.83556956392
4400,0,550,1,1,972187,974276,1020.033329,1022.033295,1.9999659999999722,39.06062742933309,33.3625,45.137499999999996,1,1,1,1,2089,80,80,2092.0,80.0,2089.0,2089,80,78.11992679733521,46313.28732588518
4400,0,551,1,1,974276,975000,1022.033295,1022.753743,0.7204480000000331,39.24825433431171,33.3625,45.137499999999996,1,1,1,1,724,29,29,724.0,29.0,724.0,724,29,28.27632633864414,46591.84285333356
4400,0,552,1,1,975000,977040,1022.753743,1024.75438,2.000637000000097,39.3473288449701,33.3625,45.137499999999996,1,1,1,1,2040,79,79,2042.0,80.0,2040.0,2040,80,78.71972193841793,45662.456507600116
4400,0,553,1,1,977040,979137,1024.75438,1026.755933,2.0015529999998307,39.363768511559655,33.3625,45.137499999999996,1,1,1,1,2097,80,80,2102.0,79.0,2097.0,2097,79,78.78866895561077,45747.47708404811
4400,0,554,1,1,979137,981165,1026.755933,1028.75645,2.0005170000001726,39.14852086816289,33.3625,45.137499999999996,1,1,1,1,2028,80,80,2029.0,80.0,2028.0,2028,80,78.31728152162395,46082.587651088215
4400,0,555,1,1,981165,983248,1028.75645,1030.759106,2.002655999999888,39.31586628221044,33.3625,45.137499999999996,1,1,1,1,2083,80,80,2083.0,80.0,2083.0,2083,80,78.73615550526301,46682.006295642
4400,0,556,1,1,983248,985336,1030.759106,1032.759683,2.000577000000021,39.15980071483211,33.3625,45.137499999999996,1,1,1,1,2088,80,80,2088.0,80.0,2088.0,2088,80,78.34219663467957,46325.13519849475
4400,0,557,1,1,985336,987328,1032.759683,1034.759947,2.0002640000000156,39.535288036570925,33.3625,45.137499999999996,1,1,1,1,1992,80,80,1992.0,80.0,1992.0,1992,80,79.08101338918641,46022.924973903086
4400,0,558,1,1,987328,988000,1034.759947,1035.418101,0.6581539999999677,39.256715262585274,33.3625,45.137499999999996,1,1,1,1,672,27,27,672.0,27.0,672.0,672,27,25.83696417693136,45799.31140736283
4400,0,559,1,1,988000,990073,1035.418101,1037.41878,2.000678999999991,39.36775628272218,33.3625,45.137499999999996,1,1,1,1,2073,79,79,2078.0,80.0,2073.0,2073,80,78.76224327195814,46237.80226613086
4400,0,560,1,1,990073,992039,1037.41878,1039.418766,1.9999860000000353,39.334284626956375,33.3625,45.137499999999996,1,1,1,1,1966,80,80,1966.0,79.0,1966.0,1966,79,78.66801857393148,45730.82011574
4400,0,561,1,1,992039,994086,1039.418766,1041.419599,2.000833000000057,39.32339110462371,33.3625,45.137499999999996,1,1,1,1,2047,80,80,2048.0,80.0,2047.0,2047,80,78.67953859404224,45932.36916824012
4400,0,562,1,1,994086,996232,1041.419599,1043.420427,2.000827999999956,39.130695937105365,33.3625,45.137499999999996,1,1,1,1,2146,80,80,2148.0,80.0,2146.0,2146,80,78.29379209044419,46466.7627602183
4400,0,563,1,1,996232,998294,1043.420427,1045.421775,2.0013480000000072,39.296036039490836,33.3625,45.137499999999996,1,1,1,1,2062,80,80,2063.0,80.0,2062.0,2062,80,78.64504313556245,45215.52473632755
4400,0,564,1,1,998294,1000298,1045.421775,1047.422567,2.0007920000000468,39.15238439642622,33.3625,45.137499999999996,1,1,1,1,2004,80,80,2004.0,80.0,2004.0,2004,80,78.33577748129755,46193.207489832945
4400,0,565,1,1,1000298,1001000,1047.422567,1048.067877,0.6453099999998813,39.5965022538672,33.3625,45.137499999999996,1,1,1,1,702,26,26,706.0,26.0,702.0,702,26,25.552018869435415,46811.609923921154
4400,0,566,1,1,1001000,1003036,1048.067877,1050.068233,2.0003560000000107,39.242970710575605,33.3625,45.137499999999996,1,1,1,1,2036,80,80,2038.0,80.0,2036.0,2036,80,78.49991191872687,46892.15319673073
4400,0,567,1,1,1003036,1005069,1050.068233,1052.069722,2.0014889999999923,39.26136792507373,33.3625,45.137499999999996,1,1,1,1,2033,80,80,2034.0,80.0,2033.0,2033,80,78.58119602698571,46151.640103942795
4400,0,568,1,1,1005069,1007230,1052.069722,1054.073133,2.003411000000142,39.0711297830777,33.3625,45.137499999999996,1,1,1,1,2161,80,80,2166.0,80.0,2161.0,2161,80,78.27553118985088,46240.13744558328
4400,0,569,1,1,1007230,1009269,1054.073133,1056.074139,2.001005999999961,39.00657798417874,33.3625,45.137499999999996,1,1,1,1,2039,80,80,2039.0,80.0,2039.0,2039,80,78.05239658580831,46791.963642288836
4400,0,570,1,1,1009269,1011292,1056.074139,1058.077594,2.003455000000031,39.03085250515181,33.3625,45.137499999999996,1,1,1,1,2023,80,80,2024.0,80.0,2023.0,2023,80,78.19655660571152,45163.979225886585
4400,0,571,1,1,1011292,1013292,1058.077594,1060.078398,2.0008040000000165,39.14001639362201,33.3625,45.137499999999996,1,1,1,1,2000,80,80,2000.0,80.0,2000.0,2000,80,78.31150136042561,45233.81600596523
4400,0,572,1,1,1013292,1014000,1060.078398,1060.785127,0.7067289999999957,39.06767796513106,33.3625,45.137499999999996,1,1,1,1,708,28,28,708.0,28.0,708.0,708,28,27.610260980618477,46657.2052370855
4400,0,573,1,1,1014000,1016067,1060.785127,1062.786751,2.0016239999999925,39.2859588477844,33.3625,45.137499999999996,1,1,1,1,2067,80,80,2070.0,80.0,2067.0,2067,80,78.63571809273708,46388.332673868994
4400,0,574,1,1,1016067,1018148,1062.786751,1064.788508,2.001756999999998,39.209757162739166,33.3625,45.137499999999996,1,1,1,1,2081,80,80,2081.0,80.0,2081.0,2081,80,78.48840586881124,46051.543718843044
4400,0,575,1,1,1018148,1020180,1064.788508,1066.788498,1.9999899999997979,39.0882428315484,33.3625,45.137499999999996,1,1,1,1,2032,80,79,2034.0,80.0,2032.0,2032,79,78.17609478066151,46084.23042115676
4400,0,576,1,1,1020180,1022223,1066.788498,1068.790761,2.0022630000000845,39.00640929617608,33.3625,45.137499999999996,1,1,1,1,2043,80,80,2044.0,80.0,2043.0,2043,80,78.10109009659209,46020.92732073464
4400,0,577,1,1,1022223,1024362,1068.790761,1070.790998,2.00023699999997,39.3127549970934,33.3625,45.137499999999996,1,1,1,1,2139,80,80,2141.0,80.0,2139.0,2139,80,78.63482711712277,46831.95041387666
4400,0,578,1,1,1024362,1026469,1070.790998,1072.79224,2.0012420000000475,39.31758045014399,33.3625,45.137499999999996,1,1,1,1,2107,80,80,2110.0,80.0,2107.0,2107,80,78.68399333520938,46376.20037956319
4400,0,579,1,1,1026469,1027000,1072.79224,1073.315848,0.5236079999999674,38.97539177543569,33.3625,45.137499999999996,1,1,1,1,531,21,21,532.0,21.0,531.0,531,21,20.407826936752826,48268.93401170641
4400,0,580,1,1,1027000,1029081,1073.315848,1075.316205,2.000357000000122,38.93150318697886,33.3625,45.137499999999996,1,1,1,1,2081,80,80,2083.0,80.0,2081.0,2081,80,77.8769049206021,44687.023366326386
4400,0,581,1,1,1029081,1031168,1075.316205,1077.319168,2.002962999999909,39.12768664904897,33.3625,45.137499999999996,1,1,1,1,2087,80,80,2088.0,80.0,2087.0,2087,80,78.37130863363564,46464.16334201093
4400,0,582,1,1,1031168,1033294,1077.319168,1079.320553,2.0013850000000275,38.94305105848147,33.3625,45.137499999999996,1,1,1,1,2126,80,80,2126.0,80.0,2126.0,2126,80,77.94003824268293,46430.34698471245
4400,0,583,1,1,1033294,1035302,1079.320553,1081.320689,2.000135999999884,38.91551828075999,33.3625,45.137499999999996,1,1,1,1,2008,80,80,2008.0,80.0,2008.0,2008,80,77.83632907200081,45569.40128071555
4400,0,584,1,1,1035302,1037402,1081.320689,1083.320975,2.0002860000001874,39.13155777450145,33.3625,45.137499999999996,1,1,1,1,2100,79,79,2100.0,80.0,2100.0,2100,80,78.27430717453535,46837.80219428183
4400,0,585,1,1,1037402,1039417,1083.320975,1085.323126,2.0021509999999125,39.06619290019088,33.3625,45.137499999999996,1,1,1,1,2015,80,80,2016.0,79.0,2015.0,2015,79,78.21641718130559,45559.001294110174
4400,0,586,1,1,1039417,1040000,1085.323126,1085.901642,0.578516000000036,39.05568910134851,33.3625,45.137499999999996,1,1,1,1,583,24,24,583.0,24.0,583.0,583,24,22.594341036157857,44330.66674041583
4400,0,587,1,1,1040000,1042022,1085.901642,1087.901777,2.000135,38.91949694484504,33.3625,45.137499999999996,1,1,1,1,2022,80,80,2028.0,80.0,2022.0,2022,80,77.84424802177818,45243.44606739045
4400,0,588,1,1,1042022,1044084,1087.901777,1089.903001,2.0012239999998656,39.006671364871394,33.3625,45.137499999999996,1,1,1,1,2062,79,79,2062.0,79.0,2062.0,2062,79,78.06108689549,46423.08906949259
4400,0,589,1,1,1044084,1046115,1089.903001,1091.903536,2.000535000000127,39.329272264566185,33.3625,45.137499999999996,1,1,1,1,2031,80,80,2031.0,80.0,2031.0,2031,80,78.67958568980248,46371.59559817454
4400,0,590,1,1,1046115,1048049,1091.903536,1093.905269,2.0017330000000584,39.009919223476665,33.3625,45.137499999999996,1,1,1,1,1934,79,79,1935.0,80.0,1934.0,1934,79,78.08744263697008,44986.019614003155
4400,0,591,1,1,1048049,1050060,1093.905269,1095.906219,2.000949999999875,38.86872851005058,33.3625,45.137499999999996,1,1,1,1,2011,80,80,2011.0,80.0,2011.0,2011,80,77.7743823121782,44918.163872163525
4400,0,592,1,1,1050060,1052138,1095.906219,1097.906982,2.0007630000000063,38.94093246590944,33.3625,45.137499999999996,1,1,1,1,2078,80,80,2081.0,80.0,2078.0,2078,80,77.91157686329097,46234.36159105287
4400,0,593,1,1,1052138,1053000,1097.906982,1098.729848,0.8228659999999763,39.1859550623856,33.3625,45.137499999999996,1,1,1,1,862,33,33,862.0,33.0,862.0,862,33,32.24479009836068,45356.10901410566
4400,0,594,1,1,1053000,1055063,1098.729848,1100.73096,2.0011120000001483,38.90970125705163,33.3625,45.137499999999996,1,1,1,1,2063,80,80,2066.0,80.0,2063.0,2063,80,77.86267010190932,46332.239274959684
4400,0,595,1,1,1055063,1057037,1100.73096,1102.73171,2.0007499999999254,38.80098465472174,33.3625,45.137499999999996,1,1,1,1,1974,80,80,1974.0,80.0,1974.0,1974,80,77.63107004792982,45220.542296640444
4400,0,596,1,2,1057037,1059069,1102.73171,1104.731696,1.9999860000000353,37.3062818025377,33.3625,45.137499999999996,1,1,1,1,2032,80,80,2032.0,80.0,2032.0,2032,80,77.59101534373622,43759.39802853271
4400,0,597,2,2,1059069,1061076,1104.731696,1106.732026,2.000329999999849,39.12221040108857,33.3625,45.137499999999996,1,1,1,1,2007,80,80,2008.0,80.0,2007.0,2007,80,78.25733113160095,45398.009328464235
4400,0,598,2,2,1061076,1063150,1106.732026,1108.732785,2.0007590000000164,39.17083831388467,33.3625,45.137499999999996,1,1,1,1,2074,80,80,2077.0,80.0,2074.0,2074,80,78.37140729404928,46113.999737099395
4400,0,599,2,2,1063150,1065215,1108.732785,1110.734196,2.0014110000001892,39.19114791663222,33.3625,45.137499999999996,1,1,1,1,2065,80,80,2065.0,80.0,2065.0,2065,80,78.43759454298561,46147.442978973966
4400,0,600,2,2,1065215,1066000,1110.734196,1111.497541,0.7633449999998447,39.315696290615264,33.3625,45.137499999999996,1,1,1,1,785,30,30,786.0,30.0,785.0,785,30,30.011440184956882,45609.78325659706
4400,0,601,2,2,1066000,1068014,1111.497541,1113.497854,2.0003130000000056,39.02523440800999,33.3625,45.137499999999996,1,1,1,1,2014,80,80,2015.0,80.0,2014.0,2014,80,78.06268371438637,45679.85110330221
4400,0,602,2,2,1068014,1070092,1113.497854,1115.499068,2.001214000000118,39.224405464738574,33.3625,45.137499999999996,1,1,1,1,2078,80,80,2078.0,80.0,2078.0,2078,80,78.49642935771408,46624.698807820896
4400,0,603,2,2,1070092,1072210,1115.499068,1117.499867,2.0007989999999154,39.200889695802935,33.3625,45.137499999999996,1,1,1,1,2118,80,80,2121.0,80.0,2118.0,2118,80,78.43310090246814,46314.497358307315
4400,0,604,2,2,1072210,1074289,1117.499867,1119.500655,2.000788000000057,39.00335983741916,33.3625,45.137499999999996,1,1,1,1,2079,80,80,2080.0,80.0,2079.0,2079,80,78.0374543223952,46434.20492325891
4400,0,605,2,2,1074289,1076362,1119.500655,1121.500876,2.0002210000000105,39.3479187226375,33.3625,45.137499999999996,1,1,1,1,2073,80,80,2073.0,80.0,2073.0,2073,80,78.70453333531623,46179.39717661174
4400,0,606,2,2,1076362,1078420,1121.500876,1123.50116,2.000283999999965,39.238021108995284,33.3625,45.137499999999996,1,1,1,1,2058,80,80,2058.0,80.0,2058.0,2058,80,78.48718581598223,46540.39126444126
4400,0,607,2,2,1078420,1079000,1123.50116,1124.056109,0.5549490000000787,39.32343683774309,33.3625,45.137499999999996,1,1,1,1,580,22,22,580.0,22.0,580.0,580,22,21.822501949674916,47510.67215184865
4400,0,608,2,2,1079000,1081003,1124.056109,1126.056446,2.000336999999945,39.30642363968198,33.3625,45.137499999999996,1,1,1,1,2003,80,80,2004.0,80.0,2003.0,2003,80,78.62609354413144,46237.20903027967
4400,0,609,2,2,1081003,1083121,1126.056446,1128.05814,2.001694000000043,39.442215828937584,33.3625,45.137499999999996,1,1,1,1,2118,80,80,2119.0,80.0,2118.0,2118,80,78.95124677148851,45916.608632487296
4400,0,610,2,2,1083121,1085169,1128.05814,1130.058436,2.000295999999935,39.22768103572856,33.3625,45.137499999999996,1,1,1,1,2048,79,79,2052.0,80.0,2048.0,2048,79,78.46697346503788,46122.673844272555
4400,0,611,2,2,1085169,1087195,1130.058436,1132.058591,2.0001549999999497,39.28825895512838,33.3625,45.137499999999996,1,1,1,1,2026,80,80,2027.0,80.0,2026.0,2026,80,78.58260759038967,45891.94337438964
4400,0,612,2,2,1087195,1089268,1132.058591,1134.061961,2.0033700000001318,39.30811184747691,33.3625,45.137499999999996,1,1,1,1,2073,80,80,2075.0,80.0,2073.0,2073,80,78.74869203188427,46146.243579565395
4400,0,613,2,2,1089268,1091353,1134.061961,1136.063113,2.00115199999982,39.29075388202464,33.3625,45.137499999999996,1,1,1,1,2085,80,80,2090.0,80.0,2085.0,2085,80,78.62677071251528,46424.25962645934
4400,0,614,2,2,1091353,1092000,1136.063113,1136.65892,0.5958070000001499,39.21183389508831,33.3625,45.137499999999996,1,1,1,1,647,24,24,647.0,24.0,647.0,647,24,23.362685117535875,46479.81645061746
4400,0,615,2,2,1092000,1094035,1136.65892,1138.658899,1.9999789999999393,39.475665165580565,33.3625,45.137499999999996,1,1,1,1,2035,79,79,2036.0,80.0,2035.0,2035,80,78.95050134218764,46958.4930641786
4400,0,616,2,2,1094035,1096101,1138.658899,1140.660521,2.0016219999999976,39.39396494956818,33.3625,45.137499999999996,1,1,1,1,2066,80,80,2068.0,79.0,2066.0,2066,79,78.85182691028604,46801.04435302975
4400,0,617,2,2,1096101,1098141,1140.660521,1142.661782,2.001260999999886,39.39593396871988,33.3625,45.137499999999996,1,1,1,1,2040,80,79,2041.0,80.0,2040.0,2040,79,78.84154621016933,46916.41919769853
4400,0,618,2,2,1098141,1100257,1142.661782,1144.664623,2.0028409999999894,39.633563220070045,33.3625,45.137499999999996,1,1,1,1,2116,79,79,2117.0,80.0,2116.0,2116,79,79.37972539324983,46444.026260696926
4400,0,619,2,2,1100257,1102344,1144.664623,1146.66464,2.0000170000000708,39.637207694705374,33.3625,45.137499999999996,1,1,1,1,2087,80,80,2087.0,80.0,2087.0,2087,80,79.27508922194102,45882.60999781339
4400,0,620,2,2,1102344,1104439,1146.66464,1148.665677,2.0010369999999966,39.60689463908198,33.3625,45.137499999999996,1,1,1,1,2095,80,80,2095.0,80.0,2095.0,2095,80,79.25486162790185,46296.49526720403
4400,0,621,2,2,1104439,1105000,1148.665677,1149.220915,0.5552380000001449,39.42373798755437,33.3625,45.137499999999996,1,1,1,1,561,22,22,561.0,23.0,561.0,561,23,21.88955743273982,46875.393975183986
4400,0,622,2,2,1105000,1107019,1149.220915,1151.221121,2.0002059999999346,39.46229876939038,33.3625,45.137499999999996,1,1,1,1,2019,80,80,2027.0,79.0,2020.0,2019,79,78.93272677232744,46422.21851149483
4400,0,623,2,2,1107019,1109075,1151.221121,1153.221592,2.0004710000000614,39.21811987773998,33.3625,45.137499999999996,1,1,1,1,2056,80,80,2055.0,80.0,2055.0,2056,80,78.45471148994693,46591.527695226345
4400,0,624,2,2,1109075,1111124,1153.221592,1155.22282,2.0012279999998555,39.229078829190314,33.3625,45.137499999999996,1,1,1,1,2049,80,80,2049.0,80.0,2049.0,2049,80,78.50633096717502,46666.84655621785
4400,0,625,2,2,1111124,1113180,1155.22282,1157.223025,2.000205000000051,39.44721106302197,33.3625,45.137499999999996,1,1,1,1,2056,79,79,2057.0,80.0,2056.0,2056,79,78.90250880431267,45816.30382885638
4400,0,626,2,2,1113180,1115213,1157.223025,1159.223062,2.0000370000000203,39.57033536793669,33.3625,45.137499999999996,1,1,1,1,2033,80,80,2036.0,80.0,2033.0,2033,80,79.14213483828644,46953.13136706923
4400,0,627,2,2,1115213,1117268,1159.223062,1161.22357,2.0005080000000817,39.35318727532158,33.3625,45.137499999999996,1,1,1,1,2055,80,80,2058.0,80.0,2055.0,2055,80,78.72636596978555,46227.758149428155
4400,0,628,2,2,1117268,1118000,1161.22357,1161.937608,0.7140379999998459,39.555529072954165,33.3625,45.137499999999996,1,1,1,1,732,29,29,733.0,29.0,732.0,732,29,28.244150868187717,45685.24364250508
4400,0,629,2,2,1118000,1120063,1161.937608,1163.937643,2.0000350000000253,39.47816004211853,33.3625,45.137499999999996,1,1,1,1,2063,78,78,2069.0,80.0,2064.0,2063,79,78.95770181983971,46287.189974174864
4400,0,630,2,2,1120063,1122225,1163.937643,1165.939921,2.002277999999933,39.40740158218647,33.3625,45.137499999999996,1,1,1,1,2162,80,80,2164.0,80.0,2161.0,2162,80,78.90457322517614,46780.2173324599
4400,0,631,2,2,1122225,1124221,1165.939921,1167.940873,2.0009520000000975,39.578938414684366,33.3625,45.137499999999996,1,1,1,1,1996,80,80,1997.0,79.0,1996.0,1996,79,79.19555597874569,46158.52854041251
4400,0,632,2,2,1124221,1126247,1167.940873,1169.94126,2.000387000000046,39.44718158393976,33.3625,45.137499999999996,1,1,1,1,2026,80,80,2026.0,80.0,2026.0,2026,80,78.90962922715698,45838.13032178168
4400,0,633,2,2,1126247,1128286,1169.94126,1171.941851,2.000590999999986,39.333541409129694,33.3625,45.137499999999996,1,1,1,1,2039,80,80,2039.0,80.0,2039.0,2039,80,78.69032894122938,46045.393586195605
4400,0,634,2,2,1128286,1130460,1171.941851,1173.942733,2.000882000000047,39.49886848456579,33.3625,45.137499999999996,1,1,1,1,2174,80,80,2178.0,80.0,2174.0,2174,80,79.03257497113373,47280.14945408964
4400,0,635,2,2,1130460,1131000,1173.942733,1174.467778,0.5250449999998636,39.575952065677804,33.3625,45.137499999999996,1,1,1,1,540,21,21,540.0,21.0,540.0,540,21,20.779155752316,45148.51108001439
4400,0,636,2,2,1131000,1133057,1174.467778,1176.468915,2.0011369999999715,39.442726905774215,33.3625,45.137499999999996,1,1,1,1,2057,80,80,2060.0,80.0,2057.0,2057,80,78.93030019204161,46831.87607845007
4400,0,637,2,2,1133057,1135137,1176.468915,1178.469588,2.000673000000006,39.58453526116281,33.3625,45.137499999999996,1,1,1,1,2080,80,80,2080.0,80.0,2080.0,2080,80,79.19571091455873,46555.33413006509
4400,0,638,2,2,1135137,1137227,1178.469588,1180.470268,2.000680000000102,39.79512082699016,33.3625,45.137499999999996,1,1,1,1,2090,80,80,2090.0,80.0,2090.0,2090,80,79.61730233614799,46535.178039464205
4400,0,639,2,2,1137227,1139347,1180.470268,1182.470324,2.0000559999998586,39.58996697243532,33.3625,45.137499999999996,1,1,1,1,2120,80,80,2121.0,80.0,2120.0,2120,80,79.1821509830188,46914.18640278404
4400,0,640,2,2,1139347,1141396,1182.470324,1184.470426,2.0001020000001972,39.774109249818956,33.3625,45.137499999999996,1,1,1,1,2049,80,80,2050.0,80.0,2049.0,2049,80,79.55227545878734,46930.10656456058
4400,0,641,2,2,1141396,1143398,1184.470426,1186.470426,2.0,39.43623007189747,33.3625,45.137499999999996,1,1,1,1,2002,80,80,2002.0,80.0,2002.0,2002,80,78.87246014379343,46767.0
4400,0,642,2,2,1143398,1144000,1186.470426,1187.104699,0.6342729999998937,39.57084925885884,33.3625,45.137499999999996,1,1,1,1,602,25,25,602.0,25.0,602.0,602,25,25.09872127196286,45507.21850055865
4400,0,643,2,2,1144000,1146114,1187.104699,1189.104689,1.9999900000000252,39.54583603333722,33.3625,45.137499999999996,1,1,1,1,2114,80,80,2118.0,80.0,2114.0,2114,80,79.09127660831291,46529.23264616264
4400,0,644,2,2,1146114,1148150,1189.104689,1191.105399,2.0007100000000264,39.47318643998657,33.3625,45.137499999999996,1,1,1,1,2036,80,80,2036.0,80.0,2036.0,2036,80,78.97439884234336,44910.05692978933
4400,0,645,2,2,1148150,1150242,1191.105399,1193.105689,2.00028999999995,39.588066821590374,33.3625,45.137499999999996,1,1,1,1,2092,80,80,2095.0,80.0,2092.0,2092,80,79.18761418255599,45965.33502642232
4400,0,646,2,2,1150242,1152281,1193.105689,1195.107521,2.001831999999922,39.71148137631914,33.3625,45.137499999999996,1,1,1,1,2039,80,80,2039.0,80.0,2039.0,2039,80,79.49571418651612,46706.21710513352
4400,0,647,2,2,1152281,1154464,1195.107521,1197.109202,2.0016810000001897,39.81477426506484,33.3625,45.137499999999996,1,1,1,1,2183,80,80,2185.0,80.0,2183.0,2183,80,79.69647716567852,48093.57734823425
4400,0,648,2,2,1154464,1156532,1197.109202,1199.109349,2.00014699999997,39.55879245652413,33.3625,45.137499999999996,1,1,1,1,2068,80,80,2070.0,80.0,2068.0,2068,80,79.12340005554142,45978.620571388696
4400,0,649,2,2,1156532,1157000,1199.109349,1199.545868,0.436518999999862,39.73261343413826,33.3625,45.137499999999996,1,1,1,1,468,17,17,468.0,17.0,468.0,468,17,17.344040683652565,46341.62545045323
4400,0,650,2,2,1157000,1159056,1199.545868,1201.545837,1.9999689999999646,39.693016147815385,33.3625,45.137499999999996,1,1,1,1,2056,80,80,2062.0,80.0,2056.0,2056,80,79.38480181212799,46459.720125662774
4400,0,651,2,2,1159056,1161068,1201.545837,1203.546158,2.0003210000002127,39.94183307440356,33.3625,45.137499999999996,1,1,1,1,2012,79,79,2015.0,80.0,2012.0,2012,79,79.8964874772355,46862.478572184176
4400,0,652,2,2,1161068,1163179,1203.546158,1205.546201,2.000043000000005,39.92302823804376,33.3625,45.137499999999996,1,1,1,1,2111,80,80,2112.0,80.0,2111.0,2111,80,79.84777316630061,47013.9891992321
4400,0,653,2,2,1163179,1165284,1205.546201,1207.546951,2.0007499999999254,39.55479179677884,33.3625,45.137499999999996,1,1,1,1,2105,80,80,2105.0,80.0,2105.0,2105,80,79.13924968740321,45839.31025865471
4400,0,654,2,2,1165284,1167382,1207.546951,1209.54771,2.0007590000000164,39.7176767405617,33.3625,45.137499999999996,1,1,1,1,2098,80,80,2099.0,80.0,2098.0,2098,80,79.46549919777317,47085.63100303397
4400,0,655,2,2,1167382,1169453,1209.54771,1211.54783,2.0001199999999244,39.701651488491635,33.3625,45.137499999999996,1,1,1,1,2071,80,80,2072.0,80.0,2071.0,2071,80,79.40806717515807,46314.22114673295
4400,0,656,2,2,1169453,1170000,1211.54783,1212.090666,0.5428360000000794,39.68488767038223,33.3625,45.137499999999996,1,1,1,1,547,21,21,547.0,21.0,547.0,547,21,21.5423856834459,46688.13416942925
4400,0,657,2,2,1170000,1172120,1212.090666,1214.090727,2.0000609999999597,39.49911371920179,33.3625,45.137499999999996,1,1,1,1,2120,79,79,2126.0,80.0,2120.0,2120,79,79.00063688433875,46520.08113752624
4400,0,658,2,2,1172120,1174177,1214.090727,1216.091398,2.000671000000011,39.39129781596681,33.3625,45.137499999999996,1,1,1,1,2057,80,80,2059.0,80.0,2057.0,2057,80,78.80902719277219,45873.10957173842
4400,0,659,2,2,1174177,1176210,1216.091398,1218.094539,2.003140999999914,39.370791715376356,33.3625,45.137499999999996,1,1,1,1,2033,80,80,2034.0,80.0,2033.0,2033,80,78.86524708752404,46314.76266523624
4400,0,660,2,2,1176210,1178209,1218.094539,1220.094834,2.000295000000051,39.01511338086182,33.3625,45.137499999999996,1,1,1,1,1999,80,80,1999.0,80.0,1999.0,1999,80,78.0417362201697,45628.26983019888
4400,0,661,2,2,1178209,1180250,1220.094834,1222.095557,2.0007230000001073,39.105449167192845,33.3625,45.137499999999996,1,1,1,1,2041,80,80,2041.0,80.0,2041.0,2041,80,78.23917157413962,45663.99246672083
4400,0,662,2,2,1180250,1182331,1222.095557,1224.095949,2.00039199999992,39.06167395712843,33.3625,45.137499999999996,1,1,1,1,2081,80,80,2081.0,80.0,2081.0,2081,80,78.13866009044432,45737.53544305499
4400,0,663,2,2,1182331,1183000,1224.095949,1224.675503,0.5795539999999164,39.277165702977854,33.3625,45.137499999999996,1,1,1,1,669,23,23,669.0,23.0,669.0,669,23,22.7632384918179,46768.72215531928
4400,0,664,2,2,1183000,1185012,1224.675503,1226.676636,2.0011329999999816,38.83681334489661,33.3625,45.137499999999996,1,1,1,1,2012,80,80,2014.0,80.0,2012.0,2012,80,77.71762879931339,45866.01690142576
4400,0,665,2,2,1185012,1187199,1226.676636,1228.677654,2.0010180000001583,38.89902253475713,33.3625,45.137499999999996,1,1,1,1,2187,80,80,2187.0,80.0,2187.0,2187,80,77.83764427446295,47606.76815500533
4400,0,666,2,2,1187199,1189268,1228.677654,1230.680325,2.002670999999964,38.8199342402486,33.3625,45.137499999999996,1,1,1,1,2069,80,80,2069.0,80.0,2069.0,2069,80,77.74355652485247,44605.92878211229
4400,0,667,2,2,1189268,1191396,1230.680325,1232.682794,2.002469000000019,39.101803872145204,33.3625,45.137499999999996,1,1,1,1,2128,80,80,2128.0,80.0,2128.0,2128,80,78.30015009805356,46407.709682396635
4400,0,668,2,2,1191396,1193482,1232.682794,1234.683875,2.0010809999998855,39.191226642835375,33.3625,45.137499999999996,1,1,1,1,2086,80,80,2087.0,80.0,2086.0,2086,80,78.42481900166604,45670.31519463991
4400,0,669,2,2,1193482,1195457,1234.683875,1236.684142,2.0002670000001217,39.03816086634307,33.3625,45.137499999999996,1,1,1,1,1975,80,80,1975.0,80.0,1975.0,1975,80,78.08674492164573,44624.04269029813
4400,0,670,2,2,1195457,1196000,1236.684142,1237.250047,0.5659049999999297,39.307877218017595,33.3625,45.137499999999996,1,1,1,1,543,23,23,543.0,23.0,543.0,543,23,22.24452425706113,46935.439693947395
4400,0,671,2,2,1196000,1198065,1237.250047,1239.250164,2.0001170000000457,38.9894985851561,33.3625,45.137499999999996,1,1,1,1,2065,80,80,2069.0,80.0,2065.0,2065,80,77.98355894164706,45898.31494857446
4400,0,672,2,2,1198065,1200111,1239.250164,1241.250556,2.00039199999992,39.1066271135912,33.3625,45.137499999999996,1,1,1,1,2046,79,79,2047.0,80.0,2046.0,2046,80,78.22858402500424,46063.97146159538
4400,0,673,2,2,1200111,1202191,1241.250556,1243.251026,2.0004699999999502,39.058960371676335,33.3625,45.137499999999996,1,1,1,1,2080,80,80,2080.0,79.0,2080.0,2080,79,78.13627845472365,46093.66798802396
4400,0,674,2,2,1202191,1204225,1243.251026,1245.252632,2.001606000000038,39.02003470592014,33.3625,45.137499999999996,1,1,1,1,2034,80,80,2038.0,80.0,2034.0,2034,80,78.10273558757763,45902.14058111249
4400,0,675,2,2,1204225,1206349,1245.252632,1247.253526,2.0008940000000166,39.28157857659746,33.3625,45.137499999999996,1,1,1,1,2124,80,80,2128.0,80.0,2124.0,2124,80,78.59827488443989,46739.607395493826
4400,0,676,2,2,1206349,1208364,1247.253526,1249.254047,2.000520999999935,39.11328489357949,33.3625,45.137499999999996,1,1,1,1,2015,80,80,2020.0,80.0,2015.0,2015,80,78.24694780858408,45627.114136768854
4400,0,677,2,2,1208364,1209000,1249.254047,1249.869136,0.6150890000001255,38.741622030106655,33.3625,45.137499999999996,1,1,1,1,636,25,25,636.0,25.0,636.0,636,25,23.8295455528787,47383.38679442171
4400,0,678,2,2,1209000,1210953,1249.869136,1251.86986,2.000723999999991,39.04027668502723,33.3625,45.137499999999996,1,1,1,1,1953,80,80,1956.0,80.0,1953.0,1953,80,78.10881853037426,46019.34099855873
4400,0,679,2,2,1210953,1213022,1251.86986,1253.871102,2.0012420000000475,39.096554843650814,33.3625,45.137499999999996,1,1,1,1,2069,80,80,2069.0,80.0,2069.0,2069,80,78.24166760841763,46103.36980734854
4400,0,680,2,2,1213022,1215035,1253.871102,1255.872051,2.0009489999999914,39.11579118837231,33.3625,45.137499999999996,1,1,1,1,2013,80,80,2013.0,80.0,2013.0,2013,80,78.26870326258359,46054.6470699655
4400,0,681,2,2,1215035,1217116,1255.872051,1257.872221,2.0001700000000255,39.04556685308562,33.3625,45.137499999999996,1,1,1,1,2081,80,80,2082.0,80.0,2081.0,2081,80,78.09777145253611,46296.56479199209
4400,0,682,2,2,1217116,1219154,1257.872221,1259.872244,2.0000229999998282,39.18091038113655,33.3625,45.137499999999996,1,1,1,1,2038,80,80,2038.0,80.0,2038.0,2038,80,78.36272192320757,46073.97014934724
4400,0,683,2,2,1219154,1221220,1259.872244,1261.872239,1.9999950000001263,39.18473851644423,33.3625,45.137499999999996,1,1,1,1,2066,79,79,2067.0,79.0,2066.0,2066,79,78.36928110920417,46255.61563903618
4400,0,684,2,2,1221220,1222000,1261.872239,1262.648938,0.7766990000000078,38.89872761594244,33.3625,45.137499999999996,1,1,1,1,780,31,31,780.0,31.0,780.0,780,31,30.212602840576437,43856.11414460384
4400,0,685,2,2,1222000,1224024,1262.648938,1264.649678,2.0007399999999507,39.02725840662766,33.3625,45.137499999999996,1,1,1,1,2024,79,79,2029.0,80.0,2024.0,2024,79,78.08339698447526,45678.09910333289
4400,0,686,2,2,1224024,1226082,1264.649678,1266.654448,2.0047700000000077,38.81888783040284,33.3625,45.137499999999996,1,1,1,1,2058,80,80,2059.0,81.0,2058.0,2058,81,77.82294175575953,45186.230839447744
4400,0,687,2,2,1226082,1228139,1266.654448,1268.655225,2.000776999999971,38.9824810695207,33.3625,45.137499999999996,1,1,1,1,2057,80,80,2059.0,79.0,2057.0,2057,79,77.99525152683054,45723.736328437066
4400,0,688,2,2,1228139,1230220,1268.655225,1270.655494,2.0002690000001166,38.92252852786115,33.3625,45.137499999999996,1,1,1,1,2081,80,80,2081.0,80.0,2081.0,2081,80,77.8555272158992,45885.82835608343
4400,0,689,2,2,1230220,1232253,1270.655494,1272.65586,2.0003659999999854,38.853089586283595,33.3625,45.137499999999996,1,1,1,1,2033,80,80,2033.0,80.0,2033.0,2033,80,77.72039940335526,45918.096988251484
4400,0,690,2,2,1232253,1234272,1272.65586,1274.656292,2.000431999999819,39.02318474889675,33.3625,45.137499999999996,1,1,1,1,2019,80,80,2019.0,80.0,2019.0,2019,80,78.0632275136013,46098.54271477778
4400,0,691,2,2,1234272,1235000,1274.656292,1275.364358,0.7080660000001444,38.845491464488056,33.3625,45.137499999999996,1,1,1,1,728,28,28,728.0,29.0,728.0,728,29,27.505171759301447,45703.36663530434
4400,0,692,2,2,1235000,1237085,1275.364358,1277.364668,2.0003099999998994,38.75212461220523,33.3625,45.137499999999996,1,1,1,1,2085,80,80,2091.0,79.0,2085.0,2085,79,77.51626238303288,45728.91201863941
4400,0,693,2,2,1237085,1239190,1277.364668,1279.364893,2.0002250000000004,39.256415880732426,33.3625,45.137499999999996,1,1,1,1,2105,79,79,2106.0,80.0,2105.0,2105,79,78.52166445503826,46546.26354535114
4400,0,694,2,2,1239190,1241305,1279.364893,1281.365207,2.0003140000001167,38.99849208752669,33.3625,45.137499999999996,1,1,1,1,2115,80,80,2115.0,80.0,2115.0,2115,80,78.00922970157262,45773.81351127606
4400,0,695,2,2,1241305,1243284,1281.365207,1283.366747,2.0015399999999772,38.87789105629306,33.3625,45.137499999999996,1,1,1,1,1979,80,80,1979.0,80.0,1979.0,1979,80,77.8156540648124,45921.14072164486
4400,0,696,2,2,1243284,1245329,1283.366747,1285.371006,2.0042590000000473,39.04256648730997,33.3625,45.137499999999996,1,1,1,1,2045,80,80,2047.0,80.0,2045.0,2045,80,78.25141526529478,46625.21161187142
4400,0,697,2,2,1245329,1247389,1285.371006,1287.371723,2.000716999999895,39.056036889624664,33.3625,45.137499999999996,1,1,1,1,2060,80,80,2063.0,80.0,2060.0,2060,80,78.14007695769396,45363.73710025194
4400,0,698,2,2,1247389,1248000,1287.371723,1287.997378,0.6256550000000516,39.12316764719635,33.3625,45.137499999999996,1,1,1,1,611,25,25,611.0,25.0,611.0,611,25,24.477605454310833,45424.395233791234
4400,0,699,2,2,1248000,1249973,1287.997378,1289.997343,1.9999649999999747,38.8956444976304,33.3625,45.137499999999996,1,1,1,1,1973,80,80,1974.0,80.0,1973.0,1973,80,77.78992764770373,45249.79187135832
4400,0,700,2,2,1249973,1251995,1289.997343,1292.000875,2.00353199999995,38.787939768350256,33.3625,45.137499999999996,1,1,1,1,2022,80,80,2022.0,80.0,2022.0,2022,80,77.71287853996182,44664.1231585032
4400,0,701,2,2,1251995,1252924,1292.000875,1294.010555,2.0096800000001167,17.81576199640029,33.3625,45.137499999999996,1,0,0,1,929,80,80,929.0,81.0,929.0,929,81,35.80398056892591,21097.88623064246
4400,0,702,2,2,1252924,1253004,1294.010555,1296.012832,2.002276999999822,0.9725921621437774,33.3625,45.137499999999996,1,0,0,0,80,80,80,80.0,80.0,80.0,80,80,1.9473989166435786,721.1789377794024
4400,0,703,2,2,1253004,1253085,1296.012832,1298.015109,2.002277000000049,0.9750900997359568,33.3625,45.137499999999996,1,0,0,0,81,80,80,81.0,80.0,81.0,81,80,1.952400479625794,729.6692715343402
4400,0,704,2,2,1253085,1253165,1298.015109,1300.017387,2.0022780000001603,0.9748815470856715,33.3625,45.137499999999996,1,0,0,0,80,80,80,80.0,80.0,80.0,80,80,1.9519838743362925,694.7087267601645
4400,0,705,2,2,1253165,1253245,1300.017387,1302.019663,2.002275999999938,0.9748302890620918,33.3625,45.137499999999996,1,0,0,0,80,80,80,80.0,80.0,80.0,80,80,1.9518792918606778,750.1463334725315
4400,0,706,2,2,1253245,1253326,1302.019663,1304.02194,2.002277000000049,0.9824798317797497,33.3625,45.137499999999996,1,0,0,0,81,80,80,81.0,80.0,81.0,81,80,1.96719677013607,714.1868982163631
4400,0,707,2,2,1253326,1253421,1304.02194,1306.024217,2.002276999999822,1.2103125563413168,33.3625,45.137499999999996,1,0,0,0,95,80,80,95.0,80.0,95.0,95,80,2.4233809943762026,1109.7365649209364
4400,0,708,2,2,1253421,1253618,1306.024217,1308.026493,2.0022760000001654,2.532711478827887,33.3625,45.137499999999996,1,0,0,1,197,80,80,197.0,80.0,197.0,197,80,5.071187408982951,3447.0772261163947
4400,0,709,2,2,1253618,1253805,1308.026493,1310.028769,2.002275999999938,2.5218350367964484,33.3625,45.137499999999996,1,0,0,1,187,80,80,187.0,80.0,187.0,187,80,5.049409770137572,3423.1045070710593
4400,0,710,2,2,1253805,1254083,1310.028769,1312.031049,2.002279999999928,3.5425486009824136,33.3625,45.137499999999996,1,0,0,1,278,80,80,278.0,80.0,278.0,278,80,7.093174212772283,4800.02796811652
4400,0,711,2,2,1254083,1254378,1312.031049,1314.031685,2.000635999999986,4.546911360711864,33.3625,45.137499999999996,1,0,0,1,295,80,80,295.0,79.0,295.0,295,79,9.096714557046653,5818.149828354624
4400,0,712,2,2,1254378,1254815,1314.031685,1316.033156,2.0014710000000377,6.913676331529014,33.3625,45.137499999999996,1,0,0,1,437,80,80,437.0,80.0,437.0,437,80,13.837522680943948,8780.0422789037
4400,0,713,2,2,1254815,1255378,1316.033156,1318.037876,2.004720000000134,9.455629908788193,33.3625,45.137499999999996,1,0,0,1,563,80,80,563.0,81.0,563.0,563,81,18.95589039074548,11525.799114089976
4400,0,714,2,2,1255378,1256002,1318.037876,1320.040152,2.002275999999938,11.326444962442505,33.3625,45.137499999999996,1,0,0,1,624,80,80,624.0,80.0,624.0,624,80,22.67866891362064,13961.112254255091
4400,0,715,2,2,1256002,1256850,1320.040152,1322.042429,2.002277000000049,14.70526427747001,33.3625,45.137499999999996,1,0,0,1,848,80,80,848.0,80.0,848.0,848,80,29.44401244170149,17974.03655937671
4400,0,716,2,2,1256850,1257806,1322.042429,1324.044575,2.0021459999998115,16.639848188232662,33.3625,45.137499999999996,1,0,0,1,956,80,80,956.0,79.0,956.0,956,79,33.31540549067722,20337.178207784964
4400,0,717,2,2,1257806,1258795,1324.044575,1326.046272,2.0016970000001493,17.977718750434178,33.3625,45.137499999999996,1,0,0,1,989,80,80,989.0,80.0,989.0,989,80,35.98594568959379,21525.235837390366
4400,0,718,2,2,1258795,1259868,1326.046272,1328.049259,2.002986999999848,20.117682338386512,33.3625,45.137499999999996,1,0,0,1,1073,80,80,1073.0,81.0,1073.0,1073,81,40.29545619391138,24182.88286444379
4400,0,719,2,2,1259868,1261000,1328.049259,1330.03491,1.985651000000189,21.78197091522452,33.3625,45.137499999999996,1,0,0,1,1132,80,80,1132.0,79.0,1132.0,1132,79,43.25139232978836,25553.835996353424
4400,0,720,2,2,1261000,1262222,1330.03491,1332.035972,2.00106199999982,23.020023581088918,33.3625,45.137499999999996,1,0,0,1,1222,80,80,1224.0,80.0,1222.0,1222,80,46.0644944272135,27589.350055123214
4400,0,721,2,2,1262222,1263604,1332.035972,1334.036181,2.0002090000000408,25.925204974202,33.3625,45.137499999999996,1,0,0,1,1382,80,80,1382.0,80.0,1382.0,1382,80,51.85582831624197,30948.76585396763
4400,0,722,2,2,1263604,1265086,1334.036181,1336.037238,2.001056999999946,27.412778358048318,33.3625,45.137499999999996,1,0,0,1,1482,80,80,1482.0,80.0,1482.0,1482,80,54.85453202282224,32674.731404453625
4400,0,723,2,2,1265086,1266595,1336.037238,1338.037867,2.0006290000001172,28.714484806197095,33.3625,45.137499999999996,1,0,0,1,1509,80,80,1509.0,80.0,1509.0,1509,80,57.44703102333733,34610.11511879311
4400,0,724,2,2,1266595,1268282,1338.037867,1340.037891,2.0000239999999394,31.48170225166729,33.3625,45.137499999999996,1,0,0,1,1687,79,79,1688.0,80.0,1687.0,1687,80,62.9641600641844,37775.046699440754
4400,0,725,2,2,1268282,1270046,1340.037891,1342.03889,2.0009990000000926,32.812037872805725,33.3625,45.137499999999996,1,0,0,1,1764,80,80,1764.0,79.0,1764.0,1764,79,65.65685497145023,39176.9311229023
4400,0,726,2,2,1270046,1271892,1342.03889,1344.038882,1.9999920000000202,34.14288874869334,33.3625,45.137499999999996,1,1,0,1,1846,80,80,1848.0,80.0,1846.0,1846,80,68.28550435428042,40534.66213864814
4400,0,727,2,2,1271892,1273741,1344.038882,1346.038924,2.000041999999894,36.579521360010645,33.3625,45.137499999999996,1,1,1,1,1849,80,80,1849.0,80.0,1849.0,1849,80,73.16057905991329,43765.58092280294
4400,0,728,2,2,1273741,1274000,1346.038924,1346.287959,0.24903500000004897,37.077986241012496,33.3625,45.137499999999996,1,1,1,1,259,10,10,259.0,10.0,259.0,259,10,9.233716303533583,44756.76109782885
4400,0,729,2,2,1274000,1275933,1346.287959,1348.287928,1.9999689999999646,37.39059429793427,33.3625,45.137499999999996,1,1,1,1,1933,80,80,1934.0,80.0,1933.0,1933,80,74.78002948744688,43472.67382644508
4400,0,730,2,2,1275933,1277936,1348.287928,1350.289991,2.0020630000001347,37.74171929968042,33.3625,45.137499999999996,1,1,1,1,2003,80,80,2003.0,80.0,2003.0,2003,80,75.5612997662829,45017.06489755514
4400,0,731,2,2,1277936,1279889,1350.289991,1352.29001,2.0000189999998383,38.16911925963039,33.3625,45.137499999999996,1,1,1,1,1953,80,80,1954.0,80.0,1953.0,1953,80,76.33896373252355,44940.073069309474
4400,0,732,2,2,1279889,1282002,1352.29001,1354.29034,2.0003300000000763,38.547021364376405,33.3625,45.137499999999996,1,1,1,1,2113,80,80,2113.0,80.0,2113.0,2113,80,77.10676324580709,45454.99992501064
4400,0,733,2,2,1282002,1284051,1354.29034,1356.290566,2.000225999999884,38.50926810541028,33.3625,45.137499999999996,1,1,1,1,2049,80,80,2051.0,80.0,2049.0,2049,80,77.02723930541106,45432.36614262852
4400,0,734,2,2,1284051,1286051,1356.290566,1358.292097,2.0015310000001136,38.81278206889289,33.3625,45.137499999999996,1,1,1,1,2000,80,79,2000.0,80.0,2000.0,2000,79,77.68498650713445,45340.29200646647
4400,0,735,2,2,1286051,1287000,1358.292097,1359.261088,0.96899099999996,38.98076393353252,33.3625,45.137499999999996,1,1,1,1,949,39,39,950.0,39.0,949.0,949,39,37.77200942471245,46060.28332564683
4400,0,736,2,2,1287000,1288966,1359.261088,1361.262025,2.0009370000000217,39.01932094563576,33.3625,45.137499999999996,1,1,1,1,1966,79,79,1969.0,80.0,1966.0,1966,80,78.07520299500175,44809.50674608897
4400,0,737,2,2,1288966,1290924,1361.262025,1363.262839,2.000813999999991,39.149820787241104,33.3625,45.137499999999996,1,1,1,1,1958,80,80,1959.0,79.0,1958.0,1958,79,78.3315095286016,46213.19123116912
4400,0,738,2,2,1290924,1292974,1363.262839,1365.265863,2.003024000000096,38.809537190144894,33.3625,45.137499999999996,1,1,1,1,2050,80,80,2050.0,80.0,2050.0,2050,80,77.7364344207599,45285.02903609526
4400,0,739,2,2,1292974,1295008,1365.265863,1367.26603,2.0001669999999194,38.95107222405583,33.3625,45.137499999999996,1,1,1,1,2034,80,80,2035.0,80.0,2035.0,2034,80,77.90864927716757,45949.163244870906
4400,0,740,2,2,1295008,1297119,1367.26603,1369.266967,2.0009370000000217,39.01765453868461,33.3625,45.137499999999996,1,1,1,1,2111,80,80,2110.0,80.0,2110.0,2111,80,78.07186861967057,46174.867074774964
4400,0,741,2,2,1297119,1299085,1369.266967,1371.267346,2.0003790000000663,38.78533002683787,33.3625,45.137499999999996,1,1,1,1,1966,80,80,1966.0,80.0,1966.0,1966,80,77.58535969375953,45249.92513918463
4400,0,742,2,2,1299085,1300000,1371.267346,1372.208585,0.9412389999999959,38.875256360152356,33.3625,45.137499999999996,1,1,1,1,915,38,38,917.0,38.0,915.0,915,38,36.59090742117405,44952.450971538776
4400,0,743,2,2,1300000,1302069,1372.208585,1374.208618,2.000032999999803,39.21275617213615,33.3625,45.137499999999996,1,1,1,1,2069,80,80,2071.0,80.0,2069.0,2069,80,78.42680636521982,45322.25218284345
4400,0,744,2,2,1302069,1304114,1374.208618,1376.209097,2.000479000000041,38.82673730364641,33.3625,45.137499999999996,1,1,1,1,2045,80,80,2045.0,80.0,2045.0,2045,80,77.6720726144631,46223.92936891519
4400,0,745,2,2,1304114,1306199,1376.209097,1378.211602,2.0025050000001556,38.95431520603034,33.3625,45.137499999999996,1,1,1,1,2085,80,80,2088.0,80.0,2085.0,2085,80,78.00621097166004,45291.772055496964
4400,0,746,2,2,1306199,1308172,1378.211602,1380.212994,2.001391999999896,39.241655187797505,33.3625,45.137499999999996,1,1,1,1,1973,80,80,1974.0,80.0,1973.0,1973,80,78.53793475960993,45159.06928777805
4400,0,747,2,2,1308172,1310256,1380.212994,1382.213169,2.0001750000001266,39.21509122953058,33.3625,45.137499999999996,1,1,1,1,2084,80,80,2087.0,80.0,2084.0,2084,80,78.43704510002863,46629.419925753544
4400,0,748,2,2,1310256,1312406,1382.213169,1384.214592,2.0014229999999316,39.556549528609736,33.3625,45.137499999999996,1,1,1,1,2150,80,80,2152.0,80.0,2150.0,2150,80,79.1693880271996,45869.36394755288
4400,0,749,2,2,1312406,1313000,1384.214592,1384.748673,0.5340810000000147,39.24616476163429,33.3625,45.137499999999996,1,1,1,1,594,21,21,595.0,21.0,594.0,594,21,20.960630922061682,46477.96869763073
4400,0,750,2,2,1313000,1314982,1384.748673,1386.750566,2.001892999999882,39.23838869812027,33.3625,45.137499999999996,1,1,1,1,1982,80,80,1984.0,80.0,1982.0,1982,80,78.5510556660447,44947.45723173282
4400,0,751,2,2,1314982,1317072,1386.750566,1388.753294,2.002728000000161,39.40467740253516,33.3625,45.137499999999996,1,1,1,1,2090,80,80,2093.0,80.0,2090.0,2090,80,78.916850765032,46731.757882244856
4400,0,752,2,2,1317072,1319142,1388.753294,1390.755179,2.001884999999902,39.6620280683485,33.3625,45.137499999999996,1,1,1,1,2070,80,80,2070.0,80.0,2070.0,2070,80,79.39881905959919,45448.16510439134
4400,0,753,2,2,1319142,1321226,1390.755179,1392.757038,2.0018589999999676,39.50617880366623,33.3625,45.137499999999996,1,1,1,1,2084,80,80,2085.0,80.0,2084.0,2084,80,79.08579959372582,46327.4386457795
4400,0,754,2,2,1321226,1323274,1392.757038,1394.759365,2.002326999999923,39.5650569884139,33.3625,45.137499999999996,1,1,1,1,2048,80,80,2051.0,80.0,2049.0,2048,80,79.22218186443934,46655.71607434929
4400,0,755,2,2,1323274,1325305,1394.759365,1396.759984,2.0006190000001425,39.293566386381414,33.3625,45.137499999999996,1,1,1,1,2031,80,80,2033.0,80.0,2030.0,2031,80,78.61145549036155,45041.55963728905
4400,0,756,2,2,1325305,1326000,1396.759984,1397.403127,0.6431430000000091,39.194459037962744,33.3625,45.137499999999996,1,1,1,1,695,25,25,695.0,26.0,695.0,695,26,25.20764196904929,47029.97622612634
4400,0,757,2,2,1326000,1328072,1397.403127,1399.405399,2.002271999999948,39.52934589823828,33.3625,45.137499999999996,1,1,1,1,2072,80,80,2074.0,80.0,2072.0,2072,80,79.14850247035793,45031.8438254155
4400,0,758,2,2,1328072,1330098,1399.405399,1401.406083,2.000684000000092,40.016024735022796,33.3625,45.137499999999996,1,1,1,1,2026,80,80,2027.0,79.0,2026.0,2026,79,80.0594204309673,46226.190642798036
4400,0,759,2,2,1330098,1332193,1401.406083,1403.406692,2.0006089999999404,39.76543232150375,33.3625,45.137499999999996,1,1,1,1,2095,80,80,2095.0,80.0,2095.0,2095,80,79.5550817912881,46930.70959892852
4400,0,760,2,2,1332193,1334263,1403.406692,1405.407221,2.000528999999915,39.754670511772815,33.3625,45.137499999999996,1,1,1,1,2070,80,80,2074.0,80.0,2070.0,2070,80,79.53037124424009,45939.848909965265
4400,0,761,2,2,1334263,1336307,1405.407221,1407.409539,2.0023180000000593,39.559301483448436,33.3625,45.137499999999996,1,1,1,1,2044,80,80,2044.0,80.0,2044.0,2044,80,79.21030142773816,46632.952408157566
4400,0,762,2,2,1336307,1338405,1407.409539,1409.410641,2.001101999999946,39.566092517326396,33.3625,45.137499999999996,1,1,1,1,2098,80,80,2098.0,80.0,2098.0,2098,80,79.17578686860361,47027.08807447223
4400,0,763,2,2,1338405,1339000,1409.410641,1409.966928,0.5562870000001112,39.54624759477895,33.3625,45.137499999999996,1,1,1,1,595,22,22,595.0,22.0,595.0,595,22,21.999063435760036,46450.84282033345
4400,0,764,2,2,1339000,1341008,1409.966928,1411.967307,2.000378999999839,39.46932044816919,33.3625,45.137499999999996,1,1,1,1,2008,79,79,2011.0,80.0,2008.0,2008,79,78.95359976878535,46595.17021524796
4400,0,765,2,2,1341008,1343112,1411.967307,1413.967754,2.000447000000122,39.440899558977435,33.3625,45.137499999999996,1,1,1,1,2104,80,80,2104.0,80.0,2104.0,2104,80,78.89942920006433,45742.27660117685
4400,0,766,2,2,1343112,1345139,1413.967754,1415.968415,2.0006610000000364,39.79044494300344,33.3625,45.137499999999996,1,1,1,1,2027,80,80,2027.0,80.0,2027.0,2027,80,79.6071913701162,46395.66623230938
4400,0,767,2,2,1345139,1347205,1415.968415,1417.969435,2.001019999999926,39.60983315097963,33.3625,45.137499999999996,1,1,1,1,2066,80,80,2067.0,80.0,2066.0,2066,80,79.26006833177235,45873.60446172622
4400,0,768,2,2,1347205,1349297,1417.969435,1419.96966,2.0002250000000004,39.879509271316174,33.3625,45.137499999999996,1,1,1,1,2092,80,80,2093.0,80.0,2092.0,2092,80,79.7679914322216,47054.20640177979
4400,0,769,2,2,1349297,1351340,1419.96966,1421.970692,2.001032000000123,39.483216211750445,33.3625,45.137499999999996,1,1,1,1,2043,80,80,2043.0,80.0,2043.0,2043,80,79.00717910263484,46372.072010839554
4400,0,770,2,2,1351340,1352000,1421.970692,1422.596892,0.6261999999999261,39.79980931974212,33.3625,45.137499999999996,1,1,1,1,660,25,25,660.0,25.0,660.0,660,25,24.922640596021665,46370.16927499748
4400,0,771,2,2,1352000,1354038,1422.596892,1424.600533,2.003641000000016,39.49113108061266,33.3625,45.137499999999996,1,1,1,1,2038,79,79,2039.0,80.0,2038.0,2038,79,79.12604936949356,46149.484862806894
4400,0,772,2,2,1354038,1356163,1424.600533,1426.601207,2.00067399999989,39.49394486412156,33.3625,45.137499999999996,1,1,1,1,2125,80,80,2127.0,80.0,2125.0,2125,80,79.01450864708022,46726.253252656425
4400,0,773,2,2,1356163,1358217,1426.601207,1428.601788,2.000581000000011,39.52462669545501,33.3625,45.137499999999996,1,1,1,1,2054,80,80,2055.0,80.0,2054.0,2054,80,79.07221719902009,46342.037638065885
4400,0,774,2,2,1358217,1360329,1428.601788,1430.601934,2.000146000000086,39.79928640440921,33.3625,45.137499999999996,1,1,1,1,2112,80,80,2114.0,80.0,2112.0,2112,80,79.60438350463664,47379.54129348353
4400,0,775,2,2,1360329,1362468,1430.601934,1432.602502,2.00056799999993,39.59733227531779,33.3625,45.137499999999996,1,1,1,1,2139,80,80,2140.0,80.0,2140.0,2139,80,79.2171558353657,46941.66856612886
4400,0,776,2,2,1362468,1364538,1432.602502,1434.604415,2.0019130000000587,39.716232430608216,33.3625,45.137499999999996,1,1,1,1,2070,80,80,2069.0,80.0,2069.0,2070,80,79.50844201385917,46213.2969814359
4400,0,777,2,2,1364538,1365000,1434.604415,1435.115046,0.5106309999998757,39.66044910884233,33.3625,45.137499999999996,1,1,1,1,462,20,20,462.0,20.0,462.0,462,20,20.25185478889034,44683.93027451438
4400,0,778,2,2,1365000,1367020,1435.115046,1437.118442,2.003396000000066,39.60334044279606,33.3625,45.137499999999996,1,1,1,1,2020,80,80,2022.0,80.0,2020.0,2020,80,79.34117382973636,45291.594871906
4400,0,779,2,2,1367020,1369108,1437.118442,1439.119941,2.001498999999967,39.474725283532976,33.3625,45.137499999999996,1,1,1,1,2088,80,80,2090.0,80.0,2088.0,2088,80,79.00862318026338,45991.529348753866
4400,0,780,2,2,1369108,1371176,1439.119941,1441.121619,2.0016780000000836,39.65502191561501,33.3625,45.137499999999996,1,1,1,1,2068,80,80,2068.0,80.0,2068.0,2068,80,79.3765849580086,46529.96136241499
4400,0,781,2,2,1371176,1373325,1441.121619,1443.121678,2.0000589999999647,39.61903070202106,33.3625,45.137499999999996,1,1,1,1,2149,80,80,2150.0,80.0,2149.0,2149,80,79.2403989268496,46336.133084074834
4400,0,782,2,2,1373325,1375338,1443.121678,1445.122642,2.0009640000000672,39.53121024737529,33.3625,45.137499999999996,1,1,1,1,2013,80,80,2013.0,80.0,2013.0,2013,80,79.10052858143172,45772.93744415038
4400,0,783,2,2,1375338,1377398,1445.122642,1447.122998,2.0003560000000107,39.22249920601952,33.3625,45.137499999999996,1,1,1,1,2060,80,80,2060.0,80.0,2060.0,2060,80,78.45896162175632,45804.34682626468
4400,0,784,2,2,1377398,1378000,1447.122998,1447.696205,0.5732069999999112,39.49181218975777,33.3625,45.137499999999996,1,1,1,1,602,23,23,602.0,23.0,602.0,602,23,22.63698318984825,46072.361293571244
4400,0,785,2,2,1378000,1380020,1447.696205,1449.69819,2.0019850000001043,39.557157694113556,33.3625,45.137499999999996,1,1,1,1,2020,80,80,2026.0,80.0,2020.0,2020,80,79.19283634625754,45446.39445350253
4400,0,786,2,2,1380020,1382166,1449.69819,1451.699463,2.0012729999998555,39.48780448525198,33.3625,45.137499999999996,1,1,1,1,2146,80,80,2146.0,80.0,2146.0,2146,80,79.02587694560498,47667.15985275716
4400,0,787,2,2,1382166,1384224,1451.699463,1453.700712,2.0012490000001435,39.44282116808706,33.3625,45.137499999999996,1,1,1,1,2058,80,80,2059.0,80.0,2058.0,2058,80,78.93490641981771,45550.55367922406
4400,0,788,2,2,1384224,1386296,1453.700712,1455.701042,2.000329999999849,39.346670603875566,33.3625,45.137499999999996,1,1,1,1,2072,80,80,2072.0,80.0,2072.0,2072,80,78.70632560904778,45684.46206376293
4400,0,789,2,2,1386296,1388420,1455.701042,1457.70211,2.001068000000032,39.4484543780238,33.3625,45.137499999999996,1,1,1,1,2124,80,80,2124.0,80.0,2124.0,2124,80,78.93903970532119,46874.469033535344
4400,0,790,2,2,1388420,1390473,1457.70211,1459.705052,2.0029420000000755,39.710857514590174,33.3625,45.137499999999996,1,1,1,1,2053,80,80,2053.0,80.0,2053.0,2053,80,79.53854437199334,46775.69295566046
4400,0,791,2,2,1390473,1391000,1459.705052,1460.255261,0.5502089999999953,39.5537428403883,33.3625,45.137499999999996,1,1,1,1,527,22,22,527.0,22.0,527.0,527,22,21.76282529447053,44581.240946622485
4400,0,792,2,2,1391000,1393096,1460.255261,1462.256044,2.000782999999956,39.45206727678527,33.3625,45.137499999999996,1,1,1,1,2096,80,80,2100.0,80.0,2096.0,2096,80,78.93502552224527,46752.696319391995
4400,0,793,2,2,1393096,1395193,1462.256044,1464.256105,2.0000609999999597,39.42409256252055,33.3625,45.137499999999996,1,1,1,1,2097,80,80,2098.0,80.0,2097.0,2097,80,78.8505899946831,46366.58581913345
4400,0,794,2,2,1395193,1397213,1464.256105,1466.256414,2.0003090000000157,39.401152714205026,33.3625,45.137499999999996,1,1,1,1,2020,79,79,2022.0,80.0,2020.0,2020,80,78.81448038460076,46469.82041274587
4400,0,795,2,2,1397213,1399271,1466.256414,1468.257289,2.000874999999951,39.40792362261061,33.3625,45.137499999999996,1,1,1,1,2058,80,80,2058.0,79.0,2058.0,2058,79,78.85032917839271,45754.982195290686
4400,0,796,2,2,1399271,1401361,1468.257289,1470.25822,2.000931000000037,39.55763635838011,33.3625,45.137499999999996,1,1,1,1,2090,80,80,2093.0,80.0,2090.0,2090,80,79.15210087621381,47230.01442828276
4400,0,797,2,2,1401361,1403503,1470.25822,1472.258383,2.000163000000157,39.71924385260343,33.3625,45.137499999999996,1,1,1,1,2142,80,80,2143.0,80.0,2142.0,2142,80,79.44496194196108,46535.70733984815
4400,0,798,2,2,1403503,1404000,1472.258383,1472.731462,0.4730789999998706,39.70450812391741,33.3625,45.137499999999996,1,1,1,1,497,19,19,497.0,19.0,497.0,497,19,18.78336899875285,48569.055062698375
4400,0,799,2,2,1404000,1406071,1472.731462,1474.731503,2.00004100000001,39.37342830366508,33.3625,45.137499999999996,1,1,1,1,2071,80,80,2075.0,80.0,2071.0,2071,80,78.74847091788979,45462.568017355414
4400,0,800,2,2,1406071,1408119,1474.731503,1476.732485,2.000982000000022,39.392443550291404,33.3625,45.137499999999996,1,1,1,1,2048,80,80,2048.0,80.0,2048.0,2048,80,78.82357048014819,45633.59390539196
4400,0,801,2,2,1408119,1410157,1476.732485,1478.73473,2.0022449999999026,39.63505162365929,33.3625,45.137499999999996,1,1,1,1,2038,80,80,2040.0,80.0,2038.0,2038,80,79.35908393820864,47047.68896913444
4400,0,802,2,2,1410157,1412227,1478.73473,1480.736997,2.0022670000000744,39.34293052613401,33.3625,45.137499999999996,1,1,1,1,2070,80,80,2071.0,80.0,2070.0,2070,80,78.77505147577176,46095.25103295243
4400,0,803,2,2,1412227,1414314,1480.736997,1482.737015,2.0000179999999546,39.32980301322631,33.3625,45.137499999999996,1,1,1,1,2087,80,80,2087.0,80.0,2087.0,2087,80,78.66031396290782,45600.589594694684
4400,0,804,2,2,1414314,1416342,1482.737015,1484.737223,2.000208000000157,39.28420153858761,33.3625,45.137499999999996,1,1,1,1,2028,80,80,2028.0,80.0,2028.0,2028,80,78.57657419110183,45472.77083182992
4400,0,805,2,2,1416342,1417000,1484.737223,1485.365541,0.6283179999998083,39.494651196200145,33.3625,45.137499999999996,1,1,1,1,658,24,24,659.0,25.0,658.0,658,24,24.815200250282942,45106.14052121481
4400,0,806,2,2,1417000,1419137,1485.365541,1487.366417,2.000876000000062,39.42899512899547,33.3625,45.137499999999996,1,1,1,1,2137,80,80,2142.0,80.0,2137.0,2137,80,78.8925300577248,47403.737163121084
4400,0,807,2,2,1419137,1421253,1487.366417,1489.366447,2.0000300000001516,39.83081105976504,33.3625,45.137499999999996,1,1,1,1,2116,80,80,2117.0,80.0,2116.0,2116,80,79.66281704387075,47348.78976814989
4400,0,808,2,2,1421253,1423255,1489.366447,1491.36792,2.0014729999998053,39.42962991434381,33.3625,45.137499999999996,1,1,1,1,2002,80,80,2003.0,80.0,2002.0,2002,80,78.9173396735423,46008.11502328983
4400,0,809,2,2,1423255,1425239,1491.36792,1493.368377,2.0004570000000967,39.31037990094785,33.3625,45.137499999999996,1,1,1,1,1984,80,80,1985.0,80.0,1984.0,1984,80,78.63872464551241,45834.52681062156
4400,0,810,2,2,1425239,1427294,1493.368377,1495.368736,2.0003589999998894,39.47455754923426,33.3625,45.137499999999996,1,1,1,1,2055,80,80,2056.0,80.0,2055.0,2055,80,78.96328646462644,46073.22985524353
4400,0,811,2,2,1427294,1429314,1495.368736,1497.36907,2.0003340000000662,39.46853713952095,33.3625,45.137499999999996,1,1,1,1,2020,80,80,2022.0,80.0,2020.0,2020,80,78.9502567704476,45217.94860258187
4400,0,812,2,2,1429314,1430000,1497.36907,1498.033387,0.6643169999999827,39.41912635933841,33.3625,45.137499999999996,1,1,1,1,686,26,26,686.0,26.0,686.0,686,26,26.186795765657735,45430.11845248697
4400,0,813,2,2,1430000,1432071,1498.033387,1500.033766,2.0003790000000663,39.36732873047697,33.3625,45.137499999999996,1,1,1,1,2071,80,80,2073.0,80.0,2071.0,2071,80,78.74957767854357,46622.16509971206
4400,0,814,2,2,1432071,1434171,1500.033766,1502.033998,2.0002320000000964,39.290296272072155,33.3625,45.137499999999996,1,1,1,1,2100,80,80,2102.0,80.0,2100.0,2100,80,78.58970789288287,46279.63156273649
4400,0,815,2,2,1434171,1436174,1502.033998,1504.035532,2.0015339999999924,39.65812140115013,33.3625,45.137499999999996,1,1,1,1,2003,80,80,2007.0,80.0,2003.0,2003,80,79.37707836052869,46066.66686651356
4400,0,816,2,2,1436174,1438170,1504.035532,1506.036999,2.0014669999998205,39.14216021709622,33.3625,45.137499999999996,1,1,1,1,1996,80,80,1996.0,80.0,1996.0,1996,80,78.3417419832258,45493.63042208948
4400,0,817,2,2,1438170,1440216,1506.036999,1508.037141,2.0001420000000962,39.217662619933556,33.3625,45.137499999999996,1,1,1,1,2046,80,80,2046.0,80.0,2046.0,2046,80,78.44089414796326,45893.24157984562
4400,0,818,2,2,1440216,1442275,1508.037141,1510.037336,2.000195000000076,39.231267095095376,33.3625,45.137499999999996,1,1,1,1,2059,80,80,2060.0,80.0,2059.0,2059,80,78.4701842872746,45192.593722110374
4400,0,819,2,2,1442275,1443000,1510.037336,1510.765914,0.7285779999999704,38.98219368873212,33.3625,45.137499999999996,1,1,1,1,725,29,29,725.0,29.0,725.0,725,29,28.40156871335057,45138.61247526186
4400,0,820,2,2,1443000,1445082,1510.765914,1512.765997,2.000082999999904,39.26809803033666,33.3625,45.137499999999996,1,1,1,1,2082,80,80,2089.0,80.0,2082.0,2082,80,78.53945531280624,44748.14295206963
4400,0,821,2,2,1445082,1447137,1512.765997,1514.766025,2.0000279999999293,39.052910146411556,33.3625,45.137499999999996,1,1,1,1,2055,80,80,2056.0,80.0,2055.0,2055,80,78.1069137743034,44895.37146480108
4400,0,822,2,2,1447137,1449238,1514.766025,1516.766641,2.0006160000000364,39.2294580596459,33.3625,45.137499999999996,1,1,1,1,2101,80,80,2101.0,80.0,2101.0,2101,80,78.48308146545605,46214.26600606929
4400,0,823,2,2,1449238,1451186,1516.766641,1518.766977,2.000336000000061,39.06052222863827,33.3625,45.137499999999996,1,1,1,1,1948,80,80,1953.0,80.0,1948.0,1948,80,78.13416879274882,45924.78463617972
4400,0,824,2,2,1451186,1453149,1518.766977,1520.7684,2.0014229999999316,39.056488525098025,33.3625,45.137499999999996,1,1,1,1,1963,79,79,1963.0,80.0,1963.0,1963,80,78.16855443336681,44729.674836355465
4400,0,825,2,2,1453149,1455121,1520.7684,1522.769186,2.000786000000062,39.324674893960626,33.3625,45.137499999999996,1,1,1,1,1972,80,80,1972.0,79.0,1972.0,1972,79,78.68025898239284,44992.31801901713
4400,0,826,2,2,1455121,1456000,1522.769186,1523.611779,0.842593000000079,39.25144705967267,33.3625,45.137499999999996,1,1,1,1,879,34,34,880.0,34.0,879.0,879,34,33.07299453235464,46680.900505933845
4400,0,827,2,2,1456000,1458003,1523.611779,1525.611755,1.9999759999998332,39.19589370510929,33.3625,45.137499999999996,1,1,1,1,2003,80,80,2007.0,80.0,2004.0,2003,80,78.39084670876036,46372.056464681446
4400,0,828,2,2,1458003,1460029,1525.611755,1527.611796,2.00004100000001,39.12116714178976,33.3625,45.137499999999996,1,1,1,1,2026,80,80,2025.0,80.0,2025.0,2026,80,78.24393825143488,46602.54464783448
4400,0,829,2,2,1460029,1462034,1527.611796,1529.61204,2.000244000000066,39.07048862160184,33.3625,45.137499999999996,1,1,1,1,2005,80,80,2007.0,80.0,2005.0,2005,80,78.15051044242864,46074.37892576953
4400,0,830,2,2,1462034,1464081,1529.61204,1531.612245,2.000205000000051,39.243991297028394,33.3625,45.137499999999996,1,1,1,1,2047,80,80,2048.0,80.0,2047.0,2047,80,78.49602761227288,46328.75130299026
4400,0,831,2,2,1464081,1466187,1531.612245,1533.615285,2.0030400000000554,39.098462936106806,33.3625,45.137499999999996,1,1,1,1,2106,80,80,2108.0,80.0,2106.0,2106,80,78.315785199542,46077.46225736752
4400,0,832,2,2,1466187,1468281,1533.615285,1535.616242,2.0009569999999712,38.87760212745343,33.3625,45.137499999999996,1,1,1,1,2094,80,80,2095.0,80.0,2094.0,2094,80,77.79241012014245,45603.678639771526
4400,0,833,2,2,1468281,1469000,1535.616242,1536.263467,0.6472249999999349,39.1563140734084,33.3625,45.137499999999996,1,1,1,1,719,26,26,719.0,26.0,719.0,719,26,25.342945376156422,47322.02866082596
4400,0,834,2,2,1469000,1471022,1536.263467,1538.264032,2.0005650000000514,38.996800379769596,33.3625,45.137499999999996,1,1,1,1,2022,80,80,2025.0,80.0,2022.0,2022,80,78.01563395175617,45698.090289492044
4400,0,835,2,2,1471022,1473090,1538.264032,1540.265004,2.000972000000047,39.203818024360054,33.3625,45.137499999999996,1,1,1,1,2068,79,79,2069.0,79.0,2068.0,2068,79,78.44574215984176,46404.44743854378
4400,0,836,2,2,1473090,1475133,1540.265004,1542.265055,2.000050999999985,38.93393965244579,33.3625,45.137499999999996,1,1,1,1,2043,80,80,2043.0,80.0,2043.0,2043,80,77.86986493581207,45678.83518970301
4400,0,837,2,2,1475133,1477118,1542.265055,1544.26657,2.0015149999999267,39.06766507901719,33.3625,45.137499999999996,1,1,1,1,1985,80,80,1986.0,80.0,1985.0,1985,80,78.19451767062856,44860.51815749734
4400,0,838,2,2,1477118,1479132,1544.26657,1546.26689,2.0003200000001016,39.260238549388724,33.3625,45.137499999999996,1,1,1,1,2014,79,79,2016.0,80.0,2014.0,2014,79,78.53304037511407,45120.2807550769
4400,0,839,2,2,1479132,1481251,1546.26689,1548.26733,2.0004399999997986,39.13960274785578,33.3625,45.137499999999996,1,1,1,1,2119,80,80,2119.0,80.0,2119.0,2119,80,78.29642692091147,46268.320969391396
4400,0,840,2,2,1481251,1482000,1548.26733,1549.021889,0.7545590000001994,39.18518639779919,33.3625,45.137499999999996,1,1,1,1,749,30,30,750.0,30.0,749.0,749,30,29.567535063142714,44529.32110012752
4400,0,841,2,2,1482000,1484109,1549.021889,1551.022347,2.0004579999999805,39.10669749229319,33.3625,45.137499999999996,1,1,1,1,2109,80,80,2116.0,80.0,2109.0,2109,80,78.23130585203762,45778.01683414543
4400,0,842,2,2,1484109,1486182,1551.022347,1553.023994,2.0016469999998208,39.148808618552714,33.3625,45.137499999999996,1,1,1,1,2073,80,80,2073.0,80.0,2073.0,2073,80,78.3620953248901,47195.134806491085
4400,0,843,2,2,1486182,1488161,1553.023994,1555.024486,2.000492000000122,39.29995525924808,33.3625,45.137499999999996,1,1,1,1,1979,80,80,1979.0,80.0,1979.0,1979,80,78.6192460964885,45384.83533050593
4400,0,844,2,2,1488161,1490230,1555.024486,1557.025442,2.0009560000000874,39.07456806262254,33.3625,45.137499999999996,1,1,1,1,2069,80,80,2069.0,80.0,2069.0,2069,80,78.18649141231435,46876.592988549426
4400,0,845,2,2,1490230,1492197,1557.025442,1559.025895,2.0004529999998795,39.085386665341005,33.3625,45.137499999999996,1,1,1,1,1967,80,80,1968.0,80.0,1967.0,1967,80,78.18847901083791,44558.90740747489
4400,0,846,2,2,1492197,1494296,1559.025895,1561.02614,2.00024499999995,39.26639183402226,33.3625,45.137499999999996,1,1,1,1,2099,80,80,2101.0,80.0,2099.0,2099,80,78.54240393404325,46656.784543894544
4400,0,847,2,2,1494296,1495000,1561.02614,1561.731725,0.7055850000001556,39.10102641013319,33.3625,45.137499999999996,1,1,1,1,704,28,28,704.0,28.0,704.0,704,28,27.58909771960316,45107.2514296548
4400,0,848,2,2,1495000,1497064,1561.731725,1563.731769,2.000043999999889,39.10146762621183,33.3625,45.137499999999996,1,1,1,1,2064,80,80,2065.0,80.0,2064.0,2064,80,78.20465571699606,46084.486141307454
4400,0,849,2,2,1497064,1499013,1563.731769,1565.732035,2.0002660000000105,39.39793237748395,33.3625,45.137499999999996,1,1,1,1,1949,80,80,1949.0,80.0,1949.0,1949,80,78.80634460497822,45629.93121914761
4400,0,850,2,2,1499013,1500972,1565.732035,1567.732371,2.000336000000061,39.148972514348195,33.3625,45.137499999999996,1,1,1,1,1959,80,80,1961.0,80.0,1959.0,1959,80,78.31109908346116,45585.8415786134
4400,0,851,2,2,1500972,1503018,1567.732371,1569.73251,2.00013899999999,38.953750754387364,33.3625,45.137499999999996,1,1,1,1,2046,80,80,2046.0,80.0,2046.0,2046,80,77.91291608013125,45370.846726152755
4400,0,852,2,2,1503018,1505053,1569.73251,1571.733135,2.0006249999999,39.13813660203351,33.3625,45.137499999999996,1,1,1,1,2035,80,80,2035.0,80.0,2035.0,2035,80,78.30073453943623,45525.273352079756
4400,0,853,2,2,1505053,1507143,1571.733135,1573.734077,2.000942000000123,39.24564640078249,33.3625,45.137499999999996,1,1,1,1,2090,78,78,2092.0,80.0,2090.0,2090,78,78.52826220048155,46276.70367256738
4400,0,854,2,2,1507143,1508000,1573.734077,1574.538369,0.8042920000000322,39.147597007324535,33.3625,45.137499999999996,1,1,1,1,857,32,32,857.0,32.0,857.0,857,32,31.486099092217046,45406.394692473055
4400,0,855,2,2,1508000,1510081,1574.538369,1576.539061,2.0006919999998445,39.3120869096693,33.3625,45.137499999999996,1,1,1,1,2081,80,80,2086.0,80.0,2081.0,2081,80,78.65137778347707,46248.498019688785
4400,0,856,2,2,1510081,1512192,1576.539061,1578.539688,2.0006270000001223,39.30966001296627,33.3625,45.137499999999996,1,1,1,1,2111,80,80,2112.0,80.0,2111.0,2111,80,78.64396718276839,45879.616740149155
4400,0,857,2,2,1512192,1514316,1578.539688,1580.540111,2.000422999999955,39.15837309927637,33.3625,45.137499999999996,1,1,1,1,2124,80,80,2125.0,80.0,2125.0,2124,80,78.33331019036996,46306.706131654195
4400,0,858,2,2,1514316,1516372,1580.540111,1582.540083,1.9999720000000707,39.32153354346052,33.3625,45.137499999999996,1,1,1,1,2056,80,80,2058.0,80.0,2055.0,2056,80,78.64196608398197,46198.1467740532
4400,0,859,2,2,1516372,1518389,1582.540083,1584.54092,2.0008369999998195,39.411741012012605,33.3625,45.137499999999996,1,1,1,1,2017,79,79,2017.0,80.0,2017.0,2017,80,78.85646965124761,46177.67464316601
4400,0,860,2,2,1518389,1520473,1584.54092,1586.541376,2.0004559999999856,39.40384485866479,33.3625,45.137499999999996,1,1,1,1,2084,80,80,2086.0,79.0,2084.0,2084,79,78.82565787058411,45846.04710126124
4400,0,861,2,2,1520473,1521000,1586.541376,1587.051225,0.5098490000000311,39.34494008807535,33.3625,45.137499999999996,1,1,1,1,527,21,21,527.0,21.0,527.0,527,21,20.059978358964145,45021.17293551346
4400,0,862,2,2,1521000,1523011,1587.051225,1589.05287,2.001645000000053,39.27721960696185,33.3625,45.137499999999996,1,1,1,1,2011,80,80,2013.0,80.0,2011.0,2011,80,78.61905024018051,45902.74499224266
4400,0,863,2,2,1523011,1525107,1589.05287,1591.053061,2.000191000000086,39.19045087498029,33.3625,45.137499999999996,1,1,1,1,2096,80,80,2096.0,80.0,2096.0,2096,80,78.38838712608413,46542.55518597773
4400,0,864,2,2,1525107,1527255,1591.053061,1593.053317,2.000256000000036,39.39203350919642,33.3625,45.137499999999996,1,1,1,1,2148,80,80,2149.0,80.0,2148.0,2148,80,78.79415137897013,46803.00921481966
4400,0,865,2,2,1527255,1529439,1593.053317,1595.055477,2.0021600000000035,39.69746081754882,33.3625,45.137499999999996,1,1,1,1,2184,80,80,2185.0,80.0,2184.0,2184,80,79.48066815046332,46538.23870220154
4400,0,866,2,2,1529439,1531517,1595.055477,1597.055524,2.000046999999995,39.74070860835249,33.3625,45.137499999999996,1,1,1,1,2078,80,80,2081.0,80.0,2078.0,2078,80,79.48328503000812,47011.89522046244
4400,0,867,2,2,1531517,1533601,1597.055524,1599.05649,2.000965999999835,39.43030269292624,33.3625,45.137499999999996,1,1,1,1,2084,79,78,2084.0,79.0,2084.0,2084,78,78.89869505824754,46140.21427650826
4400,0,868,2,2,1533601,1534000,1599.05649,1599.432478,0.37598800000000665,39.38841095592728,33.3625,45.137499999999996,1,1,1,1,399,15,15,399.0,15.0,399.0,399,15,14.809569858494797,46243.497132886405
4400,0,869,2,2,1534000,1536052,1599.432478,1601.433605,2.0011269999999968,39.499211015734716,33.3625,45.137499999999996,1,1,1,1,2052,79,79,2055.0,80.0,2052.0,2052,79,79.0429376422835,46305.90662161879
4400,0,870,2,2,1536052,1538137,1601.433605,1603.434122,2.0005169999999453,39.57135623543433,33.3625,45.137499999999996,1,1,1,1,2085,80,80,2086.0,80.0,2085.0,2085,80,79.16317086204072,46726.92109089928
4400,0,871,2,2,1538137,1540228,1603.434122,1605.434385,2.000263000000132,39.845988951887534,33.3625,45.137499999999996,1,1,1,1,2091,80,80,2091.0,80.0,2091.0,2091,80,79.70245739887469,45853.9702029153
4400,0,872,2,2,1540228,1542310,1605.434385,1607.434842,2.0004569999998694,39.778075470776585,33.3625,45.137499999999996,1,1,1,1,2082,80,80,2082.0,80.0,2082.0,2082,80,79.57432952203817,46558.861300195946
4400,0,873,2,2,1542310,1544418,1607.434842,1609.435455,2.0006130000001576,39.69326942539065,33.3625,45.137499999999996,1,1,1,1,2108,80,80,2111.0,80.0,2108.0,2108,80,79.41087082494778,46896.62618407088
4400,0,874,2,2,1544418,1546481,1609.435455,1611.436262,2.000806999999895,39.664701975728704,33.3625,45.137499999999996,1,1,1,1,2063,80,80,2063.0,80.0,2063.0,2063,80,79.36141336595028,46122.88941412382
4400,0,875,2,2,1546481,1547000,1611.436262,1611.950705,0.5144430000000284,39.667959932296434,33.3625,45.137499999999996,1,1,1,1,519,21,21,520.0,21.0,519.0,519,21,20.40690431145049,47630.1553330469
4400,0,876,2,2,1547000,1549122,1611.950705,1613.950797,2.000091999999995,39.78509127727784,33.3625,45.137499999999996,1,1,1,1,2122,80,80,2125.0,80.0,2122.0,2122,80,79.57384278295649,46197.37492075376
4400,0,877,2,2,1549122,1551278,1613.950797,1615.950937,2.0001400000001013,39.85186585860327,33.3625,45.137499999999996,1,1,1,1,2156,79,79,2157.0,79.0,2156.0,2156,79,79.70931097843277,46738.7282890174
4400,0,878,2,2,1551278,1553297,1615.950937,1617.952953,2.0020159999999123,39.76650634961841,33.3625,45.137499999999996,1,1,1,1,2019,80,80,2022.0,80.0,2019.0,2019,80,79.61318197603396,46333.79553410366
4400,0,879,2,2,1553297,1555414,1617.952953,1619.95334,2.000387000000046,39.61912913942965,33.3625,45.137499999999996,1,1,1,1,2117,80,80,2118.0,80.0,2117.0,2117,80,79.25359088183905,46657.47177920965
4400,0,880,2,2,1555414,1557505,1619.95334,1621.955197,2.0018569999999727,39.929238873687154,33.3625,45.137499999999996,1,1,1,1,2091,80,80,2091.0,80.0,2091.0,2091,80,79.93262634396524,47411.478442267005
4400,0,881,2,2,1557505,1559603,1621.955197,1623.95559,2.000393000000031,39.833931657488606,33.3625,45.137499999999996,1,1,1,1,2098,80,80,2098.0,80.0,2098.0,2098,80,79.68351805012207,46729.317689073374
4400,0,882,2,2,1559603,1560000,1623.95559,1624.352685,0.3970950000000357,40.18484485972474,33.3625,45.137499999999996,1,1,1,1,397,16,16,397.0,16.0,397.0,397,16,15.957200969576661,47580.55377176318
4400,0,883,2,2,1560000,1562038,1624.352685,1626.354411,2.0017259999999624,39.87359024375126,33.3625,45.137499999999996,1,1,1,1,2038,80,80,2041.0,80.0,2038.0,2038,80,79.81600230425829,46768.139095961065
4400,0,884,2,2,1562038,1564054,1626.354411,1628.354799,2.00038799999993,39.80949658525581,33.3625,45.137499999999996,1,1,1,1,2016,80,80,2016.0,80.0,2016.0,2016,80,79.63443925518368,46494.48007086788
4400,0,885,2,2,1564054,1566119,1628.354799,1630.356751,2.001952000000074,39.69058311872712,33.3625,45.137499999999996,1,1,1,1,2065,80,80,2065.0,80.0,2065.0,2065,80,79.45864225570404,45755.842297915544
4400,0,886,2,2,1566119,1568118,1630.356751,1632.357381,2.000630000000001,39.769808582506556,33.3625,45.137499999999996,1,1,1,1,1999,80,80,1999.0,80.0,1999.0,1999,80,79.56467214442091,46467.86262327364
4400,0,887,2,2,1568118,1570119,1632.357381,1634.358036,2.0006550000000516,39.765095329996754,33.3625,45.137499999999996,1,1,1,1,2001,80,80,2001.0,80.0,2001.0,2001,80,79.5562367974344,46161.382147345554
4400,0,888,2,2,1570119,1572180,1634.358036,1636.358008,1.9999719999998433,39.77157631379391,33.3625,45.137499999999996,1,1,1,1,2061,80,80,2061.0,80.0,2061.0,2061,80,79.54203902344307,46210.64694906091
4400,0,889,2,2,1572180,1573000,1636.358008,1637.165904,0.8078960000000279,39.465859167060486,33.3625,45.137499999999996,1,1,1,1,820,32,32,822.0,32.0,820.0,820,32,31.884309757631854,44969.89711546875
4400,0,890,2,2,1573000,1575179,1637.165904,1639.166047,2.00014299999998,39.926720261748216,33.3625,45.137499999999996,1,1,1,1,2179,80,80,2179.0,80.0,2179.0,2179,80,79.85915004449635,47806.08186514712
4400,0,891,2,2,1575179,1577254,1639.166047,1641.166061,2.0000139999999647,39.88817684955446,33.3625,45.137499999999996,1,1,1,1,2075,80,80,2077.0,80.0,2075.0,2075,80,79.77691213358048,47849.16505584546
4400,0,892,2,2,1577254,1579232,1641.166061,1643.166719,2.0006580000001577,39.83274321243361,33.3625,45.137499999999996,1,1,1,1,1978,80,80,1978.0,80.0,1978.0,1978,80,79.6916963699041,45806.92952018425
4400,0,893,2,2,1579232,1581378,1643.166719,1645.166721,2.000001999999995,39.76447016978021,33.3625,45.137499999999996,1,1,1,1,2146,80,80,2146.0,80.0,2146.0,2146,80,79.52901986850338,47074.45292554719
4400,0,894,2,2,1581378,1583401,1645.166721,1647.166948,2.0002269999999953,39.62259554422108,33.3625,45.137499999999996,1,1,1,1,2023,80,80,2023.0,80.0,2023.0,2023,80,79.25418541763065,46568.21450765349
4400,0,895,2,2,1583401,1585508,1647.166948,1649.167069,2.0001210000000356,39.491005736269585,33.3625,45.137499999999996,1,1,1,1,2107,80,80,2109.0,80.0,2107.0,2107,80,78.9867898842349,46660.17705928708
4400,0,896,2,2,1585508,1586000,1649.167069,1649.632346,0.4652770000000146,39.34496800853641,33.3625,45.137499999999996,1,1,1,1,492,18,18,492.0,18.0,492.0,492,18,18.30630868010485,45789.92729062329
4400,0,897,2,2,1586000,1587981,1649.632346,1651.632851,2.0005049999999756,39.54455958008611,33.3625,45.137499999999996,1,1,1,1,1981,80,80,1983.0,80.0,1982.0,1981,80,79.10908916276094,46613.730033167194
4400,0,898,2,3,1587981,1589971,1651.632851,1653.63332,2.000468999999839,37.173890598613774,33.3625,45.137499999999996,1,1,1,1,1990,80,80,1989.0,80.0,1989.0,1990,80,79.26829868611821,43609.99450591622
4400,0,899,3,3,1589971,1592049,1653.63332,1655.634755,2.0014350000001286,39.14434484665775,33.3625,45.137499999999996,1,1,1,1,2078,80,80,2078.0,80.0,2078.0,2078,80,78.34486182817636,45435.400100425024
4400,0,900,3,3,1592049,1594092,1655.634755,1657.635014,2.0002589999999145,38.99054707202496,33.3625,45.137499999999996,1,1,1,1,2043,79,79,2044.0,80.0,2043.0,2043,79,77.99119269573566,45777.07186919489
4400,0,901,3,3,1594092,1596096,1657.635014,1659.635358,2.000344000000041,39.145274547214925,33.3625,45.137499999999996,1,1,1,1,2004,80,80,2005.0,80.0,2004.0,2004,80,78.30401506887574,45732.633986953304
4400,0,902,3,3,1596096,1598105,1659.635358,1661.635771,2.0004129999999805,39.239045178590196,33.3625,45.137499999999996,1,1,1,1,2009,80,80,2010.0,80.0,2009.0,2009,80,78.49429608284117,45890.02371010431
4400,0,903,3,3,1598105,1599000,1661.635771,1662.549955,0.9141839999999775,39.20239011984052,33.3625,45.137499999999996,1,1,1,1,895,36,36,895.0,36.0,895.0,895,36,35.838197809316625,44925.310440787645
4400,0,904,3,3,1599000,1600985,1662.549955,1664.551917,2.0019620000000486,39.03145111332153,33.3625,45.137499999999996,1,1,1,1,1985,80,80,1990.0,80.0,1985.0,1985,80,78.13948193372926,44955.89826380212
4400,0,905,3,3,1600985,1602993,1664.551917,1666.552026,2.000109000000066,38.83190473293195,33.3625,45.137499999999996,1,1,1,1,2008,80,80,2010.0,80.0,2008.0,2008,80,77.6680421434794,45152.03921386136
4400,0,906,3,3,1602993,1605069,1666.552026,1668.55308,2.00105399999984,38.85521040977516,33.3625,45.137499999999996,1,1,1,1,2076,80,80,2079.0,80.0,2076.0,2076,80,77.75137421131512,45395.576531171704
4400,0,907,3,3,1605069,1607090,1668.55308,1670.553812,2.0007320000001982,38.90091002914286,33.3625,45.137499999999996,1,1,1,1,2021,80,80,2022.0,80.0,2021.0,2021,80,77.83029552443622,45301.419680392486
4400,0,908,3,3,1607090,1609104,1670.553812,1672.555108,2.001295999999911,38.73625054786697,33.3625,45.137499999999996,1,1,1,1,2014,80,80,2015.0,80.0,2014.0,2014,80,77.52270327643782,44872.42267011176
4400,0,909,3,3,1609104,1611085,1672.555108,1674.555069,1.9999609999999848,38.617348238822366,33.3625,45.137499999999996,1,1,1,1,1981,80,80,1981.0,80.0,1981.0,1981,80,77.23319040106435,45075.878979640445
4400,0,910,3,3,1611085,1612000,1674.555069,1675.431791,0.8767219999999725,38.69350143796928,33.3625,45.137499999999996,1,1,1,1,915,35,35,915.0,35.0,915.0,915,35,33.923443967694766,46698.953602169546
4400,0,911,3,3,1612000,1614044,1675.431791,1677.433046,2.0012550000001283,38.76963412320041,33.3625,45.137499999999996,1,1,1,1,2044,80,80,2050.0,80.0,2044.0,2044,80,77.58792413723131,45515.93874843244
4400,0,912,3,3,1614044,1616139,1677.433046,1679.436247,2.00320099999999,38.826983527223526,33.3625,45.137499999999996,1,1,1,1,2095,80,80,2095.0,80.0,2095.0,2095,80,77.77825222871616,46018.846835639786
4400,0,913,3,3,1616139,1618162,1679.436247,1681.43631,2.0000629999999546,39.18638237674178,33.3625,45.137499999999996,1,1,1,1,2023,80,80,2023.0,80.0,2023.0,2023,80,78.37523349557159,45921.05348681621
4400,0,914,3,3,1618162,1620140,1681.43631,1683.43641,2.000099999999975,38.842498007433136,33.3625,45.137499999999996,1,1,1,1,1978,80,80,1978.0,80.0,1978.0,1978,80,77.68888026466448,45901.20493975359
4400,0,915,3,3,1620140,1622218,1683.43641,1685.436974,2.0005639999999403,38.91770277351664,33.3625,45.137499999999996,1,1,1,1,2078,80,80,2079.0,80.0,2078.0,2078,80,77.85735513139662,46114.995571250285
4400,0,916,3,3,1622218,1624319,1685.436974,1687.441479,2.0045050000001083,38.805800557093946,33.3625,45.137499999999996,1,1,1,1,2101,80,80,2101.0,80.0,2101.0,2101,80,77.78642124569888,45701.55724230922
4400,0,917,3,3,1624319,1625000,1687.441479,1688.127106,0.6856269999998403,38.85780125438728,33.3625,45.137499999999996,1,1,1,1,681,27,27,682.0,27.0,681.0,681,27,26.64195770063816,45941.88968638536
4400,0,918,3,3,1625000,1627034,1688.127106,1690.128062,2.0009560000000874,38.939277932930054,33.3625,45.137499999999996,1,1,1,1,2034,80,80,2036.0,80.0,2034.0,2034,80,77.91578181556542,46687.683287386586
4400,0,919,3,3,1627034,1629150,1690.128062,1692.13094,2.0028780000000097,38.89970180373173,33.3625,45.137499999999996,1,1,1,1,2116,80,80,2117.0,80.0,2116.0,2116,80,77.9113569492547,45525.48882158552
4400,0,920,3,3,1629150,1631198,1692.13094,1694.13363,2.0026900000000296,39.0891853307145,33.3625,45.137499999999996,1,1,1,1,2048,80,80,2048.0,80.0,2048.0,2048,80,78.28352056996664,45332.527750175344
4400,0,921,3,3,1631198,1633296,1694.13363,1696.133988,2.0003580000000056,38.90408432780904,33.3625,45.137499999999996,1,1,1,1,2098,80,80,2098.0,80.0,2098.0,2098,80,77.82209631781006,46204.729353445604
4400,0,922,3,3,1633296,1635297,1696.133988,1698.134945,2.0009569999999712,38.93504051793611,33.3625,45.137499999999996,1,1,1,1,2001,80,80,2004.0,80.0,2001.0,2001,80,77.90734186964983,45252.846512944205
4400,0,923,3,3,1635297,1637402,1698.134945,1700.134932,1.9999869999999191,38.85520598663041,33.3625,45.137499999999996,1,1,1,1,2105,80,80,2105.0,80.0,2105.0,2105,80,77.70990685557626,46062.799408198014
4400,0,924,3,3,1637402,1638000,1700.134932,1700.702718,0.5677860000000692,39.49926407158396,33.3625,45.137499999999996,1,1,1,1,598,23,23,602.0,23.0,598.0,598,23,22.427129150149995,45913.42512847591
4400,0,925,3,3,1638000,1640039,1700.702718,1702.70382,2.001101999999946,39.286940297064405,33.3625,45.137499999999996,1,1,1,1,2039,80,80,2041.0,80.0,2039.0,2039,80,78.61717480233347,46015.64537939719
4400,0,926,3,3,1640039,1642059,1702.70382,1704.704047,2.0002269999999953,39.259710817289346,33.3625,45.137499999999996,1,1,1,1,2020,79,79,2023.0,80.0,2020.0,2020,79,78.52833358893258,45235.3657859834
4400,0,927,3,3,1642059,1644086,1704.704047,1706.704831,2.000784000000067,39.184256410852115,33.3625,45.137499999999996,1,1,1,1,2027,79,79,2029.0,80.0,2028.0,2027,80,78.39923327873112,46451.79089796644
4400,0,928,3,3,1644086,1646152,1706.704831,1708.704805,1.9999740000000656,39.145551727744795,33.3625,45.137499999999996,1,1,1,1,2066,80,80,2066.0,79.0,2065.0,2066,79,78.29008567114943,46225.60093281061
4400,0,929,3,3,1646152,1648203,1708.704805,1710.704995,2.000189999999975,39.16879899170907,33.3625,45.137499999999996,1,1,1,1,2051,80,80,2051.0,80.0,2051.0,2051,80,78.34504005522467,45367.69006944397
4400,0,930,3,3,1648203,1650265,1710.704995,1712.70533,2.00033499999995,39.24911067888047,33.3625,45.137499999999996,1,1,1,1,2062,80,80,2063.0,80.0,2062.0,2062,80,78.51136980983574,46120.77477022714
4400,0,931,3,3,1650265,1651000,1712.70533,1713.410892,0.7055620000000999,39.60781231542209,33.3625,45.137499999999996,1,1,1,1,735,28,28,735.0,28.0,735.0,735,28,27.945767272896774,46924.295809574935
4400,0,932,3,3,1651000,1653074,1713.410892,1715.411889,2.0009969999998702,39.23806374327382,33.3625,45.137499999999996,1,1,1,1,2074,79,79,2075.0,80.0,2074.0,2074,79,78.51524783609784,46366.38635640434
4400,0,933,3,3,1653074,1655174,1715.411889,1717.412352,2.0004630000000816,39.48845410157556,33.3625,45.137499999999996,1,1,1,1,2100,80,80,2101.0,80.0,2100.0,2100,80,78.99519135740411,46556.222234550805
4400,0,934,3,3,1655174,1657208,1717.412352,1719.414667,2.002314999999953,39.1060974766356,33.3625,45.137499999999996,1,1,1,1,2034,80,80,2034.0,80.0,2034.0,2034,80,78.30272556893033,46452.73096391036
4400,0,935,3,3,1657208,1659262,1719.414667,1721.415809,2.0011420000000726,39.13661413420532,33.3625,45.137499999999996,1,1,1,1,2054,80,80,2054.0,80.0,2054.0,2054,80,78.31792228175618,46005.73072775279
4400,0,936,3,3,1659262,1661208,1721.415809,1723.416095,2.00028599999996,39.19766273225028,33.3625,45.137499999999996,1,1,1,1,1946,80,80,1946.0,80.0,1946.0,1946,80,78.40653599603684,44871.08343506968
4400,0,937,3,3,1661208,1663264,1723.416095,1725.417464,2.001369000000068,39.18592692516178,33.3625,45.137499999999996,1,1,1,1,2056,80,80,2058.0,80.0,2056.0,2056,80,78.4254993842842,46914.38710202707
4400,0,938,3,3,1663264,1664000,1725.417464,1726.124085,0.7066209999998136,39.297613450700055,33.3625,45.137499999999996,1,1,1,1,736,28,28,736.0,28.0,736.0,736,28,27.76851891414117,43900.478474328076
4400,0,939,3,3,1664000,1666127,1726.124085,1728.127463,2.0033780000001116,39.3314649638431,33.3625,45.137499999999996,1,1,1,1,2127,80,80,2129.0,80.0,2127.0,2127,80,78.79579161633592,46659.69178058
4400,0,940,3,3,1666127,1668129,1728.127463,1730.12794,2.0004770000000462,39.25732865587366,33.3625,45.137499999999996,1,1,1,1,2002,80,80,2002.0,80.0,2002.0,2002,80,78.53338305751822,44242.948056887406
4400,0,941,3,3,1668129,1670239,1730.12794,1732.127979,2.000039000000015,39.80526066940789,33.3625,45.137499999999996,1,1,1,1,2110,80,80,2111.0,80.0,2110.0,2110,80,79.61207374398509,47581.57215934253
4400,0,942,3,3,1670239,1672305,1732.127979,1734.129764,2.001784999999927,39.68841275947856,33.3625,45.137499999999996,1,1,1,1,2066,80,80,2068.0,80.0,2066.0,2066,80,79.44766933572828,46076.87638782555
4400,0,943,3,3,1672305,1674358,1734.129764,1736.133766,2.0040019999999004,39.53500734506326,33.3625,45.137499999999996,1,1,1,1,2053,80,80,2053.0,80.0,2053.0,2053,80,79.2282337895158,46287.87795621192
4400,0,944,3,3,1674358,1676435,1736.133766,1738.134541,2.000774999999976,39.80745807488132,33.3625,45.137499999999996,1,1,1,1,2077,80,80,2077.0,80.0,2077.0,2077,80,79.64576692976698,46108.133098424914
4400,0,945,3,3,1676435,1677000,1738.134541,1738.618574,0.48403300000018135,39.81584443338938,33.3625,45.137499999999996,1,1,1,1,565,20,20,565.0,20.0,565.0,565,20,19.272182628636074,47418.25454047844
4400,0,946,3,3,1677000,1679018,1738.618574,1740.6186,2.0000259999999344,39.774779781776815,33.3625,45.137499999999996,1,1,1,1,2018,80,80,2019.0,80.0,2018.0,2018,80,79.55059370782692,45584.907396205344
4400,0,947,3,3,1679018,1681172,1740.6186,1742.619664,2.001064000000042,39.85729736075416,33.3625,45.137499999999996,1,1,1,1,2154,79,79,2154.0,79.0,2154.0,2154,79,79.75700288590451,47306.83276496804
4400,0,948,3,3,1681172,1683290,1742.619664,1744.620837,2.0011729999998806,39.65040124197674,33.3625,45.137499999999996,1,1,1,1,2118,80,80,2118.0,80.0,2118.0,2118,80,79.34731240460678,46545.700946397716
4400,0,949,3,3,1683290,1685434,1744.620837,1746.620827,1.9999900000000252,39.601166100547104,33.3625,45.137499999999996,1,1,1,1,2144,80,80,2144.0,80.0,2144.0,2144,80,79.20193618943449,46763.7338186685
4400,0,950,3,3,1685434,1687512,1746.620827,1748.621969,2.0011420000000726,39.8001927175488,33.3625,45.137499999999996,1,1,1,1,2078,80,80,2079.0,80.0,2078.0,2078,80,79.64583725518605,45740.382241738305
4400,0,951,3,3,1687512,1688570,1748.621969,1750.629778,2.007808999999952,20.623983438419895,33.3625,45.137499999999996,1,0,0,1,1058,80,80,1059.0,81.0,1058.0,1058,81,41.40901956350717,23381.706128422138
4400,0,952,3,3,1688570,1688650,1750.629778,1752.632055,2.002277000000049,0.9675442465926468,33.3625,45.137499999999996,1,0,0,0,80,80,80,80.0,80.0,80.0,80,80,1.9372915914354962,692.7113481301368
4400,0,953,3,3,1688650,1688730,1752.632055,1754.634331,2.002275999999938,0.9668681090101741,33.3625,45.137499999999996,1,0,0,0,80,80,80,80.0,80.0,80.0,80,80,1.9359368098375853,723.177024546089
4400,0,954,3,3,1688730,1688811,1754.634331,1756.636612,2.002281000000039,0.9679590186171305,33.3625,45.137499999999996,1,0,0,0,81,80,80,81.0,80.0,81.0,81,80,1.9381259517540457,707.692876274595
4400,0,955,3,3,1688811,1688892,1756.636612,1758.638884,2.002271999999948,0.9688992371041606,33.3625,45.137499999999996,1,0,0,0,81,80,80,81.0,80.0,81.0,81,80,1.939999813272152,724.1773345479724
4400,0,956,3,3,1688892,1688973,1758.638884,1760.641162,2.002277999999933,0.9680122221377795,33.3625,45.137499999999996,1,0,0,0,81,80,80,81.0,80.0,81.0,81,80,1.9382295761170099,737.1603743336586
4400,0,957,3,3,1688973,1689107,1760.641162,1762.643439,2.002277000000049,1.7717760705699588,33.3625,45.137499999999996,1,0,0,0,134,80,80,134.0,80.0,134.0,134,80,3.5475864752515918,2124.5811643443417
4400,0,958,3,3,1689107,1689307,1762.643439,1764.644264,2.000825000000077,2.550865928427544,33.3625,45.137499999999996,1,0,0,1,200,80,80,200.0,79.0,200.0,200,79,5.103836321242852,3485.0624117550165
4400,0,959,3,3,1689307,1689479,1764.644264,1766.647991,2.0037270000000262,2.571162268007982,33.3625,45.137499999999996,1,0,0,1,172,80,80,172.0,81.0,172.0,172,81,5.151907257786661,3377.206575546425
4400,0,960,3,3,1689479,1689704,1766.647991,1768.650269,2.002277999999933,3.7235482524074595,33.3625,45.137499999999996,1,0,0,1,225,80,80,225.0,80.0,225.0,225,80,7.455578747736581,4871.451416836387
4400,0,961,3,3,1689704,1690000,1768.650269,1770.477358,1.8270890000001145,4.592185738439965,33.3625,45.137499999999996,1,0,0,1,296,73,73,296.0,73.0,296.0,296,73,8.390332048664277,5888.602033069722
4400,0,962,3,3,1690000,1690444,1770.477358,1772.479623,2.002264999999852,7.009835943216402,33.3625,45.137499999999996,1,0,0,1,444,80,80,445.0,80.0,444.0,444,80,14.03554916484427,8905.414617945835
4400,0,963,3,3,1690444,1690993,1772.479623,1774.480612,2.000989000000118,9.609024453433063,33.3625,45.137499999999996,1,0,0,1,549,80,80,550.0,79.0,549.0,549,79,19.227552232048765,11967.082277812917
4400,0,964,3,3,1690993,1691616,1774.480612,1776.480691,2.0000789999999142,11.476422021593214,33.3625,45.137499999999996,1,0,0,1,623,80,80,623.0,80.0,623.0,623,80,22.953750680528174,14047.945106168909
4400,0,965,3,3,1691616,1692443,1776.480691,1778.484641,2.0039500000000317,14.814768343722333,33.3625,45.137499999999996,1,0,0,1,827,80,80,827.0,80.0,827.0,827,80,29.688055022401386,17907.13341151198
4400,0,966,3,3,1692443,1693384,1778.484641,1780.485632,2.0009909999998854,16.277483243585973,33.3625,45.137499999999996,1,0,0,1,941,80,80,941.0,80.0,941.0,941,80,32.571097473060945,19753.212283314748
4400,0,967,3,3,1693384,1694338,1780.485632,1782.485662,2.0000300000001516,17.622954118227284,33.3625,45.137499999999996,1,0,0,1,954,80,80,954.0,80.0,954.0,954,80,35.24643692508107,21213.181802271356
4400,0,968,3,3,1694338,1695436,1782.485662,1784.486697,2.0010350000000017,20.407012746177358,33.3625,45.137499999999996,1,0,0,1,1098,80,80,1098.0,80.0,1098.0,1098,80,40.83514675054903,24175.988925730915
4400,0,969,3,3,1695436,1696596,1784.486697,1786.488503,2.0018059999999878,21.749471472128985,33.3625,45.137499999999996,1,0,0,1,1160,80,80,1161.0,80.0,1161.0,1160,80,43.538222489733016,26189.850564940018
4400,0,970,3,3,1696596,1697776,1786.488503,1788.492554,2.0040509999998903,22.824845164159164,33.3625,45.137499999999996,1,0,0,1,1180,80,80,1179.0,80.0,1179.0,1180,80,45.7421537760747,26937.438218889118
4400,0,971,3,3,1697776,1699166,1788.492554,1790.494759,2.0022050000000036,26.15112332011252,33.3625,45.137499999999996,1,0,0,1,1390,80,80,1391.0,80.0,1390.0,1390,80,52.35990986714023,31151.155850674575
4400,0,972,3,3,1699166,1700649,1790.494759,1792.497315,2.0025560000001406,27.353013073526867,33.3625,45.137499999999996,1,0,0,1,1483,80,80,1483.0,80.0,1483.0,1483,80,54.775940448467736,32145.91751741049
4400,0,973,3,3,1700649,1702157,1792.497315,1794.500445,2.003129999999828,29.086851489113172,33.3625,45.137499999999996,1,0,0,1,1508,80,80,1508.0,80.0,1508.0,1508,80,58.26474482337653,34411.146555643376
4400,0,974,3,3,1702157,1703000,1794.500445,1795.480808,0.9803630000001249,31.252965027220963,33.3625,45.137499999999996,1,0,0,1,843,40,40,843.0,40.0,843.0,843,40,30.63925055298023,37933.90815442368
4400,0,975,3,3,1703000,1704645,1795.480808,1797.481662,2.00085399999989,31.63891128033152,33.3625,45.137499999999996,1,0,0,1,1645,79,79,1647.0,79.0,1645.0,1645,79,63.30484219088976,37206.61277634654
4400,0,976,3,3,1704645,1706405,1797.481662,1799.481701,2.000039000000015,33.69883603311181,33.3625,45.137499999999996,1,1,0,1,1760,80,80,1762.0,80.0,1760.0,1760,80,67.39898632082622,39497.729794268715
4400,0,977,3,3,1706405,1708282,1799.481701,1801.482315,2.0006140000000414,34.74790950681664,33.3625,45.137499999999996,1,1,1,1,1877,80,80,1877.0,80.0,1877.0,1877,80,69.51715423006681,42042.59292397147
4400,0,978,3,3,1708282,1710108,1801.482315,1803.483813,2.0014980000000833,36.555393523951246,33.3625,45.137499999999996,1,1,1,1,1826,80,80,1828.0,80.0,1826.0,1826,80,73.16554702739813,42121.4510331744
4400,0,979,3,3,1710108,1712049,1803.483813,1805.484036,2.0002230000000054,37.66019653761185,33.3625,45.137499999999996,1,1,1,1,1941,80,80,1942.0,80.0,1941.0,1941,80,75.32879129904904,44064.58679857184
4400,0,980,3,3,1712049,1713978,1805.484036,1807.484683,2.0006469999998444,38.10006338811938,33.3625,45.137499999999996,1,1,1,1,1929,80,80,1929.0,80.0,1929.0,1929,80,76.22477751724364,44443.12264982624
4400,0,981,3,3,1713978,1716000,1807.484683,1809.470668,1.9859850000000279,38.30826104082689,33.3625,45.137499999999996,1,1,1,1,2022,79,79,2022.0,79.0,2022.0,2022,79,76.07963180316438,45362.3768558165
4400,0,982,3,3,1716000,1718031,1809.470668,1811.47143,2.0007620000001225,38.42072698997915,33.3625,45.137499999999996,1,1,1,1,2031,79,79,2033.0,80.0,2031.0,2031,79,76.87073057392263,45667.60064415178
4400,0,983,3,3,1718031,1720138,1811.47143,1813.476241,2.004811000000018,38.59845325610941,33.3625,45.137499999999996,1,1,1,1,2107,80,80,2107.0,81.0,2107.0,2107,81,77.38260367083421,45347.915589050135
4400,0,984,3,3,1720138,1722109,1813.476241,1815.476868,2.000626999999895,38.68945223908414,33.3625,45.137499999999996,1,1,1,1,1971,80,80,1972.0,79.0,1971.0,1971,79,77.40316276472004,45363.778455456595
4400,0,985,3,3,1722109,1724102,1815.476868,1817.47906,2.0021919999999227,38.787229276322854,33.3625,45.137499999999996,1,1,1,1,1993,80,80,1993.0,80.0,1993.0,1993,80,77.65948015921458,44625.59035297486
4400,0,986,3,3,1724102,1726149,1817.47906,1819.480124,2.001064000000042,38.78815685934964,33.3625,45.137499999999996,1,1,1,1,2047,80,80,2048.0,80.0,2047.0,2047,80,77.61758431760245,45718.67766348206
4400,0,987,3,3,1726149,1728105,1819.480124,1821.481092,2.000968000000057,38.85786155357735,33.3625,45.137499999999996,1,1,1,1,1956,80,80,1956.0,80.0,1956.0,1956,80,77.75333751714788,45537.4598694219
4400,0,988,3,3,1728105,1729000,1821.481092,1822.366136,0.8850440000001072,38.82171308816702,33.3625,45.137499999999996,1,1,1,1,895,36,36,896.0,36.0,895.0,895,36,34.35892423840414,45366.106091895024
4400,0,989,3,3,1729000,1730979,1822.366136,1824.366365,2.0002289999999903,38.92439702394743,33.3625,45.137499999999996,1,1,1,1,1979,80,80,1980.0,80.0,1979.0,1979,80,77.85770773481636,44937.35467289017
4400,0,990,3,3,1730979,1733007,1824.366365,1826.368542,2.002176999999847,39.2433627651536,33.3625,45.137499999999996,1,1,1,1,2028,80,80,2030.0,80.0,2028.0,2028,80,78.57215833103692,45480.993938101856
4400,0,991,3,3,1733007,1735142,1826.368542,1828.368949,2.0004069999999956,39.322296363924785,33.3625,45.137499999999996,1,1,1,1,2135,80,80,2150.0,80.0,2135.0,2135,80,78.66059690246766,46598.51720174955
4400,0,992,3,3,1735142,1737181,1828.368949,1830.369357,2.0004080000001068,39.21294201611505,33.3625,45.137499999999996,1,1,1,1,2039,79,79,2039.0,79.0,2039.0,2039,79,78.44188291257888,45801.65646207929
4400,0,993,3,3,1737181,1739177,1830.369357,1832.369334,1.9999769999999444,39.03352993712188,33.3625,45.137499999999996,1,1,1,1,1996,80,80,1997.0,80.0,1996.0,1996,80,78.06616210305947,45109.01875371692
4400,0,994,3,3,1739177,1741284,1832.369334,1834.36959,2.000256000000036,39.2610197485837,33.3625,45.137499999999996,1,1,1,1,2107,80,80,2107.0,80.0,2107.0,2107,80,78.53209031822917,45580.16573878462
4400,0,995,3,3,1741284,1742000,1834.36959,1835.072059,0.7024690000000646,39.14679549350019,33.3625,45.137499999999996,1,1,1,1,716,28,28,716.0,28.0,716.0,716,28,27.499410283518955,45011.23893011235
4400,0,996,3,3,1742000,1743975,1835.072059,1837.072434,2.000374999999849,39.190509944700395,33.3625,45.137499999999996,1,1,1,1,1975,80,80,1978.0,80.0,1975.0,1975,80,78.3957163306186,44263.700556149066
4400,0,997,3,3,1743975,1746060,1837.072434,1839.072798,2.0003639999999905,39.232396506795205,33.3625,45.137499999999996,1,1,1,1,2085,80,80,2085.0,80.0,2085.0,2085,80,78.47907360592217,45903.64553651257
4400,0,998,3,3,1746060,1748034,1839.072798,1841.073855,2.0010570000001735,39.26943802775699,33.3625,45.137499999999996,1,1,1,1,1974,75,75,2120.0,80.0,1974.0,1974,75,78.58038385151303,45947.21689586655
4400,0,999,3,3,1748034,1750107,1841.073855,1843.074082,2.0002269999999953,39.49757065983461,33.3625,45.137499999999996,1,1,1,1,2073,80,80,2073.0,80.0,2073.0,2073,80,79.00410726820701,45934.78640174351
4400,0,1000,3,3,1750107,1752198,1843.074082,1845.074243,2.0001609999999346,39.3881127871397,33.3625,45.137499999999996,1,1,1,1,2091,80,80,2093.0,80.0,2091.0,2091,80,78.78256706043612,45701.32104365748
4400,0,1001,3,3,1752198,1754279,1845.074243,1847.074376,2.0001330000000053,39.16975347892507,33.3625,45.137499999999996,1,1,1,1,2081,80,80,2081.0,80.0,2081.0,2081,80,78.34471653506625,46909.88049294709
4400,0,1002,3,3,1754279,1755000,1847.074376,1847.740686,0.6663100000000668,39.21343684578893,33.3625,45.137499999999996,1,1,1,1,721,27,27,722.0,27.0,721.0,721,27,26.12830510472122,46230.73344238704
4400,0,1003,3,3,1755000,1757075,1847.740686,1849.742479,2.001792999999907,39.2148333427249,33.3625,45.137499999999996,1,1,1,1,2075,79,79,2078.0,80.0,2075.0,2075,80,78.49997888163489,45524.18756584934
4400,0,1004,3,3,1757075,1759130,1849.742479,1851.742999,2.0005200000000514,38.999548367918294,33.3625,45.137499999999996,1,1,1,1,2055,80,80,2055.0,79.0,2055.0,2055,79,78.01937650098989,46376.4421250463
4400,0,1005,3,3,1759130,1761160,1851.742999,1853.744827,2.001827999999932,39.27630119458464,33.3625,45.137499999999996,1,1,1,1,2030,80,79,2031.0,80.0,2030.0,2030,79,78.62439946774975,45791.1468917425
4400,0,1006,3,3,1761160,1763172,1853.744827,1855.746729,2.0019019999999728,39.26803787039446,33.3625,45.137499999999996,1,1,1,1,2012,80,80,2012.0,80.0,2012.0,2012,80,78.61076354881516,45760.981306777874
4400,0,1007,3,3,1763172,1765346,1855.746729,1857.747013,2.000283999999965,39.53192539938547,33.3625,45.137499999999996,1,1,1,1,2174,80,80,2175.0,80.0,2174.0,2174,80,79.07507786557835,47164.302669021825
4400,0,1008,3,3,1765346,1767396,1857.747013,1859.747184,2.0001710000001367,39.584576051671846,33.3625,45.137499999999996,1,1,1,1,2050,80,80,2051.0,80.0,2050.0,2050,80,79.17592106584925,45479.61149321422
4400,0,1009,3,3,1767396,1768000,1859.747184,1860.339971,0.5927870000000439,39.593610884268784,33.3625,45.137499999999996,1,1,1,1,604,24,24,604.0,24.0,604.0,604,24,23.470577815256547,46050.267634070886
4400,0,1010,3,3,1768000,1770018,1860.339971,1862.339945,1.9999739999998383,39.63003234088731,33.3625,45.137499999999996,1,1,1,1,2018,80,80,2020.0,80.0,2018.0,2018,80,79.25903430092148,45330.589297664534
4400,0,1011,3,3,1770018,1772065,1862.339945,1864.341901,2.001956000000064,39.433383566521414,33.3625,45.137499999999996,1,1,1,1,2047,80,80,2048.0,80.0,2047.0,2047,80,78.94389883130498,46068.44506072914
4400,0,1012,3,3,1772065,1774111,1864.341901,1866.342969,2.001068000000032,39.53333142525502,33.3625,45.137499999999996,1,1,1,1,2046,80,80,2049.0,80.0,2047.0,2046,80,79.1088844484766,47055.372431121024
4400,0,1013,3,3,1774111,1776268,1866.342969,1868.344086,2.001117000000022,39.56137137832568,33.3625,45.137499999999996,1,1,1,1,2157,80,80,2156.0,80.0,2156.0,2157,80,79.16693280848267,46298.142487420264
4400,0,1014,3,3,1776268,1778351,1868.344086,1870.344218,2.000131999999894,39.57846746833059,33.3625,45.137499999999996,1,1,1,1,2083,80,80,2083.0,80.0,2083.0,2083,80,79.16215929435566,46631.422326128944
4400,0,1015,3,3,1778351,1780448,1870.344218,1872.345088,2.000870000000077,39.489053372024436,33.3625,45.137499999999996,1,1,1,1,2097,80,80,2098.0,80.0,2097.0,2097,80,79.0124622204894,46779.151069283056
4400,0,1016,3,3,1780448,1781000,1872.345088,1872.886955,0.5418669999999111,39.49302698609529,33.3625,45.137499999999996,1,1,1,1,552,21,21,552.0,21.0,552.0,552,21,21.399968053869088,47275.43843785321
4400,0,1017,3,3,1781000,1783065,1872.886955,1874.887026,2.000071000000162,39.68626075162988,33.3625,45.137499999999996,1,1,1,1,2065,80,80,2069.0,80.0,2066.0,2065,80,79.37533922778675,45826.37316374898
4400,0,1018,3,3,1783065,1785156,1874.887026,1876.887105,2.0000789999999142,39.72475916632535,33.3625,45.137499999999996,1,1,1,1,2091,80,80,2091.0,80.0,2090.0,2091,80,79.45265658861899,46627.158227252025
4400,0,1019,3,3,1785156,1787268,1876.887105,1878.888223,2.001117999999906,39.57952431141141,33.3625,45.137499999999996,1,1,1,1,2112,80,80,2112.0,80.0,2112.0,2112,80,79.20329853099247,46807.33469990496
4400,0,1020,3,3,1787268,1789341,1878.888223,1880.890266,2.002043000000185,39.66229610743184,33.3625,45.137499999999996,1,1,1,1,2073,80,80,2073.0,80.0,2073.0,2073,80,79.40562228581985,47357.62418688871
4400,0,1021,3,3,1789341,1791435,1880.890266,1882.890472,2.0002059999999346,39.54945244755788,33.3625,45.137499999999996,1,1,1,1,2094,80,80,2095.0,80.0,2094.0,2094,80,79.1070520823123,46820.677470222094
4400,0,1022,3,3,1791435,1793481,1882.890472,1884.890996,2.0005240000000413,39.56116585065344,33.3625,45.137499999999996,1,1,1,1,2046,80,80,2047.0,80.0,2046.0,2046,80,79.14306175221282,46288.8723154524
4400,0,1023,3,3,1793481,1794000,1884.890996,1885.381697,0.49070099999994454,39.178235476942056,33.3625,45.137499999999996,1,1,1,1,519,19,19,519.0,19.0,519.0,519,19,19.224799326766515,46415.23045602633
4400,0,1024,3,3,1794000,1796159,1885.381697,1887.38176,2.0000629999999546,39.7822789962244,33.3625,45.137499999999996,1,1,1,1,2159,79,79,2163.0,80.0,2159.0,2159,79,79.5670642760233,47068.517341704806
4400,0,1025,3,3,1796159,1798242,1887.38176,1889.384143,2.002383000000009,39.47517967878402,33.3625,45.137499999999996,1,1,1,1,2083,80,80,2084.0,80.0,2083.0,2083,80,79.04442871073843,45989.20386359632
4400,0,1026,3,3,1798242,1800341,1889.384143,1891.386079,2.0019360000001143,39.77063822642505,33.3625,45.137499999999996,1,1,1,1,2099,80,80,2100.0,80.0,2100.0,2099,80,79.61827240846469,46322.16014897315
4400,0,1027,3,3,1800341,1802480,1891.386079,1893.387212,2.0011329999999816,39.730024127484064,33.3625,45.137499999999996,1,1,1,1,2139,80,80,2140.0,80.0,2138.0,2139,80,79.5050623723073,47262.72566591069
4400,0,1028,3,3,1802480,1804594,1893.387212,1895.387984,2.00077199999987,39.75147992104231,33.3625,45.137499999999996,1,1,1,1,2114,80,80,2114.0,80.0,2114.0,2114,80,79.53364798457187,45745.84210495047
4400,0,1029,3,3,1804594,1806635,1895.387984,1897.388638,2.0006539999999404,39.581576086161064,33.3625,45.137499999999996,1,1,1,1,2041,80,80,2041.0,80.0,2041.0,2041,80,79.18903852307994,45907.48825134318
4400,0,1030,3,3,1806635,1807000,1897.388638,1897.743735,0.35509700000011435,39.67938498573028,33.3625,45.137499999999996,1,1,1,1,365,14,14,365.0,14.0,365.0,365,14,14.09003057028167,45978.986023522426
4400,0,1031,3,3,1807000,1809130,1897.743735,1899.744063,2.0003280000000814,39.55366757967611,33.3625,45.137499999999996,1,1,1,1,2130,80,80,2136.0,80.0,2130.0,2130,80,79.12030876231438,46699.84122603703
4400,0,1032,3,3,1809130,1811184,1899.744063,1901.74466,2.0005969999999706,39.47347807556859,33.3625,45.137499999999996,1,1,1,1,2054,80,80,2055.0,80.0,2054.0,2054,80,78.97052181755134,45494.419915655846
4400,0,1033,3,3,1811184,1813235,1901.74466,1903.745291,2.000630999999885,39.78754916479387,33.3625,45.137499999999996,1,1,1,1,2051,80,80,2052.0,80.0,2051.0,2051,80,79.60020427311247,46541.31621473693
4400,0,1034,3,3,1813235,1815359,1903.745291,1905.745807,2.0005160000000615,39.63163962611769,33.3625,45.137499999999996,1,1,1,1,2124,80,80,2124.0,80.0,2124.0,2124,80,79.28372917827801,46287.55781008358
4400,0,1035,3,3,1815359,1817470,1905.745807,1907.745789,1.9999820000000454,39.54151284443892,33.3625,45.137499999999996,1,1,1,1,2111,80,80,2111.0,80.0,2111.0,2111,80,79.08231394164613,47795.430158870346
4400,0,1036,3,3,1817470,1819578,1907.745789,1909.745915,2.0001259999999093,39.67168176740983,33.3625,45.137499999999996,1,1,1,1,2108,80,80,2109.0,80.0,2108.0,2108,80,79.34836216672556,45028.663194220804
4400,0,1037,3,3,1819578,1820000,1909.745915,1910.148378,0.40246300000012525,39.684818974779894,33.3625,45.137499999999996,1,1,1,1,422,16,16,422.0,16.0,422.0,422,16,15.971671299048467,47216.762783147984
4400,0,1038,3,3,1820000,1822021,1910.148378,1912.150926,2.0025479999999334,39.54057486331993,33.3625,45.137499999999996,1,1,1,1,2021,80,80,2023.0,80.0,2021.0,2021,80,79.18189911138325,46607.62188971406
4400,0,1039,3,3,1822021,1824165,1912.150926,1914.152126,2.001199999999926,39.668249003709576,33.3625,45.137499999999996,1,1,1,1,2144,80,80,2148.0,80.0,2144.0,2144,80,79.38409990622313,46196.28223066331
4400,0,1040,3,3,1824165,1826219,1914.152126,1916.152275,2.000148999999965,39.54364532962089,33.3625,45.137499999999996,1,1,1,1,2054,79,79,2068.0,80.0,2054.0,2054,79,79.09318266240007,46341.54755470799
4400,0,1041,3,3,1826219,1828232,1916.152275,1918.153964,2.0016890000001695,39.57266122889344,33.3625,45.137499999999996,1,1,1,1,2013,80,80,2014.0,80.0,2013.0,2013,80,79.21216068261128,46407.30902752232
4400,0,1042,3,3,1828232,1830301,1918.153964,1920.155542,2.0015779999998813,39.40508225360325,33.3625,45.137499999999996,1,1,1,1,2069,80,80,2070.0,80.0,2069.0,2069,80,78.87234572699526,46123.10886710659
4400,0,1043,3,3,1830301,1832327,1920.155542,1922.157181,2.0016390000000683,39.320700210246386,33.3625,45.137499999999996,1,1,1,1,2026,80,80,2027.0,80.0,2027.0,2026,80,78.70584704814246,45645.093845591975
4400,0,1044,3,3,1832327,1833000,1922.157181,1922.825591,0.6684099999999944,38.99683633799678,33.3625,45.137499999999996,1,1,1,1,673,26,26,672.0,27.0,672.0,673,27,26.06587537667656,44025.37364791108
4400,0,1045,3,3,1833000,1835006,1922.825591,1924.825625,2.000033999999914,39.152666827610275,33.3625,45.137499999999996,1,1,1,1,2006,80,80,2010.0,79.0,2006.0,2006,79,78.30666484589165,45155.2323610518
4400,0,1046,3,3,1835006,1837054,1924.825625,1926.826233,2.0006080000000566,39.30659399184092,33.3625,45.137499999999996,1,1,1,1,2048,80,80,2048.0,80.0,2048.0,2048,80,78.6370863928314,46128.976791054214
4400,0,1047,3,3,1837054,1839182,1926.826233,1928.827607,2.0013739999999416,38.82450641092396,33.3625,45.137499999999996,1,1,1,1,2128,80,80,2128.0,80.0,2128.0,2128,80,77.70235769364808,46134.30573196349
4400,0,1048,3,3,1839182,1841161,1928.827607,1930.830705,2.0030980000001364,38.80498939496318,33.3625,45.137499999999996,1,1,1,1,1979,80,80,1980.0,80.0,1979.0,1979,80,77.73019664708409,46041.68143545334
4400,0,1049,3,3,1841161,1843242,1930.830705,1932.831365,2.0006599999999253,38.980999651381474,33.3625,45.137499999999996,1,1,1,1,2081,80,80,2082.0,80.0,2081.0,2081,80,77.98772676252702,46069.29713194818
4400,0,1050,3,3,1843242,1845246,1932.831365,1934.831368,2.000003000000106,39.10106698750343,33.3625,45.137499999999996,1,1,1,1,2004,80,80,2004.0,80.0,2004.0,2004,80,78.20225127821323,46335.9304961018
4400,0,1051,3,3,1845246,1846000,1934.831368,1935.587375,0.7560069999999541,39.15184952127872,33.3625,45.137499999999996,1,1,1,1,754,30,30,756.0,30.0,754.0,754,30,29.59907230103272,45772.062957091795
4400,0,1052,3,3,1846000,1847969,1935.587375,1937.588249,2.0008739999998397,38.97013308643848,33.3625,45.137499999999996,1,1,1,1,1969,80,80,1969.0,80.0,1969.0,1969,80,77.97432606919028,45230.734169171694
4400,0,1053,3,3,1847969,1850046,1937.588249,1939.589184,2.0009350000000268,38.89073384008283,33.3625,45.137499999999996,1,1,1,1,2077,80,80,2077.0,80.0,2077.0,2077,80,77.81783051630191,46543.2410348156
4400,0,1054,3,3,1850046,1852030,1939.589184,1941.589381,2.000197000000071,38.9878947284729,33.3625,45.137499999999996,1,1,1,1,1984,80,80,1984.0,80.0,1984.0,1984,80,77.9834700722131,44938.07359974883
4400,0,1055,3,3,1852030,1854120,1941.589381,1943.589742,2.0003609999998844,39.03107429710391,33.3625,45.137499999999996,1,1,1,1,2090,80,80,2090.0,80.0,2090.0,2090,80,78.07623881202016,46844.0446499434
4400,0,1056,3,3,1854120,1856186,1943.589742,1945.590599,2.0008570000002237,39.10680093226382,33.3625,45.137499999999996,1,1,1,1,2066,80,80,2067.0,80.0,2066.0,2066,80,78.24711639292946,46082.253754261146
4400,0,1057,3,3,1856186,1858196,1945.590599,1947.591052,2.0004529999998795,38.92396652178313,33.3625,45.137499999999996,1,1,1,1,2010,80,80,2011.0,80.0,2010.0,2010,80,77.86556560039753,45448.205981347965
4400,0,1058,3,3,1858196,1859000,1947.591052,1948.376888,0.7858360000000175,38.938620583886795,33.3625,45.137499999999996,1,1,1,1,804,31,31,804.0,31.0,804.0,804,31,30.599369845163892,45410.238268543566
4400,0,1059,3,3,1859000,1861054,1948.376888,1950.376891,2.0000029999998787,39.329471354706456,33.3625,45.137499999999996,1,1,1,1,2054,80,80,2056.0,80.0,2054.0,2054,80,78.65906069782795,46294.93055760697
4400,0,1060,3,3,1861054,1863066,1950.376891,1952.376945,2.000054000000091,39.179420393951226,33.3625,45.137499999999996,1,1,1,1,2012,80,80,2013.0,80.0,2012.0,2012,80,78.36095647660841,46156.25378114581
4400,0,1061,3,3,1863066,1865065,1952.376945,1954.378661,2.0017159999999876,39.16178085941892,33.3625,45.137499999999996,1,1,1,1,1999,80,80,2001.0,80.0,1999.0,1999,80,78.39076333479898,46140.4115269102
4400,0,1062,3,3,1865065,1867167,1954.378661,1956.381331,2.00267000000008,39.05559809705571,33.3625,45.137499999999996,1,1,1,1,2102,80,80,2102.0,80.0,2102.0,2102,80,78.21547464103787,45249.59179495193
4400,0,1063,3,3,1867167,1869272,1956.381331,1958.382188,2.0008569999999963,39.26943833810733,33.3625,45.137499999999996,1,1,1,1,2105,80,80,2119.0,80.0,2105.0,2105,80,78.5725305848755,46508.57107729346
4400,0,1064,3,3,1869272,1871277,1958.382188,1960.382842,2.0006539999999404,39.303455090495,33.3625,45.137499999999996,1,1,1,1,2005,80,80,2006.0,80.0,2005.0,2005,80,78.63261464062089,46073.93382364104
4400,0,1065,3,3,1871277,1872000,1960.382842,1961.151346,0.7685040000001209,39.12003474790883,33.3625,45.137499999999996,1,1,1,1,723,31,31,724.0,31.0,723.0,723,31,30.063903183909133,43604.19724555074
4400,0,1066,3,3,1872000,1874004,1961.151346,1963.15187,2.000523999999814,39.17974030743873,33.3625,45.137499999999996,1,1,1,1,2004,80,80,2007.0,80.0,2004.0,2004,80,78.38001079879177,45929.46647978657
4400,0,1067,3,3,1874004,1876021,1963.15187,1965.154561,2.0026910000001408,39.30217512577252,33.3625,45.137499999999996,1,1,1,1,2017,80,80,2018.0,80.0,2017.0,2017,80,78.71011240482039,45761.9273267786
4400,0,1068,3,3,1876021,1878074,1965.154561,1967.155236,2.000675000000001,39.18773492538535,33.3625,45.137499999999996,1,1,1,1,2053,80,80,2056.0,80.0,2053.0,2053,80,78.40192157184356,45491.146737975905
4400,0,1069,3,3,1878074,1880102,1967.155236,1969.155308,2.0000720000000456,39.25450704239287,33.3625,45.137499999999996,1,1,1,1,2028,79,79,2028.0,80.0,2028.0,2028,79,78.51184040929365,45547.36029502834
4400,0,1070,3,3,1880102,1882284,1969.155308,1971.155544,2.000235999999859,39.27000581859094,33.3625,45.137499999999996,1,1,1,1,2182,79,79,2185.0,80.0,2182.0,2182,80,78.54927935854357,47232.926514674604
4400,0,1071,3,3,1882284,1884348,1971.155544,1973.15601,2.0004659999999603,39.36343731014638,33.3625,45.137499999999996,1,1,1,1,2064,80,80,2064.0,79.0,2064.0,2064,79,78.74521798208298,46554.65276590647
4400,0,1072,3,3,1884348,1885000,1973.15601,1973.770135,0.6141250000000582,39.449090150696186,33.3625,45.137499999999996,1,1,1,1,652,25,25,652.0,25.0,652.0,652,25,24.22667248880316,45861.99877874591
4400,0,1073,3,3,1885000,1887062,1973.770135,1975.770753,2.0006180000000313,39.216241903143576,33.3625,45.137499999999996,1,1,1,1,2062,80,80,2063.0,80.0,2062.0,2062,80,78.4567194437841,46531.12188333732
4400,0,1074,3,3,1887062,1889124,1975.770753,1977.771667,2.000913999999966,39.11714903577867,33.3625,45.137499999999996,1,1,1,1,2062,80,80,2063.0,80.0,2062.0,2062,80,78.2700511457806,45899.02414596607
4400,0,1075,3,3,1889124,1891246,1977.771667,1979.773077,2.001410000000078,39.2844120746687,33.3625,45.137499999999996,1,1,1,1,2122,80,80,2124.0,80.0,2122.0,2122,80,78.62421517036273,45241.604668706794
4400,0,1076,3,3,1891246,1893289,1979.773077,1981.773232,2.0001549999999497,39.52857585208601,33.3625,45.137499999999996,1,1,1,1,2043,80,80,2044.0,80.0,2043.0,2043,80,79.06327863343176,45080.00629951292
4400,0,1077,3,3,1893289,1895361,1981.773232,1983.773226,1.9999940000000151,39.130470051928775,33.3625,45.137499999999996,1,1,1,1,2072,80,80,2073.0,80.0,2073.0,2072,80,78.26070532103768,45200.63560190646
4400,0,1078,3,3,1895361,1897397,1983.773226,1985.77387,2.0006439999999657,39.32036917956395,33.3625,45.137499999999996,1,1,1,1,2036,80,80,2035.0,80.0,2035.0,2036,80,78.66606067687098,46286.595716180185
4400,0,1079,3,3,1897397,1898000,1985.77387,1986.359636,0.5857659999999214,39.61512205968961,33.3625,45.137499999999996,1,1,1,1,603,23,23,604.0,23.0,603.0,603,23,23.205191588407615,46320.54438120963
4400,0,1080,3,3,1898000,1900051,1986.359636,1988.361242,2.001606000000038,39.157727618765364,33.3625,45.137499999999996,1,1,1,1,2051,80,80,2052.0,80.0,2051.0,2051,80,78.37834254809422,45943.107684528455
4400,0,1081,3,3,1900051,1902119,1988.361242,1990.361731,2.000489000000016,39.24709363812158,33.3625,45.137499999999996,1,1,1,1,2068,80,80,2068.0,80.0,2068.0,2068,80,78.51337910503207,47070.49126488536
4400,0,1082,3,3,1902119,1904154,1990.361731,1992.361829,2.00009799999998,39.88911452904337,33.3625,45.137499999999996,1,1,1,1,2035,80,80,2035.0,80.0,2035.0,2035,80,79.78213819130906,46916.70108164747
4400,0,1083,3,3,1904154,1906223,1992.361829,1994.361883,2.000054000000091,39.34514479299878,33.3625,45.137499999999996,1,1,1,1,2069,80,80,2070.0,80.0,2070.0,2069,80,78.6924142238131,45186.779956939106
4400,0,1084,3,3,1906223,1908296,1994.361883,1996.363071,2.0011879999999564,39.11582869322441,33.3625,45.137499999999996,1,1,1,1,2073,80,80,2072.0,80.0,2072.0,2073,80,78.27812699093192,46192.06191522336
4400,0,1085,3,3,1908296,1910367,1996.363071,1998.363841,2.0007700000001023,39.31004100307709,33.3625,45.137499999999996,1,1,1,1,2071,80,80,2073.0,80.0,2071.0,2071,80,78.6503507377347,46431.62382482507
4400,0,1086,3,3,1910367,1911000,1998.363841,1998.953272,0.5894309999998768,39.34312175920705,33.3625,45.137499999999996,1,1,1,1,633,23,23,633.0,23.0,633.0,633,23,23.190055601648055,46102.08828515243
4400,0,1087,3,3,1911000,1913107,1998.953272,2000.955357,2.002085000000079,39.45042416314077,33.3625,45.137499999999996,1,1,1,1,2107,80,80,2110.0,80.0,2107.0,2107,80,78.9831024606683,46900.106638827165
4400,0,1088,3,3,1913107,1915225,2000.955357,2002.955853,2.0004959999998846,39.25758266404674,33.3625,45.137499999999996,1,1,1,1,2118,80,80,2119.0,80.0,2118.0,2118,80,78.53463708909112,46345.00643840595
4400,0,1089,3,3,1915225,1917328,2002.955853,2004.957376,2.001523000000134,39.45660591489119,33.3625,45.137499999999996,1,1,1,1,2103,80,80,2104.0,80.0,2103.0,2103,80,78.97330424060056,46225.799054017276
4400,0,1090,3,3,1917328,1919375,2004.957376,2006.958451,2.0010749999999007,39.49226550524016,33.3625,45.137499999999996,1,1,1,1,2047,80,80,2047.0,80.0,2047.0,2047,80,79.02698519588739,46734.88000200124
4400,0,1091,3,3,1919375,1921439,2006.958451,2008.958598,2.00014699999997,39.50273739140938,33.3625,45.137499999999996,1,1,1,1,2064,80,79,2064.0,80.0,2064.0,2064,79,79.01128168521973,46574.07680535551
4400,0,1092,3,3,1921439,1923412,2008.958598,2010.960655,2.00205700000015,39.48006698320861,33.3625,45.137499999999996,1,1,1,1,1973,80,80,1974.0,80.0,1973.0,1973,80,79.04134446420358,45381.8247931968
4400,0,1093,3,3,1923412,1924000,2010.960655,2011.548969,0.5883139999998548,39.333326974560585,33.3625,45.137499999999996,1,1,1,1,588,23,23,590.0,23.0,588.0,588,23,23.14034692570567,46208.31732715303
4400,0,1094,3,3,1924000,1926178,2011.548969,2013.549118,2.000148999999965,39.4663352613581,33.3625,45.137499999999996,1,1,1,1,2178,80,80,2180.0,80.0,2178.0,2178,80,78.93855100666406,47043.99522235676
4400,0,1095,3,3,1926178,1928219,2013.549118,2015.550222,2.0011040000001685,39.2882029950944,33.3625,45.137499999999996,1,1,1,1,2041,80,80,2042.0,80.0,2041.0,2041,80,78.61978016630746,46009.60269930611
4400,0,1096,3,3,1928219,1930289,2015.550222,2017.550768,2.0005459999999857,39.33051545730794,33.3625,45.137499999999996,1,1,1,1,2070,80,80,2070.0,80.0,2070.0,2070,80,78.6825053760549,44813.26597838822
4400,0,1097,3,3,1930289,1932352,2017.550768,2019.551091,2.0003229999999803,39.41140071456283,33.3625,45.137499999999996,1,1,1,1,2063,80,80,2063.0,80.0,2063.0,2063,80,78.83553131156077,46129.05015839987
4400,0,1098,3,3,1932352,1934398,2019.551091,2021.551633,2.000541999999996,39.5846146939361,33.3625,45.137499999999996,1,1,1,1,2046,80,80,2046.0,80.0,2046.0,2046,80,79.19068424904253,46571.87902078546
4400,0,1099,3,3,1934398,1936457,2021.551633,2023.552004,2.000370999999859,39.54615393883787,33.3625,45.137499999999996,1,1,1,1,2059,80,80,2059.0,80.0,2059.0,2059,80,79.10697950077883,46193.93102579797
4400,0,1100,3,3,1936457,1937000,2023.552004,2024.069681,0.5176770000000488,39.505280506367804,33.3625,45.137499999999996,1,1,1,1,543,21,21,543.0,21.0,543.0,543,21,20.45097509669722,46287.549958753705
4400,0,1101,3,3,1937000,1939023,2024.069681,2026.072093,2.0024120000000494,39.39208029651935,33.3625,45.137499999999996,1,1,1,1,2023,80,80,2024.0,80.0,2023.0,2023,80,78.87917429071967,45832.22633503881
4400,0,1102,3,3,1939023,1941068,2026.072093,2028.073341,2.0012480000000323,39.40087467904074,33.3625,45.137499999999996,1,1,1,1,2045,80,80,2045.0,80.0,2045.0,2045,80,78.850921649675,46255.636482833965
4400,0,1103,3,3,1941068,1943087,2028.073341,2030.074326,2.0009849999999005,39.291205058118095,33.3625,45.137499999999996,1,1,1,1,2019,80,80,2020.0,80.0,2019.0,2019,80,78.62111195320904,45811.93762072407
4400,0,1104,3,3,1943087,1945101,2030.074326,2032.074812,2.000486000000137,39.14594724899734,33.3625,45.137499999999996,1,1,1,1,2014,79,79,2015.0,80.0,2014.0,2014,80,78.31091942836065,45095.04190481404
4400,0,1105,3,3,1945101,1947147,2032.074812,2034.075207,2.000395000000026,39.60459480634205,33.3625,45.137499999999996,1,1,1,1,2046,80,80,2047.0,79.0,2046.0,2046,79,79.22483342763735,45594.495087219686
4400,0,1106,3,3,1947147,1949243,2034.075207,2036.07696,2.001753000000008,38.94815972725597,33.3625,45.137499999999996,1,1,1,1,2096,80,80,2096.0,80.0,2096.0,2096,80,77.96459557850903,45285.80699017293
4400,0,1107,3,3,1949243,1950000,2036.07696,2036.797574,0.7206139999998413,38.753553133865815,33.3625,45.137499999999996,1,1,1,1,757,29,29,757.0,29.0,757.0,757,29,27.926352937996853,45451.5177334984
4400,0,1108,3,3,1950000,1952070,2036.797574,2038.7981,2.000526000000036,38.97359736048201,33.3625,45.137499999999996,1,1,1,1,2070,80,80,2073.0,80.0,2070.0,2070,80,77.96769483317621,45142.12762043501
4400,0,1109,3,3,1952070,1954079,2038.7981,2040.7985,2.000400000000127,39.10860714175559,33.3625,45.137499999999996,1,1,1,1,2009,80,80,2011.0,80.0,2009.0,2009,80,78.23285772636882,46525.694861024844
4400,0,1110,3,3,1954079,1956144,2040.7985,2042.798809,2.0003089999997883,39.09339574041536,33.3625,45.137499999999996,1,1,1,1,2065,80,80,2066.0,80.0,2065.0,2065,80,78.19887134010787,45403.98508430928
4400,0,1111,3,3,1956144,1958247,2042.798809,2044.798934,2.0001250000000255,38.961784429735545,33.3625,45.137499999999996,1,1,1,1,2103,80,80,2107.0,80.0,2103.0,2103,80,77.92843908251962,46189.61314917759
4400,0,1112,3,3,1958247,1960286,2044.798934,2046.799567,2.000633000000107,39.0815748353085,33.3625,45.137499999999996,1,1,1,1,2039,80,80,2042.0,80.0,2039.0,2039,80,78.1878883074969,45714.53135082502
4400,0,1113,3,3,1960286,1962269,2046.799567,2048.800387,2.0008199999997487,38.73099473105226,33.3625,45.137499999999996,1,1,1,1,1983,80,80,1985.0,80.0,1983.0,1983,80,77.49374887777958,45145.4903489626
4400,0,1114,3,3,1962269,1963000,2048.800387,2049.564876,0.7644890000001396,38.662067822380216,33.3625,45.137499999999996,1,1,1,1,731,30,30,732.0,30.0,731.0,731,30,29.556725567468675,44229.54417917566
4400,0,1115,3,3,1963000,1964987,2049.564876,2051.565621,2.000745000000279,38.9827890108588,33.3625,45.137499999999996,1,1,1,1,1987,80,80,1989.0,80.0,1987.0,1987,80,77.99462019954808,45756.955534057175
4400,0,1116,3,3,1964987,1967014,2051.565621,2053.566397,2.0007759999998598,38.81287782670489,33.3625,45.137499999999996,1,1,1,1,2027,80,80,2027.0,80.0,2027.0,2027,80,77.65587444660196,45343.90656425625
4400,0,1117,3,3,1967014,1969088,2053.566397,2055.566636,2.000238999999965,38.77188231289329,33.3625,45.137499999999996,1,1,1,1,2074,80,80,2074.0,80.0,2074.0,2074,80,77.55303110566456,45067.11447982045
4400,0,1118,3,3,1969088,1971152,2055.566636,2057.567533,2.0008969999998953,38.64124237263221,33.3625,45.137499999999996,1,1,1,1,2064,80,80,2064.0,80.0,2064.0,2064,80,77.31714593966899,46071.33700535551
4400,0,1119,3,3,1971152,1973208,2057.567533,2059.56947,2.001936999999998,38.81530735102105,33.3625,45.137499999999996,1,1,1,1,2056,80,80,2056.0,80.0,2056.0,2056,80,77.70579995238222,45651.78624502174
4400,0,1120,3,3,1973208,1975209,2059.56947,2061.569542,2.000072000000273,39.08716910489952,33.3625,45.137499999999996,1,1,1,1,2001,80,80,2001.0,80.0,2001.0,2001,80,78.1771524859796,45930.84648952011
4400,0,1121,3,3,1975209,1976000,2061.569542,2062.338611,0.7690689999999449,38.80460879703105,33.3625,45.137499999999996,1,1,1,1,791,31,31,793.0,31.0,791.0,791,31,29.843421682919143,44709.90249249737
4400,0,1122,3,3,1976000,1978051,2062.338611,2064.339247,2.0006359999997585,38.825372068937966,33.3625,45.137499999999996,1,1,1,1,2051,80,80,2054.0,80.0,2051.0,2051,80,77.67543707450386,45556.013187811775
4400,0,1123,3,3,1978051,1980139,2064.339247,2066.344452,2.0052049999999326,39.008752307044595,33.3625,45.137499999999996,1,1,1,1,2088,80,80,2090.0,80.0,2088.0,2088,80,78.22054516983917,45437.748260154476
4400,0,1124,3,3,1980139,1982144,2066.344452,2068.344414,1.9999620000003233,38.721894938567154,33.3625,45.137499999999996,1,1,1,1,2005,80,80,2005.0,80.0,2005.0,2005,80,77.44231844514434,44523.84595306591
4400,0,1125,3,3,1982144,1984166,2068.344414,2070.344721,2.0003069999997933,38.917729607356826,33.3625,45.137499999999996,1,1,1,1,2022,80,80,2022.0,80.0,2022.0,2022,80,77.84740695769142,46001.938702413936
4400,0,1126,3,3,1984166,1986188,2070.344721,2072.345604,2.000883000000158,38.9658966835779,33.3625,45.137499999999996,1,1,1,1,2022,79,79,2023.0,80.0,2022.0,2022,80,77.96620025394077,45862.25181581969
4400,0,1127,3,3,1986188,1988210,2072.345604,2074.34584,2.000235999999859,38.78126490712797,33.3625,45.137499999999996,1,1,1,1,2022,80,80,2022.0,79.0,2022.0,2022,79,77.57168219276355,45532.62714999951
4400,0,1128,3,3,1988210,1989000,2074.34584,2075.089508,0.7436680000000706,38.814391485099684,33.3625,45.137499999999996,1,1,1,1,790,29,29,793.0,30.0,790.0,790,29,28.86502088693669,45668.228295417815
4400,0,1129,3,3,1989000,1991113,2075.089508,2077.090761,2.001252999999906,38.86115438638279,33.3625,45.137499999999996,1,1,1,1,2113,80,80,2115.0,80.0,2114.0,2113,80,77.77100179920672,45701.86777983808
4400,0,1130,3,3,1991113,1993140,2077.090761,2079.090744,1.9999830000001566,38.803287457251606,33.3625,45.137499999999996,1,1,1,1,2027,80,80,2026.0,80.0,2026.0,2027,80,77.60591525862401,44898.88164049043
4400,0,1131,3,3,1993140,1995178,2079.090744,2081.090966,2.0002220000001216,38.98642004608254,33.3625,45.137499999999996,1,1,1,1,2038,80,80,2038.0,80.0,2038.0,2038,80,77.98149507741618,45393.96127029623
4400,0,1132,3,3,1995178,1997245,2081.090966,2083.094258,2.003291999999874,38.88447245239602,33.3625,45.137499999999996,1,1,1,1,2067,80,80,2069.0,80.0,2067.0,2067,80,77.89695258809661,45655.850470129044
4400,0,1133,3,3,1997245,1999288,2083.094258,2085.094256,1.9999979999997777,39.3037277648137,33.3625,45.137499999999996,1,1,1,1,2043,80,80,2044.0,80.0,2043.0,2043,80,78.60737692216935,45777.54577755087
4400,0,1134,3,3,1999288,2001391,2085.094256,2087.095561,2.0013050000002295,39.056228840530174,33.3625,45.137499999999996,1,1,1,1,2103,80,80,2103.0,80.0,2103.0,2103,80,78.16342605970567,45480.82376248976
4400,0,1135,3,3,2001391,2002000,2087.095561,2087.656024,0.5604629999997996,38.837308038101085,33.3625,45.137499999999996,1,1,1,1,609,22,22,609.0,22.0,609.0,609,22,21.766874174951226,44409.71125660195
4400,0,1136,3,3,2002000,2004073,2087.656024,2089.656235,2.0002110000000357,38.90771080538503,33.3625,45.137499999999996,1,1,1,1,2073,80,80,2080.0,80.0,2074.0,2073,80,77.823631137755,44786.27504798164
4400,0,1137,3,3,2004073,2006175,2089.656235,2091.656917,2.0006819999998697,38.95755293397064,33.3625,45.137499999999996,1,1,1,1,2102,79,79,2108.0,80.0,2101.0,2102,79,77.94167491904227,46392.680096090255
4400,0,1138,3,3,2006175,2008261,2091.656917,2093.657198,2.0002810000000864,39.004133171293596,33.3625,45.137499999999996,1,1,1,1,2086,80,80,2087.0,80.0,2086.0,2086,80,78.01922650400957,45774.06874333959
4400,0,1139,3,3,2008261,2010260,2093.657198,2095.65723,2.000031999999919,39.27571100969451,33.3625,45.137499999999996,1,1,1,1,1999,80,80,1999.0,80.0,1999.0,1999,80,78.55267884214118,46092.26252380148
4400,0,1140,3,3,2010260,2012294,2095.65723,2097.658039,2.0008090000001175,38.99618226762151,33.3625,45.137499999999996,1,1,1,1,2034,80,80,2034.0,80.0,2034.0,2034,80,78.02391244670434,45592.058012531255
4400,0,1141,3,3,2012294,2014384,2097.658039,2099.658053,2.000014000000192,39.29283872244988,33.3625,45.137499999999996,1,1,1,1,2090,80,80,2090.0,80.0,2090.0,2090,80,78.58622754465614,45779.179545738785
4400,0,1142,3,3,2014384,2015000,2099.658053,2100.287363,0.6293099999998049,38.92884601559823,33.3625,45.137499999999996,1,1,1,1,616,25,25,616.0,25.0,616.0,616,25,24.498312086070655,44737.887527623476
4400,0,1143,3,3,2015000,2017067,2100.287363,2102.290107,2.0027439999998933,38.877422196962485,33.3625,45.137499999999996,1,1,1,1,2067,80,80,2069.0,80.0,2067.0,2067,80,77.86152404043241,45756.721777723404
4400,0,1144,3,3,2017067,2019143,2102.290107,2104.292529,2.002422000000024,39.16812715928919,33.3625,45.137499999999996,1,1,1,1,2076,80,80,2076.0,80.0,2076.0,2076,80,78.43111952256004,46500.188272002044
4400,0,1145,3,3,2019143,2021133,2104.292529,2106.294516,2.001987000000099,39.07551910389297,33.3625,45.137499999999996,1,1,1,1,1990,80,80,1990.0,80.0,1990.0,1990,80,78.22868126425601,44492.29690302464
4400,0,1146,3,3,2021133,2023210,2106.294516,2108.295248,2.000731999999971,38.95632373751847,33.3625,45.137499999999996,1,1,1,1,2077,80,80,2077.0,80.0,2077.0,2077,80,77.941163504016,44513.208165811964
4400,0,1147,3,3,2023210,2025200,2108.295248,2110.297328,2.0020800000002055,38.90721936775228,33.3625,45.137499999999996,1,1,1,1,1990,80,80,1990.0,80.0,1990.0,1990,80,77.89536575179955,44742.967313988855
4400,0,1148,3,3,2025200,2027324,2110.297328,2112.29827,2.000941999999668,38.92121860817806,33.3625,45.137499999999996,1,1,1,1,2124,80,80,2127.0,80.0,2124.0,2124,80,77.87910100427689,45386.62290062134
4400,0,1149,3,3,2027324,2028000,2112.29827,2112.960725,0.6624550000001364,39.10768404197347,33.3625,45.137499999999996,1,1,1,1,676,26,26,676.0,26.0,676.0,676,26,25.907080832024803,46172.1928281826
4400,0,1150,3,3,2028000,2030093,2112.960725,2114.961176,2.0004509999998845,38.91093119036423,33.3625,45.137499999999996,1,1,1,1,2093,80,80,2095.0,80.0,2093.0,2093,80,77.83941121069074,45865.657294282784
4400,0,1151,3,3,2030093,2032214,2114.961176,2116.962214,2.001038000000335,39.22122534908886,33.3625,45.137499999999996,1,1,1,1,2121,80,80,2122.0,80.0,2121.0,2121,80,78.48316233009973,46529.851007319405
4400,0,1152,3,3,2032214,2034225,2116.962214,2118.962523,2.0003090000000157,39.32593249244493,33.3625,45.137499999999996,1,1,1,1,2011,80,80,2011.0,80.0,2011.0,2011,80,78.664016698036,46728.28048066537
4400,0,1153,3,3,2034225,2036312,2118.962523,2120.963868,2.0013449999996737,39.131362259074685,33.3625,45.137499999999996,1,1,1,1,2087,80,80,2089.0,80.0,2087.0,2087,80,78.31535620037175,45914.62241643244
4400,0,1154,3,3,2036312,2038332,2120.963868,2122.963851,1.9999830000001566,39.331477838294205,33.3625,45.137499999999996,1,1,1,1,2020,80,80,2022.0,80.0,2020.0,2020,80,78.66228704147215,46251.893141088076
4400,0,1155,3,3,2038332,2040485,2122.963851,2124.965918,2.0020669999998972,39.46144652171767,33.3625,45.137499999999996,1,1,1,1,2153,80,80,2153.0,80.0,2153.0,2153,80,79.00445985338592,46631.30654468846
4400,0,1156,3,3,2040485,2041000,2124.965918,2125.481029,0.5151110000001609,39.461007256539965,33.3625,45.137499999999996,1,1,1,1,515,20,20,515.0,21.0,515.0,515,21,20.326798908936325,46191.98580498683
4400,0,1157,3,3,2041000,2043025,2125.481029,2127.4833,2.002270999999837,39.30319743422753,33.3625,45.137499999999996,1,1,1,1,2025,80,80,2027.0,80.0,2025.0,2025,80,78.6956524298148,45109.77784725812
4400,0,1158,3,3,2043025,2045006,2127.4833,2129.483582,2.00028199999997,39.15007630678326,33.3625,45.137499999999996,1,1,1,1,1981,80,80,1981.0,79.0,1981.0,1981,79,78.31119293508527,45416.09633041809
4400,0,1159,3,3,2045006,2047107,2129.483582,2131.484901,2.0013189999999668,39.32570716986392,33.3625,45.137499999999996,1,1,1,1,2101,80,80,2102.0,80.0,2102.0,2101,80,78.7032849474781,46148.065350901845
4400,0,1160,3,3,2047107,2049111,2131.484901,2133.484954,2.0000530000002072,39.39429300376859,33.3625,45.137499999999996,1,1,1,1,2004,80,80,2005.0,80.0,2003.0,2004,80,78.79067390508135,46001.280966049635
4400,0,1161,3,3,2049111,2051123,2133.484954,2135.485376,2.0004220000000714,39.447119820058965,33.3625,45.137499999999996,1,1,1,1,2012,80,80,2013.0,80.0,2012.0,2012,80,78.91088632468018,46694.147534868476
4400,0,1162,3,3,2051123,2053184,2135.485376,2137.485398,2.000021999999717,39.560315094849415,33.3625,45.137499999999996,1,1,1,1,2061,80,80,2062.0,80.0,2061.0,2061,80,79.12150051661592,46572.98769714192
4400,0,1163,3,3,2053184,2054000,2137.485398,2138.275346,0.7899480000000949,39.54511749130167,33.3625,45.137499999999996,1,1,1,1,816,32,32,817.0,32.0,816.0,816,32,31.238586472027237,46565.09036037256
4400,0,1164,3,3,2054000,2056224,2138.275346,2140.275708,2.000362000000223,39.4480889111158,33.3625,45.137499999999996,1,1,1,1,2224,80,80,2225.0,80.0,2224.0,2224,80,78.91045803042653,47227.951740729666
4400,0,1165,3,3,2056224,2058246,2140.275708,2142.278124,2.002415999999812,39.27736502099933,33.3625,45.137499999999996,1,1,1,1,2022,80,80,2023.0,80.0,2022.0,2022,80,78.64962415587797,45951.98999608905
4400,0,1166,3,3,2058246,2060272,2142.278124,2144.279671,2.001546999999846,39.12961887765671,33.3625,45.137499999999996,1,1,1,1,2026,80,80,2026.0,80.0,2026.0,2026,80,78.31977127571008,45266.486372794134
4400,0,1167,3,3,2060272,2062359,2144.279671,2146.279673,2.0000020000002223,39.25316506474244,33.3625,45.137499999999996,1,1,1,1,2087,79,79,2087.0,80.0,2087.0,2087,80,78.50640863581793,46586.95341304141
4400,0,1168,3,3,2062359,2064389,2146.279673,2148.279836,2.000163000000157,39.10571669553776,33.3625,45.137499999999996,1,1,1,1,2030,80,80,2032.0,79.0,2031.0,2030,79,78.21780762290291,45418.79836792945
4400,0,1169,3,3,2064389,2066375,2148.279836,2150.281443,2.0016069999996944,39.16280981439261,33.3625,45.137499999999996,1,1,1,1,1986,79,79,1988.0,80.0,1985.0,1986,79,78.38855426415103,44914.91086912352
4400,0,1170,3,3,2066375,2067000,2150.281443,2150.88068,0.5992370000003575,39.17941171131532,33.3625,45.137499999999996,1,1,1,1,625,24,24,625.0,24.0,625.0,625,24,23.477753135666717,45180.78823567945
4400,0,1171,3,3,2067000,2069070,2150.88068,2152.88358,2.002899999999954,39.34236656733207,33.3625,45.137499999999996,1,1,1,1,2070,80,80,2078.0,80.0,2070.0,2070,80,78.79882599771372,46442.15886964009
4400,0,1172,3,3,2069070,2071181,2152.88358,2154.884286,2.000705999999809,39.110415047457785,33.3625,45.137499999999996,1,1,1,1,2111,80,80,2111.0,80.0,2111.0,2111,80,78.24844204793044,46507.08299970554
4400,0,1173,3,3,2071181,2073225,2154.884286,2156.885616,2.0013300000000527,39.31039322797303,33.3625,45.137499999999996,1,1,1,1,2044,79,79,2052.0,80.0,2044.0,2044,79,78.67306927894242,46995.24815997238
4400,0,1174,3,3,2073225,2075276,2156.885616,2158.885787,2.0001710000001367,39.36921465888151,33.3625,45.137499999999996,1,1,1,1,2051,80,80,2052.0,80.0,2051.0,2051,80,78.74516145348025,45900.57550079154
4400,0,1175,3,3,2075276,2077397,2158.885787,2160.885951,2.0001640000000407,39.125076707552054,33.3625,45.137499999999996,1,1,1,1,2121,80,80,2122.0,80.0,2121.0,2121,80,78.25656992768927,46997.14623400786
4400,0,1176,3,3,2077397,2079435,2160.885951,2162.886104,2.0001529999999548,39.370661238455945,33.3625,45.137499999999996,1,1,1,1,2038,80,80,2038.0,80.0,2038.0,2038,80,78.7473461880727,45937.48578233869
4400,0,1177,3,3,2079435,2080000,2162.886104,2163.465766,0.5796619999996437,39.401646514441396,33.3625,45.137499999999996,1,1,1,1,565,23,23,567.0,23.0,565.0,565,23,22.839637221841258,44676.03534476284
4400,0,1178,3,3,2080000,2082110,2163.465766,2165.466724,2.0009580000000824,39.5143518669879,33.3625,45.137499999999996,1,1,1,1,2110,80,80,2113.0,80.0,2110.0,2110,80,79.06655848307128,46817.574381869155
4400,0,1179,3,3,2082110,2084151,2165.466724,2167.468686,2.001962000000276,39.41166580635434,33.3625,45.137499999999996,1,1,1,1,2041,80,80,2041.0,80.0,2041.0,2041,80,78.90065730102651,45513.8509122488
4400,0,1180,3,3,2084151,2086180,2167.468686,2169.471082,2.0023959999998624,39.2698977823927,33.3625,45.137499999999996,1,1,1,1,2029,80,80,2030.0,80.0,2029.0,2029,80,78.63388623986975,45728.21759532395
4400,0,1181,3,3,2086180,2088262,2169.471082,2171.472214,2.0011319999998705,39.213351858876244,33.3625,45.137499999999996,1,1,1,1,2082,80,80,2083.0,80.0,2082.0,2082,80,78.47109323204495,47149.31348856852
4400,0,1182,3,3,2088262,2090378,2171.472214,2173.472595,2.0003810000002886,39.30394849751382,33.3625,45.137499999999996,1,1,1,1,2116,80,80,2118.0,80.0,2116.0,2116,80,78.62287179942359,45555.32171120744
4400,0,1183,3,3,2090378,2092401,2173.472595,2175.472963,2.0003679999999804,39.48948691721475,33.3625,45.137499999999996,1,1,1,1,2023,80,80,2024.0,80.0,2023.0,2023,80,78.99350596561271,46578.42956895977
4400,0,1184,3,3,2092401,2093000,2175.472963,2176.083496,0.6105330000000322,39.453408096184575,33.3625,45.137499999999996,1,1,1,1,599,24,24,599.0,24.0,599.0,599,24,24.087607605193625,45402.95119182507
4400,0,1185,3,3,2093000,2094938,2176.083496,2178.085724,2.002227999999832,39.22300856377427,33.3625,45.137499999999996,1,1,1,1,1938,80,80,1941.0,80.0,1938.0,1938,80,78.5334059906163,45384.44173191446
4400,0,1186,3,3,2094938,2097024,2178.085724,2180.087816,2.002092000000175,39.3533267394935,33.3625,45.137499999999996,1,1,1,1,2086,80,80,2089.0,80.0,2086.0,2086,80,78.78898063853558,46651.702319369855
4400,0,1187,3,3,2097024,2099081,2180.087816,2182.088435,2.000618999999915,39.29966015525655,33.3625,45.137499999999996,1,1,1,1,2057,80,80,2058.0,80.0,2057.0,2057,80,78.62364680014434,46245.18711459
4400,0,1188,3,3,2099081,2101138,2182.088435,2184.088967,2.000532000000021,39.35678015076728,33.3625,45.137499999999996,1,1,1,1,2057,80,80,2057.0,80.0,2057.0,2057,80,78.7344981085771,47072.47872065981
4400,0,1189,3,3,2101138,2103142,2184.088967,2186.091371,2.002403999999842,39.320842055677524,33.3625,45.137499999999996,1,1,1,1,2004,80,80,2005.0,80.0,2004.0,2004,80,78.73621141565673,46207.45863472471
4400,0,1190,3,3,2103142,2105166,2186.091371,2188.091862,2.0004910000002383,39.13657843185342,33.3625,45.137499999999996,1,1,1,1,2024,80,80,2025.0,80.0,2024.0,2024,80,78.29237292372272,45055.4388897472
4400,0,1191,3,3,2105166,2106000,2188.091862,2188.958178,0.8663159999996424,39.583808451528114,33.3625,45.137499999999996,1,1,1,1,834,35,35,834.0,35.0,834.0,834,35,34.292086602479685,45208.676741530995
4400,0,1192,3,3,2106000,2108078,2188.958178,2190.958994,2.0008160000002135,39.495009336384534,33.3625,45.137499999999996,1,1,1,1,2078,80,80,2079.0,80.0,2078.0,2078,80,79.02224660039064,46326.59874770599
4400,0,1193,3,3,2108078,2110237,2190.958994,2192.959155,2.0001609999999346,39.29480988852006,33.3625,45.137499999999996,1,1,1,1,2159,80,80,2159.0,80.0,2159.0,2159,80,78.5959462414321,46847.228798083284
4400,0,1194,3,3,2110237,2112216,2192.959155,2194.959438,2.000282999999854,39.37358464678857,33.3625,45.137499999999996,1,1,1,1,1979,79,79,1979.0,79.0,1979.0,1979,79,78.75831201802066,45551.55445504794
4400,0,1195,3,3,2112216,2114300,2194.959438,2196.959445,2.000007000000096,39.426245923579714,33.3625,45.137499999999996,1,1,1,1,2084,80,80,2084.0,80.0,2084.0,2084,80,78.8527678308892,46300.83794706496
4400,0,1196,3,3,2114300,2116271,2196.959445,2198.960123,2.00067799999988,39.30642331682951,33.3625,45.137499999999996,1,1,1,1,1971,80,80,1972.0,80.0,1971.0,1971,80,78.63949638865597,45491.07852438297
4400,0,1197,3,3,2116271,2118260,2198.960123,2200.960121,1.9999980000002324,39.27335365919886,33.3625,45.137499999999996,1,1,1,1,1989,80,80,1989.0,80.0,1989.0,1989,80,78.54662877169903,45483.5454835402
4400,0,1198,3,3,2118260,2119000,2200.960121,2201.739229,0.7791079999997237,39.30772628550539,33.3625,45.137499999999996,1,1,1,1,740,31,31,741.0,31.0,740.0,740,31,30.62496401084354,44943.70485223155
4400,0,1199,3,3,2119000,2121055,2201.739229,2203.740394,2.001165000000128,39.461026791060185,33.3625,45.137499999999996,1,1,1,1,2055,80,80,2057.0,80.0,2055.0,2055,80,78.9680256783322,45911.2566929734
4400,0,1200,3,4,2121055,2123096,2203.740394,2205.740378,1.9999840000000404,37.08810857248586,33.3625,45.137499999999996,1,1,1,1,2041,80,80,2043.0,80.0,2041.0,2041,80,78.78472132711613,43493.591520044254
4400,0,1201,4,4,2123096,2125256,2205.740378,2207.741006,2.0006280000002334,39.25094262570525,33.3625,45.137499999999996,1,1,1,1,2160,80,80,2161.0,80.0,2161.0,2160,80,78.52653484338953,46302.46102723204
4400,0,1202,4,4,2125256,2127327,2207.741006,2209.741141,2.000134999999773,39.501097782656245,33.3625,45.137499999999996,1,1,1,1,2071,80,80,2071.0,80.0,2070.0,2071,80,79.00752821350761,45690.41589693214
4400,0,1203,4,4,2127327,2129295,2209.741141,2211.741615,2.00047399999994,39.35312364240606,33.3625,45.137499999999996,1,1,1,1,1968,80,80,1968.0,80.0,1968.0,1968,80,78.7249006654165,46593.95723213738
4400,0,1204,4,4,2129295,2131387,2211.741615,2213.742759,2.001144000000295,39.247327740988624,33.3625,45.137499999999996,1,1,1,1,2092,80,80,2094.0,80.0,2092.0,2092,80,78.5395544249186,47269.96158196814
4400,0,1205,4,4,2131387,2132000,2213.742759,2214.309266,0.5665070000000014,39.60566628673843,33.3625,45.137499999999996,1,1,1,1,613,23,23,614.0,23.0,613.0,613,23,22.43688719109923,46733.756158352735
4400,0,1206,4,4,2132000,2134033,2214.309266,2216.309311,2.0000449999997727,39.404609007169775,33.3625,45.137499999999996,1,1,1,1,2033,79,79,2034.0,80.0,2033.0,2033,80,78.81099122173327,46393.45614724196
4400,0,1207,4,4,2134033,2136139,2216.309311,2218.311587,2.0022760000001654,39.351965694983356,33.3625,45.137499999999996,1,1,1,1,2106,80,80,2106.0,80.0,2106.0,2106,80,78.79349646389892,45944.71491442359
4400,0,1208,4,4,2136139,2138265,2218.311587,2220.311869,2.00028199999997,39.600934898897776,33.3625,45.137499999999996,1,1,1,1,2126,80,80,2128.0,79.0,2126.0,2126,79,79.21303726143378,46917.88457827517
4400,0,1209,4,4,2138265,2140463,2220.311869,2222.31247,2.000600999999733,39.31126215792224,33.3625,45.137499999999996,1,1,1,1,2198,80,80,2199.0,80.0,2198.0,2198,80,78.64615038438933,45473.83511255474
4400,0,1210,4,4,2140463,2142419,2222.31247,2224.315094,2.0026240000001962,39.319925518942775,33.3625,45.137499999999996,1,1,1,1,1956,79,79,1959.0,80.0,1956.0,1956,79,78.74302652245387,45110.3152663661
4400,0,1211,4,4,2142419,2144472,2224.315094,2226.317098,2.0020039999999426,39.270054622732935,33.3625,45.137499999999996,1,1,1,1,2053,80,80,2053.0,80.0,2053.0,2053,80,78.61880643492623,45963.94412798508
4400,0,1212,4,4,2144472,2145000,2226.317098,2226.814068,0.4969700000001467,39.20704930458239,33.3625,45.137499999999996,1,1,1,1,528,20,20,528.0,20.0,528.0,528,20,19.4847272929037,45427.28937359063
4400,0,1213,4,4,2145000,2147090,2226.814068,2228.814822,2.000753999999688,39.311603752024915,33.3625,45.137499999999996,1,1,1,1,2090,80,80,2092.0,80.0,2090.0,2090,80,78.65284845326096,46556.44821902869
4400,0,1214,4,4,2147090,2149219,2228.814822,2230.818269,2.003447000000051,39.727733223498205,33.3625,45.137499999999996,1,1,1,1,2129,80,80,2129.0,80.0,2129.0,2129,80,79.59240794341895,46456.931478595456
4400,0,1215,4,4,2149219,2151254,2230.818269,2232.819551,2.001282000000174,39.50194598170432,33.3625,45.137499999999996,1,1,1,1,2035,80,80,2036.0,80.0,2035.0,2035,80,79.05453345816932,45943.550184327854
4400,0,1216,4,4,2151254,2153293,2232.819551,2234.82245,2.0028990000000704,39.7654469524955,33.3625,45.137499999999996,1,1,1,1,2039,80,80,2039.0,80.0,2039.0,2039,80,79.6461739357037,46950.944605792254
4400,0,1217,4,4,2153293,2155289,2234.82245,2236.823035,2.0005849999997736,39.668248856272044,33.3625,45.137499999999996,1,1,1,1,1996,80,80,1998.0,80.0,1996.0,1996,80,79.35970363811066,46045.03182819547
4400,0,1218,4,4,2155289,2157358,2236.823035,2238.824376,2.0013410000001386,39.94292057970937,33.3625,45.137499999999996,1,1,1,1,2069,80,80,2070.0,80.0,2069.0,2069,80,79.93940461592865,45510.485219657065
4400,0,1219,4,4,2157358,2158000,2238.824376,2239.399445,0.575068999999985,39.976093978898405,33.3625,45.137499999999996,1,1,1,1,642,23,23,643.0,23.0,642.0,642,23,22.98901238835242,47488.21445774457
4400,0,1220,4,4,2158000,2160154,2239.399445,2241.401167,2.0017219999999725,39.848527073290995,33.3625,45.137499999999996,1,1,1,1,2154,80,80,2155.0,80.0,2154.0,2154,80,79.76567331020487,47666.45917864784
4400,0,1221,4,4,2160154,2162172,2241.401167,2243.401648,2.000481000000036,39.932351284572135,33.3625,45.137499999999996,1,1,1,1,2018,80,80,2022.0,80.0,2018.0,2018,80,79.88391003011202,46993.19813584748
4400,0,1222,4,4,2162172,2164291,2243.401648,2245.402967,2.0013189999999668,39.74363515165326,33.3625,45.137499999999996,1,1,1,1,2119,80,80,2120.0,80.0,2119.0,2119,80,79.53969215806865,46421.38509652961
4400,0,1223,4,4,2164291,2166410,2245.402967,2247.404995,2.002027999999882,39.99355768661878,33.3625,45.137499999999996,1,1,1,1,2119,80,80,2123.0,80.0,2119.0,2119,80,80.06822230822581,47051.28999195094
4400,0,1224,4,4,2166410,2168403,2247.404995,2249.406039,2.0010440000000926,39.74375932791138,33.3625,45.137499999999996,1,1,1,1,1993,80,80,1994.0,80.0,1993.0,1993,80,79.52901114056294,46138.41574697794
4400,0,1225,4,4,2168403,2170486,2249.406039,2251.406856,2.0008170000000973,39.817510855191344,33.3625,45.137499999999996,1,1,1,1,2083,80,80,2083.0,80.0,2083.0,2083,80,79.6675526167528,46695.92471475175
4400,0,1226,4,4,2170486,2171000,2251.406856,2251.881433,0.47457699999995384,39.7879309745336,33.3625,45.137499999999996,1,1,1,1,514,19,19,515.0,19.0,514.0,514,19,18.882436918094754,46843.82091842243
4400,0,1227,4,4,2171000,2173100,2251.881433,2253.881701,2.000267999999778,39.7224302865623,33.3625,45.137499999999996,1,1,1,1,2100,80,80,2105.0,80.0,2100.0,2100,80,79.4555061844294,46634.251010369786
4400,0,1228,4,4,2173100,2175190,2253.881701,2255.881825,2.0001240000001417,39.567788957965426,33.3625,45.137499999999996,1,1,1,1,2090,80,80,2091.0,80.0,2090.0,2090,80,79.1404843217606,45694.16696164514
4400,0,1229,4,4,2175190,2177316,2255.881825,2257.88532,2.00349499999993,39.67352907338277,33.3625,45.137499999999996,1,1,1,1,2126,80,80,2126.0,80.0,2126.0,2126,80,79.48571713086858,47164.57989663229
4400,0,1230,4,4,2177316,2179373,2257.88532,2259.88753,2.0022100000001046,39.35179938088599,33.3625,45.137499999999996,1,1,1,1,2057,80,80,2058.0,80.0,2057.0,2057,80,78.79056623841461,45572.6422303331
4400,0,1231,4,4,2179373,2181383,2259.88753,2261.887983,2.000453000000107,39.20362600895592,33.3625,45.137499999999996,1,1,1,1,2010,80,80,2012.0,80.0,2010.0,2010,80,78.42501126049319,45547.68344969621
4400,0,1232,4,4,2181383,2183401,2261.887983,2263.888415,2.000431999999819,39.455049369650226,33.3625,45.137499999999996,1,1,1,1,2018,79,79,2018.0,80.0,2018.0,2018,80,78.92714332061587,46384.480952118545
4400,0,1233,4,4,2183401,2184000,2263.888415,2264.477559,0.589144000000033,39.19965494792225,33.3625,45.137499999999996,1,1,1,1,599,24,24,599.0,23.0,599.0,599,23,23.094241514641908,46528.52273807162
4400,0,1234,4,4,2184000,2185996,2264.477559,2266.479242,2.0016829999999572,39.197873332667356,33.3625,45.137499999999996,1,1,1,1,1996,80,80,2000.0,80.0,1996.0,1996,80,78.46171668615716,45846.42023737123
4400,0,1235,4,4,2185996,2188035,2266.479242,2268.479786,2.0005439999999908,39.184142393419215,33.3625,45.137499999999996,1,1,1,1,2039,80,80,2040.0,80.0,2039.0,2039,80,78.38960096030496,45228.1979301632
4400,0,1236,4,4,2188035,2190120,2268.479786,2270.480895,2.0011090000002696,39.03910302321397,33.3625,45.137499999999996,1,1,1,1,2085,80,80,2086.0,80.0,2085.0,2085,80,78.12150041169662,46369.78795257405
4400,0,1237,4,4,2190120,2192152,2270.480895,2272.483112,2.002216999999746,39.29660211434177,33.3625,45.137499999999996,1,1,1,1,2032,80,80,2033.0,80.0,2032.0,2032,80,78.68032479555404,46172.81743188263
4400,0,1238,4,4,2192152,2194163,2272.483112,2274.48401,2.000898000000234,39.330504166300585,33.3625,45.137499999999996,1,1,1,1,2011,80,80,2013.0,80.0,2011.0,2011,80,78.69632712534803,46627.564223658126
4400,0,1239,4,4,2194163,2196188,2274.48401,2276.484896,2.0008859999998094,39.34084174525792,33.3625,45.137499999999996,1,1,1,1,2025,80,80,2027.0,80.0,2025.0,2025,80,78.71653947629966,46937.20681738437
4400,0,1240,4,4,2196188,2197000,2276.484896,2277.203562,0.7186660000002121,39.55692900598454,33.3625,45.137499999999996,1,1,1,1,812,28,28,812.0,29.0,812.0,812,29,28.42821994102269,47504.68228633318
4400,0,1241,4,4,2197000,2199140,2277.203562,2279.20442,2.00085799999988,39.53444005146806,33.3625,45.137499999999996,1,1,1,1,2140,80,80,2143.0,79.0,2141.0,2140,79,79.10280065250117,45613.43183774434
4400,0,1242,4,4,2199140,2201263,2279.20442,2281.204395,1.9999750000001768,39.60656750185688,33.3625,45.137499999999996,1,1,1,1,2123,80,80,2124.0,80.0,2122.0,2123,80,79.21214483953372,46764.584557302835
4400,0,1243,4,4,2201263,2203331,2281.204395,2283.204386,1.9999909999996817,39.33564556563687,33.3625,45.137499999999996,1,1,1,1,2068,80,80,2070.0,80.0,2068.0,2068,80,78.67093711045163,45546.20495792956
4400,0,1244,4,4,2203331,2205375,2283.204386,2285.20498,2.000594000000092,39.36567071558311,33.3625,45.137499999999996,1,1,1,1,2044,80,80,2046.0,80.0,2044.0,2044,80,78.75472463956976,46919.065037681656
4400,0,1245,4,4,2205375,2207405,2285.20498,2287.207214,2.002234000000044,39.47232643367136,33.3625,45.137499999999996,1,1,1,1,2030,80,80,2031.0,80.0,2030.0,2030,80,79.03283404459944,46185.41089602812
4400,0,1246,4,4,2207405,2209537,2287.207214,2289.20952,2.0023059999998623,39.109550885705794,33.3625,45.137499999999996,1,1,1,1,2132,80,80,2132.0,80.0,2132.0,2132,80,78.30928839574335,45522.01311887707
4400,0,1247,4,4,2209537,2210000,2289.20952,2289.65539,0.44587000000001353,39.16111040000381,33.3625,45.137499999999996,1,1,1,1,463,18,18,463.0,18.0,463.0,463,18,17.46076429405366,46112.095453830436
4400,0,1248,4,4,2210000,2212066,2289.65539,2291.657874,2.002484000000095,39.1849765269437,33.3625,45.137499999999996,1,1,1,1,2066,80,80,2068.0,80.0,2066.0,2066,80,78.46728853558307,45811.60199032584
4400,0,1249,4,4,2212066,2214116,2291.657874,2293.658678,2.000803999999789,39.50321309981452,33.3625,45.137499999999996,1,1,1,1,2050,80,80,2050.0,80.0,2050.0,2050,80,79.03818678295647,46457.82395477508
4400,0,1250,4,4,2214116,2216161,2293.658678,2295.660834,2.0021560000000136,39.263236640196176,33.3625,45.137499999999996,1,1,1,1,2045,80,80,2045.0,80.0,2045.0,2045,80,78.61112481859163,47232.08381364857
4400,0,1251,4,4,2216161,2218321,2295.660834,2297.660881,2.000046999999995,39.54570433401848,33.3625,45.137499999999996,1,1,1,1,2160,80,80,2161.0,80.0,2160.0,2160,80,79.09326731614419,45861.92224482736
4400,0,1252,4,4,2218321,2220475,2297.660881,2299.661382,2.0005009999999857,39.68402191894702,33.3625,45.137499999999996,1,1,1,1,2154,80,80,2156.0,80.0,2154.0,2154,80,79.38792553287931,47471.60836210563
4400,0,1253,4,4,2220475,2222564,2299.661382,2301.661433,2.0000510000004397,39.41272290037767,33.3625,45.137499999999996,1,1,1,1,2089,80,80,2091.0,80.0,2089.0,2089,80,78.82745584963413,45885.82991132717
4400,0,1254,4,4,2222564,2223000,2301.661433,2302.079131,0.41769799999974566,39.52882823425043,33.3625,45.137499999999996,1,1,1,1,436,16,16,437.0,16.0,436.0,436,16,16.511112495776615,47024.405192296734
4400,0,1255,4,4,2223000,2225076,2302.079131,2304.079119,1.9999880000000303,39.64762654533979,33.3625,45.137499999999996,1,1,1,1,2076,78,78,2083.0,80.0,2076.0,2076,78,79.2947773191554,46351.278107667946
4400,0,1256,4,4,2225076,2227151,2304.079119,2306.079648,2.000528999999915,39.28490834102649,33.3625,45.137499999999996,1,1,1,1,2075,80,80,2076.0,80.0,2075.0,2075,80,78.59059839855763,46243.2686554426
4400,0,1257,4,4,2227151,2229253,2306.079648,2308.080273,2.0006250000001273,39.053501177097246,33.3625,45.137499999999996,1,1,1,1,2102,79,79,2103.0,80.0,2102.0,2102,79,78.13141079244087,46751.890034361284
4400,0,1258,4,4,2229253,2231404,2308.080273,2310.08157,2.001296999999795,39.18227942293296,33.3625,45.137499999999996,1,1,1,1,2151,80,80,2151.0,80.0,2151.0,2151,80,78.41537826227432,45793.802718941464
4400,0,1259,4,4,2231404,2233488,2310.08157,2312.08342,2.001850000000104,39.261297249713756,33.3625,45.137499999999996,1,1,1,1,2084,80,80,2084.0,80.0,2084.0,2084,80,78.59522789935,46260.20930638918
4400,0,1260,4,4,2233488,2235541,2312.08342,2314.085239,2.0018190000000686,39.14795985397714,33.3625,45.137499999999996,1,1,1,1,2053,80,80,2053.0,80.0,2053.0,2053,80,78.36712984692713,46228.954765639064
4400,0,1261,4,4,2235541,2236000,2314.085239,2314.512214,0.42697499999985666,39.015551022636735,33.3625,45.137499999999996,1,1,1,1,459,17,17,459.0,17.0,459.0,459,17,16.65866489788459,47525.03073952061
4400,0,1262,4,4,2236000,2238057,2314.512214,2316.51237,2.000156000000061,39.260576670746325,33.3625,45.137499999999996,1,1,1,1,2057,80,80,2060.0,80.0,2057.0,2057,80,78.52727799145214,46561.36821327795
4400,0,1263,4,4,2238057,2240143,2316.51237,2318.514895,2.0025249999998778,39.09743762374367,33.3625,45.137499999999996,1,1,1,1,2086,80,80,2087.0,80.0,2086.0,2086,80,78.29359627747908,45754.23527796437
4400,0,1264,4,4,2240143,2242271,2318.514895,2320.515005,2.0001100000004044,39.16624234983783,33.3625,45.137499999999996,1,1,1,1,2128,80,80,2130.0,80.0,2128.0,2128,80,78.33679298634524,46981.9159946108
4400,0,1265,4,4,2242271,2244309,2320.515005,2322.515019,2.0000139999997373,39.09006844236127,33.3625,45.137499999999996,1,1,1,1,2038,80,80,2041.0,80.0,2038.0,2038,80,78.18068414567097,45998.178012759956
4400,0,1266,4,4,2244309,2246376,2322.515019,2324.515175,2.000156000000061,39.06865666082595,33.3625,45.137499999999996,1,1,1,1,2067,80,80,2067.0,80.0,2067.0,2067,80,78.14340803209052,45817.426240751825
4400,0,1267,4,4,2246376,2248396,2324.515175,2326.51552,2.0003449999999248,38.89844967435667,33.3625,45.137499999999996,1,1,1,1,2020,80,80,2020.0,80.0,2020.0,2020,80,77.81031931385223,44386.843269537676
4400,0,1268,4,4,2248396,2249000,2326.51552,2327.12052,0.6050000000000182,39.21156404764801,33.3625,45.137499999999996,1,1,1,1,604,24,24,604.0,24.0,604.0,604,24,23.722996248834534,45674.38016528788
4400,0,1269,4,4,2249000,2251087,2327.12052,2329.120898,2.0003780000001825,39.303434167454355,33.3625,45.137499999999996,1,1,1,1,2087,80,80,2091.0,80.0,2087.0,2087,80,78.62172503303736,46664.18046988693
4400,0,1270,4,4,2251087,2253084,2329.120898,2331.121309,2.0004109999999855,39.076775173832615,33.3625,45.137499999999996,1,1,1,1,1997,80,80,1998.0,80.0,1997.0,1997,80,78.16961090225959,45855.07678172169
4400,0,1271,4,4,2253084,2255066,2331.121309,2333.122302,2.0009930000001077,39.11977814127924,33.3625,45.137499999999996,1,1,1,1,1982,80,80,1982.0,80.0,1982.0,1982,80,78.27840222226223,45458.42988955739
4400,0,1272,4,4,2255066,2257070,2333.122302,2335.122511,2.0002089999998134,39.13951648252975,33.3625,45.137499999999996,1,1,1,1,2004,80,80,2004.0,80.0,2004.0,2004,80,78.28721312400012,46848.60432085284
4400,0,1273,4,4,2257070,2259095,2335.122511,2337.124182,2.0016709999999875,38.89810774617057,33.3625,45.137499999999996,1,1,1,1,2025,80,80,2025.0,80.0,2025.0,2025,80,77.86121423039003,44978.920112246495
4400,0,1274,4,4,2259095,2261187,2337.124182,2339.124394,2.0002119999999195,38.90112759374118,33.3625,45.137499999999996,1,1,1,1,2092,80,80,2093.0,80.0,2092.0,2092,80,77.81050222652266,46306.591501302726
4400,0,1275,4,4,2261187,2262000,2339.124394,2339.925351,0.8009569999999258,38.7703033111894,33.3625,45.137499999999996,1,1,1,1,813,32,32,813.0,32.0,813.0,813,32,31.053345829219325,46250.92233416205
4400,0,1276,4,4,2262000,2263990,2339.925351,2341.926463,2.001111999999921,39.099707106978435,33.3625,45.137499999999996,1,1,1,1,1990,79,79,1993.0,79.0,1991.0,1990,79,78.24289308825973,45298.314137341426
4400,0,1277,4,4,2263990,2266081,2341.926463,2343.929431,2.0029680000002372,39.29884723738051,33.3625,45.137499999999996,1,1,1,1,2091,80,80,2092.0,81.0,2090.0,2091,81,78.71433345337573,46241.877054445715
4400,0,1278,4,4,2266081,2268091,2343.929431,2345.931177,2.001745999999912,39.164788554723174,33.3625,45.137499999999996,1,1,1,1,2010,80,80,2011.0,79.0,2010.0,2010,79,78.3979588302609,46448.95006659391
4400,0,1279,4,4,2268091,2270170,2345.931177,2347.931144,1.999967000000197,39.26025701133593,33.3625,45.137499999999996,1,1,1,1,2079,80,80,2079.0,80.0,2079.0,2079,80,78.51921843420132,46221.76265907932
4400,0,1280,4,4,2270170,2272269,2347.931144,2349.931592,2.0004479999997784,39.2788343363615,33.3625,45.137499999999996,1,1,1,1,2099,80,80,2100.0,80.0,2099.0,2099,80,78.57526559049438,46807.015228593984
4400,0,1281,4,4,2272269,2274293,2349.931592,2351.932161,2.0005690000002687,39.17026933288243,33.3625,45.137499999999996,1,1,1,1,2024,80,80,2024.0,80.0,2024.0,2024,80,78.36282654902607,45491.05779405148
4400,0,1282,4,4,2274293,2275000,2351.932161,2352.619098,0.6869369999999435,39.19407346196873,33.3625,45.137499999999996,1,1,1,1,707,28,28,707.0,28.0,707.0,707,28,26.923859241738683,46171.62854818216
4400,0,1283,4,4,2275000,2277102,2352.619098,2354.619176,2.0000780000000304,39.28366869976267,33.3625,45.137499999999996,1,1,1,1,2102,80,80,2107.0,80.0,2102.0,2102,80,78.57040152567788,46618.681871406305
4400,0,1284,4,4,2277102,2279124,2354.619176,2356.620247,2.0010709999996834,39.274423874197026,33.3625,45.137499999999996,1,1,1,1,2022,80,80,2022.0,80.0,2022.0,2022,80,78.59091065634857,46153.784648328125
4400,0,1285,4,4,2279124,2281180,2356.620247,2358.620686,2.0004390000003696,39.34818329471404,33.3625,45.137499999999996,1,1,1,1,2056,79,79,2058.0,79.0,2056.0,2056,79,78.71364044191432,44781.6704233338
4400,0,1286,4,4,2281180,2283272,2358.620686,2360.621037,2.0003509999996822,39.1278962869368,33.3625,45.137499999999996,1,1,1,1,2092,80,80,2093.0,80.0,2092.0,2092,80,78.26952646546124,47028.24654273922
4400,0,1287,4,4,2283272,2285381,2360.621037,2362.621124,2.000086999999894,39.33454819447248,33.3625,45.137499999999996,1,1,1,1,2109,80,80,2109.0,80.0,2109.0,2109,80,78.67251849464083,46112.49410650881
4400,0,1288,4,4,2285381,2287372,2362.621124,2364.621088,1.999964000000091,39.2232200221266,33.3625,45.137499999999996,1,1,1,1,1991,80,80,1992.0,80.0,1991.0,1991,80,78.44502800834016,46411.835413035325
4400,0,1289,4,4,2287372,2288000,2364.621088,2365.249324,0.6282360000000153,39.226443896849375,33.3625,45.137499999999996,1,1,1,1,628,25,25,628.0,25.0,628.0,628,25,24.643464207983925,45810.809950399685
4400,0,1290,4,4,2288000,2290126,2365.249324,2367.249622,2.0002979999999297,39.2555111467211,33.3625,45.137499999999996,1,1,1,1,2126,80,80,2128.0,80.0,2126.0,2126,80,78.52272043576522,46323.097858420726
4400,0,1291,4,4,2290126,2292175,2367.249622,2369.249613,1.9999910000001364,39.16798825182861,33.3625,45.137499999999996,1,1,1,1,2049,80,80,2050.0,80.0,2049.0,2049,80,78.33562399176299,46625.20981344098
4400,0,1292,4,4,2292175,2294250,2369.249613,2371.250154,2.0005409999998847,39.10612466391731,33.3625,45.137499999999996,1,1,1,1,2075,80,80,2076.0,80.0,2075.0,2075,80,78.23340574126632,46516.41730912057
4400,0,1293,4,4,2294250,2296333,2371.250154,2373.251439,2.00128500000028,39.09472966759919,33.3625,45.137499999999996,1,1,1,1,2083,80,80,2084.0,80.0,2083.0,2083,80,78.23969606283936,46026.92769894698
4400,0,1294,4,4,2296333,2298399,2373.251439,2375.252264,2.000825000000077,39.112110350290195,33.3625,45.137499999999996,1,1,1,1,2066,80,80,2067.0,80.0,2066.0,2066,80,78.2564881916187,46026.51406294726
4400,0,1295,4,4,2298399,2300480,2375.252264,2377.253429,2.0011649999996735,39.35069197805088,33.3625,45.137499999999996,1,1,1,1,2081,80,80,2081.0,80.0,2081.0,2081,80,78.7472275122418,46240.56487097021
4400,0,1296,4,4,2300480,2301000,2377.253429,2377.754835,0.5014060000003155,39.416738672871524,33.3625,45.137499999999996,1,1,1,1,520,20,20,520.0,20.0,520.0,520,20,19.76378927101905,46947.9822738164
4400,0,1297,4,4,2301000,2302949,2377.754835,2379.754847,2.0000119999999697,39.110582366203175,33.3625,45.137499999999996,1,1,1,1,1949,80,80,1952.0,80.0,1949.0,1949,80,78.22163405938772,46151.72308966216
4400,0,1298,4,4,2302949,2305010,2379.754847,2381.754929,2.0000820000000203,39.34334632667642,33.3625,45.137499999999996,1,1,1,1,2061,80,80,2062.0,80.0,2061.0,2061,80,78.68991880775138,46012.11350334589
4400,0,1299,4,4,2305010,2307109,2381.754929,2383.75639,2.0014609999998356,39.318141012393994,33.3625,45.137499999999996,1,1,1,1,2099,80,80,2100.0,80.0,2099.0,2099,80,78.69372582879441,45986.406929741606
4400,0,1300,4,4,2307109,2309139,2383.75639,2385.756981,2.000590999999986,39.2529671152595,33.3625,45.137499999999996,1,1,1,1,2030,80,80,2030.0,80.0,2030.0,2030,80,78.52913273408194,47052.09610560113
4400,0,1301,4,4,2309139,2311189,2385.756981,2387.75901,2.0020290000002205,39.05003318027358,33.3625,45.137499999999996,1,1,1,1,2050,80,80,2051.0,80.0,2050.0,2050,80,78.17929887787614,46037.29516405099
4400,0,1302,4,4,2311189,2313160,2387.75901,2389.759329,2.000318999999763,39.190612004600474,33.3625,45.137499999999996,1,1,1,1,1971,80,80,1972.0,80.0,1971.0,1971,80,78.39372581441421,45695.71153401574
4400,0,1303,4,4,2313160,2314000,2389.759329,2390.642709,0.8833800000002157,38.9440207553993,33.3625,45.137499999999996,1,1,1,1,840,35,35,840.0,35.0,840.0,840,35,34.40236905490747,44335.39360183663
4400,0,1304,4,4,2314000,2316033,2390.642709,2392.643814,2.001104999999825,39.1016656896661,33.3625,45.137499999999996,1,1,1,1,2033,80,80,2035.0,80.0,2033.0,2033,80,78.24653871991904,45759.2180320413
4400,0,1305,4,4,2316033,2318072,2392.643814,2394.643858,2.000043999999889,39.12329688442809,33.3625,45.137499999999996,1,1,1,1,2039,80,80,2040.0,80.0,2039.0,2039,80,78.24831519390864,46280.981818402564
4400,0,1306,4,4,2318072,2320048,2394.643858,2396.643954,2.0000960000002124,39.12040921337228,33.3625,45.137499999999996,1,1,1,1,1976,80,80,1976.0,80.0,1976.0,1976,80,78.24457398604136,45904.796569759776
4400,0,1307,4,4,2320048,2322134,2396.643954,2398.644043,2.0000889999996616,39.08569236696092,33.3625,45.137499999999996,1,1,1,1,2086,80,80,2086.0,80.0,2086.0,2086,80,78.17486336053116,46366.43669357498
4400,0,1308,4,4,2322134,2324235,2398.644043,2400.647472,2.003429000000324,39.041082503709745,33.3625,45.137499999999996,1,1,1,1,2101,80,80,2102.0,80.0,2101.0,2101,80,78.21603687934112,46296.62443739459
4400,0,1309,4,4,2324235,2326319,2400.647472,2402.647464,1.9999920000000202,39.22288197686668,33.3625,45.137499999999996,1,1,1,1,2084,80,80,2084.0,80.0,2084.0,2084,80,78.44545017067867,46138.184552737745
4400,0,1310,4,4,2326319,2327000,2402.647464,2403.266381,0.618916999999783,39.51687001767537,33.3625,45.137499999999996,1,1,1,1,681,24,24,681.0,24.0,681.0,681,24,24.457662640721537,46670.232034360226
4400,0,1311,4,4,2327000,2329067,2403.266381,2405.266788,2.0004069999999956,39.19754317456029,33.3625,45.137499999999996,1,1,1,1,2067,80,80,2073.0,80.0,2067.0,2067,80,78.41103974918951,46335.07081308964
4400,0,1312,4,4,2329067,2331131,2405.266788,2407.266762,1.999974000000293,39.26767481164137,33.3625,45.137499999999996,1,1,1,1,2064,80,80,2065.0,80.0,2064.0,2064,80,78.53432866375078,46084.599099781546
4400,0,1313,4,4,2331131,2333213,2407.266762,2409.267161,2.000399000000016,39.220149622090275,33.3625,45.137499999999996,1,1,1,1,2082,80,80,2083.0,80.0,2082.0,2082,80,78.45594808387978,45175.48749024534
4400,0,1314,4,4,2333213,2335310,2409.267161,2411.267516,2.000354999999672,39.39551083153217,33.3625,45.137499999999996,1,1,1,1,2097,80,80,2100.0,80.0,2097.0,2097,80,78.80500706940074,46183.802375085994
4400,0,1315,4,4,2335310,2337397,2411.267516,2413.269078,2.0015619999999217,39.24692825313086,33.3625,45.137499999999996,1,1,1,1,2087,80,80,2087.0,80.0,2087.0,2087,80,78.55516020818322,46487.6931116816
4400,0,1316,4,4,2337397,2339417,2413.269078,2415.272934,2.003856000000269,39.167118450826315,33.3625,45.137499999999996,1,1,1,1,2020,80,80,2021.0,80.0,2020.0,2020,80,78.48526531040261,45016.70778737988
4400,0,1317,4,4,2339417,2340000,2415.272934,2415.886871,0.6139370000000781,39.31582869875461,33.3625,45.137499999999996,1,1,1,1,583,25,25,583.0,25.0,583.0,583,25,24.137441923827282,45960.7419002217
4400,0,1318,4,4,2340000,2342032,2415.886871,2417.887117,2.000246000000061,39.13634765437018,33.3625,45.137499999999996,1,1,1,1,2032,79,79,2049.0,79.0,2032.0,2032,79,78.28232285026752,46356.29817532302
4400,0,1319,4,4,2342032,2344107,2417.887117,2419.889081,2.001963999999589,39.37961679555833,33.3625,45.137499999999996,1,1,1,1,2075,80,80,2077.0,80.0,2075.0,2075,80,78.83657515849336,46168.16286407697
4400,0,1320,4,4,2344107,2346153,2419.889081,2421.890576,2.001494999999977,39.05649607386378,33.3625,45.137499999999996,1,1,1,1,2046,80,80,2046.0,80.0,2046.0,2046,80,78.17138160935428,45905.68550008921
4400,0,1321,4,4,2346153,2348163,2421.890576,2423.891883,2.001306999999997,39.110702673620914,33.3625,45.137499999999996,1,1,1,1,2010,80,80,2011.0,80.0,2010.0,2010,80,78.27252303563,45604.197656831326
4400,0,1322,4,4,2348163,2350133,2423.891883,2425.892475,2.0005920000003243,39.24143698270347,33.3625,45.137499999999996,1,1,1,1,1970,80,80,1970.0,80.0,1970.0,1970,80,78.50610489610699,45721.46644592459
4400,0,1323,4,4,2350133,2352287,2425.892475,2427.892463,1.9999880000000303,39.21504085094056,33.3625,45.137499999999996,1,1,1,1,2154,80,80,2154.0,80.0,2154.0,2154,80,78.42961112139164,45823.274939648945
4400,0,1324,4,4,2352287,2353000,2427.892463,2428.573793,0.681329999999889,39.70177751393457,33.3625,45.137499999999996,1,1,1,1,713,27,27,713.0,27.0,713.0,713,27,27.050012073566904,47201.796486291874
4400,0,1325,4,4,2353000,2354966,2428.573793,2430.574406,2.0006130000001576,39.542122670699776,33.3625,45.137499999999996,1,1,1,1,1966,79,79,1970.0,80.0,1966.0,1966,79,79.10848466260359,46382.28383000245
4400,0,1326,4,4,2354966,2357035,2430.574406,2432.575176,2.0007699999996476,39.415085483332675,33.3625,45.137499999999996,1,1,1,1,2069,80,80,2070.0,80.0,2069.0,2069,80,78.86052058247151,45820.85896930489
4400,0,1327,4,4,2357035,2359129,2432.575176,2434.575162,1.9999860000002627,39.55685573793498,33.3625,45.137499999999996,1,1,1,1,2094,80,80,2096.0,80.0,2094.0,2094,80,79.11315767989436,46435.82505076926
4400,0,1328,4,4,2359129,2361188,2434.575162,2436.575699,2.0005369999998948,39.543565502701064,33.3625,45.137499999999996,1,1,1,1,2059,80,80,2059.0,80.0,2059.0,2059,80,79.10836590007239,46344.55648658579
4400,0,1329,4,4,2361188,2363270,2436.575699,2438.57581,2.0001109999998334,39.443116946868926,33.3625,45.137499999999996,1,1,1,1,2082,80,80,2082.0,80.0,2082.0,2082,80,78.89061207971827,46637.911595910315
4400,0,1330,4,4,2363270,2365242,2438.57581,2440.575777,1.999967000000197,39.30996086364705,33.3625,45.137499999999996,1,1,1,1,1972,80,80,1972.0,80.0,1972.0,1972,80,78.61862449858745,44612.73611014142
4400,0,1331,4,4,2365242,2366000,2440.575777,2441.294943,0.7191659999998592,39.4710251370807,33.3625,45.137499999999996,1,1,1,1,758,29,29,758.0,29.0,758.0,758,29,28.38621926373162,46143.72759558502
4400,0,1332,4,4,2366000,2367968,2441.294943,2443.295764,2.0008210000000872,39.57787174873869,33.3625,45.137499999999996,1,1,1,1,1968,80,80,1973.0,80.0,1968.0,1968,80,79.1882369301893,46140.55930040517
4400,0,1333,4,4,2367968,2369957,2443.295764,2445.296148,2.00038399999994,39.51256083100163,33.3625,45.137499999999996,1,1,1,1,1989,80,80,1989.0,80.0,1989.0,1989,80,79.04029448535584,45809.70453673032
4400,0,1334,4,4,2369957,2372064,2445.296148,2447.296275,2.000127000000248,39.519176139948044,33.3625,45.137499999999996,1,1,1,1,2107,79,79,2108.0,79.0,2107.0,2107,79,79.04337121527351,45705.09772628872
4400,0,1335,4,4,2372064,2374088,2447.296275,2449.29635,2.0000749999999243,39.562658211561654,33.3625,45.137499999999996,1,1,1,1,2024,80,80,2024.0,80.0,2024.0,2024,80,79.12828362248547,46427.758959040795
4400,0,1336,4,4,2374088,2376082,2449.29635,2451.29654,2.0001899999997477,39.29278429553124,33.3625,45.137499999999996,1,1,1,1,1994,80,80,1995.0,80.0,1994.0,1994,80,78.5930342200736,45692.65919738201
4400,0,1337,4,4,2376082,2378159,2451.29654,2453.296921,2.0003810000002886,39.68962057246645,33.3625,45.137499999999996,1,1,1,1,2077,80,80,2077.0,80.0,2077.0,2077,80,79.39436289037985,46184.70181429771
4400,0,1338,4,4,2378159,2379000,2453.296921,2454.109743,0.8128219999998691,39.29424755982851,33.3625,45.137499999999996,1,1,1,1,841,33,33,841.0,33.0,841.0,841,33,31.939228890070808,45561.02074009557
4400,0,1339,4,4,2379000,2381068,2454.109743,2456.110117,2.0003740000001926,39.37357325652061,33.3625,45.137499999999996,1,1,1,1,2068,80,80,2073.0,80.0,2068.0,2068,80,78.76187222944282,46913.227226504125
4400,0,1340,4,4,2381068,2383077,2456.110117,2458.111687,2.0015699999999015,39.37301461918285,33.3625,45.137499999999996,1,1,1,1,2009,80,80,2009.0,80.0,2009.0,2009,80,78.80784487132041,46415.56378243308
4400,0,1341,4,4,2383077,2385128,2458.111687,2460.111732,2.0000449999997727,39.82087556073056,33.3625,45.137499999999996,1,1,1,1,2051,80,80,2055.0,80.0,2051.0,2051,80,79.64354306085443,46382.45639473639
4400,0,1342,4,4,2385128,2387205,2460.111732,2462.112877,2.0011450000001787,39.398154447947356,33.3625,45.137499999999996,1,1,1,1,2077,79,79,2077.0,79.0,2077.0,2077,79,78.84141978275147,46690.26982052358
4400,0,1343,4,4,2387205,2389347,2462.112877,2464.113407,2.0005299999997987,39.29983742752869,33.3625,45.137499999999996,1,1,1,1,2142,80,80,2145.0,80.0,2142.0,2142,80,78.62050376889238,46613.64738344808
4400,0,1344,4,4,2389347,2391505,2464.113407,2466.114967,2.001560000000154,39.61132827803825,33.3625,45.137499999999996,1,1,1,1,2158,80,80,2162.0,80.0,2158.0,2158,80,79.28445022819506,48150.4426547256
4400,0,1345,4,4,2391505,2392000,2466.114967,2466.581142,0.4661750000000211,39.756595434838154,33.3625,45.137499999999996,1,1,1,1,495,19,19,495.0,19.0,495.0,495,19,18.533530876840814,46002.037861316094
4400,0,1346,4,4,2392000,2394091,2466.581142,2468.58131,2.0001680000000306,39.31347941994236,33.3625,45.137499999999996,1,1,1,1,2091,80,79,2093.0,80.0,2091.0,2091,79,78.63356350442336,46379.10415525025
4400,0,1347,4,4,2394091,2396206,2468.58131,2470.581707,2.0003969999997935,39.50542951136244,33.3625,45.137499999999996,1,1,1,1,2115,80,80,2115.0,80.0,2115.0,2115,80,79.026542678228,47243.12224024019
4400,0,1348,4,4,2396206,2398322,2470.581707,2472.5862,2.004493000000366,39.7170309066391,33.3625,45.137499999999996,1,1,1,1,2116,80,80,2116.0,80.0,2116.0,2116,80,79.6125104331586,47546.6863690632
4400,0,1349,4,4,2398322,2400564,2472.5862,2474.587508,2.001307999999881,39.35013275372531,33.3625,45.137499999999996,1,1,1,1,2242,80,80,2242.0,80.0,2242.0,2242,80,78.75173548108432,46283.230767081084
4400,0,1350,4,4,2400564,2402635,2474.587508,2476.588795,2.0012870000000476,39.59259899869012,33.3625,45.137499999999996,1,1,1,1,2071,80,80,2071.0,80.0,2071.0,2071,80,79.23615367228922,45965.42125142361
4400,0,1351,4,4,2402635,2404713,2476.588795,2478.589046,2.0002509999999347,39.29508209588429,33.3625,45.137499999999996,1,1,1,1,2078,80,80,2080.0,80.0,2078.0,2078,80,78.60002725737286,46308.18832236705
4400,0,1352,4,4,2404713,2405000,2478.589046,2478.845502,0.25645600000007107,39.66898099663641,33.3625,45.137499999999996,1,1,1,1,287,10,10,289.0,10.0,287.0,287,10,10.173348190481192,48460.55463703932
4400,0,1353,4,4,2405000,2407150,2478.845502,2480.84721,2.0017079999997804,39.714033627186275,33.3625,45.137499999999996,1,1,1,1,2150,80,80,2151.0,80.0,2150.0,2150,80,79.49589882379223,47856.63043761154
4400,0,1354,4,4,2407150,2409189,2480.84721,2482.847701,2.0004910000002383,39.47977853592357,33.3625,45.137499999999996,1,1,1,1,2039,80,80,2041.0,80.0,2039.0,2039,80,78.97894164311583,46633.55146311025
4400,0,1355,4,4,2409189,2411232,2482.847701,2484.849044,2.001342999999906,39.44722535807074,33.3625,45.137499999999996,1,1,1,1,2043,80,80,2043.0,80.0,2043.0,2043,80,78.94742833978671,46076.05992576201
4400,0,1356,4,4,2411232,2413339,2484.849044,2486.851327,2.0022829999998066,39.780900326153564,33.3625,45.137499999999996,1,1,1,1,2107,80,80,2109.0,80.0,2107.0,2107,80,79.65262044774136,46850.52013127468
4400,0,1357,4,4,2413339,2415433,2486.851327,2488.85134,2.0000130000003082,39.543247392507844,33.3625,45.137499999999996,1,1,1,1,2094,79,78,2096.0,80.0,2094.0,2094,78,79.08700884724385,47095.693877982536
4400,0,1358,4,4,2415433,2417449,2488.85134,2490.852381,2.0010409999999865,39.66560571415165,33.3625,45.137499999999996,1,1,1,1,2016,80,80,2016.0,80.0,2016.0,2016,80,79.37250332384428,46146.48075676642
4400,0,1359,4,4,2417449,2418000,2490.852381,2491.349972,0.49759099999982936,39.40797114756775,33.3625,45.137499999999996,1,1,1,1,551,20,20,552.0,20.0,551.0,551,20,19.60905177128734,47157.203406026325
4400,0,1360,4,4,2418000,2420063,2491.349972,2493.352719,2.0027469999999994,39.564656159467496,33.3625,45.137499999999996,1,1,1,1,2063,80,80,2065.0,80.0,2063.0,2063,80,79.23799642940867,47126.2720653183
4400,0,1361,4,4,2420063,2422157,2493.352719,2495.352896,2.000176999999894,39.38733038792941,33.3625,45.137499999999996,1,1,1,1,2094,80,80,2094.0,80.0,2094.0,2094,80,78.78163233333908,46985.34179725343
4400,0,1362,4,4,2422157,2424169,2495.352896,2497.353513,2.0006170000001475,39.56470033678075,33.3625,45.137499999999996,1,1,1,1,2012,79,79,2014.0,79.0,2012.0,2012,79,79.15381209367479,46351.70050039221
4400,0,1363,4,4,2424169,2426206,2497.353513,2499.354301,2.0007879999998295,39.42176328905822,33.3625,45.137499999999996,1,1,1,1,2037,80,80,2038.0,80.0,2037.0,2037,80,78.8745909275749,46727.08952673045
4400,0,1364,4,4,2426206,2428211,2499.354301,2501.358451,2.004150000000209,39.58528950468421,33.3625,45.137499999999996,1,1,1,1,2005,79,79,2009.0,81.0,2005.0,2005,80,79.33485796082823,45033.0564079488
4400,0,1365,4,4,2428211,2430292,2501.358451,2503.359057,2.0006060000000616,39.58502118267755,33.3625,45.137499999999996,1,1,1,1,2081,80,80,2082.0,79.0,2081.0,2081,79,79.19403088818945,46249.486405617674
4400,0,1366,4,4,2430292,2431000,2503.359057,2504.089031,0.7299739999998565,39.651134703408715,33.3625,45.137499999999996,1,1,1,1,708,29,29,711.0,30.0,708.0,708,29,28.94429740398482,46687.96422887213
4400,0,1367,4,4,2431000,2433040,2504.089031,2506.089007,1.9999760000000606,39.71804230703478,33.3625,45.137499999999996,1,1,1,1,2040,80,80,2044.0,80.0,2040.0,2040,80,79.43513138106209,46714.56057472548
4400,0,1368,4,4,2433040,2435126,2506.089007,2508.089784,2.0007769999997436,40.05266028249818,33.3625,45.137499999999996,1,1,1,1,2086,79,79,2086.0,79.0,2086.0,2086,79,80.1364414820273,46860.794581311166
4400,0,1369,4,4,2435126,2437144,2508.089784,2510.090852,2.001068000000032,39.52067797588252,33.3625,45.137499999999996,1,1,1,1,2018,80,80,2022.0,80.0,2018.0,2018,80,79.08356403584185,46921.94368207302
4400,0,1370,4,4,2437144,2439153,2510.090852,2512.091039,2.0001870000000963,39.54894070134273,33.3625,45.137499999999996,1,1,1,1,2009,80,80,2010.0,80.0,2009.0,2009,80,79.1052770545939,46464.15560144903
4400,0,1371,4,4,2439153,2441195,2512.091039,2514.091196,2.0001569999999447,39.526921556946455,33.3625,45.137499999999996,1,1,1,1,2042,80,80,2043.0,80.0,2042.0,2042,80,79.0600488405762,47297.7871237121
4400,0,1372,4,4,2441195,2443173,2514.091196,2516.092101,2.00090500000033,39.5473681427298,33.3625,45.137499999999996,1,1,1,1,1978,80,80,1978.0,80.0,1978.0,1978,80,79.13052665363648,45691.32467557676
4400,0,1373,4,4,2443173,2444000,2516.092101,2516.929955,0.8378539999998793,39.511424414961326,33.3625,45.137499999999996,1,1,1,1,827,34,34,827.0,34.0,827.0,827,34,33.10480499177356,46863.77340205532
4400,0,1374,4,4,2444000,2446072,2516.929955,2518.930409,2.0004539999999906,39.782093509058306,33.3625,45.137499999999996,1,1,1,1,2072,80,80,2073.0,80.0,2072.0,2072,80,79.58224808856903,45912.57784482944
4400,0,1375,4,4,2446072,2448140,2518.930409,2520.930705,2.000296000000162,39.44901953947822,33.3625,45.137499999999996,1,1,1,1,2068,79,79,2068.0,80.0,2068.0,2068,80,78.90971598874603,46934.55368605066
4400,0,1376,4,4,2448140,2450266,2520.930705,2522.930921,2.0002159999999094,39.4469951806023,33.3625,45.137499999999996,1,1,1,1,2126,80,80,2126.0,79.0,2126.0,2126,79,78.9025109121576,46625.46444984153
4400,0,1377,4,4,2450266,2452377,2522.930921,2524.932167,2.00124599999981,39.411847970973724,33.3625,45.137499999999996,1,1,1,1,2111,80,80,2115.0,80.0,2111.0,2111,80,78.87280310451752,45788.97346953283
4400,0,1378,4,4,2452377,2454449,2524.932167,2526.932525,2.000358000000233,39.16307725118063,33.3625,45.137499999999996,1,1,1,1,2072,80,80,2072.0,80.0,2072.0,2072,80,78.34017488402606,47130.063718588885
4400,0,1379,4,4,2454449,2456502,2526.932525,2528.933983,2.0014579999997295,39.09896800279491,33.3625,45.137499999999996,1,1,1,1,2053,80,80,2053.0,80.0,2053.0,2053,80,78.25494230093318,46000.46566053969
4400,0,1380,4,4,2456502,2457000,2528.933983,2529.421577,0.48759400000017195,38.91741324440274,33.3625,45.137499999999996,1,1,1,1,498,20,20,498.0,20.0,498.0,498,20,18.975897193493438,45476.359430165634
4400,0,1381,4,4,2457000,2459081,2529.421577,2531.421945,2.0003679999999804,39.11339690135586,33.3625,45.137499999999996,1,1,1,1,2081,80,80,2086.0,80.0,2081.0,2081,80,78.24118753276707,46483.44704574404
4400,0,1382,4,4,2459081,2461077,2531.421945,2533.422252,2.0003069999997933,39.19511747533382,33.3625,45.137499999999996,1,1,1,1,1996,80,80,1996.0,80.0,1996.0,1996,80,78.40226785172126,44897.10829388153
4400,0,1383,4,4,2461077,2463158,2533.422252,2535.424143,2.0018910000003416,38.9466331610592,33.3625,45.137499999999996,1,1,1,1,2081,80,80,2082.0,80.0,2081.0,2081,80,77.96691440543509,46343.68204861512
4400,0,1384,4,4,2463158,2465235,2535.424143,2537.424461,2.0003179999998792,39.216260436308104,33.3625,45.137499999999996,1,1,1,1,2077,79,79,2079.0,80.0,2077.0,2077,80,78.44499164342415,46037.68000888137
4400,0,1385,4,4,2465235,2467136,2537.424461,2539.424501,2.000039999999899,39.110610595959265,33.3625,45.137499999999996,1,1,1,1,1901,80,80,1901.0,79.0,1901.0,1901,79,78.2227856163372,45536.589268216936
4400,0,1386,4,4,2467136,2469200,2539.424501,2541.42616,2.001659000000018,39.266951399283364,33.3625,45.137499999999996,1,1,1,1,2064,80,80,2066.0,80.0,2064.0,2064,80,78.5990466709336,46187.68731337314
4400,0,1387,4,4,2469200,2470000,2541.42616,2542.24266,0.8164999999999054,39.11121484241578,33.3625,45.137499999999996,1,1,1,1,800,33,33,800.0,33.0,800.0,800,33,31.93430691883259,46265.76852419397
4400,0,1388,4,4,2470000,2472091,2542.24266,2544.242956,2.000296000000162,39.27826227534409,33.3625,45.137499999999996,1,1,1,1,2091,80,80,2092.0,80.0,2091.0,2091,80,78.56815091632598,45776.72504468967
4400,0,1389,4,4,2472091,2474086,2544.242956,2546.244033,2.0010769999998956,39.031340724980566,33.3625,45.137499999999996,1,1,1,1,1995,80,80,1995.0,80.0,1995.0,1995,80,78.10471820391831,45459.52004845628
4400,0,1390,4,4,2474086,2476176,2546.244033,2548.245587,2.001553999999942,38.94342324658221,33.3625,45.137499999999996,1,1,1,1,2090,80,80,2091.0,80.0,2090.0,2090,80,77.94736457288673,46509.3622255521
4400,0,1391,4,4,2476176,2478215,2548.245587,2550.246763,2.001176000000214,39.42342539577035,33.3625,45.137499999999996,1,1,1,1,2039,80,80,2039.0,80.0,2039.0,2039,80,78.89321273981477,47147.777107056005
4400,0,1392,4,4,2478215,2480212,2550.246763,2552.248263,2.001499999999851,39.1563552770483,33.3625,45.137499999999996,1,1,1,1,1997,79,79,1998.0,80.0,1997.0,1997,79,78.37144508700294,46283.28753435269
4400,0,1393,4,4,2480212,2482306,2552.248263,2554.250153,2.001890000000003,39.151939403613426,33.3625,45.137499999999996,1,1,1,1,2094,80,80,2094.0,80.0,2094.0,2094,80,78.37787597269926,46347.2018942099
4400,0,1394,4,4,2482306,2483000,2554.250153,2554.951837,0.7016840000001139,38.971340371572396,33.3625,45.137499999999996,1,1,1,1,694,28,28,694.0,28.0,694.0,694,28,27.345565997296944,46525.216479205315
4400,0,1395,4,4,2483000,2485059,2554.951837,2556.952245,2.0004079999998794,38.8984807936966,33.3625,45.137499999999996,1,1,1,1,2059,80,80,2062.0,80.0,2059.0,2059,80,77.81283216754673,45607.69603001263
4400,0,1396,4,4,2485059,2487079,2556.952245,2558.952462,2.000217000000248,38.9564588063237,33.3625,45.137499999999996,1,1,1,1,2020,80,80,2024.0,80.0,2020.0,2020,80,77.92137116422236,45571.05554046821
4400,0,1397,4,4,2487079,2489169,2558.952462,2560.95308,2.0006180000000313,39.227752361208324,33.3625,45.137499999999996,1,1,1,1,2090,80,80,2090.0,80.0,2090.0,2090,80,78.47974747337867,45999.786066104854
4400,0,1398,4,4,2489169,2491312,2560.95308,2562.953209,2.0001289999995606,39.058970601114574,33.3625,45.137499999999996,1,1,1,1,2143,79,79,2145.0,79.0,2143.0,2143,79,78.12297980941366,46310.01300417141
4400,0,1399,4,4,2491312,2493471,2562.953209,2564.954043,2.0008340000003955,39.237286781528375,33.3625,45.137499999999996,1,1,1,1,2159,80,80,2160.0,80.0,2159.0,2159,80,78.50729746025172,46629.555475357556
4400,0,1400,4,4,2493471,2495554,2564.954043,2566.955539,2.001495999999861,39.133474391438206,33.3625,45.137499999999996,1,1,1,1,2083,80,80,2083.0,80.0,2083.0,2083,80,78.32549246055714,46618.12963903324
4400,0,1401,4,4,2495554,2496000,2566.955539,2567.37564,0.4201010000001588,38.99997597940426,33.3625,45.137499999999996,1,1,1,1,446,17,17,446.0,17.0,446.0,446,17,16.383928908922826,45329.57550682526
4400,0,1402,4,4,2496000,2498059,2567.37564,2569.376817,2.001176999999643,39.07194023127503,33.3625,45.137499999999996,1,1,1,1,2059,80,80,2063.0,80.0,2059.0,2059,80,78.18986813619267,45821.53402723315
4400,0,1403,4,4,2498059,2500151,2569.376817,2571.377082,2.0002650000001267,39.34393183551051,33.3625,45.137499999999996,1,1,1,1,2092,80,80,2092.0,80.0,2092.0,2092,80,78.6982898129645,47024.76921807563
4400,0,1404,4,4,2500151,2502259,2571.377082,2573.377338,2.0002559999998084,39.44251157442304,33.3625,45.137499999999996,1,1,1,1,2108,80,80,2108.0,80.0,2108.0,2108,80,78.89512043180002,45775.14078198429
4400,0,1405,4,4,2502259,2504259,2573.377338,2575.379095,2.001756999999998,39.04052998219853,33.3625,45.137499999999996,1,1,1,1,2000,80,80,2002.0,80.0,2000.0,2000,80,78.14965417557687,45055.41881457145
4400,0,1406,4,4,2504259,2506326,2575.379095,2577.379216,2.0001210000000356,39.07642208668501,33.3625,45.137499999999996,1,1,1,1,2067,80,80,2070.0,80.0,2068.0,2067,80,78.15757242044492,46307.69838424693
4400,0,1407,4,4,2506326,2508328,2577.379216,2579.379472,2.000256000000263,38.98195783382688,33.3625,45.137499999999996,1,1,1,1,2002,80,80,2002.0,80.0,2001.0,2002,80,77.97389504886814,45645.157419844254
4400,0,1408,4,4,2508328,2509000,2579.379472,2580.039002,0.6595299999999042,38.92606199159369,33.3625,45.137499999999996,1,1,1,1,672,26,26,672.0,26.0,672.0,672,26,25.67290566531301,45220.08096675562
4400,0,1409,4,4,2509000,2511050,2580.039002,2582.042607,2.0036049999998795,38.94728369364636,33.3625,45.137499999999996,1,1,1,1,2050,80,80,2053.0,80.0,2050.0,2050,80,78.03497234500537,45977.625330344825
4400,0,1410,4,4,2511050,2513079,2582.042607,2584.042874,2.000267000000349,39.144586170908084,33.3625,45.137499999999996,1,1,1,1,2029,80,80,2029.0,80.0,2029.0,2029,80,78.29962394633912,46301.81870719451
4400,0,1411,4,4,2513079,2515142,2584.042874,2586.046716,2.003841999999622,39.22984242352974,33.3625,45.137499999999996,1,1,1,1,2063,80,80,2065.0,80.0,2063.0,2063,80,78.61040590163611,46684.31942239839
4400,0,1412,4,4,2515142,2517208,2586.046716,2588.04822,2.0015040000002955,39.1385768480351,33.3625,45.137499999999996,1,1,1,1,2066,80,80,2067.0,80.0,2067.0,2066,80,78.33601811566041,46356.14018257585
4400,0,1413,4,4,2517208,2519226,2588.04822,2590.04855,2.000329999999849,39.1691444096082,33.3625,45.137499999999996,1,1,1,1,2018,80,80,2017.0,80.0,2017.0,2018,80,78.35121463685937,46147.88559887967
4400,0,1414,4,4,2519226,2521257,2590.04855,2592.048843,2.000293000000056,39.040885638261656,33.3625,45.137499999999996,1,1,1,1,2031,80,80,2031.0,80.0,2031.0,2031,80,78.09321025601821,45988.76264627103
4400,0,1415,4,4,2521257,2522000,2592.048843,2592.76382,0.7149770000000899,39.30999994003998,33.3625,45.137499999999996,1,1,1,1,743,29,29,743.0,29.0,743.0,743,29,28.10574582713889,46109.175539906675
4400,0,1416,4,4,2522000,2524057,2592.76382,2594.764663,2.0008429999998043,39.25247406087842,33.3625,45.137499999999996,1,1,1,1,2057,79,79,2060.0,80.0,2057.0,2057,80,78.53803795737622,45772.207014747764
4400,0,1417,4,4,2524057,2526067,2594.764663,2596.766479,2.0018159999999625,39.189764220919436,33.3625,45.137499999999996,1,1,1,1,2010,80,80,2010.0,79.0,2010.0,2010,79,78.4506970536604,45843.8737626244
4400,0,1418,4,4,2526067,2528110,2596.766479,2598.7676,2.0011210000002393,39.39924950792339,33.3625,45.137499999999996,1,1,1,1,2043,80,80,2044.0,80.0,2043.0,2043,80,78.84266557455703,46207.600639835844
4400,0,1419,4,4,2528110,2530077,2598.7676,2600.768348,2.0007479999999305,39.00606274701766,33.3625,45.137499999999996,1,1,1,1,1967,79,79,1971.0,80.0,1967.0,1967,79,78.04130202897068,44817.23835285759
4400,0,1420,4,4,2530077,2532158,2600.768348,2602.768672,2.0003240000000915,38.97777416138433,33.3625,45.137499999999996,1,1,1,1,2081,80,80,2083.0,80.0,2081.0,2081,80,77.96817712159827,45829.575608749285
4400,0,1421,4,4,2532158,2534307,2602.768672,2604.769583,2.0009109999996326,39.402739523707766,33.3625,45.137499999999996,1,1,1,1,2149,80,80,2150.0,80.0,2149.0,2149,80,78.84137494310562,47094.04866084363
4400,0,1422,4,4,2534307,2535000,2604.769583,2605.455055,0.685472000000118,39.14229231891754,33.3625,45.137499999999996,1,1,1,1,693,28,28,693.0,28.0,693.0,693,28,26.830945400433848,45959.57238223381
4400,0,1423,4,4,2535000,2537145,2605.455055,2607.455058,2.000003000000106,39.15243713030858,33.3625,45.137499999999996,1,1,1,1,2145,80,80,2147.0,80.0,2145.0,2145,80,78.30499171793053,47297.429053853906
4400,0,1424,4,4,2537145,2539264,2607.455058,2609.455335,2.0002770000000965,39.21294503102504,33.3625,45.137499999999996,1,1,1,1,2119,79,79,2120.0,79.0,2119.0,2119,79,78.4367520478263,46123.11194899284
4400,0,1425,4,4,2539264,2541319,2609.455335,2611.455607,2.000271999999768,39.37713404019084,33.3625,45.137499999999996,1,1,1,1,2055,80,80,2056.0,80.0,2055.0,2055,80,78.7649786608381,46488.177607850725
4400,0,1426,4,4,2541319,2543499,2611.455607,2613.458085,2.0024780000003375,39.0874233989802,33.3625,45.137499999999996,1,1,1,1,2180,80,80,2181.0,80.0,2180.0,2180,80,78.27170543315879,47055.69799018223
4400,0,1427,4,4,2543499,2545607,2613.458085,2615.458816,2.0007309999996323,39.3089286327001,33.3625,45.137499999999996,1,1,1,1,2108,80,80,2111.0,80.0,2108.0,2108,80,78.64659209222009,46325.06818758595
4400,0,1428,4,4,2545607,2547620,2615.458816,2617.459639,2.0008230000003095,39.37899787106646,33.3625,45.137499999999996,1,1,1,1,2013,80,80,2014.0,80.0,2013.0,2013,80,78.79040465739672,45939.59585629802
4400,0,1429,4,4,2547620,2548000,2617.459639,2617.826078,0.36643899999990026,38.61640141890243,33.3625,45.137499999999996,1,1,1,1,380,15,15,380.0,15.0,380.0,380,15,14.150555519532645,43764.446469956434
4400,0,1430,4,4,2548000,2550089,2617.826078,2619.826951,2.000872999999956,38.945259717204,33.3625,45.137499999999996,1,1,1,1,2089,80,80,2093.0,80.0,2089.0,2089,80,77.92451864613395,45928.45223060236
4400,0,1431,4,4,2550089,2552094,2619.826951,2621.828207,2.001256000000012,39.295698970005645,33.3625,45.137499999999996,1,1,1,1,2005,80,80,2005.0,80.0,2005.0,2005,80,78.64075333792425,44950.77091586457
4400,0,1432,4,4,2552094,2554248,2621.828207,2623.82906,2.0008530000000064,39.25295584612269,33.3625,45.137499999999996,1,1,1,1,2154,80,80,2154.0,80.0,2154.0,2154,80,78.53939446358709,46596.62653878106
4400,0,1433,4,4,2554248,2556269,2623.82906,2625.829088,2.0000279999999293,39.254845424975684,33.3625,45.137499999999996,1,1,1,1,2021,80,80,2025.0,80.0,2021.0,2021,80,78.51078998562298,46236.35269106396
4400,0,1434,4,4,2556269,2558341,2625.829088,2627.830913,2.001824999999826,38.980183222960385,33.3625,45.137499999999996,1,1,1,1,2072,79,79,2074.0,80.0,2072.0,2072,79,78.03150528029073,45380.09066727006
4400,0,1435,4,4,2558341,2560317,2627.830913,2629.831961,2.0010480000000825,39.238734894994266,33.3625,45.137499999999996,1,1,1,1,1976,80,80,1977.0,80.0,1976.0,1976,80,78.5185919841606,45993.899196818966
4400,0,1436,4,4,2560317,2561000,2629.831961,2630.497669,0.6657079999999951,39.175627614717186,33.3625,45.137499999999996,1,1,1,1,683,26,26,683.0,26.0,683.0,683,26,26.07952870814188,46679.62530118345
4400,0,1437,4,4,2561000,2563082,2630.497669,2632.501981,2.004312000000027,39.11998833401452,33.3625,45.137499999999996,1,1,1,1,2082,80,80,2084.0,80.0,2082.0,2082,80,78.40866205772909,45382.15607150921
4400,0,1438,4,4,2563082,2565138,2632.501981,2634.503929,2.001948000000084,39.21935907990109,33.3625,45.137499999999996,1,1,1,1,2056,80,80,2056.0,80.0,2056.0,2056,80,78.51511747129553,46299.90389360568
4400,0,1439,4,4,2565138,2567328,2634.503929,2636.504174,2.0002450000001772,39.01597966278588,33.3625,45.137499999999996,1,1,1,1,2190,80,80,2192.0,80.0,2190.0,2190,80,78.04151824059954,46482.805856278486
4400,0,1440,4,4,2567328,2569381,2636.504174,2638.505234,2.0010600000000522,38.98350407263106,33.3625,45.137499999999996,1,1,1,1,2053,80,80,2054.0,80.0,2053.0,2053,80,78.00833065957704,46102.06590506911
4400,0,1441,4,4,2569381,2571404,2638.505234,2640.507242,2.0020079999999325,39.1955488210117,33.3625,45.137499999999996,1,1,1,1,2023,80,80,2023.0,80.0,2023.0,2023,80,78.46980230405461,46313.50124475183
4400,0,1442,4,4,2571404,2573481,2640.507242,2642.508571,2.001328999999714,39.13125704998865,33.3625,45.137499999999996,1,1,1,1,2077,80,80,2079.0,80.0,2077.0,2077,80,78.31451954058139,46129.846716863234
4400,0,1443,4,4,2573481,2574000,2642.508571,2643.047602,0.5390310000002501,38.568175720236844,33.3625,45.137499999999996,1,1,1,1,519,22,22,519.0,22.0,519.0,519,22,20.789442326669814,45880.47811719275
4400,0,1444,4,4,2574000,2575992,2643.047602,2645.049616,2.00201399999969,38.818974508160274,33.3625,45.137499999999996,1,1,1,1,1992,80,80,1994.0,80.0,1992.0,1992,80,77.71613043097022,45412.76934128037
4400,0,1445,4,4,2575992,2578049,2645.049616,2647.05164,2.002024000000347,39.02920735701719,33.3625,45.137499999999996,1,1,1,1,2057,80,80,2058.0,80.0,2057.0,2057,80,78.13740982973832,45620.332223781625
4400,0,1446,4,4,2578049,2580128,2647.05164,2649.051649,2.0000089999998636,39.01300650623319,33.3625,45.137499999999996,1,1,1,1,2079,80,80,2079.0,80.0,2079.0,2079,80,78.02636412951688,46297.79165994069
4400,0,1447,4,4,2580128,2582153,2649.051649,2651.052155,2.0005059999998593,39.05586496046804,33.3625,45.137499999999996,1,1,1,1,2025,79,79,2027.0,79.0,2025.0,2025,79,78.13149218860781,45937.377843408845
4400,0,1448,4,4,2582153,2584208,2651.052155,2653.053395,2.0012400000000525,39.134082204033,33.3625,45.137499999999996,1,1,1,1,2055,80,80,2056.0,80.0,2055.0,2055,80,78.31669067000621,46886.9301033347
4400,0,1449,4,4,2584208,2586273,2653.053395,2655.054202,2.000806999999895,38.916592875991526,33.3625,45.137499999999996,1,1,1,1,2065,80,80,2065.0,80.0,2065.0,2065,80,77.8645914424269,46325.807536661385
4400,0,1450,4,4,2586273,2587000,2655.054202,2655.709234,0.6550320000001193,38.91430020843099,33.3625,45.137499999999996,1,1,1,1,727,27,27,727.0,27.0,727.0,727,27,25.490111894134316,47825.14442041655
4400,0,1451,4,4,2587000,2589083,2655.709234,2657.709258,2.0000239999999394,39.423307483820814,33.3625,45.137499999999996,1,1,1,1,2083,79,79,2084.0,79.0,2083.0,2083,79,78.84756112702598,46992.93608476841
4400,0,1452,4,4,2589083,2591152,2657.709258,2659.709548,2.00028999999995,39.26421047764469,33.3625,45.137499999999996,1,1,1,1,2069,80,80,2070.0,80.0,2069.0,2069,80,78.53980757632235,46729.72418999362
4400,0,1453,4,4,2591152,2593145,2659.709548,2661.710696,2.001148000000285,39.445218774312714,33.3625,45.137499999999996,1,1,1,1,1993,79,79,1997.0,80.0,1993.0,1993,79,78.93572065979242,46521.29677564416
4400,0,1454,4,4,2593145,2595209,2661.710696,2663.711115,2.0004189999999653,39.11162327346401,33.3625,45.137499999999996,1,1,1,1,2064,80,80,2065.0,80.0,2064.0,2064,80,78.23963431708398,45583.45026716982
4400,0,1455,4,4,2595209,2597202,2663.711115,2665.711978,2.000862999999754,39.31087871548272,33.3625,45.137499999999996,1,1,1,1,1993,80,80,1993.0,80.0,1993.0,1993,80,78.6556827192835,45681.28852400751
4400,0,1456,4,4,2597202,2599251,2665.711978,2667.712088,2.0001100000004044,39.22443441862904,33.3625,45.137499999999996,1,1,1,1,2049,80,80,2053.0,80.0,2049.0,2049,80,78.45318352505274,46130.46282453532
4400,0,1457,4,4,2599251,2600000,2667.712088,2668.403751,0.6916629999996076,39.50622497869422,33.3625,45.137499999999996,1,1,1,1,749,28,28,749.0,28.0,749.0,749,28,27.324994087422965,47277.35906072546
4400,0,1458,4,4,2600000,2602079,2668.403751,2670.40451,2.0007590000000164,39.27275858064724,33.3625,45.137499999999996,1,1,1,1,2079,80,80,2080.0,80.0,2079.0,2079,80,78.57532518505468,45299.30891226742
4400,0,1459,4,4,2602079,2604094,2670.40451,2672.405081,2.0005710000000363,39.12720836659956,33.3625,45.137499999999996,1,1,1,1,2015,80,80,2015.0,80.0,2015.0,2015,80,78.27675836917479,46605.69407434093
4400,0,1460,4,4,2604094,2606162,2672.405081,2674.405116,2.0000350000000253,39.587619416565936,33.3625,45.137499999999996,1,1,1,1,2068,79,79,2068.0,79.0,2068.0,2068,79,79.17662439981359,46822.680603088855
4400,0,1461,4,4,2606162,2608285,2674.405116,2676.40591,2.0007940000000417,39.32009171404406,33.3625,45.137499999999996,1,1,1,1,2123,80,80,2124.0,80.0,2123.0,2123,80,78.67140358091274,47104.79939463935
4400,0,1462,4,4,2608285,2610339,2676.40591,2678.407328,2.0014179999998305,39.21980218921854,33.3625,45.137499999999996,1,1,1,1,2054,80,80,2054.0,80.0,2054.0,2054,80,78.49521805792756,45746.56568493326
4400,0,1463,4,4,2610339,2612474,2678.407328,2680.408511,2.00118300000031,39.47619008244,33.3625,45.137499999999996,1,1,1,1,2135,80,80,2137.0,80.0,2135.0,2135,80,78.99908049775695,45956.316838582854
4400,0,1464,4,4,2612474,2613000,2680.408511,2680.936285,0.5277740000001359,39.07872391664062,33.3625,45.137499999999996,1,1,1,1,526,21,21,526.0,21.0,526.0,526,21,20.624734436380095,47793.18420383253
4400,0,1465,4,4,2613000,2614982,2680.936285,2682.936434,2.000148999999965,39.2096074875043,33.3625,45.137499999999996,1,1,1,1,1982,79,79,1985.0,80.0,1982.0,1982,79,78.42505720652116,45535.607597234804
4400,0,1466,4,4,2614982,2617024,2682.936434,2684.936733,2.0002989999998135,39.46724489337538,33.3625,45.137499999999996,1,1,1,1,2042,80,80,2043.0,80.0,2042.0,2042,80,78.94629049296782,46094.60885598033
4400,0,1467,4,4,2617024,2619069,2684.936733,2686.938198,2.0014649999998255,39.150372791393956,33.3625,45.137499999999996,1,1,1,1,2045,80,79,2045.0,80.0,2045.0,2045,79,78.35810087891878,44830.66154042555
4400,0,1468,4,4,2619069,2621148,2686.938198,2688.939162,2.0009640000002946,39.128518026380156,33.3625,45.137499999999996,1,1,1,1,2079,80,80,2079.0,80.0,2079.0,2079,80,78.29475594415271,46643.517824401766
4400,0,1469,4,4,2621148,2623241,2688.939162,2690.939945,2.000782999999956,39.44321380845944,33.3625,45.137499999999996,1,1,1,1,2093,80,80,2093.0,80.0,2093.0,2093,80,78.91731165333476,45920.52211559276
4400,0,1470,4,4,2623241,2625310,2690.939945,2692.940161,2.0002159999999094,39.37984602966798,33.3625,45.137499999999996,1,1,1,1,2069,80,80,2069.0,80.0,2069.0,2069,80,78.76819810607412,46254.004567508804
4400,0,1471,4,4,2625310,2626000,2692.940161,2693.661783,0.7216220000000249,39.45357855994225,33.3625,45.137499999999996,1,1,1,1,690,29,29,690.0,29.0,690.0,690,29,28.470570267585572,47355.81786586166
4400,0,1472,4,4,2626000,2628025,2693.661783,2695.662695,2.000911999999971,39.38720131845422,33.3625,45.137499999999996,1,1,1,1,2025,80,80,2030.0,80.0,2025.0,2025,80,78.81032376451185,45121.92440247312
4400,0,1473,4,4,2628025,2630084,2695.662695,2697.664529,2.0018340000001444,39.30403180531165,33.3625,45.137499999999996,1,1,1,1,2059,80,80,2061.0,80.0,2059.0,2059,80,78.68014720495557,46896.99545516423
4400,0,1474,4,4,2630084,2632136,2697.664529,2699.665051,2.000521999999819,39.41322882707545,33.3625,45.137499999999996,1,1,1,1,2052,80,80,2052.0,80.0,2052.0,2052,80,78.84703135958989,46086.97130049474
4400,0,1475,4,4,2632136,2634178,2699.665051,2701.665229,2.0001780000002327,39.28176636636496,33.3625,45.137499999999996,1,1,1,1,2042,80,80,2043.0,80.0,2043.0,2042,80,78.57052488715271,45971.40854463418
4400,0,1476,4,4,2634178,2636252,2701.665229,2703.665851,2.000622000000021,39.49684140979848,33.3625,45.137499999999996,1,1,1,1,2074,80,80,2077.0,80.0,2073.0,2074,80,79.01824985495477,47322.28277005801
4400,0,1477,4,4,2636252,2638342,2703.665851,2705.667435,2.0015839999996388,39.293976231163334,33.3625,45.137499999999996,1,1,1,1,2090,80,80,2091.0,80.0,2090.0,2090,80,78.65019412066613,45934.12017682825
4400,0,1478,4,4,2638342,2639000,2705.667435,2706.303265,0.6358300000001691,39.44885354306923,33.3625,45.137499999999996,1,1,1,1,658,25,25,658.0,25.0,658.0,658,25,25.0827645482932,46759.3539153423
4400,0,1479,4,4,2639000,2641046,2706.303265,2708.303659,2.000394000000142,39.309892950460785,33.3625,45.137499999999996,1,1,1,1,2046,80,80,2048.0,80.0,2046.0,2046,80,78.63527399874874,47027.235634576646
4400,0,1480,4,4,2641046,2643085,2708.303659,2710.303994,2.0003349999997226,39.359699636739116,33.3625,45.137499999999996,1,1,1,1,2039,80,80,2040.0,80.0,2039.0,2039,80,78.7325847728498,46026.79051259552
4400,0,1481,4,4,2643085,2645251,2710.303994,2712.307494,2.0035000000002583,39.194275314641146,33.3625,45.137499999999996,1,1,1,1,2166,80,80,2166.0,80.0,2166.0,2166,80,78.52573059289716,46658.3478911844
4400,0,1482,4,4,2645251,2647333,2712.307494,2714.308642,2.00114799999983,39.19799171318508,33.3625,45.137499999999996,1,1,1,1,2082,80,80,2083.0,80.0,2082.0,2082,80,78.44098272084375,46352.39372600521
4400,0,1483,4,5,2647333,2649420,2714.308642,2716.308788,2.0001459999998588,37.50530726235006,33.3625,45.137499999999996,1,1,1,1,2087,80,80,2088.0,80.0,2087.0,2087,80,78.49622470507165,44007.94104414612
4400,0,1484,5,5,2649420,2651486,2716.308788,2718.309816,2.001028000000133,39.22162868824916,33.3625,45.137499999999996,1,1,1,1,2066,80,80,2066.0,80.0,2066.0,2066,80,78.48357721079083,45368.6804982209
4400,0,1485,5,5,2651486,2652000,2718.309816,2718.830361,0.5205449999998564,39.20840807018575,33.3625,45.137499999999996,1,1,1,1,514,20,20,514.0,20.0,514.0,514,20,20.409740778894047,46199.656129646115
4400,0,1486,5,5,2652000,2654119,2718.830361,2720.831695,2.0013340000000426,39.196449134311756,33.3625,45.137499999999996,1,1,1,1,2119,79,79,2123.0,80.0,2119.0,2119,79,78.44518633176631,46352.083160530936
4400,0,1487,5,5,2654119,2656269,2720.831695,2722.831693,1.9999980000002324,39.43262233988047,33.3625,45.137499999999996,1,1,1,1,2150,80,80,2151.0,80.0,2150.0,2150,80,78.86516581452452,46162.046162040795
4400,0,1488,5,5,2656269,2658262,2722.831693,2724.833327,2.00163399999974,39.23912038856947,33.3625,45.137499999999996,1,1,1,1,1993,80,80,1993.0,80.0,1993.0,1993,80,78.54235749984218,45395.9115402775
4400,0,1489,5,5,2658262,2660361,2724.833327,2726.833411,2.0000840000002427,39.36544858280007,33.3625,45.137499999999996,1,1,1,1,2099,80,80,2100.0,80.0,2099.0,2099,80,78.73420386329235,46294.55562865798
4400,0,1490,5,5,2660361,2662385,2726.833411,2728.834159,2.0007479999999305,39.24120456327817,33.3625,45.137499999999996,1,1,1,1,2024,80,80,2024.0,80.0,2024.0,2024,80,78.51176154756104,46069.76990605674
4400,0,1491,5,5,2662385,2664372,2728.834159,2730.834636,2.0004770000000462,39.48682482236128,33.3625,45.137499999999996,1,1,1,1,1987,80,80,1988.0,80.0,1987.0,1987,80,78.99248486016586,45687.60350656263
4400,0,1492,5,5,2664372,2665000,2730.834636,2731.427961,0.5933249999998225,39.045953155159054,33.3625,45.137499999999996,1,1,1,1,628,24,24,631.0,24.0,628.0,628,24,23.166940155773773,45828.17174399888
4400,0,1493,5,5,2665000,2667085,2731.427961,2733.428405,2.0004440000002432,39.275943474523274,33.3625,45.137499999999996,1,1,1,1,2085,80,80,2088.0,80.0,2085.0,2085,80,78.56932546796452,45788.33498962673
4400,0,1494,5,5,2667085,2669154,2733.428405,2735.429187,2.000782000000072,39.14133000577857,33.3625,45.137499999999996,1,1,1,1,2069,80,80,2070.0,80.0,2069.0,2069,80,78.31326853162318,45863.067540589975
4400,0,1495,5,5,2669154,2671194,2735.429187,2737.430179,2.000991999999769,39.24836777301516,33.3625,45.137499999999996,1,1,1,1,2040,80,80,2040.0,80.0,2040.0,2040,80,78.535669926845,46442.464537594715
4400,0,1496,5,5,2671194,2673269,2737.430179,2739.430338,2.000159000000167,39.30693513830104,33.3625,45.137499999999996,1,1,1,1,2075,80,80,2075.0,80.0,2075.0,2075,80,78.62012007930025,45978.844681843955
4400,0,1497,5,5,2673269,2675353,2739.430338,2741.430472,2.000133999999889,39.43511164693832,33.3625,45.137499999999996,1,1,1,1,2084,79,79,2085.0,79.0,2085.0,2084,79,78.87550759883015,46049.41468921838
4400,0,1498,5,5,2675353,2677420,2741.430472,2743.430924,2.0004519999997683,39.29755989078358,33.3625,45.137499999999996,1,1,1,1,2067,80,80,2067.0,80.0,2066.0,2067,80,78.61288227862678,46554.978574847475
4400,0,1499,5,5,2677420,2678000,2743.430924,2744.022493,0.5915690000001632,39.26256822703855,33.3625,45.137499999999996,1,1,1,1,580,24,24,580.0,24.0,580.0,580,24,23.226518223513267,47901.428235746265
4400,0,1500,5,5,2678000,2680065,2744.022493,2746.023247,2.0007540000001427,39.47591608989493,33.3625,45.137499999999996,1,1,1,1,2065,80,80,2068.0,80.0,2065.0,2065,80,78.98159702052362,46299.54507150474
4400,0,1501,5,5,2680065,2682130,2746.023247,2748.02344,2.000192999999854,39.1955171494782,33.3625,45.137499999999996,1,1,1,1,2065,80,80,2066.0,80.0,2065.0,2065,80,78.39859903375327,45557.603691247125
4400,0,1502,5,5,2682130,2684146,2748.02344,2750.023441,2.000000999999884,39.398750845536725,33.3625,45.137499999999996,1,1,1,1,2016,80,80,2018.0,80.0,2016.0,2016,80,78.7975410898216,45145.97742701391
4400,0,1503,5,5,2684146,2686243,2750.023441,2752.027991,2.0045500000001084,39.387904627525636,33.3625,45.137499999999996,1,1,1,1,2097,80,80,2100.0,80.0,2097.0,2097,80,78.95502422111167,46129.55526177696
4400,0,1504,5,5,2686243,2688285,2752.027991,2754.030156,2.002164999999877,39.30453950031549,33.3625,45.137499999999996,1,1,1,1,2042,80,80,2044.0,80.0,2042.0,2042,80,78.69417332865123,46856.27807898238
4400,0,1505,5,5,2688285,2690345,2754.030156,2756.030745,2.000589000000218,39.39441497347208,33.3625,45.137499999999996,1,1,1,1,2060,80,80,2060.0,80.0,2060.0,2060,80,78.81203325737442,46679.75281279154
4400,0,1506,5,5,2690345,2691000,2756.030745,2756.652009,0.6212639999998828,39.335266698791216,33.3625,45.137499999999996,1,1,1,1,655,25,25,655.0,25.0,655.0,655,25,24.437585130348452,45468.59306189531
4400,0,1507,5,5,2691000,2692991,2756.652009,2758.653287,2.001278000000184,39.14646348849768,33.3625,45.137499999999996,1,1,1,1,1991,80,80,1993.0,80.0,1991.0,1991,80,78.342956157343,46134.02036098509
4400,0,1508,5,5,2692991,2695088,2758.653287,2760.6533,2.0000129999998535,39.24430174787562,33.3625,45.137499999999996,1,1,1,1,2097,79,79,2097.0,80.0,2097.0,2097,80,78.48911367166147,45688.70302343369
4400,0,1509,5,5,2695088,2697263,2760.6533,2762.653524,2.000223999999889,39.2212721094713,33.3625,45.137499999999996,1,1,1,1,2175,80,80,2178.0,79.0,2175.0,2175,79,78.45132978388574,46757.2631865257
4400,0,1510,5,5,2697263,2699298,2762.653524,2764.656314,2.0027900000000045,39.20695737344697,33.3625,45.137499999999996,1,1,1,1,2035,80,80,2036.0,80.0,2035.0,2035,80,78.52330215796246,45820.580290494654
4400,0,1511,5,5,2699298,2701333,2764.656314,2766.657113,2.00079900000037,39.469928822977806,33.3625,45.137499999999996,1,1,1,1,2035,80,80,2036.0,80.0,2035.0,2035,80,78.9713941191003,46543.405909330606
4400,0,1512,5,5,2701333,2703433,2766.657113,2768.658901,2.0017879999995785,39.252461083586105,33.3625,45.137499999999996,1,1,1,1,2100,80,80,2100.0,80.0,2100.0,2100,80,78.57510556757916,46468.457199273646
4400,0,1513,5,5,2703433,2704000,2768.658901,2769.234807,0.5759060000000318,39.089247046124605,33.3625,45.137499999999996,1,1,1,1,567,23,23,568.0,23.0,567.0,567,23,22.511731909340597,45333.787111088546
4400,0,1514,5,5,2704000,2706056,2769.234807,2771.236035,2.001228000000083,39.23746172001943,33.3625,45.137499999999996,1,1,1,1,2056,80,80,2062.0,80.0,2056.0,2056,80,78.5231070430309,46336.04966550346
4400,0,1515,5,5,2706056,2708087,2771.236035,2773.236039,2.00000399999999,39.42265780968093,33.3625,45.137499999999996,1,1,1,1,2031,79,79,2034.0,80.0,2031.0,2031,79,78.8454733099934,45692.408615183
4400,0,1516,5,5,2708087,2710170,2773.236039,2775.23715,2.001111000000037,39.506971410411936,33.3625,45.137499999999996,1,1,1,1,2083,80,80,2084.0,80.0,2083.0,2083,80,79.05783506606531,46222.323499295286
4400,0,1517,5,5,2710170,2712097,2775.23715,2777.237198,2.000047999999879,39.323901921469314,33.3625,45.137499999999996,1,1,1,1,1927,74,74,2081.0,80.0,1927.0,1927,74,78.64969139022287,46368.387158711
4400,0,1518,5,5,2712097,2714217,2777.237198,2779.239744,2.002546000000166,39.479162745213564,33.3625,45.137499999999996,1,1,1,1,2120,80,80,2122.0,80.0,2120.0,2120,80,79.05883943878871,46335.51488954177
4400,0,1519,5,5,2714217,2716236,2779.239744,2781.242224,2.002480000000105,39.43633187126594,33.3625,45.137499999999996,1,1,1,1,2019,80,80,2019.0,80.0,2019.0,2019,80,78.97046584557393,45609.943669846994
4400,0,1520,5,5,2716236,2717000,2781.242224,2782.003317,0.7610930000000735,39.43228205583293,33.3625,45.137499999999996,1,1,1,1,764,31,31,766.0,31.0,764.0,764,31,30.011633846719633,46077.154828643295
4400,0,1521,5,5,2717000,2719056,2782.003317,2784.004008,2.0006909999997333,39.232057012803686,33.3625,45.137499999999996,1,1,1,1,2056,79,79,2059.0,79.0,2056.0,2056,79,78.49122337698645,46489.93772652168
4400,0,1522,5,5,2719056,2721106,2784.004008,2786.007132,2.003124000000298,39.35869183047177,33.3625,45.137499999999996,1,1,1,1,2050,80,80,2051.0,81.0,2050.0,2050,81,78.84034021422849,45635.71701002354
4400,0,1523,5,5,2721106,2723140,2786.007132,2788.007238,2.0001059999999597,39.31526519862474,33.3625,45.137499999999996,1,1,1,1,2034,80,80,2034.0,79.0,2034.0,2034,79,78.63469781535969,46979.51008596639
4400,0,1524,5,5,2723140,2725262,2788.007238,2790.008143,2.000904999999875,39.25912720571085,33.3625,45.137499999999996,1,1,1,1,2122,80,80,2122.0,80.0,2122.0,2122,80,78.55378392153943,47084.69417588835
4400,0,1525,5,5,2725262,2727410,2790.008143,2792.009231,2.0010879999999815,39.24899349033624,33.3625,45.137499999999996,1,1,1,1,2148,80,80,2148.0,80.0,2148.0,2148,80,78.5406898855872,46807.03697188773
4400,0,1526,5,5,2727410,2729451,2792.009231,2794.00983,2.0005989999999656,39.455001064058095,33.3625,45.137499999999996,1,1,1,1,2041,80,80,2041.0,80.0,2041.0,2041,80,78.93363567374763,45969.23221495241
4400,0,1527,5,5,2729451,2730000,2794.00983,2794.556059,0.5462290000000394,39.32301311228386,33.3625,45.137499999999996,1,1,1,1,549,22,22,549.0,22.0,549.0,549,22,21.479370129309245,46308.4164333973
4400,0,1528,5,5,2730000,2732059,2794.556059,2796.556201,2.000141999999869,39.46980685169777,33.3625,45.137499999999996,1,1,1,1,2059,80,80,2060.0,80.0,2059.0,2059,80,78.94521841595997,46408.2050174468
4400,0,1529,5,5,2732059,2734099,2796.556201,2798.557975,2.001774000000296,39.4905664484651,33.3625,45.137499999999996,1,1,1,1,2040,80,80,2040.0,80.0,2040.0,2040,80,79.05118916182255,46606.65989266831
4400,0,1530,5,5,2734099,2736116,2798.557975,2800.55831,2.0003349999997226,39.40767534572816,33.3625,45.137499999999996,1,1,1,1,2017,80,80,2018.0,80.0,2017.0,2017,80,78.82855226268293,45713.84293131535
4400,0,1531,5,5,2736116,2738207,2800.55831,2802.558704,2.000394000000142,39.30890325275644,33.3625,45.137499999999996,1,1,1,1,2091,80,80,2091.0,80.0,2091.0,2091,80,78.63329421340313,45763.48459353182
4400,0,1532,5,5,2738207,2740277,2802.558704,2804.561429,2.0027249999998276,39.537929678922566,33.3625,45.137499999999996,1,1,1,1,2070,80,80,2071.0,80.0,2070.0,2070,80,79.18360021621629,47449.849579951406
4400,0,1533,5,5,2740277,2742349,2804.561429,2806.561785,2.0003560000000107,39.530926123262795,33.3625,45.137499999999996,1,1,1,1,2072,80,80,2076.0,80.0,2072.0,2072,80,79.07592525622749,46383.74369362229
4400,0,1534,5,5,2742349,2743000,2806.561785,2807.200371,0.6385860000000321,39.46968608849432,33.3625,45.137499999999996,1,1,1,1,651,25,25,651.0,25.0,651.0,651,25,25.2047889605019,45643.030069557644
4400,0,1535,5,5,2743000,2745027,2807.200371,2809.201391,2.0010200000001532,39.32249402132528,33.3625,45.137499999999996,1,1,1,1,2027,80,80,2029.0,80.0,2027.0,2027,80,78.68509698656271,45513.78796813277
4400,0,1536,5,5,2745027,2747087,2809.201391,2811.202029,2.000637999999981,39.4717355603287,33.3625,45.137499999999996,1,1,1,1,2060,80,80,2062.0,80.0,2060.0,2060,80,78.96865408794838,47121.46825162818
4400,0,1537,5,5,2747087,2749233,2811.202029,2813.202411,2.0003820000001724,39.59703749193755,33.3625,45.137499999999996,1,1,1,1,2146,80,80,2152.0,80.0,2146.0,2146,80,79.20920105220284,46961.53034769954
4400,0,1538,5,5,2749233,2751292,2813.202411,2815.20313,2.0007189999996626,39.60300364137086,33.3625,45.137499999999996,1,1,1,1,2059,80,80,2059.0,80.0,2059.0,2059,80,79.2344818423444,46782.18180564876
4400,0,1539,5,5,2751292,2753477,2815.20313,2817.204617,2.0014869999999974,39.34980638618127,33.3625,45.137499999999996,1,1,1,1,2185,80,80,2186.0,80.0,2185.0,2185,80,78.7581259344588,46529.405387094754
4400,0,1540,5,5,2753477,2755547,2817.204617,2819.2082,2.0035830000001624,39.36828536358467,33.3625,45.137499999999996,1,1,1,1,2070,80,80,2070.0,80.0,2070.0,2070,80,78.87762729363749,46022.05149474343
4400,0,1541,5,5,2755547,2756000,2819.2082,2819.656351,0.4481510000000526,39.69214475889023,33.3625,45.137499999999996,1,1,1,1,453,18,18,453.0,18.0,453.0,453,18,17.788074365846114,47423.7477992853
4400,0,1542,5,5,2756000,2758099,2819.656351,2821.656366,2.000015000000076,39.464538213367355,33.3625,45.137499999999996,1,1,1,1,2099,80,80,2104.0,80.0,2099.0,2099,80,78.92966839480505,46796.64902513054
4400,0,1543,5,5,2758099,2760153,2821.656366,2823.656474,2.0001079999997273,39.60608251839735,33.3625,45.137499999999996,1,1,1,1,2054,80,80,2054.0,80.0,2054.0,2054,80,79.21644249369274,46994.46229904226
4400,0,1544,5,5,2760153,2762194,2823.656474,2825.656724,2.000250000000051,39.54770110076663,33.3625,45.137499999999996,1,1,1,1,2041,80,80,2042.0,80.0,2041.0,2041,80,79.10528912680456,45751.781027370416
4400,0,1545,5,5,2762194,2764263,2825.656724,2827.6579,2.001176000000214,39.53865408810554,33.3625,45.137499999999996,1,1,1,1,2069,80,80,2070.0,80.0,2069.0,2069,80,79.12380563342595,46156.360060279614
4400,0,1546,5,5,2764263,2766363,2827.6579,2829.658793,2.0008929999999054,39.418090258618854,33.3625,45.137499999999996,1,1,1,1,2100,80,80,2100.0,80.0,2100.0,2100,80,78.8713808718312,46543.21845296295
4400,0,1547,5,5,2766363,2768390,2829.658793,2831.65904,2.000246999999945,39.63626644203954,33.3625,45.137499999999996,1,1,1,1,2027,79,79,2027.0,80.0,2027.0,2027,80,79.28232304188714,46151.800252670066
4400,0,1548,5,5,2768390,2769000,2831.65904,2832.229461,0.5704209999998966,39.92232670759989,33.3625,45.137499999999996,1,1,1,1,610,23,23,610.0,22.0,610.0,610,22,22.772533522875165,48024.1786329833
4400,0,1549,5,5,2769000,2771016,2832.229461,2834.230436,2.000974999999926,39.50115545227021,33.3625,45.137499999999996,1,1,1,1,2016,80,80,2021.0,80.0,2016.0,2016,80,79.04082453109731,45733.205062533714
4400,0,1550,5,5,2771016,2773045,2834.230436,2836.23168,2.0012440000000424,39.591467038417186,33.3625,45.137499999999996,1,1,1,1,2029,80,80,2030.0,80.0,2029.0,2029,80,79.23218586183793,46019.87563735259
4400,0,1551,5,5,2773045,2775129,2836.23168,2838.231987,2.000307000000248,39.215276931645526,33.3625,45.137499999999996,1,1,1,1,2084,80,80,2084.0,80.0,2084.0,2084,80,78.44259295331722,46642.84032400448
4400,0,1552,5,5,2775129,2777206,2838.231987,2840.233395,2.001408000000083,39.41778438599049,33.3625,45.137499999999996,1,1,1,1,2077,80,80,2077.0,80.0,2077.0,2077,80,78.89106901240302,46528.244116140304
4400,0,1553,5,5,2777206,2779263,2840.233395,2842.233501,2.0001059999999597,39.34985750923561,33.3625,45.137499999999996,1,1,1,1,2057,80,80,2058.0,80.0,2057.0,2057,80,78.70388610336522,46945.51188787089
4400,0,1554,5,5,2779263,2781285,2842.233501,2844.233474,1.9999729999999545,39.57998365493393,33.3625,45.137499999999996,1,1,1,1,2022,80,80,2022.0,80.0,2022.0,2022,80,79.15889865030476,46307.62515294062
4400,0,1555,5,5,2781285,2782000,2844.233474,2844.95593,0.7224559999999656,39.461331066384965,33.3625,45.137499999999996,1,1,1,1,715,29,29,716.0,29.0,715.0,715,29,28.50907539689797,46341.922553071185
4400,0,1556,5,5,2782000,2784043,2844.95593,2846.957048,2.001118000000133,39.4235210722869,33.3625,45.137499999999996,1,1,1,1,2043,80,80,2049.0,80.0,2043.0,2043,80,78.89111764113477,46597.951744971455
4400,0,1557,5,5,2784043,2786076,2846.957048,2848.957407,2.000358999999662,39.44971049318651,33.3625,45.137499999999996,1,1,1,1,2033,80,80,2034.0,80.0,2033.0,2033,80,78.9135834324261,45312.86634049954
4400,0,1558,5,5,2786076,2788144,2848.957407,2850.958161,2.0007540000001427,39.47112473170639,33.3625,45.137499999999996,1,1,1,1,2068,80,80,2068.0,80.0,2068.0,2068,80,78.97201069146104,45382.89065022163
4400,0,1559,5,5,2788144,2790257,2850.958161,2852.95826,2.0000989999998637,39.56713500090579,33.3625,45.137499999999996,1,1,1,1,2113,79,79,2114.0,80.0,2113.0,2113,80,79.13818714817171,47351.1561177754
4400,0,1560,5,5,2790257,2792379,2852.95826,2854.958638,2.0003780000001825,39.413343581091794,33.3625,45.137499999999996,1,1,1,1,2122,80,80,2122.0,79.0,2122.0,2122,79,78.84158540605858,46793.65599901191
4400,0,1561,5,5,2792379,2794457,2854.958638,2856.959557,2.000919000000067,39.43648402264873,33.3625,45.137499999999996,1,1,1,1,2078,79,79,2080.0,80.0,2078.0,2078,79,78.90921017411165,46058.8359648726
4400,0,1562,5,5,2794457,2795000,2856.959557,2857.547948,0.5883909999997741,39.26799346489571,33.3625,45.137499999999996,1,1,1,1,543,24,24,543.0,24.0,543.0,543,24,23.104933942799107,46868.49390968011
4400,0,1563,5,5,2795000,2797071,2857.547948,2859.548454,2.000506000000314,39.26233559511935,33.3625,45.137499999999996,1,1,1,1,2071,80,80,2073.0,80.0,2071.0,2071,80,78.54453793205903,44949.62774417367
4400,0,1564,5,5,2797071,2799108,2859.548454,2861.549471,2.0010169999995924,39.286309785661395,33.3625,45.137499999999996,1,1,1,1,2037,80,80,2038.0,80.0,2037.0,2037,80,78.61257374835259,46381.41505045629
4400,0,1565,5,5,2799108,2801213,2861.549471,2863.550585,2.0011140000001433,39.20854786842707,33.3625,45.137499999999996,1,1,1,1,2105,80,80,2105.0,80.0,2105.0,2105,80,78.46077405918913,46333.19241182329
4400,0,1566,5,5,2801213,2803257,2863.550585,2865.550963,2.0003780000001825,39.256865913524564,33.3625,45.137499999999996,1,1,1,1,2044,80,80,2044.0,80.0,2044.0,2044,80,78.52857092236809,44395.60922985151
4400,0,1567,5,5,2803257,2805371,2865.550963,2867.551514,2.000551000000087,39.29458297472179,33.3625,45.137499999999996,1,1,1,1,2114,79,79,2116.0,80.0,2114.0,2114,79,78.61081726466364,47172.5039751528
4400,0,1568,5,5,2805371,2807452,2867.551514,2869.551899,2.0003849999998238,39.436750824917404,33.3625,45.137499999999996,1,1,1,1,2081,79,79,2081.0,79.0,2081.0,2081,79,78.88868479889061,46371.07356834218
4400,0,1569,5,5,2807452,2808000,2869.551899,2870.066595,0.5146959999997307,39.97834320811669,33.3625,45.137499999999996,1,1,1,1,548,21,21,548.0,21.0,548.0,548,21,20.57669333583908,47344.45187064354
4400,0,1570,5,5,2808000,2809968,2870.066595,2872.067602,2.0010070000002997,38.91355550208347,33.3625,45.137499999999996,1,1,1,1,1968,80,80,1971.0,80.0,1968.0,1968,80,77.8662969545694,45695.492319610225
4400,0,1571,5,5,2809968,2812028,2872.067602,2874.069725,2.002122999999756,39.02504902721759,33.3625,45.137499999999996,1,1,1,1,2060,80,80,2060.0,80.0,2060.0,2060,80,78.13294823351316,45128.59599535644
4400,0,1572,5,5,2812028,2814016,2874.069725,2876.070056,2.0003310000001875,39.06884976176383,33.3625,45.137499999999996,1,1,1,1,1988,80,80,1988.0,80.0,1988.0,1988,80,78.15063131280476,45216.01674922377
4400,0,1573,5,5,2814016,2816054,2876.070056,2878.070319,2.0002629999999044,39.178263899551546,33.3625,45.137499999999996,1,1,1,1,2038,80,80,2038.0,80.0,2038.0,2038,80,78.36683168250602,45950.95744909764
4400,0,1574,5,5,2816054,2818032,2878.070319,2880.070538,2.0002190000000155,38.85900443370005,33.3625,45.137499999999996,1,1,1,1,1978,80,80,1981.0,80.0,1978.0,1978,80,77.72651898936601,44739.601013688654
4400,0,1575,5,5,2818032,2820077,2880.070538,2882.071215,2.000676999999996,38.72786409945495,33.3625,45.137499999999996,1,1,1,1,2045,80,80,2045.0,80.0,2045.0,2045,80,77.48194696290011,45428.12258050659
4400,0,1576,5,5,2820077,2821000,2882.071215,2883.012421,0.9412059999999656,39.03880018615709,33.3625,45.137499999999996,1,1,1,1,923,37,37,923.0,37.0,923.0,923,37,36.74355296800786,45947.43339927878
4400,0,1577,5,5,2821000,2823034,2883.012421,2885.013819,2.001397999999881,38.92733657312771,33.3625,45.137499999999996,1,1,1,1,2034,80,80,2038.0,80.0,2034.0,2034,80,77.90909356277552,46266.6596049389
4400,0,1578,5,5,2823034,2825077,2885.013819,2887.014905,2.001086000000214,38.61449118061273,33.3625,45.137499999999996,1,1,1,1,2043,80,80,2044.0,80.0,2043.0,2043,80,77.27091769865365,44363.91039664987
4400,0,1579,5,5,2825077,2827064,2887.014905,2889.017056,2.00215100000014,38.79520165875856,33.3625,45.137499999999996,1,1,1,1,1987,80,80,1988.0,80.0,1987.0,1987,80,77.67385179629491,45110.48367480459
4400,0,1580,5,5,2827064,2829101,2889.017056,2891.017953,2.0008969999998953,38.54021443160582,33.3625,45.137499999999996,1,1,1,1,2037,80,80,2038.0,80.0,2037.0,2037,80,77.114999435551,45090.77678661356
4400,0,1581,5,5,2829101,2831137,2891.017953,2893.018953,2.000999999999749,39.06126748025871,33.3625,45.137499999999996,1,1,1,1,2036,80,80,2037.0,80.0,2036.0,2036,80,78.16159622799023,45679.660169920775
4400,0,1582,5,5,2831137,2833124,2893.018953,2895.02048,2.001527000000351,39.087162690208025,33.3625,45.137499999999996,1,1,1,1,1987,80,80,1987.0,80.0,1987.0,1987,80,78.23401147786353,44589.45595037406
4400,0,1583,5,5,2833124,2834000,2895.02048,2895.816978,0.7964979999997013,38.98038968048392,33.3625,45.137499999999996,1,1,1,1,876,32,32,876.0,32.0,876.0,876,32,31.047802419707295,45667.409083279104
4400,0,1584,5,5,2834000,2836032,2895.816978,2897.817142,2.0001640000000407,39.281883688912764,33.3625,45.137499999999996,1,1,1,1,2032,80,80,2035.0,80.0,2033.0,2032,80,78.57020960675436,45211.79263300318
4400,0,1585,5,5,2836032,2838113,2897.817142,2899.817803,2.0006610000000364,39.097124017839725,33.3625,45.137499999999996,1,1,1,1,2081,80,80,2082.0,80.0,2080.0,2081,80,78.22009123465978,45786.36760550555
4400,0,1586,5,5,2838113,2840069,2899.817803,2901.818819,2.0010160000001633,39.09199228510886,33.3625,45.137499999999996,1,1,1,1,1956,80,80,1957.0,80.0,1956.0,1956,80,78.22370203438913,44217.03774482202
4400,0,1587,5,5,2840069,2842141,2901.818819,2903.819488,2.0006690000000162,39.239204916870904,33.3625,45.137499999999996,1,1,1,1,2072,80,80,2074.0,80.0,2072.0,2072,80,78.5046608618286,46101.579021816826
4400,0,1588,5,5,2842141,2844181,2903.819488,2905.820282,2.0007940000000417,39.10229759062741,33.3625,45.137499999999996,1,1,1,1,2040,80,80,2040.0,80.0,2040.0,2040,80,78.23564240554697,45216.04922845536
4400,0,1589,5,5,2844181,2846226,2905.820282,2907.820644,2.000361999999768,39.29327687791912,33.3625,45.137499999999996,1,1,1,1,2045,79,79,2045.0,80.0,2045.0,2045,80,78.60077792205266,45187.82100440344
4400,0,1590,5,5,2846226,2847000,2907.820644,2908.614001,0.7933570000000145,39.55175070116574,33.3625,45.137499999999996,1,1,1,1,774,32,32,774.0,31.0,774.0,774,31,31.378658281028038,43910.87492767993
4400,0,1591,5,5,2847000,2848963,2908.614001,2910.615456,2.001455000000078,39.19653795955194,33.3625,45.137499999999996,1,1,1,1,1963,80,80,1966.0,80.0,1963.0,1963,80,78.45010688183538,44781.92115235991
4400,0,1592,5,5,2848963,2851022,2910.615456,2912.616397,2.0009409999997843,39.23722975029218,33.3625,45.137499999999996,1,1,1,1,2059,80,80,2061.0,80.0,2059.0,2059,80,78.51138173376967,45434.62300987876
4400,0,1593,5,5,2851022,2853145,2912.616397,2914.61703,2.000633000000107,39.13673087013964,33.3625,45.137499999999996,1,1,1,1,2123,80,80,2123.0,80.0,2123.0,2123,80,78.29823529093119,45574.575646805344
4400,0,1594,5,5,2853145,2855154,2914.61703,2916.617111,2.0000810000001366,39.241202695391536,33.3625,45.137499999999996,1,1,1,1,2009,80,80,2009.0,80.0,2009.0,2009,80,78.48558392820996,45270.1665582513
4400,0,1595,5,5,2855154,2857201,2916.617111,2918.61831,2.001198999999815,39.22016808446882,33.3625,45.137499999999996,1,1,1,1,2047,80,80,2047.0,80.0,2047.0,2047,80,78.48736115045904,45853.0111198379
4400,0,1596,5,5,2857201,2859197,2918.61831,2920.619065,2.0007550000000265,39.25627528796324,33.3625,45.137499999999996,1,1,1,1,1996,80,80,1996.0,80.0,1996.0,1996,80,78.54218906376627,45760.72532618876
4400,0,1597,5,5,2859197,2860000,2920.619065,2921.476583,0.8575180000002547,39.33799527616865,33.3625,45.137499999999996,1,1,1,1,803,34,34,804.0,34.0,803.0,803,34,33.7330390332354,44837.54276876821
4400,0,1598,5,5,2860000,2862085,2921.476583,2923.47657,1.9999869999996918,39.50598650096374,33.3625,45.137499999999996,1,1,1,1,2085,80,80,2086.0,80.0,2085.0,2085,80,79.01145942408766,45608.796457184
4400,0,1599,5,5,2862085,2864151,2923.47657,2925.477654,2.0010839999999916,39.5090640218632,33.3625,45.137499999999996,1,1,1,1,2066,80,80,2068.0,80.0,2066.0,2066,80,79.06095586912124,45705.72749569752
4400,0,1600,5,5,2864151,2866132,2925.477654,2927.478196,2.000542000000223,39.45742190465925,33.3625,45.137499999999996,1,1,1,1,1981,80,80,1981.0,80.0,1981.0,1981,80,78.936229732004,45762.09847130917
4400,0,1601,5,5,2866132,2868220,2927.478196,2929.479203,2.001006999999845,39.454077347467575,33.3625,45.137499999999996,1,1,1,1,2088,80,80,2093.0,80.0,2088.0,2088,80,78.94788495081593,45605.537611815984
4400,0,1602,5,5,2868220,2870283,2929.479203,2931.480461,2.0012580000002345,39.292327611183794,33.3625,45.137499999999996,1,1,1,1,2063,80,80,2064.0,80.0,2063.0,2063,80,78.63408497051569,46238.91572200544
4400,0,1603,5,5,2870283,2872341,2931.480461,2933.481083,2.000622000000021,39.23564307594909,33.3625,45.137499999999996,1,1,1,1,2058,80,80,2058.0,80.0,2058.0,2058,80,78.49569072188751,46122.15600948056
4400,0,1604,5,5,2872341,2873000,2933.481083,2934.069174,0.5880910000000767,39.21634571450854,33.3625,45.137499999999996,1,1,1,1,659,23,23,659.0,23.0,659.0,659,23,23.062779967600363,45509.96359406369
4400,0,1605,5,5,2873000,2875089,2934.069174,2936.069387,2.0002129999998033,39.29660639350067,33.3625,45.137499999999996,1,1,1,1,2089,80,80,2091.0,80.0,2089.0,2089,80,78.60158296415466,45622.14124196222
4400,0,1606,5,5,2875089,2877141,2936.069387,2938.069816,2.0004290000001674,39.395154455996106,33.3625,45.137499999999996,1,1,1,1,2052,80,80,2052.0,80.0,2052.0,2052,80,78.80720943326014,44865.87626953643
4400,0,1607,5,5,2877141,2879259,2938.069816,2940.07035,2.0005339999997886,39.70649652246092,33.3625,45.137499999999996,1,1,1,1,2118,80,80,2118.0,80.0,2118.0,2118,80,79.43419631406141,47417.33957033973
4400,0,1608,5,5,2879259,2881330,2940.07035,2942.070657,2.000307000000248,39.65284652620067,33.3625,45.137499999999996,1,1,1,1,2071,80,80,2071.0,80.0,2071.0,2071,80,79.31786647629633,46190.40977209425
4400,0,1609,5,5,2881330,2883377,2942.070657,2944.07103,2.000372999999854,39.66800495693462,33.3625,45.137499999999996,1,1,1,1,2047,80,80,2052.0,80.0,2047.0,2047,80,79.35080607971759,46799.271935787394
4400,0,1610,5,5,2883377,2885458,2944.07103,2946.070994,1.999964000000091,39.741933120554506,33.3625,45.137499999999996,1,1,1,1,2081,80,80,2082.0,80.0,2081.0,2081,80,79.48243553152133,45831.32496384727
4400,0,1611,5,5,2885458,2886000,2946.070994,2946.590836,0.5198419999996986,39.55722763741642,33.3625,45.137499999999996,1,1,1,1,542,21,21,542.0,21.0,542.0,542,21,20.563508329476463,46158.255777743834
4400,0,1612,5,5,2886000,2888070,2946.590836,2948.591545,2.00070900000037,39.75064236887862,33.3625,45.137499999999996,1,1,1,1,2070,79,79,2074.0,79.0,2070.0,2070,79,79.52946794321178,46742.92963143701
4400,0,1613,5,5,2888070,2890221,2948.591545,2950.59153,1.9999849999999242,39.9991523649582,33.3625,45.137499999999996,1,1,1,1,2151,80,80,2153.0,80.0,2152.0,2151,80,79.99770474262186,46794.35095763396
4400,0,1614,5,5,2890221,2892362,2950.59153,2952.591652,2.0001219999999194,39.69015076482494,33.3625,45.137499999999996,1,1,1,1,2141,80,80,2140.0,80.0,2140.0,2141,80,79.38514372803911,47571.598132515835
4400,0,1615,5,5,2892362,2894309,2952.591652,2954.592621,2.0009689999997136,39.89308099216807,33.3625,45.137499999999996,1,1,1,1,1947,80,80,1948.0,80.0,1947.0,1947,80,79.82481837981322,45579.916530447525
4400,0,1616,5,5,2894309,2896369,2954.592621,2956.593414,2.000793000000158,39.914905131536614,33.3625,45.137499999999996,1,1,1,1,2060,80,80,2061.0,80.0,2060.0,2060,80,79.86146278285014,46702.48246569866
4400,0,1617,5,5,2896369,2898441,2956.593414,2958.59363,2.0002159999999094,39.719290457509736,33.3625,45.137499999999996,1,1,1,1,2072,80,80,2072.0,80.0,2072.0,2072,80,79.44716028175026,47333.38799409878
4400,0,1618,5,5,2898441,2899000,2958.59363,2959.185461,0.5918310000001838,39.45249728555917,33.3625,45.137499999999996,1,1,1,1,559,24,24,559.0,24.0,559.0,559,24,23.34921092102013,45448.78521062878
4400,0,1619,5,5,2899000,2901004,2959.185461,2961.18622,2.0007590000000164,39.5863313584589,33.3625,45.137499999999996,1,1,1,1,2004,80,80,2006.0,80.0,2004.0,2004,80,79.20270874242124,46704.275727361084
4400,0,1620,5,5,2901004,2903077,2961.18622,2963.187154,2.000934000000143,39.884245664336625,33.3625,45.137499999999996,1,1,1,1,2073,79,79,2075.0,80.0,2073.0,2073,79,79.80574321413587,46141.95170854881
4400,0,1621,5,5,2903077,2905181,2963.187154,2965.18827,2.001115999999911,39.79024115942876,33.3625,45.137499999999996,1,1,1,1,2104,80,80,2105.0,80.0,2104.0,2104,80,79.6248882279906,47503.99277203532
4400,0,1622,5,5,2905181,2907287,2965.18827,2967.189574,2.001303999999891,39.87623045995963,33.3625,45.137499999999996,1,1,1,1,2106,80,80,2106.0,80.0,2106.0,2106,80,79.80445952442824,47146.760312278966
4400,0,1623,5,5,2907287,2909334,2967.189574,2969.190427,2.0008530000000064,39.532351115633446,33.3625,45.137499999999996,1,1,1,1,2047,79,79,2047.0,80.0,2047.0,2047,80,79.09842332676635,46003.3795586181
4400,0,1624,5,5,2909334,2911305,2969.190427,2971.19169,2.001263000000108,39.45290786322638,33.3625,45.137499999999996,1,1,1,1,1971,80,80,1971.0,79.0,1971.0,1971,79,78.95564474909042,46589.07899661112
4400,0,1625,5,5,2911305,2912000,2971.19169,2971.874808,0.6831179999999222,39.74860995447135,33.3625,45.137499999999996,1,1,1,1,695,28,28,695.0,28.0,695.0,695,28,27.15299093487556,46448.78337271689
4400,0,1626,5,5,2912000,2914097,2971.874808,2973.874974,2.0001659999998083,39.46032306733734,33.3625,45.137499999999996,1,1,1,1,2097,80,80,2103.0,80.0,2097.0,2097,80,78.92719654829125,45944.68659101735
4400,0,1627,5,5,2914097,2916163,2973.874974,2975.876625,2.001651000000038,39.66903690228399,33.3625,45.137499999999996,1,1,1,1,2066,80,80,2068.0,80.0,2066.0,2066,80,79.40356738449191,46447.15787117646
4400,0,1628,5,5,2916163,2918221,2975.876625,2977.878165,2.0015400000002046,39.41285477244744,33.3625,45.137499999999996,1,1,1,1,2058,80,80,2061.0,80.0,2058.0,2058,80,78.88640534125443,46335.82141750378
4400,0,1629,5,5,2918221,2920321,2977.878165,2979.879554,2.0013890000000174,39.57044238585375,33.3625,45.137499999999996,1,1,1,1,2100,80,80,2100.0,80.0,2100.0,2100,80,79.19584811618552,46724.54980016338
4400,0,1630,5,5,2920321,2922382,2979.879554,2981.879855,2.000301000000036,39.78991416762009,33.3625,45.137499999999996,1,1,1,1,2061,79,79,2062.0,80.0,2061.0,2061,80,79.5918050994078,46752.963678965476
4400,0,1631,5,5,2922382,2924445,2981.879855,2983.880952,2.001096999999845,39.59456962369314,33.3625,45.137499999999996,1,1,1,1,2063,80,80,2066.0,79.0,2063.0,2063,79,79.23257449026278,46854.80014212567
4400,0,1632,5,5,2924445,2925000,2983.880952,2984.384432,0.503479999999854,39.56807803683138,33.3625,45.137499999999996,1,1,1,1,555,21,21,555.0,21.0,555.0,555,21,19.92173592998006,48685.151346641585
4400,0,1633,5,5,2925000,2927040,2984.384432,2986.384979,2.000547000000097,39.74728301686342,33.3625,45.137499999999996,1,1,1,1,2040,79,79,2044.0,80.0,2040.0,2040,80,79.51630779754487,46803.69918826974
4400,0,1634,5,5,2927040,2929108,2986.384979,2988.386233,2.0012540000002446,39.63964037634302,33.3625,45.137499999999996,1,1,1,1,2068,80,80,2068.0,79.0,2068.0,2068,79,79.32898886172916,46568.30167484418
4400,0,1635,5,5,2929108,2931224,2988.386233,2990.386316,2.000082999999904,39.549215883587316,33.3625,45.137499999999996,1,1,1,1,2116,80,80,2116.0,80.0,2116.0,2116,80,79.10171435208758,46843.55599242856
4400,0,1636,5,5,2931224,2933313,2990.386316,2992.386928,2.000611999999819,39.6323512682554,33.3625,45.137499999999996,1,1,1,1,2089,80,80,2089.0,80.0,2089.0,2089,80,79.2889575354784,46789.182510156126
4400,0,1637,5,5,2933313,2935393,2992.386928,2994.388752,2.0018239999999423,39.627575100920374,33.3625,45.137499999999996,1,1,1,1,2080,79,79,2082.0,80.0,2080.0,2080,79,79.32743089881842,46665.94066211749
4400,0,1638,5,5,2935393,2937466,2994.388752,2996.388769,2.000017000000298,39.349776564873984,33.3625,45.137499999999996,1,1,1,1,2073,80,80,2073.0,80.0,2073.0,2073,80,78.70022207596048,46141.107800576814
4400,0,1639,5,5,2937466,2938000,2996.388769,2996.86609,0.4773209999998471,39.400069336756864,33.3625,45.137499999999996,1,1,1,1,534,19,19,534.0,19.0,534.0,534,19,18.806480495884898,47267.98108611862
4400,0,1640,5,5,2938000,2940103,2996.86609,2998.866105,2.000015000000076,39.750094058569395,33.3625,45.137499999999996,1,1,1,1,2103,80,80,2103.0,80.0,2103.0,2103,80,79.50078436855983,46530.151023865554
4400,0,1641,5,5,2940103,2942243,2998.866105,3000.866515,2.0004100000001017,39.33124906590991,33.3625,45.137499999999996,1,1,1,1,2140,80,80,2141.0,80.0,2140.0,2140,80,78.67862394393887,46839.39792342332
4400,0,1642,5,5,2942243,2944312,3000.866515,3002.867901,2.0013859999999113,39.190489675349845,33.3625,45.137499999999996,1,1,1,1,2069,80,80,2069.0,80.0,2069.0,2069,80,78.43529736938945,45796.762843351586
4400,0,1643,5,5,2944312,2946389,3002.867901,3004.868218,2.0003169999999955,39.3392676417296,33.3625,45.137499999999996,1,1,1,1,2077,80,80,2080.0,80.0,2077.0,2077,80,78.69100583130785,45704.7557962064
4400,0,1644,5,5,2946389,2948466,3004.868218,3006.868567,2.0003489999999147,39.30624108234574,33.3625,45.137499999999996,1,1,1,1,2077,80,80,2079.0,80.0,2077.0,2077,80,78.62620004282508,44651.708276907586
4400,0,1645,5,5,2948466,2950553,3006.868567,3008.869382,2.000814999999875,39.24375073618097,33.3625,45.137499999999996,1,1,1,1,2087,80,80,2088.0,80.0,2087.0,2087,80,78.51948512920353,46438.57628016873
4400,0,1646,5,5,2950553,2951000,3008.869382,3009.32276,0.45337800000015704,39.29902634681635,33.3625,45.137499999999996,1,1,1,1,447,18,18,447.0,18.0,447.0,447,18,17.817313967068912,44814.702080808864
4400,0,1647,5,5,2951000,2953012,3009.32276,3011.323426,2.00066599999991,39.19238942478907,33.3625,45.137499999999996,1,1,1,1,2012,80,80,2014.0,80.0,2013.0,2012,80,78.41088098092587,45305.91313092944
4400,0,1648,5,5,2953012,2955065,3011.323426,3013.325677,2.0022509999998874,39.22916941982539,33.3625,45.137499999999996,1,1,1,1,2053,80,80,2052.0,80.0,2052.0,2053,80,78.5466437000141,46523.637645832234
4400,0,1649,5,5,2955065,2957040,3013.325677,3015.328878,2.00320099999999,39.285455744315655,33.3625,45.137499999999996,1,1,1,1,1975,80,80,1976.0,80.0,1975.0,1975,80,78.69666423246963,46565.971163153605
4400,0,1650,5,5,2957040,2959187,3015.328878,3017.329553,2.0006750000002285,39.144246424673426,33.3625,45.137499999999996,1,1,1,1,2147,80,80,2147.0,80.0,2147.0,2147,80,78.31491521569842,46955.65246728693
4400,0,1651,5,5,2959187,2961217,3017.329553,3019.330001,2.0004479999997784,39.07136804440533,33.3625,45.137499999999996,1,1,1,1,2030,80,80,2031.0,80.0,2031.0,2030,80,78.160240061683,47173.93303900449
4400,0,1652,5,5,2961217,2963251,3019.330001,3021.33002,2.0000190000000657,39.35890685213208,33.3625,45.137499999999996,1,1,1,1,2034,80,80,2033.0,80.0,2033.0,2034,80,78.7185615234921,45605.566747114404
4400,0,1653,5,5,2963251,2964000,3021.33002,3022.086511,0.7564910000000964,39.372375973020546,33.3625,45.137499999999996,1,1,1,1,749,30,30,754.0,30.0,749.0,749,30,29.784848072216846,45306.55354788838
4400,0,1654,5,5,2964000,2966091,3022.086511,3024.088478,2.0019670000001497,39.42650575051401,33.3625,45.137499999999996,1,1,1,1,2091,80,80,2093.0,80.0,2091.0,2091,80,78.93056343783974,45846.41005570678
4400,0,1655,5,5,2966091,2968134,3024.088478,3026.089424,2.000945999999658,39.18453644959997,33.3625,45.137499999999996,1,1,1,1,2043,80,80,2043.0,80.0,2043.0,2043,80,78.40614147066663,45851.312329276094
4400,0,1656,5,5,2968134,2970223,3026.089424,3028.089425,2.0000010000003385,39.35566448591021,33.3625,45.137499999999996,1,1,1,1,2089,80,80,2093.0,80.0,2089.0,2089,80,78.71136832749471,45811.4770942537
4400,0,1657,5,5,2970223,2972363,3028.089425,3030.090794,2.001369000000068,39.46899876632103,33.3625,45.137499999999996,1,1,1,1,2140,80,80,2141.0,80.0,2140.0,2140,80,78.99203059195133,46761.49175888945
4400,0,1658,5,5,2972363,2974472,3030.090794,3032.091589,2.0007949999999255,39.2614313014405,33.3625,45.137499999999996,1,1,1,1,2109,80,80,2110.0,80.0,2109.0,2109,80,78.5540754407557,46927.84618114474
4400,0,1659,5,5,2974472,2976545,3032.091589,3034.09329,2.0017009999996844,39.57409091438521,33.3625,45.137499999999996,1,1,1,1,2073,79,79,2075.0,80.0,2073.0,2073,79,79.215497357407,47290.27961719304
4400,0,1660,5,5,2976545,2977000,3034.09329,3034.544421,0.4511310000002595,39.529382979278864,33.3625,45.137499999999996,1,1,1,1,455,18,18,456.0,18.0,455.0,455,18,17.83293007283646,45676.31131531228
4400,0,1661,5,5,2977000,2979048,3034.544421,3036.544461,2.000039999999899,39.40517592482567,33.3625,45.137499999999996,1,1,1,1,2048,80,80,2049.0,80.0,2048.0,2048,80,78.8119280566898,45964.58070838815
4400,0,1662,5,5,2979048,2981113,3036.544461,3038.547328,2.002867000000151,39.34431225582439,33.3625,45.137499999999996,1,1,1,1,2065,80,80,2068.0,80.0,2065.0,2065,80,78.80142465489917,45608.62004316468
4400,0,1663,5,5,2981113,2983112,3038.547328,3040.547306,1.9999779999998282,39.27358818025588,33.3625,45.137499999999996,1,1,1,1,1999,80,80,1999.0,80.0,1999.0,1999,80,78.54631234156841,46142.50756758721
4400,0,1664,5,5,2983112,2985239,3040.547306,3042.547454,2.000148000000081,39.254533539633705,33.3625,45.137499999999996,1,1,1,1,2127,79,79,2127.0,79.0,2127.0,2127,79,78.51487675023964,46314.57272161672
4400,0,1665,5,5,2985239,2987338,3042.547454,3044.547627,2.0001729999999043,39.079422492673764,33.3625,45.137499999999996,1,1,1,1,2099,80,80,2099.0,80.0,2099.0,2099,80,78.16560572542949,45993.52156038723
4400,0,1666,5,5,2987338,2989412,3044.547627,3046.548466,2.000839000000269,39.372955949058706,33.3625,45.137499999999996,1,1,1,1,2074,80,80,2078.0,80.0,2074.0,2074,80,78.77894580816792,45147.560598322925
4400,0,1667,5,5,2989412,2990000,3046.548466,3047.123462,0.5749959999998282,39.44963453916947,33.3625,45.137499999999996,1,1,1,1,588,23,23,589.0,23.0,588.0,588,23,22.683382061484735,45991.624289574014
4400,0,1668,5,5,2990000,2992092,3047.123462,3049.126574,2.0031119999998737,39.478725472657494,33.3625,45.137499999999996,1,1,1,1,2092,80,80,2096.0,80.0,2092.0,2092,80,79.08030873897951,46663.89098562931
4400,0,1669,5,5,2992092,2994154,3049.126574,3051.126539,1.9999649999999747,39.233360108601815,33.3625,45.137499999999996,1,1,1,1,2062,80,80,2062.0,80.0,2062.0,2062,80,78.46534704959777,45813.30173278091
4400,0,1670,5,5,2994154,2996225,3051.126539,3053.127237,2.000698000000284,39.53123244336444,33.3625,45.137499999999996,1,1,1,1,2071,80,80,2073.0,80.0,2071.0,2071,80,79.0900576869899,46962.6100490862
4400,0,1671,5,5,2996225,2998347,3053.127237,3055.129483,2.0022460000000137,39.453356191822614,33.3625,45.137499999999996,1,1,1,1,2122,80,80,2124.0,80.0,2122.0,2122,80,78.99532462164643,46171.64923790551
4400,0,1672,5,5,2998347,3000412,3055.129483,3057.12964,2.0001569999999447,39.541872972611166,33.3625,45.137499999999996,1,1,1,1,2065,80,80,2066.0,80.0,2065.0,2065,80,79.08995401927677,46643.3384979292
4400,0,1673,5,5,3000412,3002447,3057.12964,3059.1315,2.0018599999998514,39.27484360145543,33.3625,45.137499999999996,1,1,1,1,2035,80,80,2035.0,80.0,2035.0,2035,80,78.62273841199931,46063.66079546364
4400,0,1674,5,5,3002447,3003000,3059.1315,3059.665118,0.5336179999999331,39.381786220046976,33.3625,45.137499999999996,1,1,1,1,553,21,21,554.0,21.0,553.0,553,21,21.014829999170615,48041.85765848081
4400,0,1675,5,5,3003000,3005111,3059.665118,3061.667374,2.002256000000216,39.321964964393295,33.3625,45.137499999999996,1,1,1,1,2111,80,80,2115.0,80.0,2111.0,2111,80,78.73264028175618,46357.20906816611
4400,0,1676,5,5,3005111,3007185,3061.667374,3063.667628,2.000254000000041,39.528504268099276,33.3625,45.137499999999996,1,1,1,1,2074,80,80,2074.0,80.0,2074.0,2074,80,79.06704877628363,45908.16966245193
4400,0,1677,5,5,3007185,3009232,3063.667628,3065.667667,2.000039000000015,39.30797954634186,33.3625,45.137499999999996,1,1,1,1,2047,80,80,2048.0,80.0,2047.0,2047,80,78.61749210389098,45150.11957266799
4400,0,1678,5,5,3009232,3011324,3065.667667,3067.668334,2.000666999999794,39.226275472426245,33.3625,45.137499999999996,1,1,1,1,2092,80,80,2093.0,80.0,2092.0,2092,80,78.47871487058,46523.484417951404
4400,0,1679,5,5,3011324,3013332,3067.668334,3069.670051,2.001717000000099,39.027147354200814,33.3625,45.137499999999996,1,1,1,1,2008,80,80,2008.0,80.0,2008.0,2008,80,78.12130432041886,45950.55145157655
4400,0,1680,5,5,3013332,3015479,3069.670051,3071.673034,2.0029829999998583,39.32368100741905,33.3625,45.137499999999996,1,1,1,1,2147,80,80,2147.0,80.0,2147.0,2147,80,78.76466455527407,46019.86137675982
4400,0,1681,5,5,3015479,3016000,3071.673034,3072.152286,0.4792520000000877,39.40885239349306,33.3625,45.137499999999996,1,1,1,1,521,19,19,521.0,19.0,521.0,521,19,18.88677132729208,47428.075417516964
4400,0,1682,5,5,3016000,3018046,3072.152286,3074.153859,2.0015730000000076,39.144158037229886,33.3625,45.137499999999996,1,1,1,1,2046,80,80,2053.0,80.0,2046.0,2046,80,78.34988983505173,46019.80542303461
4400,0,1683,5,5,3018046,3020117,3074.153859,3076.15539,2.0015309999998863,39.16652815654229,33.3625,45.137499999999996,1,1,1,1,2071,80,80,2072.0,80.0,2071.0,2071,80,78.39302026768564,46225.11467471913
4400,0,1684,5,5,3020117,3022132,3076.15539,3078.156436,2.001046000000315,39.164935285989436,33.3625,45.137499999999996,1,1,1,1,2015,80,80,2016.0,80.0,2015.0,2015,80,78.3708370943059,45159.881382030086
4400,0,1685,5,5,3022132,3024188,3078.156436,3080.156833,2.0003969999997935,39.3636425055152,33.3625,45.137499999999996,1,1,1,1,2056,80,80,2069.0,80.0,2056.0,2056,80,78.74291237709986,46337.80194631844
4400,0,1686,5,5,3024188,3026246,3080.156833,3082.158687,2.001854000000094,39.31670593552987,33.3625,45.137499999999996,1,1,1,1,2058,80,80,2060.0,80.0,2058.0,2058,80,78.70630504387373,46716.69362500742
4400,0,1687,5,5,3026246,3028373,3082.158687,3084.158657,1.9999699999998484,39.24889262158651,33.3625,45.137499999999996,1,1,1,1,2127,80,80,2131.0,80.0,2127.0,2127,80,78.496607776382,46427.696415449755
4400,0,1688,5,5,3028373,3029000,3084.158657,3084.757861,0.5992040000000998,39.34310835007254,33.3625,45.137499999999996,1,1,1,1,627,24,24,627.0,24.0,627.0,627,24,23.574547895797878,47506.35843551655
4400,0,1689,5,5,3029000,3031038,3084.757861,3086.75819,2.000328999999965,39.39523903257026,33.3625,45.137499999999996,1,1,1,1,2038,80,80,2043.0,80.0,2038.0,2038,80,78.8034390987741,46864.29082416024
4400,0,1690,5,5,3031038,3033100,3086.75819,3088.758196,2.0000060000002122,39.13721774693385,33.3625,45.137499999999996,1,1,1,1,2062,80,80,2063.0,80.0,2062.0,2062,80,78.27467031718697,46480.8605574134
4400,0,1691,5,5,3033100,3035196,3088.758196,3090.759389,2.0011929999996028,39.20778864697345,33.3625,45.137499999999996,1,1,1,1,2096,80,80,2098.0,80.0,2096.0,2096,80,78.46235218578659,46405.81892901806
4400,0,1692,5,5,3035196,3037268,3090.759389,3092.759562,2.000173000000359,39.476803978288984,33.3625,45.137499999999996,1,1,1,1,2072,80,80,2090.0,80.0,2072.0,2072,80,78.96043744367489,46340.991504226564
4400,0,1693,5,5,3037268,3039266,3092.759562,3094.762598,2.003035999999611,39.101141664210445,33.3625,45.137499999999996,1,1,1,1,1998,80,80,1998.0,80.0,1998.0,1998,80,78.32099439449667,46040.11111134194
4400,0,1694,5,5,3039266,3041302,3094.762598,3096.762869,2.000271000000339,39.25760121444114,33.3625,45.137499999999996,1,1,1,1,2036,80,80,2038.0,80.0,2036.0,2036,80,78.52584123882116,46153.24623512732
4400,0,1695,5,5,3041302,3042000,3096.762869,3097.490823,0.7279539999999542,39.09445805002834,33.3625,45.137499999999996,1,1,1,1,698,29,29,698.0,29.0,698.0,698,29,28.458967115351697,45001.4698730992
4400,0,1696,5,5,3042000,3043998,3097.490823,3099.491692,2.000868999999966,39.28357722145911,33.3625,45.137499999999996,1,1,1,1,1998,80,80,2004.0,80.0,1998.0,1998,80,78.60129187152779,46081.477597984456
4400,0,1697,5,5,3043998,3046004,3099.491692,3101.492231,2.000539000000117,39.1344981220359,33.3625,45.137499999999996,1,1,1,1,2006,80,80,2006.0,80.0,2006.0,2006,80,78.2900897385698,46602.94050753049
4400,0,1698,5,5,3046004,3048072,3101.492231,3103.49275,2.000518999999713,39.25244577322837,33.3625,45.137499999999996,1,1,1,1,2068,79,79,2068.0,79.0,2068.0,2068,79,78.5252635657962,45355.23031773906
4400,0,1699,5,5,3048072,3050180,3103.49275,3105.495424,2.0026740000002974,39.092409778536066,33.3625,45.137499999999996,1,1,1,1,2108,80,80,2108.0,81.0,2108.0,2108,81,78.28935266083863,46316.57473956631
4400,0,1700,5,5,3050180,3052233,3105.495424,3107.495744,2.000319999999647,39.49642041227417,33.3625,45.137499999999996,1,1,1,1,2053,80,80,2053.0,79.0,2053.0,2053,79,79.00547967906459,45863.16189410504
4400,0,1701,5,5,3052233,3054310,3107.495744,3109.497311,2.00156700000025,39.53471600113875,33.3625,45.137499999999996,1,1,1,1,2077,79,79,2078.0,80.0,2077.0,2077,79,79.1313829022547,46158.33494456516
4400,0,1702,5,5,3054310,3055000,3109.497311,3110.159007,0.66169600000012,39.28995417339577,33.3625,45.137499999999996,1,1,1,1,690,27,27,690.0,27.0,690.0,690,27,25.998005516725243,46311.29703065221
4400,0,1703,5,5,3055000,3057108,3110.159007,3112.159184,2.000176999999894,39.273502804069246,33.3625,45.137499999999996,1,1,1,1,2108,80,80,2110.0,80.0,2108.0,2108,80,78.55395701812813,45704.45515572114
4400,0,1704,5,5,3057108,3059170,3112.159184,3114.159161,1.9999769999999444,39.53337938654717,33.3625,45.137499999999996,1,1,1,1,2062,80,80,2063.0,80.0,2062.0,2062,80,79.0658495053649,46972.04017846336
4400,0,1705,5,5,3059170,3061227,3114.159161,3116.159604,2.0004429999999047,39.367429675493696,33.3625,45.137499999999996,1,1,1,1,2057,80,80,2059.0,80.0,2058.0,2057,80,78.75229912232317,45759.36430080955
4400,0,1706,5,5,3061227,3063334,3116.159604,3118.15968,2.000076000000263,39.5159069484119,33.3625,45.137499999999996,1,1,1,1,2107,79,79,2106.0,79.0,2106.0,2107,79,79.03481710575579,47283.20323827073
4400,0,1707,5,5,3063334,3065438,3118.15968,3120.159656,1.9999759999996058,39.529231038495126,33.3625,45.137499999999996,1,1,1,1,2104,80,80,2120.0,80.0,2104.0,2104,80,79.05751337543188,46098.55318264728
4400,0,1708,5,5,3065438,3067550,3120.159656,3122.160856,2.0012000000001535,39.32038020076057,33.3625,45.137499999999996,1,1,1,1,2112,80,80,2113.0,80.0,2112.0,2112,80,78.68794485776743,46084.849090542135
4400,0,1709,5,5,3067550,3068000,3122.160856,3122.590779,0.4299230000001444,39.41681295748914,33.3625,45.137499999999996,1,1,1,1,450,18,18,450.0,18.0,450.0,450,18,16.94619447713194,47071.219730028875
4400,0,1710,5,5,3068000,3070128,3122.590779,3124.591104,2.0003249999999753,39.35791598161481,33.3625,45.137499999999996,1,1,1,1,2128,79,79,2131.0,79.0,2128.0,2128,79,78.72862328591873,46455.45098921483
4400,0,1711,5,5,3070128,3072196,3124.591104,3126.59112,2.0000159999999596,39.35823621382349,33.3625,45.137499999999996,1,1,1,1,2068,80,80,2070.0,80.0,2068.0,2068,80,78.71710215942585,45966.63226694279
4400,0,1712,5,5,3072196,3074212,3126.59112,3128.591377,2.000257000000147,39.577777266090436,33.3625,45.137499999999996,1,1,1,1,2016,80,80,2017.0,80.0,2016.0,2016,80,79.16572602094675,45543.64764127475
4400,0,1713,5,5,3074212,3076308,3128.591377,3130.59256,2.0011829999998554,39.472284921267054,33.3625,45.137499999999996,1,1,1,1,2096,80,80,2096.0,80.0,2096.0,2096,80,78.99126555559633,45533.56689518479
4400,0,1714,5,5,3076308,3078465,3130.59256,3132.594161,2.001600999999937,39.71744783347424,33.3625,45.137499999999996,1,1,1,1,2157,80,80,2158.0,80.0,2157.0,2157,80,79.49848330092209,46873.9773811079
4400,0,1715,5,5,3078465,3080475,3132.594161,3134.595296,2.0011349999999766,39.458439224091315,33.3625,45.137499999999996,1,1,1,1,2010,80,80,2012.0,80.0,2012.0,2010,80,78.96166377670306,45797.509913124835
4400,0,1716,5,5,3080475,3081000,3134.595296,3135.085072,0.4897759999998925,39.4588708426186,33.3625,45.137499999999996,1,1,1,1,525,20,20,525.0,20.0,523.0,525,20,19.326007925803424,47207.294763330734
4400,0,1717,5,5,3081000,3083170,3135.085072,3137.085512,2.0004400000002533,39.527190709713366,33.3625,45.137499999999996,1,1,1,1,2170,80,80,2171.0,80.0,2170.0,2170,80,79.07177338334441,47205.61476474578
4400,0,1718,5,5,3083170,3085323,3137.085512,3139.085856,2.000344000000041,39.502928983553815,33.3625,45.137499999999996,1,1,1,1,2153,80,80,2154.0,80.0,2153.0,2153,80,79.01944697467843,47730.29039005193
4400,0,1719,5,5,3085323,3087372,3139.085856,3141.085894,2.0000379999996767,39.460856468699575,33.3625,45.137499999999996,1,1,1,1,2049,79,79,2049.0,80.0,2049.0,2049,80,78.92321244993946,45913.62764108224
4400,0,1720,5,5,3087372,3089431,3141.085894,3143.086749,2.0008550000002288,39.609230039721915,33.3625,45.137499999999996,1,1,1,1,2059,80,80,2059.0,79.0,2059.0,2059,79,79.25232597113063,47025.396642929765
4400,0,1721,5,5,3089431,3091561,3143.086749,3145.090448,2.0036989999998696,39.32472658521456,33.3625,45.137499999999996,1,1,1,1,2130,79,79,2138.0,81.0,2130.0,2130,80,78.79491533405962,46111.2173036
4400,0,1722,5,5,3091561,3093598,3145.090448,3147.090987,2.000539000000117,39.6971265291079,33.3625,45.137499999999996,1,1,1,1,2037,80,80,2038.0,79.0,2037.0,2037,79,79.41564980942348,45790.159551998055
4400,0,1723,5,5,3093598,3094000,3147.090987,3147.457206,0.36621900000000096,39.18776818448282,33.3625,45.137499999999996,1,1,1,1,402,15,15,402.0,15.0,402.0,402,15,14.3513052767521,47744.655520330605
4400,0,1724,5,5,3094000,3096092,3147.457206,3149.457333,2.000126999999793,39.436499301783655,33.3625,45.137499999999996,1,1,1,1,2092,80,80,2096.0,80.0,2092.0,2092,80,78.87800703897665,46255.56277176878
4400,0,1725,5,5,3096092,3098180,3149.457333,3151.457331,1.9999980000002324,39.300445485811366,33.3625,45.137499999999996,1,1,1,1,2088,80,80,2089.0,80.0,2088.0,2088,80,78.60081237074337,46356.54635654097
4400,0,1726,5,5,3098180,3100279,3151.457331,3153.45738,2.0000489999997626,39.70623205878638,33.3625,45.137499999999996,1,1,1,1,2099,80,80,2099.0,80.0,2099.0,2099,80,79.41440972292912,46630.357556245406
4400,0,1727,5,5,3100279,3102277,3153.45738,3155.457422,2.0000420000001213,39.60842513866832,33.3625,45.137499999999996,1,1,1,1,1998,80,80,1998.0,80.0,1998.0,1998,80,79.21851383119065,46019.0336002916
4400,0,1728,5,5,3102277,3104341,3155.457422,3157.458532,2.0011100000001534,39.84399272605755,33.3625,45.137499999999996,1,1,1,1,2064,80,80,2067.0,80.0,2064.0,2064,80,79.73221228404145,47498.63825576441
4400,0,1729,5,5,3104341,3106494,3157.458532,3159.460559,2.0020269999999982,39.844775580499366,33.3625,45.137499999999996,1,1,1,1,2153,80,80,2153.0,80.0,2153.0,2153,80,79.77031652109872,46054.32394268413
4400,0,1730,5,5,3106494,3107000,3159.460559,3160.016404,0.5558449999998629,39.95527563432086,33.3625,45.137499999999996,1,1,1,1,506,22,22,506.0,22.0,506.0,506,22,22.208940184951643,47583.40904389987
4400,0,1731,5,5,3107000,3109022,3160.016404,3162.016497,2.0000930000001063,39.483168254149554,33.3625,45.137499999999996,1,1,1,1,2022,80,80,2025.0,80.0,2022.0,2022,80,78.97000844294962,46902.81901891313
4400,0,1732,5,5,3109022,3111045,3162.016497,3164.017011,2.000513999999839,39.50651584939569,33.3625,45.137499999999996,1,1,1,1,2023,80,80,2024.0,80.0,2023.0,2023,80,79.03333804792783,47113.89172982922
4400,0,1733,5,5,3111045,3113084,3164.017011,3166.017472,2.0004610000000866,39.650694201501466,33.3625,45.137499999999996,1,1,1,1,2039,80,80,2039.0,80.0,2039.0,2039,80,79.31966737302719,46173.856925976565
4400,0,1734,5,5,3113084,3115097,3166.017472,3168.018224,2.0007519999999204,39.75703129413224,33.3625,45.137499999999996,1,1,1,1,2013,80,80,2015.0,80.0,2013.0,2013,80,79.54395987579483,45728.805968957495
4400,0,1735,5,5,3115097,3117151,3168.018224,3170.018328,2.000104000000192,39.69290269074015,33.3625,45.137499999999996,1,1,1,1,2054,79,79,2054.0,79.0,2054.0,2054,79,79.38993344336632,46077.10399058806
4400,0,1736,5,5,3117151,3119335,3170.018328,3172.019237,2.000908999999865,39.849017497813335,33.3625,45.137499999999996,1,1,1,1,2184,80,80,2184.0,80.0,2184.0,2184,80,79.7342577525269,47671.33337898247
4400,0,1737,5,5,3119335,3120000,3172.019237,3172.639953,0.6207159999999021,39.7720398278726,33.3625,45.137499999999996,1,1,1,1,665,24,24,666.0,25.0,665.0,665,24,24.687141473797965,46207.927619079455
4400,0,1738,5,5,3120000,3122123,3172.639953,3174.640121,2.0001680000000306,39.611985136334326,33.3625,45.137499999999996,1,1,1,1,2123,80,80,2129.0,80.0,2123.0,2123,80,79.23062508617295,46963.55506137413
4400,0,1739,5,5,3122123,3124194,3174.640121,3176.640384,2.0002629999999044,39.68148000234521,33.3625,45.137499999999996,1,1,1,1,2071,80,80,2074.0,80.0,2071.0,2071,80,79.373396233932,47099.30644120523
4400,0,1740,5,5,3124194,3126246,3176.640384,3178.641218,2.0008340000003955,39.86987700828397,33.3625,45.137499999999996,1,1,1,1,2052,80,80,2052.0,80.0,2052.0,2052,80,79.77300549400388,46537.09403177955
4400,0,1741,5,5,3126246,3128308,3178.641218,3180.642404,2.0011859999999615,39.648114231145925,33.3625,45.137499999999996,1,1,1,1,2062,80,80,2062.0,80.0,2062.0,2062,80,79.34325112577062,46488.432359611645
4400,0,1742,5,5,3128308,3130455,3180.642404,3182.643059,2.000654999999824,39.88769767018041,33.3625,45.137499999999996,1,1,1,1,2147,80,80,2149.0,80.0,2147.0,2147,80,79.80152178232674,46497.77197968074
4400,0,1743,5,5,3130455,3132532,3182.643059,3184.645158,2.0020989999998164,39.546172652178186,33.3625,45.137499999999996,1,1,1,1,2077,80,80,2078.0,80.0,2077.0,2077,80,79.17535272074747,46386.81703552548
4400,0,1744,5,5,3132532,3133000,3184.645158,3185.110966,0.46580800000037925,39.37862845142707,33.3625,45.137499999999996,1,1,1,1,468,18,18,468.0,19.0,468.0,468,19,18.342880161711946,46066.19036165658
4400,0,1745,5,5,3133000,3135053,3185.110966,3187.111334,2.0003679999999804,39.45364897664537,33.3625,45.137499999999996,1,1,1,1,2053,80,79,2055.0,79.0,2053.0,2053,78,78.9218168961088,46448.95339257622
4400,0,1746,5,5,3135053,3137136,3187.111334,3189.111592,2.0002580000000307,39.678296861900726,33.3625,45.137499999999996,1,1,1,1,2083,80,80,2084.0,80.0,2083.0,2083,80,79.36683072439337,47132.41991782987
4400,0,1747,5,5,3137136,3139246,3189.111592,3191.112405,2.0008129999996527,39.381433101457525,33.3625,45.137499999999996,1,1,1,1,2110,80,80,2113.0,80.0,2110.0,2110,80,78.79488330801541,45611.95873878061
4400,0,1748,5,5,3139246,3141325,3191.112405,3193.112546,2.000140999999985,39.42174193521512,33.3625,45.137499999999996,1,1,1,1,2079,80,80,2082.0,80.0,2079.0,2079,80,78.84904233604902,46255.239005650445
4400,0,1749,5,5,3141325,3143340,3193.112546,3195.113139,2.000593000000208,39.61173592299349,33.3625,45.137499999999996,1,1,1,1,2015,80,80,2016.0,80.0,2015.0,2015,80,79.24696160540043,45949.37601000825
4400,0,1750,5,5,3143340,3145410,3195.113139,3197.113102,1.9999629999997524,39.52130694688215,33.3625,45.137499999999996,1,1,1,1,2070,80,80,2070.0,80.0,2070.0,2070,80,79.04115160540096,46379.85802737925
4400,0,1751,5,5,3145410,3146000,3197.113102,3197.693652,0.5805500000001302,39.473053514914945,33.3625,45.137499999999996,1,1,1,1,590,23,23,590.0,23.0,590.0,590,23,22.916081218092586,46504.17707345438
4400,0,1752,5,5,3146000,3148066,3197.693652,3199.694825,2.001173000000108,39.40177140431194,33.3625,45.137499999999996,1,1,1,1,2066,80,80,2071.0,80.0,2066.0,2066,80,78.84976108648698,46512.22058262578
4400,0,1753,5,5,3148066,3150090,3199.694825,3201.694824,1.9999990000001162,39.43515560175808,33.3625,45.137499999999996,1,1,1,1,2024,80,80,2025.0,80.0,2024.0,2024,80,78.87027176836273,45247.02262350868
4400,0,1754,5,5,3150090,3152143,3201.694824,3203.696362,2.0015379999999823,39.479113750127105,33.3625,45.137499999999996,1,1,1,1,2053,80,80,2053.0,80.0,2053.0,2053,80,79.0189463771967,45189.24946716015
4400,0,1755,5,5,3152143,3154265,3203.696362,3205.696435,2.000072999999702,39.30304258008951,33.3625,45.137499999999996,1,1,1,1,2122,80,80,2123.0,80.0,2122.0,2122,80,78.60895428227377,45911.324236672204
4400,0,1756,5,5,3154265,3156316,3205.696435,3207.697503,2.001068000000032,39.43069789145579,33.3625,45.137499999999996,1,1,1,1,2051,80,80,2052.0,80.0,2051.0,2051,80,78.90350776826381,46785.516534170005
4400,0,1757,5,5,3156316,3158344,3207.697503,3209.699369,2.0018660000000637,39.60821754376293,33.3625,45.137499999999996,1,1,1,1,2028,80,80,2029.0,80.0,2028.0,2028,80,79.29034402147227,46900.74160807817
4400,0,1758,5,5,3158344,3159000,3209.699369,3210.300418,0.6010489999998754,39.16051722353278,33.3625,45.137499999999996,1,1,1,1,656,24,24,657.0,24.0,656.0,656,24,23.537389716686448,47706.59297329493
4400,0,1759,5,5,3159000,3160986,3210.300418,3212.304296,2.003877999999986,39.476603331390265,33.3625,45.137499999999996,1,1,1,1,1986,80,80,1993.0,80.0,1986.0,1986,80,79.10629693050578,45802.189554454235
4400,0,1760,5,5,3160986,3163055,3212.304296,3214.305941,2.0016450000002806,39.3996051384599,33.3625,45.137499999999996,1,1,1,1,2069,80,80,2072.0,80.0,2069.0,2069,80,78.86402262738557,46007.65870071221
4400,0,1761,5,5,3163055,3165039,3214.305941,3216.306511,2.0005699999996978,39.41655872788737,33.3625,45.137499999999996,1,1,1,1,1984,80,80,1988.0,80.0,1984.0,1984,80,78.8555848942342,45886.92222717219
4400,0,1762,5,5,3165039,3167103,3216.306511,3218.307537,2.0010260000003655,39.357057241006764,33.3625,45.137499999999996,1,1,1,1,2064,80,80,2067.0,80.0,2064.0,2064,80,78.75449482275872,47288.74087592201
4400,0,1763,5,5,3167103,3169177,3218.307537,3220.307532,1.9999949999996716,39.29847225915987,33.3625,45.137499999999996,1,1,1,1,2074,80,80,2074.0,80.0,2074.0,2074,80,78.59674802594236,46417.61604404773
4400,0,1764,5,5,3169177,3171185,3220.307532,3222.307624,2.0000920000002225,39.52408421513934,33.3625,45.137499999999996,1,1,1,1,2008,80,80,2008.0,80.0,2008.0,2008,80,79.05180464603473,45688.89831067263
4400,0,1765,5,5,3171185,3172000,3222.307624,3223.077467,0.7698430000000371,39.373243814729136,33.3625,45.137499999999996,1,1,1,1,815,30,30,815.0,30.0,815.0,815,30,30.31121613807045,46250.98883798162
4400,0,1766,5,6,3172000,3174055,3223.077467,3225.07793,2.000462999999854,37.804006029534285,33.3625,45.137499999999996,1,1,1,1,2055,79,79,2060.0,80.0,2055.0,2055,79,78.84816624545783,44352.481429805324
4400,0,1767,6,6,3174055,3176134,3225.07793,3227.078479,2.0005489999998645,39.57312225718658,33.3625,45.137499999999996,1,1,1,1,2079,80,80,2079.0,80.0,2079.0,2079,80,79.16797015847987,46363.77314427504
4400,0,1768,6,6,3176134,3178280,3227.078479,3229.079108,2.0006290000001172,39.33055836741033,33.3625,45.137499999999996,1,1,1,1,2146,80,80,2146.0,80.0,2146.0,2146,80,78.6858556560328,46791.28414113487
4400,0,1769,6,6,3178280,3180365,3229.079108,3231.07965,2.000542000000223,39.017611948633046,33.3625,45.137499999999996,1,1,1,1,2085,80,80,2086.0,80.0,2085.0,2085,80,78.05637144294451,46044.02207001389
4400,0,1770,6,6,3180365,3182522,3231.07965,3233.079712,2.000062000000071,39.063867378867826,33.3625,45.137499999999996,1,1,1,1,2157,80,80,2157.0,80.0,2157.0,2157,80,78.13015671751054,45588.08676930854
4400,0,1771,6,6,3182522,3184596,3233.079712,3235.080761,2.0010489999999663,39.15347302241676,33.3625,45.137499999999996,1,1,1,1,2074,80,80,2074.0,80.0,2074.0,2074,80,78.34801803802839,46555.58159745292
4400,0,1772,6,6,3184596,3185000,3235.080761,3235.469833,0.3890719999999419,39.34962362319528,33.3625,45.137499999999996,1,1,1,1,404,16,16,404.0,16.0,404.0,404,16,15.30983676231699,46500.39067319854
4400,0,1773,6,6,3185000,3187066,3235.469833,3237.470495,2.0006619999999202,39.24371645770651,33.3625,45.137499999999996,1,1,1,1,2066,79,79,2068.0,80.0,2066.0,2066,80,78.5134122557065,46297.175634866704
4400,0,1774,6,6,3187066,3189151,3237.470495,3239.470482,1.9999870000001465,39.18692638809358,33.3625,45.137499999999996,1,1,1,1,2085,80,80,2087.0,79.0,2085.0,2085,79,78.3733433461457,46718.303668970424
4400,0,1775,6,6,3189151,3191180,3239.470482,3241.47079,2.000307999999677,39.46237993697838,33.3625,45.137499999999996,1,1,1,1,2029,80,80,2030.0,80.0,2029.0,2029,80,78.93691428696911,45189.04088771059
4400,0,1776,6,6,3191180,3193277,3241.47079,3243.471729,2.0009390000000167,39.29064582187383,33.3625,45.137499999999996,1,1,1,1,2097,80,80,2098.0,80.0,2097.0,2097,80,78.61818556017533,45696.0457065404
4400,0,1777,6,6,3193277,3195402,3243.471729,3245.473644,2.001915000000281,39.27059480460425,33.3625,45.137499999999996,1,1,1,1,2125,80,80,2127.0,80.0,2125.0,2125,80,78.61639279827068,46401.57049624333
4400,0,1778,6,6,3195402,3197521,3245.473644,3247.474565,2.0009209999998347,39.33333504126112,33.3625,45.137499999999996,1,1,1,1,2119,80,80,2120.0,80.0,2119.0,2119,80,78.70289608408348,45402.59210633878
4400,0,1779,6,6,3197521,3198000,3247.474565,3247.920989,0.44642400000020643,39.15219639295882,33.3625,45.137499999999996,1,1,1,1,479,18,18,479.0,18.0,479.0,479,18,17.478480122532346,44791.49866492562
4400,0,1780,6,6,3198000,3200107,3247.920989,3249.922119,2.001129999999648,39.067698453516996,33.3625,45.137499999999996,1,1,1,1,2107,80,80,2109.0,80.0,2107.0,2107,80,78.17954340626602,45452.81915718419
4400,0,1781,6,6,3200107,3202129,3249.922119,3251.922695,2.0005760000003647,39.171539231475926,33.3625,45.137499999999996,1,1,1,1,2022,80,80,2023.0,80.0,2022.0,2022,80,78.36564126955636,46105.221696143104
4400,0,1782,6,6,3202129,3204271,3251.922695,3253.923249,2.000553999999738,39.25988768726454,33.3625,45.137499999999996,1,1,1,1,2142,80,80,2145.0,80.0,2142.0,2142,80,78.54152535229514,46858.020328375176
4400,0,1783,6,6,3204271,3206428,3253.923249,3255.924263,2.001013999999941,39.154987680703115,33.3625,45.137499999999996,1,1,1,1,2157,80,80,2157.0,80.0,2157.0,2157,80,78.34967851890542,46281.53526162372
4400,0,1784,6,6,3206428,3208427,3255.924263,3257.92449,2.0002269999999953,39.186102416606815,33.3625,45.137499999999996,1,1,1,1,1999,80,80,2000.0,80.0,1999.0,1999,80,78.38110007846262,46361.237999487166
4400,0,1785,6,6,3208427,3210545,3257.92449,3259.926309,2.0018190000000686,39.078261860536415,33.3625,45.137499999999996,1,1,1,1,2118,80,80,2119.0,80.0,2118.0,2118,80,78.22760707940324,46382.31528424739
4400,0,1786,6,6,3210545,3211000,3259.926309,3260.38487,0.45856099999991784,39.280336333379246,33.3625,45.137499999999996,1,1,1,1,455,18,18,455.0,18.0,455.0,455,18,18.012430309361662,46229.400232474625
4400,0,1787,6,6,3211000,3213088,3260.38487,3262.386596,2.0017259999999624,39.23602438514621,33.3625,45.137499999999996,1,1,1,1,2088,80,80,2091.0,80.0,2088.0,2088,80,78.53977014837437,46644.246015689336
4400,0,1788,6,6,3213088,3215115,3262.386596,3264.388984,2.0023880000003373,39.25553545167276,33.3625,45.137499999999996,1,1,1,1,2027,80,80,2033.0,80.0,2027.0,2027,80,78.60481312201591,45792.32396517786
4400,0,1789,6,6,3215115,3217067,3264.388984,3266.389253,2.000268999999662,39.153298781341334,33.3625,45.137499999999996,1,1,1,1,1952,80,80,1952.0,80.0,1952.0,1952,80,78.31712980003795,45889.82781816622
4400,0,1790,6,6,3217067,3219140,3266.389253,3268.38966,2.0004069999999956,39.2286403161263,33.3625,45.137499999999996,1,1,1,1,2073,80,80,2076.0,80.0,2073.0,2073,80,78.47324668886722,46245.589022634
4400,0,1791,6,6,3219140,3221152,3268.38966,3270.389809,2.000148999999965,39.031283792313246,33.3625,45.137499999999996,1,1,1,1,2012,80,80,2012.0,80.0,2012.0,2012,80,78.06838324590353,45376.61944185238
4400,0,1792,6,6,3221152,3223167,3270.389809,3272.389782,1.9999730000004092,39.07278706097519,33.3625,45.137499999999996,1,1,1,1,2015,80,80,2015.0,80.0,2015.0,2015,80,78.14451915671816,45617.61583780448
4400,0,1793,6,6,3223167,3224000,3272.389782,3273.166614,0.7768320000000131,39.177268556196864,33.3625,45.137499999999996,1,1,1,1,833,31,31,833.0,31.0,833.0,833,31,30.43415588705102,46228.78563189904
4400,0,1794,6,6,3224000,3226008,3273.166614,3275.167767,2.0011529999997038,38.964882809825696,33.3625,45.137499999999996,1,1,1,1,2008,80,80,2011.0,80.0,2008.0,2008,80,77.97469212951546,46663.09872359276
4400,0,1795,6,6,3226008,3228107,3275.167767,3277.168407,2.000640000000203,38.917429561017315,33.3625,45.137499999999996,1,1,1,1,2099,80,80,2099.0,80.0,2099.0,2099,80,77.85976627696073,45948.2965451009
4400,0,1796,6,6,3228107,3230196,3277.168407,3279.173925,2.005517999999938,39.10239821729904,33.3625,45.137499999999996,1,1,1,1,2089,80,80,2090.0,80.0,2089.0,2089,80,78.42056346795289,45853.98884477867
4400,0,1797,6,6,3230196,3232277,3279.173925,3281.174073,2.000148000000081,39.147059988039665,33.3625,45.137499999999996,1,1,1,1,2081,80,80,2082.0,80.0,2081.0,2081,80,78.29991374096426,46143.08541167767
4400,0,1798,6,6,3232277,3234303,3281.174073,3283.175048,2.000974999999926,38.993275503888825,33.3625,45.137499999999996,1,1,1,1,2026,80,80,2026.0,80.0,2026.0,2026,80,78.02456945138692,45421.85684478985
4400,0,1799,6,6,3234303,3236294,3283.175048,3285.176022,2.000974000000042,38.87071210064495,33.3625,45.137499999999996,1,1,1,1,1991,80,80,1992.0,80.0,1991.0,1991,80,77.77928427487495,45327.92530037776
4400,0,1800,6,6,3236294,3237000,3285.176022,3285.87372,0.6976979999999458,38.87418487074756,33.3625,45.137499999999996,1,1,1,1,706,27,27,707.0,27.0,706.0,706,27,27.122441035942757,45106.90871982211
4400,0,1801,6,6,3237000,3239081,3285.87372,3287.87599,2.002269999999953,39.178788016521196,33.3625,45.137499999999996,1,1,1,1,2081,79,79,2084.0,80.0,2081.0,2081,79,78.44651188183343,45419.44892547066
4400,0,1802,6,6,3239081,3241149,3287.87599,3289.878532,2.002542000000176,38.918996742362225,33.3625,45.137499999999996,1,1,1,1,2068,80,80,2069.0,80.0,2068.0,2068,80,77.9369255744532,45342.869213226004
4400,0,1803,6,6,3241149,3243051,3289.878532,3291.878856,2.0003239999996367,38.91349365058873,33.3625,45.137499999999996,1,1,1,1,1902,80,80,1902.0,80.0,1902.0,1902,80,77.83959527310799,45685.099013968036
4400,0,1804,6,6,3243051,3245138,3291.878856,3293.879988,2.001132000000325,38.934151753377314,33.3625,45.137499999999996,1,1,1,1,2087,80,80,2088.0,80.0,2087.0,2087,80,77.91237696654571,46313.78639689183
4400,0,1805,6,6,3245138,3247151,3293.879988,3295.880701,2.000712999999905,39.1005918053773,33.3625,45.137499999999996,1,1,1,1,2013,80,80,2014.0,80.0,2013.0,2013,80,78.22906233271351,46228.019710975226
4400,0,1806,6,6,3247151,3249198,3295.880701,3297.883576,2.002875000000131,38.77672106245945,33.3625,45.137499999999996,1,1,1,1,2047,80,80,2048.0,80.0,2047.0,2047,80,77.6649251979834,45569.99313486565
4400,0,1807,6,6,3249198,3250000,3297.883576,3298.64687,0.7632939999998598,38.85990116715846,33.3625,45.137499999999996,1,1,1,1,802,31,31,802.0,31.0,802.0,802,31,29.66152940147731,46308.49973929638
4400,0,1808,6,6,3250000,3251986,3298.64687,3300.647882,2.0010120000001734,38.782754850081275,33.3625,45.137499999999996,1,1,1,1,1986,80,80,1987.0,80.0,1986.0,1986,80,77.60475784807932,44873.793860302794
4400,0,1809,6,6,3251986,3254013,3300.647882,3302.648279,2.0003969999997935,39.2490461010832,33.3625,45.137499999999996,1,1,1,1,2027,80,80,2029.0,80.0,2027.0,2027,80,78.5136740734597,45287.01052841479
4400,0,1810,6,6,3254013,3256112,3302.648279,3304.648969,2.0006899999998495,39.239211711828986,33.3625,45.137499999999996,1,1,1,1,2099,80,80,2100.0,80.0,2099.0,2099,80,78.50549847973161,46013.12547171572
4400,0,1811,6,6,3256112,3258087,3304.648969,3306.649104,2.0001350000002276,39.443375306089635,33.3625,45.137499999999996,1,1,1,1,1975,79,79,1975.0,79.0,1975.0,1975,79,78.89207546785474,45623.42041911652
4400,0,1812,6,6,3258087,3260098,3306.649104,3308.649667,2.0005630000000565,39.507532133767,33.3625,45.137499999999996,1,1,1,1,2011,80,80,2012.0,80.0,2011.0,2011,80,79.03730700812594,46499.9102752562
4400,0,1813,6,6,3260098,3262098,3308.649667,3310.649948,2.0002810000000864,39.417745997526545,33.3625,45.137499999999996,1,1,1,1,2000,80,80,2001.0,80.0,2000.0,2000,80,78.84656838167575,45267.63989659258
4400,0,1814,6,6,3262098,3263000,3310.649948,3311.48665,0.8367019999996046,39.305032682946965,33.3625,45.137499999999996,1,1,1,1,902,33,33,903.0,34.0,902.0,902,33,32.88659945587278,45574.17097128729
4400,0,1815,6,6,3263000,3265077,3311.48665,3313.48731,2.0006600000001526,39.29302547310282,33.3625,45.137499999999996,1,1,1,1,2077,80,80,2079.0,80.0,2077.0,2077,80,78.6119843430206,45791.888676733186
4400,0,1816,6,6,3265077,3267152,3313.48731,3315.493245,2.005935000000136,39.57127259581318,33.3625,45.137499999999996,1,1,1,1,2075,80,80,2078.0,80.0,2075.0,2075,80,79.37740069448773,46604.20203047141
4400,0,1817,6,6,3267152,3269236,3315.493245,3317.497139,2.0038939999999457,39.43333900563938,33.3625,45.137499999999996,1,1,1,1,2084,80,80,2085.0,80.0,2085.0,2084,80,79.02023143335828,46084.7729470733
4400,0,1818,6,6,3269236,3271369,3317.497139,3319.498711,2.001572000000124,39.53607536415282,33.3625,45.137499999999996,1,1,1,1,2133,80,80,2133.0,80.0,2132.0,2133,80,79.13430143878213,46278.12539343789
4400,0,1819,6,6,3271369,3273431,3319.498711,3321.500486,2.001774999999725,39.378944290261316,33.3625,45.137499999999996,1,1,1,1,2062,80,80,2063.0,80.0,2062.0,2062,80,78.82778620663157,46803.46192754574
4400,0,1820,6,6,3273431,3275443,3321.500486,3323.5011,2.0006140000000414,39.307778773559974,33.3625,45.137499999999996,1,1,1,1,2012,80,80,2012.0,80.0,2012.0,2012,80,78.63969252328388,45923.40151573372
4400,0,1821,6,6,3275443,3276000,3323.5011,3324.052565,0.5514650000000074,39.365461044090374,33.3625,45.137499999999996,1,1,1,1,557,22,22,557.0,22.0,557.0,557,22,21.70867397467373,45194.16463420102
4400,0,1822,6,6,3276000,3278035,3324.052565,3326.053282,2.000716999999895,39.33815936026423,33.3625,45.137499999999996,1,1,1,1,2035,80,80,2036.0,80.0,2035.0,2035,80,78.70452418077912,45720.60916161796
4400,0,1823,6,6,3278035,3280102,3326.053282,3328.053911,2.0006290000001172,39.59472453170723,33.3625,45.137499999999996,1,1,1,1,2067,80,80,2067.0,80.0,2067.0,2067,80,79.21435414515145,47219.649420254565
4400,0,1824,6,6,3280102,3282240,3328.053911,3330.054596,2.000684999999976,39.50414513064751,33.3625,45.137499999999996,1,1,1,1,2138,80,80,2138.0,80.0,2138.0,2138,80,79.03535060070863,47320.792628525305
4400,0,1825,6,6,3282240,3284299,3330.054596,3332.054803,2.000207000000046,39.56683224106263,33.3625,45.137499999999996,1,1,1,1,2059,80,80,2059.0,80.0,2059.0,2059,80,79.14185481640743,46291.7088081373
4400,0,1826,6,6,3284299,3286422,3332.054803,3334.055319,2.0005160000000615,39.421576077384586,33.3625,45.137499999999996,1,1,1,1,2123,79,79,2123.0,80.0,2123.0,2123,80,78.86349368802621,46783.929746124064
4400,0,1827,6,6,3286422,3288459,3334.055319,3336.056537,2.0012179999998807,39.438638944117216,33.3625,45.137499999999996,1,1,1,1,2037,80,80,2039.0,79.0,2037.0,2037,79,78.9253141504596,46000.985399894205
4400,0,1828,6,6,3288459,3289000,3336.056537,3336.584866,0.5283290000002125,39.40747174924491,33.3625,45.137499999999996,1,1,1,1,541,22,22,541.0,22.0,541.0,541,22,20.820110141808982,47580.200973238054
4400,0,1829,6,6,3289000,3291107,3336.584866,3338.585334,2.000467999999728,39.52908824962252,33.3625,45.137499999999996,1,1,1,1,2107,79,79,2107.0,79.0,2107.0,2107,79,79.07667611254146,45828.776066406695
4400,0,1830,6,6,3291107,3293201,3338.585334,3340.587294,2.0019600000000537,39.31885027342267,33.3625,45.137499999999996,1,1,1,1,2094,80,80,2094.0,80.0,2094.0,2094,80,78.71476549337967,46598.33363303837
4400,0,1831,6,6,3293201,3295263,3340.587294,3342.58861,2.0013159999998607,39.41380834847434,33.3625,45.137499999999996,1,1,1,1,2062,80,80,2068.0,80.0,2062.0,2062,80,78.87948526872788,46361.99380807752
4400,0,1832,6,6,3295263,3297366,3342.58861,3344.588599,1.9999890000003688,39.695382426450806,33.3625,45.137499999999996,1,1,1,1,2103,80,80,2103.0,80.0,2103.0,2103,80,79.3903282037063,46257.75441764077
4400,0,1833,6,6,3297366,3299386,3344.588599,3346.588597,1.9999979999997777,39.49696542809411,33.3625,45.137499999999996,1,1,1,1,2020,79,79,2021.0,80.0,2020.0,2020,79,78.99385186225118,45937.04593705104
4400,0,1834,6,6,3299386,3301431,3346.588597,3348.588952,2.000355000000127,39.49536806778911,33.3625,45.137499999999996,1,1,1,1,2045,80,80,2045.0,80.0,2045.0,2045,80,79.00475699124217,46387.766171501615
4400,0,1835,6,6,3301431,3302000,3348.588952,3349.168879,0.5799269999997705,39.272329930916165,33.3625,45.137499999999996,1,1,1,1,569,23,23,569.0,23.0,569.0,569,23,22.775084479842917,46435.15476949798
4400,0,1836,6,6,3302000,3304094,3349.168879,3351.169779,2.0009000000000015,39.61297832251403,33.3625,45.137499999999996,1,1,1,1,2094,80,80,2097.0,80.0,2094.0,2094,80,79.2616083255125,45719.42625818378
4400,0,1837,6,6,3304094,3306210,3351.169779,3353.172655,2.0028760000000148,39.87093947483254,33.3625,45.137499999999996,1,1,1,1,2116,80,80,2117.0,80.0,2116.0,2116,80,79.85654777158925,46964.46509918702
4400,0,1838,6,6,3306210,3308295,3353.172655,3355.172998,2.000343000000157,39.63911367573601,33.3625,45.137499999999996,1,1,1,1,2085,80,80,2085.0,80.0,2085.0,2085,80,79.29182356747333,46211.57471493276
4400,0,1839,6,6,3308295,3310326,3355.172998,3357.173651,2.0006530000000566,39.4968573690657,33.3625,45.137499999999996,1,1,1,1,2031,80,80,2031.0,80.0,2031.0,2031,80,79.01950618599949,45581.61760185171
4400,0,1840,6,6,3310326,3312441,3357.173651,3359.176422,2.002770999999939,39.686501060555074,33.3625,45.137499999999996,1,1,1,1,2115,80,80,2115.0,80.0,2115.0,2115,80,79.48297341555008,45715.16164354427
4400,0,1841,6,6,3312441,3314608,3359.176422,3361.177763,2.0013410000001386,39.63105299629159,33.3625,45.137499999999996,1,1,1,1,2167,80,80,2167.0,80.0,2167.0,2167,80,79.3152512346569,46174.04030597165
4400,0,1842,6,6,3314608,3315000,3361.177763,3361.571936,0.39417299999968236,39.45220360293154,33.3625,45.137499999999996,1,1,1,1,392,16,16,392.0,16.0,392.0,392,16,15.550993450771784,46408.55664902147
4400,0,1843,6,6,3315000,3317111,3361.571936,3363.573917,2.0019810000003417,39.417018871320586,33.3625,45.137499999999996,1,1,1,1,2111,80,80,2120.0,80.0,2111.0,2111,80,78.91212285704387,45776.15871478518
4400,0,1844,6,6,3317111,3319210,3363.573917,3365.574343,2.0004260000000613,39.5943997477551,33.3625,45.137499999999996,1,1,1,1,2099,80,80,2100.0,80.0,2099.0,2099,80,79.2056667098077,45561.295444069016
4400,0,1845,6,6,3319210,3321236,3365.574343,3367.576677,2.0023339999997916,39.527971733619076,33.3625,45.137499999999996,1,1,1,1,2026,80,80,2026.0,80.0,2026.0,2026,80,79.1482017532544,46448.7942571068
4400,0,1846,6,6,3321236,3323300,3367.576677,3369.578149,2.0014719999999215,39.407211099759344,33.3625,45.137499999999996,1,1,1,1,2064,80,80,2065.0,80.0,2064.0,2064,80,78.87242961426091,46746.59450644509
4400,0,1847,6,6,3323300,3325380,3369.578149,3371.578123,1.9999739999998383,39.4272580053315,33.3625,45.137499999999996,1,1,1,1,2080,80,80,2080.0,80.0,2080.0,2080,80,78.85349090195086,47284.11469349484
4400,0,1848,6,6,3325380,3327443,3371.578123,3373.578329,2.000206000000162,39.53497024639946,33.3625,45.137499999999996,1,1,1,1,2063,80,80,2064.0,80.0,2063.0,2063,80,79.07808469668089,46593.700848808796
4400,0,1849,6,6,3327443,3328000,3373.578329,3374.160149,0.5818199999998797,39.68263226946025,33.3625,45.137499999999996,1,1,1,1,557,23,23,557.0,23.0,557.0,557,23,23.08814910701767,45567.35760201692
4400,0,1850,6,6,3328000,3330072,3374.160149,3376.161236,2.0010870000000978,39.63132059362514,33.3625,45.137499999999996,1,1,1,1,2072,79,79,2074.0,80.0,2073.0,2072,79,79.30572043273423,47063.42103066753
4400,0,1851,6,6,3330072,3332257,3376.161236,3378.162609,2.001373000000058,39.51098787453166,33.3625,45.137499999999996,1,1,1,1,2185,80,80,2185.0,80.0,2184.0,2185,80,79.0762243354111,46461.104451792504
4400,0,1852,6,6,3332257,3334319,3378.162609,3380.162615,2.0000060000002122,39.34603237525706,33.3625,45.137499999999996,1,1,1,1,2062,80,80,2062.0,80.0,2062.0,2062,80,78.69230082671857,46095.361713909966
4400,0,1853,6,6,3334319,3336416,3380.162615,3382.162939,2.0003239999996367,39.51400072397072,33.3625,45.137499999999996,1,1,1,1,2097,80,80,2097.0,80.0,2097.0,2097,80,79.04080398415681,46308.49802332863
4400,0,1854,6,6,3336416,3338516,3382.162939,3384.164281,2.0013420000000224,39.52914271287494,33.3625,45.137499999999996,1,1,1,1,2100,80,80,2101.0,80.0,2100.0,2100,80,79.11133353527111,45482.481255077335
4400,0,1855,6,6,3338516,3340564,3384.164281,3386.164577,2.000296000000162,39.35369135358272,33.3625,45.137499999999996,1,1,1,1,2048,79,79,2048.0,80.0,2048.0,2048,80,78.71903139981441,46152.66940492433
4400,0,1856,6,6,3340564,3341000,3386.164577,3386.619813,0.45523599999978615,39.489615983190085,33.3625,45.137499999999996,1,1,1,1,436,19,19,437.0,18.0,436.0,436,18,17.97709482171922,45016.211371705285
4400,0,1857,6,6,3341000,3343027,3386.619813,3388.619803,1.9999900000002526,39.34947160460013,33.3625,45.137499999999996,1,1,1,1,2027,80,80,2033.0,80.0,2027.0,2027,80,78.6985497144924,46693.23346616143
4400,0,1858,6,6,3343027,3345069,3388.619803,3390.620606,2.0008029999999053,39.410532653063086,33.3625,45.137499999999996,1,1,1,1,2042,80,80,2045.0,80.0,2042.0,2042,80,78.85271196384565,45962.546037768014
4400,0,1859,6,6,3345069,3347098,3390.620606,3392.620685,2.0000789999999142,39.46291684680666,33.3625,45.137499999999996,1,1,1,1,2029,79,79,2029.0,79.0,2029.0,2029,79,78.92895126403891,45960.68455296213
4400,0,1860,6,6,3347098,3349150,3392.620685,3394.620817,2.0001320000001215,39.40149675806269,33.3625,45.137499999999996,1,1,1,1,2052,80,80,2052.0,80.0,2052.0,2052,80,78.80819451370917,45515.49597726273
4400,0,1861,6,6,3349150,3351232,3394.620817,3396.621395,2.0005780000001323,39.662709767277896,33.3625,45.137499999999996,1,1,1,1,2082,79,79,2085.0,80.0,2082.0,2082,79,79.34834458080877,47216.85432909577
4400,0,1862,6,6,3351232,3353245,3396.621395,3398.622627,2.0012320000000727,39.568116695943814,33.3625,45.137499999999996,1,1,1,1,2013,80,80,2016.0,80.0,2013.0,2013,80,79.18498131165688,46658.75820494406
4400,0,1863,6,6,3353245,3354000,3398.622627,3399.383938,0.7613109999997505,39.31634142982803,33.3625,45.137499999999996,1,1,1,1,755,31,31,755.0,31.0,755.0,755,31,29.931963210270624,46435.687912051166
4400,0,1864,6,6,3354000,3355995,3399.383938,3401.384431,2.000493000000006,39.164770528588924,33.3625,45.137499999999996,1,1,1,1,1995,80,80,2001.0,80.0,1995.0,1995,80,78.34884928904648,45303.83260526267
4400,0,1865,6,6,3355995,3358151,3401.384431,3403.385267,2.000836000000163,39.29854337683445,33.3625,45.137499999999996,1,1,1,1,2156,80,80,2156.0,80.0,2156.0,2156,80,78.62994033594441,45636.42397477482
4400,0,1866,6,6,3358151,3360256,3403.385267,3405.386175,2.0009079999999813,39.4947644801878,33.3625,45.137499999999996,1,1,1,1,2105,79,79,2107.0,79.0,2105.0,2105,79,79.02539020651602,46519.87997449202
4400,0,1867,6,6,3360256,3362281,3405.386175,3407.388712,2.0025369999998475,39.47064970233105,33.3625,45.137499999999996,1,1,1,1,2025,79,79,2027.0,81.0,2025.0,2025,80,79.04143644294527,45783.423727005786
4400,0,1868,6,6,3362281,3364354,3407.388712,3409.389406,2.0006939999998394,39.31293318899181,33.3625,45.137499999999996,1,1,1,1,2073,80,80,2073.0,79.0,2073.0,2073,79,78.65314955360373,46124.99462686818
4400,0,1869,6,6,3364354,3366390,3409.389406,3411.389385,1.9999790000001667,39.32436629653786,33.3625,45.137499999999996,1,1,1,1,2036,80,80,2037.0,80.0,2036.0,2036,80,78.64790678139252,46292.48607109989
4400,0,1870,6,6,3366390,3367000,3411.389385,3411.936712,0.547327000000223,39.67800268384658,33.3625,45.137499999999996,1,1,1,1,610,22,22,611.0,22.0,610.0,610,22,21.716842174952035,46292.25307720919
4400,0,1871,6,6,3367000,3369122,3411.936712,3413.937073,2.0003609999998844,39.09155103344438,33.3625,45.137499999999996,1,1,1,1,2122,80,80,2126.0,80.0,2123.0,2122,80,78.19721411680803,46580.09229334375
4400,0,1872,6,6,3369122,3371163,3413.937073,3415.937527,2.0004539999999906,39.124693504723616,33.3625,45.137499999999996,1,1,1,1,2041,80,80,2043.0,80.0,2040.0,2041,80,78.26714962029655,45865.088624882366
4400,0,1873,6,6,3371163,3373176,3415.937527,3417.938793,2.0012659999997595,39.1805924629271,33.3625,45.137499999999996,1,1,1,1,2013,80,80,2014.0,80.0,2013.0,2013,80,78.41078755589842,45274.341341936
4400,0,1874,6,6,3373176,3375227,3417.938793,3419.941508,2.00271500000008,39.51804295549846,33.3625,45.137499999999996,1,1,1,1,2051,80,80,2053.0,80.0,2051.0,2051,80,79.14337739763141,46625.705604639836
4400,0,1875,6,6,3375227,3377305,3419.941508,3421.941496,1.9999880000000303,39.54900138341064,33.3625,45.137499999999996,1,1,1,1,2078,80,80,2078.0,80.0,2078.0,2078,80,79.09752817881235,45746.77448064619
4400,0,1876,6,6,3377305,3379260,3421.941496,3423.941788,2.0002920000001723,39.24250113499973,33.3625,45.137499999999996,1,1,1,1,1955,80,80,1955.0,80.0,1955.0,1955,80,78.49646108034358,45933.29373911014
4400,0,1877,6,6,3379260,3380000,3423.941788,3424.657395,0.7156070000000909,39.2575056488321,33.3625,45.137499999999996,1,1,1,1,740,28,28,740.0,28.0,740.0,740,28,28.092945844851783,46243.25921909064
4400,0,1878,6,6,3380000,3382064,3424.657395,3426.65764,2.0002449999997225,39.198462258140175,33.3625,45.137499999999996,1,1,1,1,2064,79,79,2070.0,80.0,2064.0,2064,79,78.40652813951601,46482.30591753155
4400,0,1879,6,6,3382064,3384156,3426.65764,3428.65857,2.000930000000153,39.273897180894274,33.3625,45.137499999999996,1,1,1,1,2092,80,80,2093.0,80.0,2092.0,2092,80,78.58431908617786,45523.831418386966
4400,0,1880,6,6,3384156,3386271,3428.65857,3430.658605,2.0000350000000253,39.21928158822556,33.3625,45.137499999999996,1,1,1,1,2115,80,80,2115.0,80.0,2115.0,2115,80,78.43993585130374,46646.183691784805
4400,0,1881,6,6,3386271,3388261,3430.658605,3432.65874,2.000134999999773,39.284117534585185,33.3625,45.137499999999996,1,1,1,1,1990,80,80,1991.0,80.0,1990.0,1990,80,78.57353842502926,45796.408742415086
4400,0,1882,6,6,3388261,3390274,3432.65874,3434.659179,2.0004390000003696,39.47064260849681,33.3625,45.137499999999996,1,1,1,1,2013,80,80,2018.0,80.0,2013.0,2013,80,78.9586128291121,45707.96710121284
4400,0,1883,6,6,3390274,3392386,3434.659179,3436.659356,2.000176999999894,39.310594446956394,33.3625,45.137499999999996,1,1,1,1,2112,80,80,2112.0,80.0,2112.0,2112,80,78.62814686913043,45325.988650006875
4400,0,1884,6,6,3392386,3393000,3436.659356,3437.218309,0.5589529999997467,39.13148268317717,33.3625,45.137499999999996,1,1,1,1,614,22,22,616.0,22.0,614.0,614,22,21.872659640197526,45678.25917386895
4400,0,1885,6,6,3393000,3395060,3437.218309,3439.219245,2.0009359999999106,39.07657104273644,33.3625,45.137499999999996,1,1,1,1,2060,80,80,2065.0,80.0,2060.0,2060,80,78.18971775595855,45703.61071018968
4400,0,1886,6,6,3395060,3397172,3439.219245,3441.222438,2.00319300000001,39.288940930874,33.3625,45.137499999999996,1,1,1,1,2112,80,80,2112.0,80.0,2112.0,2112,80,78.70333145014592,46578.63720570086
4400,0,1887,6,6,3397172,3399167,3441.222438,3443.223623,2.0011850000000777,39.29359773553565,33.3625,45.137499999999996,1,1,1,1,1995,80,80,1996.0,80.0,1995.0,1995,80,78.63375838438515,46584.398743742524
4400,0,1888,6,6,3399167,3401271,3443.223623,3445.224709,2.001086000000214,39.56041913806392,33.3625,45.137499999999996,1,1,1,1,2104,80,80,2108.0,80.0,2104.0,2104,80,79.16380089131417,46104.965003997895
4400,0,1889,6,6,3401271,3403336,3445.224709,3447.225037,2.0003280000000814,39.38629896685947,33.3625,45.137499999999996,1,1,1,1,2065,80,80,2067.0,80.0,2066.0,2065,80,78.7855166397785,45756.495934664854
4400,0,1890,6,6,3403336,3405338,3447.225037,3449.226499,2.0014619999997194,39.40683435734651,33.3625,45.137499999999996,1,1,1,1,2002,80,80,2001.0,80.0,2001.0,2002,80,78.87128150650824,45726.074239737165
4400,0,1891,6,6,3405338,3406000,3449.226499,3449.836971,0.6104720000002999,39.09615895209831,33.3625,45.137499999999996,1,1,1,1,662,24,24,665.0,25.0,662.0,662,24,23.86711034781183,45482.83950776835
4400,0,1892,6,6,3406000,3407988,3449.836971,3451.837286,2.000314999999773,39.168499049608755,33.3625,45.137499999999996,1,1,1,1,1988,79,79,1993.0,79.0,1988.0,1988,79,78.34933617641218,44896.42881246713
4400,0,1893,6,6,3407988,3410022,3451.837286,3453.838572,2.0012860000001638,39.32895577412967,33.3625,45.137499999999996,1,1,1,1,2034,80,80,2035.0,80.0,2034.0,2034,80,78.7084885853983,45400.307602208064
4400,0,1894,6,6,3410022,3412149,3453.838572,3455.838867,2.0002949999998236,39.5151438256046,33.3625,45.137499999999996,1,1,1,1,2127,80,80,2127.0,80.0,2127.0,2127,80,79.0419446186279,45299.31835054729
4400,0,1895,6,6,3412149,3414306,3455.838867,3457.839623,2.0007559999999103,39.447232859912155,33.3625,45.137499999999996,1,1,1,1,2157,80,80,2158.0,80.0,2157.0,2157,80,78.92428782787465,47194.66041836398
4400,0,1896,6,6,3414306,3416350,3457.839623,3459.840603,2.000980000000254,39.41008377708533,33.3625,45.137499999999996,1,1,1,1,2044,80,80,2044.0,80.0,2044.0,2044,80,78.85878943628632,46469.23007725624
4400,0,1897,6,6,3416350,3418475,3459.840603,3461.84354,2.002936999999747,39.420614586107746,33.3625,45.137499999999996,1,1,1,1,2125,80,80,2125.0,80.0,2125.0,2125,80,78.95700751725235,46391.8735337216
4400,0,1898,6,6,3418475,3419000,3461.84354,3462.313049,0.4695090000000164,39.24949411317386,33.3625,45.137499999999996,1,1,1,1,525,19,19,526.0,19.0,525.0,525,19,18.427990731579484,45798.90907309391
4400,0,1899,6,6,3419000,3420949,3462.313049,3464.313016,1.999967000000197,39.445213694464314,33.3625,45.137499999999996,1,1,1,1,1949,80,80,1952.0,80.0,1949.0,1949,80,78.88912569687818,44489.734080607945
4400,0,1900,6,6,3420949,3422926,3464.313016,3466.312984,1.9999680000000808,39.49062565807396,33.3625,45.137499999999996,1,1,1,1,1977,79,79,1977.0,80.0,1977.0,1977,79,78.97998761612689,45077.221235537945
4400,0,1901,6,6,3422926,3424985,3466.312984,3468.313828,2.000843999999688,39.529455493618194,33.3625,45.137499999999996,1,1,1,1,2059,80,80,2059.0,80.0,2059.0,2059,80,79.09227384766564,46388.92387413235
4400,0,1902,6,6,3424985,3427112,3468.313828,3470.315276,2.001447999999982,39.45792110073871,33.3625,45.137499999999996,1,1,1,1,2127,80,80,2127.0,80.0,2127.0,2127,80,78.97297727121622,45381.14405170697
4400,0,1903,6,6,3427112,3429194,3470.315276,3472.316103,2.0008270000002994,39.20404133547691,33.3625,45.137499999999996,1,1,1,1,2082,80,80,2084.0,80.0,2082.0,2082,80,78.4405044131563,45906.01786160735
4400,0,1904,6,6,3429194,3431221,3472.316103,3474.316472,2.000368999999864,39.37137923316517,33.3625,45.137499999999996,1,1,1,1,2027,80,80,2027.0,80.0,2027.0,2027,80,78.7572865052498,45143.171084937894
4400,0,1905,6,6,3431221,3432000,3474.316472,3475.142411,0.8259389999998348,39.38679883098474,33.3625,45.137499999999996,1,1,1,1,779,33,33,779.0,33.0,779.0,779,33,32.531093239667825,43824.05964606011
4400,0,1906,6,6,3432000,3434073,3475.142411,3477.142753,2.0003420000002734,39.42978084486727,33.3625,45.137499999999996,1,1,1,1,2073,78,78,2076.0,79.0,2073.0,2073,78,78.87304667479475,45893.65218547001
4400,0,1907,6,6,3434073,3436101,3477.142753,3479.143362,2.000608999999713,39.210844498699764,33.3625,45.137499999999996,1,1,1,1,2028,80,80,2030.0,80.0,2028.0,2028,80,78.44556840168661,45494.646880031556
4400,0,1908,6,6,3436101,3438149,3479.143362,3481.144284,2.0009220000001733,39.24416203919172,33.3625,45.137499999999996,1,1,1,1,2048,80,80,2053.0,80.0,2048.0,2048,80,78.5245071957761,45238.64498465815
4400,0,1909,6,6,3438149,3440199,3481.144284,3483.145439,2.001154999999926,39.265077051379286,33.3625,45.137499999999996,1,1,1,1,2050,80,80,2050.0,80.0,2050.0,2050,80,78.57550526675186,44943.04539128819
4400,0,1910,6,6,3440199,3442185,3483.145439,3485.146392,2.0009530000002087,39.30026647121453,33.3625,45.137499999999996,1,1,1,1,1986,80,80,1987.0,80.0,1986.0,1986,80,78.63798609637888,45346.89220585918
4400,0,1911,6,6,3442185,3444201,3485.146392,3487.148006,2.0016139999997904,39.08880378517751,33.3625,45.137499999999996,1,1,1,1,2016,80,80,2016.0,80.0,2016.0,2016,80,78.24069689965108,44816.33321909689
4400,0,1912,6,6,3444201,3445000,3487.148006,3487.934656,0.7866500000000087,39.51406552163771,33.3625,45.137499999999996,1,1,1,1,799,32,32,799.0,32.0,799.0,799,32,31.083739642606815,46122.16360516061
4400,0,1913,6,6,3445000,3447026,3487.934656,3489.935157,2.0005009999999857,39.19253307483098,33.3625,45.137499999999996,1,1,1,1,2026,80,80,2030.0,80.0,2026.0,2026,80,78.40470160872792,46122.94620197674
4400,0,1914,6,6,3447026,3449057,3489.935157,3491.935695,2.0005380000002333,39.372444624728566,33.3625,45.137499999999996,1,1,1,1,2031,80,80,2032.0,80.0,2031.0,2031,80,78.76607162467553,46701.93717889343
4400,0,1915,6,6,3449057,3451116,3491.935695,3493.936536,2.0008410000000367,39.5169637460553,33.3625,45.137499999999996,1,1,1,1,2059,79,79,2059.0,79.0,2059.0,2059,79,79.06716125863022,45266.465451276905
4400,0,1916,6,6,3451116,3453152,3493.936536,3495.937775,2.001238999999714,39.34533893759888,33.3625,45.137499999999996,1,1,1,1,2036,80,80,2039.0,80.0,2036.0,2036,80,78.73942675013677,45875.580078148145
4400,0,1917,6,6,3453152,3455205,3495.937775,3497.939107,2.001332000000275,39.29254792602265,33.3625,45.137499999999996,1,1,1,1,2053,80,80,2055.0,80.0,2053.0,2053,80,78.63743352590245,45345.30003017367
4400,0,1918,6,6,3455205,3457217,3497.939107,3499.939094,1.9999869999996918,39.291699393811804,33.3625,45.137499999999996,1,1,1,1,2012,80,80,2015.0,80.0,2012.0,2012,80,78.58288799552247,45046.292800910145
4400,0,1919,6,6,3457217,3458000,3499.939094,3500.713698,0.7746040000001813,39.19752658005591,33.3625,45.137499999999996,1,1,1,1,783,31,31,783.0,31.0,783.0,783,31,30.362560879031662,43935.9982649096
4400,0,1920,6,6,3458000,3459989,3500.713698,3502.714629,2.000931000000037,39.17988159990664,33.3625,45.137499999999996,1,1,1,1,1989,80,80,1993.0,80.0,1989.0,1989,80,78.39623966958607,46030.572768375474
4400,0,1921,6,6,3459989,3462001,3502.714629,3504.71497,2.000340999999935,39.02390946912814,33.3625,45.137499999999996,1,1,1,1,2012,80,80,2013.0,80.0,2012.0,2012,80,78.06112609137199,45782.19413590132
4400,0,1922,6,6,3462001,3464053,3504.71497,3506.715777,2.000806999999895,39.063923237506074,33.3625,45.137499999999996,1,1,1,1,2052,80,80,2053.0,80.0,2052.0,2052,80,78.15937106104684,46325.807536661385
4400,0,1923,6,6,3464053,3466054,3506.715777,3508.71575,1.9999729999999545,39.164223118753114,33.3625,45.137499999999996,1,1,1,1,2001,80,80,2002.0,80.0,2001.0,2001,80,78.3273888034746,44921.60644168798
4400,0,1924,6,6,3466054,3468126,3508.71575,3510.71581,2.0000600000003033,39.36373053644725,33.3625,45.137499999999996,1,1,1,1,2072,80,80,2073.0,80.0,2072.0,2072,80,78.7298228967411,45343.6396908024
4400,0,1925,6,6,3468126,3470089,3510.71581,3512.716073,2.0002629999999044,39.121534879267664,33.3625,45.137499999999996,1,1,1,1,1963,80,80,1966.0,80.0,1963.0,1963,80,78.25335872219875,46041.94548417103
4400,0,1926,6,6,3470089,3471000,3512.716073,3513.569979,0.8539059999998244,39.03829605753899,33.3625,45.137499999999996,1,1,1,1,911,34,34,911.0,34.0,911.0,911,34,33.33503523329273,45440.598848126116
4400,0,1927,6,6,3471000,3473128,3513.569979,3515.569962,1.9999830000001566,39.15423344331423,33.3625,45.137499999999996,1,1,1,1,2128,80,80,2130.0,80.0,2128.0,2128,80,78.30780126465834,45242.884564515254
4400,0,1928,6,6,3473128,3475241,3515.569962,3517.57011,2.000148000000081,39.428429184432986,33.3625,45.137499999999996,1,1,1,1,2113,80,80,2115.0,80.0,2113.0,2113,80,78.86269377637655,46694.044640694694
4400,0,1929,6,6,3475241,3477316,3517.57011,3519.570108,1.9999979999997777,39.33186158475746,33.3625,45.137499999999996,1,1,1,1,2075,80,80,2075.0,80.0,2075.0,2075,80,78.66364450578112,45067.04506705008
4400,0,1930,6,6,3477316,3479377,3519.570108,3521.571901,2.001792999999907,39.40789773054395,33.3625,45.137499999999996,1,1,1,1,2061,80,80,2061.0,80.0,2061.0,2061,80,78.88645382170216,45082.08391177519
4400,0,1931,6,6,3479377,3481534,3521.571901,3523.571892,1.9999910000001364,39.03393534057759,33.3625,45.137499999999996,1,1,1,1,2157,80,80,2157.0,80.0,2157.0,2157,80,78.06751937573426,45968.20685692772
4400,0,1932,6,6,3481534,3483505,3523.571892,3525.573099,2.0012070000002495,39.04100162271393,33.3625,45.137499999999996,1,1,1,1,1971,79,79,1971.0,80.0,1971.0,1971,80,78.1291257343837,44821.949953197654
4400,0,1933,6,6,3483505,3484000,3525.573099,3526.07085,0.49775099999988015,39.148553272550075,33.3625,45.137499999999996,1,1,1,1,495,20,20,495.0,19.0,495.0,495,19,19.486231539951405,44825.62566424853
4400,0,1934,6,6,3484000,3486052,3526.07085,3528.072081,2.001230999999734,39.00570251469838,33.3625,45.137499999999996,1,1,1,1,2052,80,80,2058.0,80.0,2052.0,2052,80,78.05942104916903,44604.046209563945
4400,0,1935,6,6,3486052,3488109,3528.072081,3530.072513,2.0004320000002735,39.238986838356176,33.3625,45.137499999999996,1,1,1,1,2057,80,80,2061.0,80.0,2057.0,2057,80,78.49492491903948,46160.52932565934
4400,0,1936,6,6,3488109,3490149,3530.072513,3532.072691,2.000177999999778,39.14605894865828,33.3625,45.137499999999996,1,1,1,1,2040,80,80,2040.0,80.0,2040.0,2040,80,78.29908589579281,45341.964565158734
4400,0,1937,6,6,3490149,3492166,3532.072691,3534.073142,2.0004510000003393,39.09230114898938,33.3625,45.137499999999996,1,1,1,1,2017,80,80,2017.0,80.0,2017.0,2017,80,78.2022329258034,44668.92715691854
4400,0,1938,6,6,3492166,3494259,3534.073142,3536.073925,2.000782999999956,39.03590218624555,33.3625,45.137499999999996,1,1,1,1,2093,80,80,2093.0,80.0,2093.0,2093,80,78.10236948390957,45037.86767480631
4400,0,1939,6,6,3494259,3496256,3536.073925,3538.074434,2.0005089999999655,39.16034400041339,33.3625,45.137499999999996,1,1,1,1,1997,80,80,1999.0,80.0,1997.0,1997,80,78.34062061592704,44664.63285094021
4400,0,1940,6,6,3496256,3497000,3538.074434,3538.76713,0.692696000000069,39.33793582676125,33.3625,45.137499999999996,1,1,1,1,744,28,28,744.0,28.0,744.0,744,28,27.249230795452604,45940.787878083356
4400,0,1941,6,6,3497000,3499088,3538.76713,3540.767481,2.0003509999996822,39.330840768127665,33.3625,45.137499999999996,1,1,1,1,2088,80,80,2089.0,80.0,2088.0,2088,80,78.67548666134826,45139.07809180206
4400,0,1942,6,6,3499088,3501137,3540.767481,3542.767577,2.0000960000002124,39.336612235648026,33.3625,45.137499999999996,1,1,1,1,2049,79,79,2049.0,79.0,2049.0,2049,79,78.6770007860905,44610.858678778684
4400,0,1943,6,6,3501137,3503241,3542.767577,3544.769668,2.0020909999998366,38.88738561351355,33.3625,45.137499999999996,1,1,1,1,2104,80,80,2106.0,80.0,2104.0,2104,80,77.85608475032495,44945.50946985294
4400,0,1944,6,6,3503241,3505207,3544.769668,3546.769837,2.0001689999999144,38.98343669000461,33.3625,45.137499999999996,1,1,1,1,1966,80,80,1969.0,80.0,1966.0,1966,80,77.973461580812,44193.26566905286
4400,0,1945,6,6,3505207,3507302,3546.769837,3548.770082,2.0002450000001772,39.202369250609436,33.3625,45.137499999999996,1,1,1,1,2095,80,80,2095.0,80.0,2095.0,2095,80,78.41434308170574,45036.48303082473
4400,0,1946,6,6,3507302,3509346,3548.770082,3550.770571,2.000489000000016,38.98566959131197,33.3625,45.137499999999996,1,1,1,1,2044,80,80,2046.0,80.0,2044.0,2044,80,77.99040317506297,45462.38444700235
4400,0,1947,6,6,3509346,3510000,3550.770571,3551.423741,0.6531700000000455,38.87026385115126,33.3625,45.137499999999996,1,1,1,1,654,26,26,654.0,26.0,654.0,654,26,25.388890239672037,43699.19010364531
4400,0,1948,6,6,3510000,3512068,3551.423741,3553.42596,2.002218999999968,39.06867168643463,33.3625,45.137499999999996,1,1,1,1,2068,80,80,2071.0,80.0,2069.0,2068,80,78.22403675533133,44781.81457672783
4400,0,1949,6,6,3512068,3514064,3553.42596,3555.426394,2.000434000000041,39.12237415877986,33.3625,45.137499999999996,1,1,1,1,1996,80,80,1996.0,80.0,1995.0,1996,80,78.26172742794733,45334.16248673944
4400,0,1950,6,6,3514064,3516134,3555.426394,3557.428462,2.002067999999781,39.0115430196121,33.3625,45.137499999999996,1,1,1,1,2070,80,80,2071.0,80.0,2070.0,2070,80,78.10376191016985,45204.75827994349
4400,0,1951,6,6,3516134,3518155,3557.428462,3559.428796,2.0003340000002936,39.15255364742804,33.3625,45.137499999999996,1,1,1,1,2021,80,80,2023.0,80.0,2021.0,2021,80,78.3181842477934,45057.47540160132
4400,0,1952,6,6,3518155,3520246,3559.428796,3561.428853,2.0000569999997424,39.3676445545412,33.3625,45.137499999999996,1,1,1,1,2091,80,80,2092.0,80.0,2091.0,2091,80,78.73753306482104,46116.18568871381
4400,0,1953,6,6,3520246,3522274,3561.428853,3563.431681,2.002828000000136,39.10674332189549,33.3625,45.137499999999996,1,1,1,1,2028,80,80,2030.0,80.0,2028.0,2028,80,78.32408051390667,46369.43362085696
4400,0,1954,6,6,3522274,3523000,3563.431681,3564.100857,0.6691759999998794,39.100032022145264,33.3625,45.137499999999996,1,1,1,1,726,27,27,726.0,27.0,726.0,726,27,26.164803028455935,45920.65465588356
4400,0,1955,6,6,3523000,3524977,3564.100857,3566.101588,2.000731000000087,39.08711744668241,33.3625,45.137499999999996,1,1,1,1,1977,80,80,1980.0,80.0,1977.0,1977,80,78.20280757622095,45518.363038307514
4400,0,1956,6,6,3524977,3527029,3566.101588,3568.103783,2.002195000000029,39.20897589122203,33.3625,45.137499999999996,1,1,1,1,2052,80,80,2054.0,80.0,2052.0,2052,80,78.50401548453374,45637.41293929846
4400,0,1957,6,6,3527029,3529047,3568.103783,3570.104151,2.0003679999999804,39.27685541517375,33.3625,45.137499999999996,1,1,1,1,2018,80,80,2020.0,80.0,2018.0,2018,80,78.56816471312777,45838.06579589401
4400,0,1958,6,6,3529047,3531049,3570.104151,3572.104411,2.0002599999997983,39.25291932222176,33.3625,45.137499999999996,1,1,1,1,2002,80,80,2002.0,80.0,2002.0,2002,80,78.51604440345545,45581.07446032475
4400,0,1959,6,6,3531049,3533074,3572.104411,3574.107137,2.002726000000166,39.114552505964795,33.3625,45.137499999999996,1,1,1,1,2025,80,80,2025.0,80.0,2025.0,2025,80,78.33573128207354,45241.835378375516
4400,0,1960,6,6,3533074,3535176,3574.107137,3576.107535,2.000398000000132,39.149744468223474,33.3625,45.137499999999996,1,1,1,1,2102,80,80,2103.0,80.0,2102.0,2102,80,78.31507053473615,45496.94610772156
4400,0,1961,6,6,3535176,3536000,3576.107535,3576.882064,0.7745289999998022,39.06717485867515,33.3625,45.137499999999996,1,1,1,1,824,31,31,824.0,31.0,824.0,824,31,30.258659876097227,45067.38934243768
4400,0,1962,6,6,3536000,3538064,3576.882064,3578.883619,2.0015550000002804,39.138573595899835,33.3625,45.137499999999996,1,1,1,1,2064,79,79,2064.0,79.0,2064.0,2064,79,78.3380076737667,44895.094064358665
4400,0,1963,6,6,3538064,3540080,3578.883619,3580.884757,2.001137999999628,39.30477389677869,33.3625,45.137499999999996,1,1,1,1,2016,80,80,2017.0,80.0,2016.0,2016,80,78.65427662624279,44237.32895983008
4400,0,1964,6,6,3540080,3542163,3580.884757,3582.885168,2.0004109999999855,39.13516684215764,33.3625,45.137499999999996,1,1,1,1,2083,80,80,2083.0,80.0,2083.0,2083,80,78.28641823789803,46707.901526236696
4400,0,1965,6,6,3542163,3544107,3582.885168,3584.885536,2.0003679999999804,39.07594416985967,33.3625,45.137499999999996,1,1,1,1,1944,80,80,1944.0,80.0,1944.0,1944,80,78.16626828716835,44723.770826168424
4400,0,1966,6,6,3544107,3546152,3584.885536,3586.885571,2.0000350000000253,39.1929717433441,33.3625,45.137499999999996,1,1,1,1,2045,80,80,2045.0,80.0,2045.0,2045,80,78.38731524068862,45019.212163786564
4400,0,1967,6,6,3546152,3548216,3586.885571,3588.88608,2.00050900000042,38.98444836780202,33.3625,45.137499999999996,1,1,1,1,2064,79,79,2069.0,80.0,2064.0,2064,79,77.98873981984798,45288.97395611865
4400,0,1968,6,6,3548216,3549000,3588.88608,3589.660926,0.7748459999997976,39.01482698416356,33.3625,45.137499999999996,1,1,1,1,784,31,31,784.0,31.0,784.0,784,31,30.23048262935481,44459.1570454116
4400,0,1969,6,6,3549000,3551032,3589.660926,3591.662266,2.0013399999998,39.013584992046916,33.3625,45.137499999999996,1,1,1,1,2032,80,80,2035.0,80.0,2032.0,2032,80,78.07944818798569,46366.93415412137
4400,0,1970,6,6,3551032,3553049,3591.662266,3593.662279,2.0000130000003082,38.93983357998896,33.3625,45.137499999999996,1,1,1,1,2017,80,80,2019.0,80.0,2017.0,2017,80,77.88017337783822,45575.70375791855
4400,0,1971,6,6,3553049,3555135,3593.662279,3595.662251,1.9999720000000707,38.97240913920329,33.3625,45.137499999999996,1,1,1,1,2086,80,80,2087.0,80.0,2086.0,2086,80,77.94372705096612,45817.64144697864
4400,0,1972,6,6,3555135,3557135,3595.662251,3597.662246,1.9999949999996716,38.96883717436564,33.3625,45.137499999999996,1,1,1,1,2000,80,80,2000.0,80.0,2000.0,2000,80,77.93747950452962,45012.112530288716
4400,0,1973,6,6,3557135,3559126,3597.662246,3599.663424,2.0011779999999817,39.42531273806241,33.3625,45.137499999999996,1,1,1,1,1991,80,80,1992.0,80.0,1991.0,1991,80,78.89706849452341,44479.801396977586
4400,0,1974,6,6,3559126,3561188,3599.663424,3601.663392,1.9999680000000808,39.16171552940793,33.3625,45.137499999999996,1,1,1,1,2062,80,80,2065.0,80.0,2062.0,2062,80,78.32217788393609,45277.72444358927
4400,0,1975,6,6,3561188,3562000,3601.663392,3602.499157,0.835765000000265,39.22358519514339,33.3625,45.137499999999996,1,1,1,1,812,32,32,814.0,33.0,812.0,812,32,32.78169968063594,43849.64673082551
4400,0,1976,6,6,3562000,3563991,3602.499157,3604.500386,2.0012289999999666,39.272431648999714,33.3625,45.137499999999996,1,1,1,1,1991,80,80,1994.0,80.0,1991.0,1991,80,78.59312911648885,45245.19682655084
4400,0,1977,6,6,3563991,3566063,3604.500386,3606.502367,2.001980999999887,39.22990609254291,33.3625,45.137499999999996,1,1,1,1,2072,80,80,2073.0,80.0,2072.0,2072,80,78.53752662905026,45333.597072102646
4400,0,1978,6,6,3566063,3568126,3606.502367,3608.502647,2.000279999999748,39.41130615997885,33.3625,45.137499999999996,1,1,1,1,2063,80,80,2067.0,80.0,2063.0,2063,80,78.83364748567692,45065.69080329322
4400,0,1979,6,6,3568126,3569579,3608.502647,3609.90735,1.4047030000001541,39.406336503625305,33.3625,45.137499999999996,1,1,1,1,1453,56,56,1454.0,56.0,1453.0,1453,56,55.35419910566998,45910.772597476425
