run,component,index,segment_start,segment_end,ev_start,ev_end,t_start,t_end,dt,current,low,high,covered,nominal,stable,beam2,N,E_raw,E_tight,S,D,A,N_alt,E_alt,charge_uC,s1x_rate
4355,0,0,0,0,1,604,0.005061,2.006732,2.001671,9.716591226865008,8.2875,11.212499999999999,1,1,1,1,603,80,80,603.0,80.0,603.0,603,80,19.44941887767011,11815.128460171527
4355,0,1,0,0,604,1185,2.006732,4.009896,2.0031640000000004,9.724317005562323,8.2875,11.212499999999999,1,1,1,1,581,80,80,581.0,80.0,581.0,581,80,19.47940175013025,12069.406199392559
4355,0,2,0,0,1185,1757,4.009896,6.012791,2.0028949999999996,9.82387121998415,8.2875,11.212499999999999,1,1,1,1,572,80,80,572.0,81.0,572.0,572,81,19.676182547150155,11941.714368451669
4355,0,3,0,0,1757,2305,6.012791,8.015067,2.002276,9.766378076191305,8.2875,11.212499999999999,1,1,1,1,548,80,80,548.0,80.0,548.0,548,80,19.554984428884026,11862.001042813277
4355,0,4,0,0,2305,2857,8.015067,10.017345,2.0022780000000004,9.892566338077742,8.2875,11.212499999999999,1,1,1,1,552,80,80,552.0,80.0,552.0,552,80,19.807667942273625,12057.266773145384
4355,0,5,0,0,2857,3451,10.017345,12.019313,2.0019679999999997,9.763427025173074,8.2875,11.212499999999999,1,1,1,1,594,80,80,594.0,79.0,594.0,594,79,19.546068474731683,12130.064017007266
4355,0,6,0,0,3451,4039,12.019313,14.021898,2.002585,9.802416019422646,8.2875,11.212499999999999,1,1,1,1,588,80,80,588.0,81.0,588.0,588,81,19.630171284255496,12401.970453189253
4355,0,7,0,0,4039,4627,14.021898,16.024175,2.0022769999999994,9.758098875983306,8.2875,11.212499999999999,1,1,1,1,588,80,80,588.0,80.0,588.0,588,80,19.538416943107222,12197.113586182135
4355,0,8,0,0,4627,5202,16.024175,18.026451,2.002276000000002,9.703148999308425,8.2875,11.212499999999999,1,1,1,1,575,80,80,576.0,80.0,575.0,575,80,19.42838236573931,12051.785068591931
4355,0,9,0,0,5202,5775,18.026451,20.028729,2.002277999999997,9.822467999404044,8.2875,11.212499999999999,1,1,1,1,573,80,80,573.0,80.0,573.0,573,80,19.667311580910706,12034.29294034097
4355,0,10,0,0,5775,6336,20.028729,22.029836,2.001107000000001,10.056017602311716,8.2875,11.212499999999999,1,1,1,1,561,80,80,561.0,79.0,561.0,561,79,20.12316721610921,12504.578715680864
4355,0,11,0,0,6336,6936,22.029836,24.033282,2.0034460000000003,10.061144235540619,8.2875,11.212499999999999,1,1,1,1,600,80,80,600.0,81.0,600.0,600,81,20.156959174116906,12224.936434523315
4355,0,12,0,0,6936,7521,24.033282,26.034481,2.0011989999999997,10.119191696135946,8.2875,11.212499999999999,1,1,1,1,585,80,80,585.0,79.0,585.0,585,79,20.250516303115546,12468.525119191047
4355,0,13,0,0,7521,8135,26.034481,28.037641,2.003160000000001,10.160658217950404,8.2875,11.212499999999999,1,1,1,1,614,80,80,614.0,80.0,614.0,614,80,20.35342411586953,12573.134447572827
4355,0,14,0,0,8135,8731,28.037641,30.037689,2.0000479999999996,10.053425919611838,8.2875,11.212499999999999,1,1,1,1,596,80,80,596.0,80.0,596.0,596,80,20.107334403667835,12348.203643112567
4355,0,15,0,0,8731,9338,30.037689,32.04239,2.004700999999997,10.04191929556876,8.2875,11.212499999999999,1,1,1,1,607,80,80,607.0,81.0,607.0,607,81,20.131045653745957,11902.024291901902
4355,0,16,0,0,9338,9896,32.04239,34.044667,2.0022769999999994,10.03042611390704,8.2875,11.212499999999999,1,1,1,1,558,80,80,558.0,80.0,558.0,558,80,20.083691508075447,12065.26369728065
4355,0,17,0,0,9896,10491,34.044667,36.045344,2.000677000000003,10.037721591614256,8.2875,11.212499999999999,1,1,1,1,595,80,80,595.0,79.0,595.0,595,79,20.08223872074609,12284.341750317499
4355,0,18,0,0,10491,11059,36.045344,38.047332,2.001987999999997,10.029087871692543,8.2875,11.212499999999999,1,1,1,1,568,80,80,568.0,80.0,568.0,568,80,20.07811357007398,12119.453263456142
4355,0,19,0,0,11059,11637,38.047332,40.051497,2.0041650000000004,10.056251741077952,8.2875,11.212499999999999,1,1,1,1,578,80,80,578.0,81.0,578.0,578,81,20.15438777065748,12614.729825139146
4355,0,20,0,0,11637,12249,40.051497,42.053775,2.002278000000004,10.167079134294383,8.2875,11.212499999999999,1,1,1,1,612,80,80,612.0,80.0,612.0,612,80,20.35731887485673,12559.694507955413
4355,0,21,0,0,12249,12858,42.053775,44.05605,2.0022749999999974,10.182914367698254,8.2875,11.212499999999999,1,1,1,1,609,80,80,609.0,80.0,609.0,609,80,20.388994865583015,12472.812176149646
4355,0,22,0,0,12858,13000,44.05605,44.525763,0.4697129999999987,10.291369449947684,8.2875,11.212499999999999,1,1,1,1,142,19,19,142.0,18.0,142.0,142,18,4.833990018443274,12722.662562032596
4355,0,23,0,0,13000,13599,44.525763,46.529946,2.0041830000000047,10.041709681311028,8.2875,11.212499999999999,1,1,1,1,599,80,80,600.0,80.0,599.0,599,80,20.12542383421902,12221.9378170556
4355,0,24,0,0,13599,14173,46.529946,48.534243,2.004296999999994,10.108733723981052,8.2875,11.212499999999999,1,1,1,1,574,80,80,574.0,80.0,574.0,574,80,20.260904676773976,12224.236228463184
4355,0,25,0,0,14173,14791,48.534243,50.538422,2.0041790000000006,10.144879443362141,8.2875,11.212499999999999,1,1,1,1,618,80,80,618.0,81.0,618.0,618,81,20.332154337918098,12344.206779933325
4355,0,26,0,0,14791,15414,50.538422,52.5407,2.002278000000004,10.095107343362129,8.2875,11.212499999999999,1,1,1,1,623,80,80,623.0,80.0,623.0,623,80,20.213211341252475,12369.910671744858
4355,0,27,0,0,15414,15986,52.5407,54.542975,2.0022749999999974,10.12317196727538,8.2875,11.212499999999999,1,1,1,1,572,80,80,572.0,80.0,572.0,572,80,20.26937415077623,12317.98828832205
4355,0,28,0,0,15986,16550,54.542975,56.545253,2.002278000000004,10.090371672375262,8.2875,11.212499999999999,1,1,1,1,564,80,80,564.0,80.0,564.0,564,80,20.203729211420182,12558.196214511647
4355,0,29,0,0,16550,17174,56.545253,58.546562,2.001308999999999,10.149520900735734,8.2875,11.212499999999999,1,1,1,1,624,80,80,624.0,79.0,624.0,624,79,20.3123275243305,12300.949028860616
4355,0,30,0,0,17174,17772,58.546562,60.548849,2.0022869999999955,10.082989523851072,8.2875,11.212499999999999,1,1,1,1,598,80,80,598.0,80.0,598.0,598,80,20.189038844743095,12304.929313330234
4355,0,31,0,0,17772,18361,60.548849,62.551518,2.0026690000000045,10.143695097337929,8.2875,11.212499999999999,1,1,1,1,589,80,80,589.0,80.0,589.0,589,80,20.314463716890714,12585.20504386893
4355,0,32,0,0,18361,18869,62.551518,64.554361,2.0028429999999986,9.064286538848208,8.2875,11.212499999999999,1,1,1,1,508,80,80,508.0,81.0,508.0,508,81,18.15434284432638,11140.663546768277
4355,0,33,0,0,18869,18949,64.554361,66.556636,2.0022749999999974,1.01380895366771,8.2875,11.212499999999999,1,0,0,0,80,80,80,80.0,80.0,80.0,80,80,2.0299243227050283,534.3921289533163
4355,0,34,0,0,18949,19029,66.556636,68.558913,2.0022770000000065,1.0155254645108138,8.2875,11.212499999999999,1,0,0,0,80,80,80,80.0,80.0,80.0,80,80,2.033363280504318,560.8614592286664
4355,0,35,0,0,19029,19109,68.558913,70.561191,2.00227799999999,1.0143801655366282,8.2875,11.212499999999999,1,0,0,0,80,80,80,80.0,80.0,80.0,80,80,2.0310710890903465,540.8839332000879
4355,0,36,0,0,19109,19190,70.561191,72.563468,2.0022770000000065,1.0156815856103307,8.2875,11.212499999999999,1,0,0,0,81,80,80,81.0,80.0,81.0,81,80,2.0336758781910476,543.8807917186266
4355,0,37,0,0,19190,19271,72.563468,74.565744,2.002275999999995,1.0152136336391149,8.2875,11.212499999999999,1,0,0,0,81,80,80,81.0,80.0,81.0,81,80,2.032737893508397,573.8469621570667
4355,0,38,0,0,19271,19351,74.565744,76.568021,2.0022770000000065,1.0185958461346434,8.2875,11.212499999999999,1,0,0,0,80,80,80,80.0,80.0,80.0,80,80,2.039511035010946,545.3790859106889
4355,0,39,0,0,19351,19432,76.568021,78.570298,2.0022769999999923,1.0131836480180685,8.2875,11.212499999999999,1,0,0,0,81,80,80,81.0,80.0,81.0,81,80,2.028674315202693,535.8898893609646
4355,0,40,0,0,19432,19512,78.570298,80.572575,2.0022770000000065,1.0127152847195122,8.2875,11.212499999999999,1,0,0,0,80,80,80,80.0,80.0,80.0,80,80,2.0277365221423906,578.3415581360603
4355,0,41,0,0,19512,19592,80.572575,82.574851,2.002275999999995,1.0150054720691302,8.2875,11.212499999999999,1,0,0,0,80,80,80,80.0,80.0,80.0,80,80,2.032321096592682,538.3873152352637
4355,0,42,0,0,19592,19672,82.574851,84.577129,2.002278000000004,1.0165138194977377,8.2875,11.212499999999999,1,0,0,0,80,80,80,80.0,80.0,80.0,80,80,2.0353432574762564,534.3913282770914
4355,0,43,0,0,19672,19752,84.577129,86.579405,2.002275999999995,1.016566683844016,8.2875,11.212499999999999,1,0,0,0,80,80,80,80.0,80.0,80.0,80,80,2.035447073460432,536.8890202949058
4355,0,44,0,0,19752,19832,86.579405,88.581681,2.002276000000009,1.0171911685539643,8.2875,11.212499999999999,1,0,0,0,80,80,80,80.0,80.0,80.0,80,80,2.0366974642075775,548.375948170979
4355,0,45,0,0,19832,19912,88.581681,90.583958,2.0022769999999923,1.0170346351394817,8.2875,11.212499999999999,1,0,0,0,80,80,80,80.0,80.0,80.0,80,80,2.036385058143196,537.887614950381
4355,0,46,0,0,19912,19993,90.583958,92.586236,2.002278000000004,1.017970949032158,8.2875,11.212499999999999,1,0,0,0,81,80,80,81.0,80.0,81.0,81,80,2.0382608358862626,547.8759692709992
4355,0,47,0,0,19993,20073,92.586236,94.588513,2.0022770000000065,1.0177111599040485,8.2875,11.212499999999999,1,0,0,0,80,80,80,80.0,80.0,80.0,80,80,2.0377396481192136,553.3699882683546
4355,0,48,0,0,20073,20153,94.588513,96.59079,2.0022769999999923,1.0151611819452806,8.2875,11.212499999999999,1,0,0,0,80,80,80,80.0,80.0,80.0,80,80,2.0326338859018733,556.8660080498374
4355,0,49,0,0,20153,20234,96.59079,98.593067,2.0022770000000065,1.0144846571807022,8.2875,11.212499999999999,1,0,0,0,81,80,80,81.0,80.0,81.0,81,80,2.031279295925856,570.3506557783944
4355,0,50,0,0,20234,20314,98.593067,100.595344,2.0022769999999923,1.0154734241443142,8.2875,11.212499999999999,1,0,0,0,80,80,80,80.0,80.0,80.0,80,80,2.033259081275446,547.3768115001093
4355,0,51,0,0,20314,20394,100.595344,102.597619,2.0022749999999974,1.0130803878088945,8.2875,11.212499999999999,1,0,0,0,80,80,80,80.0,80.0,80.0,80,80,2.0284655335000252,531.8949694722261
4355,0,52,0,0,20394,20474,102.597619,104.599897,2.002278000000004,1.0151087303038326,8.2875,11.212499999999999,1,0,0,0,80,80,80,80.0,80.0,80.0,80,80,2.0325298782953496,539.885070904239
4355,0,53,0,0,20474,20554,104.599897,106.602172,2.0022749999999974,1.0183885104945507,8.2875,11.212499999999999,1,0,0,0,80,80,80,80.0,80.0,80.0,80,80,2.039093854850421,543.3819030852412
4355,0,54,0,0,20554,20634,106.602172,108.60445,2.002278000000004,1.017554626308038,8.2875,11.212499999999999,1,0,0,0,80,80,80,80.0,80.0,80.0,80,80,2.0374272420548323,539.885070904239
4355,0,55,0,0,20634,20714,108.60445,110.606728,2.002278000000004,1.0166699405192827,8.2875,11.212499999999999,1,0,0,0,80,80,80,80.0,80.0,80.0,80,80,2.0356558551630997,543.8805200876191
4355,0,56,0,0,20714,20794,110.606728,112.609004,2.002275999999995,1.0147452701066493,8.2875,11.212499999999999,1,0,0,0,80,80,80,80.0,80.0,80.0,80,80,2.031800100448095,539.8856101756215
4355,0,57,0,0,20794,20874,112.609004,114.611281,2.0022770000000065,1.0129754865520402,8.2875,11.212499999999999,1,0,0,0,80,80,80,80.0,80.0,80.0,80,80,2.0282575182869778,531.8944381821279
4355,0,58,0,0,20874,20955,114.611281,116.613558,2.0022769999999923,1.0115703966563951,8.2875,11.212499999999999,1,0,0,0,81,80,80,81.0,80.0,81.0,81,80,2.025444139105957,559.3631650366079
4355,0,59,0,0,20955,21037,116.613558,118.615835,2.0022770000000065,1.0105816296927832,8.2875,11.212499999999999,1,0,0,0,82,80,80,82.0,80.0,82.0,82,80,2.023464353756367,532.8933009768361
4355,0,60,0,0,21037,21117,118.615835,120.618111,2.002275999999995,1.0113106042019004,8.2875,11.212499999999999,1,0,0,0,80,80,80,80.0,80.0,80.0,80,80,2.024922951338908,567.3543507488492
4355,0,61,0,0,21117,21197,120.618111,122.620389,2.002278000000004,1.0127148746401422,8.2875,11.212499999999999,1,0,0,0,80,80,80,80.0,80.0,80.0,80,80,2.027736713764739,537.887346312549
4355,0,62,0,0,21197,21279,122.620389,124.622665,2.002275999999995,1.0136524218642289,8.2875,11.212499999999999,1,0,0,0,82,80,80,82.0,80.0,82.0,82,80,2.029611916640647,548.8753798177688
4355,0,63,0,0,21279,21359,124.622665,126.624942,2.0022770000000065,1.0171907562389926,8.2875,11.212499999999999,1,0,0,0,80,80,80,80.0,80.0,80.0,80,80,2.0366976558299257,551.3722626789382
4355,0,64,0,0,21359,21439,126.624942,128.627219,2.0022769999999923,1.018127482836099,8.2875,11.212499999999999,1,0,0,0,80,80,80,80.0,80.0,80.0,80,80,2.038573241950644,534.8910265662564
4355,0,65,0,0,21439,21520,128.627219,130.629495,2.002275999999995,1.0164105626665272,8.2875,11.212499999999999,1,0,0,0,81,80,80,81.0,80.0,81.0,81,80,2.0351344757737024,535.390725354548
4355,0,66,0,0,21520,21664,130.629495,132.631773,2.002278000000018,1.8665927818103532,8.2875,11.212499999999999,1,0,0,0,144,80,80,144.0,80.0,144.0,144,80,3.7374376619776513,2002.718903169272
4355,0,67,0,0,21664,21871,132.631773,134.634048,2.0022749999999974,2.838398066234256,8.2875,11.212499999999999,1,0,0,1,207,80,80,207.0,80.0,207.0,207,80,5.6832534880692265,3667.8278458253785
4355,0,68,0,0,21871,22119,134.634048,136.635102,2.001053999999982,3.1058415119264917,8.2875,11.212499999999999,1,0,0,1,248,80,80,248.0,79.0,248.0,248,79,6.214956580806529,3965.9099654482443
4355,0,69,0,0,22119,22411,136.635102,138.638603,2.003501,4.18229223177151,8.2875,11.212499999999999,1,0,0,1,292,80,80,292.0,81.0,292.0,292,81,8.379226668646425,5337.656432415058
4355,0,70,0,0,22411,22789,138.638603,140.640179,2.001576,6.232969958903394,8.2875,11.212499999999999,1,0,0,1,378,80,80,378.0,79.0,378.0,378,79,12.475763078462023,7543.555678125637
4355,0,71,0,0,22789,23226,140.640179,142.643156,2.0029770000000156,7.495744465315702,8.2875,11.212499999999999,1,0,0,1,437,80,80,437.0,81.0,437.0,437,81,15.013803761904796,9328.115100672576
4355,0,72,0,0,23226,23788,142.643156,144.643272,2.0001159999999913,9.216419356398843,8.2875,11.212499999999999,1,1,0,1,562,80,80,562.0,79.0,562.0,562,79,18.4339078174429,11136.354091462743
4355,0,73,0,0,23788,24290,144.643272,146.647712,2.0044400000000167,9.16882750781951,8.2875,11.212499999999999,1,1,1,1,502,80,80,502.0,81.0,502.0,502,81,18.37836460977394,11084.891540779377
4355,0,74,0,0,24290,24853,146.647712,148.649986,2.002274,9.437700192753091,8.2875,11.212499999999999,1,1,1,1,563,80,80,563.0,80.0,563.0,563,80,18.896861715744535,11596.814422002184
4355,0,75,0,0,24853,25378,148.649986,150.650571,2.000585000000001,9.499309386515224,8.2875,11.212499999999999,1,1,1,1,525,80,80,525.0,79.0,525.0,525,79,19.004175869021537,11372.173639210525
4355,0,76,0,0,25378,25962,150.650571,152.653142,2.002570999999989,9.65096390934983,8.2875,11.212499999999999,1,1,1,1,584,80,80,584.0,80.0,584.0,584,80,19.326740446910435,11806.32297181979
4355,0,77,0,0,25962,26000,152.653142,152.779358,0.12621599999999944,9.539469478446279,8.2875,11.212499999999999,1,1,1,1,38,5,5,38.0,5.0,38.0,38,5,1.2040336796915199,12351.841287950869
4355,0,78,0,0,26000,26554,152.779358,154.781959,2.0026009999999985,9.544885159594562,8.2875,11.212499999999999,1,1,1,1,554,79,79,555.0,81.0,554.0,554,80,19.11459656548925,11566.457821603013
4355,0,79,0,0,26554,27114,154.781959,156.783259,2.0012999999999863,9.550757241720214,8.2875,11.212499999999999,1,1,1,1,560,80,80,561.0,79.0,560.0,560,79,19.113930467854516,11662.9191025834
4355,0,80,0,0,27114,27720,156.783259,158.786513,2.0032540000000267,9.687166150933844,8.2875,11.212499999999999,1,1,1,1,606,80,80,606.0,81.0,606.0,606,81,19.405854340523092,12067.366394875376
4355,0,81,0,0,27720,28282,158.786513,160.787393,2.000879999999995,9.866431840741374,8.2875,11.212499999999999,1,1,1,1,562,80,80,562.0,79.0,562.0,562,79,19.741546141502567,12156.651073527677
4355,0,82,0,0,28282,28883,160.787393,162.791067,2.0036739999999895,9.809673517733803,8.2875,11.212499999999999,1,1,1,1,601,80,80,601.0,81.0,601.0,601,81,19.65538777597169,11729.452994848525
4355,0,83,0,0,28883,29426,162.791067,164.793344,2.0022769999999923,9.83288088265187,8.2875,11.212499999999999,1,1,1,1,543,80,80,543.0,80.0,543.0,543,80,19.68815123507352,11924.923474624185
4355,0,84,0,0,29426,29956,164.793344,166.795621,2.0022770000000207,9.862908174125455,8.2875,11.212499999999999,1,1,1,1,530,80,80,530.0,80.0,530.0,530,80,19.748274190163556,11918.930297855768
4355,0,85,0,0,29956,30526,166.795621,168.797898,2.0022769999999923,9.796452626097958,8.2875,11.212499999999999,1,1,1,1,570,80,80,570.0,80.0,570.0,570,80,19.61521177482541,12053.277343744194
4355,0,86,0,0,30526,31104,168.797898,170.798255,2.000357000000008,9.79676417344787,8.2875,11.212499999999999,1,1,1,1,578,80,80,578.0,79.0,578.0,578,79,19.597025791705846,11682.41468897797
4355,0,87,0,0,31104,31656,170.798255,172.802451,2.004195999999979,9.796926325946613,8.2875,11.212499999999999,1,1,1,1,552,80,80,552.0,81.0,552.0,552,81,19.634960554756617,11926.977201830685
4355,0,88,0,0,31656,32268,172.802451,174.803415,2.0009640000000104,9.917371165849703,8.2875,11.212499999999999,1,1,1,1,612,80,80,612.0,79.0,612.0,612,79,19.844302677503492,12064.684821915775
4355,0,89,0,0,32268,32862,174.803415,176.807004,2.003589000000005,9.93572874733972,8.2875,11.212499999999999,1,1,1,1,594,80,80,594.0,81.0,594.0,594,81,19.907116825153707,12032.90694848092
4355,0,90,0,0,32862,33447,176.807004,178.807637,2.0006329999999934,10.008615334984553,8.2875,11.212499999999999,1,1,1,1,585,80,80,585.0,79.0,585.0,585,79,20.02356612347603,12422.068415346583
4355,0,91,0,0,33447,34061,178.807637,180.811559,2.0039219999999887,9.928233794797604,8.2875,11.212499999999999,1,1,1,1,614,80,80,614.0,81.0,614.0,614,81,19.89540612253836,12077.815403992838
4355,0,92,0,0,34061,34606,180.811559,182.81327,2.0017110000000002,9.954396722211003,8.2875,11.212499999999999,1,1,1,1,545,80,80,545.0,79.0,545.0,545,79,19.925825417213673,12073.67097448133
4355,0,93,0,0,34606,35173,182.81327,184.816112,2.0028420000000153,9.955907174920721,8.2875,11.212499999999999,1,1,1,1,567,80,80,567.0,81.0,567.0,567,81,19.940109038032688,12425.842877271301
4355,0,94,0,0,35173,35764,184.816112,186.816243,2.000130999999982,9.811550784551136,8.2875,11.212499999999999,1,1,1,1,591,80,80,591.0,79.0,591.0,591,79,19.62438688225484,11920.719192892973
4355,0,95,0,0,35764,36323,186.816243,188.820666,2.0044230000000027,9.781854658650577,8.2875,11.212499999999999,1,1,1,1,559,80,80,559.0,81.0,559.0,559,81,19.606974460456286,11897.189365717699
4355,0,96,0,0,36323,36945,188.820666,190.820643,1.9999770000000012,9.86131782856859,8.2875,11.212499999999999,1,1,1,1,622,80,80,622.0,79.0,622.0,622,79,19.722408846827193,12300.141451626687
4355,0,97,0,0,36945,37526,190.820643,192.825219,2.0045760000000143,9.791154952400587,8.2875,11.212499999999999,1,1,1,1,581,80,80,581.0,81.0,581.0,581,81,19.627114229863537,11877.32468112949
4355,0,98,0,0,37526,38096,192.825219,194.827496,2.0022769999999923,9.965375655775091,8.2875,11.212499999999999,1,1,1,1,570,80,80,570.0,80.0,570.0,570,80,19.95344247191838,11760.610544894682
4355,0,99,0,0,38096,38681,194.827496,196.829773,2.0022769999999923,9.849689921033173,8.2875,11.212499999999999,1,1,1,1,585,80,80,585.0,80.0,585.0,585,80,19.72180758601644,12112.210248631978
4355,0,100,0,0,38681,39000,196.829773,197.965582,1.1358090000000232,9.9376316889484,8.2875,11.212499999999999,1,1,1,1,319,46,46,319.0,45.0,319.0,319,45,11.287251510992974,12064.528455048094
4355,0,101,0,0,39000,39581,197.965582,199.96758,2.001997999999986,9.87070987678606,8.2875,11.212499999999999,1,1,1,1,581,80,80,582.0,80.0,581.0,581,80,19.7611414319058,12050.961089871302
4355,0,102,0,0,39581,40228,199.96758,201.97055,2.002970000000005,9.756505744954964,8.2875,11.212499999999999,1,1,1,1,647,80,80,647.0,80.0,647.0,647,80,19.541988311972545,12121.00031453289
4355,0,103,0,0,40228,40817,201.97055,203.976242,2.0056920000000105,9.885353186363288,8.2875,11.212499999999999,1,1,1,1,589,80,80,589.0,80.0,589.0,589,80,19.826973803063538,12265.59212481272
4355,0,104,0,0,40817,41401,203.976242,205.979429,2.003186999999997,9.872039088738056,8.2875,11.212499999999999,1,1,1,1,584,80,80,584.0,80.0,584.0,584,80,19.775540366051928,12215.534545701443
4355,0,105,0,0,41401,41959,205.979429,207.98382,2.0043909999999983,9.828222858242299,8.2875,11.212499999999999,1,1,1,1,558,80,80,558.0,80.0,558.0,558,80,19.699601443055144,11600.032129459782
4355,0,106,0,0,41959,42570,207.98382,209.990835,2.0070149999999956,9.87299268224125,8.2875,11.212499999999999,1,1,1,1,611,80,80,611.0,80.0,611.0,611,80,19.815244408148374,12102.55030480592
4355,0,107,0,0,42570,43144,209.990835,211.99702,2.006184999999988,9.874245297636248,8.2875,11.212499999999999,1,1,1,1,574,80,80,574.0,81.0,574.0,574,81,19.809562802438222,12190.301492634102
4355,0,108,0,0,43144,43720,211.99702,213.998878,2.0018579999999986,9.807207581909877,8.2875,11.212499999999999,1,1,1,1,576,80,80,576.0,79.0,576.0,576,79,19.632636955506996,11878.964442033359
4355,0,109,0,0,43720,44319,213.998878,215.999158,2.0002800000000036,9.937887372437633,8.2875,11.212499999999999,1,1,1,1,599,80,80,599.0,80.0,599.0,599,80,19.878557353339602,12216.789649449054
4355,0,110,0,0,44319,44884,215.999158,218.001749,2.0025909999999953,9.909937795675337,8.2875,11.212499999999999,1,1,1,1,565,80,80,565.0,80.0,565.0,565,80,19.84555224017913,12019.428829950826
4355,0,111,0,0,44884,45454,218.001749,220.002743,2.00099400000002,9.843957608606615,8.2875,11.212499999999999,1,1,1,1,570,80,80,570.0,80.0,570.0,570,80,19.6977001110763,11814.628129819363
4355,0,112,0,0,45454,46022,220.002743,222.003534,2.0007909999999924,9.858165003681062,8.2875,11.212499999999999,1,1,1,1,568,80,80,568.0,80.0,568.0,568,80,19.72412781587991,11984.260225081025
4355,0,113,0,0,46022,46604,222.003534,224.007621,2.0040869999999984,9.869667532844073,8.2875,11.212499999999999,1,1,1,1,582,80,80,582.0,80.0,582.0,582,80,19.779672396894966,12152.666026973888
4355,0,114,0,0,46604,47176,224.007621,226.012959,2.0053379999999947,9.92738609171453,8.2875,11.212499999999999,1,1,1,1,572,80,80,572.0,81.0,572.0,572,81,19.90776457038669,12193.954335877575
4355,0,115,0,0,47176,47711,226.012959,228.015233,2.002274,9.889567372151069,8.2875,11.212499999999999,1,1,1,1,535,80,80,535.0,80.0,535.0,535,80,19.80162362050646,11984.873199172542
4355,0,116,0,0,47711,48318,228.015233,230.016085,2.000852000000009,9.884794330715,8.2875,11.212499999999999,1,1,1,1,607,80,80,607.0,79.0,607.0,607,79,19.778010506199962,12127.333755819966
4355,0,117,0,0,48318,48890,230.016085,232.01966,2.0035749999999837,9.947706357817646,8.2875,11.212499999999999,1,1,1,1,572,80,80,572.0,80.0,572.0,572,80,19.930975765864332,11785.93264539645
4355,0,118,0,0,48890,49453,232.01966,234.02146,2.001800000000003,9.782813171594546,8.2875,11.212499999999999,1,1,1,1,563,80,80,563.0,80.0,563.0,563,80,19.583235406897984,11591.068038765094
4355,0,119,0,0,49453,50048,234.02146,236.024342,2.0028819999999996,9.827471415503329,8.2875,11.212499999999999,1,1,1,1,595,80,80,595.0,81.0,595.0,595,81,19.68326560362607,12148.494020117014
4355,0,120,0,0,50048,50624,236.024342,238.026619,2.0022770000000207,9.872171359363447,8.2875,11.212499999999999,1,1,1,1,576,80,80,576.0,80.0,576.0,576,80,19.766821652912313,11752.61964253685
4355,0,121,0,0,50624,51228,238.026619,240.027738,2.0011189999999885,9.861110709027251,8.2875,11.212499999999999,1,1,1,1,604,80,80,604.0,79.0,604.0,604,79,19.7332560009379,12080.740825508197
4355,0,122,0,0,51228,51797,240.027738,242.031172,2.0034339999999986,9.842708027282882,8.2875,11.212499999999999,1,1,1,1,569,80,80,569.0,81.0,569.0,569,81,19.71921591393152,11898.570155043799
4355,0,123,0,0,51797,52000,242.031172,242.783644,0.7524720000000116,9.827744049316198,8.2875,11.212499999999999,1,1,1,1,203,31,31,203.0,30.0,203.0,203,30,7.395102220277067,11749.274391605088
4355,0,124,0,0,52000,52579,242.783644,244.784302,2.000657999999987,9.835214254210333,8.2875,11.212499999999999,1,1,1,1,579,79,79,579.0,80.0,579.0,579,80,19.67690007939973,11869.594903276899
4355,0,125,0,0,52579,53166,244.784302,246.784688,2.000385999999992,9.842724187408903,8.2875,11.212499999999999,1,1,1,1,587,80,80,587.0,79.0,587.0,587,79,19.68924766635405,12055.173351543202
4355,0,126,0,0,53166,53738,246.784688,248.78694,2.0022519999999986,9.933440424252561,8.2875,11.212499999999999,1,1,1,1,572,80,80,572.0,80.0,572.0,572,80,19.889250956340447,11829.67978056709
4355,0,127,0,0,53738,54277,248.78694,250.787145,2.0002050000000224,9.836304324133332,8.2875,11.212499999999999,1,1,1,1,539,80,80,540.0,80.0,539.0,539,80,19.674625090653308,11793.791136408387
4355,0,128,0,0,54277,54875,250.787145,252.789324,2.002178999999984,9.891692896442274,8.2875,11.212499999999999,1,1,1,1,598,80,80,598.0,80.0,598.0,598,80,19.804939791705692,12335.060951093883
4355,0,129,0,0,54875,55448,252.789324,254.79075,2.0014260000000093,9.950476551960618,8.2875,11.212499999999999,1,1,1,1,573,80,80,574.0,80.0,573.0,573,80,19.915142483484487,12071.393096721982
4355,0,130,0,0,55448,56044,254.79075,256.791405,2.0006549999999947,9.912675477753657,8.2875,11.212499999999999,1,1,1,1,596,80,80,596.0,80.0,596.0,596,80,19.83184375794508,12297.972414034437
4355,0,131,0,0,56044,56638,256.791405,258.79645,2.0050449999999955,9.939670213822717,8.2875,11.212499999999999,1,1,1,1,594,80,80,594.0,80.0,594.0,594,80,19.929486063874037,12100.975289831427
4355,0,132,0,0,56638,57228,258.79645,260.798313,2.0018630000000144,10.02153011386631,8.2875,11.212499999999999,1,1,1,1,590,80,80,590.0,80.0,590.0,590,80,20.061730338334883,12394.954100255523
4355,0,133,0,0,57228,57889,260.798313,262.801035,2.0027220000000057,10.14062217048342,8.2875,11.212499999999999,1,1,1,1,661,80,80,661.0,80.0,661.0,661,80,20.308847114514947,12434.077220902316
4355,0,134,0,0,57889,58482,262.801035,264.807071,2.0060359999999946,10.283027519517967,8.2875,11.212499999999999,1,1,1,1,593,80,80,593.0,81.0,593.0,593,81,20.628123393143596,12369.169845406595
4355,0,135,0,0,58482,59067,264.807071,266.807244,2.000173000000018,10.14309043277438,8.2875,11.212499999999999,1,1,1,1,585,80,80,585.0,79.0,585.0,585,79,20.28793562019382,12072.455732579023
4355,0,136,0,0,59067,59675,266.807244,268.808472,2.001227999999969,10.243281235512235,8.2875,11.212499999999999,1,1,1,1,608,80,80,608.0,80.0,608.0,608,80,20.49914122038126,12515.31559622411
4355,0,137,0,0,59675,60296,268.808472,270.812191,2.0037189999999896,10.23255323002801,8.2875,11.212499999999999,1,1,1,1,621,80,80,621.0,80.0,621.0,621,80,20.503161325518477,12585.098010250005
4355,0,138,0,0,60296,60874,270.812191,272.814212,2.0020210000000134,10.205833541571707,8.2875,11.212499999999999,1,1,1,1,578,80,80,578.0,80.0,578.0,578,80,20.432293072731,12495.373425153799
4355,0,139,0,0,60874,61446,272.814212,274.814922,2.0007100000000264,10.283850831891712,8.2875,11.212499999999999,1,1,1,1,572,80,80,572.0,80.0,572.0,572,80,20.575003197874366,12486.567268619476
4355,0,140,0,0,61446,62030,274.814922,276.815449,2.000526999999977,10.145027585116818,8.2875,11.212499999999999,1,1,1,1,584,80,80,584.0,80.0,584.0,584,80,20.295401599770685,12519.70105877116
4355,0,141,0,0,62030,62632,276.815449,278.815715,2.0002660000000105,10.271192500429379,8.2875,11.212499999999999,1,1,1,1,602,80,80,602.0,80.0,602.0,602,80,20.545117138064143,12574.827547936058
4355,0,142,0,0,62632,63263,278.815715,280.82141,2.005695000000003,10.202088092501903,8.2875,11.212499999999999,1,1,1,1,631,80,80,631.0,80.0,631.0,631,80,20.462277076690498,12369.278479529521
4355,0,143,0,0,63263,63909,280.82141,282.826218,2.0048079999999686,10.302566272028455,8.2875,11.212499999999999,1,1,1,1,646,80,80,646.0,80.0,646.0,646,80,20.65466728269257,12311.902187142303
4355,0,144,0,0,63909,64507,282.826218,284.829846,2.003627999999992,10.195045413003783,8.2875,11.212499999999999,1,1,1,1,598,80,80,598.0,81.0,598.0,598,81,20.427078450765748,12548.736591822484
4355,0,145,0,0,64507,65000,284.829846,286.456703,1.6268570000000295,10.114989423563552,8.2875,11.212499999999999,1,1,1,1,493,65,65,493.0,65.0,493.0,493,65,16.455641348650715,12032.403585563849
4355,0,146,0,0,65000,65575,286.456703,288.458972,2.0022690000000125,10.026822584313827,8.2875,11.212499999999999,1,1,1,1,575,80,80,575.0,80.0,575.0,575,80,20.076396029071475,12166.19744899404
4355,0,147,0,0,65575,66131,288.458972,290.461248,2.002275999999995,9.922291092109925,8.2875,11.212499999999999,1,1,1,1,556,80,80,556.0,80.0,556.0,556,80,19.867165318745265,11879.980582097603
4355,0,148,0,0,66131,66724,290.461248,292.462495,2.001246999999978,10.05642093507215,8.2875,11.212499999999999,1,1,1,1,593,80,80,594.0,79.0,593.0,593,79,20.125382227050068,12326.814231326904
4355,0,149,0,0,66724,67316,292.462495,294.465803,2.003308000000004,9.969135901360424,8.2875,11.212499999999999,1,1,1,1,592,80,80,592.0,81.0,592.0,592,81,19.9712497042824,12096.991575933382
4355,0,150,0,0,67316,67923,294.465803,296.467867,2.0020640000000185,9.971411894089115,8.2875,11.212499999999999,1,1,1,1,607,80,80,608.0,79.0,607.0,607,79,19.96340478232787,12275.831342054886
4355,0,151,0,0,67923,68522,296.467867,298.470357,2.002489999999966,9.906733487340883,8.2875,11.212499999999999,1,1,1,1,599,80,80,599.0,81.0,599.0,599,81,19.838134741065005,12279.212380586378
4355,0,152,0,0,68522,69089,298.470357,300.472633,2.002275999999995,10.023301493945034,8.2875,11.212499999999999,1,1,1,1,567,80,80,567.0,80.0,567.0,567,80,20.06941602209008,12245.06511589814
4355,0,153,0,0,69089,69658,300.472633,302.47491,2.002277000000049,9.975419446510392,8.2875,11.212499999999999,1,1,1,1,569,79,79,570.0,80.0,569.0,569,79,19.973552923101124,12093.731286929533
4355,0,154,0,0,69658,70239,302.47491,304.477186,2.002275999999995,10.035635066966632,8.2875,11.212499999999999,1,1,1,1,581,80,80,582.0,80.0,581.0,581,80,20.094111239345693,12371.421322534987
4355,0,155,0,0,70239,70841,304.477186,306.478653,2.001466999999991,10.09943263160188,8.2875,11.212499999999999,1,1,1,1,602,80,80,602.0,79.0,602.0,602,79,20.213681130874193,12290.48492930441
4355,0,156,0,0,70841,71361,306.478653,308.478754,2.0001009999999724,9.673273390857798,8.2875,11.212499999999999,1,1,1,1,520,80,80,520.0,80.0,520.0,520,80,19.3475237823277,11990.394485078668
4355,0,157,0,0,71361,71975,308.478754,310.482226,2.0034720000000448,9.711825537512492,8.2875,11.212499999999999,1,1,1,1,614,80,80,614.0,80.0,614.0,614,80,19.45737053329185,11764.077561353228
4355,0,158,0,0,71975,72566,310.482226,312.485584,2.0033579999999915,9.695879384898126,8.2875,11.212499999999999,1,1,1,1,591,80,80,591.0,80.0,591.0,591,80,19.4243175327706,11747.276323053642
4355,0,159,0,0,72566,73126,312.485584,314.486456,2.0008719999999585,9.69904326090212,8.2875,11.212499999999999,1,1,1,1,560,80,80,560.0,80.0,560.0,560,80,19.406544087527436,11812.349815480697
4355,0,160,0,0,73126,73711,314.486456,316.488119,2.0016630000000077,9.706374198150543,8.2875,11.212499999999999,1,1,1,1,585,80,80,585.0,80.0,585.0,585,80,19.428890096592568,11823.169034947396
4355,0,161,0,0,73711,74256,316.488119,318.493123,2.005004000000042,9.770500667473575,8.2875,11.212499999999999,1,1,1,1,545,80,80,545.0,81.0,545.0,545,81,19.58989292028764,11517.1840056177
4355,0,162,0,0,74256,74837,318.493123,320.494555,2.0014319999999657,9.798373207546923,8.2875,11.212499999999999,1,1,1,1,581,80,80,581.0,79.0,581.0,581,79,19.6107776855265,11905.475679413745
4355,0,163,0,0,74837,75411,320.494555,322.497675,2.003120000000024,9.644261905683559,8.2875,11.212499999999999,1,1,1,1,574,80,80,575.0,81.0,575.0,574,80,19.31861390851327,11668.29745596855
4355,0,164,0,0,75411,75974,322.497675,324.499824,2.0021489999999744,9.675024214146916,8.2875,11.212499999999999,1,1,1,1,563,80,80,562.0,79.0,562.0,563,80,19.37084005532961,11703.42467019203
4355,0,165,0,0,75974,76522,324.499824,326.502231,2.002407000000005,9.610941644411971,8.2875,11.212499999999999,1,1,1,1,548,80,80,548.0,81.0,548.0,548,81,19.2450168253622,11720.893904186281
4355,0,166,0,0,76522,77067,326.502231,328.504509,2.00227799999999,9.649173665489107,8.2875,11.212499999999999,1,1,1,1,545,80,80,545.0,80.0,545.0,545,80,19.320328148588032,11797.063145077816
4355,0,167,0,0,77067,77684,328.504509,330.506785,2.002275999999995,9.719958046084727,8.2875,11.212499999999999,1,1,1,1,617,80,80,617.0,80.0,617.0,617,80,19.4620387166824,11865.49706434081
4355,0,168,0,0,77684,78000,330.506785,331.62104,1.1142550000000142,9.694306279076573,8.2875,11.212499999999999,1,1,1,1,316,45,45,316.0,44.0,316.0,316,44,10.801929242992628,11791.735285010911
4355,0,169,0,0,78000,78561,331.62104,333.623994,2.0029539999999884,9.735460903780442,8.2875,11.212499999999999,1,1,1,1,561,80,80,561.0,80.0,561.0,561,80,19.49968035907068,11860.98133057481
4355,0,170,0,0,78561,79140,333.623994,335.62637,2.0023760000000266,9.742170672606868,8.2875,11.212499999999999,1,1,1,1,579,80,80,580.0,80.0,579.0,579,80,19.50748874273222,11687.615113245309
4355,0,171,0,0,79140,79764,335.62637,337.628265,2.0018949999999904,9.71526518870327,8.2875,11.212499999999999,1,1,1,1,624,80,80,624.0,80.0,624.0,624,80,19.448940804938957,11652.459294818216
4355,0,172,0,0,79764,80335,337.628265,339.636462,2.0081969999999956,9.645477611084244,8.2875,11.212499999999999,1,1,1,1,571,80,80,572.0,80.0,572.0,571,80,19.370019202146523,11942.553444706895
4355,0,173,0,0,80335,80890,339.636462,341.637955,2.001492999999982,9.65944264000076,8.2875,11.212499999999999,1,1,1,1,555,80,80,554.0,80.0,554.0,555,80,19.333306827862998,11705.262021900755
4355,0,174,0,0,80890,81452,341.637955,343.638244,2.0002890000000093,9.592472982735748,8.2875,11.212499999999999,1,1,1,1,562,80,80,562.0,80.0,562.0,562,80,19.18771819016365,11569.328232070411
4355,0,175,0,0,81452,82011,343.638244,345.647072,2.008827999999994,9.62316027229823,8.2875,11.212499999999999,1,1,1,1,559,80,80,559.0,80.0,559.0,559,80,19.331273803480144,11701.848042739382
4355,0,176,0,0,82011,82560,345.647072,347.64751,2.000438000000031,9.75908009406319,8.2875,11.212499999999999,1,1,1,1,549,80,80,549.0,80.0,549.0,549,80,19.52243466520804,11626.453806616171
4355,0,177,0,0,82560,83140,347.64751,349.647774,2.0002640000000156,9.706048461705096,8.2875,11.212499999999999,1,1,1,1,580,80,80,580.0,80.0,580.0,580,80,19.41465932020401,11832.43811816831
4355,0,178,0,0,83140,83708,349.647774,351.655834,2.0080600000000004,9.681563809466065,8.2875,11.212499999999999,1,1,1,1,568,80,80,568.0,81.0,568.0,568,81,19.44116102323642,12090.774180054379
4355,0,179,0,0,83708,84286,351.655834,353.655943,2.000108999999952,9.70975530572796,8.2875,11.212499999999999,1,1,1,1,578,80,80,581.0,79.0,579.0,578,79,19.42056897478369,11720.361240312683
4355,0,180,0,0,84286,84886,353.655943,355.659305,2.0033620000000383,9.629284815342869,8.2875,11.212499999999999,1,1,1,1,600,80,80,599.0,80.0,599.0,600,80,19.290943286235233,11765.222660707126
4355,0,181,0,0,84886,85481,355.659305,357.662664,2.003358999999989,9.758289352584331,8.2875,11.212499999999999,1,1,1,1,595,80,80,595.0,81.0,595.0,595,81,19.54935679910386,11938.44937427597
4355,0,182,0,0,85481,86079,357.662664,359.66494,2.002275999999995,9.821176609489823,8.2875,11.212499999999999,1,1,1,1,598,80,80,598.0,80.0,598.0,598,80,19.664706216942704,11910.445912551548
4355,0,183,0,0,86079,86654,359.66494,361.667217,2.0022769999999923,9.65693240349648,8.2875,11.212499999999999,1,1,1,1,575,80,80,575.0,80.0,575.0,575,80,19.335853642075563,11603.289654728136
4355,0,184,0,0,86654,87270,361.667217,363.669495,2.00227799999999,9.704336426435013,8.2875,11.212499999999999,1,1,1,1,616,80,80,616.0,80.0,616.0,616,80,19.43077933124914,11621.762812157012
4355,0,185,0,0,87270,87835,363.669495,365.669743,2.000247999999999,9.687527311373215,8.2875,11.212499999999999,1,1,1,1,565,80,80,565.0,79.0,565.0,565,79,19.377457129519826,11703.048821946084
4355,0,186,0,0,87835,88422,365.669743,367.672823,2.0030800000000113,9.735224703003897,8.2875,11.212499999999999,1,1,1,1,587,80,80,587.0,80.0,587.0,587,80,19.50043389809298,11779.359785929602
4355,0,187,0,0,88422,88990,367.672823,369.675755,2.002931999999987,9.765167017470882,8.2875,11.212499999999999,1,1,1,1,568,80,80,569.0,80.0,569.0,568,80,19.558965504636944,12035.855435931004
4355,0,188,0,0,88990,89595,369.675755,371.676603,2.000848000000019,9.67718058242473,8.2875,11.212499999999999,1,1,1,1,605,80,80,604.0,80.0,604.0,605,80,19.36256741398347,11915.947638201289
4355,0,189,0,0,89595,90142,371.676603,373.676767,2.000163999999984,9.652344987652738,8.2875,11.212499999999999,1,1,1,1,547,80,80,547.0,80.0,547.0,547,80,19.306272959883245,11696.540883647634
4355,0,190,0,0,90142,90744,373.676767,375.683155,2.0063880000000154,9.761504236036869,8.2875,11.212499999999999,1,1,1,1,602,80,80,602.0,81.0,602.0,602,81,19.585364961133564,12056.4915659383
4355,0,191,0,0,90744,91000,375.683155,376.620232,0.937076999999988,9.778386886757433,8.2875,11.212499999999999,1,1,1,1,256,38,38,256.0,37.0,256.0,256,37,9.163101448682028,11923.246435458499
4355,0,192,0,0,91000,91550,376.620232,378.626451,2.0062189999999873,9.728914177740327,8.2875,11.212499999999999,1,1,1,1,550,80,80,550.0,80.0,550.0,550,80,19.51833247275181,11864.108554450013
4355,0,193,0,0,91550,92142,378.626451,380.628405,2.001954000000012,9.6710033108739,8.2875,11.212499999999999,1,1,1,1,592,80,80,592.0,80.0,592.0,592,80,19.360903762217276,11672.096361854397
4355,0,194,0,0,92142,92705,380.628405,382.634809,2.006404000000032,9.750833523253867,8.2875,11.212499999999999,1,1,1,1,563,80,80,563.0,80.0,563.0,563,80,19.5641113843908,11968.177894381999
4355,0,195,0,0,92705,93260,382.634809,384.635518,2.000708999999972,9.708723718054774,8.2875,11.212499999999999,1,1,1,1,555,80,80,555.0,80.0,555.0,555,80,19.42433092122519,11745.836101102323
4355,0,196,0,0,93260,93821,384.635518,386.645623,2.01010500000001,9.810937848016026,8.2875,11.212499999999999,1,1,1,1,561,80,80,561.0,81.0,561.0,561,81,19.721015222986352,11955.09687304886
4355,0,197,0,0,93821,94395,386.645623,388.647899,2.002275999999995,9.704189807158382,8.2875,11.212499999999999,1,1,1,1,574,80,80,574.0,80.0,574.0,574,80,19.4304663503176,11631.263621998196
4355,0,198,0,0,94395,94990,388.647899,390.650175,2.002275999999995,9.672549248520697,8.2875,11.212499999999999,1,1,1,1,595,80,80,595.0,80.0,595.0,595,80,19.36711321913117,11718.164728538954
4355,0,199,0,0,94990,95571,390.650175,392.652451,2.002275999999995,9.681448155637545,8.2875,11.212499999999999,1,1,1,1,581,80,80,581.0,80.0,581.0,581,80,19.38493128727714,11831.535712359366
4355,0,200,0,0,95571,96145,392.652451,394.652452,2.0000009999999975,9.740747543870274,8.2875,11.212499999999999,1,1,1,1,574,80,80,574.0,79.0,574.0,574,79,19.48150482848814,11926.994036502996
4355,0,201,0,0,96145,96746,394.652452,396.652631,2.000179000000003,9.781261139647526,8.2875,11.212499999999999,1,1,1,1,601,80,80,601.0,80.0,601.0,601,80,19.564273125039108,11744.94882707996
4355,0,202,0,0,96746,97325,396.652631,398.654708,2.0020770000000425,9.77003614542984,8.2875,11.212499999999999,1,1,1,1,579,80,80,579.0,80.0,579.0,579,80,19.560364655934336,11873.169713252535
4355,0,203,0,0,97325,97904,398.654708,400.655173,2.000464999999963,9.6628495183093,8.2875,11.212499999999999,1,1,1,1,579,80,80,579.0,80.0,579.0,579,80,19.330192261644243,11552.314086974993
4355,0,204,0,0,97904,98479,400.655173,402.655148,1.9999750000000063,9.659907871126155,8.2875,11.212499999999999,1,1,1,1,575,80,80,575.0,80.0,575.0,575,80,19.319574244555497,11658.145726821549
4355,0,205,0,0,98479,99065,402.655148,404.665825,2.010676999999987,9.750107797206244,8.2875,11.212499999999999,1,1,1,1,586,80,80,586.0,80.0,586.0,586,80,19.60431749536292,11890.522445922521
4355,0,206,0,0,99065,99616,404.665825,406.666514,2.0006890000000226,9.78157695253322,8.2875,11.212499999999999,1,1,1,1,551,80,80,551.0,80.0,551.0,551,80,19.569893411587145,11943.885331503163
4355,0,207,0,0,99616,100175,406.666514,408.670666,2.0041519999999764,9.767449955719693,8.2875,11.212499999999999,1,1,1,1,559,80,80,559.0,81.0,559.0,559,81,19.575454363655354,11820.460723538074
4355,0,208,0,0,100175,100803,408.670666,410.672291,2.00162499999999,9.672197001861637,8.2875,11.212499999999999,1,1,1,1,628,80,80,628.0,79.0,628.0,628,79,19.360111323851015,11925.310685068442
4355,0,209,0,0,100803,101377,410.672291,412.673969,2.0016780000000267,9.653674342468806,8.2875,11.212499999999999,1,1,1,1,574,80,80,574.0,80.0,574.0,574,80,19.323547550484363,11777.118997161224
4355,0,210,0,0,101377,101956,412.673969,414.674094,2.0001250000000255,9.648830618764544,8.2875,11.212499999999999,1,1,1,1,579,80,80,579.0,80.0,579.0,579,80,19.298867341356527,11588.275732766555
4355,0,211,0,0,101956,102543,414.674094,416.675658,2.0015639999999735,9.709551873375649,8.2875,11.212499999999999,1,1,1,1,587,80,80,587.0,80.0,587.0,587,80,19.43428948588098,11876.212801589314
4355,0,212,0,0,102543,103119,416.675658,418.681208,2.005550000000028,9.69167424261369,8.2875,11.212499999999999,1,1,1,1,576,80,80,576.0,80.0,576.0,576,80,19.43713727727436,11708.508887836091
4355,0,213,0,0,103119,103726,418.681208,420.682916,2.001707999999951,9.681382043051087,8.2875,11.212499999999999,1,1,1,1,607,80,80,607.0,80.0,607.0,607,80,19.379299886631088,12126.144272791333
4355,0,214,0,0,103726,104000,420.682916,421.61271,0.9297940000000153,9.680783970534502,8.2875,11.212499999999999,1,1,1,1,274,38,38,274.0,38.0,274.0,274,38,9.001134851099323,11572.455834302891
4355,0,215,0,0,104000,104570,421.61271,423.617026,2.004316000000017,9.604777585396288,8.2875,11.212499999999999,1,1,1,1,570,80,80,570.0,80.0,570.0,570,80,19.251009390851323,11895.828801446378
4355,0,216,0,0,104570,105161,423.617026,425.620511,2.003485000000012,9.692780482920822,8.2875,11.212499999999999,1,1,1,1,591,80,80,591.0,80.0,591.0,591,80,19.41934030582479,11805.429039897906
4355,0,217,0,0,105161,105760,425.620511,427.631198,2.0106869999999617,9.784833290410925,8.2875,11.212499999999999,1,1,1,1,599,80,80,599.0,80.0,599.0,599,80,19.674237094196087,12070.003933979015
4355,0,218,0,0,105760,106332,427.631198,429.636627,2.0054289999999924,9.718798270568062,8.2875,11.212499999999999,1,1,1,1,572,80,80,572.0,80.0,572.0,572,80,19.490359896946757,11729.161191944511
4355,0,219,0,0,106332,106951,429.636627,431.636768,2.000141000000042,9.696943712503602,8.2875,11.212499999999999,1,1,1,1,619,80,80,619.0,80.0,619.0,619,80,19.3952546940709,12143.643873106692
4355,0,220,0,0,106951,107511,431.636768,433.637357,2.000588999999991,9.611636559185285,8.2875,11.212499999999999,1,1,1,1,560,80,80,560.0,80.0,560.0,560,80,19.228934372303684,11789.028131215411
4355,0,221,0,0,107511,108076,433.637357,435.63913,2.0017730000000142,9.876690835768459,8.2875,11.212499999999999,1,1,1,1,565,80,80,565.0,80.0,565.0,565,80,19.770893044388686,12187.69560784356
4355,0,222,0,0,108076,108669,435.63913,437.642823,2.0036929999999984,9.866630252702599,8.2875,11.212499999999999,1,1,1,1,593,79,79,594.0,80.0,593.0,593,79,19.76969797092852,12136.090708506752
4355,0,223,0,0,108669,109271,437.642823,439.650067,2.0072439999999574,9.919335359783048,8.2875,11.212499999999999,1,1,1,1,602,80,80,602.0,80.0,602.0,602,80,19.91052638491192,11995.552110256906
4355,0,224,0,0,109271,109828,439.650067,441.652271,2.002204000000006,9.863833252379793,8.2875,11.212499999999999,1,1,1,1,557,80,80,557.0,80.0,557.0,557,80,19.749406393247682,12095.171121424153
4355,0,225,0,0,109828,110460,441.652271,443.656502,2.0042310000000043,9.885296928547907,8.2875,11.212499999999999,1,1,1,1,632,80,80,632.0,80.0,632.0,632,80,19.81241854840073,11913.796363792371
4355,0,226,0,0,110460,111060,443.656502,445.656515,2.000013000000024,9.91959916264909,8.2875,11.212499999999999,1,1,1,1,600,80,80,600.0,80.0,600.0,600,80,19.839327280087673,12015.421899757508
4355,0,227,0,0,111060,111648,445.656515,447.657139,2.0006239999999593,9.90944068839101,8.2875,11.212499999999999,1,1,1,1,588,80,80,588.0,80.0,588.0,588,80,19.82506486777129,12169.703052647821
4355,0,228,0,0,111648,112229,447.657139,449.661554,2.0044150000000514,9.907436366886307,8.2875,11.212499999999999,1,1,1,1,581,80,80,581.0,80.0,581.0,581,80,19.85861406533286,12234.9912568003
4355,0,229,0,0,112229,112871,449.661554,451.662443,2.0008889999999724,9.944190564353777,8.2875,11.212499999999999,1,1,1,1,642,80,80,643.0,80.0,642.0,642,80,19.897221514118883,12317.524860199812
4355,0,230,0,0,112871,113519,451.662443,453.665115,2.002672000000018,9.949139636847397,8.2875,11.212499999999999,1,1,1,1,648,80,80,647.0,80.0,648.0,648,80,19.924863374804772,12110.819944553965
4355,0,231,0,0,113519,114119,453.665115,455.665934,2.0008189999999786,9.91703442824148,8.2875,11.212499999999999,1,1,1,1,600,80,80,600.0,80.0,600.0,600,80,19.84219090767965,11971.597630770328
4355,0,232,0,0,114119,114754,455.665934,457.669097,2.003163000000029,9.930050379778756,8.2875,11.212499999999999,1,1,1,1,635,80,80,635.0,80.0,635.0,635,80,19.891509508909166,12008.009333239308
4355,0,233,0,0,114754,115319,457.669097,459.67524,2.006142999999952,9.99624749887195,8.2875,11.212499999999999,1,1,1,1,565,80,80,565.0,80.0,565.0,565,80,20.053901946128917,12134.728182388088
4355,0,234,0,0,115319,115922,459.67524,461.675442,2.0002020000000016,9.985985865672427,8.2875,11.212499999999999,1,1,1,1,603,80,80,603.0,80.0,603.0,603,80,19.97398890048953,12343.253331413518
4355,0,235,0,0,115922,116497,461.675442,463.677789,2.002347000000043,10.05131388667571,8.2875,11.212499999999999,1,1,1,1,575,80,80,575.0,80.0,575.0,575,80,20.126218207044076,12425.41877107188
4355,0,236,0,0,116497,117000,463.677789,465.441131,1.763341999999966,9.93085386141842,8.2875,11.212499999999999,1,1,1,1,503,71,71,503.0,71.0,503.0,503,71,17.51149170970075,12039.071263544116
4355,0,237,0,0,117000,117588,465.441131,467.441272,2.000141000000042,10.007018757495825,8.2875,11.212499999999999,1,1,1,1,588,80,80,589.0,80.0,588.0,588,80,20.01544850463688,12159.64274518621
4355,0,238,0,0,117588,118154,467.441272,469.454241,2.0129689999999982,9.898553788208366,8.2875,11.212499999999999,1,1,1,1,566,80,80,566.0,80.0,566.0,566,80,19.925481920496168,12018.565611293578
4355,0,239,0,0,118154,118748,469.454241,471.458017,2.0037759999999594,9.931699304115819,8.2875,11.212499999999999,1,1,1,1,594,80,80,594.0,80.0,594.0,594,80,19.900900704803462,11959.91967166015
4355,0,240,0,0,118748,119322,471.458017,473.460334,2.002317000000005,9.898570068469995,8.2875,11.212499999999999,1,1,1,1,574,80,80,574.0,80.0,574.0,574,80,19.820075123788683,12088.49547798872
4355,0,241,0,0,119322,119892,473.460334,475.464751,2.0044169999999895,10.064160862629278,8.2875,11.212499999999999,1,1,1,1,570,80,80,570.0,80.0,570.0,570,80,20.172775123788597,12513.364235086876
4355,0,242,0,0,119892,120499,475.464751,477.465003,2.000252000000046,9.985324293027569,8.2875,11.212499999999999,1,1,1,1,607,80,80,607.0,80.0,607.0,607,80,19.97316488777733,12304.949576353098
4355,0,243,0,0,120499,121118,477.465003,479.46561,2.0006070000000022,9.97999265569257,8.2875,11.212499999999999,1,1,1,1,619,80,80,619.0,80.0,619.0,619,80,19.966043166927193,12209.794327421614
4355,0,244,0,0,121118,121683,479.46561,481.471514,2.005903999999987,9.845888436138292,8.2875,11.212499999999999,1,1,1,1,565,80,80,565.0,80.0,565.0,565,80,19.749906997603375,11786.207116591899
4355,0,245,0,0,121683,122282,481.471514,483.473137,2.001622999999995,9.89495996058178,8.2875,11.212499999999999,1,1,1,1,599,80,80,599.0,80.0,599.0,599,80,19.805979441179716,11970.286112819476
4355,0,246,0,0,122282,122906,483.473137,485.48301,2.0098729999999705,9.997026486450107,8.2875,11.212499999999999,1,1,1,1,624,80,80,624.0,81.0,624.0,624,81,20.092753615400397,12319.683880523975
4355,0,247,0,0,122906,123500,485.48301,487.485292,2.0022820000000365,9.936885239845086,8.2875,11.212499999999999,1,1,1,1,594,80,80,594.0,80.0,594.0,594,80,19.896446451807606,12118.672594569374
4355,0,248,0,0,123500,124078,487.485292,489.485289,1.9999970000000076,9.888365071320104,8.2875,11.212499999999999,1,1,1,1,578,80,80,578.0,79.0,578.0,578,79,19.77670047754509,11983.017974526916
4355,0,249,0,0,124078,124648,489.485289,491.48948,2.0041909999999916,9.941380364745914,8.2875,11.212499999999999,1,1,1,1,570,80,80,570.0,80.0,570.0,570,80,19.92442505460076,11821.727569877372
4355,0,250,0,0,124648,125177,491.48948,493.492118,2.0026379999999904,9.92339386531102,8.2875,11.212499999999999,1,1,1,1,529,80,80,529.0,81.0,529.0,529,81,19.872965643638963,11773.97013339411
4355,0,251,0,0,125177,125738,493.492118,495.494395,2.0022769999999923,9.965323615408586,8.2875,11.212499999999999,1,1,1,1,561,80,80,561.0,80.0,561.0,561,80,19.953338272689507,12177.635761685367
4355,0,252,0,0,125738,126315,495.494395,497.496671,2.002275999999995,9.869678255296273,8.2875,11.212499999999999,1,1,1,1,577,80,80,577.0,80.0,577.0,577,80,19.761819898301837,11862.001042813308
4355,0,253,0,0,126315,126857,497.496671,499.498949,2.00227799999999,9.907553956146115,8.2875,11.212499999999999,1,1,1,1,542,80,80,542.0,80.0,542.0,542,80,19.83767732020442,12112.703630564849
4355,0,254,0,0,126857,127447,499.498949,501.500363,2.001414000000011,9.900815083931501,8.2875,11.212499999999999,1,1,1,1,590,80,80,590.0,79.0,590.0,590,79,19.815629920391984,12162.900829113749
4355,0,255,0,0,127447,128034,501.500363,503.501675,2.0013119999999844,9.948272972629937,8.2875,11.212499999999999,1,1,1,1,587,80,80,587.0,80.0,587.0,587,80,19.909598079399984,12244.967301450344
4355,0,256,0,0,128034,128610,503.501675,505.502754,2.0010790000000043,9.934204125143715,8.2875,11.212499999999999,1,1,1,1,576,80,80,576.0,80.0,576.0,576,80,19.879127256538595,12323.851282233209
4355,0,257,0,0,128610,129158,505.502754,507.505785,2.0030310000000213,10.035253905154272,8.2875,11.212499999999999,1,1,1,1,548,80,80,548.0,80.0,548.0,548,80,20.1009246648955,12087.681119263627
4355,0,258,0,0,129158,129739,507.505785,509.508023,2.002237999999977,9.879385505391799,8.2875,11.212499999999999,1,1,1,1,581,80,80,581.0,80.0,581.0,581,80,19.78088107554413,11865.722256794783
4355,0,259,0,0,129739,130000,509.508023,510.29495,0.7869269999999915,9.999705323595023,8.2875,11.212499999999999,1,1,1,1,261,32,32,261.0,32.0,261.0,261,32,7.869038111180998,12107.857526810114
4355,0,260,0,0,130000,130578,510.29495,512.296737,2.0017870000000357,10.060058242878016,8.2875,11.212499999999999,1,1,1,1,578,80,80,578.0,80.0,578.0,578,80,20.13809380983639,12213.587159872435
4355,0,261,0,0,130578,131152,512.296737,514.298837,2.0021000000000413,9.935689329892064,8.2875,11.212499999999999,1,1,1,1,574,80,80,574.0,80.0,574.0,574,80,19.892243607377168,11868.538035062938
4355,0,262,0,0,131152,131742,514.298837,516.304812,2.0059749999999212,9.912866712437104,8.2875,11.212499999999999,1,1,1,1,590,80,80,590.0,80.0,590.0,590,80,19.884962803480448,12048.006580341704
4355,0,263,0,0,131742,132317,516.304812,518.311844,2.007031999999981,10.081617316520314,8.2875,11.212499999999999,1,1,1,1,575,80,80,575.0,80.0,575.0,575,80,20.23412856601044,12101.949545398493
4355,0,264,0,0,132317,132899,518.311844,520.313251,2.0014070000000856,9.989668500001015,8.2875,11.212499999999999,1,1,1,1,582,80,80,582.0,80.0,582.0,582,80,19.993392463582495,12118.97430157832
4355,0,265,0,0,132899,133476,520.313251,522.317723,2.0044719999999643,9.961066848628963,8.2875,11.212499999999999,1,1,1,1,577,80,80,577.0,80.0,577.0,577,80,19.966679588204897,12233.146684014762
4355,0,266,0,0,133476,134126,522.317723,524.322718,2.004995000000008,9.921827810587459,8.2875,11.212499999999999,1,1,1,1,650,80,80,650.0,80.0,650.0,650,80,19.893215151088953,12249.407105753331
4355,0,267,0,0,134126,134723,524.322718,526.324776,2.0020580000000336,9.984296579888214,8.2875,11.212499999999999,1,1,1,1,597,80,80,597.0,80.0,597.0,597,80,19.989140842138113,12113.035686278616
4355,0,268,0,0,134723,135315,526.324776,528.328633,2.0038569999999254,9.99417278477877,8.2875,11.212499999999999,1,1,1,1,592,80,80,592.0,80.0,592.0,592,80,20.026893093987383,11947.958362298752
4355,0,269,0,0,135315,135920,528.328633,530.330397,2.00176399999998,10.018945097030748,8.2875,11.212499999999999,1,1,1,1,605,80,80,605.0,80.0,605.0,605,80,20.055563613212144,12122.308124234545
4355,0,270,0,0,135920,136502,530.330397,532.336287,2.005890000000022,9.968134295162304,8.2875,11.212499999999999,1,1,1,1,582,80,80,582.0,81.0,582.0,582,81,19.994980901323288,12355.61272053788
4355,0,271,0,0,136502,137115,532.336287,534.338564,2.002277000000049,10.0397933798778,8.2875,11.212499999999999,1,1,1,1,613,80,80,613.0,80.0,613.0,613,80,20.102447369282345,12165.649408148523
4355,0,272,0,0,137115,137677,534.338564,536.340841,2.0022769999999355,9.901990489371562,8.2875,11.212499999999999,1,1,1,1,562,80,80,562.0,80.0,562.0,562,80,19.826527811086635,11956.387652657835
4355,0,273,0,0,137677,138284,536.340841,538.343118,2.002277000000049,9.981143886826006,8.2875,11.212499999999999,1,1,1,1,607,80,80,607.0,80.0,607.0,607,80,19.98501483828295,12334.956651851564
4355,0,274,0,0,138284,138876,538.343118,540.345396,2.0022780000000466,10.088550260457026,8.2875,11.212499999999999,1,1,1,1,592,80,80,592.0,80.0,592.0,592,80,20.20008223840796,12284.507945449846
4355,0,275,0,0,138876,139539,540.345396,542.347672,2.002275999999938,10.16349831133006,8.2875,11.212499999999999,1,1,1,1,663,80,80,663.0,80.0,663.0,663,80,20.350128744816175,12477.80026330075
4355,0,276,0,0,139539,140116,542.347672,544.349949,2.002277000000049,9.96188895121894,8.2875,11.212499999999999,1,1,1,1,577,80,80,577.0,80.0,577.0,577,80,19.946461123579866,12114.707405618406
4355,0,277,0,0,140116,140712,544.349949,546.351326,2.001376999999934,9.99288713191876,8.2875,11.212499999999999,1,1,1,1,596,80,80,596.0,79.0,596.0,596,79,19.999534469417085,12139.641856582144
4355,0,278,0,0,140712,141290,546.351326,548.354298,2.0029719999999998,10.118363377832775,8.2875,11.212499999999999,1,1,1,1,578,80,80,578.0,80.0,578.0,578,80,20.266798531624772,12346.153615727031
4355,0,279,0,0,141290,141860,548.354298,550.355372,2.001074000000017,9.96958512022393,8.2875,11.212499999999999,1,1,1,1,570,80,80,570.0,80.0,570.0,570,80,19.94987757486706,12087.509007662782
4355,0,280,0,0,141860,142430,550.355372,552.355831,2.000458999999978,9.999520474279665,8.2875,11.212499999999999,1,1,1,1,570,80,80,570.0,80.0,570.0,570,80,20.00363072845721,11920.76418461976
4355,0,281,0,0,142430,143000,552.355831,554.236198,1.8803669999999784,10.011258741572588,8.2875,11.212499999999999,1,1,1,1,570,75,75,570.0,76.0,570.0,570,76,18.82484056611429,12194.959813696083
4355,0,282,0,0,143000,143571,554.236198,556.238467,2.0022690000000694,9.948345398071359,8.2875,11.212499999999999,1,1,1,1,571,80,80,571.0,80.0,571.0,571,80,19.91926359185163,12275.073928627546
4355,0,283,0,0,143571,143936,556.238467,558.240745,2.002277999999933,6.200772541602877,8.2875,11.212499999999999,1,0,0,1,365,80,80,365.0,80.0,365.0,365,80,12.415670443055205,7263.2271842373975
4355,0,284,0,0,143936,144016,558.240745,560.243022,2.002277000000049,1.0097489838286764,8.2875,11.212499999999999,1,0,0,0,80,80,80,80.0,80.0,80.0,80,80,2.0217971660931653,479.45414145993607
4355,0,285,0,0,144016,144096,560.243022,562.245299,2.002277000000049,1.00605411780678,8.2875,11.212499999999999,1,0,0,0,80,80,80,80.0,80.0,80.0,80,80,2.0143990208398463,501.42912294351646
4355,0,286,0,0,144096,144176,562.245299,564.247574,2.0022749999999405,1.0000702831872115,8.2875,11.212499999999999,1,0,0,0,80,80,80,80.0,80.0,80.0,80,80,2.0024157262687368,469.4659824449828
4355,0,287,0,0,144176,144256,564.247574,566.249852,2.0022780000000466,1.0011619190457937,8.2875,11.212499999999999,1,0,0,0,80,80,80,80.0,80.0,80.0,80,80,2.004604484943229,507.9214774371872
4355,0,288,0,0,144256,144336,566.249852,568.25213,2.002277999999933,1.010789382041116,8.2875,11.212499999999999,1,0,0,0,80,80,80,80.0,80.0,80.0,80,80,2.0238813422947715,503.42659710591323
4355,0,289,0,0,144336,144417,568.25213,570.254408,2.0022780000000466,1.0077190019506843,8.2875,11.212499999999999,1,0,0,0,81,80,80,81.0,80.0,81.0,81,80,2.017733587787916,498.9317167745821
4355,0,290,0,0,144417,144497,570.254408,572.256686,2.002277999999933,1.0077710422912458,8.2875,11.212499999999999,1,0,0,0,80,80,80,80.0,80.0,80.0,80,80,2.017837787017015,464.9703987158782
4355,0,291,0,0,144497,144579,572.256686,574.258964,2.0022780000000466,1.0076669616101692,8.2875,11.212499999999999,1,0,0,0,82,80,80,82.0,80.0,82.0,82,80,2.0176293885588166,494.93626759120207
4355,0,292,0,0,144579,144659,574.258964,576.261242,2.0022780000000466,1.0092802121661346,8.2875,11.212499999999999,1,0,0,0,80,80,80,80.0,80.0,80.0,80,80,2.0208595646554386,495.9351298870471
4355,0,293,0,0,144659,144796,576.261242,578.263519,2.0022769999999355,1.6306425966068938,8.2875,11.212499999999999,1,0,0,0,137,80,80,137.0,80.0,137.0,137,80,3.264998166406258,1543.742449221611
4355,0,294,0,0,144796,145014,578.263519,580.265796,2.002277000000049,2.8758124459859467,8.2875,11.212499999999999,1,0,0,1,218,80,80,218.0,80.0,218.0,218,80,5.758173116911166,3671.819633347344
4355,0,295,0,0,145014,145226,580.265796,582.268071,2.0022749999999405,2.860619324928206,8.2875,11.212499999999999,1,0,0,1,212,80,80,212.0,80.0,212.0,212,80,5.7277465588203995,3602.901699317134
4355,0,296,0,0,145226,145522,582.268071,584.270349,2.0022780000000466,4.049528945393251,8.2875,11.212499999999999,1,0,0,1,296,80,80,296.0,80.0,296.0,296,80,8.10828271772425,5144.140823601798
4355,0,297,0,0,145522,145883,584.270349,586.272627,2.0022780000000466,5.04651778897972,8.2875,11.212499999999999,1,0,0,1,361,80,80,361.0,80.0,361.0,361,80,10.104531545483042,6341.277285172041
4355,0,298,0,0,145883,146339,586.272627,588.274091,2.0014639999999417,6.797134130826743,8.2875,11.212499999999999,1,0,0,1,456,80,80,456.0,79.0,456.0,456,79,13.604219266020664,8266.948593629704
4355,0,299,0,0,146339,146854,588.274091,590.275711,2.0016200000000026,8.462874111252985,8.2875,11.212499999999999,1,1,0,1,515,80,80,515.0,80.0,515.0,515,80,16.93945807856653,10483.50835822982
4355,0,300,0,0,146854,147350,590.275711,592.276392,2.000680999999986,8.886275690200591,8.2875,11.212499999999999,1,1,1,1,496,80,80,496.0,80.0,496.0,496,80,17.778602934145965,10662.869293005806
4355,0,301,0,0,147350,147877,592.276392,594.278849,2.0024570000000494,9.101172987405091,8.2875,11.212499999999999,1,1,1,1,527,80,80,527.0,80.0,527.0,527,80,18.224707556840258,11081.386516664004
4355,0,302,0,0,147877,148381,594.278849,596.281816,2.0029670000000124,9.572152546593394,8.2875,11.212499999999999,1,1,1,1,504,80,80,504.0,80.0,504.0,504,80,19.172705669792776,11268.283501425565
4355,0,303,0,0,148381,148946,596.281816,598.285887,2.0040709999999535,9.537140582094867,8.2875,11.212499999999999,1,1,1,1,565,80,80,566.0,80.0,565.0,565,80,19.113106863498615,11716.151773066196
4355,0,304,0,0,148946,149525,598.285887,600.288563,2.0026759999999513,9.557750500488073,8.2875,11.212499999999999,1,1,1,1,579,80,80,579.0,81.0,579.0,579,81,19.1410775413151,11814.192610287722
4355,0,305,0,0,149525,150102,600.288563,602.288887,2.0003240000000915,9.636585993835473,8.2875,11.212499999999999,1,1,1,1,577,80,80,577.0,79.0,577.0,577,79,19.276294241533833,11919.069110803504
4355,0,306,0,0,150102,150684,602.288887,604.293119,2.004232000000002,9.620820974057814,8.2875,11.212499999999999,1,1,1,1,582,80,80,582.0,81.0,582.0,582,81,19.28235726247749,11930.255579194414
4355,0,307,0,0,150684,151205,604.293119,606.293871,2.0007519999999204,9.553685241045583,8.2875,11.212499999999999,1,1,1,1,521,80,80,521.0,79.0,521.0,521,79,19.114554853391382,11496.6772493547
4355,0,308,0,0,151205,151792,606.293871,608.297672,2.003801000000067,9.626333164604972,8.2875,11.212499999999999,1,1,1,1,587,80,80,587.0,81.0,587.0,587,81,19.2892560215696,11937.313136383904
4355,0,309,0,0,151792,152341,608.297672,610.29995,2.002277999999933,9.603638367538743,8.2875,11.212499999999999,1,1,1,1,549,80,80,549.0,80.0,549.0,549,80,19.229153823278466,11613.27248264266
4355,0,310,0,0,152341,152912,610.29995,612.302225,2.002275000000054,9.538653986831104,8.2875,11.212499999999999,1,1,1,1,571,80,80,571.0,80.0,571.0,571,80,19.099008411482828,11359.079047583067
4355,0,311,0,0,152912,153481,612.302225,614.303425,2.001199999999926,9.482650870038912,8.2875,11.212499999999999,1,1,1,1,569,80,80,569.0,79.0,569.0,569,79,18.976680921121442,11643.51389166543
4355,0,312,0,0,153481,153997,614.303425,616.304071,2.0006460000000743,9.816209795307968,8.2875,11.212499999999999,1,1,1,1,516,80,80,516.0,80.0,516.0,516,80,19.63876086214441,11934.645109629146
4355,0,313,0,0,153997,154559,616.304071,618.309055,2.004983999999922,9.796321420100572,8.2875,11.212499999999999,1,1,1,1,562,80,80,562.0,81.0,562.0,562,81,19.641467706158437,11801.590436632372
4355,0,314,0,0,154559,155175,618.309055,620.309077,2.000022000000058,9.82520402330772,8.2875,11.212499999999999,1,1,1,1,616,80,80,616.0,79.0,616.0,616,79,19.65062420110462,12179.86602147341
4355,0,315,0,0,155175,155773,620.309077,622.31081,2.0017329999999447,9.790161557062753,8.2875,11.212499999999999,1,1,1,1,598,80,80,598.0,80.0,598.0,598,80,19.597289464103596,11790.283719157676
4355,0,316,0,0,155773,156000,622.31081,623.09614,0.7853300000000445,9.844642770915534,8.2875,11.212499999999999,1,1,1,1,227,32,32,227.0,32.0,227.0,227,32,7.731293307283522,11912.18978009177
4355,0,317,0,0,156000,156579,623.09614,625.102361,2.0062209999999823,9.881446755542703,8.2875,11.212499999999999,1,1,1,1,579,80,80,579.0,80.0,579.0,579,80,19.824365991351442,11995.188964725328
4355,0,318,0,0,156579,157160,625.102361,627.102762,2.0004010000000108,10.130913288667896,8.2875,11.212499999999999,1,1,1,1,581,80,80,582.0,80.0,581.0,581,80,20.265889073564722,12443.505077231948
4355,0,319,0,0,157160,157742,627.102762,629.105067,2.0023049999999785,10.20800389565208,8.2875,11.212499999999999,1,1,1,1,582,80,80,583.0,80.0,582.0,582,80,20.439537240283244,12449.651776327915
4355,0,320,0,0,157742,158334,629.105067,631.106909,2.0018420000000106,10.136407176013867,8.2875,11.212499999999999,1,1,1,1,592,80,80,591.0,80.0,592.0,592,80,20.291485614045996,12496.99027195946
4355,0,321,0,0,158334,158914,631.106909,633.108977,2.0020680000000084,10.109209630748069,8.2875,11.212499999999999,1,1,1,1,580,80,80,581.0,80.0,580.0,580,80,20.23932510701252,12306.774794862062
4355,0,322,0,0,158914,159522,633.108977,635.114063,2.0050860000000057,10.11673189591734,8.2875,11.212499999999999,1,1,1,1,608,80,80,608.0,80.0,608.0,608,80,20.284917490257612,12238.87653696646
4355,0,323,0,0,159522,160096,635.114063,637.115997,2.0019340000000057,10.094310731604827,8.2875,11.212499999999999,1,1,1,1,574,80,80,574.0,80.0,574.0,574,80,20.208143860164455,11979.915421787098
4355,0,324,0,0,160096,160711,637.115997,639.116601,2.000603999999953,10.09532105549224,8.2875,11.212499999999999,1,1,1,1,615,80,80,615.0,80.0,615.0,615,80,20.19673968490133,12372.263576400219
4355,0,325,0,0,160711,161312,639.116601,641.116999,2.0003980000000183,10.041438865367274,8.2875,11.212499999999999,1,1,1,1,601,80,80,601.0,80.0,601.0,601,80,20.086874223403356,11949.122124697076
4355,0,326,0,0,161312,161936,641.116999,643.118061,2.001062000000047,10.05915546340962,8.2875,11.212499999999999,1,1,1,1,624,80,80,625.0,80.0,624.0,624,80,20.1289937499223,12049.101926876545
4355,0,327,0,0,161936,162554,643.118061,645.119007,2.000945999999999,10.027493095276203,8.2875,11.212499999999999,1,1,1,1,618,80,80,618.0,80.0,618.0,618,80,20.0644721990202,12169.743711224597
4355,0,328,0,0,162554,163129,645.119007,647.123524,2.0045169999999644,10.055767051728933,8.2875,11.212499999999999,1,1,1,1,575,80,80,575.0,80.0,575.0,575,80,20.156956003230334,12132.598526228729
4355,0,329,0,0,163129,163698,647.123524,649.126048,2.002523999999994,10.106795169062682,8.2875,11.212499999999999,1,1,1,1,569,80,80,569.0,80.0,569.0,569,80,20.239099889132376,12443.795929536962
4355,0,330,0,0,163698,164292,649.126048,651.128136,2.0020880000000716,10.144501348157032,8.2875,11.212499999999999,1,1,1,1,594,80,80,594.0,80.0,594.0,594,80,20.310184415129697,12227.734245447315
4355,0,331,0,0,164292,164888,651.128136,653.128973,2.000836999999933,9.98152343281881,8.2875,11.212499999999999,1,1,1,1,596,80,80,598.0,80.0,596.0,596,80,19.971401400750437,12164.908985589936
4355,0,332,0,0,164888,165486,653.128973,655.135897,2.0069240000000264,10.115585928625523,8.2875,11.212499999999999,1,1,1,1,598,80,80,598.0,80.0,598.0,598,80,20.30121217422129,12384.624430222408
4355,0,333,0,0,165486,166083,655.135897,657.136821,2.0009240000000545,10.033121248779919,8.2875,11.212499999999999,1,1,1,1,597,80,80,597.0,80.0,597.0,597,80,20.07551310159397,12361.289084442651
4355,0,334,0,0,166083,166680,657.136821,659.138989,2.0021679999999833,10.064789827845454,8.2875,11.212499999999999,1,1,1,1,597,80,80,597.0,80.0,597.0,597,80,20.15140012003758,12268.700728410506
4355,0,335,0,0,166680,167292,659.138989,661.145837,2.006847999999991,10.067259072031293,8.2875,11.212499999999999,1,1,1,1,612,80,80,612.0,80.0,612.0,612,80,20.203458734187734,12362.670217176445
4355,0,336,0,0,167292,167873,661.145837,663.151196,2.0053589999999986,10.011823688386338,8.2875,11.212499999999999,1,1,1,1,581,80,80,581.0,80.0,581.0,581,80,20.077300739918428,11997.85175621922
4355,0,337,0,0,167873,168450,663.151196,665.152531,2.0013349999999264,10.108104099501132,8.2875,11.212499999999999,1,1,1,1,577,80,80,577.0,80.0,577.0,577,80,20.229702517974147,12491.661815738455
4355,0,338,0,0,168450,169000,665.152531,666.884832,1.7323010000000068,10.156799482349125,8.2875,11.212499999999999,1,1,1,1,550,69,69,550.0,69.0,550.0,550,69,17.59463390007295,12638.681152986643
4355,0,339,0,0,169000,169563,666.884832,668.887993,2.003161000000091,10.158936667065936,8.2875,11.212499999999999,1,1,1,1,563,80,80,564.0,80.0,563.0,563,80,20.349985732937057,12287.579480630304
4355,0,340,0,0,169563,170128,668.887993,670.891434,2.0034409999999525,10.1564514270185,8.2875,11.212499999999999,1,1,1,1,565,80,80,565.0,80.0,565.0,565,80,20.347851203397113,12246.430017155773
4355,0,341,0,0,170128,170735,670.891434,672.894156,2.002721999999949,10.13281784999446,8.2875,11.212499999999999,1,1,1,1,607,80,80,607.0,80.0,607.0,607,80,20.293217230176197,12462.039164697166
4355,0,342,0,0,170735,171376,672.894156,674.896876,2.0027200000000676,10.183816055803032,8.2875,11.212499999999999,1,1,1,1,641,80,80,641.0,80.0,641.0,641,80,20.39533209127876,12385.156187584467
4355,0,343,0,0,171376,171988,674.896876,676.90068,2.0038039999999455,10.142426077363135,8.2875,11.212499999999999,1,1,1,1,612,80,80,612.0,81.0,612.0,612,81,20.323433943523924,12542.643891319052
4355,0,344,0,0,171988,172560,676.90068,678.902958,2.0022780000000466,10.158128195725588,8.2875,11.212499999999999,1,1,1,1,572,80,80,572.0,80.0,572.0,572,80,20.33939660748183,12259.036956905798
4355,0,345,0,0,172560,173149,678.902958,680.903948,2.0009900000000016,10.12387378250891,8.2875,11.212499999999999,1,1,1,1,589,80,80,589.0,79.0,589.0,589,79,20.257770200062623,12351.38606389836
4355,0,346,0,0,173149,173771,680.903948,682.907512,2.003563999999983,10.136753133882578,8.2875,11.212499999999999,1,1,1,1,622,80,80,622.0,81.0,622.0,622,81,20.309633655933794,12288.601711749767
4355,0,347,0,0,173771,174347,682.907512,684.908474,2.0009619999999586,10.140989075887505,8.2875,11.212499999999999,1,1,1,1,576,80,80,576.0,79.0,576.0,576,79,20.291733783265954,12015.720438469345
4355,0,348,0,0,174347,174938,684.908474,686.910543,2.002069000000006,10.129190253953485,8.2875,11.212499999999999,1,1,1,1,591,80,80,591.0,80.0,591.0,591,80,20.279337802542614,12205.373541071725
4355,0,349,0,0,174938,175496,686.910543,688.914343,2.0038000000000693,10.057684616171727,8.2875,11.212499999999999,1,1,1,1,558,80,80,558.0,81.0,558.0,558,81,20.15358843388549,12046.611438266875
4355,0,350,0,0,175496,176075,688.914343,690.914916,2.0005729999999176,10.141673640834707,8.2875,11.212499999999999,1,1,1,1,579,80,80,579.0,79.0,579.0,579,79,20.28915846066502,12248.490807384189
4355,0,351,0,0,176075,176689,690.914916,692.918896,2.0039800000000696,10.037403873054808,8.2875,11.212499999999999,1,1,1,1,614,80,80,614.0,81.0,614.0,614,81,20.11475661352506,12206.7086497865
4355,0,352,0,0,176689,177300,692.918896,694.919196,2.0003000000000384,10.07494763562877,8.2875,11.212499999999999,1,1,1,1,611,80,80,611.0,79.0,611.0,611,79,20.152917755548515,12257.661350797145
4355,0,353,0,0,177300,177849,694.919196,696.923448,2.0042519999999513,10.048857002577105,8.2875,11.212499999999999,1,1,1,1,549,80,80,549.0,81.0,549.0,549,81,20.140441745128555,12194.07539570902
4355,0,354,0,0,177849,178473,696.923448,698.925728,2.0022800000000416,10.130172605625962,8.2875,11.212499999999999,1,1,1,1,624,80,80,624.0,80.0,624.0,624,80,20.28344200479296,12174.12150148805
4355,0,355,0,0,178473,179045,698.925728,700.928002,2.002273999999943,10.154245072763826,8.2875,11.212499999999999,1,1,1,1,572,80,80,572.0,80.0,572.0,572,80,20.331580898822722,12251.5699649502
4355,0,356,0,0,179045,179631,700.928002,702.930197,2.002195000000029,9.990392041816387,8.2875,11.212499999999999,1,1,1,1,586,80,80,586.0,79.0,586.0,586,79,20.00271299416454,12296.005134364857
4355,0,357,0,0,179631,180219,702.930197,704.931475,2.0012779999999566,10.066941728872331,8.2875,11.212499999999999,1,1,1,1,588,80,80,588.0,80.0,588.0,588,80,20.146749009273663,12332.619456167777
4355,0,358,0,0,180219,180826,704.931475,706.931668,2.0001929999999675,10.05911864208673,8.2875,11.212499999999999,1,1,1,1,607,80,80,607.0,80.0,607.0,607,80,20.120178694071,12346.80853297677
4355,0,359,0,0,180826,181425,706.931668,708.932156,2.0004880000000185,10.0493296365914,8.2875,11.212499999999999,1,1,1,1,599,80,80,599.0,80.0,599.0,599,80,20.10356334604603,12375.480382786485
4355,0,360,0,0,181425,182000,708.932156,710.888106,1.9559500000000298,9.982231901881793,8.2875,11.212499999999999,1,1,1,1,575,78,78,575.0,78.0,575.0,575,78,19.524746488486016,12052.966589125304
4355,0,361,0,0,182000,182609,710.888106,712.888141,2.0000350000000253,10.087458374396526,8.2875,11.212499999999999,1,1,1,1,609,79,79,610.0,80.0,609.0,609,79,20.17526980983621,12221.786118742768
4355,0,362,0,0,182609,183205,712.888141,714.892205,2.004063999999971,9.999035596013732,8.2875,11.212499999999999,1,1,1,1,596,80,80,596.0,80.0,596.0,596,80,20.038707272688953,12060.99206412587
4355,0,363,0,0,183205,183773,714.892205,716.896163,2.0039580000000115,10.056022792558574,8.2875,11.212499999999999,1,1,1,1,568,80,80,568.0,81.0,568.0,568,81,20.151847323330003,12166.92166203077
4355,0,364,0,0,183773,184361,716.896163,718.898438,2.002275000000054,10.133111687206082,8.2875,11.212499999999999,1,1,1,1,588,80,80,588.0,80.0,588.0,588,80,20.289276203500776,12249.066686643611
4355,0,365,0,0,184361,184934,718.898438,720.900715,2.0022769999999355,10.0355260698249,8.2875,11.212499999999999,1,1,1,1,573,80,80,573.0,80.0,573.0,573,80,20.093903032509843,12163.651682559797
4355,0,366,0,0,184934,185565,720.900715,722.902992,2.002277000000049,10.007216110445304,8.2875,11.212499999999999,1,1,1,1,631,80,80,631.0,80.0,631.0,631,80,20.0372186519744,12605.149037820132
4355,0,367,0,0,185565,186136,722.902992,724.905269,2.0022769999999355,10.06289930260684,8.2875,11.212499999999999,1,1,1,1,571,80,80,572.0,80.0,572.0,571,80,20.148711826925137,12421.857714991882
4355,0,368,0,0,186136,186753,724.905269,726.90537,2.0001009999999724,10.089319901609354,8.2875,11.212499999999999,1,1,1,1,617,80,80,616.0,79.0,616.0,617,79,20.179658824528815,12348.376406991618
4355,0,369,0,0,186753,187334,726.90537,728.909821,2.0044510000000173,10.035818115220462,8.2875,11.212499999999999,1,1,1,1,581,80,80,581.0,81.0,581.0,581,81,20.1163056568721,11773.797413855364
4355,0,370,0,0,187334,187928,728.909821,730.910788,2.0009670000000597,10.03587800168861,8.2875,11.212499999999999,1,1,1,1,594,80,80,594.0,79.0,594.0,594,79,20.08146069740542,12086.156343407602
4355,0,371,0,0,187928,188535,730.910788,732.913177,2.0023889999999938,10.063439957190818,8.2875,11.212499999999999,1,1,1,1,607,80,80,607.0,80.0,607.0,607,80,20.150921472439222,12247.869919381337
4355,0,372,0,0,188535,189137,732.913177,734.916653,2.003475999999978,10.056315619545869,8.2875,11.212499999999999,1,1,1,1,602,80,80,603.0,81.0,602.0,602,81,20.147586992185097,12197.30109070449
4355,0,373,0,0,189137,189766,734.916653,736.918678,2.0020250000000033,10.261503734554294,8.2875,11.212499999999999,1,1,1,1,629,80,80,629.0,79.0,629.0,629,79,20.543787014171357,12535.807494911382
4355,0,374,0,0,189766,190382,736.918678,738.921207,2.0025289999999814,9.913516813496352,8.2875,11.212499999999999,1,1,1,1,616,80,80,616.0,81.0,616.0,616,81,19.852104911014067,11976.855266515602
4355,0,375,0,0,190382,190940,738.921207,740.922935,2.001728000000071,9.933856337037655,8.2875,11.212499999999999,1,1,1,1,558,80,80,558.0,79.0,558.0,558,79,19.88487837782668,12001.630591168803
4355,0,376,0,0,190940,191500,740.922935,742.925765,2.0028299999999035,9.974382881025738,8.2875,11.212499999999999,1,1,1,1,560,80,80,560.0,81.0,560.0,560,81,19.976993265603596,11731.899362402766
4355,0,377,0,0,191500,192064,742.925765,744.926762,2.0009970000000976,9.893881773177236,8.2875,11.212499999999999,1,1,1,1,564,80,80,564.0,79.0,564.0,564,79,19.79762774648316,11910.062833676831
4355,0,378,0,0,192064,192684,744.926762,746.930284,2.0035219999999754,9.815812039587339,8.2875,11.212499999999999,1,1,1,1,620,80,80,621.0,81.0,621.0,620,80,19.66619536917824,11788.740028809412
4355,0,379,0,0,192684,193293,746.930284,748.932032,2.0017480000000205,9.90174571648606,8.2875,11.212499999999999,1,1,1,1,609,80,80,608.0,79.0,608.0,609,80,19.820799684484882,12208.829483031705
4355,0,380,0,0,193293,193859,748.932032,750.934866,2.002834000000007,9.880352553144466,8.2875,11.212499999999999,1,1,1,1,566,80,80,566.0,81.0,566.0,566,81,19.78870602542429,12041.437283369423
4355,0,381,0,0,193859,194475,750.934866,752.937143,2.0022769999999355,9.872327480463376,8.2875,11.212499999999999,1,1,1,1,616,80,80,616.0,80.0,616.0,616,80,19.767134250599156,12075.751756625472
4355,0,382,0,0,194475,195000,752.937143,754.739027,1.8018839999999727,9.908276638705603,8.2875,11.212499999999999,1,1,1,1,525,72,72,525.0,71.0,525.0,525,71,17.853565142857406,12049.055322096388
4355,0,383,0,0,195000,195578,754.739027,756.741469,2.0024420000000873,9.817360238638459,8.2875,11.212499999999999,1,1,1,1,578,79,79,582.0,81.0,578.0,578,80,19.658694470980663,11772.126233867933
4355,0,384,0,0,195578,196185,756.741469,758.741996,2.00052699999992,9.985175989226116,8.2875,11.212499999999999,1,1,1,1,607,80,80,607.0,79.0,607.0,607,79,19.975614166197374,12274.765599265085
4355,0,385,0,0,196185,196768,758.741996,760.746024,2.004028000000062,9.92839472526642,8.2875,11.212499999999999,1,1,1,1,583,80,80,583.0,81.0,583.0,583,81,19.8967810244867,12232.863013889646
4355,0,386,0,0,196768,197358,760.746024,762.747678,2.0016539999999168,9.937652235041641,8.2875,11.212499999999999,1,1,1,1,590,80,80,590.0,79.0,590.0,590,79,19.891741346878916,11956.611881974104
4355,0,387,0,0,197358,197967,762.747678,764.750577,2.0028990000000704,9.914478149136615,8.2875,11.212499999999999,1,1,1,1,609,80,80,609.0,81.0,609.0,609,81,19.857698370427897,11979.63551831578
4355,0,388,0,0,197967,198537,764.750577,766.751536,2.000958999999966,9.908126181817334,8.2875,11.212499999999999,1,1,1,1,570,80,80,570.0,79.0,570.0,570,79,19.82575425664254,12165.666562883303
4355,0,389,0,0,198537,199105,766.751536,768.754226,2.0026900000000296,9.936929032285338,8.2875,11.212499999999999,1,1,1,1,568,80,80,568.0,80.0,568.0,568,80,19.900588403667825,11849.562338654334
4355,0,390,0,0,199105,199683,768.754226,770.757407,2.003180999999927,9.807046981855944,8.2875,11.212499999999999,1,1,1,1,578,80,80,578.0,81.0,578.0,578,81,19.645290180160373,11914.050702358334
4355,0,391,0,0,199683,200250,770.757407,772.759685,2.0022780000000466,9.817368046033335,8.2875,11.212499999999999,1,1,1,1,567,79,79,568.0,80.0,567.0,567,79,19.657100056476338,11730.139371255866
4355,0,392,0,0,200250,200863,772.759685,774.76196,2.002275000000054,9.890707417894461,8.2875,11.212499999999999,1,1,1,1,613,80,80,613.0,80.0,613.0,613,80,19.803916195165584,12194.628609955846
4355,0,393,0,0,200863,201411,774.76196,776.763535,2.0015750000000025,9.953185958222106,8.2875,11.212499999999999,1,1,1,1,548,80,80,549.0,79.0,548.0,548,79,19.92204818432856,12193.397699311776
4355,0,394,0,0,201411,202021,776.763535,778.766513,2.0029779999999846,9.87539018515224,8.2875,11.212499999999999,1,1,1,1,610,80,80,610.0,81.0,610.0,610,81,19.780189282275387,12193.843367226295
4355,0,395,0,0,202021,202612,778.766513,780.768792,2.0022789999999304,9.933881502859341,8.2875,11.212499999999999,1,1,1,1,591,80,80,591.0,80.0,591.0,591,80,19.890402321662805,12075.240263719912
4355,0,396,0,0,202612,203153,780.768792,782.771067,2.002275000000054,9.903093037494324,8.2875,11.212499999999999,1,1,1,1,541,80,80,542.0,80.0,542.0,541,80,19.828715611649386,12069.770635901335
4355,0,397,0,0,203153,203793,782.771067,784.773345,2.002277999999933,9.983688974319847,8.2875,11.212499999999999,1,1,1,1,640,80,80,640.0,80.0,639.0,640,80,19.99012079212207,12323.963006136424
4355,0,398,0,0,203793,204344,784.773345,786.775621,2.0022760000000517,9.864422175653884,8.2875,11.212499999999999,1,1,1,1,551,80,80,551.0,80.0,551.0,551,80,19.751295776180086,11990.35497603696
4355,0,399,0,0,204344,204959,786.775621,788.777899,2.0022780000000466,9.893034701142152,8.2875,11.212499999999999,1,1,1,1,615,80,80,615.0,80.0,615.0,615,80,19.808605735333913,12341.942527460935
4355,0,400,0,0,204959,205569,788.777899,790.780176,2.0022769999999355,10.02647104605293,8.2875,11.212499999999999,1,1,1,1,610,80,80,611.0,80.0,610.0,610,80,20.075772366677484,12302.493611024245
4355,0,401,0,0,205569,206175,790.780176,792.781719,2.0015429999999697,9.961307118776935,8.2875,11.212499999999999,1,1,1,1,606,80,80,606.0,79.0,606.0,606,79,19.93798453443742,12044.207893610263
4355,0,402,0,0,206175,206736,792.781719,794.784728,2.00300900000002,9.853807516717083,8.2875,11.212499999999999,1,1,1,1,561,80,80,561.0,81.0,561.0,561,81,19.73726514025202,11926.556495752022
4355,0,403,0,0,206736,207348,794.784728,796.787006,2.0022780000000466,9.91744162084369,8.2875,11.212499999999999,1,1,1,1,612,80,80,612.0,80.0,612.0,612,80,19.85747517370055,12375.903845519664
4355,0,404,0,0,207348,207927,796.787006,798.789196,2.0021899999999277,9.903817579311283,8.2875,11.212499999999999,1,1,1,1,579,80,80,579.0,79.0,579.0,579,79,19.829324519120746,11984.87656016705
4355,0,405,0,0,207927,208000,798.789196,799.074044,0.28484800000001087,9.870128809689927,8.2875,11.212499999999999,1,1,1,1,73,12,12,73.0,12.0,73.0,73,12,2.8114864511826454,11493.8493512325
4355,0,406,0,0,208000,208617,799.074044,801.081196,2.007152000000019,9.777692703932223,8.2875,11.212499999999999,1,1,1,1,617,80,80,617.0,80.0,617.0,617,80,19.62531546608352,11914.394126603152
4355,0,407,0,0,208617,209187,801.081196,803.081382,2.000185999999985,9.88317704323673,8.2875,11.212499999999999,1,1,1,1,570,80,80,570.0,80.0,570.0,570,80,19.768192357403677,11843.398563933642
4355,0,408,0,0,209187,209781,803.081382,805.094276,2.012894000000074,9.843008316174057,8.2875,11.212499999999999,1,1,1,1,594,80,80,594.0,80.0,594.0,594,80,19.81293238157741,12145.69669341709
4355,0,409,0,0,209781,210334,805.094276,807.098732,2.0044560000000047,9.960988879057316,8.2875,11.212499999999999,1,1,1,1,553,80,80,553.0,81.0,553.0,553,81,19.966363924560028,12122.989978328256
4355,0,410,0,0,210334,210958,807.098732,809.100874,2.0021419999999353,9.821144528993546,8.2875,11.212499999999999,1,1,1,1,624,80,80,624.0,79.0,624.0,624,79,19.66332594956748,12069.074021723125
4355,0,411,0,0,210958,211563,809.100874,811.103286,2.0024120000000494,9.821303141421524,8.2875,11.212499999999999,1,1,1,1,605,80,80,605.0,81.0,605.0,605,81,19.666295266020825,12001.526159451405
4355,0,412,0,0,211563,212167,811.103286,813.105562,2.002275999999938,9.882428151458116,8.2875,11.212499999999999,1,1,1,1,604,80,80,604.0,80.0,604.0,604,80,19.787348709388425,11948.402717707619
4355,0,413,0,0,212167,212729,813.105562,815.10784,2.0022780000000466,9.993888881060231,8.2875,11.212499999999999,1,1,1,1,562,80,80,562.0,80.0,562.0,562,80,20.010543840991886,12016.812850163384
4355,0,414,0,0,212729,213286,815.10784,817.110115,2.0022749999999405,9.839811888614895,8.2875,11.212499999999999,1,1,1,1,557,80,80,557.0,80.0,557.0,557,80,19.702009349275613,11950.90584460212
4355,0,415,0,0,213286,213867,817.110115,819.110502,2.000387000000046,9.801047734681061,8.2875,11.212499999999999,1,1,1,1,581,80,80,581.0,79.0,581.0,581,79,19.60588847483632,11902.696828163476
4355,0,416,0,0,213867,214410,819.110502,821.111723,2.001220999999987,9.807769021542994,8.2875,11.212499999999999,1,1,1,1,543,80,80,543.0,80.0,543.0,543,80,19.627513329061003,11888.741923056052
4355,0,417,0,0,214410,214997,821.111723,823.115529,2.003806000000054,9.819804068114967,8.2875,11.212499999999999,1,1,1,1,587,80,80,587.0,80.0,587.0,587,80,19.676982310513267,11903.846979198262
4355,0,418,0,0,214997,215563,823.115529,825.115751,2.000222000000008,9.866280494527047,8.2875,11.212499999999999,1,1,1,1,566,80,80,566.0,80.0,566.0,566,80,19.73475130332372,11815.188514074891
4355,0,419,0,0,215563,216137,825.115751,827.116305,2.0005539999999655,9.893478054354459,8.2875,11.212499999999999,1,1,1,1,574,80,80,574.0,80.0,574.0,574,80,19.792437095550667,12243.108658901696
4355,0,420,0,0,216137,216733,827.116305,829.118115,2.0018099999999777,9.789427979890455,8.2875,11.212499999999999,1,1,1,1,596,80,80,596.0,80.0,596.0,596,80,19.59657482442435,12248.415184258383
4355,0,421,0,0,216733,217348,829.118115,831.121588,2.0034729999999854,9.918089670703587,8.2875,11.212499999999999,1,1,1,1,615,80,80,615.0,80.0,615.0,615,80,19.870624866833168,12088.009172072783
4355,0,422,0,0,217348,217943,831.121588,833.12833,2.006742000000031,9.875867486754933,8.2875,11.212499999999999,1,1,1,1,595,80,80,595.0,81.0,595.0,595,81,19.818318072106194,12269.140726610405
4355,0,423,0,0,217943,218497,833.12833,835.128567,2.00023699999997,9.947109057667467,8.2875,11.212499999999999,1,1,1,1,554,80,80,554.0,79.0,554.0,554,79,19.89657558018098,11931.086166289473
4355,0,424,0,0,218497,219069,835.128567,837.129184,2.000617000000034,9.901401740528394,8.2875,11.212499999999999,1,1,1,1,572,80,80,572.0,80.0,572.0,572,80,19.808912645930832,11922.321963674005
4355,0,425,0,0,219069,219681,837.129184,839.13228,2.0030960000000277,9.941196083375791,8.2875,11.212499999999999,1,1,1,1,612,80,80,613.0,80.0,612.0,612,80,19.913170109825842,12179.14668093774
4355,0,426,0,0,219681,220233,839.13228,841.137438,2.0051579999999376,9.847297659183054,8.2875,11.212499999999999,1,1,1,1,552,80,80,552.0,81.0,552.0,552,81,19.745387679691703,11964.14447140861
4355,0,427,0,0,220233,220860,841.137438,843.138442,2.00100400000008,9.88312069675047,8.2875,11.212499999999999,1,1,1,1,627,80,80,627.0,79.0,627.0,627,79,19.776164046681515,12273.838533055916
4355,0,428,0,0,220860,221000,843.138442,843.687211,0.548768999999993,9.898192145742247,8.2875,11.212499999999999,1,1,1,1,140,22,22,140.0,22.0,140.0,140,22,5.431821005627171,11509.3964855888
4355,0,429,0,0,221000,221567,843.687211,845.692617,2.0054059999999936,9.96914289482451,8.2875,11.212499999999999,1,1,1,1,567,80,80,568.0,81.0,567.0,567,81,19.992178976138348,12288.78341842005
4355,0,430,0,0,221567,222179,845.692617,847.693069,2.0004519999999957,9.90985952919146,8.2875,11.212499999999999,1,1,1,1,612,80,80,612.0,79.0,612.0,612,79,19.824198314890054,11913.307592484125
4355,0,431,0,0,222179,222764,847.693069,849.693419,2.000349999999912,9.845502401777415,8.2875,11.212499999999999,1,1,1,1,585,80,80,585.0,80.0,585.0,585,80,19.694450729394703,11907.416202165145
4355,0,432,0,0,222764,223315,849.693419,851.699448,2.0060290000000123,9.919409564905608,8.2875,11.212499999999999,1,1,1,1,551,80,80,551.0,81.0,551.0,551,81,19.898623250078344,12220.660817964172
4355,0,433,0,0,223315,223852,851.699448,853.701725,2.002277000000049,9.898243582982609,8.2875,11.212499999999999,1,1,1,1,537,80,80,537.0,80.0,537.0,537,80,19.819025466604216,11853.504784802211
4355,0,434,0,0,223852,224445,853.701725,855.703083,2.001357999999982,9.904731255259364,8.2875,11.212499999999999,1,1,1,1,593,80,80,593.0,79.0,593.0,593,79,19.822913135562885,12190.722499423002
4355,0,435,0,0,224445,225005,855.703083,857.706015,2.002931999999987,9.844502623528255,8.2875,11.212499999999999,1,1,1,1,560,80,80,560.0,80.0,560.0,560,80,19.717869328748748,11795.707492815609
4355,0,436,0,0,225005,225613,857.706015,859.708555,2.0025400000000673,9.852480111537588,8.2875,11.212499999999999,1,1,1,1,608,80,80,608.0,81.0,608.0,608,81,19.72998552255922,12232.964135547443
4355,0,437,0,0,225613,226179,859.708555,861.709151,2.000595999999973,9.824315036415829,8.2875,11.212499999999999,1,1,1,1,566,80,80,566.0,79.0,566.0,566,79,19.6544853645928,11636.532313370772
4355,0,438,0,0,226179,226751,861.709151,863.713109,2.0039580000000115,9.843148249668035,8.2875,11.212499999999999,1,1,1,1,572,80,80,572.0,81.0,572.0,572,81,19.725255680108603,12070.612258340674
4355,0,439,0,0,226751,227343,863.713109,865.714191,2.0010819999999967,9.810571911563871,8.2875,11.212499999999999,1,1,1,1,592,80,80,593.0,79.0,593.0,592,79,19.63175886193585,11779.627221673094
4355,0,440,0,0,227343,227958,865.714191,867.71456,2.000368999999978,9.926046032805482,8.2875,11.212499999999999,1,1,1,1,615,80,80,614.0,80.0,614.0,615,80,19.85575477659677,12311.228578327435
4355,0,441,0,0,227958,228526,867.71456,869.719942,2.0053819999999405,9.985627244242437,8.2875,11.212499999999999,1,1,1,1,568,80,80,568.0,81.0,568.0,568,81,20.024997134312798,11854.599273355752
4355,0,442,0,0,228526,229064,869.719942,871.719934,1.9999920000000202,9.856504221682101,8.2875,11.212499999999999,1,1,1,1,538,80,80,538.0,79.0,538.0,538,79,19.712929591330976,12032.048128192391
4355,0,443,0,0,229064,229664,871.719934,873.720548,2.0006140000000414,9.881051603434507,8.2875,11.212499999999999,1,1,1,1,600,80,80,601.0,80.0,600.0,600,80,19.768170172554164,12085.78966257334
4355,0,444,0,0,229664,230246,873.720548,875.721305,2.0007570000000214,9.870307650240225,8.2875,11.212499999999999,1,1,1,1,582,80,80,582.0,80.0,582.0,582,80,19.748087123371988,11746.054118516016
4355,0,445,0,0,230246,230797,875.721305,877.721383,2.0000779999999168,9.871405337272066,8.2875,11.212499999999999,1,1,1,1,551,80,80,551.0,80.0,551.0,551,80,19.74358064415992,11772.540870906525
4355,0,446,0,0,230797,231431,877.721383,879.722992,2.0016090000000304,9.860982071297883,8.2875,11.212499999999999,1,1,1,1,634,80,80,634.0,80.0,634.0,634,80,19.737830462749116,12087.775384702823
4355,0,447,0,0,231431,231991,879.722992,881.724101,2.001109000000042,9.82361602524307,8.2875,11.212499999999999,1,1,1,1,560,80,80,560.0,80.0,560.0,560,80,19.658126440658634,12217.725271336785
4355,0,448,0,0,231991,232588,881.724101,883.724415,2.000314000000003,9.77061238490901,8.2875,11.212499999999999,1,1,1,1,597,80,80,597.0,80.0,597.0,597,80,19.544292742107245,11823.643687940976
4355,0,449,0,0,232588,233201,883.724415,885.730047,2.0056319999999914,9.870940393818332,8.2875,11.212499999999999,1,1,1,1,613,80,80,613.0,80.0,613.0,613,80,19.797473923934376,12056.05016274177
4355,0,450,0,0,233201,233779,885.730047,887.730891,2.000844000000029,9.887384891294811,8.2875,11.212499999999999,1,1,1,1,578,80,80,578.0,80.0,578.0,578,80,19.783114735438176,11991.939401572361
4355,0,451,0,0,233779,234000,887.730891,888.426982,0.6960909999999103,9.962615641348979,8.2875,11.212499999999999,1,1,1,1,221,28,28,221.0,28.0,221.0,221,28,6.934887084401453,12295.806151783463
4355,0,452,0,0,234000,234590,888.426982,890.428574,2.0015920000000733,9.920358458124307,8.2875,11.212499999999999,1,1,1,1,590,80,80,590.0,80.0,590.0,590,80,19.856510126915055,12378.646597308089
4355,0,453,0,0,234590,235175,890.428574,892.430483,2.001908999999955,9.85916870090565,8.2875,11.212499999999999,1,1,1,1,585,80,80,585.0,80.0,585.0,585,80,19.737158554860798,11785.25097794182
4355,0,454,0,0,235175,235768,892.430483,894.432398,2.0019150000000536,9.939712780498501,8.2875,11.212499999999999,1,1,1,1,593,80,80,593.0,80.0,593.0,593,80,19.898460110972337,12304.71823229225
4355,0,455,0,0,235768,236371,894.432398,896.434005,2.0016069999999218,9.798626505228931,8.2875,11.212499999999999,1,1,1,1,603,80,80,603.0,80.0,603.0,603,80,19.612999403250797,11992.863733990209
4355,0,456,0,0,236371,236916,896.434005,898.434987,2.000982000000022,9.807667810014005,8.2875,11.212499999999999,1,1,1,1,545,80,80,545.0,80.0,545.0,545,80,19.62496674981776,11613.297870745337
4355,0,457,0,0,236916,237480,898.434987,900.437825,2.002837999999997,9.931578606160851,8.2875,11.212499999999999,1,1,1,1,564,80,80,564.0,80.0,564.0,564,80,19.89134303240553,11722.865254204302
4355,0,458,0,0,237480,238082,900.437825,902.438938,2.001113000000032,9.922062346827122,8.2875,11.212499999999999,1,1,1,1,602,80,80,602.0,80.0,602.0,602,80,19.855167949046518,11837.912201859475
4355,0,459,0,0,238082,238666,902.438938,904.441625,2.002687000000037,9.980180321756503,8.2875,11.212499999999999,1,1,1,1,584,80,80,584.0,80.0,584.0,584,80,19.987177388037708,12461.75762862571
4355,0,460,0,0,238666,239254,904.441625,906.442737,2.001111999999921,10.03886170684366,8.2875,11.212499999999999,1,1,1,1,588,80,80,588.0,80.0,588.0,588,80,20.088886627904685,12148.745297615007
4355,0,461,0,0,239254,239853,906.442737,908.44465,2.0019130000000587,10.086450986665454,8.2875,11.212499999999999,1,1,1,1,599,80,80,599.0,80.0,599.0,599,80,20.19219735406932,12291.742947870001
4355,0,462,0,0,239853,240415,908.44465,910.445178,2.000528000000031,9.90251082789881,8.2875,11.212499999999999,1,1,1,1,562,80,80,562.0,80.0,562.0,562,80,19.810250181514675,12110.80274807432
4355,0,463,0,0,240415,240976,910.445178,912.449346,2.004167999999936,9.885549653004226,8.2875,11.212499999999999,1,1,1,1,561,80,80,561.0,80.0,561.0,561,80,19.812302276961418,12316.332762523296
4355,0,464,0,0,240976,241608,912.449346,914.453542,2.004195999999979,10.006500185888216,8.2875,11.212499999999999,1,1,1,1,632,80,80,632.0,80.0,632.0,632,80,20.054987646556583,12064.688283980337
4355,0,465,0,0,241608,242203,914.453542,916.453675,2.0001330000000053,9.909950792742404,8.2875,11.212499999999999,1,1,1,1,595,80,80,595.0,80.0,595.0,595,80,19.821219608940737,12325.680342257207
4355,0,466,0,0,242203,242805,916.453675,918.463431,2.0097560000000385,9.902199378610279,8.2875,11.212499999999999,1,1,1,1,602,80,80,602.0,80.0,602.0,602,80,19.9010046143585,12194.515155073317
4355,0,467,0,0,242805,243377,918.463431,920.466117,2.0026860000000397,9.909684913771219,8.2875,11.212499999999999,1,1,1,1,572,80,80,572.0,80.0,572.0,572,80,19.845987241220428,12001.382143780664
4355,0,468,0,0,243377,243945,920.466117,922.467997,2.0018799999999146,9.899023422724119,8.2875,11.212499999999999,1,1,1,1,568,80,80,569.0,80.0,568.0,568,80,19.816657009481787,11802.405738606214
4355,0,469,0,0,243945,244495,922.467997,924.472296,2.00429900000006,9.904775427689495,8.2875,11.212499999999999,1,1,1,1,550,80,80,550.0,80.0,550.0,550,80,19.85213148494404,11776.187085858593
4355,0,470,0,0,244495,245101,924.472296,926.473101,2.000805000000014,9.960379839216346,8.2875,11.212499999999999,1,1,1,1,606,80,80,606.0,80.0,606.0,606,80,19.928777784203703,12046.651222882705
4355,0,471,0,0,245101,245696,926.473101,928.475703,2.0026019999999107,9.974872283636241,8.2875,11.212499999999999,1,1,1,1,595,80,80,595.0,80.0,595.0,595,80,19.975699184953555,12080.283551100558
4355,0,472,0,0,245696,246285,928.475703,930.477096,2.0013930000000073,9.899250932223744,8.2875,11.212499999999999,1,1,1,1,589,80,80,589.0,80.0,589.0,589,80,19.81229152099695,12098.573343666092
4355,0,473,0,0,246285,246882,930.477096,932.481617,2.004521000000068,9.896006347267177,8.2875,11.212499999999999,1,1,1,1,597,80,80,597.0,80.0,597.0,597,80,19.836752539231384,12032.799855925272
4355,0,474,0,0,246882,247000,932.481617,932.845827,0.3642099999999573,9.887434875590346,8.2875,11.212499999999999,1,1,1,1,118,15,15,118.0,15.0,118.0,118,15,3.6011026560390746,12102.907663162781
4355,0,475,0,0,247000,247611,932.845827,934.847074,2.001247000000035,9.875643788207917,8.2875,11.212499999999999,1,1,1,1,611,80,80,613.0,80.0,611.0,611,80,19.763602504219307,12113.946954073925
4355,0,476,0,0,247611,248202,934.847074,936.847733,2.000658999999928,9.896666728890445,8.2875,11.212499999999999,1,1,1,1,591,80,80,591.0,80.0,591.0,591,80,19.799855361154187,12039.033138581271
4355,0,477,0,0,248202,248778,936.847733,938.848553,2.0008200000000897,9.915050593557549,8.2875,11.212499999999999,1,1,1,1,576,79,79,576.0,80.0,576.0,576,80,19.8382315286035,11909.117261922078
4355,0,478,0,0,248778,249360,938.848553,940.850828,2.0022749999999405,9.963876246287487,8.2875,11.212499999999999,1,1,1,1,582,80,80,582.0,80.0,582.0,582,80,19.950420311035487,11938.919479092887
4355,0,479,0,0,249360,249959,940.850828,942.853081,2.002252999999996,9.87775169921705,8.2875,11.212499999999999,1,1,1,1,599,80,80,600.0,80.0,600.0,599,79,19.77775797301183,11938.051784664598
4355,0,480,0,0,249959,250496,942.853081,944.855383,2.002301999999986,9.82635962031466,8.2875,11.212499999999999,1,1,1,1,537,80,80,536.0,80.0,536.0,537,81,19.675339520475973,12025.159041942808
4355,0,481,0,0,250496,251101,944.855383,946.85766,2.002277000000049,9.757630512684518,8.2875,11.212499999999999,1,1,1,1,605,80,80,606.0,80.0,605.0,605,80,19.537479150047147,11978.362634140736
4355,0,482,0,0,251101,251655,946.85766,948.858413,2.0007530000000315,9.795488031214155,8.2875,11.212499999999999,1,1,1,1,554,80,80,554.0,79.0,554.0,554,79,19.59835206491698,11986.487087611325
4355,0,483,0,0,251655,252244,948.858413,950.861,2.0025869999999486,9.834198162863517,8.2875,11.212499999999999,1,1,1,1,589,80,80,589.0,80.0,589.0,589,80,19.693837396373056,11652.427584919207
4355,0,484,0,0,252244,252845,950.861,952.86449,2.003490000000056,9.812533173687918,8.2875,11.212499999999999,1,1,1,1,601,80,80,601.0,81.0,601.0,601,81,19.659312088153456,12279.572146603832
4355,0,485,0,0,252845,253459,952.86449,954.865181,2.0006909999999607,9.83765927091444,8.2875,11.212499999999999,1,1,1,1,614,80,80,614.0,79.0,614.0,614,79,19.682116364385365,11918.382198950498
4355,0,486,0,0,253459,254082,954.865181,956.869044,2.003863000000024,9.81417427858586,8.2875,11.212499999999999,1,1,1,1,623,80,80,623.0,81.0,623.0,623,81,19.666260712410804,11913.489095811297
4355,0,487,0,0,254082,254651,956.869044,958.870127,2.001082999999994,9.732407906589069,8.2875,11.212499999999999,1,1,1,1,569,80,80,569.0,79.0,569.0,569,79,19.47535601094023,11735.645148152309
4355,0,488,0,0,254651,255250,958.870127,960.873597,2.003469999999993,9.782359758054882,8.2875,11.212499999999999,1,1,1,1,599,80,80,600.0,81.0,599.0,599,81,19.59866430447073,11746.61961496807
4355,0,489,0,0,255250,255822,960.873597,962.875874,2.0022769999999355,9.751593830170414,8.2875,11.212499999999999,1,1,1,1,572,80,80,573.0,80.0,572.0,572,80,19.525392039491635,11795.071311312451
4355,0,490,0,0,255822,256386,962.875874,964.876243,2.0003690000000915,9.89927177082236,8.2875,11.212499999999999,1,1,1,1,564,80,80,564.0,79.0,564.0,564,79,19.802196372929757,11762.829757909127
4355,0,491,0,0,256386,256922,964.876243,966.880432,2.0041889999999967,9.733479205245496,8.2875,11.212499999999999,1,1,1,1,536,80,80,536.0,81.0,536.0,536,81,19.50773195488182,11857.165167556572
4355,0,492,0,0,256922,257504,966.880432,968.881605,2.0011729999999943,9.772540633062949,8.2875,11.212499999999999,1,1,1,1,582,80,80,582.0,79.0,582.0,582,79,19.556544456288975,12207.84010178034
4355,0,493,0,0,257504,258060,968.881605,970.884981,2.003376000000003,9.74681758469185,8.2875,11.212499999999999,1,1,1,1,556,80,80,556.0,81.0,556.0,556,81,19.526540425549683,11873.956760987436
4355,0,494,0,0,258060,258620,970.884981,972.887258,2.0022769999999355,9.78042419321451,8.2875,11.212499999999999,1,1,1,1,560,80,80,560.0,80.0,560.0,560,80,19.583118412316253,12063.765403088972
4355,0,495,0,0,258620,259169,972.887258,974.889534,2.0022760000000517,9.778659608820162,8.2875,11.212499999999999,1,1,1,1,549,80,80,549.0,80.0,549.0,549,80,19.579575446910894,11835.031733886532
4355,0,496,0,0,259169,259719,974.889534,976.890102,2.00056799999993,9.802574230427698,8.2875,11.212499999999999,1,1,1,1,550,80,80,550.0,79.0,550.0,550,79,19.610716323017186,11821.642653486822
4355,0,497,0,0,259719,260000,976.890102,977.861289,0.9711870000000999,9.809794861931682,8.2875,11.212499999999999,1,1,1,1,281,39,39,281.0,39.0,281.0,281,39,9.527145242574989,11976.066401217071
4355,0,498,0,0,260000,260592,977.861289,979.865155,2.0038659999999027,9.742817107127989,8.2875,11.212499999999999,1,1,1,1,592,80,80,592.0,80.0,592.0,592,80,19.523299945190956,11630.019172939274
4355,0,499,0,0,260592,261140,979.865155,981.869294,2.004139000000009,9.834477787928163,8.2875,11.212499999999999,1,1,1,1,548,80,80,548.0,80.0,548.0,548,80,19.709660479420563,11825.527071725011
4355,0,500,0,0,261140,261702,981.869294,983.874752,2.005457999999976,9.874533967190233,8.2875,11.212499999999999,1,1,1,1,562,80,80,562.0,81.0,562.0,562,81,19.8029631407735,11805.283381651614
4355,0,501,0,0,261702,262272,983.874752,985.875538,2.000786000000062,9.674349770370107,8.2875,11.212499999999999,1,1,1,1,570,80,80,570.0,79.0,570.0,570,79,19.356303579659652,11733.3887782098
4355,0,502,0,0,262272,262863,985.875538,987.875922,2.00038399999994,9.764286879093097,8.2875,11.212499999999999,1,1,1,1,591,80,80,591.0,80.0,591.0,591,80,19.532323244347936,11991.6975940623
4355,0,503,0,0,262863,263418,987.875922,989.877715,2.0017930000000206,9.87024361205548,8.2875,11.212499999999999,1,1,1,1,555,80,80,555.0,80.0,555.0,555,80,19.75818457090827,11872.855984609676
4355,0,504,0,0,263418,263997,989.877715,991.878669,2.000953999999979,9.861231089404821,8.2875,11.212499999999999,1,1,1,1,579,80,80,579.0,80.0,579.0,579,80,19.731869793267833,11806.868123905022
4355,0,505,0,0,263997,264627,991.878669,993.884924,2.00625500000001,9.892916470633947,8.2875,11.212499999999999,1,1,1,1,630,80,80,630.0,80.0,630.0,630,80,19.84771313379133,12212.306012944455
4355,0,506,0,0,264627,265170,993.884924,995.888413,2.0034890000000587,9.823615868263202,8.2875,11.212499999999999,1,1,1,1,543,80,80,543.0,81.0,543.0,543,81,19.681506332291974,11854.320138518007
4355,0,507,0,0,265170,265780,995.888413,997.889974,2.001561000000038,9.888649038684266,8.2875,11.212499999999999,1,1,1,1,610,80,80,610.0,79.0,610.0,610,79,19.792734258518976,12185.988835713495
4355,0,508,0,0,265780,266353,997.889974,999.891155,2.001180999999974,9.909287247708008,8.2875,11.212499999999999,1,1,1,1,573,80,80,573.0,80.0,573.0,573,80,19.830277363655114,12040.390149616807
4355,0,509,0,0,266353,266957,999.891155,1001.893348,2.00219299999992,9.900576388887128,8.2875,11.212499999999999,1,1,1,1,604,80,80,604.0,80.0,604.0,604,80,19.822864741794547,11781.581495890227
4355,0,510,0,0,266957,267524,1001.893348,1003.894639,2.0012910000000375,9.92796547707982,8.2875,11.212499999999999,1,1,1,1,567,80,80,567.0,80.0,567.0,567,80,19.86874795759104,12156.153203107167
4355,0,511,0,0,267524,268070,1003.894639,1005.895805,2.001166000000012,9.841045221120554,8.2875,11.212499999999999,1,1,1,1,546,80,80,546.0,80.0,546.0,546,80,19.693565100969863,12354.797153259575
4355,0,512,0,0,268070,268672,1005.895805,1007.902074,2.0062689999999748,9.770641439828465,8.2875,11.212499999999999,1,1,1,1,602,80,80,602.0,81.0,602.0,602,81,19.602535030842773,12089.605132711667
4355,0,513,0,0,268672,269227,1007.902074,1009.902515,2.0004410000000235,9.727604516106036,8.2875,11.212499999999999,1,1,1,1,555,80,80,555.0,79.0,555.0,555,79,19.45949890580414,11537.955880728165
4355,0,514,0,0,269227,269796,1009.902515,1011.906627,2.0041119999999637,9.871678506910152,8.2875,11.212499999999999,1,1,1,1,569,80,80,569.0,81.0,569.0,569,81,19.783949355840377,11803.232553869459
4355,0,515,0,0,269796,270387,1011.906627,1013.908905,2.0022780000000466,9.833240349890412,8.2875,11.212499999999999,1,1,1,1,591,80,80,591.0,80.0,591.0,591,80,19.68888082129888,11763.10182701875
4355,0,516,0,0,270387,270976,1013.908905,1015.909306,2.0004010000000108,9.884687779316618,8.2875,11.212499999999999,1,1,1,1,589,80,80,589.0,79.0,589.0,589,79,19.7733393184335,11836.62675633529
4355,0,517,0,0,270976,271558,1015.909306,1017.909412,2.0001059999999597,9.901902777250324,8.2875,11.212499999999999,1,1,1,1,582,80,80,582.0,80.0,582.0,582,80,19.804855156195117,12037.861993314596
4355,0,518,0,0,271558,272156,1017.909412,1019.909558,2.0001459999999724,9.822731335631909,8.2875,11.212499999999999,1,1,1,1,598,80,80,598.0,80.0,598.0,598,80,19.646896790038227,11897.131509399978
4355,0,519,0,0,272156,272748,1019.909558,1021.911315,2.001756999999998,9.82570338700185,8.2875,11.212499999999999,1,1,1,1,592,80,80,592.0,80.0,592.0,592,80,19.668670534854755,11959.993146021234
4355,0,520,0,0,272748,273000,1021.911315,1022.767629,0.8563140000001113,9.851826916724471,8.2875,11.212499999999999,1,1,1,1,252,34,34,252.0,34.0,252.0,252,34,8.436257314369868,12043.47937789019
4355,0,521,0,0,273000,273603,1022.767629,1024.7676,1.9999709999998458,9.773870316983626,8.2875,11.212499999999999,1,1,1,1,603,79,79,604.0,80.0,603.0,603,79,19.547457191725698,11957.673386265022
4355,0,522,0,0,273603,274189,1024.7676,1026.771587,2.003987000000052,9.788412822430962,8.2875,11.212499999999999,1,1,1,1,586,80,80,586.0,80.0,586.0,586,80,19.61585204678522,12079.419676873838
4355,0,523,0,0,274189,274760,1026.771587,1028.772344,2.0007570000000214,9.835153716241818,8.2875,11.212499999999999,1,1,1,1,571,80,80,572.0,80.0,571.0,571,80,19.67775264384727,11661.586089664937
4355,0,524,0,0,274760,275326,1028.772344,1030.774216,2.0018720000000485,9.848572848036573,8.2875,11.212499999999999,1,1,1,1,566,80,80,566.0,80.0,566.0,566,80,19.715582224445825,12147.629818489599
4355,0,525,0,0,275326,275890,1030.774216,1032.780364,2.006147999999939,9.913430780447866,8.2875,11.212499999999999,1,1,1,1,564,80,80,564.0,81.0,564.0,564,81,19.88780933333328,11976.683674385304
4355,0,526,0,0,275890,276478,1032.780364,1034.782641,2.002277000000049,9.815759602071257,8.2875,11.212499999999999,1,1,1,1,588,80,80,588.0,80.0,588.0,588,80,19.65386968875646,11983.356948114277
4355,0,527,0,0,276478,277042,1034.782641,1036.784917,2.002275999999938,9.915994204618162,8.2875,11.212499999999999,1,1,1,1,564,80,80,564.0,80.0,564.0,564,80,19.85455721204562,12266.041245063498
4355,0,528,0,0,277042,277611,1036.784917,1038.784914,1.9999970000001213,9.96333652898878,8.2875,11.212499999999999,1,1,1,1,569,80,80,569.0,79.0,569.0,569,79,19.926643167969814,12310.018465026951
4355,0,529,0,0,277611,278238,1038.784914,1040.784884,1.9999699999998484,9.899384962068279,8.2875,11.212499999999999,1,1,1,1,627,80,80,627.0,80.0,627.0,627,80,19.79847294258616,12185.18277774259
4355,0,530,0,0,278238,278835,1040.784884,1042.791747,2.0068630000000667,9.975907355943805,8.2875,11.212499999999999,1,1,1,1,597,80,80,597.0,81.0,597.0,597,81,20.02027936407285,12051.146490816362
4355,0,531,0,0,278835,279420,1042.791747,1044.79327,2.0015229999999065,9.993629863207234,8.2875,11.212499999999999,1,1,1,1,585,80,80,585.0,79.0,585.0,585,79,20.002480024695615,12192.2156278
4355,0,532,0,0,279420,280001,1044.79327,1046.795729,2.0024590000000444,9.882166959239083,8.2875,11.212499999999999,1,1,1,1,581,80,80,581.0,80.0,581.0,581,80,19.788634167030978,11838.444632324294
4355,0,533,0,0,280001,280601,1046.795729,1048.796838,2.001109000000042,9.934891199266188,8.2875,11.212499999999999,1,1,1,1,600,80,80,600.0,80.0,600.0,600,80,19.880800192871902,12080.801195736709
4355,0,534,0,0,280601,281138,1048.796838,1050.799338,2.0025000000000546,9.885975213071548,8.2875,11.212499999999999,1,1,1,1,537,80,80,537.0,80.0,537.0,537,80,19.79666536417608,11986.017478151984
4355,0,535,0,0,281138,281721,1050.799338,1052.801732,2.0023939999998674,9.931448648965645,8.2875,11.212499999999999,1,1,1,1,583,80,80,584.0,80.0,583.0,583,80,19.886673185996187,11966.176486746157
4355,0,536,0,0,281721,282274,1052.801732,1054.803557,2.0018250000000535,9.921412282564173,8.2875,11.212499999999999,1,1,1,1,553,80,80,553.0,80.0,553.0,553,80,19.86093114254436,11685.337129868682
4355,0,537,0,0,282274,282869,1054.803557,1056.804036,2.000479000000041,9.915405862619345,8.2875,11.212499999999999,1,1,1,1,595,80,80,595.0,80.0,595.0,595,80,19.835561204647092,11949.63806168398
4355,0,538,0,0,282869,283434,1056.804036,1058.809962,2.005926000000045,9.961517571107736,8.2875,11.212499999999999,1,1,1,1,565,80,80,565.0,81.0,565.0,565,81,19.982067095343155,12307.034257494766
4355,0,539,0,0,283434,284039,1058.809962,1060.81224,2.002277999999933,10.084387033216387,8.2875,11.212499999999999,1,1,1,1,605,80,80,605.0,80.0,605.0,605,80,20.191746300093655,12165.643332244981
4355,0,540,0,0,284039,284643,1060.81224,1062.812442,2.0002019999999447,9.939048853679886,8.2875,11.212499999999999,1,1,1,1,604,80,80,604.0,79.0,604.0,604,79,19.880105395228384,12137.77408481777
4355,0,541,0,0,284643,285223,1062.812442,1064.816792,2.0043500000001586,9.94445394541776,8.2875,11.212499999999999,1,1,1,1,580,80,80,580.0,81.0,580.0,580,81,19.9321662655002,12024.845960035967
4355,0,542,0,0,285223,285774,1064.816792,1066.817432,2.0006399999999758,9.958164692914725,8.2875,11.212499999999999,1,1,1,1,551,80,80,551.0,79.0,551.0,551,79,19.922702611233035,11983.16538707628
4355,0,543,0,0,285774,286000,1066.817432,1067.634442,0.817009999999982,9.922843990371828,8.2875,11.212499999999999,1,1,1,1,226,33,33,226.0,33.0,226.0,226,33,8.107062768573087,11906.831005740705
4355,0,544,0,0,286000,286595,1067.634442,1069.635453,2.0010110000000623,10.024413706542184,8.2875,11.212499999999999,1,1,1,1,595,80,80,597.0,80.0,595.0,595,80,20.058962095341485,12184.340815717276
4355,0,545,0,0,286595,287163,1069.635453,1071.640583,2.0051300000000083,10.010502807615296,8.2875,11.212499999999999,1,1,1,1,568,80,80,568.0,80.0,568.0,568,80,20.07235949463393,11882.02261200017
4355,0,546,0,0,287163,287781,1071.640583,1073.644005,2.0034220000000005,10.012424491304628,8.2875,11.212499999999999,1,1,1,1,618,80,80,618.0,80.0,618.0,618,80,20.05911149921849,12126.751128818589
4355,0,547,0,0,287781,288363,1073.644005,1075.644771,2.000765999999885,10.065875345652321,8.2875,11.212499999999999,1,1,1,1,582,80,80,582.0,80.0,582.0,582,80,20.139461151818978,12082.872259925143
4355,0,548,0,0,288363,289006,1075.644771,1077.647101,2.002330000000029,9.981977585151398,8.2875,11.212499999999999,1,1,1,1,643,80,80,643.0,80.0,643.0,643,80,19.987213178075763,12129.369284783052
4355,0,549,0,0,289006,289590,1077.647101,1079.651696,2.004594999999881,9.952462455760008,8.2875,11.212499999999999,1,1,1,1,584,80,80,584.0,80.0,584.0,584,80,19.950656476503354,11866.736173641764
4355,0,550,0,0,289590,290232,1079.651696,1081.657075,2.0053790000001754,9.9856418958431,8.2875,11.212499999999999,1,1,1,1,642,80,80,642.0,80.0,642.0,642,80,20.024996559444844,12036.627490363611
4355,0,551,0,0,290232,290802,1081.657075,1083.659506,2.0024309999998877,10.088054246452447,8.2875,11.212499999999999,1,1,1,1,570,80,80,570.0,80.0,570.0,570,80,20.20063255277637,12401.426066616723
4355,0,552,0,0,290802,291391,1083.659506,1085.664341,2.0048349999999573,10.013662740617567,8.2875,11.212499999999999,1,1,1,1,589,80,80,589.0,80.0,589.0,589,80,20.075741540586023,12165.589686932102
4355,0,553,0,0,291391,291983,1085.664341,1087.667778,2.0034370000000763,9.938704469067254,8.2875,11.212499999999999,1,1,1,1,592,80,80,592.0,81.0,592.0,592,81,19.911568265395545,11866.6072354654
4355,0,554,0,0,291983,292586,1087.667778,1089.668308,2.000530000000026,9.954170244812056,8.2875,11.212499999999999,1,1,1,1,603,80,80,603.0,79.0,603.0,603,79,19.913616199854005,12244.255272352666
4355,0,555,0,0,292586,293113,1089.668308,1091.669771,2.001463000000058,9.85445086572161,8.2875,11.212499999999999,1,1,1,1,527,80,80,527.0,80.0,527.0,527,80,19.72331879305966,11950.758020507652
4355,0,556,0,0,293113,293664,1091.669771,1093.670132,2.0003609999998844,9.997969456281345,8.2875,11.212499999999999,1,1,1,1,551,80,80,551.0,80.0,551.0,551,80,19.99954817953585,12026.329247571508
4355,0,557,0,0,293664,294244,1093.670132,1095.671745,2.001613000000134,10.050452521304845,8.2875,11.212499999999999,1,1,1,1,580,80,80,580.0,80.0,580.0,580,80,20.117116422527033,12029.797967938051
4355,0,558,0,0,294244,294833,1095.671745,1097.671798,2.00005299999998,10.100654363867127,8.2875,11.212499999999999,1,1,1,1,589,80,80,589.0,80.0,589.0,589,80,20.201844062416058,12349.672733672682
4355,0,559,0,0,294833,295409,1097.671798,1099.676218,2.004419999999982,10.085407840316213,8.2875,11.212499999999999,1,1,1,1,576,80,80,576.0,80.0,576.0,576,80,20.215393183287233,12331.247942048185
4355,0,560,0,0,295409,295988,1099.676218,1101.676738,2.000519999999824,9.96833437039914,8.2875,11.212499999999999,1,1,1,1,579,80,80,579.0,80.0,579.0,579,80,19.941852274669145,12295.803091197371
4355,0,561,0,0,295988,296604,1101.676738,1103.684996,2.008258000000069,10.008388112279931,8.2875,11.212499999999999,1,1,1,1,616,80,80,616.0,80.0,616.0,616,80,20.099425493592207,12434.15935601857
4355,0,562,0,0,296604,297172,1103.684996,1105.688269,2.0032730000000356,9.993181380458765,8.2875,11.212499999999999,1,1,1,1,568,80,80,568.0,81.0,568.0,568,81,20.0190704435754,12137.636757446224
4355,0,563,0,0,297172,297729,1105.688269,1107.690546,2.002277000000049,9.928322914822838,8.2875,11.212499999999999,1,1,1,1,557,80,80,557.0,80.0,557.0,557,80,19.87925262092358,11646.24075490026
4355,0,564,0,0,297729,298285,1107.690546,1109.692823,2.002277000000049,9.917394437856665,8.2875,11.212499999999999,1,1,1,1,556,80,80,556.0,80.0,556.0,556,80,19.857370782849102,11799.066762490615
4355,0,565,0,0,298285,298821,1109.692823,1111.693998,2.0011749999998756,9.860631846228683,8.2875,11.212499999999999,1,1,1,1,536,80,80,536.0,79.0,536.0,536,79,19.73284993487505,11921.496121029637
4355,0,566,0,0,298821,299000,1111.693998,1112.320785,0.626786999999922,9.882285163031641,8.2875,11.212499999999999,1,1,1,1,179,25,25,180.0,26.0,179.0,179,25,6.194087870480871,12367.837877940934
4355,0,567,0,0,299000,299553,1112.320785,1114.323088,2.002303000000211,9.90862955957566,8.2875,11.212499999999999,1,1,1,1,553,79,79,553.0,80.0,553.0,553,80,19.840078693028772,12016.662812769828
4355,0,568,0,0,299553,300091,1114.323088,1116.325364,2.002275999999938,9.88549853461539,8.2875,11.212499999999999,1,1,1,1,538,80,80,538.0,80.0,538.0,538,80,19.79349646389528,11754.123807107875
4355,0,569,0,0,300091,300691,1116.325364,1118.327641,2.002277000000049,9.8114922920178,8.2875,11.212499999999999,1,1,1,1,600,80,80,600.0,80.0,600.0,600,80,19.645325351984866,11707.17138537746
4355,0,570,0,0,300691,301247,1118.327641,1120.328464,2.000822999999855,9.897069040835634,8.2875,11.212499999999999,1,1,1,1,556,80,80,556.0,79.0,556.0,556,79,19.802283369490397,11985.068144459425
4355,0,571,0,0,301247,301809,1120.328464,1122.328738,2.0002739999999903,9.969432556292508,8.2875,11.212499999999999,1,1,1,1,562,80,80,562.0,80.0,562.0,562,80,19.94159673710601,12251.821500454496
4355,0,572,0,0,301809,302430,1122.328738,1124.334474,2.00573600000007,9.999535799597746,8.2875,11.212499999999999,1,1,1,1,621,80,80,621.0,81.0,621.0,621,81,20.056428936542943,12210.978912478584
4355,0,573,0,0,302430,303028,1124.334474,1126.336748,2.002273999999943,9.982615686877084,8.2875,11.212499999999999,1,1,1,1,598,80,80,598.0,80.0,598.0,598,80,19.98793184182614,12045.30448879658
4355,0,574,0,0,303028,303609,1126.336748,1128.338837,2.002089000000069,9.913519543226677,8.2875,11.212499999999999,1,1,1,1,581,80,80,581.0,79.0,581.0,581,79,19.847748428779596,12027.936819991104
4355,0,575,0,0,303609,304178,1128.338837,1130.339394,2.0005570000000716,9.914662144887602,8.2875,11.212499999999999,1,1,1,1,569,80,80,569.0,80.0,569.0,569,80,19.834846756590196,11938.675078990074
4355,0,576,0,0,304178,304791,1130.339394,1132.343581,2.0041870000000017,9.91582036380807,8.2875,11.212499999999999,1,1,1,1,613,80,80,613.0,81.0,613.0,613,81,19.873158267479084,12061.24977359896
4355,0,577,0,0,304791,305391,1132.343581,1134.343911,2.000329999999849,9.893366389482384,8.2875,11.212499999999999,1,1,1,1,600,80,80,600.0,79.0,600.0,600,79,19.789997589872655,11907.535256683546
4355,0,578,0,0,305391,305981,1134.343911,1136.348134,2.004223000000138,9.999089386914319,8.2875,11.212499999999999,1,1,1,1,590,80,80,590.0,81.0,590.0,590,81,20.040404928311546,12364.3925850558
4355,0,579,0,0,305981,306603,1136.348134,1138.350409,2.002274999999827,9.95783955774357,8.2875,11.212499999999999,1,1,1,1,622,80,80,622.0,80.0,622.0,622,80,19.938333200479974,12270.54225818238
4355,0,580,0,0,306603,307179,1138.350409,1140.352687,2.0022780000001603,9.97999411014217,8.2875,11.212499999999999,1,1,1,1,576,80,80,576.0,80.0,576.0,576,80,19.98272264686966,12228.571656881832
4355,0,581,0,0,307179,307787,1140.352687,1142.354963,2.002275999999938,10.04016258111408,8.2875,11.212499999999999,1,1,1,1,608,80,80,610.0,80.0,608.0,608,80,20.103176572261873,11999.344745679788
4355,0,582,0,0,307787,308377,1142.354963,1144.35724,2.002277000000049,9.920933182779045,8.2875,11.212499999999999,1,1,1,1,590,80,80,590.0,80.0,590.0,590,80,19.864456330415123,11829.532077729215
4355,0,583,0,0,308377,308934,1144.35724,1146.359518,2.002277999999933,9.881221543845797,8.2875,11.212499999999999,1,1,1,1,557,80,80,557.0,80.0,557.0,557,80,19.784952510368385,12014.315694424453
4355,0,584,0,0,308934,309473,1146.359518,1148.361793,2.002275000000054,10.04157259108776,8.2875,11.212499999999999,1,1,1,1,539,80,80,539.0,80.0,539.0,539,80,20.10598975982066,11985.866077336705
4355,0,585,0,0,309473,310061,1148.361793,1150.364071,2.002277999999933,10.009344862193746,8.2875,11.212499999999999,1,1,1,1,588,80,80,588.0,80.0,588.0,588,80,20.041491011983453,12181.625128978501
4355,0,586,0,0,310061,310658,1150.364071,1152.366059,2.001987999999983,9.975738795849574,8.2875,11.212499999999999,1,1,1,1,597,80,80,597.0,79.0,597.0,597,79,19.97130936042595,12093.4790817928
4355,0,587,0,0,310658,311205,1152.366059,1154.368623,2.0025640000001204,9.940872306651748,8.2875,11.212499999999999,1,1,1,1,547,80,80,547.0,81.0,547.0,547,81,19.907233009898846,12006.607529146911
4355,0,588,0,0,311205,311762,1154.368623,1156.370901,2.002277999999933,9.88002461601395,8.2875,11.212499999999999,1,1,1,1,557,80,80,557.0,80.0,557.0,557,80,19.782555928102738,11955.382818969594
4355,0,589,0,0,311762,312000,1156.370901,1157.200466,0.8295650000000023,9.869270295104068,8.2875,11.212499999999999,1,1,1,1,238,34,34,238.0,33.0,238.0,238,33,8.18720121235856,11771.229499798053
4355,0,590,0,0,312000,312593,1157.200466,1159.201706,2.0012400000000525,9.924256482706005,8.2875,11.212499999999999,1,1,1,1,593,80,80,593.0,80.0,593.0,593,80,19.860819043451556,12243.908776558212
4355,0,591,0,0,312593,313185,1159.201706,1161.205679,2.00397299999986,9.874325797318528,8.2875,11.212499999999999,1,1,1,1,592,80,80,592.0,80.0,592.0,592,80,19.787882291027927,12277.610526689592
4355,0,592,0,0,313185,313740,1161.205679,1163.206336,2.0006570000000465,9.969696103261652,8.2875,11.212499999999999,1,1,1,1,555,80,80,555.0,80.0,555.0,555,80,19.945942296862995,12168.002811076278
4355,0,593,0,0,313740,314366,1163.206336,1165.211407,2.0050710000000436,10.014637352918314,8.2875,11.212499999999999,1,1,1,1,626,80,80,626.0,80.0,626.0,626,80,20.080058931853273,12281.36061017264
4355,0,594,0,0,314366,314923,1165.211407,1167.218284,2.0068770000000313,9.999982404619516,8.2875,11.212499999999999,1,1,1,1,557,80,80,557.0,80.0,557.0,557,80,20.068734688235054,12054.550428351924
4355,0,595,0,0,314923,315559,1167.218284,1169.21859,2.0003059999999095,10.01438749934866,8.2875,11.212499999999999,1,1,1,1,636,80,80,636.0,80.0,636.0,636,80,20.03183940127201,12387.104772970295
4355,0,596,0,0,315559,316164,1169.21859,1171.221996,2.003406000000041,10.03351538417374,8.2875,11.212499999999999,1,1,1,1,605,80,80,605.0,80.0,605.0,605,80,20.101204921746103,12196.229820615243
4355,0,597,0,0,316164,316779,1171.221996,1173.222089,2.0000930000001063,9.954167277464697,8.2875,11.212499999999999,1,1,1,1,615,80,80,615.0,80.0,615.0,615,80,19.90926029248658,12076.938422362718
4355,0,598,0,0,316779,317353,1173.222089,1175.232444,2.0103549999998904,9.999444031751112,8.2875,11.212499999999999,1,1,1,1,574,80,80,574.0,80.0,574.0,574,80,20.102432306450282,12211.276117900241
4355,0,599,0,0,317353,317963,1175.232444,1177.234834,2.002390000000105,10.176668474274729,8.2875,11.212499999999999,1,1,1,1,610,80,80,610.0,80.0,610.0,610,80,20.377659186204255,12550.502149930175
4355,0,600,0,0,317963,318581,1177.234834,1179.239234,2.004399999999805,10.054991221044371,8.2875,11.212499999999999,1,1,1,1,618,80,80,618.0,80.0,618.0,618,80,20.15422440345901,12267.511474756731
4355,0,601,0,0,318581,319135,1179.239234,1181.241699,2.0024650000000292,9.887601648869055,8.2875,11.212499999999999,1,1,1,1,554,80,80,554.0,80.0,554.0,554,80,19.799576235802306,12106.578641823775
4355,0,602,0,0,319135,319716,1181.241699,1183.247831,2.0061319999999796,9.951061201301163,8.2875,11.212499999999999,1,1,1,1,581,80,80,581.0,80.0,581.0,581,80,19.963142309889008,12041.082042457947
4355,0,603,0,0,319716,320294,1183.247831,1185.248193,2.0003619999999955,9.948270516417816,8.2875,11.212499999999999,1,1,1,1,578,80,80,578.0,80.0,578.0,578,80,19.900142306762064,11998.828212093638
4355,0,604,0,0,320294,320819,1185.248193,1187.251764,2.0035710000001927,9.973989247189344,8.2875,11.212499999999999,1,1,1,1,525,80,80,526.0,80.0,526.0,525,80,19.98359560998142,11838.861712411348
4355,0,605,0,0,320819,321405,1187.251764,1189.25464,2.0028760000000148,9.98732047573163,8.2875,11.212499999999999,1,1,1,1,586,80,80,585.0,80.0,585.0,586,80,20.003364485151906,12355.233174694698
4355,0,606,0,0,321405,321973,1189.25464,1191.25483,2.000189999999975,9.84549321883413,8.2875,11.212499999999999,1,1,1,1,568,80,80,568.0,80.0,568.0,568,80,19.69285708137977,12020.858018488394
4355,0,607,0,0,321973,322582,1191.25483,1193.256121,2.00129099999981,10.030691706634968,8.2875,11.212499999999999,1,1,1,1,609,80,80,609.0,80.0,609.0,609,80,20.074333036262033,12201.124174346618
4355,0,608,0,0,322582,323170,1193.256121,1195.25926,2.0031390000001466,9.927097997424953,8.2875,11.212499999999999,1,1,1,1,588,80,80,588.0,80.0,588.0,588,80,19.88535715546459,12104.002767655278
4355,0,609,0,0,323170,323735,1195.25926,1197.25933,2.0000700000000506,9.967303990562021,8.2875,11.212499999999999,1,1,1,1,565,80,80,565.0,80.0,565.0,565,80,19.935305692404654,11871.58449454239
4355,0,610,0,0,323735,324341,1197.25933,1199.262684,2.003353999999945,9.89052872379103,8.2875,11.212499999999999,1,1,1,1,606,80,80,606.0,80.0,606.0,606,80,19.814230280921038,12134.151028725162
4355,0,611,0,0,324341,324948,1199.262684,1201.263983,2.0012990000000173,10.019093768806517,8.2875,11.212499999999999,1,1,1,1,607,80,80,607.0,80.0,607.0,607,80,20.051202340418968,12252.042298527002
4355,0,612,0,0,324948,325000,1201.263983,1201.416858,0.15287499999999454,10.106140674412185,8.2875,11.212499999999999,1,1,1,1,52,6,6,52.0,6.0,52.0,52,6,1.5449762555999769,12408.830744072397
4355,0,613,0,0,325000,325602,1201.416858,1203.418165,2.001306999999997,10.015201630962897,8.2875,11.212499999999999,1,1,1,1,602,80,80,603.0,80.0,602.0,602,80,20.043493130457136,12170.04687436762
4355,0,614,0,0,325602,326190,1203.418165,1205.421678,2.0035129999998844,10.019987700659273,8.2875,11.212499999999999,1,1,1,1,588,80,80,588.0,80.0,588.0,588,80,20.075175618108915,11908.582574708213
4355,0,615,0,0,326190,326821,1205.421678,1207.428967,2.007289000000128,10.04536343927815,8.2875,11.212499999999999,1,1,1,1,631,80,80,631.0,81.0,631.0,631,81,20.163947532666498,12316.113922807539
4355,0,616,0,0,326821,327419,1207.428967,1209.431244,2.002277000000049,9.981664290491063,8.2875,11.212499999999999,1,1,1,1,598,80,80,598.0,80.0,598.0,598,80,19.986056830572124,11966.875712001593
4355,0,617,0,0,327419,328029,1209.431244,1211.433522,2.002277999999933,9.930139463929903,8.2875,11.212499999999999,1,1,1,1,610,80,80,610.0,80.0,610.0,610,80,19.88289978555804,11788.572815563468
4355,0,618,0,0,328029,328670,1211.433522,1213.435797,2.002275000000054,10.00602898526126,8.2875,11.212499999999999,1,1,1,1,641,80,80,642.0,80.0,642.0,641,80,20.034821686464056,12110.724051391215
4355,0,619,0,0,328670,329246,1213.435797,1215.438075,2.002277999999933,10.00367246507761,8.2875,11.212499999999999,1,1,1,1,576,80,80,575.0,80.0,575.0,576,80,20.030133296029817,12154.156415842763
4355,0,620,0,0,329246,329833,1215.438075,1217.440261,2.002185999999938,10.085309988130765,8.2875,11.212499999999999,1,1,1,1,587,80,80,587.0,79.0,587.0,587,79,20.192666463894057,12335.017825517094
4355,0,621,0,0,329833,330449,1217.440261,1219.442628,2.0023670000000493,9.97232575668679,8.2875,11.212499999999999,1,1,1,1,616,80,80,616.0,81.0,616.0,616,81,19.96825600844022,12322.915829115938
4355,0,622,0,0,330449,331067,1219.442628,1221.443392,2.00076399999989,10.005160262603294,8.2875,11.212499999999999,1,1,1,1,618,80,80,618.0,79.0,618.0,618,79,20.01796446764638,12365.776273464217
4355,0,623,0,0,331067,331677,1221.443392,1223.443506,2.000114000000167,10.046171644864373,8.2875,11.212499999999999,1,1,1,1,610,80,80,610.0,80.0,610.0,610,80,20.093488553298812,11985.816808440919
4355,0,624,0,0,331677,332274,1223.443506,1225.446823,2.0033169999999245,10.012575136269826,8.2875,11.212499999999999,1,1,1,1,597,80,80,597.0,80.0,597.0,597,80,20.058361984265503,12054.008427024235
4355,0,625,0,0,332274,332841,1225.446823,1227.451312,2.0044889999999214,9.976838790638537,8.2875,11.212499999999999,1,1,1,1,567,80,80,567.0,80.0,567.0,567,80,19.99846361060736,11986.097204824244
4355,0,626,0,0,332841,333435,1227.451312,1229.454011,2.0026990000001206,9.971744936032971,8.2875,11.212499999999999,1,1,1,1,594,80,80,594.0,81.0,594.0,594,81,19.97040361164909,12395.771905812358
4355,0,627,0,0,333435,334002,1229.454011,1231.456273,2.0022619999999733,10.01686514340353,8.2875,11.212499999999999,1,1,1,1,567,80,80,569.0,80.0,568.0,567,79,20.05638843576162,12415.957552008844
4355,0,628,0,0,334002,334571,1231.456273,1233.458566,2.0022930000000088,9.972791308185982,8.2875,11.212499999999999,1,1,1,1,569,80,80,568.0,80.0,568.0,569,81,19.968450226841014,12020.718246530301
4355,0,629,0,0,334571,335155,1233.458566,1235.460843,2.002277000000049,10.027199611183448,8.2875,11.212499999999999,1,1,1,1,584,80,80,584.0,80.0,584.0,584,80,20.077231155881236,12387.896379971098
4355,0,630,0,0,335155,335714,1235.460843,1237.461054,2.0002110000000357,10.046631443777317,8.2875,11.212499999999999,1,1,1,1,559,80,80,559.0,79.0,559.0,559,79,20.095382726789467,12129.720314506603
4355,0,631,0,0,335714,336309,1237.461054,1239.464088,2.003033999999843,9.864143082856954,8.2875,11.212499999999999,1,1,1,1,595,80,80,595.0,80.0,595.0,595,80,19.75821397582513,11935.394007291874
4355,0,632,0,0,336309,336848,1239.464088,1241.464281,2.000193000000081,9.907523392940817,8.2875,11.212499999999999,1,1,1,1,539,80,80,539.0,80.0,539.0,539,80,19.816958937897653,11756.365510727737
4355,0,633,0,0,336848,337434,1241.464281,1243.465992,2.0017109999998866,9.973761212470324,8.2875,11.212499999999999,1,1,1,1,586,80,80,586.0,80.0,586.0,586,80,19.964587530374047,12288.986771817406
4355,0,634,0,0,337434,338000,1243.465992,1245.397149,1.9311569999999847,10.06071555521346,8.2875,11.212499999999999,1,1,1,1,566,77,77,566.0,78.0,566.0,566,78,19.42882126945915,12197.351121633397
4355,0,635,0,0,338000,338578,1245.397149,1247.399052,2.001903000000084,10.043142689805261,8.2875,11.212499999999999,1,1,1,1,578,80,80,579.0,79.0,578.0,578,79,20.105397480150714,11947.631828314858
4355,0,636,0,0,338578,339162,1247.399052,1249.400021,2.000968999999941,9.87454171925649,8.2875,11.212499999999999,1,1,1,1,584,80,80,584.0,80.0,584.0,584,80,19.758651869438836,12163.606732538445
4355,0,637,0,0,339162,339714,1249.400021,1251.403972,2.003951000000143,9.995012895631358,8.2875,11.212499999999999,1,1,1,1,552,80,80,552.0,81.0,552.0,552,81,20.029516087215598,11934.423546283464
4355,0,638,0,0,339714,340315,1251.403972,1253.40496,2.0009880000000067,9.924336563524813,8.2875,11.212499999999999,1,1,1,1,601,80,80,601.0,79.0,601.0,601,79,19.858478371574165,12326.410753087934
4355,0,639,0,0,340315,340920,1253.40496,1255.408526,2.0035659999998643,9.973181549401863,8.2875,11.212499999999999,1,1,1,1,605,80,80,605.0,81.0,605.0,605,81,19.98192746420682,12385.416801843154
4355,0,640,0,0,340920,341348,1255.408526,1257.410803,2.002277000000049,8.292746235918804,8.2875,11.212499999999999,1,1,1,1,428,80,80,428.0,80.0,428.0,428,80,16.604375055017954,9707.448070371644
4355,0,641,0,0,341348,341428,1257.410803,1259.413078,2.002275000000054,1.0062630929870973,8.2875,11.212499999999999,1,0,0,0,80,80,80,80.0,80.0,80.0,80,80,2.014815434511547,463.4727996903397
4355,0,642,0,0,341428,341508,1259.413078,1261.415356,2.002277999999933,1.0077710422912458,8.2875,11.212499999999999,1,0,0,0,80,80,80,80.0,80.0,80.0,80,80,2.0178377870161057,462.9726741241881
4355,0,643,0,0,341508,341588,1261.415356,1263.417632,2.002275999999938,1.0062106457372966,8.2875,11.212499999999999,1,0,0,0,80,80,80,80.0,80.0,80.0,80,80,2.0147114269038866,458.4782517495233
4355,0,644,0,0,341588,341668,1263.417632,1265.419909,2.002277000000049,1.0051173912096794,8.2875,11.212499999999999,1,0,0,0,80,80,80,80.0,80.0,80.0,80,80,2.0125234347196965,451.48598320810646
4355,0,645,0,0,341668,341748,1265.419909,1267.422187,2.002277999999933,1.0070945178645507,8.2875,11.212499999999999,1,0,0,0,80,80,80,80.0,80.0,80.0,80,80,2.0164831970414525,463.97153642003315
4355,0,646,0,0,341748,341828,1267.422187,1269.424464,2.002277000000049,1.0031918976489727,8.2875,11.212499999999999,1,0,0,0,80,80,80,80.0,80.0,80.0,80,80,2.0086680632484786,475.45869028110326
4355,0,647,0,0,341828,341908,1269.424464,1271.42674,2.0022760000001654,1.0046494339623186,8.2875,11.212499999999999,1,0,0,0,80,80,80,80.0,80.0,80.0,80,80,2.011585450036364,441.99700740553595
4355,0,648,0,0,341908,341988,1271.42674,1273.429017,2.002276999999822,1.0030357765495481,8.2875,11.212499999999999,1,0,0,0,80,80,80,80.0,80.0,80.0,80,80,2.0083554655629996,468.46665071819905
4355,0,649,0,0,341988,342068,1273.429017,1275.431294,2.002277000000049,1.0042327049790845,8.2875,11.212499999999999,1,0,0,0,80,80,80,80.0,80.0,80.0,80,80,2.010752047826827,440.4984924663163
4355,0,650,0,0,342068,342148,1275.431294,1277.433574,2.002279999999928,1.003919245720427,8.2875,11.212499999999999,1,0,0,0,80,80,80,80.0,80.0,80.0,80,80,2.0101274273201852,472.4613940108447
4355,0,651,0,0,342148,342229,1277.433574,1279.435849,2.002275000000054,1.0044937187585454,8.2875,11.212499999999999,1,0,0,0,81,80,80,81.0,80.0,81.0,81,80,2.0112726607276272,454.98245745463305
4355,0,652,0,0,342229,342309,1279.435849,1281.438125,2.002275999999938,1.0104779579219845,8.2875,11.212499999999999,1,0,0,0,80,80,80,80.0,80.0,80.0,80,80,2.023255763675479,460.9754099834531
4355,0,653,0,0,342309,342390,1281.438125,1283.4404,2.002275000000054,1.0144854791080153,8.2875,11.212499999999999,1,0,0,0,81,80,80,81.0,80.0,81.0,81,80,2.0312789126819553,486.44666691636945
4355,0,654,0,0,342390,342470,1283.4404,1285.442679,2.002279000000044,1.0126103839321157,8.2875,11.212499999999999,1,0,0,0,80,80,80,80.0,80.0,80.0,80,80,2.0275285069292295,451.4855322360071
4355,0,655,0,0,342470,342550,1285.442679,1287.444956,2.002277000000049,1.013443849850573,8.2875,11.212499999999999,1,0,0,0,80,80,80,80.0,80.0,80.0,80,80,2.0291953113464842,444.99337504250315
4355,0,656,0,0,342550,342630,1287.444956,1289.447233,2.002277000000049,1.0125071232534726,8.2875,11.212499999999999,1,0,0,0,80,80,80,80.0,80.0,80.0,80,80,2.0273197252263344,462.9729053472508
4355,0,657,0,0,342630,342710,1289.447233,1291.449509,2.002275999999938,1.0099575539970227,8.2875,11.212499999999999,1,0,0,0,80,80,80,80.0,80.0,80.0,80,80,2.022213771386305,447.99018716701784
4355,0,658,0,0,342710,342791,1291.449509,1293.451786,2.002277000000049,1.008552055399048,8.2875,11.212499999999999,1,0,0,0,81,80,80,81.0,80.0,81.0,81,80,2.019400583827519,471.46323910227045
4355,0,659,0,0,342791,342871,1293.451786,1295.454063,2.002276999999822,1.009020418697691,8.2875,11.212499999999999,1,0,0,0,80,80,80,80.0,80.0,80.0,80,80,2.0203383768894128,476.4575530758656
4355,0,660,0,0,342871,342951,1295.454063,1297.456339,2.0022760000001654,1.010061634781922,8.2875,11.212499999999999,1,0,0,0,80,80,80,80.0,80.0,80.0,80,80,2.0224221698445035,455.9810935155416
4355,0,661,0,0,342951,343031,1297.456339,1299.458616,2.002276999999822,1.0077714499015569,8.2875,11.212499999999999,1,0,0,0,80,80,80,80.0,80.0,80.0,80,80,2.017837595394667,475.45869028115726
4355,0,662,0,0,343031,343111,1299.458616,1301.460893,2.002277000000049,1.0077194095349586,8.2875,11.212499999999999,1,0,0,0,80,80,80,80.0,80.0,80.0,80,80,2.0177333961655677,450.48712041339826
4355,0,663,0,0,343111,343191,1301.460893,1303.46317,2.002277000000049,1.00782349026797,8.2875,11.212499999999999,1,0,0,0,80,80,80,80.0,80.0,80.0,80,80,2.0179417946237663,433.5064529033589
4355,0,664,0,0,343191,343274,1303.46317,1305.465447,2.002277000000049,1.0564291925841862,8.2875,11.212499999999999,1,0,0,0,83,80,80,83.0,80.0,83.0,83,80,2.115263874440643,526.4006928112215
4355,0,665,0,0,343274,343515,1305.465447,1307.467723,2.002275999999938,2.8047786507982546,8.2875,11.212499999999999,1,0,0,1,241,80,80,241.0,80.0,241.0,241,80,5.615940977804712,3566.4413896986334
4355,0,666,0,0,343515,343724,1307.467723,1309.47,2.002277000000049,2.8151333786404344,8.2875,11.212499999999999,1,0,0,1,209,80,80,209.0,80.0,209.0,209,80,5.636676815984174,3508.505566412553
4355,0,667,0,0,343724,343954,1309.47,1311.472278,2.002277999999933,3.3113887555285952,8.2875,11.212499999999999,1,0,0,1,230,80,80,230.0,80.0,230.0,230,80,6.630320854641468,4114.313796585827
4355,0,668,0,0,343954,344233,1311.472278,1313.474554,2.002275999999938,4.149918716039875,8.2875,11.212499999999999,1,0,0,1,279,80,80,279.0,80.0,279.0,279,80,8.309282647076543,5098.198250391213
4355,0,669,0,0,344233,344632,1313.474554,1315.476833,2.002279000000044,6.414759313771823,8.2875,11.212499999999999,1,0,0,1,399,80,80,399.0,80.0,399.0,399,80,12.844137864020013,7863.040065844796
4355,0,670,0,0,344632,345121,1315.476833,1317.479107,2.0022740000001704,7.593542961803928,8.2875,11.212499999999999,1,0,0,1,489,80,80,490.0,80.0,489.0,489,80,15.204353640303452,9256.974819629293
4355,0,671,0,0,345121,345671,1317.479107,1319.479782,2.0006749999997737,9.213272792237328,8.2875,11.212499999999999,1,1,0,1,550,80,80,550.0,79.0,550.0,550,79,18.432764543607846,10845.339697853202
4355,0,672,0,0,345671,346234,1319.479782,1321.48366,2.0038780000002134,9.292138407022623,8.2875,11.212499999999999,1,1,1,1,563,80,80,563.0,81.0,563.0,563,81,18.620311726790533,11302.08525668608
4355,0,673,0,0,346234,346811,1321.48366,1323.485937,2.002276999999822,9.376747070231184,8.2875,11.212499999999999,1,1,1,1,577,80,80,577.0,80.0,577.0,577,80,18.774844993538863,11303.131384919277
4355,0,674,0,0,346811,347334,1323.485937,1325.486781,2.000844000000143,9.443839651005574,8.2875,11.212499999999999,1,1,1,1,523,80,80,523.0,79.0,523.0,523,79,18.895649902677178,11312.726029614694
4355,0,675,0,0,347334,347939,1325.486781,1327.490493,2.0037119999999504,9.493988325533,8.2875,11.212499999999999,1,1,1,1,605,80,80,605.0,81.0,605.0,605,81,19.023218335729325,11458.73259230896
4355,0,676,0,0,347939,348526,1327.490493,1329.492246,2.001753000000008,9.74488279315351,8.2875,11.212499999999999,1,1,1,1,587,80,80,587.0,79.0,587.0,587,79,19.506848365843325,11530.893172134578
4355,0,677,0,0,348526,349078,1329.492246,1331.495046,2.0027999999999793,9.838011154499462,8.2875,11.212499999999999,1,1,1,1,552,80,80,553.0,81.0,552.0,552,81,19.703568740231276,11933.293389255166
4355,0,678,0,0,349078,349672,1331.495046,1333.495371,2.0003249999999753,9.775456277091154,8.2875,11.212499999999999,1,1,1,1,594,80,80,594.0,79.0,594.0,594,79,19.55408957747204,12046.042518090959
4355,0,679,0,0,349672,350253,1333.495371,1335.498476,2.003105000000005,9.678769172722406,8.2875,11.212499999999999,1,1,1,1,581,80,80,581.0,80.0,581.0,581,80,19.387590923726748,11802.676344974398
4355,0,680,0,0,350253,350814,1335.498476,1337.501875,2.003398999999945,9.65724858558517,8.2875,11.212499999999999,1,1,1,1,561,80,80,561.0,81.0,561.0,561,81,19.347322159112082,11851.85776772408
4355,0,681,0,0,350814,351000,1337.501875,1338.177652,0.6757770000001528,10.00592639222213,8.2875,11.212499999999999,1,1,1,1,186,27,27,186.0,27.0,186.0,186,27,6.761774919557865,11937.369872011293
4355,0,682,0,0,351000,351616,1338.177652,1340.179921,2.002268999999842,10.074179507047026,8.2875,11.212499999999999,1,1,1,1,616,80,80,617.0,80.0,616.0,616,80,20.171217327393606,12313.030866482948
4355,0,683,0,0,351616,352208,1340.179921,1342.182198,2.002277000000049,10.03308017259858,8.2875,11.212499999999999,1,1,1,1,592,80,80,592.0,80.0,592.0,592,80,20.08900566875127,12335.456083248919
4355,0,684,0,0,352208,352795,1342.182198,1344.184474,2.002275999999938,10.042504398776408,8.2875,11.212499999999999,1,1,1,1,587,80,80,587.0,80.0,587.0,587,80,20.107865537564066,12075.757787638042
4355,0,685,0,0,352795,353386,1344.184474,1346.186752,2.0022780000001603,9.944762799613514,8.2875,11.212499999999999,1,1,1,1,591,80,80,591.0,80.0,591.0,591,80,19.912179768885835,11919.423776317819
4355,0,686,0,0,353386,353969,1346.186752,1348.188981,2.002228999999943,10.049969421146685,8.2875,11.212499999999999,1,1,1,1,583,80,80,583.0,79.0,583.0,583,79,20.12234022413213,12173.932152616257
4355,0,687,0,0,353969,354562,1348.188981,1350.190416,2.0014349999999013,10.144520773106233,8.2875,11.212499999999999,1,1,1,1,593,80,80,593.0,80.0,593.0,593,80,20.303598933520334,12067.841323850733
4355,0,688,0,0,354562,355131,1350.190416,1352.19226,2.001844000000119,10.014908752618611,8.2875,11.212499999999999,1,1,1,1,569,80,80,569.0,80.0,569.0,569,80,20.0482849969776,12046.393225445421
4355,0,689,0,0,355131,355702,1352.19226,1354.195859,2.0035989999998947,10.024454406872199,8.2875,11.212499999999999,1,1,1,1,571,80,80,571.0,81.0,571.0,571,81,20.084986825153464,12248.958000079501
4355,0,690,0,0,355702,356318,1354.195859,1356.198135,2.0022760000001654,10.030535108501168,8.2875,11.212499999999999,1,1,1,1,616,80,80,616.0,80.0,616.0,616,80,20.08389971491124,12263.04465518139
4355,0,691,0,0,356318,356881,1356.198135,1358.199734,2.001598999999942,10.064837426362457,8.2875,11.212499999999999,1,1,1,1,563,80,80,563.0,79.0,563.0,563,79,20.145768527769178,12102.823792378345
4355,0,692,0,0,356881,357501,1358.199734,1360.199766,2.000031999999919,10.097476183842957,8.2875,11.212499999999999,1,1,1,1,620,80,80,620.0,80.0,620.0,620,80,20.195275486923492,12447.300843187011
4355,0,693,0,0,357501,358069,1360.199766,1362.204969,2.0052029999999377,10.01269160543127,8.2875,11.212499999999999,1,1,1,1,568,80,80,568.0,81.0,568.0,568,81,20.07747924528485,12104.51011693118
4355,0,694,0,0,358069,358649,1362.204969,1364.205371,2.000402000000122,10.030220003615497,8.2875,11.212499999999999,1,1,1,1,580,80,80,581.0,79.0,580.0,580,79,20.064472155672775,12253.037139534206
4355,0,695,0,0,358649,359237,1364.205371,1366.20952,2.0041490000000977,10.017492651839222,8.2875,11.212499999999999,1,1,1,1,588,80,80,588.0,81.0,588.0,588,81,20.076547880691578,12208.174142740289
4355,0,696,0,0,359237,359816,1366.20952,1368.210272,2.0007519999999204,9.967721498392518,8.2875,11.212499999999999,1,1,1,1,579,80,80,579.0,79.0,579.0,579,79,19.94293872335038,12106.44797556167
4355,0,697,0,0,359816,360407,1368.210272,1370.214075,2.0038030000000617,10.081590183295438,8.2875,11.212499999999999,1,1,1,1,591,80,80,591.0,81.0,591.0,591,81,20.201520654058186,12300.610389344281
4355,0,698,0,0,360407,360948,1370.214075,1372.21635,2.002274999999827,10.087055916846367,8.2875,11.212499999999999,1,1,1,1,541,80,80,541.0,80.0,541.0,541,80,20.19705988590249,12247.068959060129
4355,0,699,0,0,360948,361527,1372.21635,1374.218627,2.002277000000049,10.053584077001782,8.2875,11.212499999999999,1,1,1,1,579,80,80,579.0,80.0,579.0,579,80,20.13006016494728,12172.142016314127
4355,0,700,0,0,361527,362139,1374.218627,1376.219528,2.0009010000001126,10.105828533945846,8.2875,11.212499999999999,1,1,1,1,612,80,80,612.0,79.0,612.0,612,79,20.22076241940158,12270.971927146129
4355,0,701,0,0,362139,362728,1376.219528,1378.22288,2.00335199999995,10.162823538301271,8.2875,11.212499999999999,1,1,1,1,589,80,80,589.0,80.0,589.0,589,80,20.359712861101798,12445.641105507482
4355,0,702,0,0,362728,363335,1378.22288,1380.224527,2.001647000000048,10.068609033595951,8.2875,11.212499999999999,1,1,1,1,607,80,80,607.0,80.0,607.0,607,80,20.153801066271626,12273.392860978689
4355,0,703,0,0,363335,363928,1380.224527,1382.22525,2.00072299999988,10.064264737819597,8.2875,11.212499999999999,1,1,1,1,593,80,80,593.0,80.0,593.0,593,80,20.135805939044076,12172.099785928118
4355,0,704,0,0,363928,364000,1382.22525,1382.443241,0.21799099999998361,9.937520508827033,8.2875,11.212499999999999,1,1,1,1,72,9,9,72.0,9.0,72.0,72,9,2.16629003323942,11647.269841416346
4355,0,705,0,0,364000,364623,1382.443241,1384.44583,2.0025889999999436,9.899905275497042,8.2875,11.212499999999999,1,1,1,1,623,80,80,624.0,80.0,623.0,623,80,19.825441405751917,11991.477032981144
4355,0,706,0,0,364623,365243,1384.44583,1386.445915,2.0000850000001265,10.09382735885116,8.2875,11.212499999999999,1,1,1,1,620,80,80,620.0,80.0,620.0,620,80,20.188512693028315,12095.485941846708
4355,0,707,0,0,365243,365822,1386.445915,1388.448863,2.0029480000000603,10.014020274617158,8.2875,11.212499999999999,1,1,1,1,579,80,80,579.0,80.0,579.0,579,80,20.057561881005313,12179.547347209846
4355,0,708,0,0,365822,366365,1388.448863,1390.452317,2.0034539999999197,9.972116068751701,8.2875,11.212499999999999,1,1,1,1,543,80,80,543.0,80.0,543.0,543,80,19.97867582640356,11874.492751019467
4355,0,709,0,0,366365,366948,1390.452317,1392.45783,2.0055130000000645,9.999795073424128,8.2875,11.212499999999999,1,1,1,1,583,80,80,583.0,80.0,583.0,583,80,20.054719017089155,12061.25315567599
4355,0,710,0,0,366948,367524,1392.45783,1394.460569,2.0027390000000196,10.076230664676265,8.2875,11.212499999999999,1,1,1,1,576,80,80,576.0,80.0,576.0,576,80,20.180060125143427,12212.774605178089
4355,0,711,0,0,367524,368136,1394.460569,1396.463157,2.0025879999998324,9.907350740076051,8.2875,11.212499999999999,1,1,1,1,612,80,80,612.0,80.0,612.0,612,80,19.840341703866216,12144.784648665644
4355,0,712,0,0,368136,368687,1396.463157,1398.464711,2.0015540000001693,9.993269813390844,8.2875,11.212499999999999,1,1,1,1,551,80,80,551.0,80.0,551.0,551,80,20.00206916807292,11798.332695494602
4355,0,713,0,0,368687,369272,1398.464711,1400.466116,2.001404999999977,10.026643049695132,8.2875,11.212499999999999,1,1,1,1,585,80,80,585.0,80.0,585.0,585,80,20.067373532874626,12176.945695648947
4355,0,714,0,0,369272,369857,1400.466116,1402.468397,2.002281000000039,9.990855859183126,8.2875,11.212499999999999,1,1,1,1,585,80,80,585.0,80.0,585.0,585,80,20.004500860581174,11891.437815171565
4355,0,715,0,0,369857,370427,1402.468397,1404.471663,2.0032659999999396,9.986869839697324,8.2875,11.212499999999999,1,1,1,1,570,80,80,570.0,80.0,570.0,570,80,20.006356796289765,11917.039474538438
4355,0,716,0,0,370427,371027,1404.471663,1406.475717,2.0040539999999964,9.927956437947897,8.2875,11.212499999999999,1,1,1,1,600,80,80,600.0,80.0,600.0,600,80,19.896160811294976,11995.684747017816
4355,0,717,0,0,371027,371617,1406.475717,1408.482591,2.006873999999925,9.962094618921629,8.2875,11.212499999999999,1,1,1,1,590,80,80,590.0,81.0,590.0,590,81,19.992668676253743,12076.493093238989
4355,0,718,0,0,371617,372197,1408.482591,1410.484866,2.002275000000054,10.04256135903901,8.2875,11.212499999999999,1,1,1,1,580,80,80,580.0,80.0,580.0,580,80,20.107969545169908,12201.121224606679
4355,0,719,0,0,372197,372786,1410.484866,1412.486645,2.0017789999999422,9.925383707391369,8.2875,11.212499999999999,1,1,1,1,589,80,80,589.0,79.0,589.0,589,79,19.86842467239694,12048.782607870648
4355,0,720,0,0,372786,373360,1412.486645,1414.48942,2.002775000000156,9.97798128947213,8.2875,11.212499999999999,1,1,1,1,574,80,80,574.0,81.0,574.0,574,81,19.983651477024978,12555.579133950663
4355,0,721,0,0,373360,373953,1414.48942,1416.491697,2.002276999999822,10.071590043813835,8.2875,11.212499999999999,1,1,1,1,593,80,80,593.0,80.0,593.0,593,80,20.16611309815562,12208.101076925008
4355,0,722,0,0,373953,374533,1416.491697,1418.493973,2.0022760000001654,9.990464006279101,8.2875,11.212499999999999,1,1,1,1,580,80,80,580.0,80.0,580.0,580,80,20.00366630863755,12043.294730595586
4355,0,723,0,0,374533,375132,1418.493973,1420.495122,2.0011489999999412,9.985724752187778,8.2875,11.212499999999999,1,1,1,1,599,80,80,599.0,79.0,599.0,599,79,19.98292310211582,12337.41215671633
4355,0,724,0,0,375132,375713,1420.495122,1422.498527,2.0034049999999297,10.001689524595452,8.2875,11.212499999999999,1,1,1,1,581,80,80,581.0,81.0,581.0,581,81,20.03743480202138,12017.540137915621
4355,0,725,0,0,375713,376296,1422.498527,1424.500806,2.002279000000044,10.004344088724894,8.2875,11.212499999999999,1,1,1,1,583,80,80,583.0,80.0,583.0,583,80,20.031488077627728,12157.146931071775
4355,0,726,0,0,376296,376876,1424.500806,1426.503081,2.002275000000054,9.986565868747189,8.2875,11.212499999999999,1,1,1,1,580,80,80,580.0,80.0,580.0,580,80,19.995851174846393,11880.485947234698
4355,0,727,0,0,376876,377000,1426.503081,1426.902561,0.3994800000000396,9.915370892861018,8.2875,11.212499999999999,1,1,1,1,124,16,16,124.0,15.0,124.0,124,15,3.960992364280173,12160.809051766093
4355,0,728,0,0,377000,377535,1426.902561,1428.903573,2.001011999999946,9.980927616032407,8.2875,11.212499999999999,1,1,1,1,535,79,79,539.0,80.0,535.0,535,79,19.971955930812328,12115.369622971104
4355,0,729,0,0,377535,378120,1428.903573,1430.90809,2.0045169999998507,9.907981621206428,8.2875,11.212499999999999,1,1,1,1,585,80,80,585.0,81.0,585.0,585,81,19.860717595394817,11951.50752026637
4355,0,730,0,0,378120,378649,1430.90809,1432.910195,2.0021050000000287,9.947218949211177,8.2875,11.212499999999999,1,1,1,1,529,80,80,529.0,79.0,529.0,529,79,19.91537679430985,11930.942682826155
4355,0,731,0,0,378649,379254,1432.910195,1434.912644,2.0024490000000696,9.960529376947953,8.2875,11.212499999999999,1,1,1,1,605,80,80,606.0,81.0,605.0,605,81,19.94545209034004,12217.040234232756
4355,0,732,0,0,379254,379878,1434.912644,1436.91388,2.0012360000000626,9.999565449545933,8.2875,11.212499999999999,1,1,1,1,624,80,80,624.0,79.0,624.0,624,79,20.011490361988763,12140.996863937706
4355,0,733,0,0,379878,380468,1436.91388,1438.917198,2.0033180000000357,9.988019944829036,8.2875,11.212499999999999,1,1,1,1,590,80,80,590.0,81.0,590.0,590,81,20.009180139835735,11925.216066545388
4355,0,734,0,0,380468,381100,1438.917198,1440.919477,2.0022789999998167,10.105302298903457,8.2875,11.212499999999999,1,1,1,1,632,80,80,632.0,80.0,632.0,632,80,20.2336345817439,12445.318559502588
4355,0,735,0,0,381100,381727,1440.919477,1442.921752,2.002275000000054,9.993799486916856,8.2875,11.212499999999999,1,1,1,1,627,80,80,627.0,80.0,627.0,627,80,20.010334867667552,12452.834900300571
4355,0,736,0,0,381727,382270,1442.921752,1444.92403,2.002277999999933,10.041505792632021,8.2875,11.212499999999999,1,1,1,1,543,80,80,544.0,80.0,543.0,543,80,20.105886135459514,11969.866322259348
4355,0,737,0,0,382270,382858,1444.92403,1446.926304,2.0022740000001704,9.990890117547892,8.2875,11.212499999999999,1,1,1,1,588,80,80,588.0,80.0,588.0,588,80,20.004499519225647,12181.64946455776
4355,0,738,0,0,382858,383456,1446.926304,1448.928583,2.0022789999998167,10.032081576367545,8.2875,11.212499999999999,1,1,1,1,598,80,80,598.0,80.0,598.0,598,80,20.087026266644898,12116.693028295367
4355,0,739,0,0,383456,384068,1448.928583,1450.930858,2.002275000000054,10.002177994293234,8.2875,11.212499999999999,1,1,1,1,612,80,80,612.0,80.0,612.0,612,80,20.02711094352344,12202.120088399115
4355,0,740,0,0,384068,384670,1450.930858,1452.93282,2.0019620000000486,9.960251298258916,8.2875,11.212499999999999,1,1,1,1,602,80,80,602.0,79.0,602.0,602,79,19.94004460956603,11650.071280073964
4355,0,741,0,0,384670,385250,1452.93282,1454.935412,2.0025920000000497,10.018420039684177,8.2875,11.212499999999999,1,1,1,1,580,80,80,580.0,81.0,580.0,580,81,20.062807824111587,11748.77358942781
4355,0,742,0,0,385250,385825,1454.935412,1456.936358,2.0009459999998853,10.003069928251685,8.2875,11.212499999999999,1,1,1,1,575,80,80,575.0,79.0,575.0,575,79,20.015602760653564,12109.27231419608
4355,0,743,0,0,385825,386412,1456.936358,1458.939968,2.0036099999999806,9.974734938124703,8.2875,11.212499999999999,1,1,1,1,587,80,80,588.0,81.0,587.0,587,81,19.98547866937588,12029.786235844418
4355,0,744,0,0,386412,387053,1458.939968,1460.942243,2.002275000000054,10.024503333824082,8.2875,11.212499999999999,1,1,1,1,641,80,80,641.0,80.0,641.0,641,80,20.07181241273247,12364.934886566196
4355,0,745,0,0,387053,387626,1460.942243,1462.943492,2.0012490000001435,9.973311987128065,8.2875,11.212499999999999,1,1,1,1,573,80,80,573.0,79.0,573.0,573,79,19.959080640928732,11818.119584318745
4355,0,746,0,0,387626,388190,1462.943492,1464.946093,2.0026009999999133,10.084560513006583,8.2875,11.212499999999999,1,1,1,1,564,80,80,564.0,80.0,564.0,564,80,20.19535096790605,12000.892838863578
4355,0,747,0,0,388190,388816,1464.946093,1466.949075,2.0029819999999745,10.100106100666178,8.2875,11.212499999999999,1,1,1,1,626,80,80,626.0,81.0,626.0,626,81,20.230330717724428,12175.845813891643
4355,0,748,0,0,388816,389404,1466.949075,1468.951352,2.002277000000049,9.976460253840504,8.2875,11.212499999999999,1,1,1,1,588,80,80,588.0,80.0,588.0,588,80,19.975636907680382,11980.859791127506
4355,0,749,0,0,389404,389993,1468.951352,1470.95363,2.002277999999933,10.030160998399749,8.2875,11.212499999999999,1,1,1,1,589,80,80,589.0,80.0,589.0,589,80,20.08317070355406,11962.37485504051
4355,0,750,0,0,389993,390000,1470.95363,1470.977948,0.024317999999993845,10.016806686900377,8.2875,11.212499999999999,1,1,1,1,7,1,1,7.0,0.0,7.0,7,0,0.24358870501237107,13446.829509009078
4355,0,751,0,0,390000,390576,1470.977948,1472.978557,2.0006089999999404,9.959097284563502,8.2875,11.212499999999999,1,1,1,1,576,79,79,577.0,80.0,576.0,576,79,19.924259659372183,12134.80495189251
4355,0,752,0,0,390576,391165,1472.978557,1474.983214,2.0046570000001793,10.135229139631026,8.2875,11.212499999999999,1,1,1,1,589,80,80,589.0,81.0,589.0,589,81,20.317658041367395,12264.941084683216
4355,0,753,0,0,391165,391772,1474.983214,1476.983713,2.0004989999999907,10.0347953526848,8.2875,11.212499999999999,1,1,1,1,607,80,80,608.0,79.0,607.0,607,79,20.074598068251362,12271.438276150158
4355,0,754,0,0,391772,392424,1476.983713,1478.987769,2.0040559999999914,9.99210752745151,8.2875,11.212499999999999,1,1,1,1,652,80,80,652.0,81.0,652.0,652,81,20.024743043033595,12223.21132742803
4355,0,755,0,0,392424,392981,1478.987769,1480.990046,2.002276999999822,10.022672099298578,8.2875,11.212499999999999,1,1,1,1,557,80,80,557.0,80.0,557.0,557,80,20.068165822965966,12298.49815984611
4355,0,756,0,0,392981,393535,1480.990046,1482.992322,2.0022760000001654,10.043805408587694,8.2875,11.212499999999999,1,1,1,1,554,80,80,554.0,80.0,554.0,554,80,20.110470518286093,12168.65207393885
4355,0,757,0,0,393535,394137,1482.992322,1484.9946,2.002277999999933,9.9360200224081,8.2875,11.212499999999999,1,1,1,1,602,80,80,602.0,80.0,602.0,602,80,19.894674298426253,12144.667224032235
4355,0,758,0,0,394137,394682,1484.9946,1486.996875,2.002275000000054,9.938688683739311,8.2875,11.212499999999999,1,1,1,1,545,79,79,545.0,80.0,545.0,545,79,19.899987884235088,12090.247343646275
4355,0,759,0,0,394682,395249,1486.996875,1488.997488,2.0006129999999303,10.002671771338958,8.2875,11.212499999999999,1,1,1,1,567,80,80,567.0,79.0,567.0,567,79,20.01147518047219,12054.305355408987
4355,0,760,0,0,395249,395838,1488.997488,1490.998134,2.0006459999999606,9.924646167671904,8.2875,11.212499999999999,1,1,1,1,589,80,80,589.0,80.0,589.0,589,80,19.85570365676722,12243.545334857083
4355,0,761,0,0,395838,396434,1490.998134,1493.003706,2.005572000000029,9.937264604090968,8.2875,11.212499999999999,1,1,1,1,596,80,80,596.0,81.0,596.0,596,81,19.929899646556805,11977.630321922948
4355,0,762,0,0,396434,397043,1493.003706,1495.005983,2.002277000000049,10.040469904642373,8.2875,11.212499999999999,1,1,1,1,609,80,80,610.0,80.0,609.0,609,80,20.103801959257908,12276.523178361134
4355,0,763,0,0,397043,397624,1495.005983,1497.008261,2.002277999999933,9.933313924701318,8.2875,11.212499999999999,1,1,1,1,581,80,80,581.0,80.0,581.0,581,80,19.889255938522183,12011.319107536918
4355,0,764,0,0,397624,398211,1497.008261,1499.009166,2.0009050000001025,9.98978327499004,8.2875,11.212499999999999,1,1,1,1,587,80,80,587.0,79.0,587.0,587,79,19.98860730384513,11940.097106058896
4355,0,765,0,0,398211,398776,1499.009166,1501.009857,2.0006909999999607,9.968175811293651,8.2875,11.212499999999999,1,1,1,1,565,80,80,565.0,80.0,565.0,565,80,19.94323963207171,12180.79153652437
4355,0,766,0,0,398776,399353,1501.009857,1503.014303,2.0044459999999162,9.862059978898012,8.2875,11.212499999999999,1,1,1,1,577,80,80,577.0,80.0,577.0,577,80,19.767966676461583,11721.44323169643
4355,0,767,0,0,399353,399940,1503.014303,1505.017366,2.003063000000111,9.89615137234818,8.2875,11.212499999999999,1,1,1,1,587,80,80,587.0,81.0,587.0,587,81,19.822614656350197,12174.854210775522
4355,0,768,0,0,399940,400516,1505.017366,1507.018746,2.0013799999999264,9.958978977632812,8.2875,11.212499999999999,1,1,1,1,576,80,80,576.0,79.0,576.0,576,79,19.93170134625325,12055.181924472558
4355,0,769,0,0,400516,401101,1507.018746,1509.021614,2.002868000000035,9.999169279821908,8.2875,11.212499999999999,1,1,1,1,585,80,80,585.0,80.0,585.0,585,80,20.02701617713865,12001.789433951504
4355,0,770,0,0,401101,401704,1509.021614,1511.024197,2.0025829999999587,10.016955263213472,8.2875,11.212499999999999,1,1,1,1,603,80,80,603.0,81.0,603.0,603,81,20.05978432187112,12255.17244478781
4355,0,771,0,0,401704,402288,1511.024197,1513.026474,2.002277000000049,10.017832345212444,8.2875,11.212499999999999,1,1,1,1,584,80,80,584.0,80.0,584.0,584,80,20.0584752946761,12198.611880373894
4355,0,772,0,0,402288,402888,1513.026474,1515.028751,2.002277000000049,9.972609266719092,8.2875,11.212499999999999,1,1,1,1,600,80,80,600.0,80.0,600.0,600,80,19.967926164739765,11852.505922007504
4355,0,773,0,0,402888,403000,1515.028751,1515.383785,0.35503399999993235,10.0796224657515,8.2875,11.212499999999999,1,1,1,1,112,15,15,112.0,14.0,112.0,112,14,3.578608682504637,12415.71229797946
4355,0,774,0,0,403000,403588,1515.383785,1517.387942,2.0041570000000775,9.909570963576877,8.2875,11.212499999999999,1,1,1,1,588,80,80,589.0,80.0,588.0,588,80,19.86033601364943,12053.94587350146
4355,0,775,0,0,403588,404193,1517.387942,1519.39554,2.0075979999999163,9.870440755640582,8.2875,11.212499999999999,1,1,1,1,605,80,80,605.0,80.0,605.0,605,80,19.815877120141522,12108.49980922526
4355,0,776,0,0,404193,404783,1519.39554,1521.398823,2.0032830000000104,9.91802390038308,8.2875,11.212499999999999,1,1,1,1,590,80,80,590.0,80.0,590.0,590,80,19.868608673230483,12231.921301184044
4355,0,777,0,0,404783,405412,1521.398823,1523.413285,2.014462000000094,10.089261680081892,8.2875,11.212499999999999,1,1,1,1,629,80,80,629.0,81.0,629.0,629,81,20.324434262582145,12193.33003054853
4355,0,778,0,0,405412,406039,1523.413285,1525.415109,2.0018239999999423,9.936720473042026,8.2875,11.212499999999999,1,1,1,1,627,80,80,627.0,79.0,627.0,627,79,19.89156552422719,12120.446153108714
4355,0,779,0,0,406039,406609,1525.415109,1527.41522,2.000111000000061,9.995444217574187,8.2875,11.212499999999999,1,1,1,1,570,80,80,570.0,80.0,570.0,570,80,19.991997929457284,11950.336756309662
4355,0,780,0,0,406609,407209,1527.41522,1529.416379,2.001158999999916,9.965420797791573,8.2875,11.212499999999999,1,1,1,1,600,80,80,600.0,80.0,600.0,600,80,19.942391518286968,12216.420584271928
4355,0,781,0,0,407209,407838,1529.416379,1531.420338,2.0039589999998952,10.03563516879075,8.2875,11.212499999999999,1,1,1,1,629,80,80,629.0,80.0,629.0,629,80,20.11100141721363,12352.04911877004
4355,0,782,0,0,407838,408453,1531.420338,1533.424454,2.0041160000000673,9.965609839449407,8.2875,11.212499999999999,1,1,1,1,615,80,80,615.0,80.0,615.0,615,80,19.97223812899938,12255.77760967887
4355,0,783,0,0,408453,409061,1533.424454,1535.424446,1.9999920000000202,10.037655305773775,8.2875,11.212499999999999,1,1,1,1,608,80,80,608.0,80.0,608.0,608,80,20.075230310305415,12221.548886195422
4355,0,784,0,0,409061,409666,1535.424446,1537.429224,2.0047779999999875,9.992787995447468,8.2875,11.212499999999999,1,1,1,1,605,80,80,605.0,81.0,605.0,605,81,20.033321531936963,12019.285925923044
4355,0,785,0,0,409666,410260,1537.429224,1539.430799,2.0015750000000025,10.000403125021059,8.2875,11.212499999999999,1,1,1,1,594,80,80,594.0,79.0,594.0,594,79,20.016556884964302,11975.069632664261
4355,0,786,0,0,410260,410854,1539.430799,1541.431215,2.0004160000000866,9.969051008818314,8.2875,11.212499999999999,1,1,1,1,594,80,80,594.0,80.0,594.0,594,80,19.94224914285769,11966.510965718613
4355,0,787,0,0,410854,411437,1541.431215,1543.436054,2.004838999999947,10.129804729319714,8.2875,11.212499999999999,1,1,1,1,583,80,80,583.0,81.0,583.0,583,81,20.308627583724956,12172.049725689018
4355,0,788,0,0,411437,411987,1543.436054,1545.43833,2.002275999999938,9.941025633408831,8.2875,11.212499999999999,1,1,1,1,550,80,80,550.0,80.0,550.0,550,80,19.90467704115872,11746.632332406087
4355,0,789,0,0,411987,412574,1545.43833,1547.440608,2.0022780000001603,9.997323543533666,8.2875,11.212499999999999,1,1,1,1,587,80,80,587.0,80.0,587.0,587,80,20.017420990101527,12235.563692952746
4355,0,790,0,0,412574,413169,1547.440608,1549.442885,2.002276999999822,10.062378898942345,8.2875,11.212499999999999,1,1,1,1,595,80,80,595.0,80.0,595.0,595,80,20.147669834635963,12206.103351335592
4355,0,791,0,0,413169,413801,1549.442885,1551.445162,2.002277000000049,10.003156961857869,8.2875,11.212499999999999,1,1,1,1,632,80,80,632.0,80.0,632.0,632,80,20.029091112119204,12086.739247366577
4355,0,792,0,0,413801,414383,1551.445162,1553.447439,2.002277000000049,10.10921522879625,8.2875,11.212499999999999,1,1,1,1,582,80,80,582.0,80.0,582.0,582,80,20.24144914066892,12289.50839469234
4355,0,793,0,0,414383,414957,1553.447439,1555.449715,2.002275999999938,10.02033519157303,8.2875,11.212499999999999,1,1,1,1,574,80,80,574.0,80.0,574.0,574,80,20.063476666042334,12258.050338714922
4355,0,794,0,0,414957,415560,1555.449715,1557.451992,2.002277000000049,9.97531536577738,8.2875,11.212499999999999,1,1,1,1,603,80,80,603.0,80.0,603.0,603,80,19.973344524643835,11914.435415279411
4355,0,795,0,0,415560,416000,1557.451992,1558.917928,1.465936000000056,9.963249927878387,8.2875,11.212499999999999,1,1,1,1,440,59,59,440.0,58.0,440.0,440,58,14.605486746275346,11986.880736948495
4355,0,796,0,0,416000,416638,1558.917928,1560.926888,2.008959999999888,9.971970224846812,8.2875,11.212499999999999,1,1,1,1,638,80,80,639.0,80.0,638.0,638,80,20.03328930290627,12268.536954444773
4355,0,797,0,0,416638,417234,1560.926888,1562.933007,2.006119000000126,9.961408703134559,8.2875,11.212499999999999,1,1,1,1,596,80,80,596.0,80.0,596.0,596,80,19.983771266124677,11931.99406415995
4355,0,798,0,0,417234,417850,1562.933007,1564.933019,2.0000119999999697,10.111121060271808,8.2875,11.212499999999999,1,1,1,1,616,80,80,616.0,80.0,616.0,616,80,20.222363453996877,12289.926260442624
4355,0,799,0,0,417850,418449,1564.933019,1566.937778,2.004758999999922,9.965281662560448,8.2875,11.212499999999999,1,1,1,1,599,80,80,599.0,81.0,599.0,599,81,19.977988100552466,12056.810818657475
4355,0,800,0,0,418449,418990,1566.937778,1568.940057,2.002279000000044,9.902397112571494,8.2875,11.212499999999999,1,1,1,1,541,80,80,541.0,80.0,541.0,541,80,19.827361788162307,11633.24391855455
4355,0,801,0,0,418990,419561,1568.940057,1570.94019,2.0001330000000053,9.951627712797503,8.2875,11.212499999999999,1,1,1,1,571,80,80,571.0,79.0,571.0,571,79,19.904578992080133,12293.682470115706
4355,0,802,0,0,419561,420090,1570.94019,1572.940505,2.0003150000000005,10.019187805002089,8.2875,11.212499999999999,1,1,1,1,529,80,80,529.0,80.0,529.0,529,80,20.0415316541621,12116.091715554798
4355,0,803,0,0,420090,420660,1572.940505,1574.946138,2.005632999999989,10.025652459496731,8.2875,11.212499999999999,1,1,1,1,570,80,80,570.0,80.0,570.0,570,80,20.107779419297003,12322.294258221787
4355,0,804,0,0,420660,421229,1574.946138,1576.949031,2.0028930000000855,9.948999427064189,8.2875,11.212499999999999,1,1,1,1,569,80,80,569.0,80.0,569.0,569,80,19.926781309472062,11974.678627365005
4355,0,805,0,0,421229,421795,1576.949031,1578.951439,2.002407999999832,9.95838773542807,8.2875,11.212499999999999,1,1,1,1,566,80,80,566.0,81.0,566.0,566,81,19.94075526852066,12087.44671415717
4355,0,806,0,0,421795,422362,1578.951439,1580.951459,2.000020000000177,9.87793793938603,8.2875,11.212499999999999,1,1,1,1,567,80,80,567.0,79.0,567.0,567,79,19.756073437532905,12087.379126207668
4355,0,807,0,0,422362,422949,1580.951459,1582.952531,2.0010719999997946,9.905390481881202,8.2875,11.212499999999999,1,1,1,1,587,80,80,587.0,80.0,587.0,587,80,19.82139954235754,11984.076534978483
4355,0,808,0,0,422949,423552,1582.952531,1584.95562,2.0030890000000454,10.02643771966656,8.2875,11.212499999999999,1,1,1,1,603,80,80,603.0,80.0,603.0,603,80,20.08384710545033,12146.739361056572
4355,0,809,0,0,423552,424138,1584.95562,1586.957589,2.0019690000001447,9.994569067758647,8.2875,11.212499999999999,1,1,1,1,586,80,80,586.0,80.0,586.0,586,80,20.008817442012514,12280.909444650853
4355,0,810,0,0,424138,424699,1586.957589,1588.962825,2.005235999999968,10.089072325168445,8.2875,11.212499999999999,1,1,1,1,561,80,80,561.0,81.0,561.0,561,81,20.230971033031892,11885.882758937292
4355,0,811,0,0,424699,425278,1588.962825,1590.9651,2.002274999999827,9.966061943864489,8.2875,11.212499999999999,1,1,1,1,579,80,80,579.0,80.0,579.0,579,80,19.954796678650382,12146.183716024074
4355,0,812,0,0,425278,425852,1590.9651,1592.967377,2.002277000000049,9.99701619861021,8.2875,11.212499999999999,1,1,1,1,574,80,80,574.0,80.0,574.0,574,80,20.016795603105493,12040.292127412646
4355,0,813,0,0,425852,426410,1592.967377,1594.968622,2.0012450000001536,9.96671900360269,8.2875,11.212499999999999,1,1,1,1,558,80,80,558.0,79.0,558.0,558,79,19.945846572365554,12218.893738646753
4355,0,814,0,0,426410,426986,1594.968622,1596.971451,2.0028289999997924,9.94566940044132,8.2875,11.212499999999999,1,1,1,1,576,80,80,576.0,80.0,576.0,576,80,19.91947509961392,12062.936975649196
4355,0,815,0,0,426986,427664,1596.971451,1598.973632,2.002181000000064,10.013047160473814,8.2875,11.212499999999999,1,1,1,1,678,80,80,678.0,80.0,678.0,678,80,20.047932776804373,12370.509958889434
4355,0,816,0,0,427664,428241,1598.973632,1600.975395,2.0017629999999826,9.973142724755943,8.2875,11.212499999999999,1,1,1,1,577,80,80,577.0,80.0,577.0,577,80,19.963868100136096,11989.431316294791
4355,0,817,0,0,428241,428815,1600.975395,1602.978013,2.002617999999984,9.879212244859168,8.2875,11.212499999999999,1,1,1,1,574,80,80,574.0,80.0,574.0,574,80,19.784288267375814,11847.491633451906
4355,0,818,0,0,428815,429000,1602.978013,1603.579454,0.6014410000000225,9.934296457484496,8.2875,11.212499999999999,1,1,1,1,185,24,24,185.0,25.0,185.0,185,25,5.974893195685581,11989.538458468462
4355,0,819,0,0,429000,429610,1603.579454,1605.579459,2.000005000000101,9.905154417847026,8.2875,11.212499999999999,1,1,1,1,610,80,80,612.0,79.0,610.0,610,79,19.81035836146657,12083.469791324911
4355,0,820,0,0,429610,430219,1605.579459,1607.583999,2.0045399999999063,9.993951692563416,8.2875,11.212499999999999,1,1,1,1,609,80,80,609.0,81.0,609.0,609,81,20.033275925810813,12078.581619723793
4355,0,821,0,0,430219,430783,1607.583999,1609.586276,2.002277000000049,9.988013215204743,8.2875,11.212499999999999,1,1,1,1,564,80,80,564.0,80.0,564.0,564,80,19.998769136500414,12023.81089129996
4355,0,822,0,0,430783,431370,1609.586276,1611.588552,2.002275999999938,9.996396611024782,8.2875,11.212499999999999,1,1,1,1,587,80,80,587.0,80.0,587.0,587,80,20.015545020734862,12174.14582205488
4355,0,823,0,0,431370,431930,1611.588552,1613.59083,2.0022780000001603,9.899747905068036,8.2875,11.212499999999999,1,1,1,1,560,80,80,560.0,80.0,560.0,560,80,19.822047435865898,12086.233779723925
4355,0,824,0,0,431930,432505,1613.59083,1615.593106,2.002275999999938,10.005139396964141,8.2875,11.212499999999999,1,1,1,1,575,80,80,575.0,80.0,575.0,575,80,20.033050491194444,12334.463380673176
4355,0,825,0,0,432505,433124,1615.593106,1617.593419,2.0003130000000056,9.917358822528367,8.2875,11.212499999999999,1,1,1,1,619,80,80,619.0,79.0,619.0,619,79,19.83782177836838,12291.076446536083
4355,0,826,0,0,433124,433765,1617.593419,1619.597655,2.0042359999999917,9.897958183752015,8.2875,11.212499999999999,1,1,1,1,641,80,80,642.0,81.0,642.0,641,80,19.837844118370413,12110.849221349232
4355,0,827,0,0,433765,434340,1619.597655,1621.598405,2.0007499999999254,9.946586756547882,8.2875,11.212499999999999,1,1,1,1,575,80,80,574.0,79.0,574.0,575,80,19.9006334531623,11990.003748594723
4355,0,828,0,0,434340,434899,1621.598405,1623.602212,2.0038070000000516,9.986617288256426,8.2875,11.212499999999999,1,1,1,1,559,80,80,559.0,81.0,559.0,559,81,20.01125362853054,12059.544656745573
4355,0,829,0,0,434899,435503,1623.602212,1625.604489,2.002277000000049,10.037035240453005,8.2875,11.212499999999999,1,1,1,1,604,80,80,604.0,80.0,604.0,604,80,20.096924810148266,12221.585724652183
4355,0,830,0,0,435503,436096,1625.604489,1627.606766,2.002277000000049,9.986816286775115,8.2875,11.212499999999999,1,1,1,1,593,80,80,593.0,80.0,593.0,593,80,19.996372554236586,12145.172720857006
4355,0,831,0,0,436096,436681,1627.606766,1629.609044,2.002277999999933,9.97260438179015,8.2875,11.212499999999999,1,1,1,1,585,80,80,585.0,80.0,585.0,585,80,19.967926356361204,11863.487487751849
4355,0,832,0,0,436681,437269,1629.609044,1631.611249,2.0022050000000036,10.00600781553101,8.2875,11.212499999999999,1,1,1,1,588,80,80,588.0,79.0,588.0,588,79,20.034078878295986,12376.854517894
4355,0,833,0,0,437269,437863,1631.611249,1633.613597,2.0023479999999836,9.939009833777515,8.2875,11.212499999999999,1,1,1,1,594,80,80,594.0,81.0,594.0,594,81,19.90135646264389,11921.004740434828
4355,0,834,0,0,437863,438463,1633.613597,1635.614193,2.0005959999998595,9.92139978651961,8.2875,11.212499999999999,1,1,1,1,600,80,80,600.0,79.0,600.0,600,79,19.848712727311067,12232.85460932728
4355,0,835,0,0,438463,439083,1635.614193,1637.617501,2.003308000000061,9.912701162725655,8.2875,11.212499999999999,1,1,1,1,620,80,80,620.0,80.0,620.0,620,80,19.858193540898355,12043.080744448316
4355,0,836,0,0,439083,439648,1637.617501,1639.619938,2.0024370000001,9.907302841713,8.2875,11.212499999999999,1,1,1,1,565,80,80,565.0,80.0,565.0,565,80,19.838749780452417,12009.865978304835
4355,0,837,0,0,439648,440220,1639.619938,1641.622706,2.00276800000006,9.874168388316123,8.2875,11.212499999999999,1,1,1,1,572,80,80,572.0,81.0,572.0,572,81,19.775668474730992,11923.497878935195
4355,0,838,0,0,440220,440796,1641.622706,1643.624679,2.001972999999907,9.924336366515824,8.2875,11.212499999999999,1,1,1,1,576,80,80,577.0,79.0,576.0,576,79,19.86825344868157,12210.953893984151
4355,0,839,0,0,440796,441358,1643.624679,1645.62604,2.001361000000088,10.003378325671227,8.2875,11.212499999999999,1,1,1,1,562,80,80,562.0,80.0,562.0,562,80,20.020371249243908,11968.355534058546
4355,0,840,0,0,441358,441930,1645.62604,1647.629534,2.0034939999998187,9.939415328033208,8.2875,11.212499999999999,1,1,1,1,572,80,80,572.0,81.0,572.0,572,81,19.91355897322137,12194.196738299297
4355,0,841,0,0,441930,442000,1647.629534,1647.871599,0.24206500000013875,9.898488770250925,8.2875,11.212499999999999,1,1,1,1,70,10,10,70.0,9.0,70.0,70,9,2.396077684172269,12273.56288599466
4355,0,842,0,0,442000,442553,1647.871599,1649.873093,2.001493999999866,9.914066916094772,8.2875,11.212499999999999,1,1,1,1,553,80,80,553.0,80.0,553.0,553,80,19.842945448161117,11979.051648419434
4355,0,843,0,0,442553,443155,1649.873093,1651.874046,2.0009529999999813,9.89966712491183,8.2875,11.212499999999999,1,1,1,1,602,80,80,602.0,80.0,602.0,602,80,19.808768632594365,12058.754003717342
4355,0,844,0,0,443155,443733,1651.874046,1653.875516,2.001470000000154,9.943181671338483,8.2875,11.212499999999999,1,1,1,1,578,80,80,578.0,80.0,578.0,578,80,19.900979819734857,12114.096139336654
4355,0,845,0,0,443733,444260,1653.875516,1655.87714,2.0016239999999925,9.856016219612455,8.2875,11.212499999999999,1,1,1,1,527,80,80,527.0,80.0,527.0,527,80,19.728038609566283,11875.856804274974
4355,0,846,0,0,444260,444855,1655.87714,1657.879363,2.002222999999958,9.829497983711324,8.2875,11.212499999999999,1,1,1,1,595,80,80,595.0,80.0,595.0,595,80,19.680846941440905,11981.182915190017
4355,0,847,0,0,444855,445448,1657.879363,1659.885912,2.00654899999995,9.924470312531827,8.2875,11.212499999999999,1,1,1,1,593,80,80,593.0,80.0,593.0,593,80,19.91393598113973,12076.455645987517
4355,0,848,0,0,445448,445995,1659.885912,1661.893204,2.0072920000000067,9.876588166692274,8.2875,11.212499999999999,1,1,1,1,547,80,80,547.0,80.0,547.0,547,80,19.825196414296443,11967.366979990913
4355,0,849,0,0,445995,446577,1661.893204,1663.897889,2.0046850000001086,9.904152638781564,8.2875,11.212499999999999,1,1,1,1,582,80,80,582.0,80.0,582.0,582,80,19.854706232676108,12265.76743977167
4355,0,850,0,0,446577,447152,1663.897889,1665.898494,2.0006049999999505,10.069222091733563,8.2875,11.212499999999999,1,1,1,1,575,80,80,575.0,80.0,575.0,575,80,20.14453606283132,12094.841310503873
4355,0,851,0,0,447152,447747,1665.898494,1667.902587,2.0040930000000117,9.897974857650594,8.2875,11.212499999999999,1,1,1,1,595,80,80,595.0,81.0,595.0,595,81,19.8364621263936,11924.097334804253
4355,0,852,0,0,447747,448326,1667.902587,1669.902954,2.000366999999869,9.89474964182523,8.2875,11.212499999999999,1,1,1,1,579,80,80,579.0,79.0,579.0,579,79,19.79313065676797,12038.29097360713
4355,0,853,0,0,448326,448945,1669.902954,1671.903022,2.0000680000000557,9.946630922186177,8.2875,11.212499999999999,1,1,1,1,619,80,80,619.0,80.0,619.0,619,80,19.89393821527483,12212.08478911683
4355,0,854,0,0,448945,449509,1671.903022,1673.903415,2.000393000000031,9.919261802171487,8.2875,11.212499999999999,1,1,1,1,564,80,80,564.0,80.0,564.0,564,80,19.84242187423115,12298.583328375784
4355,0,855,0,0,449509,450034,1673.903415,1675.90431,2.0008949999999004,9.930986013227107,8.2875,11.212499999999999,1,1,1,1,525,80,80,525.0,80.0,525.0,525,80,19.870860258935863,11885.181381332446
4355,0,856,0,0,450034,450625,1675.90431,1677.906552,2.002242000000024,9.904085757752283,8.2875,11.212499999999999,1,1,1,1,591,80,80,591.0,80.0,591.0,591,80,19.830376475772937,12246.771369294875
4355,0,857,0,0,450625,451192,1677.906552,1679.907853,2.001301000000012,9.94718115291859,8.2875,11.212499999999999,1,1,1,1,567,80,80,567.0,80.0,567.0,567,80,19.907303588517607,11832.303086841937
4355,0,858,0,0,451192,451746,1679.907853,1681.910045,2.00219200000015,9.943724533386346,8.2875,11.212499999999999,1,1,1,1,554,80,80,554.0,80.0,554.0,554,80,19.909245710950927,12144.689420394336
4355,0,859,0,0,451746,452360,1681.910045,1683.911769,2.0017239999999674,9.981505894820772,8.2875,11.212499999999999,1,1,1,1,614,80,80,614.0,80.0,614.0,614,80,19.980219905803096,12341.361746174998
4355,0,860,0,0,452360,452968,1683.911769,1685.919917,2.008147999999892,9.931560504904295,8.2875,11.212499999999999,1,1,1,1,608,80,80,608.0,80.0,608.0,608,80,19.944043364801473,11848.230309718845
4355,0,861,0,0,452968,453540,1685.919917,1687.919912,1.9999950000001263,9.926251282492236,8.2875,11.212499999999999,1,1,1,1,572,80,80,572.0,80.0,572.0,572,80,19.852452933730092,11733.529333822593
4355,0,862,0,0,453540,454080,1687.919912,1689.926139,2.0062269999998534,9.862408502776786,8.2875,11.212499999999999,1,1,1,1,540,80,80,540.0,80.0,540.0,540,80,19.786230223298844,11784.309552210058
4355,0,863,0,0,454080,454666,1689.926139,1691.927005,2.0008660000000873,9.956020009991494,8.2875,11.212499999999999,1,1,1,1,586,80,80,587.0,80.0,586.0,586,80,19.920661933312658,11927.835247337382
4355,0,864,0,0,454666,455000,1691.927005,1693.062353,1.1353480000000218,9.990047426821977,8.2875,11.212499999999999,1,1,1,1,334,46,46,334.0,46.0,334.0,334,46,11.34218036594757,12221.803358969879
4355,0,865,0,0,455000,455549,1693.062353,1695.067963,2.0056099999999333,9.914895646439788,8.2875,11.212499999999999,1,1,1,1,549,80,80,549.0,80.0,549.0,549,80,19.885413857455205,12153.409685831648
4355,0,866,0,0,455549,456133,1695.067963,1697.070547,2.00258400000007,9.942023717277328,8.2875,11.212499999999999,1,1,1,1,584,80,80,584.0,80.0,584.0,584,80,19.909737623840556,12074.399875360612
4355,0,867,0,0,456133,456721,1697.070547,1699.073479,2.0029319999998734,9.96410430111956,8.2875,11.212499999999999,1,1,1,1,588,80,80,588.0,80.0,588.0,588,80,19.95742335604882,12196.619755439298
4355,0,868,0,0,456721,457294,1699.073479,1701.07646,2.0029810000000907,9.909606206836257,8.2875,11.212499999999999,1,1,1,1,573,80,80,573.0,80.0,573.0,573,80,19.8487529497761,12166.366031429603
4355,0,869,0,0,457294,457903,1701.07646,1703.076984,2.0005240000000413,9.83231835980637,8.2875,11.212499999999999,1,1,1,1,609,80,80,609.0,80.0,609.0,609,80,19.669788854433136,11800.408293026983
4355,0,870,0,0,457903,458479,1703.076984,1705.079696,2.002711999999974,9.783960591825855,8.2875,11.212499999999999,1,1,1,1,576,80,80,576.0,80.0,576.0,576,80,19.594455284775904,12053.655243489984
4355,0,871,0,0,458479,459072,1705.079696,1707.081259,2.001563000000033,9.927215016662817,8.2875,11.212499999999999,1,1,1,1,593,80,80,594.0,80.0,593.0,593,80,19.869946270397122,12217.45206121396
4355,0,872,0,0,459072,459668,1707.081259,1709.082538,2.0012790000000678,9.929846178935605,8.2875,11.212499999999999,1,1,1,1,596,80,80,596.0,80.0,596.0,596,80,19.872392631134062,12520.992825087933
4355,0,873,0,0,459668,460240,1709.082538,1711.091296,2.0087579999999434,9.874914774461114,8.2875,11.212499999999999,1,1,1,1,572,80,80,572.0,80.0,572.0,572,80,19.836314052516173,11883.96013855361
4355,0,874,0,0,460240,460831,1711.091296,1713.095455,2.004158999999845,9.896927331747342,8.2875,11.212499999999999,1,1,1,1,591,80,80,591.0,80.0,591.0,591,80,19.835015984266647,11942.166265252334
4355,0,875,0,0,460831,461427,1713.095455,1715.106263,2.0108079999999973,9.881106818436416,8.2875,11.212499999999999,1,1,1,1,596,80,80,597.0,81.0,596.0,596,81,19.869008639367166,11955.890368448918
4355,0,876,0,0,461427,461951,1715.106263,1717.108541,2.0022780000001603,9.870345112677061,8.2875,11.212499999999999,1,1,1,1,524,80,80,524.0,80.0,524.0,524,80,19.763174871523006,11651.229249883449
4355,0,877,0,0,461951,462521,1717.108541,1719.109431,2.0008900000000267,9.793528548025655,8.2875,11.212499999999999,1,1,1,1,570,80,80,570.0,79.0,570.0,570,79,19.595773336459388,11868.218642703838
4355,0,878,0,0,462521,463111,1719.109431,1721.112132,2.002700999999888,9.953004603523977,8.2875,11.212499999999999,1,1,1,1,590,80,80,590.0,80.0,590.0,590,80,19.932892272481695,11927.392057027651
4355,0,879,0,0,463111,463686,1721.112132,1723.113137,2.0010050000000774,9.931960747242108,8.2875,11.212499999999999,1,1,1,1,575,80,80,575.0,80.0,575.0,575,80,19.873903115036228,11805.567702229173
4355,0,880,0,0,463686,464265,1723.113137,1725.117649,2.004511999999977,9.994452492669616,8.2875,11.212499999999999,1,1,1,1,579,80,80,579.0,81.0,579.0,579,81,20.03399995498512,12412.996280391579
4355,0,881,0,0,464265,464852,1725.117649,1727.117827,2.0001780000000053,9.88582055490588,8.2875,11.212499999999999,1,1,1,1,587,80,80,589.0,79.0,587.0,587,79,19.773400785870763,11978.433919381143
4355,0,882,0,0,464852,465460,1727.117827,1729.119416,2.001588999999967,9.937604321777469,8.2875,11.212499999999999,1,1,1,1,608,80,80,608.0,80.0,608.0,608,80,19.890999496821678,12223.788200275081
4355,0,883,0,0,465460,466053,1729.119416,1731.121526,2.0021099999999024,9.951774520165749,8.2875,11.212499999999999,1,1,1,1,593,80,80,593.0,80.0,593.0,593,80,19.92454728456869,11877.469269920814
4355,0,884,0,0,466053,466616,1731.121526,1733.12322,2.001694000000043,9.964994851298844,8.2875,11.212499999999999,1,1,1,1,563,80,80,563.0,80.0,563.0,563,80,19.946870403875437,12187.177460690533
4355,0,885,0,0,466616,467199,1733.12322,1735.129031,2.0058109999999942,9.910025137654975,8.2875,11.212499999999999,1,1,1,1,583,80,80,583.0,81.0,583.0,583,81,19.877637431385665,12011.101743883182
4355,0,886,0,0,467199,467761,1735.129031,1737.131308,2.002277000000049,9.986920367508127,8.2875,11.212499999999999,1,1,1,1,562,80,80,562.0,80.0,562.0,562,80,19.996580952692966,12117.70399400253
4355,0,887,0,0,467761,468000,1737.131308,1737.879632,0.7483239999999114,9.867093997407565,8.2875,11.212499999999999,1,1,1,1,239,30,30,239.0,29.0,239.0,239,29,7.383783248515101,12157.835376121944
4355,0,888,0,0,468000,468659,1737.879632,1739.88003,2.000398000000132,10.018207060445464,8.2875,11.212499999999999,1,1,1,1,659,79,79,660.0,80.0,659.0,659,79,20.040401367301456,12547.50304689284
4355,0,889,0,0,468659,469278,1739.88003,1741.885636,2.0056059999999434,9.95310121939547,8.2875,11.212499999999999,1,1,1,1,619,80,80,619.0,80.0,619.0,619,80,19.961999524226485,12142.464671526057
4355,0,890,0,0,469278,469881,1741.885636,1743.888994,2.0033579999999347,9.935135899739109,8.2875,11.212499999999999,1,1,1,1,603,80,80,603.0,81.0,603.0,603,81,19.903633985828492,12238.950801604506
4355,0,891,0,0,469881,470430,1743.888994,1745.891269,2.002275000000054,9.930362216781418,8.2875,11.212499999999999,1,1,1,1,549,80,80,549.0,80.0,549.0,549,80,19.88331600760648,12053.788815222359
4355,0,892,0,0,470430,471019,1745.891269,1747.891589,2.0003200000001016,9.97624002541538,8.2875,11.212499999999999,1,1,1,1,589,80,80,589.0,79.0,589.0,589,79,19.95567244764061,11917.59318508978
4355,0,893,0,0,471019,471639,1747.891589,1749.895824,2.0042349999998805,9.927805014957059,8.2875,11.212499999999999,1,1,1,1,620,80,80,621.0,81.0,620.0,620,81,19.89765428415194,12179.210521720983
4355,0,894,0,0,471639,472221,1749.895824,1751.8981,2.0022760000001654,10.016536242919692,8.2875,11.212499999999999,1,1,1,1,582,80,80,582.0,80.0,582.0,582,80,20.055870122330816,12177.142411934212
4355,0,895,0,0,472221,472800,1751.8981,1753.898164,2.0000639999998384,9.904138506559926,8.2875,11.212499999999999,1,1,1,1,579,80,80,579.0,79.0,579.0,579,79,19.80891087798227,11920.118556207164
4355,0,896,0,0,472800,473384,1753.898164,1755.898302,2.0001380000001063,9.98671603183763,8.2875,11.212499999999999,1,1,1,1,584,80,80,584.0,80.0,584.0,584,80,19.97481023048931,12205.157844108107
4355,0,897,0,0,473384,473981,1755.898302,1757.90023,2.001927999999907,9.97665662992387,8.2875,11.212499999999999,1,1,1,1,597,80,80,597.0,80.0,597.0,597,80,19.97254825382879,12079.35550129731
4355,0,898,0,0,473981,474567,1757.90023,1759.907208,2.0069780000001174,9.949179806289026,8.2875,11.212499999999999,1,1,1,1,586,80,80,586.0,81.0,586.0,586,81,19.967784989266875,11935.855799116183
4355,0,899,0,0,474567,475119,1759.907208,1761.909484,2.002275999999938,9.923592101922607,8.2875,11.212499999999999,1,1,1,1,552,80,80,552.0,80.0,552.0,552,80,19.869770299468655,11939.412948065472
4355,0,900,0,0,475119,475715,1761.909484,1763.911761,2.002277000000049,9.870818309834167,8.2875,11.212499999999999,1,1,1,1,596,80,80,596.0,80.0,596.0,596,80,19.764112472959823,12012.823400558169
4355,0,901,0,0,475715,476331,1763.911761,1765.912411,2.0006499999999505,10.026708775623991,8.2875,11.212499999999999,1,1,1,1,616,80,80,616.0,79.0,616.0,616,79,20.05993491195113,12152.050583560644
4355,0,902,0,0,476331,476923,1765.912411,1767.916322,2.0039110000000164,10.092132726970823,8.2875,11.212499999999999,1,1,1,1,592,80,80,592.0,81.0,592.0,592,81,20.223735785037206,12297.452331964741
4355,0,903,0,0,476923,477481,1767.916322,1769.918595,2.0022730000000593,10.023160103310452,8.2875,11.212499999999999,1,1,1,1,558,80,80,558.0,80.0,558.0,558,80,20.069102849536648,12100.747500465362
4355,0,904,0,0,477481,478055,1769.918595,1771.919327,2.000731999999971,10.03708635908002,8.2875,11.212499999999999,1,1,1,1,574,80,80,574.0,79.0,574.0,574,79,20.081519865374503,12123.062958957198
4355,0,905,0,0,478055,478687,1771.919327,1773.91969,2.0003629999998793,10.004002110285285,8.2875,11.212499999999999,1,1,1,1,632,80,80,632.0,80.0,632.0,632,80,20.01163567333606,12421.245543934525
4355,0,906,0,0,478687,479293,1773.91969,1775.925429,2.0057389999999486,9.98757250507539,8.2875,11.212499999999999,1,1,1,1,606,80,80,606.0,81.0,606.0,606,81,20.032463688756252,11985.108730498143
4355,0,907,0,0,479293,479841,1775.925429,1777.925603,2.0001740000000154,10.079737837529326,8.2875,11.212499999999999,1,1,1,1,548,80,80,548.0,79.0,548.0,548,79,20.161229549443306,12047.951828190855
4355,0,908,0,0,479841,480475,1777.925603,1779.929982,2.004379000000199,10.101673829402948,8.2875,11.212499999999999,1,1,1,1,634,80,80,634.0,81.0,634.0,634,81,20.247582888507168,12435.771877473035
4355,0,909,0,0,480475,481000,1779.929982,1781.757069,1.8270869999998922,9.949612268435025,8.2875,11.212499999999999,1,1,1,1,525,73,73,525.0,73.0,525.0,525,73,18.178807230697203,11788.710663477585
4355,0,910,0,0,481000,481582,1781.757069,1783.759337,2.002267999999958,10.005542890771366,8.2875,11.212499999999999,1,1,1,1,582,80,80,582.0,80.0,582.0,582,80,20.033778352819354,12487.83879081148
4355,0,911,0,0,481582,482169,1783.759337,1785.760239,2.0009019999999964,9.97537287811468,8.2875,11.212499999999999,1,1,1,1,587,80,80,587.0,79.0,587.0,587,79,19.959743542565775,11903.631462210564
4355,0,912,0,0,482169,482798,1785.760239,1787.760396,2.0001569999999447,10.059869293852453,8.2875,11.212499999999999,1,1,1,1,629,80,80,629.0,80.0,629.0,629,80,20.12131798718292,12091.050852508413
4355,0,913,0,0,482798,483393,1787.760396,1789.762283,2.0018870000001243,10.007618882387234,8.2875,11.212499999999999,1,1,1,1,595,80,80,595.0,80.0,595.0,595,80,20.03412214160744,12153.533141480259
4355,0,914,0,0,483393,484022,1789.762283,1791.768311,2.006028000000015,9.939568320720745,8.2875,11.212499999999999,1,1,1,1,629,80,80,629.0,80.0,629.0,629,80,19.93905235927923,12228.642870388558
4355,0,915,0,0,484022,484603,1791.768311,1793.770721,2.0024100000000544,9.959782976986052,8.2875,11.212499999999999,1,1,1,1,581,80,80,581.0,81.0,581.0,581,81,19.9435690309474,12253.234852003003
4355,0,916,0,0,484603,485213,1793.770721,1795.772996,2.002274999999827,9.973243521615672,8.2875,11.212499999999999,1,1,1,1,610,80,80,610.0,80.0,610.0,610,80,19.96917617224244,12133.697918618622
4355,0,917,0,0,485213,485823,1795.772996,1797.773531,2.000535000000127,10.000397930179082,8.2875,11.212499999999999,1,1,1,1,610,80,80,610.0,79.0,610.0,610,79,20.00614607325042,12138.253017317096
4355,0,918,0,0,485823,486430,1797.773531,1799.774387,2.000855999999885,9.974139642996306,8.2875,11.212499999999999,1,1,1,1,607,80,80,607.0,80.0,607.0,607,80,19.956817149526614,12101.320634769014
4355,0,919,0,0,486430,487005,1799.774387,1801.774861,2.0004740000001675,9.88412571717973,8.2875,11.212499999999999,1,1,1,1,575,80,80,575.0,80.0,575.0,575,80,19.77293650995125,11768.210934007655
4355,0,920,0,0,487005,487618,1801.774861,1803.775565,2.000703999999814,9.986288653424186,8.2875,11.212499999999999,1,1,1,1,613,80,80,613.0,80.0,613.0,613,80,19.979607654058782,12219.198842008747
4355,0,921,0,0,487618,488233,1803.775565,1805.77974,2.004175000000032,10.051783278617046,8.2875,11.212499999999999,1,1,1,1,615,80,80,615.0,80.0,615.0,615,80,20.145532752423605,12322.277246248259
4355,0,922,0,0,488233,488870,1805.77974,1807.786658,2.0069180000000415,10.055024930928973,8.2875,11.212499999999999,1,1,1,1,637,80,80,637.0,81.0,637.0,637,81,20.1796105243302,12673.163527358603
4355,0,923,0,0,488870,489487,1807.786658,1809.788935,2.002277000000049,10.01621909385077,8.2875,11.212499999999999,1,1,1,1,617,80,80,617.0,80.0,617.0,617,80,20.055245118579478,11990.84841907459
4355,0,924,0,0,489487,490102,1809.788935,1811.791211,2.002275999999938,10.010187315036271,8.2875,11.212499999999999,1,1,1,1,615,80,80,615.0,80.0,615.0,615,80,20.043157816402527,12071.762334463754
4355,0,925,0,0,490102,490707,1811.791211,1813.793489,2.002277999999933,10.0071071275516,8.2875,11.212499999999999,1,1,1,1,605,80,80,605.0,80.0,605.0,605,80,20.037010445139458,11887.46018285213
4355,0,926,0,0,490707,491229,1813.793489,1815.795256,2.0017670000002,9.960317987211953,8.2875,11.212499999999999,1,1,1,1,522,80,80,523.0,79.0,523.0,522,79,19.938235856308893,11895.490334288466
4355,0,927,0,0,491229,491848,1815.795256,1817.798042,2.0027859999997872,10.094832524427693,8.2875,11.212499999999999,1,1,1,1,619,80,80,618.0,81.0,618.0,619,81,20.21778925226681,12249.436534908176
4355,0,928,0,0,491848,492431,1817.798042,1819.800322,2.0022800000001553,10.038165375497426,8.2875,11.212499999999999,1,1,1,1,583,80,80,583.0,80.0,583.0,583,80,20.099217768052767,12168.627764347699
4355,0,929,0,0,492431,492987,1819.800322,1821.802596,2.002273999999943,10.026121498460261,8.2875,11.212499999999999,1,1,1,1,556,80,80,556.0,80.0,556.0,556,80,20.075042397205834,12210.117096861217
4355,0,930,0,0,492987,493592,1821.802596,1823.804873,2.002277000000049,9.974586800646302,8.2875,11.212499999999999,1,1,1,1,605,80,80,605.0,80.0,605.0,605,80,19.971885735438264,12245.059000327827
4355,0,931,0,0,493592,494000,1823.804873,1825.141105,1.3362319999998817,10.047423129688049,8.2875,11.212499999999999,1,1,1,1,408,54,54,408.0,53.0,408.0,408,53,13.425688303428615,12306.246220717252
4355,0,932,0,0,494000,494587,1825.141105,1827.14465,2.003545000000031,10.017854442663664,8.2875,11.212499999999999,1,1,1,1,587,80,80,588.0,80.0,587.0,587,80,20.07122217932556,12201.373066239901
4355,0,933,0,0,494587,495200,1827.14465,1829.152076,2.007426000000123,10.05476089048521,8.2875,11.212499999999999,1,1,1,1,613,80,80,613.0,80.0,613.0,613,80,20.184188435345277,12224.610022983908
4355,0,934,0,0,495200,495791,1829.152076,1831.16324,2.011164000000008,10.024978912816467,8.2875,11.212499999999999,1,1,1,1,591,80,80,591.0,81.0,591.0,591,81,20.16187669021747,12085.538523959212
4355,0,935,0,0,495791,496375,1831.16324,1833.165042,2.001801999999998,9.986642020847135,8.2875,11.212499999999999,1,1,1,1,584,80,80,584.0,79.0,584.0,584,79,19.991279970614414,12224.48573834976
4355,0,936,0,0,496375,496973,1833.165042,1835.165889,2.0008470000000216,10.029542091560359,8.2875,11.212499999999999,1,1,1,1,598,80,80,598.0,80.0,598.0,598,80,20.067579205271613,12313.785112004933
4355,0,937,0,0,496973,497566,1835.165889,1837.170071,2.0041819999999007,9.96528797089128,8.2875,11.212499999999999,1,1,1,1,593,80,80,593.0,81.0,593.0,593,81,19.97225077607436,11987.434274931713
4355,0,938,0,0,497566,498153,1837.170071,1839.170786,2.0007149999999,9.983995319204352,8.2875,11.212499999999999,1,1,1,1,587,80,80,587.0,79.0,587.0,587,79,19.975129195059708,12110.670435319978
4355,0,939,0,0,498153,498762,1839.170786,1841.174625,2.003839000000198,10.048808629798073,8.2875,11.212499999999999,1,1,1,1,609,80,80,609.0,81.0,609.0,609,81,20.136194635928405,12134.707429088661
4355,0,940,0,0,498762,499335,1841.174625,1843.176901,2.002275999999938,9.998374145939637,8.2875,11.212499999999999,1,1,1,1,573,80,80,573.0,80.0,573.0,573,80,20.01950459143336,12161.66003088523
4355,0,941,0,0,499335,499952,1843.176901,1845.179177,2.002275999999938,9.976621261876227,8.2875,11.212499999999999,1,1,1,1,617,80,80,617.0,80.0,617.0,617,80,19.975949313742603,12272.533856471715
4355,0,942,0,0,499952,500529,1845.179177,1847.181455,2.002277999999933,9.978589020949377,8.2875,11.212499999999999,1,1,1,1,577,80,80,577.0,80.0,577.0,577,80,19.979909267687617,11866.983505787306
4355,0,943,0,0,500529,501099,1847.181455,1849.183732,2.002277000000049,9.927646390058264,8.2875,11.212499999999999,1,1,1,1,570,80,80,570.0,80.0,570.0,570,80,19.877898030947108,12028.8052052735
4355,0,944,0,0,501099,501710,1849.183732,1851.185848,2.0021160000001146,10.056667086130613,8.2875,11.212499999999999,1,1,1,1,611,80,80,611.0,79.0,611.0,611,79,20.134614079815947,12215.575920675226
4355,0,945,0,0,501710,502277,1851.185848,1853.188102,2.0022539999999935,10.034494246064222,8.2875,11.212499999999999,1,1,1,1,567,80,80,567.0,80.0,567.0,567,80,20.091606242160196,12047.4225547808
4355,0,946,0,0,502277,502877,1853.188102,1855.188471,2.000368999999864,9.974750186412466,8.2875,11.212499999999999,1,1,1,1,600,80,80,600.0,80.0,600.0,600,80,19.953181055643654,11739.334092860665
4355,0,947,0,0,502877,503483,1855.188471,1857.190841,2.0023700000001554,10.058173719658786,8.2875,11.212499999999999,1,1,1,1,606,80,80,606.0,80.0,606.0,606,80,20.140185311036475,12564.111527838535
4355,0,948,0,0,503483,504082,1857.190841,1859.191581,2.0007399999999507,9.950124896426887,8.2875,11.212499999999999,1,1,1,1,599,80,80,599.0,80.0,599.0,599,80,19.90761288527574,12116.516888751461
4355,0,949,0,0,504082,504693,1859.191581,1861.192485,2.0009039999999914,9.995568616302135,8.2875,11.212499999999999,1,1,1,1,611,80,80,611.0,80.0,611.0,611,80,20.000173226631887,12083.538240715248
4355,0,950,0,0,504693,505238,1861.192485,1863.19967,2.007184999999936,9.933378275972245,8.2875,11.212499999999999,1,1,1,1,545,80,80,545.0,81.0,545.0,545,81,19.938127874855127,11973.983464404511
4355,0,951,0,0,505238,505825,1863.19967,1865.201947,2.002277000000049,9.947473769696893,8.2875,11.212499999999999,1,1,1,1,587,80,80,587.0,80.0,587.0,587,80,19.917597937168466,12034.298950644396
4355,0,952,0,0,505825,506391,1865.201947,1867.204223,2.002275999999938,9.875402698471131,8.2875,11.212499999999999,1,1,1,1,566,80,80,566.0,80.0,566.0,566,80,19.773281813482754,12220.09353355919
4355,0,953,0,0,506391,506975,1867.204223,1869.206499,2.002275999999938,9.96538053709705,8.2875,11.212499999999999,1,1,1,1,584,80,80,584.0,80.0,584.0,584,80,19.953442280297168,12032.307234367663
4355,0,954,0,0,506975,507000,1869.206499,1869.284661,0.07816200000002027,10.032705106711779,8.2875,11.212499999999999,1,1,1,1,25,4,4,25.0,3.0,25.0,25,3,0.7841762965508678,11642.486118571223
4355,0,955,0,0,507000,507627,1869.284661,1871.286152,2.0014909999999873,9.989569653441428,8.2875,11.212499999999999,1,1,1,1,627,80,80,627.0,80.0,627.0,627,80,19.99403375523616,11761.731629070602
4355,0,956,0,0,507627,508200,1871.286152,1873.286141,1.9999890000001415,9.809420408568887,8.2875,11.212499999999999,1,1,1,1,573,79,79,573.0,80.0,573.0,573,80,19.618732913513668,11910.065505359436
4355,0,957,0,0,508200,508786,1873.286141,1875.288417,2.002275999999938,9.89127501818247,8.2875,11.212499999999999,1,1,1,1,586,80,80,586.0,80.0,586.0,586,80,19.805062578307115,12023.816896372302
4355,0,958,0,0,508786,509416,1875.288417,1877.290255,2.001837999999907,10.05829732722626,8.2875,11.212499999999999,1,1,1,1,630,80,80,630.0,79.0,630.0,630,79,20.135081804939546,12319.678215720325
4355,0,959,0,0,509416,510006,1877.290255,1879.29297,2.00271500000008,9.91276998997007,8.2875,11.212499999999999,1,1,1,1,590,80,80,590.0,81.0,590.0,590,81,19.85245315046268,12064.122953090695
4355,0,960,0,0,510006,510561,1879.29297,1881.294655,2.001684999999952,9.982998030786367,8.2875,11.212499999999999,1,1,1,1,555,80,80,555.0,79.0,555.0,555,79,19.982817413252633,11932.446913475682
4355,0,961,0,0,510561,511125,1881.294655,1883.296723,2.0020680000000084,9.930900723008937,8.2875,11.212499999999999,1,1,1,1,564,80,80,564.0,80.0,564.0,564,80,19.88233854871214,11864.232383715189
4355,0,962,0,0,511125,511690,1883.296723,1885.299803,2.003080000000182,10.004113521381246,8.2875,11.212499999999999,1,1,1,1,565,80,80,565.0,81.0,565.0,565,81,20.03903971241016,11933.122990593401
4355,0,963,0,0,511690,512288,1885.299803,1887.300911,2.001107999999931,10.07147769072094,8.2875,11.212499999999999,1,1,1,1,598,80,80,598.0,79.0,598.0,598,79,20.154114578723238,12144.771796425199
4355,0,964,0,0,512288,512859,1887.300911,1889.304355,2.003443999999945,9.89571010902227,8.2875,11.212499999999999,1,1,1,1,571,80,80,571.0,81.0,571.0,571,81,19.825501043658733,11879.543426220376
4355,0,965,0,0,512859,513441,1889.304355,1891.306632,2.002277000000049,9.94055240095165,8.2875,11.212499999999999,1,1,1,1,582,80,80,582.0,80.0,582.0,582,80,19.903739439720084,11807.557096245635
4355,0,966,0,0,513441,513977,1891.306632,1893.308909,2.002277000000049,10.005706939816642,8.2875,11.212499999999999,1,1,1,1,536,80,80,536.0,80.0,536.0,536,80,20.034196874334157,11977.363771346028
4355,0,967,0,0,513977,514600,1893.308909,1895.310034,2.001125000000002,9.868163281057386,8.2875,11.212499999999999,1,1,1,1,623,80,80,623.0,79.0,623.0,623,79,19.747428245806077,12034.23074520581
4355,0,968,0,0,514600,515191,1895.310034,1897.313462,2.0034279999999853,9.90338113729301,8.2875,11.212499999999999,1,1,1,1,591,80,80,591.0,81.0,591.0,591,81,19.840711065124196,11895.111778411889
4355,0,969,0,0,515191,515734,1897.313462,1899.315739,2.002276999999822,9.969538885096371,8.2875,11.212499999999999,1,1,1,1,543,80,80,543.0,80.0,543.0,543,80,19.96177841023382,11895.457022181306
4355,0,970,0,0,515734,516301,1899.315739,1901.318016,2.002277000000049,9.97484700247883,8.2875,11.212499999999999,1,1,1,1,567,80,80,567.0,80.0,567.0,567,80,19.97240673158376,12086.739247366577
4355,0,971,0,0,516301,516879,1901.318016,1903.320019,2.002003000000059,9.924763044246662,8.2875,11.212499999999999,1,1,1,1,578,80,80,578.0,79.0,578.0,578,79,19.86940538887211,11813.66861088585
4355,0,972,0,0,516879,517492,1903.320019,1905.322569,2.0025499999999283,9.939743699243957,8.2875,11.212499999999999,1,1,1,1,613,80,80,613.0,81.0,613.0,613,81,19.904833744920325,11987.715662530703
4355,0,973,0,0,517492,518097,1905.322569,1907.324847,2.0022780000001603,9.94627196948845,8.2875,11.212499999999999,1,1,1,1,605,80,80,605.0,80.0,605.0,605,80,19.915201546526077,12128.185996149414
4355,0,974,0,0,518097,518709,1907.324847,1909.325571,2.000723999999991,9.948744674882045,8.2875,11.212499999999999,1,1,1,1,612,80,80,612.0,79.0,612.0,612,79,19.904692240907025,12245.067285642652
4355,0,975,0,0,518709,519333,1909.325571,1911.3294,2.003828999999996,9.914489665615223,8.2875,11.212499999999999,1,1,1,1,624,80,80,624.0,81.0,624.0,624,81,19.866941912161565,12199.643781979425
4355,0,976,0,0,519333,519906,1911.3294,1913.331676,2.002275999999938,9.91313198303087,8.2875,11.212499999999999,1,1,1,1,573,80,80,574.0,80.0,573.0,573,80,19.84882625445607,11835.031733887203
4355,0,977,0,0,519906,520000,1913.331676,1913.682084,0.3504080000000158,9.954129760909158,8.2875,11.212499999999999,1,1,1,1,94,14,14,94.0,14.0,94.0,94,14,3.4880067012600193,11734.891897444733
4355,0,978,0,0,520000,520546,1913.682084,1915.684064,2.001980000000003,9.910978025471554,8.2875,11.212499999999999,1,1,1,1,546,80,80,550.0,79.0,546.0,546,79,19.841579787433147,12007.612463660957
4355,0,979,0,0,520546,521145,1915.684064,1917.686629,2.002565000000004,9.908242821074397,8.2875,11.212499999999999,1,1,1,1,599,80,80,599.0,81.0,599.0,599,81,19.84190028498415,11799.367311423075
4355,0,980,0,0,521145,521783,1917.686629,1919.688905,2.002275999999938,10.017993373910702,8.2875,11.212499999999999,1,1,1,1,638,80,80,638.0,80.0,638.0,638,80,20.05878770073832,12396.892336521423
4355,0,981,0,0,521783,522375,1919.688905,1921.691182,2.002277000000049,9.941489127548751,8.2875,11.212499999999999,1,1,1,1,592,80,80,592.0,80.0,592.0,592,80,19.905615025840234,11805.559370656218
4355,0,982,0,0,522375,522988,1921.691182,1923.69346,2.002277999999933,10.038539493222665,8.2875,11.212499999999999,1,1,1,1,613,80,80,613.0,80.0,613.0,613,80,20.099946779409947,12243.055160172973
4355,0,983,0,0,522988,523609,1923.69346,1925.694225,2.0007650000000012,10.006405270365448,8.2875,11.212499999999999,1,1,1,1,621,80,80,621.0,79.0,621.0,621,79,20.020465440764383,11888.952475678047
4355,0,984,0,0,523609,524232,1925.694225,1927.698014,2.003789000000097,9.957012649340498,8.2875,11.212499999999999,1,1,1,1,623,80,80,623.0,81.0,623.0,623,81,19.951752419608965,12208.371240683931
4355,0,985,0,0,524232,524834,1927.698014,1929.700289,2.002275000000054,9.995152537797514,8.2875,11.212499999999999,1,1,1,1,602,80,80,602.0,80.0,602.0,602,80,20.013044047620497,12056.285974703447
4355,0,986,0,0,524834,525408,1929.700289,1931.700404,2.0001149999998233,9.881489305508854,8.2875,11.212499999999999,1,1,1,1,574,80,80,574.0,79.0,574.0,574,79,19.76411498228481,11806.821107787346
4355,0,987,0,0,525408,525977,1931.700404,1933.704844,2.0044400000001588,9.917088219616929,8.2875,11.212499999999999,1,1,1,1,569,80,80,570.0,81.0,570.0,569,81,19.87820831092904,12000.359202569343
4355,0,988,0,0,525977,526525,1933.704844,1935.706005,2.001160999999911,9.933336286542843,8.2875,11.212499999999999,1,1,1,1,548,80,80,547.0,79.0,547.0,548,79,19.878205176511983,12034.51396464406
4355,0,989,0,0,526525,527116,1935.706005,1937.709397,2.0033920000000762,9.921707632661555,8.2875,11.212499999999999,1,1,1,1,591,80,80,591.0,81.0,591.0,591,81,19.87706969761348,12389.986582755175
4355,0,990,0,0,527116,527727,1937.709397,1939.710741,2.0013440000000173,9.943066702231137,8.2875,11.212499999999999,1,1,1,1,611,80,80,611.0,79.0,611.0,611,79,19.899496886111592,12054.899107799454
4355,0,991,0,0,527727,528303,1939.710741,1941.713951,2.0032099999998536,9.986571489719184,8.2875,11.212499999999999,1,1,1,1,576,80,80,576.0,81.0,576.0,576,81,20.005199873918173,12184.943166219111
4355,0,992,0,0,528303,528922,1941.713951,1943.716228,2.002277000000049,9.909120019582277,8.2875,11.212499999999999,1,1,1,1,619,80,80,619.0,80.0,619.0,619,80,19.840803105449595,12175.138604698252
4355,0,993,0,0,528922,529467,1943.716228,1945.718505,2.002277000000049,9.93066473131559,8.2875,11.212499999999999,1,1,1,1,545,80,80,545.0,80.0,545.0,545,80,19.883941586223955,11801.06448808003
4355,0,994,0,0,529467,530026,1945.718505,1947.72078,2.002275000000054,9.992446436036198,8.2875,11.212499999999999,1,1,1,1,559,80,80,559.0,80.0,559.0,559,80,20.007625687714608,12056.285974703447
4355,0,995,0,0,530026,530617,1947.72078,1949.723058,2.002277999999933,9.848696331023916,8.2875,11.212499999999999,1,1,1,1,591,80,80,591.0,80.0,591.0,591,80,19.71982799228863,11835.519343468186
4355,0,996,0,0,530617,531234,1949.723058,1951.724518,2.001459999999952,9.906162527613281,8.2875,11.212499999999999,1,1,1,1,617,80,80,617.0,79.0,617.0,617,79,19.82678805251635,11950.276298302528
4355,0,997,0,0,531234,531823,1951.724518,1953.726017,2.001498999999967,9.95907504290227,8.2875,11.212499999999999,1,1,1,1,589,80,80,589.0,80.0,589.0,589,80,19.933078739293705,12135.404514316719
4355,0,998,0,0,531823,532416,1953.726017,1955.727797,2.0017800000000534,9.869890040855982,8.2875,11.212499999999999,1,1,1,1,593,80,80,593.0,80.0,593.0,593,80,19.757348485985858,11874.431755737078
4355,0,999,0,0,532416,532967,1955.727797,1957.72931,2.0015129999999317,9.869931667351475,8.2875,11.212499999999999,1,1,1,1,551,80,80,551.0,80.0,551.0,551,80,19.754796541314136,11779.089119081817
4355,0,1000,0,0,532967,533000,1957.72931,1957.856907,0.12759700000015073,9.869475795453017,8.2875,11.212499999999999,1,1,1,1,33,5,5,33.0,5.0,33.0,33,5,1.2593155030735943,12241.667123820738
4355,0,1001,0,0,533000,533590,1957.856907,1959.859584,2.0026769999999487,9.88230879117123,8.2875,11.212499999999999,1,1,1,1,590,79,79,591.0,81.0,590.0,590,80,19.79107252297763,12046.875257468188
4355,0,1002,0,0,533590,534188,1959.859584,1961.861862,2.002277999999933,9.91067637657729,8.2875,11.212499999999999,1,1,1,1,598,80,80,598.0,80.0,598.0,598,80,19.843929273938556,12097.720696127517
4355,0,1003,0,0,534188,534789,1961.861862,1963.861833,1.9999709999999595,9.875987042022787,8.2875,11.212499999999999,1,1,1,1,601,80,80,601.0,79.0,601.0,601,79,19.751687680422037,11950.67328476287
4355,0,1004,0,0,534789,535378,1963.861833,1965.862569,2.0007359999999608,10.00477679710395,8.2875,11.212499999999999,1,1,1,1,589,80,80,589.0,80.0,589.0,589,80,20.016917109929636,11829.146873950618
4355,0,1005,0,0,535378,535964,1965.862569,1967.866547,2.0039780000001883,9.891200401670769,8.2875,11.212499999999999,1,1,1,1,586,80,80,586.0,80.0,586.0,586,80,19.82174799853965,12094.444150583351
4355,0,1006,0,0,535964,536529,1967.866547,1969.870969,2.004421999999977,9.884685132995589,8.2875,11.212499999999999,1,1,1,1,565,80,80,565.0,81.0,565.0,565,81,19.813080343650654,12002.462555290393
4355,0,1007,0,0,536529,537131,1969.870969,1971.873245,2.002275999999938,9.972405990084036,8.2875,11.212499999999999,1,1,1,1,602,80,80,602.0,80.0,602.0,602,80,19.96750917620011,12062.772564821607
4355,0,1008,0,0,537131,537731,1971.873245,1973.875522,2.002277000000049,9.936753454196742,8.2875,11.212499999999999,1,1,1,1,600,80,80,600.0,80.0,600.0,600,80,19.896132896010386,11899.951904756143
4355,0,1009,0,0,537731,538362,1973.875522,1975.875656,2.000133999999889,10.109682473406748,8.2875,11.212499999999999,1,1,1,1,631,80,80,631.0,79.0,631.0,631,79,20.220719644265046,12250.179237991733
4355,0,1010,0,0,538362,538974,1975.875656,1977.876905,2.0012490000001435,9.868032313840152,8.2875,11.212499999999999,1,1,1,1,612,80,80,612.0,80.0,612.0,612,80,19.748389800042787,11969.525031616897
4355,0,1011,0,0,538974,539584,1977.876905,1979.882352,2.0054470000000038,10.085225242547786,8.2875,11.212499999999999,1,1,1,1,610,80,80,610.0,81.0,610.0,610,81,20.225384706991463,12218.223667840613
4355,0,1012,0,0,539584,540183,1979.882352,1981.88463,2.002277999999933,9.951944366605693,8.2875,11.212499999999999,1,1,1,1,599,80,80,599.0,80.0,599.0,599,80,19.926559262476076,11985.348687844946
4355,0,1013,0,0,540183,540790,1981.88463,1983.886024,2.001393999999891,9.97656012138253,8.2875,11.212499999999999,1,1,1,1,607,80,80,607.0,79.0,607.0,607,79,19.967027567574405,12040.108044693505
4355,0,1014,0,0,540790,541364,1983.886024,1985.889186,2.003162000000202,10.025403089667975,8.2875,11.212499999999999,1,1,1,1,574,80,80,574.0,81.0,574.0,574,81,20.08250650390619,12172.25566379431
4355,0,1015,0,0,541364,541977,1985.889186,1987.891461,2.002274999999827,10.03777364053934,8.2875,11.212499999999999,1,1,1,1,613,80,80,613.0,80.0,613.0,613,80,20.09838321611096,12320.485447804189
4355,0,1016,0,0,541977,542580,1987.891461,1989.891888,2.0004270000001725,9.998843951254448,8.2875,11.212499999999999,1,1,1,1,603,80,80,603.0,79.0,603.0,603,79,20.00195740887648,12113.913679428397
4355,0,1017,0,0,542580,543151,1989.891888,1991.895787,2.0038989999998194,9.913890036166451,8.2875,11.212499999999999,1,1,1,1,571,80,80,571.0,80.0,571.0,571,80,19.866434329582262,11731.130161750727
4355,0,1018,0,0,543151,543769,1991.895787,1993.898291,2.0025040000000445,9.929300559879287,8.2875,11.212499999999999,1,1,1,1,618,80,80,618.0,81.0,618.0,618,81,19.883464088361507,12047.416634373496
4355,0,1019,0,0,543769,544373,1993.898291,1995.900567,2.002275999999938,9.94815516718081,8.2875,11.212499999999999,1,1,1,1,604,80,80,604.0,80.0,604.0,604,80,19.91895233551986,12227.585008260978
4355,0,1020,0,0,544373,544935,1995.900567,1997.902845,2.0022780000001603,9.931076190058068,8.2875,11.212499999999999,1,1,1,1,562,80,80,562.0,80.0,562.0,562,80,19.884775371680007,12195.609201118948
4355,0,1021,0,0,544935,545585,1997.902845,1999.905122,2.002276999999822,9.980207160230016,8.2875,11.212499999999999,1,1,1,1,650,80,80,650.0,80.0,650.0,650,80,19.9831392521628,12022.312597109263
4355,0,1022,0,0,545585,546000,1999.905122,2001.360101,1.454979000000094,9.922538518060415,8.2875,11.212499999999999,1,1,1,1,415,59,59,415.0,58.0,415.0,415,58,14.4370851704698,12070.277302970604
4355,0,1023,0,0,546000,546578,2001.360101,2003.361172,2.001070999999911,9.840670175711313,8.2875,11.212499999999999,1,1,1,1,578,80,80,578.0,80.0,578.0,578,80,19.691879709178465,11904.625073273794
4355,0,1024,0,0,546578,547140,2003.361172,2005.361328,2.000156000000061,9.94672269079706,8.2875,11.212499999999999,1,1,1,1,562,79,79,562.0,80.0,562.0,562,80,19.894997070336103,11956.06742674035
4355,0,1025,0,0,547140,547740,2005.361328,2007.363347,2.0020190000000184,9.970851011347323,8.2875,11.212499999999999,1,1,1,1,600,80,80,602.0,79.0,600.0,600,79,19.961833170887985,12234.149625952488
4355,0,1026,0,0,547740,548323,2007.363347,2009.365879,2.0025319999999738,10.036301874899342,8.2875,11.212499999999999,1,1,1,1,583,80,80,583.0,81.0,583.0,583,81,20.09801566614624,12241.00289034099
4355,0,1027,0,0,548323,548934,2009.365879,2011.367558,2.0016789999999673,10.054291925887949,8.2875,11.212499999999999,1,1,1,1,611,80,80,611.0,79.0,611.0,611,79,20.125465007920866,12332.646743059404
4355,0,1028,0,0,548934,549530,2011.367558,2013.370434,2.0028760000000148,9.9498626177182,8.2875,11.212499999999999,1,1,1,1,596,80,80,596.0,81.0,596.0,596,81,19.928341040325904,12220.427025936613
4355,0,1029,0,0,549530,550108,2013.370434,2015.37271,2.0022760000001654,9.972249868905436,8.2875,11.212499999999999,1,1,1,1,578,80,80,578.0,80.0,578.0,578,80,19.967196578512812,11911.444775844104
4355,0,1030,0,0,550108,550698,2015.37271,2017.374987,2.002276999999822,10.011951783798429,8.2875,11.212499999999999,1,1,1,1,590,80,80,590.0,80.0,590.0,590,80,20.046700781807886,12275.52431556782
4355,0,1031,0,0,550698,551322,2017.374987,2019.375272,2.0002850000000763,9.886448017408062,8.2875,11.212499999999999,1,1,1,1,624,80,80,624.0,79.0,624.0,624,79,19.775713672501297,12114.77364475516
4355,0,1032,0,0,551322,551886,2019.375272,2021.376656,2.0013839999999163,9.955002623857306,8.2875,11.212499999999999,1,1,1,1,564,80,80,564.0,80.0,564.0,564,80,19.923782971345645,12017.68376283662
4355,0,1033,0,0,551886,552454,2021.376656,2023.37809,2.0014340000000175,9.917273868455133,8.2875,11.212499999999999,1,1,1,1,568,80,80,568.0,80.0,568.0,568,80,19.848769107637054,12172.772122388142
4355,0,1034,0,0,552454,553049,2023.37809,2025.382277,2.0041870000000017,10.023077325994597,8.2875,11.212499999999999,1,1,1,1,595,80,80,595.0,80.0,595.0,595,80,20.088121276752645,12150.56279678492
4355,0,1035,0,0,553049,553660,2025.382277,2027.385204,2.0029269999999997,10.002886187807398,8.2875,11.212499999999999,1,1,1,1,611,80,80,611.0,80.0,611.0,611,80,20.035050823487836,11962.492891653068
4355,0,1036,0,0,553660,554259,2027.385204,2029.38627,2.001066000000037,9.923696830576931,8.2875,11.212499999999999,1,1,1,1,599,80,80,599.0,80.0,599.0,599,80,19.857972321977286,11924.144431018047
4355,0,1037,0,0,554259,554830,2029.38627,2031.386863,2.0005929999999807,9.879694955482783,8.2875,11.212499999999999,1,1,1,1,571,80,80,571.0,80.0,571.0,571,80,19.76524857007462,12035.431494561979
4355,0,1038,0,0,554830,555371,2031.386863,2033.388677,2.0018139999999676,9.948116578217867,8.2875,11.212499999999999,1,1,1,1,541,80,80,541.0,80.0,541.0,541,80,19.91427903990916,12145.983592881454
4355,0,1039,0,0,555371,555939,2033.388677,2035.39499,2.006313000000091,9.928835186957517,8.2875,11.212499999999999,1,1,1,1,568,80,80,568.0,80.0,568.0,568,80,19.9203511104497,11767.35633971316
4355,0,1040,0,0,555939,556525,2035.39499,2037.397755,2.002764999999954,9.952640642853732,8.2875,11.212499999999999,1,1,1,1,586,80,80,586.0,81.0,586.0,586,81,19.93280033708288,11964.958444950133
4355,0,1041,0,0,556525,557127,2037.397755,2039.400031,2.002275999999938,10.050102296080853,8.2875,11.212499999999999,1,1,1,1,602,80,80,602.0,80.0,602.0,602,80,20.1230786249871,12072.761197757327
4355,0,1042,0,0,557127,557700,2039.400031,2041.400764,2.000733000000082,10.045778886151608,8.2875,11.212499999999999,1,1,1,1,573,80,80,574.0,79.0,574.0,573,79,20.098921328226425,12159.543527296748
4355,0,1043,0,0,557700,558308,2041.400764,2043.404048,2.0032840000001215,10.014453385181865,8.2875,11.212499999999999,1,1,1,1,608,80,80,607.0,80.0,607.0,608,80,20.061794235280104,12113.110272931111
4355,0,1044,0,0,558308,558878,2043.404048,2045.405665,2.0016169999998965,10.057252355474443,8.2875,11.212499999999999,1,1,1,1,570,80,80,571.0,80.0,570.0,570,80,20.13076728800661,11906.873292943272
4355,0,1045,0,0,558878,559000,2045.405665,2045.857383,0.45171800000002804,9.95117408597212,8.2875,11.212499999999999,1,1,1,1,122,18,18,122.0,19.0,122.0,122,19,4.495124455766927,12454.673048228431
4355,0,1046,0,0,559000,559586,2045.857383,2047.859651,2.002267999999958,10.041607026863794,8.2875,11.212499999999999,1,1,1,1,586,80,80,586.0,80.0,586.0,586,80,20.10598841846513,12397.940735206535
4355,0,1047,0,0,559586,560165,2047.859651,2049.86193,2.002279000000044,9.97821985083362,8.2875,11.212499999999999,1,1,1,1,579,80,80,579.0,80.0,579.0,579,80,19.97918006470718,12413.35498199774
4355,0,1048,0,0,560165,560769,2049.86193,2051.863302,2.001372000000174,10.032584309036647,8.2875,11.212499999999999,1,1,1,1,604,80,80,604.0,79.0,604.0,604,79,20.07893332374806,12079.713316663718
4355,0,1049,0,0,560769,561390,2051.863302,2053.864158,2.000855999999658,10.087928598925634,8.2875,11.212499999999999,1,1,1,1,621,80,80,621.0,80.0,621.0,621,80,20.184492464730283,12118.313361883187
4355,0,1050,0,0,561390,561988,2053.864158,2055.866407,2.00224900000012,10.133605069060067,8.2875,11.212499999999999,1,1,1,1,598,80,80,598.0,80.0,598.0,598,80,20.2900006159216,12138.84986332796
4355,0,1051,0,0,561988,562612,2055.866407,2057.869836,2.003428999999869,10.090977956035985,8.2875,11.212499999999999,1,1,1,1,624,80,80,624.0,80.0,624.0,624,80,20.216557875482977,12359.309963069127
4355,0,1052,0,0,562612,563175,2057.869836,2059.873312,2.003476000000319,10.091525863132178,8.2875,11.212499999999999,1,1,1,1,563,80,80,563.0,81.0,563.0,563,81,20.218129870168923,12317.092892550783
4355,0,1053,0,0,563175,563786,2059.873312,2061.875589,2.002277000000049,10.20965313615203,8.2875,11.212499999999999,1,1,1,1,611,80,80,611.0,80.0,611.0,611,80,20.442553652494098,12306.48906220238
4355,0,1054,0,0,563786,564376,2061.875589,2063.877866,2.0022769999995944,10.079448139157302,8.2875,11.212499999999999,1,1,1,1,590,80,80,590.0,80.0,590.0,590,80,20.18184718172415,12502.266169968027
4355,0,1055,0,0,564376,565010,2063.877866,2065.879023,2.0011570000001484,10.036713700844077,8.2875,11.212499999999999,1,1,1,1,634,80,80,635.0,79.0,635.0,634,79,20.085039879442775,12302.882782309522
4355,0,1056,0,0,565010,565630,2065.879023,2067.882423,2.003400000000056,10.028395751396571,8.2875,11.212499999999999,1,1,1,1,620,80,80,619.0,81.0,619.0,620,81,20.09088804834755,12188.779075571187
4355,0,1057,0,0,565630,566229,2067.882423,2069.884038,2.001615000000129,10.060593898133197,8.2875,11.212499999999999,1,1,1,1,599,80,80,599.0,79.0,599.0,599,79,20.137435655411537,12271.590690516618
4355,0,1058,0,0,566229,566855,2069.884038,2071.884765,2.0007269999996424,10.092681052702321,8.2875,11.212499999999999,1,1,1,1,626,80,80,626.0,80.0,626.0,626,80,20.19269948452711,12373.502231940902
4355,0,1059,0,0,566855,567440,2071.884765,2073.885022,2.000257000000147,9.996395603989424,8.2875,11.212499999999999,1,1,1,1,585,80,80,585.0,80.0,585.0,585,80,19.995360281649482,12200.432244455691
4355,0,1060,0,0,567440,568016,2073.885022,2075.891532,2.006510000000162,10.008890888748596,8.2875,11.212499999999999,1,1,1,1,576,80,80,576.0,81.0,576.0,576,81,20.082939657186216,12019.376928098067
4355,0,1061,0,0,568016,568576,2075.891532,2077.893187,2.001655000000028,10.119272626013537,8.2875,11.212499999999999,1,1,1,1,560,80,80,560.0,79.0,560.0,560,79,20.255292648223985,12003.56704826739
4355,0,1062,0,0,568576,569179,2077.893187,2079.896087,2.002899999999954,10.05010033045105,8.2875,11.212499999999999,1,1,1,1,603,80,80,603.0,81.0,603.0,603,81,20.12934595186016,12136.402216785938
4355,0,1063,0,0,569179,569768,2079.896087,2081.898365,2.002277999999933,10.154641492911649,8.2875,11.212499999999999,1,1,1,1,589,80,80,589.0,80.0,589.0,589,80,20.33241525914491,12585.664927647831
4355,0,1064,0,0,569768,570386,2081.898365,2083.899043,2.00067799999988,10.100475430441637,8.2875,11.212499999999999,1,1,1,1,618,80,80,618.0,79.0,618.0,618,79,20.207798983225075,12100.397965090562
4355,0,1065,0,0,570386,571003,2083.899043,2085.902104,2.0030609999998887,10.064861915095618,8.2875,11.212499999999999,1,1,1,1,617,80,80,617.0,80.0,617.0,617,80,20.160532372512534,12322.140963256421
4355,0,1066,0,0,571003,571627,2085.902104,2087.902367,2.000263000000359,10.031685087707418,8.2875,11.212499999999999,1,1,1,1,624,79,79,625.0,80.0,624.0,624,79,20.066008508598316,12081.411294412615
4355,0,1067,0,0,571627,572000,2087.902367,2089.206683,1.3043159999997442,10.090787196252217,8.2875,11.212499999999999,1,1,1,1,373,52,52,373.0,53.0,373.0,373,53,13.161575192665623,12383.50215745507
4355,0,1068,0,0,572000,572590,2089.206683,2091.208951,2.0022680000001856,10.185655408830687,8.2875,11.212499999999999,1,1,1,1,590,80,80,591.0,80.0,590.0,590,80,20.39441188413184,12249.109509814734
4355,0,1069,0,0,572590,573197,2091.208951,2093.211229,2.002277999999933,10.180141259764003,8.2875,11.212499999999999,1,1,1,1,607,80,80,607.0,80.0,607.0,607,80,20.383472881316266,12492.77073413424
4355,0,1070,0,0,573197,573827,2093.211229,2095.213504,2.002274999999827,9.918236799275094,8.2875,11.212499999999999,1,1,1,1,630,80,80,630.0,80.0,630.0,630,80,19.859037587266357,11997.8524428473
4355,0,1071,0,0,573827,574435,2095.213504,2097.215437,2.001933000000008,9.913652527302887,8.2875,11.212499999999999,1,1,1,1,608,80,80,608.0,79.0,608.0,608,79,19.846468144940445,11943.956166365158
4355,0,1072,0,0,574435,575020,2097.215437,2099.216798,2.001361000000088,9.759457619953013,8.2875,11.212499999999999,1,1,1,1,585,80,80,585.0,80.0,585.0,585,80,19.53219786172849,12099.2664491808
4355,0,1073,0,0,575020,575598,2099.216798,2101.220334,2.0035360000001674,9.825470222495982,8.2875,11.212499999999999,1,1,1,1,578,80,80,578.0,81.0,578.0,578,81,19.685683307699946,11819.103824437405
4355,0,1074,0,0,575598,576185,2101.220334,2103.222611,2.002277000000049,9.883151876695988,8.2875,11.212499999999999,1,1,1,1,587,80,80,587.0,80.0,587.0,587,80,19.788807690216345,12001.336478419025
4355,0,1075,0,0,576185,576754,2103.222611,2105.222614,2.0000029999996514,9.753919177448418,8.2875,11.212499999999999,1,1,1,1,569,80,80,570.0,79.0,570.0,569,79,19.50786761665222,11634.982547528207
4355,0,1076,0,0,576754,577347,2105.222614,2107.22574,2.0031260000000657,9.778596886347557,8.2875,11.212499999999999,1,1,1,1,593,80,80,592.0,80.0,592.0,593,80,19.587761666563893,11755.126736909824
4355,0,1077,0,0,577347,577895,2107.22574,2109.229443,2.003703000000314,9.813382560168954,8.2875,11.212499999999999,1,1,1,1,548,80,80,548.0,81.0,548.0,548,81,19.66310407596029,11814.62522140072
4355,0,1078,0,0,577895,578469,2109.229443,2111.231558,2.002114999999776,9.784791141512095,8.2875,11.212499999999999,1,1,1,1,574,80,80,574.0,79.0,574.0,574,79,19.590277116287325,11787.534682075026
4355,0,1079,0,0,578469,579074,2111.231558,2113.233997,2.0024389999998675,9.72896522998696,8.2875,11.212499999999999,1,1,1,1,605,80,80,605.0,81.0,605.0,605,81,19.481659406170365,11749.671275879842
4355,0,1080,0,0,579074,579669,2113.233997,2115.236274,2.002277000000049,9.747482641215928,8.2875,11.212499999999999,1,1,1,1,595,80,80,595.0,80.0,595.0,595,80,19.51716030040552,11976.36490855132
4355,0,1081,0,0,579669,580263,2115.236274,2117.237248,2.000974000000042,9.842075263311346,8.2875,11.212499999999999,1,1,1,1,594,80,80,594.0,79.0,594.0,594,79,19.69373670792993,11955.17782839732
4355,0,1082,0,0,580263,580845,2117.237248,2119.238697,2.001448999999866,9.83817102132785,8.2875,11.212499999999999,1,1,1,1,582,80,80,582.0,80.0,582.0,582,80,19.69059755246417,11737.995822027728
4355,0,1083,0,0,580845,581420,2119.238697,2121.239504,2.00080700000035,9.849703047809037,8.2875,11.212499999999999,1,1,1,1,575,80,80,575.0,80.0,575.0,575,80,19.707354805981595,11956.675481441147
4355,0,1084,0,0,581420,581987,2121.239504,2123.243155,2.0036509999999907,9.838126474331844,8.2875,11.212499999999999,1,1,1,1,567,80,80,567.0,80.0,567.0,567,80,19.71217194842029,11890.29426781416
4355,0,1085,0,0,581987,582580,2123.243155,2125.243965,2.0008100000000013,9.736730250902541,8.2875,11.212499999999999,1,1,1,1,593,80,80,593.0,80.0,593.0,593,80,19.48134725330965,11660.277587577024
4355,0,1086,0,0,582580,583129,2125.243965,2127.246343,2.0023779999996805,9.877094997340322,8.2875,11.212499999999999,1,1,1,1,549,80,80,549.0,80.0,549.0,549,80,19.777677726582624,11715.070780843449
4355,0,1087,0,0,583129,583697,2127.246343,2129.25221,2.0058670000003076,9.793340081975893,8.2875,11.212499999999999,1,1,1,1,568,80,80,568.0,81.0,568.0,568,81,19.644137690214848,12089.036810514497
4355,0,1088,0,0,583697,584284,2129.25221,2131.252655,2.0004449999996723,9.755973421944152,8.2875,11.212499999999999,1,1,1,1,587,80,80,587.0,79.0,587.0,587,79,19.516288252056256,11791.376418748761
4355,0,1089,0,0,584284,584896,2131.252655,2133.256765,2.00411000000031,9.73718287287716,8.2875,11.212499999999999,1,1,1,1,612,80,80,612.0,81.0,612.0,612,81,19.514385567363206,11846.15614911174
4355,0,1090,0,0,584896,585000,2133.256765,2133.668193,0.4114279999998871,9.777602954145642,8.2875,11.212499999999999,1,1,1,1,104,17,17,104.0,16.0,104.0,104,16,4.022779628216085,11926.752676048656
4355,0,1091,0,0,585000,585568,2133.668193,2135.66828,2.000086999999894,9.82030637887997,8.2875,11.212499999999999,1,1,1,1,568,80,80,568.0,80.0,568.0,568,80,19.641467124412884,11814.486069856588
4355,0,1092,0,0,585568,586100,2135.66828,2137.678133,2.009853000000021,9.72846739470986,8.2875,11.212499999999999,1,1,1,1,532,80,80,532.0,80.0,532.0,532,80,19.552789378660236,11708.81651543658
4355,0,1093,0,0,586100,586689,2137.678133,2139.678125,1.9999920000000202,9.730266350887128,8.2875,11.212499999999999,1,1,1,1,589,80,80,589.0,80.0,589.0,589,80,19.460454859643505,11938.547754190897
4355,0,1094,0,0,586689,587290,2139.678125,2141.680042,2.0019170000000486,9.711412948762778,8.2875,11.212499999999999,1,1,1,1,601,80,80,601.0,80.0,601.0,601,80,19.441442676150473,11997.000874661346
4355,0,1095,0,0,587290,587867,2141.680042,2143.68945,2.009407999999894,9.769989728658672,8.2875,11.212499999999999,1,1,1,1,577,80,80,577.0,80.0,577.0,577,80,19.63189552068434,11888.078478836185
4355,0,1096,0,0,587867,588469,2143.68945,2145.692422,2.002972000000227,9.7274157233579,8.2875,11.212499999999999,1,1,1,1,602,80,80,602.0,80.0,602.0,602,80,19.483741326246673,11833.91480260199
4355,0,1097,0,0,588469,589041,2145.692422,2147.692887,2.0004650000000765,9.76926428922213,8.2875,11.212499999999999,1,1,1,1,572,80,80,572.0,80.0,572.0,572,80,19.54307128633809,12008.208091618239
4355,0,1098,0,0,589041,589619,2147.692887,2149.697065,2.0041779999996834,9.759059159636061,8.2875,11.212499999999999,1,1,1,1,578,80,80,579.0,80.0,578.0,578,80,19.558891668439173,12297.310917495299
4355,0,1099,0,0,589619,590185,2149.697065,2151.699667,2.0026020000000244,9.700976251840597,8.2875,11.212499999999999,1,1,1,1,566,80,80,566.0,80.0,566.0,566,80,19.427194443887856,11705.271441854005
4355,0,1100,0,0,590185,590737,2151.699667,2153.705018,2.005351000000246,9.731587420911383,8.2875,11.212499999999999,1,1,1,1,552,80,80,552.0,81.0,552.0,552,81,19.51524856611286,11588.993647494703
4355,0,1101,0,0,590737,591263,2153.705018,2155.707294,2.0022759999997106,9.684830781151147,8.2875,11.212499999999999,1,1,1,1,526,80,80,526.0,80.0,526.0,526,80,19.391704237157683,11574.32841426624
4355,0,1102,0,0,591263,591870,2155.707294,2157.709571,2.002277000000049,9.7257818083831,8.2875,11.212499999999999,1,1,1,1,607,80,80,607.0,80.0,607.0,607,80,19.473709221943864,11980.360359730154
4355,0,1103,0,0,591870,592431,2157.709571,2159.711847,2.0022760000001654,9.77574534683983,8.2875,11.212499999999999,1,1,1,1,561,80,80,562.0,80.0,561.0,561,80,19.573740290092246,11808.561856606206
4355,0,1104,0,0,592431,593010,2159.711847,2161.714124,2.002277000000049,9.823513616680588,8.2875,11.212499999999999,1,1,1,1,579,80,80,579.0,80.0,579.0,579,80,19.66939537386861,11600.293066343682
4355,0,1105,0,0,593010,593568,2161.714124,2163.716003,2.001878999999917,9.757502383716272,8.2875,11.212499999999999,1,1,1,1,558,80,80,558.0,79.0,558.0,558,79,19.53333911441223,11547.65098190298
4355,0,1106,0,0,593568,594142,2163.716003,2165.718679,2.002676000000065,9.814518542221872,8.2875,11.212499999999999,1,1,1,1,574,80,80,574.0,81.0,574.0,574,81,19.65530073606351,12073.3458632346
4355,0,1107,0,0,594142,594748,2165.718679,2167.720506,2.0018270000000484,9.750567684647415,8.2875,11.212499999999999,1,1,1,1,606,80,80,606.0,79.0,606.0,606,79,19.518949656456243,11821.70087624926
4355,0,1108,0,0,594748,595288,2167.720506,2169.721655,2.001148999999714,9.729333547320962,8.2875,11.212499999999999,1,1,1,1,540,80,80,540.0,80.0,540.0,540,80,19.469846098883863,11561.35799983075
4355,0,1109,0,0,595288,595868,2169.721655,2171.723811,2.0021560000000136,9.688678501522256,8.2875,11.212499999999999,1,1,1,1,580,80,80,580.0,80.0,580.0,580,80,19.398245793894603,11978.087621543895
4355,0,1110,0,0,595868,596433,2171.723811,2173.727785,2.0039740000001984,9.767728555036758,8.2875,11.212499999999999,1,1,1,1,565,80,80,565.0,81.0,565.0,565,81,19.574274063354096,11819.514624440066
4355,0,1111,0,0,596433,597008,2173.727785,2175.730063,2.002277999999933,9.867691055311894,8.2875,11.212499999999999,1,1,1,1,575,80,80,575.0,80.0,575.0,575,80,19.757860710848036,11760.604671279807
4355,0,1112,0,0,597008,597574,2175.730063,2177.731216,2.0011530000001585,9.760608310287834,8.2875,11.212499999999999,1,1,1,1,566,80,80,566.0,79.0,566.0,566,79,19.532470601960085,11671.771223888503
4355,0,1113,0,0,597574,598000,2177.731216,2179.244323,1.5131069999997635,9.774794422903248,8.2875,11.212499999999999,1,1,1,1,426,61,61,426.0,61.0,426.0,426,61,14.790309864853043,11734.133805476265
4355,0,1114,0,0,598000,598562,2179.244323,2181.246981,2.002657999999883,9.845927373857585,8.2875,11.212499999999999,1,1,1,1,562,80,80,562.0,80.0,562.0,562,80,19.71802522267535,11775.849895489582
4355,0,1115,0,0,598562,599146,2181.246981,2183.250835,2.0038540000000467,9.77464594456272,8.2875,11.212499999999999,1,1,1,1,584,80,80,584.0,80.0,584.0,584,80,19.586963374596962,11930.509907408146
4355,0,1116,0,0,599146,599749,2183.250835,2185.253484,2.0026490000000194,9.747632738139606,8.2875,11.212499999999999,1,1,1,1,603,80,80,603.0,80.0,603.0,603,80,19.521086955403007,12063.521865289307
4355,0,1117,0,0,599749,600322,2185.253484,2187.254858,2.0013739999999416,9.746900148536444,8.2875,11.212499999999999,1,1,1,1,573,80,80,573.0,80.0,573.0,573,80,19.507192537876108,11663.487184304724
4355,0,1118,0,0,600322,600948,2187.254858,2189.256965,2.002107000000251,9.853424500802873,8.2875,11.212499999999999,1,1,1,1,626,80,80,626.0,80.0,626.0,626,80,19.727610167032253,12155.194502589997
4355,0,1119,0,0,600948,601561,2189.256965,2191.257579,2.0006140000000414,9.753498806323694,8.2875,11.212499999999999,1,1,1,1,613,80,80,613.0,80.0,613.0,613,80,19.51298626091375,11759.389867310492
4355,0,1120,0,0,601561,602130,2191.257579,2193.263929,2.0063500000001113,9.730680459447985,8.2875,11.212499999999999,1,1,1,1,569,80,80,569.0,80.0,569.0,569,80,19.52315073981299,11752.186806887477
4355,0,1121,0,0,602130,602679,2193.263929,2195.269721,2.0057919999999285,9.792712072432305,8.2875,11.212499999999999,1,1,1,1,549,80,80,549.0,80.0,549.0,549,80,19.642143533186754,11892.060592524474
4355,0,1122,0,0,602679,603272,2195.269721,2197.2715,2.001778999999715,9.699472328794924,8.2875,11.212499999999999,1,1,1,1,593,80,80,593.0,80.0,593.0,593,80,19.416200018858945,11891.422579617127
4355,0,1123,0,0,603272,603847,2197.2715,2199.272534,2.0010340000003453,9.670466739747368,8.2875,11.212499999999999,1,1,1,1,575,80,80,575.0,80.0,575.0,575,80,19.350932742105215,11511.048787774733
4355,0,1124,0,0,603847,604408,2199.272534,2201.273524,2.0009900000000016,9.736652723787202,8.2875,11.212499999999999,1,1,1,1,561,80,80,561.0,80.0,561.0,561,80,19.482944733772456,11621.747235118606
4355,0,1125,0,0,604408,604973,2201.273524,2203.279892,2.0063679999998385,9.70234264525917,8.2875,11.212499999999999,1,1,1,1,565,80,80,565.0,80.0,565.0,565,80,19.466469808481634,11718.189285316499
4355,0,1126,0,0,604973,605530,2203.279892,2205.283441,2.003549000000021,9.786350210485434,8.2875,11.212499999999999,1,1,1,1,557,80,80,557.0,80.0,557.0,557,80,19.60743217786876,11776.602419007348
4355,0,1127,0,0,605530,606091,2205.283441,2207.284683,2.00124199999982,9.711395712687056,8.2875,11.212499999999999,1,1,1,1,561,80,80,561.0,80.0,561.0,561,80,19.43485297884763,12036.025628086041
4355,0,1128,0,0,606091,606650,2207.284683,2209.287188,2.0025049999999283,9.774649337513173,8.2875,11.212499999999999,1,1,1,1,559,80,80,559.0,80.0,559.0,559,80,19.573784171614534,11343.79190064485
4355,0,1129,0,0,606650,607229,2209.287188,2211.287853,2.0006650000000263,9.716224546283321,8.2875,11.212499999999999,1,1,1,1,579,80,80,579.0,80.0,579.0,579,80,19.43891038189031,11865.554703061076
4355,0,1130,0,0,607229,607776,2211.287853,2213.290256,2.002403000000413,9.673352933625534,8.2875,11.212499999999999,1,1,1,1,547,80,80,547.0,80.0,547.0,547,80,19.369950934353255,11801.3207131607
4355,0,1131,0,0,607776,608332,2213.290256,2215.297125,2.006868999999824,9.700643341081507,8.2875,11.212499999999999,1,1,1,1,556,80,80,556.0,80.0,556.0,556,80,19.46792040127184,11583.715728332061
4355,0,1132,0,0,608332,608875,2215.297125,2217.301324,2.0041989999999714,9.597060618049253,8.2875,11.212499999999999,1,1,1,1,543,80,80,543.0,80.0,543.0,543,80,19.234419293632527,11238.40496876823
4355,0,1133,0,0,608875,609433,2217.301324,2219.30279,2.001466000000164,9.74911606183128,8.2875,11.212499999999999,1,1,1,1,558,80,80,558.0,80.0,558.0,558,80,19.51252432781257,11564.52320449016
4355,0,1134,0,0,609433,610013,2219.30279,2221.306889,2.004098999999769,9.66720062140536,8.2875,11.212499999999999,1,1,1,1,580,80,80,581.0,81.0,580.0,580,81,19.37402709815433,11890.13117615584
4355,0,1135,0,0,610013,610550,2221.306889,2223.308811,2.0019219999999223,9.706964956578108,8.2875,11.212499999999999,1,1,1,1,537,80,80,537.0,79.0,537.0,537,79,19.432586699800595,11949.516514629906
4355,0,1136,0,0,610550,611000,2223.308811,2224.936024,1.6272130000002107,9.682244396351408,8.2875,11.212499999999999,1,1,1,1,450,65,65,450.0,66.0,450.0,450,66,15.755073950920632,11615.56600149922
4355,0,1137,0,0,611000,611541,2224.936024,2226.938292,2.002267999999731,9.7754713963069,8.2875,11.212499999999999,1,1,1,1,541,80,80,541.0,80.0,541.0,541,80,19.573113561738865,11825.589781189723
4355,0,1138,0,0,611541,612168,2226.938292,2228.94057,2.0022780000003877,9.979837989119513,8.2875,11.212499999999999,1,1,1,1,627,80,80,627.0,80.0,627.0,627,80,19.982410049182363,12115.200786302054
4355,0,1139,0,0,612168,612743,2228.94057,2230.94224,2.001669999999649,9.86745470106352,8.2875,11.212499999999999,1,1,1,1,575,80,80,575.0,79.0,575.0,575,79,19.75138805147435,11836.116842438641
4355,0,1140,0,0,612743,613353,2230.94224,2232.94395,2.0017100000000028,9.943990577958926,8.2875,11.212499999999999,1,1,1,1,610,80,80,610.0,80.0,610.0,610,80,19.90498537980602,11865.35512137121
4355,0,1141,0,0,613353,613961,2232.94395,2234.9474,2.003450000000157,9.95746880498938,8.2875,11.212499999999999,1,1,1,1,608,80,80,608.0,81.0,608.0,608,81,19.94929087735727,11842.57156405108
4355,0,1142,0,0,613961,614536,2234.9474,2236.947759,2.000359000000117,9.945524364757118,8.2875,11.212499999999999,1,1,1,1,575,80,80,575.0,79.0,575.0,575,79,19.89461917276276,12158.317581993322
4355,0,1143,0,0,614536,615161,2236.947759,2238.951953,2.004193999999643,9.97308003073341,8.2875,11.212499999999999,1,1,1,1,625,80,80,625.0,81.0,625.0,625,81,19.98798715911107,12127.568488880981
4355,0,1144,0,0,615161,615819,2238.951953,2240.95423,2.002277000000049,10.011431380132256,8.2875,11.212499999999999,1,1,1,1,658,80,80,658.0,80.0,658.0,658,80,20.045658789516892,12209.099939718331
4355,0,1145,0,0,615819,616424,2240.95423,2242.956429,2.0021990000000187,10.083216096430798,8.2875,11.212499999999999,1,1,1,1,605,80,80,605.0,79.0,605.0,605,79,20.188605185056076,12090.206817603932
4355,0,1146,0,0,616424,617009,2242.956429,2244.956832,2.0004030000000057,9.940257177649345,8.2875,11.212499999999999,1,1,1,1,585,80,80,585.0,80.0,585.0,585,80,19.884520278941636,11787.124894333758
4355,0,1147,0,0,617009,617574,2244.956832,2246.957856,2.001024000000143,9.917600272227705,8.2875,11.212499999999999,1,1,1,1,565,80,80,565.0,80.0,565.0,565,80,19.845356167134014,12144.282127549825
4355,0,1148,0,0,617574,618173,2246.957856,2248.959347,2.0014909999999873,9.825369880356424,8.2875,11.212499999999999,1,1,1,1,599,80,80,600.0,80.0,599.0,599,80,19.665389387202595,12080.493991729243
4355,0,1149,0,0,618173,618762,2248.959347,2250.959772,2.0004250000001775,9.938222689259412,8.2875,11.212499999999999,1,1,1,1,589,80,80,590.0,80.0,589.0,589,80,19.88066912316208,11853.481135257705
4355,0,1150,0,0,618762,619349,2250.959772,2252.96518,2.0054079999999885,9.92943637827515,8.2875,11.212499999999999,1,1,1,1,587,80,80,587.0,80.0,587.0,587,80,19.912571148484858,12084.822639582639
4355,0,1151,0,0,619349,619900,2252.96518,2254.965706,2.000525999999809,9.776576791668676,8.2875,11.212499999999999,1,1,1,1,551,80,80,551.0,80.0,551.0,551,80,19.558296062728914,11896.37125436124
4355,0,1152,0,0,619900,620478,2254.965706,2256.966922,2.001216000000113,9.936400901449243,8.2875,11.212499999999999,1,1,1,1,578,80,80,578.0,80.0,578.0,578,80,19.884884466395306,12007.699318813482
4355,0,1153,0,0,620478,621069,2256.966922,2258.96818,2.0012579999997797,9.908600951605095,8.2875,11.212499999999999,1,1,1,1,591,80,80,591.0,80.0,591.0,591,80,19.82966692320406,12174.342338670318
4355,0,1154,0,0,621069,621651,2258.96818,2260.971206,2.003026000000318,9.945854538212174,8.2875,11.212499999999999,1,1,1,1,582,80,80,582.0,80.0,582.0,582,80,19.92180523226125,12224.5043249544
4355,0,1155,0,0,621651,622180,2260.971206,2262.979275,2.0080689999999777,9.892299525431795,8.2875,11.212499999999999,1,1,1,1,529,80,80,529.0,81.0,529.0,529,81,19.86442001573232,11935.346843161398
4355,0,1156,0,0,622180,622760,2262.979275,2264.981511,2.0022359999998116,9.889959593061668,8.2875,11.212499999999999,1,1,1,1,580,80,80,580.0,79.0,580.0,580,79,19.802033135772945,11981.604566096234
4355,0,1157,0,0,622760,623346,2264.981511,2266.98383,2.0023190000001705,9.882220040437675,8.2875,11.212499999999999,1,1,1,1,586,80,80,586.0,81.0,586.0,586,81,19.787356949149398,11916.183185595286
4355,0,1158,0,0,623346,623923,2266.98383,2268.984316,2.00048599999991,9.832084792871644,8.2875,11.212499999999999,1,1,1,1,577,80,80,577.0,79.0,577.0,577,79,19.66894797895293,11706.655282766815
4355,0,1159,0,0,623923,624000,2268.984316,2269.271914,0.287597999999889,9.798959545062305,8.2875,11.212499999999999,1,1,1,1,77,12,12,77.0,12.0,77.0,77,12,2.81816116724076,12503.564002536137
4355,0,1160,0,0,624000,624558,2269.271914,2271.271923,2.0000089999998636,9.81729543616515,8.2875,11.212499999999999,1,1,1,1,558,80,80,560.0,80.0,558.0,558,80,19.634679227987363,11976.94610374335
4355,0,1161,0,0,624558,625172,2271.271923,2273.27287,2.0009469999999965,10.001450701183035,8.2875,11.212499999999999,1,1,1,1,614,80,80,614.0,80.0,614.0,614,80,20.01237277617838,12012.312170187437
4355,0,1162,0,0,625172,625760,2273.27287,2275.281448,2.008578000000398,10.245925753875907,8.2875,11.212499999999999,1,1,1,1,588,80,80,588.0,80.0,588.0,588,80,20.57974105887115,12686.089362720766
4355,0,1163,0,0,625760,626373,2275.281448,2277.287037,2.0055889999998726,10.340712037812315,8.2875,11.212499999999999,1,1,1,1,613,80,80,613.0,80.0,613.0,613,80,20.739218315204198,12681.561376733525
4355,0,1164,0,0,626373,626987,2277.287037,2279.288248,2.0012109999997847,10.242898010126222,8.2875,11.212499999999999,1,1,1,1,614,80,80,614.0,80.0,614.0,614,80,20.498200169738993,12568.38983995326
4355,0,1165,0,0,626987,627567,2279.288248,2281.290326,2.002077999999983,10.164380411316028,8.2875,11.212499999999999,1,1,1,1,580,80,80,580.0,80.0,580.0,580,80,20.349882405127573,12390.126658402025
4355,0,1166,0,0,627567,628179,2281.290326,2283.296851,2.006525000000238,10.213370525787736,8.2875,11.212499999999999,1,1,1,1,612,80,80,612.0,80.0,612.0,612,80,20.49338329425882,12491.745679718433
4355,0,1167,0,0,628179,628771,2283.296851,2285.297051,2.00019999999995,10.264179781876186,8.2875,11.212499999999999,1,1,1,1,592,80,80,592.0,80.0,592.0,592,80,20.53041239970844,12307.269273073001
4355,0,1168,0,0,628771,629341,2285.297051,2287.301081,2.004030000000057,10.142915737927314,8.2875,11.212499999999999,1,1,1,1,570,80,80,570.0,80.0,570.0,570,80,20.326707426280336,12262.790477188117
4355,0,1169,0,0,629341,629936,2287.301081,2289.30354,2.002458999999817,10.075687491932605,8.2875,11.212499999999999,1,1,1,1,595,80,80,595.0,80.0,595.0,595,80,20.176151099407434,12419.729942037402
4355,0,1170,0,0,629936,630569,2289.30354,2291.311492,2.007951999999932,10.146052113718149,8.2875,11.212499999999999,1,1,1,1,633,80,80,633.0,81.0,633.0,633,81,20.372785633844614,12460.955241958398
4355,0,1171,0,0,630569,631187,2291.311492,2293.313771,2.0022790000002715,10.306229953280086,8.2875,11.212499999999999,1,1,1,1,618,80,80,618.0,80.0,618.0,618,80,20.635947804625175,12510.244576303603
4355,0,1172,0,0,631187,631801,2293.313771,2295.31415,2.0003790000000663,10.282343304894102,8.2875,11.212499999999999,1,1,1,1,614,80,80,614.0,79.0,614.0,614,79,20.568583617900003,12468.637193251465
4355,0,1173,0,0,631801,632365,2295.31415,2297.315605,2.0014549999996234,10.14213059993832,8.2875,11.212499999999999,1,1,1,1,564,80,80,565.0,80.0,565.0,564,80,20.299017999896023,12311.543352213583
4355,0,1174,0,0,632365,632979,2297.315605,2299.315613,2.0000080000004345,10.223831914506569,8.2875,11.212499999999999,1,1,1,1,614,80,80,613.0,80.0,613.0,614,80,20.447745619672787,12538.9498441979
4355,0,1175,0,0,632979,633562,2299.315613,2301.317628,2.0020149999995738,10.203885761246475,8.2875,11.212499999999999,1,1,1,1,583,80,80,583.0,80.0,583.0,583,80,20.42833235229773,12308.599086423052
4355,0,1176,0,0,633562,634164,2301.317628,2303.320696,2.0030680000004395,10.221771196750865,8.2875,11.212499999999999,1,1,1,1,602,80,80,602.0,80.0,602.0,602,80,20.47490278753685,12012.57271345492
4355,0,1177,0,0,634164,634762,2303.320696,2305.320693,1.9999969999998939,10.27379859726715,8.2875,11.212499999999999,1,1,1,1,598,80,80,598.0,80.0,598.0,598,80,20.54756637313767,12455.018682528684
4355,0,1178,0,0,634762,635355,2305.320693,2307.323008,2.002314999999726,10.05422954643171,8.2875,11.212499999999999,1,1,1,1,593,80,80,593.0,80.0,593.0,593,80,20.131734634262102,12044.059001707175
4355,0,1179,0,0,635355,635956,2307.323008,2309.324936,2.0019280000001345,10.183240852535208,8.2875,11.212499999999999,1,1,1,1,601,80,80,601.0,80.0,601.0,601,80,20.386114993434603,12185.75293417064
4355,0,1180,0,0,635956,636570,2309.324936,2311.325585,2.0006490000000667,10.20796153497693,8.2875,11.212499999999999,1,1,1,1,614,80,80,614.0,80.0,614.0,614,80,20.42254803698961,12321.001834904162
4355,0,1181,0,0,636570,637000,2311.325585,2312.726385,1.4007999999998901,10.28082727641921,8.2875,11.212499999999999,1,1,1,1,430,56,56,430.0,56.0,430.0,430,56,14.401382848805952,12428.612221588639
4355,0,1182,0,0,637000,637617,2312.726385,2314.733588,2.0072030000001178,10.12017645857991,8.2875,11.212499999999999,1,1,1,1,617,79,79,619.0,80.0,617.0,617,79,20.31324854819104,12349.523192222483
4355,0,1183,0,0,637617,638257,2314.733588,2316.734811,2.0012229999997544,10.206754771240423,8.2875,11.212499999999999,1,1,1,1,640,80,80,640.0,80.0,640.0,640,80,20.425992403565033,12195.042731371264
4355,0,1184,0,0,638257,638858,2316.734811,2318.738183,2.0033720000001267,10.099269448838983,8.2875,11.212499999999999,1,1,1,1,601,80,80,601.0,80.0,601.0,601,80,20.23259363426041,12191.445223352655
4355,0,1185,0,0,638858,639520,2318.738183,2320.744275,2.0060920000000806,10.331674617935908,8.2875,11.212499999999999,1,1,1,1,662,80,80,662.0,80.0,662.0,662,80,20.726289797643403,12476.995073007118
4355,0,1186,0,0,639520,640105,2320.744275,2322.746789,2.002513999999792,10.109914700929373,8.2875,11.212499999999999,1,1,1,1,585,80,80,585.0,80.0,585.0,585,80,20.24524572741575,12344.98235717831
4355,0,1187,0,0,640105,640714,2322.746789,2324.749516,2.00272700000005,10.17774580463504,8.2875,11.212499999999999,1,1,1,1,609,80,80,609.0,81.0,609.0,609,81,20.383246322078776,12276.261317693019
4355,0,1188,0,0,640714,641344,2324.749516,2326.751793,2.002277000000049,10.164430057658677,8.2875,11.212499999999999,1,1,1,1,630,80,80,630.0,80.0,630.0,630,80,20.352004522559582,12552.708741097951
4355,0,1189,0,0,641344,641891,2326.751793,2328.754071,2.002277999999933,10.16848422348864,8.2875,11.212499999999999,1,1,1,1,547,79,79,548.0,80.0,547.0,547,79,20.360132254038035,12106.710456790122
4355,0,1190,0,0,641891,642477,2328.754071,2330.755793,2.0017219999999725,9.923995127493477,8.2875,11.212499999999999,1,1,1,1,586,80,80,586.0,79.0,586.0,586,79,19.865079374594643,12040.133445103931
4355,0,1191,0,0,642477,643063,2330.755793,2332.758623,2.0028300000003583,9.938224812638605,8.2875,11.212499999999999,1,1,1,1,586,80,80,586.0,81.0,586.0,586,81,19.90457480150144,12236.185797094919
4355,0,1192,0,0,643063,643668,2332.758623,2334.760046,2.001422999999704,9.92628208388217,8.2875,11.212499999999999,1,1,1,1,605,80,80,605.0,79.0,605.0,605,79,19.866689267168113,12208.313784743961
4355,0,1193,0,0,643668,644265,2334.760046,2336.763177,2.0031309999999394,9.949868823121063,8.2875,11.212499999999999,1,1,1,1,597,80,80,597.0,81.0,597.0,597,81,19.93089068552581,12108.044855778646
4355,0,1194,0,0,644265,644863,2336.763177,2338.764884,2.0017070000003514,9.8972596375795,8.2875,11.212499999999999,1,1,1,1,598,80,79,598.0,79.0,598.0,598,78,19.811413897365128,11878.861391800012
4355,0,1195,0,0,644863,645470,2338.764884,2340.766459,2.001574999999775,9.984889656768491,8.2875,11.212499999999999,1,1,1,1,607,80,80,608.0,80.0,607.0,607,80,19.985505514745455,11863.657369822598
4355,0,1196,0,0,645470,646038,2340.766459,2342.770008,2.003549000000021,9.907787320105175,8.2875,11.212499999999999,1,1,1,1,568,80,80,568.0,81.0,568.0,568,81,19.850737377408223,12244.771652702151
4355,0,1197,0,0,646038,646626,2342.770008,2344.772284,2.0022760000001654,10.056399183571772,8.2875,11.212499999999999,1,1,1,1,588,80,80,588.0,80.0,588.0,588,80,20.13568673168629,12225.587281672446
4355,0,1198,0,0,646626,647203,2344.772284,2346.772978,2.0006939999998394,9.872539440131087,8.2875,11.212499999999999,1,1,1,1,577,80,80,577.0,79.0,577.0,577,79,19.75193042263345,11775.913757926945
4355,0,1199,0,0,647203,647775,2346.772978,2348.775674,2.0026960000000145,9.903340821944461,8.2875,11.212499999999999,1,1,1,1,572,80,80,572.0,80.0,572.0,572,80,19.83338105074654,11900.45818237008
4355,0,1200,0,0,647775,648348,2348.775674,2350.775794,2.0001200000001518,9.849477838247802,8.2875,11.212499999999999,1,1,1,1,573,80,80,573.0,80.0,573.0,573,80,19.700137613835977,11880.787152769932
4355,0,1201,0,0,648348,648924,2350.775794,2352.776434,2.0006399999997484,9.86983201324432,8.2875,11.212499999999999,1,1,1,1,576,80,80,576.0,80.0,576.0,576,80,19.745980718973442,12328.554862445568
4355,0,1202,0,0,648924,649462,2352.776434,2354.782423,2.005989000000227,9.864438939626076,8.2875,11.212499999999999,1,1,1,1,538,80,80,538.0,80.0,538.0,538,80,19.787956004063744,12000.564310171829
4355,0,1203,0,0,649462,650000,2354.782423,2356.531429,1.7490060000000085,10.056556705640453,8.2875,11.212499999999999,1,1,1,1,538,70,70,538.0,70.0,538.0,538,70,17.588978017505724,12100.01566604111
4355,0,1204,0,0,650000,650585,2356.531429,2358.533718,2.002289000000019,9.8495279587647,8.2875,11.212499999999999,1,1,1,1,585,80,80,586.0,80.0,585.0,585,80,19.721601487028238,12173.06792376114
4355,0,1205,0,0,650585,651138,2358.533718,2360.536738,2.003019999999651,9.836223356708253,8.2875,11.212499999999999,1,1,1,1,553,80,80,554.0,80.0,553.0,553,80,19.702152107951406,12003.37490389721
4355,0,1206,0,0,651138,651746,2360.536738,2362.537178,2.0004400000002533,9.910230354718252,8.2875,11.212499999999999,1,1,1,1,608,80,80,608.0,80.0,608.0,608,80,19.824821210793743,11769.910619662183
4355,0,1207,0,0,651746,652321,2362.537178,2364.537609,2.000430999999935,9.892147319516686,8.2875,11.212499999999999,1,1,1,1,575,80,80,575.0,80.0,575.0,575,80,19.78855815452698,11875.440842498827
4355,0,1208,0,0,652321,652894,2364.537609,2366.541713,2.0041040000000976,9.863086322295999,8.2875,11.212499999999999,1,1,1,1,573,80,80,573.0,80.0,573.0,573,80,19.76665075085839,12139.589562217738
4355,0,1209,0,0,652894,653488,2366.541713,2368.543462,2.001749000000018,9.799662788982852,8.2875,11.212499999999999,1,1,1,1,594,80,80,594.0,80.0,594.0,594,80,19.61646518818452,12123.39808837161
4355,0,1210,0,0,653488,654097,2368.543462,2370.545144,2.0016820000000735,9.892956110083826,8.2875,11.212499999999999,1,1,1,1,609,80,80,609.0,80.0,609.0,609,80,19.802552172346623,11999.908077306545
4355,0,1211,0,0,654097,654673,2370.545144,2372.545182,2.0000379999996767,9.804704295281818,8.2875,11.212499999999999,1,1,1,1,576,80,80,576.0,80.0,576.0,576,80,19.609781169325288,11892.774037295214
4355,0,1212,0,0,654673,655279,2372.545182,2374.547114,2.0019320000001244,9.902466776643017,8.2875,11.212499999999999,1,1,1,1,606,80,80,606.0,80.0,606.0,606,80,19.82406511910085,12279.637869816994
4355,0,1213,0,0,655279,655892,2374.547114,2376.549744,2.0026299999999537,9.930144765229446,8.2875,11.212499999999999,1,1,1,1,613,80,80,613.0,80.0,613.0,613,80,19.886405811190343,12027.683596071445
4355,0,1214,0,0,655892,656522,2376.549744,2378.556487,2.006742999999915,9.926125626116129,8.2875,11.212499999999999,1,1,1,1,630,80,80,630.0,80.0,630.0,630,80,19.91918311732661,12130.103356533962
4355,0,1215,0,0,656522,657115,2378.556487,2380.557113,2.000626000000011,9.960680953001075,8.2875,11.212499999999999,1,1,1,1,593,80,80,593.0,80.0,593.0,593,80,19.927597292280552,12309.147236914778
4355,0,1216,0,0,657115,657713,2380.557113,2382.558918,2.0018050000003313,9.87315259299568,8.2875,11.212499999999999,1,1,1,1,598,80,80,598.0,80.0,598.0,598,80,19.764126226426015,12025.147304555647
4355,0,1217,0,0,657713,658265,2382.558918,2384.563563,2.0046449999999822,9.921551453028432,8.2875,11.212499999999999,1,1,1,1,552,80,80,552.0,80.0,552.0,552,80,19.889188512555847,11852.971473752315
4355,0,1218,0,0,658265,658809,2384.563563,2386.56445,2.000886999999693,9.935659763561564,8.2875,11.212499999999999,1,1,1,1,544,80,80,544.0,80.0,544.0,544,80,19.880132457328727,12027.66573025048
4355,0,1219,0,0,658809,659405,2386.56445,2388.567698,2.003247999999985,9.89655553741469,8.2875,11.212499999999999,1,1,1,1,596,80,80,596.0,80.0,596.0,596,80,19.82525508721301,12009.995766874685
4355,0,1220,0,0,659405,660001,2388.567698,2390.574373,2.0066750000000866,9.880760345123598,8.2875,11.212499999999999,1,1,1,1,596,80,80,596.0,81.0,596.0,596,81,19.827474765552324,12043.803804800955
4355,0,1221,0,0,660001,660606,2390.574373,2392.57539,2.001017000000047,9.831401183836753,8.2875,11.212499999999999,1,1,1,1,605,80,80,605.0,79.0,605.0,605,79,19.67280090267741,11976.909741396217
4355,0,1222,0,0,660606,661189,2392.57539,2394.577515,2.002124999999978,9.852921282339038,8.2875,11.212499999999999,1,1,1,1,583,80,80,583.0,80.0,583.0,583,80,19.726780022403545,11946.307048760822
4355,0,1223,0,0,661189,661783,2394.577515,2396.578389,2.0008739999998397,9.858493093390278,8.2875,11.212499999999999,1,1,1,1,594,80,80,594.0,80.0,594.0,594,80,19.725602509741293,12127.70019501575
4355,0,1224,0,0,661783,662391,2396.578389,2398.579676,2.0012870000000476,9.964535346407969,8.2875,11.212499999999999,1,1,1,1,608,80,80,608.0,80.0,608.0,608,80,19.9418950498075,12354.54984717305
4355,0,1225,0,0,662391,662976,2398.579676,2400.582716,2.0030400000000554,9.934966089222552,8.2875,11.212499999999999,1,1,1,1,585,80,80,586.0,80.0,585.0,585,80,19.900134475356026,11655.783209521205
4355,0,1226,0,0,662976,663000,2400.582716,2400.66925,0.08653400000002875,9.776593170913685,8.2875,11.212499999999999,1,1,1,1,24,4,4,24.0,4.0,24.0,24,4,0.8460077134513995,12076.178149625035
4355,0,1227,0,0,663000,663614,2400.66925,2402.670599,2.0013490000001184,9.965482138241743,8.2875,11.212499999999999,1,1,1,1,614,80,80,614.0,80.0,614.0,614,80,19.944407711889653,12182.283050081998
4355,0,1228,0,0,663614,664229,2402.670599,2404.672796,2.0021969999997964,9.977215515003467,8.2875,11.212499999999999,1,1,1,1,615,80,80,615.0,80.0,615.0,615,80,19.976350972490764,12232.063078709283
4355,0,1229,0,0,664229,664818,2404.672796,2406.679029,2.0062330000000657,9.950414067589193,8.2875,11.212499999999999,1,1,1,1,589,80,80,589.0,80.0,589.0,589,80,19.962849066061608,11964.213528537919
4355,0,1230,0,0,664818,665408,2406.679029,2408.679784,2.0007550000000265,9.959634446863534,8.2875,11.212499999999999,1,1,1,1,590,80,80,590.0,80.0,590.0,590,80,19.926788417735224,11711.578878973032
4355,0,1231,0,0,665408,665988,2408.679784,2410.682979,2.0031950000002325,9.971039879244515,8.2875,11.212499999999999,1,1,1,1,580,80,80,580.0,80.0,580.0,580,80,19.973937230904994,11973.871739894126
4355,0,1232,0,0,665988,666583,2410.682979,2412.68308,2.0001009999996313,9.933133144882595,8.2875,11.212499999999999,1,1,1,1,595,80,80,595.0,80.0,595.0,595,80,19.86726953620746,11996.394182096015
4355,0,1233,0,0,666583,667208,2412.68308,2414.688292,2.0052120000000286,9.836125152465437,8.2875,11.212499999999999,1,1,1,1,625,80,80,625.0,80.0,625.0,625,80,19.72351618922403,12165.297235404361
4355,0,1234,0,0,667208,667796,2414.688292,2416.693101,2.004809000000023,9.874757955010768,8.2875,11.212499999999999,1,1,1,1,588,80,80,588.0,80.0,588.0,588,80,19.797003621028125,12141.805029805693
4355,0,1235,0,0,667796,668376,2416.693101,2418.695325,2.0022240000002967,9.993112413397267,8.2875,11.212499999999999,1,1,1,1,580,80,80,580.0,80.0,580.0,580,80,20.008449508804915,12308.31315576896
4355,0,1236,0,0,668376,668923,2418.695325,2420.696019,2.0006939999998394,9.900246820564318,8.2875,11.212499999999999,1,1,1,1,547,80,80,547.0,80.0,547.0,547,80,19.8073644124197,12026.326864578956
4355,0,1237,0,0,668923,669517,2420.696019,2422.698024,2.0020049999998264,9.94526001099633,8.2875,11.212499999999999,1,1,1,1,594,80,80,594.0,80.0,594.0,594,80,19.910460268314637,12112.3573617459
4355,0,1238,0,0,669517,670080,2422.698024,2424.699576,2.0015520000001743,9.911234282216993,8.2875,11.212499999999999,1,1,1,1,563,80,80,563.0,80.0,563.0,563,80,19.83785080004236,11902.76345555745
4355,0,1239,0,0,670080,670676,2424.699576,2426.703641,2.0040650000000824,9.927902996729447,8.2875,11.212499999999999,1,1,1,1,596,80,80,596.0,80.0,596.0,596,80,19.896162919139897,12030.547911369646
4355,0,1240,0,0,670676,671250,2426.703641,2428.706973,2.003331999999773,9.873314918345363,8.2875,11.212499999999999,1,1,1,1,574,80,80,574.0,80.0,574.0,574,80,19.77952772199569,12179.708605464679
4355,0,1241,0,0,671250,671803,2428.706973,2430.707479,2.000506000000314,9.868448918245859,8.2875,11.212499999999999,1,1,1,1,553,80,80,553.0,80.0,553.0,553,80,19.741891271645727,11838.504858269
4355,0,1242,0,0,671803,672424,2430.707479,2432.718061,2.0105819999998857,9.839647308968864,8.2875,11.212499999999999,1,1,1,1,621,80,80,621.0,80.0,621.0,621,80,19.783417765760532,11944.302694444377
4355,0,1243,0,0,672424,672987,2432.718061,2434.718304,2.000242999999955,9.879462710665887,8.2875,11.212499999999999,1,1,1,1,563,80,80,563.0,80.0,563.0,563,80,19.761326130770613,11869.057909464267
4355,0,1244,0,0,672987,673583,2434.718304,2436.723973,2.0056690000001254,9.947495461656306,8.2875,11.212499999999999,1,1,1,1,596,80,80,596.0,80.0,596.0,596,80,19.95138327508539,12458.187268187541
4355,0,1245,0,0,673583,674169,2436.723973,2438.726195,2.0022220000000743,9.845531670477126,8.2875,11.212499999999999,1,1,1,1,586,80,80,586.0,80.0,586.0,586,80,19.712940112327487,11775.41751114468
4355,0,1246,0,0,674169,674727,2438.726195,2440.731406,2.00521099999969,9.8939661409202,8.2875,11.212499999999999,1,1,1,1,558,80,80,558.0,81.0,558.0,558,81,19.83948973939914,11758.363583684531
4355,0,1247,0,0,674727,675299,2440.731406,2442.733682,2.0022760000001654,9.953931650746778,8.2875,11.212499999999999,1,1,1,1,572,80,80,572.0,80.0,572.0,572,80,19.930518449931697,12155.167419475632
4355,0,1248,0,0,675299,675881,2442.733682,2444.734685,2.001002999999855,9.779238908364194,8.2875,11.212499999999999,1,1,1,1,582,80,80,582.0,79.0,582.0,582,79,19.568286393350718,11974.994540238938
4355,0,1249,0,0,675881,676000,2444.734685,2445.115778,0.3810929999999644,9.855998126519586,8.2875,11.212499999999999,1,1,1,1,119,16,16,119.0,16.0,119.0,119,16,3.7560518940299517,11640.203309954302
4355,0,1250,0,0,676000,676593,2445.115778,2447.118337,2.0025590000000193,9.949638199047492,8.2875,11.212499999999999,1,1,1,1,593,80,80,593.0,80.0,593.0,593,80,19.924737522247597,12078.545501031314
4355,0,1251,0,0,676593,677221,2447.118337,2449.120164,2.0018270000000484,9.892721873893585,8.2875,11.212499999999999,1,1,1,1,628,80,80,628.0,80.0,628.0,628,80,19.803517750649917,11979.057131310257
4355,0,1252,0,0,677221,677825,2449.120164,2451.123406,2.0032420000002276,9.898301109917226,8.2875,11.212499999999999,1,1,1,1,604,80,80,604.0,80.0,604.0,604,80,19.82869251203374,12124.845625240107
4355,0,1253,0,0,677825,678417,2451.123406,2453.127989,2.0045829999999114,9.974456658388306,8.2875,11.212499999999999,1,1,1,1,592,80,80,592.0,80.0,592.0,592,80,19.99462625164233,12267.888134340701
4355,0,1254,0,0,678417,679011,2453.127989,2455.130894,2.002904999999828,9.95232253093489,8.2875,11.212499999999999,1,1,1,1,594,80,80,594.0,80.0,594.0,594,80,19.933556558818964,12036.516959117916
4355,0,1255,0,0,679011,679547,2455.130894,2457.136819,2.005924999999934,9.973781632786384,8.2875,11.212499999999999,1,1,1,1,536,80,80,536.0,80.0,536.0,536,80,20.0066579217455,12197.365305283502
4355,0,1256,0,0,679547,680105,2457.136819,2459.139327,2.0025080000000344,9.959200867852921,8.2875,11.212499999999999,1,1,1,1,558,80,80,558.0,80.0,558.0,558,80,19.943379411481146,12087.841846324502
4355,0,1257,0,0,680105,680673,2459.139327,2461.142923,2.003596000000016,9.981616097083249,8.2875,11.212499999999999,1,1,1,1,568,80,80,568.0,80.0,568.0,568,80,19.99912608565137,11807.270527591298
4355,0,1258,0,0,680673,681253,2461.142923,2463.148108,2.005184999999983,9.856417396023222,8.2875,11.212499999999999,1,1,1,1,580,80,80,580.0,80.0,580.0,580,80,19.76394031624295,11900.647571171838
4355,0,1259,0,0,681253,681852,2463.148108,2465.157863,2.009755000000041,9.99972791327556,8.2875,11.212499999999999,1,1,1,1,599,80,80,599.0,80.0,599.0,599,80,20.097003172344557,12166.657129848913
4355,0,1260,0,0,681852,682426,2465.157863,2467.159997,2.0021340000002965,9.979501107806776,8.2875,11.212499999999999,1,1,1,1,574,80,79,574.0,80.0,574.0,574,79,19.980298470982234,12236.443714554756
4355,0,1261,0,0,682426,683018,2467.159997,2469.163737,2.0037399999996524,9.92043377685606,8.2875,11.212499999999999,1,1,1,1,592,80,80,593.0,81.0,592.0,592,81,19.877969976034365,11852.336131436274
4355,0,1262,0,0,683018,683572,2469.163737,2471.166016,2.0022790000002715,9.869923956307138,8.2875,11.212499999999999,1,1,1,1,554,80,80,554.0,80.0,554.0,554,80,19.76234146931165,12025.297173868745
4355,0,1263,0,0,683572,684146,2471.166016,2473.168083,2.0020669999998972,10.099325877653126,8.2875,11.212499999999999,1,1,1,1,574,80,80,574.0,79.0,574.0,574,79,20.21952706189404,12145.447679823526
4355,0,1264,0,0,684146,684733,2473.168083,2475.170568,2.0024849999999788,9.857740811694068,8.2875,11.212499999999999,1,1,1,1,587,80,80,587.0,81.0,587.0,587,81,19.739978109304502,11869.751833347193
4355,0,1265,0,0,684733,685346,2475.170568,2477.172844,2.0022760000001654,9.972978434400382,8.2875,11.212499999999999,1,1,1,1,613,80,80,613.0,80.0,613.0,613,80,19.968655367720203,12009.83281026093
4355,0,1266,0,0,685346,685901,2477.172844,2479.173471,2.000626999999895,9.833124101725698,8.2875,11.212499999999999,1,1,1,1,555,80,80,555.0,79.0,555.0,555,79,19.672413572261576,12010.734634692655
4355,0,1267,0,0,685901,686493,2479.173471,2481.177399,2.003928000000087,9.797326956390522,8.2875,11.212499999999999,1,1,1,1,592,80,80,592.0,81.0,592.0,592,81,19.63313781306715,11991.947814491816
4355,0,1268,0,0,686493,687081,2481.177399,2483.179675,2.0022759999997106,9.859686499938377,8.2875,11.212499999999999,1,1,1,1,588,80,80,588.0,80.0,588.0,588,80,19.74181364634933,12026.314054607597
4355,0,1269,0,0,687081,687666,2483.179675,2485.181954,2.0022790000002715,9.845152766593502,8.2875,11.212499999999999,1,1,1,1,585,80,80,585.0,80.0,585.0,585,80,19.712742636344046,11840.507741427036
4355,0,1270,0,0,687666,688235,2485.181954,2487.182206,2.0002519999998185,9.871032139708491,8.2875,11.212499999999999,1,1,1,1,569,80,80,569.0,79.0,569.0,569,79,19.74455177951313,12086.977040893944
4355,0,1271,0,0,688235,688815,2487.182206,2489.185566,2.003360000000157,9.92633610503539,8.2875,11.212499999999999,1,1,1,1,580,80,80,580.0,80.0,580.0,580,80,19.886024699386326,12087.193514894028
4355,0,1272,0,0,688815,689000,2489.185566,2489.837254,0.6516879999999219,9.803007046408611,8.2875,11.212499999999999,1,1,1,1,185,26,26,185.0,27.0,185.0,185,27,6.388502056059224,12214.43390088655
4355,0,1273,0,0,689000,689573,2489.837254,2491.8376,2.0003459999998086,9.885996104565011,8.2875,11.212499999999999,1,1,1,1,573,80,80,575.0,79.0,573.0,573,79,19.775412763781787,11846.450564053554
4355,0,1274,0,0,689573,690118,2491.8376,2493.838409,2.0008090000001175,9.89229364646295,8.2875,11.212499999999999,1,1,1,1,545,80,80,545.0,80.0,545.0,545,80,19.792590158485837,11799.72701042359
4355,0,1275,0,0,690118,690738,2493.838409,2495.83917,2.0007610000002387,9.935075569067305,8.2875,11.212499999999999,1,1,1,1,620,80,80,621.0,80.0,620.0,620,80,19.877711730645387,12368.793674005565
4355,0,1276,0,0,690738,691333,2495.83917,2497.846354,2.0071839999995973,9.994692550657811,8.2875,11.212499999999999,1,1,1,1,595,80,80,595.0,81.0,595.0,595,81,20.06118697259444,11874.347344341517
4355,0,1277,0,0,691333,691903,2497.846354,2499.848207,2.00185300000021,9.992586594319063,8.2875,11.212499999999999,1,1,1,1,570,80,80,570.0,79.0,570.0,570,79,20.003689451597893,12202.694203818879
4355,0,1278,0,0,691903,692501,2499.848207,2501.848708,2.0005009999999857,9.955509757341023,8.2875,11.212499999999999,1,1,1,1,598,80,80,598.0,80.0,598.0,598,80,19.916007225070643,11942.008526864107
4355,0,1279,0,0,692501,693050,2501.848708,2503.849225,2.0005169999999453,9.868187364855395,8.2875,11.212499999999999,1,1,1,1,549,80,80,549.0,80.0,549.0,549,80,19.74147658257789,12004.896734194539
4355,0,1280,0,0,693050,693615,2503.849225,2505.855461,2.0062360000001718,9.919860123295301,8.2875,11.212499999999999,1,1,1,1,565,80,80,565.0,81.0,565.0,565,81,19.901580494322843,12128.682767131044
4355,0,1281,0,0,693615,694172,2505.855461,2507.856601,2.0011399999998503,9.883347239182864,8.2875,11.212499999999999,1,1,1,1,557,80,80,557.0,79.0,557.0,557,79,19.77796149421556,12026.6448124578
4355,0,1282,0,0,694172,694735,2507.856601,2509.857378,2.0007770000001983,9.917551058869163,8.2875,11.212499999999999,1,1,1,1,563,80,80,563.0,80.0,563.0,563,80,19.842808054912894,11747.935926891238
4355,0,1283,0,0,694735,695341,2509.857378,2511.857504,2.0001259999999093,9.939836003211266,8.2875,11.212499999999999,1,1,1,1,606,80,80,606.0,80.0,606.0,606,80,19.880924425757257,12155.234220244676
4355,0,1284,0,0,695341,695889,2511.857504,2513.859991,2.0024869999997463,9.939998348795157,8.2875,11.212499999999999,1,1,1,1,548,80,80,549.0,80.0,548.0,548,80,19.90471747348056,11829.290277541377
4355,0,1285,0,0,695889,696466,2513.859991,2515.86189,2.0018990000003214,9.929588853454394,8.2875,11.212499999999999,1,1,1,1,577,80,80,577.0,80.0,577.0,577,80,19.87803399614495,11924.177992993737
4355,0,1286,0,0,696466,697080,2515.86189,2517.863742,2.0018519999998716,9.967710913969587,8.2875,11.212499999999999,1,1,1,1,614,80,80,614.0,80.0,614.0,614,80,19.953882028548833,11894.985243665129
4355,0,1287,0,0,697080,697685,2517.863742,2519.865927,2.0021849999998267,9.838111830264014,8.2875,11.212499999999999,1,1,1,1,605,80,80,605.0,80.0,605.0,605,80,19.69771993487666,12153.722058651976
4355,0,1288,0,0,697685,698262,2519.865927,2521.869028,2.0031010000002425,9.89862023865712,8.2875,11.212499999999999,1,1,1,1,577,80,80,577.0,80.0,577.0,577,80,19.827936098678038,12036.3376584591
4355,0,1289,0,0,698262,698826,2521.869028,2523.870328,2.001299999999901,9.867160936409839,8.2875,11.212499999999999,1,1,1,1,564,80,80,564.0,80.0,564.0,564,80,19.747149182036082,11842.302503373394
4355,0,1290,0,0,698826,699436,2523.870328,2525.870549,2.000221000000238,9.923276012072657,8.2875,11.212499999999999,1,1,1,1,610,80,80,610.0,80.0,610.0,610,80,19.848745068145945,11827.193095161578
4355,0,1291,0,0,699436,700025,2525.870549,2527.870905,2.0003560000000107,9.908763211285153,8.2875,11.212499999999999,1,1,1,1,589,80,80,589.0,80.0,589.0,589,80,19.821053942272556,11966.369986142403
4355,0,1292,0,0,700025,700597,2527.870905,2529.878938,2.008032999999614,9.868136469353797,8.2875,11.212499999999999,1,1,1,1,572,80,80,572.0,80.0,572.0,572,80,19.815543678963877,11803.092877459962
4355,0,1293,0,0,700597,701158,2529.878938,2531.878915,1.9999769999999444,9.904352605015111,8.2875,11.212499999999999,1,1,1,1,561,80,80,561.0,80.0,561.0,561,80,19.80847740991885,11976.637731334244
4355,0,1294,0,0,701158,701762,2531.878915,2533.881977,2.0030620000002273,9.934963116221526,8.2875,11.212499999999999,1,1,1,1,604,80,80,604.0,80.0,604.0,604,80,19.900347089507704,11948.706530300751
4355,0,1295,0,0,701762,702000,2533.881977,2534.654084,0.772106999999778,9.848148778662331,8.2875,11.212499999999999,1,1,1,1,238,31,31,238.0,31.0,238.0,238,31,7.603824609042931,11831.261729271495
4355,0,1296,0,0,702000,702591,2534.654084,2536.656254,2.0021700000002056,9.921609266199004,8.2875,11.212499999999999,1,1,1,1,591,80,80,591.0,80.0,591.0,591,80,19.864748424508434,11640.869656421586
4355,0,1297,0,0,702591,703173,2536.656254,2538.664181,2.007927000000109,9.976949937799814,8.2875,11.212499999999999,1,1,1,1,582,80,80,582.0,80.0,582.0,582,80,20.032987157755997,11993.463905808674
4355,0,1298,0,0,703173,703767,2538.664181,2540.667869,2.0036879999997836,9.856929700137691,8.2875,11.212499999999999,1,1,1,1,594,80,80,595.0,80.0,594.0,594,80,19.75021175700749,12148.59798531639
4355,0,1299,0,0,703767,704372,2540.667869,2542.671205,2.0033360000002176,9.927701035642626,8.2875,11.212499999999999,1,1,1,1,605,80,80,605.0,80.0,605.0,605,80,19.888520881941076,12146.240071559318
4355,0,1300,0,0,704372,704948,2542.671205,2544.674602,2.00339699999995,10.007970051125158,8.2875,11.212499999999999,1,1,1,1,576,80,80,577.0,81.0,576.0,576,81,20.049937176514504,12292.121831070235
4355,0,1301,0,0,704948,705517,2544.674602,2546.676879,2.002277000000049,9.903343538900156,8.2875,11.212499999999999,1,1,1,1,569,80,80,569.0,80.0,569.0,569,80,19.82923699103776,11994.344438856067
4355,0,1302,0,0,705517,706105,2546.676879,2548.677137,2.0002580000000307,9.944558272228642,8.2875,11.212499999999999,1,1,1,1,588,80,80,588.0,79.0,588.0,588,79,19.891682240493537,11989.953296024629
4355,0,1303,0,0,706105,706659,2548.677137,2550.677861,2.000723999999991,9.963327288025686,8.2875,11.212499999999999,1,1,1,1,554,80,80,554.0,80.0,554.0,554,80,19.93386802500754,11936.678922230207
4355,0,1304,0,0,706659,707286,2550.677861,2552.68371,2.005848999999671,9.976126283258482,8.2875,11.212499999999999,1,1,1,1,627,80,80,627.0,81.0,627.0,627,81,20.010602929145534,12036.299841116635
4355,0,1305,0,0,707286,707897,2552.68371,2554.685988,2.0022780000003877,9.918066104928213,8.2875,11.212499999999999,1,1,1,1,611,80,80,611.0,80.0,611.0,611,80,19.858725564448832,12098.22012727269
4355,0,1306,0,0,707897,708457,2554.685988,2556.686395,2.0004069999999956,9.824443805450123,8.2875,11.212499999999999,1,1,1,1,560,80,80,560.0,79.0,560.0,560,79,19.65288615952886,11800.098679918663
4355,0,1307,0,0,708457,709015,2556.686395,2558.69054,2.0041449999998804,9.880721675776943,8.2875,11.212499999999999,1,1,1,1,558,80,80,558.0,81.0,558.0,558,81,19.802398942898435,11589.979766933722
4355,0,1308,0,0,709015,709543,2558.69054,2560.692817,2.002277000000049,8.383868917670084,8.2875,11.212499999999999,1,1,1,1,528,80,80,528.0,80.0,528.0,528,80,16.786827904867096,10228.35501781197
4355,0,1309,0,0,709543,709623,2560.692817,2562.695094,2.002277000000049,1.0089163379645871,8.2875,11.212499999999999,1,0,0,0,80,80,80,80.0,80.0,80.0,80,80,2.020129978431214,459.4768855657721
4355,0,1310,0,0,709623,709704,2562.695094,2564.69737,2.0022759999997106,1.0121432504819559,8.2875,11.212499999999999,1,0,0,0,81,80,80,81.0,80.0,81.0,81,80,2.0265901390012004,465.47029480457974
4355,0,1311,0,0,709704,709786,2564.69737,2566.699646,2.0022760000001654,1.0080320594745709,8.2875,11.212499999999999,1,0,0,0,82,80,80,82.0,80.0,82.0,82,80,2.018358399916906,472.9617695062628
4355,0,1312,0,0,709786,709866,2566.699646,2568.701925,2.0022789999998167,1.0068859493345186,8.2875,11.212499999999999,1,0,0,0,80,80,80,80.0,80.0,80.0,80,80,2.016066591746494,466.9678900892861
4355,0,1313,0,0,709866,709946,2568.701925,2570.704201,2.0022760000001654,1.0081881806520592,8.2875,11.212499999999999,1,0,0,0,80,80,80,80.0,80.0,80.0,80,80,2.018670997604204,415.0276984790965
4355,0,1314,0,0,709946,710026,2570.704201,2572.706478,2.002277000000049,1.0076153288019474,8.2875,11.212499999999999,1,0,0,0,80,80,80,80.0,80.0,80.0,80,80,2.017524997707369,439.4996296716081
4355,0,1315,0,0,710026,710106,2572.706478,2574.708755,2.002277000000049,1.010165306760721,8.2875,11.212499999999999,1,0,0,0,80,80,80,80.0,80.0,80.0,80,80,2.02263075992596,453.48370879752287
4355,0,1316,0,0,710106,710186,2574.708755,2576.711034,2.0022789999998167,1.0124542629886355,8.2875,11.212499999999999,1,0,0,0,80,80,80,80.0,80.0,80.0,80,80,2.0272159092419315,453.98268672851447
4355,0,1317,0,0,710186,710266,2576.711034,2578.713309,2.0022750000002816,1.0130283473902912,8.2875,11.212499999999999,1,0,0,0,80,80,80,80.0,80.0,80.0,80,80,2.028361334272631,458.9779126243252
4355,0,1318,0,0,710266,710346,2578.713309,2580.715584,2.002274999999827,1.0140171153417272,8.2875,11.212499999999999,1,0,0,0,80,80,80,80.0,80.0,80.0,80,80,2.0303411196218804,455.4818893509028
4355,0,1319,0,0,710346,710426,2580.715584,2582.717862,2.002277999999933,1.0107373417006011,8.2875,11.212499999999999,1,0,0,0,80,80,80,80.0,80.0,80.0,80,80,2.023777143065672,465.9692610117233
4355,0,1320,0,0,710426,710507,2582.717862,2584.72014,2.002277999999933,1.009228171825666,8.2875,11.212499999999999,1,0,0,0,81,80,80,81.0,80.0,81.0,81,80,2.0207553654254298,446.99087739066704
4355,0,1321,0,0,710507,710587,2584.72014,2586.722415,2.0022750000002816,1.0107906093953578,8.2875,11.212499999999999,1,0,0,0,80,80,80,80.0,80.0,80.0,80,80,2.0238807674286363,451.98586607727344
4355,0,1322,0,0,710587,710667,2586.722415,2588.724693,2.002277999999933,1.0098526559118461,8.2875,11.212499999999999,1,0,0,0,80,80,80,80.0,80.0,80.0,80,80,2.0220057561746216,431.5085118050685
4355,0,1323,0,0,710667,710747,2588.724693,2590.72697,2.002277000000049,1.0094887819961487,8.2875,11.212499999999999,1,0,0,0,80,80,80,80.0,80.0,80.0,80,80,2.0212761699476687,445.49280643985725
4355,0,1324,0,0,710747,710827,2590.72697,2592.729246,2.0022759999997106,1.0099055136046193,8.2875,11.212499999999999,1,0,0,0,80,80,80,80.0,80.0,80.0,80,80,2.0221095721572055,450.98677704778487
4355,0,1325,0,0,710827,710907,2592.729246,2594.731523,2.002277000000049,1.009436741629643,8.2875,11.212499999999999,1,0,0,0,80,80,80,80.0,80.0,80.0,80,80,2.0211719707185694,476.45755307581146
4355,0,1326,0,0,710907,710989,2594.731523,2596.733802,2.0022790000002715,1.0090196022298357,8.2875,11.212499999999999,1,0,0,0,82,80,80,82.0,80.0,82.0,82,80,2.02033876013229,449.98723954048256
4355,0,1327,0,0,710989,711069,2596.733802,2598.736077,2.002274999999827,1.0080324672157421,8.2875,11.212499999999999,1,0,0,0,80,80,80,80.0,80.0,80.0,80,80,2.018358208293648,460.47620831308376
4355,0,1328,0,0,711069,711149,2598.736077,2600.738354,2.002277000000049,1.0077714499014643,8.2875,11.212499999999999,1,0,0,0,80,80,80,80.0,80.0,80.0,80,80,2.017837595394667,454.98200298958517
4355,0,1329,0,0,711149,711229,2600.738354,2602.74063,2.0022759999997106,1.007927978689764,8.2875,11.212499999999999,1,0,0,0,80,80,80,80.0,80.0,80.0,80,80,2.0181500014587073,446.99132387349664
4355,0,1330,0,0,711229,711309,2602.74063,2604.742908,2.0022780000003877,1.008967970122905,8.2875,11.212499999999999,1,0,0,0,80,80,80,80.0,80.0,80.0,80,80,2.020234369283571,421.5198888465221
4355,0,1331,0,0,711309,711389,2604.742908,2606.745183,2.002274999999827,1.0098538818627811,8.2875,11.212499999999999,1,0,0,0,80,80,80,80.0,80.0,80.0,80,80,2.0220051813048485,469.96541434122753
4355,0,1332,0,0,711389,711471,2606.745183,2608.747462,2.0022789999998167,1.0090196022300213,8.2875,11.212499999999999,1,0,0,0,82,80,80,82.0,80.0,82.0,82,80,2.02033876013229,444.9929305556726
4355,0,1333,0,0,711471,711552,2608.747462,2610.749737,2.0022750000002816,1.009905922281082,8.2875,11.212499999999999,1,0,0,0,81,80,80,81.0,80.0,81.0,81,80,2.022109380533948,420.02222471932265
4355,0,1334,0,0,711552,711633,2610.749737,2612.752014,2.002277000000049,1.0090204186975982,8.2875,11.212499999999999,1,0,0,0,81,80,80,81.0,80.0,81.0,81,80,2.0203383768894128,429.01157032717197
4355,0,1335,0,0,711633,711713,2612.752014,2614.754292,2.002277999999933,1.0107373417006011,8.2875,11.212499999999999,1,0,0,0,80,80,80,80.0,80.0,80.0,80,80,2.023777143065672,467.46755445549087
4355,0,1336,0,0,711713,711899,2614.754292,2616.756569,2.002277000000049,2.272404396353687,8.2875,11.212499999999999,1,0,0,1,186,80,80,186.0,80.0,186.0,186,80,4.549983057517238,2625.01142449315
4355,0,1337,0,0,711899,712123,2616.756569,2618.758846,2.002277000000049,2.749822718675925,8.2875,11.212499999999999,1,0,0,1,224,80,80,224.0,80.0,224.0,224,80,5.5059067836809845,3514.498743180802
4355,0,1338,0,0,712123,712310,2618.758846,2620.761121,2.002274999999827,2.7833913438939035,8.2875,11.212499999999999,1,0,0,1,187,80,80,187.0,80.0,187.0,187,80,5.5731149030943925,3452.5726985556917
4355,0,1339,0,0,712310,712562,2620.761121,2622.761971,2.0008499999999003,3.8948000163389733,8.2875,11.212499999999999,1,0,0,1,252,80,80,252.0,79.0,252.0,252,79,7.792910612690321,4846.440262888514
4355,0,1340,0,0,712562,712867,2622.761971,2624.764156,2.0021850000002814,4.887908798596964,8.2875,11.212499999999999,1,0,0,1,305,80,80,305.0,80.0,305.0,305,80,9.786497677920124,6093.842477092919
4355,0,1341,0,0,712867,713297,2624.764156,2626.767951,2.003794999999627,6.715972655547834,8.2875,11.212499999999999,1,0,0,1,430,80,80,430.0,81.0,430.0,430,81,13.457432427319873,8121.090231287645
4355,0,1342,0,0,713297,713775,2626.767951,2628.769783,2.001832000000377,8.50582589011641,8.2875,11.212499999999999,1,1,0,1,478,80,80,478.0,79.0,478.0,478,79,17.027234453267738,10048.295761080957
4355,0,1343,0,0,713775,714328,2628.769783,2630.772505,2.0027219999997214,8.819923028491841,8.2875,11.212499999999999,1,1,1,1,553,80,80,553.0,81.0,553.0,553,81,17.66385388746494,10673.972723125313
4355,0,1344,0,0,714328,714862,2630.772505,2632.774783,2.002277999999933,9.027707919059148,8.2875,11.212499999999999,1,1,1,1,534,80,80,534.0,80.0,534.0,534,80,18.07598095675712,10898.087078817593
4355,0,1345,0,0,714862,715000,2632.774783,2633.219873,0.44509000000016385,9.491805644483017,8.2875,11.212499999999999,1,1,1,1,138,18,18,138.0,17.0,138.0,138,17,4.224707774304989,11554.96641128335
4355,0,1346,0,0,715000,715532,2633.219873,2635.223319,2.0034460000001673,9.522580672795605,8.2875,11.212499999999999,1,1,1,1,532,79,79,535.0,80.0,532.0,532,79,19.0779761585909,11380.890725279392
4355,0,1347,0,0,715532,716051,2635.223319,2637.229849,2.006529999999657,9.447844497106885,8.2875,11.212499999999999,1,1,1,1,519,80,80,519.0,81.0,519.0,519,81,18.957383418775862,11229.336217252598
4355,0,1348,0,0,716051,716632,2637.229849,2639.232125,2.0022760000001654,9.706687745997389,8.2875,11.212499999999999,1,1,1,1,581,80,80,581.0,80.0,581.0,581,80,19.43546791330664,11887.47205679838
4355,0,1349,0,0,716632,717176,2639.232125,2641.234401,2.0022760000001654,9.86379769094338,8.2875,11.212499999999999,1,1,1,1,544,80,80,544.0,80.0,544.0,544,80,19.750045385433623,11957.392487348408
4355,0,1350,0,0,717176,717744,2641.234401,2643.236679,2.002277999999933,9.816639481266671,8.2875,11.212499999999999,1,1,1,1,568,80,80,568.0,80.0,568.0,568,80,19.655641267272586,11945.893627159066
4355,0,1351,0,0,717744,718322,2643.236679,2645.238956,2.002277000000049,9.786981279393668,8.2875,11.212499999999999,1,1,1,1,578,80,80,578.0,80.0,578.0,578,80,19.59624751516094,11945.400161915366
4355,0,1352,0,0,718322,718882,2645.238956,2647.240098,2.0011420000000726,9.856990192412432,8.2875,11.212499999999999,1,1,1,1,560,80,80,560.0,79.0,560.0,560,79,19.72523706762513,11507.928972556252
4355,0,1353,0,0,718882,719501,2647.240098,2649.243509,2.003410999999687,9.802510370663951,8.2875,11.212499999999999,1,1,1,1,619,80,80,619.0,81.0,619.0,619,81,19.638457104199915,11778.911067176772
4355,0,1354,0,0,719501,720109,2649.243509,2651.245787,2.002277999999933,9.866129845096443,8.2875,11.212499999999999,1,1,1,1,608,80,80,608.0,80.0,608.0,608,80,19.754734733978694,11723.646766333539
4355,0,1355,0,0,720109,720700,2651.245787,2653.248063,2.0022760000001654,9.832521415053172,8.2875,11.212499999999999,1,1,1,1,591,80,80,591.0,80.0,591.0,591,80,19.68742164885043,11688.698261377585
4355,0,1356,0,0,720700,721254,2653.248063,2655.248057,1.9999939999997878,9.758755386822557,8.2875,11.212499999999999,1,1,1,1,554,80,80,554.0,79.0,554.0,554,79,19.517452221109124,11744.535233606946
4355,0,1357,0,0,721254,721829,2655.248057,2657.248734,2.000676999999996,9.825539585901563,8.2875,11.212499999999999,1,1,1,1,575,80,80,575.0,80.0,575.0,575,80,19.657731062103267,11929.461877154607
4355,0,1358,0,0,721829,722469,2657.248734,2659.251429,2.0026950000001307,9.874417266652527,8.2875,11.212499999999999,1,1,1,1,640,80,80,640.0,80.0,640.0,640,80,19.775446087838645,12034.7831297319
4355,0,1359,0,0,722469,723067,2659.251429,2661.252136,2.0007070000001477,9.886278055400874,8.2875,11.212499999999999,1,1,1,1,598,80,80,598.0,80.0,598.0,598,80,19.779545709388913,11870.303847589
4355,0,1360,0,0,723067,723639,2661.252136,2663.259037,2.0069009999997434,9.790729484445318,8.2875,11.212499999999999,1,1,1,1,572,80,80,572.0,80.0,572.0,572,80,19.649024793059652,12054.904551845404
4355,0,1361,0,0,723639,724233,2663.259037,2665.261725,2.0026880000000347,9.840423695935428,8.2875,11.212499999999999,1,1,1,1,594,80,80,594.0,81.0,594.0,594,81,19.707298450764938,11683.796976862894
4355,0,1362,0,0,724233,724822,2665.261725,2667.263224,2.001498999999967,9.716004124628453,8.2875,11.212499999999999,1,1,1,1,589,80,80,589.0,79.0,589.0,589,79,19.44657253944024,11966.531084952025
4355,0,1363,0,0,724822,725395,2667.263224,2669.265381,2.002157000000352,9.81836612413301,8.2875,11.212499999999999,1,1,1,1,573,80,80,573.0,80.0,573.0,573,80,19.65791046400045,11837.23354362112
4355,0,1364,0,0,725395,726021,2669.265381,2671.268557,2.003175999999712,9.803065672424214,8.2875,11.212499999999999,1,1,1,1,626,80,80,626.0,81.0,626.0,626,81,19.637265881421627,11630.530717222724
4355,0,1365,0,0,726021,726565,2671.268557,2673.270181,2.0016239999999925,9.899848503175924,8.2875,11.212499999999999,1,1,1,1,544,80,80,544.0,79.0,544.0,544,79,19.815774360322393,11991.762688696823
4355,0,1366,0,0,726565,727140,2673.270181,2675.271059,2.0008780000002844,9.840611441930939,8.2875,11.212499999999999,1,1,1,1,575,80,80,575.0,80.0,575.0,575,80,19.689862940711464,11659.881312102329
4355,0,1367,0,0,727140,727720,2675.271059,2677.274224,2.003164999999626,9.758227524450442,8.2875,11.212499999999999,1,1,1,1,580,80,80,580.0,80.0,580.0,580,80,19.547339839013148,11609.12855406536
4355,0,1368,0,0,727720,728000,2677.274224,2678.317151,1.042927000000418,9.912802076487084,8.2875,11.212499999999999,1,1,1,1,280,42,42,280.0,42.0,280.0,280,42,10.338328931229626,11948.103750305636
4355,0,1369,0,0,728000,728546,2678.317151,2680.321648,2.004496999999901,9.814405685029003,8.2875,11.212499999999999,1,1,1,1,546,80,80,547.0,80.0,546.0,546,80,19.67294675242374,11808.947581363887
4355,0,1370,0,0,728546,729108,2680.321648,2682.321937,2.000289000000066,9.761772265993317,8.2875,11.212499999999999,1,1,1,1,562,80,80,562.0,80.0,562.0,562,80,19.52636568417074,11905.779614845262
4355,0,1371,0,0,729108,729706,2682.321937,2684.333183,2.0112460000000283,9.7887984425624,8.2875,11.212499999999999,1,1,1,1,598,80,80,598.0,80.0,598.0,598,80,19.687681712410267,12139.241047589234
4355,0,1372,0,0,729706,730320,2684.333183,2686.334052,2.000868999999966,9.70733775677454,8.2875,11.212499999999999,1,1,1,1,614,80,80,614.0,80.0,614.0,614,80,19.42311119005899,11729.403574147233
4355,0,1373,0,0,730320,730949,2686.334052,2688.337117,2.0030649999998786,9.804170510121352,8.2875,11.212499999999999,1,1,1,1,629,80,80,630.0,80.0,629.0,629,80,19.6383908028547,12026.070047652702
4355,0,1374,0,0,730949,731444,2688.337117,2690.004405,1.6672880000000987,9.791357136357215,8.2875,11.212499999999999,1,1,1,1,495,67,67,495.0,67.0,495.0,495,67,16.325012257162598,11822.792462969104
