run,component,index,segment_start,segment_end,ev_start,ev_end,t_start,t_end,dt,current,low,high,covered,nominal,stable,beam2,N,E_raw,E_tight,S,D,A,N_alt,E_alt,charge_uC,s1x_rate
4487,0,0,0,0,1,370,0.009254,2.011514,2.00226,5.996045982055073,33.7875,45.7125,1,0,0,1,369,80,80,369.0,80.0,369.0,369,80,12.005643028029592,7459.071249488078
4487,0,1,0,0,370,813,2.011514,4.013791,2.0022770000000003,7.695010586235837,33.7875,45.7125,1,0,0,1,443,80,80,443.0,80.0,443.0,443,80,15.407542711576532,9114.123570315194
4487,0,2,0,0,813,1506,4.013791,6.015623,2.0018319999999994,11.513907207439585,33.7875,45.7125,1,0,0,1,693,80,80,693.0,79.0,693.0,693,79,23.048907892883193,13814.346059009951
4487,0,3,0,0,1506,2231,6.015623,8.015624,2.000001000000001,13.251738807026285,33.7875,45.7125,1,0,0,1,725,80,80,725.0,80.0,725.0,725,80,26.5034908657914,15730.492134753924
4487,0,4,0,0,2231,2805,8.015624,10.020621,2.0049969999999995,10.20058394017105,33.7875,45.7125,1,0,0,1,574,80,80,574.0,81.0,574.0,574,81,20.452140198291133,11894.780889946473
4487,0,5,0,0,2805,2886,10.020621,12.022899,2.0022780000000004,0.9630683897888276,33.7875,45.7125,1,0,0,0,81,80,80,81.0,80.0,81.0,81,80,1.9283306493695989,477.95560856184795
4487,0,6,0,0,2886,2966,12.022899,14.025173,2.002274,0.9643189015960272,33.7875,45.7125,1,0,0,0,80,80,80,80.0,80.0,80.0,80,80,1.9308306643742839,515.9134064568585
4487,0,7,0,0,2966,3046,14.025173,16.02745,2.002277000000001,0.9619238870100622,33.7875,45.7125,1,0,0,0,80,80,80,80.0,80.0,80.0,80,80,1.9260380747108456,502.9274171355908
4487,0,8,0,0,3046,3126,16.02745,18.029728,2.002277999999997,0.9580204767588735,33.7875,45.7125,1,0,0,0,80,80,80,80.0,80.0,80.0,80,80,1.9182233241638045,500.43001021836204
4487,0,9,0,0,3126,3207,18.029728,20.032005,2.002277000000003,0.962236129209095,33.7875,45.7125,1,0,0,0,81,80,80,81.0,80.0,81.0,81,80,1.9266632700844042,489.9422008043835
4487,0,10,0,0,3207,3288,20.032005,22.034282,2.0022769999999994,0.9615596044445237,33.7875,45.7125,1,0,0,0,81,80,80,81.0,80.0,81.0,81,80,1.9253086801083725,501.92855434088307
4487,0,11,0,0,3288,3368,22.034282,24.036558,2.0022759999999984,0.9560437073709427,33.7875,45.7125,1,0,0,0,80,80,80,80.0,80.0,80.0,80,80,1.9142633702198566,503.9265316070316
4487,0,12,0,0,3368,3448,24.036558,26.038836,2.0022780000000004,0.9558868227977567,33.7875,45.7125,1,0,0,0,80,80,80,80.0,80.0,80.0,80,80,1.913951155777852,520.9066872831843
4487,0,13,0,0,3448,3528,26.038836,28.041112,2.0022759999999984,0.9560957477634389,33.7875,45.7125,1,0,0,0,80,80,80,80.0,80.0,80.0,80,80,1.9143675694487854,529.8969772399014
4487,0,14,0,0,3528,3634,28.041112,30.043389,2.002277000000003,1.2598549852545429,33.7875,45.7125,1,0,0,0,106,80,80,106.0,80.0,106.0,106,80,2.522578660310515,1177.159803563641
4487,0,15,0,0,3634,3796,30.043389,32.045665,2.0022759999999984,1.9755149963713508,33.7875,45.7125,1,0,0,0,162,80,80,162.0,80.0,162.0,162,80,3.955526264874436,2520.132089681944
4487,0,16,0,0,3796,3996,32.045665,34.047941,2.002276000000002,2.078138650373839,33.7875,45.7125,1,0,0,1,200,80,80,200.0,80.0,200.0,200,80,4.161007144315931,2675.455331832372
4487,0,17,0,0,3996,4256,34.047941,36.048389,2.0004479999999987,3.4267526674837616,33.7875,45.7125,1,0,0,1,260,80,80,260.0,79.0,260.0,260,79,6.855040520162547,4389.516748248395
4487,0,18,0,0,4256,4584,36.048389,38.048794,2.0004050000000007,4.722173112606986,33.7875,45.7125,1,0,0,1,328,80,80,328.0,80.0,328.0,328,80,9.446258705324567,5739.337784098718
4487,0,19,0,0,4584,5007,38.048794,40.04939,2.0005960000000016,6.978648509248354,33.7875,45.7125,1,0,0,1,423,80,80,423.0,80.0,423.0,423,80,13.96145629300824,8320.020633851105
4487,0,20,0,0,5007,5606,40.04939,42.051194,2.001804,10.14752701586666,33.7875,45.7125,1,0,0,1,599,80,80,599.0,80.0,599.0,599,80,20.313360170469934,12465.25633878242
4487,0,21,0,0,5606,6283,42.051194,44.054777,2.003582999999999,11.9128869437842,33.7875,45.7125,1,0,0,1,677,80,80,677.0,80.0,677.0,677,80,23.868457761487974,14475.0679158288
4487,0,22,0,0,6283,7112,44.054777,46.055817,2.001039999999996,14.66221583532427,33.7875,45.7125,1,0,0,1,829,80,80,830.0,80.0,829.0,829,80,29.33968037511721,17695.298444808734
4487,0,23,0,0,7112,8033,46.055817,48.055962,2.0001450000000034,16.723142404675375,33.7875,45.7125,1,0,0,1,921,80,80,922.0,80.0,921.0,921,80,33.448709664999484,19896.557499581246
4487,0,24,0,0,8033,8963,48.055962,50.060478,2.0045160000000024,18.144364240611885,33.7875,45.7125,1,0,0,1,930,80,80,930.0,80.0,930.0,930,80,36.3706684301344,21540.361862913516
4487,0,25,0,0,8963,10047,50.060478,52.062027,2.001548999999997,20.100606333338487,33.7875,45.7125,1,0,0,1,1084,80,80,1084.0,80.0,1084.0,1084,80,40.23234850588727,23484.811013869792
4487,0,26,0,0,10047,11236,52.062027,54.065203,2.0031759999999963,22.12329483404095,33.7875,45.7125,1,0,0,1,1189,80,80,1189.0,80.0,1189.0,1189,80,44.31685325247474,26095.061043063663
4487,0,27,0,0,11236,12460,54.065203,56.067568,2.0023650000000046,23.659755445104626,33.7875,45.7125,1,0,0,1,1224,80,80,1224.0,80.0,1224.0,1224,80,47.37546621183702,27299.21867391803
4487,0,28,0,0,12460,13000,56.067568,56.829454,0.761885999999997,25.83858873066335,33.7875,45.7125,1,0,0,1,540,31,31,540.0,31.0,540.0,540,31,19.686059013650095,31058.452314388367
4487,0,29,0,0,13000,14410,56.829454,58.829695,2.0002410000000026,25.588999634796867,33.7875,45.7125,1,0,0,1,1410,80,80,1411.0,80.0,1410.0,1410,80,51.184166218505766,30165.865013265862
4487,0,30,0,0,14410,15842,58.829695,60.832738,2.003042999999998,29.078378695028526,33.7875,45.7125,1,0,0,1,1432,71,71,1603.0,80.0,1432.0,1432,71,58.24524289642602,33570.92184241679
4487,0,31,0,0,15842,17396,60.832738,62.835158,2.0024200000000008,30.014242856796596,33.7875,45.7125,1,0,0,1,1554,80,80,1555.0,80.0,1554.0,1554,80,60.10112018130667,34192.626921425064
4487,0,32,0,0,17396,19016,62.835158,64.835588,2.0004300000000015,31.61698013243291,33.7875,45.7125,1,0,0,1,1620,80,80,1621.0,80.0,1620.0,1620,80,63.24755556632283,36868.57325674977
4487,0,33,0,0,19016,20828,64.835588,66.835688,2.0001000000000033,34.3567891887785,33.7875,45.7125,1,1,0,1,1812,80,80,1813.0,80.0,1812.0,1812,80,68.71701405647593,40203.98980050991
4487,0,34,0,0,20828,22713,66.835688,68.83703,2.001341999999994,35.74700823168734,33.7875,45.7125,1,1,1,1,1885,79,79,1885.0,79.0,1885.0,1885,79,71.54198894842136,41759.97905405486
4487,0,35,0,0,22713,24664,68.83703,70.837021,1.9999909999999943,37.63698209169825,33.7875,45.7125,1,1,1,1,1951,80,80,1952.0,80.0,1951.0,1951,80,75.27362545055746,43622.19629988347
4487,0,36,0,0,24664,26000,70.837021,72.163525,1.3265040000000141,38.827385972859425,33.7875,45.7125,1,1,1,1,1336,53,53,1336.0,53.0,1336.0,1336,53,51.50468280254245,45249.76931844861
4487,0,37,0,0,26000,28049,72.163525,74.163577,2.0000519999999966,39.191806668335644,33.7875,45.7125,1,1,1,1,2049,80,80,2055.0,80.0,2049.0,2049,80,78.38565131061796,45311.82189263087
4487,0,38,0,0,28049,30144,74.163577,76.163888,2.0003109999999964,39.26557139073852,33.7875,45.7125,1,1,1,1,2095,80,80,2095.0,80.0,2095.0,2095,80,78.54335437417944,45995.84764569118
4487,0,39,0,0,30144,32218,76.163888,78.165752,2.0018639999999976,39.98495075487431,33.7875,45.7125,1,1,1,1,2074,80,80,2074.0,80.0,2074.0,2074,80,80.04443345795562,46687.9867963059
4487,0,40,0,0,32218,34338,78.165752,80.166318,2.0005660000000063,40.07337533741563,33.7875,45.7125,1,1,1,1,2120,80,80,2123.0,80.0,2121.0,2120,80,80.16943220527241,46074.96078609739
4487,0,41,0,0,34338,36477,80.166318,82.167515,2.0011969999999906,40.089646092723875,33.7875,45.7125,1,1,1,1,2139,80,80,2138.0,80.0,2138.0,2139,80,80.22727949182035,46542.6442274301
4487,0,42,0,0,36477,38688,82.167515,84.167525,2.000010000000003,40.476145352418946,33.7875,45.7125,1,1,1,1,2211,80,80,2211.0,80.0,2211.0,2211,80,80.95269546629152,46904.26547867253
4487,0,43,0,0,38688,39000,84.167525,84.46813,0.30060500000000445,41.3413140486571,33.7875,45.7125,1,1,1,1,312,12,12,312.0,12.0,312.0,312,12,12.42740570959677,45877.48041449675
4487,0,44,0,0,39000,41070,84.46813,86.469782,2.001651999999993,40.3629318671265,33.7875,45.7125,1,1,1,1,2070,80,80,2070.0,80.0,2070.0,2070,80,80.7925432976972,46756.87881809642
4487,0,45,0,0,41070,43131,86.469782,88.471639,2.001857000000001,40.47796351852126,33.7875,45.7125,1,1,1,1,2061,80,80,2062.0,80.0,2061.0,2061,80,81.03109461529652,47263.615732792074
4487,0,46,0,0,43131,45223,88.471639,90.472514,2.0008750000000077,40.76332729912569,33.7875,45.7125,1,1,1,1,2092,80,80,2094.0,80.0,2092.0,2092,80,81.56232250963853,46963.953270444
4487,0,47,0,0,45223,47250,90.472514,92.473027,2.000512999999998,40.29965289661255,33.7875,45.7125,1,1,1,1,2027,80,80,2028.0,80.0,2027.0,2027,80,80.61997951516105,45358.86545101186
4487,0,48,0,0,47250,49300,92.473027,94.473191,2.000163999999998,40.46298929735551,33.7875,45.7125,1,1,1,1,2050,80,80,2050.0,80.0,2050.0,2050,80,80.93261452495562,45908.23552468702
4487,0,49,0,0,49300,51348,94.473191,96.474569,2.0013780000000025,40.36249628059612,33.7875,45.7125,1,1,1,1,2048,80,80,2051.0,80.0,2049.0,2048,80,80.78061208106692,45584.592215963145
4487,0,50,0,0,51348,52000,96.474569,97.144695,0.6701259999999962,40.11450319117504,33.7875,45.7125,1,1,1,1,652,26,26,654.0,27.0,651.0,652,27,26.881771565489316,45184.040016355386
4487,0,51,0,0,52000,54104,97.144695,99.145384,2.0006890000000084,40.22893924812188,33.7875,45.7125,1,1,1,1,2104,80,80,2105.0,79.0,2104.0,2104,79,80.48559623538608,46387.519499532216
4487,0,52,0,0,54104,56130,99.145384,101.145483,2.0000989999999916,40.06164006338408,33.7875,45.7125,1,1,1,1,2026,80,80,2026.0,80.0,2026.0,2026,80,80.12724622913424,44627.79092434943
4487,0,53,0,0,56130,58188,101.145483,103.147095,2.0016119999999944,40.29980784471785,33.7875,45.7125,1,1,1,1,2058,80,80,2060.0,80.0,2058.0,2058,80,80.66457897968121,48068.75658219489
4487,0,54,0,0,58188,60287,103.147095,105.147889,2.0007940000000133,40.22746307040242,33.7875,45.7125,1,1,1,1,2099,80,80,2099.0,80.0,2099.0,2099,80,80.48686674648343,46763.93471791668
4487,0,55,0,0,60287,62385,105.147889,107.14791,2.0000209999999896,39.86969904133939,33.7875,45.7125,1,1,1,1,2098,80,80,2098.0,80.0,2098.0,2098,80,79.74023534635808,46503.0117183772
4487,0,56,0,0,62385,64418,107.14791,109.148141,2.0002309999999994,40.082919907433414,33.7875,45.7125,1,1,1,1,2033,80,80,2036.0,80.0,2033.0,2033,80,80.17509896936554,45650.22739873546
4487,0,57,0,0,64418,65000,109.148141,109.725849,0.5777080000000012,40.027390106400766,33.7875,45.7125,1,1,1,1,582,23,23,583.0,23.0,582.0,582,23,23.124143483588796,45439.910819998935
4487,0,58,0,0,65000,67026,109.725849,111.726381,2.000532000000007,40.15952587850547,33.7875,45.7125,1,1,1,1,2026,79,79,2032.0,80.0,2026.0,2026,79,80.34041662477875,45653.856074284085
4487,0,59,0,0,67026,69108,111.726381,113.726456,2.0000749999999954,40.00069534357147,33.7875,45.7125,1,1,1,1,2082,80,80,2082.0,80.0,2082.0,2082,80,80.00439073929374,46750.24686574264
4487,0,60,0,0,69108,71242,113.726456,115.727438,2.0009820000000076,39.9942112270951,33.7875,45.7125,1,1,1,1,2134,80,80,2136.0,80.0,2134.0,2134,80,80.02769676961543,46425.20522423473
4487,0,61,0,0,71242,73280,115.727438,117.727466,2.0000280000000004,40.2151320747405,33.7875,45.7125,1,1,1,1,2038,80,80,2038.0,80.0,2038.0,2038,80,80.4313901731789,46309.35166907663
4487,0,62,0,0,73280,75332,117.727466,119.727792,2.000325999999987,39.602047498018,33.7875,45.7125,1,1,1,1,2052,80,80,2052.0,80.0,2052.0,2052,80,79.2170052635197,46515.91790538173
4487,0,63,0,0,75332,77468,119.727792,121.729992,2.002200000000002,39.67304433394597,33.7875,45.7125,1,1,1,1,2136,80,80,2137.0,80.0,2137.0,2136,80,79.43336936542664,46478.87323943657
4487,0,64,0,0,77468,78000,121.729992,122.241462,0.5114700000000028,39.4060376521417,33.7875,45.7125,1,1,1,1,532,20,20,534.0,20.0,531.0,532,20,20.155006077940925,46966.58650556215
4487,0,65,0,0,78000,80037,122.241462,124.241988,2.000526000000008,39.7628552436149,33.7875,45.7125,1,1,1,1,2037,80,80,2043.0,80.0,2037.0,2037,80,79.54662574908843,45419.554657125
4487,0,66,0,0,80037,82077,124.241988,126.242131,2.0001429999999942,39.69979056662095,33.7875,45.7125,1,1,1,1,2040,80,80,2040.0,80.0,2040.0,2040,80,79.40525820329276,45318.75970868096
4487,0,67,0,0,82077,84120,126.242131,128.242197,2.000066000000004,39.817646180956146,33.7875,45.7125,1,1,1,1,2043,80,80,2043.0,80.0,2043.0,2043,80,79.63792032656056,45733.99077830423
4487,0,68,0,0,84120,86202,128.242197,130.243262,2.0010649999999828,39.912890312917156,33.7875,45.7125,1,1,1,1,2082,80,80,2082.0,80.0,2082.0,2082,80,79.86828785401667,45192.43502834779
4487,0,69,0,0,86202,88271,130.243262,132.244384,2.0011220000000094,39.78127046167323,33.7875,45.7125,1,1,1,1,2069,80,80,2071.0,80.0,2069.0,2069,80,79.60717550880463,45615.90947478443
4487,0,70,0,0,88271,90362,132.244384,134.244385,2.0000009999999975,39.66268736043505,33.7875,45.7125,1,1,1,1,2091,80,80,2092.0,80.0,2091.0,2091,80,79.32541438355747,46109.976945011585
4487,0,71,0,0,90362,91000,134.244385,134.824218,0.5798330000000078,40.55529400641468,33.7875,45.7125,1,1,1,1,638,23,23,639.0,23.0,638.0,638,23,23.515297789621854,48167.317141314175
4487,0,72,0,0,91000,93100,134.824218,136.825848,2.001630000000006,39.87939771620243,33.7875,45.7125,1,1,1,1,2100,80,80,2103.0,80.0,2100.0,2100,80,79.82379885068258,46557.05599936039
4487,0,73,0,0,93100,95154,136.825848,138.831685,2.0058369999999854,39.932209240631494,33.7875,45.7125,1,1,1,1,2054,80,80,2054.0,80.0,2054.0,2054,80,80.09750278659976,46024.676980233526
4487,0,74,0,0,95154,97307,138.831685,140.832737,2.0010520000000156,39.89690183138693,33.7875,45.7125,1,1,1,1,2153,80,80,2154.0,80.0,2153.0,2153,80,79.83577520350127,46788.8890443623
4487,0,75,0,0,97307,99364,140.832737,142.83274,2.0000029999999924,39.36083527556499,33.7875,45.7125,1,1,1,1,2057,80,80,2057.0,80.0,2057.0,2057,80,78.7217886336357,45386.43192035229
4487,0,76,0,0,99364,101389,142.83274,144.832938,2.0001980000000117,39.85477919305222,33.7875,45.7125,1,1,1,1,2025,80,80,2028.0,80.0,2025.0,2025,80,79.71744963238507,46153.430810349506
4487,0,77,0,0,101389,103373,144.832938,146.833295,2.0003569999999797,39.341506066904664,33.7875,45.7125,1,1,1,1,1984,80,80,1984.0,80.0,1984.0,1984,80,78.69705705147453,45439.389069051635
4487,0,78,0,0,103373,104000,146.833295,147.47535,0.6420549999999992,39.83051479373003,33.7875,45.7125,1,1,1,1,627,25,25,627.0,25.0,627.0,627,25,25.573381175888244,45676.77223913845
4487,0,79,0,0,104000,105915,147.47535,149.475471,2.000121000000007,39.937837096220754,33.7875,45.7125,1,1,1,1,1915,79,79,1920.0,80.0,1915.0,1915,79,79.88050667073048,45693.235559248504
4487,0,80,0,0,105915,107909,149.475471,151.475694,2.0002230000000054,39.55036819464224,33.7875,45.7125,1,1,1,1,1994,80,80,1994.0,80.0,1994.0,1994,80,79.10955612139196,45069.97469782107
4487,0,81,0,0,107909,110034,151.475694,153.475896,2.0002020000000016,39.759523491940975,33.7875,45.7125,1,1,1,1,2125,80,80,2125.0,80.0,2125.0,2125,80,79.52707840762741,46141.33972468777
4487,0,82,0,0,110034,112053,153.475896,155.47843,2.002533999999997,39.941249184912245,33.7875,45.7125,1,1,1,1,2019,80,80,2019.0,80.0,2019.0,2019,80,79.98370949525906,46600.457220701435
4487,0,83,0,0,112053,114166,155.47843,157.478421,1.9999909999999943,39.74296218442612,33.7875,45.7125,1,1,1,1,2113,80,80,2113.0,80.0,2113.0,2113,80,79.48556668219226,46586.2096379435
4487,0,84,0,0,114166,116274,157.478421,159.480086,2.0016650000000027,39.35985883889825,33.7875,45.7125,1,1,1,1,2108,80,80,2108.0,80.0,2108.0,2108,80,78.7852518427635,46032.67779573499
4487,0,85,0,0,116274,117000,159.480086,160.191383,0.7112970000000018,39.33088121013967,33.7875,45.7125,1,1,1,1,726,28,28,726.0,29.0,726.0,726,29,27.975937812128905,45914.7163561774
4487,0,86,0,0,117000,119107,160.191383,162.19169,2.0003069999999923,40.0288438278128,33.7875,45.7125,1,1,1,1,2107,80,80,2108.0,79.0,2107.0,2107,79,80.06997651068014,46693.332573450156
4487,0,87,0,0,119107,121195,162.19169,164.191973,2.000282999999996,39.55012525970367,33.7875,45.7125,1,1,1,1,2088,79,79,2093.0,80.0,2088.0,2088,79,79.11144320485528,46175.46617153682
4487,0,88,0,0,121195,123236,164.191973,166.196784,2.004811000000018,39.41637737244946,33.7875,45.7125,1,1,1,1,2041,80,80,2041.0,80.0,2041.0,2041,80,79.02238693643812,45580.855252689245
4487,0,89,0,0,123236,125250,166.196784,168.19684,2.0000560000000007,39.45883591449914,33.7875,45.7125,1,1,1,1,2014,80,80,2015.0,80.0,2014.0,2014,80,78.91988152380964,44916.24234521432
4487,0,90,0,0,125250,127280,168.19684,170.197136,2.0002959999999916,39.540649200131945,33.7875,45.7125,1,1,1,1,2030,80,80,2031.0,80.0,2030.0,2030,80,79.09300243242706,45885.20898906981
4487,0,91,0,0,127280,129309,170.197136,172.197331,2.000194999999991,39.57186116653321,33.7875,45.7125,1,1,1,1,2029,80,80,2029.0,80.0,2029.0,2029,80,79.15143884599365,46243.4912596024
4487,0,92,0,0,129309,130000,172.197331,172.896412,0.6990810000000067,39.17908207564452,33.7875,45.7125,1,1,1,1,691,28,28,691.0,28.0,691.0,691,28,27.389351876523506,44725.86152391454
4487,0,93,0,0,130000,131974,172.896412,174.897479,2.001067000000006,39.91311097199945,33.7875,45.7125,1,1,1,1,1974,80,80,1978.0,80.0,1975.0,1974,80,79.86880923340595,45710.61338775749
4487,0,94,0,0,131974,134073,174.897479,176.897446,1.999966999999998,39.90494827810906,33.7875,45.7125,1,1,1,1,2099,80,80,2098.0,80.0,2098.0,2099,80,79.80857969292447,46699.77054621406
4487,0,95,0,0,134073,136114,176.897446,178.897531,2.0000849999999843,39.97720876872142,33.7875,45.7125,1,1,1,1,2041,80,80,2041.0,80.0,2041.0,2041,80,79.95781560018713,45495.56643842672
4487,0,96,0,0,136114,138194,178.897531,180.897798,2.000267000000008,39.99619697811068,33.7875,45.7125,1,1,1,1,2080,80,80,2082.0,80.0,2080.0,2080,80,80.00307294081449,45031.98822957117
4487,0,97,0,0,138194,140240,180.897798,182.89895,2.001152000000019,39.621864610610366,33.7875,45.7125,1,1,1,1,2046,80,80,2048.0,80.0,2046.0,2046,80,79.28937360925283,46126.43117564239
4487,0,98,0,0,140240,142330,182.89895,184.904361,2.005410999999981,39.793970778164045,33.7875,45.7125,1,1,1,1,2090,80,80,2091.0,80.0,2090.0,2090,80,79.8032667322077,45980.10083718543
4487,0,99,0,0,142330,143000,184.904361,185.562916,0.6585550000000069,39.68766405454013,33.7875,45.7125,1,1,1,1,670,26,26,670.0,26.0,670.0,670,26,26.136509601437865,44184.61631906173
4487,0,100,0,0,143000,145031,185.562916,187.563562,2.000645999999989,39.66746187027251,33.7875,45.7125,1,1,1,1,2031,80,80,2035.0,80.0,2031.0,2031,80,79.36054892091306,46439.999880039
4487,0,101,0,0,145031,147133,187.563562,189.563938,2.000376000000017,39.903287567369944,33.7875,45.7125,1,1,1,1,2102,80,80,2105.0,80.0,2103.0,2102,80,79.82157877086593,46801.20137414127
4487,0,102,0,0,147133,149303,189.563938,191.564374,2.0004359999999792,40.095812713120715,33.7875,45.7125,1,1,1,1,2170,80,80,2173.0,80.0,2169.0,2170,80,80.20910720058328,47194.21166185821
4487,0,103,0,0,149303,151424,191.564374,193.56502,2.0006460000000175,40.19506055040696,33.7875,45.7125,1,1,1,1,2121,80,80,2121.0,80.0,2121.0,2121,80,80.41608710993023,46070.61919000123
4487,0,104,0,0,151424,153595,193.56502,195.565055,2.000034999999997,39.88051832334578,33.7875,45.7125,1,1,1,1,2171,80,80,2172.0,80.0,2171.0,2171,80,79.76243246483318,45795.698575275004
4487,0,105,0,0,153595,155656,195.565055,197.565169,2.0001139999999964,39.91547044942338,33.7875,45.7125,1,1,1,1,2061,80,80,2062.0,80.0,2061.0,2061,80,79.83549126247817,46168.36840300111
4487,0,106,0,0,155656,156000,197.565169,197.908007,0.3428380000000004,40.01909529238767,33.7875,45.7125,1,1,1,1,344,13,13,349.0,13.0,344.0,344,13,13.720066591851719,46260.916234489705
4487,0,107,0,0,156000,158097,197.908007,199.908537,2.0005299999999977,40.00799612370727,33.7875,45.7125,1,1,1,1,2097,79,79,2104.0,80.0,2097.0,2097,79,80.03719648536025,46663.13426941866
4487,0,108,0,0,158097,160152,199.908537,201.90869,2.0001530000000116,39.61327058339345,33.7875,45.7125,1,1,1,1,2055,80,80,2056.0,80.0,2055.0,2055,80,79.23260199718698,46060.476373557154
4487,0,109,0,0,160152,162152,201.90869,203.909447,2.000756999999993,40.417618057594304,33.7875,45.7125,1,1,1,1,2000,80,80,2001.0,80.0,2000.0,2000,80,80.86583225205777,46311.97091900732
4487,0,110,0,0,162152,164221,203.909447,205.910922,2.0014749999999992,40.304167128498506,33.7875,45.7125,1,1,1,1,2069,80,80,2069.0,80.0,2069.0,2069,80,80.66778290351158,46236.40065451731
4487,0,111,0,0,164221,166345,205.910922,207.911137,2.000214999999997,40.149919341886914,33.7875,45.7125,1,1,1,1,2124,80,80,2124.0,80.0,2124.0,2124,80,80.30847091643227,46774.97169054333
4487,0,112,0,0,166345,168430,207.911137,209.91135,2.0002130000000022,39.88813451797722,33.7875,45.7125,1,1,1,1,2085,80,80,2085.0,80.0,2085.0,2085,80,79.78476520860659,46545.04295292546
4487,0,113,0,0,168430,169000,209.91135,210.492035,0.5806849999999883,40.14777435020172,33.7875,45.7125,1,1,1,1,570,23,23,570.0,23.0,570.0,570,23,23.313210348546818,44667.935283330065
4487,0,114,0,0,169000,171090,210.492035,212.493572,2.0015370000000132,40.06631368225086,33.7875,45.7125,1,1,1,1,2090,80,80,2096.0,80.0,2090.0,2090,80,80.19420928863201,46700.1109647233
4487,0,115,0,0,171090,173201,212.493572,214.494791,2.001218999999992,39.909625366813096,33.7875,45.7125,1,1,1,1,2111,80,80,2111.0,80.0,2111.0,2111,80,79.86790056694826,45722.13236032657
4487,0,116,0,0,173201,175313,214.494791,216.495235,2.000444000000016,39.77145710288733,33.7875,45.7125,1,1,1,1,2112,80,80,2112.0,80.0,2112.0,2112,80,79.56057273272927,46241.23444595263
4487,0,117,0,0,175313,177351,216.495235,218.495309,2.0000739999999837,40.01681343260791,33.7875,45.7125,1,1,1,1,2038,80,80,2041.0,80.0,2039.0,2038,80,80.03658810940942,46057.295880052814
4487,0,118,0,0,177351,179399,218.495309,220.495742,2.0004330000000152,39.74073427248016,33.7875,45.7125,1,1,1,1,2048,79,79,2049.0,80.0,2047.0,2048,79,79.49867628290122,46303.97518937115
4487,0,119,0,0,179399,181379,220.495742,222.497171,2.0014290000000017,40.06867362785802,33.7875,45.7125,1,1,1,1,1980,80,80,1981.0,80.0,1980.0,1980,80,80.19460539033025,46886.99923904367
4487,0,120,0,0,181379,182000,222.497171,223.0726,0.5754289999999855,40.517081973278124,33.7875,45.7125,1,1,1,1,621,23,23,622.0,23.0,621.0,621,23,23.314703962801104,47561.037069735255
4487,0,121,0,0,182000,184105,223.0726,225.073926,2.001326000000006,39.73964399427488,33.7875,45.7125,1,1,1,1,2105,80,80,2108.0,80.0,2105.0,2105,80,79.53198275648629,46263.32741392443
4487,0,122,0,0,184105,186272,225.073926,227.074812,2.0008860000000084,40.126676802568085,33.7875,45.7125,1,1,1,1,2167,80,80,2167.0,80.0,2167.0,2167,80,80.28890584078363,47782.332426734756
4487,0,123,0,0,186272,188390,227.074812,229.077337,2.0025249999999915,39.93846189915685,33.7875,45.7125,1,1,1,1,2118,80,80,2128.0,80.0,2118.0,2118,80,79.97776841460836,47096.041247924695
4487,0,124,0,0,188390,190501,229.077337,231.078138,2.0008009999999956,39.930526165367034,33.7875,45.7125,1,1,1,1,2111,80,80,2112.0,80.0,2111.0,2111,80,79.89303668219236,46603.83516401691
4487,0,125,0,0,190501,192494,231.078138,233.079987,2.001848999999993,39.829146502094794,33.7875,45.7125,1,1,1,1,1993,78,78,2056.0,80.0,1993.0,1993,78,79.7319370960713,46256.23610971673
4487,0,126,0,0,192494,194456,233.079987,235.080423,2.0004360000000077,39.95491397192371,33.7875,45.7125,1,1,1,1,1962,80,80,1963.0,80.0,1962.0,1962,80,79.92724828633982,45871.99990402075
4487,0,127,0,0,194456,195000,235.080423,235.612907,0.5324840000000108,39.8718810275847,33.7875,45.7125,1,1,1,1,544,21,21,544.0,21.0,544.0,544,21,21.23113869709323,46977.93736525321
4487,0,128,0,0,195000,196973,235.612907,237.614049,2.0011419999999873,39.86475937192478,33.7875,45.7125,1,1,1,1,1973,80,80,1975.0,80.0,1973.0,1973,80,79.77504429905184,46435.985052535296
4487,0,129,0,0,196973,199081,237.614049,239.614772,2.0007229999999936,40.086599118353405,33.7875,45.7125,1,1,1,1,2108,80,80,2111.0,80.0,2108.0,2108,80,80.20218084786939,46285.767694978415
4487,0,130,0,0,199081,201154,239.614772,241.614746,1.9999740000000088,39.581214367498596,33.7875,45.7125,1,1,1,1,2073,80,80,2073.0,80.0,2073.0,2073,80,79.16139962342368,45463.09102018306
4487,0,131,0,0,201154,203208,241.614746,243.616072,2.001326000000006,39.75307678886348,33.7875,45.7125,1,1,1,1,2054,80,80,2060.0,80.0,2054.0,2054,80,79.55886615754935,46773.98884539536
4487,0,132,0,0,203208,204862,243.616072,245.638541,2.022469000000001,29.26857309248112,33.7875,45.7125,1,0,0,1,1654,80,80,1654.0,81.0,1654.0,1654,81,59.194781753777534,34111.276860115024
4487,0,133,0,0,204862,204942,245.638541,247.640819,2.00227799999999,0.9593735256122664,33.7875,45.7125,1,0,0,0,80,80,80,80.0,80.0,80.0,80,80,1.9209325041156262,587.8304611048046
4487,0,134,0,0,204942,205023,247.640819,249.643095,2.002275999999995,0.9634334431054034,33.7875,45.7125,1,0,0,0,81,80,80,81.0,80.0,81.0,81,80,1.9290596607270345,586.3327533267158
4487,0,135,0,0,205023,205104,249.643095,251.645373,2.002278000000018,0.9612469778707957,33.7875,45.7125,1,0,0,0,81,80,80,81.0,80.0,81.0,81,80,1.9246836763568353,573.846388962966
4487,0,136,0,0,205104,205184,251.645373,253.647649,2.002275999999995,0.9589059289582346,33.7875,45.7125,1,0,0,0,80,80,80,80.0,80.0,80.0,80,80,1.9199943278108549,588.8299115606455
4487,0,137,0,0,205184,205264,253.647649,255.649928,2.0022789999999873,0.9601017065769663,33.7875,45.7125,1,0,0,0,80,80,80,80.0,80.0,80.0,80,80,1.922391484943546,589.8278911180747
4487,0,138,0,0,205264,205344,255.649928,257.652203,2.0022749999999974,0.961664454343912,33.7875,45.7125,1,0,0,0,80,80,80,80.0,80.0,80.0,80,80,1.9255166953216758,540.3853117079329
4487,0,139,0,0,205344,205424,257.652203,259.654479,2.002275999999995,0.9584375654257689,33.7875,45.7125,1,0,0,0,80,80,80,80.0,80.0,80.0,80,80,1.91905653475078,586.8321849735016
4487,0,140,0,0,205424,205504,259.654479,261.656756,2.0022769999999923,0.9568759714590237,33.7875,45.7125,1,0,0,0,80,80,80,80.0,80.0,80.0,80,80,1.915930749504696,572.3483813678149
4487,0,141,0,0,205504,205584,261.656756,263.659037,2.002281000000039,0.9598927779229003,33.7875,45.7125,1,0,0,0,80,80,80,80.0,80.0,80.0,80,80,1.921975071271845,534.8899580028873
4487,0,142,0,0,205584,205664,263.659037,265.66131,2.0022730000000024,0.9583866738723288,33.7875,45.7125,1,0,0,0,80,80,80,80.0,80.0,80.0,80,80,1.918951760654636,562.360876863444
4487,0,143,0,0,205664,205745,265.66131,267.663587,2.0022769999999923,0.9599463530828533,33.7875,45.7125,1,0,0,0,81,80,80,81.0,80.0,81.0,81,80,1.9220785040115516,578.8409895334185
4487,0,144,0,0,205745,205825,267.663587,269.665864,2.0022769999999923,0.9594779897843031,33.7875,45.7125,1,0,0,0,80,80,80,80.0,80.0,80.0,80,80,1.9211407109514766,591.3267744672713
4487,0,145,0,0,205825,205906,269.665864,271.668141,2.0022769999999923,0.9617157255440433,33.7875,45.7125,1,0,0,0,81,80,80,81.0,80.0,81.0,81,80,1.9256212777954715,568.352930188982
4487,0,146,0,0,205906,205986,271.668141,273.670417,2.002275999999995,0.9597906156306698,33.7875,45.7125,1,0,0,0,80,80,80,80.0,80.0,80.0,80,80,1.9217657147028149,575.8446887442105
4487,0,147,0,0,205986,206066,273.670417,275.672694,2.0022769999999923,0.9564076081604734,33.7875,45.7125,1,0,0,0,80,80,80,80.0,80.0,80.0,80,80,1.914992956444621,571.3495185731067
4487,0,148,0,0,206066,206146,275.672694,277.674971,2.002277000000049,0.9564076081604516,33.7875,45.7125,1,0,0,0,80,80,80,80.0,80.0,80.0,80,80,1.914992956444621,599.3176768249201
4487,0,149,0,0,206146,206226,277.674971,279.677247,2.002275999999995,0.9574487979683411,33.7875,45.7125,1,0,0,0,80,80,80,80.0,80.0,80.0,80,80,1.9170767494006213,608.8071774320839
4487,0,150,0,0,206226,206306,279.677247,281.679524,2.0022769999999923,0.9575004558570909,33.7875,45.7125,1,0,0,0,80,80,80,80.0,80.0,80.0,80,80,1.9171811402520689,565.8557732022115
4487,0,151,0,0,206306,206386,281.679524,283.681801,2.0022769999999923,0.9575004558570909,33.7875,45.7125,1,0,0,0,80,80,80,80.0,80.0,80.0,80,80,1.9171811402520689,597.3199512355206
4487,0,152,0,0,206386,206466,283.681801,285.684079,2.00227799999999,0.9572919119916661,33.7875,45.7125,1,0,0,0,80,80,80,80.0,80.0,80.0,80,80,1.9167645349589293,566.8543528920588
4487,0,153,0,0,206466,206546,285.684079,287.686355,2.002275999999995,0.9570324748283716,33.7875,45.7125,1,0,0,0,80,80,80,80.0,80.0,80.0,80,80,1.9162431555696458,617.7969470742311
4487,0,154,0,0,206546,206667,287.686355,289.688631,2.002275999999995,1.4187868774470873,33.7875,45.7125,1,0,0,0,121,80,80,121.0,80.0,121.0,121,80,2.840802913827247,1554.73071644469
4487,0,155,0,0,206667,206840,289.688631,291.690909,2.00227799999999,1.9925304058566935,33.7875,45.7125,1,0,0,0,173,80,80,173.0,80.0,173.0,173,80,3.989599795977483,2656.4742757998774
4487,0,156,0,0,206840,206997,291.690909,293.693185,2.0022760000000517,2.0878702037705796,33.7875,45.7125,1,0,0,1,157,80,80,157.0,80.0,157.0,157,80,4.180492400125331,2759.3598484923446
4487,0,157,0,0,206997,207250,293.693185,295.69546,2.0022749999999974,3.664227467201671,33.7875,45.7125,1,0,0,1,253,80,80,253.0,80.0,253.0,253,80,7.336791051890941,4669.688229638792
4487,0,158,0,0,207250,207560,295.69546,297.696273,2.0008129999999937,5.225004050181011,33.7875,45.7125,1,0,0,1,310,80,80,310.0,79.0,310.0,310,79,10.454256028654527,6490.361667981986
4487,0,159,0,0,207560,207984,297.696273,299.699674,2.0034009999999967,6.925768549015254,33.7875,45.7125,1,0,0,1,424,80,80,424.0,80.0,424.0,424,80,13.875091636865363,8608.860632494458
4487,0,160,0,0,207984,208000,299.699674,299.775482,0.07580799999999499,7.501292857761322,33.7875,45.7125,1,0,0,1,16,4,4,16.0,4.0,16.0,16,4,0.5686580089613926,9576.825664838118
4487,0,161,0,0,208000,208592,299.775482,301.775742,2.000259999999969,10.830908233883497,33.7875,45.7125,1,0,0,1,592,79,79,593.0,79.0,592.0,592,79,21.66463250390734,13078.299821023471
4487,0,162,0,0,208592,208870,301.775742,303.779655,2.0039130000000114,4.1619725538087975,33.7875,45.7125,1,0,0,1,278,80,80,278.0,81.0,278.0,278,81,8.340230906220313,4670.861459554355
4487,0,163,0,0,208870,208950,303.779655,305.78193,2.0022749999999974,0.9626532222951617,33.7875,45.7125,1,0,0,0,80,80,80,80.0,80.0,80.0,80,80,1.927496480670925,560.3625875566551
4487,0,164,0,0,208950,209030,305.78193,307.784208,2.00227799999999,0.9710305618876278,33.7875,45.7125,1,0,0,0,80,80,80,80.0,80.0,80.0,80,80,1.9442731313956756,591.8259102881848
4487,0,165,0,0,209030,209111,307.784208,309.786485,2.002277000000049,0.9703023860174429,33.7875,45.7125,1,0,0,0,81,80,80,81.0,80.0,81.0,81,80,1.9428141505677559,585.8330290963594
4487,0,166,0,0,209111,209193,309.786485,311.788759,2.002274,0.9666086811530363,33.7875,45.7125,1,0,0,0,82,80,80,82.0,80.0,82.0,82,80,1.9354154304473923,579.3412889544588
4487,0,167,0,0,209193,209273,311.788759,313.791037,2.00227799999999,0.9633285914914068,33.7875,45.7125,1,0,0,0,80,80,80,80.0,80.0,80.0,80,80,1.9288516455144418,588.8293234006496
4487,0,168,0,0,209273,209353,313.791037,315.793314,2.0022769999999923,0.9622881695756048,33.7875,45.7125,1,0,0,0,80,80,80,80.0,80.0,80.0,80,80,1.926767469313745,594.82279424875
4487,0,169,0,0,209353,209433,315.793314,317.795591,2.0022769999999923,0.9610912411459762,33.7875,45.7125,1,0,0,0,80,80,80,80.0,80.0,80.0,80,80,1.9243708870480987,593.3245000566877
4487,0,170,0,0,209433,209513,317.795591,319.797866,2.0022749999999974,0.9627052627136485,33.7875,45.7125,1,0,0,0,80,80,80,80.0,80.0,80.0,80,80,1.9276006799000243,567.3546341037078
4487,0,171,0,0,209513,209593,319.797866,321.800143,2.0022769999999923,0.9618198062770544,33.7875,45.7125,1,0,0,0,80,80,80,80.0,80.0,80.0,80,80,1.9258296762527607,561.3608906260245
4487,0,172,0,0,209593,209673,321.800143,323.802425,2.0022820000000365,0.9612454403758786,33.7875,45.7125,1,0,0,0,80,80,80,80.0,80.0,80.0,80,80,1.9246844428471377,584.8327058825773
4487,0,173,0,0,209673,209753,323.802425,325.804697,2.002271999999948,0.9613533651176235,33.7875,45.7125,1,0,0,0,80,80,80,80.0,80.0,80.0,80,80,1.9248909250809447,588.3316552396631
4487,0,174,0,0,209753,209833,325.804697,327.806974,2.002277000000049,0.9611432815124599,33.7875,45.7125,1,0,0,0,80,80,80,80.0,80.0,80.0,80,80,1.924475086277198,557.3654394471757
4487,0,175,0,0,209833,209913,327.806974,329.809251,2.0022769999999923,0.9594259494177975,33.7875,45.7125,1,0,0,0,80,80,80,80.0,80.0,80.0,80,80,1.9210365117223773,587.8307546857925
4487,0,176,0,0,209913,209993,329.809251,331.811527,2.002275999999995,0.9561998285484327,33.7875,45.7125,1,0,0,0,80,80,80,80.0,80.0,80.0,80,80,1.914575967906785,573.8469621570667
4487,0,177,0,0,209993,210073,331.811527,333.813804,2.0022769999999923,0.9568239310925181,33.7875,45.7125,1,0,0,0,80,80,80,80.0,80.0,80.0,80,80,1.9158265502765062,590.8273430699172
4487,0,178,0,0,210073,210153,333.813804,335.816081,2.0022769999999923,0.971811556646127,33.7875,45.7125,1,0,0,0,80,80,80,80.0,80.0,80.0,80,80,1.9458359282070887,572.3483813678149
4487,0,179,0,0,210153,210233,335.816081,337.818357,2.002275999999995,0.9971035770504397,33.7875,45.7125,1,0,0,0,80,80,80,80.0,80.0,80.0,80,80,1.996476561842428,561.8606026342037
4487,0,180,0,0,210233,210313,337.818357,339.820635,2.00227799999999,0.9749335874262532,33.7875,45.7125,1,0,0,0,80,80,80,80.0,80.0,80.0,80,80,1.9520880735644823,582.336718477657
4487,0,181,0,0,210313,210393,339.820635,341.822912,2.0022769999999923,0.9852379712045685,33.7875,45.7125,1,0,0,0,80,80,80,80.0,80.0,80.0,80,80,1.972719329269239,573.3472441625232
4487,0,182,0,0,210393,210473,341.822912,343.825189,2.002277000000049,0.9584371824541695,33.7875,45.7125,1,0,0,0,80,80,80,80.0,80.0,80.0,80,80,1.9190567263731282,559.3631650365921
4487,0,183,0,0,210473,210553,343.825189,345.827466,2.0022769999999923,0.9405873367427751,33.7875,45.7125,1,0,0,0,80,80,80,80.0,80.0,80.0,80,80,1.8833163908511779,575.8444011492937
4487,0,184,0,0,210553,210635,345.827466,347.829742,2.002275999999995,0.9298673899453592,33.7875,45.7125,1,0,0,0,82,80,80,82.0,80.0,82.0,82,80,1.8618511580698396,577.3429836845685
4487,0,185,0,0,210635,210715,347.829742,349.832019,2.0022769999999923,0.9879440702628588,33.7875,45.7125,1,0,0,0,80,80,80,80.0,80.0,80.0,80,80,1.978137689173309,584.8341663016678
4487,0,186,0,0,210715,210874,349.832019,351.834296,2.0022769999999923,1.8636273174523637,33.7875,45.7125,1,0,0,0,159,80,80,159.0,80.0,159.0,159,80,3.731498114306305,2357.316195511419
4487,0,187,0,0,210874,211044,351.834296,353.836571,2.0022749999999974,1.9753597660487623,33.7875,45.7125,1,0,0,0,170,80,80,170.0,80.0,170.0,170,80,3.9552134755649604,2530.1219862406547
4487,0,188,0,0,211044,211214,353.836571,355.838849,2.00227799999999,2.1520340495351884,33.7875,45.7125,1,0,0,1,170,80,80,170.0,80.0,170.0,170,80,4.308970432634851,2809.3002070641683
4487,0,189,0,0,211214,211484,355.838849,357.841126,2.0022769999999923,3.68025243142938,33.7875,45.7125,1,0,0,1,270,80,80,270.0,80.0,270.0,270,80,7.368884797645478,4619.240994128203
4487,0,190,0,0,211484,211635,357.841126,359.843404,2.0022780000000466,2.0318208629454713,33.7875,45.7125,1,0,0,1,151,80,80,151.0,80.0,151.0,151,80,4.068270213816504,2206.4868115216254
4487,0,191,0,0,211635,211716,359.843404,361.845679,2.0022749999999974,0.976548014031144,33.7875,45.7125,1,0,0,0,81,80,80,81.0,80.0,81.0,81,80,1.9553176747940597,594.8233883957007
4487,0,192,0,0,211716,211796,361.845679,363.847956,2.0022769999999923,0.9791492483234147,33.7875,45.7125,1,0,0,0,80,80,80,80.0,80.0,80.0,80,80,1.9605280194855368,560.3620278313163
4487,0,193,0,0,211796,211876,363.847956,365.850234,2.00227799999999,0.9909620123048754,33.7875,45.7125,1,0,0,0,80,80,80,80.0,80.0,80.0,80,80,1.9841814360734134,554.3685741939959
4487,0,194,0,0,211876,211956,365.850234,367.852508,2.002274,0.9733739389351092,33.7875,45.7125,1,0,0,0,80,80,80,80.0,80.0,80.0,80,80,1.9489613302075668,567.8543496044997
4487,0,195,0,0,211956,212036,367.852508,369.854785,2.0022769999999923,0.9706666685830041,33.7875,45.7125,1,0,0,0,80,80,80,80.0,80.0,80.0,80,80,1.9435435451705416,537.3881835530269
4487,0,196,0,0,212036,212116,369.854785,371.857062,2.0022769999999923,0.9697819823524091,33.7875,45.7125,1,0,0,0,80,80,80,80.0,80.0,80.0,80,80,1.9417721582785816,555.367713857775
4487,0,197,0,0,212116,212196,371.857062,373.859339,2.0022769999999923,0.9683248520902528,33.7875,45.7125,1,0,0,0,80,80,80,80.0,80.0,80.0,80,80,1.938854579868348,576.8432639440019
4487,0,198,0,0,212196,212276,373.859339,375.861615,2.002275999999995,0.9669201494026483,33.7875,45.7125,1,0,0,0,80,80,80,80.0,80.0,80.0,80,80,1.9360410090657751,536.8890202949058
4487,0,199,0,0,212276,212356,375.861615,377.863895,2.0022800000000416,0.9657216739364811,33.7875,45.7125,1,0,0,0,80,80,80,80.0,80.0,80.0,80,80,1.9336451932895216,582.8355674530914
4487,0,200,0,0,212356,212436,377.863895,379.866169,2.002274,0.9684821371542257,33.7875,45.7125,1,0,0,0,80,80,80,80.0,80.0,80.0,80,80,1.9391666026886014,565.3571888762477
4487,0,201,0,0,212436,212516,379.866169,381.868447,2.00227799999999,0.9701979164393878,33.7875,45.7125,1,0,0,0,80,80,80,80.0,80.0,80.0,80,80,1.942605943732815,521.9055495790321
4487,0,202,0,0,212516,212649,381.868447,383.870724,2.0022769999999923,1.5315056984137105,33.7875,45.7125,1,0,0,0,133,80,80,133.0,80.0,133.0,133,80,3.0664986353031054,1715.0474185140283
4487,0,203,0,0,212649,212818,383.870724,385.873001,2.0022769999999923,2.0293238444061514,33.7875,45.7125,1,0,0,1,169,80,80,169.0,80.0,169.0,169,80,4.063268459205574,2648.484700168868
4487,0,204,0,0,212818,213018,385.873001,387.875276,2.0022749999999974,2.539581983282911,33.7875,45.7125,1,0,0,1,200,80,80,200.0,80.0,200.0,200,80,5.084941515578066,3173.889700465724
4487,0,205,0,0,213018,213265,387.875276,389.877553,2.0022769999999923,3.6342487474384413,33.7875,45.7125,1,0,0,1,247,80,80,247.0,80.0,247.0,247,80,7.2767726792744725,4524.349028630921
4487,0,206,0,0,213265,213627,389.877553,391.879831,2.0022780000000466,6.309380732257352,33.7875,45.7125,1,0,0,1,362,80,80,363.0,80.0,362.0,362,80,12.633134233823512,7886.51725684427
4487,0,207,0,0,213627,214094,391.879831,393.882067,2.002235999999982,8.170094343641313,33.7875,45.7125,1,0,0,1,467,80,80,467.0,80.0,467.0,467,79,16.35845701823473,9758.589896495805
4487,0,208,0,0,214094,214754,393.882067,395.884385,2.0023180000000025,11.264857066088128,33.7875,45.7125,1,0,0,1,660,80,80,661.0,80.0,660.0,660,81,22.5558260708558,13834.46585407511
4487,0,209,0,0,214754,215563,395.884385,397.884984,2.0005989999999656,13.580131019020948,33.7875,45.7125,1,0,0,1,809,80,80,809.0,79.0,809.0,809,79,27.16839653652187,16470.567065164265
4487,0,210,0,0,215563,216352,397.884984,399.885516,2.000532000000021,14.953455867662045,33.7875,45.7125,1,0,0,1,789,80,80,789.0,80.0,789.0,789,80,29.914866973846074,17611.315390106047
4487,0,211,0,0,216352,217268,399.885516,401.891213,2.005696999999998,16.87858991966065,33.7875,45.7125,1,0,0,1,916,80,80,916.0,81.0,916.0,916,81,33.85333716609421,20092.76575674194
4487,0,212,0,0,217268,218302,401.891213,403.893491,2.00227799999999,19.044172459684802,33.7875,45.7125,1,0,0,1,1034,80,80,1034.0,80.0,1034.0,1034,80,38.13172754423249,22378.0114449643
4487,0,213,0,0,218302,219405,403.893491,405.894686,2.0011949999999956,20.715933035731734,33.7875,45.7125,1,0,0,1,1103,80,80,1104.0,79.0,1104.0,1103,79,41.45662161144173,24434.900147162123
4487,0,214,0,0,219405,220592,405.894686,407.895561,2.0008750000000077,23.659629589609942,33.7875,45.7125,1,0,0,1,1187,80,80,1186.0,80.0,1186.0,1187,80,47.33996135511006,27456.487786593258
4487,0,215,0,0,220592,221000,407.895561,408.558392,0.6628310000000397,23.35867456691084,33.7875,45.7125,1,0,0,1,408,27,27,408.0,27.0,408.0,408,27,15.482853621861068,27106.4570003499
4487,0,216,0,0,221000,222341,408.558392,410.558986,2.0005939999999782,26.049265158703495,33.7875,45.7125,1,0,0,1,1341,80,80,1341.0,80.0,1341.0,1341,80,52.11400358091123,30051.074830775586
4487,0,217,0,0,222341,223804,410.558986,412.559017,2.0000309999999786,27.229392313961988,33.7875,45.7125,1,0,0,1,1463,80,80,1463.0,80.0,1463.0,1463,80,54.45962873908502,32213.00069848952
4487,0,218,0,0,223804,225317,412.559017,414.558997,1.9999799999999937,29.324507229650905,33.7875,45.7125,1,0,0,1,1513,79,79,1515.0,80.0,1513.0,1513,79,58.64842796915764,34461.844618446295
4487,0,219,0,0,225317,226932,414.558997,416.562959,2.0039620000000014,31.580311452507196,33.7875,45.7125,1,0,0,1,1615,80,80,1616.0,80.0,1615.0,1615,80,63.28574409899011,36663.8688757571
4487,0,220,0,0,226932,228678,416.562959,418.563648,2.0006890000000226,32.973753966317986,33.7875,45.7125,1,0,0,1,1746,80,80,1747.0,80.0,1746.0,1746,80,65.97022684912008,39009.061378354716
4487,0,221,0,0,228678,230513,418.563648,420.565362,2.0017139999999927,34.75135552949089,33.7875,45.7125,1,1,0,1,1835,80,80,1836.0,80.0,1835.0,1835,80,69.5622748823589,40170.074246371005
4487,0,222,0,0,230513,232468,420.565362,422.566048,2.00068600000003,36.74988627353404,33.7875,45.7125,1,1,1,1,1955,80,80,1955.0,80.0,1955.0,1955,80,73.52498296905287,42483.92801269101
4487,0,223,0,0,232468,234000,422.566048,424.191581,1.6255329999999617,37.54880358505409,33.7875,45.7125,1,1,1,1,1532,64,64,1536.0,65.0,1532.0,1532,65,61.036819338021814,42528.204595047675
4487,0,224,0,0,234000,235938,424.191581,426.192124,2.0005429999999933,39.096189520056534,33.7875,45.7125,1,1,1,1,1938,80,80,1939.0,79.0,1938.0,1938,79,78.21360827102217,45211.225152371284
4487,0,225,0,0,235938,237941,426.192124,428.19259,2.000466000000017,38.95486313208214,33.7875,45.7125,1,1,1,1,2003,80,80,2003.0,80.0,2003.0,2003,80,77.92787923038486,45136.98308294129
4487,0,226,0,0,237941,240068,428.19259,430.193472,2.00088199999999,39.48225603364411,33.7875,45.7125,1,1,1,1,2127,80,80,2127.0,80.0,2127.0,2127,80,78.99933541710925,46478.50298018597
4487,0,227,0,0,240068,242173,430.193472,432.193469,1.9999970000000076,39.94801211973606,33.7875,45.7125,1,1,1,1,2105,80,80,2105.0,80.0,2105.0,2105,80,79.89590439543645,46987.070480605544
4487,0,228,0,0,242173,244305,432.193469,434.19353,2.0000610000000165,39.88807757738265,33.7875,45.7125,1,1,1,1,2132,80,80,2132.0,80.0,2132.0,2132,80,79.77858832749735,46582.57923133306
4487,0,229,0,0,244305,246396,434.19353,436.194713,2.001182999999969,39.60131144671397,33.7875,45.7125,1,1,1,1,2091,80,80,2092.0,80.0,2091.0,2091,80,79.24947124486789,46024.776344792765
4487,0,230,0,0,246396,247000,436.194713,436.802811,0.6080980000000409,39.72800021789491,33.7875,45.7125,1,1,1,1,604,24,24,604.0,24.0,604.0,604,24,24.15851747650231,43591.657923555445
4487,0,231,0,0,247000,249018,436.802811,438.806621,2.003809999999987,39.660718426323605,33.7875,45.7125,1,1,1,1,2018,80,80,2020.0,80.0,2018.0,2018,80,79.47254418985176,45261.776316118085
4487,0,232,0,0,249018,251034,438.806621,440.806705,2.0000840000000153,39.43057036576821,33.7875,45.7125,1,1,1,1,2016,80,80,2018.0,80.0,2016.0,2016,80,78.86445289944822,44662.124190783645
4487,0,233,0,0,251034,253025,440.806705,442.807554,2.0008489999999597,39.47806084581215,33.7875,45.7125,1,1,1,1,1991,80,80,1995.0,80.0,1991.0,1991,80,78.98963856528098,44395.15425701879
4487,0,234,0,0,253025,255044,442.807554,444.807847,2.000292999999999,39.40511278331028,33.7875,45.7125,1,1,1,1,2019,80,80,2019.0,80.0,2019.0,2019,80,78.82177126466559,45286.36554744732
4487,0,235,0,0,255044,257063,444.807847,446.81025,2.0024030000000153,39.23588502573761,33.7875,45.7125,1,1,1,1,2019,80,80,2020.0,80.0,2019.0,2019,80,78.56605388319258,45609.20054554418
4487,0,236,0,0,257063,259119,446.81025,448.810364,2.0001139999999964,39.486089901711765,33.7875,45.7125,1,1,1,1,2056,80,80,2058.0,80.0,2056.0,2056,80,78.97668121767128,46010.877379989426
4487,0,237,0,0,259119,260000,448.810364,449.632114,0.8217500000000086,40.013797062063176,33.7875,45.7125,1,1,1,1,881,33,33,882.0,33.0,881.0,881,33,32.881337735751,45802.251292971836
4487,0,238,0,0,260000,262068,449.632114,451.63222,2.0001060000000166,39.954024717298175,33.7875,45.7125,1,1,1,1,2068,80,80,2074.0,80.0,2068.0,2068,80,79.91228456121644,46590.53070187241
4487,0,239,0,0,262068,264164,451.63222,453.63338,2.0011599999999703,40.003792342486335,33.7875,45.7125,1,1,1,1,2096,80,80,2097.0,80.0,2096.0,2096,80,80.05398908408824,46669.93143976563
4487,0,240,0,0,264164,266272,453.63338,455.635842,2.002462000000037,39.76091820559316,33.7875,45.7125,1,1,1,1,2108,80,80,2108.0,80.0,2108.0,2108,80,79.61972779180905,46798.391180456
4487,0,241,0,0,266272,268310,455.635842,457.636133,2.0002909999999474,40.072503052401174,33.7875,45.7125,1,1,1,1,2038,80,80,2039.0,80.0,2038.0,2038,80,80.15666720318768,45683.85299938979
4487,0,242,0,0,268310,270309,457.636133,459.637265,2.001132000000041,39.61429195814069,33.7875,45.7125,1,1,1,1,1999,80,80,2000.0,80.0,1999.0,1999,80,79.27342729478005,45469.76411351082
4487,0,243,0,0,270309,272394,459.637265,461.638497,2.001231999999959,39.86198589654683,33.7875,45.7125,1,1,1,1,2085,80,80,2085.0,80.0,2085.0,2085,80,79.77308175971666,45852.75470310383
4487,0,244,0,0,272394,273000,461.638497,462.225344,0.5868470000000343,40.03966378493644,33.7875,45.7125,1,1,1,1,606,23,23,607.0,23.0,606.0,606,23,23.49715657319939,46903.19623342778
4487,0,245,0,0,273000,274923,462.225344,464.22635,2.001006000000018,39.43748554735347,33.7875,45.7125,1,1,1,1,1923,80,80,1926.0,80.0,1923.0,1923,80,78.9146452051682,45510.10841546661
4487,0,246,0,0,274923,276991,464.22635,466.227574,2.0012239999999792,39.84032809411564,33.7875,45.7125,1,1,1,1,2068,80,80,2069.0,80.0,2068.0,2068,80,79.72942074981802,46240.20099699032
4487,0,247,0,0,276991,279080,466.227574,468.227666,2.000091999999995,40.14800049780194,33.7875,45.7125,1,1,1,1,2089,80,80,2090.0,80.0,2089.0,2089,80,80.2996946116491,46503.36084540123
4487,0,248,0,0,279080,281248,468.227666,470.229514,2.0018479999999954,40.02592104384981,33.7875,45.7125,1,1,1,1,2168,80,79,2168.0,80.0,2168.0,2168,79,80.12580998978774,46599.94165391189
4487,0,249,0,0,281248,283270,470.229514,472.229922,2.000407999999993,40.064649063961625,33.7875,45.7125,1,1,1,1,2022,80,80,2023.0,80.0,2022.0,2022,80,80.14564450474063,45398.73865731407
4487,0,250,0,0,283270,285349,472.229922,474.230525,2.0006030000000123,40.05284586112705,33.7875,45.7125,1,1,1,1,2079,80,80,2080.0,80.0,2079.0,2079,80,80.12984358830909,46627.94167558452
4487,0,251,0,0,285349,286000,474.230525,474.867662,0.6371369999999956,40.17409850576365,33.7875,45.7125,1,1,1,1,651,25,25,651.0,25.0,651.0,651,25,25.59640459966613,46076.43254119632
4487,0,252,0,0,286000,288036,474.867662,476.868026,2.0003639999999905,39.89628526537021,33.7875,45.7125,1,1,1,1,2036,80,80,2037.0,80.0,2036.0,2036,80,79.8070927785775,46320.06974730621
4487,0,253,0,0,288036,289960,476.868026,478.868027,2.0000009999999975,40.21332791037267,33.7875,45.7125,1,1,1,1,1924,80,80,1925.0,80.0,1924.0,1924,80,80.42669603407376,46394.97680251166
4487,0,254,0,0,289960,292075,478.868027,480.869253,2.001226000000031,39.9864945627753,33.7875,45.7125,1,1,1,1,2115,80,80,2117.0,80.0,2115.0,2115,80,80.02201256788612,46534.97406089995
4487,0,255,0,0,292075,294167,480.869253,482.871099,2.0018460000000005,40.166083670178274,33.7875,45.7125,1,1,1,1,2092,80,80,2093.0,80.0,2092.0,2092,80,80.40631393081094,45486.01640685646
4487,0,256,0,0,294167,296232,482.871099,484.871551,2.0004519999999957,39.83468972377782,33.7875,45.7125,1,1,1,1,2065,80,80,2065.0,80.0,2065.0,2065,80,79.68738472731093,46508.98896849322
4487,0,257,0,0,296232,298228,484.871551,486.871785,2.0002339999999776,39.7892089079474,33.7875,45.7125,1,1,1,1,1996,80,80,1996.0,80.0,1996.0,1996,80,79.58772849077832,45302.199642642314
4487,0,258,0,0,298228,299000,486.871785,487.616899,0.7451140000000009,40.00725819451602,33.7875,45.7125,1,1,1,1,772,30,30,772.0,30.0,772.0,772,30,29.809968182347802,46355.322809663965
4487,0,259,0,0,299000,300999,487.616899,489.61695,2.000050999999985,39.59944315725491,33.7875,45.7125,1,1,1,1,1999,80,80,2003.0,80.0,1999.0,1999,80,79.20090588610947,45130.34917609635
4487,0,260,0,0,300999,302948,489.61695,491.618093,2.001143000000013,39.495408054248806,33.7875,45.7125,1,1,1,1,1949,79,79,1949.0,79.0,1949.0,1949,79,79.03595935990415,45898.269139186654
4487,0,261,0,0,302948,304999,491.618093,493.61832,2.0002269999999953,39.54388196075943,33.7875,45.7125,1,1,1,1,2051,80,80,2052.0,80.0,2051.0,2051,80,79.09674038272351,46046.27374792972
4487,0,262,0,0,304999,307074,493.61832,495.620547,2.002227000000005,39.82436950916955,33.7875,45.7125,1,1,1,1,2075,80,80,2075.0,80.0,2075.0,2075,80,79.73742788923664,45946.838195669014
4487,0,263,0,0,307074,309147,495.620547,497.621686,2.0011390000000233,39.35630361234041,33.7875,45.7125,1,1,1,1,2073,80,80,2075.0,80.0,2073.0,2073,80,78.75743405449612,46351.60276222637
4487,0,264,0,0,309147,311251,497.621686,499.621756,2.000069999999994,39.76859500810471,33.7875,45.7125,1,1,1,1,2104,80,80,2105.0,80.0,2104.0,2104,80,79.5399738178603,46187.8834240803
4487,0,265,0,0,311251,312000,499.621756,500.29722,0.6754639999999767,39.82846828030811,33.7875,45.7125,1,1,1,1,749,27,27,749.0,27.0,749.0,749,27,26.902696498489604,45263.700212003976
4487,0,266,0,0,312000,314035,500.29722,502.298779,2.001559000000043,39.49749486420921,33.7875,45.7125,1,1,1,1,2035,80,80,2040.0,80.0,2035.0,2035,80,79.05656632291357,45111.33571381011
4487,0,267,0,0,314035,316099,502.298779,504.298817,2.000037999999961,39.84847023563606,33.7875,45.7125,1,1,1,1,2064,80,80,2065.0,80.0,2064.0,2064,80,79.69845471313965,46716.61238436561
4487,0,268,0,0,316099,318189,504.298817,506.300215,2.0013979999999947,39.61399841165095,33.7875,45.7125,1,1,1,1,2090,80,80,2093.0,80.0,2090.0,2090,80,79.28337719308183,46047.312928263265
4487,0,269,0,0,318189,320300,506.300215,508.300425,2.0002100000000382,39.65809421989359,33.7875,45.7125,1,1,1,1,2111,80,80,2111.0,80.0,2111.0,2111,80,79.32451663957545,46176.6514515967
4487,0,270,0,0,320300,322367,508.300425,510.300617,2.00019199999997,39.1859512406894,33.7875,45.7125,1,1,1,1,2067,80,80,2067.0,80.0,2067.0,2067,80,78.37942618401576,46030.581064218524
4487,0,271,0,0,322367,324398,510.300617,512.301314,2.0006970000000592,39.291573208659145,33.7875,45.7125,1,1,1,1,2031,80,80,2031.0,80.0,2031.0,2031,80,78.61053264384645,44896.85344657254
4487,0,272,0,0,324398,325000,512.301314,512.906266,0.604951999999912,39.173493823053086,33.7875,45.7125,1,1,1,1,602,24,24,602.0,24.0,602.0,602,24,23.698083435239823,45491.21252595909
4487,0,273,0,0,325000,327163,512.906266,514.906781,2.000515000000064,39.63999313341219,33.7875,45.7125,1,1,1,1,2163,80,80,2169.0,80.0,2163.0,2163,80,79.30040086329063,46408.54979842542
4487,0,274,0,0,327163,329159,514.906781,516.909492,2.0027109999999766,39.37478136158703,33.7875,45.7125,1,1,1,1,1996,80,80,1996.0,80.0,1996.0,1996,80,78.8563077554445,44424.78220771796
4487,0,275,0,0,329159,331191,516.909492,518.909928,2.000436000000036,39.29427858020618,33.7875,45.7125,1,1,1,1,2032,80,80,2035.0,80.0,2032.0,2032,80,78.6056894658741,45065.675682700356
4487,0,276,0,0,331191,333264,518.909928,520.911644,2.0017159999999876,39.38301440250608,33.7875,45.7125,1,1,1,1,2073,80,80,2075.0,80.0,2074.0,2073,80,78.83361005772713,45816.68928059753
4487,0,277,0,0,333264,335358,520.911644,522.913604,2.00195999999994,39.86744258939373,33.7875,45.7125,1,1,1,1,2094,80,80,2093.0,80.0,2093.0,2094,80,79.81302536626026,46097.32462187195
4487,0,278,0,0,335358,337483,522.913604,524.914999,2.0013950000000023,40.07237073663466,33.7875,45.7125,1,1,1,1,2125,80,80,2126.0,80.0,2125.0,2125,80,80.20064243044726,47088.65566267523
4487,0,279,0,0,337483,338000,524.914999,525.442469,0.5274699999999939,39.526253481393454,33.7875,45.7125,1,1,1,1,517,21,21,517.0,21.0,517.0,517,21,20.84891292382963,45014.88236297851
4487,0,280,0,0,338000,340105,525.442469,527.44302,2.000551000000087,39.772829877697916,33.7875,45.7125,1,1,1,1,2105,80,80,2109.0,80.0,2105.0,2105,80,79.567574584662,46198.77223824636
4487,0,281,0,0,340105,342195,527.44302,529.443562,2.000541999999996,39.76675768496213,33.7875,45.7125,1,1,1,1,2090,80,80,2092.0,80.0,2090.0,2090,80,79.55506895258986,46126.99958311307
4487,0,282,0,0,342195,344221,529.443562,531.443897,2.00033499999995,39.70751050418285,33.7875,45.7125,1,1,1,1,2026,80,80,2026.0,80.0,2026.0,2026,80,79.42832302438183,45491.38019381867
4487,0,283,0,0,344221,346273,531.443897,533.44432,2.000422999999955,39.82755531424219,33.7875,45.7125,1,1,1,1,2052,80,80,2053.0,80.0,2052.0,2052,80,79.67195768438069,46118.7458852463
4487,0,284,0,0,346273,348408,533.44432,535.444822,2.000502000000097,40.128612889466346,33.7875,45.7125,1,1,1,1,2135,80,80,2136.0,80.0,2135.0,2135,80,80.27737034260645,47041.692535171394
4487,0,285,0,0,348408,350461,535.444822,537.445176,2.000353999999902,40.23647775821421,33.7875,45.7125,1,1,1,1,2053,79,79,2054.0,79.0,2053.0,2053,79,80.48719922955024,46603.7511360512
4487,0,286,0,0,350461,351000,537.445176,537.975734,0.5305580000000418,39.97841438571965,33.7875,45.7125,1,1,1,1,539,22,22,539.0,22.0,539.0,539,22,21.21086757966077,45934.65747382582
4487,0,287,0,0,351000,353031,537.975734,539.975895,2.0001610000000483,40.0574347533379,33.7875,45.7125,1,1,1,1,2031,80,80,2035.0,80.0,2031.0,2031,80,80.12131875367231,46861.22767117134
4487,0,288,0,0,353031,355165,539.975895,541.976382,2.0004869999999073,40.10990061405905,33.7875,45.7125,1,1,1,1,2134,80,80,2134.0,80.0,2134.0,2134,80,80.23933474971273,47279.48744480938
4487,0,289,0,0,355165,357228,541.976382,543.976606,2.000224000000003,39.8617651340711,33.7875,45.7125,1,1,1,1,2063,79,79,2066.0,79.0,2063.0,2063,79,79.73245930353187,45592.39365191092
4487,0,290,0,0,357228,359374,543.976606,545.977972,2.0013660000000755,40.15271074461597,33.7875,45.7125,1,1,1,1,2146,78,78,2150.0,80.0,2146.0,2146,78,80.36027009211284,46976.41510847914
4487,0,291,0,0,359374,361411,545.977972,547.979114,2.001141999999959,39.79696438483233,33.7875,45.7125,1,1,1,1,2037,80,80,2038.0,80.0,2037.0,2037,80,79.63937690299099,45974.24870399097
4487,0,292,0,0,361411,363533,547.979114,549.979282,2.0001680000000306,39.68382447017456,33.7875,45.7125,1,1,1,1,2122,80,80,2124.0,80.0,2122.0,2122,80,79.37431582286081,45865.14732762378
4487,0,293,0,0,363533,364000,549.979282,550.43597,0.45668799999998555,39.82966726948143,33.7875,45.7125,1,1,1,1,467,19,19,467.0,19.0,467.0,467,19,18.189731085964013,46046.7540202516
4487,0,294,0,0,364000,366060,550.43597,552.437402,2.0014320000000225,40.049454914756986,33.7875,45.7125,1,1,1,1,2060,79,79,2063.0,80.0,2060.0,2060,80,80.15626064895332,45985.074686523934
4487,0,295,0,0,366060,368136,552.437402,554.438393,2.000990999999999,39.81651257942152,33.7875,45.7125,1,1,1,1,2076,79,79,2080.0,79.0,2076.0,2076,78,79.67248332280906,46475.47140391938
4487,0,296,0,0,368136,370215,554.438393,556.438507,2.0001139999999396,39.79023011495487,33.7875,45.7125,1,1,1,1,2079,80,80,2079.0,80.0,2079.0,2079,80,79.58499631613995,46358.85754512133
4487,0,297,0,0,370215,372272,556.438507,558.440177,2.00166999999999,39.781519907692946,33.7875,45.7125,1,1,1,1,2057,80,80,2060.0,80.0,2058.0,2057,80,79.62947495363187,46236.89219501739
4487,0,298,0,0,372272,374321,558.440177,560.441002,2.000825000000077,39.40786206324313,33.7875,45.7125,1,1,1,1,2049,80,80,2049.0,80.0,2048.0,2049,80,78.8482356126915,46083.49056014216
4487,0,299,0,0,374321,376388,560.441002,562.441005,2.0000029999999924,39.3839674696882,33.7875,45.7125,1,1,1,1,2067,80,80,2067.0,80.0,2067.0,2067,80,78.76805309127849,45322.43201635215
4487,0,300,0,0,376388,377000,562.441005,563.017856,0.5768510000000333,39.73668305468283,33.7875,45.7125,1,1,1,1,612,23,23,612.0,23.0,612.0,612,23,22.922145356778856,47067.613647195605
4487,0,301,0,0,377000,379003,563.017856,565.019136,2.0012799999999515,39.48792736804006,33.7875,45.7125,1,1,1,1,2003,80,80,2008.0,80.0,2003.0,2003,80,79.02639928310964,46025.04397185912
4487,0,302,0,0,379003,381074,565.019136,567.021362,2.0022259999999505,39.60742748931665,33.7875,45.7125,1,1,1,1,2071,80,80,2071.0,80.0,2071.0,2071,80,79.30302111222227,46052.2438525932
4487,0,303,0,0,381074,383143,567.021362,569.021606,2.000244000000066,39.5899105079408,33.7875,45.7125,1,1,1,1,2069,80,80,2069.0,80.0,2069.0,2069,80,79.18948095404812,46618.312565865424
4487,0,304,0,0,383143,385148,569.021606,571.022115,2.0005089999999655,39.373012602106094,33.7875,45.7125,1,1,1,1,2005,80,80,2006.0,80.0,2005.0,2005,80,78.7660660676247,44370.707654902595
4487,0,305,0,0,385148,387166,571.022115,573.023113,2.0009979999999814,39.19607288423257,33.7875,45.7125,1,1,1,1,2018,80,80,2019.0,80.0,2018.0,2018,80,78.43126344920347,45651.719791824304
4487,0,306,0,0,387166,389203,573.023113,575.023562,2.0004490000000033,39.5448798961992,33.7875,45.7125,1,1,1,1,2037,80,80,2037.0,80.0,2037.0,2037,80,79.10751544347113,45578.76756668121
4487,0,307,0,0,389203,390000,575.023562,575.802896,0.7793340000000626,39.24357030755357,33.7875,45.7125,1,1,1,1,797,31,31,797.0,31.0,797.0,797,31,30.583848622069127,44912.70751692752
4487,0,308,0,0,390000,392105,575.802896,577.802963,2.0000669999999445,39.25627182814898,33.7875,45.7125,1,1,1,1,2105,80,80,2108.0,80.0,2105.0,2105,80,78.51517382650854,45557.47382462814
4487,0,309,0,0,392105,394175,577.802963,579.803092,2.0001290000000154,39.38170689621207,33.7875,45.7125,1,1,1,1,2070,80,80,2070.0,80.0,2070.0,2070,80,78.7684940326144,45748.04925082297
4487,0,310,0,0,394175,396284,579.803092,581.804584,2.0014919999999847,39.3089970359868,33.7875,45.7125,1,1,1,1,2109,80,80,2111.0,80.0,2109.0,2109,80,78.67664309555039,46197.53663766865
4487,0,311,0,0,396284,398327,581.804584,583.806244,2.0016600000000153,39.894784210422124,33.7875,45.7125,1,1,1,1,2043,80,80,2049.0,80.0,2044.0,2043,80,79.85579376263377,45947.363688138495
4487,0,312,0,0,398327,400396,583.806244,585.806219,1.9999750000000631,40.09552849560541,33.7875,45.7125,1,1,1,1,2069,80,80,2069.0,80.0,2068.0,2069,80,80.19005460300104,46631.58289478471
4487,0,313,0,0,400396,402511,585.806219,587.810199,2.003979999999956,40.34590313031662,33.7875,45.7125,1,1,1,1,2115,80,80,2116.0,80.0,2115.0,2115,80,80.85238295509043,47487.000868273186
4487,0,314,0,0,402511,403000,587.810199,588.241482,0.43128300000000763,40.23295628181142,33.7875,45.7125,1,1,1,1,489,17,17,489.0,17.0,489.0,489,17,17.35179008408886,48680.33286728118
4487,0,315,0,0,403000,405134,588.241482,590.242585,2.0011029999999437,40.35395758894184,33.7875,45.7125,1,1,1,1,2134,80,80,2137.0,80.0,2134.0,2134,80,80.75242559310209,47498.80440936957
4487,0,316,0,0,405134,407206,590.242585,592.242944,2.000359000000003,40.520165423731406,33.7875,45.7125,1,1,1,1,2072,80,80,2072.0,80.0,2072.0,2072,80,81.05487758685013,47271.01485283384
4487,0,317,0,0,407206,409277,592.242944,594.24346,2.0005160000000615,40.15026168283367,33.7875,45.7125,1,1,1,1,2071,80,80,2074.0,80.0,2071.0,2071,80,80.32124090069738,46922.39402234079
4487,0,318,0,0,409277,411285,594.24346,596.244847,2.0013870000000225,40.23996639215311,33.7875,45.7125,1,1,1,1,2008,80,80,2008.0,80.0,2008.0,2008,80,80.53574561769346,46160.987355268604
4487,0,319,0,0,411285,413375,596.244847,598.245565,2.000718000000006,40.307678152587584,33.7875,45.7125,1,1,1,1,2090,80,80,2094.0,80.0,2090.0,2090,80,80.64429721808847,46431.33115211625
4487,0,320,0,0,413375,415563,598.245565,600.24672,2.001154999999926,40.230394333175916,33.7875,45.7125,1,1,1,1,2188,80,80,2188.0,80.0,2188.0,2188,80,80.50725477180276,47216.73233707708
4487,0,321,0,0,415563,416000,600.24672,600.685264,0.43854399999997895,40.94713457499975,33.7875,45.7125,1,1,1,1,437,17,17,437.0,17.0,437.0,437,17,17.957120185057647,49304.06070998814
4487,0,322,0,0,416000,418117,600.685264,602.686481,2.001216999999997,40.55181885524863,33.7875,45.7125,1,1,1,1,2117,80,80,2123.0,80.0,2117.0,2117,80,81.15298927404365,48248.64070213283
4487,0,323,0,0,418117,420166,602.686481,604.690285,2.003804000000059,40.19732792475753,33.7875,45.7125,1,1,1,1,2049,80,80,2049.0,80.0,2049.0,2049,80,80.54756648494367,46268.4973180996
4487,0,324,0,0,420166,422242,604.690285,606.690752,2.000466999999958,39.803608786024924,33.7875,45.7125,1,1,1,1,2076,80,80,2076.0,80.0,2076.0,2076,80,79.62580585735122,46285.192407573806
4487,0,325,0,0,422242,424344,606.690752,608.691616,2.0008639999999787,39.894174953473765,33.7875,45.7125,1,1,1,1,2102,80,80,2102.0,80.0,2102.0,2102,80,79.82281847410559,45630.2877157073
4487,0,326,0,0,424344,426400,608.691616,610.692046,2.0004300000000512,39.71756215010316,33.7875,45.7125,1,1,1,1,2056,80,80,2056.0,80.0,2056.0,2056,80,79.45220285193318,46834.43059742035
4487,0,327,0,0,426400,428455,610.692046,612.692187,2.000140999999985,39.528799095406484,33.7875,45.7125,1,1,1,1,2055,80,80,2058.0,80.0,2055.0,2055,80,79.06317175148433,45684.77922306512
4487,0,328,0,0,428455,429000,612.692187,613.210109,0.5179219999999987,39.89770866824685,33.7875,45.7125,1,1,1,1,545,21,21,545.0,21.0,545.0,545,21,20.66390106887593,46879.64596985659
4487,0,329,0,0,429000,431053,613.210109,615.211349,2.0012400000000525,39.46757347008261,33.7875,45.7125,1,1,1,1,2053,80,80,2058.0,80.0,2053.0,2053,80,78.98408673126869,45602.7263096868
4487,0,330,0,0,431053,433157,615.211349,617.211898,2.000548999999978,39.68458483565706,33.7875,45.7125,1,1,1,1,2104,80,80,2106.0,80.0,2104.0,2104,80,79.39095650838863,45852.41351249132
4487,0,331,0,0,433157,435211,617.211898,619.213331,2.00143300000002,39.55458272629439,33.7875,45.7125,1,1,1,1,2054,78,78,2056.0,80.0,2054.0,2054,79,79.16584716963553,46183.40958703043
4487,0,332,0,0,435211,437306,619.213331,621.215609,2.002277999999933,39.70122134473421,33.7875,45.7125,1,1,1,1,2095,80,80,2095.0,80.0,2095.0,2095,80,79.49288207168865,46002.10360399659
4487,0,333,0,0,437306,439442,621.215609,623.217775,2.0021659999999883,40.00559460760267,33.7875,45.7125,1,1,1,1,2136,80,80,2138.0,79.0,2136.0,2136,79,80.09784133312496,46448.69606216495
4487,0,334,0,0,439442,441425,623.217775,625.219074,2.0012990000000173,39.476776675322505,33.7875,45.7125,1,1,1,1,1983,80,80,1984.0,80.0,1983.0,1983,80,79.00483368354617,46229.97363212553
4487,0,335,0,0,441425,442000,625.219074,625.758478,0.5394039999999904,39.6993344149565,33.7875,45.7125,1,1,1,1,575,22,22,576.0,22.0,575.0,575,22,21.413979780765658,45852.459381095505
4487,0,336,0,0,442000,444050,625.758478,627.758625,2.0001470000000836,39.70486903884693,33.7875,45.7125,1,1,1,1,2050,80,80,2051.0,80.0,2050.0,2050,80,79.4155746934448,46464.08488975866
4487,0,337,0,0,444050,446190,627.758625,629.760169,2.001543999999967,39.55979220553207,33.7875,45.7125,1,1,1,1,2140,80,80,2142.0,80.0,2141.0,2140,80,79.18066473022918,46187.84298521617
4487,0,338,0,0,446190,448235,629.760169,631.761614,2.0014449999999897,39.62520310059643,33.7875,45.7125,1,1,1,1,2045,80,80,2045.0,80.0,2044.0,2045,80,79.30766461967141,46849.15148805013
4487,0,339,0,0,448235,450414,631.761614,633.76365,2.0020359999999755,39.57895131819105,33.7875,45.7125,1,1,1,1,2179,80,80,2181.0,80.0,2179.0,2179,80,79.23848538126549,46097.07317950383
4487,0,340,0,0,450414,452457,633.76365,635.766046,2.002395999999976,39.92286149414368,33.7875,45.7125,1,1,1,1,2043,80,80,2044.0,80.0,2043.0,2043,80,79.94137816442526,46062.81674553939
4487,0,341,0,0,452457,454590,635.766046,637.766862,2.000815999999986,39.62520525261232,33.7875,45.7125,1,1,1,1,2133,80,80,2134.0,80.0,2133.0,2133,80,79.28274467270967,46517.52085149291
4487,0,342,0,0,454590,455000,637.766862,638.209007,0.44214500000009593,39.642370263706006,33.7875,45.7125,1,1,1,1,410,17,17,410.0,17.0,410.0,410,17,17.527675800251018,45387.82526093396
4487,0,343,0,0,455000,457066,638.209007,640.212209,2.0032019999999875,39.81480648325444,33.7875,45.7125,1,1,1,1,2066,79,79,2071.0,81.0,2066.0,2066,80,79.75709997686863,45754.24744983311
4487,0,344,0,0,457066,459116,640.212209,642.214486,2.0022769999999355,39.638376314329626,33.7875,45.7125,1,1,1,1,2050,80,80,2051.0,80.0,2050.0,2050,80,79.36700921152442,46429.14042362919
4487,0,345,0,0,459116,461179,642.214486,644.216762,2.0022760000000517,39.67846711750668,33.7875,45.7125,1,1,1,1,2063,80,80,2063.0,80.0,2063.0,2063,80,79.44724242617303,46594.9749185415
4487,0,346,0,0,461179,463240,644.216762,646.217376,2.0006139999999277,39.5164778580959,33.7875,45.7125,1,1,1,1,2061,80,80,2062.0,79.0,2061.0,2061,79,79.05721883359365,45399.56233436499
4487,0,347,0,0,463240,465241,646.217376,648.21845,2.001074000000017,39.754934557628935,33.7875,45.7125,1,1,1,1,2001,77,77,2067.0,80.0,2001.0,2001,77,79.55256591497164,45666.47710179595
4487,0,348,0,0,465241,467249,648.21845,650.220376,2.001926000000026,40.10364037531212,33.7875,45.7125,1,1,1,1,2008,80,80,2010.0,80.0,2008.0,2008,80,80.28452036198723,47035.704616453746
4487,0,349,0,0,467249,468000,650.220376,650.976348,0.7559720000000425,39.95530034138621,33.7875,45.7125,1,1,1,1,751,31,31,751.0,31.0,751.0,751,31,30.20508830968174,45786.08731540064
4487,0,350,0,0,468000,470072,650.976348,652.976724,2.00037599999996,39.68195791549296,33.7875,45.7125,1,1,1,1,2072,79,79,2075.0,80.0,2072.0,2072,80,79.3788362471605,46713.71782105057
4487,0,351,0,0,470072,472148,652.976724,654.977487,2.0007630000000063,40.11803888589961,33.7875,45.7125,1,1,1,1,2076,80,80,2076.0,79.0,2076.0,2076,79,80.26668783546847,45538.12720447135
4487,0,352,0,0,472148,474242,654.977487,656.977777,2.00028999999995,40.17321694408386,33.7875,45.7125,1,1,1,1,2094,80,80,2094.0,80.0,2094.0,2094,80,80.35808412107872,47477.61574571806
4487,0,353,0,0,474242,476313,656.977777,658.977824,2.0000470000001087,40.0850268688561,33.7875,45.7125,1,1,1,1,2071,80,80,2072.0,80.0,2071.0,2071,80,80.17193773397958,46484.40761641849
4487,0,354,0,0,476313,478516,658.977824,660.978538,2.0007139999999026,40.49301054967982,33.7875,45.7125,1,1,1,1,2203,80,80,2203.0,80.0,2203.0,2203,80,81.01493310888691,47647.989667690956
4487,0,355,0,0,478516,480657,660.978538,662.979102,2.000564000000054,40.247066352920406,33.7875,45.7125,1,1,1,1,2141,80,80,2141.0,80.0,2141.0,2141,80,80.51683205126756,47687.55211030361
4487,0,356,0,0,480657,481000,662.979102,663.276115,0.29701299999999264,40.82403474837417,33.7875,45.7125,1,1,1,1,343,12,12,343.0,12.0,343.0,343,12,12.125269032720098,47853.12427402286
4487,0,357,0,0,481000,483136,663.276115,665.276672,2.000556999999958,40.45346353863291,33.7875,45.7125,1,1,1,1,2136,80,80,2139.0,80.0,2136.0,2136,80,80.92945965645413,47612.73985195223
4487,0,358,0,0,483136,485147,665.276672,667.276879,2.000207000000046,40.457435072526486,33.7875,45.7125,1,1,1,1,2011,80,80,2013.0,80.0,2012.0,2011,80,80.92324483411358,47398.5942454945
4487,0,359,0,0,485147,487152,667.276879,669.277523,2.0006439999999657,40.729105938318895,33.7875,45.7125,1,1,1,1,2005,80,80,2005.0,80.0,2004.0,2005,80,81.4844414208601,46750.94619532591
4487,0,360,0,0,487152,489360,669.277523,671.278115,2.0005919999999833,40.41562313206049,33.7875,45.7125,1,1,1,1,2208,80,80,2208.0,80.0,2208.0,2208,80,80.85517231301492,47380.475379288124
4487,0,361,0,0,489360,491370,671.278115,673.2786,2.000485000000026,40.18333108222455,33.7875,45.7125,1,1,1,1,2010,80,80,2014.0,80.0,2010.0,2010,80,80.38615108002341,46642.18926910163
4487,0,362,0,0,491370,493385,673.2786,675.279616,2.0010160000000496,40.19318342705689,33.7875,45.7125,1,1,1,1,2015,80,80,2015.0,80.0,2015.0,2015,80,80.42720312847814,46174.04358585724
4487,0,363,0,0,493385,494000,675.279616,675.893965,0.6143489999999474,40.10575025245315,33.7875,45.7125,1,1,1,1,615,24,24,615.0,24.0,615.0,615,24,24.638927561842138,47334.658313112726
4487,0,364,0,0,494000,496134,675.893965,677.895293,2.0013280000000577,39.81728551705969,33.7875,45.7125,1,1,1,1,2134,80,80,2136.0,80.0,2134.0,2134,80,79.68744838928978,46165.84587833545
4487,0,365,0,0,496134,498220,677.895293,679.896229,2.0009359999999106,40.08120663549643,33.7875,45.7125,1,1,1,1,2086,80,80,2088.0,80.0,2086.0,2086,80,80.19992928039937,46186.3847719288
4487,0,366,0,0,498220,500338,679.896229,681.896841,2.0006120000000465,40.11704196508899,33.7875,45.7125,1,1,1,1,2118,80,80,2119.0,80.0,2118.0,2118,80,80.25863555986143,46394.30334317591
4487,0,367,0,0,500338,502497,681.896841,683.898221,2.00138000000004,39.989940431775445,33.7875,45.7125,1,1,1,1,2159,80,80,2160.0,80.0,2159.0,2159,80,80.03506698134879,47612.64727338041
4487,0,368,0,0,502497,504630,683.898221,685.900332,2.0021110000000135,40.19784845182785,33.7875,45.7125,1,1,1,1,2133,80,80,2133.0,80.0,2133.0,2133,80,80.48055456173824,46288.14286520546
4487,0,369,0,0,504630,506687,685.900332,687.900442,2.0001099999999497,39.72820998283768,33.7875,45.7125,1,1,1,1,2057,80,80,2057.0,80.0,2057.0,2057,80,79.46079006876971,46141.46221957909
4487,0,370,0,0,506687,507000,687.900442,688.19949,0.29904799999997067,39.6384633771164,33.7875,45.7125,1,1,1,1,313,12,12,313.0,12.0,313.0,313,12,11.853803195997898,45196.75771114111
4487,0,371,0,0,507000,508641,688.19949,690.219069,2.0195790000000216,31.32938547505644,33.7875,45.7125,1,0,0,1,1641,80,80,1644.0,81.0,1641.0,1641,81,63.27216898832921,36362.529022137394
4487,0,372,0,0,508641,508721,690.219069,692.221345,2.0022760000000517,0.9690538054949702,33.7875,45.7125,1,0,0,0,80,80,80,80.0,80.0,80.0,80,80,1.9403131774524809,607.3088824917087
4487,0,373,0,0,508721,508801,692.221345,694.223622,2.0022769999999355,0.9656187530319842,33.7875,45.7125,1,0,0,0,80,80,80,80.0,80.0,80.0,80,80,1.9334362199660973,596.3210884408294
4487,0,374,0,0,508801,508881,694.223622,696.225898,2.0022760000000517,0.9679089168600539,33.7875,45.7125,1,0,0,0,80,80,80,80.0,80.0,80.0,80,80,1.9380207944159338,572.3486672166927
4487,0,375,0,0,508881,508961,696.225898,698.228176,2.002277999999933,0.9660867295387242,33.7875,45.7125,1,0,0,0,80,80,80,80.0,80.0,80.0,80,80,1.934374204647611,591.326479140279
4487,0,376,0,0,508961,509042,698.228176,700.230453,2.002277000000049,0.9667116007285576,33.7875,45.7125,1,0,0,0,81,80,80,81.0,80.0,81.0,81,80,1.935624403773545,557.8648708445298
4487,0,377,0,0,509042,509123,700.230453,702.232733,2.0022800000000416,0.9672828825924988,33.7875,45.7125,1,0,0,0,81,80,80,81.0,80.0,81.0,81,80,1.9367711701561348,585.3327206983917
4487,0,378,0,0,509123,509203,702.232733,704.235006,2.0022729999999456,0.9643192875057216,33.7875,45.7125,1,0,0,0,80,80,80,80.0,80.0,80.0,80,80,1.9308304727528594,600.8171712848512
4487,0,379,0,0,509203,509283,704.235006,706.237284,2.0022780000000466,0.9656704068145601,33.7875,45.7125,1,0,0,0,80,80,80,80.0,80.0,80.0,80,80,1.9335406108148163,610.8042939092231
4487,0,380,0,0,509283,509365,706.237284,708.23956,2.002275999999938,0.9599467368081802,33.7875,45.7125,1,0,0,0,82,80,80,82.0,80.0,82.0,82,80,1.9220783123892033,606.3100191981713
4487,0,381,0,0,509365,509446,708.23956,710.241838,2.0022780000000466,0.9552623387115592,33.7875,45.7125,1,0,0,0,81,80,80,81.0,80.0,81.0,81,80,1.9127007650313317,603.3128266903856
4487,0,382,0,0,509446,509526,710.241838,712.244114,2.002275999999938,0.9536498493161407,33.7875,45.7125,1,0,0,0,80,80,80,80.0,80.0,80.0,80,80,1.9094702056900132,578.8412786249428
4487,0,383,0,0,509526,509662,712.244114,714.246389,2.002275000000054,1.7619420098342515,33.7875,45.7125,1,0,0,0,136,80,80,136.0,80.0,136.0,136,80,3.5278924377416843,2184.5151140577
4487,0,384,0,0,509662,509834,714.246389,716.248667,2.002277999999933,2.015167953980773,33.7875,45.7125,1,0,0,1,172,79,79,172.0,80.0,172.0,172,79,4.03492646056111,2750.367331609389
4487,0,385,0,0,509834,510041,716.248667,718.250943,2.0022760000000517,2.9021982655509757,33.7875,45.7125,1,0,0,1,207,80,80,207.0,80.0,207.0,207,80,5.811001934354863,3667.326582349192
4487,0,386,0,0,510041,510299,718.250943,720.25322,2.002277000000049,3.634977312569422,33.7875,45.7125,1,0,0,1,258,80,80,258.0,80.0,258.0,258,80,7.2782314684809535,4792.5436890099445
4487,0,387,0,0,510299,510759,720.25322,722.253449,2.0002289999999903,7.119921516459568,33.7875,45.7125,1,0,0,1,460,80,80,461.0,79.0,460.0,460,79,14.24147349494524,8883.982783971278
4487,0,388,0,0,510759,511287,722.253449,724.256894,2.0034449999999424,9.05517121588765,33.7875,45.7125,1,0,0,1,528,80,80,528.0,80.0,528.0,528,80,18.141537496612727,11152.78932039594
4487,0,389,0,0,511287,511974,724.256894,726.26005,2.00315599999999,11.245659782020223,33.7875,45.7125,1,0,0,1,687,80,80,687.0,81.0,687.0,687,81,22.52681086631128,13826.182284355356
4487,0,390,0,0,511974,512788,726.26005,728.261871,2.0018210000000636,13.76642517904358,33.7875,45.7125,1,0,0,1,814,80,80,814.0,79.0,814.0,814,79,27.557919018337998,16950.566509192842
4487,0,391,0,0,512788,513592,728.261871,730.262225,2.000353999999902,15.42280163259151,33.7875,45.7125,1,0,0,1,804,80,80,804.0,80.0,804.0,804,80,30.85106293695935,18425.238732745205
4487,0,392,0,0,513592,514585,730.262225,732.262839,2.0006140000000414,17.311561934105757,33.7875,45.7125,1,0,0,1,993,80,80,993.0,80.0,993.0,993,80,34.633753167239774,20730.135848294143
4487,0,393,0,0,514585,515639,732.262839,734.263095,2.000256000000036,19.6694355676393,33.7875,45.7125,1,0,0,1,1054,80,80,1055.0,80.0,1055.0,1054,80,39.34390651078502,23168.03449158466
4487,0,394,0,0,515639,516812,734.263095,736.265439,2.0023439999999937,21.532298303728933,33.7875,45.7125,1,0,0,1,1173,80,80,1172.0,80.0,1172.0,1173,80,43.115068314680684,25803.757995629203
4487,0,395,0,0,516812,517995,736.265439,738.268849,2.0034100000000308,23.310743407456066,33.7875,45.7125,1,0,0,1,1183,80,80,1183.0,80.0,1183.0,1183,80,46.70097644993075,27533.0561392821
4487,0,396,0,0,517995,519294,738.268849,740.269482,2.0006329999999934,25.607200316775554,33.7875,45.7125,1,0,0,1,1299,80,80,1299.0,80.0,1299.0,1299,80,51.23060999135123,29117.784221294056
4487,0,397,0,0,519294,520000,740.269482,741.306305,1.036822999999913,25.899960596934847,33.7875,45.7125,1,0,0,1,706,42,42,706.0,42.0,706.0,706,42,26.853674845991918,30421.778837856265
4487,0,398,0,0,520000,521561,741.306305,743.30767,2.001365000000078,28.41316559679648,33.7875,45.7125,1,0,0,1,1561,80,80,1563.0,80.0,1561.0,1561,80,56.86511516463361,33347.24050835175
4487,0,399,0,0,521561,523182,743.30767,745.307952,2.00028199999997,29.79779489510279,33.7875,45.7125,1,0,0,1,1621,80,80,1622.0,80.0,1621.0,1621,80,59.60399276836688,35033.56026800274
4487,0,400,0,0,523182,524841,745.307952,747.308986,2.001034000000004,31.167428250889426,33.7875,45.7125,1,0,0,1,1659,79,79,1659.0,80.0,1659.0,1659,80,62.367083622590144,36448.15630319117
4487,0,401,0,0,524841,526604,747.308986,749.311262,2.0022760000000517,33.68232105370306,33.7875,45.7125,1,0,0,1,1763,80,80,1763.0,80.0,1763.0,1763,80,67.44130307012529,39370.19671613602
4487,0,402,0,0,526604,528424,749.311262,751.311698,2.0004359999999224,34.87724628641282,33.7875,45.7125,1,1,0,1,1820,80,80,1820.0,79.0,1820.0,1820,79,69.7696990522054,40332.70746977315
4487,0,403,0,0,528424,530446,751.311698,753.311735,2.0000370000000203,37.06308780599181,33.7875,45.7125,1,1,1,1,2022,80,80,2022.0,80.0,2022.0,2022,80,74.12754694623436,43298.19898331837
4487,0,404,0,0,530446,532407,753.311735,755.311707,1.999971999999957,38.49855651172905,33.7875,45.7125,1,1,1,1,1961,80,80,1961.0,80.0,1961.0,1961,80,76.99603506387575,44438.622140710926
4487,0,405,0,0,532407,533000,755.311707,755.906949,0.5952420000000984,39.34480098571394,33.7875,45.7125,1,1,1,1,593,24,24,593.0,24.0,593.0,593,24,23.419678028341878,45124.50398324641
4487,0,406,0,0,533000,535145,755.906949,757.907838,2.0008889999999155,38.89526887683708,33.7875,45.7125,1,1,1,1,2145,80,80,2150.0,80.0,2145.0,2145,80,77.82511564770175,45811.63672747657
4487,0,407,0,0,535145,537201,757.907838,759.908008,2.0001700000000255,39.09307766305689,33.7875,45.7125,1,1,1,1,2056,80,80,2056.0,80.0,2056.0,2056,80,78.19280114931826,45794.607458365455
4487,0,408,0,0,537201,539256,759.908008,761.910369,2.0023609999999508,39.34400672261363,33.7875,45.7125,1,1,1,1,2055,80,80,2056.0,80.0,2055.0,2055,80,78.7809046450966,45618.647186996874
4487,0,409,0,0,539256,541365,761.910369,763.910829,2.000460000000089,39.70978130380467,33.7875,45.7125,1,1,1,1,2109,80,80,2110.0,80.0,2109.0,2109,80,79.43782910701339,46482.80895393852
4487,0,410,0,0,541365,543484,763.910829,765.911176,2.0003469999999197,39.57803672907235,33.7875,45.7125,1,1,1,1,2119,80,80,2120.0,80.0,2119.0,2119,80,79.1698070368875,45796.554297831164
4487,0,411,0,0,543484,545493,765.911176,767.911392,2.000216000000023,39.717310885951626,33.7875,45.7125,1,1,1,1,2009,80,80,2009.0,80.0,2009.0,2009,80,79.4432007110554,46034.02832494037
4487,0,412,0,0,545493,546000,767.911392,768.446343,0.5349509999999782,39.75920663977124,33.7875,45.7125,1,1,1,1,507,21,21,507.0,21.0,507.0,507,21,21.26922735115295,45931.30959658175
4487,0,413,0,0,546000,547996,768.446343,770.447093,2.000750000000039,39.50364915386517,33.7875,45.7125,1,1,1,1,1996,80,80,1999.0,80.0,1996.0,1996,80,79.03692604459866,45788.32937648292
4487,0,414,0,0,547996,550063,770.447093,772.448809,2.0017159999999876,39.64334121403052,33.7875,45.7125,1,1,1,1,2067,80,80,2067.0,80.0,2067.0,2067,80,79.35471040158518,45602.37316382572
4487,0,415,0,0,550063,552157,772.448809,774.448932,2.0001230000000305,40.024746261630405,33.7875,45.7125,1,1,1,1,2094,80,80,2094.0,80.0,2094.0,2094,80,80.05441556705046,46837.61948640087
4487,0,416,0,0,552157,554239,774.448932,776.449263,2.00033099999996,39.520270310602506,33.7875,45.7125,1,1,1,1,2082,80,80,2083.0,80.0,2082.0,2082,80,79.053621830677,46266.842837511314
4487,0,417,0,0,554239,556223,776.449263,778.449946,2.000682999999981,39.73646938494164,33.7875,45.7125,1,1,1,1,1984,80,80,1984.0,80.0,1984.0,1984,80,79.50007877847383,45608.42472295755
4487,0,418,0,0,556223,558295,778.449946,780.450002,2.000056000000086,39.597990088410874,33.7875,45.7125,1,1,1,1,2072,80,80,2072.0,80.0,2072.0,2072,80,79.19819766427099,45904.21468198693
4487,0,419,0,0,558295,559000,780.450002,781.118269,0.6682670000000144,39.677174918631046,33.7875,45.7125,1,1,1,1,705,26,26,706.0,26.0,705.0,705,26,26.51494665135033,46750.774765175185
4487,0,420,0,0,559000,561121,781.118269,783.118578,2.000308999999902,39.77110701818249,33.7875,45.7125,1,1,1,1,2121,80,80,2126.0,80.0,2121.0,2121,80,79.55450330843087,46350.83879540838
4487,0,421,0,0,561121,563187,783.118578,785.118595,2.0000170000000708,39.81439697738463,33.7875,45.7125,1,1,1,1,2066,80,80,2067.0,80.0,2066.0,2066,80,79.6294707995221,45969.10926256964
4487,0,422,0,0,563187,565230,785.118595,787.1197,2.0011049999999386,39.75239504363811,33.7875,45.7125,1,1,1,1,2043,80,80,2043.0,80.0,2043.0,2043,80,79.54871648379776,46355.38864777353
4487,0,423,0,0,565230,567229,787.1197,789.12027,2.000570000000039,39.55020824847899,33.7875,45.7125,1,1,1,1,1999,80,80,1999.0,80.0,1999.0,1999,80,79.12296011566286,45586.007987722616
4487,0,424,0,0,567229,569296,789.12027,791.120498,2.000227999999993,39.82907516178889,33.7875,45.7125,1,1,1,1,2067,80,80,2069.0,80.0,2067.0,2067,80,79.66723135271604,46946.14813911231
4487,0,425,0,1,569296,571439,791.120498,793.121992,2.0014939999999797,27.479687825450537,33.7875,45.7125,1,0,0,1,2143,80,80,2143.0,80.0,2143.0,2143,80,79.9316189919773,31821.233372129216
4487,0,426,1,1,571439,572000,793.121992,793.668052,0.5460600000000113,40.17320579894139,33.7875,45.7125,1,1,0,1,561,22,22,561.0,22.0,561.0,561,22,21.936980758571735,46699.99633739785
4487,0,427,1,1,572000,574070,793.668052,795.670852,2.0027999999999793,40.19688416211094,33.7875,45.7125,1,1,1,1,2070,80,80,2074.0,80.0,2070.0,2070,80,80.50631959987368,46995.70601158427
4487,0,428,1,1,574070,576197,795.670852,797.671209,2.000357000000008,40.10765043965321,33.7875,45.7125,1,1,1,1,2127,80,80,2127.0,80.0,2127.0,2127,80,80.22961931051395,47034.104412362205
4487,0,429,1,1,576197,578293,797.671209,799.673401,2.0021920000000364,39.787227370313346,33.7875,45.7125,1,1,1,1,2096,80,80,2098.0,80.0,2096.0,2096,80,79.66166834302567,45763.842828259396
4487,0,430,1,1,578293,580341,799.673401,801.675189,2.001788000000033,40.00140078437624,33.7875,45.7125,1,1,1,1,2048,80,80,2048.0,80.0,2048.0,2048,80,80.07432407335727,46622.81919963475
4487,0,431,1,1,580341,582387,801.675189,803.676174,2.0009849999999005,39.87547497945508,33.7875,45.7125,1,1,1,1,2046,80,80,2049.0,80.0,2046.0,2046,80,79.79022730176075,45274.202455293016
4487,0,432,1,1,582387,584411,803.676174,805.677335,2.0011610000000246,39.52218267664438,33.7875,45.7125,1,1,1,1,2024,80,80,2026.0,80.0,2024.0,2024,80,79.09025060737622,46096.740841940686
4487,0,433,1,1,584411,585000,805.677335,806.302463,0.6251280000000179,39.97640974981914,33.7875,45.7125,1,1,1,1,589,25,25,589.0,25.0,589.0,589,25,24.990373074084346,45163.55050485531
4487,0,434,1,1,585000,587146,806.302463,808.302938,2.0004750000000513,39.98492233289865,33.7875,45.7125,1,1,1,1,2146,79,79,2147.0,79.0,2146.0,2146,79,79.98883750390814,46771.39179444762
4487,0,435,1,1,587146,589211,808.302938,810.30377,2.0008319999999458,39.44678332600865,33.7875,45.7125,1,1,1,1,2065,80,80,2069.0,80.0,2065.0,2065,80,78.92638637574419,45620.022070819774
4487,0,436,1,1,589211,591306,810.30377,812.303867,2.0000969999999825,39.578792025075614,33.7875,45.7125,1,1,1,1,2095,80,80,2096.0,80.0,2095.0,2095,80,79.16142319297796,45481.79413298495
4487,0,437,1,1,591306,593366,812.303867,814.303889,2.000022000000058,39.559221014973865,33.7875,45.7125,1,1,1,1,2060,80,80,2060.0,80.0,2060.0,2060,80,79.11931233281211,45627.99809201966
4487,0,438,1,1,593366,595460,814.303889,816.304737,2.000848000000019,39.72081386476154,33.7875,45.7125,1,1,1,1,2094,80,80,2094.0,80.0,2094.0,2094,80,79.47531097968022,45801.580130024435
4487,0,439,1,1,595460,597525,816.304737,818.305188,2.000450999999998,39.70912568953123,33.7875,45.7125,1,1,1,1,2065,80,80,2065.0,80.0,2065.0,2065,80,79.43616019474939,46242.572299946405
4487,0,440,1,1,597525,598000,818.305188,818.730438,0.42525000000000546,39.669469693307654,33.7875,45.7125,1,1,1,1,475,17,17,475.0,17.0,475.0,475,17,16.86944198708079,46001.175778952966
4487,0,441,1,1,598000,600092,818.730438,820.73042,1.9999819999999318,39.44101178363276,33.7875,45.7125,1,1,1,1,2092,80,80,2094.0,80.0,2092.0,2092,80,78.88131362905187,45333.908005173595
4487,0,442,1,1,600092,602226,820.73042,822.730576,2.000156000000061,39.64660470372948,33.7875,45.7125,1,1,1,1,2134,79,79,2135.0,80.0,2134.0,2134,79,79.29939427779391,46478.87464777606
4487,0,443,1,1,602226,604284,822.730576,824.731055,2.0004789999999275,39.57970899360389,33.7875,45.7125,1,1,1,1,2058,80,80,2061.0,80.0,2058.0,2058,80,79.1783766678127,46251.922664523525
4487,0,444,1,1,604284,606365,824.731055,826.731359,2.0003040000000283,39.40234464876028,33.7875,45.7125,1,1,1,1,2081,80,80,2082.0,80.0,2081.0,2081,80,78.81666761029555,46763.39196442075
4487,0,445,1,1,606365,608447,826.731359,828.733096,2.0017370000000483,39.5556841473043,33.7875,45.7125,1,1,1,1,2082,80,80,2084.0,80.0,2082.0,2082,80,79.18007651797598,44983.93145552979
4487,0,446,1,1,608447,610557,828.733096,830.733453,2.000357000000008,39.80542242424049,33.7875,45.7125,1,1,1,1,2110,80,80,2111.0,80.0,2110.0,2110,80,79.6250553842874,47152.08335312128
4487,0,447,1,1,610557,611000,830.733453,831.164622,0.4311689999999544,39.75948452602308,33.7875,45.7125,1,1,1,1,443,17,17,447.0,17.0,443.0,443,17,17.143057183599012,45330.253334544155
4487,0,448,1,1,611000,613056,831.164622,833.167645,2.0030229999999847,39.36087486628428,33.7875,45.7125,1,1,1,1,2056,80,80,2062.0,80.0,2056.0,2056,80,78.84073765729045,45731.876269019725
4487,0,449,1,1,613056,615092,833.167645,835.168009,2.0003639999999905,39.68776845873422,33.7875,45.7125,1,1,1,1,2036,80,80,2037.0,80.0,2036.0,2036,80,79.38998326518777,44898.32850421245
4487,0,450,1,1,615092,617231,835.168009,837.168064,2.000054999999975,39.12808419155414,33.7875,45.7125,1,1,1,1,2139,80,80,2139.0,80.0,2139.0,2139,80,78.25832042773618,45949.23639599969
4487,0,451,1,1,617231,619333,837.168064,839.168232,2.0001680000000306,39.99410371045912,33.7875,45.7125,1,1,1,1,2102,80,80,2103.0,80.0,2102.0,2102,80,79.99492643034318,46967.05476739882
4487,0,452,1,1,619333,621312,839.168232,841.169576,2.0013440000000173,39.61188615875501,33.7875,45.7125,1,1,1,1,1979,80,80,1982.0,80.0,1979.0,1979,80,79.27701069250907,45762.747433724144
4487,0,453,1,1,621312,623346,841.169576,843.169791,2.0002150000000256,39.636584924419275,33.7875,45.7125,1,1,1,1,2034,80,80,2034.0,80.0,2034.0,2034,80,79.2816917145974,46458.00576437973
4487,0,454,1,1,623346,624000,843.169791,843.812322,0.6425309999999627,39.942237366460105,33.7875,45.7125,1,1,1,1,654,25,25,656.0,25.0,654.0,654,25,25.664125717306888,47372.03341162025
4487,0,455,1,1,624000,626069,843.812322,845.812544,2.000222000000008,39.75558547626601,33.7875,45.7125,1,1,1,1,2069,80,80,2071.0,80.0,2069.0,2069,80,79.51999669250654,45934.401281457576
4487,0,456,1,1,626069,628143,845.812544,847.813068,2.0005240000000413,39.61726243812401,33.7875,45.7125,1,1,1,1,2074,80,80,2074.0,80.0,2074.0,2074,80,79.25528432176725,45893.97577834513
4487,0,457,1,1,628143,630257,847.813068,849.81412,2.0010519999999588,39.4464770896985,33.7875,45.7125,1,1,1,1,2114,80,80,2114.0,80.0,2114.0,2114,80,78.93445187329417,46283.15506043917
4487,0,458,1,1,630257,632328,849.81412,851.815251,2.0011309999999867,39.259141037071295,33.7875,45.7125,1,1,1,1,2071,80,80,2073.0,80.0,2071.0,2071,80,78.56268416265448,46253.343734118665
4487,0,459,1,1,632328,634449,851.815251,853.816491,2.0012400000000525,39.26128269785958,33.7875,45.7125,1,1,1,1,2121,80,80,2121.0,80.0,2121.0,2121,80,78.57124938626657,45031.58042013833
4487,0,460,1,1,634449,636553,853.816491,855.817657,2.001166000000012,39.29016793202246,33.7875,45.7125,1,1,1,1,2104,80,80,2104.0,80.0,2104.0,2104,80,78.62614819985538,45418.52100225541
4487,0,461,1,1,636553,637000,855.817657,856.267063,0.44940599999995356,39.44596668443291,33.7875,45.7125,1,1,1,1,447,18,18,447.0,18.0,447.0,447,18,17.72725410378189,46136.45567705403
4487,0,462,1,1,637000,639015,856.267063,858.26713,2.0000669999999445,39.48055315498712,33.7875,45.7125,1,1,1,1,2015,80,80,2016.0,80.0,2015.0,2015,80,78.9637515070317,45296.482567835235
4487,0,463,1,1,639015,640971,858.26713,860.267233,2.000103000000081,39.48542036231687,33.7875,45.7125,1,1,1,1,1956,80,80,1956.0,80.0,1956.0,1956,80,78.97490772293531,45694.646725691775
4487,0,464,1,1,640971,643047,860.267233,862.268684,2.0014509999999746,39.362537008368314,33.7875,45.7125,1,1,1,1,2076,80,80,2076.0,80.0,2076.0,2076,80,78.7821890579362,45601.416172567384
4487,0,465,1,1,643047,645105,862.268684,864.268875,2.0001909999999725,39.54078732511421,33.7875,45.7125,1,1,1,1,2058,80,80,2059.0,80.0,2058.0,2058,80,79.08912694060564,46218.58612502569
4487,0,466,1,1,645105,647173,864.268875,866.269034,2.0001590000000533,39.428630162934034,33.7875,45.7125,1,1,1,1,2068,79,79,2068.0,79.0,2068.0,2068,79,78.86352947806517,46264.82194665401
4487,0,467,1,1,647173,649219,866.269034,868.270335,2.001301000000012,39.54739063261518,33.7875,45.7125,1,1,1,1,2046,80,80,2046.0,80.0,2046.0,2046,80,79.146232420444,45780.71964187268
4487,0,468,1,1,649219,650000,868.270335,869.018424,0.7480889999999363,39.23814498020737,33.7875,45.7125,1,1,1,1,781,30,30,782.0,30.0,781.0,781,30,29.353624640094495,46117.50740888175
4487,0,469,1,1,650000,652027,869.018424,871.019065,2.0006409999999732,39.44042690590512,33.7875,45.7125,1,1,1,1,2027,80,80,2029.0,80.0,2027.0,2027,80,78.90613512545679,45210.5100315355
4487,0,470,1,1,652027,653980,871.019065,873.020363,2.00129800000002,39.254162842833736,33.7875,45.7125,1,1,1,1,1953,80,80,1954.0,80.0,1953.0,1953,80,78.55927758904,46213.50743367509
4487,0,471,1,1,653980,656069,873.020363,875.020477,2.0001140000000532,39.23680745560534,33.7875,45.7125,1,1,1,1,2089,80,80,2089.0,80.0,2089.0,2089,80,78.47808790726413,45520.40533689458
4487,0,472,1,1,656069,658072,875.020477,877.021356,2.000878999999941,39.16126192334354,33.7875,45.7125,1,1,1,1,2003,79,79,2035.0,80.0,2003.0,2003,79,78.35694659591536,45418.038771961066
4487,0,473,1,1,658072,660139,877.021356,879.0219,2.0005439999999908,39.549521805676,33.7875,45.7125,1,1,1,1,2067,80,80,2068.0,80.0,2067.0,2067,80,79.12055855121434,46216.429131276505
4487,0,474,1,1,660139,662109,879.0219,881.026451,2.004550999999992,39.10723786811289,33.7875,45.7125,1,1,1,1,1970,80,80,1973.0,80.0,1970.0,1970,80,78.39245277576265,45123.32188105983
4487,0,475,1,1,662109,663000,881.026451,881.888777,0.8623260000000528,39.18377266252061,33.7875,45.7125,1,1,1,1,891,35,35,892.0,35.0,891.0,891,35,33.789185944981,45833.01442841522
4487,0,476,1,1,663000,665030,881.888777,883.889237,2.0004599999999755,39.638056631366226,33.7875,45.7125,1,1,1,1,2030,79,79,2033.0,79.0,2030.0,2030,79,79.29434676878009,45492.03683152931
4487,0,477,1,1,665030,666967,883.889237,885.890642,2.001404999999977,39.622607120946675,33.7875,45.7125,1,1,1,1,1937,74,74,2081.0,80.0,1937.0,1937,74,79.30088400489694,46055.146259753055
4487,0,478,1,1,666967,669067,885.890642,887.892683,2.0020410000000766,39.88457409717556,33.7875,45.7125,1,1,1,1,2100,80,80,2100.0,80.0,2100.0,2100,80,79.85055261008529,47085.44929898858
4487,0,479,1,1,669067,671164,887.892683,889.893059,2.00037599999996,40.11154267403351,33.7875,45.7125,1,1,1,1,2097,80,80,2098.0,80.0,2097.0,2097,80,80.23816728810925,47240.61876367337
4487,0,480,1,1,671164,673229,889.893059,891.894125,2.001066000000037,39.49119253927529,33.7875,45.7125,1,1,1,1,2065,80,80,2065.0,80.0,2065.0,2065,80,79.02448268979788,45584.703353111945
4487,0,481,1,1,673229,675277,891.894125,893.89643,2.0023049999999785,39.9072859451129,33.7875,45.7125,1,1,1,1,2048,80,80,2050.0,80.0,2048.0,2048,80,79.90655818432788,46117.8491788219
4487,0,482,1,1,675277,676000,893.89643,894.600459,0.7040289999999914,40.18220154350216,33.7875,45.7125,1,1,1,1,723,28,28,723.0,28.0,723.0,723,28,28.289435170470824,45611.75747021841
4487,0,483,1,1,676000,678002,894.600459,896.6022,2.001741000000038,39.97870284775629,33.7875,45.7125,1,1,1,1,2002,79,79,2004.0,80.0,2002.0,2002,79,80.02700861717312,45844.59228241728
4487,0,484,1,1,678002,680068,896.6022,898.602659,2.000458999999978,40.25286700510759,33.7875,45.7125,1,1,1,1,2066,80,80,2066.0,80.0,2066.0,2066,80,80.52421007616795,46718.278155163905
4487,0,485,1,1,680068,682158,898.602659,900.603058,2.000399000000016,39.98872610248183,33.7875,45.7125,1,1,1,1,2090,80,80,2090.0,80.0,2090.0,2090,80,79.99340770667914,45853.35225622452
4487,0,486,1,1,682158,684249,900.603058,902.604088,2.0010300000000143,39.786267088704115,33.7875,45.7125,1,1,1,1,2091,80,80,2092.0,80.0,2091.0,2091,80,79.61351403250956,45789.41844949818
4487,0,487,1,1,684249,686328,902.604088,904.605113,2.0010249999999132,40.228204810952555,33.7875,45.7125,1,1,1,1,2079,80,80,2080.0,80.0,2079.0,2079,80,80.49764353183127,47268.77475294117
4487,0,488,1,1,686328,688361,904.605113,906.606081,2.000968000000057,40.25126862835015,33.7875,45.7125,1,1,1,1,2033,80,80,2034.0,80.0,2033.0,2033,80,80.54150048473457,46877.81113940719
4487,0,489,1,1,688361,689000,906.606081,907.231444,0.625362999999993,40.0112793286371,33.7875,45.7125,1,1,1,1,639,25,25,639.0,25.0,639.0,639,25,25.021573674795945,46704.07427366238
4487,0,490,1,1,689000,691041,907.231444,909.232275,2.0008309999999483,39.862905974186965,33.7875,45.7125,1,1,1,1,2041,79,79,2047.0,80.0,2041.0,2041,79,79.7589380232348,46193.306681075206
4487,0,491,1,1,691041,693082,909.232275,911.234095,2.001820000000066,40.04917299665842,33.7875,45.7125,1,1,1,1,2041,80,80,2043.0,80.0,2041.0,2041,80,80.17123548817472,47231.51931741959
4487,0,492,1,1,693082,695184,911.234095,913.234149,2.0000539999999773,39.81126745828819,33.7875,45.7125,1,1,1,1,2102,80,80,2102.0,80.0,2102.0,2102,80,79.6246847250186,46434.24627535109
4487,0,493,1,1,695184,697267,913.234149,915.234511,2.0003619999999955,40.11984395157089,33.7875,45.7125,1,1,1,1,2083,80,80,2083.0,80.0,2083.0,2083,80,80.25421128665039,45600.74626492615
4487,0,494,1,1,697267,699397,915.234511,917.23468,2.000169000000028,40.10952680161699,33.7875,45.7125,1,1,1,1,2130,80,80,2131.0,80.0,2130.0,2130,80,80.22583211326491,46405.57872859678
4487,0,495,1,1,699397,701529,917.23468,919.239953,2.0052729999999883,39.90316755294092,33.7875,45.7125,1,1,1,1,2132,80,80,2132.0,80.0,2132.0,2132,80,80.01674450838982,46830.03261900028
4487,0,496,1,1,701529,702000,919.239953,919.701118,0.4611649999999372,39.85292202749746,33.7875,45.7125,1,1,1,1,471,18,18,473.0,18.0,471.0,471,18,18.37877278680753,45935.836414304824
4487,0,497,1,1,702000,703997,919.701118,921.701649,2.0005310000000236,39.61269719322733,33.7875,45.7125,1,1,1,1,1997,80,80,2001.0,80.0,1997.0,1997,80,79.24642872866389,45715.86243852203
4487,0,498,1,1,703997,706090,921.701649,923.701764,2.0001150000000507,39.49560393686662,33.7875,45.7125,1,1,1,1,2093,80,80,2095.0,80.0,2094.0,2093,80,78.99574986818698,45988.85564079949
4487,0,499,1,1,706090,708149,923.701764,925.702033,2.000269000000003,39.50872664576697,33.7875,45.7125,1,1,1,1,2059,80,80,2058.0,80.0,2058.0,2059,80,79.02808113900028,46579.235092879935
4487,0,500,1,1,708149,710212,925.702033,927.705028,2.0029949999999417,39.41703362593811,33.7875,45.7125,1,1,1,1,2063,80,80,2064.0,80.0,2063.0,2063,80,78.9521212675827,45370.05833764071
4487,0,501,1,1,710212,712342,927.705028,929.706295,2.0012669999999844,39.94183918170271,33.7875,45.7125,1,1,1,1,2130,80,80,2132.0,80.0,2130.0,2130,80,79.9342846736472,46718.403891135335
4487,0,502,1,1,712342,714467,929.706295,931.707205,2.00091000000009,39.85524678851959,33.7875,45.7125,1,1,1,1,2125,80,80,2126.0,80.0,2125.0,2125,80,79.74676185162025,46530.32870043921
4487,0,503,1,1,714467,715000,931.707205,932.213958,0.5067530000000033,39.76406537579758,33.7875,45.7125,1,1,1,1,533,20,20,533.0,20.0,533.0,533,20,20.15055942138133,46176.342320617434
4487,0,504,1,1,715000,717051,932.213958,934.214739,2.000780999999961,39.82650444788821,33.7875,45.7125,1,1,1,1,2051,80,80,2052.0,80.0,2051.0,2051,80,79.68411339574959,46578.81097431544
4487,0,505,1,1,717051,719096,934.214739,936.21526,2.000520999999935,39.79613295726693,33.7875,45.7125,1,1,1,1,2045,80,80,2045.0,80.0,2045.0,2045,80,79.61299969980246,46414.90891622883
4487,0,506,1,1,719096,721242,936.21526,938.215236,1.9999760000000606,39.79556746365738,33.7875,45.7125,1,1,1,1,2146,80,80,2147.0,80.0,2146.0,2146,80,79.59017983369631,47015.06418076874
4487,0,507,1,1,721242,723307,938.215236,940.2166,2.001363999999967,39.7868962003952,33.7875,45.7125,1,1,1,1,2065,80,80,2066.0,80.0,2065.0,2065,80,79.62806172720593,45736.3078380552
4487,0,508,1,1,723307,725396,940.2166,942.21718,2.0005800000000136,39.80173594921591,33.7875,45.7125,1,1,1,1,2089,80,80,2089.0,80.0,2089.0,2089,80,79.62655690528118,46412.54036329433
4487,0,509,1,1,725396,727492,942.21718,944.217965,2.0007850000000644,40.23222612825702,33.7875,45.7125,1,1,1,1,2096,80,80,2096.0,80.0,2096.0,2096,80,80.49603455402757,46449.26866204865
4487,0,510,1,1,727492,728000,944.217965,944.723388,0.5054229999999507,39.630287211771744,33.7875,45.7125,1,1,1,1,508,20,20,509.0,20.0,508.0,508,20,20.030058653432206,45775.518723924826
4487,0,511,1,1,728000,730055,944.723388,946.725282,2.001893999999993,39.66112191504581,33.7875,45.7125,1,1,1,1,2055,80,80,2058.0,80.0,2055.0,2055,80,79.39736199499748,45931.50286678532
4487,0,512,1,1,730055,732177,946.725282,948.725648,2.0003659999999854,39.923176140354606,33.7875,45.7125,1,1,1,1,2122,80,80,2123.0,80.0,2122.0,2122,80,79.86096416317741,47169.368005655306
4487,0,513,1,1,732177,734161,948.725648,950.726933,2.0012850000000526,39.36979520120552,33.7875,45.7125,1,1,1,1,1984,80,80,1984.0,80.0,1984.0,1984,80,78.79018058924703,45670.65660313129
4487,0,514,1,1,734161,736138,950.726933,952.729669,2.0027359999999135,39.293492074584826,33.7875,45.7125,1,1,1,1,1977,80,80,1977.0,80.0,1977.0,1977,80,78.6944911434839,46336.112198514435
4487,0,515,1,1,736138,738182,952.729669,954.730389,2.000720000000001,39.30680006151206,33.7875,45.7125,1,1,1,1,2044,80,80,2046.0,80.0,2044.0,2044,80,78.64190101906934,44694.90983246029
4487,0,516,1,1,738182,740370,954.730389,956.731791,2.0014020000000983,39.51307336214201,33.7875,45.7125,1,1,1,1,2188,80,80,2190.0,80.0,2188.0,2188,80,79.08154405314053,46823.676602699205
4487,0,517,1,1,740370,741000,956.731791,957.365755,0.6339639999999918,39.37703065151422,33.7875,45.7125,1,1,1,1,630,25,25,630.0,25.0,630.0,630,25,24.963619859954633,44521.45547696773
4487,0,518,1,1,741000,743141,957.365755,959.366269,2.000513999999953,39.501515571476446,33.7875,45.7125,1,1,1,1,2141,80,80,2143.0,80.0,2141.0,2141,80,79.02333492195612,46587.02713402765
4487,0,519,1,1,743141,745258,959.366269,961.37103,2.0047610000000304,39.243912131367836,33.7875,45.7125,1,1,1,1,2117,79,79,2119.0,80.0,2117.0,2117,79,78.6746645283929,46050.377077366626
4487,0,520,1,1,745258,747194,961.37103,963.371084,2.0000539999999773,39.12638441840159,33.7875,45.7125,1,1,1,1,1936,80,80,1936.0,80.0,1936.0,1936,80,78.25488166155992,44931.286855255414
4487,0,521,1,1,747194,749217,963.371084,965.373643,2.0025590000000193,39.578342838513215,33.7875,45.7125,1,1,1,1,2023,80,80,2031.0,80.0,2023.0,2023,80,79.25796665635062,45923.241212867695
4487,0,522,1,1,749217,751312,965.373643,967.37473,2.001086999999984,39.94432126030125,33.7875,45.7125,1,1,1,1,2095,80,80,2097.0,80.0,2095.0,2095,80,79.93206199781343,46952.98105479709
4487,0,523,1,1,751312,753327,967.37473,969.374825,2.0000949999999875,39.713502516883274,33.7875,45.7125,1,1,1,1,2015,80,80,2015.0,80.0,2015.0,2015,80,79.43077781650572,46493.29156865078
4487,0,524,1,1,753327,754000,969.374825,970.053975,0.6791500000000497,39.53923962455433,33.7875,45.7125,1,1,1,1,673,27,27,674.0,27.0,673.0,673,27,26.853074591017503,45306.63329161121
4487,0,525,1,1,754000,756037,970.053975,972.054044,2.0000689999999395,40.04613986753808,33.7875,45.7125,1,1,1,1,2037,80,80,2039.0,80.0,2037.0,2037,80,80.09504291872508,45389.93404727674
4487,0,526,1,1,756037,758114,972.054044,974.055871,2.0018270000000484,40.148609222706554,33.7875,45.7125,1,1,1,1,2077,80,80,2078.0,80.0,2077.0,2077,80,80.37056995446619,46698.34106543559
4487,0,527,1,1,758114,760174,974.055871,976.056282,2.0004109999999855,39.64839887427753,33.7875,45.7125,1,1,1,1,2060,80,80,2060.0,80.0,2060.0,2060,80,79.31309324049289,45372.675915099775
4487,0,528,1,1,760174,762267,976.056282,978.05633,2.0000479999999925,39.9573659305847,33.7875,45.7125,1,1,1,1,2093,80,80,2096.0,80.0,2093.0,2093,80,79.91664981473514,46259.389774645584
4487,0,529,1,1,762267,764408,978.05633,980.057748,2.001417999999944,39.95315740968877,33.7875,45.7125,1,1,1,1,2141,80,80,2141.0,80.0,2141.0,2141,80,79.96296839658316,47295.467513534226
4487,0,530,1,1,764408,766478,980.057748,982.058029,2.0002810000000864,39.94309679759698,33.7875,45.7125,1,1,1,1,2070,80,80,2072.0,80.0,2070.0,2070,80,79.89741760539619,46540.960994978195
4487,0,531,1,1,766478,767000,982.058029,982.567715,0.5096859999999879,40.23858964379708,33.7875,45.7125,1,1,1,1,522,20,20,523.0,20.0,522.0,522,20,20.509045801187312,48394.50171282042
4487,0,532,1,1,767000,769005,982.567715,984.568022,2.0003070000000207,40.000037162837344,33.7875,45.7125,1,1,1,1,2005,80,80,2011.0,80.0,2005.0,2005,80,80.0123543370828,46301.89265947629
4487,0,533,1,1,769005,771072,984.568022,986.568302,2.000279999999975,39.659786533709884,33.7875,45.7125,1,1,1,1,2067,80,80,2067.0,80.0,2067.0,2067,80,79.33067780764759,46032.555442238656
4487,0,534,1,1,771072,773098,986.568302,988.568771,2.0004689999999528,39.767993489147614,33.7875,45.7125,1,1,1,1,2026,80,80,2026.0,80.0,2026.0,2026,80,79.55463816723932,46326.136520986925
4487,0,535,1,1,773098,775183,988.568771,990.569378,2.000607000000059,39.797972178889445,33.7875,45.7125,1,1,1,1,2085,80,80,2085.0,80.0,2085.0,2085,80,79.62010172689406,46935.75499835661
4487,0,536,1,1,775183,777316,990.569378,992.570257,2.000878999999941,40.03859853875677,33.7875,45.7125,1,1,1,1,2133,80,80,2133.0,80.0,2133.0,2133,80,80.1123910056267,46734.95998508794
4487,0,537,1,1,777316,779477,992.570257,994.570327,2.0000700000000506,39.98032043089082,33.7875,45.7125,1,1,1,1,2161,80,80,2161.0,80.0,2161.0,2161,80,79.96343948421418,47058.35295764529
4487,0,538,1,1,779477,780000,994.570327,995.094712,0.5243849999999384,39.60704206500692,33.7875,45.7125,1,1,1,1,523,21,21,523.0,21.0,523.0,523,21,20.769338753256307,47402.19495218765
4487,0,539,1,1,780000,782043,995.094712,997.096527,2.0018150000000787,39.568412692103266,33.7875,45.7125,1,1,1,1,2043,80,80,2046.0,80.0,2043.0,2043,80,79.20864205324688,46073.1885813606
4487,0,540,1,1,782043,784140,997.096527,999.097084,2.000556999999958,39.510514729640704,33.7875,45.7125,1,1,1,1,2097,80,80,2098.0,80.0,2097.0,2097,80,79.04303681598321,46583.52648787411
4487,0,541,1,1,784140,786209,999.097084,1001.097567,2.000483000000031,39.63708223654298,33.7875,45.7125,1,1,1,1,2069,79,79,2069.0,80.0,2069.0,2069,80,79.29330918380583,45419.53118321855
4487,0,542,1,1,786209,788219,1001.097567,1003.098641,2.001074000000017,39.564039881449226,33.7875,45.7125,1,1,1,1,2010,80,80,2010.0,79.0,2010.0,2010,79,79.17057154173017,45983.80669580396
4487,0,543,1,1,788219,790285,1003.098641,1005.09879,2.000148999999965,39.842466456005894,33.7875,45.7125,1,1,1,1,2066,80,80,2068.0,80.0,2066.0,2066,80,79.69086943951334,46931.003640229625
4487,0,544,1,1,790285,792456,1005.09879,1007.098801,2.0000109999999722,39.504889539248545,33.7875,45.7125,1,1,1,1,2171,80,80,2172.0,80.0,2171.0,2171,80,79.0102136322821,46390.24485365395
4487,0,545,1,1,792456,793000,1007.098801,1007.614073,0.5152719999999817,39.71546783657389,33.7875,45.7125,1,1,1,1,544,21,21,544.0,21.0,544.0,544,21,20.46426854308811,46394.91375429064
4487,0,546,1,1,793000,794965,1007.614073,1009.614706,2.0006329999999934,39.89391541629395,33.7875,45.7125,1,1,1,1,1965,80,80,1966.0,80.0,1965.0,1965,80,79.8130836810451,44885.29380451102
4487,0,547,1,1,794965,797002,1009.614706,1011.614854,2.000148000000081,39.9247454840144,33.7875,45.7125,1,1,1,1,2037,80,80,2037.0,80.0,2037.0,2037,80,79.85539983036506,45690.61889419998
4487,0,548,1,1,797002,799186,1011.614854,1013.615938,2.0010839999999916,40.00499195706653,33.7875,45.7125,1,1,1,1,2184,80,80,2184.0,80.0,2184.0,2184,80,80.05334932541518,47285.37132874002
4487,0,549,1,1,799186,801306,1013.615938,1015.616364,2.0004259999999476,40.08356303539773,33.7875,45.7125,1,1,1,1,2120,80,80,2120.0,80.0,2120.0,2120,80,80.18420166864598,47161.95450369195
4487,0,550,1,1,801306,803389,1015.616364,1017.616349,1.9999850000000379,39.91360415639637,33.7875,45.7125,1,1,1,1,2083,79,79,2085.0,80.0,2083.0,2083,80,79.82660960873181,47701.85776393233
4487,0,551,1,1,803389,805517,1017.616349,1019.616549,2.00019999999995,39.817700411891664,33.7875,45.7125,1,1,1,1,2128,80,80,2129.0,79.0,2128.0,2128,79,79.64336436386293,46666.8333166695
4487,0,552,1,1,805517,806000,1019.616549,1020.040986,0.4244370000000117,40.559902739126606,33.7875,45.7125,1,1,1,1,483,17,17,483.0,17.0,483.0,483,17,17.21512343888753,47726.75332263549
4487,0,553,1,1,806000,808105,1020.040986,1022.041008,2.000022000000058,39.63215967289661,33.7875,45.7125,1,1,1,1,2105,80,80,2106.0,80.0,2105.0,2105,80,79.26519125330742,46564.98778513301
4487,0,554,1,1,808105,810063,1022.041008,1024.04151,2.000501999999983,39.920891764992994,33.7875,45.7125,1,1,1,1,1958,80,80,1958.0,80.0,1958.0,1958,80,79.86182381764957,46279.38387464785
4487,0,555,1,1,810063,812137,1024.04151,1026.043466,2.001956000000064,39.643920601803146,33.7875,45.7125,1,1,1,1,2074,79,79,2075.0,80.0,2074.0,2074,79,79.36538471230597,45801.70593159744
4487,0,556,1,1,812137,814254,1026.043466,1028.043559,2.000092999999879,39.72729569560094,33.7875,45.7125,1,1,1,1,2117,80,80,2117.0,80.0,2117.0,2117,80,79.45828602969777,47226.80395361902
4487,0,557,1,1,814254,816388,1028.043559,1030.044266,2.0007070000001477,39.469755900856846,33.7875,45.7125,1,1,1,1,2134,80,80,2135.0,80.0,2134.0,2134,80,78.96741691914212,46693.493849920604
4487,0,558,1,1,816388,818482,1030.044266,1032.045708,2.0014419999999973,39.74365137305144,33.7875,45.7125,1,1,1,1,2094,80,80,2094.0,80.0,2094.0,2094,80,79.54461309138424,46206.18534036966
4487,0,559,1,1,818482,819000,1032.045708,1032.538743,0.4930349999999635,39.77944630007114,33.7875,45.7125,1,1,1,1,518,20,20,522.0,20.0,518.0,518,20,19.612659306552814,45674.242193762446
4487,0,560,1,1,819000,821076,1032.538743,1034.539971,2.0012279999998555,39.52940500514005,33.7875,45.7125,1,1,1,1,2076,80,80,2082.0,80.0,2076.0,2076,80,79.10735211961946,45280.69765164516
4487,0,561,1,1,821076,823242,1034.539971,1036.540908,2.0009370000000217,39.50742195667241,33.7875,45.7125,1,1,1,1,2166,80,80,2166.0,80.0,2166.0,2166,80,79.05186236771988,46669.13551001305
4487,0,562,1,1,823242,825312,1036.540908,1038.544355,2.003447000000051,39.68773755251521,33.7875,45.7125,1,1,1,1,2070,80,80,2070.0,80.0,2070.0,2070,80,79.51227873637617,46836.27767542521
4487,0,563,1,1,825312,827431,1038.544355,1040.544609,2.000254000000041,39.74026230761975,33.7875,45.7125,1,1,1,1,2119,80,80,2120.0,80.0,2119.0,2119,80,79.4906186418666,45260.751884509744
4487,0,564,1,1,827431,829427,1040.544609,1042.544693,2.0000840000000153,39.65500607857424,33.7875,45.7125,1,1,1,1,1996,79,79,1999.0,80.0,1996.0,1996,80,79.31334317765868,45703.08047061988
4487,0,565,1,1,829427,831523,1042.544693,1044.545238,2.0005449999998746,39.545022785867666,33.7875,45.7125,1,1,1,1,2096,80,80,2097.0,79.0,2096.0,2096,79,79.11159760914961,46430.34773024642
4487,0,566,1,1,831523,832000,1044.545238,1045.011651,0.46641300000010233,39.940822355779915,33.7875,45.7125,1,1,1,1,477,19,19,477.0,19.0,477.0,477,19,18.628918777430954,45723.425376212326
4487,0,567,1,1,832000,834164,1045.011651,1047.011725,2.0000740000000405,39.7041752138293,33.7875,45.7125,1,1,1,1,2164,80,80,2164.0,80.0,2164.0,2164,80,79.41128853662667,46759.769888513176
4487,0,568,1,1,834164,836185,1047.011725,1049.012659,2.0009339999999156,39.83810695270538,33.7875,45.7125,1,1,1,1,2021,80,80,2022.0,80.0,2021.0,2021,80,79.71342269730303,47262.42844591775
4487,0,569,1,1,836185,838355,1049.012659,1051.01507,2.002410999999938,39.81068456804037,33.7875,45.7125,1,1,1,1,2170,80,80,2172.0,80.0,2170.0,2170,80,79.71735269657074,47286.49612891805
4487,0,570,1,1,838355,840416,1051.01507,1053.015651,2.000581000000011,39.98203263324286,33.7875,45.7125,1,1,1,1,2061,80,80,2064.0,80.0,2061.0,2061,80,79.98729482744602,45617.24818940073
4487,0,571,1,1,840416,842458,1053.015651,1055.016952,2.001301000000012,39.68718715980701,33.7875,45.7125,1,1,1,1,2042,80,80,2044.0,80.0,2042.0,2042,80,79.42600735011001,46095.01519261692
4487,0,572,1,1,842458,844509,1055.016952,1057.017515,2.0005630000000565,39.6044101455076,33.7875,45.7125,1,1,1,1,2051,80,80,2052.0,80.0,2051.0,2051,80,79.23111757393053,46325.45938318232
4487,0,573,1,1,844509,845000,1057.017515,1057.46789,0.4503749999998945,40.07988541035606,33.7875,45.7125,1,1,1,1,491,18,18,491.0,18.0,491.0,491,18,18.05097839168593,47529.28115460453
4487,0,574,1,1,845000,847052,1057.46789,1059.46809,2.000200000000177,39.69434086079424,33.7875,45.7125,1,1,1,1,2052,80,80,2061.0,80.0,2052.0,2052,80,79.39662058976683,45604.43955604036
4487,0,575,1,1,847052,849090,1059.46809,1061.468894,2.0008040000000165,39.48883938445188,33.7875,45.7125,1,1,1,1,2038,80,80,2039.0,80.0,2038.0,2038,80,79.00942779576872,45089.8738707036
4487,0,576,1,1,849090,851028,1061.468894,1063.469728,2.0008339999999407,39.33462037286075,33.7875,45.7125,1,1,1,1,1938,80,80,1938.0,80.0,1938.0,1938,80,78.70204581911094,45204.64966109266
4487,0,577,1,1,851028,853028,1063.469728,1065.469727,1.9999989999998888,39.38946421703292,33.7875,45.7125,1,1,1,1,2000,79,79,2003.0,79.0,2000.0,2000,79,78.77888904459905,45715.02285751397
4487,0,578,1,1,853028,855049,1065.469727,1067.470107,2.0003800000001775,39.44513118416291,33.7875,45.7125,1,1,1,1,2021,80,80,2022.0,80.0,2021.0,2021,80,78.90525151818292,45414.87117447282
4487,0,579,1,1,855049,857088,1067.470107,1069.470875,2.00076799999988,39.542719750666556,33.7875,45.7125,1,1,1,1,2039,80,80,2039.0,80.0,2039.0,2039,80,79.11580831009633,46538.12935832919
4487,0,580,1,1,857088,858000,1069.470875,1070.364901,0.8940259999999398,39.631049061915405,33.7875,45.7125,1,1,1,1,912,36,36,913.0,36.0,912.0,912,36,35.43118826862701,45730.21366269298
4487,0,581,1,1,858000,860003,1070.364901,1072.369078,2.004177000000027,39.43252905922475,33.7875,45.7125,1,1,1,1,2003,80,80,2006.0,80.0,2003.0,2003,80,79.02976779232995,45444.0900179968
4487,0,582,1,1,860003,862042,1072.369078,1074.369546,2.0004679999999553,39.32235325580354,33.7875,45.7125,1,1,1,1,2039,80,80,2040.0,80.0,2040.0,2039,80,78.6631093729302,46525.613006557505
4487,0,583,1,1,862042,864146,1074.369546,1076.369695,2.0001490000001922,39.26925710216353,33.7875,45.7125,1,1,1,1,2104,80,80,2103.0,80.0,2103.0,2104,80,78.54436532364343,46160.56103819822
4487,0,584,1,1,864146,866218,1076.369695,1078.369882,2.000186999999869,39.86187382617841,33.7875,45.7125,1,1,1,1,2072,80,80,2072.0,80.0,2072.0,2072,80,79.73120182276034,46158.18420977941
4487,0,585,1,1,866218,868257,1078.369882,1080.369896,2.0000139999999647,39.18186732044825,33.7875,45.7125,1,1,1,1,2039,80,80,2039.0,80.0,2039.0,2039,80,78.36428318703838,45796.679423244845
4487,0,586,1,1,868257,870340,1080.369896,1082.370022,2.0001260000001366,39.361604396996796,33.7875,45.7125,1,1,1,1,2083,80,80,2083.0,80.0,2083.0,2083,80,78.72816835615231,46612.06344000009
4487,0,587,1,1,870340,871000,1082.370022,1082.987655,0.6176329999998416,39.15914079435083,33.7875,45.7125,1,1,1,1,660,24,24,660.0,24.0,660.0,660,24,24.18597760623379,45739.13634797242
4487,0,588,1,1,871000,873059,1082.987655,1084.987746,2.0000910000001113,39.34608759759898,33.7875,45.7125,1,1,1,1,2059,80,80,2060.0,80.0,2059.0,2059,80,78.69575568917207,45630.92379296488
4487,0,589,1,1,873059,875134,1084.987746,1086.988048,2.0003019999999196,39.576839119655666,33.7875,45.7125,1,1,1,1,2075,80,80,2076.0,80.0,2075.0,2075,80,79.16563044472423,46871.42241521719
4487,0,590,1,1,875134,877179,1086.988048,1088.989885,2.001837000000023,39.16067457170272,33.7875,45.7125,1,1,1,1,2045,80,80,2045.0,80.0,2045.0,2045,80,78.39328730259149,46132.62718193286
4487,0,591,1,1,877179,879222,1088.989885,1090.990946,2.001060999999936,39.631312317950695,33.7875,45.7125,1,1,1,1,2043,79,79,2044.0,80.0,2043.0,2043,79,79.30467345826764,46691.73003721675
4487,0,592,1,1,879222,881311,1090.990946,1092.991426,2.0004800000001524,39.66985209784633,33.7875,45.7125,1,1,1,1,2089,80,80,2091.0,80.0,2089.0,2089,80,79.35874572470493,45838.49876029404
4487,0,593,1,1,881311,883351,1092.991426,1094.991476,2.0000499999998738,39.25571819806554,33.7875,45.7125,1,1,1,1,2040,80,80,2042.0,80.0,2040.0,2040,80,78.51339918203303,46005.84985375656
4487,0,594,1,1,883351,884000,1094.991476,1095.599815,0.6083390000001145,39.55441286589077,33.7875,45.7125,1,1,1,1,649,24,24,649.0,24.0,649.0,649,24,24.06249196842691,45551.90444800478
4487,0,595,1,1,884000,886046,1095.599815,1097.599999,2.00018399999999,39.209966632012424,33.7875,45.7125,1,1,1,1,2046,80,80,2048.0,80.0,2046.0,2046,80,78.42714789788442,45888.27827839861
4487,0,596,1,1,886046,888109,1097.599999,1099.600791,2.0007920000000468,39.69759935511418,33.7875,45.7125,1,1,1,1,2063,80,80,2063.0,80.0,2063.0,2063,80,79.42663920891937,46222.19601037881
4487,0,597,1,1,888109,890170,1099.600791,1101.600805,2.0000139999999647,39.752249906909476,33.7875,45.7125,1,1,1,1,2061,80,80,2061.0,80.0,2061.0,2061,80,79.50505634531874,46386.17529677374
4487,0,598,1,1,890170,892322,1101.600805,1103.601014,2.0002090000000408,40.04637180471348,33.7875,45.7125,1,1,1,1,2152,80,80,2154.0,80.0,2152.0,2152,80,80.10111330113432,47940.99016652662
4487,0,599,1,1,892322,894443,1103.601014,1105.601481,2.000466999999844,39.76834558099419,33.7875,45.7125,1,1,1,1,2121,80,80,2121.0,80.0,2121.0,2121,80,79.5552629793674,47369.93911921935
4487,0,600,1,1,894443,896499,1105.601481,1107.60201,2.0005290000001423,39.52606576984511,33.7875,45.7125,1,1,1,1,2056,80,80,2056.0,80.0,2056.0,2056,80,79.07304082848714,47223.509381765165
4487,0,601,1,1,896499,897000,1107.60201,1108.101342,0.49933199999986755,39.972184029496326,33.7875,45.7125,1,1,1,1,501,20,20,501.0,20.0,501.0,501,20,19.959390595809964,46514.14289491993
4487,0,602,1,1,897000,899034,1108.101342,1110.101708,2.0003659999999854,40.10596023801488,33.7875,45.7125,1,1,1,1,2034,80,80,2037.0,80.0,2034.0,2034,80,80.22659925747575,46156.05344222041
4487,0,603,1,1,899034,901089,1110.101708,1112.102257,2.000549000000092,40.535815172093834,33.7875,45.7125,1,1,1,1,2055,80,80,2056.0,80.0,2055.0,2055,80,81.09388450672122,47633.42462493827
4487,0,604,1,1,901089,903191,1112.102257,1114.102502,2.00024499999995,40.32190492191534,33.7875,45.7125,1,1,1,1,2102,80,80,2102.0,80.0,2102.0,2102,80,80.65368871053215,46724.27627615734
4487,0,605,1,1,903191,905206,1114.102502,1116.103335,2.000833000000057,39.929526062147026,33.7875,45.7125,1,1,1,1,2015,79,79,2016.0,80.0,2015.0,2015,80,79.89231341950654,46466.14684983572
4487,0,606,1,1,905206,907256,1116.103335,1118.103997,2.0006619999999202,40.151928916385955,33.7875,45.7125,1,1,1,1,2050,77,77,2130.0,79.0,2050.0,2050,76,80.33043840971368,47020.43623560789
4487,0,607,1,1,907256,909354,1118.103997,1120.105266,2.001269000000093,40.27361975967877,33.7875,45.7125,1,1,1,1,2098,80,80,2098.0,80.0,2098.0,2098,80,80.59834674283775,46737.3451544973
4487,0,608,1,1,909354,910000,1120.105266,1120.705546,0.6002799999998842,40.484548376407496,33.7875,45.7125,1,1,1,1,646,24,24,646.0,24.0,646.0,646,24,24.302064699382754,46509.96201773403
4487,0,609,1,1,910000,912170,1120.705546,1122.705573,2.0000270000000455,40.33753242846291,33.7875,45.7125,1,1,1,1,2170,80,80,2172.0,80.0,2170.0,2170,80,80.67615397030022,47149.3634835919
4487,0,610,1,1,912170,914261,1122.705573,1124.705583,2.0000099999999748,40.5704972824521,33.7875,45.7125,1,1,1,1,2091,79,79,2095.0,80.0,2091.0,2091,79,81.14140026987297,46968.265158674796
4487,0,611,1,1,914261,916323,1124.705583,1126.70698,2.001396999999997,40.52351099335217,33.7875,45.7125,1,1,1,1,2062,80,80,2062.0,80.0,2062.0,2062,80,81.1036333315642,46904.23739018302
4487,0,612,1,1,916323,917089,1126.70698,1128.717682,2.0107020000000375,13.896188591750569,33.7875,45.7125,1,0,0,1,766,80,80,766.0,81.0,766.0,766,81,27.941094193811296,16119.743253848355
4487,0,613,1,1,917089,917169,1128.717682,1130.719956,2.002273999999943,0.9626536073727696,33.7875,45.7125,1,0,0,0,80,80,80,80.0,80.0,80.0,80,80,1.9274962890485767,647.7634929085814
4487,0,614,1,1,917169,917249,1130.719956,1132.722233,2.002277000000049,0.9611953218789655,33.7875,45.7125,1,0,0,0,80,80,80,80.0,80.0,80.0,80,80,1.9245792855072068,651.7579735471006
4487,0,615,1,1,917249,917329,1132.722233,1134.72451,2.002277000000049,0.9678044484251748,33.7875,45.7125,1,0,0,0,80,80,80,80.0,80.0,80.0,80,80,1.9378125875809928,648.2619537656219
4487,0,616,1,1,917329,917410,1134.72451,1136.726787,2.002277000000049,0.9707707493159932,33.7875,45.7125,1,0,0,0,81,80,80,81.0,80.0,81.0,81,80,1.9437519436251023,654.2551305338711
4487,0,617,1,1,917410,917525,1136.726787,1138.729065,2.002277999999933,1.2303475786739355,33.7875,45.7125,1,0,0,0,115,80,80,115.0,80.0,115.0,115,80,2.4634978891335777,1186.6484074639384
4487,0,618,1,1,917525,917677,1138.729065,1140.731342,2.002277000000049,1.9563632505652693,33.7875,45.7125,1,0,0,0,152,80,80,152.0,80.0,152.0,152,80,3.917181140255707,2555.091028863576
4487,0,619,1,1,917677,917835,1140.731342,1142.73362,2.002277999999933,2.0158444784074683,33.7875,45.7125,1,0,0,1,158,80,80,158.0,80.0,158.0,158,80,4.036281050539401,2754.862211940692
4487,0,620,1,1,917835,918058,1142.73362,1144.735899,2.002279000000044,3.2793824039881616,33.7875,45.7125,1,0,0,1,223,80,80,223.0,80.0,223.0,223,80,6.566238520477782,4287.1148326481025
4487,0,621,1,1,918058,918360,1144.735899,1146.738176,2.002277000000049,4.465801763831087,33.7875,45.7125,1,0,0,1,302,80,80,302.0,80.0,302.0,302,80,8.941772158279491,5843.846780440325
4487,0,622,1,1,918360,918799,1146.738176,1148.740454,2.002277999999933,7.083897120142564,33.7875,45.7125,1,0,0,1,439,80,80,439.0,80.0,439.0,439,80,14.183931357925758,8847.922216595594
4487,0,623,1,1,918799,919382,1148.740454,1150.74273,2.002275999999938,9.899445359804373,33.7875,45.7125,1,0,0,1,583,80,80,583.0,80.0,583.0,583,80,19.821421857246605,12025.814622959446
4487,0,624,1,1,919382,920008,1150.74273,1152.743594,2.0008640000000923,11.597396348451008,33.7875,45.7125,1,0,0,1,626,80,80,626.0,79.0,626.0,626,79,23.204812847347057,14029.439282229428
4487,0,625,1,1,920008,920742,1152.743594,1154.744307,2.000712999999905,14.439642889744576,33.7875,45.7125,1,0,0,1,734,80,80,734.0,80.0,734.0,734,80,28.889581244868168,17061.41760462476
4487,0,626,1,1,920742,921656,1154.744307,1156.746157,2.001850000000104,16.186465580710358,33.7875,45.7125,1,0,0,1,914,80,80,914.0,80.0,914.0,914,80,32.40287612274551,19566.900616928324
4487,0,627,1,1,921656,922597,1156.746157,1158.747485,2.0013280000000577,17.293791601546655,33.7875,45.7125,1,0,0,1,941,80,80,941.0,80.0,941.0,941,80,34.610549358338176,20538.362527281293
4487,0,628,1,1,922597,923000,1158.747485,1159.509841,0.7623559999999543,20.084928099036947,33.7875,45.7125,1,0,0,1,403,31,31,403.0,31.0,403.0,403,31,15.311865445866715,23877.296171343954
4487,0,629,1,1,923000,924105,1159.509841,1161.510534,2.0006929999999556,20.27984780750851,33.7875,45.7125,1,0,0,1,1105,80,80,1105.0,80.0,1105.0,1105,80,40.573749549548666,23875.22723376403
4487,0,630,1,1,924105,925323,1161.510534,1163.510519,1.9999849999999242,22.7812468422114,33.7875,45.7125,1,0,0,1,1218,80,80,1219.0,80.0,1218.0,1218,80,45.56215196572157,27465.20598904596
4487,0,631,1,1,925323,926648,1163.510519,1165.511822,2.001303000000007,24.060202459508403,33.7875,45.7125,1,0,0,1,1325,80,80,1326.0,80.0,1326.0,1325,80,48.15175536282186,28785.246411962504
4487,0,632,1,1,926648,928017,1165.511822,1167.511797,1.9999749999999494,26.375705023238535,33.7875,45.7125,1,0,0,1,1369,79,79,1368.0,80.0,1368.0,1369,80,52.750750653853174,31191.889898624522
4487,0,633,1,1,928017,929575,1167.511797,1169.514074,2.002277000000049,28.64042545886956,33.7875,45.7125,1,0,0,1,1558,80,80,1558.0,80.0,1558.0,1558,80,57.3460651665082,33854.956132442385
4487,0,634,1,1,929575,931219,1169.514074,1171.514141,2.000067000000172,29.919291712946695,33.7875,45.7125,1,0,0,1,1644,80,80,1644.0,79.0,1644.0,1644,79,59.84058801844367,35727.803118592456
4487,0,635,1,1,931219,932898,1171.514141,1173.516415,2.002273999999943,32.1952467649793,33.7875,45.7125,1,0,0,1,1679,80,80,1679.0,80.0,1679.0,1679,80,64.46370552109875,37838.47765091199
4487,0,636,1,1,932898,934680,1173.516415,1175.518693,2.002277999999933,33.86827977810952,33.7875,45.7125,1,1,0,1,1782,80,80,1782.0,80.0,1782.0,1782,80,67.81371149755432,38555.0857573237
4487,0,637,1,1,934680,936000,1175.518693,1176.982633,1.4639400000000933,34.42190256972858,33.7875,45.7125,1,1,1,1,1320,59,59,1320.0,59.0,1320.0,1320,59,50.39160004792939,40742.79000505226
4487,0,638,1,1,936000,938035,1176.982633,1178.985317,2.0026839999998174,37.807652038022695,33.7875,45.7125,1,1,1,1,2035,80,80,2037.0,80.0,2035.0,2035,80,75.71677981410903,44216.66124061913
4487,0,639,1,1,938035,940011,1178.985317,1180.986122,2.0008050000001276,38.551768543824494,33.7875,45.7125,1,1,1,1,1976,80,80,1976.0,80.0,1976.0,1976,80,77.1345712613329,45494.18858908999
4487,0,640,1,1,940011,942083,1180.986122,1182.986194,2.0000720000000456,39.20715019769254,33.7875,45.7125,1,1,1,1,2072,80,80,2072.0,80.0,2072.0,2072,80,78.41712331020244,46005.84378962252
4487,0,641,1,1,942083,944068,1182.986194,1184.986286,2.000091999999995,39.029942102500826,33.7875,45.7125,1,1,1,1,1985,80,80,1987.0,80.0,1985.0,1985,80,78.06347495967202,45911.38807614861
4487,0,642,1,1,944068,946013,1184.986286,1186.986626,2.0003399999998237,39.24260588839764,33.7875,45.7125,1,1,1,1,1945,80,80,1946.0,80.0,1945.0,1945,80,78.498554262791,45457.27226371918
4487,0,643,1,1,946013,948045,1186.986626,1188.987465,2.000839000000042,39.48976638232658,33.7875,45.7125,1,1,1,1,2032,80,80,2032.0,80.0,2032.0,2032,80,79.01266467865207,45595.37274113414
4487,0,644,1,1,948045,949000,1188.987465,1189.935586,0.9481210000001283,39.632701186939485,33.7875,45.7125,1,1,1,1,955,37,37,955.0,37.0,955.0,955,37,37.57659628206602,46019.442666066985
4487,0,645,1,1,949000,951103,1189.935586,1191.935635,2.00004899999999,39.53680826343167,33.7875,45.7125,1,1,1,1,2103,79,79,2109.0,80.0,2103.0,2103,79,79.07555383046565,46597.8583524706
4487,0,646,1,1,951103,953225,1191.935635,1193.935891,2.000256000000036,40.067053910794655,33.7875,45.7125,1,1,1,1,2122,80,80,2122.0,80.0,2122.0,2122,80,80.14436498739087,46015.61000191893
4487,0,647,1,1,953225,955320,1193.935891,1195.936414,2.00052299999993,39.92599583208505,33.7875,45.7125,1,1,1,1,2095,80,80,2096.0,80.0,2095.0,2095,80,79.87287295998976,46474.84682755622
4487,0,648,1,1,955320,957437,1195.936414,1197.936499,2.000084999999899,40.44176128740636,33.7875,45.7125,1,1,1,1,2117,80,80,2117.0,80.0,2117.0,2117,80,80.88696012451692,47761.97011627247
4487,0,649,1,1,957437,959500,1197.936499,1199.937602,2.0011030000000574,40.28407844467847,33.7875,45.7125,1,1,1,1,2063,80,80,2065.0,80.0,2063.0,2063,80,80.61259022788727,47256.43807440061
4487,0,650,1,1,959500,961550,1199.937602,1201.9384,2.0007980000000316,40.5144936480539,33.7875,45.7125,1,1,1,1,2050,80,80,2051.0,80.0,2050.0,2050,80,81.0613178620406,47311.122861977325
4487,0,651,1,1,961550,962000,1201.9384,1202.385895,0.44749499999988984,40.50075861321763,33.7875,45.7125,1,1,1,1,450,18,18,450.0,18.0,450.0,450,18,18.123886975619826,46161.40962469991
4487,0,652,1,1,962000,964104,1202.385895,1204.387823,2.0019280000001345,40.867946510564515,33.7875,45.7125,1,1,1,1,2104,80,80,2107.0,80.0,2104.0,2104,80,81.81468642200343,46943.24671016824
4487,0,653,1,1,964104,966290,1204.387823,1206.388526,2.0007029999999304,40.66546501459843,33.7875,45.7125,1,1,1,1,2186,80,80,2188.0,80.0,2186.0,2186,80,81.35951785110228,47365.8509034091
4487,0,654,1,1,966290,968425,1206.388526,1208.390096,2.001570000000129,40.58218316699697,33.7875,45.7125,1,1,1,1,2135,80,80,2135.0,80.0,2135.0,2135,80,81.22808036157221,46782.27591340496
4487,0,655,1,1,968425,970577,1208.390096,1210.390133,2.0000370000000203,40.68790352276848,33.7875,45.7125,1,1,1,1,2152,80,80,2153.0,80.0,2152.0,2152,80,81.3773124979707,47391.6232549693
4487,0,656,1,1,970577,972631,1210.390133,1212.390226,2.000092999999879,40.5357399201791,33.7875,45.7125,1,1,1,1,2054,80,80,2055.0,80.0,2054.0,2054,80,81.07524966416531,47008.31411339658
4487,0,657,1,1,972631,974673,1212.390226,1214.390594,2.0003679999999804,40.47320713182624,33.7875,45.7125,1,1,1,1,2042,80,80,2042.0,80.0,2042.0,2042,80,80.96130840387923,45449.63726674337
4487,0,658,1,1,974673,975000,1214.390594,1214.700179,0.30958499999997,40.08072365273524,33.7875,45.7125,1,1,1,1,327,12,12,327.0,12.0,327.0,327,12,12.408390832031728,47702.56956894368
4487,0,659,1,1,975000,977135,1214.700179,1216.702479,2.0023000000001048,40.61939323596554,33.7875,45.7125,1,1,1,1,2135,80,80,2137.0,80.0,2135.0,2135,80,81.33221107637655,47075.862757826035
4487,0,660,1,1,977135,979211,1216.702479,1218.702461,1.9999820000000454,40.40548852685753,33.7875,45.7125,1,1,1,1,2076,80,80,2080.0,80.0,2076.0,2076,80,80.81024975492619,45935.91342321977
4487,0,661,1,1,979211,981277,1218.702461,1220.705862,2.00340099999994,40.00778495689924,33.7875,45.7125,1,1,1,1,2066,80,80,2066.0,80.0,2066.0,2066,80,80.15163639043749,46783.94390339369
4487,0,662,1,1,981277,983387,1220.705862,1222.706377,2.0005149999999503,39.97730337928756,33.7875,45.7125,1,1,1,1,2110,80,80,2126.0,80.0,2110.0,2110,80,79.97519506981189,46307.57579923285
4487,0,663,1,1,983387,985507,1222.706377,1224.707112,2.000735000000077,39.892307986993515,33.7875,45.7125,1,1,1,1,2120,80,80,2120.0,80.0,2120.0,2120,80,79.81393682036287,46434.43534500892
4487,0,664,1,1,985507,987661,1224.707112,1226.707423,2.0003110000000106,39.95755506580131,33.7875,45.7125,1,1,1,1,2154,80,80,2154.0,80.0,2154.0,2154,80,79.92753693123086,45845.87096706438
4487,0,665,1,1,987661,988000,1226.707423,1227.039038,0.3316149999998288,39.78365302929193,33.7875,45.7125,1,1,1,1,339,13,13,341.0,13.0,339.0,339,13,13.192856099303754,47615.457684387475
4487,0,666,1,1,988000,990142,1227.039038,1229.039277,2.0002390000001924,40.24430196153329,33.7875,45.7125,1,1,1,1,2142,80,80,2143.0,80.0,2142.0,2142,80,80.49822231124563,47534.3196487974
4487,0,667,1,1,990142,992266,1229.039277,1231.039292,2.0000149999998484,40.15834357563347,33.7875,45.7125,1,1,1,1,2124,80,80,2124.0,80.0,2124.0,2124,80,80.31728952641424,47245.645657661145
4487,0,668,1,1,992266,994338,1231.039292,1233.039274,1.9999820000000454,39.86692996512798,33.7875,45.7125,1,1,1,1,2072,80,80,2074.0,80.0,2073.0,2072,80,79.73314232551638,46433.417900760054
4487,0,669,1,1,994338,996384,1233.039274,1235.040101,2.000827000000072,40.12092801507229,33.7875,45.7125,1,1,1,1,2046,80,80,2047.0,80.0,2045.0,2046,80,80.27503603761579,46159.9128760241
4487,0,670,1,1,996384,998457,1235.040101,1237.040639,2.000538000000006,40.25664982865455,33.7875,45.7125,1,1,1,1,2073,79,79,2074.0,79.0,2073.0,2073,79,80.53495773491886,46634.95519705185
4487,0,671,1,1,998457,1000557,1237.040639,1239.043135,2.0024959999998373,39.76576204159384,33.7875,45.7125,1,1,1,1,2100,79,79,2102.0,81.0,2100.0,2100,80,79.63077942523523,45756.39601777354
4487,0,672,1,1,1000557,1001000,1239.043135,1239.434402,0.3912670000001981,39.65591488822336,33.7875,45.7125,1,1,1,1,443,16,16,443.0,15.0,443.0,443,15,15.516050850579632,46911.69968331269
4487,0,673,1,1,1001000,1003085,1239.434402,1241.434555,2.0001529999999548,39.65979198022305,33.7875,45.7125,1,1,1,1,2085,80,80,2088.0,80.0,2085.0,2085,80,79.32565190862078,46936.40936468466
4487,0,674,1,1,1003085,1005184,1241.434555,1243.434623,2.0000680000000557,40.003179073529644,33.7875,45.7125,1,1,1,1,2099,80,80,2100.0,80.0,2099.0,2099,80,80.0090783632404,45481.45363057529
4487,0,675,1,1,1005184,1007234,1243.434623,1245.434898,2.000274999999874,40.204303403803934,33.7875,45.7125,1,1,1,1,2050,80,80,2050.0,80.0,2050.0,2050,80,80.4196629910366,46414.11805876984
4487,0,676,1,1,1007234,1009368,1245.434898,1247.436359,2.001461000000063,39.50098129355769,33.7875,45.7125,1,1,1,1,2134,80,80,2134.0,80.0,2134.0,2134,80,79.05967352078733,45310.40075224906
4487,0,677,1,1,1009368,1011387,1247.436359,1249.437242,2.0008829999999307,39.83687819713531,33.7875,45.7125,1,1,1,1,2019,80,80,2019.0,80.0,2019.0,2019,80,79.70893235771655,45756.798373519676
4487,0,678,1,1,1011387,1013463,1249.437242,1251.437532,2.00028999999995,39.97891355612867,33.7875,45.7125,1,1,1,1,2076,80,80,2077.0,80.0,2076.0,2076,80,79.96942099718581,46783.2164336183
4487,0,679,1,1,1013463,1014000,1251.437532,1251.969363,0.531831000000011,39.070285323983384,33.7875,45.7125,1,1,1,1,537,21,21,537.0,21.0,537.0,537,21,20.778788914140023,46206.40767461748
4487,0,680,1,1,1014000,1016092,1251.969363,1253.970221,2.0008580000001075,39.52423290589432,33.7875,45.7125,1,1,1,1,2092,80,80,2096.0,80.0,2092.0,2092,80,79.08237760362681,45795.353793220245
4487,0,681,1,1,1016092,1018097,1253.970221,1255.971023,2.0008020000000215,39.86853261411788,33.7875,45.7125,1,1,1,1,2005,80,80,2005.0,80.0,2005.0,2005,80,79.76903979139024,45463.76902861903
4487,0,682,1,1,1018097,1020148,1255.971023,1257.971885,2.00086199999987,39.817036274165325,33.7875,45.7125,1,1,1,1,2051,80,80,2051.0,80.0,2051.0,2051,80,79.66839483359217,47131.68624323223
4487,0,683,1,1,1020148,1022227,1257.971885,1259.971889,2.00000399999999,39.67721601683002,33.7875,45.7125,1,1,1,1,2079,80,80,2080.0,80.0,2079.0,2079,80,79.3545907425214,45599.90880018263
4487,0,684,1,1,1022227,1024179,1259.971889,1261.974044,2.00215500000013,39.47637444124577,33.7875,45.7125,1,1,1,1,1952,80,80,1953.0,80.0,1952.0,1952,80,79.0378204694207,45442.0362059851
4487,0,685,1,1,1024179,1026148,1261.974044,1263.974329,2.000284999999849,39.171584044639715,33.7875,45.7125,1,1,1,1,1969,80,80,1971.0,80.0,1969.0,1969,80,78.35433199072577,45486.018242403894
4487,0,686,1,1,1026148,1027000,1263.974329,1264.869149,0.8948200000002089,39.13620355128536,33.7875,45.7125,1,1,1,1,852,35,35,853.0,35.0,852.0,852,35,35.01985766176949,45057.10645715405
4487,0,687,1,1,1027000,1029084,1264.869149,1266.87047,2.0013209999999617,39.52913896240109,33.7875,45.7125,1,1,1,1,2084,80,80,2089.0,80.0,2084.0,2084,80,79.1104959173681,46272.93672529383
4487,0,688,1,1,1029084,1031093,1266.87047,1268.87202,2.001549999999952,39.68414790353763,33.7875,45.7125,1,1,1,1,2009,80,80,2010.0,80.0,2009.0,2009,80,79.4298062363232,45449.27681047298
4487,0,689,1,1,1031093,1033239,1268.87202,1270.873546,2.0015260000000126,39.721896335744326,33.7875,45.7125,1,1,1,1,2146,80,80,2149.0,80.0,2146.0,2146,80,79.50440828529827,45994.406268017214
4487,0,690,1,1,1033239,1035321,1270.873546,1272.873837,2.000291000000061,39.42499905645707,33.7875,45.7125,1,1,1,1,2082,80,80,2082.0,80.0,2082.0,2082,80,78.86147078764043,45603.86463769382
4487,0,691,1,1,1035321,1037290,1272.873837,1274.873968,2.0001310000000103,39.56025348970444,33.7875,45.7125,1,1,1,1,1969,80,80,1971.0,80.0,1969.0,1969,80,79.12568937261676,44915.55803094874
4487,0,692,1,1,1037290,1039256,1274.873968,1276.873999,2.000030999999808,39.43536129587575,33.7875,45.7125,1,1,1,1,1966,80,80,1966.0,80.0,1966.0,1966,80,78.87194508794346,44917.80377404582
4487,0,693,1,1,1039256,1040000,1276.873999,1277.599551,0.725552000000107,39.63786194827013,33.7875,45.7125,1,1,1,1,744,29,29,744.0,29.0,744.0,744,29,28.75933001229714,45453.66837937892
4487,0,694,1,1,1040000,1042043,1277.599551,1279.600679,2.0011279999998806,39.356831318150675,33.7875,45.7125,1,1,1,1,2043,80,80,2048.0,80.0,2043.0,2043,80,78.75805714202579,45186.01508749335
4487,0,695,1,1,1042043,1044041,1279.600679,1281.600808,2.0001290000000154,39.40853646715311,33.7875,45.7125,1,1,1,1,1998,80,80,1999.0,80.0,1998.0,1998,80,78.82215663551324,45965.03525522569
4487,0,696,1,1,1044041,1046139,1281.600808,1283.600852,2.0000440000001163,39.21993954311375,33.7875,45.7125,1,1,1,1,2098,80,80,2098.0,80.0,2098.0,2098,80,78.44160476357501,45914.98987022018
4487,0,697,1,1,1046139,1048175,1283.600852,1285.602147,2.0012950000000274,39.336485523559816,33.7875,45.7125,1,1,1,1,2036,79,79,2045.0,80.0,2036.0,2036,79,78.7239117958743,45485.04843114022
4487,0,698,1,1,1048175,1050291,1285.602147,1287.602392,2.00024499999995,39.42267153314768,33.7875,45.7125,1,1,1,1,2116,80,80,2116.0,80.0,2116.0,2116,80,78.85500162081735,46739.27443888241
4487,0,699,1,1,1050291,1052336,1287.602392,1289.602588,2.00019599999996,39.620966600520376,33.7875,45.7125,1,1,1,1,2045,80,80,2046.0,80.0,2045.0,2045,80,79.24969891049113,45718.01963407678
4487,0,700,1,1,1052336,1053000,1289.602588,1290.246952,0.6443639999999959,39.3603668058399,33.7875,45.7125,1,1,1,1,664,25,25,664.0,25.0,664.0,664,25,25.36240339648066,45716.396322575725
4487,0,701,1,1,1053000,1055056,1290.246952,1292.248907,2.0019549999999526,39.63368670753691,33.7875,45.7125,1,1,1,1,2056,80,80,2058.0,80.0,2056.0,2056,80,79.34485727258289,46728.82257593313
4487,0,702,1,1,1055056,1057033,1292.248907,1294.250794,2.0018870000001243,39.43359102003052,33.7875,45.7125,1,1,1,1,1977,80,80,1977.0,80.0,1977.0,1977,80,78.94159322632186,45151.39965442324
4487,0,703,1,1,1057033,1059011,1294.250794,1296.250943,2.000148999999965,39.02669936778015,33.7875,45.7125,1,1,1,1,1978,80,80,1979.0,80.0,1978.0,1978,80,78.05921371376462,45086.14108249015
4487,0,704,1,1,1059011,1061153,1296.250943,1298.250964,2.0000210000000607,39.158911464490856,33.7875,45.7125,1,1,1,1,2142,80,80,2143.0,80.0,2142.0,2142,80,78.3186452661248,45653.520638031914
4487,0,705,1,1,1061153,1063216,1298.250964,1300.251242,2.0002779999999802,39.03951001128689,33.7875,45.7125,1,1,1,1,2063,80,80,2063.0,80.0,2063.0,2063,80,78.08987300635636,45967.610502140655
4487,0,706,1,1,1063216,1065243,1300.251242,1302.25273,2.001487999999881,39.2060987896259,33.7875,45.7125,1,1,1,1,2027,80,80,2030.0,80.0,2027.0,2027,80,78.47053625424451,45940.82002990048
4487,0,707,1,1,1065243,1066000,1302.25273,1302.991228,0.7384980000001633,39.390250928027804,33.7875,45.7125,1,1,1,1,757,30,30,757.0,30.0,757.0,757,30,29.08962152985623,46224.90514529823
4487,0,708,1,1,1066000,1067948,1302.991228,1304.991949,2.000720999999885,39.77399772051571,33.7875,45.7125,1,1,1,1,1948,79,79,1952.0,79.0,1948.0,1948,79,79.57667249338556,45372.64316214266
4487,0,709,1,1,1067948,1069976,1304.991949,1306.992598,2.0006490000000667,39.05954532503473,33.7875,45.7125,1,1,1,1,2028,80,80,2029.0,80.0,2028.0,2028,80,78.14444029498554,45905.103793817376
4487,0,710,1,1,1069976,1072046,1306.992598,1308.993689,2.0010909999998603,39.957884455172426,33.7875,45.7125,1,1,1,1,2070,80,80,2072.0,80.0,2070.0,2070,80,79.9593629622832,46311.23722009967
4487,0,711,1,1,1072046,1074139,1308.993689,1310.997535,2.003846000000067,39.88859967213623,33.7875,45.7125,1,1,1,1,2093,80,80,2093.0,80.0,2093.0,2093,80,79.93061089861294,45676.663775558074
4487,0,712,1,1,1074139,1076195,1310.997535,1312.998053,2.0005180000000564,39.891614128103086,33.7875,45.7125,1,1,1,1,2056,80,80,2060.0,80.0,2056.0,2056,80,79.80389211232978,45856.623134606845
4487,0,713,1,1,1076195,1078297,1312.998053,1314.99826,2.000207000000046,40.11866634223814,33.7875,45.7125,1,1,1,1,2102,79,79,2103.0,80.0,2102.0,2102,79,80.24563724840846,46206.71760472685
4487,0,714,1,1,1078297,1079000,1314.99826,1315.687348,0.689087999999856,40.000927147656576,33.7875,45.7125,1,1,1,1,703,28,28,703.0,28.0,703.0,703,28,27.56415888632182,46216.15816848741
4487,0,715,1,1,1079000,1081050,1315.687348,1317.687355,2.000007000000096,39.80896835189531,33.7875,45.7125,1,1,1,1,2050,79,79,2055.0,80.0,2050.0,2050,79,79.61821536657226,46989.83553557337
4487,0,716,1,1,1081050,1083137,1317.687355,1319.688028,2.000673000000006,39.467558889628265,33.7875,45.7125,1,1,1,1,2087,80,80,2088.0,80.0,2087.0,2087,80,78.96167944638728,45613.651006436194
4487,0,717,1,1,1083137,1085206,1319.688028,1321.688018,1.9999900000000252,39.622266549906804,33.7875,45.7125,1,1,1,1,2069,80,80,2069.0,80.0,2069.0,2069,80,79.24413687714696,45790.22895114418
4487,0,718,1,1,1085206,1087237,1321.688018,1323.689383,2.0013649999998506,39.2175556935052,33.7875,45.7125,1,1,1,1,2031,79,79,2032.0,80.0,2031.0,2031,80,78.48864335052349,45148.18636281075
4487,0,719,1,1,1087237,1089290,1323.689383,1325.690162,2.0007790000001933,39.511932837437875,33.7875,45.7125,1,1,1,1,2053,80,80,2054.0,79.0,2053.0,2053,79,79.05464547056181,46159.021061292166
4487,0,720,1,1,1089290,1091382,1325.690162,1327.691021,2.0008589999999913,40.12018526596559,33.7875,45.7125,1,1,1,1,2092,80,80,2095.0,80.0,2092.0,2092,80,80.27483377107274,46275.62461922624
4487,0,721,1,1,1091382,1092000,1327.691021,1328.254055,0.563034000000016,40.07493889234983,33.7875,45.7125,1,1,1,1,618,23,23,619.0,23.0,618.0,618,23,22.563553144318576,45993.67000926989
4487,0,722,1,1,1092000,1094161,1328.254055,1330.254382,2.00032699999997,39.67604924567175,33.7875,45.7125,1,1,1,1,2161,80,80,2164.0,80.0,2161.0,2161,80,79.36507255944889,46698.86473561642
4487,0,723,1,1,1094161,1096186,1330.254382,1332.254589,2.0002069999998184,40.019999884428415,33.7875,45.7125,1,1,1,1,2025,80,80,2026.0,80.0,2025.0,2025,80,80.04828390882903,46663.17036187178
4487,0,724,1,1,1096186,1098309,1332.254589,1334.254766,2.0001770000001216,39.79101457434708,33.7875,45.7125,1,1,1,1,2123,80,80,2123.0,80.0,2123.0,2123,80,79.5890721582764,46670.869628035085
4487,0,725,1,1,1098309,1100320,1334.254766,1336.255213,2.0004469999998946,39.580964117843614,33.7875,45.7125,1,1,1,1,2011,80,80,2012.0,80.0,2011.0,2011,80,79.17962092664675,46109.69448328541
4487,0,726,1,1,1100320,1102331,1336.255213,1338.255485,2.0002719999999954,39.55055007215287,33.7875,45.7125,1,1,1,1,2011,79,79,2013.0,79.0,2011.0,2011,79,79.11185789392766,45836.76619979693
4487,0,727,1,1,1102331,1104388,1338.255485,1340.257672,2.002187000000049,39.39138534574606,33.7875,45.7125,1,1,1,1,2057,80,80,2060.0,80.0,2057.0,2057,80,78.86891965124232,46073.1190443239
4487,0,728,1,1,1104388,1105000,1340.257672,1340.884414,0.6267420000001493,39.675612409086874,33.7875,45.7125,1,1,1,1,612,26,26,612.0,26.0,612.0,612,26,24.866372672498983,45486.02136125105
4487,0,729,1,1,1105000,1107054,1340.884414,1342.884663,2.0002489999999398,39.65034424022914,33.7875,45.7125,1,1,1,1,2054,79,79,2055.0,79.0,2055.0,2054,79,79.31056141616864,45818.79555995417
4487,0,730,1,1,1107054,1109143,1342.884663,1344.884646,1.9999829999999292,39.88379054587739,33.7875,45.7125,1,1,1,1,2089,80,80,2090.0,80.0,2088.0,2089,80,79.76690306731325,46635.39640087106
4487,0,731,1,1,1109143,1111234,1344.884646,1346.885156,2.0005100000000766,39.47575935032321,33.7875,45.7125,1,1,1,1,2091,80,80,2091.0,80.0,2091.0,2091,80,78.97165133791714,46545.63086412787
4487,0,732,1,1,1111234,1113307,1346.885156,1348.88539,2.000233999999864,39.367980709102255,33.7875,45.7125,1,1,1,1,2073,80,80,2076.0,80.0,2073.0,2073,80,78.74517352568364,45949.62389400753
4487,0,733,1,1,1113307,1115366,1348.88539,1350.885736,2.000346000000036,39.451632525903044,33.7875,45.7125,1,1,1,1,2059,80,80,2059.0,80.0,2059.0,2059,80,78.91691531665856,45780.08004615119
4487,0,734,1,1,1115366,1117423,1350.885736,1352.886481,2.0007450000000517,39.737691721242626,33.7875,45.7125,1,1,1,1,2057,80,80,2058.0,80.0,2057.0,2057,80,79.504988022818,45080.70743647875
4487,0,735,1,1,1117423,1118000,1352.886481,1353.494086,0.6076049999999213,39.50558562050361,33.7875,45.7125,1,1,1,1,577,24,24,578.0,24.0,577.0,577,24,24.003791350944084,45447.28894594938
4487,0,736,1,1,1118000,1120067,1353.494086,1355.494967,2.000881000000163,39.75427214220118,33.7875,45.7125,1,1,1,1,2067,79,79,2075.0,80.0,2067.0,2067,79,79.5435677981659,45624.40245071674
4487,0,737,1,1,1120067,1122134,1355.494967,1357.496457,2.001489999999876,39.846095637704124,33.7875,45.7125,1,1,1,1,2067,80,80,2069.0,80.0,2067.0,2067,80,79.75156195790623,46815.622361343696
4487,0,738,1,1,1122134,1124232,1357.496457,1359.496989,2.000532000000021,39.55465395168061,33.7875,45.7125,1,1,1,1,2098,80,80,2098.0,80.0,2098.0,2098,80,79.13035097926331,46344.17245012778
4487,0,739,1,2,1124232,1126286,1359.496989,1361.497888,2.0008990000001177,31.645774284259943,33.7875,45.7125,1,0,0,1,2054,80,80,2054.0,80.0,2054.0,2054,80,77.93942411802709,36735.11757955808
4487,0,740,2,2,1126286,1128357,1361.497888,1363.498014,2.0001259999999093,39.01401766726905,33.7875,45.7125,1,1,0,1,2071,80,80,2073.0,80.0,2072.0,2071,80,78.03295110075851,46821.55024233686
4487,0,741,2,2,1128357,1130401,1363.498014,1365.498079,2.0000649999999496,39.06828949362776,33.7875,45.7125,1,1,1,1,2044,80,80,2043.0,80.0,2043.0,2044,80,78.13911842607195,46082.00233492527
4487,0,742,2,2,1130401,1131000,1365.498079,1366.086603,0.5885240000000067,39.28961553980192,33.7875,45.7125,1,1,1,1,599,23,23,599.0,23.0,599.0,599,23,23.12288169594831,45943.75080710335
4487,0,743,2,2,1131000,1133086,1366.086603,1368.087202,2.0005989999999656,39.23015437000682,33.7875,45.7125,1,1,1,1,2086,79,79,2091.0,80.0,2086.0,2086,79,78.48380760248256,44835.07189596793
4487,0,744,2,2,1133086,1135134,1368.087202,1370.089985,2.002783000000136,39.30251165625722,33.7875,45.7125,1,1,1,1,2048,80,80,2048.0,80.0,2048.0,2048,80,78.71440220245859,45656.4690233509
4487,0,745,2,2,1135134,1137136,1370.089985,1372.090219,2.000233999999864,39.35162334397264,33.7875,45.7125,1,1,1,1,2002,80,80,2003.0,80.0,2002.0,2002,80,78.71245496780466,45142.2183604549
4487,0,746,2,2,1137136,1139209,1372.090219,1374.091807,2.0015880000000834,39.48240112105435,33.7875,45.7125,1,1,1,1,2073,80,80,2073.0,80.0,2073.0,2073,80,79.0275002950948,45595.29733391497
4487,0,747,2,2,1139209,1141271,1374.091807,1376.091902,2.000094999999874,39.46744772538005,33.7875,45.7125,1,1,1,1,2062,80,80,2062.0,80.0,2062.0,2062,80,78.93864485828817,45357.8455023415
4487,0,748,2,2,1141271,1143250,1376.091902,1378.092126,2.0002240000001166,39.327543420584234,33.7875,45.7125,1,1,1,1,1979,80,80,1980.0,80.0,1979.0,1979,80,78.66389621089911,45120.44650998825
4487,0,749,2,2,1143250,1144000,1378.092126,1378.803632,0.7115060000000994,39.34237678971656,33.7875,45.7125,1,1,1,1,750,29,29,750.0,29.0,750.0,750,29,27.992337140145537,45458.50632320104
4487,0,750,2,2,1144000,1146084,1378.803632,1380.804328,2.0006959999998344,39.653559108062815,33.7875,45.7125,1,1,1,1,2084,79,79,2087.0,80.0,2084.0,2084,80,79.33471709326113,46051.97391308206
4487,0,751,2,2,1146084,1148171,1380.804328,1382.806548,2.0022200000000794,39.74873513927569,33.7875,45.7125,1,1,1,1,2087,80,80,2088.0,79.0,2087.0,2087,79,79.58571247056534,46442.948327354796
4487,0,752,2,2,1148171,1150206,1382.806548,1384.807277,2.000729000000092,40.154496781211606,33.7875,45.7125,1,1,1,1,2035,80,80,2036.0,80.0,2035.0,2035,80,80.338266190578,46965.38111858012
4487,0,753,2,2,1150206,1152319,1384.807277,1386.809403,2.002125999999862,39.62115819670042,33.7875,45.7125,1,1,1,1,2113,80,80,2114.0,80.0,2113.0,2113,80,79.32655097571842,46017.58330894577
4487,0,754,2,2,1152319,1154381,1386.809403,1388.809439,2.0000360000001365,39.89065772120613,33.7875,45.7125,1,1,1,1,2062,80,80,2062.0,80.0,2062.0,2062,80,79.78275150609261,46712.15918113155
4487,0,755,2,2,1154381,1156439,1388.809439,1390.809454,2.0000149999998484,40.27843228630502,33.7875,45.7125,1,1,1,1,2058,80,80,2059.0,80.0,2058.0,2058,80,80.557468749088,45830.65627008145
4487,0,756,2,2,1156439,1157000,1390.809454,1391.339268,0.5298139999999876,39.70151773502834,33.7875,45.7125,1,1,1,1,561,21,21,562.0,21.0,561.0,561,21,21.03441991726868,46338.90384172667
4487,0,757,2,2,1157000,1159179,1391.339268,1393.339474,2.000206000000162,40.12754232599016,33.7875,45.7125,1,1,1,1,2179,79,79,2188.0,80.0,2180.0,2179,79,80.26335092570662,47549.10244244458
4487,0,758,2,2,1159179,1161264,1393.339474,1395.340031,2.0005569999998443,40.08204462806716,33.7875,45.7125,1,1,1,1,2085,80,80,2083.0,80.0,2084.0,2085,80,80.18641495498741,46097.661801191956
4487,0,759,2,2,1161264,1163310,1395.340031,1397.340447,2.0004160000000866,39.85623866259404,33.7875,45.7125,1,1,1,1,2046,80,80,2052.0,80.0,2046.0,2046,80,79.72905752047518,46395.84966326803
4487,0,760,2,2,1163310,1165386,1397.340447,1399.34121,2.0007630000000063,40.26599744439851,33.7875,45.7125,1,1,1,1,2076,80,80,2077.0,80.0,2076.0,2076,80,80.56271784484852,45739.05055221418
4487,0,761,2,2,1165386,1167556,1399.34121,1401.342265,2.001054999999951,40.12028388509581,33.7875,45.7125,1,1,1,1,2170,80,80,2170.0,80.0,2170.0,2170,80,80.28289466969,46854.78410138766
4487,0,762,2,2,1167556,1169614,1401.342265,1403.344624,2.0023590000000695,39.83346543247048,33.7875,45.7125,1,1,1,1,2058,80,80,2059.0,80.0,2058.0,2058,80,79.76089800989575,46203.50296824735
4487,0,763,2,2,1169614,1170000,1403.344624,1403.698515,0.353890999999976,40.201433941402534,33.7875,45.7125,1,1,1,1,386,14,14,386.0,14.0,386.0,386,14,14.226925658957043,48283.22845170168
4487,0,764,2,2,1170000,1172047,1403.698515,1405.700098,2.0015829999999823,39.922236661540616,33.7875,45.7125,1,1,1,1,2047,80,80,2047.0,80.0,2047.0,2047,80,79.90767022371438,46833.93094365851
4487,0,765,2,2,1172047,1174058,1405.700098,1407.70014,2.000041999999894,39.37054329455413,33.7875,45.7125,1,1,1,1,2011,80,80,2014.0,80.0,2012.0,2011,80,78.7427401519235,45378.547050514346
4487,0,766,2,2,1174058,1176098,1407.70014,1409.700417,2.0002770000000965,39.59316745618351,33.7875,45.7125,1,1,1,1,2040,80,80,2039.0,80.0,2039.0,2040,80,79.19730221975624,46018.62642023858
4487,0,767,2,2,1176098,1178143,1409.700417,1411.700843,2.0004260000000613,39.80936906817803,33.7875,45.7125,1,1,1,1,2045,80,80,2047.0,80.0,2045.0,2045,80,79.63569692758028,45965.709303916854
4487,0,768,2,2,1178143,1180277,1411.700843,1413.701852,2.00100899999984,39.90494118584013,33.7875,45.7125,1,1,1,1,2134,80,80,2134.0,80.0,2134.0,2134,80,79.85014645732736,46557.011987456055
4487,0,769,2,2,1180277,1182420,1413.701852,1415.701996,2.000144000000091,39.58172158712865,33.7875,45.7125,1,1,1,1,2143,80,80,2144.0,80.0,2143.0,2143,80,79.16914294216986,47114.60774823998
4487,0,770,2,2,1182420,1183000,1415.701996,1416.262351,0.5603550000000723,39.54003158120052,33.7875,45.7125,1,1,1,1,580,22,22,580.0,22.0,580.0,580,22,22.156454396688787,45562.18825565348
4487,0,771,2,2,1183000,1185018,1416.262351,1418.262753,2.0004019999998945,39.98564524844148,33.7875,45.7125,1,1,1,1,2018,80,80,2022.0,80.0,2018.0,2018,80,79.98736472627206,45999.75404943849
4487,0,772,2,2,1185018,1187090,1418.262753,1420.265116,2.0023630000000594,39.84774876661704,33.7875,45.7125,1,1,1,1,2072,80,80,2074.0,80.0,2072.0,2072,80,79.78965776356927,46053.0882762003
4487,0,773,2,2,1187090,1189014,1420.265116,1422.265773,2.0006570000000465,39.162357017495445,33.7875,45.7125,1,1,1,1,1924,80,80,1925.0,80.0,1924.0,1924,80,78.35044370355172,44862.762582490606
4487,0,774,2,2,1189014,1191051,1422.265773,1424.266931,2.001158000000032,39.44658470389636,33.7875,45.7125,1,1,1,1,2037,80,79,2037.0,80.0,2037.0,2037,79,78.93884855288343,45808.47689187886
4487,0,775,2,2,1191051,1193047,1424.266931,1426.269858,2.0029269999999997,39.44026722523556,33.7875,45.7125,1,1,1,1,1996,80,80,1997.0,80.0,1996.0,1996,80,78.99597611263744,45833.42278575306
4487,0,776,2,2,1193047,1195075,1426.269858,1428.271035,2.0011769999998705,39.28339232604649,33.7875,45.7125,1,1,1,1,2028,80,80,2028.0,80.0,2028.0,2028,80,78.61302120485925,45741.58107953765
4487,0,777,2,2,1195075,1196000,1428.271035,1429.164255,0.8932199999999284,38.98000174596605,33.7875,45.7125,1,1,1,1,925,36,36,925.0,36.0,925.0,925,36,34.81771715953073,45691.99077495273
4487,0,778,2,2,1196000,1198055,1429.164255,1431.164995,2.000740000000178,39.10178537993946,33.7875,45.7125,1,1,1,1,2055,80,80,2060.0,80.0,2055.0,2055,80,78.232506081069,45177.78421983464
4487,0,779,2,2,1198055,1200184,1431.164995,1433.169072,2.0040769999998247,39.774265455433685,33.7875,45.7125,1,1,1,1,2129,80,80,2131.0,80.0,2129.0,2129,80,79.71069059112051,46522.66355035667
4487,0,780,2,2,1200184,1202334,1433.169072,1435.169358,2.0002860000001874,39.38826796501712,33.7875,45.7125,1,1,1,1,2150,80,80,2151.0,80.0,2150.0,2150,80,78.78780097467825,45735.95975775036
4487,0,781,2,2,1202334,1204338,1435.169358,1437.170084,2.000725999999986,39.24033193508354,33.7875,45.7125,1,1,1,1,2004,80,80,2004.0,80.0,2004.0,2004,80,78.50915235115099,45873.34797468551
4487,0,782,2,2,1204338,1206394,1437.170084,1439.170304,2.0002199999998993,38.7126012877167,33.7875,45.7125,1,1,1,1,2056,79,79,2056.0,79.0,2056.0,2056,79,77.4337193477113,44898.56115827485
4487,0,783,2,2,1206394,1208500,1439.170304,1441.170653,2.0003489999999147,39.45678269863135,33.7875,45.7125,1,1,1,1,2106,80,80,2107.0,80.0,2106.0,2106,80,78.92733581442008,45702.524909405256
4487,0,784,2,2,1208500,1209000,1441.170653,1441.667451,0.4967980000001262,39.67024319877709,33.7875,45.7125,1,1,1,1,500,20,20,500.0,20.0,500.0,500,20,19.70809748067404,46439.39790416656
4487,0,785,2,2,1209000,1211086,1441.667451,1443.667621,2.0001700000000255,38.8628169392926,33.7875,45.7125,1,1,1,1,2086,80,80,2088.0,80.0,2086.0,2086,80,77.73224055746687,45537.62930150879
4487,0,786,2,2,1211086,1213160,1443.667621,1445.667705,2.0000840000000153,39.197382285331855,33.7875,45.7125,1,1,1,1,2074,80,80,2075.0,80.0,2074.0,2074,80,78.39805715077819,44403.635047327676
4487,0,787,2,2,1213160,1215270,1445.667705,1447.667889,2.00018399999999,39.491174479760915,33.7875,45.7125,1,1,1,1,2110,80,80,2110.0,80.0,2110.0,2110,80,78.98961533562397,45775.7886274465
4487,0,788,2,2,1215270,1217323,1447.667889,1449.668335,2.000446000000011,39.464827570710035,33.7875,45.7125,1,1,1,1,2053,80,80,2053.0,80.0,2053.0,2053,80,78.94725645451399,46065.22745427745
4487,0,789,2,2,1217323,1219387,1449.668335,1451.668739,2.0004039999998895,39.86903007351617,33.7875,45.7125,1,1,1,1,2064,80,80,2064.0,80.0,2064.0,2064,80,79.75416723517992,45971.713713832345
4487,0,790,2,2,1219387,1221378,1451.668739,1453.669422,2.000682999999981,39.413249557156355,33.7875,45.7125,1,1,1,1,1991,80,80,1992.0,80.0,1991.0,1991,80,78.85341836376028,45509.45851991588
4487,0,791,2,2,1221378,1222000,1453.669422,1454.234672,0.5652500000001055,39.01032848932929,33.7875,45.7125,1,1,1,1,622,22,22,622.0,22.0,622.0,622,22,22.050588178593898,45636.44405129622
4487,0,792,2,2,1222000,1224032,1454.234672,1456.234699,2.0000270000000455,39.11565666578844,33.7875,45.7125,1,1,1,1,2032,79,79,2039.0,80.0,2032.0,2032,79,78.23236945430835,45484.88595403858
4487,0,793,2,2,1224032,1226044,1456.234699,1458.235752,2.0010529999999562,39.61433824040358,33.7875,45.7125,1,1,1,1,2012,80,80,2014.0,80.0,2012.0,2012,80,79.27039037897339,45947.30874194837
4487,0,794,2,2,1226044,1228163,1458.235752,1460.237422,2.0016699999998764,39.90400802295005,33.7875,45.7125,1,1,1,1,2119,80,80,2124.0,80.0,2119.0,2119,80,79.87465573929512,47446.88185365513
4487,0,795,2,2,1228163,1230212,1460.237422,1462.239272,2.001850000000104,39.8169987098685,33.7875,45.7125,1,1,1,1,2049,80,80,2049.0,80.0,2049.0,2049,80,79.70765886735171,46225.24165146999
4487,0,796,2,2,1230212,1232239,1462.239272,1464.244015,2.004742999999962,39.660593354304176,33.7875,45.7125,1,1,1,1,2027,80,80,2029.0,80.0,2027.0,2027,80,79.50929690288467,45189.333495616
4487,0,797,2,2,1232239,1234290,1464.244015,1466.244091,2.0000760000000355,39.830264076514354,33.7875,45.7125,1,1,1,1,2051,80,80,2052.0,80.0,2051.0,2051,80,79.66355525310064,46088.248646550615
4487,0,798,2,2,1234290,1235000,1466.244091,1466.901011,0.6569199999999,40.10161475432249,33.7875,45.7125,1,1,1,1,710,26,26,710.0,26.0,710.0,710,26,26.343552764403285,46873.28746271188
4487,0,799,2,2,1235000,1236994,1466.901011,1468.901625,2.0006140000000414,39.741322866312274,33.7875,45.7125,1,1,1,1,1994,79,79,1999.0,80.0,1994.0,1994,79,79.507046904866,46061.859009283195
4487,0,800,2,2,1236994,1239061,1468.901625,1470.901755,2.0001300000001265,39.73651471276603,33.7875,45.7125,1,1,1,1,2067,80,80,2067.0,80.0,2067.0,2067,80,79.4781951724508,45672.031317961446
4487,0,801,2,2,1239061,1240912,1470.901755,1472.909064,2.00730899999985,35.436478490276876,33.7875,45.7125,1,1,1,1,1851,80,80,1851.0,81.0,1851.0,1851,81,71.13196220183454,40615.072218580244
4487,0,802,2,2,1240912,1240992,1472.909064,1474.91134,2.0022760000001654,0.9516202740087029,33.7875,45.7125,1,0,0,0,80,80,80,80.0,80.0,80.0,80,80,1.9054064357624156,670.2372699866997
4487,0,803,2,2,1240992,1241073,1474.91134,1476.913617,2.002276999999822,0.946676059623993,33.7875,45.7125,1,0,0,0,81,80,80,81.0,80.0,81.0,81,80,1.8955077006321517,696.7067993090487
4487,0,804,2,2,1241073,1241153,1476.913617,1478.915893,2.0022760000001654,0.9484978504589318,33.7875,45.7125,1,0,0,0,80,80,80,80.0,80.0,80.0,80,80,1.8991544820237323,716.68441313779
4487,0,805,2,2,1241153,1241233,1478.915893,1480.91817,2.002276999999822,0.9492780779492725,33.7875,45.7125,1,0,0,0,80,80,80,80.0,80.0,80.0,80,80,1.9007176620798418,717.1834866005692
4487,0,806,2,2,1241233,1241313,1480.91817,1482.920447,2.002277000000049,0.9471444229224577,33.7875,45.7125,1,0,0,0,80,80,80,80.0,80.0,80.0,80,80,1.8964454936940456,693.710210924845
4487,0,807,2,2,1241313,1241393,1482.920447,1484.922724,2.002277000000049,0.9465199385243905,33.7875,45.7125,1,0,0,0,80,80,80,80.0,80.0,80.0,80,80,1.8951951029521297,680.7249945936384
4487,0,808,2,2,1241393,1241473,1484.922724,1486.925001,2.002277000000049,0.9456352522937955,33.7875,45.7125,1,0,0,0,80,80,80,80.0,80.0,80.0,80,80,1.8934237160574412,656.2528561232875
4487,0,809,2,2,1241473,1241553,1486.925001,1488.927276,2.002274999999827,0.9452717225206267,33.7875,45.7125,1,0,0,0,80,80,80,80.0,80.0,80.0,80,80,1.8926939382072305,676.2307874793008
4487,0,810,2,2,1241553,1241633,1488.927276,1490.929555,2.002279000000044,0.9458947007117692,33.7875,45.7125,1,0,0,0,80,80,80,80.0,80.0,80.0,80,80,1.8939450954494532,702.6992741770597
4487,0,811,2,2,1241633,1241713,1490.929555,1492.931831,2.0022760000001654,0.9456876692641376,33.7875,45.7125,1,0,0,0,80,80,80,80.0,80.0,80.0,80,80,1.8935277236669208,652.7571623491926
4487,0,812,2,2,1241713,1241793,1492.931831,1494.934107,2.002275999999938,0.9454795076942383,33.7875,45.7125,1,0,0,0,80,80,80,80.0,80.0,80.0,80,80,1.8931109267505235,658.2509104639124
4487,0,813,2,2,1241793,1241874,1494.934107,1496.936385,2.002277999999933,0.9444899882249959,33.7875,45.7125,1,0,0,0,81,80,80,81.0,80.0,81.0,81,80,1.8911315246441518,663.7439955890463
4487,0,814,2,2,1241874,1241954,1496.936385,1498.938662,2.002277000000049,0.9471964632889631,33.7875,45.7125,1,0,0,0,80,80,80,80.0,80.0,80.0,80,80,1.896549692923145,672.2346608386188
4487,0,815,2,2,1241954,1242034,1498.938662,1500.940937,2.002275000000054,0.947353339260014,33.7875,45.7125,1,0,0,0,80,80,80,80.0,80.0,80.0,80,80,1.8968619073639275,732.6665917518624
4487,0,816,2,2,1242034,1242139,1500.940937,1502.942786,2.001848999999993,1.2889199029276779,33.7875,45.7125,1,0,0,0,105,80,80,105.0,79.0,105.0,105,79,2.580223018754623,1348.2535396026421
4487,0,817,2,2,1242139,1242291,1502.942786,1504.945491,2.002704999999878,1.8808038472137518,33.7875,45.7125,1,0,0,0,152,80,80,152.0,81.0,152.0,152,81,3.7666952688305173,2601.481496276445
4487,0,818,2,2,1242291,1242471,1504.945491,1506.947767,2.0022760000001654,1.9835812572081113,33.7875,45.7125,1,0,0,0,180,80,80,180.0,80.0,180.0,180,80,3.971677145360445,2741.8797408546807
4487,0,819,2,2,1242471,1242682,1506.947767,1508.948853,2.0010859999999866,2.9251073608783242,33.7875,45.7125,1,0,0,1,211,80,80,211.0,79.0,211.0,211,79,5.853391388351156,3801.9355489969203
4487,0,820,2,2,1242682,1242933,1508.948853,1510.949081,2.000227999999879,3.7626438569750125,33.7875,45.7125,1,0,0,1,251,80,80,251.0,80.0,251.0,251,80,7.526145596748393,4765.456737932163
4487,0,821,2,2,1242933,1243351,1510.949081,1512.951033,2.001952000000074,7.00595731580436,33.7875,45.7125,1,0,0,1,418,80,80,418.0,80.0,418.0,418,80,14.025590260287572,8669.538530394015
4487,0,822,2,2,1243351,1243867,1512.951033,1514.954907,2.003873999999996,9.113488377867773,33.7875,45.7125,1,0,0,1,516,80,80,516.0,80.0,516.0,516,80,18.262282409712498,11181.341741047612
4487,0,823,2,2,1243867,1244500,1514.954907,1516.955012,2.0001049999998486,11.062782395286954,33.7875,45.7125,1,0,0,1,633,80,80,633.0,80.0,633.0,633,80,22.126726382724883,13510.79068349014
4487,0,824,2,2,1244500,1245329,1516.955012,1518.956517,2.0015050000001793,14.523340629490642,33.7875,45.7125,1,0,0,1,829,80,80,829.0,80.0,829.0,829,80,29.068538886633178,17579.771222153755
4487,0,825,2,2,1245329,1246219,1518.956517,1520.95883,2.0023129999999583,15.876254804087974,33.7875,45.7125,1,0,0,1,890,80,80,890.0,80.0,890.0,890,80,31.78923138553364,18521.579792969816
4487,0,826,2,2,1246219,1247218,1520.95883,1522.96127,2.0024399999999787,17.569972737876004,33.7875,45.7125,1,0,0,1,999,80,80,999.0,80.0,999.0,999,80,35.18281620923517,21198.637662052523
4487,0,827,2,2,1247218,1248000,1522.96127,1524.400436,1.4391659999998865,19.65855731548064,33.7875,45.7125,1,0,0,1,782,58,58,782.0,58.0,782.0,782,58,28.291927297490474,22843.091068023143
4487,0,828,2,2,1248000,1249148,1524.400436,1526.4076,2.0071640000001025,20.551692506607736,33.7875,45.7125,1,0,0,1,1148,80,80,1149.0,80.0,1148.0,1148,80,41.25061733833718,24320.882598530814
4487,0,829,2,2,1249148,1250396,1526.4076,1528.409645,2.002044999999953,23.108691918677078,33.7875,45.7125,1,0,0,1,1248,80,80,1250.0,80.0,1248.0,1248,80,46.26464111232781,27630.74756061992
4487,0,830,2,2,1250396,1251737,1528.409645,1530.411898,2.0022530000001098,25.061803476329825,33.7875,45.7125,1,0,0,1,1341,80,80,1341.0,80.0,1341.0,1341,80,50.180071195893106,29475.296078965428
4487,0,831,2,2,1251737,1253153,1530.411898,1532.413751,2.001852999999983,26.2402194186303,33.7875,45.7125,1,0,0,1,1416,80,80,1416.0,80.0,1416.0,1416,80,52.52906196383992,31279.51952516021
4487,0,832,2,2,1253153,1254703,1532.413751,1534.416406,2.0026550000000043,29.133092129721543,33.7875,45.7125,1,0,0,1,1550,80,80,1550.0,80.0,1550.0,1550,80,58.34353261904471,34884.69057326392
4487,0,833,2,2,1254703,1256317,1534.416406,1536.416728,2.000321999999869,30.66077124102756,33.7875,45.7125,1,0,0,1,1614,80,80,1614.0,80.0,1614.0,1614,80,61.33141525038809,36496.62404353138
4487,0,834,2,2,1256317,1258055,1536.416728,1538.418476,2.001748000000134,31.60597097196962,33.7875,45.7125,1,0,0,1,1738,80,80,1740.0,80.0,1738.0,1738,80,63.26718918120605,37600.6370432217
4487,0,835,2,2,1258055,1259917,1538.418476,1540.41864,2.0001640000000407,34.498645613299296,33.7875,45.7125,1,1,0,1,1862,80,80,1863.0,80.0,1862.0,1862,80,69.00294900448353,40546.67517263502
4487,0,836,2,2,1259917,1261000,1540.41864,1541.599237,1.180596999999807,34.745237142316164,33.7875,45.7125,1,1,1,1,1083,47,47,1083.0,47.0,1083.0,1083,47,41.020122734502365,40683.654117372695
4487,0,837,2,2,1261000,1262980,1541.599237,1543.599424,2.0001870000000963,37.094236382707,33.7875,45.7125,1,1,1,1,1980,80,80,1982.0,80.0,1980.0,1980,80,74.19540938761929,43637.41990123713
4487,0,838,2,2,1262980,1264950,1543.599424,1545.599549,2.0001250000000255,38.17393120104062,33.7875,45.7125,1,1,1,1,1970,80,80,1970.0,80.0,1970.0,1970,80,76.35263414348447,44378.226360851884
4487,0,839,2,2,1264950,1266966,1545.599549,1547.5998,2.0002509999999347,39.08853304644478,33.7875,45.7125,1,1,1,1,2016,80,80,2018.0,80.0,2016.0,2016,80,78.18687731468526,45768.75602112084
4487,0,840,2,2,1266966,1268950,1547.5998,1549.601772,2.0019720000000234,38.87636138001396,33.7875,45.7125,1,1,1,1,1984,80,80,1984.0,80.0,1984.0,1984,80,77.82938694467157,44974.15548269354
4487,0,841,2,2,1268950,1271009,1549.601772,1551.601941,2.0001689999999144,39.37675554375602,33.7875,45.7125,1,1,1,1,2059,80,80,2060.0,80.0,2059.0,2059,80,78.76016575919493,45863.62452372971
4487,0,842,2,2,1271009,1273096,1551.601941,1553.6024,2.0004590000000917,39.346750065747145,33.7875,45.7125,1,1,1,1,2087,80,80,2091.0,80.0,2087.0,2087,80,78.71156028977566,45877.9710056521
4487,0,843,2,2,1273096,1274000,1553.6024,1554.509424,0.9070240000000922,39.10894715816817,33.7875,45.7125,1,1,1,1,904,36,36,904.0,36.0,904.0,904,36,35.4727536871942,44600.804388853976
4487,0,844,2,2,1274000,1276003,1554.509424,1556.50949,2.0000659999998334,39.01862076178151,33.7875,45.7125,1,1,1,1,2003,80,80,2007.0,80.0,2003.0,2003,80,78.03981675252726,45216.007871744
4487,0,845,2,2,1276003,1278078,1556.50949,1558.515444,2.0059539999999743,39.310915003305645,33.7875,45.7125,1,1,1,1,2075,80,80,2077.0,80.0,2075.0,2075,80,78.85588719454245,45785.69598305902
4487,0,846,2,2,1278078,1280134,1558.515444,1560.516713,2.001269000000093,39.03412279859796,33.7875,45.7125,1,1,1,1,2056,80,80,2056.0,80.0,2056.0,2056,80,78.11777989903203,44969.96655621799
4487,0,847,2,2,1280134,1282181,1560.516713,1562.516953,2.000240000000076,39.645885473839584,33.7875,45.7125,1,1,1,1,2047,80,80,2048.0,80.0,2047.0,2047,80,79.30128596019495,46516.917969841845
4487,0,848,2,2,1282181,1284276,1562.516953,1564.517329,2.00037599999996,39.63205586642277,33.7875,45.7125,1,1,1,1,2095,80,80,2097.0,80.0,2095.0,2095,80,79.2790133858507,45840.38200818338
4487,0,849,2,2,1284276,1286351,1564.517329,1566.517423,2.00009399999999,39.69502778300147,33.7875,45.7125,1,1,1,1,2075,79,79,2078.0,80.0,2075.0,2075,79,79.39378689861769,46755.8024772838
4487,0,850,2,2,1286351,1287000,1566.517423,1567.166293,0.6488699999999881,40.214551511686146,33.7875,45.7125,1,1,1,1,649,26,26,649.0,26.0,649.0,649,26,26.094016039387498,46013.839443957266
4487,0,851,2,2,1287000,1289111,1567.166293,1569.168517,2.0022240000000693,40.176179040244826,33.7875,45.7125,1,1,1,1,2111,79,79,2118.0,80.0,2111.0,2111,80,80.44170990267594,46443.35498925034
4487,0,852,2,2,1289111,1291237,1569.168517,1571.169665,2.00114799999983,39.74748353630514,33.7875,45.7125,1,1,1,1,2126,80,80,2126.0,79.0,2126.0,2126,79,79.54059718370263,46593.75518452804
4487,0,853,2,2,1291237,1293317,1571.169665,1573.170944,2.0012790000000678,39.93217682925687,33.7875,45.7125,1,1,1,1,2080,80,80,2081.0,80.0,2080.0,2080,80,79.91542691268114,46563.22281900567
4487,0,854,2,2,1293317,1295334,1573.170944,1575.171417,2.0004730000000563,40.20695817156333,33.7875,45.7125,1,1,1,1,2017,80,80,2018.0,80.0,2017.0,2017,80,80.43293423434079,45157.32029374925
4487,0,855,2,2,1295334,1297410,1575.171417,1577.171723,2.0003059999999095,39.898478357341624,33.7875,45.7125,1,1,1,1,2076,80,80,2077.0,80.0,2076.0,2076,80,79.80916564905783,46063.95221531314
4487,0,856,2,2,1297410,1299482,1577.171723,1579.171962,2.000238999999965,40.18340478944283,33.7875,45.7125,1,1,1,1,2072,80,80,2075.0,80.0,2072.0,2072,80,80.37641341263225,47176.86236494821
4487,0,857,2,2,1299482,1300000,1579.171962,1579.660864,0.4889020000000528,40.01329733968236,33.7875,45.7125,1,1,1,1,518,20,20,519.0,20.0,518.0,518,20,19.5625810959682,45606.27692256852
4487,0,858,2,2,1300000,1302021,1579.660864,1581.660923,2.0000589999999647,39.916458626865705,33.7875,45.7125,1,1,1,1,2021,80,80,2022.0,80.0,2021.0,2021,80,79.8352723247881,46091.640296612066
4487,0,859,2,2,1302021,1304104,1581.660923,1583.662558,2.0016350000000784,40.01074264879896,33.7875,45.7125,1,1,1,1,2083,80,80,2083.0,80.0,2083.0,2083,80,80.08690286183264,46378.585506346746
4487,0,860,2,2,1304104,1306166,1583.662558,1585.663229,2.000671000000011,39.92045236755734,33.7875,45.7125,1,1,1,1,2062,80,80,2062.0,80.0,2062.0,2062,80,79.86769135865325,45771.643613567394
4487,0,861,2,2,1306166,1308211,1585.663229,1587.663407,2.0001780000000053,39.65742325279815,33.7875,45.7125,1,1,1,1,2045,79,79,2045.0,79.0,2045.0,2045,79,79.32190552693646,44889.504834069645
4487,0,862,2,2,1308211,1310409,1587.663407,1589.663638,2.000230999999985,39.92585771051194,33.7875,45.7125,1,1,1,1,2198,80,80,2198.0,80.0,2198.0,2198,80,79.86093829415768,47202.54810569414
4487,0,863,2,2,1310409,1312432,1589.663638,1591.664405,2.000766999999996,39.677625691243534,33.7875,45.7125,1,1,1,1,2023,80,80,2023.0,80.0,2023.0,2023,80,79.38568412139284,46303.74251474568
4487,0,864,2,2,1312432,1313000,1591.664405,1592.226622,0.5622169999999187,40.05764980761743,33.7875,45.7125,1,1,1,1,568,23,23,568.0,23.0,568.0,568,23,22.52109170188487,45871.967585476305
4487,0,865,2,2,1313000,1315024,1592.226622,1594.228623,2.002001000000064,39.718398651546636,33.7875,45.7125,1,1,1,1,2024,80,80,2027.0,80.0,2024.0,2024,80,79.51627381880098,45581.89531373715
4487,0,866,2,2,1315024,1317212,1594.228623,1596.230691,2.0020680000000084,39.9050652986694,33.7875,45.7125,1,1,1,1,2188,80,80,2188.0,80.0,2188.0,2188,80,79.89265427237842,47569.81281355059
4487,0,867,2,2,1317212,1319292,1596.230691,1598.233781,2.003089999999929,39.7238554913448,33.7875,45.7125,1,1,1,1,2080,80,80,2080.0,80.0,2080.0,2080,80,79.57045769615797,47267.47175613844
4487,0,868,2,2,1319292,1321321,1598.233781,1600.234793,2.0010120000001734,39.4771518440644,33.7875,45.7125,1,1,1,1,2029,80,80,2029.0,80.0,2029.0,2029,80,78.99425456580502,46486.47784220781
4487,0,869,2,2,1321321,1323425,1600.234793,1602.235757,2.00096399999984,39.273597623916515,33.7875,45.7125,1,1,1,1,2104,80,80,2104.0,80.0,2104.0,2104,80,78.58505499593593,45646.99814689685
4487,0,870,2,2,1323425,1325519,1602.235757,1604.236021,2.0002640000000156,39.59686165314863,33.7875,45.7125,1,1,1,1,2094,80,80,2095.0,80.0,2094.0,2094,80,79.2041768777708,46987.79761071502
4487,0,871,2,2,1325519,1326000,1604.236021,1604.70228,0.4662590000000364,39.678401099639444,33.7875,45.7125,1,1,1,1,481,18,18,481.0,18.0,481.0,481,18,18.50041161831905,45689.19849267969
4487,0,872,2,2,1326000,1328071,1604.70228,1606.702515,2.000234999999975,39.94645936828845,33.7875,45.7125,1,1,1,1,2071,80,80,2074.0,80.0,2071.0,2071,80,79.90230615453038,46737.008401513405
4487,0,873,2,2,1328071,1330199,1606.702515,1608.703551,2.001036000000113,40.04317892142732,33.7875,45.7125,1,1,1,1,2128,80,80,2129.0,80.0,2128.0,2128,80,80.12784257622116,47070.1176790396
4487,0,874,2,2,1330199,1332255,1608.703551,1610.703524,1.9999729999999545,39.80641163616724,33.7875,45.7125,1,1,1,1,2056,80,80,2056.0,80.0,2056.0,2056,80,79.611748499221,46525.628095980355
4487,0,875,2,2,1332255,1334468,1610.703524,1612.704301,2.000776999999971,39.927721845979846,33.7875,45.7125,1,1,1,1,2213,80,80,2216.0,80.0,2213.0,2213,80,79.88646753183275,46827.80739682701
4487,0,876,2,2,1334468,1336577,1612.704301,1614.704473,2.0001720000000205,39.5183955363538,33.7875,45.7125,1,1,1,1,2109,80,80,2111.0,80.0,2109.0,2109,80,79.04358823673829,46310.51729551211
4487,0,877,2,2,1336577,1338624,1614.704473,1616.70582,2.001346999999896,39.65639432209394,33.7875,45.7125,1,1,1,1,2047,80,80,2051.0,80.0,2047.0,2047,80,79.3662058073387,46220.87024389314
4487,0,878,2,2,1338624,1339000,1616.70582,1617.039197,0.333377000000155,39.58221088634181,33.7875,45.7125,1,1,1,1,376,13,13,376.0,13.0,376.0,376,13,13.195798718661536,45824.99692538146
4487,0,879,2,2,1339000,1341060,1617.039197,1619.03978,2.000583000000006,40.09137016131527,33.7875,45.7125,1,1,1,1,2060,80,80,2061.0,80.0,2060.0,2060,80,80.20611359143368,46463.95575689673
4487,0,880,2,2,1341060,1343143,1619.03978,1621.044639,2.0048589999998967,39.81137120379684,33.7875,45.7125,1,1,1,1,2083,80,80,2086.0,80.0,2084.0,2083,80,79.81618586026889,46573.35004606549
4487,0,881,2,2,1343143,1345260,1621.044639,1623.044622,1.9999829999999292,40.214209109358606,33.7875,45.7125,1,1,1,1,2117,80,80,2116.0,80.0,2116.0,2117,80,80.42773457716248,47785.40617595419
4487,0,882,2,2,1345260,1347347,1623.044622,1625.044675,2.0000530000002072,40.10329786836457,33.7875,45.7125,1,1,1,1,2087,80,80,2090.0,80.0,2087.0,2087,80,80.20872121152206,46834.75887888486
4487,0,883,2,2,1347347,1349427,1625.044675,1627.047926,2.003250999999864,40.027671218675785,33.7875,45.7125,1,1,1,1,2080,80,80,2081.0,80.0,2080.0,2080,80,80.18547239647887,46643.680697030155
4487,0,884,2,2,1349427,1351617,1627.047926,1629.048017,2.0000910000001113,40.360837716975944,33.7875,45.7125,1,1,1,1,2190,80,80,2190.0,80.0,2190.0,2190,80,80.72534827018535,47545.33668717809
4487,0,885,2,2,1351617,1352000,1629.048017,1629.406786,0.3587689999999384,40.377139837097594,33.7875,45.7125,1,1,1,1,383,14,14,383.0,14.0,383.0,383,14,14.486066082215984,46860.23597357321
4487,0,886,2,2,1352000,1354158,1629.406786,1631.40783,2.0010440000000926,40.13102200955178,33.7875,45.7125,1,1,1,1,2158,80,80,2160.0,80.0,2158.0,2158,80,80.30394080608676,46741.600884336214
4487,0,887,2,2,1354158,1356271,1631.40783,1633.410188,2.0023579999999583,40.50025147276526,33.7875,45.7125,1,1,1,1,2113,80,80,2113.0,80.0,2113.0,2113,80,81.0960025384993,46776.85009374045
4487,0,888,2,2,1356271,1358428,1633.410188,1635.412089,2.0019009999998616,40.51549106456014,33.7875,45.7125,1,1,1,1,2157,79,79,2171.0,80.0,2157.0,2157,79,81.10800207762804,46880.44014164861
4487,0,889,2,2,1358428,1360504,1635.412089,1637.413369,2.001280000000179,39.785382094436955,33.7875,45.7125,1,1,1,1,2076,80,80,2078.0,80.0,2076.0,2076,80,79.62168947796454,46215.92181003744
4487,0,890,2,2,1360504,1362513,1637.413369,1639.414171,2.000801999999794,39.389147896263644,33.7875,45.7125,1,1,1,1,2009,80,80,2009.0,80.0,2009.0,2009,80,78.80988588913169,45618.70689853838
4487,0,891,2,2,1362513,1364595,1639.414171,1641.414228,2.000057000000197,38.87818262631879,33.7875,45.7125,1,1,1,1,2082,80,80,2083.0,80.0,2082.0,2082,80,77.75858130905544,45614.69998104604
4487,0,892,2,2,1364595,1365000,1641.414228,1641.786324,0.37209599999982856,39.441914037697344,33.7875,45.7125,1,1,1,1,405,15,15,405.0,15.0,405.0,405,15,14.676178445763071,47098.060715535976
4487,0,893,2,2,1365000,1367074,1641.786324,1643.787066,2.000742000000173,38.64614808389239,33.7875,45.7125,1,1,1,1,2074,80,80,2078.0,80.0,2074.0,2074,80,77.32097160966805,45681.05232958178
4487,0,894,2,2,1367074,1369135,1643.787066,1645.78781,2.0007439999999406,39.11993567277115,33.7875,45.7125,1,1,1,1,2061,80,80,2062.0,80.0,2061.0,2061,80,78.26897657768131,45822.454047095845
4487,0,895,2,2,1369135,1371164,1645.78781,1647.788105,2.000295000000051,38.89551030750843,33.7875,45.7125,1,1,1,1,2029,80,80,2029.0,80.0,2029.0,2029,80,77.80249479055783,45117.845117843965
4487,0,896,2,2,1371164,1373229,1647.788105,1649.789161,2.001055999999835,38.93952860161177,33.7875,45.7125,1,1,1,1,2065,80,80,2067.0,80.0,2065.0,2065,80,77.92017734541878,45608.41875490118
4487,0,897,2,2,1373229,1375320,1649.789161,1651.791489,2.002328000000034,39.01097765485269,33.7875,45.7125,1,1,1,1,2091,80,80,2091.0,80.0,2091.0,2091,80,78.11277286568657,45918.55080686003
4487,0,898,2,2,1375320,1377456,1651.791489,1653.791578,2.0000890000001164,39.5177873410806,33.7875,45.7125,1,1,1,1,2136,80,80,2136.0,80.0,2136.0,2136,80,79.0390917652403,45541.973382181844
4487,0,899,2,2,1377456,1378000,1653.791578,1654.319338,0.5277599999999438,39.367815728129884,33.7875,45.7125,1,1,1,1,544,21,21,544.0,21.0,544.0,544,21,20.776758428677567,45484.690010615726
4487,0,900,2,2,1378000,1380078,1654.319338,1656.321276,2.001937999999882,38.964148709268436,33.7875,45.7125,1,1,1,1,2078,80,80,2081.0,80.0,2078.0,2078,80,78.00380993873114,45848.572733024404
4487,0,901,2,2,1380078,1382048,1656.321276,1658.322215,2.0009390000000167,39.053130993520675,33.7875,45.7125,1,1,1,1,1970,80,80,1970.0,80.0,1970.0,1970,80,78.1429328770464,44128.78153706798
4487,0,902,2,2,1382048,1384170,1658.322215,1660.322615,2.000400000000127,38.88780103726847,33.7875,45.7125,1,1,1,1,2122,80,80,2122.0,80.0,2122.0,2122,80,77.79115719495894,45911.817636469794
4487,0,903,2,2,1384170,1386178,1660.322615,1662.323111,2.0004959999998846,38.90573702606837,33.7875,45.7125,1,1,1,1,2008,79,79,2008.0,79.0,2008.0,2008,79,77.83077129769663,44555.950124371724
4487,0,904,2,2,1386178,1388255,1662.323111,1664.324395,2.001284000000169,39.62587629015883,33.7875,45.7125,1,1,1,1,2077,79,79,2081.0,80.0,2077.0,2077,79,79.30263220547931,45131.025881380345
4487,0,905,2,2,1388255,1390271,1664.324395,1666.324723,2.000327999999854,39.02681848225523,33.7875,45.7125,1,1,1,1,2016,80,80,2016.0,80.0,2016.0,2016,80,78.06643776096462,45031.11489716015
4487,0,906,2,2,1390271,1391000,1666.324723,1667.054828,0.7301050000000942,38.818002026402816,33.7875,45.7125,1,1,1,1,729,29,29,730.0,30.0,729.0,729,30,28.34121736948873,44944.220351861404
4487,0,907,2,2,1391000,1393048,1667.054828,1669.055517,2.0006889999999657,39.4596408661845,33.7875,45.7125,1,1,1,1,2048,80,80,2053.0,79.0,2048.0,2048,79,78.94646942492545,45518.81876693557
4487,0,908,2,2,1393048,1395132,1669.055517,1671.055796,2.0002790000000914,39.56499819244088,33.7875,45.7125,1,1,1,1,2084,80,80,2084.0,80.0,2084.0,2084,80,79.14103501938371,45386.668559733844
4487,0,909,2,2,1395132,1397222,1671.055796,1673.056143,2.0003469999999197,39.45400906583587,33.7875,45.7125,1,1,1,1,2090,80,80,2092.0,80.0,2091.0,2090,80,78.92170867281675,45637.08196628068
4487,0,910,2,2,1397222,1399378,1673.056143,1675.057015,2.000872000000072,39.92776204945971,33.7875,45.7125,1,1,1,1,2156,80,80,2155.0,80.0,2155.0,2156,80,79.89034110742796,46528.71348092064
4487,0,911,2,2,1399378,1401626,1675.057015,1677.057363,2.0003479999998035,39.592341940737924,33.7875,45.7125,1,1,1,1,2248,80,80,2249.0,80.0,2248.0,2248,80,79.19846201646578,46484.411712366615
4487,0,912,2,2,1401626,1403693,1677.057363,1679.057556,2.000193000000081,39.79538632263829,33.7875,45.7125,1,1,1,1,2067,80,80,2068.0,80.0,2067.0,2067,80,79.59845315483835,45395.11937097886
4487,0,913,2,2,1403693,1404000,1679.057556,1679.32816,0.2706040000000485,39.89841196514548,33.7875,45.7125,1,1,1,1,307,11,11,307.0,11.0,307.0,307,11,10.79666987141536,44766.52229825808
4487,0,914,2,2,1404000,1406098,1679.32816,1681.328359,2.000199000000066,40.099030150718754,33.7875,45.7125,1,1,1,1,2098,80,80,2102.0,80.0,2098.0,2098,80,80.20604000843741,44883.03413810178
4487,0,915,2,2,1406098,1408161,1681.328359,1683.329114,2.000754999999799,40.344069293016496,33.7875,45.7125,1,1,1,1,2063,80,80,2063.0,80.0,2063.0,2063,80,80.71859835834039,45870.18400554251
4487,0,916,2,2,1408161,1410290,1683.329114,1685.329421,2.0003070000000207,40.20970592689504,33.7875,45.7125,1,1,1,1,2129,80,80,2132.0,80.0,2129.0,2129,80,80.43175623351271,47080.27317806668
4487,0,917,2,2,1410290,1412380,1685.329421,1687.329536,2.0001150000000507,40.52633554194685,33.7875,45.7125,1,1,1,1,2090,80,80,2090.0,80.0,2090.0,2090,80,81.05733161248645,46732.812863259176
4487,0,918,2,2,1412380,1414513,1687.329536,1689.330093,2.0005570000000716,40.470964135174,33.7875,45.7125,1,1,1,1,2133,79,79,2133.0,79.0,2133.0,2133,79,80.96447059737693,46522.54347164148
4487,0,919,2,2,1414513,1416723,1689.330093,1691.331081,2.0009880000000067,40.470672119211905,33.7875,45.7125,1,1,1,1,2210,80,80,2211.0,80.0,2210.0,2210,80,80.9813292624749,47297.13521520353
4487,0,920,2,2,1416723,1417000,1691.331081,1691.607749,0.2766679999999724,40.53234775931062,33.7875,45.7125,1,1,1,1,277,11,11,277.0,12.0,277.0,277,12,11.214003589870117,47067.24304943578
4487,0,921,2,2,1417000,1419155,1691.607749,1693.609583,2.001833999999917,40.691266536117496,33.7875,45.7125,1,1,1,1,2155,80,80,2159.0,79.0,2155.0,2155,79,81.45716085506137,47551.89491236733
4487,0,922,2,2,1419155,1421221,1693.609583,1695.612293,2.002709999999979,38.06720520817392,33.7875,45.7125,1,1,1,1,2066,80,79,2066.0,81.0,2066.0,2066,80,76.23757254246448,43879.04389552202
4487,0,923,2,2,1421221,1421301,1695.612293,1697.61457,2.002277000000049,0.9615075640779991,33.7875,45.7125,1,0,0,0,80,80,80,80.0,80.0,80.0,80,80,1.9252044808818027,678.2278376068679
4487,0,924,2,2,1421301,1421381,1697.61457,1699.616848,2.002277999999933,0.9616112602544334,33.7875,45.7125,1,0,0,0,80,80,80,80.0,80.0,80.0,80,80,1.925413070959621,640.7701627846099
4487,0,925,2,2,1421381,1421461,1699.616848,1701.619124,2.0022760000001654,0.9577089999307571,33.7875,45.7125,1,0,0,0,80,80,80,80.0,80.0,80.0,80,80,1.9175977455452085,665.2429535188405
4487,0,926,2,2,1421461,1421541,1701.619124,1703.621399,2.002275000000054,0.9572930591909973,33.7875,45.7125,1,0,0,0,80,80,80,80.0,80.0,80.0,80,80,1.9167639600927942,673.2341961019158
4487,0,927,2,2,1421541,1421622,1703.621399,1705.623676,2.002276999999822,0.9598422723499076,33.7875,45.7125,1,0,0,0,81,80,80,81.0,80.0,81.0,81,80,1.9218701055506244,654.7545619312996
4487,0,928,2,2,1421622,1421702,1705.623676,1707.625955,2.002279000000044,0.9595292631171753,33.7875,45.7125,1,0,0,0,80,80,80,80.0,80.0,80.0,80,80,1.921245293422544,665.2419567902228
4487,0,929,2,2,1421702,1421782,1707.625955,1709.628232,2.002277000000049,0.9643697842358062,33.7875,45.7125,1,0,0,0,80,80,80,80.0,80.0,80.0,80,80,1.9309354384677135,660.7477386994744
4487,0,930,2,2,1421782,1421862,1709.628232,1711.630508,2.002275999999938,0.9640058874228833,33.7875,45.7125,1,0,0,0,80,80,80,80.0,80.0,80.0,80,80,1.9302058522443986,649.2611408217649
4487,0,931,2,2,1421862,1421942,1711.630508,1713.632784,2.002275999999938,0.9675446341126246,33.7875,45.7125,1,0,0,0,80,80,80,80.0,80.0,80.0,80,80,1.9372913998158765,650.2600041153369
4487,0,932,2,2,1421942,1422024,1713.632784,1715.63506,2.0022760000001654,0.966607907047605,33.7875,45.7125,1,0,0,0,82,80,80,82.0,80.0,82.0,82,80,1.9354158136920887,609.8060407256038
4487,0,933,2,2,1422024,1422105,1715.63506,1717.637338,2.002277999999933,0.9661387698792391,33.7875,45.7125,1,0,0,0,81,80,80,81.0,80.0,81.0,81,80,1.9344784038767102,672.2343251037294
4487,0,934,2,2,1422105,1422185,1717.637338,1719.639616,2.002277999999933,0.9665550926033593,33.7875,45.7125,1,0,0,0,80,80,80,80.0,80.0,80.0,80,80,1.9353119977095048,654.2548037785182
4487,0,935,2,2,1422185,1422265,1719.639616,1721.641892,2.0022760000001654,0.9670242301875746,33.7875,45.7125,1,0,0,0,80,80,80,80.0,80.0,80.0,80,80,1.9362494075248833,655.2543205831222
4487,0,936,2,2,1422265,1422345,1721.641892,1723.644168,2.002275999999938,0.9663477050852123,33.7875,45.7125,1,0,0,0,80,80,80,80.0,80.0,80.0,80,80,1.934894817546592,679.7264712757093
4487,0,937,2,2,1422345,1422425,1723.644168,1725.646445,2.002277000000049,0.9665554796290408,33.7875,45.7125,1,0,0,0,80,80,80,80.0,80.0,80.0,80,80,1.935311806082609,671.7352294412647
4487,0,938,2,2,1422425,1422505,1725.646445,1727.648722,2.002276999999822,0.9678564887917686,33.7875,45.7125,1,0,0,0,80,80,80,80.0,80.0,80.0,80,80,1.9379167868100922,665.742052673091
4487,0,939,2,2,1422505,1422585,1727.648722,1729.650997,2.002275000000054,0.9679613449807958,33.7875,45.7125,1,0,0,0,80,80,80,80.0,80.0,80.0,80,80,1.9381248020217754,638.7733952628712
4487,0,940,2,2,1422585,1422665,1729.650997,1731.653275,2.002277999999933,0.9665030522628443,33.7875,45.7125,1,0,0,0,80,80,80,80.0,80.0,80.0,80,80,1.9352077984804055,665.2422890328139
4487,0,941,2,2,1422665,1422746,1731.653275,1733.655552,2.002277000000049,0.9651503897333901,33.7875,45.7125,1,0,0,0,81,80,80,81.0,80.0,81.0,81,80,1.9324984269042034,661.7466014941826
4487,0,942,2,2,1422746,1422826,1733.655552,1735.657829,2.002277000000049,0.966035075963985,33.7875,45.7125,1,0,0,0,80,80,80,80.0,80.0,80.0,80,80,1.9342698137988918,622.7909525005628
4487,0,943,2,2,1422826,1422906,1735.657829,1737.660106,2.002277000000049,0.9655146722989291,33.7875,45.7125,1,0,0,0,80,80,80,80.0,80.0,80.0,80,80,1.9332278215078986,656.7522875206416
4487,0,944,2,2,1422906,1422986,1737.660106,1739.662383,2.002277000000049,0.9667116007285576,33.7875,45.7125,1,0,0,0,80,80,80,80.0,80.0,80.0,80,80,1.935624403769907,648.761385162976
4487,0,945,2,2,1422986,1423066,1739.662383,1741.664661,2.002277999999933,0.965410205112029,33.7875,45.7125,1,0,0,0,80,80,80,80.0,80.0,80.0,80,80,1.9330196146693197,663.7439955890463
4487,0,946,2,2,1423066,1423146,1741.664661,1743.666938,2.002277000000049,0.9629646943401554,33.7875,45.7125,1,0,0,0,80,80,80,80.0,80.0,80.0,80,80,1.9281220592893078,657.2517189179957
4487,0,947,2,2,1423146,1423226,1743.666938,1745.669216,2.002277999999933,0.9629122687673086,33.7875,45.7125,1,0,0,0,80,80,80,80.0,80.0,80.0,80,80,1.9280180516798282,623.2900726073211
4487,0,948,2,2,1423226,1423306,1745.669216,1747.671494,2.002277999999933,0.9624959460431884,33.7875,45.7125,1,0,0,0,80,80,80,80.0,80.0,80.0,80,80,1.9271844578543096,680.7246546184125
4487,0,949,2,2,1423306,1423386,1747.671494,1749.673769,2.002275000000054,0.966139930333757,33.7875,45.7125,1,0,0,0,80,80,80,80.0,80.0,80.0,80,80,1.934477829010575,654.7552159418484
4487,0,950,2,2,1423386,1423466,1749.673769,1751.676046,2.002277000000049,0.967284044760119,33.7875,45.7125,1,0,0,0,80,80,80,80.0,80.0,80.0,80,80,1.9367705952899996,632.2801490502907
4487,0,951,2,2,1423466,1423546,1751.676046,1753.678323,2.002277000000049,0.9682728117237251,33.7875,45.7125,1,0,0,0,80,80,80,80.0,80.0,80.0,80,80,1.9387503806428867,631.2812862555825
4487,0,952,2,2,1423546,1423627,1753.678323,1755.6806,2.002276999999822,0.9687411750223636,33.7875,45.7125,1,0,0,0,81,80,80,81.0,80.0,81.0,81,80,1.9396881736975047,626.7864036794667
4487,0,953,2,2,1423627,1423708,1755.6806,1757.682876,2.0022760000001654,0.9683772803924755,33.7875,45.7125,1,0,0,0,81,80,80,81.0,80.0,81.0,81,80,1.9389585874741897,658.2509104638377
4487,0,954,2,2,1423708,1423788,1757.682876,1759.685154,2.002277999999933,0.9682203834998396,33.7875,45.7125,1,0,0,0,80,80,80,80.0,80.0,80.0,80,80,1.9386463730334071,648.7610611513703
4487,0,955,2,2,1423788,1423868,1759.685154,1761.687431,2.002277000000049,0.9683248520902306,33.7875,45.7125,1,0,0,0,80,80,80,80.0,80.0,80.0,80,80,1.938854579871986,614.8000501428972
4487,0,956,2,2,1423868,1423948,1761.687431,1763.689707,2.002275999999938,0.9687415631400369,33.7875,45.7125,1,0,0,0,80,80,80,80.0,80.0,80.0,80,80,1.939687982077885,660.2486370510563
4487,0,957,2,2,1423948,1424028,1763.689707,1765.691984,2.002277000000049,0.9681166906242084,33.7875,45.7125,1,0,0,0,80,80,80,80.0,80.0,80.0,80,80,1.9384377829555888,639.2721886132481
4487,0,958,2,2,1424028,1424108,1765.691984,1767.694261,2.002277000000049,0.9671279236606022,33.7875,45.7125,1,0,0,0,80,80,80,80.0,80.0,80.0,80,80,1.9364579976027017,640.7704828053104
4487,0,959,2,2,1424108,1424188,1767.694261,1769.696539,2.002277999999933,0.9688969079265345,33.7875,45.7125,1,0,0,0,80,80,80,80.0,80.0,80.0,80,80,1.9400009630116983,654.7542349264407
4487,0,960,2,2,1424188,1424268,1769.696539,1771.698814,2.002275000000054,0.9678052237253353,33.7875,45.7125,1,0,0,0,80,80,80,80.0,80.0,80.0,80,80,1.9378122043344774,630.7824849233825
4487,0,961,2,2,1424268,1424348,1771.698814,1773.701091,2.002276999999822,0.9686370942893524,33.7875,45.7125,1,0,0,0,80,80,80,80.0,80.0,80.0,80,80,1.939479775239306,655.7534247260079
4487,0,962,2,2,1424348,1424428,1773.701091,1775.703367,2.0022760000001654,0.9688976843174374,33.7875,45.7125,1,0,0,0,80,80,80,80.0,80.0,80.0,80,80,1.940000579765183,607.3088824916742
4487,0,963,2,2,1424428,1424508,1775.703367,1777.705643,2.002275999999938,0.9692619670649989,33.7875,45.7125,1,0,0,0,80,80,80,80.0,80.0,80.0,80,80,1.9407299743688782,581.8378685056585
4487,0,964,2,2,1424508,1424588,1777.705643,1779.707921,2.002277999999933,0.9692611903101397,33.7875,45.7125,1,0,0,0,80,80,80,80.0,80.0,80.0,80,80,1.9407303576081176,648.2616300034479
4487,0,965,2,2,1424588,1424668,1779.707921,1781.710197,2.0022760000001654,0.9690538054949258,33.7875,45.7125,1,0,0,0,80,80,80,80.0,80.0,80.0,80,80,1.9403131774524809,607.8083141384602
4487,0,966,2,2,1424668,1424748,1781.710197,1783.712475,2.002277999999933,0.9688969079265345,33.7875,45.7125,1,0,0,0,80,80,80,80.0,80.0,80.0,80,80,1.9400009630116983,622.7906414593987
4487,0,967,2,2,1424748,1424828,1783.712475,1785.71475,2.002275000000054,0.9685337895841509,33.7875,45.7125,1,0,0,0,80,80,80,80.0,80.0,80.0,80,80,1.939270993541868,666.7415814510813
4487,0,968,2,2,1424828,1424908,1785.71475,1787.717029,2.0022789999998167,0.9680638746992735,33.7875,45.7125,1,0,0,0,80,80,80,80.0,80.0,80.0,80,80,1.938333966965729,598.8176472909668
4487,0,969,2,2,1424908,1424989,1787.717029,1789.719305,2.0022760000001654,0.9677527956825213,33.7875,45.7125,1,0,0,0,81,80,80,81.0,80.0,81.0,81,80,1.9377081967249978,632.779896477756
4487,0,970,2,2,1424989,1425069,1789.719305,1791.72158,2.002274999999827,0.9687419512581865,33.7875,45.7125,1,0,0,0,80,80,80,80.0,80.0,80.0,80,80,1.9396877904582652,651.7586245646141
4487,0,971,2,2,1425069,1425149,1791.72158,1793.723858,2.0022780000001603,0.9681683431592363,33.7875,45.7125,1,0,0,0,80,80,80,80.0,80.0,80.0,80,80,1.9385421738043078,620.792916867638
4487,0,972,2,2,1425149,1425229,1793.723858,1795.726135,2.002277000000049,0.9679605695246916,33.7875,45.7125,1,0,0,0,80,80,80,80.0,80.0,80.0,80,80,1.9381251852682908,622.2915211032087
4487,0,973,2,2,1425229,1425309,1795.726135,1797.728413,2.002277999999933,0.9678040607757195,33.7875,45.7125,1,0,0,0,80,80,80,80.0,80.0,80.0,80,80,1.9378127792006126,616.7974676843282
4487,0,974,2,2,1425309,1425390,1797.728413,1799.730689,2.002275999999938,0.9685854419625485,33.7875,45.7125,1,0,0,0,81,80,80,81.0,80.0,81.0,81,80,1.939375384390587,638.2736445924736
4487,0,975,2,2,1425390,1425470,1799.730689,1801.732965,2.002275999999938,0.9681170784300828,33.7875,45.7125,1,0,0,0,80,80,80,80.0,80.0,80.0,80,80,1.938437591328693,588.3304799138763
4487,0,976,2,2,1425470,1425550,1801.732965,1803.735241,2.0022760000001654,0.9675446341125364,33.7875,45.7125,1,0,0,0,80,80,80,80.0,80.0,80.0,80,80,1.9372913998158765,623.7901268356095
4487,0,977,2,2,1425550,1425630,1803.735241,1805.737517,2.002275999999938,0.967388512935136,33.7875,45.7125,1,0,0,0,80,80,80,80.0,80.0,80.0,80,80,1.9369788021285785,601.8151343770975
4487,0,978,2,2,1425630,1425710,1805.737517,1807.739794,2.002277000000049,0.9668677218280742,33.7875,45.7125,1,0,0,0,80,80,80,80.0,80.0,80.0,80,80,1.935937001457205,603.3131280037529
4487,0,979,2,2,1425710,1425790,1807.739794,1809.742072,2.002277999999933,0.9679601817972645,33.7875,45.7125,1,0,0,0,80,80,80,80.0,80.0,80.0,80,80,1.9381253768879105,634.7769890095394
4487,0,980,2,2,1425790,1425870,1809.742072,1811.744348,2.002275999999938,0.9668681090101741,33.7875,45.7125,1,0,0,0,80,80,80,80.0,80.0,80.0,80,80,1.9359368098375853,604.3122926110274
4487,0,981,2,2,1425870,1425950,1811.744348,1813.746625,2.002277000000049,0.9685850539227585,33.7875,45.7125,1,0,0,0,80,80,80,80.0,80.0,80.0,80,80,1.9393755760102067,600.3165396196283
4487,0,982,2,2,1425950,1426031,1813.746625,1815.748901,2.002275999999938,0.9656711799827615,33.7875,45.7125,1,0,0,0,81,80,80,81.0,80.0,81.0,81,80,1.933540227568301,616.2986521338908
4487,0,983,2,2,1426031,1426111,1815.748901,1817.751177,2.0022760000001654,0.9675446341125364,33.7875,45.7125,1,0,0,0,80,80,80,80.0,80.0,80.0,80,80,1.9372913998158765,575.3452570973756
4487,0,984,2,2,1426111,1426191,1817.751177,1819.753455,2.002277999999933,0.9704060778014697,33.7875,45.7125,1,0,0,0,80,80,80,80.0,80.0,80.0,80,80,1.9430227406483027,593.3242037319692
4487,0,985,2,2,1426191,1426271,1819.753455,1821.755732,2.002277000000049,0.9713431933475545,33.7875,45.7125,1,0,0,0,80,80,80,80.0,80.0,80.0,80,80,1.9448981351451948,597.3199512355037
4487,0,986,2,2,1426271,1426352,1821.755732,1823.75801,2.002277999999933,0.9700938357583798,33.7875,45.7125,1,0,0,0,81,80,80,81.0,80.0,81.0,81,80,1.9423975452737068,607.8077070217226
4487,0,987,2,2,1426352,1426433,1823.75801,1825.760287,2.002277000000049,0.9685850539227585,33.7875,45.7125,1,0,0,0,81,80,80,81.0,80.0,81.0,81,80,1.9393755760102067,600.3165396196283
4487,0,988,2,2,1426433,1426513,1825.760287,1827.762562,2.002274999999827,0.9658797282414108,33.7875,45.7125,1,0,0,0,80,80,80,80.0,80.0,80.0,80,80,1.9339568328650785,600.3171392541503
4487,0,989,2,2,1426513,1426593,1827.762562,1829.764839,2.002277000000049,0.9631208154396722,33.7875,45.7125,1,0,0,0,80,80,80,80.0,80.0,80.0,80,80,1.9284346569766058,633.778443242353
4487,0,990,2,2,1426593,1426674,1829.764839,1831.767115,2.0022760000001654,0.9683252399999794,33.7875,45.7125,1,0,0,0,81,80,80,81.0,80.0,81.0,81,80,1.9388543882450904,581.8378685055925
4487,0,991,2,2,1426674,1426756,1831.767115,1833.769394,2.0022789999998167,0.9667628668361622,33.7875,45.7125,1,0,0,0,82,80,80,82.0,80.0,82.0,82,80,1.9357289862455218,593.3239074075634
4487,0,992,2,2,1426756,1426836,1833.769394,1835.77167,2.0022760000001654,0.9688976843174374,33.7875,45.7125,1,0,0,0,80,80,80,80.0,80.0,80.0,80,80,1.940000579765183,592.8253647348827
4487,0,993,2,2,1426836,1426916,1835.77167,1837.773947,2.002276999999822,0.9678044484252631,33.7875,45.7125,1,0,0,0,80,80,80,80.0,80.0,80.0,80,80,1.9378125875809928,585.3335976990718
4487,0,994,2,2,1426916,1426997,1837.773947,1839.776225,2.0022780000001603,0.9679601817971762,33.7875,45.7125,1,0,0,0,81,80,80,81.0,80.0,81.0,81,80,1.9381253768879105,578.3412692942275
4487,0,995,2,2,1426997,1427077,1839.776225,1841.778501,2.002275999999938,0.9680650380375866,33.7875,45.7125,1,0,0,0,80,80,80,80.0,80.0,80.0,80,80,1.9383333920995938,596.8208179092378
4487,0,996,2,2,1427077,1427157,1841.778501,1843.780777,2.002275999999938,0.9685854419625485,33.7875,45.7125,1,0,0,0,80,80,80,80.0,80.0,80.0,80,80,1.939375384390587,591.327069794592
4487,0,997,2,2,1427157,1427237,1843.780777,1845.783052,2.002275000000054,0.9662960515892175,33.7875,45.7125,1,0,0,0,80,80,80,80.0,80.0,80.0,80,80,1.934790426697873,575.8449763393983
4487,0,998,2,2,1427237,1427317,1845.783052,1847.78533,2.002277999999933,0.964369398301729,33.7875,45.7125,1,0,0,0,80,80,80,80.0,80.0,80.0,80,80,1.9309356300946092,594.3230660278142
4487,0,999,2,2,1427317,1427397,1847.78533,1849.787606,2.0022760000001654,0.9656191395901774,33.7875,45.7125,1,0,0,0,80,80,80,80.0,80.0,80.0,80,80,1.9334360283392016,583.8355950927362
4487,0,1000,2,2,1427397,1427477,1849.787606,1851.789882,2.002275999999938,0.9646303721328376,33.7875,45.7125,1,0,0,0,80,80,80,80.0,80.0,80.0,80,80,1.9314562429935904,546.8776532306405
4487,0,1001,2,2,1427477,1427557,1851.789882,1853.79216,2.002277999999933,0.965410205112029,33.7875,45.7125,1,0,0,0,80,80,80,80.0,80.0,80.0,80,80,1.9330196146693197,582.3367184776735
4487,0,1002,2,2,1427557,1427637,1853.79216,1855.794436,2.002275999999938,0.9640058874228833,33.7875,45.7125,1,0,0,0,80,80,80,80.0,80.0,80.0,80,80,1.9302058522443986,571.8492355699391
4487,0,1003,2,2,1427637,1427717,1855.794436,1857.796716,2.0022800000001553,0.9626512969129358,33.7875,45.7125,1,0,0,0,80,80,80,80.0,80.0,80.0,80,80,1.927497438780847,607.3076692569998
4487,0,1004,2,2,1427717,1427797,1857.796716,1859.798992,2.002275999999938,0.9629650795729596,33.7875,45.7125,1,0,0,0,80,80,80,80.0,80.0,80.0,80,80,1.928121867669688,590.3282065010202
4487,0,1005,2,2,1427797,1427877,1859.798992,1861.801267,2.002275000000054,0.9628613839690873,33.7875,45.7125,1,0,0,0,80,80,80,80.0,80.0,80.0,80,80,1.9279132775845937,571.849521169654
4487,0,1006,2,2,1427877,1427957,1861.801267,1863.803547,2.002279999999928,0.9623390551818198,33.7875,45.7125,1,0,0,0,80,80,80,80.0,80.0,80.0,80,80,1.926872243406251,557.86403500012
4487,0,1007,2,2,1427957,1428037,1863.803547,1865.80582,2.0022730000000593,0.962185628216483,33.7875,45.7125,1,0,0,0,80,80,80,80.0,80.0,80.0,80,80,1.926558304367063,592.3268205684064
4487,0,1008,2,2,1428037,1428117,1865.80582,1867.808097,2.002277000000049,0.9622361292090771,33.7875,45.7125,1,0,0,0,80,80,80,80.0,80.0,80.0,80,80,1.9266632700819173,545.8785173080314
4487,0,1009,2,2,1428117,1428197,1867.808097,1869.810374,2.002276999999822,0.9622881695756703,33.7875,45.7125,1,0,0,0,80,80,80,80.0,80.0,80.0,80,80,1.9267674693110166,536.3893207583644
4487,0,1010,2,2,1428197,1428277,1869.810374,1871.812652,2.0022780000001603,0.961715340935376,33.7875,45.7125,1,0,0,0,80,80,80,80.0,80.0,80.0,80,80,1.9256214694178198,559.8623168210959
4487,0,1011,2,2,1428277,1428357,1871.812652,1873.814927,2.002274999999827,0.9623930202027932,33.7875,45.7125,1,0,0,0,80,80,80,80.0,80.0,80.0,80,80,1.9269754845299758,553.8699729058675
4487,0,1012,2,2,1428357,1428437,1873.814927,1875.817205,2.0022780000001603,0.9662428505601812,33.7875,45.7125,1,0,0,0,80,80,80,80.0,80.0,80.0,80,80,1.9346868023349089,536.888484016662
4487,0,1013,2,2,1428437,1428519,1875.817205,1877.819484,2.002279000000044,0.9659302218036828,33.7875,45.7125,1,0,0,0,82,80,80,82.0,80.0,82.0,82,80,1.9340617985799327,578.3409804527613
4487,0,1014,2,2,1428519,1428599,1877.819484,1879.821758,2.002273999999943,0.966244398041716,33.7875,45.7125,1,0,0,0,80,80,80,80.0,80.0,80.0,80,80,1.934686035841878,556.8668424002068
4487,0,1015,2,2,1428599,1428680,1879.821758,1881.824034,2.002275999999938,0.967908916860098,33.7875,45.7125,1,0,0,0,81,80,80,81.0,80.0,81.0,81,80,1.9380207944122958,557.3657178131459
4487,0,1016,2,2,1428680,1428761,1881.824034,1883.826312,2.002277999999933,0.9705101584824999,33.7875,45.7125,1,0,0,0,81,80,80,81.0,80.0,81.0,81,80,1.9432311391065014,564.8566283003848
4487,0,1017,2,2,1428761,1428841,1883.826312,1885.828589,2.002277000000049,0.9651503897333901,33.7875,45.7125,1,0,0,0,80,80,80,80.0,80.0,80.0,80,80,1.9324984269042034,554.3688510630511
4487,0,1018,2,2,1428841,1428921,1885.828589,1887.830866,2.002277000000049,0.975558463034507,33.7875,45.7125,1,0,0,0,80,80,80,80.0,80.0,80.0,80,80,1.953338272687688,568.3529301889658
4487,0,1019,2,2,1428921,1429001,1887.830866,1889.833143,2.002277000000049,0.9692095383208256,33.7875,45.7125,1,0,0,0,80,80,80,80.0,80.0,80.0,80,80,1.9406259667593986,562.8591848180708
4487,0,1020,2,2,1429001,1429081,1889.833143,1891.835417,2.002273999999943,0.9717086447118517,33.7875,45.7125,1,0,0,0,80,80,80,80.0,80.0,80.0,80,80,1.945626954882755,539.3867173024424
4487,0,1021,2,2,1429081,1429161,1891.835417,1893.837695,2.002277999999933,0.9719152476764049,33.7875,45.7125,1,0,0,0,80,80,80,80.0,80.0,80.0,80,80,1.946044518284907,519.9078249873568
4487,0,1022,2,2,1429161,1429242,1893.837695,1895.839972,2.002277000000049,0.9705625878499707,33.7875,45.7125,1,0,0,0,81,80,80,81.0,80.0,81.0,81,80,1.943335146715981,541.8830661291986
4487,0,1023,2,2,1429242,1429322,1895.839972,1897.842248,2.002275999999938,0.9700425729524419,33.7875,45.7125,1,0,0,0,80,80,80,80.0,80.0,80.0,80,80,1.942292962798092,573.347530510297
4487,0,1024,2,2,1429322,1429402,1897.842248,1899.844526,2.0022780000001603,0.9698336340557164,33.7875,45.7125,1,0,0,0,80,80,80,80.0,80.0,80.0,80,80,1.9418765491282102,541.8827954958867
4487,0,1025,2,2,1429402,1429484,1899.844526,1901.846802,2.002275999999938,0.9707711384473885,33.7875,45.7125,1,0,0,0,82,80,80,82.0,80.0,82.0,82,80,1.9437517520054826,533.8924304142051
4487,0,1026,2,2,1429484,1429564,1901.846802,1903.849081,2.002279000000044,0.9693648825622966,33.7875,45.7125,1,0,0,0,80,80,80,80.0,80.0,80.0,80,80,1.940938947693212,546.8768338478184
4487,0,1027,2,2,1429564,1429644,1903.849081,1905.851356,2.002274999999827,0.9720204976228567,33.7875,45.7125,1,0,0,0,80,80,80,80.0,80.0,80.0,80,80,1.9462523418769706,510.91882983111134
4487,0,1028,2,2,1429644,1429724,1905.851356,1907.853634,2.0022780000001603,0.9713428039306513,33.7875,45.7125,1,0,0,0,80,80,80,80.0,80.0,80.0,80,80,1.9448983267720905,550.8725561584913
4487,0,1029,2,2,1429724,1429805,1907.853634,1909.855909,2.002275000000054,0.9718643763673075,33.7875,45.7125,1,0,0,0,81,80,80,81.0,80.0,81.0,81,80,1.9459397441896726,562.3603151415113
4487,0,1030,2,2,1429805,1429885,1909.855909,1911.858186,2.002276999999822,0.973008485075822,33.7875,45.7125,1,0,0,0,80,80,80,80.0,80.0,80.0,80,80,1.9482325104690972,538.387046347781
4487,0,1031,2,2,1429885,1429965,1911.858186,1913.860463,2.002277000000049,0.9743615346048785,33.7875,45.7125,1,0,0,0,80,80,80,80.0,80.0,80.0,80,80,1.9509416904256796,558.863733639238
4487,0,1032,2,2,1429965,1430000,1913.860463,1914.736472,0.8760090000000673,0.9740601513246439,33.7875,45.7125,1,0,0,0,35,35,35,35.0,35.0,35.0,35,35,0.8532854591030627,517.1179748152875
4487,0,1033,2,2,1430000,1430080,1914.736472,1916.738737,2.002264999999852,0.9725968426617597,33.7875,45.7125,1,0,0,0,80,80,80,80.0,80.0,80.0,80,80,1.947396617171762,531.3981915481111
4487,0,1034,2,2,1430080,1430160,1916.738737,1918.741013,2.0022760000001654,0.9709793000172848,33.7875,45.7125,1,0,0,0,80,80,80,80.0,80.0,80.0,80,80,1.9441685489218798,522.9049341848544
4487,0,1035,2,2,1430160,1430240,1918.741013,1920.74329,2.002276999999822,0.9668156814616568,33.7875,45.7125,1,0,0,0,80,80,80,80.0,80.0,80.0,80,80,1.9358328022281057,526.9001242086355
4487,0,1036,2,2,1430240,1430320,1920.74329,1922.745566,2.0022760000001654,0.9658793415526586,33.7875,45.7125,1,0,0,0,80,80,80,80.0,80.0,80.0,80,80,1.9339570244846982,529.8969772398573
4487,0,1037,2,2,1430320,1430401,1922.745566,1924.747843,2.002277000000049,0.9690534172213088,33.7875,45.7125,1,0,0,0,81,80,80,81.0,80.0,81.0,81,80,1.9403133690721006,540.8842033344904
4487,0,1038,2,2,1430401,1430482,1924.747843,1926.75012,2.002276999999822,0.9704585071170482,33.7875,45.7125,1,0,0,0,81,80,80,81.0,80.0,81.0,81,80,1.9431267482577823,524.9023986192188
4487,0,1039,2,2,1430482,1430562,1926.75012,1928.752399,2.002279000000044,0.9717587370304214,33.7875,45.7125,1,0,0,0,80,80,80,80.0,80.0,80.0,80,80,1.9457321122245048,533.8916304870482
4487,0,1040,2,2,1430562,1430642,1928.752399,1930.754674,2.002275000000054,0.9709276488345446,33.7875,45.7125,1,0,0,0,80,80,80,80.0,80.0,80.0,80,80,1.9440641580731608,522.9051953402862
4487,0,1041,2,2,1430642,1430722,1930.754674,1932.75695,2.002275999999938,0.9714476635498392,33.7875,45.7125,1,0,0,0,80,80,80,80.0,80.0,80.0,80,80,1.9451063419837737,493.43846702454135
4487,0,1042,2,2,1430722,1430802,1932.75695,1934.759226,2.002275999999938,0.9733731580721982,33.7875,45.7125,1,0,0,0,80,80,80,80.0,80.0,80.0,80,80,1.9489617134531727,501.92880501990294
4487,0,1043,2,2,1430802,1430882,1934.759226,1936.761504,2.0022780000001603,0.9743611436805214,33.7875,45.7125,1,0,0,0,80,80,80,80.0,80.0,80.0,80,80,1.9509418820452993,503.92602825377855
4487,0,1044,2,2,1430882,1430962,1936.761504,1938.763781,2.002277000000049,0.9707187089494875,33.7875,45.7125,1,0,0,0,80,80,80,80.0,80.0,80.0,80,80,1.943647744396003,528.897849797992
4487,0,1045,2,2,1430962,1431042,1938.763781,1940.766058,2.002276999999822,0.9678564887917686,33.7875,45.7125,1,0,0,0,80,80,80,80.0,80.0,80.0,80,80,1.9379167868100922,502.42798573828173
4487,0,1046,2,2,1431042,1431123,1940.766058,1942.768334,2.0022760000001654,0.9731129561096288,33.7875,45.7125,1,0,0,0,81,80,80,81.0,80.0,81.0,81,80,1.948440717307676,504.9253949005614
4487,0,1047,2,2,1431123,1431203,1942.768334,1944.77061,2.002275999999938,0.9739976427821527,33.7875,45.7125,1,0,0,0,80,80,80,80.0,80.0,80.0,80,80,1.9502121042023646,497.4339201988291
4487,0,1048,2,2,1431203,1431283,1944.77061,1946.772887,2.002277000000049,0.9691574979543199,33.7875,45.7125,1,0,0,0,80,80,80,80.0,80.0,80.0,80,80,1.9405217675302993,511.9171822879526
4487,0,1049,2,2,1431283,1431363,1946.772887,1948.775166,2.0022789999998167,0.970041406651203,33.7875,45.7125,1,0,0,0,80,80,80,80.0,80.0,80.0,80,80,1.9422935376715031,498.4320366942326
4487,0,1050,2,2,1431363,1431444,1948.775166,1950.777442,2.0022760000001654,0.9644742509552615,33.7875,45.7125,1,0,0,0,81,80,80,81.0,80.0,81.0,81,80,1.9311436453062925,514.9140278362797
4487,0,1051,2,2,1431444,1431524,1950.777442,1952.779717,2.002274999999827,0.9642144348498324,33.7875,45.7125,1,0,0,0,80,80,80,80.0,80.0,80.0,80,80,1.9306224575411761,516.9120125857285
4487,0,1052,2,2,1431524,1431605,1952.779717,1954.781995,2.0022780000001603,0.9637969545559762,33.7875,45.7125,1,0,0,0,81,80,80,81.0,80.0,81.0,81,80,1.9297894385745167,524.4027053186
4487,0,1053,2,2,1431605,1431685,1954.781995,1956.784272,2.002277000000049,0.9640575420367729,33.7875,45.7125,1,0,0,0,80,80,80,80.0,80.0,80.0,80,80,1.9303102431003936,525.4018300165133
4487,0,1054,2,2,1431685,1431765,1956.784272,1958.786547,2.002274999999827,0.9651511623825952,33.7875,45.7125,1,0,0,0,80,80,80,80.0,80.0,80.0,80,80,1.932498043657688,500.9301919067494
4487,0,1055,2,2,1431765,1431845,1958.786547,1960.788825,2.0022780000001603,0.9667632539653311,33.7875,45.7125,1,0,0,0,80,80,80,80.0,80.0,80.0,80,80,1.935728794625902,480.95219544934463
4487,0,1056,2,2,1431845,1431925,1960.788825,1962.791101,2.002275999999938,0.9680650380375866,33.7875,45.7125,1,0,0,0,80,80,80,80.0,80.0,80.0,80,80,1.9383333920995938,511.4180063088364
4487,0,1057,2,2,1431925,1432005,1962.791101,1964.793379,2.002277999999933,0.9702499567799248,33.7875,45.7125,1,0,0,0,80,80,80,80.0,80.0,80.0,80,80,1.9427101429610047,505.4243216976034
4487,0,1058,2,2,1432005,1432085,1964.793379,1966.795655,2.002275999999938,0.9699905325599456,33.7875,45.7125,1,0,0,0,80,80,80,80.0,80.0,80.0,80,80,1.9421887635689927,481.951539148464
4487,0,1059,2,2,1432085,1432165,1966.795655,1968.797935,2.0022800000001553,0.969728776153549,33.7875,45.7125,1,0,0,0,80,80,80,80.0,80.0,80.0,80,80,1.941668533916527,485.9460215354119
4487,0,1060,2,2,1432165,1432245,1968.797935,1970.800207,2.002271999999948,0.9669216982387234,33.7875,45.7125,1,0,0,0,80,80,80,80.0,80.0,80.0,80,80,1.9360402425736538,508.921864761644
4487,0,1061,2,2,1432245,1432325,1970.800207,1972.802485,2.002277999999933,0.9598939290174382,33.7875,45.7125,1,0,0,0,80,80,80,80.0,80.0,80.0,80,80,1.9219744964066194,488.9430938161598
4487,0,1062,2,2,1432325,1432405,1972.802485,1974.804762,2.002277000000049,0.962132048476066,33.7875,45.7125,1,0,0,0,80,80,80,80.0,80.0,80.0,80,80,1.9264548716237186,530.3961439900543
4487,0,1063,2,2,1432405,1432488,1974.804762,1976.807039,2.002277000000049,0.9602585952818649,33.7875,45.7125,1,0,0,0,83,80,80,83.0,80.0,83.0,83,80,1.922703699383419,470.9638077049164
4487,0,1064,2,2,1432488,1432569,1976.807039,1978.809316,2.002277000000049,0.9603626760148761,33.7875,45.7125,1,0,0,0,81,80,80,81.0,80.0,81.0,81,80,1.9229120978416177,469.4655135128541
4487,0,1065,2,2,1432569,1432649,1978.809316,1980.811591,2.002274999999827,0.961612413925491,33.7875,45.7125,1,0,0,0,80,80,80,80.0,80.0,80.0,80,80,1.925412496093486,473.9608695109723
4487,0,1066,2,2,1432649,1432729,1980.811591,1982.813869,2.0022780000001603,0.958332718801901,33.7875,45.7125,1,0,0,0,80,80,80,80.0,80.0,80.0,80,80,1.9188485195409157,479.95333315349967
4487,0,1067,2,2,1432729,1432810,1982.813869,1984.816146,2.002276999999822,0.9589055457528068,33.7875,45.7125,1,0,0,0,81,80,80,81.0,80.0,81.0,81,80,1.9199945194341126,474.9592588838031
4487,0,1068,2,2,1432810,1432891,1984.816146,1986.818425,2.002279000000044,0.9603619081495666,33.7875,45.7125,1,0,0,0,81,80,80,81.0,80.0,81.0,81,80,1.922912481088133,476.457077160565
4487,0,1069,2,2,1432891,1432972,1986.818425,1988.820699,2.0022740000001704,0.9608321918159702,33.7875,45.7125,1,0,0,0,81,80,80,81.0,80.0,81.0,81,80,1.9238493160373764,469.4662169113318
4487,0,1070,2,2,1432972,1433052,1988.820699,1990.822976,2.002276999999822,0.9594259494178626,33.7875,45.7125,1,0,0,0,80,80,80,80.0,80.0,80.0,80,80,1.9210365117251058,514.9137706721357
4487,0,1071,2,2,1433052,1433132,1990.822976,1992.825252,2.0022760000001654,0.9610916254430093,33.7875,45.7125,1,0,0,0,80,80,80,80.0,80.0,80.0,80,80,1.9243706954221125,459.9765466898289
4487,0,1072,2,2,1433132,1433213,1992.825252,1994.82753,2.002277999999933,0.9602061710605284,33.7875,45.7125,1,0,0,0,81,80,80,81.0,80.0,81.0,81,80,1.9225996917812154,487.4448003723922
4487,0,1073,2,2,1433213,1433294,1994.82753,1996.829806,2.002275999999938,0.9602589791631574,33.7875,45.7125,1,0,0,0,81,80,80,81.0,80.0,81.0,81,80,1.9227035077637993,489.94244549703956
4487,0,1074,2,2,1433294,1433374,1996.829806,1998.832084,2.002277999999933,0.9610908568492833,33.7875,45.7125,1,0,0,0,80,80,80,80.0,80.0,80.0,80,80,1.9243710786686279,493.43797414746257
4487,0,1075,2,2,1433374,1433454,1998.832084,2000.83436,2.0022760000001654,0.9629130391803757,33.7875,45.7125,1,0,0,0,80,80,80,80.0,80.0,80.0,80,80,1.9280176684405887,483.9492657355529
4487,0,1076,2,2,1433454,1433534,2000.83436,2002.836636,2.002275999999938,0.9595824540607071,33.7875,45.7125,1,0,0,0,80,80,80,80.0,80.0,80.0,80,80,1.921348917785508,443.4953023459441
4487,0,1077,2,2,1433534,1433614,2002.836636,2004.838913,2.002277000000049,0.9616636851775157,33.7875,45.7125,1,0,0,0,80,80,80,80.0,80.0,80.0,80,80,1.9255170785691007,455.98086578429337
4487,0,1078,2,2,1433614,1433694,2004.838913,2006.84119,2.002277000000049,0.9625483714081107,33.7875,45.7125,1,0,0,0,80,80,80,80.0,80.0,80.0,80,80,1.9272884654565132,469.9649449102082
4487,0,1079,2,2,1433694,1433775,2006.84119,2008.843467,2.002276999999822,0.9622361292091647,33.7875,45.7125,1,0,0,0,81,80,80,81.0,80.0,81.0,81,80,1.9266632700819173,474.45982748644894
4487,0,1080,2,2,1433775,1433855,2008.843467,2010.845743,2.0022760000001654,0.9649426144877272,33.7875,45.7125,1,0,0,0,80,80,80,80.0,80.0,80.0,80,80,1.9320814383681864,457.9788201026853
4487,0,1081,2,2,1433855,1433935,2010.845743,2012.848022,2.0022789999998167,0.9623394401015833,33.7875,45.7125,1,0,0,0,80,80,80,80.0,80.0,80.0,80,80,1.9268720517866313,452.4843940330408
4487,0,1082,2,2,1433935,1434015,2012.848022,2014.850297,2.002275000000054,0.9557318466363924,33.7875,45.7125,1,0,0,0,80,80,80,80.0,80.0,80.0,80,80,1.9136379832270904,452.48529797354286
4487,0,1083,2,2,1434015,1434095,2014.850297,2016.852573,2.002275999999938,0.9512559912613159,33.7875,45.7125,1,0,0,0,80,80,80,80.0,80.0,80.0,80,80,1.9046770411587204,465.4702948045269
4487,0,1084,2,2,1434095,1434175,2016.852573,2018.85485,2.002277000000049,0.9466760596239071,33.7875,45.7125,1,0,0,0,80,80,80,80.0,80.0,80.0,80,80,1.8955077006321517,476.45755307581146
4487,0,1085,2,2,1434175,1434256,2018.85485,2020.857128,2.0022780000001603,0.9505787080651655,33.7875,45.7125,1,0,0,0,81,80,80,81.0,80.0,81.0,81,80,1.9033228344269446,449.9874642781511
4487,0,1086,2,2,1434256,1434336,2020.857128,2022.859404,2.002275999999938,0.9495906987014376,33.7875,45.7125,1,0,0,0,80,80,80,80.0,80.0,80.0,80,80,1.901342665834818,436.00382764415446
4487,0,1087,2,2,1434336,1434417,2022.859404,2024.86168,2.002275999999938,0.9533376069611637,33.7875,45.7125,1,0,0,0,81,80,80,81.0,80.0,81.0,81,80,1.9088450103154173,455.9810935155934
4487,0,1088,2,2,1434417,1434497,2024.86168,2026.863958,2.002277999999933,0.9512552324919469,33.7875,45.7125,1,0,0,0,80,80,80,80.0,80.0,80.0,80,80,1.9046774244052358,438.00111672806145
4487,0,1089,2,2,1434497,1434577,2026.863958,2028.866233,2.002275000000054,0.9500594410213288,33.7875,45.7125,1,0,0,0,80,80,80,80.0,80.0,80.0,80,80,1.9022802672698162,471.4637100298283
4487,0,1090,2,2,1434577,1434657,2028.866233,2030.868511,2.002277999999933,0.9541694915607873,33.7875,45.7125,1,0,0,0,80,80,80,80.0,80.0,80.0,80,80,1.910512581220246,436.0033921363713
4487,0,1091,2,2,1434657,1434737,2030.868511,2032.870788,2.002277000000049,0.9493821586821977,33.7875,45.7125,1,0,0,0,80,80,80,80.0,80.0,80.0,80,80,1.9009260605380405,435.5041784927753
4487,0,1092,2,2,1434737,1434817,2032.870788,2034.873065,2.002277000000049,0.9492260375826809,33.7875,45.7125,1,0,0,0,80,80,80,80.0,80.0,80.0,80,80,1.9006134628507425,439.000198274254
4487,0,1093,2,2,1434817,1434897,2034.873065,2036.875343,2.002277999999933,0.9475603683153813,33.7875,45.7125,1,0,0,0,80,80,80,80.0,80.0,80.0,80,80,1.8972792791464599,460.97494953249793
4487,0,1094,2,2,1434897,1434977,2036.875343,2038.87762,2.002277000000049,0.9482893109855804,33.7875,45.7125,1,0,0,0,80,80,80,80.0,80.0,80.0,80,80,1.8987378767342307,467.4677879234377
4487,0,1095,2,2,1434977,1435057,2038.87762,2040.879897,2.002277000000049,0.9515678540754324,33.7875,45.7125,1,0,0,0,80,80,80,80.0,80.0,80.0,80,80,1.905302428152936,440.9979238636704
4487,0,1096,2,2,1435057,1435139,2040.879897,2042.882176,2.002279000000044,0.9555221588987927,33.7875,45.7125,1,0,0,0,82,80,80,82.0,80.0,82.0,82,80,1.913221952796448,443.99406875863974
4487,0,1097,2,2,1435139,1435219,2042.882176,2044.884457,2.002281000000039,0.9561979192823172,33.7875,45.7125,1,0,0,0,80,80,80,80.0,80.0,80.0,80,80,1.9145769260212546,447.9890684674042
4487,0,1098,2,2,1435219,1435300,2044.884457,2046.886734,2.002276999999822,0.955574962296449,33.7875,45.7125,1,0,0,0,81,80,80,81.0,80.0,81.0,81,80,1.913325768779032,430.50986451928316
4487,0,1099,2,2,1435300,1435381,2046.886734,2048.889011,2.0022770000002765,0.9623922503085065,33.7875,45.7125,1,0,0,0,81,80,80,81.0,80.0,81.0,81,80,1.9269758677692153,430.01043312183134
4487,0,1100,2,2,1435381,1435461,2048.889011,2050.891291,2.0022799999997005,0.9698328567307937,33.7875,45.7125,1,0,0,0,80,80,80,80.0,80.0,80.0,80,80,1.9418769323747256,485.4465908864621
4487,0,1101,2,2,1435461,1435542,2050.891291,2052.893569,2.002277999999933,0.9712907635902249,33.7875,45.7125,1,0,0,0,81,80,80,81.0,80.0,81.0,81,80,1.9447941275429912,443.4948593552093
4487,0,1102,2,2,1435542,1435622,2052.893569,2054.895846,2.002277000000049,0.9730605254422389,33.7875,45.7125,1,0,0,0,80,80,80,80.0,80.0,80.0,80,80,1.9483367096981965,442.9956494530868
4487,0,1103,2,2,1435622,1435702,2054.895846,2056.898123,2.002277000000049,0.9739452116728339,33.7875,45.7125,1,0,0,0,80,80,80,80.0,80.0,80.0,80,80,1.950108096592885,434.5053156980671
4487,0,1104,2,2,1435702,1435782,2056.898123,2058.900401,2.002277999999933,0.9724876914220703,33.7875,45.7125,1,0,0,0,80,80,80,80.0,80.0,80.0,80,80,1.9471907098049996,418.52330195908263
4487,0,1105,2,2,1435782,1435862,2058.900401,2060.90268,2.0022790000002715,0.9751413574744217,33.7875,45.7125,1,0,0,0,80,80,80,80.0,80.0,80.0,80,80,1.9525050621014088,433.00658899178507
4487,0,1106,2,2,1435862,1435942,2060.90268,2062.904957,2.002277000000049,0.9756625437675183,33.7875,45.7125,1,0,0,0,80,80,80,80.0,80.0,80.0,80,80,1.9535466711458866,456.9797285790016
4487,0,1107,2,2,1435942,1435976,2062.904957,2063.758279,0.8533219999999346,0.9756912902517592,33.7875,45.7125,1,0,0,0,34,34,34,34.0,34.0,34.0,34,34,0.8325788431830006,446.49030494939683
